{"Widget": [{"parent_Field": "Fi_1", "parent_Choice_Field": null, "parent_ChoiceGroup": null, "w": 252.22222222222226, "h": 33.33055555555562, "y": 668.3388888888888, "x": 1127.7777777777778, "structure_id": "Wi_1"}, {"parent_Field": "Fi_2", "parent_Choice_Field": null, "parent_ChoiceGroup": null, "w": 252.22222222222226, "h": 33.33055555555562, "y": 801.6694444444444, "x": 847.7777777777777, "structure_id": "Wi_2"}, {"parent_Field": "Fi_3", "parent_Choice_Field": null, "parent_ChoiceGroup": null, "w": 252.22222222222226, "h": 33.33055555555562, "y": 535.0083333333332, "x": 1127.7777777777778, "structure_id": "Wi_3"}, {"parent_Field": "Fi_4", "parent_Choice_Field": null, "parent_ChoiceGroup": null, "w": 252.22222222222226, "h": 33.33055555555562, "y": 735.0083333333332, "x": 1127.7777777777778, "structure_id": "Wi_4"}, {"parent_Field": "Fi_5", "parent_Choice_Field": null, "parent_ChoiceGroup": null, "w": 280, "h": 33.33055555555562, "y": 133.3305555555556, "x": 819.9999999999999, "structure_id": "Wi_5"}, {"parent_Field": "Fi_6", "parent_Choice_Field": null, "parent_ChoiceGroup": null, "w": 252.22222222222226, "h": 33.33055555555562, "y": 535.0083333333332, "x": 847.7777777777777, "structure_id": "Wi_6"}, {"parent_Field": "Fi_7", "parent_Choice_Field": null, "parent_ChoiceGroup": null, "w": 680.6222222222221, "h": 213.32500000000007, "y": 166.66666666666666, "x": 137.26111111111112, "structure_id": "Wi_7"}, {"parent_Field": "Fi_8", "parent_Choice_Field": null, "parent_ChoiceGroup": null, "w": 252.22222222222226, "h": 33.33055555555562, "y": 801.6694444444444, "x": 1127.7777777777778, "structure_id": "Wi_8"}, {"parent_Field": "Fi_9", "parent_Choice_Field": null, "parent_ChoiceGroup": null, "w": 252.22222222222226, "h": 31.66111111111118, "y": 868.3388888888888, "x": 847.7777777777777, "structure_id": "Wi_9"}, {"parent_Field": "Fi_10", "parent_Choice_Field": null, "parent_ChoiceGroup": null, "w": 680, "h": 33.33888888888892, "y": 766.6694444444444, "x": 137.33333333333331, "structure_id": "Wi_10"}, {"parent_Field": "Fi_11", "parent_Choice_Field": null, "parent_ChoiceGroup": null, "w": 682.3305555555555, "h": 66.66944444444438, "y": 533.3305555555556, "x": 137.26111111111112, "structure_id": "Wi_11"}, {"parent_Field": "Fi_12", "parent_Choice_Field": null, "parent_ChoiceGroup": null, "w": 252.22222222222226, "h": 33.33055555555562, "y": 735.0083333333332, "x": 847.7777777777777, "structure_id": "Wi_12"}, {"parent_Field": "Fi_13", "parent_Choice_Field": null, "parent_ChoiceGroup": null, "w": 252.22222222222226, "h": 31.66111111111118, "y": 868.3388888888888, "x": 1127.7777777777778, "structure_id": "Wi_13"}, {"parent_Field": "Fi_14", "parent_Choice_Field": null, "parent_ChoiceGroup": null, "w": 252.22222222222226, "h": 33.33055555555562, "y": 601.6694444444444, "x": 847.7777777777777, "structure_id": "Wi_14"}, {"parent_Field": "Fi_15", "parent_Choice_Field": null, "parent_ChoiceGroup": null, "w": 252.22222222222226, "h": 33.33055555555562, "y": 668.3388888888888, "x": 847.7777777777777, "structure_id": "Wi_15"}, {"parent_Field": "Fi_16", "parent_Choice_Field": null, "parent_ChoiceGroup": null, "w": 252.22222222222226, "h": 33.33055555555562, "y": 601.6694444444444, "x": 1127.7777777777778, "structure_id": "Wi_16"}, {"parent_Field": "Fi_17", "parent_Choice_Field": null, "parent_ChoiceGroup": null, "w": 683.1500000000001, "h": 66.66944444444438, "y": 833.3305555555556, "x": 137.26111111111112, "structure_id": "Wi_17"}, {"parent_Field": "Fi_18", "parent_Choice_Field": null, "parent_ChoiceGroup": null, "w": 280, "h": 33.33055555555562, "y": 200, "x": 819.9999999999999, "structure_id": "Wi_18"}, {"parent_Field": "Fi_19", "parent_Choice_Field": null, "parent_ChoiceGroup": null, "w": 561.7333333333332, "h": 66.66944444444438, "y": 933.3305555555556, "x": 137.26111111111112, "structure_id": "Wi_19"}, {"parent_Field": "Fi_20", "parent_Choice_Field": null, "parent_ChoiceGroup": null, "w": 682.7388888888888, "h": 100, "y": 633.3305555555556, "x": 137.26111111111112, "structure_id": "Wi_20"}, {"parent_Field": "Fi_21", "parent_Choice_Field": null, "parent_ChoiceGroup": null, "w": 280, "h": 33.322222222222486, "y": 383.33888888888873, "x": 1100, "structure_id": "Wi_21"}, {"parent_Field": "Fi_22", "parent_Choice_Field": null, "parent_ChoiceGroup": null, "w": 280, "h": 31.999999999999947, "y": 467.9444444444445, "x": 819.9999999999999, "structure_id": "Wi_22"}, {"parent_Field": "Fi_23", "parent_Choice_Field": null, "parent_ChoiceGroup": null, "w": 252.22222222222226, "h": 33.33055555555531, "y": 466.6611111111112, "x": 1127.7777777777778, "structure_id": "Wi_23"}, {"parent_Field": "Fi_24", "parent_Choice_Field": null, "parent_ChoiceGroup": null, "w": 280.86666666666673, "h": 33.33055555555546, "y": 933.3305555555556, "x": 819.9999999999999, "structure_id": "Wi_24"}, {"parent_Field": "Fi_24", "parent_Choice_Field": null, "parent_ChoiceGroup": null, "w": 280.86666666666673, "h": 33.33055555555562, "y": 966.6694444444444, "x": 819.9999999999999, "structure_id": "Wi_25"}, {"parent_Field": "Fi_25", "parent_Choice_Field": null, "parent_ChoiceGroup": null, "w": 280, "h": 38.8916666666666, "y": 927.7777777777777, "x": 1100, "structure_id": "Wi_26"}, {"parent_Field": "Fi_25", "parent_Choice_Field": null, "parent_ChoiceGroup": null, "w": 280, "h": 33.33055555555562, "y": 966.6694444444444, "x": 1100, "structure_id": "Wi_27"}, {"parent_Field": "Fi_26", "parent_Choice_Field": null, "parent_ChoiceGroup": null, "w": 192.22222222222217, "h": 33.33055555555546, "y": 933.3305555555556, "x": 1407.7777777777778, "structure_id": "Wi_28"}, {"parent_Field": "Fi_26", "parent_Choice_Field": null, "parent_ChoiceGroup": null, "w": 192.22222222222217, "h": 33.33055555555562, "y": 966.6694444444444, "x": 1407.7777777777778, "structure_id": "Wi_29"}, {"parent_Field": null, "parent_Choice_Field": "Chf_1", "parent_ChoiceGroup": "Chgp_1", "w": 25, "h": 25, "y": 69.44444444444444, "x": 520, "structure_id": "Wi_30"}, {"parent_Field": null, "parent_Choice_Field": "Chf_2", "parent_ChoiceGroup": "Chgp_1", "w": 25, "h": 25, "y": 69.44444444444444, "x": 680, "structure_id": "Wi_31"}, {"parent_Field": null, "parent_Choice_Field": "Chf_3", "parent_ChoiceGroup": "Chgp_2", "w": 27.77777777777778, "h": 27.77777777777778, "y": 419.44444444444446, "x": 443.8888888888889, "structure_id": "Wi_32"}, {"parent_Field": null, "parent_Choice_Field": "Chf_4", "parent_ChoiceGroup": "Chgp_2", "w": 27.77777777777778, "h": 27.77777777777778, "y": 465.3416666666667, "x": 443.8888888888889, "structure_id": "Wi_33"}, {"parent_Field": null, "parent_Choice_Field": "Chf_5", "parent_ChoiceGroup": "Chgp_3", "w": 27.77777777777778, "h": 27.77777777777778, "y": 419.44444444444446, "x": 784.6611111111112, "structure_id": "Wi_34"}, {"parent_Field": null, "parent_Choice_Field": "Chf_6", "parent_ChoiceGroup": "Chgp_3", "w": 27.77777777777778, "h": 27.77777777777778, "y": 465.3416666666667, "x": 784.6611111111112, "structure_id": "Wi_35"}, {"parent_Field": null, "parent_Choice_Field": "Chf_7", "parent_ChoiceGroup": "Chgp_4", "w": 22.22222222222222, "h": 22.22222222222222, "y": 946.8277777777778, "x": 748.2777777777777, "structure_id": "Wi_36"}, {"parent_Field": "Fi_27", "parent_Choice_Field": null, "parent_ChoiceGroup": null, "w": 252.22222222222226, "h": 33.33055555555562, "y": 300, "x": 847.7777777777777, "structure_id": "Wi_37"}, {"parent_Field": "Fi_28", "parent_Choice_Field": null, "parent_ChoiceGroup": null, "w": 252.22222222222226, "h": 33.33055555555562, "y": 383.3083333333333, "x": 847.7777777777777, "structure_id": "Wi_38"}], "TextBlock": [{"parent_Field": null, "parent_Choice_Field": null, "parent_ChoiceGroup": null, "w": 1460.0666666666662, "h": 29.593218749876996, "y": 1035.6666870117188, "x": 137.26111111111106, "structure_id": "Tb_1"}, {"parent_Field": null, "parent_Choice_Field": null, "parent_ChoiceGroup": null, "w": 207.375, "h": 19.789762250917647, "y": 1009.2583333333334, "x": 880, "structure_id": "Tb_2"}, {"parent_Field": "Fi_1", "parent_Choice_Field": null, "parent_ChoiceGroup": null, "w": 70.25277777777774, "h": 23.197222222222194, "y": 638.2666666666665, "x": 1111.111111111111, "structure_id": "Tb_3"}, {"parent_Field": "Fi_1", "parent_Choice_Field": null, "parent_ChoiceGroup": null, "w": 15.444444444444343, "h": 32.3888888888888, "y": 667.2805555555556, "x": 1111.7222222222222, "structure_id": "Tb_4"}, {"parent_Field": "Fi_2", "parent_Choice_Field": null, "parent_ChoiceGroup": null, "w": 122.81111111111102, "h": 23.197222222222422, "y": 771.5972222222222, "x": 831.1111111111111, "structure_id": "Tb_5"}, {"parent_Field": "Fi_2", "parent_Choice_Field": null, "parent_ChoiceGroup": null, "w": 15.444444444444457, "h": 32.3888888888888, "y": 800.6111111111112, "x": 831.7222222222223, "structure_id": "Tb_6"}, {"parent_Field": "Fi_3", "parent_Choice_Field": null, "parent_ChoiceGroup": null, "w": 105.15555555555557, "h": 23.19722222222225, "y": 504.92777777777775, "x": 1111.111111111111, "structure_id": "Tb_7"}, {"parent_Field": "Fi_3", "parent_Choice_Field": null, "parent_ChoiceGroup": null, "w": 15.444444444444343, "h": 32.3888888888888, "y": 533.9499999999999, "x": 1111.7222222222222, "structure_id": "Tb_8"}, {"parent_Field": "Fi_4", "parent_Choice_Field": null, "parent_ChoiceGroup": null, "w": 88.97777777777765, "h": 23.197222222222194, "y": 704.9277777777778, "x": 1111.111111111111, "structure_id": "Tb_9"}, {"parent_Field": "Fi_4", "parent_Choice_Field": null, "parent_ChoiceGroup": null, "w": 15.444444444444343, "h": 32.3888888888888, "y": 733.9499999999999, "x": 1111.7222222222222, "structure_id": "Tb_10"}, {"parent_Field": null, "parent_Choice_Field": null, "parent_ChoiceGroup": null, "w": 136.3895168718077, "h": 48.98478990863842, "y": 183.66665649414062, "x": 1136, "structure_id": "Tb_11"}, {"parent_Field": "Fi_5", "parent_Choice_Field": null, "parent_ChoiceGroup": null, "w": 261.39244444444444, "h": 22.672222222222317, "y": 103.70555555555572, "x": 831.1111111111111, "structure_id": "Tb_12"}, {"parent_Field": null, "parent_Choice_Field": null, "parent_ChoiceGroup": null, "w": 180.5027777777775, "h": 22.672222222222317, "y": 102.48055555555564, "x": 1109.75, "structure_id": "Tb_13"}, {"parent_Field": "Fi_6", "parent_Choice_Field": null, "parent_ChoiceGroup": null, "w": 100.2833333333333, "h": 25.458343505859375, "y": 502.6666564941406, "x": 827, "structure_id": "Tb_14"}, {"parent_Field": "Fi_6", "parent_Choice_Field": null, "parent_ChoiceGroup": null, "w": 15.444444444444457, "h": 32.3888888888888, "y": 533.9499999999999, "x": 831.7222222222223, "structure_id": "Tb_15"}, {"parent_Field": "Fi_7", "parent_Choice_Field": null, "parent_ChoiceGroup": null, "w": 645.7111111111111, "h": 44.89722222222227, "y": 103.70555555555572, "x": 148.37222222222223, "structure_id": "Tb_16"}, {"parent_Field": "Fi_8", "parent_Choice_Field": null, "parent_ChoiceGroup": null, "w": 97.98055555555561, "h": 23.197222222222422, "y": 771.5972222222222, "x": 1111.111111111111, "structure_id": "Tb_17"}, {"parent_Field": "Fi_8", "parent_Choice_Field": null, "parent_ChoiceGroup": null, "w": 15.444444444444343, "h": 32.3888888888888, "y": 800.6111111111112, "x": 1111.7222222222222, "structure_id": "Tb_18"}, {"parent_Field": "Fi_9", "parent_Choice_Field": null, "parent_ChoiceGroup": null, "w": 117.77499999999998, "h": 23.197222222222194, "y": 838.2666666666667, "x": 831.1111111111111, "structure_id": "Tb_19"}, {"parent_Field": "Fi_9", "parent_Choice_Field": null, "parent_ChoiceGroup": null, "w": 15.444444444444457, "h": 32.3888888888888, "y": 865.6111111111111, "x": 831.7222222222223, "structure_id": "Tb_20"}, {"parent_Field": "Fi_10", "parent_Choice_Field": null, "parent_ChoiceGroup": null, "w": 613.6277777777777, "h": 22.67222222222233, "y": 737.0444444444445, "x": 148.44444444444443, "structure_id": "Tb_21"}, {"parent_Field": "Fi_11", "parent_Choice_Field": null, "parent_ChoiceGroup": null, "w": 133.2527777777777, "h": 22.672222222222274, "y": 503.7055555555557, "x": 148.37222222222223, "structure_id": "Tb_22"}, {"parent_Field": null, "parent_Choice_Field": null, "parent_ChoiceGroup": null, "w": 135.36249999999995, "h": 28.168055555555497, "y": 298.6958333333332, "x": 1132.3194444444443, "structure_id": "Tb_23"}, {"parent_Field": null, "parent_Choice_Field": null, "parent_ChoiceGroup": null, "w": 206.0888888888892, "h": 201.0000000000001, "y": 555.8194444444445, "x": 1393.9138888888888, "structure_id": "Tb_24"}, {"parent_Field": "Fi_12", "parent_Choice_Field": null, "parent_ChoiceGroup": null, "w": 63.03888888888889, "h": 23.197222222222194, "y": 704.9277777777778, "x": 831.1111111111111, "structure_id": "Tb_25"}, {"parent_Field": "Fi_12", "parent_Choice_Field": null, "parent_ChoiceGroup": null, "w": 15.444444444444457, "h": 32.3888888888888, "y": 733.9499999999999, "x": 831.7222222222223, "structure_id": "Tb_26"}, {"parent_Field": null, "parent_Choice_Field": null, "parent_ChoiceGroup": null, "w": 211.8888888888889, "h": 26.511111111111063, "y": 496.18055555555554, "x": 1388.1138888888888, "structure_id": "Tb_27"}, {"parent_Field": "Fi_13", "parent_Choice_Field": null, "parent_ChoiceGroup": null, "w": 116.68611111111113, "h": 23.197222222222194, "y": 838.2666666666667, "x": 1111.111111111111, "structure_id": "Tb_28"}, {"parent_Field": "Fi_13", "parent_Choice_Field": null, "parent_ChoiceGroup": null, "w": 15.444444444444343, "h": 32.3888888888888, "y": 865.6111111111111, "x": 1111.7222222222222, "structure_id": "Tb_29"}, {"parent_Field": "Fi_14", "parent_Choice_Field": null, "parent_ChoiceGroup": null, "w": 82.48333333333335, "h": 23.197222222222194, "y": 571.5972222222222, "x": 831.1111111111111, "structure_id": "Tb_30"}, {"parent_Field": "Fi_14", "parent_Choice_Field": null, "parent_ChoiceGroup": null, "w": 15.444444444444457, "h": 32.3888888888888, "y": 600.6111111111112, "x": 831.7222222222223, "structure_id": "Tb_31"}, {"parent_Field": "Fi_15", "parent_Choice_Field": null, "parent_ChoiceGroup": null, "w": 64.47777777777776, "h": 23.197222222222194, "y": 638.2666666666665, "x": 831.1111111111111, "structure_id": "Tb_32"}, {"parent_Field": "Fi_15", "parent_Choice_Field": null, "parent_ChoiceGroup": null, "w": 15.444444444444457, "h": 32.3888888888888, "y": 667.2805555555556, "x": 831.7222222222223, "structure_id": "Tb_33"}, {"parent_Field": "Fi_16", "parent_Choice_Field": null, "parent_ChoiceGroup": null, "w": 67.336111111111, "h": 23.197222222222194, "y": 571.5972222222222, "x": 1111.111111111111, "structure_id": "Tb_34"}, {"parent_Field": "Fi_16", "parent_Choice_Field": null, "parent_ChoiceGroup": null, "w": 15.444444444444343, "h": 32.3888888888888, "y": 600.6111111111112, "x": 1111.7222222222222, "structure_id": "Tb_35"}, {"parent_Field": null, "parent_Choice_Field": null, "parent_ChoiceGroup": null, "w": 201.4000000000001, "h": 119.43888888888875, "y": 339.96944444444443, "x": 1398.6, "structure_id": "Tb_36"}, {"parent_Field": "Fi_17", "parent_Choice_Field": null, "parent_ChoiceGroup": null, "w": 310.5083333333333, "h": 22.672222222222217, "y": 803.7055555555555, "x": 148.37222222222223, "structure_id": "Tb_37"}, {"parent_Field": "Fi_18", "parent_Choice_Field": null, "parent_ChoiceGroup": null, "w": 262.923888888889, "h": 22.672222222222302, "y": 170.37500000000009, "x": 831.1111111111111, "structure_id": "Tb_38"}, {"parent_Field": "Fi_19", "parent_Choice_Field": null, "parent_ChoiceGroup": null, "w": 296.78055555555557, "h": 22.672222222222217, "y": 903.7055555555555, "x": 148.37222222222223, "structure_id": "Tb_39"}, {"parent_Field": "Fi_20", "parent_Choice_Field": null, "parent_ChoiceGroup": null, "w": 293.1638888888889, "h": 22.67222222222233, "y": 603.7055555555557, "x": 148.37222222222223, "structure_id": "Tb_40"}, {"parent_Field": "Fi_21", "parent_Choice_Field": null, "parent_ChoiceGroup": null, "w": 239.8666666666668, "h": 23.197222222222194, "y": 336.59722222222206, "x": 1111.111111111111, "structure_id": "Tb_41"}, {"parent_Field": "Fi_22", "parent_Choice_Field": null, "parent_ChoiceGroup": null, "w": 200.29722222222222, "h": 42.56388888888915, "y": 421.20277777777756, "x": 831.1111111111111, "structure_id": "Tb_42"}, {"parent_Field": "Fi_23", "parent_Choice_Field": null, "parent_ChoiceGroup": null, "w": 260.87777777777774, "h": 23.305555555555372, "y": 419.8194444444445, "x": 1111.111111111111, "structure_id": "Tb_43"}, {"parent_Field": "Fi_23", "parent_Choice_Field": null, "parent_ChoiceGroup": null, "w": 15.444444444444343, "h": 32.3888888888888, "y": 465.60277777777765, "x": 1112.3333333333333, "structure_id": "Tb_44"}, {"parent_Field": "Fi_24", "parent_Choice_Field": null, "parent_ChoiceGroup": null, "w": 72.76111111111118, "h": 23.197222222222194, "y": 903.2583333333333, "x": 831.1111111111111, "structure_id": "Tb_45"}, {"parent_Field": "Fi_25", "parent_Choice_Field": null, "parent_ChoiceGroup": null, "w": 221.8611111111111, "h": 23.197222222222194, "y": 903.2583333333333, "x": 1111.111111111111, "structure_id": "Tb_46"}, {"parent_Field": "Fi_26", "parent_Choice_Field": null, "parent_ChoiceGroup": null, "w": 207.37888888888892, "h": 23.197222222222194, "y": 903.2583333333333, "x": 1391.111111111111, "structure_id": "Tb_47"}, {"parent_Field": "Fi_26", "parent_Choice_Field": null, "parent_ChoiceGroup": null, "w": 15.444444444444343, "h": 32.3888888888888, "y": 932.2722222222221, "x": 1391.7222222222222, "structure_id": "Tb_48"}, {"parent_Field": "Fi_26", "parent_Choice_Field": null, "parent_ChoiceGroup": null, "w": 15.444444444444343, "h": 32.3888888888888, "y": 965.6111111111111, "x": 1391.7222222222222, "structure_id": "Tb_49"}, {"parent_Field": null, "parent_Choice_Field": "Chf_1", "parent_ChoiceGroup": "Chgp_1", "w": 64.83333333333337, "h": 32.3888888888888, "y": 65.61111111111113, "x": 560, "structure_id": "Tb_50"}, {"parent_Field": null, "parent_Choice_Field": "Chf_2", "parent_ChoiceGroup": "Chgp_1", "w": 168.72222222222229, "h": 32.3888888888888, "y": 65.61111111111113, "x": 719.9999999999999, "structure_id": "Tb_51"}, {"parent_Field": null, "parent_Choice_Field": null, "parent_ChoiceGroup": "Chgp_2", "w": 302.8666666666667, "h": 22.67222222222233, "y": 385.81111111111125, "x": 148.37222222222223, "structure_id": "Tb_52"}, {"parent_Field": null, "parent_Choice_Field": "Chf_3", "parent_ChoiceGroup": "Chgp_2", "w": 278.775, "h": 22.67222222222233, "y": 420.36388888888894, "x": 148.37222222222223, "structure_id": "Tb_53"}, {"parent_Field": null, "parent_Choice_Field": "Chf_4", "parent_ChoiceGroup": "Chgp_2", "w": 259.2722222222221, "h": 44.89722222222224, "y": 450.9194444444445, "x": 148.37222222222223, "structure_id": "Tb_54"}, {"parent_Field": null, "parent_Choice_Field": null, "parent_ChoiceGroup": "Chgp_3", "w": 317.28533184985076, "h": 35.66860891998573, "y": 381.48333333333346, "x": 491.1138888888888, "structure_id": "Tb_55"}, {"parent_Field": null, "parent_Choice_Field": "Chf_5", "parent_ChoiceGroup": "Chgp_3", "w": 121.0222222222223, "h": 22.67222222222233, "y": 425.9194444444445, "x": 491.0416666666667, "structure_id": "Tb_56"}, {"parent_Field": null, "parent_Choice_Field": "Chf_6", "parent_ChoiceGroup": "Chgp_3", "w": 169.24444444444435, "h": 22.67222222222233, "y": 473.1416666666667, "x": 491.0416666666667, "structure_id": "Tb_57"}, {"parent_Field": null, "parent_Choice_Field": "Chf_7", "parent_ChoiceGroup": "Chgp_4", "w": 107.7027777777779, "h": 22.672222222222217, "y": 903.7055555555555, "x": 706.1166666666667, "structure_id": "Tb_58"}, {"parent_Field": null, "parent_Choice_Field": null, "parent_ChoiceGroup": null, "w": 66, "h": 28, "y": 64.03125, "x": 316, "structure_id": "Tb_59"}, {"parent_Field": null, "parent_Choice_Field": null, "parent_ChoiceGroup": null, "w": 279.74333333333357, "h": 159.76666666666657, "y": 131.58055555555532, "x": 1320.261111111111, "structure_id": "Tb_60"}, {"parent_Field": "Fi_27", "parent_Choice_Field": null, "parent_ChoiceGroup": null, "w": 257.05555555555543, "h": 62.9305657280816, "y": 235.66665649414062, "x": 828, "structure_id": "Tb_61"}, {"parent_Field": "Fi_27", "parent_Choice_Field": null, "parent_ChoiceGroup": null, "w": 15.444444444444457, "h": 32.3888888888888, "y": 298.9416666666667, "x": 831.7222222222223, "structure_id": "Tb_62"}, {"parent_Field": "Fi_28", "parent_Choice_Field": null, "parent_ChoiceGroup": null, "w": 259.30265901459575, "h": 23.197222222222194, "y": 336.5888888888886, "x": 831.1111111111111, "structure_id": "Tb_63"}, {"parent_Field": "Fi_28", "parent_Choice_Field": null, "parent_ChoiceGroup": null, "w": 15.444444444444457, "h": 32.3888888888888, "y": 382.25, "x": 831.7222222222223, "structure_id": "Tb_64"}, {"parent_Field": null, "parent_Choice_Field": null, "parent_ChoiceGroup": null, "w": 472.5, "h": 19.789762250917647, "y": 1009.2583333333334, "x": 1125.5805555555555, "structure_id": "Tb_65"}, {"parent_Field": null, "parent_Choice_Field": null, "parent_ChoiceGroup": null, "w": 143.92777777777775, "h": 33.1388888888888, "y": 998.3027777777778, "x": 137.26111111111112, "structure_id": "Tb_66"}, {"parent_Field": null, "parent_Choice_Field": null, "parent_ChoiceGroup": null, "w": 144.8027777777778, "h": 22.672222222222103, "y": 1009.2583333333333, "x": 517.6, "structure_id": "Tb_67"}], "Choice_Field": [{"y": 65.61111111111113, "x": 520, "structure_id": "Chf_1", "w": 104.83333333333337, "h": 32.3888888888888}, {"y": 65.61111111111113, "x": 680, "structure_id": "Chf_2", "w": 208.72222222222217, "h": 32.3888888888888}, {"y": 419.44444444444446, "x": 148.37222222222223, "structure_id": "Chf_3", "w": 323.2944444444445, "h": 27.77777777777777}, {"y": 450.9194444444445, "x": 148.37222222222223, "structure_id": "Chf_4", "w": 323.2944444444445, "h": 44.89722222222224}, {"y": 419.44444444444446, "x": 491.0416666666667, "structure_id": "Chf_5", "w": 321.3972222222223, "h": 29.147222222222354}, {"y": 465.3416666666667, "x": 491.0416666666667, "structure_id": "Chf_6", "w": 321.3972222222223, "h": 30.472222222222342}, {"y": 903.7055555555555, "x": 706.1166666666667, "structure_id": "Chf_7", "w": 107.7027777777779, "h": 65.34444444444443}], "Field": [{"y": 638.2666666666665, "x": 1111.111111111111, "structure_id": "Fi_1", "w": 268.8888888888889, "h": 63.40277777777794}, {"y": 771.5972222222222, "x": 831.1111111111111, "structure_id": "Fi_2", "w": 268.8888888888889, "h": 63.40277777777783}, {"y": 504.92777777777775, "x": 1111.111111111111, "structure_id": "Fi_3", "w": 268.8888888888889, "h": 63.4111111111111}, {"y": 704.9277777777778, "x": 1111.111111111111, "structure_id": "Fi_4", "w": 268.8888888888889, "h": 63.41111111111104}, {"y": 103.70555555555572, "x": 819.9999999999999, "structure_id": "Fi_5", "w": 280.0000000000001, "h": 62.95555555555549}, {"y": 502.6666564941406, "x": 827, "structure_id": "Fi_6", "w": 273, "h": 65.67223239474822}, {"y": 103.70555555555572, "x": 137.26111111111112, "structure_id": "Fi_7", "w": 680.622222222222, "h": 276.28611111111104}, {"y": 771.5972222222222, "x": 1111.111111111111, "structure_id": "Fi_8", "w": 268.8888888888889, "h": 63.40277777777783}, {"y": 838.2666666666667, "x": 831.1111111111111, "structure_id": "Fi_9", "w": 268.8888888888889, "h": 61.73333333333335}, {"y": 737.0444444444445, "x": 137.33333333333331, "structure_id": "Fi_10", "w": 680, "h": 62.963888888888846}, {"y": 503.7055555555557, "x": 137.26111111111112, "structure_id": "Fi_11", "w": 682.3305555555555, "h": 96.29444444444431}, {"y": 704.9277777777778, "x": 831.1111111111111, "structure_id": "Fi_12", "w": 268.8888888888889, "h": 63.41111111111104}, {"y": 838.2666666666667, "x": 1111.111111111111, "structure_id": "Fi_13", "w": 268.8888888888889, "h": 61.73333333333335}, {"y": 571.5972222222222, "x": 831.1111111111111, "structure_id": "Fi_14", "w": 268.8888888888889, "h": 63.40277777777783}, {"y": 636.2666524620203, "x": 831.1111111111111, "structure_id": "Fi_15", "w": 268.8888888888889, "h": 65.40279198242422}, {"y": 571.5972222222222, "x": 1111.111111111111, "structure_id": "Fi_16", "w": 268.8888888888889, "h": 63.40277777777783}, {"y": 803.7055555555555, "x": 137.26111111111112, "structure_id": "Fi_17", "w": 683.1500000000001, "h": 96.29444444444448}, {"y": 170.37500000000009, "x": 819.9999999999999, "structure_id": "Fi_18", "w": 280.0000000000001, "h": 62.95555555555555}, {"y": 903.7055555555555, "x": 137.26111111111112, "structure_id": "Fi_19", "w": 561.7333333333331, "h": 96.29444444444448}, {"y": 603.7055555555557, "x": 137.26111111111112, "structure_id": "Fi_20", "w": 682.7388888888888, "h": 129.6249999999999}, {"y": 336.59722222222206, "x": 1100, "structure_id": "Fi_21", "w": 280, "h": 80.06388888888915}, {"y": 421.20277777777756, "x": 819.9999999999999, "structure_id": "Fi_22", "w": 280.0000000000001, "h": 78.7416666666669}, {"y": 419.8194444444445, "x": 1111.111111111111, "structure_id": "Fi_23", "w": 268.8888888888889, "h": 80.17222222222199}, {"y": 903.2583333333333, "x": 819.9999999999999, "structure_id": "Fi_24", "w": 280.8666666666667, "h": 96.74166666666667}, {"y": 903.2583333333333, "x": 1100, "structure_id": "Fi_25", "w": 280, "h": 96.74166666666667}, {"y": 903.2583333333333, "x": 1391.111111111111, "structure_id": "Fi_26", "w": 208.8888888888889, "h": 96.74166666666667}, {"y": 235.66665649414062, "x": 828, "structure_id": "Fi_27", "w": 272, "h": 97.66389906141501}, {"y": 336.5888888888886, "x": 831.1111111111111, "structure_id": "Fi_28", "w": 268.8888888888889, "h": 80.0500000000003}], "TextRun": [{"parent_TextBlock": "Tb_1", "text": "Do Not Cut or Separate Forms on This Page ? Do Not Cut or Separate Forms on This Page", "parent_Field": null, "parent_Choice_Field": null, "parent_ChoiceGroup": null, "w": 1460.066666666666, "h": 29.593218749876968, "y": 1035.6666870117188, "x": 137.26111111111106, "structure_id": "Tr_1"}, {"parent_TextBlock": "Tb_2", "text": "www.irs.gov / form1099k", "parent_Field": null, "parent_Choice_Field": null, "parent_ChoiceGroup": null, "w": 207.375, "h": 19.789762250917637, "y": 1009.2583333333334, "x": 880, "structure_id": "Tr_2"}, {"parent_TextBlock": "Tb_3", "text": "5f", "parent_Field": "Fi_1", "parent_Choice_Field": null, "parent_ChoiceGroup": null, "w": 17.28611111111104, "h": 23.197222222222194, "y": 638.2666666666665, "x": 1111.111111111111, "structure_id": "Tr_3"}, {"parent_TextBlock": "Tb_3", "text": "June", "parent_Field": "Fi_1", "parent_Choice_Field": null, "parent_ChoiceGroup": null, "w": 42.155555555555566, "h": 22.67222222222233, "y": 638.7138888888888, "x": 1139.2083333333333, "structure_id": "Tr_4"}, {"parent_TextBlock": "Tb_4", "text": "$", "parent_Field": "Fi_1", "parent_Choice_Field": null, "parent_ChoiceGroup": null, "w": 15.444444444444343, "h": 32.3888888888888, "y": 667.2805555555556, "x": 1111.7222222222222, "structure_id": "Tr_5"}, {"parent_TextBlock": "Tb_5", "text": "5i", "parent_Field": "Fi_2", "parent_Choice_Field": null, "parent_ChoiceGroup": null, "w": 15.82777777777767, "h": 23.197222222222422, "y": 771.5972222222222, "x": 831.1111111111111, "structure_id": "Tr_6"}, {"parent_TextBlock": "Tb_5", "text": "September", "parent_Field": "Fi_2", "parent_Choice_Field": null, "parent_ChoiceGroup": null, "w": 96.17222222222222, "h": 22.672222222222217, "y": 772.0444444444445, "x": 857.7499999999999, "structure_id": "Tr_7"}, {"parent_TextBlock": "Tb_6", "text": "$", "parent_Field": "Fi_2", "parent_Choice_Field": null, "parent_ChoiceGroup": null, "w": 15.444444444444457, "h": 32.3888888888888, "y": 800.6111111111112, "x": 831.7222222222223, "structure_id": "Tr_8"}, {"parent_TextBlock": "Tb_7", "text": "5b", "parent_Field": "Fi_3", "parent_Choice_Field": null, "parent_ChoiceGroup": null, "w": 22.691666666666606, "h": 23.19722222222225, "y": 504.92777777777775, "x": 1111.111111111111, "structure_id": "Tr_9"}, {"parent_TextBlock": "Tb_7", "text": "February", "parent_Field": "Fi_3", "parent_Choice_Field": null, "parent_ChoiceGroup": null, "w": 77.0583333333334, "h": 22.672222222222274, "y": 505.37500000000017, "x": 1139.2083333333333, "structure_id": "Tr_10"}, {"parent_TextBlock": "Tb_8", "text": "$", "parent_Field": "Fi_3", "parent_Choice_Field": null, "parent_ChoiceGroup": null, "w": 15.444444444444343, "h": 32.3888888888888, "y": 533.9499999999999, "x": 1111.7222222222222, "structure_id": "Tr_11"}, {"parent_TextBlock": "Tb_9", "text": "5h", "parent_Field": "Fi_4", "parent_Choice_Field": null, "parent_ChoiceGroup": null, "w": 22.341666666666697, "h": 23.197222222222194, "y": 704.9277777777778, "x": 1111.111111111111, "structure_id": "Tr_12"}, {"parent_TextBlock": "Tb_9", "text": "August", "parent_Field": "Fi_4", "parent_Choice_Field": null, "parent_ChoiceGroup": null, "w": 61.23055555555561, "h": 22.67222222222233, "y": 705.3750000000001, "x": 1138.8583333333331, "structure_id": "Tr_13"}, {"parent_TextBlock": "Tb_10", "text": "$", "parent_Field": "Fi_4", "parent_Choice_Field": null, "parent_ChoiceGroup": null, "w": 15.444444444444343, "h": 32.3888888888888, "y": 733.9499999999999, "x": 1111.7222222222222, "structure_id": "Tr_14"}, {"parent_TextBlock": "Tb_11", "text": "2016", "parent_Field": null, "parent_Choice_Field": null, "parent_ChoiceGroup": null, "w": 136.3895168718077, "h": 48.98478990863841, "y": 183.66665649414062, "x": 1136, "structure_id": "Tr_15"}, {"parent_TextBlock": "Tb_12", "text": "FILER?S  federal  identification  no  .", "parent_Field": "Fi_5", "parent_Choice_Field": null, "parent_ChoiceGroup": null, "w": 261.39244444444444, "h": 22.672222222222317, "y": 103.70555555555572, "x": 831.1111111111111, "structure_id": "Tr_16"}, {"parent_TextBlock": "Tb_13", "text": "OMB  No  .  1545  -  2205", "parent_Field": null, "parent_Choice_Field": null, "parent_ChoiceGroup": null, "w": 180.5027777777775, "h": 22.672222222222317, "y": 102.48055555555564, "x": 1109.75, "structure_id": "Tr_17"}, {"parent_TextBlock": "Tb_14", "text": "5", "parent_Field": "Fi_6", "parent_Choice_Field": null, "parent_ChoiceGroup": null, "w": 12, "h": 24, "y": 502.6666564941406, "x": 827, "structure_id": "Tr_18"}, {"parent_TextBlock": "Tb_14", "text": "5a", "parent_Field": "Fi_6", "parent_Choice_Field": null, "parent_ChoiceGroup": null, "w": 14.151186503522581, "h": 23.19722222222225, "y": 504.92777777777775, "x": 840, "structure_id": "Tr_19"}, {"parent_TextBlock": "Tb_14", "text": "January", "parent_Field": "Fi_6", "parent_Choice_Field": null, "parent_ChoiceGroup": null, "w": 68.79444444444448, "h": 22.672222222222274, "y": 505.37500000000017, "x": 858.4888888888888, "structure_id": "Tr_20"}, {"parent_TextBlock": "Tb_15", "text": "$", "parent_Field": "Fi_6", "parent_Choice_Field": null, "parent_ChoiceGroup": null, "w": 15.444444444444457, "h": 32.3888888888888, "y": 533.9499999999999, "x": 831.7222222222223, "structure_id": "Tr_21"}, {"parent_TextBlock": "Tb_16", "text": "FILER'S  name  ,  street  address  ,  city  or  town  ,  state  or  province  ,  country  ,  ZIP", "parent_Field": "Fi_7", "parent_Choice_Field": null, "parent_ChoiceGroup": null, "w": 645.7111111111111, "h": 22.672222222222317, "y": 103.70555555555572, "x": 148.37222222222223, "structure_id": "Tr_22"}, {"parent_TextBlock": "Tb_16", "text": "or  foreign  postal  code  ,  and  telephone  no  .", "parent_Field": "Fi_7", "parent_Choice_Field": null, "parent_ChoiceGroup": null, "w": 358.7111111111111, "h": 22.67222222222233, "y": 125.93055555555566, "x": 148.37222222222223, "structure_id": "Tr_23"}, {"parent_TextBlock": "Tb_17", "text": "5j", "parent_Field": "Fi_8", "parent_Choice_Field": null, "parent_ChoiceGroup": null, "w": 16.216666666666697, "h": 23.197222222222422, "y": 771.5972222222222, "x": 1111.111111111111, "structure_id": "Tr_24"}, {"parent_TextBlock": "Tb_17", "text": "October", "parent_Field": "Fi_8", "parent_Choice_Field": null, "parent_ChoiceGroup": null, "w": 70.95277777777778, "h": 22.672222222222217, "y": 772.0444444444445, "x": 1138.138888888889, "structure_id": "Tr_25"}, {"parent_TextBlock": "Tb_18", "text": "$", "parent_Field": "Fi_8", "parent_Choice_Field": null, "parent_ChoiceGroup": null, "w": 15.444444444444343, "h": 32.3888888888888, "y": 800.6111111111112, "x": 1111.7222222222222, "structure_id": "Tr_26"}, {"parent_TextBlock": "Tb_19", "text": "5k", "parent_Field": "Fi_9", "parent_Choice_Field": null, "parent_ChoiceGroup": null, "w": 21.972222222222285, "h": 23.197222222222194, "y": 838.2666666666667, "x": 831.1111111111111, "structure_id": "Tr_27"}, {"parent_TextBlock": "Tb_19", "text": "November", "parent_Field": "Fi_9", "parent_Choice_Field": null, "parent_ChoiceGroup": null, "w": 90.39722222222224, "h": 22.672222222222103, "y": 838.7138888888888, "x": 858.4888888888888, "structure_id": "Tr_28"}, {"parent_TextBlock": "Tb_20", "text": "$", "parent_Field": "Fi_9", "parent_Choice_Field": null, "parent_ChoiceGroup": null, "w": 15.444444444444457, "h": 32.3888888888888, "y": 865.6111111111111, "x": 831.7222222222223, "structure_id": "Tr_29"}, {"parent_TextBlock": "Tb_21", "text": "City  or  town  ,  state  or  province  ,  country  ,  and  ZIP  or  foreign  postal  code", "parent_Field": "Fi_10", "parent_Choice_Field": null, "parent_ChoiceGroup": null, "w": 613.6277777777777, "h": 22.67222222222233, "y": 737.0444444444445, "x": 148.44444444444443, "structure_id": "Tr_30"}, {"parent_TextBlock": "Tb_22", "text": "PAYEE?S  name", "parent_Field": "Fi_11", "parent_Choice_Field": null, "parent_ChoiceGroup": null, "w": 133.2527777777777, "h": 22.672222222222274, "y": 503.7055555555557, "x": 148.37222222222223, "structure_id": "Tr_31"}, {"parent_TextBlock": "Tb_23", "text": "1099  -  K", "parent_Field": null, "parent_Choice_Field": null, "parent_ChoiceGroup": null, "w": 79.16805555555538, "h": 28.168055555555497, "y": 298.6958333333332, "x": 1188.513888888889, "structure_id": "Tr_32"}, {"parent_TextBlock": "Tb_23", "text": "Form", "parent_Field": null, "parent_Choice_Field": null, "parent_ChoiceGroup": null, "w": 45.38333333333344, "h": 22.67222222222233, "y": 303.2055555555555, "x": 1132.3194444444443, "structure_id": "Tr_33"}, {"parent_TextBlock": "Tb_24", "text": "For  Privacy  Act", "parent_Field": null, "parent_Choice_Field": null, "parent_ChoiceGroup": null, "w": 151.422222222222, "h": 25.91111111111104, "y": 555.8194444444445, "x": 1448.5805555555555, "structure_id": "Tr_34"}, {"parent_TextBlock": "Tb_24", "text": "and  Paperwork", "parent_Field": null, "parent_Choice_Field": null, "parent_ChoiceGroup": null, "w": 151.02222222222235, "h": 25.91111111111104, "y": 580.8194444444445, "x": 1448.9805555555556, "structure_id": "Tr_35"}, {"parent_TextBlock": "Tb_24", "text": "Reduction  Act", "parent_Field": null, "parent_Choice_Field": null, "parent_ChoiceGroup": null, "w": 141.17777777777746, "h": 25.91111111111104, "y": 605.8194444444445, "x": 1458.825, "structure_id": "Tr_36"}, {"parent_TextBlock": "Tb_24", "text": "Notice", "parent_Field": null, "parent_Choice_Field": null, "parent_ChoiceGroup": null, "w": 64.59999999999991, "h": 25.91111111111104, "y": 606.8194444444445, "x": 1394.6027777777776, "structure_id": "Tr_37"}, {"parent_TextBlock": "Tb_24", "text": ",  see  the", "parent_Field": null, "parent_Choice_Field": null, "parent_ChoiceGroup": null, "w": 84.80000000000018, "h": 25.91111111111104, "y": 630.8194444444445, "x": 1515.2027777777776, "structure_id": "Tr_38"}, {"parent_TextBlock": "Tb_24", "text": "2016  General", "parent_Field": null, "parent_Choice_Field": null, "parent_ChoiceGroup": null, "w": 138.28888888888878, "h": 26.511111111111063, "y": 655.3083333333335, "x": 1461.7138888888887, "structure_id": "Tr_39"}, {"parent_TextBlock": "Tb_24", "text": "Instructions  for", "parent_Field": null, "parent_Choice_Field": null, "parent_ChoiceGroup": null, "w": 162.1111111111113, "h": 26.511111111111063, "y": 680.3083333333335, "x": 1437.8916666666664, "structure_id": "Tr_40"}, {"parent_TextBlock": "Tb_24", "text": "Certain  Information", "parent_Field": null, "parent_Choice_Field": null, "parent_ChoiceGroup": null, "w": 206.08888888888896, "h": 26.511111111111063, "y": 705.3083333333335, "x": 1393.9138888888888, "structure_id": "Tr_41"}, {"parent_TextBlock": "Tb_24", "text": "Returns  .", "parent_Field": null, "parent_Choice_Field": null, "parent_ChoiceGroup": null, "w": 89.73333333333335, "h": 26.511111111111063, "y": 730.3083333333335, "x": 1510.2694444444444, "structure_id": "Tr_42"}, {"parent_TextBlock": "Tb_25", "text": "5g", "parent_Field": "Fi_12", "parent_Choice_Field": null, "parent_ChoiceGroup": null, "w": 22.691666666666606, "h": 23.197222222222194, "y": 704.9277777777778, "x": 831.1111111111111, "structure_id": "Tr_43"}, {"parent_TextBlock": "Tb_25", "text": "July", "parent_Field": "Fi_12", "parent_Choice_Field": null, "parent_ChoiceGroup": null, "w": 34.94166666666672, "h": 22.67222222222233, "y": 705.3750000000001, "x": 859.2083333333333, "structure_id": "Tr_44"}, {"parent_TextBlock": "Tb_26", "text": "$", "parent_Field": "Fi_12", "parent_Choice_Field": null, "parent_ChoiceGroup": null, "w": 15.444444444444457, "h": 32.3888888888888, "y": 733.9499999999999, "x": 831.7222222222223, "structure_id": "Tr_45"}, {"parent_TextBlock": "Tb_27", "text": "File  with  Form  1096  .", "parent_Field": null, "parent_Choice_Field": null, "parent_ChoiceGroup": null, "w": 211.8888888888889, "h": 26.511111111111063, "y": 496.18055555555554, "x": 1388.1138888888888, "structure_id": "Tr_46"}, {"parent_TextBlock": "Tb_28", "text": "5l", "parent_Field": "Fi_13", "parent_Choice_Field": null, "parent_ChoiceGroup": null, "w": 15.827777777777783, "h": 23.197222222222194, "y": 838.2666666666667, "x": 1111.111111111111, "structure_id": "Tr_47"}, {"parent_TextBlock": "Tb_28", "text": "December", "parent_Field": "Fi_13", "parent_Choice_Field": null, "parent_ChoiceGroup": null, "w": 90.04722222222222, "h": 22.672222222222103, "y": 838.7138888888888, "x": 1137.75, "structure_id": "Tr_48"}, {"parent_TextBlock": "Tb_29", "text": "$", "parent_Field": "Fi_13", "parent_Choice_Field": null, "parent_ChoiceGroup": null, "w": 15.444444444444343, "h": 32.3888888888888, "y": 865.6111111111111, "x": 1111.7222222222222, "structure_id": "Tr_49"}, {"parent_TextBlock": "Tb_30", "text": "5c", "parent_Field": "Fi_14", "parent_Choice_Field": null, "parent_ChoiceGroup": null, "w": 21.972222222222285, "h": 23.197222222222194, "y": 571.5972222222222, "x": 831.1111111111111, "structure_id": "Tr_50"}, {"parent_TextBlock": "Tb_30", "text": "March", "parent_Field": "Fi_14", "parent_Choice_Field": null, "parent_ChoiceGroup": null, "w": 55.10555555555561, "h": 22.67222222222233, "y": 572.0444444444445, "x": 858.4888888888888, "structure_id": "Tr_51"}, {"parent_TextBlock": "Tb_31", "text": "$", "parent_Field": "Fi_14", "parent_Choice_Field": null, "parent_ChoiceGroup": null, "w": 15.444444444444457, "h": 32.3888888888888, "y": 600.6111111111112, "x": 831.7222222222223, "structure_id": "Tr_52"}, {"parent_TextBlock": "Tb_32", "text": "5e", "parent_Field": "Fi_15", "parent_Choice_Field": null, "parent_ChoiceGroup": null, "w": 21.972222222222285, "h": 23.197222222222194, "y": 638.2666666666665, "x": 831.1111111111111, "structure_id": "Tr_53"}, {"parent_TextBlock": "Tb_32", "text": "May", "parent_Field": "Fi_15", "parent_Choice_Field": null, "parent_ChoiceGroup": null, "w": 37.10000000000002, "h": 22.67222222222233, "y": 638.7138888888888, "x": 858.4888888888888, "structure_id": "Tr_54"}, {"parent_TextBlock": "Tb_33", "text": "$", "parent_Field": "Fi_15", "parent_Choice_Field": null, "parent_ChoiceGroup": null, "w": 15.444444444444457, "h": 32.3888888888888, "y": 667.2805555555556, "x": 831.7222222222223, "structure_id": "Tr_55"}, {"parent_TextBlock": "Tb_34", "text": "5d", "parent_Field": "Fi_16", "parent_Choice_Field": null, "parent_ChoiceGroup": null, "w": 22.691666666666606, "h": 23.197222222222194, "y": 571.5972222222222, "x": 1111.111111111111, "structure_id": "Tr_56"}, {"parent_TextBlock": "Tb_34", "text": "April", "parent_Field": "Fi_16", "parent_Choice_Field": null, "parent_ChoiceGroup": null, "w": 39.23888888888882, "h": 22.67222222222233, "y": 572.0444444444445, "x": 1139.2083333333333, "structure_id": "Tr_57"}, {"parent_TextBlock": "Tb_35", "text": "$", "parent_Field": "Fi_16", "parent_Choice_Field": null, "parent_ChoiceGroup": null, "w": 15.444444444444343, "h": 32.3888888888888, "y": 600.6111111111112, "x": 1111.7222222222222, "structure_id": "Tr_58"}, {"parent_TextBlock": "Tb_36", "text": "Copy  A", "parent_Field": null, "parent_Choice_Field": null, "parent_ChoiceGroup": null, "w": 95.69444444444457, "h": 33.138888888888744, "y": 339.96944444444443, "x": 1504.3055555555554, "structure_id": "Tr_59"}, {"parent_TextBlock": "Tb_36", "text": "For", "parent_Field": null, "parent_Choice_Field": null, "parent_ChoiceGroup": null, "w": 39.825000000000045, "h": 29.824999999999932, "y": 379.58333333333326, "x": 1560.175, "structure_id": "Tr_60"}, {"parent_TextBlock": "Tb_36", "text": "Internal  Revenue", "parent_Field": null, "parent_Choice_Field": null, "parent_ChoiceGroup": null, "w": 201.39999999999986, "h": 29.824999999999932, "y": 404.58333333333326, "x": 1398.6, "structure_id": "Tr_61"}, {"parent_TextBlock": "Tb_36", "text": "Service  Center", "parent_Field": null, "parent_Choice_Field": null, "parent_ChoiceGroup": null, "w": 175.97500000000014, "h": 29.824999999999932, "y": 429.58333333333326, "x": 1424.0249999999999, "structure_id": "Tr_62"}, {"parent_TextBlock": "Tb_37", "text": "PSE'S  name  and  telephone  number", "parent_Field": "Fi_17", "parent_Choice_Field": null, "parent_ChoiceGroup": null, "w": 310.5083333333333, "h": 22.672222222222217, "y": 803.7055555555555, "x": 148.37222222222223, "structure_id": "Tr_63"}, {"parent_TextBlock": "Tb_38", "text": "PAYEE?S  taxpayer  identification  no  .", "parent_Field": "Fi_18", "parent_Choice_Field": null, "parent_ChoiceGroup": null, "w": 262.923888888889, "h": 22.672222222222302, "y": 170.37500000000009, "x": 831.1111111111111, "structure_id": "Tr_64"}, {"parent_TextBlock": "Tb_39", "text": "Account  number  (  see  instructions  )", "parent_Field": "Fi_19", "parent_Choice_Field": null, "parent_ChoiceGroup": null, "w": 296.78055555555557, "h": 22.672222222222217, "y": 903.7055555555555, "x": 148.37222222222223, "structure_id": "Tr_65"}, {"parent_TextBlock": "Tb_40", "text": "Street  address including apt no  (   .  )", "parent_Field": "Fi_20", "parent_Choice_Field": null, "parent_ChoiceGroup": null, "w": 293.1638888888889, "h": 22.67222222222233, "y": 603.7055555555557, "x": 148.37222222222223, "structure_id": "Tr_66"}, {"parent_TextBlock": "Tb_40", "text": ".", "parent_Field": "Fi_20", "parent_Choice_Field": null, "parent_ChoiceGroup": null, "w": 5.405555555555566, "h": 22.67222222222233, "y": 603.7055555555557, "x": 431.0944444444445, "structure_id": "Tr_67"}, {"parent_TextBlock": "Tb_41", "text": "2", "parent_Field": "Fi_21", "parent_Choice_Field": null, "parent_ChoiceGroup": null, "w": 10.811111111111131, "h": 23.197222222222194, "y": 336.59722222222206, "x": 1111.111111111111, "structure_id": "Tr_68"}, {"parent_TextBlock": "Tb_41", "text": "Merchant  category  code", "parent_Field": "Fi_21", "parent_Choice_Field": null, "parent_ChoiceGroup": null, "w": 212.83888888888896, "h": 22.67222222222233, "y": 337.0444444444445, "x": 1138.138888888889, "structure_id": "Tr_69"}, {"parent_TextBlock": "Tb_42", "text": "3", "parent_Field": "Fi_22", "parent_Choice_Field": null, "parent_ChoiceGroup": null, "w": 10.811111111111131, "h": 23.197222222222194, "y": 421.20277777777756, "x": 831.1111111111111, "structure_id": "Tr_70"}, {"parent_TextBlock": "Tb_42", "text": "Number  of  payment", "parent_Field": "Fi_22", "parent_Choice_Field": null, "parent_ChoiceGroup": null, "w": 173.2694444444444, "h": 22.67222222222233, "y": 421.6499999999999, "x": 858.1388888888889, "structure_id": "Tr_71"}, {"parent_TextBlock": "Tb_42", "text": "transactions", "parent_Field": "Fi_22", "parent_Choice_Field": null, "parent_ChoiceGroup": null, "w": 106.59444444444455, "h": 22.67222222222233, "y": 441.0944444444444, "x": 858.8972222222221, "structure_id": "Tr_72"}, {"parent_TextBlock": "Tb_43", "text": "withheld", "parent_Field": "Fi_23", "parent_Choice_Field": null, "parent_ChoiceGroup": null, "w": 73.0916666666667, "h": 22.67222222222233, "y": 419.8194444444445, "x": 1298.8972222222221, "structure_id": "Tr_73"}, {"parent_TextBlock": "Tb_43", "text": "4", "parent_Field": "Fi_23", "parent_Choice_Field": null, "parent_ChoiceGroup": null, "w": 10.811111111111131, "h": 23.197222222222194, "y": 419.9277777777777, "x": 1111.111111111111, "structure_id": "Tr_74"}, {"parent_TextBlock": "Tb_43", "text": "Federal  income  tax", "parent_Field": "Fi_23", "parent_Choice_Field": null, "parent_ChoiceGroup": null, "w": 166.01666666666665, "h": 22.67222222222233, "y": 420.3750000000001, "x": 1138.138888888889, "structure_id": "Tr_75"}, {"parent_TextBlock": "Tb_44", "text": "$", "parent_Field": "Fi_23", "parent_Choice_Field": null, "parent_ChoiceGroup": null, "w": 15.444444444444343, "h": 32.3888888888888, "y": 465.60277777777765, "x": 1112.3333333333333, "structure_id": "Tr_76"}, {"parent_TextBlock": "Tb_45", "text": "6", "parent_Field": "Fi_24", "parent_Choice_Field": null, "parent_ChoiceGroup": null, "w": 10.811111111111131, "h": 23.197222222222194, "y": 903.2583333333333, "x": 831.1111111111111, "structure_id": "Tr_77"}, {"parent_TextBlock": "Tb_45", "text": "State", "parent_Field": "Fi_24", "parent_Choice_Field": null, "parent_ChoiceGroup": null, "w": 45.73333333333335, "h": 22.672222222222217, "y": 903.7055555555555, "x": 858.1388888888889, "structure_id": "Tr_78"}, {"parent_TextBlock": "Tb_46", "text": "7", "parent_Field": "Fi_25", "parent_Choice_Field": null, "parent_ChoiceGroup": null, "w": 10.811111111111131, "h": 23.197222222222194, "y": 903.2583333333333, "x": 1111.111111111111, "structure_id": "Tr_79"}, {"parent_TextBlock": "Tb_46", "text": "State  identification  no  .", "parent_Field": "Fi_25", "parent_Choice_Field": null, "parent_ChoiceGroup": null, "w": 194.83333333333326, "h": 22.672222222222217, "y": 903.7055555555555, "x": 1138.138888888889, "structure_id": "Tr_80"}, {"parent_TextBlock": "Tb_47", "text": "8", "parent_Field": "Fi_26", "parent_Choice_Field": null, "parent_ChoiceGroup": null, "w": 10.811111111111131, "h": 23.197222222222194, "y": 903.2583333333333, "x": 1391.111111111111, "structure_id": "Tr_81"}, {"parent_TextBlock": "Tb_47", "text": "State  income  tax  withheld", "parent_Field": "Fi_26", "parent_Choice_Field": null, "parent_ChoiceGroup": null, "w": 180.35111111111132, "h": 22.672222222222217, "y": 903.7055555555555, "x": 1418.1388888888887, "structure_id": "Tr_82"}, {"parent_TextBlock": "Tb_48", "text": "$", "parent_Field": "Fi_26", "parent_Choice_Field": null, "parent_ChoiceGroup": null, "w": 15.444444444444343, "h": 32.3888888888888, "y": 932.2722222222221, "x": 1391.7222222222222, "structure_id": "Tr_83"}, {"parent_TextBlock": "Tb_49", "text": "$", "parent_Field": "Fi_26", "parent_Choice_Field": null, "parent_ChoiceGroup": null, "w": 15.444444444444343, "h": 32.3888888888888, "y": 965.6111111111111, "x": 1391.7222222222222, "structure_id": "Tr_84"}, {"parent_TextBlock": "Tb_50", "text": "VOID", "parent_Field": null, "parent_Choice_Field": "Chf_1", "parent_ChoiceGroup": "Chgp_1", "w": 64.83333333333334, "h": 32.3888888888888, "y": 65.61111111111113, "x": 560, "structure_id": "Tr_85"}, {"parent_TextBlock": "Tb_51", "text": "CORRECTED", "parent_Field": null, "parent_Choice_Field": "Chf_2", "parent_ChoiceGroup": "Chgp_1", "w": 168.72222222222223, "h": 32.3888888888888, "y": 65.61111111111113, "x": 719.9999999999999, "structure_id": "Tr_86"}, {"parent_TextBlock": "Tb_52", "text": "Check  to  indicate  if  FILER  is  a  (  an  )  :", "parent_Field": null, "parent_Choice_Field": null, "parent_ChoiceGroup": "Chgp_2", "w": 302.8666666666667, "h": 22.67222222222233, "y": 385.81111111111125, "x": 148.37222222222223, "structure_id": "Tr_87"}, {"parent_TextBlock": "Tb_53", "text": "Payment  settlement  entity  (  PSE  )", "parent_Field": null, "parent_Choice_Field": "Chf_3", "parent_ChoiceGroup": "Chgp_2", "w": 278.775, "h": 22.67222222222233, "y": 420.36388888888894, "x": 148.37222222222223, "structure_id": "Tr_88"}, {"parent_TextBlock": "Tb_54", "text": "Electronic  Payment  Facilitator", "parent_Field": null, "parent_Choice_Field": "Chf_4", "parent_ChoiceGroup": "Chgp_2", "w": 259.2722222222221, "h": 22.67222222222233, "y": 450.9194444444445, "x": 148.37222222222223, "structure_id": "Tr_89"}, {"parent_TextBlock": "Tb_54", "text": "(  EPF  /  Other  third  party", "parent_Field": null, "parent_Choice_Field": "Chf_4", "parent_ChoiceGroup": "Chgp_2", "w": 195.1833333333334, "h": 22.67222222222233, "y": 473.1444444444444, "x": 153.77777777777777, "structure_id": "Tr_90"}, {"parent_TextBlock": "Tb_54", "text": ")", "parent_Field": null, "parent_Choice_Field": "Chf_4", "parent_ChoiceGroup": "Chgp_2", "w": 5.036111111111126, "h": 22.67222222222233, "y": 473.1444444444444, "x": 194.45555555555555, "structure_id": "Tr_91"}, {"parent_TextBlock": "Tb_55", "text": "Check  to  indicate  transactions", "parent_Field": null, "parent_Choice_Field": null, "parent_ChoiceGroup": "Chgp_3", "w": 317.2853318498508, "h": 22.67222222222233, "y": 381.48333333333346, "x": 491.1138888888888, "structure_id": "Tr_92"}, {"parent_TextBlock": "Tb_55", "text": "reported are :", "parent_Field": null, "parent_Choice_Field": null, "parent_ChoiceGroup": "Chgp_3", "w": 62.22457376101726, "h": 19.004720031096745, "y": 398.14722222222247, "x": 491.1138888888889, "structure_id": "Tr_93"}, {"parent_TextBlock": "Tb_56", "text": "Payment  card", "parent_Field": null, "parent_Choice_Field": "Chf_5", "parent_ChoiceGroup": "Chgp_3", "w": 121.0222222222223, "h": 22.67222222222233, "y": 425.9194444444445, "x": 491.0416666666667, "structure_id": "Tr_94"}, {"parent_TextBlock": "Tb_57", "text": "Third  party  network", "parent_Field": null, "parent_Choice_Field": "Chf_6", "parent_ChoiceGroup": "Chgp_3", "w": 169.24444444444435, "h": 22.67222222222233, "y": 473.1416666666667, "x": 491.0416666666667, "structure_id": "Tr_95"}, {"parent_TextBlock": "Tb_58", "text": "2nd  TIN  not  .", "parent_Field": null, "parent_Choice_Field": "Chf_7", "parent_ChoiceGroup": "Chgp_4", "w": 107.7027777777779, "h": 22.672222222222217, "y": 903.7055555555555, "x": 706.1166666666667, "structure_id": "Tr_96"}, {"parent_TextBlock": "Tb_59", "text": "1010", "parent_Field": null, "parent_Choice_Field": null, "parent_ChoiceGroup": null, "w": 66, "h": 28, "y": 64.03125, "x": 316, "structure_id": "Tr_97"}, {"parent_TextBlock": "Tb_60", "text": "Payment  Card  and", "parent_Field": null, "parent_Choice_Field": null, "parent_ChoiceGroup": null, "w": 279.74333333333357, "h": 39.76666666666674, "y": 131.58055555555532, "x": 1320.261111111111, "structure_id": "Tr_98"}, {"parent_TextBlock": "Tb_60", "text": "Third  Party", "parent_Field": null, "parent_Choice_Field": null, "parent_ChoiceGroup": null, "w": 165.96499999999992, "h": 39.766666666666765, "y": 171.58055555555524, "x": 1434.0394444444444, "structure_id": "Tr_99"}, {"parent_TextBlock": "Tb_60", "text": "Network", "parent_Field": null, "parent_Choice_Field": null, "parent_ChoiceGroup": null, "w": 128.4083333333333, "h": 39.766666666666765, "y": 211.58055555555518, "x": 1471.596111111111, "structure_id": "Tr_100"}, {"parent_TextBlock": "Tb_60", "text": "Transactions", "parent_Field": null, "parent_Choice_Field": null, "parent_ChoiceGroup": null, "w": 196.42833333333328, "h": 39.766666666666765, "y": 251.58055555555512, "x": 1403.5761111111108, "structure_id": "Tr_101"}, {"parent_TextBlock": "Tb_61", "text": "1", "parent_Field": "Fi_27", "parent_Choice_Field": null, "parent_ChoiceGroup": null, "w": 15, "h": 28, "y": 235.66665649414062, "x": 828, "structure_id": "Tr_102"}, {"parent_TextBlock": "Tb_61", "text": "1a", "parent_Field": "Fi_27", "parent_Choice_Field": null, "parent_ChoiceGroup": null, "w": 7.992120875046453, "h": 23.197222222222223, "y": 236.58888888888865, "x": 847, "structure_id": "Tr_103"}, {"parent_TextBlock": "Tb_61", "text": "Gross  amount  of  payment", "parent_Field": "Fi_27", "parent_Choice_Field": null, "parent_ChoiceGroup": null, "w": 226.5666666666666, "h": 22.672222222222302, "y": 237.036111111111, "x": 858.4888888888888, "structure_id": "Tr_104"}, {"parent_TextBlock": "Tb_61", "text": "card  /  third  party  network", "parent_Field": "Fi_27", "parent_Choice_Field": null, "parent_ChoiceGroup": null, "w": 209.5722222222223, "h": 22.67222222222233, "y": 256.48055555555544, "x": 858.8972222222221, "structure_id": "Tr_105"}, {"parent_TextBlock": "Tb_61", "text": "transactions", "parent_Field": "Fi_27", "parent_Choice_Field": null, "parent_ChoiceGroup": null, "w": 106.59444444444455, "h": 22.67222222222233, "y": 275.9249999999999, "x": 858.8972222222221, "structure_id": "Tr_106"}, {"parent_TextBlock": "Tb_62", "text": "$", "parent_Field": "Fi_27", "parent_Choice_Field": null, "parent_ChoiceGroup": null, "w": 15.444444444444457, "h": 32.3888888888888, "y": 298.9416666666667, "x": 831.7222222222223, "structure_id": "Tr_107"}, {"parent_TextBlock": "Tb_63", "text": "1b", "parent_Field": "Fi_28", "parent_Choice_Field": null, "parent_ChoiceGroup": null, "w": 22.691666666666606, "h": 23.197222222222194, "y": 336.5888888888886, "x": 831.1111111111111, "structure_id": "Tr_108"}, {"parent_TextBlock": "Tb_63", "text": "Card  Not  Present", "parent_Field": "Fi_28", "parent_Choice_Field": null, "parent_ChoiceGroup": null, "w": 231.20543679237358, "h": 22.67222222222233, "y": 337.03611111111104, "x": 859.2083333333333, "structure_id": "Tr_109"}, {"parent_TextBlock": "Tb_64", "text": "$", "parent_Field": "Fi_28", "parent_Choice_Field": null, "parent_ChoiceGroup": null, "w": 15.444444444444457, "h": 32.3888888888888, "y": 382.25, "x": 831.7222222222223, "structure_id": "Tr_110"}, {"parent_TextBlock": "Tb_65", "text": "Department of the Treasury - Internal Revenue Service", "parent_Field": null, "parent_Choice_Field": null, "parent_ChoiceGroup": null, "w": 472.5, "h": 19.789762250917637, "y": 1009.2583333333334, "x": 1125.5805555555555, "structure_id": "Tr_111"}, {"parent_TextBlock": "Tb_66", "text": "1099  -  K", "parent_Field": null, "parent_Choice_Field": null, "parent_ChoiceGroup": null, "w": 93.13888888888889, "h": 33.1388888888888, "y": 998.3027777777778, "x": 188.04999999999998, "structure_id": "Tr_112"}, {"parent_TextBlock": "Tb_66", "text": "Form", "parent_Field": null, "parent_Choice_Field": null, "parent_ChoiceGroup": null, "w": 45.383333333333326, "h": 22.672222222222217, "y": 1006.875, "x": 137.26111111111112, "structure_id": "Tr_113"}, {"parent_TextBlock": "Tb_67", "text": "Cat  .  No  .  54118B", "parent_Field": null, "parent_Choice_Field": null, "parent_ChoiceGroup": null, "w": 144.8027777777778, "h": 22.672222222222103, "y": 1009.2583333333333, "x": 517.6, "structure_id": "Tr_114"}], "ChoiceGroup": [{"y": 61.03125, "x": 508, "structure_id": "Chgp_1", "w": 389, "h": 36}, {"y": 382.03125, "x": 139, "structure_id": "Chgp_2", "w": 338, "h": 114}, {"y": 376.03125, "x": 486, "structure_id": "Chgp_3", "w": 330, "h": 124}, {"y": 898.03125, "x": 702, "structure_id": "Chgp_4", "w": 115, "h": 87}]}