{"Widget": [{"parent_Field": "Fi_1", "parent_Choice_Field": null, "parent_ChoiceGroup": null, "w": 260.00000000000006, "h": 33.33055555555531, "y": 566.6694444444447, "x": 839.9999999999999, "structure_id": "Wi_1"}, {"parent_Field": "Fi_2", "parent_Choice_Field": null, "parent_ChoiceGroup": null, "w": 679.9999999999999, "h": 38.8916666666666, "y": 494.4472222222225, "x": 140, "structure_id": "Wi_2"}, {"parent_Field": "Fi_3", "parent_Choice_Field": null, "parent_ChoiceGroup": null, "w": 260.00000000000006, "h": 33.33055555555562, "y": 433.33055555555563, "x": 1120, "structure_id": "Wi_3"}, {"parent_Field": "Fi_4", "parent_Choice_Field": null, "parent_ChoiceGroup": null, "w": 260.00000000000006, "h": 33.33055555555531, "y": 166.66944444444468, "x": 839.9999999999999, "structure_id": "Wi_4"}, {"parent_Field": "Fi_5", "parent_Choice_Field": null, "parent_ChoiceGroup": null, "w": 679.9999999999999, "h": 38.8916666666666, "y": 561.1083333333333, "x": 140, "structure_id": "Wi_5"}, {"parent_Field": "Fi_6", "parent_Choice_Field": null, "parent_ChoiceGroup": null, "w": 679.9999999999999, "h": 144.44444444444443, "y": 155.55555555555554, "x": 140, "structure_id": "Wi_6"}, {"parent_Field": "Fi_7", "parent_Choice_Field": null, "parent_ChoiceGroup": null, "w": 260.00000000000006, "h": 33.33055555555562, "y": 433.33055555555563, "x": 839.9999999999999, "structure_id": "Wi_7"}, {"parent_Field": "Fi_8", "parent_Choice_Field": null, "parent_ChoiceGroup": null, "w": 260.00000000000006, "h": 33.33055555555531, "y": 266.6694444444447, "x": 839.9999999999999, "structure_id": "Wi_8"}, {"parent_Field": "Fi_9", "parent_Choice_Field": null, "parent_ChoiceGroup": null, "w": 679.9999999999999, "h": 72.22222222222221, "y": 394.4472222222225, "x": 140, "structure_id": "Wi_9"}, {"parent_Field": "Fi_10", "parent_Choice_Field": null, "parent_ChoiceGroup": null, "w": 339.99999999999994, "h": 38.891666666666914, "y": 327.77777777777777, "x": 480, "structure_id": "Wi_10"}, {"parent_Field": "Fi_10", "parent_Choice_Field": null, "parent_ChoiceGroup": null, "w": 22.22222222222222, "h": 22.22222222222222, "y": 333.3333333333333, "x": 785.5527777777777, "structure_id": "Wi_11"}, {"parent_Field": "Fi_11", "parent_Choice_Field": null, "parent_ChoiceGroup": null, "w": 419.99999999999994, "h": 38.891666666666914, "y": 627.7777777777777, "x": 140, "structure_id": "Wi_12"}, {"parent_Field": "Fi_12", "parent_Choice_Field": null, "parent_ChoiceGroup": null, "w": 340, "h": 38.891666666666914, "y": 327.77777777777777, "x": 140, "structure_id": "Wi_13"}, {"parent_Field": null, "parent_Choice_Field": "Chf_1", "parent_ChoiceGroup": "Chgp_1", "w": 22.22222222222222, "h": 22.22222222222222, "y": 633.3333333333333, "x": 1065.5527777777777, "structure_id": "Wi_14"}, {"parent_Field": "Fi_13", "parent_Choice_Field": null, "parent_ChoiceGroup": null, "w": 260.00000000000006, "h": 33.33055555555562, "y": 633.3305555555556, "x": 1120, "structure_id": "Wi_15"}, {"parent_Field": null, "parent_Choice_Field": "Chf_2", "parent_ChoiceGroup": "Chgp_2", "w": 27.77777777777778, "h": 27.77777777777778, "y": 69.44444444444444, "x": 520, "structure_id": "Wi_16"}, {"parent_Field": null, "parent_Choice_Field": "Chf_3", "parent_ChoiceGroup": "Chgp_2", "w": 27.77777777777778, "h": 27.77777777777778, "y": 69.44444444444444, "x": 680, "structure_id": "Wi_17"}, {"parent_Field": null, "parent_Choice_Field": "Chf_4", "parent_ChoiceGroup": "Chgp_3", "w": 22.22222222222222, "h": 22.22222222222222, "y": 338.88333333333344, "x": 1345.5527777777777, "structure_id": "Wi_18"}, {"parent_Field": null, "parent_Choice_Field": "Chf_5", "parent_ChoiceGroup": "Chgp_4", "w": 22.22222222222222, "h": 22.22222222222222, "y": 572.2222222222222, "x": 1345.5527777777777, "structure_id": "Wi_19"}, {"parent_Field": null, "parent_Choice_Field": "Chf_6", "parent_ChoiceGroup": "Chgp_5", "w": 22.22222222222222, "h": 22.22222222222222, "y": 633.3333333333333, "x": 785.5527777777777, "structure_id": "Wi_20"}], "TextBlock": [{"parent_Field": null, "parent_Choice_Field": null, "parent_ChoiceGroup": null, "w": 472.49999999999955, "h": 22.67222222222233, "y": 675.9277777777779, "x": 1127.5083333333334, "structure_id": "Tb_1"}, {"parent_Field": null, "parent_Choice_Field": null, "parent_ChoiceGroup": null, "w": 140.84444444444443, "h": 25.371431387163966, "y": 673.5444444444444, "x": 140, "structure_id": "Tb_2"}, {"parent_Field": null, "parent_Choice_Field": null, "parent_ChoiceGroup": null, "w": 215.2222222222224, "h": 351.577777777778, "y": 298.3027777777778, "x": 1384.7805555555553, "structure_id": "Tb_3"}, {"parent_Field": "Fi_1", "parent_Choice_Field": null, "parent_ChoiceGroup": null, "w": 228.30578152943974, "h": 131.15000000000015, "y": 467.1499999999999, "x": 826.1, "structure_id": "Tb_4"}, {"parent_Field": null, "parent_Choice_Field": null, "parent_ChoiceGroup": null, "w": 180.5027777777775, "h": 22.672222222222317, "y": 102.48055555555564, "x": 1109.75, "structure_id": "Tb_5"}, {"parent_Field": "Fi_2", "parent_Choice_Field": null, "parent_ChoiceGroup": null, "w": 293.1638888888889, "h": 22.67222222222233, "y": 467.5972222222223, "x": 151.11111111111111, "structure_id": "Tb_6"}, {"parent_Field": "Fi_3", "parent_Choice_Field": null, "parent_ChoiceGroup": null, "w": 216.76111111111095, "h": 97.81111111111142, "y": 367.1499999999999, "x": 1106.1000000000001, "structure_id": "Tb_7"}, {"parent_Field": "Fi_4", "parent_Choice_Field": null, "parent_ChoiceGroup": null, "w": 267.72114340435394, "h": 97.81944444444454, "y": 100.48055555555555, "x": 826.1, "structure_id": "Tb_8"}, {"parent_Field": "Fi_5", "parent_Choice_Field": null, "parent_ChoiceGroup": null, "w": 613.6277777777779, "h": 22.67222222222233, "y": 534.2583333333336, "x": 151.11111111111111, "structure_id": "Tb_9"}, {"parent_Field": "Fi_6", "parent_Choice_Field": null, "parent_ChoiceGroup": null, "w": 662.0652499999999, "h": 46.00555555555556, "y": 100.92777777777795, "x": 151.11111111111111, "structure_id": "Tb_10"}, {"parent_Field": null, "parent_Choice_Field": null, "parent_ChoiceGroup": null, "w": 158.88888888888886, "h": 77.12222222222225, "y": 152.45555555555592, "x": 1120.5555555555554, "structure_id": "Tb_11"}, {"parent_Field": "Fi_7", "parent_Choice_Field": null, "parent_ChoiceGroup": null, "w": 268.6520421210781, "h": 97.81111111111142, "y": 367.1499999999999, "x": 826.1, "structure_id": "Tb_12"}, {"parent_Field": "Fi_8", "parent_Choice_Field": null, "parent_ChoiceGroup": null, "w": 189.6194444444443, "h": 97.81944444444457, "y": 200.48055555555555, "x": 826.1, "structure_id": "Tb_13"}, {"parent_Field": null, "parent_Choice_Field": null, "parent_ChoiceGroup": null, "w": 140.84444444444443, "h": 33.138888888888744, "y": 262.0305555555556, "x": 1129.5777777777778, "structure_id": "Tb_14"}, {"parent_Field": "Fi_9", "parent_Choice_Field": null, "parent_ChoiceGroup": null, "w": 160.2611111111111, "h": 22.67222222222233, "y": 367.5972222222223, "x": 151.11111111111111, "structure_id": "Tb_15"}, {"parent_Field": "Fi_10", "parent_Choice_Field": null, "parent_ChoiceGroup": null, "w": 329.60394444444444, "h": 22.67222222222233, "y": 300.9277777777779, "x": 485.55555555555554, "structure_id": "Tb_16"}, {"parent_Field": "Fi_11", "parent_Choice_Field": null, "parent_ChoiceGroup": null, "w": 324.41111111111127, "h": 22.67222222222233, "y": 600.9277777777779, "x": 151.11111111111111, "structure_id": "Tb_17"}, {"parent_Field": "Fi_12", "parent_Choice_Field": null, "parent_ChoiceGroup": null, "w": 284.12222222222226, "h": 22.67222222222233, "y": 300.9277777777779, "x": 151.11111111111111, "structure_id": "Tb_18"}, {"parent_Field": null, "parent_Choice_Field": "Chf_1", "parent_ChoiceGroup": "Chgp_1", "w": 186.20000000000005, "h": 53.66666666666674, "y": 600.4805555555555, "x": 828.3333333333333, "structure_id": "Tb_19"}, {"parent_Field": "Fi_13", "parent_Choice_Field": null, "parent_ChoiceGroup": null, "w": 257.89166666666665, "h": 64.48055555555584, "y": 600.4805555555555, "x": 1102.7777777777778, "structure_id": "Tb_20"}, {"parent_Field": null, "parent_Choice_Field": null, "parent_ChoiceGroup": null, "w": 79.99999999999999, "h": 29.50000000000001, "y": 68.19444444444463, "x": 320, "structure_id": "Tb_21"}, {"parent_Field": null, "parent_Choice_Field": null, "parent_ChoiceGroup": null, "w": 285.0027777777782, "h": 44.78888888888895, "y": 175.69166666666672, "x": 1315, "structure_id": "Tb_22"}, {"parent_Field": null, "parent_Choice_Field": "Chf_2", "parent_ChoiceGroup": "Chgp_2", "w": 64.83333333333337, "h": 32.3888888888888, "y": 65.61111111111113, "x": 560, "structure_id": "Tb_23"}, {"parent_Field": null, "parent_Choice_Field": "Chf_3", "parent_ChoiceGroup": "Chgp_2", "w": 168.72222222222229, "h": 32.3888888888888, "y": 65.61111111111113, "x": 719.9999999999999, "structure_id": "Tb_24"}, {"parent_Field": null, "parent_Choice_Field": "Chf_4", "parent_ChoiceGroup": "Chgp_3", "w": 529.4722222222224, "h": 23.197222222222194, "y": 300.48055555555555, "x": 828.3333333333333, "structure_id": "Tb_25"}, {"parent_Field": null, "parent_Choice_Field": "Chf_5", "parent_ChoiceGroup": "Chgp_4", "w": 198.91666666666674, "h": 128.04166666666634, "y": 467.1499999999999, "x": 1111.111111111111, "structure_id": "Tb_26"}, {"parent_Field": null, "parent_Choice_Field": "Chf_6", "parent_ChoiceGroup": "Chgp_5", "w": 186.67355925489335, "h": 53.666666666666856, "y": 600.4805555555555, "x": 568.3333333333333, "structure_id": "Tb_27"}, {"parent_Field": null, "parent_Choice_Field": null, "parent_ChoiceGroup": null, "w": 141.57500000000005, "h": 22.67222222222233, "y": 675.9277777777779, "x": 489.21388888888885, "structure_id": "Tb_28"}, {"parent_Field": null, "parent_Choice_Field": null, "parent_ChoiceGroup": null, "w": 203.4083333333333, "h": 22.67222222222233, "y": 678.7055555555557, "x": 868.2972222222222, "structure_id": "Tb_29"}, {"parent_Field": null, "parent_Choice_Field": null, "parent_ChoiceGroup": null, "w": 1452.9777777777783, "h": 25.321162237922863, "y": 703.6666564941406, "x": 140, "structure_id": "Tb_30"}], "Choice_Field": [{"y": 600.4805555555555, "x": 828.3333333333333, "structure_id": "Chf_1", "w": 259.4416666666666, "h": 55.07499999999993}, {"y": 65.61111111111113, "x": 520, "structure_id": "Chf_2", "w": 104.83333333333337, "h": 32.3888888888888}, {"y": 65.61111111111113, "x": 680, "structure_id": "Chf_3", "w": 208.72222222222217, "h": 32.3888888888888}, {"y": 300.48055555555555, "x": 828.3333333333333, "structure_id": "Chf_4", "w": 539.4416666666666, "h": 60.625000000000114}, {"y": 467.1499999999999, "x": 1111.111111111111, "structure_id": "Chf_5", "w": 256.6638888888888, "h": 128.04166666666634}, {"y": 600.4805555555555, "x": 568.3333333333333, "structure_id": "Chf_6", "w": 239.4416666666666, "h": 55.07499999999993}], "Field": [{"y": 467.1499999999999, "x": 826.1, "structure_id": "Fi_1", "w": 273.9, "h": 132.85000000000008}, {"y": 467.5972222222223, "x": 140, "structure_id": "Fi_2", "w": 679.9999999999999, "h": 65.74166666666679}, {"y": 367.1499999999999, "x": 1106.1000000000001, "structure_id": "Fi_3", "w": 273.89999999999986, "h": 99.51111111111135}, {"y": 100.48055555555555, "x": 826.1, "structure_id": "Fi_4", "w": 273.9, "h": 99.51944444444445}, {"y": 534.2583333333336, "x": 140, "structure_id": "Fi_5", "w": 679.9999999999999, "h": 65.74166666666645}, {"y": 100.92777777777795, "x": 140, "structure_id": "Fi_6", "w": 679.9999999999999, "h": 199.07222222222205}, {"y": 367.1499999999999, "x": 826.1, "structure_id": "Fi_7", "w": 273.9, "h": 99.51111111111135}, {"y": 197.92777777777795, "x": 826.1, "structure_id": "Fi_8", "w": 273.9, "h": 102.07222222222205}, {"y": 367.5972222222223, "x": 140, "structure_id": "Fi_9", "w": 679.9999999999999, "h": 99.07222222222242}, {"y": 300.9277777777779, "x": 480, "structure_id": "Fi_10", "w": 340, "h": 65.74166666666679}, {"y": 600.9277777777779, "x": 140, "structure_id": "Fi_11", "w": 420, "h": 65.74166666666667}, {"y": 300.9277777777779, "x": 140, "structure_id": "Fi_12", "w": 340, "h": 65.74166666666679}, {"y": 600.4805555555555, "x": 1102.7777777777778, "structure_id": "Fi_13", "w": 277.2222222222222, "h": 66.18055555555577}], "TextRun": [{"parent_TextBlock": "Tb_1", "text": "Department  of  the  Treasury  -  Internal  Revenue  Service", "parent_Field": null, "parent_Choice_Field": null, "parent_ChoiceGroup": null, "w": 472.49999999999955, "h": 22.67222222222233, "y": 675.9277777777779, "x": 1127.5083333333334, "structure_id": "Tr_1"}, {"parent_TextBlock": "Tb_2", "text": "1098 - T", "parent_Field": null, "parent_Choice_Field": null, "parent_ChoiceGroup": null, "w": 90.05555555555557, "h": 24.2492193374677, "y": 674.6666564941406, "x": 190.7888888888889, "structure_id": "Tr_2"}, {"parent_TextBlock": "Tb_2", "text": "Form", "parent_Field": null, "parent_Choice_Field": null, "parent_ChoiceGroup": null, "w": 45.383333333333326, "h": 22.67222222222233, "y": 673.5444444444444, "x": 140, "structure_id": "Tr_3"}, {"parent_TextBlock": "Tb_3", "text": "Copy  A", "parent_Field": null, "parent_Choice_Field": null, "parent_ChoiceGroup": null, "w": 95.69444444444457, "h": 33.138888888888744, "y": 298.3027777777778, "x": 1504.3055555555554, "structure_id": "Tr_4"}, {"parent_TextBlock": "Tb_3", "text": "Internal", "parent_Field": null, "parent_Choice_Field": null, "parent_ChoiceGroup": null, "w": 90.70000000000005, "h": 29.824999999999932, "y": 339.9138888888892, "x": 1506.6, "structure_id": "Tr_5"}, {"parent_TextBlock": "Tb_3", "text": "For", "parent_Field": null, "parent_Choice_Field": null, "parent_ChoiceGroup": null, "w": 39.825000000000045, "h": 29.824999999999932, "y": 340.13888888888914, "x": 1408.175, "structure_id": "Tr_6"}, {"parent_TextBlock": "Tb_3", "text": "Service", "parent_Field": null, "parent_Choice_Field": null, "parent_ChoiceGroup": null, "w": 88.45000000000005, "h": 29.824999999999932, "y": 362.68888888888927, "x": 1511.0249999999999, "structure_id": "Tr_7"}, {"parent_TextBlock": "Tb_3", "text": "Revenue", "parent_Field": null, "parent_Choice_Field": null, "parent_ChoiceGroup": null, "w": 103.75, "h": 29.824999999999932, "y": 366.9138888888892, "x": 1409.2499999999998, "structure_id": "Tr_8"}, {"parent_TextBlock": "Tb_3", "text": "Center", "parent_Field": null, "parent_Choice_Field": null, "parent_ChoiceGroup": null, "w": 80.57500000000027, "h": 29.824999999999932, "y": 390.68888888888927, "x": 1519.4249999999997, "structure_id": "Tr_9"}, {"parent_TextBlock": "Tb_3", "text": "File  with  Form  1096  .", "parent_Field": null, "parent_Choice_Field": null, "parent_ChoiceGroup": null, "w": 211.8888888888889, "h": 26.511111111111063, "y": 433.08333333333354, "x": 1388.1138888888888, "structure_id": "Tr_10"}, {"parent_TextBlock": "Tb_3", "text": "For  Privacy  Act  and", "parent_Field": null, "parent_Choice_Field": null, "parent_ChoiceGroup": null, "w": 195.06666666666638, "h": 25.91111111111104, "y": 473.8805555555558, "x": 1404.9361111111111, "structure_id": "Tr_11"}, {"parent_TextBlock": "Tb_3", "text": "Paperwork  Reduction", "parent_Field": null, "parent_Choice_Field": null, "parent_ChoiceGroup": null, "w": 215.2222222222224, "h": 25.91111111111104, "y": 498.8805555555558, "x": 1384.7805555555553, "structure_id": "Tr_12"}, {"parent_TextBlock": "Tb_3", "text": "Act  Notice  ,  see  the", "parent_Field": null, "parent_Choice_Field": null, "parent_ChoiceGroup": null, "w": 188.91111111111127, "h": 25.91111111111104, "y": 523.8805555555558, "x": 1411.0916666666665, "structure_id": "Tr_13"}, {"parent_TextBlock": "Tb_3", "text": "2017  General", "parent_Field": null, "parent_Choice_Field": null, "parent_ChoiceGroup": null, "w": 138.28888888888878, "h": 26.511111111111063, "y": 548.3694444444448, "x": 1461.7138888888887, "structure_id": "Tr_14"}, {"parent_TextBlock": "Tb_3", "text": "Instructions  for", "parent_Field": null, "parent_Choice_Field": null, "parent_ChoiceGroup": null, "w": 162.1111111111113, "h": 26.511111111111063, "y": 573.3694444444448, "x": 1437.8916666666664, "structure_id": "Tr_15"}, {"parent_TextBlock": "Tb_3", "text": "Certain  Information", "parent_Field": null, "parent_Choice_Field": null, "parent_ChoiceGroup": null, "w": 206.08888888888896, "h": 26.511111111111063, "y": 598.3694444444448, "x": 1393.9138888888888, "structure_id": "Tr_16"}, {"parent_TextBlock": "Tb_3", "text": "Returns  .", "parent_Field": null, "parent_Choice_Field": null, "parent_ChoiceGroup": null, "w": 89.73333333333335, "h": 26.511111111111063, "y": 623.3694444444448, "x": 1510.2694444444444, "structure_id": "Tr_17"}, {"parent_TextBlock": "Tb_4", "text": "6", "parent_Field": "Fi_1", "parent_Choice_Field": null, "parent_ChoiceGroup": null, "w": 10.811111111111131, "h": 23.197222222222194, "y": 467.1499999999999, "x": 828.3333333333333, "structure_id": "Tr_18"}, {"parent_TextBlock": "Tb_4", "text": "Adjustments  to", "parent_Field": "Fi_1", "parent_Choice_Field": null, "parent_ChoiceGroup": null, "w": 131.48333333333335, "h": 22.67222222222233, "y": 467.5972222222223, "x": 844.55, "structure_id": "Tr_19"}, {"parent_TextBlock": "Tb_4", "text": "scholarships or grants", "parent_Field": "Fi_1", "parent_Choice_Field": null, "parent_ChoiceGroup": null, "w": 209.4085593072175, "h": 22.672222222222217, "y": 490.93055555555566, "x": 844.9972222222223, "structure_id": "Tr_20"}, {"parent_TextBlock": "Tb_4", "text": "for  a  prior  year", "parent_Field": "Fi_1", "parent_Choice_Field": null, "parent_ChoiceGroup": null, "w": 127.08888888888885, "h": 22.67222222222233, "y": 514.2638888888888, "x": 844.9972222222223, "structure_id": "Tr_21"}, {"parent_TextBlock": "Tb_4", "text": "$", "parent_Field": "Fi_1", "parent_Choice_Field": null, "parent_ChoiceGroup": null, "w": 13.900000000000091, "h": 29.824999999999932, "y": 568.4750000000001, "x": 826.1, "structure_id": "Tr_22"}, {"parent_TextBlock": "Tb_5", "text": "OMB  No  .  1545  -  1574", "parent_Field": null, "parent_Choice_Field": null, "parent_ChoiceGroup": null, "w": 180.5027777777775, "h": 22.672222222222317, "y": 102.48055555555564, "x": 1109.75, "structure_id": "Tr_23"}, {"parent_TextBlock": "Tb_6", "text": "Street  address  (  including  apt  .  no )", "parent_Field": "Fi_2", "parent_Choice_Field": null, "parent_ChoiceGroup": null, "w": 293.1638888888889, "h": 22.67222222222233, "y": 467.5972222222223, "x": 151.11111111111111, "structure_id": "Tr_24"}, {"parent_TextBlock": "Tb_6", "text": ".", "parent_Field": "Fi_2", "parent_Choice_Field": null, "parent_ChoiceGroup": null, "w": 5.405555555555566, "h": 22.67222222222233, "y": 467.5972222222223, "x": 433.8333333333333, "structure_id": "Tr_25"}, {"parent_TextBlock": "Tb_7", "text": "5", "parent_Field": "Fi_3", "parent_Choice_Field": null, "parent_ChoiceGroup": null, "w": 10.811111111111131, "h": 23.197222222222194, "y": 367.1499999999999, "x": 1111.111111111111, "structure_id": "Tr_26"}, {"parent_TextBlock": "Tb_7", "text": "Scholarships  or  grants", "parent_Field": "Fi_3", "parent_Choice_Field": null, "parent_ChoiceGroup": null, "w": 195.5333333333333, "h": 22.67222222222233, "y": 367.5972222222223, "x": 1127.3277777777778, "structure_id": "Tr_27"}, {"parent_TextBlock": "Tb_7", "text": "$", "parent_Field": "Fi_3", "parent_Choice_Field": null, "parent_ChoiceGroup": null, "w": 13.900000000000091, "h": 29.824999999999932, "y": 435.1361111111114, "x": 1106.1000000000001, "structure_id": "Tr_28"}, {"parent_TextBlock": "Tb_8", "text": "1", "parent_Field": "Fi_4", "parent_Choice_Field": null, "parent_ChoiceGroup": null, "w": 10.811111111111131, "h": 23.197222222222223, "y": 100.48055555555555, "x": 828.3333333333333, "structure_id": "Tr_29"}, {"parent_TextBlock": "Tb_8", "text": "Payments  received  for", "parent_Field": "Fi_4", "parent_Choice_Field": null, "parent_ChoiceGroup": null, "w": 249.271143404354, "h": 22.672222222222317, "y": 100.92777777777795, "x": 844.55, "structure_id": "Tr_30"}, {"parent_TextBlock": "Tb_8", "text": "qualified  tuition  and  related", "parent_Field": "Fi_4", "parent_Choice_Field": null, "parent_ChoiceGroup": null, "w": 235.9000000000001, "h": 22.672222222222317, "y": 120.37222222222239, "x": 844.9972222222223, "structure_id": "Tr_31"}, {"parent_TextBlock": "Tb_8", "text": "expenses", "parent_Field": "Fi_4", "parent_Choice_Field": null, "parent_ChoiceGroup": null, "w": 83.1833333333334, "h": 22.67222222222233, "y": 139.81666666666683, "x": 844.9972222222223, "structure_id": "Tr_32"}, {"parent_TextBlock": "Tb_8", "text": "$", "parent_Field": "Fi_4", "parent_Choice_Field": null, "parent_ChoiceGroup": null, "w": 13.900000000000091, "h": 29.824999999999903, "y": 168.4750000000002, "x": 826.1, "structure_id": "Tr_33"}, {"parent_TextBlock": "Tb_9", "text": "City  or  town  ,  state  or  province  ,  country  ,  and  ZIP  or  foreign  postal  code", "parent_Field": "Fi_5", "parent_Choice_Field": null, "parent_ChoiceGroup": null, "w": 613.6277777777779, "h": 22.67222222222233, "y": 534.2583333333336, "x": 151.11111111111111, "structure_id": "Tr_34"}, {"parent_TextBlock": "Tb_10", "text": "FILER'S  name  ,  street  address  ,  city  or  town  ,  state  or  province  ,  country  ,  ZIP  or", "parent_Field": "Fi_6", "parent_Choice_Field": null, "parent_ChoiceGroup": null, "w": 662.0652499999999, "h": 22.672222222222317, "y": 100.92777777777795, "x": 151.11111111111111, "structure_id": "Tr_35"}, {"parent_TextBlock": "Tb_10", "text": "foreign  postal  code  ,  and  telephone  number", "parent_Field": "Fi_6", "parent_Choice_Field": null, "parent_ChoiceGroup": null, "w": 371.19775000000004, "h": 22.672222222222302, "y": 124.2611111111112, "x": 151.11111111111111, "structure_id": "Tr_36"}, {"parent_TextBlock": "Tb_11", "text": "2017", "parent_Field": null, "parent_Choice_Field": null, "parent_ChoiceGroup": null, "w": 158.88888888888886, "h": 77.12222222222225, "y": 152.45555555555592, "x": 1120.5555555555554, "structure_id": "Tr_37"}, {"parent_TextBlock": "Tb_12", "text": "4", "parent_Field": "Fi_7", "parent_Choice_Field": null, "parent_ChoiceGroup": null, "w": 10.811111111111131, "h": 23.197222222222194, "y": 367.1499999999999, "x": 828.3333333333333, "structure_id": "Tr_38"}, {"parent_TextBlock": "Tb_12", "text": "Adjustments  made  for  a", "parent_Field": "Fi_7", "parent_Choice_Field": null, "parent_ChoiceGroup": null, "w": 247.2020421210782, "h": 22.67222222222233, "y": 367.5972222222223, "x": 847.55, "structure_id": "Tr_39"}, {"parent_TextBlock": "Tb_12", "text": "prior  year", "parent_Field": "Fi_7", "parent_Choice_Field": null, "parent_ChoiceGroup": null, "w": 82.44444444444446, "h": 22.67222222222233, "y": 390.9305555555556, "x": 844.9972222222223, "structure_id": "Tr_40"}, {"parent_TextBlock": "Tb_12", "text": "$", "parent_Field": "Fi_7", "parent_Choice_Field": null, "parent_ChoiceGroup": null, "w": 13.900000000000091, "h": 29.824999999999932, "y": 435.1361111111114, "x": 826.1, "structure_id": "Tr_41"}, {"parent_TextBlock": "Tb_13", "text": "2", "parent_Field": "Fi_8", "parent_Choice_Field": null, "parent_ChoiceGroup": null, "w": 10.811111111111131, "h": 23.197222222222223, "y": 200.48055555555555, "x": 828.3333333333333, "structure_id": "Tr_42"}, {"parent_TextBlock": "Tb_13", "text": "Amounts  billed  for", "parent_Field": "Fi_8", "parent_Choice_Field": null, "parent_ChoiceGroup": null, "w": 158.47222222222229, "h": 22.672222222222302, "y": 200.92777777777795, "x": 844.55, "structure_id": "Tr_43"}, {"parent_TextBlock": "Tb_13", "text": "qualified  tuition  and", "parent_Field": "Fi_8", "parent_Choice_Field": null, "parent_ChoiceGroup": null, "w": 170.72222222222206, "h": 22.67222222222233, "y": 220.37222222222238, "x": 844.9972222222223, "structure_id": "Tr_44"}, {"parent_TextBlock": "Tb_13", "text": "related  expenses", "parent_Field": "Fi_8", "parent_Choice_Field": null, "parent_ChoiceGroup": null, "w": 148.3611111111111, "h": 22.67222222222233, "y": 239.81666666666683, "x": 844.9972222222223, "structure_id": "Tr_45"}, {"parent_TextBlock": "Tb_13", "text": "$", "parent_Field": "Fi_8", "parent_Choice_Field": null, "parent_ChoiceGroup": null, "w": 13.900000000000091, "h": 29.824999999999932, "y": 268.4750000000002, "x": 826.1, "structure_id": "Tr_46"}, {"parent_TextBlock": "Tb_14", "text": "1098  -  T", "parent_Field": null, "parent_Choice_Field": null, "parent_ChoiceGroup": null, "w": 90.05555555555566, "h": 33.138888888888744, "y": 262.0305555555556, "x": 1180.3666666666666, "structure_id": "Tr_47"}, {"parent_TextBlock": "Tb_14", "text": "Form", "parent_Field": null, "parent_Choice_Field": null, "parent_ChoiceGroup": null, "w": 45.38333333333344, "h": 22.67222222222233, "y": 270.6027777777779, "x": 1129.5777777777778, "structure_id": "Tr_48"}, {"parent_TextBlock": "Tb_15", "text": "STUDENT'S  name", "parent_Field": "Fi_9", "parent_Choice_Field": null, "parent_ChoiceGroup": null, "w": 160.2611111111111, "h": 22.67222222222233, "y": 367.5972222222223, "x": 151.11111111111111, "structure_id": "Tr_49"}, {"parent_TextBlock": "Tb_16", "text": "STUDENT'S  taxpayer  identification  no  .", "parent_Field": "Fi_10", "parent_Choice_Field": null, "parent_ChoiceGroup": null, "w": 329.60394444444444, "h": 22.67222222222233, "y": 300.9277777777779, "x": 485.55555555555554, "structure_id": "Tr_50"}, {"parent_TextBlock": "Tb_17", "text": "Service  Provider  /  Acct  .  No  .  (  see  instr  .  )", "parent_Field": "Fi_11", "parent_Choice_Field": null, "parent_ChoiceGroup": null, "w": 324.41111111111127, "h": 22.67222222222233, "y": 600.9277777777779, "x": 151.11111111111111, "structure_id": "Tr_51"}, {"parent_TextBlock": "Tb_18", "text": "FILER'S  federal  no .", "parent_Field": "Fi_12", "parent_Choice_Field": null, "parent_ChoiceGroup": null, "w": 284.12222222222226, "h": 22.67222222222233, "y": 300.9277777777779, "x": 151.11111111111111, "structure_id": "Tr_52"}, {"parent_TextBlock": "Tb_18", "text": "identification", "parent_Field": "Fi_12", "parent_Choice_Field": null, "parent_ChoiceGroup": null, "w": 110.9111111111111, "h": 22.67222222222233, "y": 300.9277777777779, "x": 291.5388888888889, "structure_id": "Tr_53"}, {"parent_TextBlock": "Tb_19", "text": "9", "parent_Field": null, "parent_Choice_Field": "Chf_1", "parent_ChoiceGroup": "Chgp_1", "w": 10.811111111111131, "h": 23.197222222222194, "y": 600.4805555555555, "x": 828.3333333333333, "structure_id": "Tr_54"}, {"parent_TextBlock": "Tb_19", "text": "Check  if  a  graduate", "parent_Field": null, "parent_Choice_Field": "Chf_1", "parent_ChoiceGroup": "Chgp_1", "w": 169.98333333333335, "h": 22.67222222222233, "y": 600.9277777777779, "x": 844.55, "structure_id": "Tr_55"}, {"parent_TextBlock": "Tb_19", "text": "student . . .", "parent_Field": null, "parent_Choice_Field": "Chf_1", "parent_ChoiceGroup": "Chgp_1", "w": 76.24341062447309, "h": 22.67222222222233, "y": 631.4749999999999, "x": 844.9972222222223, "structure_id": "Tr_56"}, {"parent_TextBlock": "Tb_20", "text": "10", "parent_Field": "Fi_13", "parent_Choice_Field": null, "parent_ChoiceGroup": null, "w": 21.622222222222263, "h": 23.197222222222194, "y": 600.4805555555555, "x": 1102.7777777777778, "structure_id": "Tr_57"}, {"parent_TextBlock": "Tb_20", "text": "Ins  .  contract  reimb  .  /  refund", "parent_Field": "Fi_13", "parent_Choice_Field": null, "parent_ChoiceGroup": null, "w": 230.86388888888882, "h": 22.67222222222233, "y": 600.9277777777779, "x": 1129.8055555555557, "structure_id": "Tr_58"}, {"parent_TextBlock": "Tb_20", "text": "$", "parent_Field": "Fi_13", "parent_Choice_Field": null, "parent_ChoiceGroup": null, "w": 13.900000000000091, "h": 29.824999999999932, "y": 635.1361111111114, "x": 1106.1000000000001, "structure_id": "Tr_59"}, {"parent_TextBlock": "Tb_21", "text": "8383", "parent_Field": null, "parent_Choice_Field": null, "parent_ChoiceGroup": null, "w": 79.99999999999999, "h": 29.50000000000001, "y": 68.19444444444463, "x": 320, "structure_id": "Tr_60"}, {"parent_TextBlock": "Tb_22", "text": "Tuition", "parent_Field": null, "parent_Choice_Field": null, "parent_ChoiceGroup": null, "w": 105.83101896756114, "h": 36.4527777777779, "y": 175.69166666666672, "x": 1315, "structure_id": "Tr_61"}, {"parent_TextBlock": "Tb_22", "text": "Statement", "parent_Field": null, "parent_Choice_Field": null, "parent_ChoiceGroup": null, "w": 150.51666666666688, "h": 36.4527777777779, "y": 184.02777777777777, "x": 1449.4861111111113, "structure_id": "Tr_62"}, {"parent_TextBlock": "Tb_23", "text": "VOID", "parent_Field": null, "parent_Choice_Field": "Chf_2", "parent_ChoiceGroup": "Chgp_2", "w": 64.83333333333334, "h": 32.3888888888888, "y": 65.61111111111113, "x": 560, "structure_id": "Tr_63"}, {"parent_TextBlock": "Tb_24", "text": "CORRECTED", "parent_Field": null, "parent_Choice_Field": "Chf_3", "parent_ChoiceGroup": "Chgp_2", "w": 168.72222222222223, "h": 32.3888888888888, "y": 65.61111111111113, "x": 719.9999999999999, "structure_id": "Tr_64"}, {"parent_TextBlock": "Tb_25", "text": "3", "parent_Field": null, "parent_Choice_Field": "Chf_4", "parent_ChoiceGroup": "Chgp_3", "w": 10.811111111111131, "h": 23.197222222222194, "y": 300.48055555555555, "x": 828.3333333333333, "structure_id": "Tr_65"}, {"parent_TextBlock": "Tb_25", "text": "Check  if  you  have  changed  your  reporting  method  for  2017", "parent_Field": null, "parent_Choice_Field": "Chf_4", "parent_ChoiceGroup": "Chgp_3", "w": 513.2555555555557, "h": 22.67222222222233, "y": 300.9277777777779, "x": 844.55, "structure_id": "Tr_66"}, {"parent_TextBlock": "Tb_26", "text": "7", "parent_Field": null, "parent_Choice_Field": "Chf_5", "parent_ChoiceGroup": "Chgp_4", "w": 10.811111111111131, "h": 23.197222222222194, "y": 467.1499999999999, "x": 1111.111111111111, "structure_id": "Tr_67"}, {"parent_TextBlock": "Tb_26", "text": "Check  this  box  if  the", "parent_Field": null, "parent_Choice_Field": "Chf_5", "parent_ChoiceGroup": "Chgp_4", "w": 178.63611111111118, "h": 22.67222222222233, "y": 467.5972222222223, "x": 1127.3277777777778, "structure_id": "Tr_68"}, {"parent_TextBlock": "Tb_26", "text": "amount  in  box  1  or  2", "parent_Field": null, "parent_Choice_Field": "Chf_5", "parent_ChoiceGroup": "Chgp_4", "w": 180.11388888888882, "h": 22.67222222222233, "y": 488.42222222222216, "x": 1127.775, "structure_id": "Tr_69"}, {"parent_TextBlock": "Tb_26", "text": "includes  amounts  for", "parent_Field": null, "parent_Choice_Field": "Chf_5", "parent_ChoiceGroup": "Chgp_4", "w": 182.25277777777774, "h": 22.672222222222274, "y": 509.2472222222221, "x": 1127.775, "structure_id": "Tr_70"}, {"parent_TextBlock": "Tb_26", "text": "an  academic  period", "parent_Field": null, "parent_Choice_Field": "Chf_5", "parent_ChoiceGroup": "Chgp_4", "w": 172.16111111111104, "h": 22.67222222222233, "y": 530.072222222222, "x": 1127.775, "structure_id": "Tr_71"}, {"parent_TextBlock": "Tb_26", "text": "beginning  January ?", "parent_Field": null, "parent_Choice_Field": "Chf_5", "parent_ChoiceGroup": "Chgp_4", "w": 179.00555555555547, "h": 22.67222222222233, "y": 550.8972222222218, "x": 1127.775, "structure_id": "Tr_72"}, {"parent_TextBlock": "Tb_26", "text": "March 2018", "parent_Field": null, "parent_Choice_Field": "Chf_5", "parent_ChoiceGroup": "Chgp_4", "w": 96.11264449857254, "h": 22.67222222222233, "y": 572.5194444444439, "x": 1127.775, "structure_id": "Tr_73"}, {"parent_TextBlock": "Tb_27", "text": "8", "parent_Field": null, "parent_Choice_Field": "Chf_6", "parent_ChoiceGroup": "Chgp_5", "w": 10.811111111111131, "h": 23.197222222222194, "y": 600.4805555555555, "x": 568.3333333333333, "structure_id": "Tr_74"}, {"parent_TextBlock": "Tb_27", "text": "Check  if  at  least", "parent_Field": null, "parent_Choice_Field": "Chf_6", "parent_ChoiceGroup": "Chgp_5", "w": 170.45689258822665, "h": 22.67222222222233, "y": 600.9277777777779, "x": 584.55, "structure_id": "Tr_75"}, {"parent_TextBlock": "Tb_27", "text": "half  -  time  student", "parent_Field": null, "parent_Choice_Field": "Chf_6", "parent_ChoiceGroup": "Chgp_5", "w": 147.33055555555552, "h": 22.67222222222233, "y": 631.475, "x": 584.9972222222221, "structure_id": "Tr_76"}, {"parent_TextBlock": "Tb_28", "text": "Cat  .  No  .  25087J", "parent_Field": null, "parent_Choice_Field": null, "parent_ChoiceGroup": null, "w": 141.57500000000005, "h": 22.67222222222233, "y": 675.9277777777779, "x": 489.21388888888885, "structure_id": "Tr_77"}, {"parent_TextBlock": "Tb_29", "text": "www.irs.gov  /  form1098t", "parent_Field": null, "parent_Choice_Field": null, "parent_ChoiceGroup": null, "w": 203.4083333333333, "h": 22.67222222222233, "y": 678.7055555555557, "x": 868.2972222222222, "structure_id": "Tr_78"}, {"parent_TextBlock": "Tb_30", "text": "Do Not Cut or Separate Forms on This Page ? Do Not Cut or Separate Forms on This Page", "parent_Field": null, "parent_Choice_Field": null, "parent_ChoiceGroup": null, "w": 1452.9777777777783, "h": 25.321162237922863, "y": 703.6666564941406, "x": 140, "structure_id": "Tr_79"}], "ChoiceGroup": [{"y": 599.03125, "x": 820.515625, "structure_id": "Chgp_1", "w": 279, "h": 65}, {"y": 61.03125, "x": 514.515625, "structure_id": "Chgp_2", "w": 378, "h": 39}, {"y": 298.03125, "x": 819.5193911736725, "structure_id": "Chgp_3", "w": 557.9747938705038, "h": 67}, {"y": 464.03125, "x": 1098.515625, "structure_id": "Chgp_4", "w": 280, "h": 134}, {"y": 598.03125, "x": 559.515625, "structure_id": "Chgp_5", "w": 260, "h": 67}]}