{"Widget": [{"parent_Field": "Fi_1", "parent_Choice_Field": null, "parent_ChoiceGroup": null, "w": 679.9999999999999, "h": 72.22222222222221, "y": 394.4472222222225, "x": 140, "structure_id": "Wi_1"}, {"parent_Field": "Fi_2", "parent_Choice_Field": null, "parent_ChoiceGroup": null, "w": 679.9999999999999, "h": 38.8916666666666, "y": 561.1083333333333, "x": 140, "structure_id": "Wi_2"}, {"parent_Field": "Fi_3", "parent_Choice_Field": null, "parent_ChoiceGroup": null, "w": 679.9999999999999, "h": 144.44444444444443, "y": 155.55555555555554, "x": 140, "structure_id": "Wi_3"}, {"parent_Field": "Fi_4", "parent_Choice_Field": null, "parent_ChoiceGroup": null, "w": 679.9999999999999, "h": 38.891666666666914, "y": 627.7777777777777, "x": 140, "structure_id": "Wi_4"}, {"parent_Field": "Fi_5", "parent_Choice_Field": null, "parent_ChoiceGroup": null, "w": 340, "h": 38.891666666666914, "y": 327.77777777777777, "x": 140, "structure_id": "Wi_5"}, {"parent_Field": "Fi_6", "parent_Choice_Field": null, "parent_ChoiceGroup": null, "w": 339.99999999999994, "h": 38.891666666666914, "y": 327.77777777777777, "x": 480, "structure_id": "Wi_6"}, {"parent_Field": "Fi_7", "parent_Choice_Field": null, "parent_ChoiceGroup": null, "w": 679.9999999999999, "h": 38.8916666666666, "y": 494.4472222222225, "x": 140, "structure_id": "Wi_7"}, {"parent_Field": "Fi_8", "parent_Choice_Field": null, "parent_ChoiceGroup": null, "w": 260.00000000000006, "h": 33.33055555555531, "y": 166.66944444444468, "x": 839.9999999999999, "structure_id": "Wi_8"}, {"parent_Field": "Fi_9", "parent_Choice_Field": null, "parent_ChoiceGroup": null, "w": 260.00000000000006, "h": 33.33055555555531, "y": 266.6694444444447, "x": 839.9999999999999, "structure_id": "Wi_9"}, {"parent_Field": "Fi_10", "parent_Choice_Field": null, "parent_ChoiceGroup": null, "w": 260.00000000000006, "h": 33.33055555555562, "y": 333.33055555555563, "x": 839.9999999999999, "structure_id": "Wi_10"}, {"parent_Field": null, "parent_Choice_Field": "Chf_1", "parent_ChoiceGroup": "Chgp_1", "w": 27.77777777777778, "h": 27.77777777777778, "y": 69.44444444444444, "x": 520, "structure_id": "Wi_11"}, {"parent_Field": null, "parent_Choice_Field": "Chf_2", "parent_ChoiceGroup": "Chgp_1", "w": 27.77777777777778, "h": 27.77777777777778, "y": 69.44444444444444, "x": 680, "structure_id": "Wi_12"}, {"parent_Field": null, "parent_Choice_Field": "Chf_3", "parent_ChoiceGroup": "Chgp_2", "w": 22.22222222222222, "h": 22.22222222222222, "y": 421.9305555555555, "x": 1065.7333333333333, "structure_id": "Wi_13"}, {"parent_Field": null, "parent_Choice_Field": "Chf_4", "parent_ChoiceGroup": "Chgp_3", "w": 22.22222222222222, "h": 22.22222222222222, "y": 338.88333333333344, "x": 1345.5527777777777, "structure_id": "Wi_14"}, {"parent_Field": null, "parent_Choice_Field": "Chf_5", "parent_ChoiceGroup": "Chgp_4", "w": 22.22222222222222, "h": 22.22222222222222, "y": 421.9305555555555, "x": 1345.5527777777777, "structure_id": "Wi_15"}], "TextBlock": [{"parent_Field": null, "parent_Choice_Field": null, "parent_ChoiceGroup": null, "w": 164.51111111111106, "h": 33.1388888888888, "y": 664.9722222222222, "x": 140, "structure_id": "Tb_1"}, {"parent_Field": null, "parent_Choice_Field": null, "parent_ChoiceGroup": null, "w": 143.36388888888882, "h": 22.67222222222233, "y": 675.9277777777779, "x": 408.31944444444446, "structure_id": "Tb_2"}, {"parent_Field": null, "parent_Choice_Field": null, "parent_ChoiceGroup": null, "w": 1450.7777777777778, "h": 36.177777777777806, "y": 695.1972222222224, "x": 140, "structure_id": "Tb_3"}, {"parent_Field": null, "parent_Choice_Field": null, "parent_ChoiceGroup": null, "w": 472.49999999999955, "h": 22.67222222222233, "y": 675.9277777777779, "x": 1127.5083333333334, "structure_id": "Tb_4"}, {"parent_Field": "Fi_1", "parent_Choice_Field": null, "parent_ChoiceGroup": null, "w": 170.68333333333337, "h": 22.67222222222233, "y": 370.3750000000001, "x": 151.11111111111111, "structure_id": "Tb_5"}, {"parent_Field": "Fi_2", "parent_Choice_Field": null, "parent_ChoiceGroup": null, "w": 613.6277777777779, "h": 22.67222222222233, "y": 537.0361111111113, "x": 151.11111111111111, "structure_id": "Tb_6"}, {"parent_Field": null, "parent_Choice_Field": null, "parent_ChoiceGroup": null, "w": 164.51111111111095, "h": 33.138888888888744, "y": 262.4305555555556, "x": 1107.7444444444445, "structure_id": "Tb_7"}, {"parent_Field": "Fi_3", "parent_Choice_Field": null, "parent_ChoiceGroup": null, "w": 656.6677712874526, "h": 45.89722222222227, "y": 102.70555555555572, "x": 150.1111111111111, "structure_id": "Tb_8"}, {"parent_Field": "Fi_4", "parent_Choice_Field": null, "parent_ChoiceGroup": null, "w": 296.78055555555557, "h": 22.67222222222233, "y": 603.7055555555557, "x": 151.11111111111111, "structure_id": "Tb_9"}, {"parent_Field": null, "parent_Choice_Field": null, "parent_ChoiceGroup": null, "w": 79.99999999999999, "h": 29.50000000000001, "y": 68.19444444444463, "x": 320, "structure_id": "Tb_10"}, {"parent_Field": null, "parent_Choice_Field": null, "parent_ChoiceGroup": null, "w": 167.60972222222222, "h": 21.05277777777765, "y": 103.49166666666683, "x": 1106.1944444444443, "structure_id": "Tb_11"}, {"parent_Field": "Fi_5", "parent_Choice_Field": null, "parent_ChoiceGroup": null, "w": 294.9138888888889, "h": 22.67222222222233, "y": 303.7055555555557, "x": 151.11111111111111, "structure_id": "Tb_12"}, {"parent_Field": null, "parent_Choice_Field": null, "parent_ChoiceGroup": null, "w": 144.44444444444443, "h": 70.11111111111113, "y": 156.7777777777779, "x": 1117.7777777777776, "structure_id": "Tb_13"}, {"parent_Field": "Fi_6", "parent_Choice_Field": null, "parent_ChoiceGroup": null, "w": 318.3250000000001, "h": 22.67222222222233, "y": 303.7055555555557, "x": 491.11111111111114, "structure_id": "Tb_14"}, {"parent_Field": "Fi_7", "parent_Choice_Field": null, "parent_ChoiceGroup": null, "w": 293.1638888888889, "h": 22.67222222222233, "y": 470.37500000000006, "x": 151.11111111111111, "structure_id": "Tb_15"}, {"parent_Field": "Fi_8", "parent_Choice_Field": null, "parent_ChoiceGroup": null, "w": 175.71388888888885, "h": 94.94166666666688, "y": 103.25833333333334, "x": 826.1, "structure_id": "Tb_16"}, {"parent_Field": "Fi_9", "parent_Choice_Field": null, "parent_ChoiceGroup": null, "w": 96.84722222222229, "h": 94.94166666666695, "y": 203.25833333333333, "x": 826.1, "structure_id": "Tb_17"}, {"parent_Field": "Fi_10", "parent_Choice_Field": null, "parent_ChoiceGroup": null, "w": 68.75, "h": 61.60277777777816, "y": 303.2583333333333, "x": 826.1, "structure_id": "Tb_18"}, {"parent_Field": null, "parent_Choice_Field": null, "parent_ChoiceGroup": null, "w": 211.88888888888914, "h": 354.45301755167236, "y": 298.3027777777778, "x": 1388.1138888888888, "structure_id": "Tb_19"}, {"parent_Field": null, "parent_Choice_Field": "Chf_1", "parent_ChoiceGroup": "Chgp_1", "w": 64.83333333333337, "h": 32.3888888888888, "y": 65.61111111111113, "x": 560, "structure_id": "Tb_20"}, {"parent_Field": null, "parent_Choice_Field": "Chf_2", "parent_ChoiceGroup": "Chgp_1", "w": 168.72222222222217, "h": 32.3888888888888, "y": 65.61111111111113, "x": 720.8333333333333, "structure_id": "Tb_21"}, {"parent_Field": null, "parent_Choice_Field": "Chf_3", "parent_ChoiceGroup": "Chgp_2", "w": 217.17500000000018, "h": 46.45277777777801, "y": 369.9277777777777, "x": 831.1111111111111, "structure_id": "Tb_22"}, {"parent_Field": null, "parent_Choice_Field": "Chf_4", "parent_ChoiceGroup": "Chgp_3", "w": 197.3611111111111, "h": 46.45277777777801, "y": 303.2583333333333, "x": 1111.111111111111, "structure_id": "Tb_23"}, {"parent_Field": null, "parent_Choice_Field": "Chf_5", "parent_ChoiceGroup": "Chgp_4", "w": 257.6685834993973, "h": 69.78611111111127, "y": 369.9277777777777, "x": 1111.111111111111, "structure_id": "Tb_24"}, {"parent_Field": null, "parent_Choice_Field": null, "parent_ChoiceGroup": null, "w": 316, "h": 77, "y": 154.66665649414062, "x": 1284.3333129882812, "structure_id": "Tb_25"}, {"parent_Field": null, "parent_Choice_Field": null, "parent_ChoiceGroup": null, "w": 219.2555555555557, "h": 22.67222222222233, "y": 675.9277777777779, "x": 770.3722222222221, "structure_id": "Tb_26"}], "Choice_Field": [{"y": 65.61111111111113, "x": 520, "structure_id": "Chf_1", "w": 104.83333333333337, "h": 32.3888888888888}, {"y": 65.61111111111113, "x": 680, "structure_id": "Chf_2", "w": 209.55555555555543, "h": 32.3888888888888}, {"y": 369.9277777777777, "x": 831.1111111111111, "structure_id": "Chf_3", "w": 256.84444444444443, "h": 74.22500000000002}, {"y": 303.2583333333333, "x": 1111.111111111111, "structure_id": "Chf_4", "w": 256.6638888888888, "h": 57.84722222222234}, {"y": 369.9277777777777, "x": 1111.111111111111, "structure_id": "Chf_5", "w": 257.6685834993973, "h": 74.22500000000002}], "Field": [{"y": 370.3750000000001, "x": 140, "structure_id": "Fi_1", "w": 679.9999999999999, "h": 96.2944444444446}, {"y": 537.0361111111113, "x": 140, "structure_id": "Fi_2", "w": 679.9999999999999, "h": 62.96388888888873}, {"y": 102.70555555555572, "x": 140, "structure_id": "Fi_3", "w": 679.9999999999999, "h": 197.29444444444428}, {"y": 603.7055555555557, "x": 140, "structure_id": "Fi_4", "w": 679.9999999999999, "h": 62.963888888888846}, {"y": 303.7055555555557, "x": 140, "structure_id": "Fi_5", "w": 340, "h": 62.96388888888902}, {"y": 303.7055555555557, "x": 480, "structure_id": "Fi_6", "w": 340, "h": 62.96388888888902}, {"y": 470.37500000000006, "x": 140, "structure_id": "Fi_7", "w": 679.9999999999999, "h": 62.96388888888902}, {"y": 103.25833333333334, "x": 826.1, "structure_id": "Fi_8", "w": 273.9, "h": 96.74166666666666}, {"y": 203.25833333333333, "x": 826.1, "structure_id": "Fi_9", "w": 273.9, "h": 96.74166666666667}, {"y": 303.2583333333333, "x": 826.1, "structure_id": "Fi_10", "w": 273.9, "h": 63.40277777777794}], "TextRun": [{"parent_TextBlock": "Tb_1", "text": "1099 - QA Form", "parent_Field": null, "parent_Choice_Field": null, "parent_ChoiceGroup": null, "w": 164.51111111111106, "h": 33.1388888888888, "y": 664.9722222222222, "x": 140, "structure_id": "Tr_1"}, {"parent_TextBlock": "Tb_2", "text": "Cat . No . 67554X", "parent_Field": null, "parent_Choice_Field": null, "parent_ChoiceGroup": null, "w": 143.36388888888882, "h": 22.67222222222233, "y": 675.9277777777779, "x": 408.31944444444446, "structure_id": "Tr_2"}, {"parent_TextBlock": "Tb_3", "text": "Do Not Cut or Separate Forms on This Page? Do Not Cut or Separate Forms on This Page", "parent_Field": null, "parent_Choice_Field": null, "parent_ChoiceGroup": null, "w": 1450.7777777777778, "h": 36.177777777777806, "y": 695.1972222222224, "x": 140, "structure_id": "Tr_3"}, {"parent_TextBlock": "Tb_4", "text": "Department of the Treasury - Internal Revenue Service", "parent_Field": null, "parent_Choice_Field": null, "parent_ChoiceGroup": null, "w": 472.49999999999955, "h": 22.67222222222233, "y": 675.9277777777779, "x": 1127.5083333333334, "structure_id": "Tr_4"}, {"parent_TextBlock": "Tb_5", "text": "RECIPIENT?S name", "parent_Field": "Fi_1", "parent_Choice_Field": null, "parent_ChoiceGroup": null, "w": 170.68333333333337, "h": 22.67222222222233, "y": 370.3750000000001, "x": 151.11111111111111, "structure_id": "Tr_5"}, {"parent_TextBlock": "Tb_6", "text": "City or town , state or province , country , and ZIP or foreign postal code", "parent_Field": "Fi_2", "parent_Choice_Field": null, "parent_ChoiceGroup": null, "w": 613.6277777777779, "h": 22.67222222222233, "y": 537.0361111111113, "x": 151.11111111111111, "structure_id": "Tr_6"}, {"parent_TextBlock": "Tb_7", "text": "1099  -  QA", "parent_Field": null, "parent_Choice_Field": null, "parent_ChoiceGroup": null, "w": 113.72222222222217, "h": 33.138888888888744, "y": 262.4305555555556, "x": 1158.5333333333333, "structure_id": "Tr_7"}, {"parent_TextBlock": "Tb_7", "text": "Form", "parent_Field": null, "parent_Choice_Field": null, "parent_ChoiceGroup": null, "w": 45.38333333333344, "h": 22.67222222222233, "y": 271.00277777777785, "x": 1107.7444444444445, "structure_id": "Tr_8"}, {"parent_TextBlock": "Tb_8", "text": "PAYER?Sname,streetaddress,cityortown,stateorprovince,country,ZIPor", "parent_Field": "Fi_3", "parent_Choice_Field": null, "parent_ChoiceGroup": null, "w": 656.6677712874526, "h": 22.672222222222317, "y": 102.70555555555572, "x": 150.1111111111111, "structure_id": "Tr_9"}, {"parent_TextBlock": "Tb_8", "text": "foreign postal code , and telephone no .", "parent_Field": "Fi_3", "parent_Choice_Field": null, "parent_ChoiceGroup": null, "w": 302.1025000000001, "h": 22.67222222222233, "y": 125.93055555555566, "x": 151.11111111111111, "structure_id": "Tr_10"}, {"parent_TextBlock": "Tb_9", "text": "Account number ( see instructions)", "parent_Field": "Fi_4", "parent_Choice_Field": null, "parent_ChoiceGroup": null, "w": 296.78055555555557, "h": 22.67222222222233, "y": 603.7055555555557, "x": 151.11111111111111, "structure_id": "Tr_11"}, {"parent_TextBlock": "Tb_10", "text": "1A1A", "parent_Field": null, "parent_Choice_Field": null, "parent_ChoiceGroup": null, "w": 79.99999999999999, "h": 29.50000000000001, "y": 68.19444444444463, "x": 320, "structure_id": "Tr_12"}, {"parent_TextBlock": "Tb_11", "text": "OMB No . 1545 - 2262", "parent_Field": null, "parent_Choice_Field": null, "parent_ChoiceGroup": null, "w": 167.60972222222222, "h": 21.05277777777765, "y": 103.49166666666683, "x": 1106.1944444444443, "structure_id": "Tr_13"}, {"parent_TextBlock": "Tb_12", "text": "PAYER?S federal identification no .", "parent_Field": "Fi_5", "parent_Choice_Field": null, "parent_ChoiceGroup": null, "w": 294.9138888888889, "h": 22.67222222222233, "y": 303.7055555555557, "x": 151.11111111111111, "structure_id": "Tr_14"}, {"parent_TextBlock": "Tb_13", "text": "2017", "parent_Field": null, "parent_Choice_Field": null, "parent_ChoiceGroup": null, "w": 144.44444444444443, "h": 70.11111111111113, "y": 156.7777777777779, "x": 1117.7777777777776, "structure_id": "Tr_15"}, {"parent_TextBlock": "Tb_14", "text": "RECIPIENT?S  social  security  number", "parent_Field": "Fi_6", "parent_Choice_Field": null, "parent_ChoiceGroup": null, "w": 318.3250000000001, "h": 22.67222222222233, "y": 303.7055555555557, "x": 491.11111111111114, "structure_id": "Tr_16"}, {"parent_TextBlock": "Tb_15", "text": "Street address ( including apt . no .)", "parent_Field": "Fi_7", "parent_Choice_Field": null, "parent_ChoiceGroup": null, "w": 293.1638888888889, "h": 22.67222222222233, "y": 470.37500000000006, "x": 151.11111111111111, "structure_id": "Tr_17"}, {"parent_TextBlock": "Tb_16", "text": "1", "parent_Field": "Fi_8", "parent_Choice_Field": null, "parent_ChoiceGroup": null, "w": 10.811111111111131, "h": 23.197222222222223, "y": 103.25833333333334, "x": 831.1111111111111, "structure_id": "Tr_18"}, {"parent_TextBlock": "Tb_16", "text": "Gross distribution", "parent_Field": "Fi_8", "parent_Choice_Field": null, "parent_ChoiceGroup": null, "w": 154.4861111111111, "h": 22.672222222222317, "y": 103.70555555555572, "x": 847.3277777777778, "structure_id": "Tr_19"}, {"parent_TextBlock": "Tb_16", "text": "$", "parent_Field": "Fi_8", "parent_Choice_Field": null, "parent_ChoiceGroup": null, "w": 13.900000000000091, "h": 29.150000000000063, "y": 169.05000000000015, "x": 826.1, "structure_id": "Tr_20"}, {"parent_TextBlock": "Tb_17", "text": "2", "parent_Field": "Fi_9", "parent_Choice_Field": null, "parent_ChoiceGroup": null, "w": 10.811111111111131, "h": 23.197222222222223, "y": 203.25833333333333, "x": 831.1111111111111, "structure_id": "Tr_21"}, {"parent_TextBlock": "Tb_17", "text": "Earnings", "parent_Field": "Fi_9", "parent_Choice_Field": null, "parent_ChoiceGroup": null, "w": 75.61944444444453, "h": 22.672222222222302, "y": 203.70555555555572, "x": 847.3277777777778, "structure_id": "Tr_22"}, {"parent_TextBlock": "Tb_17", "text": "$", "parent_Field": "Fi_9", "parent_Choice_Field": null, "parent_ChoiceGroup": null, "w": 13.900000000000091, "h": 29.15000000000009, "y": 269.0500000000002, "x": 826.1, "structure_id": "Tr_23"}, {"parent_TextBlock": "Tb_18", "text": "3", "parent_Field": "Fi_10", "parent_Choice_Field": null, "parent_ChoiceGroup": null, "w": 10.811111111111131, "h": 23.197222222222194, "y": 303.2583333333333, "x": 831.1111111111111, "structure_id": "Tr_24"}, {"parent_TextBlock": "Tb_18", "text": "Basis", "parent_Field": "Fi_10", "parent_Choice_Field": null, "parent_ChoiceGroup": null, "w": 47.52222222222224, "h": 22.67222222222233, "y": 303.7055555555557, "x": 847.3277777777778, "structure_id": "Tr_25"}, {"parent_TextBlock": "Tb_18", "text": "$", "parent_Field": "Fi_10", "parent_Choice_Field": null, "parent_ChoiceGroup": null, "w": 13.900000000000091, "h": 29.15000000000009, "y": 335.7111111111114, "x": 826.1, "structure_id": "Tr_26"}, {"parent_TextBlock": "Tb_19", "text": "Copy  A", "parent_Field": null, "parent_Choice_Field": null, "parent_ChoiceGroup": null, "w": 95.69444444444457, "h": 33.138888888888744, "y": 298.3027777777778, "x": 1504.3055555555554, "structure_id": "Tr_27"}, {"parent_TextBlock": "Tb_19", "text": "For", "parent_Field": null, "parent_Choice_Field": null, "parent_ChoiceGroup": null, "w": 39.825000000000045, "h": 29.824999999999932, "y": 335.13888888888914, "x": 1560.175, "structure_id": "Tr_28"}, {"parent_TextBlock": "Tb_19", "text": "Internal  Revenue", "parent_Field": null, "parent_Choice_Field": null, "parent_ChoiceGroup": null, "w": 201.39999999999986, "h": 29.824999999999932, "y": 362.9138888888892, "x": 1398.6, "structure_id": "Tr_29"}, {"parent_TextBlock": "Tb_19", "text": "Service  Center", "parent_Field": null, "parent_Choice_Field": null, "parent_ChoiceGroup": null, "w": 175.97500000000014, "h": 29.824999999999932, "y": 390.68888888888927, "x": 1424.0249999999999, "structure_id": "Tr_30"}, {"parent_TextBlock": "Tb_19", "text": "File  with  Form  1096  .", "parent_Field": null, "parent_Choice_Field": null, "parent_ChoiceGroup": null, "w": 211.8888888888889, "h": 26.511111111111063, "y": 433.08333333333354, "x": 1388.1138888888888, "structure_id": "Tr_31"}, {"parent_TextBlock": "Tb_19", "text": "For  Privacy  Act", "parent_Field": null, "parent_Choice_Field": null, "parent_ChoiceGroup": null, "w": 151.422222222222, "h": 25.91111111111104, "y": 461.3805555555558, "x": 1448.5805555555555, "structure_id": "Tr_32"}, {"parent_TextBlock": "Tb_19", "text": "and  Paperwork", "parent_Field": null, "parent_Choice_Field": null, "parent_ChoiceGroup": null, "w": 151.02222222222235, "h": 25.91111111111104, "y": 486.3805555555558, "x": 1448.9805555555556, "structure_id": "Tr_33"}, {"parent_TextBlock": "Tb_19", "text": "Reduction  Act", "parent_Field": null, "parent_Choice_Field": null, "parent_ChoiceGroup": null, "w": 141.17777777777746, "h": 25.91111111111104, "y": 511.3805555555558, "x": 1458.825, "structure_id": "Tr_34"}, {"parent_TextBlock": "Tb_19", "text": "Notice  ,  see  the", "parent_Field": null, "parent_Choice_Field": null, "parent_ChoiceGroup": null, "w": 149.4000000000001, "h": 25.91111111111104, "y": 536.3805555555558, "x": 1450.6027777777776, "structure_id": "Tr_35"}, {"parent_TextBlock": "Tb_19", "text": "2017  General", "parent_Field": null, "parent_Choice_Field": null, "parent_ChoiceGroup": null, "w": 138.28888888888878, "h": 26.511111111111063, "y": 560.8694444444448, "x": 1461.7138888888887, "structure_id": "Tr_36"}, {"parent_TextBlock": "Tb_19", "text": "Instructions  for", "parent_Field": null, "parent_Choice_Field": null, "parent_ChoiceGroup": null, "w": 162.1111111111113, "h": 26.511111111111063, "y": 585.8694444444448, "x": 1437.8916666666664, "structure_id": "Tr_37"}, {"parent_TextBlock": "Tb_19", "text": "Certain  Information", "parent_Field": null, "parent_Choice_Field": null, "parent_ChoiceGroup": null, "w": 206.08888888888896, "h": 26.511111111111063, "y": 610.8694444444448, "x": 1393.9138888888888, "structure_id": "Tr_38"}, {"parent_TextBlock": "Tb_19", "text": "Returns .", "parent_Field": null, "parent_Choice_Field": null, "parent_ChoiceGroup": null, "w": 89.73333333333335, "h": 16.886350885005413, "y": 635.8694444444448, "x": 1510.2694444444442, "structure_id": "Tr_39"}, {"parent_TextBlock": "Tb_20", "text": "VOID", "parent_Field": null, "parent_Choice_Field": "Chf_1", "parent_ChoiceGroup": "Chgp_1", "w": 64.83333333333334, "h": 32.3888888888888, "y": 65.61111111111113, "x": 560, "structure_id": "Tr_40"}, {"parent_TextBlock": "Tb_21", "text": "CORRECTED", "parent_Field": null, "parent_Choice_Field": "Chf_2", "parent_ChoiceGroup": "Chgp_1", "w": 168.72222222222223, "h": 32.3888888888888, "y": 65.61111111111113, "x": 720.8333333333333, "structure_id": "Tr_41"}, {"parent_TextBlock": "Tb_22", "text": "5", "parent_Field": null, "parent_Choice_Field": "Chf_3", "parent_ChoiceGroup": "Chgp_2", "w": 10.811111111111131, "h": 23.197222222222194, "y": 369.9277777777777, "x": 831.1111111111111, "structure_id": "Tr_42"}, {"parent_TextBlock": "Tb_22", "text": "Check  if  ABLE  account", "parent_Field": null, "parent_Choice_Field": "Chf_3", "parent_ChoiceGroup": "Chgp_2", "w": 200.95833333333348, "h": 22.67222222222233, "y": 370.3750000000001, "x": 847.3277777777778, "structure_id": "Tr_43"}, {"parent_TextBlock": "Tb_22", "text": "terminated  in  2017", "parent_Field": null, "parent_Choice_Field": "Chf_3", "parent_ChoiceGroup": "Chgp_2", "w": 162.47777777777787, "h": 22.67222222222233, "y": 393.70833333333337, "x": 847.775, "structure_id": "Tr_44"}, {"parent_TextBlock": "Tb_23", "text": "4", "parent_Field": null, "parent_Choice_Field": "Chf_4", "parent_ChoiceGroup": "Chgp_3", "w": 10.811111111111131, "h": 23.197222222222194, "y": 303.2583333333333, "x": 1111.111111111111, "structure_id": "Tr_45"}, {"parent_TextBlock": "Tb_23", "text": "Program  -  to  -  program", "parent_Field": null, "parent_Choice_Field": "Chf_4", "parent_ChoiceGroup": "Chgp_3", "w": 181.1444444444444, "h": 22.67222222222233, "y": 303.7055555555557, "x": 1127.3277777777778, "structure_id": "Tr_46"}, {"parent_TextBlock": "Tb_23", "text": "transfer", "parent_Field": null, "parent_Choice_Field": "Chf_4", "parent_ChoiceGroup": "Chgp_3", "w": 66.24722222222226, "h": 22.67222222222233, "y": 327.038888888889, "x": 1127.775, "structure_id": "Tr_47"}, {"parent_TextBlock": "Tb_24", "text": "6", "parent_Field": null, "parent_Choice_Field": "Chf_5", "parent_ChoiceGroup": "Chgp_4", "w": 10.811111111111131, "h": 23.197222222222194, "y": 369.9277777777777, "x": 1111.111111111111, "structure_id": "Tr_48"}, {"parent_TextBlock": "Tb_24", "text": "Check  if  the  recipient  is", "parent_Field": null, "parent_Choice_Field": "Chf_5", "parent_ChoiceGroup": "Chgp_4", "w": 241.45191683273083, "h": 22.67222222222233, "y": 370.3750000000001, "x": 1127.3277777777776, "structure_id": "Tr_49"}, {"parent_TextBlock": "Tb_24", "text": "not  the  designated", "parent_Field": null, "parent_Choice_Field": "Chf_5", "parent_ChoiceGroup": "Chgp_4", "w": 162.80833333333317, "h": 22.67222222222233, "y": 393.70833333333337, "x": 1127.775, "structure_id": "Tr_50"}, {"parent_TextBlock": "Tb_24", "text": "beneficiary", "parent_Field": null, "parent_Choice_Field": "Chf_5", "parent_ChoiceGroup": "Chgp_4", "w": 94.69444444444457, "h": 22.67222222222233, "y": 417.04166666666663, "x": 1127.775, "structure_id": "Tr_51"}, {"parent_TextBlock": "Tb_25", "text": "distributions from  ABLE accounts", "parent_Field": null, "parent_Choice_Field": null, "parent_ChoiceGroup": null, "w": 316, "h": 77, "y": 154.66665649414062, "x": 1284.3333129882812, "structure_id": "Tr_52"}, {"parent_TextBlock": "Tb_26", "text": "www.irs.gov / form1099qa", "parent_Field": null, "parent_Choice_Field": null, "parent_ChoiceGroup": null, "w": 219.2555555555557, "h": 22.67222222222233, "y": 675.9277777777779, "x": 770.3722222222221, "structure_id": "Tr_53"}], "ChoiceGroup": [{"y": 64.03125, "x": 511, "structure_id": "Chgp_1", "w": 383, "h": 33}, {"y": 371.03125, "x": 826, "structure_id": "Chgp_2", "w": 266, "h": 75}, {"y": 299.03125, "x": 1108, "structure_id": "Chgp_3", "w": 264, "h": 68}, {"y": 370.03125, "x": 1107, "structure_id": "Chgp_4", "w": 264, "h": 73}]}