{"Widget": [{"parent_Field": "Fi_1", "parent_Choice_Field": null, "parent_ChoiceGroup": null, "w": 339.99999999999994, "h": 38.891666666666914, "y": 327.77777777777777, "x": 480, "structure_id": "Wi_1"}, {"parent_Field": "Fi_2", "parent_Choice_Field": null, "parent_ChoiceGroup": null, "w": 679.9999999999999, "h": 72.22222222222221, "y": 394.4472222222225, "x": 140, "structure_id": "Wi_2"}, {"parent_Field": "Fi_3", "parent_Choice_Field": null, "parent_ChoiceGroup": null, "w": 679.9999999999999, "h": 38.891666666666914, "y": 627.7777777777777, "x": 140, "structure_id": "Wi_3"}, {"parent_Field": "Fi_4", "parent_Choice_Field": null, "parent_ChoiceGroup": null, "w": 679.9999999999999, "h": 38.8916666666666, "y": 561.1083333333333, "x": 140, "structure_id": "Wi_4"}, {"parent_Field": "Fi_5", "parent_Choice_Field": null, "parent_ChoiceGroup": null, "w": 240.45000000000002, "h": 33.33055555555562, "y": 200, "x": 859.55, "structure_id": "Wi_5"}, {"parent_Field": "Fi_6", "parent_Choice_Field": null, "parent_ChoiceGroup": null, "w": 679.9999999999999, "h": 133.33333333333331, "y": 166.66666666666666, "x": 140, "structure_id": "Wi_6"}, {"parent_Field": "Fi_7", "parent_Choice_Field": null, "parent_ChoiceGroup": null, "w": 340, "h": 38.891666666666914, "y": 327.77777777777777, "x": 140, "structure_id": "Wi_7"}, {"parent_Field": "Fi_8", "parent_Choice_Field": null, "parent_ChoiceGroup": null, "w": 679.9999999999999, "h": 38.8916666666666, "y": 494.4472222222225, "x": 140, "structure_id": "Wi_8"}, {"parent_Field": "Fi_9", "parent_Choice_Field": null, "parent_ChoiceGroup": null, "w": 280, "h": 38.891666666666914, "y": 127.77777777777777, "x": 819.9999999999999, "structure_id": "Wi_9"}, {"parent_Field": "Fi_10", "parent_Choice_Field": null, "parent_ChoiceGroup": null, "w": 280, "h": 38.8916666666666, "y": 261.11666666666684, "x": 819.9999999999999, "structure_id": "Wi_10"}, {"parent_Field": "Fi_11", "parent_Choice_Field": null, "parent_ChoiceGroup": null, "w": 280, "h": 38.8916666666666, "y": 261.11666666666684, "x": 1100, "structure_id": "Wi_11"}, {"parent_Field": "Fi_12", "parent_Choice_Field": null, "parent_ChoiceGroup": null, "w": 560, "h": 72.22222222222221, "y": 527.7777777777777, "x": 819.9999999999999, "structure_id": "Wi_12"}, {"parent_Field": null, "parent_Choice_Field": "Chf_1", "parent_ChoiceGroup": "Chgp_1", "w": 25, "h": 25, "y": 70.83333333333333, "x": 520, "structure_id": "Wi_13"}, {"parent_Field": null, "parent_Choice_Field": "Chf_2", "parent_ChoiceGroup": "Chgp_1", "w": 25, "h": 25, "y": 70.83333333333333, "x": 680, "structure_id": "Wi_14"}], "TextBlock": [{"parent_Field": null, "parent_Choice_Field": null, "parent_ChoiceGroup": null, "w": 472.49999999999955, "h": 22.67222222222233, "y": 675.9277777777779, "x": 1127.5083333333334, "structure_id": "Tb_1"}, {"parent_Field": null, "parent_Choice_Field": null, "parent_ChoiceGroup": null, "w": 1456.249999999999, "h": 27.698453177657825, "y": 709.4416666666666, "x": 146.8888888888889, "structure_id": "Tb_2"}, {"parent_Field": null, "parent_Choice_Field": null, "parent_ChoiceGroup": null, "w": 229.6972222222222, "h": 22.67222222222233, "y": 675.9277777777779, "x": 795.1527777777777, "structure_id": "Tb_3"}, {"parent_Field": null, "parent_Choice_Field": null, "parent_ChoiceGroup": null, "w": 211.8888888888889, "h": 351.8555555555562, "y": 264.9722222222222, "x": 1388.1138888888888, "structure_id": "Tb_4"}, {"parent_Field": "Fi_1", "parent_Choice_Field": null, "parent_ChoiceGroup": null, "w": 310.06111111111125, "h": 22.67222222222233, "y": 303.7055555555557, "x": 485.55555555555554, "structure_id": "Tb_5"}, {"parent_Field": null, "parent_Choice_Field": null, "parent_ChoiceGroup": null, "w": 168.8888888888887, "h": 29.824999999999903, "y": 201.81388888888893, "x": 1115.5555555555557, "structure_id": "Tb_6"}, {"parent_Field": null, "parent_Choice_Field": null, "parent_ChoiceGroup": null, "w": 180.5027777777775, "h": 22.672222222222317, "y": 103.70555555555572, "x": 1109.75, "structure_id": "Tb_7"}, {"parent_Field": "Fi_2", "parent_Choice_Field": null, "parent_ChoiceGroup": null, "w": 214.64722222222224, "h": 22.67222222222233, "y": 370.3750000000001, "x": 145.55555555555554, "structure_id": "Tb_8"}, {"parent_Field": "Fi_3", "parent_Choice_Field": null, "parent_ChoiceGroup": null, "w": 296.78055555555557, "h": 22.67222222222233, "y": 603.7055555555557, "x": 145.55555555555554, "structure_id": "Tb_9"}, {"parent_Field": "Fi_4", "parent_Choice_Field": null, "parent_ChoiceGroup": null, "w": 613.6277777777779, "h": 22.67222222222233, "y": 537.0361111111113, "x": 145.55555555555554, "structure_id": "Tb_10"}, {"parent_Field": null, "parent_Choice_Field": null, "parent_ChoiceGroup": null, "w": 444.81111111111136, "h": 46.00555555555559, "y": 607.3166666666667, "x": 860, "structure_id": "Tb_11"}, {"parent_Field": "Fi_5", "parent_Choice_Field": null, "parent_ChoiceGroup": null, "w": 244.92222222222233, "h": 61.40555555555554, "y": 169.92777777777772, "x": 825.5555555555555, "structure_id": "Tb_12"}, {"parent_Field": null, "parent_Choice_Field": null, "parent_ChoiceGroup": null, "w": 158.8888888888889, "h": 50.37070760395082, "y": 142.66665649414062, "x": 1119.5555555555554, "structure_id": "Tb_13"}, {"parent_Field": "Fi_6", "parent_Choice_Field": null, "parent_ChoiceGroup": null, "w": 663.2489338580059, "h": 46.00555555555559, "y": 103.70555555555572, "x": 145.55555555555554, "structure_id": "Tb_14"}, {"parent_Field": "Fi_7", "parent_Choice_Field": null, "parent_ChoiceGroup": null, "w": 331.4013888888891, "h": 22.67222222222233, "y": 303.7055555555557, "x": 145.55555555555554, "structure_id": "Tb_15"}, {"parent_Field": "Fi_8", "parent_Choice_Field": null, "parent_ChoiceGroup": null, "w": 293.16388888888895, "h": 22.67222222222233, "y": 470.37500000000006, "x": 145.55555555555554, "structure_id": "Tb_16"}, {"parent_Field": "Fi_9", "parent_Choice_Field": null, "parent_ChoiceGroup": null, "w": 243.36810566738416, "h": 23.197222222222223, "y": 103.25833333333334, "x": 825.5555555555555, "structure_id": "Tb_17"}, {"parent_Field": "Fi_10", "parent_Choice_Field": null, "parent_ChoiceGroup": null, "w": 244.5333333333332, "h": 23.197222222222223, "y": 236.5972222222221, "x": 825.5555555555555, "structure_id": "Tb_18"}, {"parent_Field": "Fi_11", "parent_Choice_Field": null, "parent_ChoiceGroup": null, "w": 266.8555555555556, "h": 23.197222222222223, "y": 236.5972222222221, "x": 1105.5555555555554, "structure_id": "Tb_19"}, {"parent_Field": "Fi_12", "parent_Choice_Field": null, "parent_ChoiceGroup": null, "w": 10.811111111111131, "h": 23.197222222222194, "y": 503.2583333333333, "x": 825.5555555555555, "structure_id": "Tb_20"}, {"parent_Field": null, "parent_Choice_Field": null, "parent_ChoiceGroup": null, "w": 79.99999999999999, "h": 29.50000000000001, "y": 68.19444444444463, "x": 320, "structure_id": "Tb_21"}, {"parent_Field": null, "parent_Choice_Field": null, "parent_ChoiceGroup": null, "w": 232.19214445145803, "h": 128.11944444444455, "y": 100.63888888888894, "x": 1368, "structure_id": "Tb_22"}, {"parent_Field": null, "parent_Choice_Field": "Chf_1", "parent_ChoiceGroup": "Chgp_1", "w": 64.83333333333337, "h": 27.711049472310435, "y": 68.38888888888891, "x": 560, "structure_id": "Tb_23"}, {"parent_Field": null, "parent_Choice_Field": "Chf_2", "parent_ChoiceGroup": "Chgp_1", "w": 168.72222222222229, "h": 24.965366583770404, "y": 68.38888888888891, "x": 719.9999999999999, "structure_id": "Tb_24"}, {"parent_Field": null, "parent_Choice_Field": null, "parent_ChoiceGroup": null, "w": 187.41666666666663, "h": 27.000169642770175, "y": 671.6666679382324, "x": 140, "structure_id": "Tb_25"}, {"parent_Field": null, "parent_Choice_Field": null, "parent_ChoiceGroup": null, "w": 149.41944444444442, "h": 22.67222222222233, "y": 675.9277777777779, "x": 455.7916666666667, "structure_id": "Tb_26"}], "Choice_Field": [{"y": 68.38888888888891, "x": 520, "structure_id": "Chf_1", "w": 104.83333333333337, "h": 27.711049472310435}, {"y": 68.38888888888891, "x": 680, "structure_id": "Chf_2", "w": 208.72222222222217, "h": 27.444444444444414}], "Field": [{"y": 303.7055555555557, "x": 480, "structure_id": "Fi_1", "w": 340, "h": 62.96388888888902}, {"y": 370.3750000000001, "x": 140, "structure_id": "Fi_2", "w": 679.9999999999999, "h": 96.2944444444446}, {"y": 603.7055555555557, "x": 140, "structure_id": "Fi_3", "w": 679.9999999999999, "h": 62.963888888888846}, {"y": 537.0361111111113, "x": 140, "structure_id": "Fi_4", "w": 679.9999999999999, "h": 62.96388888888873}, {"y": 169.92777777777772, "x": 825.5555555555555, "structure_id": "Fi_5", "w": 274.44444444444446, "h": 63.402777777777914}, {"y": 100.70555555555572, "x": 140, "structure_id": "Fi_6", "w": 679.9999999999999, "h": 199.29444444444428}, {"y": 303.7055555555557, "x": 140, "structure_id": "Fi_7", "w": 340, "h": 62.96388888888902}, {"y": 470.37500000000006, "x": 140, "structure_id": "Fi_8", "w": 679.9999999999999, "h": 62.96388888888902}, {"y": 103.25833333333334, "x": 819.9999999999999, "structure_id": "Fi_9", "w": 280.0000000000001, "h": 63.41111111111134}, {"y": 236.5972222222221, "x": 819.9999999999999, "structure_id": "Fi_10", "w": 280.0000000000001, "h": 63.41111111111135}, {"y": 236.5972222222221, "x": 1100, "structure_id": "Fi_11", "w": 280, "h": 63.41111111111135}, {"y": 503.2583333333333, "x": 819.9999999999999, "structure_id": "Fi_12", "w": 560.0000000000001, "h": 96.74166666666656}], "TextRun": [{"parent_TextBlock": "Tb_1", "text": "Department  of  the  Treasury  -  Internal  Revenue  Service", "parent_Field": null, "parent_Choice_Field": null, "parent_ChoiceGroup": null, "w": 472.49999999999955, "h": 22.67222222222233, "y": 675.9277777777779, "x": 1127.5083333333334, "structure_id": "Tr_1"}, {"parent_TextBlock": "Tb_2", "text": "Do Not Cut or Separate Forms on This Page ? Do Not Cut or Separate Forms on This Page", "parent_Field": null, "parent_Choice_Field": null, "parent_ChoiceGroup": null, "w": 1456.249999999999, "h": 27.698453177657846, "y": 709.4416666666666, "x": 146.8888888888889, "structure_id": "Tr_2"}, {"parent_TextBlock": "Tb_3", "text": "www.irs.gov  /  form1099cap", "parent_Field": null, "parent_Choice_Field": null, "parent_ChoiceGroup": null, "w": 229.6972222222222, "h": 22.67222222222233, "y": 675.9277777777779, "x": 795.1527777777777, "structure_id": "Tr_3"}, {"parent_TextBlock": "Tb_4", "text": "Copy  A", "parent_Field": null, "parent_Choice_Field": null, "parent_ChoiceGroup": null, "w": 95.69444444444457, "h": 33.138888888888744, "y": 264.9722222222222, "x": 1504.3055555555554, "structure_id": "Tr_4"}, {"parent_TextBlock": "Tb_4", "text": "For", "parent_Field": null, "parent_Choice_Field": null, "parent_ChoiceGroup": null, "w": 39.825000000000045, "h": 29.824999999999932, "y": 308.47500000000014, "x": 1560.175, "structure_id": "Tr_5"}, {"parent_TextBlock": "Tb_4", "text": "Internal  Revenue", "parent_Field": null, "parent_Choice_Field": null, "parent_ChoiceGroup": null, "w": 201.39999999999986, "h": 29.824999999999932, "y": 333.47500000000014, "x": 1398.6, "structure_id": "Tr_6"}, {"parent_TextBlock": "Tb_4", "text": "Service  Center", "parent_Field": null, "parent_Choice_Field": null, "parent_ChoiceGroup": null, "w": 175.97500000000014, "h": 29.824999999999932, "y": 358.47500000000014, "x": 1424.0249999999999, "structure_id": "Tr_7"}, {"parent_TextBlock": "Tb_4", "text": "File  with  Form  1096  .", "parent_Field": null, "parent_Choice_Field": null, "parent_ChoiceGroup": null, "w": 211.8888888888889, "h": 26.511111111111063, "y": 399.75833333333367, "x": 1388.1138888888888, "structure_id": "Tr_8"}, {"parent_TextBlock": "Tb_4", "text": "For  Paperwork", "parent_Field": null, "parent_Choice_Field": null, "parent_ChoiceGroup": null, "w": 146.4666666666667, "h": 25.91111111111104, "y": 430.82777777777795, "x": 1453.536111111111, "structure_id": "Tr_9"}, {"parent_TextBlock": "Tb_4", "text": "Reduction  Act", "parent_Field": null, "parent_Choice_Field": null, "parent_ChoiceGroup": null, "w": 141.17777777777746, "h": 25.91111111111104, "y": 457.4944444444447, "x": 1458.825, "structure_id": "Tr_10"}, {"parent_TextBlock": "Tb_4", "text": "Notice  ,  see  the", "parent_Field": null, "parent_Choice_Field": null, "parent_ChoiceGroup": null, "w": 149.4000000000001, "h": 25.91111111111104, "y": 484.16111111111144, "x": 1450.6027777777776, "structure_id": "Tr_11"}, {"parent_TextBlock": "Tb_4", "text": "2016  General", "parent_Field": null, "parent_Choice_Field": null, "parent_ChoiceGroup": null, "w": 138.28888888888878, "h": 26.51111111111112, "y": 510.3166666666671, "x": 1461.7138888888887, "structure_id": "Tr_12"}, {"parent_TextBlock": "Tb_4", "text": "Instructions  for", "parent_Field": null, "parent_Choice_Field": null, "parent_ChoiceGroup": null, "w": 162.1111111111113, "h": 26.511111111111063, "y": 536.9833333333338, "x": 1437.8916666666664, "structure_id": "Tr_13"}, {"parent_TextBlock": "Tb_4", "text": "Certain  Information", "parent_Field": null, "parent_Choice_Field": null, "parent_ChoiceGroup": null, "w": 206.08888888888896, "h": 26.511111111111063, "y": 563.6500000000005, "x": 1393.9138888888888, "structure_id": "Tr_14"}, {"parent_TextBlock": "Tb_4", "text": "Returns  .", "parent_Field": null, "parent_Choice_Field": null, "parent_ChoiceGroup": null, "w": 89.73333333333335, "h": 26.511111111111063, "y": 590.3166666666673, "x": 1510.2694444444444, "structure_id": "Tr_15"}, {"parent_TextBlock": "Tb_5", "text": "SHAREHOLDER'S  identification  no  .", "parent_Field": "Fi_1", "parent_Choice_Field": null, "parent_ChoiceGroup": null, "w": 310.06111111111125, "h": 22.67222222222233, "y": 303.7055555555557, "x": 485.55555555555554, "structure_id": "Tr_16"}, {"parent_TextBlock": "Tb_6", "text": "1099  -  CAP", "parent_Field": null, "parent_Choice_Field": null, "parent_ChoiceGroup": null, "w": 118.09999999999991, "h": 29.824999999999903, "y": 201.81388888888893, "x": 1166.3444444444444, "structure_id": "Tr_17"}, {"parent_TextBlock": "Tb_6", "text": "Form", "parent_Field": null, "parent_Choice_Field": null, "parent_ChoiceGroup": null, "w": 45.38333333333344, "h": 22.67222222222233, "y": 207.6777777777778, "x": 1115.5555555555557, "structure_id": "Tr_18"}, {"parent_TextBlock": "Tb_7", "text": "OMB  No  .  1545  -  1814", "parent_Field": null, "parent_Choice_Field": null, "parent_ChoiceGroup": null, "w": 180.5027777777775, "h": 22.672222222222317, "y": 103.70555555555572, "x": 1109.75, "structure_id": "Tr_19"}, {"parent_TextBlock": "Tb_8", "text": "SHAREHOLDER'S  name", "parent_Field": "Fi_2", "parent_Choice_Field": null, "parent_ChoiceGroup": null, "w": 214.64722222222224, "h": 22.67222222222233, "y": 370.3750000000001, "x": 145.55555555555554, "structure_id": "Tr_20"}, {"parent_TextBlock": "Tb_9", "text": "Account  number  (  see  instructions  )", "parent_Field": "Fi_3", "parent_Choice_Field": null, "parent_ChoiceGroup": null, "w": 296.78055555555557, "h": 22.67222222222233, "y": 603.7055555555557, "x": 145.55555555555554, "structure_id": "Tr_21"}, {"parent_TextBlock": "Tb_10", "text": "City  or  town  ,  state  or  province  ,  country  ,  and  ZIP  or  foreign  postal  code", "parent_Field": "Fi_4", "parent_Choice_Field": null, "parent_ChoiceGroup": null, "w": 613.6277777777779, "h": 22.67222222222233, "y": 537.0361111111113, "x": 145.55555555555554, "structure_id": "Tr_22"}, {"parent_TextBlock": "Tb_11", "text": "*  The  shareholder  cannot  claim  a  loss  based  on  the", "parent_Field": null, "parent_Choice_Field": null, "parent_ChoiceGroup": null, "w": 444.81111111111136, "h": 22.67222222222233, "y": 607.3166666666667, "x": 860, "structure_id": "Tr_23"}, {"parent_TextBlock": "Tb_11", "text": "amount  in  box  2  .", "parent_Field": null, "parent_Choice_Field": null, "parent_ChoiceGroup": null, "w": 146.26111111111118, "h": 22.67222222222233, "y": 630.65, "x": 860, "structure_id": "Tr_24"}, {"parent_TextBlock": "Tb_12", "text": "2", "parent_Field": "Fi_5", "parent_Choice_Field": null, "parent_ChoiceGroup": null, "w": 10.811111111111131, "h": 23.197222222222223, "y": 169.92777777777772, "x": 825.5555555555555, "structure_id": "Tr_25"}, {"parent_TextBlock": "Tb_12", "text": "Aggregate  amount  rec'd  *", "parent_Field": "Fi_5", "parent_Choice_Field": null, "parent_ChoiceGroup": null, "w": 217.8944444444445, "h": 22.672222222222302, "y": 170.37500000000009, "x": 852.5833333333334, "structure_id": "Tr_26"}, {"parent_TextBlock": "Tb_12", "text": "$", "parent_Field": "Fi_5", "parent_Choice_Field": null, "parent_ChoiceGroup": null, "w": 15.444444444444457, "h": 32.3888888888888, "y": 198.94444444444446, "x": 831.1111111111111, "structure_id": "Tr_27"}, {"parent_TextBlock": "Tb_13", "text": "2016", "parent_Field": null, "parent_Choice_Field": null, "parent_ChoiceGroup": null, "w": 158.88888888888886, "h": 50.37070760395082, "y": 142.66665649414062, "x": 1119.5555555555554, "structure_id": "Tr_28"}, {"parent_TextBlock": "Tb_14", "text": "CORPORATION'S  name  ,  street  address  ,  city  or  town  ,  state  or  province  ,", "parent_Field": "Fi_6", "parent_Choice_Field": null, "parent_ChoiceGroup": null, "w": 663.2489338580059, "h": 22.672222222222317, "y": 103.70555555555572, "x": 145.55555555555554, "structure_id": "Tr_29"}, {"parent_TextBlock": "Tb_14", "text": "country  ,  ZIP  or  foreign  postal  code  ,  and  telephone  no  .", "parent_Field": "Fi_6", "parent_Choice_Field": null, "parent_ChoiceGroup": null, "w": 469.9916666666668, "h": 22.672222222222317, "y": 127.03888888888899, "x": 145.55555555555554, "structure_id": "Tr_30"}, {"parent_TextBlock": "Tb_15", "text": "CORPORATION'S  federal  identification  no", "parent_Field": "Fi_7", "parent_Choice_Field": null, "parent_ChoiceGroup": null, "w": 326.59044444444453, "h": 22.67222222222233, "y": 303.7055555555557, "x": 145.55555555555554, "structure_id": "Tr_31"}, {"parent_TextBlock": "Tb_15", "text": ".", "parent_Field": "Fi_7", "parent_Choice_Field": null, "parent_ChoiceGroup": null, "w": 4.8109444444444875, "h": 22.67222222222233, "y": 303.7055555555557, "x": 472.14600000000013, "structure_id": "Tr_32"}, {"parent_TextBlock": "Tb_16", "text": "Street  address  (  including  apt  .  no  .  )", "parent_Field": "Fi_8", "parent_Choice_Field": null, "parent_ChoiceGroup": null, "w": 293.16388888888895, "h": 22.67222222222233, "y": 470.37500000000006, "x": 145.55555555555554, "structure_id": "Tr_33"}, {"parent_TextBlock": "Tb_17", "text": "1", "parent_Field": "Fi_9", "parent_Choice_Field": null, "parent_ChoiceGroup": null, "w": 10.811111111111131, "h": 23.197222222222223, "y": 103.25833333333334, "x": 825.5555555555555, "structure_id": "Tr_34"}, {"parent_TextBlock": "Tb_17", "text": "Date  of  sale  or exchange", "parent_Field": "Fi_9", "parent_Choice_Field": null, "parent_ChoiceGroup": null, "w": 221.9236612229397, "h": 22.672222222222317, "y": 103.70555555555572, "x": 847, "structure_id": "Tr_35"}, {"parent_TextBlock": "Tb_18", "text": "3", "parent_Field": "Fi_10", "parent_Choice_Field": null, "parent_ChoiceGroup": null, "w": 10.811111111111131, "h": 23.197222222222223, "y": 236.5972222222221, "x": 825.5555555555555, "structure_id": "Tr_36"}, {"parent_TextBlock": "Tb_18", "text": "No  .  of  shares  exchanged", "parent_Field": "Fi_10", "parent_Choice_Field": null, "parent_ChoiceGroup": null, "w": 217.50555555555536, "h": 22.67222222222233, "y": 237.04444444444448, "x": 852.5833333333334, "structure_id": "Tr_37"}, {"parent_TextBlock": "Tb_19", "text": "4", "parent_Field": "Fi_11", "parent_Choice_Field": null, "parent_ChoiceGroup": null, "w": 10.811111111111131, "h": 23.197222222222223, "y": 236.5972222222221, "x": 1105.5555555555554, "structure_id": "Tr_38"}, {"parent_TextBlock": "Tb_19", "text": "Classes  of  stock  exchanged", "parent_Field": "Fi_11", "parent_Choice_Field": null, "parent_ChoiceGroup": null, "w": 245.23333333333335, "h": 22.67222222222233, "y": 237.04444444444448, "x": 1127.1777777777777, "structure_id": "Tr_39"}, {"parent_TextBlock": "Tb_20", "text": "5", "parent_Field": "Fi_12", "parent_Choice_Field": null, "parent_ChoiceGroup": null, "w": 10.8111111111111, "h": 23.19722222222222, "y": 503.2583333333333, "x": 825.5555555555555, "structure_id": "Tr_40"}, {"parent_TextBlock": "Tb_21", "text": "7373", "parent_Field": null, "parent_Choice_Field": null, "parent_ChoiceGroup": null, "w": 79.99999999999999, "h": 29.50000000000001, "y": 68.19444444444463, "x": 320, "structure_id": "Tr_41"}, {"parent_TextBlock": "Tb_22", "text": "Changes  in", "parent_Field": null, "parent_Choice_Field": null, "parent_ChoiceGroup": null, "w": 163.5333333333333, "h": 36.452777777777925, "y": 100.63888888888894, "x": 1436.4694444444444, "structure_id": "Tr_42"}, {"parent_TextBlock": "Tb_22", "text": "Corporate", "parent_Field": null, "parent_Choice_Field": null, "parent_ChoiceGroup": null, "w": 148.25555555555547, "h": 36.452777777777925, "y": 131.19444444444449, "x": 1451.7472222222223, "structure_id": "Tr_43"}, {"parent_TextBlock": "Tb_22", "text": "Control  and", "parent_Field": null, "parent_Choice_Field": null, "parent_ChoiceGroup": null, "w": 171.4472222222223, "h": 36.4527777777779, "y": 161.75000000000006, "x": 1428.5555555555554, "structure_id": "Tr_44"}, {"parent_TextBlock": "Tb_22", "text": "Capital  Structure", "parent_Field": null, "parent_Choice_Field": null, "parent_ChoiceGroup": null, "w": 232.19214445145798, "h": 36.4527777777779, "y": 192.3055555555556, "x": 1368, "structure_id": "Tr_45"}, {"parent_TextBlock": "Tb_23", "text": "VOID", "parent_Field": null, "parent_Choice_Field": "Chf_1", "parent_ChoiceGroup": "Chgp_1", "w": 64.83333333333334, "h": 27.711049472310428, "y": 68.38888888888891, "x": 560, "structure_id": "Tr_46"}, {"parent_TextBlock": "Tb_24", "text": "CORRECTED", "parent_Field": null, "parent_Choice_Field": "Chf_2", "parent_ChoiceGroup": "Chgp_1", "w": 168.72222222222223, "h": 24.9653665837704, "y": 68.38888888888891, "x": 719.9999999999999, "structure_id": "Tr_47"}, {"parent_TextBlock": "Tb_25", "text": "1099 - CAP", "parent_Field": null, "parent_Choice_Field": null, "parent_ChoiceGroup": null, "w": 131.22222222222226, "h": 27.00016964277015, "y": 671.6666679382324, "x": 196.1944444444444, "structure_id": "Tr_48"}, {"parent_TextBlock": "Tb_25", "text": "Form", "parent_Field": null, "parent_Choice_Field": null, "parent_ChoiceGroup": null, "w": 45.383333333333326, "h": 22.67222222222233, "y": 673.5444444444444, "x": 140, "structure_id": "Tr_49"}, {"parent_TextBlock": "Tb_26", "text": "Cat  No  35115M", "parent_Field": null, "parent_Choice_Field": null, "parent_ChoiceGroup": null, "w": 148.41944444444442, "h": 22.67222222222233, "y": 675.9277777777779, "x": 455.7916666666667, "structure_id": "Tr_50"}, {"parent_TextBlock": "Tb_26", "text": ".  .", "parent_Field": null, "parent_Choice_Field": null, "parent_ChoiceGroup": null, "w": 41.41666666666663, "h": 22.67222222222233, "y": 675.9277777777779, "x": 486.39722222222224, "structure_id": "Tr_51"}], "ChoiceGroup": [{"y": 59.03125, "x": 507, "structure_id": "Chgp_1", "w": 400, "h": 38}]}