{"Widget": [{"parent_Field": "Fi_1", "parent_Choice_Field": null, "parent_ChoiceGroup": null, "w": 340, "h": 38.891666666666914, "y": 327.76944444444433, "x": 140, "structure_id": "Wi_1"}, {"parent_Field": "Fi_2", "parent_Choice_Field": null, "parent_ChoiceGroup": null, "w": 679.9999999999999, "h": 38.88333333333346, "y": 494.44722222222214, "x": 140, "structure_id": "Wi_2"}, {"parent_Field": "Fi_3", "parent_Choice_Field": null, "parent_ChoiceGroup": null, "w": 679.9999999999999, "h": 38.8916666666666, "y": 627.7777777777777, "x": 140, "structure_id": "Wi_3"}, {"parent_Field": "Fi_4", "parent_Choice_Field": null, "parent_ChoiceGroup": null, "w": 246.66666666666669, "h": 33.33055555555562, "y": 333.33055555555563, "x": 853.3333333333333, "structure_id": "Wi_4"}, {"parent_Field": "Fi_5", "parent_Choice_Field": null, "parent_ChoiceGroup": null, "w": 679.9999999999999, "h": 72.22222222222221, "y": 394.44722222222214, "x": 140, "structure_id": "Wi_5"}, {"parent_Field": "Fi_6", "parent_Choice_Field": null, "parent_ChoiceGroup": null, "w": 679.9999999999999, "h": 38.8916666666666, "y": 561.1083333333333, "x": 140, "structure_id": "Wi_6"}, {"parent_Field": "Fi_7", "parent_Choice_Field": null, "parent_ChoiceGroup": null, "w": 339.99999999999994, "h": 38.891666666666914, "y": 327.76944444444433, "x": 480, "structure_id": "Wi_7"}, {"parent_Field": "Fi_8", "parent_Choice_Field": null, "parent_ChoiceGroup": null, "w": 679.9999999999999, "h": 144.44444444444443, "y": 155.55555555555554, "x": 140, "structure_id": "Wi_8"}, {"parent_Field": null, "parent_Choice_Field": "Chf_1", "parent_ChoiceGroup": "Chgp_1", "w": 27.77777777777778, "h": 27.77777777777778, "y": 69.44444444444444, "x": 520, "structure_id": "Wi_9"}, {"parent_Field": null, "parent_Choice_Field": "Chf_2", "parent_ChoiceGroup": "Chgp_1", "w": 27.77777777777778, "h": 27.77777777777778, "y": 69.44444444444444, "x": 680, "structure_id": "Wi_10"}, {"parent_Field": "Fi_9", "parent_Choice_Field": null, "parent_ChoiceGroup": null, "w": 246.66666666666669, "h": 33.33055555555562, "y": 333.33055555555563, "x": 1133.3333333333333, "structure_id": "Wi_11"}, {"parent_Field": "Fi_10", "parent_Choice_Field": null, "parent_ChoiceGroup": null, "w": 280, "h": 72.22222222222221, "y": 395.00555555555553, "x": 819.9999999999999, "structure_id": "Wi_12"}, {"parent_Field": "Fi_11", "parent_Choice_Field": null, "parent_ChoiceGroup": null, "w": 246.66666666666669, "h": 33.33055555555562, "y": 433.33055555555563, "x": 1133.3333333333333, "structure_id": "Wi_13"}, {"parent_Field": null, "parent_Choice_Field": "Chf_3", "parent_ChoiceGroup": "Chgp_2", "w": 22.22222222222222, "h": 22.22222222222222, "y": 472.22222222222223, "x": 940.5555555555555, "structure_id": "Wi_14"}, {"parent_Field": null, "parent_Choice_Field": "Chf_4", "parent_ChoiceGroup": "Chgp_2", "w": 22.22222222222222, "h": 22.22222222222222, "y": 513.8888888888889, "x": 940.5555555555555, "structure_id": "Wi_15"}, {"parent_Field": null, "parent_Choice_Field": "Chf_5", "parent_ChoiceGroup": "Chgp_2", "w": 22.22222222222222, "h": 22.22222222222222, "y": 563.8888888888889, "x": 940.5555555555555, "structure_id": "Wi_16"}], "TextBlock": [{"parent_Field": null, "parent_Choice_Field": null, "parent_ChoiceGroup": null, "w": 162.11111111111154, "h": 226, "y": 417.76666666666654, "x": 1437.8916666666664, "structure_id": "Tb_1"}, {"parent_Field": null, "parent_Choice_Field": null, "parent_ChoiceGroup": null, "w": 180.5027777777775, "h": 22.672222222222317, "y": 103.70555555555572, "x": 1109.75, "structure_id": "Tb_2"}, {"parent_Field": "Fi_1", "parent_Choice_Field": null, "parent_ChoiceGroup": null, "w": 310.3208333333333, "h": 21.052777777777635, "y": 304.0277777777779, "x": 151.11111111111111, "structure_id": "Tb_3"}, {"parent_Field": "Fi_2", "parent_Choice_Field": null, "parent_ChoiceGroup": null, "w": 293.1638888888889, "h": 22.67222222222233, "y": 470.37500000000006, "x": 151.11111111111111, "structure_id": "Tb_4"}, {"parent_Field": "Fi_3", "parent_Choice_Field": null, "parent_ChoiceGroup": null, "w": 296.78055555555557, "h": 22.67222222222233, "y": 603.7055555555557, "x": 151.11111111111111, "structure_id": "Tb_5"}, {"parent_Field": "Fi_4", "parent_Choice_Field": null, "parent_ChoiceGroup": null, "w": 177.50277777777796, "h": 58.82777777777778, "y": 303.2583333333333, "x": 835.2722222222221, "structure_id": "Tb_6"}, {"parent_Field": null, "parent_Choice_Field": null, "parent_ChoiceGroup": null, "w": 217.4472222222222, "h": 22.67222222222233, "y": 675.9277777777779, "x": 721.2777777777778, "structure_id": "Tb_7"}, {"parent_Field": "Fi_5", "parent_Choice_Field": null, "parent_ChoiceGroup": null, "w": 170.68333333333337, "h": 22.67222222222233, "y": 370.3750000000001, "x": 151.11111111111111, "structure_id": "Tb_8"}, {"parent_Field": "Fi_6", "parent_Choice_Field": null, "parent_ChoiceGroup": null, "w": 613.6277777777779, "h": 22.67222222222233, "y": 537.036111111111, "x": 151.11111111111111, "structure_id": "Tb_9"}, {"parent_Field": "Fi_7", "parent_Choice_Field": null, "parent_ChoiceGroup": null, "w": 305.37499999999994, "h": 22.67222222222233, "y": 303.69722222222225, "x": 491.11111111111114, "structure_id": "Tb_10"}, {"parent_Field": "Fi_8", "parent_Choice_Field": null, "parent_ChoiceGroup": null, "w": 655.7444444444443, "h": 46.00555555555559, "y": 103.70555555555572, "x": 151.11111111111111, "structure_id": "Tb_11"}, {"parent_Field": null, "parent_Choice_Field": null, "parent_ChoiceGroup": null, "w": 160.9277777777777, "h": 33.138888888888744, "y": 264.9722222222222, "x": 1119.536111111111, "structure_id": "Tb_12"}, {"parent_Field": null, "parent_Choice_Field": null, "parent_ChoiceGroup": null, "w": 144.44444444444443, "h": 70.11111111111113, "y": 165.11388888888865, "x": 1127.7777777777778, "structure_id": "Tb_13"}, {"parent_Field": null, "parent_Choice_Field": "Chf_1", "parent_ChoiceGroup": "Chgp_1", "w": 63.08108108108104, "h": 24.748341928466814, "y": 68, "x": 560, "structure_id": "Tb_14"}, {"parent_Field": null, "parent_Choice_Field": "Chf_2", "parent_ChoiceGroup": "Chgp_1", "w": 140.50177935943066, "h": 22.049370209851276, "y": 71, "x": 720, "structure_id": "Tb_15"}, {"parent_Field": "Fi_9", "parent_Choice_Field": null, "parent_ChoiceGroup": null, "w": 241.6111111111113, "h": 58.82777777777778, "y": 303.2583333333333, "x": 1115.2722222222221, "structure_id": "Tb_16"}, {"parent_Field": "Fi_10", "parent_Choice_Field": null, "parent_ChoiceGroup": null, "w": 170.00277777777785, "h": 23.197222222222194, "y": 370.4861111111111, "x": 836.6666666666666, "structure_id": "Tb_17"}, {"parent_Field": "Fi_11", "parent_Choice_Field": null, "parent_ChoiceGroup": null, "w": 211.39444444444462, "h": 92.15833333333342, "y": 369.9277777777777, "x": 1115.2722222222221, "structure_id": "Tb_18"}, {"parent_Field": null, "parent_Choice_Field": "Chf_3", "parent_ChoiceGroup": "Chgp_2", "w": 39.23888888888882, "h": 22.67222222222233, "y": 471.76111111111123, "x": 860, "structure_id": "Tb_19"}, {"parent_Field": null, "parent_Choice_Field": "Chf_4", "parent_ChoiceGroup": "Chgp_2", "w": 57.24444444444441, "h": 42.11666666666673, "y": 502.8722222222222, "x": 860, "structure_id": "Tb_20"}, {"parent_Field": null, "parent_Choice_Field": "Chf_5", "parent_ChoiceGroup": "Chgp_2", "w": 42.13611111111106, "h": 42.11666666666679, "y": 552.8722222222221, "x": 860, "structure_id": "Tb_21"}, {"parent_Field": null, "parent_Choice_Field": null, "parent_ChoiceGroup": null, "w": 10.8111111111111, "h": 23.19722222222222, "y": 469.9277777777777, "x": 836.6666666666666, "structure_id": "Tb_22"}, {"parent_Field": null, "parent_Choice_Field": null, "parent_ChoiceGroup": null, "w": 273.13888888888914, "h": 166.47222222222211, "y": 112.1944444444444, "x": 1326.8638888888886, "structure_id": "Tb_23"}, {"parent_Field": null, "parent_Choice_Field": null, "parent_ChoiceGroup": null, "w": 166.33333333333331, "h": 24.860534631479823, "y": 674, "x": 140, "structure_id": "Tb_24"}, {"parent_Field": null, "parent_Choice_Field": null, "parent_ChoiceGroup": null, "w": 472.49999999999955, "h": 22.67222222222233, "y": 675.9277777777779, "x": 1127.5083333333334, "structure_id": "Tb_25"}, {"parent_Field": null, "parent_Choice_Field": null, "parent_ChoiceGroup": null, "w": 168.0999999999999, "h": 92.74166666666639, "y": 305, "x": 1431.9, "structure_id": "Tb_26"}], "Choice_Field": [{"y": 68, "x": 520, "structure_id": "Chf_1", "w": 103.08108108108104, "h": 29.22222222222223}, {"y": 69.44444444444444, "x": 680, "structure_id": "Chf_2", "w": 180.50177935943066, "h": 27.777777777777786}, {"y": 471.76111111111123, "x": 860, "structure_id": "Chf_3", "w": 102.77777777777771, "h": 22.683333333333223}, {"y": 502.8722222222222, "x": 860, "structure_id": "Chf_4", "w": 102.77777777777771, "h": 42.11666666666673}, {"y": 552.8722222222221, "x": 860, "structure_id": "Chf_5", "w": 102.77777777777771, "h": 42.11666666666679}], "Field": [{"y": 304.0277777777779, "x": 140, "structure_id": "Fi_1", "w": 340, "h": 62.63333333333338}, {"y": 470.37500000000006, "x": 140, "structure_id": "Fi_2", "w": 679.9999999999999, "h": 62.95555555555558}, {"y": 603.7055555555557, "x": 140, "structure_id": "Fi_3", "w": 679.9999999999999, "h": 62.96388888888862}, {"y": 303.2583333333333, "x": 835.2722222222221, "structure_id": "Fi_4", "w": 264.7277777777779, "h": 63.40277777777794}, {"y": 370.3750000000001, "x": 140, "structure_id": "Fi_5", "w": 679.9999999999999, "h": 96.29444444444425}, {"y": 537.036111111111, "x": 140, "structure_id": "Fi_6", "w": 679.9999999999999, "h": 62.96388888888896}, {"y": 303.69722222222225, "x": 480, "structure_id": "Fi_7", "w": 340, "h": 62.96388888888902}, {"y": 103.70555555555572, "x": 140, "structure_id": "Fi_8", "w": 679.9999999999999, "h": 196.29444444444428}, {"y": 303.2583333333333, "x": 1115.2722222222221, "structure_id": "Fi_9", "w": 264.7277777777779, "h": 63.40277777777794}, {"y": 370.4861111111111, "x": 819.9999999999999, "structure_id": "Fi_10", "w": 280.0000000000001, "h": 96.74166666666667}, {"y": 369.9277777777777, "x": 1115.2722222222221, "structure_id": "Fi_11", "w": 264.7277777777779, "h": 96.73333333333358}], "TextRun": [{"parent_TextBlock": "Tb_1", "text": "For  Privacy  Act", "parent_Field": null, "parent_Choice_Field": null, "parent_ChoiceGroup": null, "w": 151.422222222222, "h": 25.91111111111104, "y": 417.76666666666654, "x": 1448.5805555555555, "structure_id": "Tr_1"}, {"parent_TextBlock": "Tb_1", "text": "and  Paperwork", "parent_Field": null, "parent_Choice_Field": null, "parent_ChoiceGroup": null, "w": 151.02222222222235, "h": 25.91111111111104, "y": 442.76666666666654, "x": 1448.9805555555556, "structure_id": "Tr_2"}, {"parent_TextBlock": "Tb_1", "text": "Reduction  Act", "parent_Field": null, "parent_Choice_Field": null, "parent_ChoiceGroup": null, "w": 141.17777777777746, "h": 25.91111111111104, "y": 467.76666666666654, "x": 1458.825, "structure_id": "Tr_3"}, {"parent_TextBlock": "Tb_1", "text": "Notice  ,  see  the", "parent_Field": null, "parent_Choice_Field": null, "parent_ChoiceGroup": null, "w": 149.4000000000001, "h": 25.91111111111104, "y": 492.76666666666654, "x": 1450.6027777777776, "structure_id": "Tr_4"}, {"parent_TextBlock": "Tb_1", "text": "2017  General", "parent_Field": null, "parent_Choice_Field": null, "parent_ChoiceGroup": null, "w": 138.28888888888878, "h": 26.511111111111063, "y": 517.2555555555555, "x": 1461.7138888888887, "structure_id": "Tr_5"}, {"parent_TextBlock": "Tb_1", "text": "Instructions  for", "parent_Field": null, "parent_Choice_Field": null, "parent_ChoiceGroup": null, "w": 162.1111111111113, "h": 26.511111111111063, "y": 542.2555555555555, "x": 1437.8916666666664, "structure_id": "Tr_6"}, {"parent_TextBlock": "Tb_1", "text": "Certain", "parent_Field": null, "parent_Choice_Field": null, "parent_ChoiceGroup": null, "w": 77.35555555555538, "h": 26.511111111111063, "y": 567.2555555555555, "x": 1522.6472222222221, "structure_id": "Tr_7"}, {"parent_TextBlock": "Tb_1", "text": "Information", "parent_Field": null, "parent_Choice_Field": null, "parent_ChoiceGroup": null, "w": 122.55555555555566, "h": 26.511111111111063, "y": 592.2555555555555, "x": 1477.447222222222, "structure_id": "Tr_8"}, {"parent_TextBlock": "Tb_1", "text": "Returns  .", "parent_Field": null, "parent_Choice_Field": null, "parent_ChoiceGroup": null, "w": 89.73333333333335, "h": 26.511111111111063, "y": 617.2555555555555, "x": 1510.2694444444444, "structure_id": "Tr_9"}, {"parent_TextBlock": "Tb_2", "text": "OMB No . 1545 - 1517", "parent_Field": null, "parent_Choice_Field": null, "parent_ChoiceGroup": null, "w": 180.5027777777775, "h": 22.672222222222317, "y": 103.70555555555572, "x": 1109.75, "structure_id": "Tr_10"}, {"parent_TextBlock": "Tb_3", "text": "PAYER'S federal identification number", "parent_Field": "Fi_1", "parent_Choice_Field": null, "parent_ChoiceGroup": null, "w": 310.3208333333333, "h": 21.052777777777635, "y": 304.0277777777779, "x": 151.11111111111111, "structure_id": "Tr_11"}, {"parent_TextBlock": "Tb_4", "text": "Street address ( including apt . no .)", "parent_Field": "Fi_2", "parent_Choice_Field": null, "parent_ChoiceGroup": null, "w": 293.1638888888889, "h": 22.67222222222233, "y": 470.37500000000006, "x": 151.11111111111111, "structure_id": "Tr_12"}, {"parent_TextBlock": "Tb_5", "text": "Account number ( see instructions)", "parent_Field": "Fi_3", "parent_Choice_Field": null, "parent_ChoiceGroup": null, "w": 296.78055555555557, "h": 22.67222222222233, "y": 603.7055555555557, "x": 151.11111111111111, "structure_id": "Tr_13"}, {"parent_TextBlock": "Tb_6", "text": "1", "parent_Field": "Fi_4", "parent_Choice_Field": null, "parent_ChoiceGroup": null, "w": 10.811111111111131, "h": 23.197222222222194, "y": 303.2583333333333, "x": 836.6666666666666, "structure_id": "Tr_14"}, {"parent_TextBlock": "Tb_6", "text": "Gross distribution", "parent_Field": "Fi_4", "parent_Choice_Field": null, "parent_ChoiceGroup": null, "w": 154.4861111111111, "h": 22.67222222222233, "y": 303.7055555555557, "x": 858.288888888889, "structure_id": "Tr_15"}, {"parent_TextBlock": "Tb_6", "text": "$", "parent_Field": "Fi_4", "parent_Choice_Field": null, "parent_ChoiceGroup": null, "w": 13.900000000000091, "h": 29.15000000000009, "y": 332.936111111111, "x": 835.2722222222221, "structure_id": "Tr_16"}, {"parent_TextBlock": "Tb_7", "text": "www.irs.gov / form1099sa", "parent_Field": null, "parent_Choice_Field": null, "parent_ChoiceGroup": null, "w": 217.4472222222222, "h": 22.67222222222233, "y": 675.9277777777779, "x": 721.2777777777778, "structure_id": "Tr_17"}, {"parent_TextBlock": "Tb_8", "text": "RECIPIENT'S name", "parent_Field": "Fi_5", "parent_Choice_Field": null, "parent_ChoiceGroup": null, "w": 170.68333333333337, "h": 22.67222222222233, "y": 370.3750000000001, "x": 151.11111111111111, "structure_id": "Tr_18"}, {"parent_TextBlock": "Tb_9", "text": "City or town , state or province , country , and ZIP or foreign postal code", "parent_Field": "Fi_6", "parent_Choice_Field": null, "parent_ChoiceGroup": null, "w": 613.6277777777779, "h": 22.67222222222233, "y": 537.036111111111, "x": 151.11111111111111, "structure_id": "Tr_19"}, {"parent_TextBlock": "Tb_10", "text": "RECIPIENT'S identification number", "parent_Field": "Fi_7", "parent_Choice_Field": null, "parent_ChoiceGroup": null, "w": 305.37499999999994, "h": 22.67222222222233, "y": 303.69722222222225, "x": 491.11111111111114, "structure_id": "Tr_20"}, {"parent_TextBlock": "Tb_11", "text": "TRUSTEE'S  /  PAYER'S  name  ,  street  address  ,  city  or  town  ,  state  or  province  ,", "parent_Field": "Fi_8", "parent_Choice_Field": null, "parent_ChoiceGroup": null, "w": 655.7444444444443, "h": 22.672222222222317, "y": 103.70555555555572, "x": 151.11111111111111, "structure_id": "Tr_21"}, {"parent_TextBlock": "Tb_11", "text": "country  ,  ZIP  or  foreign  postal  code  ,  and  telephone  number", "parent_Field": "Fi_8", "parent_Choice_Field": null, "parent_ChoiceGroup": null, "w": 509.2694444444445, "h": 22.672222222222317, "y": 127.03888888888899, "x": 151.11111111111111, "structure_id": "Tr_22"}, {"parent_TextBlock": "Tb_12", "text": "1099 - SA Form", "parent_Field": null, "parent_Choice_Field": null, "parent_ChoiceGroup": null, "w": 160.9277777777777, "h": 33.138888888888744, "y": 264.9722222222222, "x": 1119.536111111111, "structure_id": "Tr_23"}, {"parent_TextBlock": "Tb_13", "text": "2017", "parent_Field": null, "parent_Choice_Field": null, "parent_ChoiceGroup": null, "w": 144.44444444444443, "h": 70.11111111111113, "y": 165.11388888888865, "x": 1127.7777777777778, "structure_id": "Tr_24"}, {"parent_TextBlock": "Tb_14", "text": "VOID", "parent_Field": null, "parent_Choice_Field": "Chf_1", "parent_ChoiceGroup": "Chgp_1", "w": 63.08108108108109, "h": 24.748341928466818, "y": 68, "x": 560, "structure_id": "Tr_25"}, {"parent_TextBlock": "Tb_15", "text": "CORRECTED", "parent_Field": null, "parent_Choice_Field": "Chf_2", "parent_ChoiceGroup": "Chgp_1", "w": 140.5017793594306, "h": 22.049370209851276, "y": 71, "x": 720, "structure_id": "Tr_26"}, {"parent_TextBlock": "Tb_16", "text": "2", "parent_Field": "Fi_9", "parent_Choice_Field": null, "parent_ChoiceGroup": null, "w": 10.811111111111131, "h": 23.197222222222194, "y": 303.2583333333333, "x": 1116.6666666666665, "structure_id": "Tr_27"}, {"parent_TextBlock": "Tb_16", "text": "Earnings on excess cont .", "parent_Field": "Fi_9", "parent_Choice_Field": null, "parent_ChoiceGroup": null, "w": 218.59444444444443, "h": 22.67222222222233, "y": 303.7055555555557, "x": 1138.288888888889, "structure_id": "Tr_28"}, {"parent_TextBlock": "Tb_16", "text": "$", "parent_Field": "Fi_9", "parent_Choice_Field": null, "parent_ChoiceGroup": null, "w": 13.900000000000091, "h": 29.15000000000009, "y": 332.936111111111, "x": 1115.2722222222221, "structure_id": "Tr_29"}, {"parent_TextBlock": "Tb_17", "text": "3", "parent_Field": "Fi_10", "parent_Choice_Field": null, "parent_ChoiceGroup": null, "w": 10.811111111111131, "h": 23.197222222222194, "y": 370.4861111111111, "x": 836.6666666666666, "structure_id": "Tr_30"}, {"parent_TextBlock": "Tb_17", "text": "Distribution code", "parent_Field": "Fi_10", "parent_Choice_Field": null, "parent_ChoiceGroup": null, "w": 148.3805555555557, "h": 22.67222222222233, "y": 370.9333333333335, "x": 858.2888888888888, "structure_id": "Tr_31"}, {"parent_TextBlock": "Tb_18", "text": "4", "parent_Field": "Fi_11", "parent_Choice_Field": null, "parent_ChoiceGroup": null, "w": 10.811111111111131, "h": 23.197222222222194, "y": 369.9277777777777, "x": 1116.6666666666665, "structure_id": "Tr_32"}, {"parent_TextBlock": "Tb_18", "text": "FMV on date of death", "parent_Field": "Fi_11", "parent_Choice_Field": null, "parent_ChoiceGroup": null, "w": 188.37777777777774, "h": 22.67222222222233, "y": 370.3750000000001, "x": 1138.288888888889, "structure_id": "Tr_33"}, {"parent_TextBlock": "Tb_18", "text": "$", "parent_Field": "Fi_11", "parent_Choice_Field": null, "parent_ChoiceGroup": null, "w": 13.900000000000091, "h": 29.15000000000009, "y": 432.936111111111, "x": 1115.2722222222221, "structure_id": "Tr_34"}, {"parent_TextBlock": "Tb_19", "text": "HSA", "parent_Field": null, "parent_Choice_Field": "Chf_3", "parent_ChoiceGroup": "Chgp_2", "w": 39.23888888888882, "h": 22.672222222222317, "y": 471.76111111111123, "x": 860, "structure_id": "Tr_35"}, {"parent_TextBlock": "Tb_20", "text": "Archer", "parent_Field": null, "parent_Choice_Field": "Chf_4", "parent_ChoiceGroup": "Chgp_2", "w": 57.24444444444441, "h": 22.672222222222274, "y": 502.8722222222222, "x": 860, "structure_id": "Tr_36"}, {"parent_TextBlock": "Tb_20", "text": "MSA", "parent_Field": null, "parent_Choice_Field": "Chf_4", "parent_ChoiceGroup": "Chgp_2", "w": 42.13611111111106, "h": 22.67222222222233, "y": 522.3166666666666, "x": 860, "structure_id": "Tr_37"}, {"parent_TextBlock": "Tb_21", "text": "MMASA", "parent_Field": null, "parent_Choice_Field": "Chf_5", "parent_ChoiceGroup": "Chgp_2", "w": 42.13611111111106, "h": 42.11666666666676, "y": 552.8722222222221, "x": 860, "structure_id": "Tr_38"}, {"parent_TextBlock": "Tb_22", "text": "5", "parent_Field": null, "parent_Choice_Field": null, "parent_ChoiceGroup": null, "w": 10.8111111111111, "h": 23.19722222222222, "y": 469.9277777777777, "x": 836.6666666666666, "structure_id": "Tr_39"}, {"parent_TextBlock": "Tb_23", "text": "Distributions", "parent_Field": null, "parent_Choice_Field": null, "parent_ChoiceGroup": null, "w": 169.16666666666652, "h": 33.138888888888744, "y": 112.1944444444444, "x": 1430.836111111111, "structure_id": "Tr_40"}, {"parent_TextBlock": "Tb_23", "text": "From  an  HSA  ,", "parent_Field": null, "parent_Choice_Field": null, "parent_ChoiceGroup": null, "w": 182.6388888888889, "h": 33.138888888888744, "y": 145.52777777777774, "x": 1417.3638888888888, "structure_id": "Tr_41"}, {"parent_TextBlock": "Tb_23", "text": "Archer  MSA  ,  or", "parent_Field": null, "parent_Choice_Field": null, "parent_ChoiceGroup": null, "w": 202.19444444444457, "h": 33.138888888888744, "y": 178.86111111111106, "x": 1397.8083333333332, "structure_id": "Tr_42"}, {"parent_TextBlock": "Tb_23", "text": "Medicare  Advantage", "parent_Field": null, "parent_Choice_Field": null, "parent_ChoiceGroup": null, "w": 273.13888888888914, "h": 33.138888888888744, "y": 212.1944444444444, "x": 1326.8638888888886, "structure_id": "Tr_43"}, {"parent_TextBlock": "Tb_23", "text": "MSA", "parent_Field": null, "parent_Choice_Field": null, "parent_ChoiceGroup": null, "w": 62.25, "h": 33.13888888888877, "y": 245.52777777777774, "x": 1537.7527777777775, "structure_id": "Tr_44"}, {"parent_TextBlock": "Tb_24", "text": "1099-SAForm", "parent_Field": null, "parent_Choice_Field": null, "parent_ChoiceGroup": null, "w": 166.33333333333331, "h": 24.86053463147982, "y": 674, "x": 140, "structure_id": "Tr_45"}, {"parent_TextBlock": "Tb_25", "text": "Department of the Treasury - Internal Revenue Service", "parent_Field": null, "parent_Choice_Field": null, "parent_ChoiceGroup": null, "w": 472.49999999999955, "h": 22.67222222222233, "y": 675.9277777777779, "x": 1127.5083333333334, "structure_id": "Tr_46"}, {"parent_TextBlock": "Tb_26", "text": "Copy C", "parent_Field": null, "parent_Choice_Field": null, "parent_ChoiceGroup": null, "w": 97.25, "h": 21.59919829749278, "y": 305, "x": 1502.75, "structure_id": "Tr_47"}, {"parent_TextBlock": "Tb_26", "text": "For", "parent_Field": null, "parent_Choice_Field": null, "parent_ChoiceGroup": null, "w": 39.825000000000045, "h": 29.824999999999932, "y": 337.9166666666666, "x": 1560.175, "structure_id": "Tr_48"}, {"parent_TextBlock": "Tb_26", "text": "Trustee  /  Payer", "parent_Field": null, "parent_Choice_Field": null, "parent_ChoiceGroup": null, "w": 168.0999999999999, "h": 29.824999999999932, "y": 367.91666666666646, "x": 1431.9, "structure_id": "Tr_49"}], "ChoiceGroup": [{"y": 62.03125, "x": 508, "structure_id": "Chgp_1", "w": 359, "h": 38}, {"y": 466.03125, "x": 849, "structure_id": "Chgp_2", "w": 129, "h": 133}]}