{"Widget": [{"parent_Field": "Fi_1", "parent_Choice_Field": null, "parent_ChoiceGroup": null, "w": 679.9999999999999, "h": 38.88333333333346, "y": 561.1083333333333, "x": 140, "structure_id": "Wi_1"}, {"parent_Field": "Fi_2", "parent_Choice_Field": null, "parent_ChoiceGroup": null, "w": 679.9999999999999, "h": 144.44444444444443, "y": 155.55555555555554, "x": 140, "structure_id": "Wi_2"}, {"parent_Field": "Fi_3", "parent_Choice_Field": null, "parent_ChoiceGroup": null, "w": 679.9999999999999, "h": 38.88333333333315, "y": 494.4472222222225, "x": 140, "structure_id": "Wi_3"}, {"parent_Field": "Fi_4", "parent_Choice_Field": null, "parent_ChoiceGroup": null, "w": 339.99999999999994, "h": 38.891666666666914, "y": 327.77777777777777, "x": 480, "structure_id": "Wi_4"}, {"parent_Field": "Fi_5", "parent_Choice_Field": null, "parent_ChoiceGroup": null, "w": 679.9999999999999, "h": 72.22222222222221, "y": 394.4472222222225, "x": 140, "structure_id": "Wi_5"}, {"parent_Field": "Fi_6", "parent_Choice_Field": null, "parent_ChoiceGroup": null, "w": 340, "h": 38.891666666666914, "y": 327.77777777777777, "x": 140, "structure_id": "Wi_6"}, {"parent_Field": "Fi_7", "parent_Choice_Field": null, "parent_ChoiceGroup": null, "w": 679.9999999999999, "h": 38.88333333333346, "y": 627.7777777777777, "x": 140, "structure_id": "Wi_7"}, {"parent_Field": "Fi_8", "parent_Choice_Field": null, "parent_ChoiceGroup": "Chgp_1", "w": 27.77777777777778, "h": 27.77777777777778, "y": 68.05555555555556, "x": 680, "structure_id": "Wi_8"}, {"parent_Field": "Fi_9", "parent_Choice_Field": null, "parent_ChoiceGroup": "Chgp_2", "w": 22.22222222222222, "h": 22.22222222222222, "y": 472.22222222222223, "x": 1340, "structure_id": "Wi_9"}, {"parent_Field": "Fi_10", "parent_Choice_Field": null, "parent_ChoiceGroup": null, "w": 260.00000000000006, "h": 33.33055555555531, "y": 166.66944444444468, "x": 839.9999999999999, "structure_id": "Wi_10"}, {"parent_Field": "Fi_11", "parent_Choice_Field": null, "parent_ChoiceGroup": null, "w": 260.00000000000006, "h": 33.33055555555531, "y": 266.6694444444447, "x": 839.9999999999999, "structure_id": "Wi_11"}, {"parent_Field": "Fi_12", "parent_Choice_Field": null, "parent_ChoiceGroup": null, "w": 280, "h": 33.33055555555562, "y": 333.33055555555563, "x": 819.9999999999999, "structure_id": "Wi_12"}, {"parent_Field": "Fi_13", "parent_Choice_Field": null, "parent_ChoiceGroup": null, "w": 260.00000000000006, "h": 33.33055555555562, "y": 400, "x": 839.9999999999999, "structure_id": "Wi_13"}, {"parent_Field": "Fi_14", "parent_Choice_Field": null, "parent_ChoiceGroup": null, "w": 260.00000000000006, "h": 33.33055555555531, "y": 466.66944444444465, "x": 839.9999999999999, "structure_id": "Wi_14"}, {"parent_Field": "Fi_15", "parent_Choice_Field": null, "parent_ChoiceGroup": null, "w": 260.00000000000006, "h": 33.33055555555562, "y": 533.3305555555556, "x": 839.9999999999999, "structure_id": "Wi_15"}, {"parent_Field": "Fi_16", "parent_Choice_Field": null, "parent_ChoiceGroup": null, "w": 119.99999999999996, "h": 33.33888888888907, "y": 633.3305555555556, "x": 819.9999999999999, "structure_id": "Wi_16"}, {"parent_Field": "Fi_17", "parent_Choice_Field": null, "parent_ChoiceGroup": null, "w": 220.0000000000001, "h": 33.33888888888907, "y": 633.3305555555556, "x": 939.9999999999999, "structure_id": "Wi_17"}, {"parent_Field": "Fi_18", "parent_Choice_Field": null, "parent_ChoiceGroup": null, "w": 200, "h": 33.33888888888907, "y": 600, "x": 1180, "structure_id": "Wi_18"}, {"parent_Field": "Fi_18", "parent_Choice_Field": null, "parent_ChoiceGroup": null, "w": 200, "h": 33.33888888888907, "y": 633.3305555555556, "x": 1180, "structure_id": "Wi_19"}, {"parent_Field": "Fi_19", "parent_Choice_Field": null, "parent_ChoiceGroup": null, "w": 260.00000000000006, "h": 33.33055555555562, "y": 400, "x": 1120, "structure_id": "Wi_20"}, {"parent_Field": "Fi_20", "parent_Choice_Field": null, "parent_ChoiceGroup": null, "w": 260.00000000000006, "h": 33.33055555555562, "y": 333.33055555555563, "x": 1120, "structure_id": "Wi_21"}], "TextBlock": [{"parent_Field": null, "parent_Choice_Field": null, "parent_ChoiceGroup": null, "w": 472.49999999999955, "h": 22.67222222222233, "y": 675.9277777777779, "x": 1127.5083333333334, "structure_id": "Tb_1"}, {"parent_Field": null, "parent_Choice_Field": null, "parent_ChoiceGroup": null, "w": 144.44444444444443, "h": 70.11111111111113, "y": 156.7777777777779, "x": 1127.7777777777778, "structure_id": "Tb_2"}, {"parent_Field": "Fi_1", "parent_Choice_Field": null, "parent_ChoiceGroup": null, "w": 613.6277777777779, "h": 22.67222222222233, "y": 537.0361111111113, "x": 151.11111111111111, "structure_id": "Tb_3"}, {"parent_Field": "Fi_2", "parent_Choice_Field": null, "parent_ChoiceGroup": null, "w": 661.9083333333333, "h": 46.00555555555559, "y": 103.70555555555572, "x": 151.11111111111111, "structure_id": "Tb_4"}, {"parent_Field": "Fi_3", "parent_Choice_Field": null, "parent_ChoiceGroup": null, "w": 293.1638888888889, "h": 22.67222222222233, "y": 470.37500000000006, "x": 151.11111111111111, "structure_id": "Tb_5"}, {"parent_Field": null, "parent_Choice_Field": null, "parent_ChoiceGroup": null, "w": 208.44444444444446, "h": 22.67222222222233, "y": 675.9277777777779, "x": 805.7749999999999, "structure_id": "Tb_6"}, {"parent_Field": "Fi_4", "parent_Choice_Field": null, "parent_ChoiceGroup": null, "w": 305.37499999999994, "h": 22.67222222222233, "y": 303.7055555555557, "x": 491.11111111111114, "structure_id": "Tb_7"}, {"parent_Field": "Fi_5", "parent_Choice_Field": null, "parent_ChoiceGroup": null, "w": 170.68333333333337, "h": 22.67222222222233, "y": 370.3750000000001, "x": 151.11111111111111, "structure_id": "Tb_8"}, {"parent_Field": "Fi_6", "parent_Choice_Field": null, "parent_ChoiceGroup": null, "w": 324.1659166666666, "h": 22.67222222222233, "y": 303.7055555555557, "x": 151.11111111111111, "structure_id": "Tb_9"}, {"parent_Field": null, "parent_Choice_Field": null, "parent_ChoiceGroup": null, "w": 180.5027777777775, "h": 22.672222222222317, "y": 102.48055555555564, "x": 1109.75, "structure_id": "Tb_10"}, {"parent_Field": null, "parent_Choice_Field": null, "parent_ChoiceGroup": null, "w": 196.60277777777782, "h": 22.67222222222233, "y": 675.9277777777779, "x": 401.7, "structure_id": "Tb_11"}, {"parent_Field": "Fi_7", "parent_Choice_Field": null, "parent_ChoiceGroup": null, "w": 296.78055555555557, "h": 22.67222222222233, "y": 603.7055555555557, "x": 151.11111111111111, "structure_id": "Tb_12"}, {"parent_Field": null, "parent_Choice_Field": null, "parent_ChoiceGroup": null, "w": 147.27222222222235, "h": 33.138888888888744, "y": 262.4305555555556, "x": 1126.3638888888888, "structure_id": "Tb_13"}, {"parent_Field": null, "parent_Choice_Field": null, "parent_ChoiceGroup": null, "w": 162.67222222222222, "h": 68.88055555555565, "y": 298.3027777777778, "x": 1440.3277777777778, "structure_id": "Tb_14"}, {"parent_Field": null, "parent_Choice_Field": null, "parent_ChoiceGroup": null, "w": 221.00277777777796, "h": 247.14722222222167, "y": 389.54166666666686, "x": 1383, "structure_id": "Tb_15"}, {"parent_Field": null, "parent_Choice_Field": null, "parent_ChoiceGroup": null, "w": 292.3638888888888, "h": 79.7861111111115, "y": 157.33888888888902, "x": 1308.638888888889, "structure_id": "Tb_16"}, {"parent_Field": "Fi_8", "parent_Choice_Field": null, "parent_ChoiceGroup": "Chgp_1", "w": 318.94444444444457, "h": 32.3888888888888, "y": 65.61111111111113, "x": 723.575, "structure_id": "Tb_17"}, {"parent_Field": "Fi_9", "parent_Choice_Field": null, "parent_ChoiceGroup": "Chgp_2", "w": 181.00555555555547, "h": 61.561111111111245, "y": 437.0361111111113, "x": 1132.8833333333334, "structure_id": "Tb_18"}, {"parent_Field": "Fi_10", "parent_Choice_Field": null, "parent_ChoiceGroup": null, "w": 268.9333333333336, "h": 94.2944444444442, "y": 103.70555555555572, "x": 824.5555555555554, "structure_id": "Tb_19"}, {"parent_Field": null, "parent_Choice_Field": null, "parent_ChoiceGroup": null, "w": 10.8111111111111, "h": 23.19722222222222, "y": 103.25833333333334, "x": 836.6666666666666, "structure_id": "Tb_20"}, {"parent_Field": "Fi_11", "parent_Choice_Field": null, "parent_ChoiceGroup": null, "w": 256.7222222222222, "h": 94.29444444444422, "y": 203.70555555555572, "x": 824.5555555555554, "structure_id": "Tb_21"}, {"parent_Field": null, "parent_Choice_Field": null, "parent_ChoiceGroup": null, "w": 10.8111111111111, "h": 23.19722222222222, "y": 203.25833333333333, "x": 836.6666666666666, "structure_id": "Tb_22"}, {"parent_Field": "Fi_12", "parent_Choice_Field": null, "parent_ChoiceGroup": null, "w": 232.6391666666667, "h": 22.67222222222233, "y": 303.7055555555557, "x": 852.8833333333333, "structure_id": "Tb_23"}, {"parent_Field": null, "parent_Choice_Field": null, "parent_ChoiceGroup": null, "w": 10.8111111111111, "h": 23.19722222222222, "y": 303.2583333333333, "x": 836.6666666666666, "structure_id": "Tb_24"}, {"parent_Field": "Fi_13", "parent_Choice_Field": null, "parent_ChoiceGroup": null, "w": 168.79444444444448, "h": 60.95555555555541, "y": 370.3750000000001, "x": 824.5555555555554, "structure_id": "Tb_25"}, {"parent_Field": null, "parent_Choice_Field": null, "parent_ChoiceGroup": null, "w": 10.8111111111111, "h": 23.19722222222222, "y": 369.9277777777777, "x": 836.6666666666666, "structure_id": "Tb_26"}, {"parent_Field": "Fi_14", "parent_Choice_Field": null, "parent_ChoiceGroup": null, "w": 213.08888888888896, "h": 60.96388888888856, "y": 437.0361111111113, "x": 824.5555555555554, "structure_id": "Tb_27"}, {"parent_Field": null, "parent_Choice_Field": null, "parent_ChoiceGroup": null, "w": 10.8111111111111, "h": 23.19722222222222, "y": 436.58888888888896, "x": 836.6666666666666, "structure_id": "Tb_28"}, {"parent_Field": "Fi_15", "parent_Choice_Field": null, "parent_ChoiceGroup": null, "w": 130.97500000000002, "h": 60.95555555555546, "y": 503.7055555555557, "x": 824.5555555555554, "structure_id": "Tb_29"}, {"parent_Field": null, "parent_Choice_Field": null, "parent_ChoiceGroup": null, "w": 10.8111111111111, "h": 23.19722222222222, "y": 503.2583333333333, "x": 836.6666666666666, "structure_id": "Tb_30"}, {"parent_Field": "Fi_16", "parent_Choice_Field": null, "parent_ChoiceGroup": null, "w": 36.09666666666669, "h": 21.052777777777692, "y": 568.9194444444445, "x": 863.7444444444444, "structure_id": "Tb_31"}, {"parent_Field": null, "parent_Choice_Field": null, "parent_ChoiceGroup": null, "w": 15.885232624333753, "h": 23.197222222222194, "y": 567.1499999999999, "x": 844, "structure_id": "Tb_32"}, {"parent_Field": "Fi_17", "parent_Choice_Field": null, "parent_ChoiceGroup": null, "w": 153.77916666666658, "h": 21.052777777777692, "y": 568.9194444444445, "x": 984.4638888888888, "structure_id": "Tb_33"}, {"parent_Field": null, "parent_Choice_Field": null, "parent_ChoiceGroup": null, "w": 33.502777777777716, "h": 23.19722222222222, "y": 567.1499999999999, "x": 945.5555555555554, "structure_id": "Tb_34"}, {"parent_Field": null, "parent_Choice_Field": null, "parent_ChoiceGroup": null, "w": 16, "h": 20, "y": 567.6666564941406, "x": 824, "structure_id": "Tb_35"}, {"parent_Field": "Fi_18", "parent_Choice_Field": null, "parent_ChoiceGroup": null, "w": 205.9634722222222, "h": 95.75000000000011, "y": 568.9194444444445, "x": 1164.5555555555554, "structure_id": "Tb_36"}, {"parent_Field": null, "parent_Choice_Field": null, "parent_ChoiceGroup": null, "w": 21.6222222222222, "h": 23.19722222222222, "y": 567.1499999999999, "x": 1165.5555555555557, "structure_id": "Tb_37"}, {"parent_Field": null, "parent_Choice_Field": null, "parent_ChoiceGroup": null, "w": 10.8111111111111, "h": 23.19722222222222, "y": 436.58888888888896, "x": 1116.6666666666665, "structure_id": "Tb_38"}, {"parent_Field": "Fi_19", "parent_Choice_Field": null, "parent_ChoiceGroup": null, "w": 156.87500000000023, "h": 60.95555555555541, "y": 370.3750000000001, "x": 1104.5555555555554, "structure_id": "Tb_39"}, {"parent_Field": null, "parent_Choice_Field": null, "parent_ChoiceGroup": null, "w": 10.8111111111111, "h": 23.19722222222222, "y": 369.9277777777777, "x": 1116.6666666666665, "structure_id": "Tb_40"}, {"parent_Field": "Fi_20", "parent_Choice_Field": null, "parent_ChoiceGroup": null, "w": 260.6159722222226, "h": 60.95555555555546, "y": 303.7055555555557, "x": 1104.5555555555554, "structure_id": "Tb_41"}, {"parent_Field": null, "parent_Choice_Field": null, "parent_ChoiceGroup": null, "w": 10.8111111111111, "h": 23.19722222222222, "y": 303.2583333333333, "x": 1116.6666666666665, "structure_id": "Tb_42"}, {"parent_Field": null, "parent_Choice_Field": null, "parent_ChoiceGroup": null, "w": 144.95555555555552, "h": 25.454444454035638, "y": 673.5444444444444, "x": 140, "structure_id": "Tb_43"}], "Choice_Field": [], "Field": [{"y": 537.0361111111113, "x": 140, "structure_id": "Fi_1", "w": 679.9999999999999, "h": 62.95555555555552}, {"y": 103.70555555555572, "x": 140, "structure_id": "Fi_2", "w": 679.9999999999999, "h": 196.29444444444428}, {"y": 470.37500000000006, "x": 140, "structure_id": "Fi_3", "w": 679.9999999999999, "h": 62.95555555555558}, {"y": 303.7055555555557, "x": 480, "structure_id": "Fi_4", "w": 340, "h": 62.96388888888902}, {"y": 370.3750000000001, "x": 140, "structure_id": "Fi_5", "w": 679.9999999999999, "h": 96.2944444444446}, {"y": 303.7055555555557, "x": 140, "structure_id": "Fi_6", "w": 340, "h": 62.96388888888902}, {"y": 603.7055555555557, "x": 140, "structure_id": "Fi_7", "w": 679.9999999999999, "h": 62.95555555555541}, {"y": 65.61111111111113, "x": 680, "structure_id": "Fi_8", "w": 362.5194444444446, "h": 32.3888888888888}, {"y": 437.0361111111113, "x": 1132.8833333333334, "structure_id": "Fi_9", "w": 229.33888888888873, "h": 61.561111111111245}, {"y": 103.70555555555572, "x": 824.5555555555554, "structure_id": "Fi_10", "w": 275.44444444444457, "h": 96.29444444444428}, {"y": 203.70555555555572, "x": 823.5555555555554, "structure_id": "Fi_11", "w": 276.44444444444457, "h": 96.29444444444428}, {"y": 303.7055555555557, "x": 819.9999999999999, "structure_id": "Fi_12", "w": 280.0000000000001, "h": 62.95555555555558}, {"y": 370.3750000000001, "x": 824.5555555555554, "structure_id": "Fi_13", "w": 275.44444444444457, "h": 62.95555555555552}, {"y": 437.0361111111113, "x": 824.5555555555554, "structure_id": "Fi_14", "w": 275.44444444444457, "h": 62.96388888888862}, {"y": 503.7055555555557, "x": 824.5555555555554, "structure_id": "Fi_15", "w": 275.44444444444457, "h": 62.95555555555558}, {"y": 568.9194444444445, "x": 819.9999999999999, "structure_id": "Fi_16", "w": 120, "h": 97.75000000000023}, {"y": 568.9194444444445, "x": 939.9999999999999, "structure_id": "Fi_17", "w": 220.0000000000001, "h": 97.75000000000023}, {"y": 568.9194444444445, "x": 1164.5555555555554, "structure_id": "Fi_18", "w": 215.44444444444457, "h": 97.75000000000023}, {"y": 370.3750000000001, "x": 1104.5555555555554, "structure_id": "Fi_19", "w": 275.44444444444457, "h": 62.95555555555552}, {"y": 303.7055555555557, "x": 1104.5555555555554, "structure_id": "Fi_20", "w": 275.44444444444457, "h": 62.95555555555558}], "TextRun": [{"parent_TextBlock": "Tb_1", "text": "Department                     of                     the                     Treasury                     -                     Internal                     Revenue                     Service", "parent_Field": null, "parent_Choice_Field": null, "parent_ChoiceGroup": null, "w": 472.49999999999955, "h": 22.67222222222233, "y": 675.9277777777779, "x": 1127.5083333333334, "structure_id": "Tr_1"}, {"parent_TextBlock": "Tb_2", "text": "2016", "parent_Field": null, "parent_Choice_Field": null, "parent_ChoiceGroup": null, "w": 144.44444444444443, "h": 70.11111111111113, "y": 156.7777777777779, "x": 1127.7777777777778, "structure_id": "Tr_2"}, {"parent_TextBlock": "Tb_3", "text": "City                     or                     town                     ,                     state                     or                     province                     ,                     country                     ,                     and                     ZIP                     or                     foreign                     postal                     code", "parent_Field": "Fi_1", "parent_Choice_Field": null, "parent_ChoiceGroup": null, "w": 613.6277777777779, "h": 22.67222222222233, "y": 537.0361111111113, "x": 151.11111111111111, "structure_id": "Tr_3"}, {"parent_TextBlock": "Tb_4", "text": "PAYER?S                     name                     ,                     street                     address                     ,                     city                     or                     town                     ,                     state                     or                     province                     ,                     country                     ,                     ZIP", "parent_Field": "Fi_2", "parent_Choice_Field": null, "parent_ChoiceGroup": null, "w": 661.9083333333333, "h": 22.672222222222317, "y": 103.70555555555572, "x": 151.11111111111111, "structure_id": "Tr_4"}, {"parent_TextBlock": "Tb_4", "text": "or                     foreign                     postal                     code                     ,                     and                     telephone                     no .", "parent_Field": "Fi_2", "parent_Choice_Field": null, "parent_ChoiceGroup": null, "w": 358.7111111111111, "h": 22.672222222222317, "y": 127.03888888888899, "x": 151.11111111111111, "structure_id": "Tr_5"}, {"parent_TextBlock": "Tb_5", "text": "Street                     address                     (                     including                     apt                     .                     no                     . )", "parent_Field": "Fi_3", "parent_Choice_Field": null, "parent_ChoiceGroup": null, "w": 293.1638888888889, "h": 22.67222222222233, "y": 470.37500000000006, "x": 151.11111111111111, "structure_id": "Tr_6"}, {"parent_TextBlock": "Tb_6", "text": "www.irs.gov                     /                     form1099g", "parent_Field": null, "parent_Choice_Field": null, "parent_ChoiceGroup": null, "w": 208.44444444444446, "h": 22.67222222222233, "y": 675.9277777777779, "x": 805.7749999999999, "structure_id": "Tr_7"}, {"parent_TextBlock": "Tb_7", "text": "RECIPIENT?S                     identification                     number", "parent_Field": "Fi_4", "parent_Choice_Field": null, "parent_ChoiceGroup": null, "w": 305.37499999999994, "h": 22.67222222222233, "y": 303.7055555555557, "x": 491.11111111111114, "structure_id": "Tr_8"}, {"parent_TextBlock": "Tb_8", "text": "RECIPIENT?S                     name", "parent_Field": "Fi_5", "parent_Choice_Field": null, "parent_ChoiceGroup": null, "w": 170.68333333333337, "h": 22.67222222222233, "y": 370.3750000000001, "x": 151.11111111111111, "structure_id": "Tr_9"}, {"parent_TextBlock": "Tb_9", "text": "PAYER?S                     federal                     identification number", "parent_Field": "Fi_6", "parent_Choice_Field": null, "parent_ChoiceGroup": null, "w": 324.1659166666666, "h": 22.67222222222233, "y": 303.7055555555557, "x": 151.11111111111111, "structure_id": "Tr_10"}, {"parent_TextBlock": "Tb_10", "text": "OMB                     No                     .                     1545                     -                     0120", "parent_Field": null, "parent_Choice_Field": null, "parent_ChoiceGroup": null, "w": 180.5027777777775, "h": 22.672222222222317, "y": 102.48055555555564, "x": 1109.75, "structure_id": "Tr_11"}, {"parent_TextBlock": "Tb_11", "text": "(                     keep                     for                     your                     records                     )", "parent_Field": null, "parent_Choice_Field": null, "parent_ChoiceGroup": null, "w": 196.60277777777782, "h": 22.67222222222233, "y": 675.9277777777779, "x": 401.7, "structure_id": "Tr_12"}, {"parent_TextBlock": "Tb_12", "text": "Account                     number                     (                     see                     instructions )", "parent_Field": "Fi_7", "parent_Choice_Field": null, "parent_ChoiceGroup": null, "w": 296.78055555555557, "h": 22.67222222222233, "y": 603.7055555555557, "x": 151.11111111111111, "structure_id": "Tr_13"}, {"parent_TextBlock": "Tb_13", "text": "1099                     -                     G", "parent_Field": null, "parent_Choice_Field": null, "parent_ChoiceGroup": null, "w": 94.16666666666674, "h": 33.138888888888744, "y": 262.4305555555556, "x": 1179.4694444444444, "structure_id": "Tr_14"}, {"parent_TextBlock": "Tb_13", "text": "Form", "parent_Field": null, "parent_Choice_Field": null, "parent_ChoiceGroup": null, "w": 45.38333333333344, "h": 22.67222222222233, "y": 271.00277777777785, "x": 1126.3638888888888, "structure_id": "Tr_15"}, {"parent_TextBlock": "Tb_14", "text": "Copy                     B", "parent_Field": null, "parent_Choice_Field": null, "parent_ChoiceGroup": null, "w": 96.22222222222217, "h": 33.138888888888744, "y": 298.3027777777778, "x": 1503.7777777777778, "structure_id": "Tr_16"}, {"parent_TextBlock": "Tb_14", "text": "For                     Recipient", "parent_Field": null, "parent_Choice_Field": null, "parent_ChoiceGroup": null, "w": 159.67499999999995, "h": 29.824999999999932, "y": 337.3583333333335, "x": 1440.3277777777778, "structure_id": "Tr_17"}, {"parent_TextBlock": "Tb_15", "text": "This is important tax", "parent_Field": null, "parent_Choice_Field": null, "parent_ChoiceGroup": null, "w": 176.47777777777787, "h": 22.67222222222233, "y": 389.54166666666686, "x": 1427.525, "structure_id": "Tr_18"}, {"parent_TextBlock": "Tb_15", "text": "information and is", "parent_Field": null, "parent_Choice_Field": null, "parent_ChoiceGroup": null, "w": 168.7491434204021, "h": 22.67222222222233, "y": 412.7666666666668, "x": 1383, "structure_id": "Tr_19"}, {"parent_TextBlock": "Tb_15", "text": "being furnished                     to                     the", "parent_Field": null, "parent_Choice_Field": null, "parent_ChoiceGroup": null, "w": 53.88185233307672, "h": 22.67222222222233, "y": 413.99166666666673, "x": 1548, "structure_id": "Tr_20"}, {"parent_TextBlock": "Tb_15", "text": "Internal Revenue", "parent_Field": null, "parent_Choice_Field": null, "parent_ChoiceGroup": null, "w": 191.07266413081197, "h": 22.67222222222233, "y": 436.2166666666667, "x": 1408, "structure_id": "Tr_21"}, {"parent_TextBlock": "Tb_15", "text": "Service                     .                     If                     you are", "parent_Field": null, "parent_Choice_Field": null, "parent_ChoiceGroup": null, "w": 211.92483140851573, "h": 22.67222222222233, "y": 458.4416666666666, "x": 1387, "structure_id": "Tr_22"}, {"parent_TextBlock": "Tb_15", "text": "required                     to                     file                     a                     return                     ,", "parent_Field": null, "parent_Choice_Field": null, "parent_ChoiceGroup": null, "w": 202.74722222222204, "h": 22.67222222222233, "y": 480.6666666666666, "x": 1397.255555555556, "structure_id": "Tr_23"}, {"parent_TextBlock": "Tb_15", "text": "a                     negligence                     penalty                     or", "parent_Field": null, "parent_Choice_Field": null, "parent_ChoiceGroup": null, "w": 202.0277777777776, "h": 22.672222222222274, "y": 502.8916666666665, "x": 1397.9750000000004, "structure_id": "Tr_24"}, {"parent_TextBlock": "Tb_15", "text": "other                     sanction                     may                     be", "parent_Field": null, "parent_Choice_Field": null, "parent_ChoiceGroup": null, "w": 193.7833333333333, "h": 22.67222222222233, "y": 525.1166666666664, "x": 1406.219444444445, "structure_id": "Tr_25"}, {"parent_TextBlock": "Tb_15", "text": "imposed                     on                     you                     if                     this", "parent_Field": null, "parent_Choice_Field": null, "parent_ChoiceGroup": null, "w": 191.62499999999977, "h": 22.67222222222233, "y": 547.3416666666664, "x": 1408.3777777777782, "structure_id": "Tr_26"}, {"parent_TextBlock": "Tb_15", "text": "income is taxable and", "parent_Field": null, "parent_Choice_Field": null, "parent_ChoiceGroup": null, "w": 211.66364921867512, "h": 22.67222222222233, "y": 569.5666666666662, "x": 1388, "structure_id": "Tr_27"}, {"parent_TextBlock": "Tb_15", "text": "the                     IRS                     determines                     that", "parent_Field": null, "parent_Choice_Field": null, "parent_ChoiceGroup": null, "w": 204.94444444444434, "h": 22.67222222222233, "y": 591.7916666666662, "x": 1395.0583333333336, "structure_id": "Tr_28"}, {"parent_TextBlock": "Tb_15", "text": "reported .", "parent_Field": null, "parent_Choice_Field": null, "parent_ChoiceGroup": null, "w": 79.586111111111, "h": 22.67222222222233, "y": 612.2416666666661, "x": 1519.416666666667, "structure_id": "Tr_29"}, {"parent_TextBlock": "Tb_15", "text": "it has not been", "parent_Field": null, "parent_Choice_Field": null, "parent_ChoiceGroup": null, "w": 80.8189661994204, "h": 22.67222222222233, "y": 614.0166666666662, "x": 1436, "structure_id": "Tr_30"}, {"parent_TextBlock": "Tb_16", "text": "Government", "parent_Field": null, "parent_Choice_Field": null, "parent_ChoiceGroup": null, "w": 179.39166666666665, "h": 36.4527777777779, "y": 158.00555555555582, "x": 1421.611111111111, "structure_id": "Tr_31"}, {"parent_TextBlock": "Tb_16", "text": "Certain", "parent_Field": null, "parent_Choice_Field": null, "parent_ChoiceGroup": null, "w": 106.36388888888882, "h": 36.4527777777779, "y": 157.33888888888902, "x": 1308.638888888889, "structure_id": "Tr_32"}, {"parent_TextBlock": "Tb_16", "text": "Payments", "parent_Field": null, "parent_Choice_Field": null, "parent_ChoiceGroup": null, "w": 144.2833333333333, "h": 36.4527777777779, "y": 200.67222222222262, "x": 1454.7194444444442, "structure_id": "Tr_33"}, {"parent_TextBlock": "Tb_17", "text": "CORRECTED                     (                     if                     checked                     )", "parent_Field": "Fi_8", "parent_Choice_Field": null, "parent_ChoiceGroup": "Chgp_1", "w": 318.94444444444457, "h": 32.3888888888888, "y": 65.61111111111113, "x": 723.575, "structure_id": "Tr_34"}, {"parent_TextBlock": "Tb_18", "text": "If                     checked                     ,                     box                     2                     is", "parent_Field": "Fi_9", "parent_Choice_Field": null, "parent_ChoiceGroup": "Chgp_2", "w": 169.6333333333332, "h": 22.67222222222233, "y": 437.0361111111113, "x": 1132.8833333333334, "structure_id": "Tr_35"}, {"parent_TextBlock": "Tb_18", "text": "trade                     or                     business", "parent_Field": "Fi_9", "parent_Choice_Field": null, "parent_ChoiceGroup": "Chgp_2", "w": 150.538888888889, "h": 22.67222222222233, "y": 456.4805555555558, "x": 1133.3305555555555, "structure_id": "Tr_36"}, {"parent_TextBlock": "Tb_18", "text": "income", "parent_Field": "Fi_9", "parent_Choice_Field": null, "parent_ChoiceGroup": "Chgp_2", "w": 63.75833333333321, "h": 22.67222222222233, "y": 475.92500000000024, "x": 1133.3305555555555, "structure_id": "Tr_37"}, {"parent_TextBlock": "Tb_18", "text": "?", "parent_Field": "Fi_9", "parent_Choice_Field": null, "parent_ChoiceGroup": "Chgp_2", "w": 13.888888888888914, "h": 13.763888888889028, "y": 476.29166666666674, "x": 1300, "structure_id": "Tr_38"}, {"parent_TextBlock": "Tb_19", "text": "Unemployment                     compensation", "parent_Field": "Fi_10", "parent_Choice_Field": null, "parent_ChoiceGroup": null, "w": 240.60555555555572, "h": 22.672222222222317, "y": 103.70555555555572, "x": 852.8833333333333, "structure_id": "Tr_39"}, {"parent_TextBlock": "Tb_19", "text": "$", "parent_Field": "Fi_10", "parent_Choice_Field": null, "parent_ChoiceGroup": null, "w": 15.444444444444457, "h": 32.3888888888888, "y": 165.61111111111111, "x": 824.5555555555554, "structure_id": "Tr_40"}, {"parent_TextBlock": "Tb_20", "text": "1", "parent_Field": null, "parent_Choice_Field": null, "parent_ChoiceGroup": null, "w": 10.8111111111111, "h": 23.19722222222222, "y": 103.25833333333334, "x": 836.6666666666666, "structure_id": "Tr_41"}, {"parent_TextBlock": "Tb_21", "text": "State                     or                     local                     income                     tax", "parent_Field": "Fi_11", "parent_Choice_Field": null, "parent_ChoiceGroup": null, "w": 216.06666666666672, "h": 22.672222222222302, "y": 203.70555555555572, "x": 852.8833333333333, "structure_id": "Tr_42"}, {"parent_TextBlock": "Tb_21", "text": "refunds                     ,                     credits                     ,                     or                     offsets", "parent_Field": "Fi_11", "parent_Choice_Field": null, "parent_ChoiceGroup": null, "w": 227.94722222222208, "h": 22.672222222222302, "y": 227.03888888888898, "x": 853.3305555555555, "structure_id": "Tr_43"}, {"parent_TextBlock": "Tb_21", "text": "$", "parent_Field": "Fi_11", "parent_Choice_Field": null, "parent_ChoiceGroup": null, "w": 15.444444444444457, "h": 32.3888888888888, "y": 265.61111111111114, "x": 824.5555555555554, "structure_id": "Tr_44"}, {"parent_TextBlock": "Tb_22", "text": "2", "parent_Field": null, "parent_Choice_Field": null, "parent_ChoiceGroup": null, "w": 10.8111111111111, "h": 23.19722222222222, "y": 203.25833333333333, "x": 836.6666666666666, "structure_id": "Tr_45"}, {"parent_TextBlock": "Tb_23", "text": "Box                     2                     amount                     is                     for                     tax                     year", "parent_Field": "Fi_12", "parent_Choice_Field": null, "parent_ChoiceGroup": null, "w": 232.6391666666667, "h": 22.67222222222233, "y": 303.7055555555557, "x": 852.8833333333333, "structure_id": "Tr_46"}, {"parent_TextBlock": "Tb_24", "text": "3", "parent_Field": null, "parent_Choice_Field": null, "parent_ChoiceGroup": null, "w": 10.8111111111111, "h": 23.19722222222222, "y": 303.2583333333333, "x": 836.6666666666666, "structure_id": "Tr_47"}, {"parent_TextBlock": "Tb_25", "text": "RTAA                     payments", "parent_Field": "Fi_13", "parent_Choice_Field": null, "parent_ChoiceGroup": null, "w": 140.46666666666658, "h": 22.67222222222233, "y": 370.3750000000001, "x": 852.8833333333333, "structure_id": "Tr_48"}, {"parent_TextBlock": "Tb_25", "text": "$", "parent_Field": "Fi_13", "parent_Choice_Field": null, "parent_ChoiceGroup": null, "w": 15.444444444444457, "h": 32.3888888888888, "y": 398.9416666666667, "x": 824.5555555555554, "structure_id": "Tr_49"}, {"parent_TextBlock": "Tb_26", "text": "5", "parent_Field": null, "parent_Choice_Field": null, "parent_ChoiceGroup": null, "w": 10.8111111111111, "h": 23.19722222222222, "y": 369.9277777777777, "x": 836.6666666666666, "structure_id": "Tr_50"}, {"parent_TextBlock": "Tb_27", "text": "Agriculture                     payments", "parent_Field": "Fi_14", "parent_Choice_Field": null, "parent_ChoiceGroup": null, "w": 184.76111111111106, "h": 22.67222222222233, "y": 437.0361111111113, "x": 852.8833333333333, "structure_id": "Tr_51"}, {"parent_TextBlock": "Tb_27", "text": "$", "parent_Field": "Fi_14", "parent_Choice_Field": null, "parent_ChoiceGroup": null, "w": 15.444444444444457, "h": 32.3888888888888, "y": 465.6111111111111, "x": 824.5555555555554, "structure_id": "Tr_52"}, {"parent_TextBlock": "Tb_28", "text": "7", "parent_Field": null, "parent_Choice_Field": null, "parent_ChoiceGroup": null, "w": 10.8111111111111, "h": 23.19722222222222, "y": 436.58888888888896, "x": 836.6666666666666, "structure_id": "Tr_53"}, {"parent_TextBlock": "Tb_29", "text": "Market                     gain", "parent_Field": "Fi_15", "parent_Choice_Field": null, "parent_ChoiceGroup": null, "w": 102.64722222222213, "h": 22.672222222222274, "y": 503.7055555555557, "x": 852.8833333333333, "structure_id": "Tr_54"}, {"parent_TextBlock": "Tb_29", "text": "$", "parent_Field": "Fi_15", "parent_Choice_Field": null, "parent_ChoiceGroup": null, "w": 15.444444444444457, "h": 32.3888888888888, "y": 532.2722222222224, "x": 824.5555555555554, "structure_id": "Tr_55"}, {"parent_TextBlock": "Tb_30", "text": "9", "parent_Field": null, "parent_Choice_Field": null, "parent_ChoiceGroup": null, "w": 10.8111111111111, "h": 23.19722222222222, "y": 503.2583333333333, "x": 836.6666666666666, "structure_id": "Tr_56"}, {"parent_TextBlock": "Tb_31", "text": "State", "parent_Field": "Fi_16", "parent_Choice_Field": null, "parent_ChoiceGroup": null, "w": 36.09666666666666, "h": 21.052777777777642, "y": 568.9194444444445, "x": 863.7444444444444, "structure_id": "Tr_57"}, {"parent_TextBlock": "Tb_32", "text": "10a", "parent_Field": null, "parent_Choice_Field": null, "parent_ChoiceGroup": null, "w": 15.885232624333762, "h": 23.19722222222222, "y": 567.1499999999999, "x": 844, "structure_id": "Tr_58"}, {"parent_TextBlock": "Tb_33", "text": "State                     identification                     no                     .", "parent_Field": "Fi_17", "parent_Choice_Field": null, "parent_ChoiceGroup": null, "w": 153.77916666666658, "h": 21.052777777777692, "y": 568.9194444444445, "x": 984.4638888888888, "structure_id": "Tr_59"}, {"parent_TextBlock": "Tb_34", "text": "10b", "parent_Field": null, "parent_Choice_Field": null, "parent_ChoiceGroup": null, "w": 33.502777777777716, "h": 23.19722222222222, "y": 567.1499999999999, "x": 945.5555555555554, "structure_id": "Tr_60"}, {"parent_TextBlock": "Tb_35", "text": "10", "parent_Field": null, "parent_Choice_Field": null, "parent_ChoiceGroup": null, "w": 16, "h": 20, "y": 567.6666564941406, "x": 824, "structure_id": "Tr_61"}, {"parent_TextBlock": "Tb_36", "text": "State                     income                     tax                     withheld", "parent_Field": "Fi_18", "parent_Choice_Field": null, "parent_ChoiceGroup": null, "w": 177.93569444444438, "h": 21.052777777777692, "y": 568.9194444444445, "x": 1192.5833333333333, "structure_id": "Tr_62"}, {"parent_TextBlock": "Tb_36", "text": "$", "parent_Field": "Fi_18", "parent_Choice_Field": null, "parent_ChoiceGroup": null, "w": 15.444444444444343, "h": 32.3888888888888, "y": 598.9500000000002, "x": 1164.5555555555554, "structure_id": "Tr_63"}, {"parent_TextBlock": "Tb_36", "text": "$", "parent_Field": "Fi_18", "parent_Choice_Field": null, "parent_ChoiceGroup": null, "w": 15.444444444444343, "h": 32.3888888888888, "y": 632.2805555555558, "x": 1164.5555555555554, "structure_id": "Tr_64"}, {"parent_TextBlock": "Tb_37", "text": "11", "parent_Field": null, "parent_Choice_Field": null, "parent_ChoiceGroup": null, "w": 21.6222222222222, "h": 23.19722222222222, "y": 567.1499999999999, "x": 1165.5555555555557, "structure_id": "Tr_65"}, {"parent_TextBlock": "Tb_38", "text": "8", "parent_Field": null, "parent_Choice_Field": null, "parent_ChoiceGroup": null, "w": 10.8111111111111, "h": 23.19722222222222, "y": 436.58888888888896, "x": 1116.6666666666665, "structure_id": "Tr_66"}, {"parent_TextBlock": "Tb_39", "text": "Taxable                     grants", "parent_Field": "Fi_19", "parent_Choice_Field": null, "parent_ChoiceGroup": null, "w": 128.54722222222222, "h": 22.67222222222233, "y": 370.3750000000001, "x": 1132.8833333333334, "structure_id": "Tr_67"}, {"parent_TextBlock": "Tb_39", "text": "$", "parent_Field": "Fi_19", "parent_Choice_Field": null, "parent_ChoiceGroup": null, "w": 15.444444444444343, "h": 32.3888888888888, "y": 398.9416666666667, "x": 1104.5555555555554, "structure_id": "Tr_68"}, {"parent_TextBlock": "Tb_40", "text": "6", "parent_Field": null, "parent_Choice_Field": null, "parent_ChoiceGroup": null, "w": 10.8111111111111, "h": 23.19722222222222, "y": 369.9277777777777, "x": 1116.6666666666665, "structure_id": "Tr_69"}, {"parent_TextBlock": "Tb_41", "text": "Federal                     income                     tax                     withheld", "parent_Field": "Fi_20", "parent_Choice_Field": null, "parent_ChoiceGroup": null, "w": 232.28819444444457, "h": 22.67222222222233, "y": 303.7055555555557, "x": 1132.8833333333334, "structure_id": "Tr_70"}, {"parent_TextBlock": "Tb_41", "text": "$", "parent_Field": "Fi_20", "parent_Choice_Field": null, "parent_ChoiceGroup": null, "w": 15.444444444444343, "h": 32.3888888888888, "y": 332.27222222222235, "x": 1104.5555555555554, "structure_id": "Tr_71"}, {"parent_TextBlock": "Tb_42", "text": "4", "parent_Field": null, "parent_Choice_Field": null, "parent_ChoiceGroup": null, "w": 10.8111111111111, "h": 23.19722222222222, "y": 303.2583333333333, "x": 1116.6666666666665, "structure_id": "Tr_72"}, {"parent_TextBlock": "Tb_43", "text": "1099 - G", "parent_Field": null, "parent_Choice_Field": null, "parent_ChoiceGroup": null, "w": 94.16666666666666, "h": 23.33223240433934, "y": 675.6666564941406, "x": 190.7888888888889, "structure_id": "Tr_73"}, {"parent_TextBlock": "Tb_43", "text": "Form", "parent_Field": null, "parent_Choice_Field": null, "parent_ChoiceGroup": null, "w": 45.383333333333326, "h": 22.67222222222233, "y": 673.5444444444444, "x": 140, "structure_id": "Tr_74"}], "ChoiceGroup": [{"y": 63.666656494140625, "x": 676, "structure_id": "Chgp_1", "w": 367, "h": 32}, {"y": 431.6666564941406, "x": 1099, "structure_id": "Chgp_2", "w": 277, "h": 64}]}