{"Widget": [{"parent_Field": "Fi_1", "parent_Choice_Field": null, "parent_ChoiceGroup": null, "w": 339.99999999999994, "h": 105.55277777777752, "y": 394.4472222222225, "x": 480, "structure_id": "Wi_1"}, {"parent_Field": "Fi_2", "parent_Choice_Field": null, "parent_ChoiceGroup": null, "w": 540.0000000000001, "h": 33.33055555555531, "y": 366.6694444444447, "x": 839.9999999999999, "structure_id": "Wi_2"}, {"parent_Field": "Fi_3", "parent_Choice_Field": null, "parent_ChoiceGroup": null, "w": 340, "h": 105.55277777777752, "y": 394.4472222222225, "x": 140, "structure_id": "Wi_3"}, {"parent_Field": "Fi_4", "parent_Choice_Field": null, "parent_ChoiceGroup": null, "w": 679.9999999999999, "h": 72.22222222222237, "y": 727.7777777777777, "x": 140, "structure_id": "Wi_4"}, {"parent_Field": "Fi_5", "parent_Choice_Field": null, "parent_ChoiceGroup": null, "w": 679.9999999999999, "h": 211.11388888888914, "y": 155.55555555555554, "x": 140, "structure_id": "Wi_5"}, {"parent_Field": "Fi_6", "parent_Choice_Field": null, "parent_ChoiceGroup": null, "w": 260.00000000000006, "h": 33.33055555555531, "y": 266.6694444444447, "x": 839.9999999999999, "structure_id": "Wi_6"}, {"parent_Field": "Fi_7", "parent_Choice_Field": null, "parent_ChoiceGroup": null, "w": 679.9999999999999, "h": 72.22222222222221, "y": 527.7777777777777, "x": 140, "structure_id": "Wi_7"}, {"parent_Field": "Fi_8", "parent_Choice_Field": null, "parent_ChoiceGroup": null, "w": 679.9999999999999, "h": 72.22222222222221, "y": 927.7777777777779, "x": 140, "structure_id": "Wi_8"}, {"parent_Field": "Fi_9", "parent_Choice_Field": null, "parent_ChoiceGroup": null, "w": 679.9999999999999, "h": 72.22222222222221, "y": 627.7777777777777, "x": 140, "structure_id": "Wi_9"}, {"parent_Field": "Fi_10", "parent_Choice_Field": null, "parent_ChoiceGroup": null, "w": 260.00000000000006, "h": 33.33055555555562, "y": 700, "x": 839.9999999999999, "structure_id": "Wi_10"}, {"parent_Field": "Fi_11", "parent_Choice_Field": null, "parent_ChoiceGroup": null, "w": 280, "h": 72.22222222222221, "y": 127.77777777777777, "x": 819.9999999999999, "structure_id": "Wi_11"}, {"parent_Field": "Fi_12", "parent_Choice_Field": null, "parent_ChoiceGroup": null, "w": 280, "h": 33.336111111111045, "y": 600.002777777778, "x": 1100, "structure_id": "Wi_12"}, {"parent_Field": "Fi_13", "parent_Choice_Field": null, "parent_ChoiceGroup": null, "w": 540.0000000000001, "h": 33.33055555555531, "y": 466.66944444444465, "x": 839.9999999999999, "structure_id": "Wi_13"}, {"parent_Field": "Fi_14", "parent_Choice_Field": null, "parent_ChoiceGroup": null, "w": 260.00000000000006, "h": 33.33055555555562, "y": 533.3305555555556, "x": 839.9999999999999, "structure_id": "Wi_14"}, {"parent_Field": "Fi_15", "parent_Choice_Field": null, "parent_ChoiceGroup": null, "w": 259.9999999999999, "h": 33.33055555555562, "y": 533.3305555555556, "x": 1120.1972222222223, "structure_id": "Wi_15"}, {"parent_Field": "Fi_16", "parent_Choice_Field": null, "parent_ChoiceGroup": null, "w": 260.00000000000006, "h": 33.33055555555562, "y": 600, "x": 839.9999999999999, "structure_id": "Wi_16"}, {"parent_Field": "Fi_17", "parent_Choice_Field": null, "parent_ChoiceGroup": null, "w": 260.00000000000006, "h": 33.33055555555562, "y": 700, "x": 1120, "structure_id": "Wi_17"}, {"parent_Field": "Fi_18", "parent_Choice_Field": null, "parent_ChoiceGroup": null, "w": 260.00000000000006, "h": 33.33055555555546, "y": 800.0000000000001, "x": 839.9999999999999, "structure_id": "Wi_18"}, {"parent_Field": "Fi_19", "parent_Choice_Field": null, "parent_ChoiceGroup": null, "w": 260.00000000000006, "h": 33.33055555555546, "y": 800.0000000000001, "x": 1120, "structure_id": "Wi_19"}, {"parent_Field": "Fi_20", "parent_Choice_Field": null, "parent_ChoiceGroup": null, "w": 260.00000000000006, "h": 33.33055555555562, "y": 866.6694444444445, "x": 839.9999999999999, "structure_id": "Wi_20"}, {"parent_Field": "Fi_21", "parent_Choice_Field": null, "parent_ChoiceGroup": null, "w": 260.00000000000006, "h": 33.33055555555562, "y": 866.6694444444445, "x": 1120, "structure_id": "Wi_21"}, {"parent_Field": "Fi_22", "parent_Choice_Field": null, "parent_ChoiceGroup": null, "w": 280, "h": 33.33333333333333, "y": 966.6666666666667, "x": 819.9999999999999, "structure_id": "Wi_22"}, {"parent_Field": "Fi_23", "parent_Choice_Field": null, "parent_ChoiceGroup": null, "w": 80.00000000000003, "h": 38.8916666666666, "y": 927.7777777777779, "x": 1100, "structure_id": "Wi_23"}, {"parent_Field": "Fi_23", "parent_Choice_Field": null, "parent_ChoiceGroup": null, "w": 80.00000000000003, "h": 33.33055555555562, "y": 966.6694444444445, "x": 1100, "structure_id": "Wi_24"}, {"parent_Field": "Fi_24", "parent_Choice_Field": null, "parent_ChoiceGroup": null, "w": 200, "h": 38.8916666666666, "y": 927.7777777777779, "x": 1180, "structure_id": "Wi_25"}, {"parent_Field": "Fi_24", "parent_Choice_Field": null, "parent_ChoiceGroup": null, "w": 200, "h": 33.33055555555562, "y": 966.6694444444445, "x": 1180, "structure_id": "Wi_26"}, {"parent_Field": "Fi_25", "parent_Choice_Field": null, "parent_ChoiceGroup": null, "w": 200, "h": 33.33055555555562, "y": 933.3305555555556, "x": 1400, "structure_id": "Wi_27"}, {"parent_Field": "Fi_25", "parent_Choice_Field": null, "parent_ChoiceGroup": null, "w": 200, "h": 33.33055555555562, "y": 966.6694444444445, "x": 1400, "structure_id": "Wi_28"}, {"parent_Field": null, "parent_Choice_Field": "Chf_1", "parent_ChoiceGroup": "Chgp_1", "w": 27.77777777777778, "h": 27.77777777777778, "y": 68.05555555555556, "x": 520, "structure_id": "Wi_29"}, {"parent_Field": null, "parent_Choice_Field": "Chf_2", "parent_ChoiceGroup": "Chgp_1", "w": 27.77777777777778, "h": 27.77777777777778, "y": 68.05555555555556, "x": 680, "structure_id": "Wi_30"}, {"parent_Field": null, "parent_Choice_Field": "Chf_3", "parent_ChoiceGroup": "Chgp_2", "w": 22.22222222222222, "h": 22.22222222222222, "y": 861.1111111111112, "x": 745.5527777777778, "structure_id": "Wi_31"}], "TextBlock": [{"parent_Field": null, "parent_Choice_Field": null, "parent_ChoiceGroup": null, "w": 218.53611111111104, "h": 22.672222222222103, "y": 1009.2583333333333, "x": 830.7333333333333, "structure_id": "Tb_1"}, {"parent_Field": null, "parent_Choice_Field": null, "parent_ChoiceGroup": null, "w": 169.6222222222222, "h": 33.1388888888888, "y": 998.3027777777778, "x": 140, "structure_id": "Tb_2"}, {"parent_Field": "Fi_1", "parent_Choice_Field": null, "parent_ChoiceGroup": null, "w": 305.37499999999994, "h": 22.67222222222233, "y": 370.3750000000001, "x": 491.11111111111114, "structure_id": "Tb_3"}, {"parent_Field": null, "parent_Choice_Field": null, "parent_ChoiceGroup": null, "w": 159.30000000000018, "h": 57.60000000000002, "y": 387.92222222222233, "x": 1440.7027777777778, "structure_id": "Tb_4"}, {"parent_Field": "Fi_2", "parent_Choice_Field": null, "parent_ChoiceGroup": null, "w": 239.3000000000004, "h": 94.74166666666656, "y": 303.2583333333333, "x": 824.5555555555554, "structure_id": "Tb_5"}, {"parent_Field": "Fi_3", "parent_Choice_Field": null, "parent_ChoiceGroup": null, "w": 324.1659166666666, "h": 22.67222222222233, "y": 370.3750000000001, "x": 151.11111111111111, "structure_id": "Tb_6"}, {"parent_Field": "Fi_4", "parent_Choice_Field": null, "parent_ChoiceGroup": null, "w": 613.6277777777779, "h": 22.67222222222233, "y": 703.7055555555557, "x": 151.11111111111111, "structure_id": "Tb_7"}, {"parent_Field": null, "parent_Choice_Field": null, "parent_ChoiceGroup": null, "w": 180.50277777777774, "h": 22.672222222222317, "y": 102.48055555555564, "x": 1149.75, "structure_id": "Tb_8"}, {"parent_Field": "Fi_5", "parent_Choice_Field": null, "parent_ChoiceGroup": null, "w": 656.5027777777777, "h": 44.89722222222227, "y": 103.70555555555572, "x": 151.11111111111111, "structure_id": "Tb_9"}, {"parent_Field": "Fi_6", "parent_Choice_Field": null, "parent_ChoiceGroup": null, "w": 162.66944444444448, "h": 94.74166666666662, "y": 203.25833333333333, "x": 824.5555555555554, "structure_id": "Tb_10"}, {"parent_Field": "Fi_7", "parent_Choice_Field": null, "parent_ChoiceGroup": null, "w": 170.68333333333337, "h": 22.672222222222274, "y": 503.7055555555557, "x": 151.11111111111111, "structure_id": "Tb_11"}, {"parent_Field": null, "parent_Choice_Field": null, "parent_ChoiceGroup": null, "w": 169.62222222222226, "h": 33.138888888888744, "y": 262.1944444444444, "x": 1155.1888888888889, "structure_id": "Tb_12"}, {"parent_Field": "Fi_8", "parent_Choice_Field": null, "parent_ChoiceGroup": null, "w": 296.78055555555557, "h": 22.672222222222103, "y": 903.7055555555556, "x": 151.11111111111111, "structure_id": "Tb_13"}, {"parent_Field": "Fi_9", "parent_Choice_Field": null, "parent_ChoiceGroup": null, "w": 293.1638888888889, "h": 22.67222222222233, "y": 603.7055555555557, "x": 151.11111111111111, "structure_id": "Tb_14"}, {"parent_Field": "Fi_10", "parent_Choice_Field": null, "parent_ChoiceGroup": null, "w": 202.62777777777796, "h": 94.74166666666656, "y": 636.588888888889, "x": 824.5555555555554, "structure_id": "Tb_15"}, {"parent_Field": null, "parent_Choice_Field": null, "parent_ChoiceGroup": null, "w": 92.11111111111109, "h": 33.138888888888744, "y": 312.4305555555556, "x": 1507.888888888889, "structure_id": "Tb_16"}, {"parent_Field": null, "parent_Choice_Field": null, "parent_ChoiceGroup": null, "w": 144.44444444444443, "h": 70.11111111111113, "y": 156.77222222222218, "x": 1167.7777777777776, "structure_id": "Tb_17"}, {"parent_Field": "Fi_11", "parent_Choice_Field": null, "parent_ChoiceGroup": null, "w": 188.25275000000022, "h": 22.672222222222317, "y": 103.70555555555572, "x": 836.6666666666666, "structure_id": "Tb_18"}, {"parent_Field": "Fi_12", "parent_Choice_Field": null, "parent_ChoiceGroup": null, "w": 261.09222222222206, "h": 23.197222222222194, "y": 569.9277777777777, "x": 1111.111111111111, "structure_id": "Tb_19"}, {"parent_Field": "Fi_13", "parent_Choice_Field": null, "parent_ChoiceGroup": null, "w": 497.58055555555575, "h": 94.74166666666656, "y": 403.2583333333333, "x": 824.5555555555554, "structure_id": "Tb_20"}, {"parent_Field": "Fi_14", "parent_Choice_Field": null, "parent_ChoiceGroup": null, "w": 272.8416666666667, "h": 61.40277777777783, "y": 503.2583333333333, "x": 824.5555555555554, "structure_id": "Tb_21"}, {"parent_Field": "Fi_15", "parent_Choice_Field": null, "parent_ChoiceGroup": null, "w": 207.1833333333334, "h": 61.40277777777783, "y": 503.2583333333333, "x": 1104.7527777777777, "structure_id": "Tb_22"}, {"parent_Field": "Fi_16", "parent_Choice_Field": null, "parent_ChoiceGroup": null, "w": 169.1250000000001, "h": 61.40277777777783, "y": 569.9277777777777, "x": 824.5555555555554, "structure_id": "Tb_23"}, {"parent_Field": "Fi_17", "parent_Choice_Field": null, "parent_ChoiceGroup": null, "w": 268.3511111111113, "h": 101.29444444444425, "y": 630.0361111111113, "x": 1104.5555555555554, "structure_id": "Tb_24"}, {"parent_Field": "Fi_18", "parent_Choice_Field": null, "parent_ChoiceGroup": null, "w": 168.86388888888905, "h": 94.74166666666656, "y": 736.588888888889, "x": 824.5555555555554, "structure_id": "Tb_25"}, {"parent_Field": "Fi_19", "parent_Choice_Field": null, "parent_ChoiceGroup": null, "w": 157.00277777777774, "h": 94.74166666666656, "y": 736.588888888889, "x": 1104.5555555555554, "structure_id": "Tb_26"}, {"parent_Field": "Fi_20", "parent_Choice_Field": null, "parent_ChoiceGroup": null, "w": 269.93122222222223, "h": 61.41111111111104, "y": 836.588888888889, "x": 824.5555555555554, "structure_id": "Tb_27"}, {"parent_Field": "Fi_21", "parent_Choice_Field": null, "parent_ChoiceGroup": null, "w": 269.9930555555559, "h": 61.41111111111104, "y": 836.588888888889, "x": 1104.5555555555554, "structure_id": "Tb_28"}, {"parent_Field": "Fi_22", "parent_Choice_Field": null, "parent_ChoiceGroup": null, "w": 256.86514173860553, "h": 45.344444444444434, "y": 903.2583333333334, "x": 825.5555555555555, "structure_id": "Tb_29"}, {"parent_Field": "Fi_23", "parent_Choice_Field": null, "parent_ChoiceGroup": null, "w": 64.5291111111112, "h": 23.197222222222194, "y": 903.2583333333334, "x": 1105.5555555555554, "structure_id": "Tb_30"}, {"parent_Field": "Fi_24", "parent_Choice_Field": null, "parent_ChoiceGroup": null, "w": 186.79111111111092, "h": 23.197222222222194, "y": 903.2583333333334, "x": 1185.5555555555557, "structure_id": "Tb_31"}, {"parent_Field": "Fi_25", "parent_Choice_Field": null, "parent_ChoiceGroup": null, "w": 189.85833333333335, "h": 94.74166666666656, "y": 903.2583333333334, "x": 1384.5555555555554, "structure_id": "Tb_32"}, {"parent_Field": null, "parent_Choice_Field": "Chf_1", "parent_ChoiceGroup": "Chgp_1", "w": 64.83333333333337, "h": 32.3888888888888, "y": 62.83333333333334, "x": 558.7388888888888, "structure_id": "Tb_33"}, {"parent_Field": null, "parent_Choice_Field": "Chf_2", "parent_ChoiceGroup": "Chgp_1", "w": 168.72222222222217, "h": 32.3888888888888, "y": 62.83333333333334, "x": 723.575, "structure_id": "Tb_34"}, {"parent_Field": null, "parent_Choice_Field": null, "parent_ChoiceGroup": null, "w": 142.5666666666666, "h": 93.06111111111099, "y": 147.07222222222228, "x": 1457.4361111111111, "structure_id": "Tb_35"}, {"parent_Field": null, "parent_Choice_Field": "Chf_3", "parent_ChoiceGroup": "Chgp_2", "w": 107.6444444444445, "h": 46.005555555555475, "y": 803.7055555555557, "x": 706.1777777777777, "structure_id": "Tb_36"}, {"parent_Field": null, "parent_Choice_Field": null, "parent_ChoiceGroup": null, "w": 472.49999999999955, "h": 22.672222222222103, "y": 1009.2583333333333, "x": 1127.5083333333334, "structure_id": "Tb_37"}], "Choice_Field": [{"y": 62.83333333333334, "x": 520, "structure_id": "Chf_1", "w": 103.5722222222222, "h": 33}, {"y": 62.83333333333334, "x": 680, "structure_id": "Chf_2", "w": 212.29722222222222, "h": 33}, {"y": 803.7055555555557, "x": 706.1777777777777, "structure_id": "Chf_3", "w": 107.6444444444445, "h": 79.62777777777762}], "Field": [{"y": 370.3750000000001, "x": 480, "structure_id": "Fi_1", "w": 340, "h": 129.6249999999999}, {"y": 303.2583333333333, "x": 824.5555555555554, "structure_id": "Fi_2", "w": 555.4444444444446, "h": 96.74166666666667}, {"y": 370.3750000000001, "x": 140, "structure_id": "Fi_3", "w": 340, "h": 129.6249999999999}, {"y": 703.7055555555557, "x": 140, "structure_id": "Fi_4", "w": 679.9999999999999, "h": 96.29444444444437}, {"y": 103.70555555555572, "x": 140, "structure_id": "Fi_5", "w": 679.9999999999999, "h": 262.96388888888896}, {"y": 203.70555555555572, "x": 824.5555555555554, "structure_id": "Fi_6", "w": 275.44444444444457, "h": 96.29444444444428}, {"y": 504.7055555555557, "x": 140, "structure_id": "Fi_7", "w": 679.9999999999999, "h": 95.2944444444442}, {"y": 903.7055555555556, "x": 140, "structure_id": "Fi_8", "w": 679.9999999999999, "h": 96.29444444444448}, {"y": 606.7055555555557, "x": 140, "structure_id": "Fi_9", "w": 679.9999999999999, "h": 93.29444444444414}, {"y": 636.588888888889, "x": 824.5555555555554, "structure_id": "Fi_10", "w": 275.44444444444457, "h": 96.74166666666667}, {"y": 103.70555555555572, "x": 819.9999999999999, "structure_id": "Fi_11", "w": 280.0000000000001, "h": 96.29444444444428}, {"y": 569.9277777777777, "x": 1100, "structure_id": "Fi_12", "w": 280, "h": 63.41111111111127}, {"y": 403.2583333333333, "x": 824.5555555555554, "structure_id": "Fi_13", "w": 555.4444444444446, "h": 96.74166666666662}, {"y": 503.2583333333333, "x": 824.5555555555554, "structure_id": "Fi_14", "w": 275.44444444444457, "h": 63.40277777777794}, {"y": 503.2583333333333, "x": 1104.7527777777777, "structure_id": "Fi_15", "w": 275.44444444444434, "h": 63.40277777777794}, {"y": 569.9277777777777, "x": 824.5555555555554, "structure_id": "Fi_16", "w": 275.44444444444457, "h": 63.40277777777794}, {"y": 630.0361111111113, "x": 1104.5555555555554, "structure_id": "Fi_17", "w": 275.44444444444457, "h": 103.29444444444437}, {"y": 736.0361111111113, "x": 824.5555555555554, "structure_id": "Fi_18", "w": 275.44444444444457, "h": 97.29444444444425}, {"y": 736.588888888889, "x": 1104.5555555555554, "structure_id": "Fi_19", "w": 275.44444444444457, "h": 96.74166666666656}, {"y": 836.588888888889, "x": 824.5555555555554, "structure_id": "Fi_20", "w": 275.44444444444457, "h": 63.411111111111154}, {"y": 836.0361111111112, "x": 1104.5555555555554, "structure_id": "Fi_21", "w": 275.44444444444457, "h": 63.96388888888896}, {"y": 903.2583333333334, "x": 819.9999999999999, "structure_id": "Fi_22", "w": 280.0000000000001, "h": 96.74166666666667}, {"y": 903.2583333333334, "x": 1100, "structure_id": "Fi_23", "w": 80, "h": 96.74166666666667}, {"y": 903.2583333333334, "x": 1180, "structure_id": "Fi_24", "w": 200, "h": 96.74166666666667}, {"y": 903.2583333333334, "x": 1384.5555555555554, "structure_id": "Fi_25", "w": 215.44444444444457, "h": 96.74166666666667}], "TextRun": [{"parent_TextBlock": "Tb_1", "text": "www.irs.gov  /  form1099int", "parent_Field": null, "parent_Choice_Field": null, "parent_ChoiceGroup": null, "w": 218.53611111111104, "h": 22.672222222222103, "y": 1009.2583333333333, "x": 830.7333333333333, "structure_id": "Tr_1"}, {"parent_TextBlock": "Tb_2", "text": "1099  -  INT", "parent_Field": null, "parent_Choice_Field": null, "parent_ChoiceGroup": null, "w": 118.83333333333334, "h": 33.1388888888888, "y": 998.3027777777778, "x": 190.78888888888886, "structure_id": "Tr_2"}, {"parent_TextBlock": "Tb_2", "text": "Form", "parent_Field": null, "parent_Choice_Field": null, "parent_ChoiceGroup": null, "w": 45.383333333333326, "h": 22.672222222222217, "y": 1006.875, "x": 140, "structure_id": "Tr_3"}, {"parent_TextBlock": "Tb_3", "text": "RECIPIENT?S  identification  number", "parent_Field": "Fi_1", "parent_Choice_Field": null, "parent_ChoiceGroup": null, "w": 305.37499999999994, "h": 22.67222222222233, "y": 370.3750000000001, "x": 491.11111111111114, "structure_id": "Tr_4"}, {"parent_TextBlock": "Tb_4", "text": "For  State  Tax", "parent_Field": null, "parent_Choice_Field": null, "parent_ChoiceGroup": null, "w": 159.29999999999973, "h": 29.824999999999932, "y": 387.92222222222233, "x": 1440.7027777777778, "structure_id": "Tr_5"}, {"parent_TextBlock": "Tb_4", "text": "Department", "parent_Field": null, "parent_Choice_Field": null, "parent_ChoiceGroup": null, "w": 141.6500000000001, "h": 29.824999999999932, "y": 415.6972222222224, "x": 1458.3527777777779, "structure_id": "Tr_6"}, {"parent_TextBlock": "Tb_5", "text": "2", "parent_Field": "Fi_2", "parent_Choice_Field": null, "parent_ChoiceGroup": null, "w": 10.811111111111131, "h": 23.197222222222194, "y": 303.2583333333333, "x": 836.6666666666666, "structure_id": "Tr_7"}, {"parent_TextBlock": "Tb_5", "text": "Early  withdrawal  penalty", "parent_Field": "Fi_2", "parent_Choice_Field": null, "parent_ChoiceGroup": null, "w": 210.9722222222225, "h": 22.67222222222233, "y": 303.7055555555557, "x": 852.8833333333333, "structure_id": "Tr_8"}, {"parent_TextBlock": "Tb_5", "text": "$", "parent_Field": "Fi_2", "parent_Choice_Field": null, "parent_ChoiceGroup": null, "w": 15.444444444444457, "h": 32.3888888888888, "y": 365.6111111111111, "x": 824.5555555555554, "structure_id": "Tr_9"}, {"parent_TextBlock": "Tb_6", "text": "PAYER?S  federal  identification number", "parent_Field": "Fi_3", "parent_Choice_Field": null, "parent_ChoiceGroup": null, "w": 324.1659166666666, "h": 22.67222222222233, "y": 370.3750000000001, "x": 151.11111111111111, "structure_id": "Tr_10"}, {"parent_TextBlock": "Tb_7", "text": "City  or  town  ,  state  or  province  ,  country  ,  and  ZIP  or  foreign  postal  code", "parent_Field": "Fi_4", "parent_Choice_Field": null, "parent_ChoiceGroup": null, "w": 613.6277777777779, "h": 22.67222222222233, "y": 703.7055555555557, "x": 151.11111111111111, "structure_id": "Tr_11"}, {"parent_TextBlock": "Tb_8", "text": "OMB  No  .  1545  -  0112", "parent_Field": null, "parent_Choice_Field": null, "parent_ChoiceGroup": null, "w": 180.50277777777774, "h": 22.672222222222317, "y": 102.48055555555564, "x": 1149.75, "structure_id": "Tr_12"}, {"parent_TextBlock": "Tb_9", "text": "PAYER?S  name  ,  street  address  ,  city  or  town  ,  state  or  province  ,  country  ,  ZIP", "parent_Field": "Fi_5", "parent_Choice_Field": null, "parent_ChoiceGroup": null, "w": 656.5027777777777, "h": 22.672222222222317, "y": 103.70555555555572, "x": 151.11111111111111, "structure_id": "Tr_13"}, {"parent_TextBlock": "Tb_9", "text": "or  foreign  postal  code  ,  and  telephone  no .", "parent_Field": "Fi_5", "parent_Choice_Field": null, "parent_ChoiceGroup": null, "w": 358.7111111111111, "h": 22.67222222222233, "y": 125.93055555555566, "x": 151.11111111111111, "structure_id": "Tr_14"}, {"parent_TextBlock": "Tb_10", "text": "1", "parent_Field": "Fi_6", "parent_Choice_Field": null, "parent_ChoiceGroup": null, "w": 10.811111111111131, "h": 23.197222222222223, "y": 203.25833333333333, "x": 836.6666666666666, "structure_id": "Tr_15"}, {"parent_TextBlock": "Tb_10", "text": "Interest  income", "parent_Field": "Fi_6", "parent_Choice_Field": null, "parent_ChoiceGroup": null, "w": 134.34166666666658, "h": 22.672222222222302, "y": 203.70555555555572, "x": 852.8833333333333, "structure_id": "Tr_16"}, {"parent_TextBlock": "Tb_10", "text": "$", "parent_Field": "Fi_6", "parent_Choice_Field": null, "parent_ChoiceGroup": null, "w": 15.444444444444457, "h": 32.3888888888888, "y": 265.61111111111114, "x": 824.5555555555554, "structure_id": "Tr_17"}, {"parent_TextBlock": "Tb_11", "text": "RECIPIENT?S  name", "parent_Field": "Fi_7", "parent_Choice_Field": null, "parent_ChoiceGroup": null, "w": 170.68333333333337, "h": 22.672222222222274, "y": 503.7055555555557, "x": 151.11111111111111, "structure_id": "Tr_18"}, {"parent_TextBlock": "Tb_12", "text": "1099  -  INT", "parent_Field": null, "parent_Choice_Field": null, "parent_ChoiceGroup": null, "w": 118.83333333333348, "h": 33.138888888888744, "y": 262.1944444444444, "x": 1205.9777777777776, "structure_id": "Tr_19"}, {"parent_TextBlock": "Tb_12", "text": "Form", "parent_Field": null, "parent_Choice_Field": null, "parent_ChoiceGroup": null, "w": 45.38333333333344, "h": 22.67222222222233, "y": 270.76666666666665, "x": 1155.1888888888889, "structure_id": "Tr_20"}, {"parent_TextBlock": "Tb_13", "text": "Account  number  (  see  instructions )", "parent_Field": "Fi_8", "parent_Choice_Field": null, "parent_ChoiceGroup": null, "w": 296.78055555555557, "h": 22.672222222222103, "y": 903.7055555555556, "x": 151.11111111111111, "structure_id": "Tr_21"}, {"parent_TextBlock": "Tb_14", "text": "Street  address  (  including  apt  .  no  . )", "parent_Field": "Fi_9", "parent_Choice_Field": null, "parent_ChoiceGroup": null, "w": 293.1638888888889, "h": 22.67222222222233, "y": 603.7055555555557, "x": 151.11111111111111, "structure_id": "Tr_22"}, {"parent_TextBlock": "Tb_15", "text": "8", "parent_Field": "Fi_10", "parent_Choice_Field": null, "parent_ChoiceGroup": null, "w": 10.811111111111131, "h": 23.197222222222194, "y": 636.588888888889, "x": 836.6666666666666, "structure_id": "Tr_23"}, {"parent_TextBlock": "Tb_15", "text": "Tax  -  exempt  interest", "parent_Field": "Fi_10", "parent_Choice_Field": null, "parent_ChoiceGroup": null, "w": 174.30000000000007, "h": 22.67222222222233, "y": 637.0361111111113, "x": 852.8833333333333, "structure_id": "Tr_24"}, {"parent_TextBlock": "Tb_15", "text": "$", "parent_Field": "Fi_10", "parent_Choice_Field": null, "parent_ChoiceGroup": null, "w": 15.444444444444457, "h": 32.3888888888888, "y": 698.9416666666667, "x": 824.5555555555554, "structure_id": "Tr_25"}, {"parent_TextBlock": "Tb_16", "text": "Copy  1", "parent_Field": null, "parent_Choice_Field": null, "parent_ChoiceGroup": null, "w": 92.11111111111109, "h": 33.138888888888744, "y": 312.4305555555556, "x": 1507.888888888889, "structure_id": "Tr_26"}, {"parent_TextBlock": "Tb_17", "text": "2017", "parent_Field": null, "parent_Choice_Field": null, "parent_ChoiceGroup": null, "w": 144.44444444444443, "h": 70.11111111111113, "y": 156.77222222222218, "x": 1167.7777777777776, "structure_id": "Tr_27"}, {"parent_TextBlock": "Tb_18", "text": "Payer's  RTN  (  optional  )", "parent_Field": "Fi_11", "parent_Choice_Field": null, "parent_ChoiceGroup": null, "w": 188.25275000000022, "h": 22.672222222222317, "y": 103.70555555555572, "x": 836.6666666666666, "structure_id": "Tr_28"}, {"parent_TextBlock": "Tb_19", "text": "7", "parent_Field": "Fi_12", "parent_Choice_Field": null, "parent_ChoiceGroup": null, "w": 10.811111111111131, "h": 23.197222222222194, "y": 569.9277777777777, "x": 1111.111111111111, "structure_id": "Tr_29"}, {"parent_TextBlock": "Tb_19", "text": "Foreign  country  or  U.S  .  possession", "parent_Field": "Fi_12", "parent_Choice_Field": null, "parent_ChoiceGroup": null, "w": 244.87555555555537, "h": 22.67222222222233, "y": 570.3750000000001, "x": 1127.3277777777778, "structure_id": "Tr_30"}, {"parent_TextBlock": "Tb_20", "text": "3", "parent_Field": "Fi_13", "parent_Choice_Field": null, "parent_ChoiceGroup": null, "w": 10.811111111111131, "h": 23.197222222222194, "y": 403.2583333333333, "x": 836.6666666666666, "structure_id": "Tr_31"}, {"parent_TextBlock": "Tb_20", "text": "Interest  on  U.S  .  Savings  Bonds  and  Treas  .  obligations", "parent_Field": "Fi_13", "parent_Choice_Field": null, "parent_ChoiceGroup": null, "w": 469.25277777777785, "h": 22.67222222222233, "y": 403.7055555555557, "x": 852.8833333333333, "structure_id": "Tr_32"}, {"parent_TextBlock": "Tb_20", "text": "$", "parent_Field": "Fi_13", "parent_Choice_Field": null, "parent_ChoiceGroup": null, "w": 15.444444444444457, "h": 32.3888888888888, "y": 465.6111111111111, "x": 824.5555555555554, "structure_id": "Tr_33"}, {"parent_TextBlock": "Tb_21", "text": "4", "parent_Field": "Fi_14", "parent_Choice_Field": null, "parent_ChoiceGroup": null, "w": 10.811111111111131, "h": 23.197222222222194, "y": 503.2583333333333, "x": 836.6666666666666, "structure_id": "Tr_34"}, {"parent_TextBlock": "Tb_21", "text": "Federal  income  tax  withheld", "parent_Field": "Fi_14", "parent_Choice_Field": null, "parent_ChoiceGroup": null, "w": 244.5138888888888, "h": 22.672222222222274, "y": 503.7055555555557, "x": 852.8833333333333, "structure_id": "Tr_35"}, {"parent_TextBlock": "Tb_21", "text": "$", "parent_Field": "Fi_14", "parent_Choice_Field": null, "parent_ChoiceGroup": null, "w": 15.444444444444457, "h": 32.3888888888888, "y": 532.2722222222224, "x": 824.5555555555554, "structure_id": "Tr_36"}, {"parent_TextBlock": "Tb_22", "text": "5", "parent_Field": "Fi_15", "parent_Choice_Field": null, "parent_ChoiceGroup": null, "w": 10.811111111111131, "h": 23.197222222222194, "y": 503.2583333333333, "x": 1111.3083333333334, "structure_id": "Tr_37"}, {"parent_TextBlock": "Tb_22", "text": "Investment  expenses", "parent_Field": "Fi_15", "parent_Choice_Field": null, "parent_ChoiceGroup": null, "w": 184.41111111111104, "h": 22.672222222222274, "y": 503.7055555555557, "x": 1127.525, "structure_id": "Tr_38"}, {"parent_TextBlock": "Tb_22", "text": "$", "parent_Field": "Fi_15", "parent_Choice_Field": null, "parent_ChoiceGroup": null, "w": 15.444444444444343, "h": 32.3888888888888, "y": 532.2722222222224, "x": 1104.7527777777777, "structure_id": "Tr_39"}, {"parent_TextBlock": "Tb_23", "text": "6", "parent_Field": "Fi_16", "parent_Choice_Field": null, "parent_ChoiceGroup": null, "w": 10.811111111111131, "h": 23.197222222222194, "y": 569.9277777777777, "x": 836.6666666666666, "structure_id": "Tr_40"}, {"parent_TextBlock": "Tb_23", "text": "Foreign  tax  paid", "parent_Field": "Fi_16", "parent_Choice_Field": null, "parent_ChoiceGroup": null, "w": 140.79722222222222, "h": 22.67222222222233, "y": 570.3750000000001, "x": 852.8833333333333, "structure_id": "Tr_41"}, {"parent_TextBlock": "Tb_23", "text": "$", "parent_Field": "Fi_16", "parent_Choice_Field": null, "parent_ChoiceGroup": null, "w": 15.444444444444457, "h": 32.3888888888888, "y": 598.9416666666667, "x": 824.5555555555554, "structure_id": "Tr_42"}, {"parent_TextBlock": "Tb_24", "text": "private", "parent_Field": "Fi_17", "parent_Choice_Field": null, "parent_ChoiceGroup": null, "w": 47.24222222222215, "h": 22.67222222222233, "y": 630.0361111111113, "x": 1189.1577777777777, "structure_id": "Tr_43"}, {"parent_TextBlock": "Tb_24", "text": "9", "parent_Field": "Fi_17", "parent_Choice_Field": null, "parent_ChoiceGroup": null, "w": 10.811111111111131, "h": 23.197222222222194, "y": 636.588888888889, "x": 1111.111111111111, "structure_id": "Tr_44"}, {"parent_TextBlock": "Tb_24", "text": "Specified", "parent_Field": "Fi_17", "parent_Choice_Field": null, "parent_ChoiceGroup": null, "w": 49.00822320117459, "h": 22.67222222222233, "y": 637.0361111111113, "x": 1132.7333333333336, "structure_id": "Tr_45"}, {"parent_TextBlock": "Tb_24", "text": "activity bond", "parent_Field": "Fi_17", "parent_Choice_Field": null, "parent_ChoiceGroup": null, "w": 86.31999999999994, "h": 22.67222222222233, "y": 641.0361111111113, "x": 1236.7244444444443, "structure_id": "Tr_46"}, {"parent_TextBlock": "Tb_24", "text": "interest", "parent_Field": "Fi_17", "parent_Choice_Field": null, "parent_ChoiceGroup": null, "w": 51.56666666666683, "h": 22.67222222222233, "y": 646.2611111111113, "x": 1321.34, "structure_id": "Tr_47"}, {"parent_TextBlock": "Tb_24", "text": "$", "parent_Field": "Fi_17", "parent_Choice_Field": null, "parent_ChoiceGroup": null, "w": 15.444444444444343, "h": 32.3888888888888, "y": 698.9416666666667, "x": 1104.5555555555554, "structure_id": "Tr_48"}, {"parent_TextBlock": "Tb_25", "text": "10", "parent_Field": "Fi_18", "parent_Choice_Field": null, "parent_ChoiceGroup": null, "w": 21.62222222222215, "h": 23.197222222222194, "y": 736.588888888889, "x": 825.5555555555555, "structure_id": "Tr_49"}, {"parent_TextBlock": "Tb_25", "text": "Market  discount", "parent_Field": "Fi_18", "parent_Choice_Field": null, "parent_ChoiceGroup": null, "w": 140.8361111111111, "h": 22.67222222222233, "y": 737.0361111111113, "x": 852.5833333333334, "structure_id": "Tr_50"}, {"parent_TextBlock": "Tb_25", "text": "$", "parent_Field": "Fi_18", "parent_Choice_Field": null, "parent_ChoiceGroup": null, "w": 15.444444444444457, "h": 32.3888888888888, "y": 798.9416666666667, "x": 824.5555555555554, "structure_id": "Tr_51"}, {"parent_TextBlock": "Tb_26", "text": "11", "parent_Field": "Fi_19", "parent_Choice_Field": null, "parent_ChoiceGroup": null, "w": 21.622222222222263, "h": 23.197222222222194, "y": 736.588888888889, "x": 1105.5555555555554, "structure_id": "Tr_52"}, {"parent_TextBlock": "Tb_26", "text": "Bond  premium", "parent_Field": "Fi_19", "parent_Choice_Field": null, "parent_ChoiceGroup": null, "w": 128.9749999999999, "h": 22.67222222222233, "y": 737.0361111111113, "x": 1132.5833333333333, "structure_id": "Tr_53"}, {"parent_TextBlock": "Tb_26", "text": "$", "parent_Field": "Fi_19", "parent_Choice_Field": null, "parent_ChoiceGroup": null, "w": 15.444444444444343, "h": 32.3888888888888, "y": 798.9416666666667, "x": 1104.5555555555554, "structure_id": "Tr_54"}, {"parent_TextBlock": "Tb_27", "text": "12", "parent_Field": "Fi_20", "parent_Choice_Field": null, "parent_ChoiceGroup": null, "w": 21.62222222222215, "h": 23.197222222222194, "y": 836.588888888889, "x": 825.5555555555555, "structure_id": "Tr_55"}, {"parent_TextBlock": "Tb_27", "text": "Bond  premium  on  Treasury  obligations", "parent_Field": "Fi_20", "parent_Choice_Field": null, "parent_ChoiceGroup": null, "w": 242.98399999999992, "h": 22.672222222222103, "y": 837.0361111111112, "x": 851.5027777777777, "structure_id": "Tr_56"}, {"parent_TextBlock": "Tb_27", "text": "$", "parent_Field": "Fi_20", "parent_Choice_Field": null, "parent_ChoiceGroup": null, "w": 15.444444444444457, "h": 32.3888888888888, "y": 865.6111111111112, "x": 824.5555555555554, "structure_id": "Tr_57"}, {"parent_TextBlock": "Tb_28", "text": "13", "parent_Field": "Fi_21", "parent_Choice_Field": null, "parent_ChoiceGroup": null, "w": 21.622222222222263, "h": 23.197222222222194, "y": 836.588888888889, "x": 1105.5555555555554, "structure_id": "Tr_58"}, {"parent_TextBlock": "Tb_28", "text": "Bond  premium  on  tax  -  exempt  bond", "parent_Field": "Fi_21", "parent_Choice_Field": null, "parent_ChoiceGroup": null, "w": 243.04583333333358, "h": 22.672222222222103, "y": 837.0361111111112, "x": 1131.5027777777777, "structure_id": "Tr_59"}, {"parent_TextBlock": "Tb_28", "text": "$", "parent_Field": "Fi_21", "parent_Choice_Field": null, "parent_ChoiceGroup": null, "w": 15.444444444444343, "h": 32.3888888888888, "y": 865.6111111111112, "x": 1104.5555555555554, "structure_id": "Tr_60"}, {"parent_TextBlock": "Tb_29", "text": "14", "parent_Field": "Fi_22", "parent_Choice_Field": null, "parent_ChoiceGroup": null, "w": 21.62222222222215, "h": 23.197222222222194, "y": 903.2583333333334, "x": 825.5555555555555, "structure_id": "Tr_61"}, {"parent_TextBlock": "Tb_29", "text": "Tax  -  exempt  and  tax  credit", "parent_Field": "Fi_22", "parent_Choice_Field": null, "parent_ChoiceGroup": null, "w": 229.8373639608277, "h": 22.672222222222103, "y": 903.7055555555556, "x": 852.5833333333334, "structure_id": "Tr_62"}, {"parent_TextBlock": "Tb_29", "text": "bond  CUSIP  no  .", "parent_Field": "Fi_22", "parent_Choice_Field": null, "parent_ChoiceGroup": null, "w": 127.38250000000005, "h": 22.672222222222217, "y": 925.9305555555557, "x": 856.1183333333333, "structure_id": "Tr_63"}, {"parent_TextBlock": "Tb_30", "text": "15", "parent_Field": "Fi_23", "parent_Choice_Field": null, "parent_ChoiceGroup": null, "w": 21.622222222222263, "h": 23.197222222222194, "y": 903.2583333333334, "x": 1105.5555555555554, "structure_id": "Tr_64"}, {"parent_TextBlock": "Tb_30", "text": "State", "parent_Field": "Fi_23", "parent_Choice_Field": null, "parent_ChoiceGroup": null, "w": 37.50133333333338, "h": 22.672222222222103, "y": 903.7055555555556, "x": 1132.5833333333333, "structure_id": "Tr_65"}, {"parent_TextBlock": "Tb_31", "text": "16", "parent_Field": "Fi_24", "parent_Choice_Field": null, "parent_ChoiceGroup": null, "w": 21.622222222222263, "h": 23.197222222222194, "y": 903.2583333333334, "x": 1185.5555555555557, "structure_id": "Tr_66"}, {"parent_TextBlock": "Tb_31", "text": "State  identification  no  .", "parent_Field": "Fi_24", "parent_Choice_Field": null, "parent_ChoiceGroup": null, "w": 159.76333333333332, "h": 22.672222222222103, "y": 903.7055555555556, "x": 1212.5833333333333, "structure_id": "Tr_67"}, {"parent_TextBlock": "Tb_32", "text": "17", "parent_Field": "Fi_25", "parent_Choice_Field": null, "parent_ChoiceGroup": null, "w": 21.622222222222263, "h": 23.197222222222194, "y": 903.2583333333334, "x": 1391.111111111111, "structure_id": "Tr_68"}, {"parent_TextBlock": "Tb_32", "text": "State  tax  withheld", "parent_Field": "Fi_25", "parent_Choice_Field": null, "parent_ChoiceGroup": null, "w": 156.27499999999986, "h": 22.672222222222103, "y": 903.7055555555556, "x": 1418.138888888889, "structure_id": "Tr_69"}, {"parent_TextBlock": "Tb_32", "text": "$", "parent_Field": "Fi_25", "parent_Choice_Field": null, "parent_ChoiceGroup": null, "w": 15.444444444444343, "h": 32.3888888888888, "y": 932.2722222222224, "x": 1384.5555555555554, "structure_id": "Tr_70"}, {"parent_TextBlock": "Tb_32", "text": "$", "parent_Field": "Fi_25", "parent_Choice_Field": null, "parent_ChoiceGroup": null, "w": 15.444444444444343, "h": 32.3888888888888, "y": 965.6111111111112, "x": 1384.5555555555554, "structure_id": "Tr_71"}, {"parent_TextBlock": "Tb_33", "text": "VOID", "parent_Field": null, "parent_Choice_Field": "Chf_1", "parent_ChoiceGroup": "Chgp_1", "w": 64.83333333333334, "h": 32.3888888888888, "y": 62.83333333333334, "x": 558.7388888888888, "structure_id": "Tr_72"}, {"parent_TextBlock": "Tb_34", "text": "CORRECTED", "parent_Field": null, "parent_Choice_Field": "Chf_2", "parent_ChoiceGroup": "Chgp_1", "w": 168.72222222222223, "h": 32.3888888888888, "y": 62.83333333333334, "x": 723.575, "structure_id": "Tr_73"}, {"parent_TextBlock": "Tb_35", "text": "Interest", "parent_Field": null, "parent_Choice_Field": null, "parent_ChoiceGroup": null, "w": 142.5666666666666, "h": 46.394444444444446, "y": 147.07222222222228, "x": 1457.4361111111111, "structure_id": "Tr_74"}, {"parent_TextBlock": "Tb_35", "text": "Income", "parent_Field": null, "parent_Choice_Field": null, "parent_ChoiceGroup": null, "w": 138.17222222222222, "h": 46.394444444444446, "y": 193.73888888888882, "x": 1461.8305555555555, "structure_id": "Tr_75"}, {"parent_TextBlock": "Tb_36", "text": "FATCA  filing", "parent_Field": null, "parent_Choice_Field": "Chf_3", "parent_ChoiceGroup": "Chgp_2", "w": 107.6444444444445, "h": 22.672222222222217, "y": 803.7055555555557, "x": 706.1777777777777, "structure_id": "Tr_76"}, {"parent_TextBlock": "Tb_36", "text": "requirement", "parent_Field": null, "parent_Choice_Field": "Chf_3", "parent_ChoiceGroup": "Chgp_2", "w": 104.45555555555552, "h": 22.672222222222217, "y": 827.038888888889, "x": 707.7722222222222, "structure_id": "Tr_77"}, {"parent_TextBlock": "Tb_37", "text": "Department  of  the  Treasury  -  Internal  Revenue  Service", "parent_Field": null, "parent_Choice_Field": null, "parent_ChoiceGroup": null, "w": 472.49999999999955, "h": 22.672222222222103, "y": 1009.2583333333333, "x": 1127.5083333333334, "structure_id": "Tr_78"}], "ChoiceGroup": [{"y": 44.0314062904869, "x": 507, "structure_id": "Chgp_1", "w": 402, "h": 54.94722035638084}, {"y": 802.03125, "x": 701.0000045956093, "structure_id": "Chgp_2", "w": 122, "h": 94}]}