{"Widget": [{"parent_Field": "Fi_1", "parent_Choice_Field": null, "parent_ChoiceGroup": null, "w": 679.9999999999999, "h": 72.22222222222221, "y": 394.44722222222214, "x": 140, "structure_id": "Wi_1"}, {"parent_Field": "Fi_2", "parent_Choice_Field": null, "parent_ChoiceGroup": null, "w": 679.9999999999999, "h": 144.44444444444443, "y": 155.55555555555554, "x": 140, "structure_id": "Wi_2"}, {"parent_Field": "Fi_3", "parent_Choice_Field": null, "parent_ChoiceGroup": null, "w": 679.9999999999999, "h": 38.8916666666666, "y": 627.7777777777777, "x": 140, "structure_id": "Wi_3"}, {"parent_Field": "Fi_4", "parent_Choice_Field": null, "parent_ChoiceGroup": null, "w": 679.9999999999999, "h": 38.891666666666914, "y": 561.1166666666666, "x": 140, "structure_id": "Wi_4"}, {"parent_Field": null, "parent_Choice_Field": "Chf_1", "parent_ChoiceGroup": "Chgp_1", "w": 27.77777777777778, "h": 27.77777777777778, "y": 69.44444444444444, "x": 680, "structure_id": "Wi_5"}, {"parent_Field": "Fi_5", "parent_Choice_Field": null, "parent_ChoiceGroup": null, "w": 340, "h": 38.8916666666666, "y": 327.77777777777777, "x": 140, "structure_id": "Wi_6"}, {"parent_Field": "Fi_6", "parent_Choice_Field": null, "parent_ChoiceGroup": null, "w": 280, "h": 31.958838707925086, "y": 335, "x": 819.9999999999999, "structure_id": "Wi_7"}, {"parent_Field": "Fi_7", "parent_Choice_Field": null, "parent_ChoiceGroup": null, "w": 339.99999999999994, "h": 38.8916666666666, "y": 327.77777777777777, "x": 480, "structure_id": "Wi_8"}, {"parent_Field": "Fi_8", "parent_Choice_Field": null, "parent_ChoiceGroup": null, "w": 679.9999999999999, "h": 38.8916666666666, "y": 494.44722222222214, "x": 140, "structure_id": "Wi_9"}, {"parent_Field": "Fi_9", "parent_Choice_Field": null, "parent_ChoiceGroup": null, "w": 240.45000000000002, "h": 33.33055555555562, "y": 333.33888888888873, "x": 1139.55, "structure_id": "Wi_10"}, {"parent_Field": "Fi_10", "parent_Choice_Field": null, "parent_ChoiceGroup": null, "w": 240.45000000000002, "h": 33.33055555555562, "y": 433.33888888888873, "x": 1139.55, "structure_id": "Wi_11"}, {"parent_Field": null, "parent_Choice_Field": "Chf_2", "parent_ChoiceGroup": "Chgp_2", "w": 22.22222222222222, "h": 22.22222222222222, "y": 505.5527777777778, "x": 1345.5527777777777, "structure_id": "Wi_12"}, {"parent_Field": "Fi_11", "parent_Choice_Field": null, "parent_ChoiceGroup": null, "w": 560, "h": 105.55277777777783, "y": 561.1166666666666, "x": 819.9999999999999, "structure_id": "Wi_13"}], "TextBlock": [{"parent_Field": null, "parent_Choice_Field": null, "parent_ChoiceGroup": null, "w": 148.30555555555554, "h": 22.39379919039868, "y": 673, "x": 140, "structure_id": "Tb_1"}, {"parent_Field": null, "parent_Choice_Field": null, "parent_ChoiceGroup": null, "w": 207.72500000000025, "h": 22.67222222222233, "y": 675.9277777777779, "x": 836.1388888888888, "structure_id": "Tb_2"}, {"parent_Field": null, "parent_Choice_Field": null, "parent_ChoiceGroup": null, "w": 444.008333333333, "h": 22.67222222222233, "y": 675.9277777777779, "x": 1156, "structure_id": "Tb_3"}, {"parent_Field": "Fi_1", "parent_Choice_Field": null, "parent_ChoiceGroup": null, "w": 184.41111111111115, "h": 22.67222222222233, "y": 370.3750000000001, "x": 145.55555555555554, "structure_id": "Tb_4"}, {"parent_Field": "Fi_2", "parent_Choice_Field": null, "parent_ChoiceGroup": null, "w": 671.5805555555556, "h": 46.00555555555559, "y": 103.70555555555572, "x": 145.55555555555554, "structure_id": "Tb_5"}, {"parent_Field": "Fi_3", "parent_Choice_Field": null, "parent_ChoiceGroup": null, "w": 296.78055555555557, "h": 22.67222222222233, "y": 603.7055555555557, "x": 145.55555555555554, "structure_id": "Tb_6"}, {"parent_Field": "Fi_4", "parent_Choice_Field": null, "parent_ChoiceGroup": null, "w": 613.6277777777779, "h": 22.67222222222233, "y": 537.0444444444445, "x": 145.55555555555554, "structure_id": "Tb_7"}, {"parent_Field": null, "parent_Choice_Field": "Chf_1", "parent_ChoiceGroup": "Chgp_1", "w": 280.362899050906, "h": 32.3888888888888, "y": 65.61111111111113, "x": 725, "structure_id": "Tb_8"}, {"parent_Field": "Fi_5", "parent_Choice_Field": null, "parent_ChoiceGroup": null, "w": 297.26666666666665, "h": 19.43333333333328, "y": 304.3666666666667, "x": 145.55555555555554, "structure_id": "Tb_9"}, {"parent_Field": null, "parent_Choice_Field": null, "parent_ChoiceGroup": null, "w": 218.887237317761, "h": 329.5444444444462, "y": 332.1722222222222, "x": 1383, "structure_id": "Tb_10"}, {"parent_Field": "Fi_6", "parent_Choice_Field": null, "parent_ChoiceGroup": null, "w": 247.54166666666663, "h": 66.73687888198765, "y": 266.78749999999997, "x": 828.3388888888888, "structure_id": "Tb_11"}, {"parent_Field": "Fi_7", "parent_Choice_Field": null, "parent_ChoiceGroup": null, "w": 296.30972222222215, "h": 21.052777777777635, "y": 304.03611111111104, "x": 485.55555555555554, "structure_id": "Tb_12"}, {"parent_Field": null, "parent_Choice_Field": null, "parent_ChoiceGroup": null, "w": 180.5027777777775, "h": 22.672222222222317, "y": 103.70555555555572, "x": 1109.75, "structure_id": "Tb_13"}, {"parent_Field": "Fi_8", "parent_Choice_Field": null, "parent_ChoiceGroup": null, "w": 293.16388888888895, "h": 22.67222222222233, "y": 470.37500000000006, "x": 145.55555555555554, "structure_id": "Tb_14"}, {"parent_Field": null, "parent_Choice_Field": null, "parent_ChoiceGroup": null, "w": 122.72679711813544, "h": 48.543253241095954, "y": 166, "x": 1138, "structure_id": "Tb_15"}, {"parent_Field": null, "parent_Choice_Field": null, "parent_ChoiceGroup": null, "w": 278.4666666666667, "h": 106.43333333333342, "y": 127.96666666666661, "x": 1321.536111111111, "structure_id": "Tb_16"}, {"parent_Field": null, "parent_Choice_Field": null, "parent_ChoiceGroup": null, "w": 133.68888888888887, "h": 25.309731742404892, "y": 235.14444444444456, "x": 1133.1555555555556, "structure_id": "Tb_17"}, {"parent_Field": "Fi_9", "parent_Choice_Field": null, "parent_ChoiceGroup": null, "w": 188.33888888888896, "h": 94.74444444444464, "y": 269.9277777777777, "x": 1108.338888888889, "structure_id": "Tb_18"}, {"parent_Field": null, "parent_Choice_Field": null, "parent_ChoiceGroup": null, "w": 10.8111111111111, "h": 23.19722222222222, "y": 369.9277777777777, "x": 828.3388888888888, "structure_id": "Tb_19"}, {"parent_Field": "Fi_10", "parent_Choice_Field": null, "parent_ChoiceGroup": null, "w": 266.5055555555555, "h": 94.74444444444464, "y": 369.9277777777777, "x": 1108.338888888889, "structure_id": "Tb_20"}, {"parent_Field": null, "parent_Choice_Field": "Chf_2", "parent_ChoiceGroup": "Chgp_2", "w": 540.8666666666668, "h": 50.905555555555964, "y": 474.09166666666664, "x": 832.2750000000001, "structure_id": "Tb_21"}, {"parent_Field": "Fi_11", "parent_Choice_Field": null, "parent_ChoiceGroup": null, "w": 216.43611111111125, "h": 23.197222222222194, "y": 536.5972222222221, "x": 828.3388888888888, "structure_id": "Tb_22"}, {"parent_Field": null, "parent_Choice_Field": null, "parent_ChoiceGroup": null, "w": 158.80000000000018, "h": 54.362782432089375, "y": 272, "x": 1441.2027777777776, "structure_id": "Tb_23"}, {"parent_Field": null, "parent_Choice_Field": null, "parent_ChoiceGroup": null, "w": 252.7750000000001, "h": 24.6618973561433, "y": 674, "x": 423.6138888888888, "structure_id": "Tb_24"}], "Choice_Field": [{"y": 65.61111111111113, "x": 680, "structure_id": "Chf_1", "w": 325.362899050906, "h": 32.3888888888888}, {"y": 474.09166666666664, "x": 832.2750000000001, "structure_id": "Chf_2", "w": 540.8666666666668, "h": 53.68333333333334}], "Field": [{"y": 370.3750000000001, "x": 140, "structure_id": "Fi_1", "w": 679.9999999999999, "h": 96.29444444444425}, {"y": 103.70555555555572, "x": 140, "structure_id": "Fi_2", "w": 679.9999999999999, "h": 196.29444444444428}, {"y": 603.7055555555557, "x": 140, "structure_id": "Fi_3", "w": 679.9999999999999, "h": 62.96388888888862}, {"y": 537.0444444444445, "x": 140, "structure_id": "Fi_4", "w": 679.9999999999999, "h": 62.96388888888896}, {"y": 304.3666666666667, "x": 140, "structure_id": "Fi_5", "w": 340, "h": 62.30277777777769}, {"y": 266.78749999999997, "x": 819.9999999999999, "structure_id": "Fi_6", "w": 280.0000000000001, "h": 100.17133870792514}, {"y": 304.03611111111104, "x": 480, "structure_id": "Fi_7", "w": 340, "h": 62.633333333333326}, {"y": 470.37500000000006, "x": 140, "structure_id": "Fi_8", "w": 679.9999999999999, "h": 62.963888888888675}, {"y": 269.9277777777777, "x": 1108.338888888889, "structure_id": "Fi_9", "w": 271.66111111111104, "h": 96.74166666666667}, {"y": 369.9277777777777, "x": 1108.338888888889, "structure_id": "Fi_10", "w": 271.66111111111104, "h": 96.74166666666667}, {"y": 536.5972222222221, "x": 819.9999999999999, "structure_id": "Fi_11", "w": 560.0000000000001, "h": 130.0722222222223}], "TextRun": [{"parent_TextBlock": "Tb_1", "text": "1099-AForm", "parent_Field": null, "parent_Choice_Field": null, "parent_ChoiceGroup": null, "w": 148.30555555555554, "h": 22.393799190398724, "y": 673, "x": 140, "structure_id": "Tr_1"}, {"parent_TextBlock": "Tb_2", "text": "www.irs.gov / form1099a", "parent_Field": null, "parent_Choice_Field": null, "parent_ChoiceGroup": null, "w": 207.72500000000025, "h": 22.67222222222233, "y": 675.9277777777779, "x": 836.1388888888888, "structure_id": "Tr_2"}, {"parent_TextBlock": "Tb_3", "text": "Department of the Treasury - Internal Revenue Service", "parent_Field": null, "parent_Choice_Field": null, "parent_ChoiceGroup": null, "w": 444.008333333333, "h": 22.67222222222233, "y": 675.9277777777779, "x": 1156, "structure_id": "Tr_3"}, {"parent_TextBlock": "Tb_4", "text": "BORROWER?S name", "parent_Field": "Fi_1", "parent_Choice_Field": null, "parent_ChoiceGroup": null, "w": 184.41111111111115, "h": 22.67222222222233, "y": 370.3750000000001, "x": 145.55555555555554, "structure_id": "Tr_4"}, {"parent_TextBlock": "Tb_5", "text": "city  or  town  ,  state  or  province  ,  country  ,  ZIP  or", "parent_Field": "Fi_2", "parent_Choice_Field": null, "parent_ChoiceGroup": null, "w": 398.63055555555565, "h": 22.672222222222317, "y": 103.70555555555572, "x": 418.50555555555553, "structure_id": "Tr_5"}, {"parent_TextBlock": "Tb_5", "text": "LENDER?S  name  ,  street  address  ,", "parent_Field": "Fi_2", "parent_Choice_Field": null, "parent_ChoiceGroup": null, "w": 267.5472222222222, "h": 21.052777777777635, "y": 105.02777777777794, "x": 145.55555555555554, "structure_id": "Tr_6"}, {"parent_TextBlock": "Tb_5", "text": "foreign  postal  code  ,  and", "parent_Field": "Fi_2", "parent_Choice_Field": null, "parent_ChoiceGroup": null, "w": 209.79305555555558, "h": 22.672222222222317, "y": 127.03888888888899, "x": 145.5638888888889, "structure_id": "Tr_7"}, {"parent_TextBlock": "Tb_5", "text": "telephone  no  .", "parent_Field": "Fi_2", "parent_Choice_Field": null, "parent_ChoiceGroup": null, "w": 110.37361111111102, "h": 21.052777777777635, "y": 128.3611111111112, "x": 360.37638888888887, "structure_id": "Tr_8"}, {"parent_TextBlock": "Tb_6", "text": "Account number ( see instructions )", "parent_Field": "Fi_3", "parent_Choice_Field": null, "parent_ChoiceGroup": null, "w": 296.78055555555557, "h": 22.67222222222233, "y": 603.7055555555557, "x": 145.55555555555554, "structure_id": "Tr_9"}, {"parent_TextBlock": "Tb_7", "text": "City or town , state or province , country , and ZIP or foreign postal code", "parent_Field": "Fi_4", "parent_Choice_Field": null, "parent_ChoiceGroup": null, "w": 613.6277777777779, "h": 22.67222222222233, "y": 537.0444444444445, "x": 145.55555555555554, "structure_id": "Tr_10"}, {"parent_TextBlock": "Tb_8", "text": "CORRECTED ( ifchecked)", "parent_Field": null, "parent_Choice_Field": "Chf_1", "parent_ChoiceGroup": "Chgp_1", "w": 280.362899050906, "h": 32.3888888888888, "y": 65.61111111111113, "x": 725, "structure_id": "Tr_11"}, {"parent_TextBlock": "Tb_9", "text": "LENDER?S federal identification number", "parent_Field": "Fi_5", "parent_Choice_Field": null, "parent_ChoiceGroup": null, "w": 297.26666666666665, "h": 19.43333333333328, "y": 304.3666666666667, "x": 145.55555555555554, "structure_id": "Tr_12"}, {"parent_TextBlock": "Tb_10", "text": "This  is  important  tax", "parent_Field": null, "parent_Choice_Field": null, "parent_ChoiceGroup": null, "w": 176.47777777777787, "h": 22.67222222222233, "y": 332.1722222222222, "x": 1423.525, "structure_id": "Tr_13"}, {"parent_TextBlock": "Tb_10", "text": "information  and  is  being", "parent_Field": null, "parent_Choice_Field": null, "parent_ChoiceGroup": null, "w": 209.26111111111118, "h": 22.67222222222233, "y": 355.7777777777779, "x": 1390.7416666666668, "structure_id": "Tr_14"}, {"parent_TextBlock": "Tb_10", "text": "furnished  to  the  Internal", "parent_Field": null, "parent_Choice_Field": null, "parent_ChoiceGroup": null, "w": 206.0138888888887, "h": 22.67222222222233, "y": 379.38333333333355, "x": 1393.9888888888888, "structure_id": "Tr_15"}, {"parent_TextBlock": "Tb_10", "text": "Revenue  Service  .  If you", "parent_Field": null, "parent_Choice_Field": null, "parent_ChoiceGroup": null, "w": 216.82256817570044, "h": 22.67222222222233, "y": 402.9888888888893, "x": 1383, "structure_id": "Tr_16"}, {"parent_TextBlock": "Tb_10", "text": "are  required  to  file a", "parent_Field": null, "parent_Choice_Field": null, "parent_ChoiceGroup": null, "w": 207.40227288972548, "h": 22.67222222222233, "y": 426.59444444444495, "x": 1392, "structure_id": "Tr_17"}, {"parent_TextBlock": "Tb_10", "text": "return  ,  a negligence", "parent_Field": null, "parent_Choice_Field": null, "parent_ChoiceGroup": null, "w": 180.85099588692748, "h": 22.67222222222233, "y": 450.2000000000006, "x": 1419, "structure_id": "Tr_18"}, {"parent_TextBlock": "Tb_10", "text": "penalty or  other", "parent_Field": null, "parent_Choice_Field": null, "parent_ChoiceGroup": null, "w": 50.88723731776104, "h": 22.67222222222233, "y": 473.8055555555563, "x": 1551, "structure_id": "Tr_19"}, {"parent_TextBlock": "Tb_10", "text": "sanction may be", "parent_Field": null, "parent_Choice_Field": null, "parent_ChoiceGroup": null, "w": 212.55490242904648, "h": 22.672222222222274, "y": 497.41111111111206, "x": 1386, "structure_id": "Tr_20"}, {"parent_TextBlock": "Tb_10", "text": "imposed on you if", "parent_Field": null, "parent_Choice_Field": null, "parent_ChoiceGroup": null, "w": 200.13529076752639, "h": 22.67222222222233, "y": 521.0166666666676, "x": 1399, "structure_id": "Tr_21"}, {"parent_TextBlock": "Tb_10", "text": "taxable  income results", "parent_Field": null, "parent_Choice_Field": null, "parent_ChoiceGroup": null, "w": 135.9176478794855, "h": 22.67222222222233, "y": 544.6222222222234, "x": 1461, "structure_id": "Tr_22"}, {"parent_TextBlock": "Tb_10", "text": "from this  transaction", "parent_Field": null, "parent_Choice_Field": null, "parent_ChoiceGroup": null, "w": 101.30152833215189, "h": 22.67222222222233, "y": 568.227777777779, "x": 1500, "structure_id": "Tr_23"}, {"parent_TextBlock": "Tb_10", "text": "and  the  IRS  determines", "parent_Field": null, "parent_Choice_Field": null, "parent_ChoiceGroup": null, "w": 204.22500000000036, "h": 22.67222222222233, "y": 591.8333333333347, "x": 1395.7777777777774, "structure_id": "Tr_24"}, {"parent_TextBlock": "Tb_10", "text": "that  it  has  not  been", "parent_Field": null, "parent_Choice_Field": null, "parent_ChoiceGroup": null, "w": 167.86388888888905, "h": 22.67222222222233, "y": 615.4388888888905, "x": 1432.1388888888887, "structure_id": "Tr_25"}, {"parent_TextBlock": "Tb_10", "text": "reported  .", "parent_Field": null, "parent_Choice_Field": null, "parent_ChoiceGroup": null, "w": 79.586111111111, "h": 22.67222222222233, "y": 639.0444444444461, "x": 1520.4166666666663, "structure_id": "Tr_26"}, {"parent_TextBlock": "Tb_11", "text": "1", "parent_Field": "Fi_6", "parent_Choice_Field": null, "parent_ChoiceGroup": null, "w": 11.583333333333371, "h": 24.85416666666663, "y": 266.78749999999997, "x": 828.3388888888888, "structure_id": "Tr_27"}, {"parent_TextBlock": "Tb_11", "text": "Date  of  lender's  acquisition  or", "parent_Field": "Fi_6", "parent_Choice_Field": null, "parent_ChoiceGroup": null, "w": 230.16666666666663, "h": 23.833333333333428, "y": 267.6833333333333, "x": 845.7138888888888, "structure_id": "Tr_28"}, {"parent_TextBlock": "Tb_11", "text": "knowledge  of", "parent_Field": "Fi_6", "parent_Choice_Field": null, "parent_ChoiceGroup": null, "w": 141.73296766364945, "h": 23.833333333333428, "y": 289.9125000000001, "x": 846.4013888888888, "structure_id": "Tr_29"}, {"parent_TextBlock": "Tb_11", "text": "abandonment", "parent_Field": "Fi_6", "parent_Choice_Field": null, "parent_ChoiceGroup": null, "w": 132.503352931152, "h": 27.61187888198748, "y": 305.91250000000014, "x": 839.7347222222222, "structure_id": "Tr_30"}, {"parent_TextBlock": "Tb_12", "text": "BORROWER?S identification number", "parent_Field": "Fi_7", "parent_Choice_Field": null, "parent_ChoiceGroup": null, "w": 296.30972222222215, "h": 21.052777777777635, "y": 304.03611111111104, "x": 485.55555555555554, "structure_id": "Tr_31"}, {"parent_TextBlock": "Tb_13", "text": "OMB No . 1545 - 0877", "parent_Field": null, "parent_Choice_Field": null, "parent_ChoiceGroup": null, "w": 180.5027777777775, "h": 22.672222222222317, "y": 103.70555555555572, "x": 1109.75, "structure_id": "Tr_32"}, {"parent_TextBlock": "Tb_14", "text": "Street address ( including apt . no . )", "parent_Field": "Fi_8", "parent_Choice_Field": null, "parent_ChoiceGroup": null, "w": 293.16388888888895, "h": 22.67222222222233, "y": 470.37500000000006, "x": 145.55555555555554, "structure_id": "Tr_33"}, {"parent_TextBlock": "Tb_15", "text": "2016", "parent_Field": null, "parent_Choice_Field": null, "parent_ChoiceGroup": null, "w": 122.7267971181354, "h": 48.54325324109597, "y": 166, "x": 1138, "structure_id": "Tr_34"}, {"parent_TextBlock": "Tb_16", "text": "Acquisition or Abandonment of Secured Property", "parent_Field": null, "parent_Choice_Field": null, "parent_ChoiceGroup": null, "w": 278.4666666666667, "h": 106.43333333333342, "y": 127.96666666666661, "x": 1321.536111111111, "structure_id": "Tr_35"}, {"parent_TextBlock": "Tb_17", "text": "1099-AForm", "parent_Field": null, "parent_Choice_Field": null, "parent_ChoiceGroup": null, "w": 133.68888888888887, "h": 25.309731742404903, "y": 235.14444444444456, "x": 1133.1555555555556, "structure_id": "Tr_36"}, {"parent_TextBlock": "Tb_18", "text": "2", "parent_Field": "Fi_9", "parent_Choice_Field": null, "parent_ChoiceGroup": null, "w": 10.811111111111131, "h": 23.197222222222194, "y": 269.9277777777777, "x": 1108.338888888889, "structure_id": "Tr_37"}, {"parent_TextBlock": "Tb_18", "text": "Balance  of  principal", "parent_Field": "Fi_9", "parent_Choice_Field": null, "parent_ChoiceGroup": null, "w": 172.12222222222226, "h": 22.67222222222233, "y": 270.3750000000001, "x": 1124.5555555555557, "structure_id": "Tr_38"}, {"parent_TextBlock": "Tb_18", "text": "outstanding", "parent_Field": "Fi_9", "parent_Choice_Field": null, "parent_ChoiceGroup": null, "w": 103.01666666666665, "h": 22.67222222222233, "y": 293.70833333333337, "x": 1125.0027777777777, "structure_id": "Tr_39"}, {"parent_TextBlock": "Tb_18", "text": "$", "parent_Field": "Fi_9", "parent_Choice_Field": null, "parent_ChoiceGroup": null, "w": 15.444444444444343, "h": 32.3888888888888, "y": 332.28333333333353, "x": 1111.111111111111, "structure_id": "Tr_40"}, {"parent_TextBlock": "Tb_19", "text": "3", "parent_Field": null, "parent_Choice_Field": null, "parent_ChoiceGroup": null, "w": 10.8111111111111, "h": 23.19722222222222, "y": 369.9277777777777, "x": 828.3388888888888, "structure_id": "Tr_41"}, {"parent_TextBlock": "Tb_20", "text": "4", "parent_Field": "Fi_10", "parent_Choice_Field": null, "parent_ChoiceGroup": null, "w": 10.811111111111131, "h": 23.197222222222194, "y": 369.9277777777777, "x": 1108.338888888889, "structure_id": "Tr_42"}, {"parent_TextBlock": "Tb_20", "text": "Fair market value of property", "parent_Field": "Fi_10", "parent_Choice_Field": null, "parent_ChoiceGroup": null, "w": 250.28888888888878, "h": 22.67222222222233, "y": 370.3750000000001, "x": 1124.5555555555557, "structure_id": "Tr_43"}, {"parent_TextBlock": "Tb_20", "text": "$", "parent_Field": "Fi_10", "parent_Choice_Field": null, "parent_ChoiceGroup": null, "w": 15.444444444444343, "h": 32.3888888888888, "y": 432.28333333333353, "x": 1111.111111111111, "structure_id": "Tr_44"}, {"parent_TextBlock": "Tb_21", "text": "5", "parent_Field": null, "parent_Choice_Field": "Chf_2", "parent_ChoiceGroup": "Chgp_2", "w": 10.811111111111131, "h": 23.197222222222194, "y": 474.09166666666664, "x": 832.2750000000001, "structure_id": "Tr_45"}, {"parent_TextBlock": "Tb_21", "text": "If  checked  ,  the  borrower  was  personally  liable  for  repayment", "parent_Field": null, "parent_Choice_Field": "Chf_2", "parent_ChoiceGroup": "Chgp_2", "w": 524.6500000000001, "h": 22.67222222222233, "y": 474.53888888888906, "x": 848.4916666666668, "structure_id": "Tr_46"}, {"parent_TextBlock": "Tb_21", "text": "of  the  debt            . . . . . . . . . . .", "parent_Field": null, "parent_Choice_Field": "Chf_2", "parent_ChoiceGroup": "Chgp_2", "w": 456.39999999999975, "h": 22.67222222222233, "y": 502.3250000000003, "x": 848.938888888889, "structure_id": "Tr_47"}, {"parent_TextBlock": "Tb_21", "text": "?", "parent_Field": null, "parent_Choice_Field": "Chf_2", "parent_ChoiceGroup": "Chgp_2", "w": 13.888888888888914, "h": 13.763888888889028, "y": 507.43888888888887, "x": 1323.1472222222224, "structure_id": "Tr_48"}, {"parent_TextBlock": "Tb_22", "text": "6", "parent_Field": "Fi_11", "parent_Choice_Field": null, "parent_ChoiceGroup": null, "w": 10.811111111111131, "h": 23.197222222222194, "y": 536.5972222222221, "x": 828.3388888888888, "structure_id": "Tr_49"}, {"parent_TextBlock": "Tb_22", "text": "Description of property", "parent_Field": "Fi_11", "parent_Choice_Field": null, "parent_ChoiceGroup": null, "w": 200.21944444444455, "h": 22.67222222222233, "y": 537.0444444444445, "x": 844.5555555555555, "structure_id": "Tr_50"}, {"parent_TextBlock": "Tb_23", "text": "Copy B", "parent_Field": null, "parent_Choice_Field": null, "parent_ChoiceGroup": null, "w": 96.22222222222217, "h": 26.694508497736543, "y": 272, "x": 1503.7777777777778, "structure_id": "Tr_51"}, {"parent_TextBlock": "Tb_23", "text": "For Borrower", "parent_Field": null, "parent_Choice_Field": null, "parent_ChoiceGroup": null, "w": 158.80000000000018, "h": 26.218337987644855, "y": 300.1444444444445, "x": 1441.2027777777776, "structure_id": "Tr_52"}, {"parent_TextBlock": "Tb_24", "text": "(keepforyourrecords)", "parent_Field": null, "parent_Choice_Field": null, "parent_ChoiceGroup": null, "w": 252.77500000000003, "h": 24.661897356143335, "y": 674, "x": 423.6138888888888, "structure_id": "Tr_53"}], "ChoiceGroup": [{"y": 60, "x": 676.3333129882812, "structure_id": "Chgp_1", "w": 334, "h": 40}, {"y": 472, "x": 824, "structure_id": "Chgp_2", "w": 550, "h": 57}]}