{"Widget": [{"parent_Field": "Fi_1", "parent_Choice_Field": null, "parent_ChoiceGroup": null, "w": 260.00000000000006, "h": 33.33888888888907, "y": 333.33055555555563, "x": 839.9999999999999, "structure_id": "Wi_1"}, {"parent_Field": "Fi_2", "parent_Choice_Field": null, "parent_ChoiceGroup": null, "w": 679.9999999999999, "h": 38.8916666666666, "y": 494.4472222222225, "x": 140, "structure_id": "Wi_2"}, {"parent_Field": "Fi_3", "parent_Choice_Field": null, "parent_ChoiceGroup": null, "w": 679.9999999999999, "h": 144.44444444444443, "y": 155.55555555555554, "x": 140, "structure_id": "Wi_3"}, {"parent_Field": "Fi_4", "parent_Choice_Field": null, "parent_ChoiceGroup": null, "w": 339.99999999999994, "h": 38.891666666666914, "y": 327.77777777777777, "x": 480, "structure_id": "Wi_4"}, {"parent_Field": "Fi_5", "parent_Choice_Field": null, "parent_ChoiceGroup": null, "w": 679.9999999999999, "h": 38.891666666666914, "y": 627.7777777777777, "x": 140, "structure_id": "Wi_5"}, {"parent_Field": "Fi_6", "parent_Choice_Field": null, "parent_ChoiceGroup": null, "w": 679.9999999999999, "h": 38.8916666666666, "y": 561.1083333333333, "x": 140, "structure_id": "Wi_6"}, {"parent_Field": "Fi_7", "parent_Choice_Field": null, "parent_ChoiceGroup": null, "w": 679.9999999999999, "h": 72.22222222222221, "y": 394.4472222222225, "x": 140, "structure_id": "Wi_7"}, {"parent_Field": "Fi_8", "parent_Choice_Field": null, "parent_ChoiceGroup": null, "w": 340, "h": 38.891666666666914, "y": 327.77777777777777, "x": 140, "structure_id": "Wi_8"}, {"parent_Field": "Fi_9", "parent_Choice_Field": null, "parent_ChoiceGroup": null, "w": 260.00000000000006, "h": 33.33055555555531, "y": 266.6694444444447, "x": 839.9999999999999, "structure_id": "Wi_9"}, {"parent_Field": "Fi_10", "parent_Choice_Field": null, "parent_ChoiceGroup": null, "w": 260.00000000000006, "h": 33.33055555555531, "y": 166.66944444444468, "x": 839.9999999999999, "structure_id": "Wi_10"}, {"parent_Field": null, "parent_Choice_Field": "Chf_1", "parent_ChoiceGroup": "Chgp_1", "w": 22.22222222222222, "h": 22.22222222222222, "y": 421.9305555555555, "x": 1065.7333333333333, "structure_id": "Wi_11"}, {"parent_Field": null, "parent_Choice_Field": "Chf_2", "parent_ChoiceGroup": "Chgp_2", "w": 22.22222222222222, "h": 22.22222222222222, "y": 421.9305555555555, "x": 1345.5527777777777, "structure_id": "Wi_12"}, {"parent_Field": null, "parent_Choice_Field": "Chf_3", "parent_ChoiceGroup": "Chgp_3", "w": 27.77777777777778, "h": 27.77777777777778, "y": 69.44444444444444, "x": 680, "structure_id": "Wi_13"}, {"parent_Field": null, "parent_Choice_Field": "Chf_4", "parent_ChoiceGroup": "Chgp_4", "w": 22.22222222222222, "h": 22.22222222222222, "y": 338.88333333333344, "x": 1345.5527777777777, "structure_id": "Wi_14"}], "TextBlock": [{"parent_Field": null, "parent_Choice_Field": null, "parent_ChoiceGroup": null, "w": 224.68888888888898, "h": 25.91111111111104, "y": 672.4888888888888, "x": 367.6583333333333, "structure_id": "Tb_1"}, {"parent_Field": null, "parent_Choice_Field": null, "parent_ChoiceGroup": null, "w": 164.51111111111095, "h": 29.86575497480561, "y": 262.43055555555566, "x": 1107.7444444444445, "structure_id": "Tb_2"}, {"parent_Field": "Fi_1", "parent_Choice_Field": null, "parent_ChoiceGroup": null, "w": 63.73888888888894, "h": 23.197222222222194, "y": 303.2583333333333, "x": 831.1111111111111, "structure_id": "Tb_3"}, {"parent_Field": "Fi_1", "parent_Choice_Field": null, "parent_ChoiceGroup": null, "w": 13.900000000000091, "h": 29.15000000000009, "y": 335.71944444444455, "x": 826.1, "structure_id": "Tb_4"}, {"parent_Field": null, "parent_Choice_Field": null, "parent_ChoiceGroup": null, "w": 309.0666666666666, "h": 89.56666666666686, "y": 150.9666666666665, "x": 1290.0027777777777, "structure_id": "Tb_5"}, {"parent_Field": null, "parent_Choice_Field": null, "parent_ChoiceGroup": null, "w": 159.67499999999995, "h": 57.183333333333564, "y": 305, "x": 1440.3277777777778, "structure_id": "Tb_6"}, {"parent_Field": null, "parent_Choice_Field": null, "parent_ChoiceGroup": null, "w": 217.0027777777782, "h": 249.14722222222167, "y": 385.5972222222223, "x": 1383, "structure_id": "Tb_7"}, {"parent_Field": "Fi_2", "parent_Choice_Field": null, "parent_ChoiceGroup": null, "w": 293.1638888888889, "h": 22.67222222222233, "y": 470.37500000000006, "x": 151.11111111111111, "structure_id": "Tb_8"}, {"parent_Field": "Fi_3", "parent_Choice_Field": null, "parent_ChoiceGroup": null, "w": 655.6726525904353, "h": 44.89722222222227, "y": 103.70555555555572, "x": 151.1111111111111, "structure_id": "Tb_9"}, {"parent_Field": "Fi_4", "parent_Choice_Field": null, "parent_ChoiceGroup": null, "w": 318.3250000000001, "h": 22.67222222222233, "y": 303.7055555555557, "x": 491.11111111111114, "structure_id": "Tb_10"}, {"parent_Field": "Fi_5", "parent_Choice_Field": null, "parent_ChoiceGroup": null, "w": 296.78055555555557, "h": 22.67222222222233, "y": 603.7055555555557, "x": 151.11111111111111, "structure_id": "Tb_11"}, {"parent_Field": "Fi_6", "parent_Choice_Field": null, "parent_ChoiceGroup": null, "w": 613.6277777777779, "h": 22.67222222222233, "y": 537.0361111111113, "x": 151.11111111111111, "structure_id": "Tb_12"}, {"parent_Field": "Fi_7", "parent_Choice_Field": null, "parent_ChoiceGroup": null, "w": 170.68333333333337, "h": 22.67222222222233, "y": 370.3750000000001, "x": 151.11111111111111, "structure_id": "Tb_13"}, {"parent_Field": "Fi_8", "parent_Choice_Field": null, "parent_ChoiceGroup": null, "w": 294.9138888888889, "h": 22.67222222222233, "y": 303.7055555555557, "x": 151.11111111111111, "structure_id": "Tb_14"}, {"parent_Field": "Fi_9", "parent_Choice_Field": null, "parent_ChoiceGroup": null, "w": 91.83611111111122, "h": 23.197222222222223, "y": 203.25833333333333, "x": 831.1111111111111, "structure_id": "Tb_15"}, {"parent_Field": "Fi_9", "parent_Choice_Field": null, "parent_ChoiceGroup": null, "w": 13.900000000000091, "h": 29.15000000000009, "y": 269.0500000000002, "x": 826.1, "structure_id": "Tb_16"}, {"parent_Field": null, "parent_Choice_Field": null, "parent_ChoiceGroup": null, "w": 120.51903817888933, "h": 47.51784841075795, "y": 170, "x": 1131, "structure_id": "Tb_17"}, {"parent_Field": "Fi_10", "parent_Choice_Field": null, "parent_ChoiceGroup": null, "w": 170.70277777777778, "h": 23.197222222222223, "y": 103.25833333333334, "x": 831.1111111111111, "structure_id": "Tb_18"}, {"parent_Field": "Fi_10", "parent_Choice_Field": null, "parent_ChoiceGroup": null, "w": 13.900000000000091, "h": 29.150000000000063, "y": 169.05000000000015, "x": 826.1, "structure_id": "Tb_19"}, {"parent_Field": null, "parent_Choice_Field": null, "parent_ChoiceGroup": null, "w": 167.60972222222222, "h": 21.05277777777765, "y": 103.49166666666683, "x": 1106.1944444444443, "structure_id": "Tb_20"}, {"parent_Field": null, "parent_Choice_Field": "Chf_1", "parent_ChoiceGroup": "Chgp_1", "w": 241.67499999999995, "h": 46.45277777777801, "y": 369.9277777777777, "x": 831.1111111111111, "structure_id": "Tb_21"}, {"parent_Field": null, "parent_Choice_Field": "Chf_2", "parent_ChoiceGroup": "Chgp_2", "w": 263.28293373924635, "h": 69.78611111111127, "y": 369.9277777777777, "x": 1111.111111111111, "structure_id": "Tb_22"}, {"parent_Field": null, "parent_Choice_Field": "Chf_3", "parent_ChoiceGroup": "Chgp_3", "w": 287.7187100949093, "h": 32.3888888888888, "y": 65.61111111111113, "x": 723.575, "structure_id": "Tb_23"}, {"parent_Field": null, "parent_Choice_Field": "Chf_4", "parent_ChoiceGroup": "Chgp_4", "w": 197.3611111111111, "h": 46.45277777777801, "y": 303.2583333333333, "x": 1111.111111111111, "structure_id": "Tb_24"}, {"parent_Field": null, "parent_Choice_Field": null, "parent_ChoiceGroup": null, "w": 164.51111111111106, "h": 18.738736860820495, "y": 674, "x": 140, "structure_id": "Tb_25"}, {"parent_Field": null, "parent_Choice_Field": null, "parent_ChoiceGroup": null, "w": 472.49999999999955, "h": 22.67222222222233, "y": 675.9277777777779, "x": 1127.5083333333334, "structure_id": "Tb_26"}, {"parent_Field": null, "parent_Choice_Field": null, "parent_ChoiceGroup": null, "w": 219.2555555555557, "h": 22.67222222222233, "y": 675.9277777777779, "x": 770.3722222222221, "structure_id": "Tb_27"}], "Choice_Field": [{"y": 369.9277777777777, "x": 831.1111111111111, "structure_id": "Chf_1", "w": 256.84444444444443, "h": 74.22500000000002}, {"y": 369.9277777777777, "x": 1111.111111111111, "structure_id": "Chf_2", "w": 263.28293373924635, "h": 74.22500000000002}, {"y": 65.61111111111113, "x": 680, "structure_id": "Chf_3", "w": 331.29371009490933, "h": 32.3888888888888}, {"y": 303.2583333333333, "x": 1111.111111111111, "structure_id": "Chf_4", "w": 256.6638888888888, "h": 57.84722222222234}], "Field": [{"y": 302.7055520060202, "x": 826.1, "structure_id": "Fi_1", "w": 273.9, "h": 63.96389243842452}, {"y": 470.37500000000006, "x": 140, "structure_id": "Fi_2", "w": 679.9999999999999, "h": 62.96388888888902}, {"y": 103.70555555555572, "x": 140, "structure_id": "Fi_3", "w": 679.9999999999999, "h": 196.29444444444428}, {"y": 303.7055555555557, "x": 480, "structure_id": "Fi_4", "w": 340, "h": 62.96388888888902}, {"y": 603.7055555555557, "x": 140, "structure_id": "Fi_5", "w": 679.9999999999999, "h": 62.963888888888846}, {"y": 537.0361111111113, "x": 140, "structure_id": "Fi_6", "w": 679.9999999999999, "h": 62.96388888888873}, {"y": 370.3750000000001, "x": 140, "structure_id": "Fi_7", "w": 679.9999999999999, "h": 96.2944444444446}, {"y": 303.7055555555557, "x": 140, "structure_id": "Fi_8", "w": 340, "h": 62.96388888888902}, {"y": 203.25833333333333, "x": 826.1, "structure_id": "Fi_9", "w": 273.9, "h": 96.74166666666667}, {"y": 103.25833333333334, "x": 826.1, "structure_id": "Fi_10", "w": 273.9, "h": 96.74166666666666}], "TextRun": [{"parent_TextBlock": "Tb_1", "text": "( keep for your records )", "parent_Field": null, "parent_Choice_Field": null, "parent_ChoiceGroup": null, "w": 224.68888888888898, "h": 25.91111111111104, "y": 672.4888888888888, "x": 367.6583333333333, "structure_id": "Tr_1"}, {"parent_TextBlock": "Tb_2", "text": "1099-QAForm", "parent_Field": null, "parent_Choice_Field": null, "parent_ChoiceGroup": null, "w": 164.51111111111095, "h": 29.865754974805604, "y": 262.43055555555566, "x": 1107.7444444444445, "structure_id": "Tr_2"}, {"parent_TextBlock": "Tb_3", "text": "3", "parent_Field": "Fi_1", "parent_Choice_Field": null, "parent_ChoiceGroup": null, "w": 10.811111111111131, "h": 23.197222222222194, "y": 303.2583333333333, "x": 831.1111111111111, "structure_id": "Tr_3"}, {"parent_TextBlock": "Tb_3", "text": "Basis", "parent_Field": "Fi_1", "parent_Choice_Field": null, "parent_ChoiceGroup": null, "w": 47.52222222222224, "h": 22.67222222222233, "y": 303.7055555555557, "x": 847.3277777777778, "structure_id": "Tr_4"}, {"parent_TextBlock": "Tb_4", "text": "$", "parent_Field": "Fi_1", "parent_Choice_Field": null, "parent_ChoiceGroup": null, "w": 13.900000000000091, "h": 29.15000000000009, "y": 335.71944444444455, "x": 826.1, "structure_id": "Tr_5"}, {"parent_TextBlock": "Tb_5", "text": "Distributions", "parent_Field": null, "parent_Choice_Field": null, "parent_ChoiceGroup": null, "w": 203, "h": 39.76666666666674, "y": 150.9666666666665, "x": 1290.0027777777777, "structure_id": "Tr_6"}, {"parent_TextBlock": "Tb_5", "text": "from", "parent_Field": null, "parent_Choice_Field": null, "parent_ChoiceGroup": null, "w": 74.63333333333344, "h": 39.76666666666674, "y": 155.86666666666653, "x": 1524.436111111111, "structure_id": "Tr_7"}, {"parent_TextBlock": "Tb_5", "text": "ABLE", "parent_Field": null, "parent_Choice_Field": null, "parent_ChoiceGroup": null, "w": 87.66666666666674, "h": 39.76666666666674, "y": 195.86666666666653, "x": 1370.3361111111108, "structure_id": "Tr_8"}, {"parent_TextBlock": "Tb_5", "text": "Accounts", "parent_Field": null, "parent_Choice_Field": null, "parent_ChoiceGroup": null, "w": 150.6333333333332, "h": 39.766666666666765, "y": 200.7666666666666, "x": 1447.369444444444, "structure_id": "Tr_9"}, {"parent_TextBlock": "Tb_6", "text": "Copy B", "parent_Field": null, "parent_Choice_Field": null, "parent_ChoiceGroup": null, "w": 96.22222222222217, "h": 26.997623622854046, "y": 305, "x": 1503.7777777777778, "structure_id": "Tr_10"}, {"parent_TextBlock": "Tb_6", "text": "For  Recipient", "parent_Field": null, "parent_Choice_Field": null, "parent_ChoiceGroup": null, "w": 159.67499999999995, "h": 29.824999999999932, "y": 332.35833333333363, "x": 1440.3277777777778, "structure_id": "Tr_11"}, {"parent_TextBlock": "Tb_7", "text": "This is important tax", "parent_Field": null, "parent_Choice_Field": null, "parent_ChoiceGroup": null, "w": 176.47777777777787, "h": 22.67222222222233, "y": 385.5972222222223, "x": 1423.525, "structure_id": "Tr_12"}, {"parent_TextBlock": "Tb_7", "text": "information  and  is", "parent_Field": null, "parent_Choice_Field": null, "parent_ChoiceGroup": null, "w": 155.59444444444443, "h": 22.67222222222233, "y": 389.82222222222225, "x": 1444.4083333333335, "structure_id": "Tr_13"}, {"parent_TextBlock": "Tb_7", "text": "being  furnished  to the", "parent_Field": null, "parent_Choice_Field": null, "parent_ChoiceGroup": null, "w": 211.65758804659956, "h": 22.67222222222233, "y": 412.04722222222216, "x": 1388, "structure_id": "Tr_14"}, {"parent_TextBlock": "Tb_7", "text": "Internal Revenue", "parent_Field": null, "parent_Choice_Field": null, "parent_ChoiceGroup": null, "w": 203.8106602865961, "h": 22.67222222222233, "y": 434.2722222222221, "x": 1395, "structure_id": "Tr_15"}, {"parent_TextBlock": "Tb_7", "text": "Service  .  If  you are", "parent_Field": null, "parent_Choice_Field": null, "parent_ChoiceGroup": null, "w": 215.83325587480246, "h": 22.67222222222233, "y": 456.49722222222204, "x": 1383, "structure_id": "Tr_16"}, {"parent_TextBlock": "Tb_7", "text": "required  to  file  a  return ,", "parent_Field": null, "parent_Choice_Field": null, "parent_ChoiceGroup": null, "w": 208.9115655297392, "h": 22.67222222222233, "y": 478.722222222222, "x": 1391, "structure_id": "Tr_17"}, {"parent_TextBlock": "Tb_7", "text": "a  negligence  penalty  or", "parent_Field": null, "parent_Choice_Field": null, "parent_ChoiceGroup": null, "w": 202.0277777777776, "h": 22.672222222222274, "y": 500.9472222222219, "x": 1397.9750000000004, "structure_id": "Tr_18"}, {"parent_TextBlock": "Tb_7", "text": "other  sanction  may  be", "parent_Field": null, "parent_Choice_Field": null, "parent_ChoiceGroup": null, "w": 193.7833333333333, "h": 22.67222222222233, "y": 523.1722222222219, "x": 1406.219444444445, "structure_id": "Tr_19"}, {"parent_TextBlock": "Tb_7", "text": "imposed  on  you  if  this", "parent_Field": null, "parent_Choice_Field": null, "parent_ChoiceGroup": null, "w": 191.62499999999977, "h": 22.67222222222233, "y": 545.3972222222218, "x": 1408.3777777777782, "structure_id": "Tr_20"}, {"parent_TextBlock": "Tb_7", "text": "income is taxable and", "parent_Field": null, "parent_Choice_Field": null, "parent_ChoiceGroup": null, "w": 213.6325879589684, "h": 22.67222222222233, "y": 567.6222222222216, "x": 1386, "structure_id": "Tr_21"}, {"parent_TextBlock": "Tb_7", "text": "the  IRS  determines  that", "parent_Field": null, "parent_Choice_Field": null, "parent_ChoiceGroup": null, "w": 204.94444444444434, "h": 22.67222222222233, "y": 589.8472222222216, "x": 1395.0583333333336, "structure_id": "Tr_22"}, {"parent_TextBlock": "Tb_7", "text": "it  has  not  been", "parent_Field": null, "parent_Choice_Field": null, "parent_ChoiceGroup": null, "w": 128.95555555555552, "h": 22.67222222222233, "y": 612.0722222222216, "x": 1471.0472222222224, "structure_id": "Tr_23"}, {"parent_TextBlock": "Tb_7", "text": "reported .", "parent_Field": null, "parent_Choice_Field": null, "parent_ChoiceGroup": null, "w": 79.586111111111, "h": 22.67222222222233, "y": 608.2972222222215, "x": 1434.416666666667, "structure_id": "Tr_24"}, {"parent_TextBlock": "Tb_8", "text": "Street address ( including apt . no .)", "parent_Field": "Fi_2", "parent_Choice_Field": null, "parent_ChoiceGroup": null, "w": 293.1638888888889, "h": 22.67222222222233, "y": 470.37500000000006, "x": 151.11111111111111, "structure_id": "Tr_25"}, {"parent_TextBlock": "Tb_9", "text": "PAYER?S  name  ,  street  address  ,  city  or  town  ,  state  or  province  ,  country  ,  ZIP  or", "parent_Field": "Fi_3", "parent_Choice_Field": null, "parent_ChoiceGroup": null, "w": 655.6726525904353, "h": 22.672222222222317, "y": 103.70555555555572, "x": 151.1111111111111, "structure_id": "Tr_26"}, {"parent_TextBlock": "Tb_9", "text": "foreign  postal  code  ,  and  telephone  no  .", "parent_Field": "Fi_3", "parent_Choice_Field": null, "parent_ChoiceGroup": null, "w": 302.1025000000001, "h": 22.67222222222233, "y": 125.93055555555566, "x": 151.11111111111111, "structure_id": "Tr_27"}, {"parent_TextBlock": "Tb_10", "text": "RECIPIENT?S social security number", "parent_Field": "Fi_4", "parent_Choice_Field": null, "parent_ChoiceGroup": null, "w": 318.3250000000001, "h": 22.67222222222233, "y": 303.7055555555557, "x": 491.11111111111114, "structure_id": "Tr_28"}, {"parent_TextBlock": "Tb_11", "text": "Account number ( see instructions)", "parent_Field": "Fi_5", "parent_Choice_Field": null, "parent_ChoiceGroup": null, "w": 296.78055555555557, "h": 22.67222222222233, "y": 603.7055555555557, "x": 151.11111111111111, "structure_id": "Tr_29"}, {"parent_TextBlock": "Tb_12", "text": "City or town , state or province , country , and ZIP or foreign postal code", "parent_Field": "Fi_6", "parent_Choice_Field": null, "parent_ChoiceGroup": null, "w": 613.6277777777779, "h": 22.67222222222233, "y": 537.0361111111113, "x": 151.11111111111111, "structure_id": "Tr_30"}, {"parent_TextBlock": "Tb_13", "text": "RECIPIENT?S name", "parent_Field": "Fi_7", "parent_Choice_Field": null, "parent_ChoiceGroup": null, "w": 170.68333333333337, "h": 22.67222222222233, "y": 370.3750000000001, "x": 151.11111111111111, "structure_id": "Tr_31"}, {"parent_TextBlock": "Tb_14", "text": "PAYER?S federal identification no .", "parent_Field": "Fi_8", "parent_Choice_Field": null, "parent_ChoiceGroup": null, "w": 294.9138888888889, "h": 22.67222222222233, "y": 303.7055555555557, "x": 151.11111111111111, "structure_id": "Tr_32"}, {"parent_TextBlock": "Tb_15", "text": "2", "parent_Field": "Fi_9", "parent_Choice_Field": null, "parent_ChoiceGroup": null, "w": 10.811111111111131, "h": 23.197222222222223, "y": 203.25833333333333, "x": 831.1111111111111, "structure_id": "Tr_33"}, {"parent_TextBlock": "Tb_15", "text": "Earnings", "parent_Field": "Fi_9", "parent_Choice_Field": null, "parent_ChoiceGroup": null, "w": 75.61944444444453, "h": 22.672222222222302, "y": 203.70555555555572, "x": 847.3277777777778, "structure_id": "Tr_34"}, {"parent_TextBlock": "Tb_16", "text": "$", "parent_Field": "Fi_9", "parent_Choice_Field": null, "parent_ChoiceGroup": null, "w": 13.900000000000091, "h": 29.15000000000009, "y": 269.0500000000002, "x": 826.1, "structure_id": "Tr_35"}, {"parent_TextBlock": "Tb_17", "text": "2016", "parent_Field": null, "parent_Choice_Field": null, "parent_ChoiceGroup": null, "w": 120.51903817888929, "h": 47.517848410757956, "y": 170, "x": 1131, "structure_id": "Tr_36"}, {"parent_TextBlock": "Tb_18", "text": "1", "parent_Field": "Fi_10", "parent_Choice_Field": null, "parent_ChoiceGroup": null, "w": 10.811111111111131, "h": 23.197222222222223, "y": 103.25833333333334, "x": 831.1111111111111, "structure_id": "Tr_37"}, {"parent_TextBlock": "Tb_18", "text": "Gross distribution", "parent_Field": "Fi_10", "parent_Choice_Field": null, "parent_ChoiceGroup": null, "w": 154.4861111111111, "h": 22.672222222222317, "y": 103.70555555555572, "x": 847.3277777777778, "structure_id": "Tr_38"}, {"parent_TextBlock": "Tb_19", "text": "$", "parent_Field": "Fi_10", "parent_Choice_Field": null, "parent_ChoiceGroup": null, "w": 13.900000000000091, "h": 29.150000000000063, "y": 169.05000000000015, "x": 826.1, "structure_id": "Tr_39"}, {"parent_TextBlock": "Tb_20", "text": "OMB No . 1545 - 2262", "parent_Field": null, "parent_Choice_Field": null, "parent_ChoiceGroup": null, "w": 167.60972222222222, "h": 21.05277777777765, "y": 103.49166666666683, "x": 1106.1944444444443, "structure_id": "Tr_40"}, {"parent_TextBlock": "Tb_21", "text": "5", "parent_Field": null, "parent_Choice_Field": "Chf_1", "parent_ChoiceGroup": "Chgp_1", "w": 10.811111111111131, "h": 23.197222222222194, "y": 369.9277777777777, "x": 831.1111111111111, "structure_id": "Tr_41"}, {"parent_TextBlock": "Tb_21", "text": "If  checked  ,  ABLE  account", "parent_Field": null, "parent_Choice_Field": "Chf_1", "parent_ChoiceGroup": "Chgp_1", "w": 225.45833333333326, "h": 22.67222222222233, "y": 370.3750000000001, "x": 847.3277777777778, "structure_id": "Tr_42"}, {"parent_TextBlock": "Tb_21", "text": "terminated  in  2016", "parent_Field": null, "parent_Choice_Field": "Chf_1", "parent_ChoiceGroup": "Chgp_1", "w": 162.47777777777787, "h": 22.67222222222233, "y": 393.70833333333337, "x": 847.775, "structure_id": "Tr_43"}, {"parent_TextBlock": "Tb_22", "text": "6", "parent_Field": null, "parent_Choice_Field": "Chf_2", "parent_ChoiceGroup": "Chgp_2", "w": 10.811111111111131, "h": 23.197222222222194, "y": 369.9277777777777, "x": 1111.111111111111, "structure_id": "Tr_44"}, {"parent_TextBlock": "Tb_22", "text": "If  this  box  is  checked  ,  the", "parent_Field": null, "parent_Choice_Field": "Chf_2", "parent_ChoiceGroup": "Chgp_2", "w": 222.58055555555552, "h": 22.67222222222233, "y": 370.3750000000001, "x": 1127.3277777777778, "structure_id": "Tr_45"}, {"parent_TextBlock": "Tb_22", "text": "recipient  is  not  the", "parent_Field": null, "parent_Choice_Field": "Chf_2", "parent_ChoiceGroup": "Chgp_2", "w": 246.61904485035734, "h": 22.67222222222233, "y": 393.70833333333337, "x": 1127.775, "structure_id": "Tr_46"}, {"parent_TextBlock": "Tb_22", "text": "designated  beneficiary", "parent_Field": null, "parent_Choice_Field": "Chf_2", "parent_ChoiceGroup": "Chgp_2", "w": 196.62222222222204, "h": 22.67222222222233, "y": 417.04166666666663, "x": 1127.775, "structure_id": "Tr_47"}, {"parent_TextBlock": "Tb_23", "text": "CORRECTED ( ifchecked)", "parent_Field": null, "parent_Choice_Field": "Chf_3", "parent_ChoiceGroup": "Chgp_3", "w": 287.71871009490934, "h": 32.3888888888888, "y": 65.61111111111113, "x": 723.575, "structure_id": "Tr_48"}, {"parent_TextBlock": "Tb_24", "text": "4", "parent_Field": null, "parent_Choice_Field": "Chf_4", "parent_ChoiceGroup": "Chgp_4", "w": 10.811111111111131, "h": 23.197222222222194, "y": 303.2583333333333, "x": 1111.111111111111, "structure_id": "Tr_49"}, {"parent_TextBlock": "Tb_24", "text": "Program  -  to  -  program", "parent_Field": null, "parent_Choice_Field": "Chf_4", "parent_ChoiceGroup": "Chgp_4", "w": 181.1444444444444, "h": 22.67222222222233, "y": 303.7055555555557, "x": 1127.3277777777778, "structure_id": "Tr_50"}, {"parent_TextBlock": "Tb_24", "text": "transfer", "parent_Field": null, "parent_Choice_Field": "Chf_4", "parent_ChoiceGroup": "Chgp_4", "w": 66.24722222222226, "h": 22.67222222222233, "y": 327.038888888889, "x": 1127.775, "structure_id": "Tr_51"}, {"parent_TextBlock": "Tb_25", "text": "1099-QAForm", "parent_Field": null, "parent_Choice_Field": null, "parent_ChoiceGroup": null, "w": 164.51111111111106, "h": 18.73873686082047, "y": 674, "x": 140, "structure_id": "Tr_52"}, {"parent_TextBlock": "Tb_26", "text": "Department of the Treasury - Internal Revenue Service", "parent_Field": null, "parent_Choice_Field": null, "parent_ChoiceGroup": null, "w": 472.49999999999955, "h": 22.67222222222233, "y": 675.9277777777779, "x": 1127.5083333333334, "structure_id": "Tr_53"}, {"parent_TextBlock": "Tb_27", "text": "www.irs.gov / form1099qa", "parent_Field": null, "parent_Choice_Field": null, "parent_ChoiceGroup": null, "w": 219.2555555555557, "h": 22.67222222222233, "y": 675.9277777777779, "x": 770.3722222222221, "structure_id": "Tr_54"}], "ChoiceGroup": [{"y": 367.03125, "x": 829, "structure_id": "Chgp_1", "w": 263, "h": 79}, {"y": 370.03125, "x": 1111, "structure_id": "Chgp_2", "w": 261, "h": 79}, {"y": 59.03125, "x": 678, "structure_id": "Chgp_3", "w": 340, "h": 41}, {"y": 298.03125, "x": 1108, "structure_id": "Chgp_4", "w": 261, "h": 69}]}