{"Widget": [{"parent_Field": "Fi_1", "parent_Choice_Field": null, "parent_ChoiceGroup": null, "w": 679.9999999999999, "h": 72.22222222222221, "y": 527.7777777777777, "x": 140, "structure_id": "Wi_1"}, {"parent_Field": "Fi_2", "parent_Choice_Field": null, "parent_ChoiceGroup": null, "w": 259.9999999999999, "h": 33.33055555555562, "y": 400.2527777777778, "x": 839.0944444444444, "structure_id": "Wi_2"}, {"parent_Field": "Fi_3", "parent_Choice_Field": null, "parent_ChoiceGroup": null, "w": 259.9999999999999, "h": 33.33055555555562, "y": 400.2527777777778, "x": 1119.0944444444444, "structure_id": "Wi_3"}, {"parent_Field": "Fi_4", "parent_Choice_Field": null, "parent_ChoiceGroup": null, "w": 261.261111111111, "h": 33.338888888888754, "y": 500.2527777777778, "x": 837.8333333333334, "structure_id": "Wi_4"}, {"parent_Field": "Fi_5", "parent_Choice_Field": null, "parent_ChoiceGroup": null, "w": 259.9999999999999, "h": 33.33055555555562, "y": 300.2527777777778, "x": 839.0944444444444, "structure_id": "Wi_5"}, {"parent_Field": "Fi_6", "parent_Choice_Field": null, "parent_ChoiceGroup": null, "w": 259.9999999999999, "h": 33.33055555555562, "y": 865.9527777777778, "x": 839.0944444444444, "structure_id": "Wi_6"}, {"parent_Field": "Fi_7", "parent_Choice_Field": null, "parent_ChoiceGroup": null, "w": 259.9999999999999, "h": 33.338888888888754, "y": 500.2527777777778, "x": 1119.0944444444444, "structure_id": "Wi_7"}, {"parent_Field": "Fi_8", "parent_Choice_Field": null, "parent_ChoiceGroup": null, "w": 559.9999999999999, "h": 133.3305555555556, "y": 566.9222222222221, "x": 819.0944444444444, "structure_id": "Wi_8"}, {"parent_Field": "Fi_9", "parent_Choice_Field": null, "parent_ChoiceGroup": null, "w": 679.9999999999999, "h": 211.11388888888882, "y": 155.55555555555554, "x": 140, "structure_id": "Wi_9"}, {"parent_Field": "Fi_10", "parent_Choice_Field": null, "parent_ChoiceGroup": null, "w": 259.9999999999999, "h": 33.33055555555562, "y": 166.92222222222216, "x": 839.0944444444444, "structure_id": "Wi_10"}, {"parent_Field": "Fi_11", "parent_Choice_Field": null, "parent_ChoiceGroup": null, "w": 679.9999999999999, "h": 72.22222222222221, "y": 727.7777777777777, "x": 140, "structure_id": "Wi_11"}, {"parent_Field": "Fi_12", "parent_Choice_Field": null, "parent_ChoiceGroup": null, "w": 679.9999999999999, "h": 72.22222222222221, "y": 927.7777777777777, "x": 140, "structure_id": "Wi_12"}, {"parent_Field": "Fi_13", "parent_Choice_Field": null, "parent_ChoiceGroup": null, "w": 679.9999999999999, "h": 72.22222222222221, "y": 627.7777777777777, "x": 140, "structure_id": "Wi_13"}, {"parent_Field": "Fi_14", "parent_Choice_Field": null, "parent_ChoiceGroup": null, "w": 339.99999999999994, "h": 105.55277777777783, "y": 394.44722222222214, "x": 480, "structure_id": "Wi_14"}, {"parent_Field": "Fi_15", "parent_Choice_Field": null, "parent_ChoiceGroup": null, "w": 340, "h": 105.55277777777783, "y": 394.44722222222214, "x": 140, "structure_id": "Wi_15"}, {"parent_Field": "Fi_16", "parent_Choice_Field": null, "parent_ChoiceGroup": null, "w": 259.9999999999999, "h": 33.33055555555562, "y": 766.9222222222221, "x": 839.0944444444444, "structure_id": "Wi_16"}, {"parent_Field": "Fi_17", "parent_Choice_Field": null, "parent_ChoiceGroup": null, "w": 259.9999999999999, "h": 33.33055555555562, "y": 865.9527777777778, "x": 1119.0944444444444, "structure_id": "Wi_17"}, {"parent_Field": "Fi_18", "parent_Choice_Field": null, "parent_ChoiceGroup": null, "w": 80.00000000000003, "h": 38.8916666666666, "y": 927.7777777777777, "x": 819.9999999999999, "structure_id": "Wi_18"}, {"parent_Field": "Fi_18", "parent_Choice_Field": null, "parent_ChoiceGroup": null, "w": 80.00000000000003, "h": 33.33055555555562, "y": 966.6694444444444, "x": 819.9999999999999, "structure_id": "Wi_19"}, {"parent_Field": "Fi_19", "parent_Choice_Field": null, "parent_ChoiceGroup": null, "w": 239.99999999999991, "h": 38.8916666666666, "y": 927.7777777777777, "x": 900, "structure_id": "Wi_20"}, {"parent_Field": "Fi_19", "parent_Choice_Field": null, "parent_ChoiceGroup": null, "w": 239.99999999999991, "h": 33.33055555555562, "y": 966.6694444444444, "x": 900, "structure_id": "Wi_21"}, {"parent_Field": "Fi_20", "parent_Choice_Field": null, "parent_ChoiceGroup": null, "w": 219.99999999999997, "h": 33.33055555555546, "y": 933.3305555555556, "x": 1160, "structure_id": "Wi_22"}, {"parent_Field": "Fi_20", "parent_Choice_Field": null, "parent_ChoiceGroup": null, "w": 219.99999999999997, "h": 33.33055555555562, "y": 966.6694444444444, "x": 1160, "structure_id": "Wi_23"}, {"parent_Field": null, "parent_Choice_Field": "Chf_1", "parent_ChoiceGroup": "Chgp_1", "w": 27.77777777777778, "h": 27.77777777777778, "y": 68.05555555555556, "x": 520, "structure_id": "Wi_24"}, {"parent_Field": null, "parent_Choice_Field": "Chf_2", "parent_ChoiceGroup": "Chgp_1", "w": 27.77777777777778, "h": 27.77777777777778, "y": 68.05555555555556, "x": 680, "structure_id": "Wi_25"}, {"parent_Field": null, "parent_Choice_Field": "Chf_3", "parent_ChoiceGroup": "Chgp_2", "w": 22.22222222222222, "h": 22.22222222222222, "y": 861.1111111111111, "x": 745.5527777777778, "structure_id": "Wi_26"}], "TextBlock": [{"parent_Field": null, "parent_Choice_Field": null, "parent_ChoiceGroup": null, "w": 472.49999999999955, "h": 22.672222222222103, "y": 1009.2583333333333, "x": 1127.5083333333334, "structure_id": "Tb_1"}, {"parent_Field": null, "parent_Choice_Field": null, "parent_ChoiceGroup": null, "w": 174.26111111111106, "h": 27.914610555982563, "y": 1004, "x": 140, "structure_id": "Tb_2"}, {"parent_Field": null, "parent_Choice_Field": null, "parent_ChoiceGroup": null, "w": 159.30000000000018, "h": 127.53333333333313, "y": 362.4277777777779, "x": 1440.7027777777778, "structure_id": "Tb_3"}, {"parent_Field": "Fi_1", "parent_Choice_Field": null, "parent_ChoiceGroup": null, "w": 170.68333333333337, "h": 22.672222222222274, "y": 503.7055555555557, "x": 151.11111111111111, "structure_id": "Tb_4"}, {"parent_Field": null, "parent_Choice_Field": null, "parent_ChoiceGroup": null, "w": 180.5027777777775, "h": 19.564052393661967, "y": 106, "x": 1109.75, "structure_id": "Tb_5"}, {"parent_Field": "Fi_2", "parent_Choice_Field": null, "parent_ChoiceGroup": null, "w": 232.20000000000005, "h": 94.94166666666695, "y": 336.8416666666664, "x": 825.1944444444443, "structure_id": "Tb_6"}, {"parent_Field": "Fi_3", "parent_Choice_Field": null, "parent_ChoiceGroup": null, "w": 265.7416666666668, "h": 94.94166666666695, "y": 336.8416666666664, "x": 1105.1944444444443, "structure_id": "Tb_7"}, {"parent_Field": "Fi_4", "parent_Choice_Field": null, "parent_ChoiceGroup": null, "w": 163.32500000000027, "h": 95.3250000000001, "y": 436.8416666666664, "x": 823.9333333333333, "structure_id": "Tb_8"}, {"parent_Field": null, "parent_Choice_Field": null, "parent_ChoiceGroup": null, "w": 199.61944444444453, "h": 72.56944444444443, "y": 172.57777777777758, "x": 1400.3833333333332, "structure_id": "Tb_9"}, {"parent_Field": null, "parent_Choice_Field": null, "parent_ChoiceGroup": null, "w": 144.44444444444443, "h": 70.11111111111113, "y": 173.44166666666655, "x": 1127.7777777777778, "structure_id": "Tb_10"}, {"parent_Field": "Fi_5", "parent_Choice_Field": null, "parent_ChoiceGroup": null, "w": 215.34166666666692, "h": 128.27222222222224, "y": 203.51111111111112, "x": 825.1944444444443, "structure_id": "Tb_11"}, {"parent_Field": "Fi_6", "parent_Choice_Field": null, "parent_ChoiceGroup": null, "w": 205.6388888888889, "h": 93.97222222222229, "y": 803.5111111111111, "x": 825.1944444444443, "structure_id": "Tb_12"}, {"parent_Field": null, "parent_Choice_Field": null, "parent_ChoiceGroup": null, "w": 176.57777777777778, "h": 30.479626782816467, "y": 295.7611111111113, "x": 1111.7111111111112, "structure_id": "Tb_13"}, {"parent_Field": "Fi_7", "parent_Choice_Field": null, "parent_ChoiceGroup": null, "w": 199.5333333333333, "h": 95.3250000000001, "y": 436.8416666666664, "x": 1105.1944444444443, "structure_id": "Tb_14"}, {"parent_Field": "Fi_8", "parent_Choice_Field": null, "parent_ChoiceGroup": null, "w": 115.24722222222226, "h": 23.197222222222194, "y": 536.8416666666665, "x": 830.2055555555556, "structure_id": "Tb_15"}, {"parent_Field": "Fi_9", "parent_Choice_Field": null, "parent_ChoiceGroup": null, "w": 656.5027777777777, "h": 46.00555555555559, "y": 103.70555555555572, "x": 151.11111111111111, "structure_id": "Tb_16"}, {"parent_Field": "Fi_10", "parent_Choice_Field": null, "parent_ChoiceGroup": null, "w": 270.4989625885387, "h": 94.94166666666693, "y": 103.51111111111113, "x": 825.1944444444443, "structure_id": "Tb_17"}, {"parent_Field": "Fi_11", "parent_Choice_Field": null, "parent_ChoiceGroup": null, "w": 613.6277777777779, "h": 22.67222222222233, "y": 703.7055555555557, "x": 151.11111111111111, "structure_id": "Tb_18"}, {"parent_Field": "Fi_12", "parent_Choice_Field": null, "parent_ChoiceGroup": null, "w": 296.78055555555557, "h": 22.672222222222217, "y": 903.7055555555555, "x": 151.11111111111111, "structure_id": "Tb_19"}, {"parent_Field": "Fi_13", "parent_Choice_Field": null, "parent_ChoiceGroup": null, "w": 293.1638888888889, "h": 22.67222222222233, "y": 603.7055555555557, "x": 151.11111111111111, "structure_id": "Tb_20"}, {"parent_Field": "Fi_14", "parent_Choice_Field": null, "parent_ChoiceGroup": null, "w": 305.37499999999994, "h": 22.67222222222233, "y": 370.3750000000001, "x": 491.11111111111114, "structure_id": "Tb_21"}, {"parent_Field": "Fi_15", "parent_Choice_Field": null, "parent_ChoiceGroup": null, "w": 324.1659166666666, "h": 22.67222222222233, "y": 370.3750000000001, "x": 151.11111111111111, "structure_id": "Tb_22"}, {"parent_Field": "Fi_16", "parent_Choice_Field": null, "parent_ChoiceGroup": null, "w": 261.5969101770763, "h": 94.9416666666666, "y": 703.5111111111111, "x": 825.1944444444443, "structure_id": "Tb_23"}, {"parent_Field": "Fi_17", "parent_Choice_Field": null, "parent_ChoiceGroup": null, "w": 158.2361111111111, "h": 93.97222222222229, "y": 803.5111111111111, "x": 1105.1944444444443, "structure_id": "Tb_24"}, {"parent_Field": "Fi_18", "parent_Choice_Field": null, "parent_ChoiceGroup": null, "w": 63.61444444444453, "h": 23.197222222222194, "y": 903.2583333333333, "x": 831.1111111111111, "structure_id": "Tb_25"}, {"parent_Field": "Fi_19", "parent_Choice_Field": null, "parent_ChoiceGroup": null, "w": 221.8611111111113, "h": 23.197222222222194, "y": 903.2583333333333, "x": 911.1111111111111, "structure_id": "Tb_26"}, {"parent_Field": "Fi_20", "parent_Choice_Field": null, "parent_ChoiceGroup": null, "w": 188.31388888888887, "h": 92.0402669777086, "y": 903.2583333333333, "x": 1146.1, "structure_id": "Tb_27"}, {"parent_Field": null, "parent_Choice_Field": "Chf_1", "parent_ChoiceGroup": "Chgp_1", "w": 64.83333333333337, "h": 32.3888888888888, "y": 62.83333333333334, "x": 558.7388888888888, "structure_id": "Tb_28"}, {"parent_Field": null, "parent_Choice_Field": "Chf_2", "parent_ChoiceGroup": "Chgp_1", "w": 168.72222222222217, "h": 32.3888888888888, "y": 62.83333333333334, "x": 723.575, "structure_id": "Tb_29"}, {"parent_Field": null, "parent_Choice_Field": "Chf_3", "parent_ChoiceGroup": "Chgp_2", "w": 107.6444444444445, "h": 46.005555555555475, "y": 803.7055555555555, "x": 706.1777777777777, "structure_id": "Tb_30"}, {"parent_Field": null, "parent_Choice_Field": null, "parent_ChoiceGroup": null, "w": 224.29166666666663, "h": 22.672222222222103, "y": 1009.2583333333333, "x": 617.8555555555555, "structure_id": "Tb_31"}], "Choice_Field": [{"y": 62.83333333333334, "x": 520, "structure_id": "Chf_1", "w": 103.5722222222222, "h": 33}, {"y": 62.83333333333334, "x": 680, "structure_id": "Chf_2", "w": 212.29722222222222, "h": 33}, {"y": 803.7055555555555, "x": 706.1777777777777, "structure_id": "Chf_3", "w": 107.6444444444445, "h": 79.62777777777774}], "Field": [{"y": 503.7055555555557, "x": 140, "structure_id": "Fi_1", "w": 679.9999999999999, "h": 96.2944444444442}, {"y": 336.8416666666664, "x": 825.1944444444443, "structure_id": "Fi_2", "w": 273.9000000000001, "h": 96.74166666666702}, {"y": 336.8416666666664, "x": 1105.1944444444443, "structure_id": "Fi_3", "w": 273.9000000000001, "h": 96.74166666666702}, {"y": 436.8416666666664, "x": 823.9333333333333, "structure_id": "Fi_4", "w": 275.16111111111115, "h": 96.75000000000017}, {"y": 203.51111111111112, "x": 825.1944444444443, "structure_id": "Fi_5", "w": 273.9000000000001, "h": 130.0722222222223}, {"y": 803.5111111111111, "x": 825.1944444444443, "structure_id": "Fi_6", "w": 273.9000000000001, "h": 95.77222222222235}, {"y": 436.8416666666664, "x": 1105.1944444444443, "structure_id": "Fi_7", "w": 273.9000000000001, "h": 96.75000000000017}, {"y": 536.8416666666665, "x": 819.0944444444444, "structure_id": "Fi_8", "w": 560, "h": 163.41111111111127}, {"y": 103.70555555555572, "x": 140, "structure_id": "Fi_9", "w": 679.9999999999999, "h": 262.9638888888886}, {"y": 103.51111111111113, "x": 825.1944444444443, "structure_id": "Fi_10", "w": 273.9000000000001, "h": 96.74166666666666}, {"y": 703.7055555555557, "x": 140, "structure_id": "Fi_11", "w": 679.9999999999999, "h": 96.29444444444414}, {"y": 903.7055555555555, "x": 140, "structure_id": "Fi_12", "w": 679.9999999999999, "h": 96.29444444444437}, {"y": 603.7055555555557, "x": 140, "structure_id": "Fi_13", "w": 679.9999999999999, "h": 96.29444444444414}, {"y": 370.3750000000001, "x": 480, "structure_id": "Fi_14", "w": 340, "h": 129.6249999999999}, {"y": 368.3750000000001, "x": 140, "structure_id": "Fi_15", "w": 340, "h": 131.6249999999999}, {"y": 703.5111111111111, "x": 825.1944444444443, "structure_id": "Fi_16", "w": 273.9000000000001, "h": 96.74166666666667}, {"y": 803.5111111111111, "x": 1105.1944444444443, "structure_id": "Fi_17", "w": 273.9000000000001, "h": 95.77222222222235}, {"y": 903.2583333333333, "x": 819.9999999999999, "structure_id": "Fi_18", "w": 80, "h": 96.74166666666667}, {"y": 903.2583333333333, "x": 900, "structure_id": "Fi_19", "w": 240, "h": 96.74166666666667}, {"y": 903.2583333333333, "x": 1146.1, "structure_id": "Fi_20", "w": 233.9000000000001, "h": 96.74166666666667}], "TextRun": [{"parent_TextBlock": "Tb_1", "text": "Department of the Treasury - Internal Revenue Service", "parent_Field": null, "parent_Choice_Field": null, "parent_ChoiceGroup": null, "w": 472.49999999999955, "h": 22.672222222222103, "y": 1009.2583333333333, "x": 1127.5083333333334, "structure_id": "Tr_1"}, {"parent_TextBlock": "Tb_2", "text": "1099-OID Form", "parent_Field": null, "parent_Choice_Field": null, "parent_ChoiceGroup": null, "w": 174.26111111111106, "h": 27.914610555982513, "y": 1004, "x": 140, "structure_id": "Tr_2"}, {"parent_TextBlock": "Tb_3", "text": "Copy 1", "parent_Field": null, "parent_Choice_Field": null, "parent_ChoiceGroup": null, "w": 92.11111111111109, "h": 33.138888888888744, "y": 362.4277777777779, "x": 1507.888888888889, "structure_id": "Tr_3"}, {"parent_TextBlock": "Tb_3", "text": "For  State  Tax", "parent_Field": null, "parent_Choice_Field": null, "parent_ChoiceGroup": null, "w": 159.29999999999973, "h": 29.824999999999932, "y": 432.36111111111103, "x": 1440.7027777777778, "structure_id": "Tr_4"}, {"parent_TextBlock": "Tb_3", "text": "Department", "parent_Field": null, "parent_Choice_Field": null, "parent_ChoiceGroup": null, "w": 141.6500000000001, "h": 29.824999999999932, "y": 460.1361111111111, "x": 1458.3527777777779, "structure_id": "Tr_5"}, {"parent_TextBlock": "Tb_4", "text": "RECIPIENT?S name", "parent_Field": "Fi_1", "parent_Choice_Field": null, "parent_ChoiceGroup": null, "w": 170.68333333333337, "h": 22.672222222222274, "y": 503.7055555555557, "x": 151.11111111111111, "structure_id": "Tr_6"}, {"parent_TextBlock": "Tb_5", "text": "OMBNo.1545-0117", "parent_Field": null, "parent_Choice_Field": null, "parent_ChoiceGroup": null, "w": 180.5027777777775, "h": 19.564052393661967, "y": 106, "x": 1109.75, "structure_id": "Tr_7"}, {"parent_TextBlock": "Tb_6", "text": "3", "parent_Field": "Fi_2", "parent_Choice_Field": null, "parent_ChoiceGroup": null, "w": 10.811111111111131, "h": 23.197222222222194, "y": 336.8416666666664, "x": 830.2055555555556, "structure_id": "Tr_8"}, {"parent_TextBlock": "Tb_6", "text": "Early withdrawal penalty", "parent_Field": "Fi_2", "parent_Choice_Field": null, "parent_ChoiceGroup": null, "w": 210.97222222222206, "h": 22.67222222222233, "y": 337.28888888888883, "x": 846.4222222222223, "structure_id": "Tr_9"}, {"parent_TextBlock": "Tb_6", "text": "$", "parent_Field": "Fi_2", "parent_Choice_Field": null, "parent_ChoiceGroup": null, "w": 13.900000000000091, "h": 29.15000000000009, "y": 402.63333333333327, "x": 825.1944444444443, "structure_id": "Tr_10"}, {"parent_TextBlock": "Tb_7", "text": "4", "parent_Field": "Fi_3", "parent_Choice_Field": null, "parent_ChoiceGroup": null, "w": 10.811111111111131, "h": 23.197222222222194, "y": 336.8416666666664, "x": 1110.2055555555555, "structure_id": "Tr_11"}, {"parent_TextBlock": "Tb_7", "text": "Federal income tax withheld", "parent_Field": "Fi_3", "parent_Choice_Field": null, "parent_ChoiceGroup": null, "w": 244.5138888888889, "h": 22.67222222222233, "y": 337.28888888888883, "x": 1126.4222222222222, "structure_id": "Tr_12"}, {"parent_TextBlock": "Tb_7", "text": "$", "parent_Field": "Fi_3", "parent_Choice_Field": null, "parent_ChoiceGroup": null, "w": 13.900000000000091, "h": 29.15000000000009, "y": 402.63333333333327, "x": 1105.1944444444443, "structure_id": "Tr_13"}, {"parent_TextBlock": "Tb_8", "text": "5", "parent_Field": "Fi_4", "parent_Choice_Field": null, "parent_ChoiceGroup": null, "w": 10.811111111111131, "h": 23.197222222222194, "y": 436.8416666666664, "x": 830.2055555555556, "structure_id": "Tr_14"}, {"parent_TextBlock": "Tb_8", "text": "Market discount", "parent_Field": "Fi_4", "parent_Choice_Field": null, "parent_ChoiceGroup": null, "w": 140.83611111111122, "h": 22.67222222222233, "y": 437.28888888888883, "x": 846.4222222222223, "structure_id": "Tr_15"}, {"parent_TextBlock": "Tb_8", "text": "$", "parent_Field": "Fi_4", "parent_Choice_Field": null, "parent_ChoiceGroup": null, "w": 13.900000000000091, "h": 28.900000000000034, "y": 503.2666666666665, "x": 823.9333333333333, "structure_id": "Tr_16"}, {"parent_TextBlock": "Tb_9", "text": "Original Issue", "parent_Field": null, "parent_Choice_Field": null, "parent_ChoiceGroup": null, "w": 199.61944444444453, "h": 36.452777777777925, "y": 172.57777777777758, "x": 1400.3833333333332, "structure_id": "Tr_17"}, {"parent_TextBlock": "Tb_9", "text": "Discount", "parent_Field": null, "parent_Choice_Field": null, "parent_ChoiceGroup": null, "w": 130.13611111111118, "h": 36.4527777777779, "y": 208.69444444444412, "x": 1469.8666666666663, "structure_id": "Tr_18"}, {"parent_TextBlock": "Tb_10", "text": "2016", "parent_Field": null, "parent_Choice_Field": null, "parent_ChoiceGroup": null, "w": 144.44444444444443, "h": 70.11111111111113, "y": 173.44166666666655, "x": 1127.7777777777778, "structure_id": "Tr_19"}, {"parent_TextBlock": "Tb_11", "text": "2", "parent_Field": "Fi_5", "parent_Choice_Field": null, "parent_ChoiceGroup": null, "w": 10.811111111111131, "h": 23.197222222222223, "y": 203.51111111111112, "x": 830.2055555555556, "structure_id": "Tr_20"}, {"parent_TextBlock": "Tb_11", "text": "Other periodic interest", "parent_Field": "Fi_5", "parent_Choice_Field": null, "parent_ChoiceGroup": null, "w": 194.11388888888894, "h": 22.672222222222302, "y": 203.9583333333335, "x": 846.4222222222223, "structure_id": "Tr_21"}, {"parent_TextBlock": "Tb_11", "text": "$", "parent_Field": "Fi_5", "parent_Choice_Field": null, "parent_ChoiceGroup": null, "w": 13.900000000000091, "h": 29.15000000000009, "y": 302.63333333333327, "x": 825.1944444444443, "structure_id": "Tr_22"}, {"parent_TextBlock": "Tb_12", "text": "9", "parent_Field": "Fi_6", "parent_Choice_Field": null, "parent_ChoiceGroup": null, "w": 10.811111111111131, "h": 23.197222222222194, "y": 803.5111111111111, "x": 830.2055555555556, "structure_id": "Tr_23"}, {"parent_TextBlock": "Tb_12", "text": "Investment expenses", "parent_Field": "Fi_6", "parent_Choice_Field": null, "parent_ChoiceGroup": null, "w": 184.41111111111093, "h": 22.672222222222103, "y": 803.9583333333334, "x": 846.4222222222223, "structure_id": "Tr_24"}, {"parent_TextBlock": "Tb_12", "text": "$", "parent_Field": "Fi_6", "parent_Choice_Field": null, "parent_ChoiceGroup": null, "w": 13.900000000000091, "h": 29.149999999999977, "y": 868.3333333333334, "x": 825.1944444444443, "structure_id": "Tr_25"}, {"parent_TextBlock": "Tb_13", "text": "1099-OIDForm", "parent_Field": null, "parent_Choice_Field": null, "parent_ChoiceGroup": null, "w": 176.57777777777778, "h": 30.47962678281646, "y": 295.7611111111113, "x": 1111.7111111111112, "structure_id": "Tr_26"}, {"parent_TextBlock": "Tb_14", "text": "6", "parent_Field": "Fi_7", "parent_Choice_Field": null, "parent_ChoiceGroup": null, "w": 10.811111111111131, "h": 23.197222222222194, "y": 436.8416666666664, "x": 1110.2055555555555, "structure_id": "Tr_27"}, {"parent_TextBlock": "Tb_14", "text": "Acquisition premium", "parent_Field": "Fi_7", "parent_Choice_Field": null, "parent_ChoiceGroup": null, "w": 178.30555555555543, "h": 22.67222222222233, "y": 437.28888888888883, "x": 1126.4222222222222, "structure_id": "Tr_28"}, {"parent_TextBlock": "Tb_14", "text": "$", "parent_Field": "Fi_7", "parent_Choice_Field": null, "parent_ChoiceGroup": null, "w": 13.900000000000091, "h": 28.900000000000034, "y": 503.2666666666665, "x": 1105.1944444444443, "structure_id": "Tr_29"}, {"parent_TextBlock": "Tb_15", "text": "7", "parent_Field": "Fi_8", "parent_Choice_Field": null, "parent_ChoiceGroup": null, "w": 10.811111111111131, "h": 23.197222222222194, "y": 536.8416666666665, "x": 830.2055555555556, "structure_id": "Tr_30"}, {"parent_TextBlock": "Tb_15", "text": "Description", "parent_Field": "Fi_8", "parent_Choice_Field": null, "parent_ChoiceGroup": null, "w": 99.03055555555557, "h": 22.67222222222233, "y": 537.2888888888888, "x": 846.4222222222223, "structure_id": "Tr_31"}, {"parent_TextBlock": "Tb_16", "text": "PAYER?S  name  ,  street  address  ,  city  or  town  ,  state  or  province  ,  country  ,  ZIP", "parent_Field": "Fi_9", "parent_Choice_Field": null, "parent_ChoiceGroup": null, "w": 656.5027777777777, "h": 22.672222222222317, "y": 103.70555555555572, "x": 151.11111111111111, "structure_id": "Tr_32"}, {"parent_TextBlock": "Tb_16", "text": "or  foreign  postal  code  ,  and  telephone  no .", "parent_Field": "Fi_9", "parent_Choice_Field": null, "parent_ChoiceGroup": null, "w": 358.7111111111111, "h": 22.672222222222317, "y": 127.03888888888899, "x": 151.11111111111111, "structure_id": "Tr_33"}, {"parent_TextBlock": "Tb_17", "text": "1", "parent_Field": "Fi_10", "parent_Choice_Field": null, "parent_ChoiceGroup": null, "w": 10.811111111111131, "h": 23.197222222222223, "y": 103.51111111111113, "x": 830.2055555555556, "structure_id": "Tr_34"}, {"parent_TextBlock": "Tb_17", "text": "Original issue discount for2016", "parent_Field": "Fi_10", "parent_Choice_Field": null, "parent_ChoiceGroup": null, "w": 249.27118481076081, "h": 28.202589464535237, "y": 103.95833333333351, "x": 846.4222222222222, "structure_id": "Tr_35"}, {"parent_TextBlock": "Tb_17", "text": "$", "parent_Field": "Fi_10", "parent_Choice_Field": null, "parent_ChoiceGroup": null, "w": 13.900000000000091, "h": 29.15000000000009, "y": 169.30277777777798, "x": 825.1944444444443, "structure_id": "Tr_36"}, {"parent_TextBlock": "Tb_18", "text": "City or town , state or province , country , and ZIP or foreign postal code", "parent_Field": "Fi_11", "parent_Choice_Field": null, "parent_ChoiceGroup": null, "w": 613.6277777777779, "h": 22.67222222222233, "y": 703.7055555555557, "x": 151.11111111111111, "structure_id": "Tr_37"}, {"parent_TextBlock": "Tb_19", "text": "Account number ( see instructions)", "parent_Field": "Fi_12", "parent_Choice_Field": null, "parent_ChoiceGroup": null, "w": 296.78055555555557, "h": 22.672222222222217, "y": 903.7055555555555, "x": 151.11111111111111, "structure_id": "Tr_38"}, {"parent_TextBlock": "Tb_20", "text": "Street address ( including apt . no .)", "parent_Field": "Fi_13", "parent_Choice_Field": null, "parent_ChoiceGroup": null, "w": 293.1638888888889, "h": 22.67222222222233, "y": 603.7055555555557, "x": 151.11111111111111, "structure_id": "Tr_39"}, {"parent_TextBlock": "Tb_21", "text": "RECIPIENT?S identification number", "parent_Field": "Fi_14", "parent_Choice_Field": null, "parent_ChoiceGroup": null, "w": 305.37499999999994, "h": 22.67222222222233, "y": 370.3750000000001, "x": 491.11111111111114, "structure_id": "Tr_40"}, {"parent_TextBlock": "Tb_22", "text": "PAYER?S federal identificationnumber", "parent_Field": "Fi_15", "parent_Choice_Field": null, "parent_ChoiceGroup": null, "w": 324.1659166666666, "h": 22.67222222222233, "y": 370.3750000000001, "x": 151.11111111111111, "structure_id": "Tr_41"}, {"parent_TextBlock": "Tb_23", "text": "8", "parent_Field": "Fi_16", "parent_Choice_Field": null, "parent_ChoiceGroup": null, "w": 10.811111111111131, "h": 23.197222222222194, "y": 703.5111111111111, "x": 830.2055555555556, "structure_id": "Tr_42"}, {"parent_TextBlock": "Tb_23", "text": "Original issue discount on", "parent_Field": "Fi_16", "parent_Choice_Field": null, "parent_ChoiceGroup": null, "w": 240.36913239929845, "h": 22.67222222222233, "y": 703.9583333333335, "x": 846.4222222222222, "structure_id": "Tr_43"}, {"parent_TextBlock": "Tb_23", "text": "U.S . Treasury obligations", "parent_Field": "Fi_16", "parent_Choice_Field": null, "parent_ChoiceGroup": null, "w": 218.57499999999993, "h": 22.67222222222233, "y": 727.2916666666667, "x": 830.2055555555556, "structure_id": "Tr_44"}, {"parent_TextBlock": "Tb_23", "text": "$", "parent_Field": "Fi_16", "parent_Choice_Field": null, "parent_ChoiceGroup": null, "w": 13.900000000000091, "h": 29.15000000000009, "y": 769.3027777777776, "x": 825.1944444444443, "structure_id": "Tr_45"}, {"parent_TextBlock": "Tb_24", "text": "10", "parent_Field": "Fi_17", "parent_Choice_Field": null, "parent_ChoiceGroup": null, "w": 21.622222222222263, "h": 23.197222222222194, "y": 803.5111111111111, "x": 1107.4277777777777, "structure_id": "Tr_46"}, {"parent_TextBlock": "Tb_24", "text": "Bond premium", "parent_Field": "Fi_17", "parent_Choice_Field": null, "parent_ChoiceGroup": null, "w": 128.9749999999999, "h": 22.672222222222103, "y": 803.9583333333334, "x": 1134.4555555555555, "structure_id": "Tr_47"}, {"parent_TextBlock": "Tb_24", "text": "$", "parent_Field": "Fi_17", "parent_Choice_Field": null, "parent_ChoiceGroup": null, "w": 13.900000000000091, "h": 29.149999999999977, "y": 868.3333333333334, "x": 1105.1944444444443, "structure_id": "Tr_48"}, {"parent_TextBlock": "Tb_25", "text": "11", "parent_Field": "Fi_18", "parent_Choice_Field": null, "parent_ChoiceGroup": null, "w": 21.62222222222215, "h": 23.197222222222194, "y": 903.2583333333333, "x": 831.1111111111111, "structure_id": "Tr_49"}, {"parent_TextBlock": "Tb_25", "text": "State", "parent_Field": "Fi_18", "parent_Choice_Field": null, "parent_ChoiceGroup": null, "w": 36.5866666666667, "h": 22.672222222222217, "y": 903.7055555555555, "x": 858.1388888888889, "structure_id": "Tr_50"}, {"parent_TextBlock": "Tb_26", "text": "12", "parent_Field": "Fi_19", "parent_Choice_Field": null, "parent_ChoiceGroup": null, "w": 21.62222222222215, "h": 23.197222222222194, "y": 903.2583333333333, "x": 911.1111111111111, "structure_id": "Tr_51"}, {"parent_TextBlock": "Tb_26", "text": "State identification no .", "parent_Field": "Fi_19", "parent_Choice_Field": null, "parent_ChoiceGroup": null, "w": 194.83333333333348, "h": 22.672222222222217, "y": 903.7055555555555, "x": 938.1388888888889, "structure_id": "Tr_52"}, {"parent_TextBlock": "Tb_27", "text": "13", "parent_Field": "Fi_20", "parent_Choice_Field": null, "parent_ChoiceGroup": null, "w": 21.622222222222263, "h": 23.197222222222194, "y": 903.2583333333333, "x": 1151.111111111111, "structure_id": "Tr_53"}, {"parent_TextBlock": "Tb_27", "text": "State tax withheld", "parent_Field": "Fi_20", "parent_Choice_Field": null, "parent_ChoiceGroup": null, "w": 156.27499999999986, "h": 22.672222222222217, "y": 903.7055555555555, "x": 1178.138888888889, "structure_id": "Tr_54"}, {"parent_TextBlock": "Tb_27", "text": "$", "parent_Field": "Fi_20", "parent_Choice_Field": null, "parent_ChoiceGroup": null, "w": 13.900000000000091, "h": 29.149999999999977, "y": 935.7111111111111, "x": 1146.1, "structure_id": "Tr_55"}, {"parent_TextBlock": "Tb_27", "text": "$", "parent_Field": "Fi_20", "parent_Choice_Field": null, "parent_ChoiceGroup": null, "w": 13.900000000000091, "h": 26.24860031104197, "y": 969.05, "x": 1146.1, "structure_id": "Tr_56"}, {"parent_TextBlock": "Tb_28", "text": "VOID", "parent_Field": null, "parent_Choice_Field": "Chf_1", "parent_ChoiceGroup": "Chgp_1", "w": 64.83333333333334, "h": 32.3888888888888, "y": 62.83333333333334, "x": 558.7388888888888, "structure_id": "Tr_57"}, {"parent_TextBlock": "Tb_29", "text": "CORRECTED", "parent_Field": null, "parent_Choice_Field": "Chf_2", "parent_ChoiceGroup": "Chgp_1", "w": 168.72222222222223, "h": 32.3888888888888, "y": 62.83333333333334, "x": 723.575, "structure_id": "Tr_58"}, {"parent_TextBlock": "Tb_30", "text": "FATCA  filing", "parent_Field": null, "parent_Choice_Field": "Chf_3", "parent_ChoiceGroup": "Chgp_2", "w": 107.6444444444445, "h": 22.672222222222217, "y": 803.7055555555555, "x": 706.1777777777777, "structure_id": "Tr_59"}, {"parent_TextBlock": "Tb_30", "text": "requirement", "parent_Field": null, "parent_Choice_Field": "Chf_3", "parent_ChoiceGroup": "Chgp_2", "w": 104.45555555555552, "h": 22.672222222222217, "y": 827.0388888888888, "x": 707.7722222222222, "structure_id": "Tr_60"}, {"parent_TextBlock": "Tb_31", "text": "www.irs.gov / form1099oid", "parent_Field": null, "parent_Choice_Field": null, "parent_ChoiceGroup": null, "w": 224.29166666666663, "h": 22.672222222222103, "y": 1009.2583333333333, "x": 617.8555555555555, "structure_id": "Tr_61"}], "ChoiceGroup": [{"y": 64.03125, "x": 508, "structure_id": "Chgp_1", "w": 390, "h": 33}, {"y": 803.03125, "x": 703, "structure_id": "Chgp_2", "w": 113, "h": 93}]}