{"Widget": [{"parent_Field": "Fi_1", "parent_Choice_Field": null, "parent_ChoiceGroup": null, "w": 239.99999999999991, "h": 33.33055555555562, "y": 866.6694444444444, "x": 860, "structure_id": "Wi_1"}, {"parent_Field": "Fi_2", "parent_Choice_Field": null, "parent_ChoiceGroup": null, "w": 280, "h": 33.33055555555546, "y": 933.3305555555556, "x": 1100, "structure_id": "Wi_2"}, {"parent_Field": "Fi_2", "parent_Choice_Field": null, "parent_ChoiceGroup": null, "w": 280, "h": 33.33055555555562, "y": 966.6694444444444, "x": 1100, "structure_id": "Wi_3"}, {"parent_Field": "Fi_3", "parent_Choice_Field": null, "parent_ChoiceGroup": null, "w": 340, "h": 105.55277777777783, "y": 394.44722222222214, "x": 140, "structure_id": "Wi_4"}, {"parent_Field": "Fi_4", "parent_Choice_Field": null, "parent_ChoiceGroup": null, "w": 240.00000000000009, "h": 33.33055555555562, "y": 466.66944444444437, "x": 1140, "structure_id": "Wi_5"}, {"parent_Field": "Fi_5", "parent_Choice_Field": null, "parent_ChoiceGroup": null, "w": 239.99999999999991, "h": 33.33055555555546, "y": 933.3305555555556, "x": 860, "structure_id": "Wi_6"}, {"parent_Field": "Fi_5", "parent_Choice_Field": null, "parent_ChoiceGroup": null, "w": 239.99999999999991, "h": 33.33055555555562, "y": 966.6694444444444, "x": 860, "structure_id": "Wi_7"}, {"parent_Field": "Fi_6", "parent_Choice_Field": null, "parent_ChoiceGroup": null, "w": 280, "h": 33.33055555555562, "y": 766.6694444444444, "x": 1100, "structure_id": "Wi_8"}, {"parent_Field": "Fi_7", "parent_Choice_Field": null, "parent_ChoiceGroup": null, "w": 679.9999999999999, "h": 200.0027777777777, "y": 166.66666666666666, "x": 140, "structure_id": "Wi_9"}, {"parent_Field": "Fi_8", "parent_Choice_Field": null, "parent_ChoiceGroup": null, "w": 240.00000000000009, "h": 33.33055555555562, "y": 600, "x": 1140, "structure_id": "Wi_10"}, {"parent_Field": "Fi_9", "parent_Choice_Field": null, "parent_ChoiceGroup": null, "w": 180.00000000000003, "h": 33.33055555555546, "y": 933.3305555555556, "x": 1420, "structure_id": "Wi_11"}, {"parent_Field": "Fi_9", "parent_Choice_Field": null, "parent_ChoiceGroup": null, "w": 180.00000000000003, "h": 33.33055555555562, "y": 966.6694444444444, "x": 1420, "structure_id": "Wi_12"}, {"parent_Field": "Fi_10", "parent_Choice_Field": null, "parent_ChoiceGroup": null, "w": 240.00000000000009, "h": 33.33055555555562, "y": 700, "x": 1140, "structure_id": "Wi_13"}, {"parent_Field": "Fi_11", "parent_Choice_Field": null, "parent_ChoiceGroup": null, "w": 240.00000000000009, "h": 33.33055555555562, "y": 866.6694444444444, "x": 1140, "structure_id": "Wi_14"}, {"parent_Field": "Fi_12", "parent_Choice_Field": null, "parent_ChoiceGroup": null, "w": 300.00000000000006, "h": 33.33055555555562, "y": 966.6694444444444, "x": 179.99999999999997, "structure_id": "Wi_15"}, {"parent_Field": "Fi_13", "parent_Choice_Field": null, "parent_ChoiceGroup": null, "w": 440, "h": 33.33055555555546, "y": 866.6777777777778, "x": 140, "structure_id": "Wi_16"}, {"parent_Field": "Fi_14", "parent_Choice_Field": null, "parent_ChoiceGroup": null, "w": 679.9999999999999, "h": 72.22222222222221, "y": 527.7861111111113, "x": 140, "structure_id": "Wi_17"}, {"parent_Field": "Fi_15", "parent_Choice_Field": null, "parent_ChoiceGroup": null, "w": 679.9999999999999, "h": 72.22222222222206, "y": 727.7861111111112, "x": 140, "structure_id": "Wi_18"}, {"parent_Field": "Fi_16", "parent_Choice_Field": null, "parent_ChoiceGroup": null, "w": 339.99999999999994, "h": 105.55277777777783, "y": 394.44722222222214, "x": 480, "structure_id": "Wi_19"}, {"parent_Field": "Fi_17", "parent_Choice_Field": null, "parent_ChoiceGroup": null, "w": 280, "h": 33.33055555555562, "y": 766.6694444444444, "x": 819.9999999999999, "structure_id": "Wi_20"}, {"parent_Field": "Fi_18", "parent_Choice_Field": null, "parent_ChoiceGroup": null, "w": 239.99999999999991, "h": 33.33055555555562, "y": 600, "x": 860, "structure_id": "Wi_21"}, {"parent_Field": "Fi_19", "parent_Choice_Field": null, "parent_ChoiceGroup": null, "w": 239.99999999999991, "h": 33.33055555555562, "y": 466.66944444444437, "x": 860, "structure_id": "Wi_22"}, {"parent_Field": "Fi_20", "parent_Choice_Field": null, "parent_ChoiceGroup": null, "w": 239.99999999999991, "h": 33.33055555555562, "y": 333.33055555555563, "x": 860, "structure_id": "Wi_23"}, {"parent_Field": "Fi_21", "parent_Choice_Field": null, "parent_ChoiceGroup": null, "w": 239.99999999999991, "h": 33.33055555555562, "y": 266.66944444444437, "x": 860, "structure_id": "Wi_24"}, {"parent_Field": "Fi_22", "parent_Choice_Field": null, "parent_ChoiceGroup": null, "w": 239.99999999999991, "h": 33.33055555555562, "y": 166.66944444444437, "x": 860, "structure_id": "Wi_25"}, {"parent_Field": "Fi_23", "parent_Choice_Field": null, "parent_ChoiceGroup": null, "w": 240.00000000000009, "h": 33.33055555555562, "y": 333.33055555555563, "x": 1140, "structure_id": "Wi_26"}, {"parent_Field": "Fi_24", "parent_Choice_Field": null, "parent_ChoiceGroup": null, "w": 679.9999999999999, "h": 72.22222222222221, "y": 627.7861111111112, "x": 140, "structure_id": "Wi_27"}, {"parent_Field": "Fi_25", "parent_Choice_Field": null, "parent_ChoiceGroup": null, "w": 300, "h": 33.33055555555562, "y": 966.6694444444444, "x": 520, "structure_id": "Wi_28"}, {"parent_Field": null, "parent_Choice_Field": "Chf_1", "parent_ChoiceGroup": "Chgp_1", "w": 27.77777777777778, "h": 27.77777777777778, "y": 69.44444444444444, "x": 680, "structure_id": "Wi_29"}, {"parent_Field": null, "parent_Choice_Field": "Chf_2", "parent_ChoiceGroup": "Chgp_2", "w": 22.22222222222222, "h": 22.22222222222222, "y": 861.1111111111111, "x": 631.1083333333333, "structure_id": "Wi_30"}, {"parent_Field": null, "parent_Choice_Field": "Chf_3", "parent_ChoiceGroup": "Chgp_3", "w": 22.22222222222222, "h": 22.22222222222222, "y": 702.7750000000001, "x": 1065.5527777777777, "structure_id": "Wi_31"}], "TextBlock": [{"parent_Field": null, "parent_Choice_Field": null, "parent_ChoiceGroup": null, "w": 472.49999999999955, "h": 22.672222222222103, "y": 1009.2583333333333, "x": 1127.5083333333334, "structure_id": "Tb_1"}, {"parent_Field": null, "parent_Choice_Field": null, "parent_ChoiceGroup": null, "w": 195.87222222222215, "h": 33.1388888888888, "y": 998.3027777777778, "x": 140, "structure_id": "Tb_2"}, {"parent_Field": "Fi_1", "parent_Choice_Field": null, "parent_ChoiceGroup": null, "w": 247.06111111111125, "h": 46.45277777777767, "y": 803.2583333333333, "x": 825.5555555555555, "structure_id": "Tb_3"}, {"parent_Field": "Fi_1", "parent_Choice_Field": null, "parent_ChoiceGroup": null, "w": 15.444444444444457, "h": 32.3888888888888, "y": 865.6111111111111, "x": 832.2777777777777, "structure_id": "Tb_4"}, {"parent_Field": "Fi_2", "parent_Choice_Field": null, "parent_ChoiceGroup": null, "w": 225.08888888888896, "h": 23.197222222222194, "y": 903.2583333333333, "x": 1105.5555555555554, "structure_id": "Tb_5"}, {"parent_Field": "Fi_3", "parent_Choice_Field": null, "parent_ChoiceGroup": null, "w": 324.1659166666666, "h": 22.67222222222233, "y": 370.3750000000001, "x": 151.11111111111111, "structure_id": "Tb_6"}, {"parent_Field": "Fi_4", "parent_Choice_Field": null, "parent_ChoiceGroup": null, "w": 255.38333333333344, "h": 23.197222222222194, "y": 369.9277777777777, "x": 1116.6666666666665, "structure_id": "Tb_7"}, {"parent_Field": "Fi_4", "parent_Choice_Field": null, "parent_ChoiceGroup": null, "w": 15.444444444444343, "h": 32.3888888888888, "y": 465.6111111111111, "x": 1112.2777777777778, "structure_id": "Tb_8"}, {"parent_Field": "Fi_5", "parent_Choice_Field": null, "parent_ChoiceGroup": null, "w": 183.3027777777778, "h": 94.74166666666656, "y": 903.2583333333333, "x": 825.5555555555555, "structure_id": "Tb_9"}, {"parent_Field": null, "parent_Choice_Field": null, "parent_ChoiceGroup": null, "w": 174.10972222222222, "h": 28.168055555555497, "y": 265.5652777777776, "x": 1112.9444444444446, "structure_id": "Tb_10"}, {"parent_Field": "Fi_6", "parent_Choice_Field": null, "parent_ChoiceGroup": null, "w": 21.622222222222263, "h": 23.197222222222194, "y": 736.5888888888886, "x": 1105.5555555555554, "structure_id": "Tb_11"}, {"parent_Field": "Fi_7", "parent_Choice_Field": null, "parent_ChoiceGroup": null, "w": 656.5027777777777, "h": 46.00555555555559, "y": 103.70555555555572, "x": 151.11111111111111, "structure_id": "Tb_12"}, {"parent_Field": "Fi_8", "parent_Choice_Field": null, "parent_ChoiceGroup": null, "w": 260.88125000000014, "h": 46.45277777777801, "y": 503.2583333333333, "x": 1116.6666666666665, "structure_id": "Tb_13"}, {"parent_Field": "Fi_8", "parent_Choice_Field": null, "parent_ChoiceGroup": null, "w": 15.444444444444343, "h": 32.3888888888888, "y": 598.9416666666667, "x": 1112.2777777777778, "structure_id": "Tb_14"}, {"parent_Field": null, "parent_Choice_Field": null, "parent_ChoiceGroup": null, "w": 180.5027777777775, "h": 23.672222222222317, "y": 101.48055555555564, "x": 1109.75, "structure_id": "Tb_15"}, {"parent_Field": "Fi_9", "parent_Choice_Field": null, "parent_ChoiceGroup": null, "w": 141.92500000000018, "h": 94.74166666666656, "y": 903.2583333333333, "x": 1385.5555555555554, "structure_id": "Tb_16"}, {"parent_Field": null, "parent_Choice_Field": null, "parent_ChoiceGroup": null, "w": 217.57500000000005, "h": 152.76388888888926, "y": 331.64166666666654, "x": 1382.4277777777777, "structure_id": "Tb_17"}, {"parent_Field": "Fi_10", "parent_Choice_Field": null, "parent_ChoiceGroup": null, "w": 247.06111111111136, "h": 23.197222222222194, "y": 636.5888888888886, "x": 1105.5555555555554, "structure_id": "Tb_18"}, {"parent_Field": "Fi_10", "parent_Choice_Field": null, "parent_ChoiceGroup": null, "w": 15.444444444444343, "h": 32.3888888888888, "y": 698.9416666666667, "x": 1112.2777777777778, "structure_id": "Tb_19"}, {"parent_Field": null, "parent_Choice_Field": null, "parent_ChoiceGroup": null, "w": 144.44444444444443, "h": 70.11111111111113, "y": 156.77222222222218, "x": 1127.7777777777778, "structure_id": "Tb_20"}, {"parent_Field": "Fi_11", "parent_Choice_Field": null, "parent_ChoiceGroup": null, "w": 258.5916666666667, "h": 46.45277777777767, "y": 803.2583333333333, "x": 1105.5555555555554, "structure_id": "Tb_21"}, {"parent_Field": "Fi_11", "parent_Choice_Field": null, "parent_ChoiceGroup": null, "w": 15.444444444444343, "h": 32.3888888888888, "y": 865.6111111111111, "x": 1112.2777777777778, "structure_id": "Tb_22"}, {"parent_Field": "Fi_12", "parent_Choice_Field": null, "parent_ChoiceGroup": null, "w": 242.0861111111111, "h": 23.197222222222194, "y": 903.2583333333333, "x": 139, "structure_id": "Tb_23"}, {"parent_Field": "Fi_12", "parent_Choice_Field": null, "parent_ChoiceGroup": null, "w": 15.444444444444457, "h": 32.3888888888888, "y": 965.6111111111111, "x": 152.27777777777777, "structure_id": "Tb_24"}, {"parent_Field": "Fi_13", "parent_Choice_Field": null, "parent_ChoiceGroup": null, "w": 296.78055555555557, "h": 22.672222222222103, "y": 803.7138888888888, "x": 151.11111111111111, "structure_id": "Tb_25"}, {"parent_Field": "Fi_14", "parent_Choice_Field": null, "parent_ChoiceGroup": null, "w": 170.68333333333337, "h": 22.67222222222233, "y": 503.71388888888885, "x": 151.11111111111111, "structure_id": "Tb_26"}, {"parent_Field": "Fi_15", "parent_Choice_Field": null, "parent_ChoiceGroup": null, "w": 613.6277777777779, "h": 22.67222222222233, "y": 703.7138888888888, "x": 151.11111111111111, "structure_id": "Tb_27"}, {"parent_Field": "Fi_16", "parent_Choice_Field": null, "parent_ChoiceGroup": null, "w": 305.37499999999994, "h": 22.67222222222233, "y": 370.3750000000001, "x": 491.11111111111114, "structure_id": "Tb_28"}, {"parent_Field": "Fi_17", "parent_Choice_Field": null, "parent_ChoiceGroup": null, "w": 21.62222222222215, "h": 23.197222222222194, "y": 736.5888888888886, "x": 825.5555555555555, "structure_id": "Tb_29"}, {"parent_Field": "Fi_18", "parent_Choice_Field": null, "parent_ChoiceGroup": null, "w": 255.8406666666666, "h": 23.197222222222194, "y": 503.2583333333333, "x": 836.6666666666666, "structure_id": "Tb_30"}, {"parent_Field": "Fi_18", "parent_Choice_Field": null, "parent_ChoiceGroup": null, "w": 15.444444444444457, "h": 32.3888888888888, "y": 598.9416666666667, "x": 832.2777777777777, "structure_id": "Tb_31"}, {"parent_Field": "Fi_19", "parent_Choice_Field": null, "parent_ChoiceGroup": null, "w": 210.33055555555563, "h": 23.197222222222194, "y": 369.9277777777777, "x": 836.6666666666666, "structure_id": "Tb_32"}, {"parent_Field": "Fi_19", "parent_Choice_Field": null, "parent_ChoiceGroup": null, "w": 15.444444444444457, "h": 32.3888888888888, "y": 465.6111111111111, "x": 832.2777777777777, "structure_id": "Tb_33"}, {"parent_Field": "Fi_20", "parent_Choice_Field": null, "parent_ChoiceGroup": null, "w": 134.01111111111118, "h": 23.197222222222194, "y": 303.2583333333333, "x": 836.6666666666666, "structure_id": "Tb_34"}, {"parent_Field": "Fi_20", "parent_Choice_Field": null, "parent_ChoiceGroup": null, "w": 15.444444444444457, "h": 32.3888888888888, "y": 332.27222222222235, "x": 832.2777777777777, "structure_id": "Tb_35"}, {"parent_Field": "Fi_21", "parent_Choice_Field": null, "parent_ChoiceGroup": null, "w": 95.78333333333342, "h": 23.197222222222223, "y": 203.25833333333333, "x": 836.6666666666666, "structure_id": "Tb_36"}, {"parent_Field": "Fi_21", "parent_Choice_Field": null, "parent_ChoiceGroup": null, "w": 15.444444444444457, "h": 32.3888888888888, "y": 265.61111111111114, "x": 832.2777777777777, "structure_id": "Tb_37"}, {"parent_Field": "Fi_22", "parent_Choice_Field": null, "parent_ChoiceGroup": null, "w": 66.63611111111118, "h": 23.197222222222223, "y": 103.25833333333334, "x": 836.6666666666666, "structure_id": "Tb_38"}, {"parent_Field": "Fi_22", "parent_Choice_Field": null, "parent_ChoiceGroup": null, "w": 15.444444444444457, "h": 32.3888888888888, "y": 165.61111111111111, "x": 832.2777777777777, "structure_id": "Tb_39"}, {"parent_Field": "Fi_23", "parent_Choice_Field": null, "parent_ChoiceGroup": null, "w": 253.39513888888905, "h": 23.197222222222194, "y": 303.2583333333333, "x": 1116.6666666666665, "structure_id": "Tb_40"}, {"parent_Field": "Fi_23", "parent_Choice_Field": null, "parent_ChoiceGroup": null, "w": 15.444444444444343, "h": 32.3888888888888, "y": 332.27222222222235, "x": 1112.2777777777778, "structure_id": "Tb_41"}, {"parent_Field": "Fi_24", "parent_Choice_Field": null, "parent_ChoiceGroup": null, "w": 293.1638888888889, "h": 22.67222222222233, "y": 603.7138888888888, "x": 151.11111111111111, "structure_id": "Tb_42"}, {"parent_Field": "Fi_25", "parent_Choice_Field": null, "parent_ChoiceGroup": null, "w": 224.4083333333333, "h": 23.197222222222194, "y": 903.2583333333333, "x": 485.55555555555554, "structure_id": "Tb_43"}, {"parent_Field": "Fi_25", "parent_Choice_Field": null, "parent_ChoiceGroup": null, "w": 15.444444444444457, "h": 32.3888888888888, "y": 965.6111111111111, "x": 492.27777777777777, "structure_id": "Tb_44"}, {"parent_Field": null, "parent_Choice_Field": "Chf_1", "parent_ChoiceGroup": "Chgp_1", "w": 318.9444444444447, "h": 32.3888888888888, "y": 65.61111111111113, "x": 719.9999999999999, "structure_id": "Tb_45"}, {"parent_Field": null, "parent_Choice_Field": "Chf_2", "parent_ChoiceGroup": "Chgp_2", "w": 107.6444444444445, "h": 46.005555555555475, "y": 803.7055555555555, "x": 588.3333333333334, "structure_id": "Tb_46"}, {"parent_Field": null, "parent_Choice_Field": "Chf_3", "parent_ChoiceGroup": "Chgp_3", "w": 249.68708333333336, "h": 93.91666666666686, "y": 636.5888888888886, "x": 836.6666666666666, "structure_id": "Tb_47"}, {"parent_Field": null, "parent_Choice_Field": null, "parent_ChoiceGroup": null, "w": 228.26666666666665, "h": 79.76666666666668, "y": 154.63333333333335, "x": 1371.736111111111, "structure_id": "Tb_48"}, {"parent_Field": null, "parent_Choice_Field": null, "parent_ChoiceGroup": null, "w": 238.35000000000014, "h": 22.672222222222103, "y": 1009.2583333333333, "x": 610.8249999999999, "structure_id": "Tb_49"}], "Choice_Field": [{"y": 65.61111111111113, "x": 680, "structure_id": "Chf_1", "w": 358.94444444444457, "h": 32.3888888888888}, {"y": 803.7055555555555, "x": 588.3333333333334, "structure_id": "Chf_2", "w": 107.6444444444445, "h": 79.62777777777774}, {"y": 636.5888888888886, "x": 836.6666666666666, "structure_id": "Chf_3", "w": 251.10833333333323, "h": 93.91666666666686}], "Field": [{"y": 803.2583333333333, "x": 825.5555555555555, "structure_id": "Fi_1", "w": 274.44444444444446, "h": 96.74166666666667}, {"y": 903.2583333333333, "x": 1100, "structure_id": "Fi_2", "w": 280, "h": 96.74166666666667}, {"y": 370.3750000000001, "x": 140, "structure_id": "Fi_3", "w": 340, "h": 129.6249999999999}, {"y": 369.9277777777777, "x": 1112.2777777777778, "structure_id": "Fi_4", "w": 267.7222222222222, "h": 130.0722222222223}, {"y": 903.2583333333333, "x": 825.5555555555555, "structure_id": "Fi_5", "w": 274.44444444444446, "h": 96.74166666666667}, {"y": 736.5888888888886, "x": 1100, "structure_id": "Fi_6", "w": 280, "h": 63.41111111111138}, {"y": 103.70555555555572, "x": 140, "structure_id": "Fi_7", "w": 679.9999999999999, "h": 262.9638888888886}, {"y": 503.2583333333333, "x": 1112.2777777777778, "structure_id": "Fi_8", "w": 267.7222222222222, "h": 130.0722222222223}, {"y": 903.2583333333333, "x": 1385.5555555555554, "structure_id": "Fi_9", "w": 214.44444444444457, "h": 96.74166666666667}, {"y": 636.5888888888886, "x": 1105.5555555555554, "structure_id": "Fi_10", "w": 274.44444444444457, "h": 96.74166666666702}, {"y": 803.2583333333333, "x": 1105.5555555555554, "structure_id": "Fi_11", "w": 274.44444444444457, "h": 96.74166666666667}, {"y": 903.2583333333333, "x": 139, "structure_id": "Fi_12", "w": 341, "h": 96.74166666666667}, {"y": 803.7138888888888, "x": 140, "structure_id": "Fi_13", "w": 440, "h": 96.29444444444437}, {"y": 500.71388888888885, "x": 140, "structure_id": "Fi_14", "w": 679.9999999999999, "h": 99.2944444444446}, {"y": 703.7138888888888, "x": 140, "structure_id": "Fi_15", "w": 679.9999999999999, "h": 96.29444444444437}, {"y": 370.3750000000001, "x": 480, "structure_id": "Fi_16", "w": 340, "h": 129.6249999999999}, {"y": 736.5888888888886, "x": 819.9999999999999, "structure_id": "Fi_17", "w": 280.0000000000001, "h": 63.41111111111138}, {"y": 503.2583333333333, "x": 832.2777777777777, "structure_id": "Fi_18", "w": 267.7222222222223, "h": 130.0722222222223}, {"y": 369.9277777777777, "x": 832.2777777777777, "structure_id": "Fi_19", "w": 267.7222222222223, "h": 130.0722222222223}, {"y": 303.2583333333333, "x": 832.2777777777777, "structure_id": "Fi_20", "w": 267.7222222222223, "h": 63.40277777777794}, {"y": 203.25833333333333, "x": 832.2777777777777, "structure_id": "Fi_21", "w": 267.7222222222223, "h": 96.74166666666667}, {"y": 103.25833333333334, "x": 832.2777777777777, "structure_id": "Fi_22", "w": 267.7222222222223, "h": 96.74166666666666}, {"y": 303.2583333333333, "x": 1112.2777777777778, "structure_id": "Fi_23", "w": 267.7222222222222, "h": 63.40277777777794}, {"y": 603.7138888888888, "x": 140, "structure_id": "Fi_24", "w": 679.9999999999999, "h": 96.29444444444448}, {"y": 903.2583333333333, "x": 485.55555555555554, "structure_id": "Fi_25", "w": 334.44444444444446, "h": 96.74166666666667}], "TextRun": [{"parent_TextBlock": "Tb_1", "text": "Department  of  the  Treasury  -  Internal  Revenue  Service", "parent_Field": null, "parent_Choice_Field": null, "parent_ChoiceGroup": null, "w": 472.49999999999955, "h": 22.672222222222103, "y": 1009.2583333333333, "x": 1127.5083333333334, "structure_id": "Tr_1"}, {"parent_TextBlock": "Tb_2", "text": "1099  -  MISC", "parent_Field": null, "parent_Choice_Field": null, "parent_ChoiceGroup": null, "w": 145.0833333333333, "h": 33.1388888888888, "y": 998.3027777777778, "x": 190.78888888888886, "structure_id": "Tr_2"}, {"parent_TextBlock": "Tb_2", "text": "Form", "parent_Field": null, "parent_Choice_Field": null, "parent_ChoiceGroup": null, "w": 45.383333333333326, "h": 22.672222222222217, "y": 1006.875, "x": 140, "structure_id": "Tr_3"}, {"parent_TextBlock": "Tb_3", "text": "13", "parent_Field": "Fi_1", "parent_Choice_Field": null, "parent_ChoiceGroup": null, "w": 21.62222222222215, "h": 23.197222222222194, "y": 803.2583333333333, "x": 825.5555555555555, "structure_id": "Tr_4"}, {"parent_TextBlock": "Tb_3", "text": "Excess  golden  parachute", "parent_Field": "Fi_1", "parent_Choice_Field": null, "parent_ChoiceGroup": null, "w": 220.03333333333342, "h": 22.672222222222217, "y": 803.7055555555555, "x": 852.5833333333334, "structure_id": "Tr_5"}, {"parent_TextBlock": "Tb_3", "text": "payments", "parent_Field": "Fi_1", "parent_Choice_Field": null, "parent_ChoiceGroup": null, "w": 85.38055555555559, "h": 22.672222222222217, "y": 827.0388888888888, "x": 853.3416666666666, "structure_id": "Tr_6"}, {"parent_TextBlock": "Tb_4", "text": "$", "parent_Field": "Fi_1", "parent_Choice_Field": null, "parent_ChoiceGroup": null, "w": 15.444444444444457, "h": 32.3888888888888, "y": 865.6111111111111, "x": 832.2777777777777, "structure_id": "Tr_7"}, {"parent_TextBlock": "Tb_5", "text": "17", "parent_Field": "Fi_2", "parent_Choice_Field": null, "parent_ChoiceGroup": null, "w": 21.622222222222263, "h": 23.197222222222194, "y": 903.2583333333333, "x": 1105.5555555555554, "structure_id": "Tr_8"}, {"parent_TextBlock": "Tb_5", "text": "State  / Payer?s  state  no  .", "parent_Field": "Fi_2", "parent_Choice_Field": null, "parent_ChoiceGroup": null, "w": 198.06111111111113, "h": 22.672222222222217, "y": 903.7055555555555, "x": 1132.5833333333333, "structure_id": "Tr_9"}, {"parent_TextBlock": "Tb_6", "text": "PAYER?S  federal  identification number", "parent_Field": "Fi_3", "parent_Choice_Field": null, "parent_ChoiceGroup": null, "w": 324.1659166666666, "h": 22.67222222222233, "y": 370.3750000000001, "x": 151.11111111111111, "structure_id": "Tr_10"}, {"parent_TextBlock": "Tb_7", "text": "6", "parent_Field": "Fi_4", "parent_Choice_Field": null, "parent_ChoiceGroup": null, "w": 10.811111111111131, "h": 23.197222222222194, "y": 369.9277777777777, "x": 1116.6666666666665, "structure_id": "Tr_11"}, {"parent_TextBlock": "Tb_7", "text": "Medical  and  health  care  payments", "parent_Field": "Fi_4", "parent_Choice_Field": null, "parent_ChoiceGroup": null, "w": 239.16666666666652, "h": 22.67222222222233, "y": 370.3750000000001, "x": 1132.8833333333334, "structure_id": "Tr_12"}, {"parent_TextBlock": "Tb_8", "text": "$", "parent_Field": "Fi_4", "parent_Choice_Field": null, "parent_ChoiceGroup": null, "w": 15.444444444444343, "h": 32.3888888888888, "y": 465.6111111111111, "x": 1112.2777777777778, "structure_id": "Tr_13"}, {"parent_TextBlock": "Tb_9", "text": "16", "parent_Field": "Fi_5", "parent_Choice_Field": null, "parent_ChoiceGroup": null, "w": 21.62222222222215, "h": 23.197222222222194, "y": 903.2583333333333, "x": 825.5555555555555, "structure_id": "Tr_14"}, {"parent_TextBlock": "Tb_9", "text": "State  tax  withheld", "parent_Field": "Fi_5", "parent_Choice_Field": null, "parent_ChoiceGroup": null, "w": 156.27499999999998, "h": 22.672222222222217, "y": 903.7055555555555, "x": 852.5833333333334, "structure_id": "Tr_15"}, {"parent_TextBlock": "Tb_9", "text": "$", "parent_Field": "Fi_5", "parent_Choice_Field": null, "parent_ChoiceGroup": null, "w": 15.444444444444457, "h": 32.3888888888888, "y": 932.2722222222221, "x": 832.2777777777777, "structure_id": "Tr_16"}, {"parent_TextBlock": "Tb_9", "text": "$", "parent_Field": "Fi_5", "parent_Choice_Field": null, "parent_ChoiceGroup": null, "w": 15.444444444444457, "h": 32.3888888888888, "y": 965.6111111111111, "x": 832.2777777777777, "structure_id": "Tr_17"}, {"parent_TextBlock": "Tb_10", "text": "1099  -  MISC", "parent_Field": null, "parent_Choice_Field": null, "parent_ChoiceGroup": null, "w": 123.32083333333344, "h": 28.168055555555497, "y": 265.5652777777776, "x": 1163.7333333333333, "structure_id": "Tr_18"}, {"parent_TextBlock": "Tb_10", "text": "Form", "parent_Field": null, "parent_Choice_Field": null, "parent_ChoiceGroup": null, "w": 45.38333333333344, "h": 22.67222222222233, "y": 270.07499999999993, "x": 1112.9444444444446, "structure_id": "Tr_19"}, {"parent_TextBlock": "Tb_11", "text": "12", "parent_Field": "Fi_6", "parent_Choice_Field": null, "parent_ChoiceGroup": null, "w": 21.6222222222222, "h": 23.19722222222222, "y": 736.5888888888886, "x": 1105.5555555555554, "structure_id": "Tr_20"}, {"parent_TextBlock": "Tb_12", "text": "PAYER?S  name  ,  street  address  ,  city  or  town  ,  state  or  province  ,  country  ,  ZIP", "parent_Field": "Fi_7", "parent_Choice_Field": null, "parent_ChoiceGroup": null, "w": 656.5027777777777, "h": 22.672222222222317, "y": 103.70555555555572, "x": 151.11111111111111, "structure_id": "Tr_21"}, {"parent_TextBlock": "Tb_12", "text": "or  foreign  postal  code  ,  and  telephone  no .", "parent_Field": "Fi_7", "parent_Choice_Field": null, "parent_ChoiceGroup": null, "w": 358.7111111111111, "h": 22.672222222222317, "y": 127.03888888888899, "x": 151.11111111111111, "structure_id": "Tr_22"}, {"parent_TextBlock": "Tb_13", "text": "8", "parent_Field": "Fi_8", "parent_Choice_Field": null, "parent_ChoiceGroup": null, "w": 10.811111111111131, "h": 23.197222222222194, "y": 503.2583333333333, "x": 1116.6666666666665, "structure_id": "Tr_23"}, {"parent_TextBlock": "Tb_13", "text": "Substitute  payments  in  lieu  of", "parent_Field": "Fi_8", "parent_Choice_Field": null, "parent_ChoiceGroup": null, "w": 244.6645833333332, "h": 22.672222222222274, "y": 503.7055555555557, "x": 1132.8833333333334, "structure_id": "Tr_24"}, {"parent_TextBlock": "Tb_13", "text": "dividends  or  interest", "parent_Field": "Fi_8", "parent_Choice_Field": null, "parent_ChoiceGroup": null, "w": 167.98638888888877, "h": 22.67222222222233, "y": 527.038888888889, "x": 1131.94125, "structure_id": "Tr_25"}, {"parent_TextBlock": "Tb_14", "text": "$", "parent_Field": "Fi_8", "parent_Choice_Field": null, "parent_ChoiceGroup": null, "w": 15.444444444444343, "h": 32.3888888888888, "y": 598.9416666666667, "x": 1112.2777777777778, "structure_id": "Tr_26"}, {"parent_TextBlock": "Tb_15", "text": "OMB  No 1545 0115  .  -", "parent_Field": null, "parent_Choice_Field": null, "parent_ChoiceGroup": null, "w": 180.5027777777775, "h": 22.672222222222317, "y": 102.48055555555564, "x": 1109.75, "structure_id": "Tr_27"}, {"parent_TextBlock": "Tb_16", "text": "18", "parent_Field": "Fi_9", "parent_Choice_Field": null, "parent_ChoiceGroup": null, "w": 21.622222222222263, "h": 23.197222222222194, "y": 903.2583333333333, "x": 1385.5555555555554, "structure_id": "Tr_28"}, {"parent_TextBlock": "Tb_16", "text": "State  income", "parent_Field": "Fi_9", "parent_Choice_Field": null, "parent_ChoiceGroup": null, "w": 114.89722222222235, "h": 22.672222222222217, "y": 903.7055555555555, "x": 1412.5833333333333, "structure_id": "Tr_29"}, {"parent_TextBlock": "Tb_16", "text": "$", "parent_Field": "Fi_9", "parent_Choice_Field": null, "parent_ChoiceGroup": null, "w": 15.444444444444343, "h": 32.3888888888888, "y": 932.2722222222221, "x": 1392.2777777777778, "structure_id": "Tr_30"}, {"parent_TextBlock": "Tb_16", "text": "$", "parent_Field": "Fi_9", "parent_Choice_Field": null, "parent_ChoiceGroup": null, "w": 15.444444444444343, "h": 32.3888888888888, "y": 965.6111111111111, "x": 1392.2777777777778, "structure_id": "Tr_31"}, {"parent_TextBlock": "Tb_17", "text": "Copy  2", "parent_Field": null, "parent_Choice_Field": null, "parent_ChoiceGroup": null, "w": 92.11111111111109, "h": 33.138888888888744, "y": 331.64166666666654, "x": 1507.888888888889, "structure_id": "Tr_32"}, {"parent_TextBlock": "Tb_17", "text": "To  be  filed  with", "parent_Field": null, "parent_Choice_Field": null, "parent_ChoiceGroup": null, "w": 182.29999999999973, "h": 29.824999999999932, "y": 371.25555555555565, "x": 1417.7027777777778, "structure_id": "Tr_33"}, {"parent_TextBlock": "Tb_17", "text": "recipient's  state", "parent_Field": null, "parent_Choice_Field": null, "parent_ChoiceGroup": null, "w": 191.625, "h": 29.824999999999932, "y": 399.03055555555574, "x": 1408.3777777777777, "structure_id": "Tr_34"}, {"parent_TextBlock": "Tb_17", "text": "income  tax  return  ,", "parent_Field": null, "parent_Choice_Field": null, "parent_ChoiceGroup": null, "w": 217.57499999999982, "h": 29.824999999999932, "y": 426.80555555555577, "x": 1382.4277777777777, "structure_id": "Tr_35"}, {"parent_TextBlock": "Tb_17", "text": "when  required  .", "parent_Field": null, "parent_Choice_Field": null, "parent_ChoiceGroup": null, "w": 178.2249999999999, "h": 29.824999999999932, "y": 454.58055555555586, "x": 1421.7777777777776, "structure_id": "Tr_36"}, {"parent_TextBlock": "Tb_18", "text": "10", "parent_Field": "Fi_10", "parent_Choice_Field": null, "parent_ChoiceGroup": null, "w": 21.622222222222263, "h": 23.197222222222194, "y": 636.5888888888886, "x": 1105.5555555555554, "structure_id": "Tr_37"}, {"parent_TextBlock": "Tb_18", "text": "Crop  insurance  proceeds", "parent_Field": "Fi_10", "parent_Choice_Field": null, "parent_ChoiceGroup": null, "w": 220.03333333333353, "h": 22.67222222222233, "y": 637.036111111111, "x": 1132.5833333333333, "structure_id": "Tr_38"}, {"parent_TextBlock": "Tb_19", "text": "$", "parent_Field": "Fi_10", "parent_Choice_Field": null, "parent_ChoiceGroup": null, "w": 15.444444444444343, "h": 32.3888888888888, "y": 698.9416666666667, "x": 1112.2777777777778, "structure_id": "Tr_39"}, {"parent_TextBlock": "Tb_20", "text": "2017", "parent_Field": null, "parent_Choice_Field": null, "parent_ChoiceGroup": null, "w": 144.44444444444443, "h": 70.11111111111113, "y": 156.77222222222218, "x": 1127.7777777777778, "structure_id": "Tr_40"}, {"parent_TextBlock": "Tb_21", "text": "14", "parent_Field": "Fi_11", "parent_Choice_Field": null, "parent_ChoiceGroup": null, "w": 21.622222222222263, "h": 23.197222222222194, "y": 803.2583333333333, "x": 1105.5555555555554, "structure_id": "Tr_41"}, {"parent_TextBlock": "Tb_21", "text": "Gross  proceeds  paid  to  an", "parent_Field": "Fi_11", "parent_Choice_Field": null, "parent_ChoiceGroup": null, "w": 231.56388888888887, "h": 22.672222222222217, "y": 803.7055555555555, "x": 1132.5833333333333, "structure_id": "Tr_42"}, {"parent_TextBlock": "Tb_21", "text": "attorney", "parent_Field": "Fi_11", "parent_Choice_Field": null, "parent_ChoiceGroup": null, "w": 71.30277777777769, "h": 22.672222222222217, "y": 827.0388888888888, "x": 1133.3416666666667, "structure_id": "Tr_43"}, {"parent_TextBlock": "Tb_22", "text": "$", "parent_Field": "Fi_11", "parent_Choice_Field": null, "parent_ChoiceGroup": null, "w": 15.444444444444343, "h": 32.3888888888888, "y": 865.6111111111111, "x": 1112.2777777777778, "structure_id": "Tr_44"}, {"parent_TextBlock": "Tb_23", "text": "15a", "parent_Field": "Fi_12", "parent_Choice_Field": null, "parent_ChoiceGroup": null, "w": 16.80139471096618, "h": 23.197222222222194, "y": 903.2583333333333, "x": 163, "structure_id": "Tr_45"}, {"parent_TextBlock": "Tb_23", "text": "15", "parent_Field": "Fi_12", "parent_Choice_Field": null, "parent_ChoiceGroup": null, "w": 24, "h": 20, "y": 903.6666870117188, "x": 139, "structure_id": "Tr_46"}, {"parent_TextBlock": "Tb_23", "text": "Section  409A  deferrals", "parent_Field": "Fi_12", "parent_Choice_Field": null, "parent_ChoiceGroup": null, "w": 197.34166666666667, "h": 22.672222222222217, "y": 903.7055555555555, "x": 183.74444444444444, "structure_id": "Tr_47"}, {"parent_TextBlock": "Tb_24", "text": "$", "parent_Field": "Fi_12", "parent_Choice_Field": null, "parent_ChoiceGroup": null, "w": 15.444444444444457, "h": 32.3888888888888, "y": 965.6111111111111, "x": 152.27777777777777, "structure_id": "Tr_48"}, {"parent_TextBlock": "Tb_25", "text": "Account  number  (  see  instructions )", "parent_Field": "Fi_13", "parent_Choice_Field": null, "parent_ChoiceGroup": null, "w": 296.78055555555557, "h": 22.672222222222103, "y": 803.7138888888888, "x": 151.11111111111111, "structure_id": "Tr_49"}, {"parent_TextBlock": "Tb_26", "text": "RECIPIENT?S  name", "parent_Field": "Fi_14", "parent_Choice_Field": null, "parent_ChoiceGroup": null, "w": 170.68333333333337, "h": 22.67222222222233, "y": 503.71388888888885, "x": 151.11111111111111, "structure_id": "Tr_50"}, {"parent_TextBlock": "Tb_27", "text": "City  or  town  ,  state  or  province  ,  country  ,  and  ZIP  or  foreign  postal  code", "parent_Field": "Fi_15", "parent_Choice_Field": null, "parent_ChoiceGroup": null, "w": 613.6277777777779, "h": 22.67222222222233, "y": 703.7138888888888, "x": 151.11111111111111, "structure_id": "Tr_51"}, {"parent_TextBlock": "Tb_28", "text": "RECIPIENT?S  identification  number", "parent_Field": "Fi_16", "parent_Choice_Field": null, "parent_ChoiceGroup": null, "w": 305.37499999999994, "h": 22.67222222222233, "y": 370.3750000000001, "x": 491.11111111111114, "structure_id": "Tr_52"}, {"parent_TextBlock": "Tb_29", "text": "11", "parent_Field": "Fi_17", "parent_Choice_Field": null, "parent_ChoiceGroup": null, "w": 21.6222222222222, "h": 23.19722222222222, "y": 736.5888888888886, "x": 825.5555555555555, "structure_id": "Tr_53"}, {"parent_TextBlock": "Tb_30", "text": "7", "parent_Field": "Fi_18", "parent_Choice_Field": null, "parent_ChoiceGroup": null, "w": 10.811111111111131, "h": 23.197222222222194, "y": 503.2583333333333, "x": 836.6666666666666, "structure_id": "Tr_54"}, {"parent_TextBlock": "Tb_30", "text": "Nonemployee  compensation", "parent_Field": "Fi_18", "parent_Choice_Field": null, "parent_ChoiceGroup": null, "w": 239.6239999999999, "h": 22.672222222222274, "y": 503.7055555555557, "x": 852.8833333333333, "structure_id": "Tr_55"}, {"parent_TextBlock": "Tb_31", "text": "$", "parent_Field": "Fi_18", "parent_Choice_Field": null, "parent_ChoiceGroup": null, "w": 15.444444444444457, "h": 32.3888888888888, "y": 598.9416666666667, "x": 832.2777777777777, "structure_id": "Tr_56"}, {"parent_TextBlock": "Tb_32", "text": "5", "parent_Field": "Fi_19", "parent_Choice_Field": null, "parent_ChoiceGroup": null, "w": 10.811111111111131, "h": 23.197222222222194, "y": 369.9277777777777, "x": 836.6666666666666, "structure_id": "Tr_57"}, {"parent_TextBlock": "Tb_32", "text": "Fishing  boat  proceeds", "parent_Field": "Fi_19", "parent_Choice_Field": null, "parent_ChoiceGroup": null, "w": 194.11388888888894, "h": 22.67222222222233, "y": 370.3750000000001, "x": 852.8833333333333, "structure_id": "Tr_58"}, {"parent_TextBlock": "Tb_33", "text": "$", "parent_Field": "Fi_19", "parent_Choice_Field": null, "parent_ChoiceGroup": null, "w": 15.444444444444457, "h": 32.3888888888888, "y": 465.6111111111111, "x": 832.2777777777777, "structure_id": "Tr_59"}, {"parent_TextBlock": "Tb_34", "text": "3", "parent_Field": "Fi_20", "parent_Choice_Field": null, "parent_ChoiceGroup": null, "w": 10.811111111111131, "h": 23.197222222222194, "y": 303.2583333333333, "x": 836.6666666666666, "structure_id": "Tr_60"}, {"parent_TextBlock": "Tb_34", "text": "Other  income", "parent_Field": "Fi_20", "parent_Choice_Field": null, "parent_ChoiceGroup": null, "w": 117.79444444444448, "h": 22.67222222222233, "y": 303.7055555555557, "x": 852.8833333333333, "structure_id": "Tr_61"}, {"parent_TextBlock": "Tb_35", "text": "$", "parent_Field": "Fi_20", "parent_Choice_Field": null, "parent_ChoiceGroup": null, "w": 15.444444444444457, "h": 32.3888888888888, "y": 332.27222222222235, "x": 832.2777777777777, "structure_id": "Tr_62"}, {"parent_TextBlock": "Tb_36", "text": "2", "parent_Field": "Fi_21", "parent_Choice_Field": null, "parent_ChoiceGroup": null, "w": 10.811111111111131, "h": 23.197222222222223, "y": 203.25833333333333, "x": 836.6666666666666, "structure_id": "Tr_63"}, {"parent_TextBlock": "Tb_36", "text": "Royalties", "parent_Field": "Fi_21", "parent_Choice_Field": null, "parent_ChoiceGroup": null, "w": 79.56666666666672, "h": 22.672222222222302, "y": 203.70555555555572, "x": 852.8833333333333, "structure_id": "Tr_64"}, {"parent_TextBlock": "Tb_37", "text": "$", "parent_Field": "Fi_21", "parent_Choice_Field": null, "parent_ChoiceGroup": null, "w": 15.444444444444457, "h": 32.3888888888888, "y": 265.61111111111114, "x": 832.2777777777777, "structure_id": "Tr_65"}, {"parent_TextBlock": "Tb_38", "text": "1", "parent_Field": "Fi_22", "parent_Choice_Field": null, "parent_ChoiceGroup": null, "w": 10.811111111111131, "h": 23.197222222222223, "y": 103.25833333333334, "x": 836.6666666666666, "structure_id": "Tr_66"}, {"parent_TextBlock": "Tb_38", "text": "Rents", "parent_Field": "Fi_22", "parent_Choice_Field": null, "parent_ChoiceGroup": null, "w": 50.41944444444448, "h": 22.672222222222317, "y": 103.70555555555572, "x": 852.8833333333333, "structure_id": "Tr_67"}, {"parent_TextBlock": "Tb_39", "text": "$", "parent_Field": "Fi_22", "parent_Choice_Field": null, "parent_ChoiceGroup": null, "w": 15.444444444444457, "h": 32.3888888888888, "y": 165.61111111111111, "x": 832.2777777777777, "structure_id": "Tr_68"}, {"parent_TextBlock": "Tb_40", "text": "4", "parent_Field": "Fi_23", "parent_Choice_Field": null, "parent_ChoiceGroup": null, "w": 10.811111111111131, "h": 23.197222222222194, "y": 303.2583333333333, "x": 1116.6666666666665, "structure_id": "Tr_69"}, {"parent_TextBlock": "Tb_40", "text": "Federal  income  tax  withheld", "parent_Field": "Fi_23", "parent_Choice_Field": null, "parent_ChoiceGroup": null, "w": 237.17847222222213, "h": 22.67222222222233, "y": 303.7055555555557, "x": 1132.8833333333334, "structure_id": "Tr_70"}, {"parent_TextBlock": "Tb_41", "text": "$", "parent_Field": "Fi_23", "parent_Choice_Field": null, "parent_ChoiceGroup": null, "w": 15.444444444444343, "h": 32.3888888888888, "y": 332.27222222222235, "x": 1112.2777777777778, "structure_id": "Tr_71"}, {"parent_TextBlock": "Tb_42", "text": "Street  address  (  including  apt  .  no  . )", "parent_Field": "Fi_24", "parent_Choice_Field": null, "parent_ChoiceGroup": null, "w": 293.1638888888889, "h": 22.67222222222233, "y": 603.7138888888888, "x": 151.11111111111111, "structure_id": "Tr_72"}, {"parent_TextBlock": "Tb_43", "text": "15b", "parent_Field": "Fi_25", "parent_Choice_Field": null, "parent_ChoiceGroup": null, "w": 33.50277777777785, "h": 23.197222222222194, "y": 903.2583333333333, "x": 485.55555555555554, "structure_id": "Tr_73"}, {"parent_TextBlock": "Tb_43", "text": "Section  409A  income", "parent_Field": "Fi_25", "parent_Choice_Field": null, "parent_ChoiceGroup": null, "w": 185.4999999999999, "h": 22.672222222222217, "y": 903.7055555555555, "x": 524.463888888889, "structure_id": "Tr_74"}, {"parent_TextBlock": "Tb_44", "text": "$", "parent_Field": "Fi_25", "parent_Choice_Field": null, "parent_ChoiceGroup": null, "w": 15.444444444444457, "h": 32.3888888888888, "y": 965.6111111111111, "x": 492.27777777777777, "structure_id": "Tr_75"}, {"parent_TextBlock": "Tb_45", "text": "CORRECTED  (  if  checked  )", "parent_Field": null, "parent_Choice_Field": "Chf_1", "parent_ChoiceGroup": "Chgp_1", "w": 318.9444444444447, "h": 32.3888888888888, "y": 65.61111111111113, "x": 719.9999999999999, "structure_id": "Tr_76"}, {"parent_TextBlock": "Tb_46", "text": "FATCA  filing", "parent_Field": null, "parent_Choice_Field": "Chf_2", "parent_ChoiceGroup": "Chgp_2", "w": 107.6444444444445, "h": 22.672222222222217, "y": 803.7055555555555, "x": 588.3333333333334, "structure_id": "Tr_77"}, {"parent_TextBlock": "Tb_46", "text": "requirement", "parent_Field": null, "parent_Choice_Field": "Chf_2", "parent_ChoiceGroup": "Chgp_2", "w": 104.45555555555563, "h": 22.672222222222217, "y": 827.0388888888888, "x": 588.3333333333334, "structure_id": "Tr_78"}, {"parent_TextBlock": "Tb_47", "text": "9", "parent_Field": null, "parent_Choice_Field": "Chf_3", "parent_ChoiceGroup": "Chgp_3", "w": 10.811111111111131, "h": 23.197222222222194, "y": 636.5888888888886, "x": 836.6666666666666, "structure_id": "Tr_79"}, {"parent_TextBlock": "Tb_47", "text": "Payer  made  direct  sales  of", "parent_Field": null, "parent_Choice_Field": "Chf_3", "parent_ChoiceGroup": "Chgp_3", "w": 219.63472222222242, "h": 22.67222222222233, "y": 637.036111111111, "x": 852.8833333333333, "structure_id": "Tr_80"}, {"parent_TextBlock": "Tb_47", "text": "$  5,000  or  more  of  consumer", "parent_Field": null, "parent_Choice_Field": "Chf_3", "parent_ChoiceGroup": "Chgp_3", "w": 234.41250000000002, "h": 22.67222222222233, "y": 660.3694444444443, "x": 851.94125, "structure_id": "Tr_81"}, {"parent_TextBlock": "Tb_47", "text": "products  to  a  buyer", "parent_Field": null, "parent_Choice_Field": "Chf_3", "parent_ChoiceGroup": "Chgp_3", "w": 162.18611111111113, "h": 22.67222222222233, "y": 683.7027777777776, "x": 851.94125, "structure_id": "Tr_82"}, {"parent_TextBlock": "Tb_47", "text": "(  recipient  )  for  resale", "parent_Field": null, "parent_Choice_Field": "Chf_3", "parent_ChoiceGroup": "Chgp_3", "w": 162.46319444444453, "h": 22.67222222222233, "y": 707.8333333333331, "x": 851.94125, "structure_id": "Tr_83"}, {"parent_TextBlock": "Tb_47", "text": "?", "parent_Field": null, "parent_Choice_Field": "Chf_3", "parent_ChoiceGroup": "Chgp_3", "w": 13.194444444444343, "h": 13.763888888889028, "y": 711.5666666666666, "x": 1019.5333333333333, "structure_id": "Tr_84"}, {"parent_TextBlock": "Tb_48", "text": "Miscellaneous", "parent_Field": null, "parent_Choice_Field": null, "parent_ChoiceGroup": null, "w": 228.26666666666665, "h": 39.76666666666674, "y": 154.63333333333335, "x": 1371.736111111111, "structure_id": "Tr_85"}, {"parent_TextBlock": "Tb_48", "text": "Income", "parent_Field": null, "parent_Choice_Field": null, "parent_ChoiceGroup": null, "w": 118.43333333333317, "h": 39.766666666666765, "y": 194.63333333333327, "x": 1481.5694444444443, "structure_id": "Tr_86"}, {"parent_TextBlock": "Tb_49", "text": "www.irs.gov  /  form1099misc", "parent_Field": null, "parent_Choice_Field": null, "parent_ChoiceGroup": null, "w": 238.35000000000014, "h": 22.672222222222103, "y": 1009.2583333333333, "x": 610.8249999999999, "structure_id": "Tr_87"}], "ChoiceGroup": [{"y": 61.03124999999999, "x": 673, "structure_id": "Chgp_1", "w": 369, "h": 37.57960210215683}, {"y": 799.0369249781604, "x": 577, "structure_id": "Chgp_2", "w": 121.2994268253888, "h": 99.87573789226188}, {"y": 629.03125, "x": 816.0037500172334, "structure_id": "Chgp_3", "w": 282.02407984411695, "h": 101}]}