{"Widget": [{"parent_Field": "Fi_1", "parent_Choice_Field": null, "parent_ChoiceGroup": null, "w": 679.9999999999999, "h": 38.8916666666666, "y": 561.1083333333333, "x": 140, "structure_id": "Wi_1"}, {"parent_Field": "Fi_2", "parent_Choice_Field": null, "parent_ChoiceGroup": null, "w": 679.9999999999999, "h": 38.88333333333346, "y": 494.44722222222214, "x": 140, "structure_id": "Wi_2"}, {"parent_Field": "Fi_3", "parent_Choice_Field": null, "parent_ChoiceGroup": null, "w": 340, "h": 38.8916666666666, "y": 327.77777777777777, "x": 140, "structure_id": "Wi_3"}, {"parent_Field": "Fi_4", "parent_Choice_Field": null, "parent_ChoiceGroup": null, "w": 280, "h": 71.66111111111111, "y": 328.34722222222234, "x": 1100, "structure_id": "Wi_4"}, {"parent_Field": "Fi_5", "parent_Choice_Field": null, "parent_ChoiceGroup": null, "w": 560, "h": 38.8916666666666, "y": 427.77777777777777, "x": 819.9999999999999, "structure_id": "Wi_5"}, {"parent_Field": "Fi_6", "parent_Choice_Field": null, "parent_ChoiceGroup": null, "w": 340.14166666666654, "h": 38.8916666666666, "y": 327.77777777777777, "x": 480, "structure_id": "Wi_6"}, {"parent_Field": "Fi_7", "parent_Choice_Field": null, "parent_ChoiceGroup": null, "w": 459.99999999999994, "h": 38.8916666666666, "y": 627.7777777777777, "x": 140, "structure_id": "Wi_7"}, {"parent_Field": "Fi_8", "parent_Choice_Field": null, "parent_ChoiceGroup": null, "w": 560, "h": 38.88333333333346, "y": 494.44722222222214, "x": 819.9999999999999, "structure_id": "Wi_8"}, {"parent_Field": "Fi_9", "parent_Choice_Field": null, "parent_ChoiceGroup": null, "w": 560, "h": 38.8916666666666, "y": 561.1083333333333, "x": 819.9999999999999, "structure_id": "Wi_9"}, {"parent_Field": "Fi_10", "parent_Choice_Field": null, "parent_ChoiceGroup": null, "w": 679.9999999999999, "h": 144.438888888889, "y": 155.56111111111096, "x": 140, "structure_id": "Wi_10"}, {"parent_Field": "Fi_11", "parent_Choice_Field": null, "parent_ChoiceGroup": null, "w": 679.9999999999999, "h": 72.22222222222221, "y": 394.44722222222214, "x": 140, "structure_id": "Wi_11"}, {"parent_Field": "Fi_12", "parent_Choice_Field": null, "parent_ChoiceGroup": null, "w": 160.00000000000006, "h": 38.8916666666666, "y": 627.7777777777777, "x": 1220, "structure_id": "Wi_12"}, {"parent_Field": "Fi_13", "parent_Choice_Field": null, "parent_ChoiceGroup": null, "w": 246.66666666666669, "h": 33.33055555555562, "y": 200, "x": 853.3333333333333, "structure_id": "Wi_13"}, {"parent_Field": "Fi_14", "parent_Choice_Field": null, "parent_ChoiceGroup": null, "w": 246.66666666666669, "h": 33.33055555555531, "y": 300.00833333333344, "x": 853.3333333333333, "structure_id": "Wi_14"}, {"parent_Field": "Fi_15", "parent_Choice_Field": null, "parent_ChoiceGroup": "Chgp_1", "w": 27.77777777777778, "h": 27.77777777777778, "y": 69.44444444444444, "x": 680, "structure_id": "Wi_15"}, {"parent_Field": null, "parent_Choice_Field": "Chf_1", "parent_ChoiceGroup": "Chgp_2", "w": 22.22222222222222, "h": 22.22222222222222, "y": 366.713888888889, "x": 839.9999999999999, "structure_id": "Wi_16"}, {"parent_Field": null, "parent_Choice_Field": "Chf_2", "parent_ChoiceGroup": "Chgp_2", "w": 22.22222222222222, "h": 22.22222222222222, "y": 366.713888888889, "x": 939.9999999999999, "structure_id": "Wi_17"}, {"parent_Field": null, "parent_Choice_Field": "Chf_3", "parent_ChoiceGroup": "Chgp_3", "w": 27.77777777777778, "h": 27.77777777777778, "y": 633.4055555555555, "x": 620, "structure_id": "Wi_18"}, {"parent_Field": null, "parent_Choice_Field": "Chf_4", "parent_ChoiceGroup": "Chgp_4", "w": 22.22222222222222, "h": 22.22222222222222, "y": 605.5527777777778, "x": 1060, "structure_id": "Wi_19"}, {"parent_Field": null, "parent_Choice_Field": "Chf_5", "parent_ChoiceGroup": "Chgp_4", "w": 22.22222222222222, "h": 22.22222222222222, "y": 638.8833333333334, "x": 1060, "structure_id": "Wi_20"}], "TextBlock": [{"parent_Field": null, "parent_Choice_Field": null, "parent_ChoiceGroup": null, "w": 224.68888888888898, "h": 25.91111111111104, "y": 672.4888888888888, "x": 467.6583333333333, "structure_id": "Tb_1"}, {"parent_Field": null, "parent_Choice_Field": null, "parent_ChoiceGroup": null, "w": 218.16666666666663, "h": 22.67222222222233, "y": 675.9277777777779, "x": 860.9166666666666, "structure_id": "Tb_2"}, {"parent_Field": "Fi_1", "parent_Choice_Field": null, "parent_ChoiceGroup": null, "w": 613.6277777777779, "h": 22.67222222222233, "y": 537.036111111111, "x": 151.11111111111111, "structure_id": "Tb_3"}, {"parent_Field": null, "parent_Choice_Field": null, "parent_ChoiceGroup": null, "w": 180.5027777777775, "h": 22.672222222222317, "y": 103.70555555555572, "x": 1109.75, "structure_id": "Tb_4"}, {"parent_Field": null, "parent_Choice_Field": null, "parent_ChoiceGroup": null, "w": 177.9000000000001, "h": 33.138888888888744, "y": 264.9722222222222, "x": 1111.05, "structure_id": "Tb_5"}, {"parent_Field": "Fi_2", "parent_Choice_Field": null, "parent_ChoiceGroup": null, "w": 293.1638888888889, "h": 22.67222222222233, "y": 470.37500000000006, "x": 151.11111111111111, "structure_id": "Tb_6"}, {"parent_Field": "Fi_3", "parent_Choice_Field": null, "parent_ChoiceGroup": null, "w": 320.82399999999996, "h": 22.67222222222233, "y": 303.7055555555557, "x": 151.11111111111111, "structure_id": "Tb_7"}, {"parent_Field": "Fi_4", "parent_Choice_Field": null, "parent_ChoiceGroup": null, "w": 265.89111111111106, "h": 22.67222222222233, "y": 303.7055555555557, "x": 1111.111111111111, "structure_id": "Tb_8"}, {"parent_Field": "Fi_5", "parent_Choice_Field": null, "parent_ChoiceGroup": null, "w": 156.29444444444448, "h": 22.67222222222233, "y": 403.7055555555557, "x": 836.6666666666666, "structure_id": "Tb_9"}, {"parent_Field": "Fi_6", "parent_Choice_Field": null, "parent_ChoiceGroup": null, "w": 322.8351388888888, "h": 22.67222222222233, "y": 303.7055555555557, "x": 491.11111111111114, "structure_id": "Tb_10"}, {"parent_Field": "Fi_7", "parent_Choice_Field": null, "parent_ChoiceGroup": null, "w": 296.78055555555557, "h": 22.67222222222233, "y": 603.7055555555557, "x": 151.11111111111111, "structure_id": "Tb_11"}, {"parent_Field": null, "parent_Choice_Field": null, "parent_ChoiceGroup": null, "w": 209.26111111111118, "h": 366.4111111111105, "y": 298.3027777777778, "x": 1390.7416666666668, "structure_id": "Tb_12"}, {"parent_Field": null, "parent_Choice_Field": null, "parent_ChoiceGroup": null, "w": 144.44444444444443, "h": 70.11111111111113, "y": 165.11388888888865, "x": 1127.7777777777778, "structure_id": "Tb_13"}, {"parent_Field": "Fi_8", "parent_Choice_Field": null, "parent_ChoiceGroup": null, "w": 293.1638888888891, "h": 22.67222222222233, "y": 470.37500000000006, "x": 836.6666666666666, "structure_id": "Tb_14"}, {"parent_Field": "Fi_9", "parent_Choice_Field": null, "parent_ChoiceGroup": null, "w": 539.9924444444445, "h": 22.67222222222233, "y": 537.036111111111, "x": 836.6666666666666, "structure_id": "Tb_15"}, {"parent_Field": "Fi_10", "parent_Choice_Field": null, "parent_ChoiceGroup": null, "w": 656.5027777777777, "h": 46.00555555555559, "y": 103.70555555555572, "x": 151.11111111111111, "structure_id": "Tb_16"}, {"parent_Field": "Fi_11", "parent_Choice_Field": null, "parent_ChoiceGroup": null, "w": 220.07222222222217, "h": 22.67222222222233, "y": 370.3750000000001, "x": 151.11111111111111, "structure_id": "Tb_17"}, {"parent_Field": "Fi_12", "parent_Choice_Field": null, "parent_ChoiceGroup": null, "w": 115.94722222222231, "h": 22.67222222222233, "y": 603.7055555555557, "x": 1236.6666666666665, "structure_id": "Tb_18"}, {"parent_Field": null, "parent_Choice_Field": null, "parent_ChoiceGroup": null, "w": 275.19444444444457, "h": 99.8055555555554, "y": 145.76388888888894, "x": 1324.8083333333332, "structure_id": "Tb_19"}, {"parent_Field": "Fi_13", "parent_Choice_Field": null, "parent_ChoiceGroup": null, "w": 260.11342479779864, "h": 128.07499999999993, "y": 103.25833333333334, "x": 831.1111111111111, "structure_id": "Tb_20"}, {"parent_Field": "Fi_14", "parent_Choice_Field": null, "parent_ChoiceGroup": null, "w": 260.18055555555566, "h": 94.75277777777805, "y": 236.58888888888865, "x": 831.1111111111111, "structure_id": "Tb_21"}, {"parent_Field": "Fi_15", "parent_Choice_Field": null, "parent_ChoiceGroup": "Chgp_1", "w": 318.9444444444447, "h": 32.3888888888888, "y": 65.61111111111113, "x": 719.9999999999999, "structure_id": "Tb_22"}, {"parent_Field": null, "parent_Choice_Field": null, "parent_ChoiceGroup": "Chgp_2", "w": 10.8111111111111, "h": 23.19722222222222, "y": 337.0694444444442, "x": 836.6666666666666, "structure_id": "Tb_23"}, {"parent_Field": null, "parent_Choice_Field": "Chf_1", "parent_ChoiceGroup": "Chgp_2", "w": 42.875, "h": 42.11666666666679, "y": 355.6972222222223, "x": 878.8888888888888, "structure_id": "Tb_24"}, {"parent_Field": null, "parent_Choice_Field": "Chf_2", "parent_ChoiceGroup": "Chgp_2", "w": 105.17500000000007, "h": 42.11666666666679, "y": 355.6972222222223, "x": 978.8888888888888, "structure_id": "Tb_25"}, {"parent_Field": null, "parent_Choice_Field": "Chf_3", "parent_ChoiceGroup": "Chgp_3", "w": 175.7583333333332, "h": 46.45277777777801, "y": 603.2583333333333, "x": 616.8083333333333, "structure_id": "Tb_26"}, {"parent_Field": null, "parent_Choice_Field": null, "parent_ChoiceGroup": "Chgp_4", "w": 101.18615930379246, "h": 23.197222222222194, "y": 603.2583333333333, "x": 836.6666666666666, "structure_id": "Tb_27"}, {"parent_Field": null, "parent_Choice_Field": "Chf_4", "parent_ChoiceGroup": "Chgp_4", "w": 115.20833333333326, "h": 22.67222222222233, "y": 605.0916666666666, "x": 1092.2222222222222, "structure_id": "Tb_28"}, {"parent_Field": null, "parent_Choice_Field": "Chf_5", "parent_ChoiceGroup": "Chgp_4", "w": 106.94444444444457, "h": 22.67222222222233, "y": 638.4222222222222, "x": 1092.2222222222222, "structure_id": "Tb_29"}, {"parent_Field": null, "parent_Choice_Field": null, "parent_ChoiceGroup": null, "w": 472.49999999999955, "h": 22.67222222222233, "y": 675.9277777777779, "x": 1127.5083333333334, "structure_id": "Tb_30"}, {"parent_Field": null, "parent_Choice_Field": null, "parent_ChoiceGroup": null, "w": 183.30555555555554, "h": 33.1388888888888, "y": 664.9722222222222, "x": 140, "structure_id": "Tb_31"}], "Choice_Field": [{"y": 355.6972222222223, "x": 839.9999999999999, "structure_id": "Chf_1", "w": 81.76388888888891, "h": 42.11666666666679}, {"y": 355.6972222222223, "x": 939.9999999999999, "structure_id": "Chf_2", "w": 144.06388888888898, "h": 42.11666666666679}, {"y": 603.2583333333333, "x": 616.8083333333333, "structure_id": "Chf_3", "w": 175.7583333333332, "h": 57.924999999999955}, {"y": 605.0916666666666, "x": 1060, "structure_id": "Chf_4", "w": 147.43055555555543, "h": 22.683333333333394}, {"y": 637.4222222222222, "x": 1060, "structure_id": "Chf_5", "w": 139.16666666666674, "h": 23.683333333333394}], "Field": [{"y": 537.036111111111, "x": 140, "structure_id": "Fi_1", "w": 679.9999999999999, "h": 62.96388888888896}, {"y": 470.37500000000006, "x": 140, "structure_id": "Fi_2", "w": 679.9999999999999, "h": 62.95555555555558}, {"y": 303.7055555555557, "x": 140, "structure_id": "Fi_3", "w": 340, "h": 62.963888888888675}, {"y": 300.7055555555557, "x": 1100, "structure_id": "Fi_4", "w": 280, "h": 99.30277777777775}, {"y": 403.7055555555557, "x": 819.9999999999999, "structure_id": "Fi_5", "w": 560.0000000000001, "h": 62.963888888888675}, {"y": 303.7055555555557, "x": 480, "structure_id": "Fi_6", "w": 340.14166666666654, "h": 62.963888888888675}, {"y": 603.7055555555557, "x": 140, "structure_id": "Fi_7", "w": 460, "h": 62.96388888888862}, {"y": 470.37500000000006, "x": 819.9999999999999, "structure_id": "Fi_8", "w": 560.0000000000001, "h": 62.95555555555558}, {"y": 537.036111111111, "x": 819.9999999999999, "structure_id": "Fi_9", "w": 560.0000000000001, "h": 62.96388888888896}, {"y": 103.70555555555572, "x": 140, "structure_id": "Fi_10", "w": 679.9999999999999, "h": 196.29444444444428}, {"y": 370.3750000000001, "x": 140, "structure_id": "Fi_11", "w": 679.9999999999999, "h": 96.29444444444425}, {"y": 603.7055555555557, "x": 1220, "structure_id": "Fi_12", "w": 160, "h": 62.96388888888862}, {"y": 103.25833333333334, "x": 831.1111111111111, "structure_id": "Fi_13", "w": 268.8888888888889, "h": 130.0722222222223}, {"y": 236.58888888888865, "x": 831.1111111111111, "structure_id": "Fi_14", "w": 268.8888888888889, "h": 96.75000000000009}, {"y": 65.61111111111113, "x": 680, "structure_id": "Fi_15", "w": 358.94444444444457, "h": 32.3888888888888}], "TextRun": [{"parent_TextBlock": "Tb_1", "text": "(  keep  for  your  records  )", "parent_Field": null, "parent_Choice_Field": null, "parent_ChoiceGroup": null, "w": 224.68888888888898, "h": 25.91111111111104, "y": 672.4888888888888, "x": 467.6583333333333, "structure_id": "Tr_1"}, {"parent_TextBlock": "Tb_2", "text": "www.irs.gov  /  form1099ltc", "parent_Field": null, "parent_Choice_Field": null, "parent_ChoiceGroup": null, "w": 218.16666666666663, "h": 22.67222222222233, "y": 675.9277777777779, "x": 860.9166666666666, "structure_id": "Tr_2"}, {"parent_TextBlock": "Tb_3", "text": "City  or  town  ,  state  or  province  ,  country  ,  and  ZIP  or  foreign  postal  code", "parent_Field": "Fi_1", "parent_Choice_Field": null, "parent_ChoiceGroup": null, "w": 613.6277777777779, "h": 22.67222222222233, "y": 537.036111111111, "x": 151.11111111111111, "structure_id": "Tr_3"}, {"parent_TextBlock": "Tb_4", "text": "OMB  No  .  1545  -  1519", "parent_Field": null, "parent_Choice_Field": null, "parent_ChoiceGroup": null, "w": 180.5027777777775, "h": 22.672222222222317, "y": 103.70555555555572, "x": 1109.75, "structure_id": "Tr_4"}, {"parent_TextBlock": "Tb_5", "text": "1099  -  LTC", "parent_Field": null, "parent_Choice_Field": null, "parent_ChoiceGroup": null, "w": 127.11111111111109, "h": 33.138888888888744, "y": 264.9722222222222, "x": 1161.838888888889, "structure_id": "Tr_5"}, {"parent_TextBlock": "Tb_5", "text": "Form", "parent_Field": null, "parent_Choice_Field": null, "parent_ChoiceGroup": null, "w": 45.38333333333344, "h": 22.67222222222233, "y": 273.5444444444444, "x": 1111.05, "structure_id": "Tr_6"}, {"parent_TextBlock": "Tb_6", "text": "Street  address  (  including  apt  .  no  . )", "parent_Field": "Fi_2", "parent_Choice_Field": null, "parent_ChoiceGroup": null, "w": 293.1638888888889, "h": 22.67222222222233, "y": 470.37500000000006, "x": 151.11111111111111, "structure_id": "Tr_7"}, {"parent_TextBlock": "Tb_7", "text": "PAYER?S  federal  identification number", "parent_Field": "Fi_3", "parent_Choice_Field": null, "parent_ChoiceGroup": null, "w": 320.82399999999996, "h": 22.67222222222233, "y": 303.7055555555557, "x": 151.11111111111111, "structure_id": "Tr_8"}, {"parent_TextBlock": "Tb_8", "text": "INSURED'S  taxpayer  identification  no", "parent_Field": "Fi_4", "parent_Choice_Field": null, "parent_ChoiceGroup": null, "w": 261.5666666666666, "h": 22.67222222222233, "y": 303.7055555555557, "x": 1111.111111111111, "structure_id": "Tr_9"}, {"parent_TextBlock": "Tb_8", "text": ".", "parent_Field": "Fi_4", "parent_Choice_Field": null, "parent_ChoiceGroup": null, "w": 4.3244444444444525, "h": 22.67222222222233, "y": 303.7055555555557, "x": 1372.6777777777777, "structure_id": "Tr_10"}, {"parent_TextBlock": "Tb_9", "text": "INSURED'S  name", "parent_Field": "Fi_5", "parent_Choice_Field": null, "parent_ChoiceGroup": null, "w": 156.29444444444448, "h": 22.67222222222233, "y": 403.7055555555557, "x": 836.6666666666666, "structure_id": "Tr_11"}, {"parent_TextBlock": "Tb_10", "text": "POLICYHOLDER'S  identification  number", "parent_Field": "Fi_6", "parent_Choice_Field": null, "parent_ChoiceGroup": null, "w": 322.8351388888888, "h": 22.67222222222233, "y": 303.7055555555557, "x": 491.11111111111114, "structure_id": "Tr_12"}, {"parent_TextBlock": "Tb_11", "text": "Account  number  (  see  instructions )", "parent_Field": "Fi_7", "parent_Choice_Field": null, "parent_ChoiceGroup": null, "w": 296.78055555555557, "h": 22.67222222222233, "y": 603.7055555555557, "x": 151.11111111111111, "structure_id": "Tr_13"}, {"parent_TextBlock": "Tb_12", "text": "Copy  B", "parent_Field": null, "parent_Choice_Field": null, "parent_ChoiceGroup": null, "w": 96.22222222222217, "h": 33.138888888888744, "y": 298.3027777777778, "x": 1503.7777777777778, "structure_id": "Tr_14"}, {"parent_TextBlock": "Tb_12", "text": "For  Policyholder", "parent_Field": null, "parent_Choice_Field": null, "parent_ChoiceGroup": null, "w": 194.8499999999999, "h": 29.824999999999932, "y": 333.4777777777778, "x": 1405.1527777777778, "structure_id": "Tr_15"}, {"parent_TextBlock": "Tb_12", "text": "This  is  important  tax", "parent_Field": null, "parent_Choice_Field": null, "parent_ChoiceGroup": null, "w": 176.47777777777787, "h": 22.67222222222233, "y": 362.04166666666674, "x": 1423.525, "structure_id": "Tr_16"}, {"parent_TextBlock": "Tb_12", "text": "information  and  is  being", "parent_Field": null, "parent_Choice_Field": null, "parent_ChoiceGroup": null, "w": 209.26111111111118, "h": 22.67222222222233, "y": 385.375, "x": 1390.7416666666668, "structure_id": "Tr_17"}, {"parent_TextBlock": "Tb_12", "text": "furnished  to  the  Internal", "parent_Field": null, "parent_Choice_Field": null, "parent_ChoiceGroup": null, "w": 206.0138888888887, "h": 22.67222222222233, "y": 408.7083333333333, "x": 1393.9888888888888, "structure_id": "Tr_18"}, {"parent_TextBlock": "Tb_12", "text": "Revenue  Service  .  If  you", "parent_Field": null, "parent_Choice_Field": null, "parent_ChoiceGroup": null, "w": 204.53611111111104, "h": 22.67222222222233, "y": 432.0416666666666, "x": 1395.4666666666667, "structure_id": "Tr_19"}, {"parent_TextBlock": "Tb_12", "text": "are  required  to  file  a", "parent_Field": null, "parent_Choice_Field": null, "parent_ChoiceGroup": null, "w": 173.5611111111109, "h": 22.67222222222233, "y": 455.37499999999983, "x": 1426.4416666666666, "structure_id": "Tr_20"}, {"parent_TextBlock": "Tb_12", "text": "return  ,  a  negligence", "parent_Field": null, "parent_Choice_Field": null, "parent_ChoiceGroup": null, "w": 172.14166666666665, "h": 22.67222222222233, "y": 478.7083333333331, "x": 1427.861111111111, "structure_id": "Tr_21"}, {"parent_TextBlock": "Tb_12", "text": "penalty  or  other", "parent_Field": null, "parent_Choice_Field": null, "parent_ChoiceGroup": null, "w": 136.8499999999999, "h": 22.672222222222274, "y": 502.04166666666634, "x": 1463.1527777777778, "structure_id": "Tr_22"}, {"parent_TextBlock": "Tb_12", "text": "sanction  may  be", "parent_Field": null, "parent_Choice_Field": null, "parent_ChoiceGroup": null, "w": 143.36388888888905, "h": 22.67222222222233, "y": 525.3749999999997, "x": 1456.6388888888887, "structure_id": "Tr_23"}, {"parent_TextBlock": "Tb_12", "text": "imposed  on  you  if  this", "parent_Field": null, "parent_Choice_Field": null, "parent_ChoiceGroup": null, "w": 191.62499999999977, "h": 22.67222222222233, "y": 548.7083333333329, "x": 1408.3777777777777, "structure_id": "Tr_24"}, {"parent_TextBlock": "Tb_12", "text": "item  is  required  to  be", "parent_Field": null, "parent_Choice_Field": null, "parent_ChoiceGroup": null, "w": 184.41111111111127, "h": 22.67222222222233, "y": 572.0416666666662, "x": 1415.5916666666665, "structure_id": "Tr_25"}, {"parent_TextBlock": "Tb_12", "text": "reported  and  the  IRS", "parent_Field": null, "parent_Choice_Field": null, "parent_ChoiceGroup": null, "w": 181.5138888888889, "h": 22.67222222222233, "y": 595.3749999999994, "x": 1418.4888888888886, "structure_id": "Tr_26"}, {"parent_TextBlock": "Tb_12", "text": "determines  that  it  has", "parent_Field": null, "parent_Choice_Field": null, "parent_ChoiceGroup": null, "w": 188.02777777777783, "h": 22.67222222222233, "y": 618.7083333333327, "x": 1411.9749999999997, "structure_id": "Tr_27"}, {"parent_TextBlock": "Tb_12", "text": "not  been  reported  .", "parent_Field": null, "parent_Choice_Field": null, "parent_ChoiceGroup": null, "w": 161.71944444444443, "h": 22.67222222222233, "y": 642.041666666666, "x": 1438.283333333333, "structure_id": "Tr_28"}, {"parent_TextBlock": "Tb_13", "text": "2017", "parent_Field": null, "parent_Choice_Field": null, "parent_ChoiceGroup": null, "w": 144.44444444444443, "h": 70.11111111111113, "y": 165.11388888888865, "x": 1127.7777777777778, "structure_id": "Tr_29"}, {"parent_TextBlock": "Tb_14", "text": "Street  address  (  including  apt  .  no  .  )", "parent_Field": "Fi_8", "parent_Choice_Field": null, "parent_ChoiceGroup": null, "w": 293.1638888888891, "h": 22.67222222222233, "y": 470.37500000000006, "x": 836.6666666666666, "structure_id": "Tr_30"}, {"parent_TextBlock": "Tb_15", "text": "City  or  town  ,  state  or  province  ,  country  ,  and  ZIP  or  foreign  postal  code", "parent_Field": "Fi_9", "parent_Choice_Field": null, "parent_ChoiceGroup": null, "w": 539.9924444444445, "h": 22.67222222222233, "y": 537.036111111111, "x": 836.6666666666666, "structure_id": "Tr_31"}, {"parent_TextBlock": "Tb_16", "text": "PAYER'S  name  ,  street  address  ,  city  or  town  ,  state  or  province  ,  country  ,  ZIP", "parent_Field": "Fi_10", "parent_Choice_Field": null, "parent_ChoiceGroup": null, "w": 656.5027777777777, "h": 22.672222222222317, "y": 103.70555555555572, "x": 151.11111111111111, "structure_id": "Tr_32"}, {"parent_TextBlock": "Tb_16", "text": "or  foreign  postal  code  ,  and  telephone  no .", "parent_Field": "Fi_10", "parent_Choice_Field": null, "parent_ChoiceGroup": null, "w": 358.7111111111111, "h": 22.672222222222317, "y": 127.03888888888899, "x": 151.11111111111111, "structure_id": "Tr_33"}, {"parent_TextBlock": "Tb_17", "text": "POLICYHOLDER'S  name", "parent_Field": "Fi_11", "parent_Choice_Field": null, "parent_ChoiceGroup": null, "w": 220.07222222222217, "h": 22.67222222222233, "y": 370.3750000000001, "x": 151.11111111111111, "structure_id": "Tr_34"}, {"parent_TextBlock": "Tb_18", "text": "Date  certified", "parent_Field": "Fi_12", "parent_Choice_Field": null, "parent_ChoiceGroup": null, "w": 115.94722222222231, "h": 22.67222222222233, "y": 603.7055555555557, "x": 1236.6666666666665, "structure_id": "Tr_35"}, {"parent_TextBlock": "Tb_19", "text": "Long  -  Term  Care  and", "parent_Field": null, "parent_Choice_Field": null, "parent_ChoiceGroup": null, "w": 275.19444444444457, "h": 33.138888888888744, "y": 145.76388888888894, "x": 1324.8083333333332, "structure_id": "Tr_36"}, {"parent_TextBlock": "Tb_19", "text": "Accelerated  Death", "parent_Field": null, "parent_Choice_Field": null, "parent_ChoiceGroup": null, "w": 245.8611111111111, "h": 33.138888888888744, "y": 179.09722222222229, "x": 1354.1416666666667, "structure_id": "Tr_37"}, {"parent_TextBlock": "Tb_19", "text": "Benefits", "parent_Field": null, "parent_Choice_Field": null, "parent_ChoiceGroup": null, "w": 109.02777777777783, "h": 33.138888888888744, "y": 212.4305555555556, "x": 1490.975, "structure_id": "Tr_38"}, {"parent_TextBlock": "Tb_20", "text": "1", "parent_Field": "Fi_13", "parent_Choice_Field": null, "parent_ChoiceGroup": null, "w": 10.811111111111131, "h": 23.197222222222223, "y": 103.25833333333334, "x": 836.6666666666666, "structure_id": "Tr_39"}, {"parent_TextBlock": "Tb_20", "text": "Gross  long  -  term  care", "parent_Field": "Fi_13", "parent_Choice_Field": null, "parent_ChoiceGroup": null, "w": 232.93564702002072, "h": 22.672222222222317, "y": 103.70555555555572, "x": 858.288888888889, "structure_id": "Tr_40"}, {"parent_TextBlock": "Tb_20", "text": "benefits  paid", "parent_Field": "Fi_13", "parent_Choice_Field": null, "parent_ChoiceGroup": null, "w": 112.36944444444453, "h": 22.67222222222233, "y": 125.93055555555566, "x": 858.8916666666665, "structure_id": "Tr_41"}, {"parent_TextBlock": "Tb_20", "text": "$", "parent_Field": "Fi_13", "parent_Choice_Field": null, "parent_ChoiceGroup": null, "w": 15.444444444444457, "h": 32.3888888888888, "y": 198.94444444444446, "x": 831.1111111111111, "structure_id": "Tr_42"}, {"parent_TextBlock": "Tb_21", "text": "2", "parent_Field": "Fi_14", "parent_Choice_Field": null, "parent_ChoiceGroup": null, "w": 10.811111111111131, "h": 23.197222222222223, "y": 236.58888888888865, "x": 836.6666666666666, "structure_id": "Tr_43"}, {"parent_TextBlock": "Tb_21", "text": "Accelerated  death  benefits", "parent_Field": "Fi_14", "parent_Choice_Field": null, "parent_ChoiceGroup": null, "w": 233.00277777777774, "h": 22.672222222222302, "y": 237.036111111111, "x": 858.288888888889, "structure_id": "Tr_44"}, {"parent_TextBlock": "Tb_21", "text": "paid", "parent_Field": "Fi_14", "parent_Choice_Field": null, "parent_ChoiceGroup": null, "w": 37.81944444444446, "h": 22.67222222222233, "y": 259.26111111111095, "x": 858.8916666666665, "structure_id": "Tr_45"}, {"parent_TextBlock": "Tb_21", "text": "$", "parent_Field": "Fi_14", "parent_Choice_Field": null, "parent_ChoiceGroup": null, "w": 15.444444444444457, "h": 32.3888888888888, "y": 298.9527777777779, "x": 831.1111111111111, "structure_id": "Tr_46"}, {"parent_TextBlock": "Tb_22", "text": "CORRECTED  (  if  checked  )", "parent_Field": "Fi_15", "parent_Choice_Field": null, "parent_ChoiceGroup": "Chgp_1", "w": 318.9444444444447, "h": 32.3888888888888, "y": 65.61111111111113, "x": 719.9999999999999, "structure_id": "Tr_47"}, {"parent_TextBlock": "Tb_23", "text": "3", "parent_Field": null, "parent_Choice_Field": null, "parent_ChoiceGroup": "Chgp_2", "w": 10.8111111111111, "h": 23.19722222222222, "y": 337.0694444444442, "x": 836.6666666666666, "structure_id": "Tr_48"}, {"parent_TextBlock": "Tb_24", "text": "Per", "parent_Field": null, "parent_Choice_Field": "Chf_1", "parent_ChoiceGroup": "Chgp_2", "w": 29.51666666666665, "h": 22.67222222222233, "y": 355.6972222222223, "x": 878.8888888888888, "structure_id": "Tr_49"}, {"parent_TextBlock": "Tb_24", "text": "diem", "parent_Field": null, "parent_Choice_Field": "Chf_1", "parent_ChoiceGroup": "Chgp_2", "w": 42.875, "h": 22.67222222222233, "y": 375.14166666666677, "x": 878.8888888888888, "structure_id": "Tr_50"}, {"parent_TextBlock": "Tb_25", "text": "Reimbursed", "parent_Field": null, "parent_Choice_Field": "Chf_2", "parent_ChoiceGroup": "Chgp_2", "w": 105.17500000000007, "h": 22.67222222222233, "y": 355.6972222222223, "x": 978.8888888888888, "structure_id": "Tr_51"}, {"parent_TextBlock": "Tb_25", "text": "amount", "parent_Field": null, "parent_Choice_Field": "Chf_2", "parent_ChoiceGroup": "Chgp_2", "w": 65.93611111111125, "h": 22.67222222222233, "y": 375.14166666666677, "x": 978.8888888888888, "structure_id": "Tr_52"}, {"parent_TextBlock": "Tb_26", "text": "4", "parent_Field": null, "parent_Choice_Field": "Chf_3", "parent_ChoiceGroup": "Chgp_3", "w": 10.811111111111131, "h": 23.197222222222194, "y": 603.2583333333333, "x": 616.8083333333333, "structure_id": "Tr_53"}, {"parent_TextBlock": "Tb_26", "text": "Qualified  contract", "parent_Field": null, "parent_Choice_Field": "Chf_3", "parent_ChoiceGroup": "Chgp_3", "w": 154.13611111111106, "h": 22.67222222222233, "y": 603.7055555555557, "x": 638.4305555555554, "structure_id": "Tr_54"}, {"parent_TextBlock": "Tb_26", "text": "(  optional  )", "parent_Field": null, "parent_Choice_Field": "Chf_3", "parent_ChoiceGroup": "Chgp_3", "w": 79.93611111111102, "h": 22.67222222222233, "y": 627.038888888889, "x": 661.2583333333333, "structure_id": "Tr_55"}, {"parent_TextBlock": "Tb_27", "text": "5", "parent_Field": null, "parent_Choice_Field": null, "parent_ChoiceGroup": "Chgp_4", "w": 10.811111111111131, "h": 23.197222222222194, "y": 603.2583333333333, "x": 836.6666666666666, "structure_id": "Tr_56"}, {"parent_TextBlock": "Tb_27", "text": "(  optional )", "parent_Field": null, "parent_Choice_Field": null, "parent_ChoiceGroup": "Chgp_4", "w": 89.8528259704591, "h": 22.67222222222233, "y": 603.7055555555557, "x": 848, "structure_id": "Tr_57"}, {"parent_TextBlock": "Tb_28", "text": "Chronically  ill", "parent_Field": null, "parent_Choice_Field": "Chf_4", "parent_ChoiceGroup": "Chgp_4", "w": 115.20833333333326, "h": 22.67222222222233, "y": 605.0916666666666, "x": 1092.2222222222222, "structure_id": "Tr_58"}, {"parent_TextBlock": "Tb_29", "text": "Terminally  ill", "parent_Field": null, "parent_Choice_Field": "Chf_5", "parent_ChoiceGroup": "Chgp_4", "w": 106.94444444444457, "h": 22.67222222222233, "y": 638.4222222222222, "x": 1092.2222222222222, "structure_id": "Tr_59"}, {"parent_TextBlock": "Tb_30", "text": "Department  of  the  Treasury  -  Internal  Revenue  Service", "parent_Field": null, "parent_Choice_Field": null, "parent_ChoiceGroup": null, "w": 472.49999999999955, "h": 22.67222222222233, "y": 675.9277777777779, "x": 1127.5083333333334, "structure_id": "Tr_60"}, {"parent_TextBlock": "Tb_31", "text": "1099  -  LTC", "parent_Field": null, "parent_Choice_Field": null, "parent_ChoiceGroup": null, "w": 127.11111111111111, "h": 33.1388888888888, "y": 664.9722222222222, "x": 196.19444444444443, "structure_id": "Tr_61"}, {"parent_TextBlock": "Tb_31", "text": "Form", "parent_Field": null, "parent_Choice_Field": null, "parent_ChoiceGroup": null, "w": 45.383333333333326, "h": 22.67222222222233, "y": 673.5444444444444, "x": 140, "structure_id": "Tr_62"}], "ChoiceGroup": [{"y": 62.03125, "x": 673, "structure_id": "Chgp_1", "w": 371, "h": 39}, {"y": 335.0336295002095, "x": 831.0038189513739, "structure_id": "Chgp_2", "w": 254.9013797672249, "h": 61.80729538869271}, {"y": 601.03125, "x": 613, "structure_id": "Chgp_3", "w": 185, "h": 61}, {"y": 599.03125, "x": 832, "structure_id": "Chgp_4", "w": 378, "h": 69}]}