{"Widget": [{"parent_Field": "Fi_1", "parent_Choice_Field": null, "parent_ChoiceGroup": "Chgp_1", "w": 27.77777777777778, "h": 27.77777777777778, "y": 69.44444444444444, "x": 680, "structure_id": "Wi_1"}, {"parent_Field": "Fi_2", "parent_Choice_Field": null, "parent_ChoiceGroup": null, "w": 679.9999999999999, "h": 133.33333333333331, "y": 166.66666666666666, "x": 140, "structure_id": "Wi_2"}, {"parent_Field": "Fi_3", "parent_Choice_Field": null, "parent_ChoiceGroup": null, "w": 679.9999999999999, "h": 72.22222222222221, "y": 394.4472222222225, "x": 140, "structure_id": "Wi_3"}, {"parent_Field": "Fi_4", "parent_Choice_Field": null, "parent_ChoiceGroup": null, "w": 679.9999999999999, "h": 38.8916666666666, "y": 561.1166666666668, "x": 140, "structure_id": "Wi_4"}, {"parent_Field": "Fi_5", "parent_Choice_Field": null, "parent_ChoiceGroup": null, "w": 339.99999999999994, "h": 38.891666666666914, "y": 327.77777777777777, "x": 480, "structure_id": "Wi_5"}, {"parent_Field": "Fi_6", "parent_Choice_Field": null, "parent_ChoiceGroup": null, "w": 679.9999999999999, "h": 38.8916666666666, "y": 494.4472222222225, "x": 140, "structure_id": "Wi_6"}, {"parent_Field": "Fi_7", "parent_Choice_Field": null, "parent_ChoiceGroup": null, "w": 340, "h": 38.891666666666914, "y": 327.77777777777777, "x": 140, "structure_id": "Wi_7"}, {"parent_Field": "Fi_8", "parent_Choice_Field": null, "parent_ChoiceGroup": null, "w": 679.9999999999999, "h": 38.891666666666914, "y": 627.7777777777777, "x": 140, "structure_id": "Wi_8"}, {"parent_Field": "Fi_9", "parent_Choice_Field": null, "parent_ChoiceGroup": null, "w": 280, "h": 38.891666666666914, "y": 127.77777777777777, "x": 819.9999999999999, "structure_id": "Wi_9"}, {"parent_Field": "Fi_10", "parent_Choice_Field": null, "parent_ChoiceGroup": null, "w": 240.45000000000002, "h": 33.33055555555562, "y": 200, "x": 859.55, "structure_id": "Wi_10"}, {"parent_Field": "Fi_11", "parent_Choice_Field": null, "parent_ChoiceGroup": null, "w": 280, "h": 38.8916666666666, "y": 261.11666666666684, "x": 819.9999999999999, "structure_id": "Wi_11"}, {"parent_Field": "Fi_12", "parent_Choice_Field": null, "parent_ChoiceGroup": null, "w": 280, "h": 38.8916666666666, "y": 261.11666666666684, "x": 1100, "structure_id": "Wi_12"}, {"parent_Field": "Fi_13", "parent_Choice_Field": null, "parent_ChoiceGroup": null, "w": 560, "h": 72.22222222222221, "y": 527.7777777777777, "x": 819.9999999999999, "structure_id": "Wi_13"}], "TextBlock": [{"parent_Field": null, "parent_Choice_Field": null, "parent_ChoiceGroup": null, "w": 252.77500000000003, "h": 29.15000000000009, "y": 669.0500000000002, "x": 413.6138888888889, "structure_id": "Tb_1"}, {"parent_Field": null, "parent_Choice_Field": null, "parent_ChoiceGroup": null, "w": 218.3665957822459, "h": 311.59722222222143, "y": 341.7638888888891, "x": 1384, "structure_id": "Tb_2"}, {"parent_Field": "Fi_1", "parent_Choice_Field": null, "parent_ChoiceGroup": "Chgp_1", "w": 318.9444444444447, "h": 32.3888888888888, "y": 65.61111111111113, "x": 719.9999999999999, "structure_id": "Tb_3"}, {"parent_Field": null, "parent_Choice_Field": null, "parent_ChoiceGroup": null, "w": 158.8888888888889, "h": 57.02885037469815, "y": 138.66665649414062, "x": 1121.5555555555554, "structure_id": "Tb_4"}, {"parent_Field": "Fi_2", "parent_Choice_Field": null, "parent_ChoiceGroup": null, "w": 666.2345492655029, "h": 46.00555555555559, "y": 103.70555555555572, "x": 145.55555555555554, "structure_id": "Tb_5"}, {"parent_Field": "Fi_3", "parent_Choice_Field": null, "parent_ChoiceGroup": null, "w": 214.64722222222224, "h": 22.67222222222233, "y": 370.3750000000001, "x": 145.55555555555554, "structure_id": "Tb_6"}, {"parent_Field": "Fi_4", "parent_Choice_Field": null, "parent_ChoiceGroup": null, "w": 613.6277777777779, "h": 22.67222222222233, "y": 537.0444444444445, "x": 145.55555555555554, "structure_id": "Tb_7"}, {"parent_Field": null, "parent_Choice_Field": null, "parent_ChoiceGroup": null, "w": 192.14999999999986, "h": 66.66666666666669, "y": 264.9722222222222, "x": 1409.8527777777779, "structure_id": "Tb_8"}, {"parent_Field": null, "parent_Choice_Field": null, "parent_ChoiceGroup": null, "w": 181.5027777777775, "h": 22.672222222222317, "y": 103.70555555555572, "x": 1109.75, "structure_id": "Tb_9"}, {"parent_Field": "Fi_5", "parent_Choice_Field": null, "parent_ChoiceGroup": null, "w": 310.06111111111125, "h": 22.67222222222233, "y": 303.7055555555557, "x": 485.55555555555554, "structure_id": "Tb_10"}, {"parent_Field": null, "parent_Choice_Field": null, "parent_ChoiceGroup": null, "w": 490.602777777778, "h": 22.67222222222233, "y": 618.9833333333335, "x": 854.7027777777777, "structure_id": "Tb_11"}, {"parent_Field": null, "parent_Choice_Field": null, "parent_ChoiceGroup": null, "w": 168.8888888888887, "h": 29.824999999999903, "y": 201.81388888888893, "x": 1115.5555555555557, "structure_id": "Tb_12"}, {"parent_Field": "Fi_6", "parent_Choice_Field": null, "parent_ChoiceGroup": null, "w": 293.16388888888895, "h": 22.67222222222233, "y": 470.37500000000006, "x": 145.55555555555554, "structure_id": "Tb_13"}, {"parent_Field": "Fi_7", "parent_Choice_Field": null, "parent_ChoiceGroup": null, "w": 331.4013888888891, "h": 22.67222222222233, "y": 303.7055555555557, "x": 145.55555555555554, "structure_id": "Tb_14"}, {"parent_Field": "Fi_8", "parent_Choice_Field": null, "parent_ChoiceGroup": null, "w": 296.78055555555557, "h": 22.67222222222233, "y": 603.7055555555557, "x": 145.55555555555554, "structure_id": "Tb_15"}, {"parent_Field": "Fi_9", "parent_Choice_Field": null, "parent_ChoiceGroup": null, "w": 235.44444444444446, "h": 26.11944444444468, "y": 103.25833333333334, "x": 825.5555555555555, "structure_id": "Tb_16"}, {"parent_Field": "Fi_10", "parent_Choice_Field": null, "parent_ChoiceGroup": null, "w": 236.92222222222233, "h": 61.40555555555554, "y": 169.92777777777772, "x": 825.5555555555555, "structure_id": "Tb_17"}, {"parent_Field": "Fi_11", "parent_Choice_Field": null, "parent_ChoiceGroup": null, "w": 232.5333333333332, "h": 26.119444444444724, "y": 236.5972222222221, "x": 825.5555555555555, "structure_id": "Tb_18"}, {"parent_Field": "Fi_12", "parent_Choice_Field": null, "parent_ChoiceGroup": null, "w": 266.8555555555556, "h": 23.197222222222223, "y": 236.5972222222221, "x": 1105.5555555555554, "structure_id": "Tb_19"}, {"parent_Field": "Fi_13", "parent_Choice_Field": null, "parent_ChoiceGroup": null, "w": 10.811111111111131, "h": 23.197222222222194, "y": 503.2583333333333, "x": 825.5555555555555, "structure_id": "Tb_20"}, {"parent_Field": null, "parent_Choice_Field": null, "parent_ChoiceGroup": null, "w": 247.83611111111122, "h": 128.11944444444455, "y": 100.63888888888894, "x": 1352.1666666666665, "structure_id": "Tb_21"}, {"parent_Field": null, "parent_Choice_Field": null, "parent_ChoiceGroup": null, "w": 187.41666666666669, "h": 33.1388888888888, "y": 664.9722222222222, "x": 140, "structure_id": "Tb_22"}, {"parent_Field": null, "parent_Choice_Field": null, "parent_ChoiceGroup": null, "w": 472.49999999999955, "h": 22.67222222222233, "y": 675.9361111111114, "x": 1127.5083333333334, "structure_id": "Tb_23"}, {"parent_Field": null, "parent_Choice_Field": null, "parent_ChoiceGroup": null, "w": 229.6972222222223, "h": 22.67222222222233, "y": 675.9277777777779, "x": 805.1527777777778, "structure_id": "Tb_24"}], "Choice_Field": [], "Field": [{"y": 65.61111111111113, "x": 680, "structure_id": "Fi_1", "w": 358.94444444444457, "h": 32.3888888888888}, {"y": 103.70555555555572, "x": 140, "structure_id": "Fi_2", "w": 679.9999999999999, "h": 196.29444444444428}, {"y": 370.3750000000001, "x": 140, "structure_id": "Fi_3", "w": 679.9999999999999, "h": 96.2944444444446}, {"y": 537.0444444444445, "x": 140, "structure_id": "Fi_4", "w": 679.9999999999999, "h": 62.96388888888896}, {"y": 303.7055555555557, "x": 480, "structure_id": "Fi_5", "w": 340, "h": 62.96388888888902}, {"y": 470.37500000000006, "x": 140, "structure_id": "Fi_6", "w": 679.9999999999999, "h": 62.96388888888902}, {"y": 303.7055555555557, "x": 140, "structure_id": "Fi_7", "w": 340, "h": 62.96388888888902}, {"y": 603.7055555555557, "x": 140, "structure_id": "Fi_8", "w": 679.9999999999999, "h": 62.963888888888846}, {"y": 103.25833333333334, "x": 819.9999999999999, "structure_id": "Fi_9", "w": 280.0000000000001, "h": 63.41111111111134}, {"y": 169.92777777777772, "x": 825.5555555555555, "structure_id": "Fi_10", "w": 274.44444444444446, "h": 63.402777777777914}, {"y": 236.5972222222221, "x": 819.9999999999999, "structure_id": "Fi_11", "w": 280.0000000000001, "h": 63.41111111111135}, {"y": 236.5972222222221, "x": 1100, "structure_id": "Fi_12", "w": 280, "h": 63.41111111111135}, {"y": 503.2583333333333, "x": 819.9999999999999, "structure_id": "Fi_13", "w": 560.0000000000001, "h": 96.74166666666656}], "TextRun": [{"parent_TextBlock": "Tb_1", "text": "(  keep  for  your  records  )", "parent_Field": null, "parent_Choice_Field": null, "parent_ChoiceGroup": null, "w": 252.77500000000003, "h": 29.15000000000009, "y": 669.0500000000002, "x": 413.6138888888889, "structure_id": "Tr_1"}, {"parent_TextBlock": "Tb_2", "text": "This  is  important  tax", "parent_Field": null, "parent_Choice_Field": null, "parent_ChoiceGroup": null, "w": 176.47777777777787, "h": 22.67222222222233, "y": 341.7638888888891, "x": 1423.525, "structure_id": "Tr_2"}, {"parent_TextBlock": "Tb_2", "text": "information  and  is  being", "parent_Field": null, "parent_Choice_Field": null, "parent_ChoiceGroup": null, "w": 209.26111111111118, "h": 22.67222222222233, "y": 363.98888888888905, "x": 1390.7416666666668, "structure_id": "Tr_3"}, {"parent_TextBlock": "Tb_2", "text": "furnished  to  the  Internal", "parent_Field": null, "parent_Choice_Field": null, "parent_ChoiceGroup": null, "w": 206.0138888888887, "h": 22.67222222222233, "y": 386.21388888888896, "x": 1393.9888888888888, "structure_id": "Tr_4"}, {"parent_TextBlock": "Tb_2", "text": "Revenue  Service  .  If you", "parent_Field": null, "parent_Choice_Field": null, "parent_ChoiceGroup": null, "w": 215.83702349137502, "h": 22.67222222222233, "y": 408.4388888888889, "x": 1384, "structure_id": "Tr_5"}, {"parent_TextBlock": "Tb_2", "text": "are  required  to  file  a", "parent_Field": null, "parent_Choice_Field": null, "parent_ChoiceGroup": null, "w": 210.3665957822459, "h": 22.67222222222233, "y": 430.66388888888883, "x": 1392, "structure_id": "Tr_6"}, {"parent_TextBlock": "Tb_2", "text": "return , a negligence", "parent_Field": null, "parent_Choice_Field": null, "parent_ChoiceGroup": null, "w": 184.7824799236596, "h": 22.67222222222233, "y": 449.88888888888874, "x": 1415, "structure_id": "Tr_7"}, {"parent_TextBlock": "Tb_2", "text": "penalty  or  other", "parent_Field": null, "parent_Choice_Field": null, "parent_ChoiceGroup": null, "w": 136.8499999999999, "h": 22.67222222222233, "y": 475.1138888888887, "x": 1463.1527777777778, "structure_id": "Tr_8"}, {"parent_TextBlock": "Tb_2", "text": "sanction  may be", "parent_Field": null, "parent_Choice_Field": null, "parent_ChoiceGroup": null, "w": 206.67788358332336, "h": 22.67222222222233, "y": 497.3388888888886, "x": 1392, "structure_id": "Tr_9"}, {"parent_TextBlock": "Tb_2", "text": "imposed on you if", "parent_Field": null, "parent_Choice_Field": null, "parent_ChoiceGroup": null, "w": 204.0594587214655, "h": 22.67222222222233, "y": 519.5638888888884, "x": 1395, "structure_id": "Tr_10"}, {"parent_TextBlock": "Tb_2", "text": "taxable  income  results", "parent_Field": null, "parent_Choice_Field": null, "parent_ChoiceGroup": null, "w": 195.55277777777746, "h": 22.67222222222233, "y": 541.7888888888886, "x": 1404.4499999999998, "structure_id": "Tr_11"}, {"parent_TextBlock": "Tb_2", "text": "from  this  transaction", "parent_Field": null, "parent_Choice_Field": null, "parent_ChoiceGroup": null, "w": 178.63611111111118, "h": 22.67222222222233, "y": 564.0138888888885, "x": 1421.3666666666663, "structure_id": "Tr_12"}, {"parent_TextBlock": "Tb_2", "text": "and  the  IRS  determines", "parent_Field": null, "parent_Choice_Field": null, "parent_ChoiceGroup": null, "w": 204.22500000000036, "h": 22.67222222222233, "y": 586.2388888888884, "x": 1395.7777777777774, "structure_id": "Tr_13"}, {"parent_TextBlock": "Tb_2", "text": "that  it  has  not  been", "parent_Field": null, "parent_Choice_Field": null, "parent_ChoiceGroup": null, "w": 167.86388888888905, "h": 22.67222222222233, "y": 608.4638888888883, "x": 1432.1388888888887, "structure_id": "Tr_14"}, {"parent_TextBlock": "Tb_2", "text": "reported  .", "parent_Field": null, "parent_Choice_Field": null, "parent_ChoiceGroup": null, "w": 79.586111111111, "h": 22.67222222222233, "y": 630.6888888888882, "x": 1520.4166666666663, "structure_id": "Tr_15"}, {"parent_TextBlock": "Tb_3", "text": "CORRECTED  (  if  checked  )", "parent_Field": "Fi_1", "parent_Choice_Field": null, "parent_ChoiceGroup": "Chgp_1", "w": 318.9444444444447, "h": 32.3888888888888, "y": 65.61111111111113, "x": 719.9999999999999, "structure_id": "Tr_16"}, {"parent_TextBlock": "Tb_4", "text": "2017", "parent_Field": null, "parent_Choice_Field": null, "parent_ChoiceGroup": null, "w": 158.88888888888886, "h": 57.028850374698166, "y": 138.66665649414062, "x": 1121.5555555555554, "structure_id": "Tr_17"}, {"parent_TextBlock": "Tb_5", "text": "CORPORATION'S  name  ,  street  address  ,  city  or  town  ,  state  or  province  ,", "parent_Field": "Fi_2", "parent_Choice_Field": null, "parent_ChoiceGroup": null, "w": 666.2345492655029, "h": 22.672222222222317, "y": 103.70555555555572, "x": 145.55555555555554, "structure_id": "Tr_18"}, {"parent_TextBlock": "Tb_5", "text": "country  ,  ZIP  or  foreign  postal  code  ,  and  telephone  no  .", "parent_Field": "Fi_2", "parent_Choice_Field": null, "parent_ChoiceGroup": null, "w": 469.9916666666668, "h": 22.672222222222317, "y": 127.03888888888899, "x": 145.55555555555554, "structure_id": "Tr_19"}, {"parent_TextBlock": "Tb_6", "text": "SHAREHOLDER'S  name", "parent_Field": "Fi_3", "parent_Choice_Field": null, "parent_ChoiceGroup": null, "w": 214.64722222222224, "h": 22.67222222222233, "y": 370.3750000000001, "x": 145.55555555555554, "structure_id": "Tr_20"}, {"parent_TextBlock": "Tb_7", "text": "City  or  town  ,  state  or  province  ,  country  ,  and  ZIP  or  foreign  postal  code", "parent_Field": "Fi_4", "parent_Choice_Field": null, "parent_ChoiceGroup": null, "w": 613.6277777777779, "h": 22.67222222222233, "y": 537.0444444444445, "x": 145.55555555555554, "structure_id": "Tr_21"}, {"parent_TextBlock": "Tb_8", "text": "Copy  B", "parent_Field": null, "parent_Choice_Field": null, "parent_ChoiceGroup": null, "w": 96.22222222222217, "h": 33.138888888888744, "y": 264.9722222222222, "x": 1503.7777777777778, "structure_id": "Tr_22"}, {"parent_TextBlock": "Tb_8", "text": "For  Shareholder", "parent_Field": null, "parent_Choice_Field": null, "parent_ChoiceGroup": null, "w": 192.14999999999986, "h": 29.824999999999932, "y": 301.8138888888889, "x": 1409.8527777777779, "structure_id": "Tr_23"}, {"parent_TextBlock": "Tb_9", "text": "OMB  No  .  1545  -  1814", "parent_Field": null, "parent_Choice_Field": null, "parent_ChoiceGroup": null, "w": 180.5027777777775, "h": 22.672222222222317, "y": 103.70555555555572, "x": 1109.75, "structure_id": "Tr_24"}, {"parent_TextBlock": "Tb_10", "text": "SHAREHOLDER'S  identification  no  .", "parent_Field": "Fi_5", "parent_Choice_Field": null, "parent_ChoiceGroup": null, "w": 310.06111111111125, "h": 22.67222222222233, "y": 303.7055555555557, "x": 485.55555555555554, "structure_id": "Tr_25"}, {"parent_TextBlock": "Tb_11", "text": "*  You  cannot  claim  a  loss  based  on  the  amount  in  box  2  .", "parent_Field": null, "parent_Choice_Field": null, "parent_ChoiceGroup": null, "w": 490.602777777778, "h": 22.67222222222233, "y": 618.9833333333335, "x": 854.7027777777777, "structure_id": "Tr_26"}, {"parent_TextBlock": "Tb_12", "text": "1099  -  CAP", "parent_Field": null, "parent_Choice_Field": null, "parent_ChoiceGroup": null, "w": 118.09999999999991, "h": 29.824999999999903, "y": 201.81388888888893, "x": 1166.3444444444444, "structure_id": "Tr_27"}, {"parent_TextBlock": "Tb_12", "text": "Form", "parent_Field": null, "parent_Choice_Field": null, "parent_ChoiceGroup": null, "w": 45.38333333333344, "h": 22.67222222222233, "y": 207.6777777777778, "x": 1115.5555555555557, "structure_id": "Tr_28"}, {"parent_TextBlock": "Tb_13", "text": "Street  address  (  including  apt  .  no  .  )", "parent_Field": "Fi_6", "parent_Choice_Field": null, "parent_ChoiceGroup": null, "w": 293.16388888888895, "h": 22.67222222222233, "y": 470.37500000000006, "x": 145.55555555555554, "structure_id": "Tr_29"}, {"parent_TextBlock": "Tb_14", "text": "CORPORATION'S  federal  identification  no  .", "parent_Field": "Fi_7", "parent_Choice_Field": null, "parent_ChoiceGroup": null, "w": 331.4013888888891, "h": 22.67222222222233, "y": 303.7055555555557, "x": 145.55555555555554, "structure_id": "Tr_30"}, {"parent_TextBlock": "Tb_15", "text": "Account  number  (  see  instructions  )", "parent_Field": "Fi_8", "parent_Choice_Field": null, "parent_ChoiceGroup": null, "w": 296.78055555555557, "h": 22.67222222222233, "y": 603.7055555555557, "x": 145.55555555555554, "structure_id": "Tr_31"}, {"parent_TextBlock": "Tb_16", "text": "1", "parent_Field": "Fi_9", "parent_Choice_Field": null, "parent_ChoiceGroup": null, "w": 10.811111111111131, "h": 23.197222222222223, "y": 103.25833333333334, "x": 825.5555555555555, "structure_id": "Tr_32"}, {"parent_TextBlock": "Tb_16", "text": "Date of sale or exchange", "parent_Field": "Fi_9", "parent_Choice_Field": null, "parent_ChoiceGroup": null, "w": 216.41666666666663, "h": 22.672222222222302, "y": 106.70555555555572, "x": 844.5833333333334, "structure_id": "Tr_33"}, {"parent_TextBlock": "Tb_17", "text": "2", "parent_Field": "Fi_10", "parent_Choice_Field": null, "parent_ChoiceGroup": null, "w": 10.811111111111131, "h": 23.197222222222223, "y": 169.92777777777772, "x": 825.5555555555555, "structure_id": "Tr_34"}, {"parent_TextBlock": "Tb_17", "text": "Aggregate  amount rec'd *", "parent_Field": "Fi_10", "parent_Choice_Field": null, "parent_ChoiceGroup": null, "w": 217.8944444444445, "h": 22.672222222222302, "y": 170.37500000000009, "x": 844.5833333333334, "structure_id": "Tr_35"}, {"parent_TextBlock": "Tb_17", "text": "$", "parent_Field": "Fi_10", "parent_Choice_Field": null, "parent_ChoiceGroup": null, "w": 15.444444444444457, "h": 32.3888888888888, "y": 198.94444444444446, "x": 831.1111111111111, "structure_id": "Tr_36"}, {"parent_TextBlock": "Tb_18", "text": "3", "parent_Field": "Fi_11", "parent_Choice_Field": null, "parent_ChoiceGroup": null, "w": 10.811111111111131, "h": 23.197222222222223, "y": 236.5972222222221, "x": 825.5555555555555, "structure_id": "Tr_37"}, {"parent_TextBlock": "Tb_18", "text": "No . of shares exchanged", "parent_Field": "Fi_11", "parent_Choice_Field": null, "parent_ChoiceGroup": null, "w": 217.50555555555536, "h": 22.67222222222233, "y": 240.04444444444448, "x": 840.5833333333334, "structure_id": "Tr_38"}, {"parent_TextBlock": "Tb_19", "text": "4", "parent_Field": "Fi_12", "parent_Choice_Field": null, "parent_ChoiceGroup": null, "w": 10.811111111111131, "h": 23.197222222222223, "y": 236.5972222222221, "x": 1105.5555555555554, "structure_id": "Tr_39"}, {"parent_TextBlock": "Tb_19", "text": "Classes  of  stock  exchanged", "parent_Field": "Fi_12", "parent_Choice_Field": null, "parent_ChoiceGroup": null, "w": 245.23333333333335, "h": 22.67222222222233, "y": 237.04444444444448, "x": 1127.1777777777777, "structure_id": "Tr_40"}, {"parent_TextBlock": "Tb_20", "text": "5", "parent_Field": "Fi_13", "parent_Choice_Field": null, "parent_ChoiceGroup": null, "w": 10.8111111111111, "h": 23.19722222222222, "y": 503.2583333333333, "x": 825.5555555555555, "structure_id": "Tr_41"}, {"parent_TextBlock": "Tb_21", "text": "Changes  in", "parent_Field": null, "parent_Choice_Field": null, "parent_ChoiceGroup": null, "w": 163.5333333333333, "h": 36.452777777777925, "y": 100.63888888888894, "x": 1436.4694444444444, "structure_id": "Tr_42"}, {"parent_TextBlock": "Tb_21", "text": "Corporate", "parent_Field": null, "parent_Choice_Field": null, "parent_ChoiceGroup": null, "w": 148.25555555555547, "h": 36.452777777777925, "y": 131.19444444444449, "x": 1451.7472222222223, "structure_id": "Tr_43"}, {"parent_TextBlock": "Tb_21", "text": "Control  and", "parent_Field": null, "parent_Choice_Field": null, "parent_ChoiceGroup": null, "w": 171.4472222222223, "h": 36.4527777777779, "y": 161.75000000000006, "x": 1428.5555555555554, "structure_id": "Tr_44"}, {"parent_TextBlock": "Tb_21", "text": "Capital  Structure", "parent_Field": null, "parent_Choice_Field": null, "parent_ChoiceGroup": null, "w": 247.83611111111122, "h": 36.4527777777779, "y": 192.3055555555556, "x": 1352.1666666666665, "structure_id": "Tr_45"}, {"parent_TextBlock": "Tb_22", "text": "1099  -  CAP", "parent_Field": null, "parent_Choice_Field": null, "parent_ChoiceGroup": null, "w": 131.22222222222226, "h": 33.1388888888888, "y": 664.9722222222222, "x": 196.19444444444443, "structure_id": "Tr_46"}, {"parent_TextBlock": "Tb_22", "text": "Form", "parent_Field": null, "parent_Choice_Field": null, "parent_ChoiceGroup": null, "w": 45.383333333333326, "h": 22.67222222222233, "y": 673.5444444444444, "x": 140, "structure_id": "Tr_47"}, {"parent_TextBlock": "Tb_23", "text": "Department  of  the  Treasury  -  Internal  Revenue  Service", "parent_Field": null, "parent_Choice_Field": null, "parent_ChoiceGroup": null, "w": 472.49999999999955, "h": 22.67222222222233, "y": 675.9361111111114, "x": 1127.5083333333334, "structure_id": "Tr_48"}, {"parent_TextBlock": "Tb_24", "text": "www.irs.gov  /  form1099cap", "parent_Field": null, "parent_Choice_Field": null, "parent_ChoiceGroup": null, "w": 229.6972222222223, "h": 22.67222222222233, "y": 675.9277777777779, "x": 805.1527777777778, "structure_id": "Tr_49"}], "ChoiceGroup": [{"y": 63.666656494140625, "x": 676, "structure_id": "Chgp_1", "w": 367, "h": 35}]}