{"Widget": [{"parent_Field": "Fi_1", "parent_Choice_Field": null, "parent_ChoiceGroup": null, "w": 679.9999999999999, "h": 72.22222222222221, "y": 627.7777777777777, "x": 140, "structure_id": "Wi_1"}, {"parent_Field": "Fi_2", "parent_Choice_Field": null, "parent_ChoiceGroup": null, "w": 360.00000000000006, "h": 105.55277777777783, "y": 127.77777777777777, "x": 819.9999999999999, "structure_id": "Wi_2"}, {"parent_Field": "Fi_3", "parent_Choice_Field": null, "parent_ChoiceGroup": null, "w": 679.9999999999999, "h": 72.22222222222221, "y": 727.7777777777777, "x": 140, "structure_id": "Wi_3"}, {"parent_Field": "Fi_4", "parent_Choice_Field": null, "parent_ChoiceGroup": null, "w": 239.99999999999991, "h": 33.33055555555562, "y": 400, "x": 860, "structure_id": "Wi_4"}, {"parent_Field": "Fi_5", "parent_Choice_Field": null, "parent_ChoiceGroup": null, "w": 200, "h": 33.33055555555562, "y": 966.6694444444444, "x": 620, "structure_id": "Wi_5"}, {"parent_Field": "Fi_5", "parent_Choice_Field": null, "parent_ChoiceGroup": null, "w": 200, "h": 33.33055555555562, "y": 1000, "x": 620, "structure_id": "Wi_6"}, {"parent_Field": "Fi_6", "parent_Choice_Field": null, "parent_ChoiceGroup": null, "w": 679.9999999999999, "h": 72.22222222222221, "y": 527.7777777777777, "x": 140, "structure_id": "Wi_7"}, {"parent_Field": "Fi_7", "parent_Choice_Field": null, "parent_ChoiceGroup": null, "w": 239.99999999999991, "h": 33.33055555555562, "y": 633.3305555555556, "x": 860, "structure_id": "Wi_8"}, {"parent_Field": "Fi_8", "parent_Choice_Field": null, "parent_ChoiceGroup": null, "w": 479.99999999999994, "h": 38.89166666666676, "y": 894.4472222222221, "x": 140, "structure_id": "Wi_9"}, {"parent_Field": "Fi_9", "parent_Choice_Field": null, "parent_ChoiceGroup": null, "w": 319.99999999999994, "h": 105.55277777777783, "y": 394.44722222222214, "x": 500, "structure_id": "Wi_10"}, {"parent_Field": "Fi_10", "parent_Choice_Field": null, "parent_ChoiceGroup": null, "w": 359.99999999999994, "h": 105.55277777777783, "y": 394.44722222222214, "x": 140, "structure_id": "Wi_11"}, {"parent_Field": "Fi_11", "parent_Choice_Field": null, "parent_ChoiceGroup": null, "w": 280, "h": 38.8916666666666, "y": 327.77777777777777, "x": 819.9999999999999, "structure_id": "Wi_12"}, {"parent_Field": "Fi_12", "parent_Choice_Field": null, "parent_ChoiceGroup": null, "w": 679.9999999999999, "h": 216.65277777777777, "y": 150.0166666666666, "x": 140, "structure_id": "Wi_13"}, {"parent_Field": "Fi_13", "parent_Choice_Field": null, "parent_ChoiceGroup": null, "w": 240.00000000000009, "h": 33.33055555555562, "y": 1000, "x": 1140, "structure_id": "Wi_14"}, {"parent_Field": "Fi_14", "parent_Choice_Field": null, "parent_ChoiceGroup": null, "w": 280, "h": 38.8916666666666, "y": 327.77777777777777, "x": 1100, "structure_id": "Wi_15"}, {"parent_Field": "Fi_15", "parent_Choice_Field": null, "parent_ChoiceGroup": null, "w": 780, "h": 38.8916666666666, "y": 261.1083333333334, "x": 819.9999999999999, "structure_id": "Wi_16"}, {"parent_Field": "Fi_16", "parent_Choice_Field": null, "parent_ChoiceGroup": null, "w": 240.00000000000009, "h": 33.33055555555546, "y": 833.3305555555556, "x": 1140, "structure_id": "Wi_17"}, {"parent_Field": "Fi_17", "parent_Choice_Field": null, "parent_ChoiceGroup": null, "w": 560, "h": 38.8916666666666, "y": 827.7777777777777, "x": 140, "structure_id": "Wi_18"}, {"parent_Field": "Fi_18", "parent_Choice_Field": null, "parent_ChoiceGroup": null, "w": 240.00000000000009, "h": 33.33055555555562, "y": 400, "x": 1140, "structure_id": "Wi_19"}, {"parent_Field": "Fi_19", "parent_Choice_Field": null, "parent_ChoiceGroup": null, "w": 239.99999999999991, "h": 33.33055555555562, "y": 466.66944444444437, "x": 860, "structure_id": "Wi_20"}, {"parent_Field": "Fi_20", "parent_Choice_Field": null, "parent_ChoiceGroup": null, "w": 240.00000000000009, "h": 33.33055555555562, "y": 466.66944444444437, "x": 1140, "structure_id": "Wi_21"}, {"parent_Field": "Fi_21", "parent_Choice_Field": null, "parent_ChoiceGroup": null, "w": 239.99999999999991, "h": 33.33055555555546, "y": 833.3305555555556, "x": 860, "structure_id": "Wi_22"}, {"parent_Field": "Fi_22", "parent_Choice_Field": null, "parent_ChoiceGroup": null, "w": 239.99999999999991, "h": 33.33055555555546, "y": 933.3305555555556, "x": 860, "structure_id": "Wi_23"}, {"parent_Field": "Fi_23", "parent_Choice_Field": null, "parent_ChoiceGroup": null, "w": 240.00000000000009, "h": 33.33055555555546, "y": 933.3305555555556, "x": 1140, "structure_id": "Wi_24"}, {"parent_Field": "Fi_24", "parent_Choice_Field": null, "parent_ChoiceGroup": null, "w": 219.99999999999997, "h": 33.33055555555562, "y": 966.6694444444444, "x": 140, "structure_id": "Wi_25"}, {"parent_Field": "Fi_24", "parent_Choice_Field": null, "parent_ChoiceGroup": null, "w": 219.99999999999997, "h": 33.33055555555562, "y": 1000, "x": 140, "structure_id": "Wi_26"}, {"parent_Field": "Fi_25", "parent_Choice_Field": null, "parent_ChoiceGroup": null, "w": 220.00000000000003, "h": 33.33055555555562, "y": 966.6694444444444, "x": 359.99999999999994, "structure_id": "Wi_27"}, {"parent_Field": "Fi_25", "parent_Choice_Field": null, "parent_ChoiceGroup": null, "w": 220.00000000000003, "h": 33.33055555555562, "y": 1000, "x": 359.99999999999994, "structure_id": "Wi_28"}, {"parent_Field": null, "parent_Choice_Field": "Chf_1", "parent_ChoiceGroup": "Chgp_1", "w": 27.77777777777778, "h": 27.77777777777778, "y": 68.05555555555556, "x": 520, "structure_id": "Wi_29"}, {"parent_Field": null, "parent_Choice_Field": "Chf_2", "parent_ChoiceGroup": "Chgp_1", "w": 27.77777777777778, "h": 27.77777777777778, "y": 68.05555555555556, "x": 680, "structure_id": "Wi_30"}, {"parent_Field": "Fi_26", "parent_Choice_Field": null, "parent_ChoiceGroup": "Chgp_2", "w": 22.22222222222222, "h": 22.22222222222222, "y": 505.5527777777778, "x": 1060, "structure_id": "Wi_31"}, {"parent_Field": "Fi_27", "parent_Choice_Field": null, "parent_ChoiceGroup": "Chgp_2", "w": 22.22222222222222, "h": 22.22222222222222, "y": 538.8833333333334, "x": 1060, "structure_id": "Wi_32"}, {"parent_Field": "Fi_28", "parent_Choice_Field": null, "parent_ChoiceGroup": "Chgp_2", "w": 22.22222222222222, "h": 22.22222222222222, "y": 572.2222222222222, "x": 1060, "structure_id": "Wi_33"}, {"parent_Field": null, "parent_Choice_Field": "Chf_3", "parent_ChoiceGroup": "Chgp_3", "w": 22.22222222222222, "h": 22.22222222222222, "y": 572.2222222222222, "x": 1325.5527777777777, "structure_id": "Wi_34"}, {"parent_Field": null, "parent_Choice_Field": "Chf_4", "parent_ChoiceGroup": "Chgp_4", "w": 22.22222222222222, "h": 22.22222222222222, "y": 638.8833333333334, "x": 1325.5527777777777, "structure_id": "Wi_35"}, {"parent_Field": "Fi_29", "parent_Choice_Field": null, "parent_ChoiceGroup": "Chgp_5", "w": 22.22222222222222, "h": 22.22222222222222, "y": 705.5527777777778, "x": 1060, "structure_id": "Wi_36"}, {"parent_Field": "Fi_30", "parent_Choice_Field": null, "parent_ChoiceGroup": "Chgp_5", "w": 22.22222222222222, "h": 22.22222222222222, "y": 738.8833333333334, "x": 1060, "structure_id": "Wi_37"}, {"parent_Field": null, "parent_Choice_Field": "Chf_5", "parent_ChoiceGroup": "Chgp_6", "w": 22.22222222222222, "h": 22.22222222222222, "y": 738.8833333333334, "x": 1325.5527777777777, "structure_id": "Wi_38"}, {"parent_Field": null, "parent_Choice_Field": "Chf_6", "parent_ChoiceGroup": "Chgp_7", "w": 22.22222222222222, "h": 22.22222222222222, "y": 838.8833333333333, "x": 745.5527777777778, "structure_id": "Wi_39"}, {"parent_Field": null, "parent_Choice_Field": "Chf_7", "parent_ChoiceGroup": "Chgp_8", "w": 22.22222222222222, "h": 22.22222222222222, "y": 905.5527777777778, "x": 765.5527777777777, "structure_id": "Wi_40"}, {"parent_Field": null, "parent_Choice_Field": "Chf_8", "parent_ChoiceGroup": "Chgp_9", "w": 22.22222222222222, "h": 22.22222222222222, "y": 1005.5527777777778, "x": 1045.5527777777777, "structure_id": "Wi_41"}], "TextBlock": [{"parent_Field": null, "parent_Choice_Field": null, "parent_ChoiceGroup": null, "w": 208.81388888888898, "h": 22.672222222222217, "y": 1042.5888888888887, "x": 865.5944444444443, "structure_id": "Tb_1"}, {"parent_Field": null, "parent_Choice_Field": null, "parent_ChoiceGroup": null, "w": 143.42777777777775, "h": 33.138888888888914, "y": 1034.411111111111, "x": 140, "structure_id": "Tb_2"}, {"parent_Field": "Fi_1", "parent_Choice_Field": null, "parent_ChoiceGroup": null, "w": 293.1638888888889, "h": 22.67222222222233, "y": 603.7055555555557, "x": 151.11111111111111, "structure_id": "Tb_3"}, {"parent_Field": "Fi_2", "parent_Choice_Field": null, "parent_ChoiceGroup": null, "w": 312.84166666666727, "h": 22.672222222222317, "y": 103.70555555555572, "x": 833.8888888888888, "structure_id": "Tb_4"}, {"parent_Field": "Fi_3", "parent_Choice_Field": null, "parent_ChoiceGroup": null, "w": 613.6277777777779, "h": 22.67222222222233, "y": 703.7055555555557, "x": 151.11111111111111, "structure_id": "Tb_5"}, {"parent_Field": "Fi_4", "parent_Choice_Field": null, "parent_ChoiceGroup": null, "w": 119.24444444444441, "h": 61.40277777777783, "y": 369.9277777777777, "x": 825.5555555555555, "structure_id": "Tb_6"}, {"parent_Field": "Fi_5", "parent_Choice_Field": null, "parent_ChoiceGroup": null, "w": 184.70833333333337, "h": 94.74166666666656, "y": 936.588888888889, "x": 585.5555555555555, "structure_id": "Tb_7"}, {"parent_Field": "Fi_6", "parent_Choice_Field": null, "parent_ChoiceGroup": null, "w": 170.68333333333337, "h": 22.672222222222274, "y": 503.7055555555557, "x": 151.11111111111111, "structure_id": "Tb_8"}, {"parent_Field": null, "parent_Choice_Field": null, "parent_ChoiceGroup": null, "w": 180.5027777777775, "h": 128.9611111111109, "y": 102.48055555555564, "x": 1189.75, "structure_id": "Tb_9"}, {"parent_Field": "Fi_7", "parent_Choice_Field": null, "parent_ChoiceGroup": null, "w": 261.14672222222214, "h": 61.40277777777783, "y": 603.2583333333333, "x": 825.5555555555555, "structure_id": "Tb_10"}, {"parent_Field": null, "parent_Choice_Field": null, "parent_ChoiceGroup": null, "w": 212, "h": 253.16386854383722, "y": 650.6666870117188, "x": 1391.3333129882812, "structure_id": "Tb_11"}, {"parent_Field": "Fi_8", "parent_Choice_Field": null, "parent_ChoiceGroup": null, "w": 130.37500000000003, "h": 22.672222222222103, "y": 870.3750000000001, "x": 151.11111111111111, "structure_id": "Tb_12"}, {"parent_Field": "Fi_9", "parent_Choice_Field": null, "parent_ChoiceGroup": null, "w": 301.71277777777766, "h": 22.67222222222233, "y": 370.3750000000001, "x": 505.8888888888889, "structure_id": "Tb_13"}, {"parent_Field": null, "parent_Choice_Field": null, "parent_ChoiceGroup": null, "w": 114.85000000000014, "h": 69.43888888888904, "y": 364.9722222222222, "x": 1485.1527777777776, "structure_id": "Tb_14"}, {"parent_Field": "Fi_10", "parent_Choice_Field": null, "parent_ChoiceGroup": null, "w": 334.1916666666666, "h": 22.67222222222233, "y": 370.3750000000001, "x": 151.11111111111111, "structure_id": "Tb_15"}, {"parent_Field": "Fi_11", "parent_Choice_Field": null, "parent_ChoiceGroup": null, "w": 150.18888888888887, "h": 23.197222222222194, "y": 303.2583333333333, "x": 833.8888888888888, "structure_id": "Tb_16"}, {"parent_Field": "Fi_12", "parent_Choice_Field": null, "parent_ChoiceGroup": null, "w": 663.5027777777777, "h": 45.11666666666676, "y": 103.70555555555572, "x": 144.11111111111111, "structure_id": "Tb_17"}, {"parent_Field": "Fi_13", "parent_Choice_Field": null, "parent_ChoiceGroup": null, "w": 112.0, "h": 61.402777777777715, "y": 969.9277777777778, "x": 1105.5555555555554, "structure_id": "Tb_18"}, {"parent_Field": "Fi_14", "parent_Choice_Field": null, "parent_ChoiceGroup": null, "w": 216.0194444444444, "h": 23.197222222222194, "y": 303.2583333333333, "x": 1113.888888888889, "structure_id": "Tb_19"}, {"parent_Field": "Fi_15", "parent_Choice_Field": null, "parent_ChoiceGroup": null, "w": 531.0666666666667, "h": 26.4444444444444, "y": 236.24166666666673, "x": 833.8888888888888, "structure_id": "Tb_20"}, {"parent_Field": "Fi_16", "parent_Choice_Field": null, "parent_ChoiceGroup": null, "w": 261.5378333333333, "h": 98.28611111111081, "y": 766.3750000000001, "x": 1105.5555555555554, "structure_id": "Tb_21"}, {"parent_Field": "Fi_17", "parent_Choice_Field": null, "parent_ChoiceGroup": null, "w": 296.78055555555557, "h": 22.672222222222217, "y": 803.7055555555555, "x": 151.11111111111111, "structure_id": "Tb_22"}, {"parent_Field": null, "parent_Choice_Field": null, "parent_ChoiceGroup": null, "w": 213.16111111111127, "h": 111.44068957183714, "y": 107, "x": 1389.8416666666665, "structure_id": "Tb_23"}, {"parent_Field": "Fi_18", "parent_Choice_Field": null, "parent_ChoiceGroup": null, "w": 206.7638888888889, "h": 61.40277777777783, "y": 369.9277777777777, "x": 1105.5555555555554, "structure_id": "Tb_24"}, {"parent_Field": "Fi_19", "parent_Choice_Field": null, "parent_ChoiceGroup": null, "w": 250.06388888888898, "h": 61.41111111111127, "y": 436.5888888888886, "x": 825.5555555555555, "structure_id": "Tb_25"}, {"parent_Field": "Fi_20", "parent_Choice_Field": null, "parent_ChoiceGroup": null, "w": 263.98888888888905, "h": 61.41111111111127, "y": 436.5888888888886, "x": 1105.5555555555554, "structure_id": "Tb_26"}, {"parent_Field": "Fi_21", "parent_Choice_Field": null, "parent_ChoiceGroup": null, "w": 270.7777574327257, "h": 97.99442409939218, "y": 766.6666870117188, "x": 825.5555555555555, "structure_id": "Tb_27"}, {"parent_Field": "Fi_22", "parent_Choice_Field": null, "parent_ChoiceGroup": null, "w": 254.3073333333333, "h": 94.73333333333312, "y": 869.9277777777778, "x": 825.5555555555555, "structure_id": "Tb_28"}, {"parent_Field": "Fi_23", "parent_Choice_Field": null, "parent_ChoiceGroup": null, "w": 242.65277777777783, "h": 99.2861111111107, "y": 865.3750000000002, "x": 1105.5555555555554, "structure_id": "Tb_29"}, {"parent_Field": "Fi_24", "parent_Choice_Field": null, "parent_ChoiceGroup": null, "w": 119.85277777777776, "h": 24.119444444444298, "y": 936.588888888889, "x": 145.55555555555554, "structure_id": "Tb_30"}, {"parent_Field": "Fi_25", "parent_Choice_Field": null, "parent_ChoiceGroup": null, "w": 203.4954444444445, "h": 23.75, "y": 936.0361111111112, "x": 365.55555555555554, "structure_id": "Tb_31"}, {"parent_Field": null, "parent_Choice_Field": "Chf_1", "parent_ChoiceGroup": "Chgp_1", "w": 64.83333333333337, "h": 32.3888888888888, "y": 62.83333333333334, "x": 562.6083333333332, "structure_id": "Tb_32"}, {"parent_Field": null, "parent_Choice_Field": "Chf_2", "parent_ChoiceGroup": "Chgp_1", "w": 168.72222222222217, "h": 32.3888888888888, "y": 62.83333333333334, "x": 723.575, "structure_id": "Tb_33"}, {"parent_Field": null, "parent_Choice_Field": null, "parent_ChoiceGroup": "Chgp_2", "w": 10.8111111111111, "h": 23.19722222222222, "y": 503.2583333333333, "x": 833.8888888888888, "structure_id": "Tb_34"}, {"parent_Field": "Fi_26", "parent_Choice_Field": null, "parent_ChoiceGroup": "Chgp_2", "w": 191.8746666666666, "h": 22.672222222222274, "y": 506.48055555555544, "x": 860, "structure_id": "Tb_35"}, {"parent_Field": "Fi_27", "parent_Choice_Field": null, "parent_ChoiceGroup": "Chgp_2", "w": 196.64166666666665, "h": 22.67222222222233, "y": 539.811111111111, "x": 860, "structure_id": "Tb_36"}, {"parent_Field": "Fi_28", "parent_Choice_Field": null, "parent_ChoiceGroup": "Chgp_2", "w": 74.55000000000007, "h": 22.67222222222233, "y": 573.1500000000001, "x": 860, "structure_id": "Tb_37"}, {"parent_Field": null, "parent_Choice_Field": "Chf_3", "parent_ChoiceGroup": "Chgp_3", "w": 258.2849810953628, "h": 23.197222222222194, "y": 503.2583333333333, "x": 1113.888888888889, "structure_id": "Tb_38"}, {"parent_Field": null, "parent_Choice_Field": "Chf_4", "parent_ChoiceGroup": "Chgp_4", "w": 193.32777777777756, "h": 45.34444444444466, "y": 603.2583333333333, "x": 1113.888888888889, "structure_id": "Tb_39"}, {"parent_Field": null, "parent_Choice_Field": null, "parent_ChoiceGroup": "Chgp_5", "w": 167.10555555555572, "h": 23.197222222222194, "y": 669.9277777777777, "x": 833.8888888888888, "structure_id": "Tb_40"}, {"parent_Field": "Fi_29", "parent_Choice_Field": null, "parent_ChoiceGroup": "Chgp_5", "w": 138.98888888888894, "h": 22.67222222222233, "y": 706.4805555555555, "x": 860, "structure_id": "Tb_41"}, {"parent_Field": "Fi_30", "parent_Choice_Field": null, "parent_ChoiceGroup": "Chgp_5", "w": 117.75555555555559, "h": 22.67222222222233, "y": 739.811111111111, "x": 860, "structure_id": "Tb_42"}, {"parent_Field": null, "parent_Choice_Field": "Chf_5", "parent_ChoiceGroup": "Chgp_6", "w": 261.44442409939234, "h": 48.0, "y": 669.6666870117188, "x": 1113.888888888889, "structure_id": "Tb_43"}, {"parent_Field": null, "parent_Choice_Field": "Chf_6", "parent_ChoiceGroup": "Chgp_7", "w": 107.70277777777767, "h": 22.672222222222217, "y": 803.7055555555555, "x": 706.15, "structure_id": "Tb_44"}, {"parent_Field": null, "parent_Choice_Field": "Chf_7", "parent_ChoiceGroup": "Chgp_8", "w": 114.6444444444445, "h": 49.11666666666645, "y": 870.3750000000001, "x": 626.8888888888888, "structure_id": "Tb_45"}, {"parent_Field": null, "parent_Choice_Field": "Chf_8", "parent_ChoiceGroup": "Chgp_9", "w": 236.26944444444428, "h": 46.563888888888755, "y": 969.9277777777778, "x": 825.5555555555555, "structure_id": "Tb_46"}, {"parent_Field": null, "parent_Choice_Field": null, "parent_ChoiceGroup": null, "w": 472.49999999999955, "h": 22.672222222222217, "y": 1042.5888888888887, "x": 1127.5083333333334, "structure_id": "Tb_47"}], "Choice_Field": [{"y": 62.83333333333334, "x": 520, "structure_id": "Chf_1", "w": 107.4416666666666, "h": 33}, {"y": 62.83333333333334, "x": 680, "structure_id": "Chf_2", "w": 212.29722222222222, "h": 33}, {"y": 503.2583333333333, "x": 1113.888888888889, "structure_id": "Chf_3", "w": 258.2849810953628, "h": 91.18611111111102}, {"y": 603.2583333333333, "x": 1113.888888888889, "structure_id": "Chf_4", "w": 233.88611111111095, "h": 57.847222222222285}, {"y": 665.6666586024261, "x": 1113.888888888889, "structure_id": "Chf_5", "w": 260.4444195037829, "h": 95.43889695312953}, {"y": 803.7055555555555, "x": 706.15, "structure_id": "Chf_6", "w": 107.70277777777767, "h": 57.39999999999998}, {"y": 870.3750000000001, "x": 626.8888888888888, "structure_id": "Chf_7", "w": 160.88611111111106, "h": 57.399999999999864}, {"y": 969.9277777777778, "x": 825.5555555555555, "structure_id": "Chf_8", "w": 242.21944444444432, "h": 57.847222222222285}], "Field": [{"y": 603.7055555555557, "x": 140, "structure_id": "Fi_1", "w": 679.9999999999999, "h": 96.29444444444414}, {"y": 103.70555555555572, "x": 819.9999999999999, "structure_id": "Fi_2", "w": 360.0000000000001, "h": 129.6249999999999}, {"y": 703.7055555555557, "x": 140, "structure_id": "Fi_3", "w": 679.9999999999999, "h": 96.29444444444414}, {"y": 369.9277777777777, "x": 825.5555555555555, "structure_id": "Fi_4", "w": 274.44444444444446, "h": 63.40277777777794}, {"y": 936.588888888889, "x": 585.5555555555555, "structure_id": "Fi_5", "w": 234.44444444444446, "h": 96.74166666666656}, {"y": 503.7055555555557, "x": 140, "structure_id": "Fi_6", "w": 679.9999999999999, "h": 96.2944444444442}, {"y": 603.2583333333333, "x": 825.5555555555555, "structure_id": "Fi_7", "w": 274.44444444444446, "h": 63.40277777777794}, {"y": 870.3750000000001, "x": 140, "structure_id": "Fi_8", "w": 480, "h": 62.96388888888873}, {"y": 370.3750000000001, "x": 500, "structure_id": "Fi_9", "w": 320, "h": 129.6249999999999}, {"y": 370.3750000000001, "x": 140, "structure_id": "Fi_10", "w": 359.99999999999994, "h": 129.6249999999999}, {"y": 303.2583333333333, "x": 819.9999999999999, "structure_id": "Fi_11", "w": 280.0000000000001, "h": 63.41111111111104}, {"y": 103.70555555555572, "x": 140, "structure_id": "Fi_12", "w": 679.9999999999999, "h": 262.9638888888886}, {"y": 969.9277777777778, "x": 1105.5555555555554, "structure_id": "Fi_13", "w": 274.44444444444457, "h": 63.402777777777715}, {"y": 303.2583333333333, "x": 1100, "structure_id": "Fi_14", "w": 280, "h": 63.41111111111104}, {"y": 236.24166666666673, "x": 819.9999999999999, "structure_id": "Fi_15", "w": 780.0000000000001, "h": 63.75833333333327}, {"y": 766.3750000000001, "x": 1105.5555555555554, "structure_id": "Fi_16", "w": 274.44444444444457, "h": 100.28611111111093}, {"y": 803.7055555555555, "x": 140, "structure_id": "Fi_17", "w": 560, "h": 62.963888888888846}, {"y": 369.9277777777777, "x": 1105.5555555555554, "structure_id": "Fi_18", "w": 274.44444444444457, "h": 63.40277777777794}, {"y": 436.5888888888886, "x": 825.5555555555555, "structure_id": "Fi_19", "w": 274.44444444444446, "h": 63.41111111111138}, {"y": 436.5888888888886, "x": 1105.5555555555554, "structure_id": "Fi_20", "w": 274.44444444444457, "h": 63.41111111111138}, {"y": 766.6666870117188, "x": 825.5555555555555, "structure_id": "Fi_21", "w": 274.44444444444446, "h": 99.99442409939229}, {"y": 869.9277777777778, "x": 825.5555555555555, "structure_id": "Fi_22", "w": 274.44444444444446, "h": 96.73333333333323}, {"y": 865.3750000000002, "x": 1105.5555555555554, "structure_id": "Fi_23", "w": 274.44444444444457, "h": 101.28611111111081}, {"y": 936.588888888889, "x": 140, "structure_id": "Fi_24", "w": 220, "h": 96.74166666666656}, {"y": 936.0361111111112, "x": 359.99999999999994, "structure_id": "Fi_25", "w": 220.00000000000006, "h": 97.29444444444437}, {"y": 505.5527777777778, "x": 860, "structure_id": "Fi_26", "w": 222.22222222222217, "h": 23.59999999999991}, {"y": 538.8833333333334, "x": 860, "structure_id": "Fi_27", "w": 222.22222222222217, "h": 23.59999999999991}, {"y": 572.2222222222222, "x": 860, "structure_id": "Fi_28", "w": 222.22222222222217, "h": 23.60000000000025}, {"y": 705.5527777777778, "x": 860, "structure_id": "Fi_29", "w": 222.22222222222217, "h": 23.600000000000023}, {"y": 738.8833333333334, "x": 860, "structure_id": "Fi_30", "w": 222.22222222222217, "h": 23.59999999999991}], "TextRun": [{"parent_TextBlock": "Tb_1", "text": "www.irs.gov  /  form1099b", "parent_Field": null, "parent_Choice_Field": null, "parent_ChoiceGroup": null, "w": 208.81388888888898, "h": 22.672222222222217, "y": 1042.5888888888887, "x": 865.5944444444443, "structure_id": "Tr_1"}, {"parent_TextBlock": "Tb_2", "text": "1099  -  B", "parent_Field": null, "parent_Choice_Field": null, "parent_ChoiceGroup": null, "w": 92.63888888888889, "h": 33.138888888888914, "y": 1034.411111111111, "x": 190.78888888888886, "structure_id": "Tr_2"}, {"parent_TextBlock": "Tb_2", "text": "Form", "parent_Field": null, "parent_Choice_Field": null, "parent_ChoiceGroup": null, "w": 45.383333333333326, "h": 22.672222222222217, "y": 1042.9833333333333, "x": 140, "structure_id": "Tr_3"}, {"parent_TextBlock": "Tb_3", "text": "Street  address  (  including  apt  .  no  . )", "parent_Field": "Fi_1", "parent_Choice_Field": null, "parent_ChoiceGroup": null, "w": 293.1638888888889, "h": 22.67222222222233, "y": 603.7055555555557, "x": 151.11111111111111, "structure_id": "Tr_4"}, {"parent_TextBlock": "Tb_4", "text": "Applicable  check  box  on  Form  8949", "parent_Field": "Fi_2", "parent_Choice_Field": null, "parent_ChoiceGroup": null, "w": 312.84166666666727, "h": 22.672222222222317, "y": 103.70555555555572, "x": 833.8888888888888, "structure_id": "Tr_5"}, {"parent_TextBlock": "Tb_5", "text": "City  or  town  ,  state  or  province  ,  country  ,  and  ZIP  or  foreign  postal  code", "parent_Field": "Fi_3", "parent_Choice_Field": null, "parent_ChoiceGroup": null, "w": 613.6277777777779, "h": 22.67222222222233, "y": 703.7055555555557, "x": 151.11111111111111, "structure_id": "Tr_6"}, {"parent_TextBlock": "Tb_6", "text": "1d", "parent_Field": "Fi_4", "parent_Choice_Field": null, "parent_ChoiceGroup": null, "w": 22.691666666666606, "h": 23.197222222222194, "y": 369.9277777777777, "x": 833.8888888888888, "structure_id": "Tr_7"}, {"parent_TextBlock": "Tb_6", "text": "Proceeds", "parent_Field": "Fi_4", "parent_Choice_Field": null, "parent_ChoiceGroup": null, "w": 82.81388888888887, "h": 22.67222222222233, "y": 370.3750000000001, "x": 861.9861111111111, "structure_id": "Tr_8"}, {"parent_TextBlock": "Tb_6", "text": "$", "parent_Field": "Fi_4", "parent_Choice_Field": null, "parent_ChoiceGroup": null, "w": 15.444444444444457, "h": 32.3888888888888, "y": 398.9416666666667, "x": 825.5555555555555, "structure_id": "Tr_9"}, {"parent_TextBlock": "Tb_7", "text": "16", "parent_Field": "Fi_5", "parent_Choice_Field": null, "parent_ChoiceGroup": null, "w": 21.62222222222215, "h": 23.197222222222194, "y": 936.588888888889, "x": 585.5555555555555, "structure_id": "Tr_10"}, {"parent_TextBlock": "Tb_7", "text": "State  tax withheld", "parent_Field": "Fi_5", "parent_Choice_Field": null, "parent_ChoiceGroup": null, "w": 156.2750000000001, "h": 22.672222222222103, "y": 937.0361111111112, "x": 613.9888888888888, "structure_id": "Tr_11"}, {"parent_TextBlock": "Tb_7", "text": "$", "parent_Field": "Fi_5", "parent_Choice_Field": null, "parent_ChoiceGroup": null, "w": 15.444444444444457, "h": 32.3888888888888, "y": 965.6111111111111, "x": 585.5555555555555, "structure_id": "Tr_12"}, {"parent_TextBlock": "Tb_7", "text": "$", "parent_Field": "Fi_5", "parent_Choice_Field": null, "parent_ChoiceGroup": null, "w": 15.444444444444457, "h": 32.3888888888888, "y": 998.9416666666667, "x": 585.5555555555555, "structure_id": "Tr_13"}, {"parent_TextBlock": "Tb_8", "text": "RECIPIENT'S  name", "parent_Field": "Fi_6", "parent_Choice_Field": null, "parent_ChoiceGroup": null, "w": 170.68333333333337, "h": 22.672222222222274, "y": 503.7055555555557, "x": 151.11111111111111, "structure_id": "Tr_14"}, {"parent_TextBlock": "Tb_9", "text": "OMB  No  .  1545  -  0715", "parent_Field": null, "parent_Choice_Field": null, "parent_ChoiceGroup": null, "w": 180.5027777777775, "h": 22.672222222222317, "y": 102.48055555555564, "x": 1189.75, "structure_id": "Tr_15"}, {"parent_TextBlock": "Tb_9", "text": "2016", "parent_Field": null, "parent_Choice_Field": null, "parent_ChoiceGroup": null, "w": 144.44444444444457, "h": 70.11111111111114, "y": 128.99999999999983, "x": 1207.7777777777778, "structure_id": "Tr_16"}, {"parent_TextBlock": "Tb_9", "text": "1099  -  B", "parent_Field": null, "parent_Choice_Field": null, "parent_ChoiceGroup": null, "w": 92.63888888888891, "h": 33.138888888888744, "y": 198.3027777777778, "x": 1259.075, "structure_id": "Tr_17"}, {"parent_TextBlock": "Tb_9", "text": "Form", "parent_Field": null, "parent_Choice_Field": null, "parent_ChoiceGroup": null, "w": 45.38333333333344, "h": 22.67222222222233, "y": 206.87500000000006, "x": 1208.286111111111, "structure_id": "Tr_18"}, {"parent_TextBlock": "Tb_10", "text": "4", "parent_Field": "Fi_7", "parent_Choice_Field": null, "parent_ChoiceGroup": null, "w": 10.594888888888931, "h": 23.197222222222194, "y": 603.2583333333333, "x": 833.8888888888888, "structure_id": "Tr_19"}, {"parent_TextBlock": "Tb_10", "text": "Federal income tax withheld", "parent_Field": "Fi_7", "parent_Choice_Field": null, "parent_ChoiceGroup": null, "w": 239.62361111111113, "h": 22.67222222222233, "y": 606.7055555555557, "x": 847.0786666666665, "structure_id": "Tr_20"}, {"parent_TextBlock": "Tb_10", "text": "$", "parent_Field": "Fi_7", "parent_Choice_Field": null, "parent_ChoiceGroup": null, "w": 15.444444444444457, "h": 32.3888888888888, "y": 632.2722222222224, "x": 825.5555555555555, "structure_id": "Tr_21"}, {"parent_TextBlock": "Tb_11", "text": "for privacy act, and", "parent_Field": null, "parent_Choice_Field": null, "parent_ChoiceGroup": null, "w": 212, "h": 31, "y": 650.6666870117188, "x": 1391.3333129882812, "structure_id": "Tr_22"}, {"parent_TextBlock": "Tb_11", "text": "Paperwork", "parent_Field": null, "parent_Choice_Field": null, "parent_ChoiceGroup": null, "w": 120.79999999999995, "h": 29.15000000000009, "y": 680.1555555555556, "x": 1479.2027777777778, "structure_id": "Tr_23"}, {"parent_TextBlock": "Tb_11", "text": "Reduction  Act", "parent_Field": null, "parent_Choice_Field": null, "parent_ChoiceGroup": null, "w": 158.82500000000005, "h": 29.15000000000009, "y": 707.9305555555555, "x": 1441.1777777777777, "structure_id": "Tr_24"}, {"parent_TextBlock": "Tb_11", "text": "Notice  ,  see  the", "parent_Field": null, "parent_Choice_Field": null, "parent_ChoiceGroup": null, "w": 168.07500000000005, "h": 29.15000000000009, "y": 735.7055555555556, "x": 1431.9277777777775, "structure_id": "Tr_25"}, {"parent_TextBlock": "Tb_11", "text": "2016 General", "parent_Field": null, "parent_Choice_Field": null, "parent_ChoiceGroup": null, "w": 155.57500000000005, "h": 21.589512435036113, "y": 767.9055555555558, "x": 1440.4277777777775, "structure_id": "Tr_26"}, {"parent_TextBlock": "Tb_11", "text": "Instructions  for", "parent_Field": null, "parent_Choice_Field": null, "parent_ChoiceGroup": null, "w": 182.37499999999977, "h": 29.824999999999932, "y": 790.6805555555558, "x": 1417.6277777777775, "structure_id": "Tr_27"}, {"parent_TextBlock": "Tb_11", "text": "Certain", "parent_Field": null, "parent_Choice_Field": null, "parent_ChoiceGroup": null, "w": 87.02499999999986, "h": 21.998385245394047, "y": 822.4555555555557, "x": 1507.9777777777776, "structure_id": "Tr_28"}, {"parent_TextBlock": "Tb_11", "text": "Information", "parent_Field": null, "parent_Choice_Field": null, "parent_ChoiceGroup": null, "w": 137.875, "h": 22.202821650573014, "y": 849.2305555555558, "x": 1463.1277777777773, "structure_id": "Tr_29"}, {"parent_TextBlock": "Tb_11", "text": "Returns  .", "parent_Field": null, "parent_Choice_Field": null, "parent_ChoiceGroup": null, "w": 100.94999999999982, "h": 29.824999999999932, "y": 874.005555555556, "x": 1499.0527777777775, "structure_id": "Tr_30"}, {"parent_TextBlock": "Tb_12", "text": "CUSIP  number", "parent_Field": "Fi_8", "parent_Choice_Field": null, "parent_ChoiceGroup": null, "w": 130.37500000000003, "h": 22.672222222222103, "y": 870.3750000000001, "x": 151.11111111111111, "structure_id": "Tr_31"}, {"parent_TextBlock": "Tb_13", "text": "RECIPIENT'S  identification number", "parent_Field": "Fi_9", "parent_Choice_Field": null, "parent_ChoiceGroup": null, "w": 301.71277777777766, "h": 22.67222222222233, "y": 370.3750000000001, "x": 505.8888888888889, "structure_id": "Tr_32"}, {"parent_TextBlock": "Tb_14", "text": "Copy  C", "parent_Field": null, "parent_Choice_Field": null, "parent_ChoiceGroup": null, "w": 97.25, "h": 33.138888888888744, "y": 364.9722222222222, "x": 1502.75, "structure_id": "Tr_33"}, {"parent_TextBlock": "Tb_14", "text": "For  Payer", "parent_Field": null, "parent_Choice_Field": null, "parent_ChoiceGroup": null, "w": 114.85000000000014, "h": 29.824999999999932, "y": 404.5861111111113, "x": 1485.1527777777776, "structure_id": "Tr_34"}, {"parent_TextBlock": "Tb_15", "text": "PAYER'S  federal  identification  number", "parent_Field": "Fi_10", "parent_Choice_Field": null, "parent_ChoiceGroup": null, "w": 334.1916666666666, "h": 22.67222222222233, "y": 370.3750000000001, "x": 151.11111111111111, "structure_id": "Tr_35"}, {"parent_TextBlock": "Tb_16", "text": "1b", "parent_Field": "Fi_11", "parent_Choice_Field": null, "parent_ChoiceGroup": null, "w": 22.691666666666606, "h": 23.197222222222194, "y": 303.2583333333333, "x": 833.8888888888888, "structure_id": "Tr_36"}, {"parent_TextBlock": "Tb_16", "text": "Date  acquired", "parent_Field": "Fi_11", "parent_Choice_Field": null, "parent_ChoiceGroup": null, "w": 122.09166666666658, "h": 22.67222222222233, "y": 303.7055555555557, "x": 861.9861111111111, "structure_id": "Tr_37"}, {"parent_TextBlock": "Tb_17", "text": "PAYER'S  name  ,  street  address  ,  city  or  town  ,  state  or  province  ,  country  ,  ZIP", "parent_Field": "Fi_12", "parent_Choice_Field": null, "parent_ChoiceGroup": null, "w": 656.5027777777777, "h": 22.672222222222317, "y": 103.70555555555572, "x": 151.11111111111111, "structure_id": "Tr_38"}, {"parent_TextBlock": "Tb_17", "text": "or foreign postal code , and telephone no .", "parent_Field": "Fi_12", "parent_Choice_Field": null, "parent_ChoiceGroup": null, "w": 358.7111111111111, "h": 22.672222222222317, "y": 126.15000000000016, "x": 144.11111111111111, "structure_id": "Tr_39"}, {"parent_TextBlock": "Tb_18", "text": "13", "parent_Field": "Fi_13", "parent_Choice_Field": null, "parent_ChoiceGroup": null, "w": 21.622222222222263, "h": 23.197222222222194, "y": 969.9277777777778, "x": 1105.5555555555554, "structure_id": "Tr_40"}, {"parent_TextBlock": "Tb_18", "text": "Bartering", "parent_Field": "Fi_13", "parent_Choice_Field": null, "parent_ChoiceGroup": null, "w": 79.5666666666666, "h": 22.672222222222103, "y": 970.3750000000001, "x": 1137.9888888888888, "structure_id": "Tr_41"}, {"parent_TextBlock": "Tb_18", "text": "$", "parent_Field": "Fi_13", "parent_Choice_Field": null, "parent_ChoiceGroup": null, "w": 15.444444444444343, "h": 32.3888888888888, "y": 998.9416666666667, "x": 1105.5555555555554, "structure_id": "Tr_42"}, {"parent_TextBlock": "Tb_19", "text": "1c", "parent_Field": "Fi_14", "parent_Choice_Field": null, "parent_ChoiceGroup": null, "w": 21.9722222222224, "h": 23.197222222222194, "y": 303.2583333333333, "x": 1113.888888888889, "structure_id": "Tr_43"}, {"parent_TextBlock": "Tb_19", "text": "Date  sold  or disposed", "parent_Field": "Fi_14", "parent_Choice_Field": null, "parent_ChoiceGroup": null, "w": 191.2361111111111, "h": 22.67222222222233, "y": 303.7055555555557, "x": 1138.6722222222222, "structure_id": "Tr_44"}, {"parent_TextBlock": "Tb_20", "text": "1a", "parent_Field": "Fi_15", "parent_Choice_Field": null, "parent_ChoiceGroup": null, "w": 24.71111111111111, "h": 26.4444444444444, "y": 236.24166666666673, "x": 833.8888888888888, "structure_id": "Tr_45"}, {"parent_TextBlock": "Tb_20", "text": "Description  of  property  (  Example  100  sh  .  XYZ  Co  .  )", "parent_Field": "Fi_15", "parent_Choice_Field": null, "parent_ChoiceGroup": null, "w": 500.1777777777778, "h": 25.688888888888727, "y": 236.93055555555574, "x": 864.7777777777777, "structure_id": "Tr_46"}, {"parent_TextBlock": "Tb_21", "text": "Unrealized profit or ( loss ) on", "parent_Field": "Fi_16", "parent_Choice_Field": null, "parent_ChoiceGroup": null, "w": 229.1119444444446, "h": 22.672222222222103, "y": 766.3750000000001, "x": 1127.511111111111, "structure_id": "Tr_47"}, {"parent_TextBlock": "Tb_21", "text": "9", "parent_Field": "Fi_16", "parent_Choice_Field": null, "parent_ChoiceGroup": null, "w": 10.811111111111131, "h": 23.197222222222422, "y": 769.9277777777777, "x": 1113.888888888889, "structure_id": "Tr_48"}, {"parent_TextBlock": "Tb_21", "text": "open  contracts ?  12  /  31  / 2015", "parent_Field": "Fi_16", "parent_Choice_Field": null, "parent_ChoiceGroup": null, "w": 234.97911111111102, "h": 22.672222222222217, "y": 789.8194444444446, "x": 1132.1142777777777, "structure_id": "Tr_49"}, {"parent_TextBlock": "Tb_21", "text": "$", "parent_Field": "Fi_16", "parent_Choice_Field": null, "parent_ChoiceGroup": null, "w": 15.444444444444343, "h": 32.3888888888888, "y": 832.2722222222221, "x": 1105.5555555555554, "structure_id": "Tr_50"}, {"parent_TextBlock": "Tb_22", "text": "Account  number  (  see  instructions )", "parent_Field": "Fi_17", "parent_Choice_Field": null, "parent_ChoiceGroup": null, "w": 296.78055555555557, "h": 22.672222222222217, "y": 803.7055555555555, "x": 151.11111111111111, "structure_id": "Tr_51"}, {"parent_TextBlock": "Tb_23", "text": "From", "parent_Field": null, "parent_Choice_Field": null, "parent_ChoiceGroup": null, "w": 65.94583333333344, "h": 21.59629673607992, "y": 107, "x": 1534.0569444444443, "structure_id": "Tr_52"}, {"parent_TextBlock": "Tb_23", "text": "proceeds", "parent_Field": null, "parent_Choice_Field": null, "parent_ChoiceGroup": null, "w": 112, "h": 23, "y": 108, "x": 1416.3333129882812, "structure_id": "Tr_53"}, {"parent_TextBlock": "Tb_23", "text": "Broker and", "parent_Field": null, "parent_Choice_Field": null, "parent_ChoiceGroup": null, "w": 139.78194444444466, "h": 21.904342382621024, "y": 136.0083333333334, "x": 1461.2208333333328, "structure_id": "Tr_54"}, {"parent_TextBlock": "Tb_23", "text": "Barter  Exchange", "parent_Field": null, "parent_Choice_Field": null, "parent_ChoiceGroup": null, "w": 210.16111111111104, "h": 31.48194444444465, "y": 159.7958333333335, "x": 1389.8416666666665, "structure_id": "Tr_55"}, {"parent_TextBlock": "Tb_23", "text": "Transactions", "parent_Field": null, "parent_Choice_Field": null, "parent_ChoiceGroup": null, "w": 163.69027777777774, "h": 26.85735623850354, "y": 190.5833333333336, "x": 1436.3125, "structure_id": "Tr_56"}, {"parent_TextBlock": "Tb_24", "text": "1e", "parent_Field": "Fi_18", "parent_Choice_Field": null, "parent_ChoiceGroup": null, "w": 21.9722222222224, "h": 23.197222222222194, "y": 369.9277777777777, "x": 1113.888888888889, "structure_id": "Tr_57"}, {"parent_TextBlock": "Tb_24", "text": "Cost  or  other  basis", "parent_Field": "Fi_18", "parent_Choice_Field": null, "parent_ChoiceGroup": null, "w": 165.64722222222213, "h": 22.67222222222233, "y": 370.3750000000001, "x": 1146.6722222222222, "structure_id": "Tr_58"}, {"parent_TextBlock": "Tb_24", "text": "$", "parent_Field": "Fi_18", "parent_Choice_Field": null, "parent_ChoiceGroup": null, "w": 15.444444444444343, "h": 32.3888888888888, "y": 398.9416666666667, "x": 1105.5555555555554, "structure_id": "Tr_59"}, {"parent_TextBlock": "Tb_25", "text": "1f", "parent_Field": "Fi_19", "parent_Choice_Field": null, "parent_ChoiceGroup": null, "w": 17.286111111111154, "h": 23.197222222222194, "y": 436.5888888888886, "x": 833.8888888888888, "structure_id": "Tr_60"}, {"parent_TextBlock": "Tb_25", "text": "Accrued market discount", "parent_Field": "Fi_19", "parent_Choice_Field": null, "parent_ChoiceGroup": null, "w": 218.63333333333344, "h": 22.67222222222233, "y": 438.03611111111104, "x": 856.9861111111111, "structure_id": "Tr_61"}, {"parent_TextBlock": "Tb_25", "text": "$", "parent_Field": "Fi_19", "parent_Choice_Field": null, "parent_ChoiceGroup": null, "w": 15.444444444444457, "h": 32.3888888888888, "y": 465.6111111111111, "x": 825.5555555555555, "structure_id": "Tr_62"}, {"parent_TextBlock": "Tb_26", "text": "1g", "parent_Field": "Fi_20", "parent_Choice_Field": null, "parent_ChoiceGroup": null, "w": 22.691666666666606, "h": 23.197222222222194, "y": 436.5888888888886, "x": 1113.888888888889, "structure_id": "Tr_63"}, {"parent_TextBlock": "Tb_26", "text": "Wash  sale  loss  disallowed", "parent_Field": "Fi_20", "parent_Choice_Field": null, "parent_ChoiceGroup": null, "w": 227.5583333333334, "h": 22.67222222222233, "y": 437.03611111111104, "x": 1141.986111111111, "structure_id": "Tr_64"}, {"parent_TextBlock": "Tb_26", "text": "$", "parent_Field": "Fi_20", "parent_Choice_Field": null, "parent_ChoiceGroup": null, "w": 15.444444444444343, "h": 32.3888888888888, "y": 465.6111111111111, "x": 1105.5555555555554, "structure_id": "Tr_65"}, {"parent_TextBlock": "Tb_27", "text": "profit or (loss) realizes in 2016", "parent_Field": "Fi_21", "parent_Choice_Field": null, "parent_ChoiceGroup": null, "w": 245, "h": 24, "y": 766.6666870117188, "x": 851.3333129882812, "structure_id": "Tr_66"}, {"parent_TextBlock": "Tb_27", "text": "8", "parent_Field": "Fi_21", "parent_Choice_Field": null, "parent_ChoiceGroup": null, "w": 10.811111111111131, "h": 23.197222222222422, "y": 769.9277777777777, "x": 833.8888888888888, "structure_id": "Tr_67"}, {"parent_TextBlock": "Tb_27", "text": "2016 on closed contracts", "parent_Field": "Fi_21", "parent_Choice_Field": null, "parent_ChoiceGroup": null, "w": 220.79166666666686, "h": 22.672222222222217, "y": 793.8194444444446, "x": 849.1138888888887, "structure_id": "Tr_68"}, {"parent_TextBlock": "Tb_27", "text": "$", "parent_Field": "Fi_21", "parent_Choice_Field": null, "parent_ChoiceGroup": null, "w": 15.444444444444457, "h": 32.3888888888888, "y": 832.2722222222221, "x": 825.5555555555555, "structure_id": "Tr_69"}, {"parent_TextBlock": "Tb_28", "text": "10", "parent_Field": "Fi_22", "parent_Choice_Field": null, "parent_ChoiceGroup": null, "w": 21.62222222222215, "h": 23.197222222222194, "y": 869.9277777777778, "x": 825.5555555555555, "structure_id": "Tr_70"}, {"parent_TextBlock": "Tb_28", "text": "Unrealized  profit  or  (  loss  ) on", "parent_Field": "Fi_22", "parent_Choice_Field": null, "parent_ChoiceGroup": null, "w": 224.23722222222227, "h": 22.672222222222103, "y": 870.3750000000001, "x": 849.9888888888888, "structure_id": "Tr_71"}, {"parent_TextBlock": "Tb_28", "text": "open contracts ? 12 / 31 / 2016", "parent_Field": "Fi_22", "parent_Choice_Field": null, "parent_ChoiceGroup": null, "w": 229.97955555555563, "h": 22.672222222222103, "y": 892.8194444444445, "x": 849.8833333333332, "structure_id": "Tr_72"}, {"parent_TextBlock": "Tb_28", "text": "$", "parent_Field": "Fi_22", "parent_Choice_Field": null, "parent_ChoiceGroup": null, "w": 15.444444444444457, "h": 32.3888888888888, "y": 932.2722222222221, "x": 825.5555555555555, "structure_id": "Tr_73"}, {"parent_TextBlock": "Tb_29", "text": "Aggregate profit or ( loss )", "parent_Field": "Fi_23", "parent_Choice_Field": null, "parent_ChoiceGroup": null, "w": 214.21944444444443, "h": 25.8687242360578, "y": 865.3750000000002, "x": 1133.9888888888888, "structure_id": "Tr_74"}, {"parent_TextBlock": "Tb_29", "text": "11", "parent_Field": "Fi_23", "parent_Choice_Field": null, "parent_ChoiceGroup": null, "w": 21.622222222222263, "h": 23.197222222222194, "y": 869.9277777777778, "x": 1105.5555555555554, "structure_id": "Tr_75"}, {"parent_TextBlock": "Tb_29", "text": "on contracts", "parent_Field": "Fi_23", "parent_Choice_Field": null, "parent_ChoiceGroup": null, "w": 109.12222222222226, "h": 22.672222222222103, "y": 892.8194444444445, "x": 1131.8833333333332, "structure_id": "Tr_76"}, {"parent_TextBlock": "Tb_29", "text": "$", "parent_Field": "Fi_23", "parent_Choice_Field": null, "parent_ChoiceGroup": null, "w": 15.444444444444343, "h": 32.3888888888888, "y": 932.2722222222221, "x": 1105.5555555555554, "structure_id": "Tr_77"}, {"parent_TextBlock": "Tb_30", "text": "14", "parent_Field": "Fi_24", "parent_Choice_Field": null, "parent_ChoiceGroup": null, "w": 21.622222222222206, "h": 23.197222222222194, "y": 936.588888888889, "x": 145.55555555555554, "structure_id": "Tr_78"}, {"parent_TextBlock": "Tb_30", "text": "State name", "parent_Field": "Fi_24", "parent_Choice_Field": null, "parent_ChoiceGroup": null, "w": 99.41944444444445, "h": 22.672222222222103, "y": 938.0361111111112, "x": 165.98888888888885, "structure_id": "Tr_79"}, {"parent_TextBlock": "Tb_31", "text": "State identification no", "parent_Field": "Fi_25", "parent_Choice_Field": null, "parent_ChoiceGroup": null, "w": 178.06211111111116, "h": 22.672222222222103, "y": 936.0361111111112, "x": 390.9888888888889, "structure_id": "Tr_80"}, {"parent_TextBlock": "Tb_31", "text": "15", "parent_Field": "Fi_25", "parent_Choice_Field": null, "parent_ChoiceGroup": null, "w": 21.622222222222206, "h": 23.197222222222194, "y": 936.588888888889, "x": 365.55555555555554, "structure_id": "Tr_81"}, {"parent_TextBlock": "Tb_32", "text": "VOID", "parent_Field": null, "parent_Choice_Field": "Chf_1", "parent_ChoiceGroup": "Chgp_1", "w": 64.83333333333334, "h": 32.3888888888888, "y": 62.83333333333334, "x": 562.6083333333332, "structure_id": "Tr_82"}, {"parent_TextBlock": "Tb_33", "text": "CORRECTED", "parent_Field": null, "parent_Choice_Field": "Chf_2", "parent_ChoiceGroup": "Chgp_1", "w": 168.72222222222223, "h": 32.3888888888888, "y": 62.83333333333334, "x": 723.575, "structure_id": "Tr_83"}, {"parent_TextBlock": "Tb_34", "text": "2", "parent_Field": null, "parent_Choice_Field": null, "parent_ChoiceGroup": "Chgp_2", "w": 10.8111111111111, "h": 23.19722222222222, "y": 503.2583333333333, "x": 833.8888888888888, "structure_id": "Tr_84"}, {"parent_TextBlock": "Tb_35", "text": "Short  -  term  gain  or  loss", "parent_Field": "Fi_26", "parent_Choice_Field": null, "parent_ChoiceGroup": "Chgp_2", "w": 191.8746666666666, "h": 22.672222222222274, "y": 506.48055555555544, "x": 860, "structure_id": "Tr_85"}, {"parent_TextBlock": "Tb_36", "text": "Long  -  term  gain  or  loss", "parent_Field": "Fi_27", "parent_Choice_Field": null, "parent_ChoiceGroup": "Chgp_2", "w": 196.64166666666665, "h": 22.67222222222233, "y": 539.811111111111, "x": 860, "structure_id": "Tr_86"}, {"parent_TextBlock": "Tb_37", "text": "Ordinary", "parent_Field": "Fi_28", "parent_Choice_Field": null, "parent_ChoiceGroup": "Chgp_2", "w": 74.55000000000005, "h": 22.672222222222317, "y": 573.1500000000001, "x": 860, "structure_id": "Tr_87"}, {"parent_TextBlock": "Tb_38", "text": "3", "parent_Field": null, "parent_Choice_Field": "Chf_3", "parent_ChoiceGroup": "Chgp_3", "w": 10.811111111111131, "h": 23.197222222222194, "y": 503.2583333333333, "x": 1113.888888888889, "structure_id": "Tr_88"}, {"parent_TextBlock": "Tb_38", "text": "Check if basis reported to", "parent_Field": null, "parent_Choice_Field": "Chf_3", "parent_ChoiceGroup": "Chgp_3", "w": 236.66275887314077, "h": 22.672222222222217, "y": 503.70555555555575, "x": 1135.511111111111, "structure_id": "Tr_89"}, {"parent_TextBlock": "Tb_39", "text": "5", "parent_Field": null, "parent_Choice_Field": "Chf_4", "parent_ChoiceGroup": "Chgp_4", "w": 10.811111111111131, "h": 23.197222222222194, "y": 603.2583333333333, "x": 1113.888888888889, "structure_id": "Tr_90"}, {"parent_TextBlock": "Tb_39", "text": "Check  if noncovered", "parent_Field": null, "parent_Choice_Field": "Chf_4", "parent_ChoiceGroup": "Chgp_4", "w": 179.70555555555552, "h": 22.67222222222233, "y": 603.7055555555557, "x": 1127.511111111111, "structure_id": "Tr_91"}, {"parent_TextBlock": "Tb_39", "text": "security", "parent_Field": null, "parent_Choice_Field": "Chf_4", "parent_ChoiceGroup": "Chgp_4", "w": 68.05555555555566, "h": 22.67222222222233, "y": 625.9305555555557, "x": 1136.1138888888888, "structure_id": "Tr_92"}, {"parent_TextBlock": "Tb_40", "text": "6", "parent_Field": null, "parent_Choice_Field": null, "parent_ChoiceGroup": "Chgp_5", "w": 10.811111111111131, "h": 23.197222222222194, "y": 669.9277777777777, "x": 833.8888888888888, "structure_id": "Tr_93"}, {"parent_TextBlock": "Tb_40", "text": "Reported  to  IRS  :", "parent_Field": null, "parent_Choice_Field": null, "parent_ChoiceGroup": "Chgp_5", "w": 145.48333333333346, "h": 22.67222222222233, "y": 670.3750000000001, "x": 855.5111111111111, "structure_id": "Tr_94"}, {"parent_TextBlock": "Tb_41", "text": "Gross  proceeds", "parent_Field": "Fi_29", "parent_Choice_Field": null, "parent_ChoiceGroup": "Chgp_5", "w": 138.98888888888894, "h": 22.67222222222233, "y": 706.4805555555555, "x": 860, "structure_id": "Tr_95"}, {"parent_TextBlock": "Tb_42", "text": "Net  proceeds", "parent_Field": "Fi_30", "parent_Choice_Field": null, "parent_ChoiceGroup": "Chgp_5", "w": 117.75555555555559, "h": 22.67222222222233, "y": 739.811111111111, "x": 860, "structure_id": "Tr_96"}, {"parent_TextBlock": "Tb_43", "text": "check if loss is not allowed based", "parent_Field": null, "parent_Choice_Field": "Chf_5", "parent_ChoiceGroup": "Chgp_6", "w": 247, "h": 21, "y": 669.6666870117188, "x": 1128.3333129882812, "structure_id": "Tr_97"}, {"parent_TextBlock": "Tb_43", "text": "7", "parent_Field": null, "parent_Choice_Field": "Chf_5", "parent_ChoiceGroup": "Chgp_6", "w": 9.621888888888861, "h": 23.197222222222194, "y": 669.9277777777777, "x": 1113.888888888889, "structure_id": "Tr_98"}, {"parent_TextBlock": "Tb_43", "text": "on amount in 1d", "parent_Field": null, "parent_Choice_Field": "Chf_5", "parent_ChoiceGroup": "Chgp_6", "w": 133, "h": 27, "y": 690.6666870117188, "x": 1127.3333129882812, "structure_id": "Tr_99"}, {"parent_TextBlock": "Tb_44", "text": "2nd  TIN  not  .", "parent_Field": null, "parent_Choice_Field": "Chf_6", "parent_ChoiceGroup": "Chgp_7", "w": 107.70277777777767, "h": 22.672222222222217, "y": 803.7055555555555, "x": 706.15, "structure_id": "Tr_100"}, {"parent_TextBlock": "Tb_45", "text": "FATCA  filing", "parent_Field": null, "parent_Choice_Field": "Chf_7", "parent_ChoiceGroup": "Chgp_8", "w": 107.6444444444445, "h": 22.672222222222103, "y": 870.3750000000001, "x": 633.8888888888888, "structure_id": "Tr_101"}, {"parent_TextBlock": "Tb_45", "text": "requirement", "parent_Field": null, "parent_Choice_Field": "Chf_7", "parent_ChoiceGroup": "Chgp_8", "w": 104.45555555555552, "h": 22.672222222222103, "y": 896.8194444444445, "x": 626.8888888888888, "structure_id": "Tr_102"}, {"parent_TextBlock": "Tb_46", "text": "12", "parent_Field": null, "parent_Choice_Field": "Chf_8", "parent_ChoiceGroup": "Chgp_9", "w": 21.62222222222215, "h": 23.197222222222194, "y": 969.9277777777778, "x": 825.5555555555555, "structure_id": "Tr_103"}, {"parent_TextBlock": "Tb_46", "text": "Check  if  proceeds  from", "parent_Field": null, "parent_Choice_Field": "Chf_8", "parent_ChoiceGroup": "Chgp_9", "w": 203.836111111111, "h": 22.672222222222103, "y": 970.3750000000001, "x": 857.9888888888888, "structure_id": "Tr_104"}, {"parent_TextBlock": "Tb_46", "text": "collectibles", "parent_Field": null, "parent_Choice_Field": "Chf_8", "parent_ChoiceGroup": "Chgp_9", "w": 97.5722222222222, "h": 22.672222222222103, "y": 993.8194444444445, "x": 855.8833333333332, "structure_id": "Tr_105"}, {"parent_TextBlock": "Tb_47", "text": "Department  of  the  Treasury  -  Internal  Revenue  Service", "parent_Field": null, "parent_Choice_Field": null, "parent_ChoiceGroup": null, "w": 472.49999999999955, "h": 22.672222222222217, "y": 1042.5888888888887, "x": 1127.5083333333334, "structure_id": "Tr_106"}], "ChoiceGroup": [{"y": 61.03125, "x": 516, "structure_id": "Chgp_1", "w": 375, "h": 37}, {"y": 496.03125, "x": 828, "structure_id": "Chgp_2", "w": 261, "h": 105}, {"y": 496.03125, "x": 1110, "structure_id": "Chgp_3", "w": 268, "h": 103}, {"y": 598.03125, "x": 1108, "structure_id": "Chgp_4", "w": 245, "h": 67}, {"y": 667.03125, "x": 829.5, "structure_id": "Chgp_5", "w": 255, "h": 100}, {"y": 667.03125, "x": 1108.5, "structure_id": "Chgp_6", "w": 270, "h": 100}, {"y": 797.03125, "x": 703.5, "structure_id": "Chgp_7", "w": 115, "h": 69}, {"y": 862.03125, "x": 623.5, "structure_id": "Chgp_8", "w": 167, "h": 70}, {"y": 962.03125, "x": 820.5, "structure_id": "Chgp_9", "w": 250, "h": 69}]}