{"Widget": [], "TextBlock": [{"parent_Field": null, "parent_Choice_Field": null, "parent_ChoiceGroup": null, "w": 380.83888888888885, "h": 46.39444444444439, "y": 1574.1527777777776, "x": 620, "structure_id": "Tb_1"}, {"parent_Field": null, "parent_Choice_Field": null, "parent_ChoiceGroup": null, "w": 445.45000000000005, "h": 56.22499999999991, "y": 1672.2416666666666, "x": 620, "structure_id": "Tb_2"}, {"parent_Field": null, "parent_Choice_Field": null, "parent_ChoiceGroup": null, "w": 85.16666666666652, "h": 39.76666666666665, "y": 1628.936111111111, "x": 620, "structure_id": "Tb_3"}, {"parent_Field": null, "parent_Choice_Field": null, "parent_ChoiceGroup": null, "w": 456.1500000000001, "h": 164.52500000000015, "y": 155.14166666666665, "x": 1140, "structure_id": "Tb_4"}, {"parent_Field": null, "parent_Choice_Field": null, "parent_ChoiceGroup": null, "w": 458.42499999999995, "h": 739.8, "y": 753.7666666666667, "x": 1140, "structure_id": "Tb_5"}, {"parent_Field": null, "parent_Choice_Field": null, "parent_ChoiceGroup": null, "w": 434.79999999999995, "h": 137.45000000000027, "y": 444.2666666666664, "x": 1140, "structure_id": "Tb_6"}, {"parent_Field": null, "parent_Choice_Field": null, "parent_ChoiceGroup": null, "w": 400.17499999999995, "h": 56.224999999999966, "y": 323.7166666666667, "x": 1140, "structure_id": "Tb_7"}, {"parent_Field": null, "parent_Choice_Field": null, "parent_ChoiceGroup": null, "w": 12.5, "h": 29.150000000000077, "y": 323.7166666666667, "x": 1140, "structure_id": "Tb_8"}, {"parent_Field": null, "parent_Choice_Field": null, "parent_ChoiceGroup": null, "w": 400.17499999999995, "h": 56.224999999999966, "y": 383.99166666666656, "x": 1140, "structure_id": "Tb_9"}, {"parent_Field": null, "parent_Choice_Field": null, "parent_ChoiceGroup": null, "w": 12.5, "h": 29.150000000000077, "y": 383.99166666666656, "x": 1140, "structure_id": "Tb_10"}, {"parent_Field": null, "parent_Choice_Field": null, "parent_ChoiceGroup": null, "w": 457.4499999999998, "h": 164.5250000000002, "y": 585.7666666666665, "x": 1140, "structure_id": "Tb_11"}, {"parent_Field": null, "parent_Choice_Field": null, "parent_ChoiceGroup": null, "w": 78.25, "h": 29.824999999999932, "y": 585.1916666666666, "x": 1140, "structure_id": "Tb_12"}, {"parent_Field": null, "parent_Choice_Field": null, "parent_ChoiceGroup": null, "w": 439.47500000000014, "h": 137.45000000000005, "y": 1546.8249999999998, "x": 1140, "structure_id": "Tb_13"}, {"parent_Field": null, "parent_Choice_Field": null, "parent_ChoiceGroup": null, "w": 94.99999999999977, "h": 39.76666666666665, "y": 1506.297222222222, "x": 1140, "structure_id": "Tb_14"}, {"parent_Field": null, "parent_Choice_Field": null, "parent_ChoiceGroup": null, "w": 444.5, "h": 105.42499999999993, "y": 150.9583333333334, "x": 100, "structure_id": "Tb_15"}, {"parent_Field": null, "parent_Choice_Field": null, "parent_ChoiceGroup": null, "w": 330.2666666666666, "h": 39.766666666666765, "y": 268.79722222222205, "x": 100, "structure_id": "Tb_16"}, {"parent_Field": null, "parent_Choice_Field": null, "parent_ChoiceGroup": null, "w": 448.67500000000007, "h": 191.59999999999968, "y": 674.0916666666667, "x": 100, "structure_id": "Tb_17"}, {"parent_Field": null, "parent_Choice_Field": null, "parent_ChoiceGroup": null, "w": 455.57499999999993, "h": 354.05000000000024, "y": 315.9916666666665, "x": 100, "structure_id": "Tb_18"}, {"parent_Field": null, "parent_Choice_Field": null, "parent_ChoiceGroup": null, "w": 225.86666666666667, "h": 39.76666666666665, "y": 878.2416666666666, "x": 100, "structure_id": "Tb_19"}, {"parent_Field": null, "parent_Choice_Field": null, "parent_ChoiceGroup": null, "w": 453.8000000000002, "h": 299.89999999999986, "y": 921.5472222222222, "x": 100, "structure_id": "Tb_20"}, {"parent_Field": null, "parent_Choice_Field": null, "parent_ChoiceGroup": null, "w": 170.26666666666665, "h": 39.766666666666595, "y": 1233.9361111111111, "x": 100, "structure_id": "Tb_21"}, {"parent_Field": null, "parent_Choice_Field": null, "parent_ChoiceGroup": null, "w": 451.275, "h": 83.875, "y": 1276.6666666666665, "x": 100, "structure_id": "Tb_22"}, {"parent_Field": null, "parent_Choice_Field": null, "parent_ChoiceGroup": null, "w": 457.92500000000007, "h": 246.32499999999982, "y": 1364.0166666666667, "x": 100, "structure_id": "Tb_23"}, {"parent_Field": null, "parent_Choice_Field": null, "parent_ChoiceGroup": null, "w": 400.57500000000005, "h": 56.799999999999955, "y": 1613.8166666666664, "x": 100, "structure_id": "Tb_24"}, {"parent_Field": null, "parent_Choice_Field": null, "parent_ChoiceGroup": null, "w": 70.90000000000009, "h": 33.13888888888876, "y": 95.52500000000002, "x": 1529.1, "structure_id": "Tb_25"}, {"parent_Field": null, "parent_Choice_Field": null, "parent_ChoiceGroup": null, "w": 414.4000000000001, "h": 83.30000000000013, "y": 155.06666666666655, "x": 620, "structure_id": "Tb_26"}, {"parent_Field": null, "parent_Choice_Field": null, "parent_ChoiceGroup": null, "w": 447.39999999999986, "h": 165.0999999999998, "y": 813.9666666666666, "x": 620, "structure_id": "Tb_27"}, {"parent_Field": null, "parent_Choice_Field": null, "parent_ChoiceGroup": null, "w": 407.82500000000005, "h": 83.875, "y": 1096.9666666666665, "x": 620, "structure_id": "Tb_28"}, {"parent_Field": null, "parent_Choice_Field": null, "parent_ChoiceGroup": null, "w": 445.4749999999999, "h": 251.875, "y": 1305.4416666666666, "x": 620, "structure_id": "Tb_29"}, {"parent_Field": null, "parent_Choice_Field": null, "parent_ChoiceGroup": null, "w": 438.57500000000005, "h": 110.94999999999959, "y": 699.5416666666667, "x": 620, "structure_id": "Tb_30"}, {"parent_Field": null, "parent_Choice_Field": null, "parent_ChoiceGroup": null, "w": 413.8499999999999, "h": 110.94999999999982, "y": 982.5416666666665, "x": 620, "structure_id": "Tb_31"}, {"parent_Field": null, "parent_Choice_Field": null, "parent_ChoiceGroup": null, "w": 440.67499999999995, "h": 83.87500000000011, "y": 437.49166666666656, "x": 620, "structure_id": "Tb_32"}, {"parent_Field": null, "parent_Choice_Field": null, "parent_ChoiceGroup": null, "w": 450.52499999999986, "h": 191.6, "y": 242.4166666666666, "x": 620, "structure_id": "Tb_33"}, {"parent_Field": null, "parent_Choice_Field": null, "parent_ChoiceGroup": null, "w": 447.25, "h": 110.375, "y": 525.4166666666666, "x": 620, "structure_id": "Tb_34"}, {"parent_Field": null, "parent_Choice_Field": null, "parent_ChoiceGroup": null, "w": 12.5, "h": 29.150000000000077, "y": 525.4166666666666, "x": 620, "structure_id": "Tb_35"}, {"parent_Field": null, "parent_Choice_Field": null, "parent_ChoiceGroup": null, "w": 408.9000000000001, "h": 56.22500000000025, "y": 639.8416666666666, "x": 620, "structure_id": "Tb_36"}, {"parent_Field": null, "parent_Choice_Field": null, "parent_ChoiceGroup": null, "w": 12.5, "h": 29.150000000000077, "y": 639.8416666666666, "x": 620, "structure_id": "Tb_37"}, {"parent_Field": null, "parent_Choice_Field": null, "parent_ChoiceGroup": null, "w": 270.92499999999995, "h": 29.149999999999864, "y": 1184.8916666666667, "x": 639.4499999999999, "structure_id": "Tb_38"}, {"parent_Field": null, "parent_Choice_Field": null, "parent_ChoiceGroup": null, "w": 12.5, "h": 29.14999999999992, "y": 1184.8916666666667, "x": 620, "structure_id": "Tb_39"}, {"parent_Field": null, "parent_Choice_Field": null, "parent_ChoiceGroup": null, "w": 421.3749999999998, "h": 83.29999999999995, "y": 1218.0916666666665, "x": 620, "structure_id": "Tb_40"}, {"parent_Field": null, "parent_Choice_Field": null, "parent_ChoiceGroup": null, "w": 12.5, "h": 29.14999999999992, "y": 1218.0916666666665, "x": 620, "structure_id": "Tb_41"}, {"parent_Field": null, "parent_Choice_Field": null, "parent_ChoiceGroup": null, "w": 342.552777777778, "h": 22.672222222222317, "y": 102.48055555555564, "x": 100, "structure_id": "Tb_42"}], "Choice_Field": [], "Field": [], "TextRun": [{"parent_TextBlock": "Tb_1", "text": "Specific                     Instructions", "parent_Field": null, "parent_Choice_Field": null, "parent_ChoiceGroup": null, "w": 380.83888888888885, "h": 46.39444444444439, "y": 1574.1527777777776, "x": 620, "structure_id": "Tr_1"}, {"parent_TextBlock": "Tb_2", "text": "Complete                     Part                     I                     to                     see                     if                     the                     PSC                     meets", "parent_Field": null, "parent_Choice_Field": null, "parent_ChoiceGroup": null, "w": 445.45000000000005, "h": 29.15000000000009, "y": 1672.2416666666666, "x": 620, "structure_id": "Tr_2"}, {"parent_TextBlock": "Tb_2", "text": "the                     minimum                     distribution", "parent_Field": null, "parent_Choice_Field": null, "parent_ChoiceGroup": null, "w": 276.9999999999999, "h": 29.15000000000009, "y": 1699.3166666666664, "x": 620, "structure_id": "Tr_3"}, {"parent_TextBlock": "Tb_3", "text": "Part                     I", "parent_Field": null, "parent_Choice_Field": null, "parent_ChoiceGroup": null, "w": 85.16666666666652, "h": 39.76666666666665, "y": 1628.936111111111, "x": 620, "structure_id": "Tr_4"}, {"parent_TextBlock": "Tb_4", "text": "requirement                     of                     section                     280H                     (                     c                     )                     .                     The", "parent_Field": null, "parent_Choice_Field": null, "parent_ChoiceGroup": null, "w": 399.625, "h": 29.15000000000009, "y": 155.14166666666665, "x": 1140, "structure_id": "Tr_5"}, {"parent_TextBlock": "Tb_4", "text": "PSC                     meets                     the                     requirement                     if                     ,                     during                     the", "parent_Field": null, "parent_Choice_Field": null, "parent_ChoiceGroup": null, "w": 456.1500000000001, "h": 29.15000000000009, "y": 182.21666666666653, "x": 1140, "structure_id": "Tr_6"}, {"parent_TextBlock": "Tb_4", "text": "deferral                     period                     of                     the                     tax                     year                     ,                     the", "parent_Field": null, "parent_Choice_Field": null, "parent_ChoiceGroup": null, "w": 378.7249999999999, "h": 29.15000000000009, "y": 209.29166666666674, "x": 1140, "structure_id": "Tr_7"}, {"parent_TextBlock": "Tb_4", "text": "applicable                     amounts                     paid                     or                     incurred                     for", "parent_Field": null, "parent_Choice_Field": null, "parent_ChoiceGroup": null, "w": 439.9000000000001, "h": 29.15000000000009, "y": 236.36666666666662, "x": 1140, "structure_id": "Tr_8"}, {"parent_TextBlock": "Tb_4", "text": "all                     employee                     -                     owners                     are                     equal                     to                     or", "parent_Field": null, "parent_Choice_Field": null, "parent_ChoiceGroup": null, "w": 400.4749999999999, "h": 29.15000000000009, "y": 263.4416666666665, "x": 1140, "structure_id": "Tr_9"}, {"parent_TextBlock": "Tb_4", "text": "greater                     than                     the                     smaller                     of                     :", "parent_Field": null, "parent_Choice_Field": null, "parent_ChoiceGroup": null, "w": 300.04999999999995, "h": 29.15000000000009, "y": 290.5166666666667, "x": 1140, "structure_id": "Tr_10"}, {"parent_TextBlock": "Tb_5", "text": "Example                     .", "parent_Field": null, "parent_Choice_Field": null, "parent_ChoiceGroup": null, "w": 109.72499999999968, "h": 29.824999999999932, "y": 753.7666666666667, "x": 1165, "structure_id": "Tr_11"}, {"parent_TextBlock": "Tb_5", "text": "PEK                     ,                     an                     accrual                     basis", "parent_Field": null, "parent_Choice_Field": null, "parent_ChoiceGroup": null, "w": 243.54999999999995, "h": 29.149999999999977, "y": 754.3416666666666, "x": 1281.675, "structure_id": "Tr_12"}, {"parent_TextBlock": "Tb_5", "text": "personal                     service                     corporation                     with                     a                     tax", "parent_Field": null, "parent_Choice_Field": null, "parent_ChoiceGroup": null, "w": 439.8000000000002, "h": 29.149999999999977, "y": 781.4166666666666, "x": 1140, "structure_id": "Tr_13"}, {"parent_TextBlock": "Tb_5", "text": "year                     ending                     September                     30                     ,                     made                     a", "parent_Field": null, "parent_Choice_Field": null, "parent_ChoiceGroup": null, "w": 393.20000000000005, "h": 29.149999999999864, "y": 808.4916666666666, "x": 1140, "structure_id": "Tr_14"}, {"parent_TextBlock": "Tb_5", "text": "section                     444                     election                     for                     its                     tax                     year", "parent_Field": null, "parent_Choice_Field": null, "parent_ChoiceGroup": null, "w": 389.8499999999999, "h": 29.149999999999864, "y": 835.5666666666666, "x": 1140, "structure_id": "Tr_15"}, {"parent_TextBlock": "Tb_5", "text": "beginning                     October                     1                     ,                     2010                     .                     On                     October", "parent_Field": null, "parent_Choice_Field": null, "parent_ChoiceGroup": null, "w": 443.25, "h": 29.149999999999864, "y": 862.6416666666667, "x": 1140, "structure_id": "Tr_16"}, {"parent_TextBlock": "Tb_5", "text": "1                     ,                     2010                     ,                     S                     ,                     an                     employee                     of                     PEK                     ,                     owned", "parent_Field": null, "parent_Choice_Field": null, "parent_ChoiceGroup": null, "w": 450.5999999999999, "h": 29.149999999999977, "y": 889.7166666666666, "x": 1140, "structure_id": "Tr_17"}, {"parent_TextBlock": "Tb_5", "text": "no                     stock                     of                     PEK                     ;                     however                     ,                     on                     March                     31                     ,", "parent_Field": null, "parent_Choice_Field": null, "parent_ChoiceGroup": null, "w": 450.5499999999997, "h": 29.149999999999864, "y": 916.7916666666665, "x": 1140, "structure_id": "Tr_18"}, {"parent_TextBlock": "Tb_5", "text": "2011                     ,                     S                     acquired                     10                     of                     the                     200", "parent_Field": null, "parent_Choice_Field": null, "parent_ChoiceGroup": null, "w": 344.5999999999999, "h": 29.149999999999864, "y": 943.8666666666666, "x": 1140, "structure_id": "Tr_19"}, {"parent_TextBlock": "Tb_5", "text": "outstanding                     shares                     of                     PEK                     stock                     .                     During", "parent_Field": null, "parent_Choice_Field": null, "parent_ChoiceGroup": null, "w": 452.8750000000002, "h": 29.149999999999864, "y": 970.9416666666666, "x": 1140, "structure_id": "Tr_20"}, {"parent_TextBlock": "Tb_5", "text": "the                     period                     October                     1                     ,                     2010                     to                     March                     31                     ,", "parent_Field": null, "parent_Choice_Field": null, "parent_ChoiceGroup": null, "w": 450.64999999999986, "h": 29.149999999999864, "y": 998.0166666666667, "x": 1140, "structure_id": "Tr_21"}, {"parent_TextBlock": "Tb_5", "text": "2011                     ,                     S                     earned                     $                     40,000                     of", "parent_Field": null, "parent_Choice_Field": null, "parent_ChoiceGroup": null, "w": 295.9749999999999, "h": 29.149999999999864, "y": 1025.0916666666665, "x": 1140, "structure_id": "Tr_22"}, {"parent_TextBlock": "Tb_5", "text": "compensation                     as                     an                     employee                     of                     PEK                     .", "parent_Field": null, "parent_Choice_Field": null, "parent_ChoiceGroup": null, "w": 432.5250000000001, "h": 29.149999999999864, "y": 1052.1666666666665, "x": 1140, "structure_id": "Tr_23"}, {"parent_TextBlock": "Tb_5", "text": "During                     the                     period                     April                     1                     ,                     2011                     ,                     to", "parent_Field": null, "parent_Choice_Field": null, "parent_ChoiceGroup": null, "w": 377.89999999999986, "h": 29.149999999999864, "y": 1079.2416666666666, "x": 1140, "structure_id": "Tr_24"}, {"parent_TextBlock": "Tb_5", "text": "September                     30                     ,                     2011                     ,                     S                     earned                     $                     60,000", "parent_Field": null, "parent_Choice_Field": null, "parent_ChoiceGroup": null, "w": 439.5749999999998, "h": 29.149999999999864, "y": 1106.3166666666666, "x": 1140, "structure_id": "Tr_25"}, {"parent_TextBlock": "Tb_5", "text": "of                     compensation                     as                     an                     employee                     -                     owner", "parent_Field": null, "parent_Choice_Field": null, "parent_ChoiceGroup": null, "w": 449.1500000000001, "h": 29.149999999999864, "y": 1133.3916666666664, "x": 1140, "structure_id": "Tr_26"}, {"parent_TextBlock": "Tb_5", "text": "of                     PEK                     .                     The                     entire                     $                     100,000", "parent_Field": null, "parent_Choice_Field": null, "parent_ChoiceGroup": null, "w": 313.07500000000005, "h": 29.149999999999864, "y": 1160.4666666666665, "x": 1140, "structure_id": "Tr_27"}, {"parent_TextBlock": "Tb_5", "text": "compensation                     paid                     to                     S                     during PEK?s", "parent_Field": null, "parent_Choice_Field": null, "parent_ChoiceGroup": null, "w": 419.10000000000014, "h": 29.149999999999864, "y": 1187.5416666666665, "x": 1140, "structure_id": "Tr_28"}, {"parent_TextBlock": "Tb_5", "text": "tax                     year                     ending                     September                     30                     ,                     2011                     ,", "parent_Field": null, "parent_Choice_Field": null, "parent_ChoiceGroup": null, "w": 413.57500000000005, "h": 29.149999999999864, "y": 1214.6166666666666, "x": 1140, "structure_id": "Tr_29"}, {"parent_TextBlock": "Tb_5", "text": "was                     otherwise                     deductible                     by                     PEK                     and", "parent_Field": null, "parent_Choice_Field": null, "parent_ChoiceGroup": null, "w": 423.1749999999997, "h": 29.149999999999864, "y": 1241.6916666666666, "x": 1140, "structure_id": "Tr_30"}, {"parent_TextBlock": "Tb_5", "text": "includible                     in S?s                     gross                     income                     .                     For                     its", "parent_Field": null, "parent_Choice_Field": null, "parent_ChoiceGroup": null, "w": 417.20000000000005, "h": 29.149999999999864, "y": 1268.7666666666667, "x": 1140, "structure_id": "Tr_31"}, {"parent_TextBlock": "Tb_5", "text": "2011                     tax                     year                     ,                     it                     is                     an                     applicable                     amount", "parent_Field": null, "parent_Choice_Field": null, "parent_ChoiceGroup": null, "w": 451.5250000000003, "h": 29.149999999999864, "y": 1295.8416666666665, "x": 1140, "structure_id": "Tr_32"}, {"parent_TextBlock": "Tb_5", "text": "for                     PEK                     from                     the                     preceding                     tax                     year                     .", "parent_Field": null, "parent_Choice_Field": null, "parent_ChoiceGroup": null, "w": 407.4499999999998, "h": 29.149999999999864, "y": 1322.9166666666665, "x": 1140, "structure_id": "Tr_33"}, {"parent_TextBlock": "Tb_5", "text": "See                     Temporary                     Regulations                     section", "parent_Field": null, "parent_Choice_Field": null, "parent_ChoiceGroup": null, "w": 397.7249999999999, "h": 29.149999999999864, "y": 1356.1166666666666, "x": 1165, "structure_id": "Tr_34"}, {"parent_TextBlock": "Tb_5", "text": "1.280H                     -                     1T                     (                     c                     )                     for                     more                     information                     ,", "parent_Field": null, "parent_Choice_Field": null, "parent_ChoiceGroup": null, "w": 386.20000000000005, "h": 29.149999999999864, "y": 1383.1916666666666, "x": 1140, "structure_id": "Tr_35"}, {"parent_TextBlock": "Tb_5", "text": "including                     examples                     of                     the                     computation", "parent_Field": null, "parent_Choice_Field": null, "parent_ChoiceGroup": null, "w": 433.92499999999995, "h": 29.149999999999864, "y": 1410.2666666666664, "x": 1140, "structure_id": "Tr_36"}, {"parent_TextBlock": "Tb_5", "text": "of                     the                     preceding                     -                     year                     test                     and                     the                     3                     -                     year", "parent_Field": null, "parent_Choice_Field": null, "parent_ChoiceGroup": null, "w": 458.42499999999995, "h": 29.149999999999864, "y": 1437.3416666666665, "x": 1140, "structure_id": "Tr_37"}, {"parent_TextBlock": "Tb_5", "text": "average                     test                     .", "parent_Field": null, "parent_Choice_Field": null, "parent_ChoiceGroup": null, "w": 144.45000000000005, "h": 29.149999999999864, "y": 1464.4166666666667, "x": 1140, "structure_id": "Tr_38"}, {"parent_TextBlock": "Tb_6", "text": "Complete                     lines                     1                     through                     4                     to", "parent_Field": null, "parent_Choice_Field": null, "parent_ChoiceGroup": null, "w": 331.125, "h": 29.15000000000009, "y": 444.2666666666664, "x": 1165, "structure_id": "Tr_39"}, {"parent_TextBlock": "Tb_6", "text": "determine                     if                     the                     preceding                     year                     test", "parent_Field": null, "parent_Choice_Field": null, "parent_ChoiceGroup": null, "w": 396.375, "h": 29.15000000000009, "y": 471.34166666666664, "x": 1140, "structure_id": "Tr_40"}, {"parent_TextBlock": "Tb_6", "text": "applies                     to                     the                     PSC                     .                     If                     it                     does                     not                     ,", "parent_Field": null, "parent_Choice_Field": null, "parent_ChoiceGroup": null, "w": 369.0499999999997, "h": 29.15000000000009, "y": 498.4166666666665, "x": 1140, "structure_id": "Tr_41"}, {"parent_TextBlock": "Tb_6", "text": "complete                     the                     rest                     of                     Part                     I                     to                     see                     if                     the", "parent_Field": null, "parent_Choice_Field": null, "parent_ChoiceGroup": null, "w": 434.79999999999995, "h": 29.15000000000009, "y": 525.4916666666667, "x": 1140, "structure_id": "Tr_42"}, {"parent_TextBlock": "Tb_6", "text": "3                     -                     year                     average                     test                     applies                     .", "parent_Field": null, "parent_Choice_Field": null, "parent_ChoiceGroup": null, "w": 309.7499999999998, "h": 29.15000000000009, "y": 552.5666666666666, "x": 1140, "structure_id": "Tr_43"}, {"parent_TextBlock": "Tb_7", "text": "The                     amount                     determined                     under                     the", "parent_Field": null, "parent_Choice_Field": null, "parent_ChoiceGroup": null, "w": 380.72500000000014, "h": 29.15000000000009, "y": 323.7166666666667, "x": 1159.4499999999998, "structure_id": "Tr_44"}, {"parent_TextBlock": "Tb_7", "text": "preceding                     year                     test                     or", "parent_Field": null, "parent_Choice_Field": null, "parent_ChoiceGroup": null, "w": 244.92499999999973, "h": 29.15000000000009, "y": 350.7916666666666, "x": 1140, "structure_id": "Tr_45"}, {"parent_TextBlock": "Tb_8", "text": "?", "parent_Field": null, "parent_Choice_Field": null, "parent_ChoiceGroup": null, "w": 12.5, "h": 29.150000000000077, "y": 323.7166666666667, "x": 1140, "structure_id": "Tr_46"}, {"parent_TextBlock": "Tb_9", "text": "The                     amount                     determined                     under                     the", "parent_Field": null, "parent_Choice_Field": null, "parent_ChoiceGroup": null, "w": 380.72500000000014, "h": 29.15000000000009, "y": 383.99166666666656, "x": 1159.4499999999998, "structure_id": "Tr_47"}, {"parent_TextBlock": "Tb_9", "text": "3                     -                     year                     average                     test                     .", "parent_Field": null, "parent_Choice_Field": null, "parent_ChoiceGroup": null, "w": 222.70000000000005, "h": 29.15000000000009, "y": 411.06666666666644, "x": 1140, "structure_id": "Tr_48"}, {"parent_TextBlock": "Tb_10", "text": "?", "parent_Field": null, "parent_Choice_Field": null, "parent_ChoiceGroup": null, "w": 12.5, "h": 29.150000000000077, "y": 383.99166666666656, "x": 1140, "structure_id": "Tr_49"}, {"parent_TextBlock": "Tb_11", "text": "Enter                     the                     applicable                     amount                     that", "parent_Field": null, "parent_Choice_Field": null, "parent_ChoiceGroup": null, "w": 364.4749999999999, "h": 29.15000000000009, "y": 585.7666666666665, "x": 1225.2, "structure_id": "Tr_50"}, {"parent_TextBlock": "Tb_11", "text": "was                     paid                     or                     incurred                     in                     the                     preceding                     tax", "parent_Field": null, "parent_Choice_Field": null, "parent_ChoiceGroup": null, "w": 457.4499999999998, "h": 29.15000000000009, "y": 612.8416666666665, "x": 1140, "structure_id": "Tr_51"}, {"parent_TextBlock": "Tb_11", "text": "year                     to                     any                     employee                     -                     owner                     of                     the                     PSC", "parent_Field": null, "parent_Choice_Field": null, "parent_ChoiceGroup": null, "w": 446.3249999999998, "h": 29.15000000000009, "y": 639.9166666666666, "x": 1140, "structure_id": "Tr_52"}, {"parent_TextBlock": "Tb_11", "text": "and                     that                     was                     otherwise                     deductible                     by", "parent_Field": null, "parent_Choice_Field": null, "parent_ChoiceGroup": null, "w": 418.0999999999999, "h": 29.15000000000009, "y": 666.9916666666666, "x": 1140, "structure_id": "Tr_53"}, {"parent_TextBlock": "Tb_11", "text": "the                     PSC                     on                     its                     preceding                     income                     tax", "parent_Field": null, "parent_Choice_Field": null, "parent_ChoiceGroup": null, "w": 409.7999999999997, "h": 29.15000000000009, "y": 694.0666666666667, "x": 1140, "structure_id": "Tr_54"}, {"parent_TextBlock": "Tb_11", "text": "return                     .", "parent_Field": null, "parent_Choice_Field": null, "parent_ChoiceGroup": null, "w": 72.70000000000005, "h": 29.15000000000009, "y": 721.1416666666667, "x": 1140, "structure_id": "Tr_55"}, {"parent_TextBlock": "Tb_12", "text": "Line                     1                     .", "parent_Field": null, "parent_Choice_Field": null, "parent_ChoiceGroup": null, "w": 78.25, "h": 29.824999999999932, "y": 585.1916666666666, "x": 1140, "structure_id": "Tr_56"}, {"parent_TextBlock": "Tb_13", "text": "Complete                     Part                     II                     to                     figure                     the                     maximum", "parent_Field": null, "parent_Choice_Field": null, "parent_ChoiceGroup": null, "w": 439.47500000000014, "h": 29.15000000000009, "y": 1546.8249999999998, "x": 1140, "structure_id": "Tr_57"}, {"parent_TextBlock": "Tb_13", "text": "deduction                     under                     section                     280H                     (                     d                     )                     for", "parent_Field": null, "parent_Choice_Field": null, "parent_ChoiceGroup": null, "w": 402.8749999999998, "h": 29.15000000000009, "y": 1573.8999999999996, "x": 1140, "structure_id": "Tr_58"}, {"parent_TextBlock": "Tb_13", "text": "applicable                     amounts                     if                     the                     PSC                     did                     not", "parent_Field": null, "parent_Choice_Field": null, "parent_ChoiceGroup": null, "w": 423.7249999999999, "h": 29.15000000000009, "y": 1600.9749999999997, "x": 1140, "structure_id": "Tr_59"}, {"parent_TextBlock": "Tb_13", "text": "meet                     the                     minimum                     distribution", "parent_Field": null, "parent_Choice_Field": null, "parent_ChoiceGroup": null, "w": 339.9999999999998, "h": 29.15000000000009, "y": 1628.0499999999997, "x": 1140, "structure_id": "Tr_60"}, {"parent_TextBlock": "Tb_13", "text": "requirement                     figured                     in                     Part                     I                     .", "parent_Field": null, "parent_Choice_Field": null, "parent_ChoiceGroup": null, "w": 318.5749999999998, "h": 29.15000000000009, "y": 1655.1249999999998, "x": 1140, "structure_id": "Tr_61"}, {"parent_TextBlock": "Tb_14", "text": "Part                     II", "parent_Field": null, "parent_Choice_Field": null, "parent_ChoiceGroup": null, "w": 94.99999999999977, "h": 39.76666666666665, "y": 1506.297222222222, "x": 1140, "structure_id": "Tr_62"}, {"parent_TextBlock": "Tb_15", "text": "General                     Instructions", "parent_Field": null, "parent_Choice_Field": null, "parent_ChoiceGroup": null, "w": 376.56111111111113, "h": 46.394444444444446, "y": 150.9583333333334, "x": 100, "structure_id": "Tr_63"}, {"parent_TextBlock": "Tb_15", "text": "Section                     references                     are                     to                     the                     Internal", "parent_Field": null, "parent_Choice_Field": null, "parent_ChoiceGroup": null, "w": 419.47500000000014, "h": 29.15000000000009, "y": 200.15833333333336, "x": 100, "structure_id": "Tr_64"}, {"parent_TextBlock": "Tb_15", "text": "Revenue                     Code                     unless                     otherwise                     noted                     .", "parent_Field": null, "parent_Choice_Field": null, "parent_ChoiceGroup": null, "w": 444.5, "h": 29.150000000000063, "y": 227.23333333333326, "x": 100, "structure_id": "Tr_65"}, {"parent_TextBlock": "Tb_16", "text": "Purpose                     of                     Schedule", "parent_Field": null, "parent_Choice_Field": null, "parent_ChoiceGroup": null, "w": 330.2666666666666, "h": 39.766666666666765, "y": 268.79722222222205, "x": 100, "structure_id": "Tr_66"}, {"parent_TextBlock": "Tb_17", "text": "Use                     Part                     I                     of                     Schedule                     H                     to                     determine", "parent_Field": null, "parent_Choice_Field": null, "parent_ChoiceGroup": null, "w": 423.67500000000007, "h": 29.15000000000009, "y": 674.0916666666667, "x": 125, "structure_id": "Tr_67"}, {"parent_TextBlock": "Tb_17", "text": "if                     the                     PSC                     meets                     the                     minimum", "parent_Field": null, "parent_Choice_Field": null, "parent_ChoiceGroup": null, "w": 339.9750000000001, "h": 29.15000000000009, "y": 701.1666666666665, "x": 100, "structure_id": "Tr_68"}, {"parent_TextBlock": "Tb_17", "text": "distribution                     requirement                     of                     section", "parent_Field": null, "parent_Choice_Field": null, "parent_ChoiceGroup": null, "w": 382.95000000000005, "h": 29.15000000000009, "y": 728.2416666666667, "x": 100, "structure_id": "Tr_69"}, {"parent_TextBlock": "Tb_17", "text": "280H                     (                     c                     )                     for                     the                     tax                     year                     .                     Use                     Part                     II                     to", "parent_Field": null, "parent_Choice_Field": null, "parent_ChoiceGroup": null, "w": 420.85000000000025, "h": 29.149999999999864, "y": 755.3166666666666, "x": 100, "structure_id": "Tr_70"}, {"parent_TextBlock": "Tb_17", "text": "figure                     the                     limits                     on                     deductions                     under", "parent_Field": null, "parent_Choice_Field": null, "parent_ChoiceGroup": null, "w": 408.4500000000001, "h": 29.149999999999864, "y": 782.3916666666667, "x": 100, "structure_id": "Tr_71"}, {"parent_TextBlock": "Tb_17", "text": "section                     280H                     (                     d                     )                     if                     the                     requirement                     is                     not", "parent_Field": null, "parent_Choice_Field": null, "parent_ChoiceGroup": null, "w": 446.8750000000001, "h": 29.149999999999864, "y": 809.4666666666665, "x": 100, "structure_id": "Tr_72"}, {"parent_TextBlock": "Tb_17", "text": "met                     .", "parent_Field": null, "parent_Choice_Field": null, "parent_ChoiceGroup": null, "w": 49.57500000000002, "h": 29.149999999999864, "y": 836.5416666666665, "x": 100, "structure_id": "Tr_73"}, {"parent_TextBlock": "Tb_18", "text": "A                     personal                     service                     corporation                     (                     PSC                     )                     (                     as", "parent_Field": null, "parent_Choice_Field": null, "parent_ChoiceGroup": null, "w": 450.9, "h": 29.15000000000009, "y": 315.9916666666665, "x": 100, "structure_id": "Tr_74"}, {"parent_TextBlock": "Tb_18", "text": "defined                     in                     section                     441                     (                     i                     )                     (                     2                                         ) )                     may                     elect", "parent_Field": null, "parent_Choice_Field": null, "parent_ChoiceGroup": null, "w": 413.05000000000007, "h": 29.15000000000009, "y": 343.0666666666667, "x": 100, "structure_id": "Tr_75"}, {"parent_TextBlock": "Tb_18", "text": "under                     section                     444                     to                     have                     a                     tax                     year", "parent_Field": null, "parent_Choice_Field": null, "parent_ChoiceGroup": null, "w": 406.57500000000016, "h": 29.15000000000009, "y": 370.1416666666666, "x": 100, "structure_id": "Tr_76"}, {"parent_TextBlock": "Tb_18", "text": "other                     than                     a                     calendar                     year                     .                     A                     PSC                     that", "parent_Field": null, "parent_Choice_Field": null, "parent_ChoiceGroup": null, "w": 429.70000000000016, "h": 29.15000000000009, "y": 397.21666666666647, "x": 100, "structure_id": "Tr_77"}, {"parent_TextBlock": "Tb_18", "text": "makes                     the                     election                     is                     subject                     to                     the", "parent_Field": null, "parent_Choice_Field": null, "parent_ChoiceGroup": null, "w": 395.025, "h": 29.15000000000009, "y": 424.2916666666667, "x": 100, "structure_id": "Tr_78"}, {"parent_TextBlock": "Tb_18", "text": "minimum                     distribution                     requirement                     of", "parent_Field": null, "parent_Choice_Field": null, "parent_ChoiceGroup": null, "w": 404.8000000000001, "h": 29.15000000000009, "y": 451.36666666666656, "x": 100, "structure_id": "Tr_79"}, {"parent_TextBlock": "Tb_18", "text": "section                     280H                     for                     the                     year                     the                     election                     is", "parent_Field": null, "parent_Choice_Field": null, "parent_ChoiceGroup": null, "w": 443.1250000000002, "h": 29.15000000000009, "y": 478.4416666666667, "x": 100, "structure_id": "Tr_80"}, {"parent_TextBlock": "Tb_18", "text": "made                     and                     for                     each                     tax                     year                     the                     election", "parent_Field": null, "parent_Choice_Field": null, "parent_ChoiceGroup": null, "w": 442.6750000000003, "h": 29.150000000000034, "y": 505.5166666666666, "x": 100, "structure_id": "Tr_81"}, {"parent_TextBlock": "Tb_18", "text": "remains                     in                     effect                     .                     If                     the                     PSC                     does                     not", "parent_Field": null, "parent_Choice_Field": null, "parent_ChoiceGroup": null, "w": 417.20000000000016, "h": 29.15000000000009, "y": 532.5916666666665, "x": 100, "structure_id": "Tr_82"}, {"parent_TextBlock": "Tb_18", "text": "meet                     the                     requirement                     ,                     its                     deduction                     for", "parent_Field": null, "parent_Choice_Field": null, "parent_ChoiceGroup": null, "w": 435.32500000000005, "h": 29.15000000000009, "y": 559.6666666666667, "x": 100, "structure_id": "Tr_83"}, {"parent_TextBlock": "Tb_18", "text": "amounts                     paid                     or                     incurred                     to                     employee                     -", "parent_Field": null, "parent_Choice_Field": null, "parent_ChoiceGroup": null, "w": 435.7750000000001, "h": 29.15000000000009, "y": 586.7416666666666, "x": 100, "structure_id": "Tr_84"}, {"parent_TextBlock": "Tb_18", "text": "Applicable                     amount", "parent_Field": null, "parent_Choice_Field": null, "parent_ChoiceGroup": null, "w": 208.87500000000003, "h": 29.274999999999977, "y": 613.6916666666666, "x": 241.17499999999998, "structure_id": "Tr_85"}, {"parent_TextBlock": "Tb_18", "text": "owners                     (                     see                     below                     )                     is", "parent_Field": null, "parent_Choice_Field": null, "parent_ChoiceGroup": null, "w": 455.57499999999993, "h": 29.15000000000009, "y": 613.8166666666665, "x": 100, "structure_id": "Tr_86"}, {"parent_TextBlock": "Tb_18", "text": "limited                     .", "parent_Field": null, "parent_Choice_Field": null, "parent_ChoiceGroup": null, "w": 81.04999999999998, "h": 29.15000000000009, "y": 640.8916666666667, "x": 100, "structure_id": "Tr_87"}, {"parent_TextBlock": "Tb_19", "text": "Who                     Must                     File", "parent_Field": null, "parent_Choice_Field": null, "parent_ChoiceGroup": null, "w": 225.86666666666667, "h": 39.76666666666665, "y": 878.2416666666666, "x": 100, "structure_id": "Tr_88"}, {"parent_TextBlock": "Tb_20", "text": "A                     PSC                     that                     has                     elected                     under                     section", "parent_Field": null, "parent_Choice_Field": null, "parent_ChoiceGroup": null, "w": 418.60000000000014, "h": 29.149999999999864, "y": 921.5472222222222, "x": 100, "structure_id": "Tr_89"}, {"parent_TextBlock": "Tb_20", "text": "444                     to                     have                     a                     tax                     year                     other                     than                     a", "parent_Field": null, "parent_Choice_Field": null, "parent_ChoiceGroup": null, "w": 388.5250000000001, "h": 29.149999999999864, "y": 948.622222222222, "x": 100, "structure_id": "Tr_90"}, {"parent_TextBlock": "Tb_20", "text": "calendar                     year                     must                     complete                     Schedule", "parent_Field": null, "parent_Choice_Field": null, "parent_ChoiceGroup": null, "w": 436.225, "h": 29.149999999999864, "y": 975.6972222222221, "x": 100, "structure_id": "Tr_91"}, {"parent_TextBlock": "Tb_20", "text": "H                     .                     If                     the                     PSC                     does                     not                     meet                     the", "parent_Field": null, "parent_Choice_Field": null, "parent_ChoiceGroup": null, "w": 355.65000000000003, "h": 29.149999999999864, "y": 1002.7722222222221, "x": 100, "structure_id": "Tr_92"}, {"parent_TextBlock": "Tb_20", "text": "minimum                     distribution                     requirement                     of", "parent_Field": null, "parent_Choice_Field": null, "parent_ChoiceGroup": null, "w": 404.8000000000001, "h": 29.149999999999864, "y": 1029.8472222222222, "x": 100, "structure_id": "Tr_93"}, {"parent_TextBlock": "Tb_20", "text": "section                     280H                     for                     the                     tax                     year                     ,                     it                     must                     file", "parent_Field": null, "parent_Choice_Field": null, "parent_ChoiceGroup": null, "w": 451.475, "h": 29.149999999999864, "y": 1056.922222222222, "x": 100, "structure_id": "Tr_94"}, {"parent_TextBlock": "Tb_20", "text": "Schedule                     H                     with                     its                     Form                     1120                     .                     If                     it                     does", "parent_Field": null, "parent_Choice_Field": null, "parent_ChoiceGroup": null, "w": 453.8000000000002, "h": 29.149999999999864, "y": 1083.997222222222, "x": 100, "structure_id": "Tr_95"}, {"parent_TextBlock": "Tb_20", "text": "meet                     the                     requirement                     ,                     it                     does                     not                     need", "parent_Field": null, "parent_Choice_Field": null, "parent_ChoiceGroup": null, "w": 434.42499999999995, "h": 29.149999999999864, "y": 1111.072222222222, "x": 100, "structure_id": "Tr_96"}, {"parent_TextBlock": "Tb_20", "text": "to                     attach                     the                     completed                     Schedule                     H                     to", "parent_Field": null, "parent_Choice_Field": null, "parent_ChoiceGroup": null, "w": 433, "h": 29.149999999999864, "y": 1138.1472222222221, "x": 100, "structure_id": "Tr_97"}, {"parent_TextBlock": "Tb_20", "text": "its                     tax                     return                     ,                     but                     it                     should                     keep                     it                     with", "parent_Field": null, "parent_Choice_Field": null, "parent_ChoiceGroup": null, "w": 427.8750000000001, "h": 29.149999999999864, "y": 1165.2222222222222, "x": 100, "structure_id": "Tr_98"}, {"parent_TextBlock": "Tb_20", "text": "its                     tax                     records                     .", "parent_Field": null, "parent_Choice_Field": null, "parent_ChoiceGroup": null, "w": 166.2, "h": 29.149999999999864, "y": 1192.2972222222222, "x": 100, "structure_id": "Tr_99"}, {"parent_TextBlock": "Tb_21", "text": "Definitions", "parent_Field": null, "parent_Choice_Field": null, "parent_ChoiceGroup": null, "w": 170.26666666666665, "h": 39.766666666666595, "y": 1233.9361111111111, "x": 100, "structure_id": "Tr_100"}, {"parent_TextBlock": "Tb_22", "text": "Applicable                     election                     year                     .", "parent_Field": null, "parent_Choice_Field": null, "parent_ChoiceGroup": null, "w": 292.45000000000005, "h": 29.824999999999818, "y": 1276.6666666666665, "x": 100, "structure_id": "Tr_101"}, {"parent_TextBlock": "Tb_22", "text": "An                     applicable", "parent_Field": null, "parent_Choice_Field": null, "parent_ChoiceGroup": null, "w": 151.875, "h": 29.149999999999864, "y": 1277.2416666666666, "x": 399.4, "structure_id": "Tr_102"}, {"parent_TextBlock": "Tb_22", "text": "election                     year                     is                     any                     tax                     year                     in                     which                     a", "parent_Field": null, "parent_Choice_Field": null, "parent_ChoiceGroup": null, "w": 429.17500000000007, "h": 29.149999999999864, "y": 1304.3166666666666, "x": 100, "structure_id": "Tr_103"}, {"parent_TextBlock": "Tb_22", "text": "section                     444                     election                     is                     in                     effect                     .", "parent_Field": null, "parent_Choice_Field": null, "parent_ChoiceGroup": null, "w": 352.37500000000006, "h": 29.149999999999864, "y": 1331.3916666666667, "x": 100, "structure_id": "Tr_104"}, {"parent_TextBlock": "Tb_23", "text": "Applicable                     amount                     .", "parent_Field": null, "parent_Choice_Field": null, "parent_ChoiceGroup": null, "w": 229.97500000000002, "h": 29.824999999999818, "y": 1364.0166666666667, "x": 100, "structure_id": "Tr_105"}, {"parent_TextBlock": "Tb_23", "text": "An                     applicable", "parent_Field": null, "parent_Choice_Field": null, "parent_ChoiceGroup": null, "w": 151.875, "h": 29.149999999999864, "y": 1364.5916666666665, "x": 336.925, "structure_id": "Tr_106"}, {"parent_TextBlock": "Tb_23", "text": "amount                     is                     any                     amount                     otherwise", "parent_Field": null, "parent_Choice_Field": null, "parent_ChoiceGroup": null, "w": 363.5250000000001, "h": 29.149999999999864, "y": 1391.6666666666665, "x": 100, "structure_id": "Tr_107"}, {"parent_TextBlock": "Tb_23", "text": "deductible                     by                     a                     PSC                     in                     a                     tax                     year                     that                     is", "parent_Field": null, "parent_Choice_Field": null, "parent_ChoiceGroup": null, "w": 447.30000000000007, "h": 29.149999999999864, "y": 1418.7416666666666, "x": 100, "structure_id": "Tr_108"}, {"parent_TextBlock": "Tb_23", "text": "includible                     (                     directly                     or                     indirectly                     )                     in                     the", "parent_Field": null, "parent_Choice_Field": null, "parent_ChoiceGroup": null, "w": 413.92500000000007, "h": 29.149999999999864, "y": 1445.8166666666664, "x": 100, "structure_id": "Tr_109"}, {"parent_TextBlock": "Tb_23", "text": "gross                     income                     of                     a                     taxpayer                     who                     is                     an", "parent_Field": null, "parent_Choice_Field": null, "parent_ChoiceGroup": null, "w": 417.1500000000001, "h": 29.149999999999864, "y": 1472.8916666666667, "x": 100, "structure_id": "Tr_110"}, {"parent_TextBlock": "Tb_23", "text": "employee                     -                     owner                     at                     any                     time                     during                     that", "parent_Field": null, "parent_Choice_Field": null, "parent_ChoiceGroup": null, "w": 445.47500000000014, "h": 29.15000000000009, "y": 1499.9666666666665, "x": 100, "structure_id": "Tr_111"}, {"parent_TextBlock": "Tb_23", "text": "year                     .                     See                     the                     instructions                     for                     line                     1                     for                     an", "parent_Field": null, "parent_Choice_Field": null, "parent_ChoiceGroup": null, "w": 457.92500000000007, "h": 29.15000000000009, "y": 1527.0416666666663, "x": 100, "structure_id": "Tr_112"}, {"parent_TextBlock": "Tb_23", "text": "example                     of                     how                     to                     figure                     a PSC?s", "parent_Field": null, "parent_Choice_Field": null, "parent_ChoiceGroup": null, "w": 374.0750000000001, "h": 29.15000000000009, "y": 1554.1166666666666, "x": 100, "structure_id": "Tr_113"}, {"parent_TextBlock": "Tb_23", "text": "applicable                     amounts                     .", "parent_Field": null, "parent_Choice_Field": null, "parent_ChoiceGroup": null, "w": 226.00000000000006, "h": 29.15000000000009, "y": 1581.1916666666664, "x": 100, "structure_id": "Tr_114"}, {"parent_TextBlock": "Tb_24", "text": "Exception                     .", "parent_Field": null, "parent_Choice_Field": null, "parent_ChoiceGroup": null, "w": 125.94999999999996, "h": 29.825000000000045, "y": 1613.8166666666664, "x": 125, "structure_id": "Tr_115"}, {"parent_TextBlock": "Tb_24", "text": "Dividends                     paid                     by                     the", "parent_Field": null, "parent_Choice_Field": null, "parent_ChoiceGroup": null, "w": 242.67500000000007, "h": 29.15000000000009, "y": 1614.3916666666664, "x": 257.9, "structure_id": "Tr_116"}, {"parent_TextBlock": "Tb_24", "text": "corporation                     and                     gain                     on                     the                     sale                     or", "parent_Field": null, "parent_Choice_Field": null, "parent_ChoiceGroup": null, "w": 390.80000000000007, "h": 29.15000000000009, "y": 1641.4666666666662, "x": 100, "structure_id": "Tr_117"}, {"parent_TextBlock": "Tb_25", "text": "2", "parent_Field": null, "parent_Choice_Field": null, "parent_ChoiceGroup": null, "w": 15.444444444444343, "h": 33.13888888888876, "y": 95.52500000000002, "x": 1584.5555555555557, "structure_id": "Tr_118"}, {"parent_TextBlock": "Tb_25", "text": "Page", "parent_Field": null, "parent_Choice_Field": null, "parent_ChoiceGroup": null, "w": 44.64444444444439, "h": 22.672222222222317, "y": 104.09722222222229, "x": 1529.1, "structure_id": "Tr_119"}, {"parent_TextBlock": "Tb_26", "text": "exchange                     of                     property                     between                     the", "parent_Field": null, "parent_Choice_Field": null, "parent_ChoiceGroup": null, "w": 383.82500000000016, "h": 29.15000000000009, "y": 155.06666666666655, "x": 620, "structure_id": "Tr_120"}, {"parent_TextBlock": "Tb_26", "text": "owner                     -                     employee                     and                     the                     corporation", "parent_Field": null, "parent_Choice_Field": null, "parent_ChoiceGroup": null, "w": 414.4000000000001, "h": 29.150000000000063, "y": 182.14166666666674, "x": 620, "structure_id": "Tr_121"}, {"parent_TextBlock": "Tb_26", "text": "are                     not                     applicable                     amounts                     .", "parent_Field": null, "parent_Choice_Field": null, "parent_ChoiceGroup": null, "w": 311.20000000000005, "h": 29.150000000000063, "y": 209.2166666666666, "x": 620, "structure_id": "Tr_122"}, {"parent_TextBlock": "Tb_27", "text": "Example                     .", "parent_Field": null, "parent_Choice_Field": null, "parent_ChoiceGroup": null, "w": 109.72499999999991, "h": 29.824999999999932, "y": 813.9666666666666, "x": 645, "structure_id": "Tr_123"}, {"parent_TextBlock": "Tb_27", "text": "The                     PSC                     elects                     a                     tax                     year", "parent_Field": null, "parent_Choice_Field": null, "parent_ChoiceGroup": null, "w": 288.42499999999995, "h": 29.149999999999864, "y": 814.5416666666665, "x": 761.675, "structure_id": "Tr_124"}, {"parent_TextBlock": "Tb_27", "text": "that                     ends                     on                     September                     30                     .                     Since                     the", "parent_Field": null, "parent_Choice_Field": null, "parent_ChoiceGroup": null, "w": 423.7750000000001, "h": 29.149999999999864, "y": 841.6166666666666, "x": 620, "structure_id": "Tr_125"}, {"parent_TextBlock": "Tb_27", "text": "required                     tax                     year                     for                     a                     PSC                     is                     the", "parent_Field": null, "parent_Choice_Field": null, "parent_ChoiceGroup": null, "w": 370.375, "h": 29.149999999999864, "y": 868.6916666666666, "x": 620, "structure_id": "Tr_126"}, {"parent_TextBlock": "Tb_27", "text": "calendar                     year                     ,                     the                     deferral                     period                     is                     3", "parent_Field": null, "parent_Choice_Field": null, "parent_ChoiceGroup": null, "w": 415.7750000000001, "h": 29.149999999999864, "y": 895.7666666666667, "x": 620, "structure_id": "Tr_127"}, {"parent_TextBlock": "Tb_27", "text": "months                     (                     the                     number                     of                     months                     between", "parent_Field": null, "parent_Choice_Field": null, "parent_ChoiceGroup": null, "w": 447.39999999999986, "h": 29.149999999999864, "y": 922.8416666666665, "x": 620, "structure_id": "Tr_128"}, {"parent_TextBlock": "Tb_27", "text": "September                     30                     and                     December                     31                     )                     .", "parent_Field": null, "parent_Choice_Field": null, "parent_ChoiceGroup": null, "w": 378.4000000000002, "h": 29.149999999999864, "y": 949.9166666666665, "x": 620, "structure_id": "Tr_129"}, {"parent_TextBlock": "Tb_28", "text": "Adjusted                     taxable                     income                     .", "parent_Field": null, "parent_Choice_Field": null, "parent_ChoiceGroup": null, "w": 301.775, "h": 29.824999999999818, "y": 1096.9666666666665, "x": 620, "structure_id": "Tr_130"}, {"parent_TextBlock": "Tb_28", "text": "Adjusted", "parent_Field": null, "parent_Choice_Field": null, "parent_ChoiceGroup": null, "w": 99.10000000000002, "h": 29.149999999999864, "y": 1097.5416666666665, "x": 928.725, "structure_id": "Tr_131"}, {"parent_TextBlock": "Tb_28", "text": "taxable                     income                     is                     taxable                     income", "parent_Field": null, "parent_Choice_Field": null, "parent_ChoiceGroup": null, "w": 372.7499999999999, "h": 29.149999999999864, "y": 1124.6166666666666, "x": 620, "structure_id": "Tr_132"}, {"parent_TextBlock": "Tb_28", "text": "determined                     without                     regard                     to                     :", "parent_Field": null, "parent_Choice_Field": null, "parent_ChoiceGroup": null, "w": 332.0000000000001, "h": 29.149999999999864, "y": 1151.6916666666666, "x": 620, "structure_id": "Tr_133"}, {"parent_TextBlock": "Tb_29", "text": "Adjusted                     taxable                     income                     for                     the", "parent_Field": null, "parent_Choice_Field": null, "parent_ChoiceGroup": null, "w": 355.625, "h": 29.149999999999864, "y": 1305.4416666666666, "x": 645, "structure_id": "Tr_134"}, {"parent_TextBlock": "Tb_29", "text": "deferral                     period                     of                     an                     applicable                     election", "parent_Field": null, "parent_Choice_Field": null, "parent_ChoiceGroup": null, "w": 442.1500000000001, "h": 29.149999999999864, "y": 1332.5166666666664, "x": 620, "structure_id": "Tr_135"}, {"parent_TextBlock": "Tb_29", "text": "year                     is                     the                     adjusted                     taxable                     income                     that", "parent_Field": null, "parent_Choice_Field": null, "parent_ChoiceGroup": null, "w": 445.4749999999999, "h": 29.149999999999864, "y": 1359.5916666666665, "x": 620, "structure_id": "Tr_136"}, {"parent_TextBlock": "Tb_29", "text": "would                     result                     if                     the                     PSC                     filed                     an                     income", "parent_Field": null, "parent_Choice_Field": null, "parent_ChoiceGroup": null, "w": 432.45000000000005, "h": 29.149999999999864, "y": 1386.6666666666665, "x": 620, "structure_id": "Tr_137"}, {"parent_TextBlock": "Tb_29", "text": "tax                     return                     for                     the                     deferral                     period                     under", "parent_Field": null, "parent_Choice_Field": null, "parent_ChoiceGroup": null, "w": 427.3499999999999, "h": 29.149999999999864, "y": 1413.7416666666666, "x": 620, "structure_id": "Tr_138"}, {"parent_TextBlock": "Tb_29", "text": "its                     normal                     method                     of                     accounting                     .", "parent_Field": null, "parent_Choice_Field": null, "parent_ChoiceGroup": null, "w": 369.1, "h": 29.149999999999864, "y": 1440.8166666666666, "x": 620, "structure_id": "Tr_139"}, {"parent_TextBlock": "Tb_29", "text": "Reasonable                     estimates                     are                     acceptable                     .", "parent_Field": null, "parent_Choice_Field": null, "parent_ChoiceGroup": null, "w": 426.45000000000005, "h": 29.149999999999864, "y": 1467.8916666666667, "x": 620, "structure_id": "Tr_140"}, {"parent_TextBlock": "Tb_29", "text": "For                     more                     information                     ,                     see                     Temporary", "parent_Field": null, "parent_Choice_Field": null, "parent_ChoiceGroup": null, "w": 415.3499999999999, "h": 29.15000000000009, "y": 1501.0916666666665, "x": 645, "structure_id": "Tr_141"}, {"parent_TextBlock": "Tb_29", "text": "Regulations                     section                     1.280H                     -                     1T                     (                     c                     )                     (                     3                     )                     (                     iii                     )                     .", "parent_Field": null, "parent_Choice_Field": null, "parent_ChoiceGroup": null, "w": 435.22500000000014, "h": 29.15000000000009, "y": 1528.1666666666665, "x": 620, "structure_id": "Tr_142"}, {"parent_TextBlock": "Tb_30", "text": "Deferral                     period                     .", "parent_Field": null, "parent_Choice_Field": null, "parent_ChoiceGroup": null, "w": 186.04999999999995, "h": 29.824999999999932, "y": 699.5416666666667, "x": 620, "structure_id": "Tr_143"}, {"parent_TextBlock": "Tb_30", "text": "The                     deferral                     period                     is", "parent_Field": null, "parent_Choice_Field": null, "parent_ChoiceGroup": null, "w": 236.57499999999982, "h": 29.15000000000009, "y": 700.1166666666667, "x": 813, "structure_id": "Tr_144"}, {"parent_TextBlock": "Tb_30", "text": "the                     number                     of                     months                     between                     the                     last", "parent_Field": null, "parent_Choice_Field": null, "parent_ChoiceGroup": null, "w": 438.57500000000005, "h": 29.15000000000009, "y": 727.1916666666666, "x": 620, "structure_id": "Tr_145"}, {"parent_TextBlock": "Tb_30", "text": "day                     of                     the                     elected                     tax                     year                     and                     the                     last", "parent_Field": null, "parent_Choice_Field": null, "parent_ChoiceGroup": null, "w": 433.8750000000002, "h": 29.15000000000009, "y": 754.2666666666665, "x": 620, "structure_id": "Tr_146"}, {"parent_TextBlock": "Tb_30", "text": "day                     of                     the                     required                     tax                     year                     .", "parent_Field": null, "parent_Choice_Field": null, "parent_ChoiceGroup": null, "w": 313.92500000000007, "h": 29.149999999999864, "y": 781.3416666666665, "x": 620, "structure_id": "Tr_147"}, {"parent_TextBlock": "Tb_31", "text": "Nondeferral                     period                     .", "parent_Field": null, "parent_Choice_Field": null, "parent_ChoiceGroup": null, "w": 231.42500000000007, "h": 29.824999999999932, "y": 982.5416666666665, "x": 620, "structure_id": "Tr_148"}, {"parent_TextBlock": "Tb_31", "text": "The                     nondeferral", "parent_Field": null, "parent_Choice_Field": null, "parent_ChoiceGroup": null, "w": 175.47500000000002, "h": 29.149999999999864, "y": 983.1166666666666, "x": 858.3749999999999, "structure_id": "Tr_149"}, {"parent_TextBlock": "Tb_31", "text": "period                     is                     the                     part                     of                     the                     tax                     year                     that", "parent_Field": null, "parent_Choice_Field": null, "parent_ChoiceGroup": null, "w": 406.5500000000002, "h": 29.149999999999864, "y": 1010.1916666666666, "x": 620, "structure_id": "Tr_150"}, {"parent_TextBlock": "Tb_31", "text": "occurs                     after                     the                     part                     of                     the                     year                     that", "parent_Field": null, "parent_Choice_Field": null, "parent_ChoiceGroup": null, "w": 402.375, "h": 29.149999999999864, "y": 1037.2666666666667, "x": 620, "structure_id": "Tr_151"}, {"parent_TextBlock": "Tb_31", "text": "constitutes                     the                     deferral                     period                     .", "parent_Field": null, "parent_Choice_Field": null, "parent_ChoiceGroup": null, "w": 342.17500000000007, "h": 29.149999999999864, "y": 1064.3416666666665, "x": 620, "structure_id": "Tr_152"}, {"parent_TextBlock": "Tb_32", "text": "Employee                     -                     owner                     .", "parent_Field": null, "parent_Choice_Field": null, "parent_ChoiceGroup": null, "w": 209.17499999999995, "h": 29.824999999999932, "y": 437.49166666666656, "x": 620, "structure_id": "Tr_153"}, {"parent_TextBlock": "Tb_32", "text": "An                     employee                     -                     owner", "parent_Field": null, "parent_Choice_Field": null, "parent_ChoiceGroup": null, "w": 224.54999999999995, "h": 29.15000000000009, "y": 438.0666666666665, "x": 836.125, "structure_id": "Tr_154"}, {"parent_TextBlock": "Tb_32", "text": "is                     a                     person                     who                     ,                     on                     any                     day                     of                     the", "parent_Field": null, "parent_Choice_Field": null, "parent_ChoiceGroup": null, "w": 384.32500000000005, "h": 29.15000000000009, "y": 465.1416666666667, "x": 620, "structure_id": "Tr_155"}, {"parent_TextBlock": "Tb_32", "text": "PSC?s                     tax                     years                     :", "parent_Field": null, "parent_Choice_Field": null, "parent_ChoiceGroup": null, "w": 185.17499999999995, "h": 29.15000000000009, "y": 492.2166666666666, "x": 620, "structure_id": "Tr_156"}, {"parent_TextBlock": "Tb_33", "text": "An                     amount                     is                     indirectly                     includible                     in", "parent_Field": null, "parent_Choice_Field": null, "parent_ChoiceGroup": null, "w": 394.54999999999995, "h": 29.150000000000063, "y": 242.4166666666666, "x": 645, "structure_id": "Tr_157"}, {"parent_TextBlock": "Tb_33", "text": "the                     gross                     income                     of                     an                     employee                     -                     owner", "parent_Field": null, "parent_Choice_Field": null, "parent_ChoiceGroup": null, "w": 450.52499999999986, "h": 29.15000000000009, "y": 269.4916666666665, "x": 620, "structure_id": "Tr_158"}, {"parent_TextBlock": "Tb_33", "text": "if                     the                     amount                     is                     includible                     in                     the                     gross", "parent_Field": null, "parent_Choice_Field": null, "parent_ChoiceGroup": null, "w": 422.79999999999995, "h": 29.15000000000009, "y": 296.56666666666666, "x": 620, "structure_id": "Tr_159"}, {"parent_TextBlock": "Tb_33", "text": "income                     of                     certain                     related                     parties                     .                     For", "parent_Field": null, "parent_Choice_Field": null, "parent_ChoiceGroup": null, "w": 411.1500000000001, "h": 29.15000000000009, "y": 323.64166666666654, "x": 620, "structure_id": "Tr_160"}, {"parent_TextBlock": "Tb_33", "text": "details                     and                     examples                     ,                     see                     Temporary", "parent_Field": null, "parent_Choice_Field": null, "parent_ChoiceGroup": null, "w": 417.67499999999995, "h": 29.15000000000009, "y": 350.71666666666647, "x": 620, "structure_id": "Tr_161"}, {"parent_TextBlock": "Tb_33", "text": "Regulations                     sections                     1.280H                     -                     1T                     (                     b                     )                     (                     4                     )                     (                     ii                     )", "parent_Field": null, "parent_Choice_Field": null, "parent_ChoiceGroup": null, "w": 436.625, "h": 29.15000000000009, "y": 377.79166666666663, "x": 620, "structure_id": "Tr_162"}, {"parent_TextBlock": "Tb_33", "text": "and                     1.280H                     -                     1T                     (                     b                     )                     (                     4                     )                     (                     iii                     )                     .", "parent_Field": null, "parent_Choice_Field": null, "parent_ChoiceGroup": null, "w": 258.85, "h": 29.15000000000009, "y": 404.8666666666665, "x": 620, "structure_id": "Tr_163"}, {"parent_TextBlock": "Tb_34", "text": "Is                     an                     employee                     of                     the                     PSC                     or                     who", "parent_Field": null, "parent_Choice_Field": null, "parent_ChoiceGroup": null, "w": 381.05000000000007, "h": 29.15000000000009, "y": 525.4166666666666, "x": 639.4499999999999, "structure_id": "Tr_164"}, {"parent_TextBlock": "Tb_34", "text": "performs                     services                     for                     or                     on                     behalf                     of                     the", "parent_Field": null, "parent_Choice_Field": null, "parent_ChoiceGroup": null, "w": 447.25, "h": 29.15000000000009, "y": 552.4916666666664, "x": 620, "structure_id": "Tr_165"}, {"parent_TextBlock": "Tb_34", "text": "PSC                     (                     including                     an                     independent", "parent_Field": null, "parent_Choice_Field": null, "parent_ChoiceGroup": null, "w": 345.92499999999995, "h": 29.15000000000009, "y": 579.5666666666666, "x": 620, "structure_id": "Tr_166"}, {"parent_TextBlock": "Tb_34", "text": "contractor                     )                     and", "parent_Field": null, "parent_Choice_Field": null, "parent_ChoiceGroup": null, "w": 170.85000000000002, "h": 29.15000000000009, "y": 606.6416666666665, "x": 620, "structure_id": "Tr_167"}, {"parent_TextBlock": "Tb_35", "text": "?", "parent_Field": null, "parent_Choice_Field": null, "parent_ChoiceGroup": null, "w": 12.5, "h": 29.150000000000077, "y": 525.4166666666666, "x": 620, "structure_id": "Tr_168"}, {"parent_TextBlock": "Tb_36", "text": "Owns                     any                     outstanding                     stock                     of                     the", "parent_Field": null, "parent_Choice_Field": null, "parent_ChoiceGroup": null, "w": 389.45000000000016, "h": 29.15000000000009, "y": 639.8416666666666, "x": 639.4499999999999, "structure_id": "Tr_169"}, {"parent_TextBlock": "Tb_36", "text": "PSC                     .", "parent_Field": null, "parent_Choice_Field": null, "parent_ChoiceGroup": null, "w": 57.399999999999864, "h": 29.15000000000009, "y": 666.9166666666667, "x": 620, "structure_id": "Tr_170"}, {"parent_TextBlock": "Tb_37", "text": "?", "parent_Field": null, "parent_Choice_Field": null, "parent_ChoiceGroup": null, "w": 12.5, "h": 29.150000000000077, "y": 639.8416666666666, "x": 620, "structure_id": "Tr_171"}, {"parent_TextBlock": "Tb_38", "text": "Applicable                     amounts                     and", "parent_Field": null, "parent_Choice_Field": null, "parent_ChoiceGroup": null, "w": 270.92499999999995, "h": 29.149999999999864, "y": 1184.8916666666667, "x": 639.4499999999999, "structure_id": "Tr_172"}, {"parent_TextBlock": "Tb_39", "text": "?", "parent_Field": null, "parent_Choice_Field": null, "parent_ChoiceGroup": null, "w": 12.5, "h": 29.14999999999992, "y": 1184.8916666666667, "x": 620, "structure_id": "Tr_173"}, {"parent_TextBlock": "Tb_40", "text": "Any                     NOL                     carryover                     to                     the                     extent                     the", "parent_Field": null, "parent_Choice_Field": null, "parent_ChoiceGroup": null, "w": 401.92499999999984, "h": 29.149999999999864, "y": 1218.0916666666665, "x": 639.4499999999999, "structure_id": "Tr_174"}, {"parent_TextBlock": "Tb_40", "text": "carryover                     is                     attributable                     to                     applicable", "parent_Field": null, "parent_Choice_Field": null, "parent_ChoiceGroup": null, "w": 414.375, "h": 29.149999999999864, "y": 1245.1666666666665, "x": 620, "structure_id": "Tr_175"}, {"parent_TextBlock": "Tb_40", "text": "amounts                     .", "parent_Field": null, "parent_Choice_Field": null, "parent_ChoiceGroup": null, "w": 104.22500000000002, "h": 29.149999999999864, "y": 1272.2416666666666, "x": 620, "structure_id": "Tr_176"}, {"parent_TextBlock": "Tb_41", "text": "?", "parent_Field": null, "parent_Choice_Field": null, "parent_ChoiceGroup": null, "w": 12.5, "h": 29.14999999999992, "y": 1218.0916666666665, "x": 620, "structure_id": "Tr_177"}, {"parent_TextBlock": "Tb_42", "text": "Schedule                     H                     (                     Form                     1120                     )                     (                     Rev                     .                     12                     -                     2011                     )", "parent_Field": null, "parent_Choice_Field": null, "parent_ChoiceGroup": null, "w": 342.552777777778, "h": 22.672222222222317, "y": 102.48055555555564, "x": 100, "structure_id": "Tr_178"}], "ChoiceGroup": []}