{"Widget": [{"parent_Field": null, "parent_Choice_Field": "Chf_1", "parent_ChoiceGroup": "Chgp_1", "w": 25, "h": 25, "y": 69.44444444444444, "x": 520, "structure_id": "Wi_1"}, {"parent_Field": null, "parent_Choice_Field": "Chf_2", "parent_ChoiceGroup": "Chgp_1", "w": 25, "h": 25, "y": 69.44444444444444, "x": 680, "structure_id": "Wi_2"}, {"parent_Field": "Fi_1", "parent_Choice_Field": null, "parent_ChoiceGroup": null, "w": 679.9999999999999, "h": 100.00833333333313, "y": 633.3305555555556, "x": 140, "structure_id": "Wi_3"}, {"parent_Field": "Fi_2", "parent_Choice_Field": null, "parent_ChoiceGroup": null, "w": 679.9999999999999, "h": 33.33055555555562, "y": 766.6694444444444, "x": 140, "structure_id": "Wi_4"}, {"parent_Field": "Fi_3", "parent_Choice_Field": null, "parent_ChoiceGroup": null, "w": 278.75555555555565, "h": 33.33055555555562, "y": 133.3305555555556, "x": 819.9999999999999, "structure_id": "Wi_5"}, {"parent_Field": "Fi_4", "parent_Choice_Field": null, "parent_ChoiceGroup": null, "w": 679.9999999999999, "h": 66.67777777777766, "y": 833.3305555555556, "x": 140, "structure_id": "Wi_6"}, {"parent_Field": null, "parent_Choice_Field": "Chf_3", "parent_ChoiceGroup": "Chgp_2", "w": 27.77777777777778, "h": 27.77777777777778, "y": 419.44444444444446, "x": 784.6611111111112, "structure_id": "Wi_7"}, {"parent_Field": null, "parent_Choice_Field": "Chf_4", "parent_ChoiceGroup": "Chgp_2", "w": 27.77777777777778, "h": 27.77777777777778, "y": 465.3416666666667, "x": 784.6611111111112, "structure_id": "Wi_8"}, {"parent_Field": null, "parent_Choice_Field": "Chf_5", "parent_ChoiceGroup": "Chgp_3", "w": 27.77777777777778, "h": 27.77777777777778, "y": 419.44444444444446, "x": 443.8888888888889, "structure_id": "Wi_9"}, {"parent_Field": null, "parent_Choice_Field": "Chf_6", "parent_ChoiceGroup": "Chgp_3", "w": 27.77777777777778, "h": 27.77777777777778, "y": 465.3416666666667, "x": 443.8888888888889, "structure_id": "Wi_10"}, {"parent_Field": "Fi_5", "parent_Choice_Field": null, "parent_ChoiceGroup": null, "w": 252.22222222222226, "h": 33.33055555555562, "y": 466.66944444444437, "x": 1127.7777777777778, "structure_id": "Wi_11"}, {"parent_Field": "Fi_6", "parent_Choice_Field": null, "parent_ChoiceGroup": null, "w": 279.16666666666663, "h": 33.33055555555562, "y": 200, "x": 819.9999999999999, "structure_id": "Wi_12"}, {"parent_Field": "Fi_7", "parent_Choice_Field": null, "parent_ChoiceGroup": null, "w": 679.9999999999999, "h": 66.67777777777766, "y": 933.3305555555556, "x": 140, "structure_id": "Wi_13"}, {"parent_Field": "Fi_8", "parent_Choice_Field": null, "parent_ChoiceGroup": null, "w": 679.9999999999999, "h": 66.67777777777783, "y": 533.3305555555556, "x": 140, "structure_id": "Wi_14"}, {"parent_Field": "Fi_9", "parent_Choice_Field": null, "parent_ChoiceGroup": null, "w": 679.9999999999999, "h": 213.32500000000007, "y": 166.66666666666666, "x": 140, "structure_id": "Wi_15"}, {"parent_Field": "Fi_10", "parent_Choice_Field": null, "parent_ChoiceGroup": null, "w": 280, "h": 49.580555555555684, "y": 367.0805555555555, "x": 1100, "structure_id": "Wi_16"}, {"parent_Field": "Fi_11", "parent_Choice_Field": null, "parent_ChoiceGroup": null, "w": 280, "h": 31.999999999999947, "y": 467.95277777777767, "x": 819.9999999999999, "structure_id": "Wi_17"}, {"parent_Field": "Fi_12", "parent_Choice_Field": null, "parent_ChoiceGroup": null, "w": 280, "h": 33.33055555555546, "y": 933.3305555555556, "x": 819.9999999999999, "structure_id": "Wi_18"}, {"parent_Field": "Fi_12", "parent_Choice_Field": null, "parent_ChoiceGroup": null, "w": 280, "h": 33.33055555555562, "y": 966.6694444444444, "x": 819.9999999999999, "structure_id": "Wi_19"}, {"parent_Field": "Fi_13", "parent_Choice_Field": null, "parent_ChoiceGroup": null, "w": 280, "h": 38.8916666666666, "y": 927.7777777777777, "x": 1100, "structure_id": "Wi_20"}, {"parent_Field": "Fi_13", "parent_Choice_Field": null, "parent_ChoiceGroup": null, "w": 280, "h": 33.33055555555562, "y": 966.6694444444444, "x": 1100, "structure_id": "Wi_21"}, {"parent_Field": "Fi_14", "parent_Choice_Field": null, "parent_ChoiceGroup": null, "w": 192.22222222222217, "h": 33.33055555555546, "y": 933.3305555555556, "x": 1407.7777777777778, "structure_id": "Wi_22"}, {"parent_Field": "Fi_14", "parent_Choice_Field": null, "parent_ChoiceGroup": null, "w": 192.22222222222217, "h": 33.33055555555562, "y": 966.6694444444444, "x": 1407.7777777777778, "structure_id": "Wi_23"}, {"parent_Field": "Fi_15", "parent_Choice_Field": null, "parent_ChoiceGroup": null, "w": 252.22222222222226, "h": 33.33055555555562, "y": 666.6694444444444, "x": 847.7777777777777, "structure_id": "Wi_24"}, {"parent_Field": "Fi_16", "parent_Choice_Field": null, "parent_ChoiceGroup": null, "w": 252.22222222222226, "h": 33.33055555555562, "y": 666.6694444444444, "x": 1127.7777777777778, "structure_id": "Wi_25"}, {"parent_Field": "Fi_17", "parent_Choice_Field": null, "parent_ChoiceGroup": null, "w": 252.22222222222226, "h": 33.33055555555562, "y": 733.3388888888887, "x": 847.7777777777777, "structure_id": "Wi_26"}, {"parent_Field": "Fi_18", "parent_Choice_Field": null, "parent_ChoiceGroup": null, "w": 252.22222222222226, "h": 33.33055555555562, "y": 533.3388888888887, "x": 847.7777777777777, "structure_id": "Wi_27"}, {"parent_Field": "Fi_19", "parent_Choice_Field": null, "parent_ChoiceGroup": null, "w": 252.22222222222226, "h": 33.33055555555562, "y": 533.3388888888887, "x": 1127.7777777777778, "structure_id": "Wi_28"}, {"parent_Field": "Fi_20", "parent_Choice_Field": null, "parent_ChoiceGroup": null, "w": 252.22222222222226, "h": 33.33055555555562, "y": 600, "x": 847.7777777777777, "structure_id": "Wi_29"}, {"parent_Field": "Fi_21", "parent_Choice_Field": null, "parent_ChoiceGroup": null, "w": 252.22222222222226, "h": 33.33055555555562, "y": 600, "x": 1127.7777777777778, "structure_id": "Wi_30"}, {"parent_Field": "Fi_22", "parent_Choice_Field": null, "parent_ChoiceGroup": null, "w": 252.22222222222226, "h": 33.33055555555562, "y": 733.3388888888887, "x": 1127.7777777777778, "structure_id": "Wi_31"}, {"parent_Field": "Fi_23", "parent_Choice_Field": null, "parent_ChoiceGroup": null, "w": 252.22222222222226, "h": 33.33055555555562, "y": 800, "x": 847.7777777777777, "structure_id": "Wi_32"}, {"parent_Field": "Fi_24", "parent_Choice_Field": null, "parent_ChoiceGroup": null, "w": 252.22222222222226, "h": 33.33055555555562, "y": 800, "x": 1127.7777777777778, "structure_id": "Wi_33"}, {"parent_Field": "Fi_25", "parent_Choice_Field": null, "parent_ChoiceGroup": null, "w": 252.22222222222226, "h": 33.33055555555562, "y": 866.6694444444444, "x": 847.7777777777777, "structure_id": "Wi_34"}, {"parent_Field": "Fi_26", "parent_Choice_Field": null, "parent_ChoiceGroup": null, "w": 252.22222222222226, "h": 33.33055555555562, "y": 866.6694444444444, "x": 1127.7777777777778, "structure_id": "Wi_35"}, {"parent_Field": "Fi_27", "parent_Choice_Field": null, "parent_ChoiceGroup": null, "w": 251.38888888888889, "h": 33.33055555555562, "y": 300, "x": 847.7777777777777, "structure_id": "Wi_36"}, {"parent_Field": "Fi_28", "parent_Choice_Field": null, "parent_ChoiceGroup": null, "w": 252.22222222222226, "h": 33.33055555555562, "y": 383.33055555555563, "x": 847.7777777777777, "structure_id": "Wi_37"}], "TextBlock": [{"parent_Field": null, "parent_Choice_Field": null, "parent_ChoiceGroup": null, "w": 472.5, "h": 22.672222222222217, "y": 1009.2333333333333, "x": 1126.8055555555554, "structure_id": "Tb_1"}, {"parent_Field": null, "parent_Choice_Field": null, "parent_ChoiceGroup": null, "w": 143.9277777777778, "h": 27.914610555982563, "y": 1004, "x": 138.27499999999998, "structure_id": "Tb_2"}, {"parent_Field": null, "parent_Choice_Field": null, "parent_ChoiceGroup": null, "w": 159.30000000000018, "h": 97.21388888888879, "y": 339.9527777777779, "x": 1440.136111111111, "structure_id": "Tb_3"}, {"parent_Field": null, "parent_Choice_Field": "Chf_1", "parent_ChoiceGroup": "Chgp_1", "w": 64.83333333333337, "h": 32.3888888888888, "y": 65.61111111111113, "x": 560, "structure_id": "Tb_4"}, {"parent_Field": null, "parent_Choice_Field": "Chf_2", "parent_ChoiceGroup": "Chgp_1", "w": 168.72222222222229, "h": 32.3888888888888, "y": 65.61111111111113, "x": 719.9999999999999, "structure_id": "Tb_5"}, {"parent_Field": "Fi_1", "parent_Choice_Field": null, "parent_ChoiceGroup": null, "w": 302.18270875735107, "h": 22.67222222222233, "y": 603.7055555555557, "x": 141.99999999999997, "structure_id": "Tb_6"}, {"parent_Field": "Fi_2", "parent_Choice_Field": null, "parent_ChoiceGroup": null, "w": 620.7042921125158, "h": 22.67222222222233, "y": 737.0444444444445, "x": 144, "structure_id": "Tb_7"}, {"parent_Field": "Fi_3", "parent_Choice_Field": null, "parent_ChoiceGroup": null, "w": 261.39244444444444, "h": 22.672222222222317, "y": 103.70555555555572, "x": 831.1111111111111, "structure_id": "Tb_8"}, {"parent_Field": "Fi_4", "parent_Choice_Field": null, "parent_ChoiceGroup": null, "w": 314.58010471397483, "h": 22.672222222222217, "y": 803.7055555555555, "x": 147, "structure_id": "Tb_9"}, {"parent_Field": null, "parent_Choice_Field": null, "parent_ChoiceGroup": "Chgp_2", "w": 322.2319716464349, "h": 35.32190736612034, "y": 381.48333333333346, "x": 491.1111111111111, "structure_id": "Tb_10"}, {"parent_Field": null, "parent_Choice_Field": "Chf_3", "parent_ChoiceGroup": "Chgp_2", "w": 121.02222222222218, "h": 22.67222222222233, "y": 425.9277777777779, "x": 491.11111111111114, "structure_id": "Tb_11"}, {"parent_Field": null, "parent_Choice_Field": "Chf_4", "parent_ChoiceGroup": "Chgp_2", "w": 169.24444444444435, "h": 22.67222222222233, "y": 473.15000000000015, "x": 491.11111111111114, "structure_id": "Tb_12"}, {"parent_Field": null, "parent_Choice_Field": null, "parent_ChoiceGroup": "Chgp_3", "w": 306.93745519713275, "h": 22.67222222222233, "y": 385.81111111111125, "x": 147.00000000000003, "structure_id": "Tb_13"}, {"parent_Field": null, "parent_Choice_Field": "Chf_5", "parent_ChoiceGroup": "Chgp_3", "w": 285.81040058557363, "h": 22.67222222222233, "y": 420.3722222222224, "x": 144, "structure_id": "Tb_14"}, {"parent_Field": null, "parent_Choice_Field": "Chf_6", "parent_ChoiceGroup": "Chgp_3", "w": 269.2676774202658, "h": 44.8972222222223, "y": 450.9277777777779, "x": 141, "structure_id": "Tb_15"}, {"parent_Field": "Fi_5", "parent_Choice_Field": null, "parent_ChoiceGroup": null, "w": 253.6718411167119, "h": 78.08055555555563, "y": 419.91944444444425, "x": 1111.111111111111, "structure_id": "Tb_16"}, {"parent_Field": "Fi_6", "parent_Choice_Field": null, "parent_ChoiceGroup": null, "w": 262.923888888889, "h": 22.672222222222302, "y": 170.37500000000009, "x": 831.1111111111111, "structure_id": "Tb_17"}, {"parent_Field": null, "parent_Choice_Field": null, "parent_ChoiceGroup": null, "w": 180.50277777777774, "h": 224.3833333333331, "y": 102.45555555555559, "x": 1109.4666666666667, "structure_id": "Tb_18"}, {"parent_Field": null, "parent_Choice_Field": null, "parent_ChoiceGroup": null, "w": 279.74333333333334, "h": 159.76666666666657, "y": 131.5555555555553, "x": 1321.6916666666666, "structure_id": "Tb_19"}, {"parent_Field": "Fi_7", "parent_Choice_Field": null, "parent_ChoiceGroup": null, "w": 303.82050350101775, "h": 22.672222222222217, "y": 903.7055555555555, "x": 144, "structure_id": "Tb_20"}, {"parent_Field": "Fi_8", "parent_Choice_Field": null, "parent_ChoiceGroup": null, "w": 142.16294976964014, "h": 22.634884405789137, "y": 503.7055555555557, "x": 142, "structure_id": "Tb_21"}, {"parent_Field": "Fi_9", "parent_Choice_Field": null, "parent_ChoiceGroup": null, "w": 645.7111111111111, "h": 44.89722222222227, "y": 103.70555555555572, "x": 151.11111111111111, "structure_id": "Tb_22"}, {"parent_Field": "Fi_10", "parent_Choice_Field": null, "parent_ChoiceGroup": null, "w": 239.781340677632, "h": 23.197222222222194, "y": 337.00555555555553, "x": 1111.111111111111, "structure_id": "Tb_23"}, {"parent_Field": "Fi_11", "parent_Choice_Field": null, "parent_ChoiceGroup": null, "w": 200.24380021992147, "h": 42.56388888888915, "y": 421.211111111111, "x": 831.1111111111111, "structure_id": "Tb_24"}, {"parent_Field": "Fi_12", "parent_Choice_Field": null, "parent_ChoiceGroup": null, "w": 72.38320413436702, "h": 23.197222222222194, "y": 903.2583333333333, "x": 831.1111111111111, "structure_id": "Tb_25"}, {"parent_Field": "Fi_13", "parent_Choice_Field": null, "parent_ChoiceGroup": null, "w": 221.75285500327618, "h": 23.197222222222194, "y": 903.2583333333333, "x": 1111.111111111111, "structure_id": "Tb_26"}, {"parent_Field": "Fi_14", "parent_Choice_Field": null, "parent_ChoiceGroup": null, "w": 207.1966338348334, "h": 94.74166666666656, "y": 903.2583333333333, "x": 1391.111111111111, "structure_id": "Tb_27"}, {"parent_Field": "Fi_15", "parent_Choice_Field": null, "parent_ChoiceGroup": null, "w": 64.47777777777776, "h": 61.40277777777783, "y": 636.5972222222221, "x": 831.1111111111111, "structure_id": "Tb_28"}, {"parent_Field": "Fi_16", "parent_Choice_Field": null, "parent_ChoiceGroup": null, "w": 69.77387767935284, "h": 61.40277777777783, "y": 636.5972222222221, "x": 1111.111111111111, "structure_id": "Tb_29"}, {"parent_Field": "Fi_17", "parent_Choice_Field": null, "parent_ChoiceGroup": null, "w": 62.70614124996939, "h": 61.41111111111093, "y": 703.2583333333333, "x": 831.1111111111111, "structure_id": "Tb_30"}, {"parent_Field": "Fi_18", "parent_Choice_Field": null, "parent_ChoiceGroup": null, "w": 96.17222222222222, "h": 61.41111111111093, "y": 503.2583333333333, "x": 831.1111111111111, "structure_id": "Tb_31"}, {"parent_Field": "Fi_19", "parent_Choice_Field": null, "parent_ChoiceGroup": null, "w": 105.07280339567183, "h": 61.41111111111093, "y": 503.2583333333333, "x": 1111.111111111111, "structure_id": "Tb_32"}, {"parent_Field": "Fi_20", "parent_Choice_Field": null, "parent_ChoiceGroup": null, "w": 82.48333333333335, "h": 61.40277777777783, "y": 569.9277777777777, "x": 831.1111111111111, "structure_id": "Tb_33"}, {"parent_Field": "Fi_21", "parent_Choice_Field": null, "parent_ChoiceGroup": null, "w": 67.1792651292617, "h": 61.40277777777783, "y": 569.9277777777777, "x": 1111.111111111111, "structure_id": "Tb_34"}, {"parent_Field": "Fi_22", "parent_Choice_Field": null, "parent_ChoiceGroup": null, "w": 88.75086085523276, "h": 61.41111111111093, "y": 703.2583333333333, "x": 1111.111111111111, "structure_id": "Tb_35"}, {"parent_Field": "Fi_23", "parent_Choice_Field": null, "parent_ChoiceGroup": null, "w": 122.5766704635281, "h": 61.40277777777783, "y": 769.9277777777777, "x": 831.1111111111111, "structure_id": "Tb_36"}, {"parent_Field": "Fi_24", "parent_Choice_Field": null, "parent_ChoiceGroup": null, "w": 97.7911560558648, "h": 61.40277777777783, "y": 769.9277777777777, "x": 1111.111111111111, "structure_id": "Tb_37"}, {"parent_Field": "Fi_25", "parent_Choice_Field": null, "parent_ChoiceGroup": null, "w": 117.59869211551631, "h": 61.402777777777715, "y": 836.5972222222222, "x": 831.1111111111111, "structure_id": "Tb_38"}, {"parent_Field": "Fi_26", "parent_Choice_Field": null, "parent_ChoiceGroup": null, "w": 116.68611111111113, "h": 61.402777777777715, "y": 836.5972222222222, "x": 1111.111111111111, "structure_id": "Tb_39"}, {"parent_Field": "Fi_27", "parent_Choice_Field": null, "parent_ChoiceGroup": null, "w": 253.89885129793652, "h": 94.73333333333343, "y": 236.5972222222221, "x": 831.1111111111111, "structure_id": "Tb_40"}, {"parent_Field": "Fi_28", "parent_Choice_Field": null, "parent_ChoiceGroup": null, "w": 265.1781884884574, "h": 78.07222222222254, "y": 336.5888888888886, "x": 831.1111111111111, "structure_id": "Tb_41"}, {"parent_Field": null, "parent_Choice_Field": null, "parent_ChoiceGroup": null, "w": 207.3750000000001, "h": 22.672222222222103, "y": 1009.2583333333333, "x": 594.4861111111111, "structure_id": "Tb_42"}], "Choice_Field": [{"y": 64.61111111111113, "x": 520, "structure_id": "Chf_1", "w": 98.83333333333337, "h": 32.3888888888888}, {"y": 65.61111111111113, "x": 680, "structure_id": "Chf_2", "w": 208.72222222222217, "h": 32.3888888888888}, {"y": 419.44444444444446, "x": 491.11111111111114, "structure_id": "Chf_3", "w": 321.32777777777784, "h": 29.155555555555793}, {"y": 465.3416666666667, "x": 491.11111111111114, "structure_id": "Chf_4", "w": 321.32777777777784, "h": 30.48055555555578}, {"y": 419.44444444444446, "x": 144, "structure_id": "Chf_5", "w": 327.6666666666667, "h": 27.77777777777777}, {"y": 450.9277777777779, "x": 141, "structure_id": "Chf_6", "w": 330.6666666666667, "h": 44.8972222222223}], "Field": [{"y": 603.7055555555557, "x": 140, "structure_id": "Fi_1", "w": 679.9999999999999, "h": 129.63333333333298}, {"y": 737.0444444444445, "x": 140, "structure_id": "Fi_2", "w": 679.9999999999999, "h": 62.95555555555552}, {"y": 103.70555555555572, "x": 819.9999999999999, "structure_id": "Fi_3", "w": 278.7555555555556, "h": 62.95555555555549}, {"y": 803.7055555555555, "x": 140, "structure_id": "Fi_4", "w": 679.9999999999999, "h": 96.3027777777778}, {"y": 419.91944444444425, "x": 1111.111111111111, "structure_id": "Fi_5", "w": 268.8888888888889, "h": 80.08055555555575}, {"y": 170.37500000000009, "x": 819.9999999999999, "structure_id": "Fi_6", "w": 279.16666666666663, "h": 62.95555555555555}, {"y": 903.7055555555555, "x": 140, "structure_id": "Fi_7", "w": 679.9999999999999, "h": 96.3027777777778}, {"y": 503.7055555555557, "x": 140, "structure_id": "Fi_8", "w": 679.9999999999999, "h": 96.30277777777775}, {"y": 103.70555555555572, "x": 140, "structure_id": "Fi_9", "w": 679.9999999999999, "h": 276.28611111111104}, {"y": 337.00555555555553, "x": 1100, "structure_id": "Fi_10", "w": 280, "h": 79.65555555555568}, {"y": 421.211111111111, "x": 819.9999999999999, "structure_id": "Fi_11", "w": 280.0000000000001, "h": 78.74166666666662}, {"y": 903.2583333333333, "x": 819.9999999999999, "structure_id": "Fi_12", "w": 280.0000000000001, "h": 96.74166666666667}, {"y": 903.2583333333333, "x": 1100, "structure_id": "Fi_13", "w": 280, "h": 96.74166666666667}, {"y": 903.2583333333333, "x": 1391.111111111111, "structure_id": "Fi_14", "w": 208.8888888888889, "h": 96.74166666666667}, {"y": 636.5972222222221, "x": 831.1111111111111, "structure_id": "Fi_15", "w": 268.8888888888889, "h": 63.40277777777794}, {"y": 636.5972222222221, "x": 1111.111111111111, "structure_id": "Fi_16", "w": 268.8888888888889, "h": 63.40277777777794}, {"y": 703.2583333333333, "x": 831.1111111111111, "structure_id": "Fi_17", "w": 268.8888888888889, "h": 63.41111111111104}, {"y": 503.2583333333333, "x": 831.1111111111111, "structure_id": "Fi_18", "w": 268.8888888888889, "h": 63.41111111111104}, {"y": 503.2583333333333, "x": 1111.111111111111, "structure_id": "Fi_19", "w": 268.8888888888889, "h": 63.41111111111104}, {"y": 569.9277777777777, "x": 831.1111111111111, "structure_id": "Fi_20", "w": 268.8888888888889, "h": 63.40277777777794}, {"y": 569.9277777777777, "x": 1111.111111111111, "structure_id": "Fi_21", "w": 268.8888888888889, "h": 63.40277777777794}, {"y": 703.2583333333333, "x": 1111.111111111111, "structure_id": "Fi_22", "w": 268.8888888888889, "h": 63.41111111111104}, {"y": 769.9277777777777, "x": 831.1111111111111, "structure_id": "Fi_23", "w": 268.8888888888889, "h": 63.40277777777794}, {"y": 769.9277777777777, "x": 1111.111111111111, "structure_id": "Fi_24", "w": 268.8888888888889, "h": 63.40277777777794}, {"y": 836.5972222222222, "x": 831.1111111111111, "structure_id": "Fi_25", "w": 268.8888888888889, "h": 63.40277777777783}, {"y": 836.5972222222222, "x": 1111.111111111111, "structure_id": "Fi_26", "w": 268.8888888888889, "h": 63.40277777777783}, {"y": 236.5972222222221, "x": 831.1111111111111, "structure_id": "Fi_27", "w": 268.05555555555543, "h": 96.73333333333355}, {"y": 336.5888888888886, "x": 831.1111111111111, "structure_id": "Fi_28", "w": 268.8888888888889, "h": 80.07222222222265}], "TextRun": [{"parent_TextBlock": "Tb_1", "text": "Department of the Treasury - Internal Revenue Service", "parent_Field": null, "parent_Choice_Field": null, "parent_ChoiceGroup": null, "w": 472.5, "h": 22.672222222222217, "y": 1009.2333333333333, "x": 1126.8055555555554, "structure_id": "Tr_1"}, {"parent_TextBlock": "Tb_2", "text": "1099-K Form", "parent_Field": null, "parent_Choice_Field": null, "parent_ChoiceGroup": null, "w": 143.92777777777778, "h": 27.914610555982513, "y": 1004, "x": 138.27499999999998, "structure_id": "Tr_2"}, {"parent_TextBlock": "Tb_3", "text": "Copy 1", "parent_Field": null, "parent_Choice_Field": null, "parent_ChoiceGroup": null, "w": 92.11111111111109, "h": 33.138888888888744, "y": 339.9527777777779, "x": 1507.322222222222, "structure_id": "Tr_3"}, {"parent_TextBlock": "Tb_3", "text": "For State Tax", "parent_Field": null, "parent_Choice_Field": null, "parent_ChoiceGroup": null, "w": 159.29999999999973, "h": 29.824999999999932, "y": 379.56666666666666, "x": 1440.136111111111, "structure_id": "Tr_4"}, {"parent_TextBlock": "Tb_3", "text": "Department", "parent_Field": null, "parent_Choice_Field": null, "parent_ChoiceGroup": null, "w": 141.65000000000006, "h": 29.824999999999907, "y": 407.34166666666675, "x": 1457.786111111111, "structure_id": "Tr_5"}, {"parent_TextBlock": "Tb_4", "text": "VOID", "parent_Field": null, "parent_Choice_Field": "Chf_1", "parent_ChoiceGroup": "Chgp_1", "w": 64.83333333333334, "h": 32.3888888888888, "y": 65.61111111111113, "x": 560, "structure_id": "Tr_6"}, {"parent_TextBlock": "Tb_5", "text": "CORRECTED", "parent_Field": null, "parent_Choice_Field": "Chf_2", "parent_ChoiceGroup": "Chgp_1", "w": 168.72222222222223, "h": 32.3888888888888, "y": 65.61111111111113, "x": 719.9999999999999, "structure_id": "Tr_7"}, {"parent_TextBlock": "Tb_6", "text": "Street address ( including apt . no .)", "parent_Field": "Fi_1", "parent_Choice_Field": null, "parent_ChoiceGroup": null, "w": 302.18270875735107, "h": 22.67222222222233, "y": 603.7055555555557, "x": 141.99999999999997, "structure_id": "Tr_8"}, {"parent_TextBlock": "Tb_7", "text": "City or town , state or province , country , and ZIP or foreign postalcode", "parent_Field": "Fi_2", "parent_Choice_Field": null, "parent_ChoiceGroup": null, "w": 620.7042921125158, "h": 22.67222222222233, "y": 737.0444444444445, "x": 144, "structure_id": "Tr_9"}, {"parent_TextBlock": "Tb_8", "text": "FILER?S federal identification no .", "parent_Field": "Fi_3", "parent_Choice_Field": null, "parent_ChoiceGroup": null, "w": 261.39244444444444, "h": 22.672222222222317, "y": 103.70555555555572, "x": 831.1111111111111, "structure_id": "Tr_10"}, {"parent_TextBlock": "Tb_9", "text": "PSE?S name and telephonenumber", "parent_Field": "Fi_4", "parent_Choice_Field": null, "parent_ChoiceGroup": null, "w": 314.58010471397483, "h": 22.672222222222217, "y": 803.7055555555555, "x": 147, "structure_id": "Tr_11"}, {"parent_TextBlock": "Tb_10", "text": "Check to indicate transactions", "parent_Field": null, "parent_Choice_Field": null, "parent_ChoiceGroup": "Chgp_2", "w": 322.23197164643483, "h": 22.67222222222233, "y": 381.48333333333346, "x": 491.1111111111111, "structure_id": "Tr_12"}, {"parent_TextBlock": "Tb_10", "text": "reportedare:", "parent_Field": null, "parent_Choice_Field": null, "parent_ChoiceGroup": "Chgp_2", "w": 112.34999999999997, "h": 12.805240699453822, "y": 404, "x": 491.1111111111112, "structure_id": "Tr_13"}, {"parent_TextBlock": "Tb_11", "text": "Payment card", "parent_Field": null, "parent_Choice_Field": "Chf_3", "parent_ChoiceGroup": "Chgp_2", "w": 121.02222222222218, "h": 22.67222222222233, "y": 425.9277777777779, "x": 491.11111111111114, "structure_id": "Tr_14"}, {"parent_TextBlock": "Tb_12", "text": "Third party network", "parent_Field": null, "parent_Choice_Field": "Chf_4", "parent_ChoiceGroup": "Chgp_2", "w": 169.24444444444435, "h": 22.67222222222233, "y": 473.15000000000015, "x": 491.11111111111114, "structure_id": "Tr_15"}, {"parent_TextBlock": "Tb_13", "text": "Check to indicate if FILER is a ( an ):", "parent_Field": null, "parent_Choice_Field": null, "parent_ChoiceGroup": "Chgp_3", "w": 306.9374551971327, "h": 22.67222222222233, "y": 385.81111111111125, "x": 147.00000000000003, "structure_id": "Tr_16"}, {"parent_TextBlock": "Tb_14", "text": "Payment settlement entity ( PSE)", "parent_Field": null, "parent_Choice_Field": "Chf_5", "parent_ChoiceGroup": "Chgp_3", "w": 285.81040058557363, "h": 22.67222222222233, "y": 420.3722222222224, "x": 144, "structure_id": "Tr_17"}, {"parent_TextBlock": "Tb_15", "text": "Electronic PaymentFacilitator", "parent_Field": null, "parent_Choice_Field": "Chf_6", "parent_ChoiceGroup": "Chgp_3", "w": 269.2676774202658, "h": 22.67222222222233, "y": 450.9277777777779, "x": 141, "structure_id": "Tr_18"}, {"parent_TextBlock": "Tb_15", "text": "( EPF ) / Other thirdparty", "parent_Field": null, "parent_Choice_Field": "Chf_6", "parent_ChoiceGroup": "Chgp_3", "w": 198.64676646203014, "h": 22.67222222222233, "y": 473.1527777777779, "x": 153, "structure_id": "Tr_19"}, {"parent_TextBlock": "Tb_16", "text": "4", "parent_Field": "Fi_5", "parent_Choice_Field": null, "parent_ChoiceGroup": null, "w": 10.811111111111131, "h": 23.197222222222194, "y": 419.91944444444425, "x": 1111.111111111111, "structure_id": "Tr_20"}, {"parent_TextBlock": "Tb_16", "text": "Federal income taxwithheld", "parent_Field": "Fi_5", "parent_Choice_Field": null, "parent_ChoiceGroup": null, "w": 235.782952227823, "h": 23.92886344046309, "y": 420.36666666666656, "x": 1129, "structure_id": "Tr_21"}, {"parent_TextBlock": "Tb_16", "text": "$", "parent_Field": "Fi_5", "parent_Choice_Field": null, "parent_ChoiceGroup": null, "w": 15.444444444444343, "h": 32.3888888888888, "y": 465.6111111111111, "x": 1112.3333333333333, "structure_id": "Tr_22"}, {"parent_TextBlock": "Tb_17", "text": "PAYEE?S taxpayer identification no .", "parent_Field": "Fi_6", "parent_Choice_Field": null, "parent_ChoiceGroup": null, "w": 262.923888888889, "h": 22.672222222222302, "y": 170.37500000000009, "x": 831.1111111111111, "structure_id": "Tr_23"}, {"parent_TextBlock": "Tb_18", "text": "OMB No . 1545 - 2205", "parent_Field": null, "parent_Choice_Field": null, "parent_ChoiceGroup": null, "w": 180.50277777777774, "h": 22.672222222222317, "y": 102.45555555555559, "x": 1109.4666666666667, "structure_id": "Tr_24"}, {"parent_TextBlock": "Tb_18", "text": "2017", "parent_Field": null, "parent_Choice_Field": null, "parent_ChoiceGroup": null, "w": 144.44444444444434, "h": 70.11111111111114, "y": 173.41666666666652, "x": 1127.4944444444445, "structure_id": "Tr_25"}, {"parent_TextBlock": "Tb_18", "text": "1099 - K Form", "parent_Field": null, "parent_Choice_Field": null, "parent_ChoiceGroup": null, "w": 135.36249999999995, "h": 28.168055555555497, "y": 298.6708333333332, "x": 1132.036111111111, "structure_id": "Tr_26"}, {"parent_TextBlock": "Tb_19", "text": "Payment Card and", "parent_Field": null, "parent_Choice_Field": null, "parent_ChoiceGroup": null, "w": 279.74333333333334, "h": 39.76666666666674, "y": 131.5555555555553, "x": 1319.6916666666666, "structure_id": "Tr_27"}, {"parent_TextBlock": "Tb_19", "text": "Third Party", "parent_Field": null, "parent_Choice_Field": null, "parent_ChoiceGroup": null, "w": 165.96499999999992, "h": 39.766666666666765, "y": 171.5555555555552, "x": 1433.47, "structure_id": "Tr_28"}, {"parent_TextBlock": "Tb_19", "text": "Network", "parent_Field": null, "parent_Choice_Field": null, "parent_ChoiceGroup": null, "w": 128.40833333333327, "h": 39.76666666666675, "y": 211.55555555555515, "x": 1471.0266666666666, "structure_id": "Tr_29"}, {"parent_TextBlock": "Tb_19", "text": "Transactions", "parent_Field": null, "parent_Choice_Field": null, "parent_ChoiceGroup": null, "w": 196.42833333333334, "h": 39.76666666666675, "y": 251.5555555555551, "x": 1403.0066666666667, "structure_id": "Tr_30"}, {"parent_TextBlock": "Tb_20", "text": "Account number ( see instructions)", "parent_Field": "Fi_7", "parent_Choice_Field": null, "parent_ChoiceGroup": null, "w": 303.82050350101775, "h": 22.672222222222217, "y": 903.7055555555555, "x": 144, "structure_id": "Tr_31"}, {"parent_TextBlock": "Tb_21", "text": "PAYEE?Sname", "parent_Field": "Fi_8", "parent_Choice_Field": null, "parent_ChoiceGroup": null, "w": 142.16294976964014, "h": 22.634884405789172, "y": 503.7055555555557, "x": 142, "structure_id": "Tr_32"}, {"parent_TextBlock": "Tb_22", "text": "FILER'S name , street address , city or town , state or province , country , ZIP", "parent_Field": "Fi_9", "parent_Choice_Field": null, "parent_ChoiceGroup": null, "w": 645.7111111111111, "h": 22.672222222222317, "y": 103.70555555555572, "x": 151.11111111111111, "structure_id": "Tr_33"}, {"parent_TextBlock": "Tb_22", "text": "or foreign postal code , and telephone no.", "parent_Field": "Fi_9", "parent_Choice_Field": null, "parent_ChoiceGroup": null, "w": 358.7111111111111, "h": 22.67222222222233, "y": 125.93055555555566, "x": 151.11111111111111, "structure_id": "Tr_34"}, {"parent_TextBlock": "Tb_23", "text": "2", "parent_Field": "Fi_10", "parent_Choice_Field": null, "parent_ChoiceGroup": null, "w": 10.811111111111131, "h": 23.197222222222194, "y": 337.00555555555553, "x": 1111.111111111111, "structure_id": "Tr_35"}, {"parent_TextBlock": "Tb_23", "text": "Merchant categorycode", "parent_Field": "Fi_10", "parent_Choice_Field": null, "parent_ChoiceGroup": null, "w": 218.89245178874307, "h": 22.67222222222233, "y": 337.45277777777795, "x": 1132, "structure_id": "Tr_36"}, {"parent_TextBlock": "Tb_24", "text": "3", "parent_Field": "Fi_11", "parent_Choice_Field": null, "parent_ChoiceGroup": null, "w": 10.811111111111131, "h": 23.197222222222194, "y": 421.211111111111, "x": 831.1111111111111, "structure_id": "Tr_37"}, {"parent_TextBlock": "Tb_24", "text": "Number ofpayment", "parent_Field": "Fi_11", "parent_Choice_Field": null, "parent_ChoiceGroup": null, "w": 176.35491133103255, "h": 22.67222222222233, "y": 421.6583333333334, "x": 855, "structure_id": "Tr_38"}, {"parent_TextBlock": "Tb_24", "text": "transactions", "parent_Field": "Fi_11", "parent_Choice_Field": null, "parent_ChoiceGroup": null, "w": 106.59444444444455, "h": 22.67222222222233, "y": 441.1027777777778, "x": 858.8972222222221, "structure_id": "Tr_39"}, {"parent_TextBlock": "Tb_25", "text": "6", "parent_Field": "Fi_12", "parent_Choice_Field": null, "parent_ChoiceGroup": null, "w": 10.811111111111131, "h": 23.197222222222194, "y": 903.2583333333333, "x": 831.1111111111111, "structure_id": "Tr_40"}, {"parent_TextBlock": "Tb_25", "text": "State", "parent_Field": "Fi_12", "parent_Choice_Field": null, "parent_ChoiceGroup": null, "w": 51.494315245478106, "h": 22.672222222222217, "y": 903.7055555555555, "x": 852, "structure_id": "Tr_41"}, {"parent_TextBlock": "Tb_26", "text": "7", "parent_Field": "Fi_13", "parent_Choice_Field": null, "parent_ChoiceGroup": null, "w": 10.811111111111131, "h": 23.197222222222194, "y": 903.2583333333333, "x": 1111.111111111111, "structure_id": "Tr_42"}, {"parent_TextBlock": "Tb_26", "text": "State identification no.", "parent_Field": "Fi_13", "parent_Choice_Field": null, "parent_ChoiceGroup": null, "w": 201.86396611438727, "h": 22.672222222222217, "y": 903.7055555555555, "x": 1131, "structure_id": "Tr_43"}, {"parent_TextBlock": "Tb_27", "text": "8", "parent_Field": "Fi_14", "parent_Choice_Field": null, "parent_ChoiceGroup": null, "w": 10.811111111111131, "h": 23.197222222222194, "y": 903.2583333333333, "x": 1391.111111111111, "structure_id": "Tr_44"}, {"parent_TextBlock": "Tb_27", "text": "State income taxwithheld", "parent_Field": "Fi_14", "parent_Choice_Field": null, "parent_ChoiceGroup": null, "w": 191.30774494594448, "h": 22.672222222222217, "y": 903.7055555555555, "x": 1407, "structure_id": "Tr_45"}, {"parent_TextBlock": "Tb_27", "text": "$", "parent_Field": "Fi_14", "parent_Choice_Field": null, "parent_ChoiceGroup": null, "w": 15.444444444444343, "h": 32.3888888888888, "y": 932.2722222222221, "x": 1391.7222222222222, "structure_id": "Tr_46"}, {"parent_TextBlock": "Tb_27", "text": "$", "parent_Field": "Fi_14", "parent_Choice_Field": null, "parent_ChoiceGroup": null, "w": 15.444444444444343, "h": 32.3888888888888, "y": 965.6111111111111, "x": 1391.7222222222222, "structure_id": "Tr_47"}, {"parent_TextBlock": "Tb_28", "text": "5e", "parent_Field": "Fi_15", "parent_Choice_Field": null, "parent_ChoiceGroup": null, "w": 21.972222222222285, "h": 23.197222222222194, "y": 636.5972222222221, "x": 831.1111111111111, "structure_id": "Tr_48"}, {"parent_TextBlock": "Tb_28", "text": "May", "parent_Field": "Fi_15", "parent_Choice_Field": null, "parent_ChoiceGroup": null, "w": 37.10000000000002, "h": 22.67222222222233, "y": 637.0444444444445, "x": 858.4888888888888, "structure_id": "Tr_49"}, {"parent_TextBlock": "Tb_28", "text": "$", "parent_Field": "Fi_15", "parent_Choice_Field": null, "parent_ChoiceGroup": null, "w": 15.444444444444457, "h": 32.3888888888888, "y": 665.6111111111111, "x": 831.7222222222223, "structure_id": "Tr_50"}, {"parent_TextBlock": "Tb_29", "text": "5f", "parent_Field": "Fi_16", "parent_Choice_Field": null, "parent_ChoiceGroup": null, "w": 17.28611111111104, "h": 23.197222222222194, "y": 636.5972222222221, "x": 1111.111111111111, "structure_id": "Tr_51"}, {"parent_TextBlock": "Tb_29", "text": "June", "parent_Field": "Fi_16", "parent_Choice_Field": null, "parent_ChoiceGroup": null, "w": 48.88498879046392, "h": 22.67222222222233, "y": 639.0444444444445, "x": 1132, "structure_id": "Tr_52"}, {"parent_TextBlock": "Tb_29", "text": "$", "parent_Field": "Fi_16", "parent_Choice_Field": null, "parent_ChoiceGroup": null, "w": 15.444444444444343, "h": 32.3888888888888, "y": 665.6111111111111, "x": 1111.7222222222222, "structure_id": "Tr_53"}, {"parent_TextBlock": "Tb_30", "text": "5g", "parent_Field": "Fi_17", "parent_Choice_Field": null, "parent_ChoiceGroup": null, "w": 22.691666666666606, "h": 23.197222222222194, "y": 703.2583333333333, "x": 831.1111111111111, "structure_id": "Tr_54"}, {"parent_TextBlock": "Tb_30", "text": "July", "parent_Field": "Fi_17", "parent_Choice_Field": null, "parent_ChoiceGroup": null, "w": 38.81725236108048, "h": 22.67222222222233, "y": 703.7055555555557, "x": 855, "structure_id": "Tr_55"}, {"parent_TextBlock": "Tb_30", "text": "$", "parent_Field": "Fi_17", "parent_Choice_Field": null, "parent_ChoiceGroup": null, "w": 15.444444444444457, "h": 32.3888888888888, "y": 732.2805555555555, "x": 831.7222222222223, "structure_id": "Tr_56"}, {"parent_TextBlock": "Tb_31", "text": "5a", "parent_Field": "Fi_18", "parent_Choice_Field": null, "parent_ChoiceGroup": null, "w": 21.972222222222285, "h": 23.197222222222194, "y": 503.2583333333333, "x": 831.1111111111111, "structure_id": "Tr_57"}, {"parent_TextBlock": "Tb_31", "text": "January", "parent_Field": "Fi_18", "parent_Choice_Field": null, "parent_ChoiceGroup": null, "w": 68.79444444444448, "h": 22.672222222222274, "y": 503.7055555555557, "x": 858.4888888888888, "structure_id": "Tr_58"}, {"parent_TextBlock": "Tb_31", "text": "$", "parent_Field": "Fi_18", "parent_Choice_Field": null, "parent_ChoiceGroup": null, "w": 15.444444444444457, "h": 32.3888888888888, "y": 532.2805555555555, "x": 831.7222222222223, "structure_id": "Tr_59"}, {"parent_TextBlock": "Tb_32", "text": "5b", "parent_Field": "Fi_19", "parent_Choice_Field": null, "parent_ChoiceGroup": null, "w": 22.691666666666606, "h": 23.197222222222194, "y": 503.2583333333333, "x": 1111.111111111111, "structure_id": "Tr_60"}, {"parent_TextBlock": "Tb_32", "text": "February", "parent_Field": "Fi_19", "parent_Choice_Field": null, "parent_ChoiceGroup": null, "w": 79.18391450678291, "h": 22.672222222222274, "y": 503.7055555555557, "x": 1137, "structure_id": "Tr_61"}, {"parent_TextBlock": "Tb_32", "text": "$", "parent_Field": "Fi_19", "parent_Choice_Field": null, "parent_ChoiceGroup": null, "w": 15.444444444444343, "h": 32.3888888888888, "y": 532.2805555555555, "x": 1111.7222222222222, "structure_id": "Tr_62"}, {"parent_TextBlock": "Tb_33", "text": "5c", "parent_Field": "Fi_20", "parent_Choice_Field": null, "parent_ChoiceGroup": null, "w": 21.972222222222285, "h": 23.197222222222194, "y": 569.9277777777777, "x": 831.1111111111111, "structure_id": "Tr_63"}, {"parent_TextBlock": "Tb_33", "text": "March", "parent_Field": "Fi_20", "parent_Choice_Field": null, "parent_ChoiceGroup": null, "w": 55.10555555555561, "h": 22.67222222222233, "y": 570.3750000000001, "x": 858.4888888888888, "structure_id": "Tr_64"}, {"parent_TextBlock": "Tb_33", "text": "$", "parent_Field": "Fi_20", "parent_Choice_Field": null, "parent_ChoiceGroup": null, "w": 15.444444444444457, "h": 32.3888888888888, "y": 598.9416666666667, "x": 831.7222222222223, "structure_id": "Tr_65"}, {"parent_TextBlock": "Tb_34", "text": "5d", "parent_Field": "Fi_21", "parent_Choice_Field": null, "parent_ChoiceGroup": null, "w": 22.691666666666606, "h": 23.197222222222194, "y": 569.9277777777777, "x": 1111.111111111111, "structure_id": "Tr_66"}, {"parent_TextBlock": "Tb_34", "text": "April", "parent_Field": "Fi_21", "parent_Choice_Field": null, "parent_ChoiceGroup": null, "w": 41.29037624037278, "h": 22.67222222222233, "y": 570.3750000000001, "x": 1137, "structure_id": "Tr_67"}, {"parent_TextBlock": "Tb_34", "text": "$", "parent_Field": "Fi_21", "parent_Choice_Field": null, "parent_ChoiceGroup": null, "w": 15.444444444444343, "h": 32.3888888888888, "y": 598.9416666666667, "x": 1111.7222222222222, "structure_id": "Tr_68"}, {"parent_TextBlock": "Tb_35", "text": "5h", "parent_Field": "Fi_22", "parent_Choice_Field": null, "parent_ChoiceGroup": null, "w": 22.341666666666697, "h": 23.197222222222194, "y": 703.2583333333333, "x": 1111.111111111111, "structure_id": "Tr_69"}, {"parent_TextBlock": "Tb_35", "text": "August", "parent_Field": "Fi_22", "parent_Choice_Field": null, "parent_ChoiceGroup": null, "w": 65.86197196634384, "h": 22.67222222222233, "y": 703.7055555555557, "x": 1134, "structure_id": "Tr_70"}, {"parent_TextBlock": "Tb_35", "text": "$", "parent_Field": "Fi_22", "parent_Choice_Field": null, "parent_ChoiceGroup": null, "w": 15.444444444444343, "h": 32.3888888888888, "y": 732.2805555555555, "x": 1111.7222222222222, "structure_id": "Tr_71"}, {"parent_TextBlock": "Tb_36", "text": "5i", "parent_Field": "Fi_23", "parent_Choice_Field": null, "parent_ChoiceGroup": null, "w": 15.82777777777767, "h": 23.197222222222422, "y": 769.9277777777777, "x": 831.1111111111111, "structure_id": "Tr_72"}, {"parent_TextBlock": "Tb_36", "text": "September", "parent_Field": "Fi_23", "parent_Choice_Field": null, "parent_ChoiceGroup": null, "w": 103.68778157463919, "h": 22.672222222222103, "y": 770.3750000000001, "x": 850, "structure_id": "Tr_73"}, {"parent_TextBlock": "Tb_36", "text": "$", "parent_Field": "Fi_23", "parent_Choice_Field": null, "parent_ChoiceGroup": null, "w": 15.444444444444457, "h": 32.3888888888888, "y": 798.9416666666667, "x": 831.7222222222223, "structure_id": "Tr_74"}, {"parent_TextBlock": "Tb_37", "text": "5j", "parent_Field": "Fi_24", "parent_Choice_Field": null, "parent_ChoiceGroup": null, "w": 16.216666666666697, "h": 23.197222222222422, "y": 769.9277777777777, "x": 1111.111111111111, "structure_id": "Tr_75"}, {"parent_TextBlock": "Tb_37", "text": "October", "parent_Field": "Fi_24", "parent_Choice_Field": null, "parent_ChoiceGroup": null, "w": 74.90226716697589, "h": 22.672222222222103, "y": 770.3750000000001, "x": 1134, "structure_id": "Tr_76"}, {"parent_TextBlock": "Tb_37", "text": "$", "parent_Field": "Fi_24", "parent_Choice_Field": null, "parent_ChoiceGroup": null, "w": 15.444444444444343, "h": 32.3888888888888, "y": 798.9416666666667, "x": 1111.7222222222222, "structure_id": "Tr_77"}, {"parent_TextBlock": "Tb_38", "text": "5k", "parent_Field": "Fi_25", "parent_Choice_Field": null, "parent_ChoiceGroup": null, "w": 21.972222222222285, "h": 23.197222222222194, "y": 836.5972222222222, "x": 831.1111111111111, "structure_id": "Tr_78"}, {"parent_TextBlock": "Tb_38", "text": "November", "parent_Field": "Fi_25", "parent_Choice_Field": null, "parent_ChoiceGroup": null, "w": 95.7098032266274, "h": 22.672222222222217, "y": 837.0444444444445, "x": 853, "structure_id": "Tr_79"}, {"parent_TextBlock": "Tb_38", "text": "$", "parent_Field": "Fi_25", "parent_Choice_Field": null, "parent_ChoiceGroup": null, "w": 15.444444444444457, "h": 32.3888888888888, "y": 865.6111111111111, "x": 831.7222222222223, "structure_id": "Tr_80"}, {"parent_TextBlock": "Tb_39", "text": "5l", "parent_Field": "Fi_26", "parent_Choice_Field": null, "parent_ChoiceGroup": null, "w": 15.827777777777783, "h": 23.197222222222194, "y": 836.5972222222222, "x": 1111.111111111111, "structure_id": "Tr_81"}, {"parent_TextBlock": "Tb_39", "text": "December", "parent_Field": "Fi_26", "parent_Choice_Field": null, "parent_ChoiceGroup": null, "w": 90.04722222222222, "h": 22.672222222222217, "y": 837.0444444444445, "x": 1137.75, "structure_id": "Tr_82"}, {"parent_TextBlock": "Tb_39", "text": "$", "parent_Field": "Fi_26", "parent_Choice_Field": null, "parent_ChoiceGroup": null, "w": 15.444444444444343, "h": 32.3888888888888, "y": 865.6111111111111, "x": 1111.7222222222222, "structure_id": "Tr_83"}, {"parent_TextBlock": "Tb_40", "text": "1a", "parent_Field": "Fi_27", "parent_Choice_Field": null, "parent_ChoiceGroup": null, "w": 21.972222222222285, "h": 23.197222222222223, "y": 236.5972222222221, "x": 831.1111111111111, "structure_id": "Tr_84"}, {"parent_TextBlock": "Tb_40", "text": "Gross amount ofpayment", "parent_Field": "Fi_27", "parent_Choice_Field": null, "parent_ChoiceGroup": null, "w": 230.0099624090476, "h": 22.67222222222233, "y": 237.04444444444448, "x": 855, "structure_id": "Tr_85"}, {"parent_TextBlock": "Tb_40", "text": "card / third party network", "parent_Field": "Fi_27", "parent_Choice_Field": null, "parent_ChoiceGroup": null, "w": 209.5722222222223, "h": 22.67222222222233, "y": 256.48888888888894, "x": 858.8972222222221, "structure_id": "Tr_86"}, {"parent_TextBlock": "Tb_40", "text": "transactions", "parent_Field": "Fi_27", "parent_Choice_Field": null, "parent_ChoiceGroup": null, "w": 106.59444444444455, "h": 22.67222222222233, "y": 275.93333333333334, "x": 858.8972222222221, "structure_id": "Tr_87"}, {"parent_TextBlock": "Tb_40", "text": "$", "parent_Field": "Fi_27", "parent_Choice_Field": null, "parent_ChoiceGroup": null, "w": 15.444444444444457, "h": 32.3888888888888, "y": 298.9416666666667, "x": 831.7222222222223, "structure_id": "Tr_88"}, {"parent_TextBlock": "Tb_41", "text": "1b", "parent_Field": "Fi_28", "parent_Choice_Field": null, "parent_ChoiceGroup": null, "w": 22.691666666666606, "h": 23.197222222222194, "y": 336.5888888888886, "x": 831.1111111111111, "structure_id": "Tr_89"}, {"parent_TextBlock": "Tb_41", "text": "Card Not Presenttransactions", "parent_Field": "Fi_28", "parent_Choice_Field": null, "parent_ChoiceGroup": null, "w": 238.2892995995685, "h": 26.10445039609249, "y": 337.03611111111104, "x": 858, "structure_id": "Tr_90"}, {"parent_TextBlock": "Tb_41", "text": "$", "parent_Field": "Fi_28", "parent_Choice_Field": null, "parent_ChoiceGroup": null, "w": 15.444444444444457, "h": 32.3888888888888, "y": 382.27222222222235, "x": 831.7222222222223, "structure_id": "Tr_91"}, {"parent_TextBlock": "Tb_42", "text": "www.irs.gov / form1099k", "parent_Field": null, "parent_Choice_Field": null, "parent_ChoiceGroup": null, "w": 207.3750000000001, "h": 22.672222222222103, "y": 1009.2583333333333, "x": 594.4861111111111, "structure_id": "Tr_92"}], "ChoiceGroup": [{"y": 64.03125, "x": 510, "structure_id": "Chgp_1", "w": 385, "h": 37}, {"y": 380.03125, "x": 484, "structure_id": "Chgp_2", "w": 335, "h": 117}, {"y": 383.03125, "x": 141, "structure_id": "Chgp_3", "w": 334, "h": 114}]}