{"Widget": [{"parent_Field": "Fi_1", "parent_Choice_Field": null, "parent_ChoiceGroup": null, "w": 260.00000000000006, "h": 33.33055555555531, "y": 266.6694444444447, "x": 839.9999999999999, "structure_id": "Wi_1"}, {"parent_Field": "Fi_2", "parent_Choice_Field": null, "parent_ChoiceGroup": null, "w": 340, "h": 38.891666666666914, "y": 327.77777777777777, "x": 140, "structure_id": "Wi_2"}, {"parent_Field": "Fi_3", "parent_Choice_Field": null, "parent_ChoiceGroup": null, "w": 339.99999999999994, "h": 38.891666666666914, "y": 327.77777777777777, "x": 480, "structure_id": "Wi_3"}, {"parent_Field": "Fi_4", "parent_Choice_Field": null, "parent_ChoiceGroup": null, "w": 260.00000000000006, "h": 33.33055555555562, "y": 333.33055555555563, "x": 839.9999999999999, "structure_id": "Wi_4"}, {"parent_Field": "Fi_5", "parent_Choice_Field": null, "parent_ChoiceGroup": null, "w": 260.00000000000006, "h": 33.33055555555531, "y": 166.66944444444468, "x": 839.9999999999999, "structure_id": "Wi_5"}, {"parent_Field": "Fi_6", "parent_Choice_Field": null, "parent_ChoiceGroup": null, "w": 679.9999999999999, "h": 38.891666666666914, "y": 627.7777777777777, "x": 140, "structure_id": "Wi_6"}, {"parent_Field": "Fi_7", "parent_Choice_Field": null, "parent_ChoiceGroup": null, "w": 679.9999999999999, "h": 38.8916666666666, "y": 494.4472222222225, "x": 140, "structure_id": "Wi_7"}, {"parent_Field": "Fi_8", "parent_Choice_Field": null, "parent_ChoiceGroup": null, "w": 679.9999999999999, "h": 72.22222222222221, "y": 394.4472222222225, "x": 140, "structure_id": "Wi_8"}, {"parent_Field": "Fi_9", "parent_Choice_Field": null, "parent_ChoiceGroup": null, "w": 679.9999999999999, "h": 144.44444444444443, "y": 155.55555555555554, "x": 140, "structure_id": "Wi_9"}, {"parent_Field": "Fi_10", "parent_Choice_Field": null, "parent_ChoiceGroup": null, "w": 679.9999999999999, "h": 38.8916666666666, "y": 561.1083333333333, "x": 140, "structure_id": "Wi_10"}, {"parent_Field": null, "parent_Choice_Field": "Chf_1", "parent_ChoiceGroup": "Chgp_1", "w": 27.77777777777778, "h": 27.77777777777778, "y": 69.44444444444444, "x": 520, "structure_id": "Wi_11"}, {"parent_Field": null, "parent_Choice_Field": "Chf_2", "parent_ChoiceGroup": "Chgp_1", "w": 27.77777777777778, "h": 27.77777777777778, "y": 69.44444444444444, "x": 680, "structure_id": "Wi_12"}, {"parent_Field": null, "parent_Choice_Field": "Chf_3", "parent_ChoiceGroup": "Chgp_2", "w": 22.22222222222222, "h": 22.22222222222222, "y": 338.88333333333344, "x": 1345.5527777777777, "structure_id": "Wi_13"}, {"parent_Field": null, "parent_Choice_Field": "Chf_4", "parent_ChoiceGroup": "Chgp_3", "w": 22.22222222222222, "h": 22.22222222222222, "y": 405.5527777777778, "x": 1345.5527777777777, "structure_id": "Wi_14"}, {"parent_Field": null, "parent_Choice_Field": "Chf_5", "parent_ChoiceGroup": "Chgp_4", "w": 22.22222222222222, "h": 22.22222222222222, "y": 438.88333333333344, "x": 919.9999999999999, "structure_id": "Wi_15"}, {"parent_Field": null, "parent_Choice_Field": "Chf_6", "parent_ChoiceGroup": "Chgp_4", "w": 22.22222222222222, "h": 22.22222222222222, "y": 438.88333333333344, "x": 1068.3138888888889, "structure_id": "Wi_16"}, {"parent_Field": null, "parent_Choice_Field": "Chf_7", "parent_ChoiceGroup": "Chgp_5", "w": 22.22222222222222, "h": 22.22222222222222, "y": 472.22222222222223, "x": 1068.3138888888889, "structure_id": "Wi_17"}], "TextBlock": [{"parent_Field": null, "parent_Choice_Field": null, "parent_ChoiceGroup": null, "w": 141.575, "h": 22.67222222222233, "y": 675.9277777777779, "x": 399.2138888888889, "structure_id": "Tb_1"}, {"parent_Field": null, "parent_Choice_Field": null, "parent_ChoiceGroup": null, "w": 1415.0738306328337, "h": 28.09124939016283, "y": 703, "x": 140, "structure_id": "Tb_2"}, {"parent_Field": null, "parent_Choice_Field": null, "parent_ChoiceGroup": null, "w": 216.7896839673174, "h": 345.3805555555558, "y": 305, "x": 1388.1138888888888, "structure_id": "Tb_3"}, {"parent_Field": "Fi_1", "parent_Choice_Field": null, "parent_ChoiceGroup": null, "w": 96.84722222222229, "h": 94.94166666666695, "y": 203.25833333333333, "x": 826.1, "structure_id": "Tb_4"}, {"parent_Field": null, "parent_Choice_Field": null, "parent_ChoiceGroup": null, "w": 145.48333333333312, "h": 23.895972194863987, "y": 269, "x": 1117.2583333333334, "structure_id": "Tb_5"}, {"parent_Field": "Fi_2", "parent_Choice_Field": null, "parent_ChoiceGroup": null, "w": 324.34888888888895, "h": 22.67222222222233, "y": 303.7055555555557, "x": 151.11111111111111, "structure_id": "Tb_6"}, {"parent_Field": "Fi_3", "parent_Choice_Field": null, "parent_ChoiceGroup": null, "w": 325.94761111111103, "h": 22.67222222222233, "y": 303.7055555555557, "x": 491.11111111111114, "structure_id": "Tb_7"}, {"parent_Field": null, "parent_Choice_Field": null, "parent_ChoiceGroup": null, "w": 120.51906743519407, "h": 42.65439886397644, "y": 173, "x": 1128, "structure_id": "Tb_8"}, {"parent_Field": "Fi_4", "parent_Choice_Field": null, "parent_ChoiceGroup": null, "w": 68.75, "h": 61.60277777777816, "y": 303.2583333333333, "x": 826.1, "structure_id": "Tb_9"}, {"parent_Field": "Fi_5", "parent_Choice_Field": null, "parent_ChoiceGroup": null, "w": 175.71388888888885, "h": 94.94166666666688, "y": 103.25833333333334, "x": 826.1, "structure_id": "Tb_10"}, {"parent_Field": null, "parent_Choice_Field": null, "parent_ChoiceGroup": null, "w": 167.60972222222222, "h": 21.05277777777765, "y": 103.49166666666683, "x": 1106.1944444444443, "structure_id": "Tb_11"}, {"parent_Field": null, "parent_Choice_Field": null, "parent_ChoiceGroup": null, "w": 299.47500000000014, "h": 113.15000000000009, "y": 137.9166666666669, "x": 1300.5277777777776, "structure_id": "Tb_12"}, {"parent_Field": null, "parent_Choice_Field": null, "parent_ChoiceGroup": null, "w": 59.75903614457832, "h": 23.420982905982797, "y": 68.19722222222234, "x": 320, "structure_id": "Tb_13"}, {"parent_Field": "Fi_6", "parent_Choice_Field": null, "parent_ChoiceGroup": null, "w": 296.78055555555557, "h": 22.67222222222233, "y": 603.7055555555557, "x": 151.11111111111111, "structure_id": "Tb_14"}, {"parent_Field": "Fi_7", "parent_Choice_Field": null, "parent_ChoiceGroup": null, "w": 293.1638888888889, "h": 22.67222222222233, "y": 470.37500000000006, "x": 151.11111111111111, "structure_id": "Tb_15"}, {"parent_Field": "Fi_8", "parent_Choice_Field": null, "parent_ChoiceGroup": null, "w": 170.68333333333337, "h": 22.67222222222233, "y": 370.3750000000001, "x": 151.11111111111111, "structure_id": "Tb_16"}, {"parent_Field": "Fi_9", "parent_Choice_Field": null, "parent_ChoiceGroup": null, "w": 658.8924999999997, "h": 44.89722222222227, "y": 103.70555555555572, "x": 151.11111111111111, "structure_id": "Tb_17"}, {"parent_Field": "Fi_10", "parent_Choice_Field": null, "parent_ChoiceGroup": null, "w": 613.6277777777779, "h": 22.67222222222233, "y": 537.0361111111113, "x": 151.11111111111111, "structure_id": "Tb_18"}, {"parent_Field": null, "parent_Choice_Field": "Chf_1", "parent_ChoiceGroup": "Chgp_1", "w": 64.83333333333337, "h": 32.3888888888888, "y": 65.61111111111113, "x": 560, "structure_id": "Tb_19"}, {"parent_Field": null, "parent_Choice_Field": "Chf_2", "parent_ChoiceGroup": "Chgp_1", "w": 168.72222222222229, "h": 32.3888888888888, "y": 65.61111111111113, "x": 719.9999999999999, "structure_id": "Tb_20"}, {"parent_Field": null, "parent_Choice_Field": "Chf_3", "parent_ChoiceGroup": "Chgp_2", "w": 254.91111111111127, "h": 23.416666666666515, "y": 303.038888888889, "x": 1111.111111111111, "structure_id": "Tb_21"}, {"parent_Field": null, "parent_Choice_Field": "Chf_4", "parent_ChoiceGroup": "Chgp_3", "w": 250.40323515559908, "h": 46.45277777777801, "y": 369.9277777777777, "x": 1111.111111111111, "structure_id": "Tb_22"}, {"parent_Field": null, "parent_Choice_Field": null, "parent_ChoiceGroup": null, "w": 115.26666666666677, "h": 23.197222222222194, "y": 369.9277777777777, "x": 831.1111111111111, "structure_id": "Tb_23"}, {"parent_Field": null, "parent_Choice_Field": null, "parent_ChoiceGroup": "Chgp_4", "w": 227.7805555555558, "h": 21.052777777777635, "y": 403.49166666666684, "x": 831.1111111111111, "structure_id": "Tb_24"}, {"parent_Field": null, "parent_Choice_Field": "Chf_5", "parent_ChoiceGroup": "Chgp_4", "w": 51.53333333333342, "h": 19.43333333333328, "y": 446.0277777777779, "x": 847.7777777777777, "structure_id": "Tb_25"}, {"parent_Field": null, "parent_Choice_Field": "Chf_6", "parent_ChoiceGroup": "Chgp_4", "w": 64.04999999999995, "h": 23.197222222222194, "y": 442.14166666666677, "x": 996.3, "structure_id": "Tb_26"}, {"parent_Field": null, "parent_Choice_Field": "Chf_7", "parent_ChoiceGroup": "Chgp_5", "w": 118.6833333333334, "h": 21.43333333333328, "y": 477.3666666666667, "x": 825.3333333333333, "structure_id": "Tb_27"}, {"parent_Field": null, "parent_Choice_Field": null, "parent_ChoiceGroup": null, "w": 208.8138888888891, "h": 22.67222222222233, "y": 675.9277777777779, "x": 775.5944444444444, "structure_id": "Tb_28"}, {"parent_Field": null, "parent_Choice_Field": null, "parent_ChoiceGroup": null, "w": 444.1880914826497, "h": 22.67222222222233, "y": 675.9277777777779, "x": 1156, "structure_id": "Tb_29"}, {"parent_Field": null, "parent_Choice_Field": null, "parent_ChoiceGroup": null, "w": 145.48333333333335, "h": 19.706543287550858, "y": 673, "x": 140, "structure_id": "Tb_30"}], "Choice_Field": [{"y": 65.61111111111113, "x": 520, "structure_id": "Chf_1", "w": 104.83333333333337, "h": 32.3888888888888}, {"y": 65.61111111111113, "x": 680, "structure_id": "Chf_2", "w": 208.72222222222217, "h": 32.3888888888888}, {"y": 303.038888888889, "x": 1111.111111111111, "structure_id": "Chf_3", "w": 256.6638888888888, "h": 58.06666666666666}, {"y": 369.9277777777777, "x": 1111.111111111111, "structure_id": "Chf_4", "w": 256.6638888888888, "h": 57.84722222222234}, {"y": 438.88333333333344, "x": 847.7777777777777, "structure_id": "Chf_5", "w": 94.44444444444434, "h": 26.577777777777726}, {"y": 438.88333333333344, "x": 996.3, "structure_id": "Chf_6", "w": 94.23611111111109, "h": 26.45555555555552}, {"y": 472.22222222222223, "x": 825.3333333333333, "structure_id": "Chf_7", "w": 265.2027777777778, "h": 26.577777777777726}], "Field": [{"y": 203.25833333333333, "x": 826.1, "structure_id": "Fi_1", "w": 273.9, "h": 96.74166666666667}, {"y": 303.7055555555557, "x": 140, "structure_id": "Fi_2", "w": 340, "h": 62.96388888888902}, {"y": 303.7055555555557, "x": 480, "structure_id": "Fi_3", "w": 340, "h": 62.96388888888902}, {"y": 303.2583333333333, "x": 826.1, "structure_id": "Fi_4", "w": 273.9, "h": 63.40277777777794}, {"y": 103.25833333333334, "x": 826.1, "structure_id": "Fi_5", "w": 273.9, "h": 96.74166666666666}, {"y": 603.7055555555557, "x": 140, "structure_id": "Fi_6", "w": 679.9999999999999, "h": 62.963888888888846}, {"y": 470.37500000000006, "x": 140, "structure_id": "Fi_7", "w": 679.9999999999999, "h": 62.96388888888902}, {"y": 370.3750000000001, "x": 140, "structure_id": "Fi_8", "w": 679.9999999999999, "h": 96.2944444444446}, {"y": 103.70555555555572, "x": 140, "structure_id": "Fi_9", "w": 679.9999999999999, "h": 196.29444444444428}, {"y": 537.0361111111113, "x": 140, "structure_id": "Fi_10", "w": 679.9999999999999, "h": 62.96388888888873}], "TextRun": [{"parent_TextBlock": "Tb_1", "text": "Cat . No . 32223J", "parent_Field": null, "parent_Choice_Field": null, "parent_ChoiceGroup": null, "w": 141.575, "h": 22.67222222222233, "y": 675.9277777777779, "x": 399.2138888888889, "structure_id": "Tr_1"}, {"parent_TextBlock": "Tb_2", "text": "DoNotCutorSeparateFormsonThisPage?DoNotCutorSeparateFormsonThisPage", "parent_Field": null, "parent_Choice_Field": null, "parent_ChoiceGroup": null, "w": 1415.0738306328337, "h": 28.09124939016279, "y": 703, "x": 140, "structure_id": "Tr_2"}, {"parent_TextBlock": "Tb_3", "text": "CopyA", "parent_Field": null, "parent_Choice_Field": null, "parent_ChoiceGroup": null, "w": 95.69444444444457, "h": 26.997623622854064, "y": 305, "x": 1504.3055555555557, "structure_id": "Tr_3"}, {"parent_TextBlock": "Tb_3", "text": "ForService", "parent_Field": null, "parent_Choice_Field": null, "parent_ChoiceGroup": null, "w": 186.29999999999995, "h": 31.375000000000057, "y": 335.13888888888914, "x": 1410.175, "structure_id": "Tr_4"}, {"parent_TextBlock": "Tb_3", "text": "Internal Revenue", "parent_Field": null, "parent_Choice_Field": null, "parent_ChoiceGroup": null, "w": 201.39999999999986, "h": 29.824999999999932, "y": 362.9138888888892, "x": 1398.6, "structure_id": "Tr_5"}, {"parent_TextBlock": "Tb_3", "text": "Center", "parent_Field": null, "parent_Choice_Field": null, "parent_ChoiceGroup": null, "w": 80.57500000000027, "h": 29.824999999999932, "y": 390.68888888888927, "x": 1519.4249999999997, "structure_id": "Tr_6"}, {"parent_TextBlock": "Tb_3", "text": "File with Form 1096 .", "parent_Field": null, "parent_Choice_Field": null, "parent_ChoiceGroup": null, "w": 211.8888888888889, "h": 26.511111111111063, "y": 433.08333333333354, "x": 1388.1138888888888, "structure_id": "Tr_7"}, {"parent_TextBlock": "Tb_3", "text": "ForPrivacyAct", "parent_Field": null, "parent_Choice_Field": null, "parent_ChoiceGroup": null, "w": 206.9035728562062, "h": 25.91111111111104, "y": 473.3805555555558, "x": 1398, "structure_id": "Tr_8"}, {"parent_TextBlock": "Tb_3", "text": "ReductionActandPaperwork", "parent_Field": null, "parent_Choice_Field": null, "parent_ChoiceGroup": null, "w": 210.81655406562527, "h": 26.91111111111104, "y": 498.3805555555558, "x": 1393.9805555555556, "structure_id": "Tr_9"}, {"parent_TextBlock": "Tb_3", "text": "Notice,seethe", "parent_Field": null, "parent_Choice_Field": null, "parent_ChoiceGroup": null, "w": 185.2822506561679, "h": 25.91111111111104, "y": 527.3805555555558, "x": 1410, "structure_id": "Tr_10"}, {"parent_TextBlock": "Tb_3", "text": "2017General", "parent_Field": null, "parent_Choice_Field": null, "parent_ChoiceGroup": null, "w": 138.28888888888878, "h": 26.511111111111063, "y": 545.8694444444448, "x": 1458.7138888888887, "structure_id": "Tr_11"}, {"parent_TextBlock": "Tb_3", "text": "Instructionsfor", "parent_Field": null, "parent_Choice_Field": null, "parent_ChoiceGroup": null, "w": 162.1111111111113, "h": 26.511111111111063, "y": 577.8694444444448, "x": 1436.8916666666664, "structure_id": "Tr_12"}, {"parent_TextBlock": "Tb_3", "text": "CertainInformation", "parent_Field": null, "parent_Choice_Field": null, "parent_ChoiceGroup": null, "w": 206.08888888888896, "h": 26.511111111111063, "y": 595.8694444444448, "x": 1394.9138888888888, "structure_id": "Tr_13"}, {"parent_TextBlock": "Tb_3", "text": "Returns.", "parent_Field": null, "parent_Choice_Field": null, "parent_ChoiceGroup": null, "w": 89.73333333333335, "h": 26.511111111111063, "y": 623.8694444444448, "x": 1510.2694444444444, "structure_id": "Tr_14"}, {"parent_TextBlock": "Tb_4", "text": "2", "parent_Field": "Fi_1", "parent_Choice_Field": null, "parent_ChoiceGroup": null, "w": 10.811111111111131, "h": 23.197222222222223, "y": 203.25833333333333, "x": 831.1111111111111, "structure_id": "Tr_15"}, {"parent_TextBlock": "Tb_4", "text": "Earnings", "parent_Field": "Fi_1", "parent_Choice_Field": null, "parent_ChoiceGroup": null, "w": 75.61944444444453, "h": 22.672222222222302, "y": 203.70555555555572, "x": 847.3277777777778, "structure_id": "Tr_16"}, {"parent_TextBlock": "Tb_4", "text": "$", "parent_Field": "Fi_1", "parent_Choice_Field": null, "parent_ChoiceGroup": null, "w": 13.900000000000091, "h": 29.15000000000009, "y": 269.0500000000002, "x": 826.1, "structure_id": "Tr_17"}, {"parent_TextBlock": "Tb_5", "text": "1099-QForm", "parent_Field": null, "parent_Choice_Field": null, "parent_ChoiceGroup": null, "w": 145.48333333333312, "h": 23.89597219486401, "y": 269, "x": 1117.2583333333334, "structure_id": "Tr_18"}, {"parent_TextBlock": "Tb_6", "text": "PAYER?S / TRUSTEE'S federal identification no .", "parent_Field": "Fi_2", "parent_Choice_Field": null, "parent_ChoiceGroup": null, "w": 324.34888888888895, "h": 22.67222222222233, "y": 303.7055555555557, "x": 151.11111111111111, "structure_id": "Tr_19"}, {"parent_TextBlock": "Tb_7", "text": "RECIPIENT?S taxpayer identification no .", "parent_Field": "Fi_3", "parent_Choice_Field": null, "parent_ChoiceGroup": null, "w": 325.94761111111103, "h": 22.67222222222233, "y": 303.7055555555557, "x": 491.11111111111114, "structure_id": "Tr_20"}, {"parent_TextBlock": "Tb_8", "text": "2017", "parent_Field": null, "parent_Choice_Field": null, "parent_ChoiceGroup": null, "w": 120.51906743519409, "h": 42.654398863976446, "y": 173, "x": 1128, "structure_id": "Tr_21"}, {"parent_TextBlock": "Tb_9", "text": "3", "parent_Field": "Fi_4", "parent_Choice_Field": null, "parent_ChoiceGroup": null, "w": 10.811111111111131, "h": 23.197222222222194, "y": 303.2583333333333, "x": 831.1111111111111, "structure_id": "Tr_22"}, {"parent_TextBlock": "Tb_9", "text": "Basis", "parent_Field": "Fi_4", "parent_Choice_Field": null, "parent_ChoiceGroup": null, "w": 47.52222222222224, "h": 22.67222222222233, "y": 303.7055555555557, "x": 847.3277777777778, "structure_id": "Tr_23"}, {"parent_TextBlock": "Tb_9", "text": "$", "parent_Field": "Fi_4", "parent_Choice_Field": null, "parent_ChoiceGroup": null, "w": 13.900000000000091, "h": 29.15000000000009, "y": 335.7111111111114, "x": 826.1, "structure_id": "Tr_24"}, {"parent_TextBlock": "Tb_10", "text": "1", "parent_Field": "Fi_5", "parent_Choice_Field": null, "parent_ChoiceGroup": null, "w": 10.811111111111131, "h": 23.197222222222223, "y": 103.25833333333334, "x": 831.1111111111111, "structure_id": "Tr_25"}, {"parent_TextBlock": "Tb_10", "text": "Gross distribution", "parent_Field": "Fi_5", "parent_Choice_Field": null, "parent_ChoiceGroup": null, "w": 154.4861111111111, "h": 22.672222222222317, "y": 103.70555555555572, "x": 847.3277777777778, "structure_id": "Tr_26"}, {"parent_TextBlock": "Tb_10", "text": "$", "parent_Field": "Fi_5", "parent_Choice_Field": null, "parent_ChoiceGroup": null, "w": 13.900000000000091, "h": 29.150000000000063, "y": 169.05000000000015, "x": 826.1, "structure_id": "Tr_27"}, {"parent_TextBlock": "Tb_11", "text": "OMB No . 1545 - 1760", "parent_Field": null, "parent_Choice_Field": null, "parent_ChoiceGroup": null, "w": 167.60972222222222, "h": 21.05277777777765, "y": 103.49166666666683, "x": 1106.1944444444443, "structure_id": "Tr_28"}, {"parent_TextBlock": "Tb_12", "text": "QualifiedPaymentsFrom", "parent_Field": null, "parent_Choice_Field": null, "parent_ChoiceGroup": null, "w": 299.47500000000014, "h": 29.824999999999903, "y": 137.9166666666669, "x": 1300.5277777777776, "structure_id": "Tr_29"}, {"parent_TextBlock": "Tb_12", "text": "(Under Education", "parent_Field": null, "parent_Choice_Field": null, "parent_ChoiceGroup": null, "w": 283.75, "h": 31.274999999999807, "y": 164.24166666666707, "x": 1316.2527777777777, "structure_id": "Tr_30"}, {"parent_TextBlock": "Tb_12", "text": "Programs529and530)", "parent_Field": null, "parent_Choice_Field": null, "parent_ChoiceGroup": null, "w": 291.14999999999964, "h": 31.375000000000057, "y": 193.46666666666704, "x": 1308.8527777777776, "structure_id": "Tr_31"}, {"parent_TextBlock": "Tb_12", "text": "Sections", "parent_Field": null, "parent_Choice_Field": null, "parent_ChoiceGroup": null, "w": 103.69999999999997, "h": 29.824999999999907, "y": 221.2416666666671, "x": 1496.3027777777775, "structure_id": "Tr_32"}, {"parent_TextBlock": "Tb_13", "text": "3131", "parent_Field": null, "parent_Choice_Field": null, "parent_ChoiceGroup": null, "w": 59.759036144578324, "h": 23.4209829059828, "y": 68.19722222222234, "x": 320, "structure_id": "Tr_33"}, {"parent_TextBlock": "Tb_14", "text": "Account number ( see instructions)", "parent_Field": "Fi_6", "parent_Choice_Field": null, "parent_ChoiceGroup": null, "w": 296.78055555555557, "h": 22.67222222222233, "y": 603.7055555555557, "x": 151.11111111111111, "structure_id": "Tr_34"}, {"parent_TextBlock": "Tb_15", "text": "Street address ( including apt . no .)", "parent_Field": "Fi_7", "parent_Choice_Field": null, "parent_ChoiceGroup": null, "w": 293.1638888888889, "h": 22.67222222222233, "y": 470.37500000000006, "x": 151.11111111111111, "structure_id": "Tr_35"}, {"parent_TextBlock": "Tb_16", "text": "RECIPIENT?S name", "parent_Field": "Fi_8", "parent_Choice_Field": null, "parent_ChoiceGroup": null, "w": 170.68333333333337, "h": 22.67222222222233, "y": 370.3750000000001, "x": 151.11111111111111, "structure_id": "Tr_36"}, {"parent_TextBlock": "Tb_17", "text": "PAYER?S / TRUSTEE'S name , street address , city or town , state or province , country ,", "parent_Field": "Fi_9", "parent_Choice_Field": null, "parent_ChoiceGroup": null, "w": 658.8924999999997, "h": 22.672222222222317, "y": 103.70555555555572, "x": 151.11111111111111, "structure_id": "Tr_37"}, {"parent_TextBlock": "Tb_17", "text": "ZIP or foreign postal code , and telephone no .", "parent_Field": "Fi_9", "parent_Choice_Field": null, "parent_ChoiceGroup": null, "w": 354.2700000000001, "h": 22.67222222222233, "y": 125.93055555555566, "x": 151.11111111111111, "structure_id": "Tr_38"}, {"parent_TextBlock": "Tb_18", "text": "City or town , state or province , country , and ZIP or foreign postal code", "parent_Field": "Fi_10", "parent_Choice_Field": null, "parent_ChoiceGroup": null, "w": 613.6277777777779, "h": 22.67222222222233, "y": 537.0361111111113, "x": 151.11111111111111, "structure_id": "Tr_39"}, {"parent_TextBlock": "Tb_19", "text": "VOID", "parent_Field": null, "parent_Choice_Field": "Chf_1", "parent_ChoiceGroup": "Chgp_1", "w": 64.83333333333334, "h": 32.3888888888888, "y": 65.61111111111113, "x": 560, "structure_id": "Tr_40"}, {"parent_TextBlock": "Tb_20", "text": "CORRECTED", "parent_Field": null, "parent_Choice_Field": "Chf_2", "parent_ChoiceGroup": "Chgp_1", "w": 168.72222222222223, "h": 32.3888888888888, "y": 65.61111111111113, "x": 719.9999999999999, "structure_id": "Tr_41"}, {"parent_TextBlock": "Tb_21", "text": "transfer Trustee - to - trustee", "parent_Field": null, "parent_Choice_Field": "Chf_3", "parent_ChoiceGroup": "Chgp_2", "w": 238.69444444444457, "h": 23.338888888889016, "y": 303.038888888889, "x": 1127.3277777777778, "structure_id": "Tr_42"}, {"parent_TextBlock": "Tb_21", "text": "4", "parent_Field": null, "parent_Choice_Field": "Chf_3", "parent_ChoiceGroup": "Chgp_2", "w": 10.811111111111131, "h": 23.197222222222194, "y": 303.2583333333333, "x": 1111.111111111111, "structure_id": "Tr_43"}, {"parent_TextBlock": "Tb_22", "text": "6", "parent_Field": null, "parent_Choice_Field": "Chf_4", "parent_ChoiceGroup": "Chgp_3", "w": 10.811111111111131, "h": 23.197222222222194, "y": 369.9277777777777, "x": 1111.111111111111, "structure_id": "Tr_44"}, {"parent_TextBlock": "Tb_22", "text": "Check if the recipient is", "parent_Field": null, "parent_Choice_Field": "Chf_4", "parent_ChoiceGroup": "Chgp_3", "w": 234.18656848893238, "h": 22.67222222222233, "y": 370.3750000000001, "x": 1127.3277777777778, "structure_id": "Tr_45"}, {"parent_TextBlock": "Tb_22", "text": "beneficiary not the designated", "parent_Field": null, "parent_Choice_Field": "Chf_4", "parent_ChoiceGroup": "Chgp_3", "w": 230.69444444444457, "h": 24.338888888889073, "y": 392.04166666666663, "x": 1127.775, "structure_id": "Tr_46"}, {"parent_TextBlock": "Tb_23", "text": "5", "parent_Field": null, "parent_Choice_Field": null, "parent_ChoiceGroup": null, "w": 10.811111111111131, "h": 23.197222222222194, "y": 369.9277777777777, "x": 831.1111111111111, "structure_id": "Tr_47"}, {"parent_TextBlock": "Tb_23", "text": "Check one :", "parent_Field": null, "parent_Choice_Field": null, "parent_ChoiceGroup": null, "w": 99.05000000000007, "h": 22.67222222222233, "y": 370.3750000000001, "x": 847.3277777777778, "structure_id": "Tr_48"}, {"parent_TextBlock": "Tb_24", "text": "?", "parent_Field": null, "parent_Choice_Field": null, "parent_ChoiceGroup": "Chgp_4", "w": 9.027777777777828, "h": 21.052777777777635, "y": 403.49166666666684, "x": 831.1111111111111, "structure_id": "Tr_49"}, {"parent_TextBlock": "Tb_24", "text": "Qualified tuition program?", "parent_Field": null, "parent_Choice_Field": null, "parent_ChoiceGroup": "Chgp_4", "w": 217.7138888888892, "h": 21.052777777777635, "y": 403.49166666666684, "x": 841.1777777777777, "structure_id": "Tr_50"}, {"parent_TextBlock": "Tb_25", "text": "Private", "parent_Field": null, "parent_Choice_Field": "Chf_5", "parent_ChoiceGroup": "Chgp_4", "w": 51.53333333333339, "h": 19.43333333333328, "y": 446.0277777777779, "x": 847.7777777777777, "structure_id": "Tr_51"}, {"parent_TextBlock": "Tb_26", "text": "or State", "parent_Field": null, "parent_Choice_Field": "Chf_6", "parent_ChoiceGroup": "Chgp_4", "w": 64.04999999999995, "h": 23.197222222222194, "y": 442.14166666666677, "x": 996.3, "structure_id": "Tr_52"}, {"parent_TextBlock": "Tb_27", "text": "CoverdellESA", "parent_Field": null, "parent_Choice_Field": "Chf_7", "parent_ChoiceGroup": "Chgp_5", "w": 107.08333333333337, "h": 19.43333333333328, "y": 477.3666666666667, "x": 836.9333333333333, "structure_id": "Tr_53"}, {"parent_TextBlock": "Tb_27", "text": "?", "parent_Field": null, "parent_Choice_Field": "Chf_7", "parent_ChoiceGroup": "Chgp_5", "w": 8.333333333333371, "h": 19.43333333333328, "y": 479.3666666666667, "x": 825.3333333333333, "structure_id": "Tr_54"}, {"parent_TextBlock": "Tb_28", "text": "www.irs.gov / form1099q", "parent_Field": null, "parent_Choice_Field": null, "parent_ChoiceGroup": null, "w": 208.8138888888891, "h": 22.67222222222233, "y": 675.9277777777779, "x": 775.5944444444444, "structure_id": "Tr_55"}, {"parent_TextBlock": "Tb_29", "text": "Department of the Treasury - Internal Revenue Service", "parent_Field": null, "parent_Choice_Field": null, "parent_ChoiceGroup": null, "w": 444.1880914826497, "h": 22.67222222222233, "y": 675.9277777777779, "x": 1156, "structure_id": "Tr_56"}, {"parent_TextBlock": "Tb_30", "text": "1099-QForm", "parent_Field": null, "parent_Choice_Field": null, "parent_ChoiceGroup": null, "w": 145.48333333333335, "h": 19.70654328755088, "y": 673, "x": 140, "structure_id": "Tr_57"}], "ChoiceGroup": [{"y": 65.03125, "x": 508, "structure_id": "Chgp_1", "w": 381, "h": 36}, {"y": 299.03125, "x": 1105, "structure_id": "Chgp_2", "w": 273, "h": 63}, {"y": 365.03125, "x": 1105, "structure_id": "Chgp_3", "w": 269, "h": 69}, {"y": 400.03125, "x": 828, "structure_id": "Chgp_4", "w": 265, "h": 67}, {"y": 470.03125, "x": 823, "structure_id": "Chgp_5", "w": 275, "h": 27}]}