{"Widget": [{"parent_Field": null, "parent_Choice_Field": "Chf_1", "parent_ChoiceGroup": "Chgp_1", "w": 24, "h": 21, "y": 1703, "x": 308, "structure_id": "Wi_1"}, {"parent_Field": null, "parent_Choice_Field": "Chf_2", "parent_ChoiceGroup": "Chgp_1", "w": 24, "h": 24, "y": 1700, "x": 422, "structure_id": "Wi_2"}, {"parent_Field": "Fi_1", "parent_Choice_Field": null, "parent_ChoiceGroup": null, "w": 840, "h": 45, "y": 1622, "x": 104, "structure_id": "Wi_3"}, {"parent_Field": "Fi_2", "parent_Choice_Field": null, "parent_ChoiceGroup": null, "w": 840, "h": 41, "y": 1514, "x": 101, "structure_id": "Wi_4"}, {"parent_Field": "Fi_3", "parent_Choice_Field": null, "parent_ChoiceGroup": null, "w": 729, "h": 39, "y": 1963, "x": 218, "structure_id": "Wi_5"}, {"parent_Field": "Fi_4", "parent_Choice_Field": null, "parent_ChoiceGroup": null, "w": 940, "h": 41, "y": 2024, "x": 215, "structure_id": "Wi_6"}, {"parent_Field": "Fi_5", "parent_Choice_Field": null, "parent_ChoiceGroup": null, "w": 265, "h": 42, "y": 2024, "x": 1346, "structure_id": "Wi_7"}, {"parent_Field": "Fi_6", "parent_Choice_Field": null, "parent_ChoiceGroup": null, "w": 264, "h": 33, "y": 1768, "x": 362, "structure_id": "Wi_8"}, {"parent_Field": "Fi_7", "parent_Choice_Field": null, "parent_ChoiceGroup": null, "w": 1212, "h": 41, "y": 1832, "x": 401, "structure_id": "Wi_9"}, {"parent_Field": "Fi_8", "parent_Choice_Field": null, "parent_ChoiceGroup": null, "w": 1136, "h": 39, "y": 2093, "x": 477, "structure_id": "Wi_10"}, {"parent_Field": "Fi_9", "parent_Choice_Field": null, "parent_ChoiceGroup": null, "w": 283, "h": 33, "y": 83, "x": 874, "structure_id": "Wi_11"}, {"parent_Field": "Fi_10", "parent_Choice_Field": null, "parent_ChoiceGroup": null, "w": 321, "h": 36, "y": 82, "x": 385, "structure_id": "Wi_12"}, {"parent_Field": "Fi_11", "parent_Choice_Field": null, "parent_ChoiceGroup": null, "w": 259, "h": 36, "y": 83, "x": 1351, "structure_id": "Wi_13"}], "TextBlock": [{"parent_Field": null, "parent_Choice_Field": null, "parent_ChoiceGroup": null, "w": 126.13333333333334, "h": 27.577777777777783, "y": 162.29888888888883, "x": 105.51166666666667, "structure_id": "Tb_1"}, {"parent_Field": null, "parent_Choice_Field": null, "parent_ChoiceGroup": null, "w": 924.4666666666664, "h": 74.7000000000001, "y": 484.1563888888888, "x": 664.1325, "structure_id": "Tb_2"}, {"parent_Field": null, "parent_Choice_Field": null, "parent_ChoiceGroup": null, "w": 178.51574305555528, "h": 55.909986111110896, "y": 145.18556388888882, "x": 1402.1952777777778, "structure_id": "Tb_3"}, {"parent_Field": null, "parent_Choice_Field": null, "parent_ChoiceGroup": null, "w": 311.0000188937698, "h": 72, "y": 2214, "x": 164.99998110623022, "structure_id": "Tb_4"}, {"parent_Field": null, "parent_Choice_Field": null, "parent_ChoiceGroup": null, "w": 415.9166666666665, "h": 35.27777777777783, "y": 1244.1502777777778, "x": 41.17583333333332, "structure_id": "Tb_5"}, {"parent_Field": null, "parent_Choice_Field": null, "parent_ChoiceGroup": null, "w": 646.4444444444441, "h": 34.4722222222224, "y": 1326.8724999999997, "x": 41.17583333333332, "structure_id": "Tb_6"}, {"parent_Field": null, "parent_Choice_Field": null, "parent_ChoiceGroup": null, "w": 53.49166666666668, "h": 24.13055555555559, "y": 1442.0677777777776, "x": 1006.1563888888888, "structure_id": "Tb_7"}, {"parent_Field": null, "parent_Choice_Field": null, "parent_ChoiceGroup": null, "w": 53.08333333333337, "h": 24.13055555555559, "y": 1588.007222222222, "x": 1429.8138888888886, "structure_id": "Tb_8"}, {"parent_Field": null, "parent_Choice_Field": null, "parent_ChoiceGroup": null, "w": 882.5555555555551, "h": 34.861111111111086, "y": 1293.3724999999997, "x": 41.17583333333332, "structure_id": "Tb_9"}, {"parent_Field": null, "parent_Choice_Field": null, "parent_ChoiceGroup": null, "w": 53.08333333333337, "h": 24.13055555555559, "y": 1588.007222222222, "x": 1108.9475, "structure_id": "Tb_10"}, {"parent_Field": null, "parent_Choice_Field": null, "parent_ChoiceGroup": null, "w": 760.3055555555552, "h": 34.4722222222224, "y": 1360.2058333333332, "x": 41.17583333333332, "structure_id": "Tb_11"}, {"parent_Field": null, "parent_Choice_Field": null, "parent_ChoiceGroup": "Chgp_1", "w": 178.58333333333331, "h": 34.47222222222217, "y": 1698.8425, "x": 104.16277777777778, "structure_id": "Tb_12"}, {"parent_Field": null, "parent_Choice_Field": "Chf_1", "parent_ChoiceGroup": "Chgp_1", "w": 59.916666666666686, "h": 34.47222222222217, "y": 1698.8425, "x": 342.9372222222222, "structure_id": "Tb_13"}, {"parent_Field": null, "parent_Choice_Field": "Chf_2", "parent_ChoiceGroup": "Chgp_1", "w": 89.97222222222223, "h": 34.47222222222217, "y": 1698.8425, "x": 456.5219444444444, "structure_id": "Tb_14"}, {"parent_Field": null, "parent_Choice_Field": null, "parent_ChoiceGroup": null, "w": 53.49166666666668, "h": 24.13055555555559, "y": 1442.0677777777776, "x": 1327.3041666666666, "structure_id": "Tb_15"}, {"parent_Field": "Fi_1", "parent_Choice_Field": null, "parent_ChoiceGroup": null, "w": 242.75000000000003, "h": 34.4722222222224, "y": 1578.6044444444444, "x": 104.16861111111112, "structure_id": "Tb_16"}, {"parent_Field": "Fi_2", "parent_Choice_Field": null, "parent_ChoiceGroup": null, "w": 213.97222222222223, "h": 34.4722222222224, "y": 1469.1272222222221, "x": 104.16277777777778, "structure_id": "Tb_17"}, {"parent_Field": "Fi_3", "parent_Choice_Field": null, "parent_ChoiceGroup": null, "w": 102.38888888888884, "h": 34.47222222222217, "y": 1963.5133333333333, "x": 104.16277777777778, "structure_id": "Tb_18"}, {"parent_Field": "Fi_4", "parent_Choice_Field": null, "parent_ChoiceGroup": null, "w": 100.47222222222226, "h": 34.4722222222224, "y": 2025.0277777777776, "x": 104.16861111111112, "structure_id": "Tb_19"}, {"parent_Field": "Fi_5", "parent_Choice_Field": null, "parent_ChoiceGroup": null, "w": 140.3611111111111, "h": 34.4722222222224, "y": 2025.0277777777776, "x": 1199.499722222222, "structure_id": "Tb_20"}, {"parent_Field": null, "parent_Choice_Field": null, "parent_ChoiceGroup": null, "w": 417.2500000000004, "h": 34.4722222222224, "y": 1420.0438888888887, "x": 104.16277777777778, "structure_id": "Tb_21"}, {"parent_Field": null, "parent_Choice_Field": null, "parent_ChoiceGroup": null, "w": 22.733333333333334, "h": 35.27777777777774, "y": 1417.0608333333334, "x": 53.00749999999999, "structure_id": "Tb_22"}, {"parent_Field": null, "parent_Choice_Field": null, "parent_ChoiceGroup": null, "w": 25.977777777777778, "h": 35.27777777777782, "y": 1695.859444444444, "x": 51.38527777777777, "structure_id": "Tb_23"}, {"parent_Field": "Fi_6", "parent_Choice_Field": null, "parent_ChoiceGroup": null, "w": 247.83333333333331, "h": 34.47222222222217, "y": 1766.5569444444445, "x": 100.63499999999999, "structure_id": "Tb_24"}, {"parent_Field": null, "parent_Choice_Field": null, "parent_ChoiceGroup": null, "w": 26.333333333333332, "h": 35.27777777777782, "y": 1763.573611111111, "x": 51.20777777777777, "structure_id": "Tb_25"}, {"parent_Field": "Fi_7", "parent_Choice_Field": null, "parent_ChoiceGroup": null, "w": 285.5000000000001, "h": 34.47222222222217, "y": 1834.2713888888889, "x": 104.16277777777778, "structure_id": "Tb_26"}, {"parent_Field": null, "parent_Choice_Field": null, "parent_ChoiceGroup": null, "w": 26.799999999999997, "h": 35.27777777777782, "y": 1831.2880555555555, "x": 50.97416666666666, "structure_id": "Tb_27"}, {"parent_Field": null, "parent_Choice_Field": null, "parent_ChoiceGroup": null, "w": 293.6666666666667, "h": 34.47222222222217, "y": 1901.9855555555555, "x": 104.16277777777778, "structure_id": "Tb_28"}, {"parent_Field": null, "parent_Choice_Field": null, "parent_ChoiceGroup": null, "w": 26.71111111111111, "h": 35.27777777777782, "y": 1899.0022222222221, "x": 51.01861111111111, "structure_id": "Tb_29"}, {"parent_Field": "Fi_8", "parent_Choice_Field": null, "parent_ChoiceGroup": null, "w": 366.0555555555556, "h": 34.47222222222217, "y": 2092.742222222222, "x": 104.16277777777778, "structure_id": "Tb_30"}, {"parent_Field": null, "parent_Choice_Field": null, "parent_ChoiceGroup": null, "w": 28.08888888888888, "h": 35.277777777777786, "y": 2089.758888888889, "x": 50.32972222222222, "structure_id": "Tb_31"}, {"parent_Field": null, "parent_Choice_Field": null, "parent_ChoiceGroup": null, "w": 230.13625555555546, "h": 30.31878055555556, "y": 2230.939198333333, "x": 1321.0477777777778, "structure_id": "Tb_32"}, {"parent_Field": null, "parent_Choice_Field": null, "parent_ChoiceGroup": null, "w": 1030.2500000000002, "h": 149.5575074511599, "y": 305, "x": 558.3483333333334, "structure_id": "Tb_33"}, {"parent_Field": null, "parent_Choice_Field": null, "parent_ChoiceGroup": null, "w": 408.20000000000016, "h": 41.833333333333485, "y": 627.1624999999997, "x": 70.4536111111111, "structure_id": "Tb_34"}, {"parent_Field": null, "parent_Choice_Field": null, "parent_ChoiceGroup": null, "w": 758.8055555555559, "h": 34.47222222222217, "y": 697.6972222222223, "x": 70.4536111111111, "structure_id": "Tb_35"}, {"parent_Field": null, "parent_Choice_Field": null, "parent_ChoiceGroup": null, "w": 1425.7499999999993, "h": 67.80555555555566, "y": 907.6694444444446, "x": 70.4536111111111, "structure_id": "Tb_36"}, {"parent_Field": null, "parent_Choice_Field": null, "parent_ChoiceGroup": null, "w": 1425.111111111111, "h": 67.80555555555543, "y": 750.7250000000003, "x": 94.0647222222222, "structure_id": "Tb_37"}, {"parent_Field": null, "parent_Choice_Field": null, "parent_ChoiceGroup": null, "w": 16.666666666666664, "h": 34.47222222222213, "y": 750.7250000000003, "x": 70.4536111111111, "structure_id": "Tb_38"}, {"parent_Field": null, "parent_Choice_Field": null, "parent_ChoiceGroup": null, "w": 1451.4722222222222, "h": 67.80555555555554, "y": 825.2527777777781, "x": 94.0647222222222, "structure_id": "Tb_39"}, {"parent_Field": null, "parent_Choice_Field": null, "parent_ChoiceGroup": null, "w": 16.666666666666664, "h": 34.47222222222213, "y": 825.2527777777781, "x": 70.4536111111111, "structure_id": "Tb_40"}, {"parent_Field": null, "parent_Choice_Field": null, "parent_ChoiceGroup": null, "w": 296.6333333333334, "h": 38.347222222222285, "y": 1006.2311111111111, "x": 70.4536111111111, "structure_id": "Tb_41"}, {"parent_Field": null, "parent_Choice_Field": null, "parent_ChoiceGroup": null, "w": 888.861111111111, "h": 34.861111111111086, "y": 1156.233611111111, "x": 70.4536111111111, "structure_id": "Tb_42"}, {"parent_Field": null, "parent_Choice_Field": null, "parent_ChoiceGroup": null, "w": 1509.72222222222, "h": 67.80555555555588, "y": 1066.1224999999997, "x": 70.4536111111111, "structure_id": "Tb_43"}, {"parent_Field": null, "parent_Choice_Field": null, "parent_ChoiceGroup": null, "w": 189.05, "h": 30.375000000000156, "y": 83.20194444444427, "x": 51.87555555555556, "structure_id": "Tb_44"}, {"parent_Field": "Fi_9", "parent_Choice_Field": null, "parent_ChoiceGroup": null, "w": 152.1744444444446, "h": 30.375000000000156, "y": 83.20194444444427, "x": 721.8255555555554, "structure_id": "Tb_45"}, {"parent_Field": "Fi_10", "parent_Choice_Field": null, "parent_ChoiceGroup": null, "w": 109.02500000000003, "h": 30.375000000000156, "y": 83.20194444444427, "x": 270.10055555555556, "structure_id": "Tb_46"}, {"parent_Field": "Fi_11", "parent_Choice_Field": null, "parent_ChoiceGroup": null, "w": 170.82500000000027, "h": 30.375000000000156, "y": 83.20194444444427, "x": 1173.5505555555553, "structure_id": "Tb_47"}], "Choice_Field": [{"y": 1698.8425, "x": 308, "structure_id": "Chf_1", "w": 94.85388888888889, "h": 34.47222222222217}, {"y": 1698.8425, "x": 422, "structure_id": "Chf_2", "w": 124.49416666666662, "h": 34.47222222222217}], "Field": [{"y": 1578.6044444444444, "x": 104, "structure_id": "Fi_1", "w": 840, "h": 88.39555555555557}, {"y": 1469.1272222222221, "x": 101, "structure_id": "Fi_2", "w": 840, "h": 85.87277777777786}, {"y": 1963, "x": 104.16277777777778, "structure_id": "Fi_3", "w": 842.8372222222222, "h": 39}, {"y": 2024, "x": 104.16861111111112, "structure_id": "Fi_4", "w": 1050.8313888888888, "h": 41}, {"y": 2024, "x": 1199.499722222222, "structure_id": "Fi_5", "w": 411.5002777777779, "h": 42}, {"y": 1766.5569444444445, "x": 100.63499999999999, "structure_id": "Fi_6", "w": 525.365, "h": 38.906388888888614}, {"y": 1832, "x": 104.16277777777778, "structure_id": "Fi_7", "w": 1508.8372222222222, "h": 41}, {"y": 2092.742222222222, "x": 104.16277777777778, "structure_id": "Fi_8", "w": 1508.8372222222222, "h": 39.25777777777785}, {"y": 83, "x": 721.8255555555554, "structure_id": "Fi_9", "w": 435.1744444444446, "h": 33}, {"y": 82, "x": 270.10055555555556, "structure_id": "Fi_10", "w": 435.89944444444444, "h": 36}, {"y": 83, "x": 1175.5505555555553, "structure_id": "Fi_11", "w": 434.4494444444447, "h": 36}], "TextRun": [{"parent_TextBlock": "Tb_1", "text": "August  2016", "parent_Field": null, "parent_Choice_Field": null, "parent_ChoiceGroup": null, "w": 126.13333333333334, "h": 27.577777777777783, "y": 162.29888888888883, "x": 105.51166666666667, "structure_id": "Tr_1"}, {"parent_TextBlock": "Tb_2", "text": "to  be  submitted  with  the  Visitor  Visa  Application  (  INZ  1017  )  or", "parent_Field": null, "parent_Choice_Field": null, "parent_ChoiceGroup": null, "w": 924.4666666666664, "h": 41.366666666666845, "y": 484.1563888888888, "x": 664.1325, "structure_id": "Tr_2"}, {"parent_TextBlock": "Tb_2", "text": "Partnership  -  Based  Temporary  Visa  Application  (  INZ  1198  )", "parent_Field": null, "parent_Choice_Field": null, "parent_ChoiceGroup": null, "w": 856.5666666666663, "h": 41.36666666666679, "y": 517.4897222222221, "x": 732.0325000000001, "structure_id": "Tr_3"}, {"parent_TextBlock": "Tb_3", "text": "INZ  1205", "parent_Field": null, "parent_Choice_Field": null, "parent_ChoiceGroup": null, "w": 178.51574305555528, "h": 55.909986111110896, "y": 145.18556388888882, "x": 1402.1952777777778, "structure_id": "Tr_4"}, {"parent_TextBlock": "Tb_4", "text": "MINISTRY OF BUSINESS,", "parent_Field": null, "parent_Choice_Field": null, "parent_ChoiceGroup": null, "w": 255, "h": 24, "y": 2214, "x": 166, "structure_id": "Tr_5"}, {"parent_TextBlock": "Tb_4", "text": "INNOVATION & EMPLOYMENT", "parent_Field": null, "parent_Choice_Field": null, "parent_ChoiceGroup": null, "w": 307, "h": 19, "y": 2240, "x": 169, "structure_id": "Tr_6"}, {"parent_TextBlock": "Tb_4", "text": "HIKINA WHAKATUTUKI", "parent_Field": null, "parent_Choice_Field": null, "parent_ChoiceGroup": null, "w": 180, "h": 24, "y": 2262, "x": 167, "structure_id": "Tr_7"}, {"parent_TextBlock": "Tb_5", "text": "Additional  dependent  child  one", "parent_Field": null, "parent_Choice_Field": null, "parent_ChoiceGroup": null, "w": 415.9166666666665, "h": 35.27777777777783, "y": 1244.1502777777778, "x": 41.17583333333332, "structure_id": "Tr_8"}, {"parent_TextBlock": "Tb_6", "text": "The  photographs  must  be  less  than  six  months  old  .", "parent_Field": null, "parent_Choice_Field": null, "parent_ChoiceGroup": null, "w": 646.4444444444441, "h": 34.4722222222224, "y": 1326.8724999999997, "x": 41.17583333333332, "structure_id": "Tr_9"}, {"parent_TextBlock": "Tb_7", "text": "4.5cm", "parent_Field": null, "parent_Choice_Field": null, "parent_ChoiceGroup": null, "w": 53.49166666666668, "h": 24.13055555555559, "y": 1442.0677777777776, "x": 1006.1563888888888, "structure_id": "Tr_10"}, {"parent_TextBlock": "Tb_8", "text": "3.5cm", "parent_Field": null, "parent_Choice_Field": null, "parent_ChoiceGroup": null, "w": 53.08333333333337, "h": 24.13055555555559, "y": 1588.007222222222, "x": 1429.8138888888886, "structure_id": "Tr_11"}, {"parent_TextBlock": "Tb_9", "text": "two", "parent_Field": null, "parent_Choice_Field": null, "parent_ChoiceGroup": null, "w": 50.30555555555554, "h": 34.861111111111086, "y": 1293.3724999999997, "x": 131.92583333333332, "structure_id": "Tr_12"}, {"parent_TextBlock": "Tb_9", "text": "Attach  recent  colour  passport  -  size  photographs  of  the  child  here  .", "parent_Field": null, "parent_Choice_Field": null, "parent_ChoiceGroup": null, "w": 882.5555555555551, "h": 34.4722222222224, "y": 1293.5391666666665, "x": 41.17583333333332, "structure_id": "Tr_13"}, {"parent_TextBlock": "Tb_10", "text": "3.5cm", "parent_Field": null, "parent_Choice_Field": null, "parent_ChoiceGroup": null, "w": 53.08333333333337, "h": 24.13055555555559, "y": 1588.007222222222, "x": 1108.9475, "structure_id": "Tr_14"}, {"parent_TextBlock": "Tb_11", "text": "Write  the child?s  full  name  on  the  back  of  both  photographs  .", "parent_Field": null, "parent_Choice_Field": null, "parent_ChoiceGroup": null, "w": 760.3055555555552, "h": 34.4722222222224, "y": 1360.2058333333332, "x": 41.17583333333332, "structure_id": "Tr_15"}, {"parent_TextBlock": "Tb_12", "text": "Child?s  gender", "parent_Field": null, "parent_Choice_Field": null, "parent_ChoiceGroup": "Chgp_1", "w": 178.58333333333331, "h": 34.47222222222217, "y": 1698.8425, "x": 104.16277777777778, "structure_id": "Tr_16"}, {"parent_TextBlock": "Tb_13", "text": "Male", "parent_Field": null, "parent_Choice_Field": "Chf_1", "parent_ChoiceGroup": "Chgp_1", "w": 59.916666666666686, "h": 34.472222222222214, "y": 1698.8425, "x": 342.9372222222222, "structure_id": "Tr_17"}, {"parent_TextBlock": "Tb_14", "text": "Female", "parent_Field": null, "parent_Choice_Field": "Chf_2", "parent_ChoiceGroup": "Chgp_1", "w": 89.97222222222219, "h": 34.472222222222214, "y": 1698.8425, "x": 456.5219444444444, "structure_id": "Tr_18"}, {"parent_TextBlock": "Tb_15", "text": "4.5cm", "parent_Field": null, "parent_Choice_Field": null, "parent_ChoiceGroup": null, "w": 53.49166666666668, "h": 24.13055555555559, "y": 1442.0677777777776, "x": 1327.3041666666666, "structure_id": "Tr_19"}, {"parent_TextBlock": "Tb_16", "text": "Given  /  first  name  (  s  )", "parent_Field": "Fi_1", "parent_Choice_Field": null, "parent_ChoiceGroup": null, "w": 242.75000000000003, "h": 34.4722222222224, "y": 1578.6044444444444, "x": 104.16861111111112, "structure_id": "Tr_20"}, {"parent_TextBlock": "Tb_17", "text": "Family  /  last  name", "parent_Field": "Fi_2", "parent_Choice_Field": null, "parent_ChoiceGroup": null, "w": 213.97222222222223, "h": 34.4722222222224, "y": 1469.1272222222221, "x": 104.16277777777778, "structure_id": "Tr_21"}, {"parent_TextBlock": "Tb_18", "text": "Number", "parent_Field": "Fi_3", "parent_Choice_Field": null, "parent_ChoiceGroup": null, "w": 102.38888888888886, "h": 34.472222222222214, "y": 1963.5133333333333, "x": 104.16277777777778, "structure_id": "Tr_22"}, {"parent_TextBlock": "Tb_19", "text": "Country", "parent_Field": "Fi_4", "parent_Choice_Field": null, "parent_ChoiceGroup": null, "w": 100.47222222222224, "h": 34.472222222222214, "y": 2025.0277777777776, "x": 104.16861111111112, "structure_id": "Tr_23"}, {"parent_TextBlock": "Tb_20", "text": "Expiry  date", "parent_Field": "Fi_5", "parent_Choice_Field": null, "parent_ChoiceGroup": null, "w": 140.3611111111111, "h": 34.4722222222224, "y": 2025.0277777777776, "x": 1199.499722222222, "structure_id": "Tr_24"}, {"parent_TextBlock": "Tb_21", "text": "Child?s  name  as  shown  in  passport", "parent_Field": null, "parent_Choice_Field": null, "parent_ChoiceGroup": null, "w": 417.2500000000004, "h": 34.4722222222224, "y": 1420.0438888888887, "x": 104.16277777777778, "structure_id": "Tr_25"}, {"parent_TextBlock": "Tb_22", "text": "A1", "parent_Field": null, "parent_Choice_Field": null, "parent_ChoiceGroup": null, "w": 22.733333333333334, "h": 35.27777777777774, "y": 1417.0608333333334, "x": 53.00749999999999, "structure_id": "Tr_26"}, {"parent_TextBlock": "Tb_23", "text": "A2", "parent_Field": null, "parent_Choice_Field": null, "parent_ChoiceGroup": null, "w": 25.977777777777778, "h": 35.27777777777782, "y": 1695.859444444444, "x": 51.38527777777777, "structure_id": "Tr_27"}, {"parent_TextBlock": "Tb_24", "text": "Child?s  date  of  birth", "parent_Field": "Fi_6", "parent_Choice_Field": null, "parent_ChoiceGroup": null, "w": 247.83333333333331, "h": 34.47222222222217, "y": 1766.5569444444445, "x": 100.63499999999999, "structure_id": "Tr_28"}, {"parent_TextBlock": "Tb_25", "text": "A3", "parent_Field": null, "parent_Choice_Field": null, "parent_ChoiceGroup": null, "w": 26.333333333333332, "h": 35.27777777777782, "y": 1763.573611111111, "x": 51.20777777777777, "structure_id": "Tr_29"}, {"parent_TextBlock": "Tb_26", "text": "Child?s  country  of  birth", "parent_Field": "Fi_7", "parent_Choice_Field": null, "parent_ChoiceGroup": null, "w": 285.5000000000001, "h": 34.47222222222217, "y": 1834.2713888888889, "x": 104.16277777777778, "structure_id": "Tr_30"}, {"parent_TextBlock": "Tb_27", "text": "A4", "parent_Field": null, "parent_Choice_Field": null, "parent_ChoiceGroup": null, "w": 26.799999999999997, "h": 35.27777777777782, "y": 1831.2880555555555, "x": 50.97416666666666, "structure_id": "Tr_31"}, {"parent_TextBlock": "Tb_28", "text": "Child?s  passport  details", "parent_Field": null, "parent_Choice_Field": null, "parent_ChoiceGroup": null, "w": 293.6666666666667, "h": 34.47222222222217, "y": 1901.9855555555555, "x": 104.16277777777778, "structure_id": "Tr_32"}, {"parent_TextBlock": "Tb_29", "text": "A5", "parent_Field": null, "parent_Choice_Field": null, "parent_ChoiceGroup": null, "w": 26.71111111111111, "h": 35.27777777777782, "y": 1899.0022222222221, "x": 51.01861111111111, "structure_id": "Tr_33"}, {"parent_TextBlock": "Tb_30", "text": "Other  citizenships  child  holds", "parent_Field": "Fi_8", "parent_Choice_Field": null, "parent_ChoiceGroup": null, "w": 366.0555555555556, "h": 34.47222222222217, "y": 2092.742222222222, "x": 104.16277777777778, "structure_id": "Tr_34"}, {"parent_TextBlock": "Tb_31", "text": "A6", "parent_Field": null, "parent_Choice_Field": null, "parent_ChoiceGroup": null, "w": 28.08888888888888, "h": 35.277777777777786, "y": 2089.758888888889, "x": 50.32972222222222, "structure_id": "Tr_35"}, {"parent_TextBlock": "Tb_32", "text": "immigration.govt.nz", "parent_Field": null, "parent_Choice_Field": null, "parent_ChoiceGroup": null, "w": 230.13625555555546, "h": 30.31878055555556, "y": 2230.939198333333, "x": 1321.0477777777778, "structure_id": "Tr_36"}, {"parent_TextBlock": "Tb_33", "text": "Additional", "parent_Field": null, "parent_Choice_Field": null, "parent_ChoiceGroup": null, "w": 401.41666666666663, "h": 69.12050661494334, "y": 305, "x": 558.3483333333334, "structure_id": "Tr_37"}, {"parent_TextBlock": "Tb_33", "text": "for", "parent_Field": null, "parent_Choice_Field": null, "parent_ChoiceGroup": null, "w": 114.66666666666697, "h": 69.87804147561008, "y": 307, "x": 1473.9316666666666, "structure_id": "Tr_38"}, {"parent_TextBlock": "Tb_33", "text": "Dependants", "parent_Field": null, "parent_Choice_Field": null, "parent_ChoiceGroup": null, "w": 471.9999999999998, "h": 67.83658985282727, "y": 311, "x": 982.3483333333331, "structure_id": "Tr_39"}, {"parent_TextBlock": "Tb_33", "text": "Visitor", "parent_Field": null, "parent_Choice_Field": null, "parent_ChoiceGroup": null, "w": 255.25, "h": 64.221582403041, "y": 384.94916666666677, "x": 1155.265, "structure_id": "Tr_40"}, {"parent_TextBlock": "Tb_33", "text": "Visa", "parent_Field": null, "parent_Choice_Field": null, "parent_ChoiceGroup": null, "w": 161.5, "h": 65.43020917806041, "y": 386.94916666666677, "x": 1426.0983333333334, "structure_id": "Tr_41"}, {"parent_TextBlock": "Tb_33", "text": "a", "parent_Field": null, "parent_Choice_Field": null, "parent_ChoiceGroup": null, "w": 45.5, "h": 58.60834078449312, "y": 395.94916666666677, "x": 1089.1816666666666, "structure_id": "Tr_42"}, {"parent_TextBlock": "Tb_34", "text": "Who  should  use  this  form  ?", "parent_Field": null, "parent_Choice_Field": null, "parent_ChoiceGroup": null, "w": 408.20000000000016, "h": 41.833333333333485, "y": 627.1624999999997, "x": 70.4536111111111, "structure_id": "Tr_43"}, {"parent_TextBlock": "Tb_35", "text": "Use  this  form  if  you  are  applying  for  a  visitor  visa  and  ,  either  :", "parent_Field": null, "parent_Choice_Field": null, "parent_ChoiceGroup": null, "w": 758.8055555555559, "h": 34.47222222222217, "y": 697.6972222222223, "x": 70.4536111111111, "structure_id": "Tr_44"}, {"parent_TextBlock": "Tb_36", "text": "When  you  have  completed  all  the  sections  you  need  to  ,  staple  this  form  to  the  Visitor  Visa  Application  (  INZ  1017  )  or", "parent_Field": null, "parent_Choice_Field": null, "parent_ChoiceGroup": null, "w": 1425.7499999999993, "h": 34.472222222222285, "y": 907.6694444444446, "x": 70.4536111111111, "structure_id": "Tr_45"}, {"parent_TextBlock": "Tb_36", "text": "Partnership  -  Based  Temporary  Visa  Application  (  INZ  1198  )  .", "parent_Field": null, "parent_Choice_Field": null, "parent_ChoiceGroup": null, "w": 713.7500000000001, "h": 34.472222222222285, "y": 941.002777777778, "x": 70.4536111111111, "structure_id": "Tr_46"}, {"parent_TextBlock": "Tb_37", "text": "you  are  using  the  Visitor  Visa  Application  (  INZ  1017  )  and  you  wish  to  include  more  than  four  dependent  children  in", "parent_Field": null, "parent_Choice_Field": null, "parent_ChoiceGroup": null, "w": 1425.111111111111, "h": 34.47222222222217, "y": 750.7250000000003, "x": 94.0647222222222, "structure_id": "Tr_47"}, {"parent_TextBlock": "Tb_37", "text": "your  visitor  visa  application  ,  or", "parent_Field": null, "parent_Choice_Field": null, "parent_ChoiceGroup": null, "w": 388.30555555555577, "h": 34.47222222222217, "y": 784.0583333333335, "x": 94.0647222222222, "structure_id": "Tr_48"}, {"parent_TextBlock": "Tb_38", "text": "?", "parent_Field": null, "parent_Choice_Field": null, "parent_ChoiceGroup": null, "w": 16.666666666666664, "h": 34.47222222222213, "y": 750.7250000000003, "x": 70.4536111111111, "structure_id": "Tr_49"}, {"parent_TextBlock": "Tb_39", "text": "you  are  using  the  Partnership  -  Based  Temporary  Visa  Application  (  INZ  1198  )  and  you  wish  to  include  your  dependent", "parent_Field": null, "parent_Choice_Field": null, "parent_ChoiceGroup": null, "w": 1451.4722222222222, "h": 34.47222222222217, "y": 825.2527777777781, "x": 94.0647222222222, "structure_id": "Tr_50"}, {"parent_TextBlock": "Tb_39", "text": "children  in  your  visitor  visa  application  .", "parent_Field": null, "parent_Choice_Field": null, "parent_ChoiceGroup": null, "w": 493.11111111111103, "h": 34.47222222222217, "y": 858.5861111111114, "x": 94.0647222222222, "structure_id": "Tr_51"}, {"parent_TextBlock": "Tb_40", "text": "?", "parent_Field": null, "parent_Choice_Field": null, "parent_ChoiceGroup": null, "w": 16.666666666666664, "h": 34.47222222222213, "y": 825.2527777777781, "x": 70.4536111111111, "structure_id": "Tr_52"}, {"parent_TextBlock": "Tb_41", "text": "Health  and  character", "parent_Field": null, "parent_Choice_Field": null, "parent_ChoiceGroup": null, "w": 296.6333333333334, "h": 38.347222222222285, "y": 1006.2311111111111, "x": 70.4536111111111, "structure_id": "Tr_53"}, {"parent_TextBlock": "Tb_42", "text": "When  filling  in  this  form  ,  please  write  clearly  using  CAPITAL  LETTERS  .", "parent_Field": null, "parent_Choice_Field": null, "parent_ChoiceGroup": null, "w": 888.861111111111, "h": 34.861111111111086, "y": 1156.233611111111, "x": 70.4536111111111, "structure_id": "Tr_54"}, {"parent_TextBlock": "Tb_43", "text": "If  the  children  included  in  this  form  have  any  health  or  character  issues  ,  these  must  be  declared  in  the  health  or  character", "parent_Field": null, "parent_Choice_Field": null, "parent_ChoiceGroup": null, "w": 1509.72222222222, "h": 34.4722222222224, "y": 1066.1224999999997, "x": 70.4536111111111, "structure_id": "Tr_55"}, {"parent_TextBlock": "Tb_43", "text": "sections  of  the  Visitor  Visa  Application  (  INZ  1017  )  or  Partnership  -  Based  Temporary  Visa  Application  (  INZ  1198  )  .", "parent_Field": null, "parent_Choice_Field": null, "parent_ChoiceGroup": null, "w": 1356.1111111111113, "h": 34.4722222222224, "y": 1099.4558333333332, "x": 70.4536111111111, "structure_id": "Tr_56"}, {"parent_TextBlock": "Tb_44", "text": "OFFICE  USE  ONLY", "parent_Field": null, "parent_Choice_Field": null, "parent_ChoiceGroup": null, "w": 189.05, "h": 30.375000000000156, "y": 83.20194444444427, "x": 51.87555555555556, "structure_id": "Tr_57"}, {"parent_TextBlock": "Tb_45", "text": "Date received", "parent_Field": "Fi_9", "parent_Choice_Field": null, "parent_ChoiceGroup": null, "w": 152.1744444444446, "h": 30.375000000000156, "y": 83.20194444444427, "x": 721.8255555555554, "structure_id": "Tr_58"}, {"parent_TextBlock": "Tb_46", "text": "Client  no  .  :", "parent_Field": "Fi_10", "parent_Choice_Field": null, "parent_ChoiceGroup": null, "w": 109.02500000000003, "h": 30.375000000000156, "y": 83.20194444444427, "x": 270.10055555555556, "structure_id": "Tr_59"}, {"parent_TextBlock": "Tb_47", "text": "Application  no  .  :", "parent_Field": "Fi_11", "parent_Choice_Field": null, "parent_ChoiceGroup": null, "w": 170.82500000000027, "h": 30.375000000000156, "y": 83.20194444444427, "x": 1173.5505555555553, "structure_id": "Tr_60"}], "ChoiceGroup": [{"y": 1694.03125, "x": 97, "structure_id": "Chgp_1", "w": 453, "h": 44}]}