{"Widget": [], "TextBlock": [{"parent_Field": null, "parent_Choice_Field": null, "parent_ChoiceGroup": null, "w": 683.3333333333334, "h": 216.66666666666674, "y": 694.4444444444445, "x": 872.2222222222223, "structure_id": "Tb_1"}, {"parent_Field": null, "parent_Choice_Field": null, "parent_ChoiceGroup": null, "w": 697.2222222222221, "h": 61.111111111111114, "y": 75, "x": 872.2222222222223, "structure_id": "Tb_2"}, {"parent_Field": null, "parent_Choice_Field": null, "parent_ChoiceGroup": null, "w": 702.7777777777777, "h": 280.5555555555556, "y": 302.77777777777777, "x": 872.2222222222223, "structure_id": "Tb_3"}, {"parent_Field": null, "parent_Choice_Field": null, "parent_ChoiceGroup": null, "w": 694.4444444444445, "h": 91.66666666666674, "y": 586.1111111111111, "x": 872.2222222222223, "structure_id": "Tb_4"}, {"parent_Field": null, "parent_Choice_Field": null, "parent_ChoiceGroup": null, "w": 697.2222222222223, "h": 280.55555555555566, "y": 925, "x": 872.2222222222223, "structure_id": "Tb_5"}, {"parent_Field": null, "parent_Choice_Field": null, "parent_ChoiceGroup": null, "w": 705.5555555555555, "h": 433.33333333333326, "y": 1219.4444444444446, "x": 872.2222222222223, "structure_id": "Tb_6"}, {"parent_Field": null, "parent_Choice_Field": null, "parent_ChoiceGroup": null, "w": 702.7777777777777, "h": 186.1111111111111, "y": 1669.4444444444446, "x": 872.2222222222223, "structure_id": "Tb_7"}, {"parent_Field": null, "parent_Choice_Field": null, "parent_ChoiceGroup": null, "w": 705.5555555555555, "h": 186.1111111111111, "y": 1869.4444444444446, "x": 872.2222222222223, "structure_id": "Tb_8"}, {"parent_Field": null, "parent_Choice_Field": null, "parent_ChoiceGroup": null, "w": 697.3483970590363, "h": 58.33333333333334, "y": 138.88888888888889, "x": 872.2222222222223, "structure_id": "Tb_9"}, {"parent_Field": null, "parent_Choice_Field": null, "parent_ChoiceGroup": null, "w": 21, "h": 18, "y": 141, "x": 874.5555419921875, "structure_id": "Tb_10"}, {"parent_Field": null, "parent_Choice_Field": null, "parent_ChoiceGroup": null, "w": 658.4800066281391, "h": 91.66666666666669, "y": 202.77777777777777, "x": 875, "structure_id": "Tb_11"}, {"parent_Field": null, "parent_Choice_Field": null, "parent_ChoiceGroup": null, "w": 21, "h": 21, "y": 204, "x": 874.5555419921875, "structure_id": "Tb_12"}, {"parent_Field": null, "parent_Choice_Field": null, "parent_ChoiceGroup": null, "w": 691.6666666666666, "h": 61.111111111111086, "y": 963.8888888888889, "x": 116.66666666666667, "structure_id": "Tb_13"}, {"parent_Field": null, "parent_Choice_Field": null, "parent_ChoiceGroup": null, "w": 705.5555555555555, "h": 247.22222222222223, "y": 75, "x": 113.8888888888889, "structure_id": "Tb_14"}, {"parent_Field": null, "parent_Choice_Field": null, "parent_ChoiceGroup": null, "w": 666.6666666666666, "h": 122.22222222222217, "y": 1402.7777777777778, "x": 113.8888888888889, "structure_id": "Tb_15"}, {"parent_Field": null, "parent_Choice_Field": null, "parent_ChoiceGroup": null, "w": 694.4444444444445, "h": 372.2222222222222, "y": 1541.6666666666667, "x": 113.8888888888889, "structure_id": "Tb_16"}, {"parent_Field": null, "parent_Choice_Field": null, "parent_ChoiceGroup": null, "w": 702.7777777777778, "h": 122.2222222222224, "y": 1263.888888888889, "x": 113.8888888888889, "structure_id": "Tb_17"}, {"parent_Field": null, "parent_Choice_Field": null, "parent_ChoiceGroup": null, "w": 672.2222222222222, "h": 216.66666666666652, "y": 1033.3333333333335, "x": 113.8888888888889, "structure_id": "Tb_18"}, {"parent_Field": null, "parent_Choice_Field": null, "parent_ChoiceGroup": null, "w": 702.7777777777778, "h": 622.2222222222223, "y": 330.55555555555554, "x": 113.8888888888889, "structure_id": "Tb_19"}, {"parent_Field": null, "parent_Choice_Field": null, "parent_ChoiceGroup": null, "w": 700, "h": 91.66666666666674, "y": 1927.7777777777778, "x": 113.8888888888889, "structure_id": "Tb_20"}], "Choice_Field": [], "Field": [], "TextRun": [{"parent_TextBlock": "Tb_1", "parent_Field": null, "parent_Choice_Field": null, "parent_ChoiceGroup": null, "w": 663.888888888889, "h": 27.77777777777783, "y": 694.4444444444445, "x": 872.2222222222223, "structure_id": "Tr_1"}, {"parent_TextBlock": "Tb_1", "parent_Field": null, "parent_Choice_Field": null, "parent_ChoiceGroup": null, "w": 680.5555555555557, "h": 27.77777777777783, "y": 727.7777777777778, "x": 875, "structure_id": "Tr_2"}, {"parent_TextBlock": "Tb_1", "parent_Field": null, "parent_Choice_Field": null, "parent_ChoiceGroup": null, "w": 661.1111111111111, "h": 27.77777777777783, "y": 758.3333333333334, "x": 875, "structure_id": "Tr_3"}, {"parent_TextBlock": "Tb_1", "parent_Field": null, "parent_Choice_Field": null, "parent_ChoiceGroup": null, "w": 619.4444444444445, "h": 27.77777777777783, "y": 788.8888888888889, "x": 872.2222222222223, "structure_id": "Tr_4"}, {"parent_TextBlock": "Tb_1", "parent_Field": null, "parent_Choice_Field": null, "parent_ChoiceGroup": null, "w": 588.888888888889, "h": 27.77777777777783, "y": 819.4444444444445, "x": 872.2222222222223, "structure_id": "Tr_5"}, {"parent_TextBlock": "Tb_1", "parent_Field": null, "parent_Choice_Field": null, "parent_ChoiceGroup": null, "w": 630.5555555555555, "h": 27.77777777777783, "y": 850, "x": 872.2222222222223, "structure_id": "Tr_6"}, {"parent_TextBlock": "Tb_1", "parent_Field": null, "parent_Choice_Field": null, "parent_ChoiceGroup": null, "w": 638.8888888888889, "h": 27.77777777777783, "y": 883.3333333333334, "x": 875, "structure_id": "Tr_7"}, {"parent_TextBlock": "Tb_2", "parent_Field": null, "parent_Choice_Field": null, "parent_ChoiceGroup": null, "w": 694.4444444444443, "h": 30.555555555555557, "y": 75, "x": 875, "structure_id": "Tr_8"}, {"parent_TextBlock": "Tb_2", "parent_Field": null, "parent_Choice_Field": null, "parent_ChoiceGroup": null, "w": 224.9999999999999, "h": 27.77777777777777, "y": 108.33333333333334, "x": 872.2222222222223, "structure_id": "Tr_9"}, {"parent_TextBlock": "Tb_3", "parent_Field": null, "parent_Choice_Field": null, "parent_ChoiceGroup": null, "w": 650.0000000000001, "h": 27.77777777777777, "y": 302.77777777777777, "x": 905.5555555555555, "structure_id": "Tr_10"}, {"parent_TextBlock": "Tb_3", "parent_Field": null, "parent_Choice_Field": null, "parent_ChoiceGroup": null, "w": 683.3333333333335, "h": 27.77777777777777, "y": 336.11111111111114, "x": 875, "structure_id": "Tr_11"}, {"parent_TextBlock": "Tb_3", "parent_Field": null, "parent_Choice_Field": null, "parent_ChoiceGroup": null, "w": 661.1111111111111, "h": 27.77777777777777, "y": 366.6666666666667, "x": 875, "structure_id": "Tr_12"}, {"parent_TextBlock": "Tb_3", "parent_Field": null, "parent_Choice_Field": null, "parent_ChoiceGroup": null, "w": 677.7777777777778, "h": 30.555555555555543, "y": 397.22222222222223, "x": 875, "structure_id": "Tr_13"}, {"parent_TextBlock": "Tb_3", "parent_Field": null, "parent_Choice_Field": null, "parent_ChoiceGroup": null, "w": 672.2222222222222, "h": 27.77777777777777, "y": 430.5555555555556, "x": 875, "structure_id": "Tr_14"}, {"parent_TextBlock": "Tb_3", "parent_Field": null, "parent_Choice_Field": null, "parent_ChoiceGroup": null, "w": 672.2222222222222, "h": 27.77777777777777, "y": 461.11111111111114, "x": 875, "structure_id": "Tr_15"}, {"parent_TextBlock": "Tb_3", "parent_Field": null, "parent_Choice_Field": null, "parent_ChoiceGroup": null, "w": 683.3333333333335, "h": 27.77777777777777, "y": 491.6666666666667, "x": 875, "structure_id": "Tr_16"}, {"parent_TextBlock": "Tb_3", "parent_Field": null, "parent_Choice_Field": null, "parent_ChoiceGroup": null, "w": 627.7777777777778, "h": 27.77777777777783, "y": 522.2222222222223, "x": 875, "structure_id": "Tr_17"}, {"parent_TextBlock": "Tb_3", "parent_Field": null, "parent_Choice_Field": null, "parent_ChoiceGroup": null, "w": 702.7777777777777, "h": 27.77777777777783, "y": 555.5555555555555, "x": 872.2222222222223, "structure_id": "Tr_18"}, {"parent_TextBlock": "Tb_4", "parent_Field": null, "parent_Choice_Field": null, "parent_ChoiceGroup": null, "w": 672.2222222222223, "h": 30.555555555555543, "y": 586.1111111111111, "x": 894.4444444444445, "structure_id": "Tr_19"}, {"parent_TextBlock": "Tb_4", "parent_Field": null, "parent_Choice_Field": null, "parent_ChoiceGroup": null, "w": 605.5555555555555, "h": 27.77777777777783, "y": 619.4444444444445, "x": 872.2222222222223, "structure_id": "Tr_20"}, {"parent_TextBlock": "Tb_4", "parent_Field": null, "parent_Choice_Field": null, "parent_ChoiceGroup": null, "w": 558.3333333333334, "h": 27.77777777777783, "y": 650, "x": 872.2222222222223, "structure_id": "Tr_21"}, {"parent_TextBlock": "Tb_5", "parent_Field": null, "parent_Choice_Field": null, "parent_ChoiceGroup": null, "w": 633.3333333333335, "h": 30.555555555555543, "y": 925, "x": 875, "structure_id": "Tr_22"}, {"parent_TextBlock": "Tb_5", "parent_Field": null, "parent_Choice_Field": null, "parent_ChoiceGroup": null, "w": 669.4444444444445, "h": 27.77777777777783, "y": 958.3333333333334, "x": 872.2222222222223, "structure_id": "Tr_23"}, {"parent_TextBlock": "Tb_5", "parent_Field": null, "parent_Choice_Field": null, "parent_ChoiceGroup": null, "w": 630.5555555555557, "h": 27.77777777777783, "y": 988.8888888888889, "x": 875, "structure_id": "Tr_24"}, {"parent_TextBlock": "Tb_5", "parent_Field": null, "parent_Choice_Field": null, "parent_ChoiceGroup": null, "w": 508.33333333333337, "h": 27.777777777777715, "y": 1019.4444444444445, "x": 872.2222222222223, "structure_id": "Tr_25"}, {"parent_TextBlock": "Tb_5", "parent_Field": null, "parent_Choice_Field": null, "parent_ChoiceGroup": null, "w": 674.9999999999999, "h": 27.77777777777783, "y": 1052.7777777777778, "x": 872.2222222222223, "structure_id": "Tr_26"}, {"parent_TextBlock": "Tb_5", "parent_Field": null, "parent_Choice_Field": null, "parent_ChoiceGroup": null, "w": 613.888888888889, "h": 27.77777777777783, "y": 1083.3333333333335, "x": 872.2222222222223, "structure_id": "Tr_27"}, {"parent_TextBlock": "Tb_5", "parent_Field": null, "parent_Choice_Field": null, "parent_ChoiceGroup": null, "w": 697.2222222222223, "h": 25, "y": 1116.6666666666667, "x": 872.2222222222223, "structure_id": "Tr_28"}, {"parent_TextBlock": "Tb_5", "parent_Field": null, "parent_Choice_Field": null, "parent_ChoiceGroup": null, "w": 627.7777777777777, "h": 25, "y": 1147.2222222222222, "x": 872.2222222222223, "structure_id": "Tr_29"}, {"parent_TextBlock": "Tb_5", "parent_Field": null, "parent_Choice_Field": null, "parent_ChoiceGroup": null, "w": 141.66666666666674, "h": 27.77777777777783, "y": 1177.7777777777778, "x": 875, "structure_id": "Tr_30"}, {"parent_TextBlock": "Tb_6", "parent_Field": null, "parent_Choice_Field": null, "parent_ChoiceGroup": null, "w": 694.4444444444443, "h": 30.555555555555657, "y": 1219.4444444444446, "x": 875, "structure_id": "Tr_31"}, {"parent_TextBlock": "Tb_6", "parent_Field": null, "parent_Choice_Field": null, "parent_ChoiceGroup": null, "w": 686.1111111111112, "h": 27.77777777777783, "y": 1252.7777777777778, "x": 872.2222222222223, "structure_id": "Tr_32"}, {"parent_TextBlock": "Tb_6", "parent_Field": null, "parent_Choice_Field": null, "parent_ChoiceGroup": null, "w": 666.6666666666667, "h": 27.77777777777783, "y": 1283.3333333333335, "x": 875, "structure_id": "Tr_33"}, {"parent_TextBlock": "Tb_6", "parent_Field": null, "parent_Choice_Field": null, "parent_ChoiceGroup": null, "w": 633.3333333333335, "h": 27.77777777777783, "y": 1313.888888888889, "x": 875, "structure_id": "Tr_34"}, {"parent_TextBlock": "Tb_6", "parent_Field": null, "parent_Choice_Field": null, "parent_ChoiceGroup": null, "w": 633.3333333333334, "h": 27.77777777777783, "y": 1344.4444444444446, "x": 872.2222222222223, "structure_id": "Tr_35"}, {"parent_TextBlock": "Tb_6", "parent_Field": null, "parent_Choice_Field": null, "parent_ChoiceGroup": null, "w": 636.1111111111112, "h": 30.555555555555657, "y": 1375, "x": 872.2222222222223, "structure_id": "Tr_36"}, {"parent_TextBlock": "Tb_6", "parent_Field": null, "parent_Choice_Field": null, "parent_ChoiceGroup": null, "w": 616.6666666666669, "h": 27.77777777777783, "y": 1408.3333333333335, "x": 872.2222222222223, "structure_id": "Tr_37"}, {"parent_TextBlock": "Tb_6", "parent_Field": null, "parent_Choice_Field": null, "parent_ChoiceGroup": null, "w": 561.1111111111112, "h": 27.77777777777783, "y": 1438.888888888889, "x": 872.2222222222223, "structure_id": "Tr_38"}, {"parent_TextBlock": "Tb_6", "parent_Field": null, "parent_Choice_Field": null, "parent_ChoiceGroup": null, "w": 633.3333333333334, "h": 25, "y": 1472.2222222222222, "x": 872.2222222222223, "structure_id": "Tr_39"}, {"parent_TextBlock": "Tb_6", "parent_Field": null, "parent_Choice_Field": null, "parent_ChoiceGroup": null, "w": 675, "h": 27.77777777777783, "y": 1502.7777777777778, "x": 875, "structure_id": "Tr_40"}, {"parent_TextBlock": "Tb_6", "parent_Field": null, "parent_Choice_Field": null, "parent_ChoiceGroup": null, "w": 597.2222222222223, "h": 27.77777777777783, "y": 1533.3333333333335, "x": 872.2222222222223, "structure_id": "Tr_41"}, {"parent_TextBlock": "Tb_6", "parent_Field": null, "parent_Choice_Field": null, "parent_ChoiceGroup": null, "w": 613.888888888889, "h": 27.77777777777783, "y": 1563.888888888889, "x": 872.2222222222223, "structure_id": "Tr_42"}, {"parent_TextBlock": "Tb_6", "parent_Field": null, "parent_Choice_Field": null, "parent_ChoiceGroup": null, "w": 705.5555555555555, "h": 25, "y": 1597.2222222222222, "x": 872.2222222222223, "structure_id": "Tr_43"}, {"parent_TextBlock": "Tb_6", "parent_Field": null, "parent_Choice_Field": null, "parent_ChoiceGroup": null, "w": 191.66666666666663, "h": 27.77777777777783, "y": 1625, "x": 872.2222222222223, "structure_id": "Tr_44"}, {"parent_TextBlock": "Tb_7", "parent_Field": null, "parent_Choice_Field": null, "parent_ChoiceGroup": null, "w": 655.5555555555555, "h": 27.77777777777783, "y": 1669.4444444444446, "x": 872.2222222222223, "structure_id": "Tr_45"}, {"parent_TextBlock": "Tb_7", "parent_Field": null, "parent_Choice_Field": null, "parent_ChoiceGroup": null, "w": 680.5555555555555, "h": 30.555555555555657, "y": 1700, "x": 872.2222222222223, "structure_id": "Tr_46"}, {"parent_TextBlock": "Tb_7", "parent_Field": null, "parent_Choice_Field": null, "parent_ChoiceGroup": null, "w": 702.7777777777777, "h": 27.77777777777783, "y": 1733.3333333333335, "x": 872.2222222222223, "structure_id": "Tr_47"}, {"parent_TextBlock": "Tb_7", "parent_Field": null, "parent_Choice_Field": null, "parent_ChoiceGroup": null, "w": 672.2222222222223, "h": 25, "y": 1766.6666666666667, "x": 872.2222222222223, "structure_id": "Tr_48"}, {"parent_TextBlock": "Tb_7", "parent_Field": null, "parent_Choice_Field": null, "parent_ChoiceGroup": null, "w": 566.6666666666669, "h": 27.77777777777783, "y": 1794.4444444444446, "x": 872.2222222222223, "structure_id": "Tr_49"}, {"parent_TextBlock": "Tb_7", "parent_Field": null, "parent_Choice_Field": null, "parent_ChoiceGroup": null, "w": 399.9999999999999, "h": 27.77777777777783, "y": 1827.7777777777778, "x": 872.2222222222223, "structure_id": "Tr_50"}, {"parent_TextBlock": "Tb_8", "parent_Field": null, "parent_Choice_Field": null, "parent_ChoiceGroup": null, "w": 705.5555555555555, "h": 30.555555555555657, "y": 1869.4444444444446, "x": 872.2222222222223, "structure_id": "Tr_51"}, {"parent_TextBlock": "Tb_8", "parent_Field": null, "parent_Choice_Field": null, "parent_ChoiceGroup": null, "w": 683.3333333333335, "h": 27.77777777777783, "y": 1902.7777777777778, "x": 875, "structure_id": "Tr_52"}, {"parent_TextBlock": "Tb_8", "parent_Field": null, "parent_Choice_Field": null, "parent_ChoiceGroup": null, "w": 652.7777777777778, "h": 27.77777777777783, "y": 1933.3333333333335, "x": 875, "structure_id": "Tr_53"}, {"parent_TextBlock": "Tb_8", "parent_Field": null, "parent_Choice_Field": null, "parent_ChoiceGroup": null, "w": 691.6666666666667, "h": 27.77777777777783, "y": 1963.888888888889, "x": 875, "structure_id": "Tr_54"}, {"parent_TextBlock": "Tb_8", "parent_Field": null, "parent_Choice_Field": null, "parent_ChoiceGroup": null, "w": 688.888888888889, "h": 27.77777777777783, "y": 1994.4444444444446, "x": 872.2222222222223, "structure_id": "Tr_55"}, {"parent_TextBlock": "Tb_8", "parent_Field": null, "parent_Choice_Field": null, "parent_ChoiceGroup": null, "w": 686.1111111111112, "h": 30.555555555555657, "y": 2025, "x": 872.2222222222223, "structure_id": "Tr_56"}, {"parent_TextBlock": "Tb_9", "parent_Field": null, "parent_Choice_Field": null, "parent_ChoiceGroup": null, "w": 665.2373062929773, "h": 27.77777777777777, "y": 138.88888888888889, "x": 904.3333129882812, "structure_id": "Tr_57"}, {"parent_TextBlock": "Tb_9", "parent_Field": null, "parent_Choice_Field": null, "parent_ChoiceGroup": null, "w": 352.7777777777777, "h": 27.77777777777777, "y": 169.44444444444446, "x": 872.2222222222223, "structure_id": "Tr_58"}, {"parent_TextBlock": "Tb_10", "parent_Field": null, "parent_Choice_Field": null, "parent_ChoiceGroup": null, "w": 21, "h": 18, "y": 141, "x": 874.5555419921875, "structure_id": "Tr_59"}, {"parent_TextBlock": "Tb_11", "parent_Field": null, "parent_Choice_Field": null, "parent_ChoiceGroup": null, "w": 626.1466936398579, "h": 27.77777777777777, "y": 202.77777777777777, "x": 907.3333129882812, "structure_id": "Tr_60"}, {"parent_TextBlock": "Tb_11", "parent_Field": null, "parent_Choice_Field": null, "parent_ChoiceGroup": null, "w": 638.8888888888889, "h": 27.7777777777778, "y": 233.33333333333334, "x": 875, "structure_id": "Tr_61"}, {"parent_TextBlock": "Tb_11", "parent_Field": null, "parent_Choice_Field": null, "parent_ChoiceGroup": null, "w": 344.44444444444434, "h": 27.77777777777777, "y": 266.6666666666667, "x": 875, "structure_id": "Tr_62"}, {"parent_TextBlock": "Tb_12", "parent_Field": null, "parent_Choice_Field": null, "parent_ChoiceGroup": null, "w": 21, "h": 21, "y": 204, "x": 874.5555419921875, "structure_id": "Tr_63"}, {"parent_TextBlock": "Tb_13", "parent_Field": null, "parent_Choice_Field": null, "parent_ChoiceGroup": null, "w": 661.1111111111111, "h": 27.77777777777783, "y": 963.8888888888889, "x": 147.22222222222223, "structure_id": "Tr_64"}, {"parent_TextBlock": "Tb_13", "parent_Field": null, "parent_Choice_Field": null, "parent_ChoiceGroup": null, "w": 213.88888888888886, "h": 30.555555555555543, "y": 994.4444444444445, "x": 116.66666666666667, "structure_id": "Tr_65"}, {"parent_TextBlock": "Tb_14", "parent_Field": null, "parent_Choice_Field": null, "parent_ChoiceGroup": null, "w": 702.7777777777778, "h": 30.555555555555557, "y": 75, "x": 113.8888888888889, "structure_id": "Tr_66"}, {"parent_TextBlock": "Tb_14", "parent_Field": null, "parent_Choice_Field": null, "parent_ChoiceGroup": null, "w": 630.5555555555555, "h": 25, "y": 108.33333333333334, "x": 116.66666666666667, "structure_id": "Tr_67"}, {"parent_TextBlock": "Tb_14", "parent_Field": null, "parent_Choice_Field": null, "parent_ChoiceGroup": null, "w": 702.7777777777778, "h": 25, "y": 138.88888888888889, "x": 116.66666666666667, "structure_id": "Tr_68"}, {"parent_TextBlock": "Tb_14", "parent_Field": null, "parent_Choice_Field": null, "parent_ChoiceGroup": null, "w": 702.7777777777778, "h": 27.77777777777777, "y": 169.44444444444446, "x": 116.66666666666667, "structure_id": "Tr_69"}, {"parent_TextBlock": "Tb_14", "parent_Field": null, "parent_Choice_Field": null, "parent_ChoiceGroup": null, "w": 572.2222222222223, "h": 25, "y": 200, "x": 113.8888888888889, "structure_id": "Tr_70"}, {"parent_TextBlock": "Tb_14", "parent_Field": null, "parent_Choice_Field": null, "parent_ChoiceGroup": null, "w": 666.6666666666667, "h": 27.7777777777778, "y": 230.55555555555557, "x": 113.8888888888889, "structure_id": "Tr_71"}, {"parent_TextBlock": "Tb_14", "parent_Field": null, "parent_Choice_Field": null, "parent_ChoiceGroup": null, "w": 647.2222222222223, "h": 27.77777777777777, "y": 261.11111111111114, "x": 116.66666666666667, "structure_id": "Tr_72"}, {"parent_TextBlock": "Tb_14", "parent_Field": null, "parent_Choice_Field": null, "parent_ChoiceGroup": null, "w": 525, "h": 27.77777777777777, "y": 294.44444444444446, "x": 116.66666666666667, "structure_id": "Tr_73"}, {"parent_TextBlock": "Tb_15", "parent_Field": null, "parent_Choice_Field": null, "parent_ChoiceGroup": null, "w": 658.3333333333334, "h": 30.555555555555657, "y": 1402.7777777777778, "x": 116.66666666666667, "structure_id": "Tr_74"}, {"parent_TextBlock": "Tb_15", "parent_Field": null, "parent_Choice_Field": null, "parent_ChoiceGroup": null, "w": 663.8888888888889, "h": 30.555555555555657, "y": 1433.3333333333335, "x": 116.66666666666667, "structure_id": "Tr_75"}, {"parent_TextBlock": "Tb_15", "parent_Field": null, "parent_Choice_Field": null, "parent_ChoiceGroup": null, "w": 644.4444444444445, "h": 27.77777777777783, "y": 1466.6666666666667, "x": 113.8888888888889, "structure_id": "Tr_76"}, {"parent_TextBlock": "Tb_15", "parent_Field": null, "parent_Choice_Field": null, "parent_ChoiceGroup": null, "w": 172.22222222222223, "h": 27.77777777777783, "y": 1497.2222222222222, "x": 113.8888888888889, "structure_id": "Tr_77"}, {"parent_TextBlock": "Tb_16", "parent_Field": null, "parent_Choice_Field": null, "parent_ChoiceGroup": null, "w": 630.5555555555555, "h": 27.77777777777783, "y": 1541.6666666666667, "x": 113.8888888888889, "structure_id": "Tr_78"}, {"parent_TextBlock": "Tb_16", "parent_Field": null, "parent_Choice_Field": null, "parent_ChoiceGroup": null, "w": 636.1111111111111, "h": 27.77777777777783, "y": 1575, "x": 113.8888888888889, "structure_id": "Tr_79"}, {"parent_TextBlock": "Tb_16", "parent_Field": null, "parent_Choice_Field": null, "parent_ChoiceGroup": null, "w": 583.3333333333334, "h": 27.77777777777783, "y": 1605.5555555555557, "x": 113.8888888888889, "structure_id": "Tr_80"}, {"parent_TextBlock": "Tb_16", "parent_Field": null, "parent_Choice_Field": null, "parent_ChoiceGroup": null, "w": 661.1111111111111, "h": 27.77777777777783, "y": 1636.111111111111, "x": 113.8888888888889, "structure_id": "Tr_81"}, {"parent_TextBlock": "Tb_16", "parent_Field": null, "parent_Choice_Field": null, "parent_ChoiceGroup": null, "w": 677.7777777777778, "h": 27.77777777777783, "y": 1666.6666666666667, "x": 116.66666666666667, "structure_id": "Tr_82"}, {"parent_TextBlock": "Tb_16", "parent_Field": null, "parent_Choice_Field": null, "parent_ChoiceGroup": null, "w": 613.8888888888889, "h": 27.77777777777783, "y": 1700, "x": 116.66666666666667, "structure_id": "Tr_83"}, {"parent_TextBlock": "Tb_16", "parent_Field": null, "parent_Choice_Field": null, "parent_ChoiceGroup": null, "w": 658.3333333333334, "h": 27.77777777777783, "y": 1730.5555555555557, "x": 113.8888888888889, "structure_id": "Tr_84"}, {"parent_TextBlock": "Tb_16", "parent_Field": null, "parent_Choice_Field": null, "parent_ChoiceGroup": null, "w": 622.2222222222223, "h": 27.77777777777783, "y": 1761.111111111111, "x": 116.66666666666667, "structure_id": "Tr_85"}, {"parent_TextBlock": "Tb_16", "parent_Field": null, "parent_Choice_Field": null, "parent_ChoiceGroup": null, "w": 680.5555555555555, "h": 27.77777777777783, "y": 1791.6666666666667, "x": 116.66666666666667, "structure_id": "Tr_86"}, {"parent_TextBlock": "Tb_16", "parent_Field": null, "parent_Choice_Field": null, "parent_ChoiceGroup": null, "w": 694.4444444444445, "h": 27.77777777777783, "y": 1822.2222222222224, "x": 113.8888888888889, "structure_id": "Tr_87"}, {"parent_TextBlock": "Tb_16", "parent_Field": null, "parent_Choice_Field": null, "parent_ChoiceGroup": null, "w": 613.8888888888889, "h": 27.77777777777783, "y": 1852.7777777777778, "x": 116.66666666666667, "structure_id": "Tr_88"}, {"parent_TextBlock": "Tb_16", "parent_Field": null, "parent_Choice_Field": null, "parent_ChoiceGroup": null, "w": 502.77777777777777, "h": 27.77777777777783, "y": 1886.111111111111, "x": 116.66666666666667, "structure_id": "Tr_89"}, {"parent_TextBlock": "Tb_17", "parent_Field": null, "parent_Choice_Field": null, "parent_ChoiceGroup": null, "w": 661.1111111111111, "h": 30.555555555555657, "y": 1263.888888888889, "x": 113.8888888888889, "structure_id": "Tr_90"}, {"parent_TextBlock": "Tb_17", "parent_Field": null, "parent_Choice_Field": null, "parent_ChoiceGroup": null, "w": 702.7777777777778, "h": 27.77777777777783, "y": 1297.2222222222222, "x": 113.8888888888889, "structure_id": "Tr_91"}, {"parent_TextBlock": "Tb_17", "parent_Field": null, "parent_Choice_Field": null, "parent_ChoiceGroup": null, "w": 672.2222222222223, "h": 27.77777777777783, "y": 1327.7777777777778, "x": 116.66666666666667, "structure_id": "Tr_92"}, {"parent_TextBlock": "Tb_17", "parent_Field": null, "parent_Choice_Field": null, "parent_ChoiceGroup": null, "w": 238.88888888888886, "h": 27.77777777777783, "y": 1358.3333333333335, "x": 116.66666666666667, "structure_id": "Tr_93"}, {"parent_TextBlock": "Tb_18", "parent_Field": null, "parent_Choice_Field": null, "parent_ChoiceGroup": null, "w": 572.2222222222224, "h": 27.77777777777783, "y": 1033.3333333333335, "x": 147.22222222222223, "structure_id": "Tr_94"}, {"parent_TextBlock": "Tb_18", "parent_Field": null, "parent_Choice_Field": null, "parent_ChoiceGroup": null, "w": 669.4444444444445, "h": 30.555555555555657, "y": 1063.888888888889, "x": 116.66666666666667, "structure_id": "Tr_95"}, {"parent_TextBlock": "Tb_18", "parent_Field": null, "parent_Choice_Field": null, "parent_ChoiceGroup": null, "w": 650, "h": 27.77777777777783, "y": 1097.2222222222222, "x": 113.8888888888889, "structure_id": "Tr_96"}, {"parent_TextBlock": "Tb_18", "parent_Field": null, "parent_Choice_Field": null, "parent_ChoiceGroup": null, "w": 644.4444444444445, "h": 27.77777777777783, "y": 1127.7777777777778, "x": 116.66666666666667, "structure_id": "Tr_97"}, {"parent_TextBlock": "Tb_18", "parent_Field": null, "parent_Choice_Field": null, "parent_ChoiceGroup": null, "w": 588.8888888888889, "h": 27.77777777777783, "y": 1158.3333333333335, "x": 116.66666666666667, "structure_id": "Tr_98"}, {"parent_TextBlock": "Tb_18", "parent_Field": null, "parent_Choice_Field": null, "parent_ChoiceGroup": null, "w": 616.6666666666667, "h": 30.555555555555657, "y": 1188.888888888889, "x": 116.66666666666667, "structure_id": "Tr_99"}, {"parent_TextBlock": "Tb_18", "parent_Field": null, "parent_Choice_Field": null, "parent_ChoiceGroup": null, "w": 161.1111111111111, "h": 27.77777777777783, "y": 1222.2222222222222, "x": 116.66666666666667, "structure_id": "Tr_100"}, {"parent_TextBlock": "Tb_19", "parent_Field": null, "parent_Choice_Field": null, "parent_ChoiceGroup": null, "w": 663.8888888888889, "h": 30.555555555555543, "y": 330.55555555555554, "x": 147.22222222222223, "structure_id": "Tr_101"}, {"parent_TextBlock": "Tb_19", "parent_Field": null, "parent_Choice_Field": null, "parent_ChoiceGroup": null, "w": 700, "h": 27.77777777777777, "y": 363.8888888888889, "x": 116.66666666666667, "structure_id": "Tr_102"}, {"parent_TextBlock": "Tb_19", "parent_Field": null, "parent_Choice_Field": null, "parent_ChoiceGroup": null, "w": 616.6666666666667, "h": 27.77777777777777, "y": 394.44444444444446, "x": 116.66666666666667, "structure_id": "Tr_103"}, {"parent_TextBlock": "Tb_19", "parent_Field": null, "parent_Choice_Field": null, "parent_ChoiceGroup": null, "w": 647.2222222222223, "h": 27.77777777777777, "y": 425, "x": 116.66666666666667, "structure_id": "Tr_104"}, {"parent_TextBlock": "Tb_19", "parent_Field": null, "parent_Choice_Field": null, "parent_ChoiceGroup": null, "w": 700, "h": 27.77777777777777, "y": 458.33333333333337, "x": 116.66666666666667, "structure_id": "Tr_105"}, {"parent_TextBlock": "Tb_19", "parent_Field": null, "parent_Choice_Field": null, "parent_ChoiceGroup": null, "w": 605.5555555555555, "h": 27.77777777777783, "y": 488.8888888888889, "x": 116.66666666666667, "structure_id": "Tr_106"}, {"parent_TextBlock": "Tb_19", "parent_Field": null, "parent_Choice_Field": null, "parent_ChoiceGroup": null, "w": 686.1111111111111, "h": 27.77777777777783, "y": 519.4444444444445, "x": 116.66666666666667, "structure_id": "Tr_107"}, {"parent_TextBlock": "Tb_19", "parent_Field": null, "parent_Choice_Field": null, "parent_ChoiceGroup": null, "w": 691.6666666666667, "h": 30.555555555555543, "y": 550, "x": 116.66666666666667, "structure_id": "Tr_108"}, {"parent_TextBlock": "Tb_19", "parent_Field": null, "parent_Choice_Field": null, "parent_ChoiceGroup": null, "w": 550, "h": 27.77777777777783, "y": 580.5555555555555, "x": 116.66666666666667, "structure_id": "Tr_109"}, {"parent_TextBlock": "Tb_19", "parent_Field": null, "parent_Choice_Field": null, "parent_ChoiceGroup": null, "w": 686.1111111111111, "h": 30.555555555555543, "y": 611.1111111111111, "x": 116.66666666666667, "structure_id": "Tr_110"}, {"parent_TextBlock": "Tb_19", "parent_Field": null, "parent_Choice_Field": null, "parent_ChoiceGroup": null, "w": 658.3333333333334, "h": 27.77777777777783, "y": 644.4444444444445, "x": 116.66666666666667, "structure_id": "Tr_111"}, {"parent_TextBlock": "Tb_19", "parent_Field": null, "parent_Choice_Field": null, "parent_ChoiceGroup": null, "w": 655.5555555555555, "h": 27.77777777777783, "y": 675, "x": 116.66666666666667, "structure_id": "Tr_112"}, {"parent_TextBlock": "Tb_19", "parent_Field": null, "parent_Choice_Field": null, "parent_ChoiceGroup": null, "w": 666.6666666666667, "h": 27.77777777777783, "y": 705.5555555555555, "x": 113.8888888888889, "structure_id": "Tr_113"}, {"parent_TextBlock": "Tb_19", "parent_Field": null, "parent_Choice_Field": null, "parent_ChoiceGroup": null, "w": 686.1111111111111, "h": 30.555555555555543, "y": 736.1111111111111, "x": 113.8888888888889, "structure_id": "Tr_114"}, {"parent_TextBlock": "Tb_19", "parent_Field": null, "parent_Choice_Field": null, "parent_ChoiceGroup": null, "w": 669.4444444444445, "h": 27.77777777777783, "y": 769.4444444444445, "x": 113.8888888888889, "structure_id": "Tr_115"}, {"parent_TextBlock": "Tb_19", "parent_Field": null, "parent_Choice_Field": null, "parent_ChoiceGroup": null, "w": 702.7777777777778, "h": 27.77777777777783, "y": 800, "x": 113.8888888888889, "structure_id": "Tr_116"}, {"parent_TextBlock": "Tb_19", "parent_Field": null, "parent_Choice_Field": null, "parent_ChoiceGroup": null, "w": 619.4444444444445, "h": 27.77777777777783, "y": 830.5555555555555, "x": 113.8888888888889, "structure_id": "Tr_117"}, {"parent_TextBlock": "Tb_19", "parent_Field": null, "parent_Choice_Field": null, "parent_ChoiceGroup": null, "w": 672.2222222222223, "h": 27.77777777777783, "y": 861.1111111111112, "x": 113.8888888888889, "structure_id": "Tr_118"}, {"parent_TextBlock": "Tb_19", "parent_Field": null, "parent_Choice_Field": null, "parent_ChoiceGroup": null, "w": 652.7777777777778, "h": 30.555555555555543, "y": 891.6666666666667, "x": 113.8888888888889, "structure_id": "Tr_119"}, {"parent_TextBlock": "Tb_19", "parent_Field": null, "parent_Choice_Field": null, "parent_ChoiceGroup": null, "w": 66.66666666666667, "h": 27.77777777777783, "y": 925, "x": 113.8888888888889, "structure_id": "Tr_120"}, {"parent_TextBlock": "Tb_20", "parent_Field": null, "parent_Choice_Field": null, "parent_ChoiceGroup": null, "w": 700, "h": 30.555555555555657, "y": 1927.7777777777778, "x": 113.8888888888889, "structure_id": "Tr_121"}, {"parent_TextBlock": "Tb_20", "parent_Field": null, "parent_Choice_Field": null, "parent_ChoiceGroup": null, "w": 608.3333333333334, "h": 27.77777777777783, "y": 1961.111111111111, "x": 116.66666666666667, "structure_id": "Tr_122"}, {"parent_TextBlock": "Tb_20", "parent_Field": null, "parent_Choice_Field": null, "parent_ChoiceGroup": null, "w": 650, "h": 25, "y": 1994.4444444444446, "x": 116.66666666666667, "structure_id": "Tr_123"}], "ChoiceGroup": []}