{"Widget": [{"parent_Field": "Fi_1", "parent_Choice_Field": null, "parent_ChoiceGroup": null, "w": 1492.11968503937, "h": 122.17795275590552, "y": 1190.3251968503937, "x": 107.88031496062992, "structure_id": "Wi_1"}, {"parent_Field": "Fi_2", "parent_Choice_Field": null, "parent_ChoiceGroup": null, "w": 1492.11968503937, "h": 118.04173228346458, "y": 1494.4614173228347, "x": 107.88031496062992, "structure_id": "Wi_2"}, {"parent_Field": "Fi_3", "parent_Choice_Field": null, "parent_ChoiceGroup": null, "w": 235.59448818897638, "h": 59.69133858267717, "y": 895.3779527559055, "x": 1108.1275590551181, "structure_id": "Wi_3"}, {"parent_Field": "Fi_3", "parent_Choice_Field": null, "parent_ChoiceGroup": null, "w": 204.35275590551183, "h": 59.69133858267717, "y": 895.3779527559055, "x": 1387.772440944882, "structure_id": "Wi_4"}, {"parent_Field": "Fi_4", "parent_Choice_Field": null, "parent_ChoiceGroup": null, "w": 1492.11968503937, "h": 121.6, "y": 1040.9023622047243, "x": 107.88031496062992, "structure_id": "Wi_5"}, {"parent_Field": "Fi_5", "parent_Choice_Field": null, "parent_ChoiceGroup": null, "w": 409.2503937007874, "h": 116.53858267716535, "y": 888.0889763779527, "x": 107.8748031496063, "structure_id": "Wi_6"}, {"parent_Field": "Fi_6", "parent_Choice_Field": null, "parent_ChoiceGroup": null, "w": 1492.11968503937, "h": 119.78582677165355, "y": 1342.716535433071, "x": 107.88031496062992, "structure_id": "Wi_7"}, {"parent_Field": null, "parent_Choice_Field": "Chf_1", "parent_ChoiceGroup": "Chgp_1", "w": 22.22204724409449, "h": 22.22204724409449, "y": 895.1385826771653, "x": 532.836220472441, "structure_id": "Wi_8"}, {"parent_Field": null, "parent_Choice_Field": "Chf_1", "parent_ChoiceGroup": "Chgp_1", "w": 325, "h": 37.50236220472441, "y": 887.5023622047244, "x": 750.0000000000001, "structure_id": "Wi_9"}, {"parent_Field": null, "parent_Choice_Field": "Chf_2", "parent_ChoiceGroup": "Chgp_1", "w": 22.22204724409449, "h": 22.22204724409449, "y": 932.6385826771653, "x": 532.836220472441, "structure_id": "Wi_10"}, {"parent_Field": null, "parent_Choice_Field": "Chf_2", "parent_ChoiceGroup": "Chgp_1", "w": 287.4976377952756, "h": 37.50236220472441, "y": 925, "x": 787.5023622047245, "structure_id": "Wi_11"}, {"parent_Field": null, "parent_Choice_Field": "Chf_3", "parent_ChoiceGroup": "Chgp_1", "w": 22.22204724409449, "h": 22.22204724409449, "y": 970.1417322834646, "x": 532.8803149606299, "structure_id": "Wi_12"}, {"parent_Field": null, "parent_Choice_Field": "Chf_3", "parent_ChoiceGroup": "Chgp_1", "w": 267.1196850393701, "h": 37.497637795275594, "y": 962.5023622047245, "x": 807.8803149606299, "structure_id": "Wi_13"}, {"parent_Field": "Fi_7", "parent_Choice_Field": null, "parent_ChoiceGroup": null, "w": 1453.1454869116778, "h": 285.73796664247027, "y": 1744.0436366735557, "x": 139.00063878970036, "structure_id": "Wi_14"}], "TextBlock": [{"parent_Field": null, "parent_Choice_Field": null, "parent_ChoiceGroup": null, "w": 106, "h": 25, "y": 2062, "x": 200, "structure_id": "Tb_1"}, {"parent_Field": null, "parent_Choice_Field": null, "parent_ChoiceGroup": null, "w": 385, "h": 18, "y": 2054, "x": 591, "structure_id": "Tb_2"}, {"parent_Field": null, "parent_Choice_Field": null, "parent_ChoiceGroup": null, "w": 182, "h": 19, "y": 2079, "x": 697, "structure_id": "Tb_3"}, {"parent_Field": null, "parent_Choice_Field": null, "parent_ChoiceGroup": null, "w": 77, "h": 43, "y": 2053, "x": 100, "structure_id": "Tb_4"}, {"parent_Field": null, "parent_Choice_Field": null, "parent_ChoiceGroup": null, "w": 114, "h": 22, "y": 2063, "x": 1450, "structure_id": "Tb_5"}, {"parent_Field": null, "parent_Choice_Field": null, "parent_ChoiceGroup": null, "w": 738, "h": 33, "y": 121, "x": 781, "structure_id": "Tb_6"}, {"parent_Field": null, "parent_Choice_Field": null, "parent_ChoiceGroup": null, "w": 158, "h": 19, "y": 188, "x": 104, "structure_id": "Tb_7"}, {"parent_Field": "Fi_1", "parent_Choice_Field": null, "parent_ChoiceGroup": null, "w": 316, "h": 23, "y": 1165, "x": 116, "structure_id": "Tb_8"}, {"parent_Field": "Fi_2", "parent_Choice_Field": null, "parent_ChoiceGroup": null, "w": 631, "h": 23, "y": 1467, "x": 116, "structure_id": "Tb_9"}, {"parent_Field": "Fi_3", "parent_Choice_Field": null, "parent_ChoiceGroup": null, "w": 364, "h": 22, "y": 858, "x": 1104, "structure_id": "Tb_10"}, {"parent_Field": "Fi_3", "parent_Choice_Field": null, "parent_ChoiceGroup": null, "w": 27, "h": 20, "y": 915, "x": 1344, "structure_id": "Tb_11"}, {"parent_Field": "Fi_4", "parent_Choice_Field": null, "parent_ChoiceGroup": null, "w": 292, "h": 22, "y": 1019, "x": 116, "structure_id": "Tb_12"}, {"parent_Field": "Fi_5", "parent_Choice_Field": null, "parent_ChoiceGroup": null, "w": 381, "h": 22, "y": 862, "x": 108, "structure_id": "Tb_13"}, {"parent_Field": "Fi_6", "parent_Choice_Field": null, "parent_ChoiceGroup": null, "w": 404, "h": 23, "y": 1316, "x": 116, "structure_id": "Tb_14"}, {"parent_Field": null, "parent_Choice_Field": null, "parent_ChoiceGroup": "Chgp_1", "w": 321, "h": 22, "y": 858, "x": 529, "structure_id": "Tb_15"}, {"parent_Field": null, "parent_Choice_Field": "Chf_1", "parent_ChoiceGroup": "Chgp_1", "w": 157, "h": 22, "y": 895, "x": 572, "structure_id": "Tb_16"}, {"parent_Field": null, "parent_Choice_Field": "Chf_2", "parent_ChoiceGroup": "Chgp_1", "w": 198, "h": 22, "y": 933, "x": 572, "structure_id": "Tb_17"}, {"parent_Field": null, "parent_Choice_Field": "Chf_3", "parent_ChoiceGroup": "Chgp_1", "w": 220, "h": 22, "y": 970, "x": 572, "structure_id": "Tb_18"}, {"parent_Field": null, "parent_Choice_Field": null, "parent_ChoiceGroup": null, "w": 1478, "h": 95.96875, "y": 205.03125, "x": 104, "structure_id": "Tb_19"}, {"parent_Field": null, "parent_Choice_Field": null, "parent_ChoiceGroup": null, "w": 22, "h": 26, "y": 206.03125, "x": 99, "structure_id": "Tb_20"}, {"parent_Field": null, "parent_Choice_Field": null, "parent_ChoiceGroup": null, "w": 1477, "h": 54.96875, "y": 316.03125, "x": 104, "structure_id": "Tb_21"}, {"parent_Field": null, "parent_Choice_Field": null, "parent_ChoiceGroup": null, "w": 21, "h": 27, "y": 319.0312286930305, "x": 99.00000919121871, "structure_id": "Tb_22"}, {"parent_Field": null, "parent_Choice_Field": null, "parent_ChoiceGroup": null, "w": 1458, "h": 91.96594436040039, "y": 395.0340556395996, "x": 104, "structure_id": "Tb_23"}, {"parent_Field": null, "parent_Choice_Field": null, "parent_ChoiceGroup": null, "w": 21, "h": 24, "y": 389.03125, "x": 97, "structure_id": "Tb_24"}, {"parent_Field": null, "parent_Choice_Field": null, "parent_ChoiceGroup": null, "w": 1471, "h": 48.96875, "y": 508.03125, "x": 104, "structure_id": "Tb_25"}, {"parent_Field": null, "parent_Choice_Field": null, "parent_ChoiceGroup": null, "w": 21, "h": 21, "y": 509.03125, "x": 97, "structure_id": "Tb_26"}, {"parent_Field": null, "parent_Choice_Field": null, "parent_ChoiceGroup": null, "w": 1495, "h": 75.96875, "y": 575.03125, "x": 104, "structure_id": "Tb_27"}, {"parent_Field": null, "parent_Choice_Field": null, "parent_ChoiceGroup": null, "w": 23, "h": 34, "y": 577.03125, "x": 100, "structure_id": "Tb_28"}, {"parent_Field": null, "parent_Choice_Field": null, "parent_ChoiceGroup": null, "w": 1227, "h": 31, "y": 667.03125, "x": 123, "structure_id": "Tb_29"}, {"parent_Field": null, "parent_Choice_Field": null, "parent_ChoiceGroup": null, "w": 21, "h": 33, "y": 668.03125, "x": 99, "structure_id": "Tb_30"}, {"parent_Field": null, "parent_Choice_Field": null, "parent_ChoiceGroup": null, "w": 1064, "h": 33, "y": 713.03125, "x": 121, "structure_id": "Tb_31"}, {"parent_Field": null, "parent_Choice_Field": null, "parent_ChoiceGroup": null, "w": 22, "h": 33, "y": 715.03125, "x": 99, "structure_id": "Tb_32"}, {"parent_Field": null, "parent_Choice_Field": null, "parent_ChoiceGroup": null, "w": 1484, "h": 75.96875, "y": 761.03125, "x": 104, "structure_id": "Tb_33"}, {"parent_Field": null, "parent_Choice_Field": null, "parent_ChoiceGroup": null, "w": 18, "h": 30, "y": 763.03125, "x": 99, "structure_id": "Tb_34"}, {"parent_Field": null, "parent_Choice_Field": null, "parent_ChoiceGroup": null, "w": 1378, "h": 48.96875, "y": 1649.03125, "x": 135, "structure_id": "Tb_35"}, {"parent_Field": null, "parent_Choice_Field": null, "parent_ChoiceGroup": null, "w": 26, "h": 33, "y": 1648.03125, "x": 100, "structure_id": "Tb_36"}, {"parent_Field": "Fi_7", "parent_Choice_Field": null, "parent_ChoiceGroup": null, "w": 304, "h": 32.0, "y": 1703.03125, "x": 135, "structure_id": "Tb_37"}, {"parent_Field": null, "parent_Choice_Field": null, "parent_ChoiceGroup": null, "w": 19, "h": 34, "y": 1702.03125, "x": 105, "structure_id": "Tb_38"}, {"parent_Field": null, "parent_Choice_Field": null, "parent_ChoiceGroup": null, "w": 636, "h": 22, "y": 1623, "x": 108, "structure_id": "Tb_39"}], "Choice_Field": [{"y": 887.5023622047244, "x": 532.836220472441, "structure_id": "Chf_1", "w": 542.163779527559, "h": 37.50236220472436}, {"y": 925, "x": 532.836220472441, "structure_id": "Chf_2", "w": 542.163779527559, "h": 37.50236220472436}, {"y": 962.5023622047245, "x": 532.8803149606299, "structure_id": "Chf_3", "w": 542.1196850393701, "h": 37.49763779527564}], "Field": [{"y": 1165, "x": 107.88031496062992, "structure_id": "Fi_1", "w": 1492.11968503937, "h": 147.5031496062993}, {"y": 1467, "x": 107.88031496062992, "structure_id": "Fi_2", "w": 1492.11968503937, "h": 145.5031496062993}, {"y": 858, "x": 1104, "structure_id": "Fi_3", "w": 488.1251968503939, "h": 97.06929133858273}, {"y": 1019, "x": 107.88031496062992, "structure_id": "Fi_4", "w": 1492.11968503937, "h": 143.50236220472425}, {"y": 862, "x": 107.8748031496063, "structure_id": "Fi_5", "w": 409.25039370078736, "h": 142.627559055118}, {"y": 1316, "x": 107.88031496062992, "structure_id": "Fi_6", "w": 1492.11968503937, "h": 146.50236220472448}, {"y": 1703.03125, "x": 135, "structure_id": "Fi_7", "w": 1457.1461257013782, "h": 326.7503533160261}], "TextRun": [{"parent_TextBlock": "Tb_1", "text": "10-1245c", "parent_Field": null, "parent_Choice_Field": null, "parent_ChoiceGroup": null, "w": 106, "h": 25, "y": 2062, "x": 200, "structure_id": "Tr_1"}, {"parent_TextBlock": "Tb_2", "text": "SUPERSEDES VA FORM 10-1245c, DEC 2010", "parent_Field": null, "parent_Choice_Field": null, "parent_ChoiceGroup": null, "w": 385, "h": 18, "y": 2054, "x": 591, "structure_id": "Tr_2"}, {"parent_TextBlock": "Tb_3", "text": "(Continue on page 2)", "parent_Field": null, "parent_Choice_Field": null, "parent_ChoiceGroup": null, "w": 182, "h": 19, "y": 2079, "x": 697, "structure_id": "Tr_3"}, {"parent_TextBlock": "Tb_4", "text": "VA  FORM", "parent_Field": null, "parent_Choice_Field": null, "parent_ChoiceGroup": null, "w": 77, "h": 17, "y": 2053, "x": 100, "structure_id": "Tr_4"}, {"parent_TextBlock": "Tb_4", "text": "APR 2011", "parent_Field": null, "parent_Choice_Field": null, "parent_ChoiceGroup": null, "w": 76, "h": 17, "y": 2079, "x": 100, "structure_id": "Tr_5"}, {"parent_TextBlock": "Tb_5", "text": "Page 1 of 2", "parent_Field": null, "parent_Choice_Field": null, "parent_ChoiceGroup": null, "w": 114, "h": 22, "y": 2063, "x": 1450, "structure_id": "Tr_6"}, {"parent_TextBlock": "Tb_6", "text": "VA/Department of Defense Sharing Agreement", "parent_Field": null, "parent_Choice_Field": null, "parent_ChoiceGroup": null, "w": 738, "h": 33, "y": 121, "x": 781, "structure_id": "Tr_7"}, {"parent_TextBlock": "Tb_7", "text": "INSTRUCTIONS:", "parent_Field": null, "parent_Choice_Field": null, "parent_ChoiceGroup": null, "w": 158, "h": 19, "y": 188, "x": 104, "structure_id": "Tr_8"}, {"parent_TextBlock": "Tb_8", "text": "5.  DOD FACILITY", "parent_Field": "Fi_1", "parent_Choice_Field": null, "parent_ChoiceGroup": null, "w": 190, "h": 23, "y": 1165, "x": 116, "structure_id": "Tr_9"}, {"parent_TextBlock": "Tb_8", "text": "(Name /Address)", "parent_Field": "Fi_1", "parent_Choice_Field": null, "parent_ChoiceGroup": null, "w": 126, "h": 16, "y": 1170, "x": 306, "structure_id": "Tr_10"}, {"parent_TextBlock": "Tb_9", "text": "7.  OFFICE TO BE BILLED/BILLING FREQUENCY", "parent_Field": "Fi_2", "parent_Choice_Field": null, "parent_ChoiceGroup": null, "w": 505, "h": 23, "y": 1467, "x": 116, "structure_id": "Tr_11"}, {"parent_TextBlock": "Tb_9", "text": "(Name/Address)", "parent_Field": "Fi_2", "parent_Choice_Field": null, "parent_ChoiceGroup": null, "w": 126, "h": 16, "y": 1472, "x": 621, "structure_id": "Tr_12"}, {"parent_TextBlock": "Tb_10", "text": "3.", "parent_Field": "Fi_3", "parent_Choice_Field": null, "parent_ChoiceGroup": null, "w": 19, "h": 22, "y": 858, "x": 1104, "structure_id": "Tr_13"}, {"parent_TextBlock": "Tb_10", "text": "AGREEMENT PERIOD", "parent_Field": "Fi_3", "parent_Choice_Field": null, "parent_ChoiceGroup": null, "w": 232, "h": 22, "y": 858, "x": 1134, "structure_id": "Tr_14"}, {"parent_TextBlock": "Tb_10", "text": "(Month/Year)", "parent_Field": "Fi_3", "parent_Choice_Field": null, "parent_ChoiceGroup": null, "w": 97, "h": 17, "y": 862, "x": 1371, "structure_id": "Tr_15"}, {"parent_TextBlock": "Tb_11", "text": "TO", "parent_Field": "Fi_3", "parent_Choice_Field": null, "parent_ChoiceGroup": null, "w": 27, "h": 20, "y": 915, "x": 1344, "structure_id": "Tr_16"}, {"parent_TextBlock": "Tb_12", "text": "4.  VA FACILITY", "parent_Field": "Fi_4", "parent_Choice_Field": null, "parent_ChoiceGroup": null, "w": 170, "h": 22, "y": 1019, "x": 116, "structure_id": "Tr_17"}, {"parent_TextBlock": "Tb_12", "text": "(Name/Address)", "parent_Field": "Fi_4", "parent_Choice_Field": null, "parent_ChoiceGroup": null, "w": 122, "h": 17, "y": 1023, "x": 286, "structure_id": "Tr_18"}, {"parent_TextBlock": "Tb_13", "text": "1.  AGREEMENT NUMBER", "parent_Field": "Fi_5", "parent_Choice_Field": null, "parent_ChoiceGroup": null, "w": 280, "h": 22, "y": 862, "x": 108, "structure_id": "Tr_19"}, {"parent_TextBlock": "Tb_13", "text": "(Leave blank)", "parent_Field": "Fi_5", "parent_Choice_Field": null, "parent_ChoiceGroup": null, "w": 101, "h": 17, "y": 866, "x": 388, "structure_id": "Tr_20"}, {"parent_TextBlock": "Tb_14", "text": "6.  DIRECT PAYMENT TO:", "parent_Field": "Fi_6", "parent_Choice_Field": null, "parent_ChoiceGroup": null, "w": 283, "h": 23, "y": 1316, "x": 116, "structure_id": "Tr_21"}, {"parent_TextBlock": "Tb_14", "text": "(Name/Address)", "parent_Field": "Fi_6", "parent_Choice_Field": null, "parent_ChoiceGroup": null, "w": 121, "h": 17, "y": 1321, "x": 399, "structure_id": "Tr_22"}, {"parent_TextBlock": "Tb_15", "text": "2.  TYPE OF ACTION", "parent_Field": null, "parent_Choice_Field": null, "parent_ChoiceGroup": "Chgp_1", "w": 216, "h": 22, "y": 858, "x": 529, "structure_id": "Tr_23"}, {"parent_TextBlock": "Tb_15", "text": "(Check box)", "parent_Field": null, "parent_Choice_Field": null, "parent_ChoiceGroup": "Chgp_1", "w": 99, "h": 17, "y": 862, "x": 751, "structure_id": "Tr_24"}, {"parent_TextBlock": "Tb_16", "text": "New agreement", "parent_Field": null, "parent_Choice_Field": "Chf_1", "parent_ChoiceGroup": "Chgp_1", "w": 157, "h": 22, "y": 895, "x": 572, "structure_id": "Tr_25"}, {"parent_TextBlock": "Tb_17", "text": "Renewal", "parent_Field": null, "parent_Choice_Field": "Chf_2", "parent_ChoiceGroup": "Chgp_1", "w": 93, "h": 22, "y": 933, "x": 572, "structure_id": "Tr_26"}, {"parent_TextBlock": "Tb_17", "text": "Replaces:", "parent_Field": null, "parent_Choice_Field": "Chf_2", "parent_ChoiceGroup": "Chgp_1", "w": 105, "h": 22, "y": 933, "x": 665, "structure_id": "Tr_27"}, {"parent_TextBlock": "Tb_18", "text": "Amendment", "parent_Field": null, "parent_Choice_Field": "Chf_3", "parent_ChoiceGroup": "Chgp_1", "w": 126, "h": 22, "y": 970, "x": 572, "structure_id": "Tr_28"}, {"parent_TextBlock": "Tb_18", "text": "Amends:", "parent_Field": null, "parent_Choice_Field": "Chf_3", "parent_ChoiceGroup": "Chgp_1", "w": 94, "h": 22, "y": 970, "x": 698, "structure_id": "Tr_29"}, {"parent_TextBlock": "Tb_19", "parent_Field": null, "parent_Choice_Field": null, "parent_ChoiceGroup": null, "w": 1456, "h": 28, "y": 205.03125, "x": 126, "structure_id": "Tr_30"}, {"parent_TextBlock": "Tb_19", "text": "will go into effect 46 days after receipt by the approving authorities provided no disapproval has been transmitted in writing to one or both parties signing the", "parent_Field": null, "parent_Choice_Field": null, "parent_ChoiceGroup": null, "w": 1463, "h": 20, "y": 234, "x": 104, "structure_id": "Tr_31"}, {"parent_TextBlock": "Tb_19", "text": "agreement.  Agreements will go into effect earlier than the 46-day period if approvals are obtained from both Departments' approving authorities.  Agreements", "parent_Field": null, "parent_Choice_Field": null, "parent_ChoiceGroup": null, "w": 1466, "h": 19, "y": 258, "x": 104, "structure_id": "Tr_32"}, {"parent_TextBlock": "Tb_19", "text": "may go into effect more than 46 days after receipt if a later date is indicated in Box 3.", "parent_Field": null, "parent_Choice_Field": null, "parent_ChoiceGroup": null, "w": 789, "h": 20, "y": 281, "x": 104, "structure_id": "Tr_33"}, {"parent_TextBlock": "Tb_20", "parent_Field": null, "parent_Choice_Field": null, "parent_ChoiceGroup": null, "w": 22, "h": 26, "y": 206.03125, "x": 99, "structure_id": "Tr_34"}, {"parent_TextBlock": "Tb_21", "parent_Field": null, "parent_Choice_Field": null, "parent_ChoiceGroup": null, "w": 1457, "h": 33, "y": 316.03125, "x": 124, "structure_id": "Tr_35"}, {"parent_TextBlock": "Tb_21", "text": "the proposal.", "parent_Field": null, "parent_Choice_Field": null, "parent_ChoiceGroup": null, "w": 127, "h": 20, "y": 351, "x": 104, "structure_id": "Tr_36"}, {"parent_TextBlock": "Tb_22", "parent_Field": null, "parent_Choice_Field": null, "parent_ChoiceGroup": null, "w": 21, "h": 27, "y": 319.0312286930305, "x": 99.00000919121871, "structure_id": "Tr_37"}, {"parent_TextBlock": "Tb_23", "parent_Field": null, "parent_Choice_Field": null, "parent_ChoiceGroup": null, "w": 381, "h": 24.970489649275805, "y": 395.0340556395996, "x": 119.9999724263439, "structure_id": "Tr_38"}, {"parent_TextBlock": "Tb_23", "text": "prepare a claim for services/care provided on an approved industry standard claim form (i.e. CMS 1500 / UB 04),\u00c2\u00a0  if", "parent_Field": null, "parent_Choice_Field": null, "parent_ChoiceGroup": null, "w": 1062, "h": 19, "y": 398, "x": 500, "structure_id": "Tr_39"}, {"parent_TextBlock": "Tb_23", "text": "possible.\u00c2\u00a0 The form\u00c2\u00a0 should\u00c2\u00a0 be transmitted via the organization's Electronic Data Interface (EDI) to the receiving organization's office, or designee, to be", "parent_Field": null, "parent_Choice_Field": null, "parent_ChoiceGroup": null, "w": 1411, "h": 20, "y": 421, "x": 104, "structure_id": "Tr_40"}, {"parent_TextBlock": "Tb_23", "text": "processed for billing.\u00c2\u00a0\u00c2\u00a0In cases where EDI is not available, claims may be printed and sent via secured mail. In some cases, the SF 1080 may still be used if", "parent_Field": null, "parent_Choice_Field": null, "parent_ChoiceGroup": null, "w": 1433, "h": 20, "y": 444, "x": 104, "structure_id": "Tr_41"}, {"parent_TextBlock": "Tb_23", "text": "agreed to by both parties,\u00c2\u00a0primarily for  non-medical services", "parent_Field": null, "parent_Choice_Field": null, "parent_ChoiceGroup": null, "w": 560, "h": 19, "y": 468, "x": 104, "structure_id": "Tr_42"}, {"parent_TextBlock": "Tb_24", "parent_Field": null, "parent_Choice_Field": null, "parent_ChoiceGroup": null, "w": 21, "h": 24, "y": 389.03125, "x": 97, "structure_id": "Tr_43"}, {"parent_TextBlock": "Tb_25", "parent_Field": null, "parent_Choice_Field": null, "parent_ChoiceGroup": null, "w": 1452, "h": 30, "y": 508.03125, "x": 123, "structure_id": "Tr_44"}, {"parent_TextBlock": "Tb_25", "text": "bills.  Payments may be at the billed rate or offset against payments due.", "parent_Field": null, "parent_Choice_Field": null, "parent_ChoiceGroup": null, "w": 677, "h": 19, "y": 538, "x": 104, "structure_id": "Tr_45"}, {"parent_TextBlock": "Tb_26", "parent_Field": null, "parent_Choice_Field": null, "parent_ChoiceGroup": null, "w": 21, "h": 21, "y": 509.03125, "x": 97, "structure_id": "Tr_46"}, {"parent_TextBlock": "Tb_27", "parent_Field": null, "parent_Choice_Field": null, "parent_ChoiceGroup": null, "w": 1423, "h": 30, "y": 575.03125, "x": 126, "structure_id": "Tr_47"}, {"parent_TextBlock": "Tb_27", "text": "unless terminated at the request of either party after thirty (30) days' notice in writing.  To the extent that this agreement is so terminated, each party will be liable", "parent_Field": null, "parent_Choice_Field": null, "parent_ChoiceGroup": null, "w": 1495, "h": 19, "y": 608, "x": 104, "structure_id": "Tr_48"}, {"parent_TextBlock": "Tb_27", "text": "only for payment in accordance with provisions of this agreement for resources provided prior to the effective date.", "parent_Field": null, "parent_Choice_Field": null, "parent_ChoiceGroup": null, "w": 1074, "h": 20, "y": 631, "x": 104, "structure_id": "Tr_49"}, {"parent_TextBlock": "Tb_28", "parent_Field": null, "parent_Choice_Field": null, "parent_ChoiceGroup": null, "w": 23, "h": 34, "y": 577.03125, "x": 100, "structure_id": "Tr_50"}, {"parent_TextBlock": "Tb_29", "parent_Field": null, "parent_Choice_Field": null, "parent_ChoiceGroup": null, "w": 1227, "h": 31, "y": 667.03125, "x": 123, "structure_id": "Tr_51"}, {"parent_TextBlock": "Tb_30", "parent_Field": null, "parent_Choice_Field": null, "parent_ChoiceGroup": null, "w": 21, "h": 33, "y": 668.03125, "x": 99, "structure_id": "Tr_52"}, {"parent_TextBlock": "Tb_31", "parent_Field": null, "parent_Choice_Field": null, "parent_ChoiceGroup": null, "w": 1064, "h": 33, "y": 713.03125, "x": 121, "structure_id": "Tr_53"}, {"parent_TextBlock": "Tb_32", "parent_Field": null, "parent_Choice_Field": null, "parent_ChoiceGroup": null, "w": 22, "h": 33, "y": 715.03125, "x": 99, "structure_id": "Tr_54"}, {"parent_TextBlock": "Tb_33", "parent_Field": null, "parent_Choice_Field": null, "parent_ChoiceGroup": null, "w": 1465, "h": 30, "y": 761.03125, "x": 123, "structure_id": "Tr_55"}, {"parent_TextBlock": "Tb_33", "text": "DoD Health Care Resources Sharing Handbook\u00ef\u00bf\u00bd:", "parent_Field": null, "parent_Choice_Field": null, "parent_ChoiceGroup": null, "w": 453, "h": 20, "y": 794, "x": 104, "structure_id": "Tr_56"}, {"parent_TextBlock": "Tb_33", "text": "http://vaww.dodcoordination.va.gov", "parent_Field": null, "parent_Choice_Field": null, "parent_ChoiceGroup": null, "w": 332, "h": 20, "y": 794, "x": 562, "structure_id": "Tr_57"}, {"parent_TextBlock": "Tb_33", "text": "For DoD see:  DoD Instruction 6010.23, \u00ef\u00bf\u00bdDoD and VA Health Care", "parent_Field": null, "parent_Choice_Field": null, "parent_ChoiceGroup": null, "w": 611, "h": 20, "y": 794, "x": 899, "structure_id": "Tr_58"}, {"parent_TextBlock": "Tb_33", "text": "Resource Sharing Program\u00ef\u00bf\u00bd:", "parent_Field": null, "parent_Choice_Field": null, "parent_ChoiceGroup": null, "w": 273, "h": 19, "y": 818, "x": 104, "structure_id": "Tr_59"}, {"parent_TextBlock": "Tb_33", "text": "http://www.tricare.osd.mil/DVPCO/default.cfm", "parent_Field": null, "parent_Choice_Field": null, "parent_ChoiceGroup": null, "w": 422, "h": 19, "y": 818, "x": 377, "structure_id": "Tr_60"}, {"parent_TextBlock": "Tb_34", "parent_Field": null, "parent_Choice_Field": null, "parent_ChoiceGroup": null, "w": 18, "h": 30, "y": 763.03125, "x": 99, "structure_id": "Tr_61"}, {"parent_TextBlock": "Tb_35", "parent_Field": null, "parent_Choice_Field": null, "parent_ChoiceGroup": null, "w": 1378, "h": 29, "y": 1649.03125, "x": 135, "structure_id": "Tr_62"}, {"parent_TextBlock": "Tb_35", "text": "Operations Act,\u00ef\u00bf\u00bd   38 U.S.C. 8111; and \u00ef\u00bf\u00bdSharing of Health Care Resources with the Department of Veterans Affairs\u00ef\u00bf\u00bd 10 U.S.C. 1104.", "parent_Field": null, "parent_Choice_Field": null, "parent_ChoiceGroup": null, "w": 1304, "h": 23, "y": 1675, "x": 138, "structure_id": "Tr_63"}, {"parent_TextBlock": "Tb_36", "parent_Field": null, "parent_Choice_Field": null, "parent_ChoiceGroup": null, "w": 26, "h": 33, "y": 1648.03125, "x": 100, "structure_id": "Tr_64"}, {"parent_TextBlock": "Tb_37", "parent_Field": "Fi_7", "parent_Choice_Field": null, "parent_ChoiceGroup": null, "w": 304, "h": 32, "y": 1703.03125, "x": 135, "structure_id": "Tr_65"}, {"parent_TextBlock": "Tb_38", "parent_Field": null, "parent_Choice_Field": null, "parent_ChoiceGroup": null, "w": 19, "h": 34, "y": 1702.03125, "x": 105, "structure_id": "Tr_66"}, {"parent_TextBlock": "Tb_39", "text": "8.  GENERAL PROVISIONS:  (To be included in all agreements)", "parent_Field": null, "parent_Choice_Field": null, "parent_ChoiceGroup": null, "w": 636, "h": 22, "y": 1623, "x": 108, "structure_id": "Tr_67"}], "ChoiceGroup": [{"y": 851.03125, "x": 522, "structure_id": "Chgp_1", "w": 562, "h": 156}]}