{"Widget": [{"parent_Field": null, "parent_Choice_Field": "Chf_1", "parent_ChoiceGroup": "Chgp_1", "w": 25, "h": 25, "y": 840.2692913385827, "x": 158.32755905511812, "structure_id": "Wi_1"}, {"parent_Field": null, "parent_Choice_Field": "Chf_2", "parent_ChoiceGroup": "Chgp_1", "w": 25, "h": 25, "y": 873.607874015748, "x": 158.32755905511812, "structure_id": "Wi_2"}, {"parent_Field": null, "parent_Choice_Field": "Chf_3", "parent_ChoiceGroup": "Chgp_1", "w": 25, "h": 25, "y": 906.9385826771653, "x": 158.32755905511812, "structure_id": "Wi_3"}, {"parent_Field": null, "parent_Choice_Field": "Chf_4", "parent_ChoiceGroup": "Chgp_1", "w": 25, "h": 25, "y": 940.2692913385827, "x": 158.32755905511812, "structure_id": "Wi_4"}, {"parent_Field": null, "parent_Choice_Field": "Chf_5", "parent_ChoiceGroup": "Chgp_2", "w": 25, "h": 25, "y": 766.7275590551181, "x": 108.32755905511812, "structure_id": "Wi_5"}, {"parent_Field": null, "parent_Choice_Field": "Chf_6", "parent_ChoiceGroup": "Chgp_2", "w": 25, "h": 25, "y": 766.7275590551181, "x": 224.99685039370078, "structure_id": "Wi_6"}, {"parent_Field": "Fi_1", "parent_Choice_Field": null, "parent_ChoiceGroup": null, "w": 933.3692913385827, "h": 33.33070866141732, "y": 350.00787401574803, "x": 649.9834645669292, "structure_id": "Wi_7"}, {"parent_Field": "Fi_2", "parent_Choice_Field": null, "parent_ChoiceGroup": null, "w": 933.3692913385827, "h": 33.33070866141732, "y": 516.7, "x": 649.9834645669292, "structure_id": "Wi_8"}, {"parent_Field": "Fi_3", "parent_Choice_Field": null, "parent_ChoiceGroup": null, "w": 933.3692913385827, "h": 33.33070866141732, "y": 450.0251968503937, "x": 649.9834645669292, "structure_id": "Wi_9"}, {"parent_Field": "Fi_4", "parent_Choice_Field": null, "parent_ChoiceGroup": null, "w": 933.3692913385827, "h": 33.33070866141732, "y": 249.99212598425197, "x": 649.9834645669292, "structure_id": "Wi_10"}, {"parent_Field": null, "parent_Choice_Field": "Chf_7", "parent_ChoiceGroup": "Chgp_3", "w": 25, "h": 25, "y": 256.93858267716536, "x": 158.32755905511812, "structure_id": "Wi_11"}, {"parent_Field": null, "parent_Choice_Field": "Chf_8", "parent_ChoiceGroup": "Chgp_3", "w": 25, "h": 25, "y": 290.26929133858266, "x": 158.32755905511812, "structure_id": "Wi_12"}, {"parent_Field": null, "parent_Choice_Field": "Chf_9", "parent_ChoiceGroup": "Chgp_3", "w": 25, "h": 25, "y": 323.6, "x": 158.32755905511812, "structure_id": "Wi_13"}, {"parent_Field": null, "parent_Choice_Field": "Chf_10", "parent_ChoiceGroup": "Chgp_3", "w": 25, "h": 25, "y": 356.93858267716536, "x": 158.32755905511812, "structure_id": "Wi_14"}, {"parent_Field": null, "parent_Choice_Field": "Chf_11", "parent_ChoiceGroup": "Chgp_3", "w": 25, "h": 25, "y": 390.26929133858266, "x": 158.32755905511812, "structure_id": "Wi_15"}, {"parent_Field": null, "parent_Choice_Field": "Chf_12", "parent_ChoiceGroup": "Chgp_3", "w": 25, "h": 25, "y": 423.6, "x": 158.32755905511812, "structure_id": "Wi_16"}, {"parent_Field": null, "parent_Choice_Field": "Chf_13", "parent_ChoiceGroup": "Chgp_3", "w": 25, "h": 25, "y": 456.93858267716536, "x": 158.32755905511812, "structure_id": "Wi_17"}, {"parent_Field": null, "parent_Choice_Field": "Chf_14", "parent_ChoiceGroup": "Chgp_3", "w": 25, "h": 25, "y": 490.2692913385827, "x": 158.32755905511812, "structure_id": "Wi_18"}, {"parent_Field": null, "parent_Choice_Field": "Chf_15", "parent_ChoiceGroup": "Chgp_3", "w": 25, "h": 25, "y": 523.6, "x": 158.32755905511812, "structure_id": "Wi_19"}, {"parent_Field": null, "parent_Choice_Field": "Chf_16", "parent_ChoiceGroup": "Chgp_3", "w": 25, "h": 25, "y": 556.9385826771654, "x": 158.32755905511812, "structure_id": "Wi_20"}, {"parent_Field": null, "parent_Choice_Field": "Chf_17", "parent_ChoiceGroup": "Chgp_3", "w": 25, "h": 25, "y": 590.2692913385827, "x": 158.32755905511812, "structure_id": "Wi_21"}, {"parent_Field": null, "parent_Choice_Field": "Chf_18", "parent_ChoiceGroup": "Chgp_3", "w": 25, "h": 25, "y": 623.6, "x": 158.32755905511812, "structure_id": "Wi_22"}, {"parent_Field": null, "parent_Choice_Field": "Chf_18", "parent_ChoiceGroup": "Chgp_3", "w": 850.0165354330709, "h": 33.33070866141732, "y": 616.6614173228346, "x": 350, "structure_id": "Wi_23"}, {"parent_Field": "Fi_5", "parent_Choice_Field": null, "parent_ChoiceGroup": null, "w": 933.3692913385827, "h": 33.33070866141732, "y": 283.33070866141736, "x": 649.9834645669292, "structure_id": "Wi_24"}, {"parent_Field": "Fi_6", "parent_Choice_Field": null, "parent_ChoiceGroup": null, "w": 933.3692913385827, "h": 33.33070866141732, "y": 416.6858267716535, "x": 649.9834645669292, "structure_id": "Wi_25"}, {"parent_Field": "Fi_7", "parent_Choice_Field": null, "parent_ChoiceGroup": null, "w": 933.3692913385827, "h": 33.33070866141732, "y": 383.3472440944882, "x": 649.9834645669292, "structure_id": "Wi_26"}, {"parent_Field": "Fi_8", "parent_Choice_Field": null, "parent_ChoiceGroup": null, "w": 933.3692913385827, "h": 33.33070866141732, "y": 316.66929133858264, "x": 649.9834645669292, "structure_id": "Wi_27"}, {"parent_Field": "Fi_9", "parent_Choice_Field": null, "parent_ChoiceGroup": null, "w": 933.3692913385827, "h": 33.33070866141732, "y": 483.36141732283465, "x": 649.9834645669292, "structure_id": "Wi_28"}, {"parent_Field": null, "parent_Choice_Field": "Chf_19", "parent_ChoiceGroup": "Chgp_4", "w": 25, "h": 25, "y": 187.49133858267717, "x": 108.32755905511812, "structure_id": "Wi_29"}, {"parent_Field": null, "parent_Choice_Field": "Chf_20", "parent_ChoiceGroup": "Chgp_4", "w": 25, "h": 25, "y": 187.49133858267717, "x": 224.99685039370078, "structure_id": "Wi_30"}, {"parent_Field": null, "parent_Choice_Field": "Chf_21", "parent_ChoiceGroup": "Chgp_5", "w": 25, "h": 25, "y": 1123.6, "x": 158.32755905511812, "structure_id": "Wi_31"}, {"parent_Field": null, "parent_Choice_Field": "Chf_22", "parent_ChoiceGroup": "Chgp_5", "w": 25, "h": 25, "y": 1156.9307086614174, "x": 158.32755905511812, "structure_id": "Wi_32"}, {"parent_Field": null, "parent_Choice_Field": "Chf_23", "parent_ChoiceGroup": "Chgp_5", "w": 25, "h": 25, "y": 1190.2692913385827, "x": 158.32755905511812, "structure_id": "Wi_33"}, {"parent_Field": null, "parent_Choice_Field": "Chf_24", "parent_ChoiceGroup": "Chgp_5", "w": 25, "h": 25, "y": 1223.6000000000001, "x": 158.32755905511812, "structure_id": "Wi_34"}, {"parent_Field": null, "parent_Choice_Field": "Chf_24", "parent_ChoiceGroup": "Chgp_5", "w": 850.0165354330709, "h": 33.33070866141732, "y": 1220.755905511811, "x": 350, "structure_id": "Wi_35"}, {"parent_Field": null, "parent_Choice_Field": "Chf_25", "parent_ChoiceGroup": "Chgp_6", "w": 25, "h": 25, "y": 1054.1614173228345, "x": 108.32755905511812, "structure_id": "Wi_36"}, {"parent_Field": null, "parent_Choice_Field": "Chf_26", "parent_ChoiceGroup": "Chgp_6", "w": 25, "h": 25, "y": 1054.1614173228345, "x": 224.99685039370078, "structure_id": "Wi_37"}, {"parent_Field": null, "parent_Choice_Field": "Chf_27", "parent_ChoiceGroup": "Chgp_7", "w": 25, "h": 25, "y": 1473.6000000000001, "x": 158.32755905511812, "structure_id": "Wi_38"}, {"parent_Field": null, "parent_Choice_Field": "Chf_28", "parent_ChoiceGroup": "Chgp_7", "w": 25, "h": 25, "y": 1506.9385826771654, "x": 158.32755905511812, "structure_id": "Wi_39"}, {"parent_Field": null, "parent_Choice_Field": "Chf_29", "parent_ChoiceGroup": "Chgp_7", "w": 25, "h": 25, "y": 1540.2692913385827, "x": 158.32755905511812, "structure_id": "Wi_40"}, {"parent_Field": null, "parent_Choice_Field": "Chf_30", "parent_ChoiceGroup": "Chgp_7", "w": 25, "h": 25, "y": 1573.6, "x": 158.32755905511812, "structure_id": "Wi_41"}, {"parent_Field": null, "parent_Choice_Field": "Chf_31", "parent_ChoiceGroup": "Chgp_7", "w": 25, "h": 25, "y": 1606.9385826771654, "x": 158.32755905511812, "structure_id": "Wi_42"}, {"parent_Field": null, "parent_Choice_Field": "Chf_32", "parent_ChoiceGroup": "Chgp_7", "w": 25, "h": 25, "y": 1640.2692913385827, "x": 158.32755905511812, "structure_id": "Wi_43"}, {"parent_Field": null, "parent_Choice_Field": "Chf_33", "parent_ChoiceGroup": "Chgp_7", "w": 25, "h": 25, "y": 1673.6000000000001, "x": 158.32755905511812, "structure_id": "Wi_44"}, {"parent_Field": null, "parent_Choice_Field": "Chf_34", "parent_ChoiceGroup": "Chgp_7", "w": 25, "h": 25, "y": 1706.9385826771654, "x": 158.32755905511812, "structure_id": "Wi_45"}, {"parent_Field": null, "parent_Choice_Field": "Chf_35", "parent_ChoiceGroup": "Chgp_7", "w": 25, "h": 25, "y": 1740.2692913385827, "x": 158.32755905511812, "structure_id": "Wi_46"}, {"parent_Field": null, "parent_Choice_Field": "Chf_36", "parent_ChoiceGroup": "Chgp_7", "w": 25, "h": 25, "y": 1773.6000000000001, "x": 158.32755905511812, "structure_id": "Wi_47"}, {"parent_Field": null, "parent_Choice_Field": "Chf_36", "parent_ChoiceGroup": "Chgp_7", "w": 850.0165354330709, "h": 33.33070866141732, "y": 1770.755905511811, "x": 350, "structure_id": "Wi_48"}, {"parent_Field": null, "parent_Choice_Field": "Chf_37", "parent_ChoiceGroup": "Chgp_8", "w": 25, "h": 25, "y": 1404.1614173228347, "x": 108.32755905511812, "structure_id": "Wi_49"}, {"parent_Field": null, "parent_Choice_Field": "Chf_38", "parent_ChoiceGroup": "Chgp_8", "w": 25, "h": 25, "y": 1404.1614173228347, "x": 224.99685039370078, "structure_id": "Wi_50"}, {"parent_Field": null, "parent_Choice_Field": "Chf_39", "parent_ChoiceGroup": "Chgp_9", "w": 25, "h": 25, "y": 2004.1614173228347, "x": 102.77244094488188, "structure_id": "Wi_51"}, {"parent_Field": null, "parent_Choice_Field": "Chf_40", "parent_ChoiceGroup": "Chgp_9", "w": 25, "h": 25, "y": 2004.1614173228347, "x": 219.43307086614175, "structure_id": "Wi_52"}, {"parent_Field": null, "parent_Choice_Field": "Chf_41", "parent_ChoiceGroup": "Chgp_10", "w": 25, "h": 25, "y": 1914.6889763779527, "x": 102.77244094488188, "structure_id": "Wi_53"}, {"parent_Field": null, "parent_Choice_Field": "Chf_42", "parent_ChoiceGroup": "Chgp_10", "w": 25, "h": 25, "y": 1914.6889763779527, "x": 219.44173228346457, "structure_id": "Wi_54"}], "TextBlock": [{"parent_Field": null, "parent_Choice_Field": null, "parent_ChoiceGroup": null, "w": 428, "h": 22, "y": 674, "x": 636, "structure_id": "Tb_1"}, {"parent_Field": null, "parent_Choice_Field": null, "parent_ChoiceGroup": "Chgp_1", "w": 685, "h": 19, "y": 807, "x": 100, "structure_id": "Tb_2"}, {"parent_Field": null, "parent_Choice_Field": "Chf_1", "parent_ChoiceGroup": "Chgp_1", "w": 46, "h": 19, "y": 841, "x": 200, "structure_id": "Tb_3"}, {"parent_Field": null, "parent_Choice_Field": "Chf_2", "parent_ChoiceGroup": "Chgp_1", "w": 491, "h": 19, "y": 874, "x": 200, "structure_id": "Tb_4"}, {"parent_Field": null, "parent_Choice_Field": "Chf_3", "parent_ChoiceGroup": "Chgp_1", "w": 251, "h": 20, "y": 907, "x": 200, "structure_id": "Tb_5"}, {"parent_Field": null, "parent_Choice_Field": "Chf_4", "parent_ChoiceGroup": "Chgp_1", "w": 242, "h": 19, "y": 941, "x": 200, "structure_id": "Tb_6"}, {"parent_Field": null, "parent_Choice_Field": null, "parent_ChoiceGroup": "Chgp_2", "w": 1487, "h": 43, "y": 706, "x": 100, "structure_id": "Tb_7"}, {"parent_Field": null, "parent_Choice_Field": "Chf_5", "parent_ChoiceGroup": "Chgp_2", "w": 39, "h": 20, "y": 769, "x": 150, "structure_id": "Tb_8"}, {"parent_Field": null, "parent_Choice_Field": "Chf_6", "parent_ChoiceGroup": "Chgp_2", "w": 29, "h": 19, "y": 770, "x": 267, "structure_id": "Tb_9"}, {"parent_Field": null, "parent_Choice_Field": null, "parent_ChoiceGroup": null, "w": 528, "h": 22, "y": 90, "x": 586, "structure_id": "Tb_10"}, {"parent_Field": "Fi_1", "parent_Choice_Field": null, "parent_ChoiceGroup": null, "w": 178, "h": 19, "y": 364, "x": 450, "structure_id": "Tb_11"}, {"parent_Field": "Fi_2", "parent_Choice_Field": null, "parent_ChoiceGroup": null, "w": 178, "h": 19, "y": 531, "x": 450, "structure_id": "Tb_12"}, {"parent_Field": "Fi_3", "parent_Choice_Field": null, "parent_ChoiceGroup": null, "w": 178, "h": 19, "y": 464, "x": 450, "structure_id": "Tb_13"}, {"parent_Field": "Fi_4", "parent_Choice_Field": null, "parent_ChoiceGroup": null, "w": 178, "h": 19, "y": 264, "x": 450, "structure_id": "Tb_14"}, {"parent_Field": null, "parent_Choice_Field": null, "parent_ChoiceGroup": "Chgp_3", "w": 310, "h": 19, "y": 224, "x": 100, "structure_id": "Tb_15"}, {"parent_Field": null, "parent_Choice_Field": "Chf_7", "parent_ChoiceGroup": "Chgp_3", "w": 91, "h": 19, "y": 264, "x": 200, "structure_id": "Tb_16"}, {"parent_Field": null, "parent_Choice_Field": "Chf_8", "parent_ChoiceGroup": "Chgp_3", "w": 135, "h": 20, "y": 297, "x": 200, "structure_id": "Tb_17"}, {"parent_Field": null, "parent_Choice_Field": "Chf_9", "parent_ChoiceGroup": "Chgp_3", "w": 155, "h": 19, "y": 331, "x": 200, "structure_id": "Tb_18"}, {"parent_Field": null, "parent_Choice_Field": "Chf_10", "parent_ChoiceGroup": "Chgp_3", "w": 170, "h": 19, "y": 364, "x": 200, "structure_id": "Tb_19"}, {"parent_Field": null, "parent_Choice_Field": "Chf_11", "parent_ChoiceGroup": "Chgp_3", "w": 98, "h": 20, "y": 397, "x": 200, "structure_id": "Tb_20"}, {"parent_Field": null, "parent_Choice_Field": "Chf_12", "parent_ChoiceGroup": "Chgp_3", "w": 219, "h": 19, "y": 431, "x": 200, "structure_id": "Tb_21"}, {"parent_Field": null, "parent_Choice_Field": "Chf_13", "parent_ChoiceGroup": "Chgp_3", "w": 136, "h": 20, "y": 464, "x": 200, "structure_id": "Tb_22"}, {"parent_Field": null, "parent_Choice_Field": "Chf_14", "parent_ChoiceGroup": "Chgp_3", "w": 106, "h": 20, "y": 497, "x": 200, "structure_id": "Tb_23"}, {"parent_Field": null, "parent_Choice_Field": "Chf_15", "parent_ChoiceGroup": "Chgp_3", "w": 76, "h": 19, "y": 531, "x": 200, "structure_id": "Tb_24"}, {"parent_Field": null, "parent_Choice_Field": "Chf_16", "parent_ChoiceGroup": "Chgp_3", "w": 120, "h": 20, "y": 564, "x": 200, "structure_id": "Tb_25"}, {"parent_Field": null, "parent_Choice_Field": "Chf_17", "parent_ChoiceGroup": "Chgp_3", "w": 306, "h": 20, "y": 597, "x": 200, "structure_id": "Tb_26"}, {"parent_Field": null, "parent_Choice_Field": "Chf_18", "parent_ChoiceGroup": "Chgp_3", "w": 138, "h": 19, "y": 631, "x": 200, "structure_id": "Tb_27"}, {"parent_Field": "Fi_5", "parent_Choice_Field": null, "parent_ChoiceGroup": null, "w": 178, "h": 20, "y": 297, "x": 450, "structure_id": "Tb_28"}, {"parent_Field": "Fi_6", "parent_Choice_Field": null, "parent_ChoiceGroup": null, "w": 178, "h": 19, "y": 431, "x": 450, "structure_id": "Tb_29"}, {"parent_Field": "Fi_7", "parent_Choice_Field": null, "parent_ChoiceGroup": null, "w": 178, "h": 20, "y": 397, "x": 450, "structure_id": "Tb_30"}, {"parent_Field": "Fi_8", "parent_Choice_Field": null, "parent_ChoiceGroup": null, "w": 178, "h": 19, "y": 331, "x": 450, "structure_id": "Tb_31"}, {"parent_Field": "Fi_9", "parent_Choice_Field": null, "parent_ChoiceGroup": null, "w": 178, "h": 20, "y": 497, "x": 450, "structure_id": "Tb_32"}, {"parent_Field": null, "parent_Choice_Field": null, "parent_ChoiceGroup": "Chgp_4", "w": 1290, "h": 41, "y": 122, "x": 100, "structure_id": "Tb_33"}, {"parent_Field": null, "parent_Choice_Field": "Chf_19", "parent_ChoiceGroup": "Chgp_4", "w": 39, "h": 20, "y": 190, "x": 150, "structure_id": "Tb_34"}, {"parent_Field": null, "parent_Choice_Field": "Chf_20", "parent_ChoiceGroup": "Chgp_4", "w": 29, "h": 20, "y": 190, "x": 267, "structure_id": "Tb_35"}, {"parent_Field": null, "parent_Choice_Field": null, "parent_ChoiceGroup": null, "w": 402, "h": 22, "y": 990, "x": 649, "structure_id": "Tb_36"}, {"parent_Field": null, "parent_Choice_Field": null, "parent_ChoiceGroup": "Chgp_5", "w": 310, "h": 20, "y": 1090, "x": 100, "structure_id": "Tb_37"}, {"parent_Field": null, "parent_Choice_Field": "Chf_21", "parent_ChoiceGroup": "Chgp_5", "w": 384, "h": 19, "y": 1131, "x": 200, "structure_id": "Tb_38"}, {"parent_Field": null, "parent_Choice_Field": "Chf_22", "parent_ChoiceGroup": "Chgp_5", "w": 189, "h": 19, "y": 1164, "x": 200, "structure_id": "Tb_39"}, {"parent_Field": null, "parent_Choice_Field": "Chf_23", "parent_ChoiceGroup": "Chgp_5", "w": 334, "h": 20, "y": 1197, "x": 200, "structure_id": "Tb_40"}, {"parent_Field": null, "parent_Choice_Field": "Chf_24", "parent_ChoiceGroup": "Chgp_5", "w": 138, "h": 19, "y": 1231, "x": 200, "structure_id": "Tb_41"}, {"parent_Field": null, "parent_Choice_Field": null, "parent_ChoiceGroup": "Chgp_6", "w": 504, "h": 19, "y": 1024, "x": 100, "structure_id": "Tb_42"}, {"parent_Field": null, "parent_Choice_Field": "Chf_25", "parent_ChoiceGroup": "Chgp_6", "w": 39, "h": 19, "y": 1057, "x": 150, "structure_id": "Tb_43"}, {"parent_Field": null, "parent_Choice_Field": "Chf_26", "parent_ChoiceGroup": "Chgp_6", "w": 29, "h": 19, "y": 1057, "x": 267, "structure_id": "Tb_44"}, {"parent_Field": null, "parent_Choice_Field": null, "parent_ChoiceGroup": null, "w": 1468, "h": 48, "y": 1278, "x": 100, "structure_id": "Tb_45"}, {"parent_Field": null, "parent_Choice_Field": null, "parent_ChoiceGroup": null, "w": 398, "h": 22, "y": 1340, "x": 651, "structure_id": "Tb_46"}, {"parent_Field": null, "parent_Choice_Field": null, "parent_ChoiceGroup": "Chgp_7", "w": 310, "h": 20, "y": 1440, "x": 100, "structure_id": "Tb_47"}, {"parent_Field": null, "parent_Choice_Field": "Chf_27", "parent_ChoiceGroup": "Chgp_7", "w": 122, "h": 19, "y": 1481, "x": 200, "structure_id": "Tb_48"}, {"parent_Field": null, "parent_Choice_Field": "Chf_28", "parent_ChoiceGroup": "Chgp_7", "w": 105, "h": 19, "y": 1514, "x": 200, "structure_id": "Tb_49"}, {"parent_Field": null, "parent_Choice_Field": "Chf_29", "parent_ChoiceGroup": "Chgp_7", "w": 294, "h": 20, "y": 1547, "x": 200, "structure_id": "Tb_50"}, {"parent_Field": null, "parent_Choice_Field": "Chf_30", "parent_ChoiceGroup": "Chgp_7", "w": 693, "h": 19, "y": 1581, "x": 200, "structure_id": "Tb_51"}, {"parent_Field": null, "parent_Choice_Field": "Chf_31", "parent_ChoiceGroup": "Chgp_7", "w": 295, "h": 20, "y": 1614, "x": 200, "structure_id": "Tb_52"}, {"parent_Field": null, "parent_Choice_Field": "Chf_32", "parent_ChoiceGroup": "Chgp_7", "w": 653, "h": 20, "y": 1647, "x": 200, "structure_id": "Tb_53"}, {"parent_Field": null, "parent_Choice_Field": "Chf_33", "parent_ChoiceGroup": "Chgp_7", "w": 336, "h": 19, "y": 1681, "x": 200, "structure_id": "Tb_54"}, {"parent_Field": null, "parent_Choice_Field": "Chf_34", "parent_ChoiceGroup": "Chgp_7", "w": 424, "h": 20, "y": 1714, "x": 200, "structure_id": "Tb_55"}, {"parent_Field": null, "parent_Choice_Field": "Chf_35", "parent_ChoiceGroup": "Chgp_7", "w": 378, "h": 20, "y": 1747, "x": 200, "structure_id": "Tb_56"}, {"parent_Field": null, "parent_Choice_Field": "Chf_36", "parent_ChoiceGroup": "Chgp_7", "w": 138, "h": 19, "y": 1781, "x": 200, "structure_id": "Tb_57"}, {"parent_Field": null, "parent_Choice_Field": null, "parent_ChoiceGroup": "Chgp_8", "w": 496, "h": 19, "y": 1374, "x": 100, "structure_id": "Tb_58"}, {"parent_Field": null, "parent_Choice_Field": "Chf_37", "parent_ChoiceGroup": "Chgp_8", "w": 39, "h": 19, "y": 1407, "x": 150, "structure_id": "Tb_59"}, {"parent_Field": null, "parent_Choice_Field": "Chf_38", "parent_ChoiceGroup": "Chgp_8", "w": 29, "h": 19, "y": 1407, "x": 267, "structure_id": "Tb_60"}, {"parent_Field": null, "parent_Choice_Field": null, "parent_ChoiceGroup": null, "w": 1246, "h": 22, "y": 1824, "x": 227, "structure_id": "Tb_61"}, {"parent_Field": null, "parent_Choice_Field": null, "parent_ChoiceGroup": null, "w": 919, "h": 22, "y": 2006, "x": 317, "structure_id": "Tb_62"}, {"parent_Field": null, "parent_Choice_Field": null, "parent_ChoiceGroup": "Chgp_9", "w": 1484, "h": 51, "y": 1948.03125, "x": 94, "structure_id": "Tb_63"}, {"parent_Field": null, "parent_Choice_Field": "Chf_39", "parent_ChoiceGroup": "Chgp_9", "w": 39, "h": 19, "y": 2007, "x": 150, "structure_id": "Tb_64"}, {"parent_Field": null, "parent_Choice_Field": "Chf_40", "parent_ChoiceGroup": "Chgp_9", "w": 29, "h": 19, "y": 2007, "x": 267, "structure_id": "Tb_65"}, {"parent_Field": null, "parent_Choice_Field": null, "parent_ChoiceGroup": "Chgp_10", "w": 1463, "h": 46, "y": 1854, "x": 100, "structure_id": "Tb_66"}, {"parent_Field": null, "parent_Choice_Field": "Chf_41", "parent_ChoiceGroup": "Chgp_10", "w": 39, "h": 20, "y": 1917, "x": 150, "structure_id": "Tb_67"}, {"parent_Field": null, "parent_Choice_Field": "Chf_42", "parent_ChoiceGroup": "Chgp_10", "w": 29, "h": 20, "y": 1917, "x": 267, "structure_id": "Tb_68"}, {"parent_Field": null, "parent_Choice_Field": null, "parent_ChoiceGroup": null, "w": 293, "h": 20, "y": 2105, "x": 88, "structure_id": "Tb_69"}, {"parent_Field": null, "parent_Choice_Field": null, "parent_ChoiceGroup": null, "w": 71, "h": 22, "y": 2106, "x": 1546, "structure_id": "Tb_70"}], "Choice_Field": [{"y": 840.2692913385827, "x": 158.32755905511812, "structure_id": "Chf_1", "w": 87.67244094488188, "h": 25}, {"y": 873.607874015748, "x": 158.32755905511812, "structure_id": "Chf_2", "w": 532.6724409448818, "h": 25}, {"y": 906.9385826771653, "x": 158.32755905511812, "structure_id": "Chf_3", "w": 292.6724409448819, "h": 25}, {"y": 940.2692913385827, "x": 158.32755905511812, "structure_id": "Chf_4", "w": 283.6724409448819, "h": 25}, {"y": 766.7275590551181, "x": 108.32755905511812, "structure_id": "Chf_5", "w": 80.67244094488188, "h": 25}, {"y": 766.7275590551181, "x": 224.99685039370078, "structure_id": "Chf_6", "w": 71.00314960629922, "h": 25}, {"y": 256.93858267716536, "x": 158.32755905511812, "structure_id": "Chf_7", "w": 132.67244094488188, "h": 26.061417322834643}, {"y": 290.26929133858266, "x": 158.32755905511812, "structure_id": "Chf_8", "w": 176.67244094488188, "h": 26.73070866141734}, {"y": 323.6, "x": 158.32755905511812, "structure_id": "Chf_9", "w": 196.67244094488188, "h": 26.399999999999977}, {"y": 356.93858267716536, "x": 158.32755905511812, "structure_id": "Chf_10", "w": 211.67244094488188, "h": 26.061417322834643}, {"y": 390.26929133858266, "x": 158.32755905511812, "structure_id": "Chf_11", "w": 139.67244094488188, "h": 26.73070866141734}, {"y": 423.6, "x": 158.32755905511812, "structure_id": "Chf_12", "w": 260.6724409448819, "h": 26.399999999999977}, {"y": 456.93858267716536, "x": 158.32755905511812, "structure_id": "Chf_13", "w": 177.67244094488188, "h": 27.061417322834643}, {"y": 490.2692913385827, "x": 158.32755905511812, "structure_id": "Chf_14", "w": 147.67244094488188, "h": 26.73070866141728}, {"y": 523.6, "x": 158.32755905511812, "structure_id": "Chf_15", "w": 117.67244094488188, "h": 26.399999999999977}, {"y": 556.9385826771654, "x": 158.32755905511812, "structure_id": "Chf_16", "w": 161.67244094488188, "h": 27.061417322834586}, {"y": 590.2692913385827, "x": 158.32755905511812, "structure_id": "Chf_17", "w": 347.6724409448819, "h": 26.73070866141734}, {"y": 616.6614173228346, "x": 158.32755905511812, "structure_id": "Chf_18", "w": 1041.6889763779527, "h": 33.33858267716539}, {"y": 187.49133858267717, "x": 108.32755905511812, "structure_id": "Chf_19", "w": 80.67244094488188, "h": 25}, {"y": 187.49133858267717, "x": 224.99685039370078, "structure_id": "Chf_20", "w": 71.00314960629922, "h": 25}, {"y": 1123.6, "x": 158.32755905511812, "structure_id": "Chf_21", "w": 425.6724409448819, "h": 26.40000000000009}, {"y": 1156.9307086614174, "x": 158.32755905511812, "structure_id": "Chf_22", "w": 230.67244094488188, "h": 26.069291338582616}, {"y": 1190.2692913385827, "x": 158.32755905511812, "structure_id": "Chf_23", "w": 375.6724409448819, "h": 26.73070866141734}, {"y": 1220.755905511811, "x": 158.32755905511812, "structure_id": "Chf_24", "w": 1041.6889763779527, "h": 33.33070866141725}, {"y": 1054.1614173228345, "x": 108.32755905511812, "structure_id": "Chf_25", "w": 80.67244094488188, "h": 25}, {"y": 1054.1614173228345, "x": 224.99685039370078, "structure_id": "Chf_26", "w": 71.00314960629922, "h": 25}, {"y": 1473.6000000000001, "x": 158.32755905511812, "structure_id": "Chf_27", "w": 163.67244094488188, "h": 26.399999999999864}, {"y": 1506.9385826771654, "x": 158.32755905511812, "structure_id": "Chf_28", "w": 146.67244094488188, "h": 26.061417322834586}, {"y": 1540.2692913385827, "x": 158.32755905511812, "structure_id": "Chf_29", "w": 335.6724409448819, "h": 26.73070866141734}, {"y": 1573.6, "x": 158.32755905511812, "structure_id": "Chf_30", "w": 734.6724409448818, "h": 26.40000000000009}, {"y": 1606.9385826771654, "x": 158.32755905511812, "structure_id": "Chf_31", "w": 336.6724409448819, "h": 27.061417322834586}, {"y": 1640.2692913385827, "x": 158.32755905511812, "structure_id": "Chf_32", "w": 694.6724409448818, "h": 26.73070866141734}, {"y": 1673.6000000000001, "x": 158.32755905511812, "structure_id": "Chf_33", "w": 377.6724409448819, "h": 26.399999999999864}, {"y": 1706.9385826771654, "x": 158.32755905511812, "structure_id": "Chf_34", "w": 465.6724409448819, "h": 27.061417322834586}, {"y": 1740.2692913385827, "x": 158.32755905511812, "structure_id": "Chf_35", "w": 419.6724409448819, "h": 26.73070866141734}, {"y": 1770.755905511811, "x": 158.32755905511812, "structure_id": "Chf_36", "w": 1041.6889763779527, "h": 33.33070866141725}, {"y": 1404.1614173228347, "x": 108.32755905511812, "structure_id": "Chf_37", "w": 80.67244094488188, "h": 25}, {"y": 1404.1614173228347, "x": 224.99685039370078, "structure_id": "Chf_38", "w": 71.00314960629922, "h": 25}, {"y": 2004.1614173228347, "x": 102.77244094488188, "structure_id": "Chf_39", "w": 86.22755905511812, "h": 25}, {"y": 2004.1614173228347, "x": 219.43307086614175, "structure_id": "Chf_40", "w": 76.56692913385825, "h": 25}, {"y": 1914.6889763779527, "x": 102.77244094488188, "structure_id": "Chf_41", "w": 86.22755905511812, "h": 25}, {"y": 1914.6889763779527, "x": 219.44173228346457, "structure_id": "Chf_42", "w": 76.55826771653543, "h": 25}], "Field": [{"y": 350.00787401574803, "x": 450, "structure_id": "Fi_1", "w": 1133.352755905512, "h": 33.330708661417304}, {"y": 516.7, "x": 450, "structure_id": "Fi_2", "w": 1133.352755905512, "h": 33.33070866141736}, {"y": 450.0251968503937, "x": 450, "structure_id": "Fi_3", "w": 1133.352755905512, "h": 33.330708661417304}, {"y": 249.99212598425197, "x": 450, "structure_id": "Fi_4", "w": 1133.352755905512, "h": 33.330708661417304}, {"y": 283.33070866141736, "x": 450, "structure_id": "Fi_5", "w": 1133.352755905512, "h": 33.66929133858264}, {"y": 416.6858267716535, "x": 450, "structure_id": "Fi_6", "w": 1133.352755905512, "h": 33.330708661417304}, {"y": 383.3472440944882, "x": 450, "structure_id": "Fi_7", "w": 1133.352755905512, "h": 33.65275590551181}, {"y": 316.66929133858264, "x": 450, "structure_id": "Fi_8", "w": 1133.352755905512, "h": 33.33070866141736}, {"y": 483.36141732283465, "x": 450, "structure_id": "Fi_9", "w": 1133.352755905512, "h": 33.638582677165346}], "TextRun": [{"parent_TextBlock": "Tb_1", "text": "SECTION VI - RECURRING INFECTIONS", "parent_Field": null, "parent_Choice_Field": null, "parent_ChoiceGroup": null, "w": 428, "h": 22, "y": 674, "x": 636, "structure_id": "Tr_1"}, {"parent_TextBlock": "Tb_2", "text": "IF YES, INDICATE FREQUENCY OF INFECTIONS OVER PAST 12 MONTHS:", "parent_Field": null, "parent_Choice_Field": null, "parent_ChoiceGroup": "Chgp_1", "w": 685, "h": 19, "y": 807, "x": 100, "structure_id": "Tr_2"}, {"parent_TextBlock": "Tb_3", "text": "None", "parent_Field": null, "parent_Choice_Field": "Chf_1", "parent_ChoiceGroup": "Chgp_1", "w": 46, "h": 19, "y": 841, "x": 200, "structure_id": "Tr_3"}, {"parent_TextBlock": "Tb_4", "text": "At least once per year but less than once every 3 months", "parent_Field": null, "parent_Choice_Field": "Chf_2", "parent_ChoiceGroup": "Chgp_1", "w": 491, "h": 19, "y": 874, "x": 200, "structure_id": "Tr_4"}, {"parent_TextBlock": "Tb_5", "text": "At least once every 3 months", "parent_Field": null, "parent_Choice_Field": "Chf_3", "parent_ChoiceGroup": "Chgp_1", "w": 251, "h": 20, "y": 907, "x": 200, "structure_id": "Tr_5"}, {"parent_TextBlock": "Tb_6", "text": "At least once every 6 weeks", "parent_Field": null, "parent_Choice_Field": "Chf_4", "parent_ChoiceGroup": "Chgp_1", "w": 242, "h": 19, "y": 941, "x": 200, "structure_id": "Tr_6"}, {"parent_TextBlock": "Tb_7", "text": "6. DOES THE VETERAN CURRENTLY HAVE RECURRING INFECTIONS ATTRIBUTABLE TO ANY CONDITIONS, COMPLICATIONS OR RESIDUALS OF TREATMENT", "parent_Field": null, "parent_Choice_Field": null, "parent_ChoiceGroup": "Chgp_2", "w": 1487, "h": 19, "y": 706, "x": 100, "structure_id": "Tr_7"}, {"parent_TextBlock": "Tb_7", "text": "FOR A HEMATOLOGIC OR LYMPHATIC DISORDER?", "parent_Field": null, "parent_Choice_Field": null, "parent_ChoiceGroup": "Chgp_2", "w": 479, "h": 20, "y": 729, "x": 122, "structure_id": "Tr_8"}, {"parent_TextBlock": "Tb_8", "text": "YES", "parent_Field": null, "parent_Choice_Field": "Chf_5", "parent_ChoiceGroup": "Chgp_2", "w": 39, "h": 20, "y": 769, "x": 150, "structure_id": "Tr_9"}, {"parent_TextBlock": "Tb_9", "text": "NO", "parent_Field": null, "parent_Choice_Field": "Chf_6", "parent_ChoiceGroup": "Chgp_2", "w": 29, "h": 19, "y": 770, "x": 267, "structure_id": "Tr_10"}, {"parent_TextBlock": "Tb_10", "text": "SECTION V -  FINDINGS, SIGNS AND SYMPTOMS", "parent_Field": null, "parent_Choice_Field": null, "parent_ChoiceGroup": null, "w": 528, "h": 22, "y": 90, "x": 586, "structure_id": "Tr_11"}, {"parent_TextBlock": "Tb_11", "text": "If checked, describe:", "parent_Field": "Fi_1", "parent_Choice_Field": null, "parent_ChoiceGroup": null, "w": 178, "h": 19, "y": 364, "x": 450, "structure_id": "Tr_12"}, {"parent_TextBlock": "Tb_12", "text": "If checked, describe:", "parent_Field": "Fi_2", "parent_Choice_Field": null, "parent_ChoiceGroup": null, "w": 178, "h": 19, "y": 531, "x": 450, "structure_id": "Tr_13"}, {"parent_TextBlock": "Tb_13", "text": "If checked, describe:", "parent_Field": "Fi_3", "parent_Choice_Field": null, "parent_ChoiceGroup": null, "w": 178, "h": 19, "y": 464, "x": 450, "structure_id": "Tr_14"}, {"parent_TextBlock": "Tb_14", "text": "If checked, describe:", "parent_Field": "Fi_4", "parent_Choice_Field": null, "parent_ChoiceGroup": null, "w": 178, "h": 19, "y": 264, "x": 450, "structure_id": "Tr_15"}, {"parent_TextBlock": "Tb_15", "text": "IF YES, CHECK ALL THAT APPLY:", "parent_Field": null, "parent_Choice_Field": null, "parent_ChoiceGroup": "Chgp_3", "w": 310, "h": 19, "y": 224, "x": 100, "structure_id": "Tr_16"}, {"parent_TextBlock": "Tb_16", "text": "Weakness", "parent_Field": null, "parent_Choice_Field": "Chf_7", "parent_ChoiceGroup": "Chgp_3", "w": 91, "h": 19, "y": 264, "x": 200, "structure_id": "Tr_17"}, {"parent_TextBlock": "Tb_17", "text": "Easy fatigability", "parent_Field": null, "parent_Choice_Field": "Chf_8", "parent_ChoiceGroup": "Chgp_3", "w": 135, "h": 20, "y": 297, "x": 200, "structure_id": "Tr_18"}, {"parent_TextBlock": "Tb_18", "text": "Light-headedness", "parent_Field": null, "parent_Choice_Field": "Chf_9", "parent_ChoiceGroup": "Chgp_3", "w": 155, "h": 19, "y": 331, "x": 200, "structure_id": "Tr_19"}, {"parent_TextBlock": "Tb_19", "text": "Shortness of breath", "parent_Field": null, "parent_Choice_Field": "Chf_10", "parent_ChoiceGroup": "Chgp_3", "w": 170, "h": 19, "y": 364, "x": 200, "structure_id": "Tr_20"}, {"parent_TextBlock": "Tb_20", "text": "Headaches", "parent_Field": null, "parent_Choice_Field": "Chf_11", "parent_ChoiceGroup": "Chgp_3", "w": 98, "h": 20, "y": 397, "x": 200, "structure_id": "Tr_21"}, {"parent_TextBlock": "Tb_21", "text": "Dyspnea on mild exertion", "parent_Field": null, "parent_Choice_Field": "Chf_12", "parent_ChoiceGroup": "Chgp_3", "w": 219, "h": 19, "y": 431, "x": 200, "structure_id": "Tr_22"}, {"parent_TextBlock": "Tb_22", "text": "Dyspnea at rest", "parent_Field": null, "parent_Choice_Field": "Chf_13", "parent_ChoiceGroup": "Chgp_3", "w": 136, "h": 20, "y": 464, "x": 200, "structure_id": "Tr_23"}, {"parent_TextBlock": "Tb_23", "text": "Tachycardia", "parent_Field": null, "parent_Choice_Field": "Chf_14", "parent_ChoiceGroup": "Chgp_3", "w": 106, "h": 20, "y": 497, "x": 200, "structure_id": "Tr_24"}, {"parent_TextBlock": "Tb_24", "text": "Syncope", "parent_Field": null, "parent_Choice_Field": "Chf_15", "parent_ChoiceGroup": "Chgp_3", "w": 76, "h": 19, "y": 531, "x": 200, "structure_id": "Tr_25"}, {"parent_TextBlock": "Tb_25", "text": "Cardiomegaly", "parent_Field": null, "parent_Choice_Field": "Chf_16", "parent_ChoiceGroup": "Chgp_3", "w": 120, "h": 20, "y": 564, "x": 200, "structure_id": "Tr_26"}, {"parent_TextBlock": "Tb_26", "text": "High output congestive heart failure", "parent_Field": null, "parent_Choice_Field": "Chf_17", "parent_ChoiceGroup": "Chgp_3", "w": 306, "h": 20, "y": 597, "x": 200, "structure_id": "Tr_27"}, {"parent_TextBlock": "Tb_27", "text": "Other, describe:", "parent_Field": null, "parent_Choice_Field": "Chf_18", "parent_ChoiceGroup": "Chgp_3", "w": 138, "h": 19, "y": 631, "x": 200, "structure_id": "Tr_28"}, {"parent_TextBlock": "Tb_28", "text": "If checked, describe:", "parent_Field": "Fi_5", "parent_Choice_Field": null, "parent_ChoiceGroup": null, "w": 178, "h": 20, "y": 297, "x": 450, "structure_id": "Tr_29"}, {"parent_TextBlock": "Tb_29", "text": "If checked, describe:", "parent_Field": "Fi_6", "parent_Choice_Field": null, "parent_ChoiceGroup": null, "w": 178, "h": 19, "y": 431, "x": 450, "structure_id": "Tr_30"}, {"parent_TextBlock": "Tb_30", "text": "If checked, describe:", "parent_Field": "Fi_7", "parent_Choice_Field": null, "parent_ChoiceGroup": null, "w": 178, "h": 20, "y": 397, "x": 450, "structure_id": "Tr_31"}, {"parent_TextBlock": "Tb_31", "text": "If checked, describe:", "parent_Field": "Fi_8", "parent_Choice_Field": null, "parent_ChoiceGroup": null, "w": 178, "h": 19, "y": 331, "x": 450, "structure_id": "Tr_32"}, {"parent_TextBlock": "Tb_32", "text": "If checked, describe:", "parent_Field": "Fi_9", "parent_Choice_Field": null, "parent_ChoiceGroup": null, "w": 178, "h": 20, "y": 497, "x": 450, "structure_id": "Tr_33"}, {"parent_TextBlock": "Tb_33", "text": "5. DOES THE VETERAN CURRENTLY HAVE ANY FINDINGS, SIGNS AND SYMPTOMS DUE TO A HEMATOLOGIC OR LYMPHATIC DISORDER", "parent_Field": null, "parent_Choice_Field": null, "parent_ChoiceGroup": "Chgp_4", "w": 1290, "h": 19, "y": 122, "x": 100, "structure_id": "Tr_34"}, {"parent_TextBlock": "Tb_33", "text": "OR TO TREATMENT FOR A HEMATOLOGIC OR LYMPHATIC DISORDER?", "parent_Field": null, "parent_Choice_Field": null, "parent_ChoiceGroup": "Chgp_4", "w": 670, "h": 19, "y": 144, "x": 122, "structure_id": "Tr_35"}, {"parent_TextBlock": "Tb_34", "text": "YES", "parent_Field": null, "parent_Choice_Field": "Chf_19", "parent_ChoiceGroup": "Chgp_4", "w": 39, "h": 20, "y": 190, "x": 150, "structure_id": "Tr_36"}, {"parent_TextBlock": "Tb_35", "text": "NO", "parent_Field": null, "parent_Choice_Field": "Chf_20", "parent_ChoiceGroup": "Chgp_4", "w": 29, "h": 20, "y": 190, "x": 267, "structure_id": "Tr_37"}, {"parent_TextBlock": "Tb_36", "text": "SECTION VII - POLYCYTHEMIA VERA", "parent_Field": null, "parent_Choice_Field": null, "parent_ChoiceGroup": null, "w": 402, "h": 22, "y": 990, "x": 649, "structure_id": "Tr_38"}, {"parent_TextBlock": "Tb_37", "text": "IF YES, CHECK ALL THAT APPLY:", "parent_Field": null, "parent_Choice_Field": null, "parent_ChoiceGroup": "Chgp_5", "w": 310, "h": 20, "y": 1090, "x": 100, "structure_id": "Tr_39"}, {"parent_TextBlock": "Tb_38", "text": "Stable with or without continuous medication", "parent_Field": null, "parent_Choice_Field": "Chf_21", "parent_ChoiceGroup": "Chgp_5", "w": 384, "h": 19, "y": 1131, "x": 200, "structure_id": "Tr_40"}, {"parent_TextBlock": "Tb_39", "text": "Requiring phlebotomy", "parent_Field": null, "parent_Choice_Field": "Chf_22", "parent_ChoiceGroup": "Chgp_5", "w": 189, "h": 19, "y": 1164, "x": 200, "structure_id": "Tr_41"}, {"parent_TextBlock": "Tb_40", "text": "Requiring myelosuppressant treatment", "parent_Field": null, "parent_Choice_Field": "Chf_23", "parent_ChoiceGroup": "Chgp_5", "w": 334, "h": 20, "y": 1197, "x": 200, "structure_id": "Tr_42"}, {"parent_TextBlock": "Tb_41", "text": "Other, describe:", "parent_Field": null, "parent_Choice_Field": "Chf_24", "parent_ChoiceGroup": "Chgp_5", "w": 138, "h": 19, "y": 1231, "x": 200, "structure_id": "Tr_43"}, {"parent_TextBlock": "Tb_42", "text": "7. DOES THE VETERAN HAVE POLYCYTHEMIA VERA?", "parent_Field": null, "parent_Choice_Field": null, "parent_ChoiceGroup": "Chgp_6", "w": 504, "h": 19, "y": 1024, "x": 100, "structure_id": "Tr_44"}, {"parent_TextBlock": "Tb_43", "text": "YES", "parent_Field": null, "parent_Choice_Field": "Chf_25", "parent_ChoiceGroup": "Chgp_6", "w": 39, "h": 19, "y": 1057, "x": 150, "structure_id": "Tr_45"}, {"parent_TextBlock": "Tb_44", "text": "NO", "parent_Field": null, "parent_Choice_Field": "Chf_26", "parent_ChoiceGroup": "Chgp_6", "w": 29, "h": 19, "y": 1057, "x": 267, "structure_id": "Tr_46"}, {"parent_TextBlock": "Tb_45", "text": "NOTE:", "parent_Field": null, "parent_Choice_Field": null, "parent_ChoiceGroup": null, "w": 70, "h": 22, "y": 1278, "x": 100, "structure_id": "Tr_47"}, {"parent_TextBlock": "Tb_45", "text": "If there are complications due to polycythemia vera such as hypertension, gout, stroke or thrombotic disease, ALSO complete appropriate Questionnaire for", "parent_Field": null, "parent_Choice_Field": null, "parent_ChoiceGroup": null, "w": 1398, "h": 22, "y": 1278, "x": 170, "structure_id": "Tr_48"}, {"parent_TextBlock": "Tb_45", "text": "each condition.", "parent_Field": null, "parent_Choice_Field": null, "parent_ChoiceGroup": null, "w": 136, "h": 22, "y": 1304, "x": 100, "structure_id": "Tr_49"}, {"parent_TextBlock": "Tb_46", "text": "SECTION VIII - SICKLE CELL ANEMIA", "parent_Field": null, "parent_Choice_Field": null, "parent_ChoiceGroup": null, "w": 398, "h": 22, "y": 1340, "x": 651, "structure_id": "Tr_50"}, {"parent_TextBlock": "Tb_47", "text": "IF YES, CHECK ALL THAT APPLY:", "parent_Field": null, "parent_Choice_Field": null, "parent_ChoiceGroup": "Chgp_7", "w": 310, "h": 20, "y": 1440, "x": 100, "structure_id": "Tr_51"}, {"parent_TextBlock": "Tb_48", "text": "Asymptomatic", "parent_Field": null, "parent_Choice_Field": "Chf_27", "parent_ChoiceGroup": "Chgp_7", "w": 122, "h": 19, "y": 1481, "x": 200, "structure_id": "Tr_52"}, {"parent_TextBlock": "Tb_49", "text": "In remission", "parent_Field": null, "parent_Choice_Field": "Chf_28", "parent_ChoiceGroup": "Chgp_7", "w": 105, "h": 19, "y": 1514, "x": 200, "structure_id": "Tr_53"}, {"parent_TextBlock": "Tb_50", "text": "With identifiable organ impairment", "parent_Field": null, "parent_Choice_Field": "Chf_29", "parent_ChoiceGroup": "Chgp_7", "w": 294, "h": 20, "y": 1547, "x": 200, "structure_id": "Tr_54"}, {"parent_TextBlock": "Tb_51", "text": "Following repeated hemolytic sickling crises with continuing impairment of health", "parent_Field": null, "parent_Choice_Field": "Chf_30", "parent_ChoiceGroup": "Chgp_7", "w": 693, "h": 19, "y": 1581, "x": 200, "structure_id": "Tr_55"}, {"parent_TextBlock": "Tb_52", "text": "Painful crises several times a year", "parent_Field": null, "parent_Choice_Field": "Chf_31", "parent_ChoiceGroup": "Chgp_7", "w": 295, "h": 20, "y": 1614, "x": 200, "structure_id": "Tr_56"}, {"parent_TextBlock": "Tb_53", "text": "Repeated painful crises, occurring in skin, joints, bones or any major organs", "parent_Field": null, "parent_Choice_Field": "Chf_32", "parent_ChoiceGroup": "Chgp_7", "w": 653, "h": 20, "y": 1647, "x": 200, "structure_id": "Tr_57"}, {"parent_TextBlock": "Tb_54", "text": "With anemia, thrombosis and infarction", "parent_Field": null, "parent_Choice_Field": "Chf_33", "parent_ChoiceGroup": "Chgp_7", "w": 336, "h": 19, "y": 1681, "x": 200, "structure_id": "Tr_58"}, {"parent_TextBlock": "Tb_55", "text": "Symptoms preclude other than light manual labor", "parent_Field": null, "parent_Choice_Field": "Chf_34", "parent_ChoiceGroup": "Chgp_7", "w": 424, "h": 20, "y": 1714, "x": 200, "structure_id": "Tr_59"}, {"parent_TextBlock": "Tb_56", "text": "Symptoms preclude even light manual labor", "parent_Field": null, "parent_Choice_Field": "Chf_35", "parent_ChoiceGroup": "Chgp_7", "w": 378, "h": 20, "y": 1747, "x": 200, "structure_id": "Tr_60"}, {"parent_TextBlock": "Tb_57", "text": "Other, describe:", "parent_Field": null, "parent_Choice_Field": "Chf_36", "parent_ChoiceGroup": "Chgp_7", "w": 138, "h": 19, "y": 1781, "x": 200, "structure_id": "Tr_61"}, {"parent_TextBlock": "Tb_58", "text": "8. DOES THE VETERAN HAVE SICKLE CELL ANEMIA?", "parent_Field": null, "parent_Choice_Field": null, "parent_ChoiceGroup": "Chgp_8", "w": 496, "h": 19, "y": 1374, "x": 100, "structure_id": "Tr_62"}, {"parent_TextBlock": "Tb_59", "text": "YES", "parent_Field": null, "parent_Choice_Field": "Chf_37", "parent_ChoiceGroup": "Chgp_8", "w": 39, "h": 19, "y": 1407, "x": 150, "structure_id": "Tr_63"}, {"parent_TextBlock": "Tb_60", "text": "NO", "parent_Field": null, "parent_Choice_Field": "Chf_38", "parent_ChoiceGroup": "Chgp_8", "w": 29, "h": 19, "y": 1407, "x": 267, "structure_id": "Tr_64"}, {"parent_TextBlock": "Tb_61", "text": "SECTION IX - OTHER PERTINENT PHYSICAL FINDINGS, COMPLICATIONS, CONDITIONS, SIGNS AND/OR SYMPTOMS", "parent_Field": null, "parent_Choice_Field": null, "parent_ChoiceGroup": null, "w": 1246, "h": 22, "y": 1824, "x": 227, "structure_id": "Tr_65"}, {"parent_TextBlock": "Tb_62", "text": "(If \"Yes,\" also complete VA Form 21-0960F-1, Scars/Disfigurement Disability Benefits  Questionnaire)", "parent_Field": null, "parent_Choice_Field": null, "parent_ChoiceGroup": null, "w": 919, "h": 22, "y": 2006, "x": 317, "structure_id": "Tr_66"}, {"parent_TextBlock": "Tb_63", "parent_Field": null, "parent_Choice_Field": null, "parent_ChoiceGroup": "Chgp_9", "w": 1484, "h": 51, "y": 1948.03125, "x": 94, "structure_id": "Tr_67"}, {"parent_TextBlock": "Tb_64", "text": "YES", "parent_Field": null, "parent_Choice_Field": "Chf_39", "parent_ChoiceGroup": "Chgp_9", "w": 39, "h": 19, "y": 2007, "x": 150, "structure_id": "Tr_68"}, {"parent_TextBlock": "Tb_65", "text": "NO", "parent_Field": null, "parent_Choice_Field": "Chf_40", "parent_ChoiceGroup": "Chgp_9", "w": 29, "h": 19, "y": 2007, "x": 267, "structure_id": "Tr_69"}, {"parent_TextBlock": "Tb_66", "text": "9A. DOES THE VETERAN HAVE ANY SCARS", "parent_Field": null, "parent_Choice_Field": null, "parent_ChoiceGroup": "Chgp_10", "w": 413, "h": 20, "y": 1856, "x": 100, "structure_id": "Tr_70"}, {"parent_TextBlock": "Tb_66", "text": "(surgical or otherwise)", "parent_Field": null, "parent_Choice_Field": null, "parent_ChoiceGroup": "Chgp_10", "w": 205, "h": 22, "y": 1854, "x": 513, "structure_id": "Tr_71"}, {"parent_TextBlock": "Tb_66", "text": "RELATED TO ANY CONDITIONS OR TO THE TREATMENT OF ANY CONDITIONS LISTED IN", "parent_Field": null, "parent_Choice_Field": null, "parent_ChoiceGroup": "Chgp_10", "w": 845, "h": 20, "y": 1856, "x": 718, "structure_id": "Tr_72"}, {"parent_TextBlock": "Tb_66", "text": "SECTION 1, DIAGNOSIS?", "parent_Field": null, "parent_Choice_Field": null, "parent_ChoiceGroup": "Chgp_10", "w": 232, "h": 19, "y": 1881, "x": 134, "structure_id": "Tr_73"}, {"parent_TextBlock": "Tb_67", "text": "YES", "parent_Field": null, "parent_Choice_Field": "Chf_41", "parent_ChoiceGroup": "Chgp_10", "w": 39, "h": 20, "y": 1917, "x": 150, "structure_id": "Tr_74"}, {"parent_TextBlock": "Tb_68", "text": "NO", "parent_Field": null, "parent_Choice_Field": "Chf_42", "parent_ChoiceGroup": "Chgp_10", "w": 29, "h": 20, "y": 1917, "x": 267, "structure_id": "Tr_75"}, {"parent_TextBlock": "Tb_69", "text": "VA FORM 21-0960B-2, FEB 2015", "parent_Field": null, "parent_Choice_Field": null, "parent_ChoiceGroup": null, "w": 293, "h": 20, "y": 2105, "x": 88, "structure_id": "Tr_76"}, {"parent_TextBlock": "Tb_70", "text": "Page 3", "parent_Field": null, "parent_Choice_Field": null, "parent_ChoiceGroup": null, "w": 71, "h": 22, "y": 2106, "x": 1546, "structure_id": "Tr_77"}], "ChoiceGroup": [{"y": 802.03125, "x": 96, "structure_id": "Chgp_1", "w": 694, "h": 168}, {"y": 700.03125, "x": 94, "structure_id": "Chgp_2", "w": 1499, "h": 273}, {"y": 215.03125, "x": 94, "structure_id": "Chgp_3", "w": 1494, "h": 437}, {"y": 115.03125, "x": 90, "structure_id": "Chgp_4", "w": 1507, "h": 540}, {"y": 1085.03125, "x": 94, "structure_id": "Chgp_5", "w": 1109, "h": 173}, {"y": 1018.03125, "x": 90, "structure_id": "Chgp_6", "w": 1117, "h": 243}, {"y": 1430.03125, "x": 96, "structure_id": "Chgp_7", "w": 1108, "h": 381}, {"y": 1370.03125, "x": 94, "structure_id": "Chgp_8", "w": 1113, "h": 447}, {"y": 1943.03125, "x": 85, "structure_id": "Chgp_9", "w": 1497, "h": 87}, {"y": 1852.03125, "x": 84, "structure_id": "Chgp_10", "w": 1503, "h": 184}]}