{"Widget": [{"parent_Field": "Fi_1", "parent_Choice_Field": null, "parent_ChoiceGroup": null, "w": 1242.1275590551181, "h": 59.250393700787406, "y": 457.8748031496063, "x": 387.5, "structure_id": "Wi_1"}, {"parent_Field": "Fi_2", "parent_Choice_Field": null, "parent_ChoiceGroup": null, "w": 342.2692913385827, "h": 83.63622047244095, "y": 345.37244094488193, "x": 1299.8551181102362, "structure_id": "Wi_2"}, {"parent_Field": "Fi_3", "parent_Choice_Field": null, "parent_ChoiceGroup": null, "w": 421.5968503937008, "h": 71.60551181102362, "y": 1545.3724409448819, "x": 1207.9, "structure_id": "Wi_3"}, {"parent_Field": "Fi_4", "parent_Choice_Field": null, "parent_ChoiceGroup": null, "w": 1107.8944881889763, "h": 59.102362204724415, "y": 1695.3724409448819, "x": 70.89133858267716, "structure_id": "Wi_4"}, {"parent_Field": "Fi_5", "parent_Choice_Field": null, "parent_ChoiceGroup": null, "w": 1107.8944881889763, "h": 92.63622047244094, "y": 1520.3724409448819, "x": 70.89133858267716, "structure_id": "Wi_5"}, {"parent_Field": "Fi_6", "parent_Choice_Field": null, "parent_ChoiceGroup": null, "w": 354.9141732283465, "h": 83.63622047244095, "y": 345.37244094488193, "x": 799.7141732283465, "structure_id": "Wi_6"}, {"parent_Field": "Fi_7", "parent_Choice_Field": null, "parent_ChoiceGroup": null, "w": 1109.2503937007873, "h": 59.102362204724415, "y": 1407.8748031496064, "x": 70.38582677165354, "structure_id": "Wi_7"}, {"parent_Field": "Fi_8", "parent_Choice_Field": null, "parent_ChoiceGroup": null, "w": 421.5968503937008, "h": 59.102362204724415, "y": 1407.8748031496064, "x": 1207.9, "structure_id": "Wi_8"}, {"parent_Field": "Fi_9", "parent_Choice_Field": null, "parent_ChoiceGroup": null, "w": 363.4472440944882, "h": 83.63622047244095, "y": 345.37244094488193, "x": 328.6779527559055, "structure_id": "Wi_9"}], "TextBlock": [{"parent_Field": "Fi_1", "parent_Choice_Field": null, "parent_ChoiceGroup": null, "w": 321.39702344149623, "h": 34, "y": 469, "x": 58, "structure_id": "Tb_1"}, {"parent_Field": "Fi_2", "parent_Choice_Field": null, "parent_ChoiceGroup": null, "w": 113, "h": 33, "y": 369, "x": 1170, "structure_id": "Tb_2"}, {"parent_Field": null, "parent_Choice_Field": null, "parent_ChoiceGroup": null, "w": 85, "h": 16, "y": 1832, "x": 50, "structure_id": "Tb_3"}, {"parent_Field": "Fi_3", "parent_Choice_Field": null, "parent_ChoiceGroup": null, "w": 63, "h": 34, "y": 1621, "x": 1387, "structure_id": "Tb_4"}, {"parent_Field": "Fi_4", "parent_Choice_Field": null, "parent_ChoiceGroup": null, "w": 592, "h": 33, "y": 1759, "x": 329, "structure_id": "Tb_5"}, {"parent_Field": "Fi_5", "parent_Choice_Field": null, "parent_ChoiceGroup": null, "w": 658, "h": 33, "y": 1619, "x": 300, "structure_id": "Tb_6"}, {"parent_Field": "Fi_5", "parent_Choice_Field": null, "parent_ChoiceGroup": null, "w": 1073, "h": 28, "y": 1652, "x": 88, "structure_id": "Tb_7"}, {"parent_Field": "Fi_6", "parent_Choice_Field": null, "parent_ChoiceGroup": null, "w": 79, "h": 33, "y": 369, "x": 708, "structure_id": "Tb_8"}, {"parent_Field": "Fi_7", "parent_Choice_Field": null, "parent_ChoiceGroup": null, "w": 273, "h": 34, "y": 1471, "x": 493, "structure_id": "Tb_9"}, {"parent_Field": "Fi_8", "parent_Choice_Field": null, "parent_ChoiceGroup": null, "w": 63, "h": 34, "y": 1471, "x": 1387, "structure_id": "Tb_10"}, {"parent_Field": null, "parent_Choice_Field": null, "parent_ChoiceGroup": null, "w": 1468, "h": 74, "y": 1188, "x": 64, "structure_id": "Tb_11"}, {"parent_Field": null, "parent_Choice_Field": null, "parent_ChoiceGroup": null, "w": 274, "h": 33, "y": 620, "x": 64, "structure_id": "Tb_12"}, {"parent_Field": "Fi_9", "parent_Choice_Field": null, "parent_ChoiceGroup": null, "w": 176, "h": 33, "y": 389, "x": 58, "structure_id": "Tb_13"}, {"parent_Field": null, "parent_Choice_Field": null, "parent_ChoiceGroup": null, "w": 1550, "h": 113, "y": 208, "x": 64, "structure_id": "Tb_14"}, {"parent_Field": null, "parent_Choice_Field": null, "parent_ChoiceGroup": null, "w": 1512, "h": 72, "y": 1289, "x": 64, "structure_id": "Tb_15"}, {"parent_Field": null, "parent_Choice_Field": null, "parent_ChoiceGroup": null, "w": 74, "h": 16, "y": 1852, "x": 50, "structure_id": "Tb_16"}, {"parent_Field": null, "parent_Choice_Field": null, "parent_ChoiceGroup": null, "w": 500, "h": 48, "y": 70.03125, "x": 133.515625, "structure_id": "Tb_17"}, {"parent_Field": null, "parent_Choice_Field": null, "parent_ChoiceGroup": null, "w": 271, "h": 33, "y": 349, "x": 58, "structure_id": "Tb_18"}, {"parent_Field": null, "parent_Choice_Field": null, "parent_ChoiceGroup": null, "w": 1532.515625, "h": 76.96875, "y": 656.03125, "x": 64, "structure_id": "Tb_19"}, {"parent_Field": null, "parent_Choice_Field": null, "parent_ChoiceGroup": null, "w": 24, "h": 41, "y": 653.03125, "x": 61.515625, "structure_id": "Tb_20"}, {"parent_Field": null, "parent_Choice_Field": null, "parent_ChoiceGroup": null, "w": 1554.515625, "h": 82.96875, "y": 730.03125, "x": 64, "structure_id": "Tb_21"}, {"parent_Field": null, "parent_Choice_Field": null, "parent_ChoiceGroup": null, "w": 27, "h": 36, "y": 736.03125, "x": 60.515625, "structure_id": "Tb_22"}, {"parent_Field": null, "parent_Choice_Field": null, "parent_ChoiceGroup": null, "w": 1544.515625, "h": 120.96875, "y": 812.03125, "x": 64, "structure_id": "Tb_23"}, {"parent_Field": null, "parent_Choice_Field": null, "parent_ChoiceGroup": null, "w": 24, "h": 36, "y": 815.03125, "x": 60.515625, "structure_id": "Tb_24"}, {"parent_Field": null, "parent_Choice_Field": null, "parent_ChoiceGroup": null, "w": 1545.515625, "h": 77.96875, "y": 935.03125, "x": 64, "structure_id": "Tb_25"}, {"parent_Field": null, "parent_Choice_Field": null, "parent_ChoiceGroup": null, "w": 35, "h": 41, "y": 932.03125, "x": 55.515625, "structure_id": "Tb_26"}, {"parent_Field": null, "parent_Choice_Field": null, "parent_ChoiceGroup": null, "w": 1527.515625, "h": 82.96875, "y": 1010.03125, "x": 64, "structure_id": "Tb_27"}, {"parent_Field": null, "parent_Choice_Field": null, "parent_ChoiceGroup": null, "w": 38, "h": 40, "y": 1012.03125, "x": 52.515625, "structure_id": "Tb_28"}, {"parent_Field": null, "parent_Choice_Field": null, "parent_ChoiceGroup": null, "w": 1408, "h": 33, "y": 146, "x": 146, "structure_id": "Tb_29"}, {"parent_Field": null, "parent_Choice_Field": null, "parent_ChoiceGroup": null, "w": 112, "h": 30, "y": 1835, "x": 150, "structure_id": "Tb_30"}], "Choice_Field": [], "Field": [{"y": 457.8748031496063, "x": 58, "structure_id": "Fi_1", "w": 1571.6275590551181, "h": 59.250393700787356}, {"y": 345.37244094488193, "x": 1170, "structure_id": "Fi_2", "w": 472.1244094488188, "h": 83.63622047244093}, {"y": 1545.3724409448819, "x": 1207.9, "structure_id": "Fi_3", "w": 421.59685039370083, "h": 109.62755905511813}, {"y": 1695.3724409448819, "x": 70.89133858267716, "structure_id": "Fi_4", "w": 1107.8944881889763, "h": 96.62755905511813}, {"y": 1520.3724409448819, "x": 70.89133858267716, "structure_id": "Fi_5", "w": 1107.8944881889763, "h": 159.62755905511813}, {"y": 345.37244094488193, "x": 708, "structure_id": "Fi_6", "w": 446.62834645669295, "h": 83.63622047244093}, {"y": 1407.8748031496064, "x": 70.38582677165354, "structure_id": "Fi_7", "w": 1109.2503937007873, "h": 97.12519685039365}, {"y": 1407.8748031496064, "x": 1207.9, "structure_id": "Fi_8", "w": 421.59685039370083, "h": 97.12519685039365}, {"y": 345.37244094488193, "x": 58, "structure_id": "Fi_9", "w": 634.1251968503936, "h": 83.63622047244093}], "TextRun": [{"parent_TextBlock": "Tb_1", "text": "Last four digits of SSN", "parent_Field": "Fi_1", "parent_Choice_Field": null, "parent_ChoiceGroup": null, "w": 321.39702344149623, "h": 34, "y": 469, "x": 58, "structure_id": "Tr_1"}, {"parent_TextBlock": "Tb_2", "text": "Middle:", "parent_Field": "Fi_2", "parent_Choice_Field": null, "parent_ChoiceGroup": null, "w": 113, "h": 33, "y": 369, "x": 1170, "structure_id": "Tr_2"}, {"parent_TextBlock": "Tb_3", "text": "VA FORM", "parent_Field": null, "parent_Choice_Field": null, "parent_ChoiceGroup": null, "w": 85, "h": 16, "y": 1832, "x": 50, "structure_id": "Tr_3"}, {"parent_TextBlock": "Tb_4", "text": "Date", "parent_Field": "Fi_3", "parent_Choice_Field": null, "parent_ChoiceGroup": null, "w": 63, "h": 34, "y": 1621, "x": 1387, "structure_id": "Tr_4"}, {"parent_TextBlock": "Tb_5", "text": "Name of Legal Representative (please print)", "parent_Field": "Fi_4", "parent_Choice_Field": null, "parent_ChoiceGroup": null, "w": 592, "h": 33, "y": 1759, "x": 329, "structure_id": "Tr_5"}, {"parent_TextBlock": "Tb_6", "text": "Signature of Legal Representative (if applicable)", "parent_Field": "Fi_5", "parent_Choice_Field": null, "parent_ChoiceGroup": null, "w": 658, "h": 33, "y": 1619, "x": 300, "structure_id": "Tr_6"}, {"parent_TextBlock": "Tb_7", "text": "To Sign for Patient (Attach authority to sign: Health Care Power of Attorney or Legal Guardian)", "parent_Field": "Fi_5", "parent_Choice_Field": null, "parent_ChoiceGroup": null, "w": 1073, "h": 28, "y": 1652, "x": 88, "structure_id": "Tr_7"}, {"parent_TextBlock": "Tb_8", "text": "First:", "parent_Field": "Fi_6", "parent_Choice_Field": null, "parent_ChoiceGroup": null, "w": 79, "h": 33, "y": 369, "x": 708, "structure_id": "Tr_8"}, {"parent_TextBlock": "Tb_9", "text": "Signature of Patient", "parent_Field": "Fi_7", "parent_Choice_Field": null, "parent_ChoiceGroup": null, "w": 273, "h": 34, "y": 1471, "x": 493, "structure_id": "Tr_9"}, {"parent_TextBlock": "Tb_10", "text": "Date", "parent_Field": "Fi_8", "parent_Choice_Field": null, "parent_ChoiceGroup": null, "w": 63, "h": 34, "y": 1471, "x": 1387, "structure_id": "Tr_10"}, {"parent_TextBlock": "Tb_11", "text": "RE-ENROLL:", "parent_Field": null, "parent_Choice_Field": null, "parent_ChoiceGroup": null, "w": 209, "h": 34, "y": 1188, "x": 64, "structure_id": "Tr_11"}, {"parent_TextBlock": "Tb_11", "text": "I understand if I decide to re-enroll in the project at a later date, I will be required to start the", "parent_Field": null, "parent_Choice_Field": null, "parent_ChoiceGroup": null, "w": 1259, "h": 34, "y": 1188, "x": 273, "structure_id": "Tr_12"}, {"parent_TextBlock": "Tb_11", "text": "enrollment process all over again.", "parent_Field": null, "parent_Choice_Field": null, "parent_ChoiceGroup": null, "w": 451, "h": 34, "y": 1228, "x": 64, "structure_id": "Tr_13"}, {"parent_TextBlock": "Tb_12", "text": "REVOCATION:", "parent_Field": null, "parent_Choice_Field": null, "parent_ChoiceGroup": null, "w": 274, "h": 33, "y": 620, "x": 64, "structure_id": "Tr_14"}, {"parent_TextBlock": "Tb_13", "text": "Last:  (print)", "parent_Field": "Fi_9", "parent_Choice_Field": null, "parent_ChoiceGroup": null, "w": 176, "h": 33, "y": 389, "x": 58, "structure_id": "Tr_15"}, {"parent_TextBlock": "Tb_14", "text": "Purpose:", "parent_Field": null, "parent_Choice_Field": null, "parent_ChoiceGroup": null, "w": 144, "h": 33, "y": 208, "x": 64, "structure_id": "Tr_16"}, {"parent_TextBlock": "Tb_14", "text": "Revocation of the electronic exchange of individually-identifiable health information between the", "parent_Field": null, "parent_Choice_Field": null, "parent_ChoiceGroup": null, "w": 1320, "h": 33, "y": 208, "x": 208, "structure_id": "Tr_17"}, {"parent_TextBlock": "Tb_14", "text": "Department of Veterans Affairs (VA) and Non-VA Health Care Provider Organizations participating in the eHealth", "parent_Field": null, "parent_Choice_Field": null, "parent_ChoiceGroup": null, "w": 1550, "h": 33, "y": 248, "x": 64, "structure_id": "Tr_18"}, {"parent_TextBlock": "Tb_14", "text": "Exchange.", "parent_Field": null, "parent_Choice_Field": null, "parent_ChoiceGroup": null, "w": 148, "h": 33, "y": 288, "x": 64, "structure_id": "Tr_19"}, {"parent_TextBlock": "Tb_15", "text": "SIGNATURE:", "parent_Field": null, "parent_Choice_Field": null, "parent_ChoiceGroup": null, "w": 206, "h": 33, "y": 1289, "x": 64, "structure_id": "Tr_20"}, {"parent_TextBlock": "Tb_15", "text": "This revocation has been explained to me. I hereby revoke the sharing of my individually-identifiable", "parent_Field": null, "parent_Choice_Field": null, "parent_ChoiceGroup": null, "w": 1306, "h": 32, "y": 1290, "x": 270, "structure_id": "Tr_21"}, {"parent_TextBlock": "Tb_15", "text": "health information as described in this form.", "parent_Field": null, "parent_Choice_Field": null, "parent_ChoiceGroup": null, "w": 567, "h": 32, "y": 1329, "x": 64, "structure_id": "Tr_22"}, {"parent_TextBlock": "Tb_16", "text": "FEB 2014", "parent_Field": null, "parent_Choice_Field": null, "parent_ChoiceGroup": null, "w": 74, "h": 16, "y": 1852, "x": 50, "structure_id": "Tr_23"}, {"parent_TextBlock": "Tb_17", "parent_Field": null, "parent_Choice_Field": null, "parent_ChoiceGroup": null, "w": 500, "h": 48, "y": 70.03125, "x": 133.515625, "structure_id": "Tr_24"}, {"parent_TextBlock": "Tb_18", "text": "Patient Full Name", "parent_Field": null, "parent_Choice_Field": null, "parent_ChoiceGroup": null, "w": 271, "h": 33, "y": 349, "x": 58, "structure_id": "Tr_25"}, {"parent_TextBlock": "Tb_19", "parent_Field": null, "parent_Choice_Field": null, "parent_ChoiceGroup": null, "w": 1505, "h": 42, "y": 656.03125, "x": 91.515625, "structure_id": "Tr_26"}, {"parent_TextBlock": "Tb_19", "text": "information.", "parent_Field": null, "parent_Choice_Field": null, "parent_ChoiceGroup": null, "w": 182, "h": 33, "y": 700, "x": 64, "structure_id": "Tr_27"}, {"parent_TextBlock": "Tb_20", "parent_Field": null, "parent_Choice_Field": null, "parent_ChoiceGroup": null, "w": 24, "h": 41, "y": 653.03125, "x": 61.515625, "structure_id": "Tr_28"}, {"parent_TextBlock": "Tb_21", "parent_Field": null, "parent_Choice_Field": null, "parent_ChoiceGroup": null, "w": 1530, "h": 45, "y": 730.03125, "x": 88.515625, "structure_id": "Tr_29"}, {"parent_TextBlock": "Tb_21", "text": "health care provider organizations participating in the eHealth Exchange and partnering with VA.", "parent_Field": null, "parent_Choice_Field": null, "parent_ChoiceGroup": null, "w": 1317, "h": 33, "y": 780, "x": 64, "structure_id": "Tr_30"}, {"parent_TextBlock": "Tb_22", "parent_Field": null, "parent_Choice_Field": null, "parent_ChoiceGroup": null, "w": 27, "h": 36, "y": 736.03125, "x": 60.515625, "structure_id": "Tr_31"}, {"parent_TextBlock": "Tb_23", "parent_Field": null, "parent_Choice_Field": null, "parent_ChoiceGroup": null, "w": 1521, "h": 44, "y": 812.03125, "x": 87.515625, "structure_id": "Tr_32"}, {"parent_TextBlock": "Tb_23", "text": "used as discussed in the authorization I signed when I elected to participate in this electronic exchange of my", "parent_Field": null, "parent_Choice_Field": null, "parent_ChoiceGroup": null, "w": 1461, "h": 33, "y": 860, "x": 64, "structure_id": "Tr_33"}, {"parent_TextBlock": "Tb_23", "text": "individually-identifiable health information.", "parent_Field": null, "parent_Choice_Field": null, "parent_ChoiceGroup": null, "w": 604, "h": 33, "y": 900, "x": 64, "structure_id": "Tr_34"}, {"parent_TextBlock": "Tb_24", "parent_Field": null, "parent_Choice_Field": null, "parent_ChoiceGroup": null, "w": 24, "h": 36, "y": 815.03125, "x": 60.515625, "structure_id": "Tr_35"}, {"parent_TextBlock": "Tb_25", "parent_Field": null, "parent_Choice_Field": null, "parent_ChoiceGroup": null, "w": 1515, "h": 41, "y": 935.03125, "x": 94.515625, "structure_id": "Tr_36"}, {"parent_TextBlock": "Tb_25", "text": "my future care, or have any effect on my VA benefits.", "parent_Field": null, "parent_Choice_Field": null, "parent_ChoiceGroup": null, "w": 739, "h": 33, "y": 980, "x": 64, "structure_id": "Tr_37"}, {"parent_TextBlock": "Tb_26", "parent_Field": null, "parent_Choice_Field": null, "parent_ChoiceGroup": null, "w": 35, "h": 41, "y": 932.03125, "x": 55.515625, "structure_id": "Tr_38"}, {"parent_TextBlock": "Tb_27", "parent_Field": null, "parent_Choice_Field": null, "parent_ChoiceGroup": null, "w": 1500, "h": 45, "y": 1010.03125, "x": 91.515625, "structure_id": "Tr_39"}, {"parent_TextBlock": "Tb_27", "text": "that VA has confirmed my request and the effective date of this revocation.", "parent_Field": null, "parent_Choice_Field": null, "parent_ChoiceGroup": null, "w": 1004, "h": 33, "y": 1060, "x": 64, "structure_id": "Tr_40"}, {"parent_TextBlock": "Tb_28", "parent_Field": null, "parent_Choice_Field": null, "parent_ChoiceGroup": null, "w": 38, "h": 40, "y": 1012.03125, "x": 52.515625, "structure_id": "Tr_41"}, {"parent_TextBlock": "Tb_29", "text": "Revocation for Release of Individually-Identifiable Health Information Through eHealth Exchange", "parent_Field": null, "parent_Choice_Field": null, "parent_ChoiceGroup": null, "w": 1408, "h": 33, "y": 146, "x": 146, "structure_id": "Tr_42"}, {"parent_TextBlock": "Tb_30", "text": "10-0484", "parent_Field": null, "parent_Choice_Field": null, "parent_ChoiceGroup": null, "w": 112, "h": 30, "y": 1835, "x": 150, "structure_id": "Tr_43"}], "ChoiceGroup": []}