{"Widget": [{"parent_Field": "Fi_1", "parent_Choice_Field": null, "parent_ChoiceGroup": null, "w": 140.50236220472442, "h": 46.83307086614173, "y": 50, "x": 513.4803149606299, "structure_id": "Wi_1"}, {"parent_Field": "Fi_1", "parent_Choice_Field": null, "parent_ChoiceGroup": null, "w": 88.94488188976378, "h": 46.83307086614173, "y": 50, "x": 707.4976377952756, "structure_id": "Wi_2"}, {"parent_Field": "Fi_1", "parent_Choice_Field": null, "parent_ChoiceGroup": null, "w": 188.88031496062993, "h": 46.83307086614173, "y": 50, "x": 838.6527559055119, "structure_id": "Wi_3"}, {"parent_Field": "Fi_2", "parent_Choice_Field": null, "parent_ChoiceGroup": null, "w": 716.6614173228347, "h": 33.33070866141732, "y": 516.6692913385828, "x": 866.6692913385826, "structure_id": "Wi_4"}, {"parent_Field": "Fi_3", "parent_Choice_Field": null, "parent_ChoiceGroup": null, "w": 783.3307086614174, "h": 33.33070866141732, "y": 350.00787401574803, "x": 800, "structure_id": "Wi_5"}, {"parent_Field": "Fi_4", "parent_Choice_Field": null, "parent_ChoiceGroup": null, "w": 700.0000000000001, "h": 33.33070866141732, "y": 433.33858267716533, "x": 883.3307086614174, "structure_id": "Wi_6"}, {"parent_Field": null, "parent_Choice_Field": "Chf_1", "parent_ChoiceGroup": "Chgp_1", "w": 25, "h": 25, "y": 234.7220472440945, "x": 158.32755905511812, "structure_id": "Wi_7"}, {"parent_Field": null, "parent_Choice_Field": "Chf_2", "parent_ChoiceGroup": "Chgp_1", "w": 25, "h": 25, "y": 268.06141732283464, "x": 158.32755905511812, "structure_id": "Wi_8"}, {"parent_Field": null, "parent_Choice_Field": "Chf_3", "parent_ChoiceGroup": "Chgp_2", "w": 25, "h": 25, "y": 168.0527559055118, "x": 108.32755905511812, "structure_id": "Wi_9"}, {"parent_Field": null, "parent_Choice_Field": "Chf_4", "parent_ChoiceGroup": "Chgp_2", "w": 25, "h": 25, "y": 318.05275590551184, "x": 108.32755905511812, "structure_id": "Wi_10"}, {"parent_Field": null, "parent_Choice_Field": "Chf_5", "parent_ChoiceGroup": "Chgp_2", "w": 25, "h": 25, "y": 401.38346456692915, "x": 108.32755905511812, "structure_id": "Wi_11"}, {"parent_Field": null, "parent_Choice_Field": "Chf_6", "parent_ChoiceGroup": "Chgp_2", "w": 25, "h": 25, "y": 484.71417322834645, "x": 108.32755905511812, "structure_id": "Wi_12"}, {"parent_Field": null, "parent_Choice_Field": "Chf_7", "parent_ChoiceGroup": "Chgp_2", "w": 25, "h": 25, "y": 568.0527559055118, "x": 108.32755905511812, "structure_id": "Wi_13"}, {"parent_Field": null, "parent_Choice_Field": "Chf_7", "parent_ChoiceGroup": "Chgp_2", "w": 1283.3307086614175, "h": 33.30866141732284, "y": 566.6779527559055, "x": 300, "structure_id": "Wi_14"}, {"parent_Field": null, "parent_Choice_Field": "Chf_8", "parent_ChoiceGroup": "Chgp_3", "w": 25, "h": 25, "y": 851.3834645669292, "x": 108.32755905511812, "structure_id": "Wi_15"}, {"parent_Field": null, "parent_Choice_Field": "Chf_9", "parent_ChoiceGroup": "Chgp_3", "w": 25, "h": 25, "y": 851.3834645669292, "x": 224.99685039370078, "structure_id": "Wi_16"}, {"parent_Field": null, "parent_Choice_Field": "Chf_10", "parent_ChoiceGroup": "Chgp_4", "w": 25, "h": 25, "y": 1068.0440944881889, "x": 108.32755905511812, "structure_id": "Wi_17"}, {"parent_Field": null, "parent_Choice_Field": "Chf_11", "parent_ChoiceGroup": "Chgp_4", "w": 25, "h": 25, "y": 1068.0440944881889, "x": 224.99685039370078, "structure_id": "Wi_18"}, {"parent_Field": "Fi_5", "parent_Choice_Field": null, "parent_ChoiceGroup": null, "w": 1033.3307086614175, "h": 33.33070866141732, "y": 733.3307086614174, "x": 550, "structure_id": "Wi_19"}, {"parent_Field": "Fi_6", "parent_Choice_Field": null, "parent_ChoiceGroup": null, "w": 633.3307086614174, "h": 33.338582677165356, "y": 883.3307086614174, "x": 950, "structure_id": "Wi_20"}, {"parent_Field": null, "parent_Choice_Field": "Chf_12", "parent_ChoiceGroup": "Chgp_5", "w": 25, "h": 25, "y": 701.3834645669292, "x": 108.32755905511812, "structure_id": "Wi_21"}, {"parent_Field": null, "parent_Choice_Field": "Chf_13", "parent_ChoiceGroup": "Chgp_5", "w": 25, "h": 25, "y": 701.3834645669292, "x": 224.99685039370078, "structure_id": "Wi_22"}, {"parent_Field": null, "parent_Choice_Field": "Chf_14", "parent_ChoiceGroup": "Chgp_6", "w": 25, "h": 25, "y": 1001.3834645669291, "x": 108.32755905511812, "structure_id": "Wi_23"}, {"parent_Field": null, "parent_Choice_Field": "Chf_15", "parent_ChoiceGroup": "Chgp_6", "w": 25, "h": 25, "y": 1001.3834645669291, "x": 224.99685039370078, "structure_id": "Wi_24"}, {"parent_Field": "Fi_7", "parent_Choice_Field": null, "parent_ChoiceGroup": null, "w": 633.3307086614174, "h": 33.33070866141732, "y": 1366.6692913385828, "x": 950, "structure_id": "Wi_25"}, {"parent_Field": "Fi_8", "parent_Choice_Field": null, "parent_ChoiceGroup": null, "w": 1016.6614173228348, "h": 33.33070866141732, "y": 1216.6614173228347, "x": 566.6692913385828, "structure_id": "Wi_26"}, {"parent_Field": null, "parent_Choice_Field": "Chf_16", "parent_ChoiceGroup": "Chgp_7", "w": 25, "h": 25, "y": 1184.7141732283465, "x": 108.32755905511812, "structure_id": "Wi_27"}, {"parent_Field": null, "parent_Choice_Field": "Chf_17", "parent_ChoiceGroup": "Chgp_7", "w": 25, "h": 25, "y": 1184.7141732283465, "x": 224.99685039370078, "structure_id": "Wi_28"}, {"parent_Field": null, "parent_Choice_Field": "Chf_18", "parent_ChoiceGroup": "Chgp_8", "w": 25, "h": 25, "y": 1334.7220472440945, "x": 108.32755905511812, "structure_id": "Wi_29"}, {"parent_Field": null, "parent_Choice_Field": "Chf_19", "parent_ChoiceGroup": "Chgp_8", "w": 25, "h": 25, "y": 1334.7220472440945, "x": 224.99685039370078, "structure_id": "Wi_30"}, {"parent_Field": null, "parent_Choice_Field": "Chf_20", "parent_ChoiceGroup": "Chgp_9", "w": 25, "h": 25, "y": 1801.3834645669292, "x": 158.32755905511812, "structure_id": "Wi_31"}, {"parent_Field": null, "parent_Choice_Field": "Chf_21", "parent_ChoiceGroup": "Chgp_9", "w": 25, "h": 25, "y": 1834.7220472440945, "x": 158.32755905511812, "structure_id": "Wi_32"}, {"parent_Field": "Fi_9", "parent_Choice_Field": null, "parent_ChoiceGroup": null, "w": 716.6614173228347, "h": 33.33070866141732, "y": 1999.992125984252, "x": 866.6692913385826, "structure_id": "Wi_33"}, {"parent_Field": "Fi_10", "parent_Choice_Field": null, "parent_ChoiceGroup": null, "w": 716.6614173228347, "h": 33.33070866141732, "y": 1916.6692913385828, "x": 866.6692913385826, "structure_id": "Wi_34"}, {"parent_Field": "Fi_11", "parent_Choice_Field": null, "parent_ChoiceGroup": null, "w": 1433.3307086614172, "h": 33.33070866141732, "y": 1683.3307086614172, "x": 150, "structure_id": "Wi_35"}, {"parent_Field": null, "parent_Choice_Field": "Chf_22", "parent_ChoiceGroup": "Chgp_10", "w": 25, "h": 25, "y": 1568.0527559055117, "x": 108.32755905511812, "structure_id": "Wi_36"}, {"parent_Field": null, "parent_Choice_Field": "Chf_23", "parent_ChoiceGroup": "Chgp_10", "w": 25, "h": 25, "y": 1618.0614173228346, "x": 108.32755905511812, "structure_id": "Wi_37"}, {"parent_Field": null, "parent_Choice_Field": "Chf_24", "parent_ChoiceGroup": "Chgp_10", "w": 25, "h": 25, "y": 1734.7220472440945, "x": 108.32755905511812, "structure_id": "Wi_38"}, {"parent_Field": null, "parent_Choice_Field": "Chf_25", "parent_ChoiceGroup": "Chgp_10", "w": 25, "h": 25, "y": 1884.7220472440947, "x": 108.32755905511812, "structure_id": "Wi_39"}, {"parent_Field": null, "parent_Choice_Field": "Chf_26", "parent_ChoiceGroup": "Chgp_10", "w": 25, "h": 25, "y": 1968.052755905512, "x": 108.32755905511812, "structure_id": "Wi_40"}, {"parent_Field": null, "parent_Choice_Field": "Chf_27", "parent_ChoiceGroup": "Chgp_10", "w": 25, "h": 25, "y": 2051.3834645669294, "x": 108.32755905511812, "structure_id": "Wi_41"}, {"parent_Field": null, "parent_Choice_Field": "Chf_27", "parent_ChoiceGroup": "Chgp_10", "w": 1283.3307086614175, "h": 59.23622047244094, "y": 2049.992125984252, "x": 300, "structure_id": "Wi_42"}, {"parent_Field": null, "parent_Choice_Field": "Chf_28", "parent_ChoiceGroup": "Chgp_11", "w": 25, "h": 25, "y": 1501.3748031496064, "x": 108.32755905511812, "structure_id": "Wi_43"}, {"parent_Field": null, "parent_Choice_Field": "Chf_29", "parent_ChoiceGroup": "Chgp_11", "w": 25, "h": 25, "y": 1501.3748031496064, "x": 224.99685039370078, "structure_id": "Wi_44"}], "TextBlock": [{"parent_Field": "Fi_1", "parent_Choice_Field": null, "parent_ChoiceGroup": null, "w": 416, "h": 20, "y": 71, "x": 85, "structure_id": "Tb_1"}, {"parent_Field": null, "parent_Choice_Field": null, "parent_ChoiceGroup": null, "w": 682, "h": 25, "y": 106, "x": 512, "structure_id": "Tb_2"}, {"parent_Field": "Fi_2", "parent_Choice_Field": null, "parent_ChoiceGroup": null, "w": 709, "h": 19, "y": 524, "x": 150, "structure_id": "Tb_3"}, {"parent_Field": "Fi_3", "parent_Choice_Field": null, "parent_ChoiceGroup": null, "w": 633, "h": 19, "y": 357, "x": 150, "structure_id": "Tb_4"}, {"parent_Field": "Fi_4", "parent_Choice_Field": null, "parent_ChoiceGroup": null, "w": 709, "h": 20, "y": 440, "x": 150, "structure_id": "Tb_5"}, {"parent_Field": null, "parent_Choice_Field": null, "parent_ChoiceGroup": "Chgp_1", "w": 413, "h": 19, "y": 207, "x": 150, "structure_id": "Tb_6"}, {"parent_Field": null, "parent_Choice_Field": "Chf_1", "parent_ChoiceGroup": "Chgp_1", "w": 126, "h": 20, "y": 240, "x": 200, "structure_id": "Tb_7"}, {"parent_Field": null, "parent_Choice_Field": "Chf_2", "parent_ChoiceGroup": "Chgp_1", "w": 99, "h": 19, "y": 274, "x": 200, "structure_id": "Tb_8"}, {"parent_Field": null, "parent_Choice_Field": null, "parent_ChoiceGroup": "Chgp_2", "w": 1360, "h": 22, "y": 139, "x": 94, "structure_id": "Tb_9"}, {"parent_Field": null, "parent_Choice_Field": "Chf_3", "parent_ChoiceGroup": "Chgp_2", "w": 126, "h": 19, "y": 174, "x": 150, "structure_id": "Tb_10"}, {"parent_Field": null, "parent_Choice_Field": "Chf_4", "parent_ChoiceGroup": "Chgp_2", "w": 79, "h": 19, "y": 324, "x": 150, "structure_id": "Tb_11"}, {"parent_Field": null, "parent_Choice_Field": "Chf_5", "parent_ChoiceGroup": "Chgp_2", "w": 299, "h": 19, "y": 407, "x": 150, "structure_id": "Tb_12"}, {"parent_Field": null, "parent_Choice_Field": "Chf_6", "parent_ChoiceGroup": "Chgp_2", "w": 298, "h": 20, "y": 490, "x": 150, "structure_id": "Tb_13"}, {"parent_Field": null, "parent_Choice_Field": "Chf_7", "parent_ChoiceGroup": "Chgp_2", "w": 138, "h": 19, "y": 574, "x": 150, "structure_id": "Tb_14"}, {"parent_Field": null, "parent_Choice_Field": null, "parent_ChoiceGroup": null, "w": 416, "h": 22, "y": 640, "x": 642, "structure_id": "Tb_15"}, {"parent_Field": null, "parent_Choice_Field": null, "parent_ChoiceGroup": "Chgp_3", "w": 1428, "h": 46, "y": 794, "x": 94, "structure_id": "Tb_16"}, {"parent_Field": null, "parent_Choice_Field": "Chf_8", "parent_ChoiceGroup": "Chgp_3", "w": 39, "h": 19, "y": 857, "x": 150, "structure_id": "Tb_17"}, {"parent_Field": null, "parent_Choice_Field": "Chf_9", "parent_ChoiceGroup": "Chgp_3", "w": 29, "h": 19, "y": 857, "x": 267, "structure_id": "Tb_18"}, {"parent_Field": null, "parent_Choice_Field": null, "parent_ChoiceGroup": "Chgp_4", "w": 1198, "h": 22, "y": 1039, "x": 100, "structure_id": "Tb_19"}, {"parent_Field": null, "parent_Choice_Field": "Chf_10", "parent_ChoiceGroup": "Chgp_4", "w": 39, "h": 19, "y": 1074, "x": 150, "structure_id": "Tb_20"}, {"parent_Field": null, "parent_Choice_Field": "Chf_11", "parent_ChoiceGroup": "Chgp_4", "w": 29, "h": 19, "y": 1074, "x": 267, "structure_id": "Tb_21"}, {"parent_Field": "Fi_5", "parent_Choice_Field": null, "parent_ChoiceGroup": null, "w": 429, "h": 23, "y": 744, "x": 100, "structure_id": "Tb_22"}, {"parent_Field": null, "parent_Choice_Field": null, "parent_ChoiceGroup": null, "w": 308, "h": 22, "y": 706, "x": 317, "structure_id": "Tb_23"}, {"parent_Field": "Fi_6", "parent_Choice_Field": null, "parent_ChoiceGroup": null, "w": 829, "h": 23, "y": 894, "x": 100, "structure_id": "Tb_24"}, {"parent_Field": null, "parent_Choice_Field": null, "parent_ChoiceGroup": "Chgp_5", "w": 547, "h": 19, "y": 674, "x": 94, "structure_id": "Tb_25"}, {"parent_Field": null, "parent_Choice_Field": "Chf_12", "parent_ChoiceGroup": "Chgp_5", "w": 39, "h": 19, "y": 707, "x": 150, "structure_id": "Tb_26"}, {"parent_Field": null, "parent_Choice_Field": "Chf_13", "parent_ChoiceGroup": "Chgp_5", "w": 29, "h": 19, "y": 707, "x": 267, "structure_id": "Tb_27"}, {"parent_Field": null, "parent_Choice_Field": null, "parent_ChoiceGroup": "Chgp_6", "w": 1366, "h": 45, "y": 944, "x": 94, "structure_id": "Tb_28"}, {"parent_Field": null, "parent_Choice_Field": "Chf_14", "parent_ChoiceGroup": "Chgp_6", "w": 39, "h": 19, "y": 1007, "x": 150, "structure_id": "Tb_29"}, {"parent_Field": null, "parent_Choice_Field": "Chf_15", "parent_ChoiceGroup": "Chgp_6", "w": 29, "h": 19, "y": 1007, "x": 267, "structure_id": "Tb_30"}, {"parent_Field": null, "parent_Choice_Field": null, "parent_ChoiceGroup": null, "w": 468, "h": 22, "y": 1124, "x": 616, "structure_id": "Tb_31"}, {"parent_Field": "Fi_7", "parent_Choice_Field": null, "parent_ChoiceGroup": null, "w": 829, "h": 22, "y": 1378, "x": 100, "structure_id": "Tb_32"}, {"parent_Field": "Fi_8", "parent_Choice_Field": null, "parent_ChoiceGroup": null, "w": 456, "h": 22, "y": 1228, "x": 100, "structure_id": "Tb_33"}, {"parent_Field": null, "parent_Choice_Field": null, "parent_ChoiceGroup": null, "w": 648, "h": 22, "y": 1189, "x": 317, "structure_id": "Tb_34"}, {"parent_Field": null, "parent_Choice_Field": null, "parent_ChoiceGroup": "Chgp_7", "w": 583, "h": 19, "y": 1157, "x": 94, "structure_id": "Tb_35"}, {"parent_Field": null, "parent_Choice_Field": "Chf_16", "parent_ChoiceGroup": "Chgp_7", "w": 39, "h": 20, "y": 1190, "x": 150, "structure_id": "Tb_36"}, {"parent_Field": null, "parent_Choice_Field": "Chf_17", "parent_ChoiceGroup": "Chgp_7", "w": 29, "h": 20, "y": 1190, "x": 267, "structure_id": "Tb_37"}, {"parent_Field": null, "parent_Choice_Field": null, "parent_ChoiceGroup": "Chgp_8", "w": 1464, "h": 46, "y": 1277, "x": 94, "structure_id": "Tb_38"}, {"parent_Field": null, "parent_Choice_Field": "Chf_18", "parent_ChoiceGroup": "Chgp_8", "w": 39, "h": 20, "y": 1340, "x": 150, "structure_id": "Tb_39"}, {"parent_Field": null, "parent_Choice_Field": "Chf_19", "parent_ChoiceGroup": "Chgp_8", "w": 29, "h": 20, "y": 1340, "x": 267, "structure_id": "Tb_40"}, {"parent_Field": null, "parent_Choice_Field": null, "parent_ChoiceGroup": null, "w": 628, "h": 22, "y": 1440, "x": 536, "structure_id": "Tb_41"}, {"parent_Field": null, "parent_Choice_Field": null, "parent_ChoiceGroup": "Chgp_9", "w": 413, "h": 19, "y": 1774, "x": 150, "structure_id": "Tb_42"}, {"parent_Field": null, "parent_Choice_Field": "Chf_20", "parent_ChoiceGroup": "Chgp_9", "w": 126, "h": 19, "y": 1807, "x": 200, "structure_id": "Tb_43"}, {"parent_Field": null, "parent_Choice_Field": "Chf_21", "parent_ChoiceGroup": "Chgp_9", "w": 99, "h": 20, "y": 1840, "x": 200, "structure_id": "Tb_44"}, {"parent_Field": "Fi_9", "parent_Choice_Field": null, "parent_ChoiceGroup": null, "w": 709, "h": 19, "y": 2007, "x": 150, "structure_id": "Tb_45"}, {"parent_Field": "Fi_10", "parent_Choice_Field": null, "parent_ChoiceGroup": null, "w": 709, "h": 19, "y": 1924, "x": 150, "structure_id": "Tb_46"}, {"parent_Field": "Fi_11", "parent_Choice_Field": null, "parent_ChoiceGroup": null, "w": 873, "h": 19, "y": 1657, "x": 150, "structure_id": "Tb_47"}, {"parent_Field": null, "parent_Choice_Field": null, "parent_ChoiceGroup": "Chgp_10", "w": 1131, "h": 22, "y": 1539, "x": 100, "structure_id": "Tb_48"}, {"parent_Field": null, "parent_Choice_Field": "Chf_22", "parent_ChoiceGroup": "Chgp_10", "w": 112, "h": 19, "y": 1574, "x": 150, "structure_id": "Tb_49"}, {"parent_Field": null, "parent_Choice_Field": "Chf_23", "parent_ChoiceGroup": "Chgp_10", "w": 203, "h": 19, "y": 1624, "x": 150, "structure_id": "Tb_50"}, {"parent_Field": null, "parent_Choice_Field": "Chf_24", "parent_ChoiceGroup": "Chgp_10", "w": 126, "h": 20, "y": 1740, "x": 150, "structure_id": "Tb_51"}, {"parent_Field": null, "parent_Choice_Field": "Chf_25", "parent_ChoiceGroup": "Chgp_10", "w": 299, "h": 20, "y": 1890, "x": 150, "structure_id": "Tb_52"}, {"parent_Field": null, "parent_Choice_Field": "Chf_26", "parent_ChoiceGroup": "Chgp_10", "w": 298, "h": 19, "y": 1974, "x": 150, "structure_id": "Tb_53"}, {"parent_Field": null, "parent_Choice_Field": "Chf_27", "parent_ChoiceGroup": "Chgp_10", "w": 138, "h": 19, "y": 2057, "x": 150, "structure_id": "Tb_54"}, {"parent_Field": null, "parent_Choice_Field": null, "parent_ChoiceGroup": "Chgp_11", "w": 1048, "h": 19, "y": 1474, "x": 94, "structure_id": "Tb_55"}, {"parent_Field": null, "parent_Choice_Field": "Chf_28", "parent_ChoiceGroup": "Chgp_11", "w": 39, "h": 19, "y": 1507, "x": 150, "structure_id": "Tb_56"}, {"parent_Field": null, "parent_Choice_Field": "Chf_29", "parent_ChoiceGroup": "Chgp_11", "w": 29, "h": 19, "y": 1507, "x": 267, "structure_id": "Tb_57"}, {"parent_Field": null, "parent_Choice_Field": null, "parent_ChoiceGroup": null, "w": 290, "h": 19, "y": 2124, "x": 83, "structure_id": "Tb_58"}, {"parent_Field": null, "parent_Choice_Field": null, "parent_ChoiceGroup": null, "w": 71, "h": 22, "y": 2128, "x": 1546, "structure_id": "Tb_59"}], "Choice_Field": [{"y": 234.7220472440945, "x": 158.32755905511812, "structure_id": "Chf_1", "w": 167.67244094488188, "h": 25.27795275590549}, {"y": 268.06141732283464, "x": 158.32755905511812, "structure_id": "Chf_2", "w": 140.67244094488188, "h": 25}, {"y": 168.0527559055118, "x": 108.32755905511812, "structure_id": "Chf_3", "w": 167.67244094488188, "h": 25}, {"y": 318.05275590551184, "x": 108.32755905511812, "structure_id": "Chf_4", "w": 120.67244094488188, "h": 25}, {"y": 401.38346456692915, "x": 108.32755905511812, "structure_id": "Chf_5", "w": 340.6724409448819, "h": 25}, {"y": 484.71417322834645, "x": 108.32755905511812, "structure_id": "Chf_6", "w": 339.6724409448819, "h": 25.285826771653547}, {"y": 566.6779527559055, "x": 108.32755905511812, "structure_id": "Chf_7", "w": 1475.0031496062993, "h": 33.30866141732281}, {"y": 851.3834645669292, "x": 108.32755905511812, "structure_id": "Chf_8", "w": 80.67244094488188, "h": 25}, {"y": 851.3834645669292, "x": 224.99685039370078, "structure_id": "Chf_9", "w": 71.00314960629922, "h": 25}, {"y": 1068.0440944881889, "x": 108.32755905511812, "structure_id": "Chf_10", "w": 80.67244094488188, "h": 25}, {"y": 1068.0440944881889, "x": 224.99685039370078, "structure_id": "Chf_11", "w": 71.00314960629922, "h": 25}, {"y": 701.3834645669292, "x": 108.32755905511812, "structure_id": "Chf_12", "w": 80.67244094488188, "h": 25}, {"y": 701.3834645669292, "x": 224.99685039370078, "structure_id": "Chf_13", "w": 71.00314960629922, "h": 25}, {"y": 1001.3834645669291, "x": 108.32755905511812, "structure_id": "Chf_14", "w": 80.67244094488188, "h": 24.999999999999886}, {"y": 1001.3834645669291, "x": 224.99685039370078, "structure_id": "Chf_15", "w": 71.00314960629922, "h": 24.999999999999886}, {"y": 1184.7141732283465, "x": 108.32755905511812, "structure_id": "Chf_16", "w": 80.67244094488188, "h": 25.285826771653547}, {"y": 1184.7141732283465, "x": 224.99685039370078, "structure_id": "Chf_17", "w": 71.00314960629922, "h": 25.285826771653547}, {"y": 1334.7220472440945, "x": 108.32755905511812, "structure_id": "Chf_18", "w": 80.67244094488188, "h": 25.277952755905517}, {"y": 1334.7220472440945, "x": 224.99685039370078, "structure_id": "Chf_19", "w": 71.00314960629922, "h": 25.277952755905517}, {"y": 1801.3834645669292, "x": 158.32755905511812, "structure_id": "Chf_20", "w": 167.67244094488188, "h": 25}, {"y": 1834.7220472440945, "x": 158.32755905511812, "structure_id": "Chf_21", "w": 140.67244094488188, "h": 25.277952755905517}, {"y": 1568.0527559055117, "x": 108.32755905511812, "structure_id": "Chf_22", "w": 153.67244094488188, "h": 25}, {"y": 1618.0614173228346, "x": 108.32755905511812, "structure_id": "Chf_23", "w": 244.67244094488188, "h": 25}, {"y": 1734.7220472440945, "x": 108.32755905511812, "structure_id": "Chf_24", "w": 167.67244094488188, "h": 25.277952755905517}, {"y": 1884.7220472440947, "x": 108.32755905511812, "structure_id": "Chf_25", "w": 340.6724409448819, "h": 25.27795275590529}, {"y": 1968.052755905512, "x": 108.32755905511812, "structure_id": "Chf_26", "w": 339.6724409448819, "h": 25}, {"y": 2049.992125984252, "x": 108.32755905511812, "structure_id": "Chf_27", "w": 1475.0031496062993, "h": 59.23622047244089}, {"y": 1501.3748031496064, "x": 108.32755905511812, "structure_id": "Chf_28", "w": 80.67244094488188, "h": 25}, {"y": 1501.3748031496064, "x": 224.99685039370078, "structure_id": "Chf_29", "w": 71.00314960629922, "h": 25}], "Field": [{"y": 50, "x": 85, "structure_id": "Fi_1", "w": 942.5330708661418, "h": 46.833070866141725}, {"y": 516.6692913385828, "x": 150, "structure_id": "Fi_2", "w": 1433.3307086614172, "h": 33.33070866141736}, {"y": 350.00787401574803, "x": 150, "structure_id": "Fi_3", "w": 1433.3307086614172, "h": 33.330708661417304}, {"y": 433.33858267716533, "x": 150, "structure_id": "Fi_4", "w": 1433.3307086614175, "h": 33.330708661417304}, {"y": 733.3307086614174, "x": 100, "structure_id": "Fi_5", "w": 1483.3307086614175, "h": 33.66929133858264}, {"y": 883.3307086614174, "x": 100, "structure_id": "Fi_6", "w": 1483.3307086614172, "h": 33.66929133858264}, {"y": 1366.6692913385828, "x": 100, "structure_id": "Fi_7", "w": 1483.3307086614172, "h": 33.33070866141725}, {"y": 1216.6614173228347, "x": 100, "structure_id": "Fi_8", "w": 1483.3307086614177, "h": 33.33858267716528}, {"y": 1999.992125984252, "x": 150, "structure_id": "Fi_9", "w": 1433.3307086614172, "h": 33.33070866141725}, {"y": 1916.6692913385828, "x": 150, "structure_id": "Fi_10", "w": 1433.3307086614172, "h": 33.33070866141725}, {"y": 1657, "x": 150, "structure_id": "Fi_11", "w": 1433.3307086614172, "h": 59.661417322834495}], "TextRun": [{"parent_TextBlock": "Tb_1", "text": "PATIENT/VETERAN'S SOCIAL SECURITY NO.", "parent_Field": "Fi_1", "parent_Choice_Field": null, "parent_ChoiceGroup": null, "w": 416, "h": 20, "y": 71, "x": 85, "structure_id": "Tr_1"}, {"parent_TextBlock": "Tb_2", "text": "SECTION IV - URINARY TRACT/KIDNEY INFECTION", "parent_Field": null, "parent_Choice_Field": null, "parent_ChoiceGroup": null, "w": 551, "h": 22, "y": 108, "x": 512, "structure_id": "Tr_2"}, {"parent_TextBlock": "Tb_2", "text": "(Continued)", "parent_Field": null, "parent_Choice_Field": null, "parent_ChoiceGroup": null, "w": 131, "h": 25, "y": 106, "x": 1063, "structure_id": "Tr_3"}, {"parent_TextBlock": "Tb_3", "text": "If checked, indicate types of treatment and medications used over past 12 months:", "parent_Field": "Fi_2", "parent_Choice_Field": null, "parent_ChoiceGroup": null, "w": 709, "h": 19, "y": 524, "x": 150, "structure_id": "Tr_4"}, {"parent_TextBlock": "Tb_4", "text": "If checked, indicate dates when drainage performed over past 12 months:", "parent_Field": "Fi_3", "parent_Choice_Field": null, "parent_ChoiceGroup": null, "w": 633, "h": 19, "y": 357, "x": 150, "structure_id": "Tr_5"}, {"parent_TextBlock": "Tb_5", "text": "If checked, indicate types of treatment and medications used over past 12 months:", "parent_Field": "Fi_4", "parent_Choice_Field": null, "parent_ChoiceGroup": null, "w": 709, "h": 20, "y": 440, "x": 150, "structure_id": "Tr_6"}, {"parent_TextBlock": "Tb_6", "text": "If checked, indicate frequency of hospitalization:", "parent_Field": null, "parent_Choice_Field": null, "parent_ChoiceGroup": "Chgp_1", "w": 413, "h": 19, "y": 207, "x": 150, "structure_id": "Tr_7"}, {"parent_TextBlock": "Tb_7", "text": "1 or 2 per year", "parent_Field": null, "parent_Choice_Field": "Chf_1", "parent_ChoiceGroup": "Chgp_1", "w": 126, "h": 20, "y": 240, "x": 200, "structure_id": "Tr_8"}, {"parent_TextBlock": "Tb_8", "text": ">2 per year", "parent_Field": null, "parent_Choice_Field": "Chf_2", "parent_ChoiceGroup": "Chgp_1", "w": 99, "h": 19, "y": 274, "x": 200, "structure_id": "Tr_9"}, {"parent_TextBlock": "Tb_9", "text": "4B. INDICATE ALL TREATMENT MODALITIES USED FOR RECURRENT URINARY TRACT OR KIDNEY INFECTIONS", "parent_Field": null, "parent_Choice_Field": null, "parent_ChoiceGroup": "Chgp_2", "w": 1051, "h": 19, "y": 141, "x": 94, "structure_id": "Tr_10"}, {"parent_TextBlock": "Tb_9", "text": "(check all that apply) (Continued):", "parent_Field": null, "parent_Choice_Field": null, "parent_ChoiceGroup": "Chgp_2", "w": 309, "h": 22, "y": 139, "x": 1145, "structure_id": "Tr_11"}, {"parent_TextBlock": "Tb_10", "text": "Hospitalization", "parent_Field": null, "parent_Choice_Field": "Chf_3", "parent_ChoiceGroup": "Chgp_2", "w": 126, "h": 19, "y": 174, "x": 150, "structure_id": "Tr_12"}, {"parent_TextBlock": "Tb_11", "text": "Drainage", "parent_Field": null, "parent_Choice_Field": "Chf_4", "parent_ChoiceGroup": "Chgp_2", "w": 79, "h": 19, "y": 324, "x": 150, "structure_id": "Tr_13"}, {"parent_TextBlock": "Tb_12", "text": "Continuous intensive management", "parent_Field": null, "parent_Choice_Field": "Chf_5", "parent_ChoiceGroup": "Chgp_2", "w": 299, "h": 19, "y": 407, "x": 150, "structure_id": "Tr_14"}, {"parent_TextBlock": "Tb_13", "text": "Intermittent intensive management", "parent_Field": null, "parent_Choice_Field": "Chf_6", "parent_ChoiceGroup": "Chgp_2", "w": 298, "h": 20, "y": 490, "x": 150, "structure_id": "Tr_15"}, {"parent_TextBlock": "Tb_14", "text": "Other, describe:", "parent_Field": null, "parent_Choice_Field": "Chf_7", "parent_ChoiceGroup": "Chgp_2", "w": 138, "h": 19, "y": 574, "x": 150, "structure_id": "Tr_16"}, {"parent_TextBlock": "Tb_15", "text": "SECTION V - ERECTILE DYSFUNCTION", "parent_Field": null, "parent_Choice_Field": null, "parent_ChoiceGroup": null, "w": 416, "h": 22, "y": 640, "x": 642, "structure_id": "Tr_17"}, {"parent_TextBlock": "Tb_16", "text": "5B. IF THE VETERAN HAS ERECTILE DYSFUNCTION, IS IT AS LIKELY AS NOT", "parent_Field": null, "parent_Choice_Field": null, "parent_ChoiceGroup": "Chgp_3", "w": 723, "h": 19, "y": 796, "x": 94, "structure_id": "Tr_18"}, {"parent_TextBlock": "Tb_16", "text": "(at least a 50% probability)", "parent_Field": null, "parent_Choice_Field": null, "parent_ChoiceGroup": "Chgp_3", "w": 247, "h": 22, "y": 794, "x": 817, "structure_id": "Tr_19"}, {"parent_TextBlock": "Tb_16", "text": "ATTRIBUTABLE TO ONE OF THE DIAGNOSES IN", "parent_Field": null, "parent_Choice_Field": null, "parent_ChoiceGroup": "Chgp_3", "w": 458, "h": 19, "y": 796, "x": 1064, "structure_id": "Tr_20"}, {"parent_TextBlock": "Tb_16", "text": "SECTION I, INCLUDING RESIDUALS OF TREATMENT FOR THIS DIAGNOSIS?", "parent_Field": null, "parent_Choice_Field": null, "parent_ChoiceGroup": "Chgp_3", "w": 707, "h": 20, "y": 820, "x": 131, "structure_id": "Tr_21"}, {"parent_TextBlock": "Tb_17", "text": "YES", "parent_Field": null, "parent_Choice_Field": "Chf_8", "parent_ChoiceGroup": "Chgp_3", "w": 39, "h": 19, "y": 857, "x": 150, "structure_id": "Tr_22"}, {"parent_TextBlock": "Tb_18", "text": "NO", "parent_Field": null, "parent_Choice_Field": "Chf_9", "parent_ChoiceGroup": "Chgp_3", "w": 29, "h": 19, "y": 857, "x": 267, "structure_id": "Tr_23"}, {"parent_TextBlock": "Tb_19", "text": "IF NO, IS THE VETERAN ABLE TO ACHIEVE AN ERECTION SUFFICIENT FOR PENETRATION AND EJACULATION", "parent_Field": null, "parent_Choice_Field": null, "parent_ChoiceGroup": "Chgp_4", "w": 1040, "h": 19, "y": 1041, "x": 100, "structure_id": "Tr_24"}, {"parent_TextBlock": "Tb_19", "text": "(with medication)", "parent_Field": null, "parent_Choice_Field": null, "parent_ChoiceGroup": "Chgp_4", "w": 158, "h": 22, "y": 1039, "x": 1140, "structure_id": "Tr_25"}, {"parent_TextBlock": "Tb_20", "text": "YES", "parent_Field": null, "parent_Choice_Field": "Chf_10", "parent_ChoiceGroup": "Chgp_4", "w": 39, "h": 19, "y": 1074, "x": 150, "structure_id": "Tr_26"}, {"parent_TextBlock": "Tb_21", "text": "NO", "parent_Field": null, "parent_Choice_Field": "Chf_11", "parent_ChoiceGroup": "Chgp_4", "w": 29, "h": 19, "y": 1074, "x": 267, "structure_id": "Tr_27"}, {"parent_TextBlock": "Tb_22", "text": "(If yes, provide etiology of erectile dysfunction):", "parent_Field": "Fi_5", "parent_Choice_Field": null, "parent_ChoiceGroup": null, "w": 429, "h": 23, "y": 744, "x": 100, "structure_id": "Tr_28"}, {"parent_TextBlock": "Tb_23", "text": "(If yes, complete Items 5B and 5C)", "parent_Field": null, "parent_Choice_Field": null, "parent_ChoiceGroup": null, "w": 308, "h": 22, "y": 706, "x": 317, "structure_id": "Tr_29"}, {"parent_TextBlock": "Tb_24", "text": "(If yes, specify the diagnosis to which the erectile dysfunction is as likely as not attributable):", "parent_Field": "Fi_6", "parent_Choice_Field": null, "parent_ChoiceGroup": null, "w": 829, "h": 23, "y": 894, "x": 100, "structure_id": "Tr_30"}, {"parent_TextBlock": "Tb_25", "text": "5A. DOES THE VETERAN HAVE ERECTILE DYSFUNCTION?", "parent_Field": null, "parent_Choice_Field": null, "parent_ChoiceGroup": "Chgp_5", "w": 547, "h": 19, "y": 674, "x": 94, "structure_id": "Tr_31"}, {"parent_TextBlock": "Tb_26", "text": "YES", "parent_Field": null, "parent_Choice_Field": "Chf_12", "parent_ChoiceGroup": "Chgp_5", "w": 39, "h": 19, "y": 707, "x": 150, "structure_id": "Tr_32"}, {"parent_TextBlock": "Tb_27", "text": "NO", "parent_Field": null, "parent_Choice_Field": "Chf_13", "parent_ChoiceGroup": "Chgp_5", "w": 29, "h": 19, "y": 707, "x": 267, "structure_id": "Tr_33"}, {"parent_TextBlock": "Tb_28", "text": "5C. IF THE VETERAN HAS ERECTILE DYSFUNCTION, IS HE ABLE TO ACHIEVE AN ERECTION SUFFICIENT FOR PENETRATION AND EJACULATION", "parent_Field": null, "parent_Choice_Field": null, "parent_ChoiceGroup": "Chgp_6", "w": 1366, "h": 19, "y": 944, "x": 94, "structure_id": "Tr_34"}, {"parent_TextBlock": "Tb_28", "text": "(without medication)?", "parent_Field": null, "parent_Choice_Field": null, "parent_ChoiceGroup": "Chgp_6", "w": 196, "h": 22, "y": 967, "x": 131, "structure_id": "Tr_35"}, {"parent_TextBlock": "Tb_29", "text": "YES", "parent_Field": null, "parent_Choice_Field": "Chf_14", "parent_ChoiceGroup": "Chgp_6", "w": 39, "h": 19, "y": 1007, "x": 150, "structure_id": "Tr_36"}, {"parent_TextBlock": "Tb_30", "text": "NO", "parent_Field": null, "parent_Choice_Field": "Chf_15", "parent_ChoiceGroup": "Chgp_6", "w": 29, "h": 19, "y": 1007, "x": 267, "structure_id": "Tr_37"}, {"parent_TextBlock": "Tb_31", "text": "SECTION VI - RETROGRADE EJACULATION", "parent_Field": null, "parent_Choice_Field": null, "parent_ChoiceGroup": null, "w": 468, "h": 22, "y": 1124, "x": 616, "structure_id": "Tr_38"}, {"parent_TextBlock": "Tb_32", "text": "(If yes, specify the diagnosis to which the erectile dysfunction is as likely as not attributable):", "parent_Field": "Fi_7", "parent_Choice_Field": null, "parent_ChoiceGroup": null, "w": 829, "h": 22, "y": 1378, "x": 100, "structure_id": "Tr_39"}, {"parent_TextBlock": "Tb_33", "text": "(If yes, provide etiology of retrograde ejaculation):", "parent_Field": "Fi_8", "parent_Choice_Field": null, "parent_ChoiceGroup": null, "w": 456, "h": 22, "y": 1228, "x": 100, "structure_id": "Tr_40"}, {"parent_TextBlock": "Tb_34", "text": "(If yes, complete Item 6B and provide etiology of retrograde ejaculation)", "parent_Field": null, "parent_Choice_Field": null, "parent_ChoiceGroup": null, "w": 648, "h": 22, "y": 1189, "x": 317, "structure_id": "Tr_41"}, {"parent_TextBlock": "Tb_35", "text": "6A. DOES THE VETERAN HAVE RETROGRADE EJACULATION?", "parent_Field": null, "parent_Choice_Field": null, "parent_ChoiceGroup": "Chgp_7", "w": 583, "h": 19, "y": 1157, "x": 94, "structure_id": "Tr_42"}, {"parent_TextBlock": "Tb_36", "text": "YES", "parent_Field": null, "parent_Choice_Field": "Chf_16", "parent_ChoiceGroup": "Chgp_7", "w": 39, "h": 20, "y": 1190, "x": 150, "structure_id": "Tr_43"}, {"parent_TextBlock": "Tb_37", "text": "NO", "parent_Field": null, "parent_Choice_Field": "Chf_17", "parent_ChoiceGroup": "Chgp_7", "w": 29, "h": 20, "y": 1190, "x": 267, "structure_id": "Tr_44"}, {"parent_TextBlock": "Tb_38", "text": "6B. IF THE VETERAN HAS RETROGRADE EJACULATION, IS IT AS LIKELY AS NOT", "parent_Field": null, "parent_Choice_Field": null, "parent_ChoiceGroup": "Chgp_8", "w": 759, "h": 19, "y": 1279, "x": 94, "structure_id": "Tr_45"}, {"parent_TextBlock": "Tb_38", "text": "(at least a 50% probability)", "parent_Field": null, "parent_Choice_Field": null, "parent_ChoiceGroup": "Chgp_8", "w": 252, "h": 22, "y": 1277, "x": 853, "structure_id": "Tr_46"}, {"parent_TextBlock": "Tb_38", "text": "ATTRIBUTABLE TO ONE OF THE DIAGNOSES IN", "parent_Field": null, "parent_Choice_Field": null, "parent_ChoiceGroup": "Chgp_8", "w": 453, "h": 19, "y": 1279, "x": 1105, "structure_id": "Tr_47"}, {"parent_TextBlock": "Tb_38", "text": "SECTION I, INCLUDING RESIDUALS OF TREATMENT FOR THIS DIAGNOSIS?", "parent_Field": null, "parent_Choice_Field": null, "parent_ChoiceGroup": "Chgp_8", "w": 707, "h": 19, "y": 1304, "x": 128, "structure_id": "Tr_48"}, {"parent_TextBlock": "Tb_39", "text": "YES", "parent_Field": null, "parent_Choice_Field": "Chf_18", "parent_ChoiceGroup": "Chgp_8", "w": 39, "h": 20, "y": 1340, "x": 150, "structure_id": "Tr_49"}, {"parent_TextBlock": "Tb_40", "text": "NO", "parent_Field": null, "parent_Choice_Field": "Chf_19", "parent_ChoiceGroup": "Chgp_8", "w": 29, "h": 20, "y": 1340, "x": 267, "structure_id": "Tr_50"}, {"parent_TextBlock": "Tb_41", "text": "SECTION VII - MALE REPRODUCTIVE ORGAN INFECTIONS", "parent_Field": null, "parent_Choice_Field": null, "parent_ChoiceGroup": null, "w": 628, "h": 22, "y": 1440, "x": 536, "structure_id": "Tr_51"}, {"parent_TextBlock": "Tb_42", "text": "If checked, indicate frequency of hospitalization:", "parent_Field": null, "parent_Choice_Field": null, "parent_ChoiceGroup": "Chgp_9", "w": 413, "h": 19, "y": 1774, "x": 150, "structure_id": "Tr_52"}, {"parent_TextBlock": "Tb_43", "text": "1 or 2 per year", "parent_Field": null, "parent_Choice_Field": "Chf_20", "parent_ChoiceGroup": "Chgp_9", "w": 126, "h": 19, "y": 1807, "x": 200, "structure_id": "Tr_53"}, {"parent_TextBlock": "Tb_44", "text": ">2 per year", "parent_Field": null, "parent_Choice_Field": "Chf_21", "parent_ChoiceGroup": "Chgp_9", "w": 99, "h": 20, "y": 1840, "x": 200, "structure_id": "Tr_54"}, {"parent_TextBlock": "Tb_45", "text": "If checked, indicate types of treatment and medications used over past 12 months:", "parent_Field": "Fi_9", "parent_Choice_Field": null, "parent_ChoiceGroup": null, "w": 709, "h": 19, "y": 2007, "x": 150, "structure_id": "Tr_55"}, {"parent_TextBlock": "Tb_46", "text": "If checked, indicate types of treatment and medications used over past 12 months:", "parent_Field": "Fi_10", "parent_Choice_Field": null, "parent_ChoiceGroup": null, "w": 709, "h": 19, "y": 1924, "x": 150, "structure_id": "Tr_56"}, {"parent_TextBlock": "Tb_47", "text": "If checked, list medications used and indicate dates for courses of treatment over the past 12 months:", "parent_Field": "Fi_11", "parent_Choice_Field": null, "parent_ChoiceGroup": null, "w": 873, "h": 19, "y": 1657, "x": 150, "structure_id": "Tr_57"}, {"parent_TextBlock": "Tb_48", "text": "(If yes, indicate all treatment modalities used for chronic epididymitis, epididymo-orchitis or prostatitis (check all that apply)):", "parent_Field": null, "parent_Choice_Field": null, "parent_ChoiceGroup": "Chgp_10", "w": 1131, "h": 22, "y": 1539, "x": 100, "structure_id": "Tr_58"}, {"parent_TextBlock": "Tb_49", "text": "No treatment", "parent_Field": null, "parent_Choice_Field": "Chf_22", "parent_ChoiceGroup": "Chgp_10", "w": 112, "h": 19, "y": 1574, "x": 150, "structure_id": "Tr_59"}, {"parent_TextBlock": "Tb_50", "text": "Long-term drug therapy", "parent_Field": null, "parent_Choice_Field": "Chf_23", "parent_ChoiceGroup": "Chgp_10", "w": 203, "h": 19, "y": 1624, "x": 150, "structure_id": "Tr_60"}, {"parent_TextBlock": "Tb_51", "text": "Hospitalization", "parent_Field": null, "parent_Choice_Field": "Chf_24", "parent_ChoiceGroup": "Chgp_10", "w": 126, "h": 20, "y": 1740, "x": 150, "structure_id": "Tr_61"}, {"parent_TextBlock": "Tb_52", "text": "Continuous intensive management", "parent_Field": null, "parent_Choice_Field": "Chf_25", "parent_ChoiceGroup": "Chgp_10", "w": 299, "h": 20, "y": 1890, "x": 150, "structure_id": "Tr_62"}, {"parent_TextBlock": "Tb_53", "text": "Intermittent intensive management", "parent_Field": null, "parent_Choice_Field": "Chf_26", "parent_ChoiceGroup": "Chgp_10", "w": 298, "h": 19, "y": 1974, "x": 150, "structure_id": "Tr_63"}, {"parent_TextBlock": "Tb_54", "text": "Other, describe:", "parent_Field": null, "parent_Choice_Field": "Chf_27", "parent_ChoiceGroup": "Chgp_10", "w": 138, "h": 19, "y": 2057, "x": 150, "structure_id": "Tr_64"}, {"parent_TextBlock": "Tb_55", "text": "7. DOES THE VETERAN HAVE A HISTORY OF CHRONIC EPIDIDYMITIS, EPIDIDYMO-ORCHITIS OR PROSTATITIS?", "parent_Field": null, "parent_Choice_Field": null, "parent_ChoiceGroup": "Chgp_11", "w": 1048, "h": 19, "y": 1474, "x": 94, "structure_id": "Tr_65"}, {"parent_TextBlock": "Tb_56", "text": "YES", "parent_Field": null, "parent_Choice_Field": "Chf_28", "parent_ChoiceGroup": "Chgp_11", "w": 39, "h": 19, "y": 1507, "x": 150, "structure_id": "Tr_66"}, {"parent_TextBlock": "Tb_57", "text": "NO", "parent_Field": null, "parent_Choice_Field": "Chf_29", "parent_ChoiceGroup": "Chgp_11", "w": 29, "h": 19, "y": 1507, "x": 267, "structure_id": "Tr_67"}, {"parent_TextBlock": "Tb_58", "text": "VA\u00c2\u00a0FORM 21-0960J-2, FEB 2015", "parent_Field": null, "parent_Choice_Field": null, "parent_ChoiceGroup": null, "w": 290, "h": 19, "y": 2124, "x": 83, "structure_id": "Tr_68"}, {"parent_TextBlock": "Tb_59", "text": "Page 3", "parent_Field": null, "parent_Choice_Field": null, "parent_ChoiceGroup": null, "w": 71, "h": 22, "y": 2128, "x": 1546, "structure_id": "Tr_69"}], "ChoiceGroup": [{"y": 202.03125, "x": 141.00000919121874, "structure_id": "Chgp_1", "w": 428, "h": 93}, {"y": 134.03125, "x": 88, "structure_id": "Chgp_2", "w": 1500, "h": 473}, {"y": 787.03125, "x": 87, "structure_id": "Chgp_3", "w": 1500, "h": 136}, {"y": 1030.03125, "x": 88, "structure_id": "Chgp_4", "w": 1221, "h": 70}, {"y": 670.03125, "x": 88, "structure_id": "Chgp_5", "w": 1502, "h": 103}, {"y": 932.03125, "x": 81, "structure_id": "Chgp_6", "w": 1384, "h": 174}, {"y": 1148.03125, "x": 88, "structure_id": "Chgp_7", "w": 1499, "h": 108}, {"y": 1271.03125, "x": 87, "structure_id": "Chgp_8", "w": 1507, "h": 135}, {"y": 1767.0329048412982, "x": 147.00024816290494, "structure_id": "Chgp_9", "w": 422.1137239214396, "h": 95.98026289805823}, {"y": 1531.03125, "x": 91, "structure_id": "Chgp_10", "w": 1500, "h": 583}, {"y": 1468.03125, "x": 84, "structure_id": "Chgp_11", "w": 1509, "h": 651}]}