{"Widget": [{"parent_Field": null, "parent_Choice_Field": "Chf_1", "parent_ChoiceGroup": "Chgp_1", "w": 25, "h": 25, "y": 1020.8330708661417, "x": 108.33070866141733, "structure_id": "Wi_1"}, {"parent_Field": null, "parent_Choice_Field": "Chf_2", "parent_ChoiceGroup": "Chgp_1", "w": 25, "h": 25, "y": 1020.8307086614174, "x": 208.32755905511812, "structure_id": "Wi_2"}, {"parent_Field": "Fi_1", "parent_Choice_Field": null, "parent_ChoiceGroup": null, "w": 200, "h": 33.33070866141732, "y": 1450.0000000000002, "x": 333.3307086614173, "structure_id": "Wi_3"}, {"parent_Field": "Fi_2", "parent_Choice_Field": null, "parent_ChoiceGroup": null, "w": 1483.3307086614175, "h": 33.33070866141732, "y": 1533.3385826771653, "x": 100, "structure_id": "Wi_4"}, {"parent_Field": null, "parent_Choice_Field": "Chf_3", "parent_ChoiceGroup": "Chgp_2", "w": 25, "h": 25, "y": 1204.1692913385828, "x": 108.32755905511812, "structure_id": "Wi_5"}, {"parent_Field": null, "parent_Choice_Field": "Chf_4", "parent_ChoiceGroup": "Chgp_2", "w": 25, "h": 25, "y": 1237.5, "x": 108.32755905511812, "structure_id": "Wi_6"}, {"parent_Field": null, "parent_Choice_Field": "Chf_5", "parent_ChoiceGroup": "Chgp_2", "w": 25, "h": 25, "y": 1270.8385826771655, "x": 108.32755905511812, "structure_id": "Wi_7"}, {"parent_Field": null, "parent_Choice_Field": "Chf_6", "parent_ChoiceGroup": "Chgp_2", "w": 25, "h": 25, "y": 1304.1692913385828, "x": 108.32755905511812, "structure_id": "Wi_8"}, {"parent_Field": null, "parent_Choice_Field": "Chf_6", "parent_ChoiceGroup": "Chgp_2", "w": 850, "h": 33.33070866141732, "y": 1300, "x": 300, "structure_id": "Wi_9"}, {"parent_Field": null, "parent_Choice_Field": "Chf_7", "parent_ChoiceGroup": "Chgp_3", "w": 25, "h": 25, "y": 1137.5000000000002, "x": 108.32755905511812, "structure_id": "Wi_10"}, {"parent_Field": null, "parent_Choice_Field": "Chf_8", "parent_ChoiceGroup": "Chgp_3", "w": 25, "h": 25, "y": 1137.5000000000002, "x": 208.32755905511812, "structure_id": "Wi_11"}, {"parent_Field": null, "parent_Choice_Field": "Chf_9", "parent_ChoiceGroup": "Chgp_4", "w": 25, "h": 25, "y": 1404.1692913385828, "x": 108.32755905511812, "structure_id": "Wi_12"}, {"parent_Field": null, "parent_Choice_Field": "Chf_10", "parent_ChoiceGroup": "Chgp_4", "w": 25, "h": 25, "y": 1404.1692913385828, "x": 208.32755905511812, "structure_id": "Wi_13"}, {"parent_Field": "Fi_3", "parent_Choice_Field": null, "parent_ChoiceGroup": null, "w": 140.50236220472442, "h": 46.83307086614173, "y": 53.78031496062992, "x": 513.4803149606299, "structure_id": "Wi_14"}, {"parent_Field": "Fi_3", "parent_Choice_Field": null, "parent_ChoiceGroup": null, "w": 88.94488188976378, "h": 46.83307086614173, "y": 53.78031496062992, "x": 707.4976377952756, "structure_id": "Wi_15"}, {"parent_Field": "Fi_3", "parent_Choice_Field": null, "parent_ChoiceGroup": null, "w": 188.88031496062993, "h": 46.83307086614173, "y": 53.78031496062992, "x": 838.6527559055119, "structure_id": "Wi_16"}, {"parent_Field": "Fi_4", "parent_Choice_Field": null, "parent_ChoiceGroup": null, "w": 683.3307086614174, "h": 33.33070866141732, "y": 833.3385826771654, "x": 900, "structure_id": "Wi_17"}, {"parent_Field": "Fi_5", "parent_Choice_Field": null, "parent_ChoiceGroup": null, "w": 683.3307086614174, "h": 33.33070866141732, "y": 750.0000000000001, "x": 900, "structure_id": "Wi_18"}, {"parent_Field": "Fi_6", "parent_Choice_Field": null, "parent_ChoiceGroup": null, "w": 1500, "h": 33.33070866141732, "y": 283.33070866141736, "x": 100, "structure_id": "Wi_19"}, {"parent_Field": "Fi_7", "parent_Choice_Field": null, "parent_ChoiceGroup": null, "w": 883.3307086614174, "h": 33.33070866141732, "y": 466.6692913385827, "x": 150, "structure_id": "Wi_20"}, {"parent_Field": "Fi_8", "parent_Choice_Field": null, "parent_ChoiceGroup": null, "w": 716.6614173228347, "h": 33.33070866141732, "y": 666.6692913385826, "x": 866.6692913385826, "structure_id": "Wi_21"}, {"parent_Field": null, "parent_Choice_Field": "Chf_11", "parent_ChoiceGroup": "Chgp_5", "w": 25, "h": 25, "y": 170.83307086614172, "x": 108.33070866141733, "structure_id": "Wi_22"}, {"parent_Field": null, "parent_Choice_Field": "Chf_12", "parent_ChoiceGroup": "Chgp_5", "w": 25, "h": 25, "y": 170.8307086614173, "x": 208.32755905511812, "structure_id": "Wi_23"}, {"parent_Field": null, "parent_Choice_Field": "Chf_13", "parent_ChoiceGroup": "Chgp_6", "w": 25, "h": 25, "y": 587.5, "x": 158.32755905511812, "structure_id": "Wi_24"}, {"parent_Field": null, "parent_Choice_Field": "Chf_14", "parent_ChoiceGroup": "Chgp_6", "w": 25, "h": 25, "y": 587.5, "x": 358.3275590551181, "structure_id": "Wi_25"}, {"parent_Field": null, "parent_Choice_Field": "Chf_15", "parent_ChoiceGroup": "Chgp_7", "w": 25, "h": 25, "y": 354.16141732283467, "x": 108.32755905511812, "structure_id": "Wi_26"}, {"parent_Field": null, "parent_Choice_Field": "Chf_16", "parent_ChoiceGroup": "Chgp_7", "w": 25, "h": 25, "y": 404.1614173228346, "x": 108.32755905511812, "structure_id": "Wi_27"}, {"parent_Field": null, "parent_Choice_Field": "Chf_17", "parent_ChoiceGroup": "Chgp_7", "w": 25, "h": 25, "y": 520.8307086614172, "x": 108.32755905511812, "structure_id": "Wi_28"}, {"parent_Field": null, "parent_Choice_Field": "Chf_18", "parent_ChoiceGroup": "Chgp_7", "w": 25, "h": 25, "y": 637.5, "x": 108.32755905511812, "structure_id": "Wi_29"}, {"parent_Field": null, "parent_Choice_Field": "Chf_19", "parent_ChoiceGroup": "Chgp_7", "w": 25, "h": 25, "y": 720.8307086614174, "x": 108.32755905511812, "structure_id": "Wi_30"}, {"parent_Field": null, "parent_Choice_Field": "Chf_20", "parent_ChoiceGroup": "Chgp_7", "w": 25, "h": 25, "y": 804.1692913385826, "x": 108.32755905511812, "structure_id": "Wi_31"}, {"parent_Field": null, "parent_Choice_Field": "Chf_21", "parent_ChoiceGroup": "Chgp_7", "w": 25, "h": 25, "y": 887.5, "x": 108.32755905511812, "structure_id": "Wi_32"}, {"parent_Field": null, "parent_Choice_Field": "Chf_21", "parent_ChoiceGroup": "Chgp_7", "w": 1283.3307086614175, "h": 33.33070866141732, "y": 883.3385826771654, "x": 300, "structure_id": "Wi_33"}, {"parent_Field": null, "parent_Choice_Field": "Chf_22", "parent_ChoiceGroup": "Chgp_8", "w": 25, "h": 25, "y": 1670.8307086614172, "x": 108.32755905511812, "structure_id": "Wi_34"}, {"parent_Field": null, "parent_Choice_Field": "Chf_23", "parent_ChoiceGroup": "Chgp_8", "w": 25, "h": 25, "y": 1670.8307086614172, "x": 208.32755905511812, "structure_id": "Wi_35"}, {"parent_Field": null, "parent_Choice_Field": "Chf_24", "parent_ChoiceGroup": "Chgp_9", "w": 25, "h": 25, "y": 1788.1220472440946, "x": 108.32755905511812, "structure_id": "Wi_36"}, {"parent_Field": null, "parent_Choice_Field": "Chf_25", "parent_ChoiceGroup": "Chgp_9", "w": 25, "h": 25, "y": 1788.1220472440946, "x": 258.3275590551181, "structure_id": "Wi_37"}, {"parent_Field": null, "parent_Choice_Field": "Chf_26", "parent_ChoiceGroup": "Chgp_10", "w": 25, "h": 25, "y": 1904.1692913385828, "x": 108.32755905511812, "structure_id": "Wi_38"}, {"parent_Field": null, "parent_Choice_Field": "Chf_27", "parent_ChoiceGroup": "Chgp_10", "w": 25, "h": 25, "y": 1904.1692913385828, "x": 208.32755905511812, "structure_id": "Wi_39"}], "TextBlock": [{"parent_Field": null, "parent_Choice_Field": null, "parent_ChoiceGroup": null, "w": 550, "h": 22, "y": 957, "x": 575, "structure_id": "Tb_1"}, {"parent_Field": null, "parent_Choice_Field": null, "parent_ChoiceGroup": "Chgp_1", "w": 639, "h": 20, "y": 990, "x": 100, "structure_id": "Tb_2"}, {"parent_Field": null, "parent_Choice_Field": "Chf_1", "parent_ChoiceGroup": "Chgp_1", "w": 39, "h": 19, "y": 1024, "x": 150, "structure_id": "Tb_3"}, {"parent_Field": null, "parent_Choice_Field": "Chf_2", "parent_ChoiceGroup": "Chgp_1", "w": 29, "h": 19, "y": 1024, "x": 250, "structure_id": "Tb_4"}, {"parent_Field": null, "parent_Choice_Field": null, "parent_ChoiceGroup": null, "w": 318, "h": 22, "y": 1056, "x": 100, "structure_id": "Tb_5"}, {"parent_Field": "Fi_1", "parent_Choice_Field": null, "parent_ChoiceGroup": null, "w": 224, "h": 22, "y": 1456, "x": 100, "structure_id": "Tb_6"}, {"parent_Field": "Fi_2", "parent_Choice_Field": null, "parent_ChoiceGroup": null, "w": 700, "h": 19, "y": 1507, "x": 100, "structure_id": "Tb_7"}, {"parent_Field": null, "parent_Choice_Field": null, "parent_ChoiceGroup": "Chgp_2", "w": 215, "h": 22, "y": 1172, "x": 100, "structure_id": "Tb_8"}, {"parent_Field": null, "parent_Choice_Field": "Chf_3", "parent_ChoiceGroup": "Chgp_2", "w": 139, "h": 19, "y": 1207, "x": 150, "structure_id": "Tb_9"}, {"parent_Field": null, "parent_Choice_Field": "Chf_4", "parent_ChoiceGroup": "Chgp_2", "w": 130, "h": 20, "y": 1240, "x": 150, "structure_id": "Tb_10"}, {"parent_Field": null, "parent_Choice_Field": "Chf_5", "parent_ChoiceGroup": "Chgp_2", "w": 198, "h": 19, "y": 1274, "x": 150, "structure_id": "Tb_11"}, {"parent_Field": null, "parent_Choice_Field": "Chf_6", "parent_ChoiceGroup": "Chgp_2", "w": 138, "h": 19, "y": 1307, "x": 150, "structure_id": "Tb_12"}, {"parent_Field": null, "parent_Choice_Field": null, "parent_ChoiceGroup": "Chgp_3", "w": 473, "h": 19, "y": 1107, "x": 100, "structure_id": "Tb_13"}, {"parent_Field": null, "parent_Choice_Field": "Chf_7", "parent_ChoiceGroup": "Chgp_3", "w": 39, "h": 20, "y": 1140, "x": 150, "structure_id": "Tb_14"}, {"parent_Field": null, "parent_Choice_Field": "Chf_8", "parent_ChoiceGroup": "Chgp_3", "w": 29, "h": 20, "y": 1140, "x": 250, "structure_id": "Tb_15"}, {"parent_Field": null, "parent_Choice_Field": null, "parent_ChoiceGroup": "Chgp_4", "w": 505, "h": 19, "y": 1374, "x": 100, "structure_id": "Tb_16"}, {"parent_Field": null, "parent_Choice_Field": "Chf_9", "parent_ChoiceGroup": "Chgp_4", "w": 39, "h": 19, "y": 1407, "x": 150, "structure_id": "Tb_17"}, {"parent_Field": null, "parent_Choice_Field": "Chf_10", "parent_ChoiceGroup": "Chgp_4", "w": 29, "h": 19, "y": 1407, "x": 250, "structure_id": "Tb_18"}, {"parent_Field": "Fi_3", "parent_Choice_Field": null, "parent_ChoiceGroup": null, "w": 416, "h": 20, "y": 75, "x": 85, "structure_id": "Tb_19"}, {"parent_Field": null, "parent_Choice_Field": null, "parent_ChoiceGroup": null, "w": 740, "h": 22, "y": 107, "x": 480, "structure_id": "Tb_20"}, {"parent_Field": "Fi_4", "parent_Choice_Field": null, "parent_ChoiceGroup": null, "w": 741, "h": 20, "y": 840, "x": 150, "structure_id": "Tb_21"}, {"parent_Field": "Fi_5", "parent_Choice_Field": null, "parent_ChoiceGroup": null, "w": 741, "h": 19, "y": 757, "x": 150, "structure_id": "Tb_22"}, {"parent_Field": null, "parent_Choice_Field": null, "parent_ChoiceGroup": null, "w": 318, "h": 22, "y": 206, "x": 100, "structure_id": "Tb_23"}, {"parent_Field": "Fi_6", "parent_Choice_Field": null, "parent_ChoiceGroup": null, "w": 698, "h": 19, "y": 257, "x": 100, "structure_id": "Tb_24"}, {"parent_Field": "Fi_7", "parent_Choice_Field": null, "parent_ChoiceGroup": null, "w": 873, "h": 20, "y": 440, "x": 150, "structure_id": "Tb_25"}, {"parent_Field": "Fi_8", "parent_Choice_Field": null, "parent_ChoiceGroup": null, "w": 706, "h": 19, "y": 674, "x": 150, "structure_id": "Tb_26"}, {"parent_Field": null, "parent_Choice_Field": null, "parent_ChoiceGroup": "Chgp_5", "w": 1123, "h": 20, "y": 140, "x": 100, "structure_id": "Tb_27"}, {"parent_Field": null, "parent_Choice_Field": "Chf_11", "parent_ChoiceGroup": "Chgp_5", "w": 39, "h": 19, "y": 174, "x": 150, "structure_id": "Tb_28"}, {"parent_Field": null, "parent_Choice_Field": "Chf_12", "parent_ChoiceGroup": "Chgp_5", "w": 29, "h": 19, "y": 174, "x": 250, "structure_id": "Tb_29"}, {"parent_Field": null, "parent_Choice_Field": null, "parent_ChoiceGroup": "Chgp_6", "w": 413, "h": 19, "y": 557, "x": 150, "structure_id": "Tb_30"}, {"parent_Field": null, "parent_Choice_Field": "Chf_13", "parent_ChoiceGroup": "Chgp_6", "w": 126, "h": 20, "y": 590, "x": 200, "structure_id": "Tb_31"}, {"parent_Field": null, "parent_Choice_Field": "Chf_14", "parent_ChoiceGroup": "Chgp_6", "w": 180, "h": 20, "y": 590, "x": 400, "structure_id": "Tb_32"}, {"parent_Field": null, "parent_Choice_Field": null, "parent_ChoiceGroup": "Chgp_7", "w": 1248, "h": 22, "y": 322, "x": 100, "structure_id": "Tb_33"}, {"parent_Field": null, "parent_Choice_Field": "Chf_15", "parent_ChoiceGroup": "Chgp_7", "w": 112, "h": 19, "y": 357, "x": 150, "structure_id": "Tb_34"}, {"parent_Field": null, "parent_Choice_Field": "Chf_16", "parent_ChoiceGroup": "Chgp_7", "w": 203, "h": 19, "y": 407, "x": 150, "structure_id": "Tb_35"}, {"parent_Field": null, "parent_Choice_Field": "Chf_17", "parent_ChoiceGroup": "Chgp_7", "w": 126, "h": 19, "y": 524, "x": 150, "structure_id": "Tb_36"}, {"parent_Field": null, "parent_Choice_Field": "Chf_18", "parent_ChoiceGroup": "Chgp_7", "w": 79, "h": 20, "y": 640, "x": 150, "structure_id": "Tb_37"}, {"parent_Field": null, "parent_Choice_Field": "Chf_19", "parent_ChoiceGroup": "Chgp_7", "w": 299, "h": 19, "y": 724, "x": 150, "structure_id": "Tb_38"}, {"parent_Field": null, "parent_Choice_Field": "Chf_20", "parent_ChoiceGroup": "Chgp_7", "w": 298, "h": 19, "y": 807, "x": 150, "structure_id": "Tb_39"}, {"parent_Field": null, "parent_Choice_Field": "Chf_21", "parent_ChoiceGroup": "Chgp_7", "w": 138, "h": 20, "y": 890, "x": 150, "structure_id": "Tb_40"}, {"parent_Field": null, "parent_Choice_Field": null, "parent_ChoiceGroup": null, "w": 456, "h": 22, "y": 1607, "x": 622, "structure_id": "Tb_41"}, {"parent_Field": null, "parent_Choice_Field": null, "parent_ChoiceGroup": null, "w": 317, "h": 22, "y": 1706, "x": 100, "structure_id": "Tb_42"}, {"parent_Field": null, "parent_Choice_Field": null, "parent_ChoiceGroup": "Chgp_8", "w": 1459, "h": 20, "y": 1640, "x": 100, "structure_id": "Tb_43"}, {"parent_Field": null, "parent_Choice_Field": "Chf_22", "parent_ChoiceGroup": "Chgp_8", "w": 39, "h": 19, "y": 1674, "x": 150, "structure_id": "Tb_44"}, {"parent_Field": null, "parent_Choice_Field": "Chf_23", "parent_ChoiceGroup": "Chgp_8", "w": 29, "h": 19, "y": 1674, "x": 250, "structure_id": "Tb_45"}, {"parent_Field": null, "parent_Choice_Field": null, "parent_ChoiceGroup": "Chgp_9", "w": 211, "h": 19, "y": 1757, "x": 100, "structure_id": "Tb_46"}, {"parent_Field": null, "parent_Choice_Field": "Chf_24", "parent_ChoiceGroup": "Chgp_9", "w": 75, "h": 20, "y": 1790, "x": 150, "structure_id": "Tb_47"}, {"parent_Field": null, "parent_Choice_Field": "Chf_25", "parent_ChoiceGroup": "Chgp_9", "w": 113, "h": 20, "y": 1790, "x": 300, "structure_id": "Tb_48"}, {"parent_Field": null, "parent_Choice_Field": null, "parent_ChoiceGroup": "Chgp_10", "w": 1473, "h": 43, "y": 1845, "x": 100, "structure_id": "Tb_49"}, {"parent_Field": null, "parent_Choice_Field": "Chf_26", "parent_ChoiceGroup": "Chgp_10", "w": 38, "h": 19, "y": 1907, "x": 144, "structure_id": "Tb_50"}, {"parent_Field": null, "parent_Choice_Field": "Chf_27", "parent_ChoiceGroup": "Chgp_10", "w": 237, "h": 19, "y": 1907, "x": 250, "structure_id": "Tb_51"}, {"parent_Field": null, "parent_Choice_Field": null, "parent_ChoiceGroup": null, "w": 290, "h": 19, "y": 2124, "x": 83, "structure_id": "Tb_52"}, {"parent_Field": null, "parent_Choice_Field": null, "parent_ChoiceGroup": null, "w": 71, "h": 22, "y": 2122, "x": 1546, "structure_id": "Tb_53"}], "Choice_Field": [{"y": 1020.8330708661417, "x": 108.33070866141733, "structure_id": "Chf_1", "w": 80.66929133858267, "h": 25}, {"y": 1020.8307086614174, "x": 208.32755905511812, "structure_id": "Chf_2", "w": 70.67244094488188, "h": 24.999999999999886}, {"y": 1204.1692913385828, "x": 108.32755905511812, "structure_id": "Chf_3", "w": 180.67244094488188, "h": 25}, {"y": 1237.5, "x": 108.32755905511812, "structure_id": "Chf_4", "w": 171.67244094488188, "h": 25}, {"y": 1270.8385826771655, "x": 108.32755905511812, "structure_id": "Chf_5", "w": 239.67244094488188, "h": 25}, {"y": 1300, "x": 108.32755905511812, "structure_id": "Chf_6", "w": 1041.6724409448818, "h": 33.33070866141725}, {"y": 1137.5000000000002, "x": 108.32755905511812, "structure_id": "Chf_7", "w": 80.67244094488188, "h": 25}, {"y": 1137.5000000000002, "x": 208.32755905511812, "structure_id": "Chf_8", "w": 70.67244094488188, "h": 25}, {"y": 1404.1692913385828, "x": 108.32755905511812, "structure_id": "Chf_9", "w": 80.67244094488188, "h": 25}, {"y": 1404.1692913385828, "x": 208.32755905511812, "structure_id": "Chf_10", "w": 70.67244094488188, "h": 25}, {"y": 170.83307086614172, "x": 108.33070866141733, "structure_id": "Chf_11", "w": 80.66929133858267, "h": 25}, {"y": 170.8307086614173, "x": 208.32755905511812, "structure_id": "Chf_12", "w": 70.67244094488188, "h": 25}, {"y": 587.5, "x": 158.32755905511812, "structure_id": "Chf_13", "w": 167.67244094488188, "h": 25}, {"y": 587.5, "x": 358.3275590551181, "structure_id": "Chf_14", "w": 221.67244094488188, "h": 25}, {"y": 354.16141732283467, "x": 108.32755905511812, "structure_id": "Chf_15", "w": 153.67244094488188, "h": 25}, {"y": 404.1614173228346, "x": 108.32755905511812, "structure_id": "Chf_16", "w": 244.67244094488188, "h": 25}, {"y": 520.8307086614172, "x": 108.32755905511812, "structure_id": "Chf_17", "w": 167.67244094488188, "h": 25}, {"y": 637.5, "x": 108.32755905511812, "structure_id": "Chf_18", "w": 120.67244094488188, "h": 25}, {"y": 720.8307086614174, "x": 108.32755905511812, "structure_id": "Chf_19", "w": 340.6724409448819, "h": 25}, {"y": 804.1692913385826, "x": 108.32755905511812, "structure_id": "Chf_20", "w": 339.6724409448819, "h": 25}, {"y": 883.3385826771654, "x": 108.32755905511812, "structure_id": "Chf_21", "w": 1475.0031496062993, "h": 33.33070866141736}, {"y": 1670.8307086614172, "x": 108.32755905511812, "structure_id": "Chf_22", "w": 80.67244094488188, "h": 25}, {"y": 1670.8307086614172, "x": 208.32755905511812, "structure_id": "Chf_23", "w": 70.67244094488188, "h": 25}, {"y": 1788.1220472440946, "x": 108.32755905511812, "structure_id": "Chf_24", "w": 116.67244094488188, "h": 25}, {"y": 1788.1220472440946, "x": 258.3275590551181, "structure_id": "Chf_25", "w": 154.67244094488188, "h": 25}, {"y": 1904.1692913385828, "x": 108.32755905511812, "structure_id": "Chf_26", "w": 73.67244094488188, "h": 25}, {"y": 1904.1692913385828, "x": 208.32755905511812, "structure_id": "Chf_27", "w": 278.6724409448819, "h": 25}], "Field": [{"y": 1450.0000000000002, "x": 100, "structure_id": "Fi_1", "w": 433.33070866141725, "h": 33.33070866141725}, {"y": 1507, "x": 100, "structure_id": "Fi_2", "w": 1483.3307086614175, "h": 59.669291338582525}, {"y": 53.78031496062992, "x": 85, "structure_id": "Fi_3", "w": 942.5330708661418, "h": 46.83307086614174}, {"y": 833.3385826771654, "x": 150, "structure_id": "Fi_4", "w": 1433.3307086614172, "h": 33.33070866141736}, {"y": 750.0000000000001, "x": 150, "structure_id": "Fi_5", "w": 1433.3307086614172, "h": 33.33070866141736}, {"y": 257, "x": 100, "structure_id": "Fi_6", "w": 1500, "h": 59.661417322834666}, {"y": 440, "x": 150, "structure_id": "Fi_7", "w": 883.3307086614172, "h": 60}, {"y": 666.6692913385826, "x": 150, "structure_id": "Fi_8", "w": 1433.3307086614172, "h": 33.33070866141736}], "TextRun": [{"parent_TextBlock": "Tb_1", "text": "SECTION VI - KIDNEY TRANSPLANT OR REMOVAL", "parent_Field": null, "parent_Choice_Field": null, "parent_ChoiceGroup": null, "w": 550, "h": 22, "y": 957, "x": 575, "structure_id": "Tr_1"}, {"parent_TextBlock": "Tb_2", "text": "6A. HAS THE VETERAN HAD A KIDNEY TRANSPLANT OR REMOVAL?", "parent_Field": null, "parent_Choice_Field": null, "parent_ChoiceGroup": "Chgp_1", "w": 639, "h": 20, "y": 990, "x": 100, "structure_id": "Tr_2"}, {"parent_TextBlock": "Tb_3", "text": "YES", "parent_Field": null, "parent_Choice_Field": "Chf_1", "parent_ChoiceGroup": "Chgp_1", "w": 39, "h": 19, "y": 1024, "x": 150, "structure_id": "Tr_3"}, {"parent_TextBlock": "Tb_4", "text": "NO", "parent_Field": null, "parent_Choice_Field": "Chf_2", "parent_ChoiceGroup": "Chgp_1", "w": 29, "h": 19, "y": 1024, "x": 250, "structure_id": "Tr_4"}, {"parent_TextBlock": "Tb_5", "text": "(If yes, complete questions 6B - 6C)", "parent_Field": null, "parent_Choice_Field": null, "parent_ChoiceGroup": null, "w": 318, "h": 22, "y": 1056, "x": 100, "structure_id": "Tr_5"}, {"parent_TextBlock": "Tb_6", "text": "If yes, date of transplant:", "parent_Field": "Fi_1", "parent_Choice_Field": null, "parent_ChoiceGroup": null, "w": 224, "h": 22, "y": 1456, "x": 100, "structure_id": "Tr_6"}, {"parent_TextBlock": "Tb_7", "text": "Name of treatment facility, date of admission and date of discharge for transplant:", "parent_Field": "Fi_2", "parent_Choice_Field": null, "parent_ChoiceGroup": null, "w": 700, "h": 19, "y": 1507, "x": 100, "structure_id": "Tr_7"}, {"parent_TextBlock": "Tb_8", "text": "(If yes, provide reason):", "parent_Field": null, "parent_Choice_Field": null, "parent_ChoiceGroup": "Chgp_2", "w": 215, "h": 22, "y": 1172, "x": 100, "structure_id": "Tr_8"}, {"parent_TextBlock": "Tb_9", "text": "Kidney donation", "parent_Field": null, "parent_Choice_Field": "Chf_3", "parent_ChoiceGroup": "Chgp_2", "w": 139, "h": 19, "y": 1207, "x": 150, "structure_id": "Tr_9"}, {"parent_TextBlock": "Tb_10", "text": "Due to disease", "parent_Field": null, "parent_Choice_Field": "Chf_4", "parent_ChoiceGroup": "Chgp_2", "w": 130, "h": 20, "y": 1240, "x": 150, "structure_id": "Tr_10"}, {"parent_TextBlock": "Tb_11", "text": "Due to trauma or injury", "parent_Field": null, "parent_Choice_Field": "Chf_5", "parent_ChoiceGroup": "Chgp_2", "w": 198, "h": 19, "y": 1274, "x": 150, "structure_id": "Tr_11"}, {"parent_TextBlock": "Tb_12", "text": "Other, describe:", "parent_Field": null, "parent_Choice_Field": "Chf_6", "parent_ChoiceGroup": "Chgp_2", "w": 138, "h": 19, "y": 1307, "x": 150, "structure_id": "Tr_12"}, {"parent_TextBlock": "Tb_13", "text": "6B. HAS THE VETERAN HAD A KIDNEY REMOVED?", "parent_Field": null, "parent_Choice_Field": null, "parent_ChoiceGroup": "Chgp_3", "w": 473, "h": 19, "y": 1107, "x": 100, "structure_id": "Tr_13"}, {"parent_TextBlock": "Tb_14", "text": "YES", "parent_Field": null, "parent_Choice_Field": "Chf_7", "parent_ChoiceGroup": "Chgp_3", "w": 39, "h": 20, "y": 1140, "x": 150, "structure_id": "Tr_14"}, {"parent_TextBlock": "Tb_15", "text": "NO", "parent_Field": null, "parent_Choice_Field": "Chf_8", "parent_ChoiceGroup": "Chgp_3", "w": 29, "h": 20, "y": 1140, "x": 250, "structure_id": "Tr_15"}, {"parent_TextBlock": "Tb_16", "text": "6C. HAS THE VETERAN HAD A KIDNEY TRANSPLANT?", "parent_Field": null, "parent_Choice_Field": null, "parent_ChoiceGroup": "Chgp_4", "w": 505, "h": 19, "y": 1374, "x": 100, "structure_id": "Tr_16"}, {"parent_TextBlock": "Tb_17", "text": "YES", "parent_Field": null, "parent_Choice_Field": "Chf_9", "parent_ChoiceGroup": "Chgp_4", "w": 39, "h": 19, "y": 1407, "x": 150, "structure_id": "Tr_17"}, {"parent_TextBlock": "Tb_18", "text": "NO", "parent_Field": null, "parent_Choice_Field": "Chf_10", "parent_ChoiceGroup": "Chgp_4", "w": 29, "h": 19, "y": 1407, "x": 250, "structure_id": "Tr_18"}, {"parent_TextBlock": "Tb_19", "text": "PATIENT/VETERAN'S SOCIAL SECURITY NO.", "parent_Field": "Fi_3", "parent_Choice_Field": null, "parent_ChoiceGroup": null, "w": 416, "h": 20, "y": 75, "x": 85, "structure_id": "Tr_19"}, {"parent_TextBlock": "Tb_20", "text": "SECTION V - INFECTIONS OF THE KIDNEY AND/OR URINARY TRACT", "parent_Field": null, "parent_Choice_Field": null, "parent_ChoiceGroup": null, "w": 740, "h": 22, "y": 107, "x": 480, "structure_id": "Tr_20"}, {"parent_TextBlock": "Tb_21", "text": "If checked, indicate types of treatment and medications used over the past 12 months:", "parent_Field": "Fi_4", "parent_Choice_Field": null, "parent_ChoiceGroup": null, "w": 741, "h": 20, "y": 840, "x": 150, "structure_id": "Tr_21"}, {"parent_TextBlock": "Tb_22", "text": "If checked, indicate types of treatment and medications used over the past 12 months:", "parent_Field": "Fi_5", "parent_Choice_Field": null, "parent_ChoiceGroup": null, "w": 741, "h": 19, "y": 757, "x": 150, "structure_id": "Tr_22"}, {"parent_TextBlock": "Tb_23", "text": "(If yes, complete questions 5B - 5C)", "parent_Field": null, "parent_Choice_Field": null, "parent_ChoiceGroup": null, "w": 318, "h": 22, "y": 206, "x": 100, "structure_id": "Tr_23"}, {"parent_TextBlock": "Tb_24", "text": "5B. ETIOLOGY OF RECURRENT URINARY TRACT OR KIDNEY INFECTIONS:", "parent_Field": "Fi_6", "parent_Choice_Field": null, "parent_ChoiceGroup": null, "w": 698, "h": 19, "y": 257, "x": 100, "structure_id": "Tr_24"}, {"parent_TextBlock": "Tb_25", "text": "If checked, list medications used and indicate dates for courses of treatment over the past 12 months:", "parent_Field": "Fi_7", "parent_Choice_Field": null, "parent_ChoiceGroup": null, "w": 873, "h": 20, "y": 440, "x": 150, "structure_id": "Tr_25"}, {"parent_TextBlock": "Tb_26", "text": "If checked, indicate dates when drainage was performed over the past 12 months:", "parent_Field": "Fi_8", "parent_Choice_Field": null, "parent_ChoiceGroup": null, "w": 706, "h": 19, "y": 674, "x": 150, "structure_id": "Tr_26"}, {"parent_TextBlock": "Tb_27", "text": "5A. DOES THE VETERAN HAVE A HISTORY OF RECURRENT SYMPTOMATIC URINARY TRACT OR KIDNEY INFECTIONS?", "parent_Field": null, "parent_Choice_Field": null, "parent_ChoiceGroup": "Chgp_5", "w": 1123, "h": 20, "y": 140, "x": 100, "structure_id": "Tr_27"}, {"parent_TextBlock": "Tb_28", "text": "YES", "parent_Field": null, "parent_Choice_Field": "Chf_11", "parent_ChoiceGroup": "Chgp_5", "w": 39, "h": 19, "y": 174, "x": 150, "structure_id": "Tr_28"}, {"parent_TextBlock": "Tb_29", "text": "NO", "parent_Field": null, "parent_Choice_Field": "Chf_12", "parent_ChoiceGroup": "Chgp_5", "w": 29, "h": 19, "y": 174, "x": 250, "structure_id": "Tr_29"}, {"parent_TextBlock": "Tb_30", "text": "If checked, indicate frequency of hospitalization:", "parent_Field": null, "parent_Choice_Field": null, "parent_ChoiceGroup": "Chgp_6", "w": 413, "h": 19, "y": 557, "x": 150, "structure_id": "Tr_30"}, {"parent_TextBlock": "Tb_31", "text": "1 or 2 per year", "parent_Field": null, "parent_Choice_Field": "Chf_13", "parent_ChoiceGroup": "Chgp_6", "w": 126, "h": 20, "y": 590, "x": 200, "structure_id": "Tr_31"}, {"parent_TextBlock": "Tb_32", "text": "More than 2 per year", "parent_Field": null, "parent_Choice_Field": "Chf_14", "parent_ChoiceGroup": "Chgp_6", "w": 180, "h": 20, "y": 590, "x": 400, "structure_id": "Tr_32"}, {"parent_TextBlock": "Tb_33", "text": "5C. INDICATE ALL TREATMENT MODALITIES USED FOR RECURRENT URINARY TRACT OR KIDNEY INFECTIONS", "parent_Field": null, "parent_Choice_Field": null, "parent_ChoiceGroup": "Chgp_7", "w": 1046, "h": 20, "y": 324, "x": 100, "structure_id": "Tr_33"}, {"parent_TextBlock": "Tb_33", "text": "(check all that apply):", "parent_Field": null, "parent_Choice_Field": null, "parent_ChoiceGroup": "Chgp_7", "w": 202, "h": 22, "y": 322, "x": 1146, "structure_id": "Tr_34"}, {"parent_TextBlock": "Tb_34", "text": "No treatment", "parent_Field": null, "parent_Choice_Field": "Chf_15", "parent_ChoiceGroup": "Chgp_7", "w": 112, "h": 19, "y": 357, "x": 150, "structure_id": "Tr_35"}, {"parent_TextBlock": "Tb_35", "text": "Long-term drug therapy", "parent_Field": null, "parent_Choice_Field": "Chf_16", "parent_ChoiceGroup": "Chgp_7", "w": 203, "h": 19, "y": 407, "x": 150, "structure_id": "Tr_36"}, {"parent_TextBlock": "Tb_36", "text": "Hospitalization", "parent_Field": null, "parent_Choice_Field": "Chf_17", "parent_ChoiceGroup": "Chgp_7", "w": 126, "h": 19, "y": 524, "x": 150, "structure_id": "Tr_37"}, {"parent_TextBlock": "Tb_37", "text": "Drainage", "parent_Field": null, "parent_Choice_Field": "Chf_18", "parent_ChoiceGroup": "Chgp_7", "w": 79, "h": 20, "y": 640, "x": 150, "structure_id": "Tr_38"}, {"parent_TextBlock": "Tb_38", "text": "Continuous intensive management", "parent_Field": null, "parent_Choice_Field": "Chf_19", "parent_ChoiceGroup": "Chgp_7", "w": 299, "h": 19, "y": 724, "x": 150, "structure_id": "Tr_39"}, {"parent_TextBlock": "Tb_39", "text": "Intermittent intensive management", "parent_Field": null, "parent_Choice_Field": "Chf_20", "parent_ChoiceGroup": "Chgp_7", "w": 298, "h": 19, "y": 807, "x": 150, "structure_id": "Tr_40"}, {"parent_TextBlock": "Tb_40", "text": "Other, describe:", "parent_Field": null, "parent_Choice_Field": "Chf_21", "parent_ChoiceGroup": "Chgp_7", "w": 138, "h": 20, "y": 890, "x": 150, "structure_id": "Tr_41"}, {"parent_TextBlock": "Tb_41", "text": "SECTION VII - TUMORS AND NEOPLASMS", "parent_Field": null, "parent_Choice_Field": null, "parent_ChoiceGroup": null, "w": 456, "h": 22, "y": 1607, "x": 622, "structure_id": "Tr_42"}, {"parent_TextBlock": "Tb_42", "text": "(If yes, complete questions 7B - 7E)", "parent_Field": null, "parent_Choice_Field": null, "parent_ChoiceGroup": null, "w": 317, "h": 22, "y": 1706, "x": 100, "structure_id": "Tr_43"}, {"parent_TextBlock": "Tb_43", "text": "7A. DOES THE VETERAN HAVE A BENIGN OR MALIGNANT NEOPLASM OR METASTASES RELATED TO ANY OF THE DIAGNOSES IN  SECTION I, DIAGNOSIS?", "parent_Field": null, "parent_Choice_Field": null, "parent_ChoiceGroup": "Chgp_8", "w": 1459, "h": 20, "y": 1640, "x": 100, "structure_id": "Tr_44"}, {"parent_TextBlock": "Tb_44", "text": "YES", "parent_Field": null, "parent_Choice_Field": "Chf_22", "parent_ChoiceGroup": "Chgp_8", "w": 39, "h": 19, "y": 1674, "x": 150, "structure_id": "Tr_45"}, {"parent_TextBlock": "Tb_45", "text": "NO", "parent_Field": null, "parent_Choice_Field": "Chf_23", "parent_ChoiceGroup": "Chgp_8", "w": 29, "h": 19, "y": 1674, "x": 250, "structure_id": "Tr_46"}, {"parent_TextBlock": "Tb_46", "text": "7B. IS THE NEOPLASM", "parent_Field": null, "parent_Choice_Field": null, "parent_ChoiceGroup": "Chgp_9", "w": 211, "h": 19, "y": 1757, "x": 100, "structure_id": "Tr_47"}, {"parent_TextBlock": "Tb_47", "text": "BENIGN", "parent_Field": null, "parent_Choice_Field": "Chf_24", "parent_ChoiceGroup": "Chgp_9", "w": 75, "h": 20, "y": 1790, "x": 150, "structure_id": "Tr_48"}, {"parent_TextBlock": "Tb_48", "text": "MALIGNANT", "parent_Field": null, "parent_Choice_Field": "Chf_25", "parent_ChoiceGroup": "Chgp_9", "w": 113, "h": 20, "y": 1790, "x": 300, "structure_id": "Tr_49"}, {"parent_TextBlock": "Tb_49", "text": "7C. HAS THE VETERAN COMPLETED TREATMENT OR IS THE VETERAN CURRENTLY UNDERGOING TREATMENT FOR A BENIGN OR MALIGNANT NEOPLASM", "parent_Field": null, "parent_Choice_Field": null, "parent_ChoiceGroup": "Chgp_10", "w": 1473, "h": 20, "y": 1845, "x": 100, "structure_id": "Tr_50"}, {"parent_TextBlock": "Tb_49", "text": "OR METASTASES?", "parent_Field": null, "parent_Choice_Field": null, "parent_ChoiceGroup": "Chgp_10", "w": 176, "h": 19, "y": 1869, "x": 133, "structure_id": "Tr_51"}, {"parent_TextBlock": "Tb_50", "text": "YES", "parent_Field": null, "parent_Choice_Field": "Chf_26", "parent_ChoiceGroup": "Chgp_10", "w": 38, "h": 19, "y": 1907, "x": 144, "structure_id": "Tr_52"}, {"parent_TextBlock": "Tb_51", "text": "NO; WATCHFUL WAITING", "parent_Field": null, "parent_Choice_Field": "Chf_27", "parent_ChoiceGroup": "Chgp_10", "w": 237, "h": 19, "y": 1907, "x": 250, "structure_id": "Tr_53"}, {"parent_TextBlock": "Tb_52", "text": "VA FORM 21-0960J-1, FEB 2015", "parent_Field": null, "parent_Choice_Field": null, "parent_ChoiceGroup": null, "w": 290, "h": 19, "y": 2124, "x": 83, "structure_id": "Tr_54"}, {"parent_TextBlock": "Tb_53", "text": "Page 3", "parent_Field": null, "parent_Choice_Field": null, "parent_ChoiceGroup": null, "w": 71, "h": 22, "y": 2122, "x": 1546, "structure_id": "Tr_55"}], "ChoiceGroup": [{"y": 983.03125, "x": 90, "structure_id": "Chgp_1", "w": 652, "h": 102}, {"y": 1165.03125, "x": 93, "structure_id": "Chgp_2", "w": 1063, "h": 175}, {"y": 1100.03125, "x": 91, "structure_id": "Chgp_3", "w": 1076, "h": 249}, {"y": 1369.03125, "x": 90, "structure_id": "Chgp_4", "w": 1498, "h": 205}, {"y": 134.03125, "x": 90, "structure_id": "Chgp_5", "w": 1141, "h": 99}, {"y": 548.03125, "x": 142, "structure_id": "Chgp_6", "w": 443, "h": 75}, {"y": 316.03125, "x": 93, "structure_id": "Chgp_7", "w": 1497, "h": 610}, {"y": 1634.03125, "x": 91, "structure_id": "Chgp_8", "w": 1475, "h": 99}, {"y": 1750.03125, "x": 91, "structure_id": "Chgp_9", "w": 327, "h": 70}, {"y": 1835.03125, "x": 94, "structure_id": "Chgp_10", "w": 1490, "h": 99}]}