{"Widget": [{"parent_Field": "Fi_1", "parent_Choice_Field": null, "parent_ChoiceGroup": null, "w": 522.2330708661417, "h": 50, "y": 2058.3307086614177, "x": 294.4307086614173, "structure_id": "Wi_1"}, {"parent_Field": "Fi_2", "parent_Choice_Field": null, "parent_ChoiceGroup": null, "w": 612.8, "h": 50, "y": 2058.3307086614177, "x": 1012.2031496062992, "structure_id": "Wi_2"}, {"parent_Field": null, "parent_Choice_Field": "Chf_1", "parent_ChoiceGroup": "Chgp_1", "w": 1546.6669291338585, "h": 116.66929133858268, "y": 816.6637795275592, "x": 76.66692913385828, "structure_id": "Wi_3"}, {"parent_Field": null, "parent_Choice_Field": "Chf_1", "parent_ChoiceGroup": "Chgp_1", "w": 27.777952755905513, "h": 27.777952755905513, "y": 777.7748031496062, "x": 757.8748031496064, "structure_id": "Wi_4"}, {"parent_Field": null, "parent_Choice_Field": "Chf_2", "parent_ChoiceGroup": "Chgp_1", "w": 27.777952755905513, "h": 27.777952755905513, "y": 777.8417322834645, "x": 657.8748031496062, "structure_id": "Wi_5"}, {"parent_Field": "Fi_3", "parent_Choice_Field": null, "parent_ChoiceGroup": null, "w": 1546.6669291338585, "h": 66.66692913385826, "y": 200.00236220472442, "x": 76.66692913385828, "structure_id": "Wi_6"}, {"parent_Field": "Fi_4", "parent_Choice_Field": null, "parent_ChoiceGroup": null, "w": 1546.6669291338585, "h": 100, "y": 450.0023622047244, "x": 76.66692913385828, "structure_id": "Wi_7"}, {"parent_Field": null, "parent_Choice_Field": "Chf_3", "parent_ChoiceGroup": "Chgp_2", "w": 27.777952755905513, "h": 27.777952755905513, "y": 277.78031496062994, "x": 482.87480314960635, "structure_id": "Wi_8"}, {"parent_Field": null, "parent_Choice_Field": "Chf_3", "parent_ChoiceGroup": "Chgp_2", "w": 1546.6669291338585, "h": 100, "y": 316.6692913385827, "x": 76.66692913385828, "structure_id": "Wi_9"}, {"parent_Field": null, "parent_Choice_Field": "Chf_4", "parent_ChoiceGroup": "Chgp_2", "w": 27.777952755905513, "h": 27.777952755905513, "y": 277.8472440944882, "x": 382.8748031496063, "structure_id": "Wi_10"}, {"parent_Field": "Fi_5", "parent_Choice_Field": null, "parent_ChoiceGroup": null, "w": 100, "h": 41.66692913385827, "y": 550.0023622047245, "x": 450, "structure_id": "Wi_11"}, {"parent_Field": "Fi_6", "parent_Choice_Field": null, "parent_ChoiceGroup": null, "w": 1546.6669291338585, "h": 99.99448818897638, "y": 666.6692913385828, "x": 76.66692913385828, "structure_id": "Wi_12"}, {"parent_Field": null, "parent_Choice_Field": "Chf_5", "parent_ChoiceGroup": "Chgp_3", "w": 27.777952755905513, "h": 27.777952755905513, "y": 944.444094488189, "x": 516.2055118110236, "structure_id": "Wi_13"}, {"parent_Field": null, "parent_Choice_Field": "Chf_6", "parent_ChoiceGroup": "Chgp_3", "w": 27.777952755905513, "h": 27.777952755905513, "y": 944.444094488189, "x": 782.8748031496062, "structure_id": "Wi_14"}, {"parent_Field": null, "parent_Choice_Field": "Chf_7", "parent_ChoiceGroup": "Chgp_3", "w": 27.777952755905513, "h": 27.777952755905513, "y": 944.444094488189, "x": 966.2055118110236, "structure_id": "Wi_15"}, {"parent_Field": null, "parent_Choice_Field": "Chf_8", "parent_ChoiceGroup": "Chgp_3", "w": 27.777952755905513, "h": 27.777952755905513, "y": 944.444094488189, "x": 1082.8748031496064, "structure_id": "Wi_16"}, {"parent_Field": null, "parent_Choice_Field": "Chf_9", "parent_ChoiceGroup": "Chgp_3", "w": 27.777952755905513, "h": 27.777952755905513, "y": 944.444094488189, "x": 1414.536220472441, "structure_id": "Wi_17"}, {"parent_Field": "Fi_7", "parent_Choice_Field": null, "parent_ChoiceGroup": null, "w": 1546.6669291338585, "h": 83.13070866141733, "y": 1016.871653543307, "x": 76.66692913385828, "structure_id": "Wi_18"}, {"parent_Field": "Fi_8", "parent_Choice_Field": null, "parent_ChoiceGroup": null, "w": 556.6669291338584, "h": 50.005511811023624, "y": 116.66377952755906, "x": 1066.6669291338583, "structure_id": "Wi_19"}, {"parent_Field": null, "parent_Choice_Field": "Chf_10", "parent_ChoiceGroup": "Chgp_4", "w": 27.777952755905513, "h": 27.777952755905513, "y": 111.11102362204724, "x": 341.2055118110236, "structure_id": "Wi_20"}, {"parent_Field": null, "parent_Choice_Field": "Chf_11", "parent_ChoiceGroup": "Chgp_4", "w": 27.777952755905513, "h": 27.777952755905513, "y": 111.11102362204724, "x": 541.2055118110236, "structure_id": "Wi_21"}, {"parent_Field": null, "parent_Choice_Field": "Chf_12", "parent_ChoiceGroup": "Chgp_4", "w": 27.777952755905513, "h": 27.777952755905513, "y": 111.11102362204724, "x": 791.2055118110237, "structure_id": "Wi_22"}, {"parent_Field": null, "parent_Choice_Field": "Chf_13", "parent_ChoiceGroup": "Chgp_5", "w": 27.777952755905513, "h": 27.777952755905513, "y": 1335.1976377952758, "x": 76.66692913385828, "structure_id": "Wi_23"}, {"parent_Field": null, "parent_Choice_Field": "Chf_13", "parent_ChoiceGroup": "Chgp_5", "w": 1546.6669291338585, "h": 67.58346456692914, "y": 1365.752755905512, "x": 76.66692913385828, "structure_id": "Wi_24"}, {"parent_Field": null, "parent_Choice_Field": "Chf_14", "parent_ChoiceGroup": "Chgp_5", "w": 27.777952755905513, "h": 27.777952755905513, "y": 1436.1141732283465, "x": 76.66692913385828, "structure_id": "Wi_25"}, {"parent_Field": null, "parent_Choice_Field": "Chf_14", "parent_ChoiceGroup": "Chgp_5", "w": 1546.6669291338585, "h": 66.66141732283464, "y": 1466.6692913385828, "x": 76.66692913385828, "structure_id": "Wi_26"}, {"parent_Field": null, "parent_Choice_Field": "Chf_15", "parent_ChoiceGroup": "Chgp_5", "w": 27.777952755905513, "h": 27.777952755905513, "y": 1536.108661417323, "x": 76.66692913385828, "structure_id": "Wi_27"}, {"parent_Field": null, "parent_Choice_Field": "Chf_15", "parent_ChoiceGroup": "Chgp_5", "w": 1546.6669291338585, "h": 66.66929133858268, "y": 1566.6637795275592, "x": 76.66692913385828, "structure_id": "Wi_28"}, {"parent_Field": null, "parent_Choice_Field": "Chf_16", "parent_ChoiceGroup": "Chgp_5", "w": 27.777952755905513, "h": 27.777952755905513, "y": 1636.111811023622, "x": 76.66692913385828, "structure_id": "Wi_29"}, {"parent_Field": null, "parent_Choice_Field": "Chf_16", "parent_ChoiceGroup": "Chgp_5", "w": 1546.6669291338585, "h": 66.66929133858268, "y": 1666.6669291338583, "x": 76.66692913385828, "structure_id": "Wi_30"}, {"parent_Field": null, "parent_Choice_Field": "Chf_17", "parent_ChoiceGroup": "Chgp_5", "w": 27.777952755905513, "h": 27.777952755905513, "y": 1736.1141732283465, "x": 76.66692913385828, "structure_id": "Wi_31"}, {"parent_Field": null, "parent_Choice_Field": "Chf_17", "parent_ChoiceGroup": "Chgp_5", "w": 1546.6669291338585, "h": 66.66141732283464, "y": 1766.6692913385828, "x": 76.66692913385828, "structure_id": "Wi_32"}, {"parent_Field": null, "parent_Choice_Field": "Chf_18", "parent_ChoiceGroup": "Chgp_5", "w": 27.777952755905513, "h": 27.777952755905513, "y": 1836.108661417323, "x": 76.66692913385828, "structure_id": "Wi_33"}, {"parent_Field": null, "parent_Choice_Field": "Chf_18", "parent_ChoiceGroup": "Chgp_5", "w": 1546.6669291338585, "h": 66.66929133858268, "y": 1866.6637795275592, "x": 76.66692913385828, "structure_id": "Wi_34"}, {"parent_Field": null, "parent_Choice_Field": "Chf_19", "parent_ChoiceGroup": "Chgp_5", "w": 27.777952755905513, "h": 27.777952755905513, "y": 1936.111811023622, "x": 76.66692913385828, "structure_id": "Wi_35"}, {"parent_Field": null, "parent_Choice_Field": "Chf_19", "parent_ChoiceGroup": "Chgp_5", "w": 1546.6669291338585, "h": 66.66929133858268, "y": 1966.6669291338583, "x": 76.66692913385828, "structure_id": "Wi_36"}, {"parent_Field": "Fi_9", "parent_Choice_Field": null, "parent_ChoiceGroup": null, "w": 1182.7220472440945, "h": 50, "y": 1133.3338582677166, "x": 440.61102362204724, "structure_id": "Wi_37"}, {"parent_Field": null, "parent_Choice_Field": "Chf_20", "parent_ChoiceGroup": "Chgp_6", "w": 27.777952755905513, "h": 27.777952755905513, "y": 1194.4448818897638, "x": 357.8748031496063, "structure_id": "Wi_38"}, {"parent_Field": null, "parent_Choice_Field": "Chf_21", "parent_ChoiceGroup": "Chgp_6", "w": 27.777952755905513, "h": 27.777952755905513, "y": 1194.4448818897638, "x": 457.8748031496063, "structure_id": "Wi_39"}, {"parent_Field": null, "parent_Choice_Field": "Chf_22", "parent_ChoiceGroup": "Chgp_7", "w": 27.777952755905513, "h": 27.777952755905513, "y": 1194.4448818897638, "x": 1057.8748031496061, "structure_id": "Wi_40"}, {"parent_Field": null, "parent_Choice_Field": "Chf_23", "parent_ChoiceGroup": "Chgp_7", "w": 27.777952755905513, "h": 27.777952755905513, "y": 1194.4448818897638, "x": 1157.8748031496064, "structure_id": "Wi_41"}], "TextBlock": [{"parent_Field": "Fi_1", "parent_Choice_Field": null, "parent_ChoiceGroup": null, "w": 204, "h": 22, "y": 2072, "x": 77, "structure_id": "Tb_1"}, {"parent_Field": "Fi_2", "parent_Choice_Field": null, "parent_ChoiceGroup": null, "w": 143, "h": 22, "y": 2072, "x": 850, "structure_id": "Tb_2"}, {"parent_Field": null, "parent_Choice_Field": null, "parent_ChoiceGroup": null, "w": 266, "h": 19, "y": 2131, "x": 60, "structure_id": "Tb_3"}, {"parent_Field": null, "parent_Choice_Field": null, "parent_ChoiceGroup": null, "w": 114, "h": 22, "y": 2122, "x": 1526, "structure_id": "Tb_4"}, {"parent_Field": null, "parent_Choice_Field": null, "parent_ChoiceGroup": null, "w": 534, "h": 25, "y": 55, "x": 583, "structure_id": "Tb_5"}, {"parent_Field": null, "parent_Choice_Field": null, "parent_ChoiceGroup": "Chgp_1", "w": 555, "h": 22, "y": 781, "x": 81, "structure_id": "Tb_6"}, {"parent_Field": null, "parent_Choice_Field": "Chf_1", "parent_ChoiceGroup": "Chgp_1", "w": 734, "h": 22, "y": 781, "x": 794, "structure_id": "Tb_7"}, {"parent_Field": null, "parent_Choice_Field": "Chf_2", "parent_ChoiceGroup": "Chgp_1", "w": 34, "h": 22, "y": 781, "x": 696, "structure_id": "Tb_8"}, {"parent_Field": "Fi_3", "parent_Choice_Field": null, "parent_ChoiceGroup": null, "w": 1462, "h": 22, "y": 172, "x": 77, "structure_id": "Tb_9"}, {"parent_Field": "Fi_4", "parent_Choice_Field": null, "parent_ChoiceGroup": null, "w": 735, "h": 22, "y": 422, "x": 77, "structure_id": "Tb_10"}, {"parent_Field": null, "parent_Choice_Field": null, "parent_ChoiceGroup": "Chgp_2", "w": 268, "h": 22, "y": 281, "x": 81, "structure_id": "Tb_11"}, {"parent_Field": null, "parent_Choice_Field": "Chf_3", "parent_ChoiceGroup": "Chgp_2", "w": 884, "h": 22, "y": 281, "x": 521, "structure_id": "Tb_12"}, {"parent_Field": null, "parent_Choice_Field": "Chf_4", "parent_ChoiceGroup": "Chgp_2", "w": 34, "h": 22, "y": 281, "x": 421, "structure_id": "Tb_13"}, {"parent_Field": "Fi_5", "parent_Choice_Field": null, "parent_ChoiceGroup": null, "w": 360, "h": 22, "y": 564, "x": 81, "structure_id": "Tb_14"}, {"parent_Field": "Fi_5", "parent_Choice_Field": null, "parent_ChoiceGroup": null, "w": 451, "h": 22, "y": 564, "x": 558, "structure_id": "Tb_15"}, {"parent_Field": "Fi_6", "parent_Choice_Field": null, "parent_ChoiceGroup": null, "w": 1536, "h": 49, "y": 609, "x": 77, "structure_id": "Tb_16"}, {"parent_Field": null, "parent_Choice_Field": null, "parent_ChoiceGroup": "Chgp_3", "w": 405, "h": 22, "y": 947, "x": 81, "structure_id": "Tb_17"}, {"parent_Field": null, "parent_Choice_Field": "Chf_5", "parent_ChoiceGroup": "Chgp_3", "w": 195, "h": 22, "y": 947, "x": 555, "structure_id": "Tb_18"}, {"parent_Field": null, "parent_Choice_Field": "Chf_6", "parent_ChoiceGroup": "Chgp_3", "w": 113, "h": 22, "y": 947, "x": 820, "structure_id": "Tb_19"}, {"parent_Field": null, "parent_Choice_Field": "Chf_7", "parent_ChoiceGroup": "Chgp_3", "w": 52, "h": 22, "y": 947, "x": 1003, "structure_id": "Tb_20"}, {"parent_Field": null, "parent_Choice_Field": "Chf_8", "parent_ChoiceGroup": "Chgp_3", "w": 268, "h": 22, "y": 947, "x": 1123, "structure_id": "Tb_21"}, {"parent_Field": null, "parent_Choice_Field": "Chf_9", "parent_ChoiceGroup": "Chgp_3", "w": 56, "h": 22, "y": 947, "x": 1456, "structure_id": "Tb_22"}, {"parent_Field": "Fi_7", "parent_Choice_Field": null, "parent_ChoiceGroup": null, "w": 476, "h": 22, "y": 989, "x": 77, "structure_id": "Tb_23"}, {"parent_Field": "Fi_8", "parent_Choice_Field": null, "parent_ChoiceGroup": null, "w": 137, "h": 22, "y": 89, "x": 1071, "structure_id": "Tb_24"}, {"parent_Field": null, "parent_Choice_Field": null, "parent_ChoiceGroup": "Chgp_4", "w": 241, "h": 22, "y": 114, "x": 77, "structure_id": "Tb_25"}, {"parent_Field": null, "parent_Choice_Field": "Chf_10", "parent_ChoiceGroup": "Chgp_4", "w": 137, "h": 22, "y": 114, "x": 384, "structure_id": "Tb_26"}, {"parent_Field": null, "parent_Choice_Field": "Chf_11", "parent_ChoiceGroup": "Chgp_4", "w": 180, "h": 22, "y": 114, "x": 581, "structure_id": "Tb_27"}, {"parent_Field": null, "parent_Choice_Field": "Chf_12", "parent_ChoiceGroup": "Chgp_4", "w": 183, "h": 22, "y": 114, "x": 832, "structure_id": "Tb_28"}, {"parent_Field": null, "parent_Choice_Field": null, "parent_ChoiceGroup": null, "w": 550, "h": 25, "y": 1104, "x": 575, "structure_id": "Tb_29"}, {"parent_Field": null, "parent_Choice_Field": null, "parent_ChoiceGroup": "Chgp_5", "w": 1509, "h": 49, "y": 1242, "x": 77, "structure_id": "Tb_30"}, {"parent_Field": null, "parent_Choice_Field": "Chf_13", "parent_ChoiceGroup": "Chgp_5", "w": 458, "h": 22, "y": 1338, "x": 111, "structure_id": "Tb_31"}, {"parent_Field": null, "parent_Choice_Field": "Chf_14", "parent_ChoiceGroup": "Chgp_5", "w": 972, "h": 22, "y": 1439, "x": 112, "structure_id": "Tb_32"}, {"parent_Field": null, "parent_Choice_Field": "Chf_15", "parent_ChoiceGroup": "Chgp_5", "w": 589, "h": 22, "y": 1539, "x": 112, "structure_id": "Tb_33"}, {"parent_Field": null, "parent_Choice_Field": "Chf_16", "parent_ChoiceGroup": "Chgp_5", "w": 508, "h": 22, "y": 1639, "x": 112, "structure_id": "Tb_34"}, {"parent_Field": null, "parent_Choice_Field": "Chf_17", "parent_ChoiceGroup": "Chgp_5", "w": 588, "h": 22, "y": 1739, "x": 112, "structure_id": "Tb_35"}, {"parent_Field": null, "parent_Choice_Field": "Chf_18", "parent_ChoiceGroup": "Chgp_5", "w": 480, "h": 22, "y": 1839, "x": 112, "structure_id": "Tb_36"}, {"parent_Field": null, "parent_Choice_Field": "Chf_19", "parent_ChoiceGroup": "Chgp_5", "w": 511, "h": 22, "y": 1939, "x": 112, "structure_id": "Tb_37"}, {"parent_Field": "Fi_9", "parent_Choice_Field": null, "parent_ChoiceGroup": null, "w": 349, "h": 22, "y": 1147, "x": 77, "structure_id": "Tb_38"}, {"parent_Field": null, "parent_Choice_Field": null, "parent_ChoiceGroup": "Chgp_6", "w": 249, "h": 22, "y": 1197, "x": 77, "structure_id": "Tb_39"}, {"parent_Field": null, "parent_Choice_Field": "Chf_20", "parent_ChoiceGroup": "Chgp_6", "w": 34, "h": 22, "y": 1197, "x": 396, "structure_id": "Tb_40"}, {"parent_Field": null, "parent_Choice_Field": "Chf_21", "parent_ChoiceGroup": "Chgp_6", "w": 45, "h": 22, "y": 1197, "x": 497, "structure_id": "Tb_41"}, {"parent_Field": null, "parent_Choice_Field": null, "parent_ChoiceGroup": "Chgp_7", "w": 452, "h": 22, "y": 1197, "x": 587, "structure_id": "Tb_42"}, {"parent_Field": null, "parent_Choice_Field": "Chf_22", "parent_ChoiceGroup": "Chgp_7", "w": 34, "h": 22, "y": 1197, "x": 1096, "structure_id": "Tb_43"}, {"parent_Field": null, "parent_Choice_Field": "Chf_23", "parent_ChoiceGroup": "Chgp_7", "w": 45, "h": 22, "y": 1197, "x": 1197, "structure_id": "Tb_44"}, {"parent_Field": null, "parent_Choice_Field": null, "parent_ChoiceGroup": null, "w": 211, "h": 22, "y": 1305, "x": 77, "structure_id": "Tb_45"}], "Choice_Field": [{"y": 777.7748031496062, "x": 76.66692913385828, "structure_id": "Chf_1", "w": 1546.6669291338585, "h": 155.55826771653562}, {"y": 777.8417322834645, "x": 657.8748031496062, "structure_id": "Chf_2", "w": 72.12519685039376, "h": 27.777952755905517}, {"y": 277.78031496062994, "x": 76.66692913385828, "structure_id": "Chf_3", "w": 1546.6669291338585, "h": 138.88897637795276}, {"y": 277.8472440944882, "x": 382.8748031496063, "structure_id": "Chf_4", "w": 72.1251968503937, "h": 27.777952755905517}, {"y": 944.444094488189, "x": 516.2055118110236, "structure_id": "Chf_5", "w": 233.7944881889764, "h": 27.777952755905517}, {"y": 944.444094488189, "x": 782.8748031496062, "structure_id": "Chf_6", "w": 150.12519685039376, "h": 27.777952755905517}, {"y": 944.444094488189, "x": 966.2055118110236, "structure_id": "Chf_7", "w": 88.7944881889764, "h": 27.777952755905517}, {"y": 944.444094488189, "x": 1082.8748031496064, "structure_id": "Chf_8", "w": 308.12519685039365, "h": 27.777952755905517}, {"y": 944.444094488189, "x": 1414.536220472441, "structure_id": "Chf_9", "w": 97.46377952755893, "h": 27.777952755905517}, {"y": 111.11102362204724, "x": 341.2055118110236, "structure_id": "Chf_10", "w": 179.7944881889764, "h": 27.777952755905517}, {"y": 111.11102362204724, "x": 541.2055118110236, "structure_id": "Chf_11", "w": 219.7944881889764, "h": 27.777952755905517}, {"y": 111.11102362204724, "x": 791.2055118110237, "structure_id": "Chf_12", "w": 223.7944881889763, "h": 27.777952755905517}, {"y": 1335.1976377952758, "x": 76.66692913385828, "structure_id": "Chf_13", "w": 1546.6669291338585, "h": 98.13858267716546}, {"y": 1436.1141732283465, "x": 76.66692913385828, "structure_id": "Chf_14", "w": 1546.6669291338585, "h": 97.21653543307093}, {"y": 1536.108661417323, "x": 76.66692913385828, "structure_id": "Chf_15", "w": 1546.6669291338585, "h": 97.22440944881896}, {"y": 1636.111811023622, "x": 76.66692913385828, "structure_id": "Chf_16", "w": 1546.6669291338585, "h": 97.22440944881896}, {"y": 1736.1141732283465, "x": 76.66692913385828, "structure_id": "Chf_17", "w": 1546.6669291338585, "h": 97.21653543307093}, {"y": 1836.108661417323, "x": 76.66692913385828, "structure_id": "Chf_18", "w": 1546.6669291338585, "h": 97.22440944881896}, {"y": 1936.111811023622, "x": 76.66692913385828, "structure_id": "Chf_19", "w": 1546.6669291338585, "h": 97.22440944881896}, {"y": 1194.4448818897638, "x": 357.8748031496063, "structure_id": "Chf_20", "w": 72.1251968503937, "h": 27.777952755905517}, {"y": 1194.4448818897638, "x": 457.8748031496063, "structure_id": "Chf_21", "w": 84.1251968503937, "h": 27.777952755905517}, {"y": 1194.4448818897638, "x": 1057.8748031496061, "structure_id": "Chf_22", "w": 72.12519685039388, "h": 27.777952755905517}, {"y": 1194.4448818897638, "x": 1157.8748031496064, "structure_id": "Chf_23", "w": 84.12519685039365, "h": 27.777952755905517}], "Field": [{"y": 2058.3307086614177, "x": 77, "structure_id": "Fi_1", "w": 739.663779527559, "h": 50}, {"y": 2058.3307086614177, "x": 850, "structure_id": "Fi_2", "w": 775.0031496062993, "h": 50}, {"y": 172, "x": 76.66692913385828, "structure_id": "Fi_3", "w": 1546.6669291338585, "h": 94.6692913385827}, {"y": 422, "x": 76.66692913385828, "structure_id": "Fi_4", "w": 1546.6669291338585, "h": 128.00236220472448}, {"y": 550.0023622047245, "x": 81, "structure_id": "Fi_5", "w": 928, "h": 41.666929133858275}, {"y": 609, "x": 76.66692913385828, "structure_id": "Fi_6", "w": 1546.6669291338585, "h": 157.6637795275591}, {"y": 989, "x": 76.66692913385828, "structure_id": "Fi_7", "w": 1546.6669291338585, "h": 111.00236220472448}, {"y": 89, "x": 1066.6669291338583, "structure_id": "Fi_8", "w": 556.6669291338583, "h": 77.6692913385827}, {"y": 1133.3338582677166, "x": 77, "structure_id": "Fi_9", "w": 1546.3330708661417, "h": 50}], "TextRun": [{"parent_TextBlock": "Tb_1", "text": "Patient's Last Name:", "parent_Field": "Fi_1", "parent_Choice_Field": null, "parent_ChoiceGroup": null, "w": 204, "h": 22, "y": 2072, "x": 77, "structure_id": "Tr_1"}, {"parent_TextBlock": "Tb_2", "text": "Patient's SSN:", "parent_Field": "Fi_2", "parent_Choice_Field": null, "parent_ChoiceGroup": null, "w": 143, "h": 22, "y": 2072, "x": 850, "structure_id": "Tr_2"}, {"parent_TextBlock": "Tb_3", "text": "VA FORM  10-0454  FEB 2017", "parent_Field": null, "parent_Choice_Field": null, "parent_ChoiceGroup": null, "w": 266, "h": 19, "y": 2131, "x": 60, "structure_id": "Tr_3"}, {"parent_TextBlock": "Tb_4", "text": "Page 2 of 3", "parent_Field": null, "parent_Choice_Field": null, "parent_ChoiceGroup": null, "w": 114, "h": 22, "y": 2122, "x": 1526, "structure_id": "Tr_4"}, {"parent_TextBlock": "Tb_5", "text": "MTF HEALTH CARE TREATMENT AND PLAN", "parent_Field": null, "parent_Choice_Field": null, "parent_ChoiceGroup": null, "w": 534, "h": 25, "y": 55, "x": 583, "structure_id": "Tr_5"}, {"parent_TextBlock": "Tb_6", "text": "Has a TRICARE / MMSO authorization been requested?", "parent_Field": null, "parent_Choice_Field": null, "parent_ChoiceGroup": "Chgp_1", "w": 555, "h": 22, "y": 781, "x": 81, "structure_id": "Tr_6"}, {"parent_TextBlock": "Tb_7", "text": "YES  If yes, when was the order entered?  Note: Limited to 103 characters.", "parent_Field": null, "parent_Choice_Field": "Chf_1", "parent_ChoiceGroup": "Chgp_1", "w": 734, "h": 22, "y": 781, "x": 794, "structure_id": "Tr_7"}, {"parent_TextBlock": "Tb_8", "text": "NO", "parent_Field": null, "parent_Choice_Field": "Chf_2", "parent_ChoiceGroup": "Chgp_1", "w": 34, "h": 22, "y": 781, "x": 696, "structure_id": "Tr_8"}, {"parent_TextBlock": "Tb_9", "text": "INJURY / DISEASE / DISORDER DIAGNOSIS DETAILS", "parent_Field": "Fi_3", "parent_Choice_Field": null, "parent_ChoiceGroup": null, "w": 565, "h": 22, "y": 172, "x": 77, "structure_id": "Tr_9"}, {"parent_TextBlock": "Tb_9", "text": "(Please give brief overview of medical conditions / injuries) Note: Limited to 681 characters.", "parent_Field": "Fi_3", "parent_Choice_Field": null, "parent_ChoiceGroup": null, "w": 897, "h": 22, "y": 172, "x": 642, "structure_id": "Tr_10"}, {"parent_TextBlock": "Tb_10", "text": "Medication List, Concerns and / or Issues.", "parent_Field": "Fi_4", "parent_Choice_Field": null, "parent_ChoiceGroup": null, "w": 420, "h": 22, "y": 422, "x": 77, "structure_id": "Tr_11"}, {"parent_TextBlock": "Tb_10", "text": "Note: Limited to 207 characters.", "parent_Field": "Fi_4", "parent_Choice_Field": null, "parent_ChoiceGroup": null, "w": 315, "h": 22, "y": 422, "x": 497, "structure_id": "Tr_12"}, {"parent_TextBlock": "Tb_11", "text": "Designated as HIGH RISK:", "parent_Field": null, "parent_Choice_Field": null, "parent_ChoiceGroup": "Chgp_2", "w": 268, "h": 22, "y": 281, "x": 81, "structure_id": "Tr_13"}, {"parent_TextBlock": "Tb_12", "text": "YES  (Please explain reason for HIGH RISK designation) Note: Limited to 207 characters.", "parent_Field": null, "parent_Choice_Field": "Chf_3", "parent_ChoiceGroup": "Chgp_2", "w": 884, "h": 22, "y": 281, "x": 521, "structure_id": "Tr_14"}, {"parent_TextBlock": "Tb_13", "text": "NO", "parent_Field": null, "parent_Choice_Field": "Chf_4", "parent_ChoiceGroup": "Chgp_2", "w": 34, "h": 22, "y": 281, "x": 421, "structure_id": "Tr_15"}, {"parent_TextBlock": "Tb_14", "text": "Medication Plan for transition period:", "parent_Field": "Fi_5", "parent_Choice_Field": null, "parent_ChoiceGroup": null, "w": 360, "h": 22, "y": 564, "x": 81, "structure_id": "Tr_16"}, {"parent_TextBlock": "Tb_15", "text": "days of medication available or refills entered.", "parent_Field": "Fi_5", "parent_Choice_Field": null, "parent_ChoiceGroup": null, "w": 451, "h": 22, "y": 564, "x": 558, "structure_id": "Tr_17"}, {"parent_TextBlock": "Tb_16", "text": "DISCHARGE PLAN from Military Treatment Facility (to include WHEN and WHERE patient will be discharged, current discharge status, i.e. convalescent or", "parent_Field": "Fi_6", "parent_Choice_Field": null, "parent_ChoiceGroup": null, "w": 1536, "h": 22, "y": 609, "x": 77, "structure_id": "Tr_18"}, {"parent_TextBlock": "Tb_16", "text": "transition / terminal leave; pending medical discharge, return to duty, return to MTF, separation, etc.)", "parent_Field": "Fi_6", "parent_Choice_Field": null, "parent_ChoiceGroup": null, "w": 991, "h": 22, "y": 636, "x": 77, "structure_id": "Tr_19"}, {"parent_TextBlock": "Tb_16", "text": "Note: Limited to 207 characters", "parent_Field": "Fi_6", "parent_Choice_Field": null, "parent_ChoiceGroup": null, "w": 309, "h": 22, "y": 636, "x": 1068, "structure_id": "Tr_20"}, {"parent_TextBlock": "Tb_17", "text": "SOURCE OF MEDICAL INFORMATION:", "parent_Field": null, "parent_Choice_Field": null, "parent_ChoiceGroup": "Chgp_3", "w": 405, "h": 22, "y": 947, "x": 81, "structure_id": "Tr_21"}, {"parent_TextBlock": "Tb_18", "text": "MTF referral source", "parent_Field": null, "parent_Choice_Field": "Chf_5", "parent_ChoiceGroup": "Chgp_3", "w": 195, "h": 22, "y": 947, "x": 555, "structure_id": "Tr_22"}, {"parent_TextBlock": "Tb_19", "text": "Self-Report", "parent_Field": null, "parent_Choice_Field": "Chf_6", "parent_ChoiceGroup": "Chgp_3", "w": 113, "h": 22, "y": 947, "x": 820, "structure_id": "Tr_23"}, {"parent_TextBlock": "Tb_20", "text": "IDES", "parent_Field": null, "parent_Choice_Field": "Chf_7", "parent_ChoiceGroup": "Chgp_3", "w": 52, "h": 22, "y": 947, "x": 1003, "structure_id": "Tr_24"}, {"parent_TextBlock": "Tb_21", "text": "Family member / Caregiver", "parent_Field": null, "parent_Choice_Field": "Chf_8", "parent_ChoiceGroup": "Chgp_3", "w": 268, "h": 22, "y": 947, "x": 1123, "structure_id": "Tr_25"}, {"parent_TextBlock": "Tb_22", "text": "Other", "parent_Field": null, "parent_Choice_Field": "Chf_9", "parent_ChoiceGroup": "Chgp_3", "w": 56, "h": 22, "y": 947, "x": 1456, "structure_id": "Tr_26"}, {"parent_TextBlock": "Tb_23", "text": "Describe Other.", "parent_Field": "Fi_7", "parent_Choice_Field": null, "parent_ChoiceGroup": null, "w": 161, "h": 22, "y": 989, "x": 77, "structure_id": "Tr_27"}, {"parent_TextBlock": "Tb_23", "text": "Note: Limited to 112 characters.", "parent_Field": "Fi_7", "parent_Choice_Field": null, "parent_ChoiceGroup": null, "w": 315, "h": 22, "y": 989, "x": 238, "structure_id": "Tr_28"}, {"parent_TextBlock": "Tb_24", "text": "Date of injury:", "parent_Field": "Fi_8", "parent_Choice_Field": null, "parent_ChoiceGroup": null, "w": 137, "h": 22, "y": 89, "x": 1071, "structure_id": "Tr_29"}, {"parent_TextBlock": "Tb_25", "text": "Ill or injured designation:", "parent_Field": null, "parent_Choice_Field": null, "parent_ChoiceGroup": "Chgp_4", "w": 241, "h": 22, "y": 114, "x": 77, "structure_id": "Tr_30"}, {"parent_TextBlock": "Tb_26", "text": "Combat injury", "parent_Field": null, "parent_Choice_Field": "Chf_10", "parent_ChoiceGroup": "Chgp_4", "w": 137, "h": 22, "y": 114, "x": 384, "structure_id": "Tr_31"}, {"parent_TextBlock": "Tb_27", "text": "Non-combat injury", "parent_Field": null, "parent_Choice_Field": "Chf_11", "parent_ChoiceGroup": "Chgp_4", "w": 180, "h": 22, "y": 114, "x": 581, "structure_id": "Tr_32"}, {"parent_TextBlock": "Tb_28", "text": "Disease / Disorder", "parent_Field": null, "parent_Choice_Field": "Chf_12", "parent_ChoiceGroup": "Chgp_4", "w": 183, "h": 22, "y": 114, "x": 832, "structure_id": "Tr_33"}, {"parent_TextBlock": "Tb_29", "text": "OUTPATIENT VA HEALTH CARE REQUESTED", "parent_Field": null, "parent_Choice_Field": null, "parent_ChoiceGroup": null, "w": 550, "h": 25, "y": 1104, "x": 575, "structure_id": "Tr_34"}, {"parent_TextBlock": "Tb_30", "text": "REQUESTED HEALTH CARE (", "parent_Field": null, "parent_Choice_Field": null, "parent_ChoiceGroup": "Chgp_5", "w": 313, "h": 22, "y": 1242, "x": 77, "structure_id": "Tr_35"}, {"parent_TextBlock": "Tb_30", "text": "please check all that apply, provide corresponding medical records, indicate specialties as needed, and explain duration /", "parent_Field": null, "parent_Choice_Field": null, "parent_ChoiceGroup": "Chgp_5", "w": 1196, "h": 22, "y": 1242, "x": 390, "structure_id": "Tr_36"}, {"parent_TextBlock": "Tb_30", "text": "timeline as appropriate):", "parent_Field": null, "parent_Choice_Field": null, "parent_ChoiceGroup": "Chgp_5", "w": 238, "h": 22, "y": 1269, "x": 77, "structure_id": "Tr_37"}, {"parent_TextBlock": "Tb_31", "text": "Primary Care:", "parent_Field": null, "parent_Choice_Field": "Chf_13", "parent_ChoiceGroup": "Chgp_5", "w": 143, "h": 22, "y": 1338, "x": 111, "structure_id": "Tr_38"}, {"parent_TextBlock": "Tb_31", "text": "Note: Limited to 207 characters.", "parent_Field": null, "parent_Choice_Field": "Chf_13", "parent_ChoiceGroup": "Chgp_5", "w": 315, "h": 22, "y": 1338, "x": 254, "structure_id": "Tr_39"}, {"parent_TextBlock": "Tb_32", "text": "Mental Health (Psychiatry, Psychology, PTSD, Substance Abuse):", "parent_Field": null, "parent_Choice_Field": "Chf_14", "parent_ChoiceGroup": "Chgp_5", "w": 657, "h": 22, "y": 1439, "x": 112, "structure_id": "Tr_40"}, {"parent_TextBlock": "Tb_32", "text": "Note: Limited to 207 characters.", "parent_Field": null, "parent_Choice_Field": "Chf_14", "parent_ChoiceGroup": "Chgp_5", "w": 315, "h": 22, "y": 1439, "x": 769, "structure_id": "Tr_41"}, {"parent_TextBlock": "Tb_33", "text": "Therapy (PT, OT, Speech):", "parent_Field": null, "parent_Choice_Field": "Chf_15", "parent_ChoiceGroup": "Chgp_5", "w": 274, "h": 22, "y": 1539, "x": 112, "structure_id": "Tr_42"}, {"parent_TextBlock": "Tb_33", "text": "Note: Limited to 207 characters.", "parent_Field": null, "parent_Choice_Field": "Chf_15", "parent_ChoiceGroup": "Chgp_5", "w": 315, "h": 22, "y": 1539, "x": 386, "structure_id": "Tr_43"}, {"parent_TextBlock": "Tb_34", "text": "Pain Management:", "parent_Field": null, "parent_Choice_Field": "Chf_16", "parent_ChoiceGroup": "Chgp_5", "w": 193, "h": 22, "y": 1639, "x": 112, "structure_id": "Tr_44"}, {"parent_TextBlock": "Tb_34", "text": "Note: Limited to 207 characters.", "parent_Field": null, "parent_Choice_Field": "Chf_16", "parent_ChoiceGroup": "Chgp_5", "w": 315, "h": 22, "y": 1639, "x": 305, "structure_id": "Tr_45"}, {"parent_TextBlock": "Tb_35", "text": "Visually Impaired Services:", "parent_Field": null, "parent_Choice_Field": "Chf_17", "parent_ChoiceGroup": "Chgp_5", "w": 273, "h": 22, "y": 1739, "x": 112, "structure_id": "Tr_46"}, {"parent_TextBlock": "Tb_35", "text": "Note: Limited to 207 characters.", "parent_Field": null, "parent_Choice_Field": "Chf_17", "parent_ChoiceGroup": "Chgp_5", "w": 315, "h": 22, "y": 1739, "x": 385, "structure_id": "Tr_47"}, {"parent_TextBlock": "Tb_36", "text": "TBI / Polytrama:", "parent_Field": null, "parent_Choice_Field": "Chf_18", "parent_ChoiceGroup": "Chgp_5", "w": 165, "h": 22, "y": 1839, "x": 112, "structure_id": "Tr_48"}, {"parent_TextBlock": "Tb_36", "text": "Note: Limited to 207 characters.", "parent_Field": null, "parent_Choice_Field": "Chf_18", "parent_ChoiceGroup": "Chgp_5", "w": 315, "h": 22, "y": 1839, "x": 277, "structure_id": "Tr_49"}, {"parent_TextBlock": "Tb_37", "text": "DME / Prosthetics:", "parent_Field": null, "parent_Choice_Field": "Chf_19", "parent_ChoiceGroup": "Chgp_5", "w": 196, "h": 22, "y": 1939, "x": 112, "structure_id": "Tr_50"}, {"parent_TextBlock": "Tb_37", "text": "Note: Limited to 207 characters.", "parent_Field": null, "parent_Choice_Field": "Chf_19", "parent_ChoiceGroup": "Chgp_5", "w": 315, "h": 22, "y": 1939, "x": 308, "structure_id": "Tr_51"}, {"parent_TextBlock": "Tb_38", "text": "Requested VA Health Care Facility:", "parent_Field": "Fi_9", "parent_Choice_Field": null, "parent_ChoiceGroup": null, "w": 349, "h": 22, "y": 1147, "x": 77, "structure_id": "Tr_52"}, {"parent_TextBlock": "Tb_39", "text": "Is patient a VA Employee", "parent_Field": null, "parent_Choice_Field": null, "parent_ChoiceGroup": "Chgp_6", "w": 249, "h": 22, "y": 1197, "x": 77, "structure_id": "Tr_53"}, {"parent_TextBlock": "Tb_40", "text": "NO", "parent_Field": null, "parent_Choice_Field": "Chf_20", "parent_ChoiceGroup": "Chgp_6", "w": 34, "h": 22, "y": 1197, "x": 396, "structure_id": "Tr_54"}, {"parent_TextBlock": "Tb_41", "text": "YES", "parent_Field": null, "parent_Choice_Field": "Chf_21", "parent_ChoiceGroup": "Chgp_6", "w": 45, "h": 22, "y": 1197, "x": 497, "structure_id": "Tr_55"}, {"parent_TextBlock": "Tb_42", "text": "Has patient been registered at VA previously?", "parent_Field": null, "parent_Choice_Field": null, "parent_ChoiceGroup": "Chgp_7", "w": 452, "h": 22, "y": 1197, "x": 587, "structure_id": "Tr_56"}, {"parent_TextBlock": "Tb_43", "text": "NO", "parent_Field": null, "parent_Choice_Field": "Chf_22", "parent_ChoiceGroup": "Chgp_7", "w": 34, "h": 22, "y": 1197, "x": 1096, "structure_id": "Tr_57"}, {"parent_TextBlock": "Tb_44", "text": "YES", "parent_Field": null, "parent_Choice_Field": "Chf_23", "parent_ChoiceGroup": "Chgp_7", "w": 45, "h": 22, "y": 1197, "x": 1197, "structure_id": "Tr_58"}, {"parent_TextBlock": "Tb_45", "text": "OUTPATIENT CARE", "parent_Field": null, "parent_Choice_Field": null, "parent_ChoiceGroup": null, "w": 211, "h": 22, "y": 1305, "x": 77, "structure_id": "Tr_59"}], "ChoiceGroup": [{"y": 764.03125, "x": 60.515625, "structure_id": "Chgp_1", "w": 1578, "h": 167}, {"y": 263.03125, "x": 60.515625, "structure_id": "Chgp_2", "w": 1578, "h": 153}, {"y": 934.0378837917881, "x": 58.51562959560937, "structure_id": "Chgp_3", "w": 1581.0150860217332, "h": 48.105254015877655}, {"y": 82.03125, "x": 58.515893914953665, "structure_id": "Chgp_4", "w": 989.0037563120684, "h": 84}, {"y": 1235.0400215910622, "x": 60.515625, "structure_id": "Chgp_5", "w": 1579, "h": 795.9768027052281}, {"y": 1183.03125, "x": 58.515625, "structure_id": "Chgp_6", "w": 504, "h": 49}, {"y": 1181.03125, "x": 579.515625, "structure_id": "Chgp_7", "w": 670, "h": 48}]}