{"Widget": [{"parent_Field": "Fi_1", "parent_Choice_Field": null, "parent_ChoiceGroup": null, "w": 1155.116535433071, "h": 63.055118110236215, "y": 2027.8724409448819, "x": 114.80314960629921, "structure_id": "Wi_1"}, {"parent_Field": "Fi_2", "parent_Choice_Field": null, "parent_ChoiceGroup": null, "w": 295.3748031496063, "h": 61.68897637795276, "y": 2029.2385826771656, "x": 1289.8196850393701, "structure_id": "Wi_2"}, {"parent_Field": "Fi_3", "parent_Choice_Field": null, "parent_ChoiceGroup": null, "w": 815.5110236220473, "h": 60.70551181102363, "y": 1105.8275590551182, "x": 116.22204724409448, "structure_id": "Wi_3"}, {"parent_Field": null, "parent_Choice_Field": null, "parent_ChoiceGroup": null, "w": 301.2503937007874, "h": 30.014173228346458, "y": 1008.0251968503937, "x": 738.0000000000001, "structure_id": "Wi_4"}, {"parent_Field": null, "parent_Choice_Field": null, "parent_ChoiceGroup": null, "w": 301.2503937007874, "h": 30.014173228346458, "y": 1008.0251968503937, "x": 1215.3559055118112, "structure_id": "Wi_5"}, {"parent_Field": null, "parent_Choice_Field": null, "parent_ChoiceGroup": null, "w": 301.2503937007874, "h": 30.014173228346458, "y": 915.08031496063, "x": 738.0000000000001, "structure_id": "Wi_6"}, {"parent_Field": null, "parent_Choice_Field": null, "parent_ChoiceGroup": null, "w": 301.2503937007874, "h": 30.014173228346458, "y": 915.08031496063, "x": 1215.3559055118112, "structure_id": "Wi_7"}, {"parent_Field": "Fi_4", "parent_Choice_Field": null, "parent_ChoiceGroup": null, "w": 1462.7, "h": 150.76141732283463, "y": 372.39448818897637, "x": 118.40314960629922, "structure_id": "Wi_8"}, {"parent_Field": "Fi_5", "parent_Choice_Field": null, "parent_ChoiceGroup": null, "w": 1467.9023622047243, "h": 101.65275590551181, "y": 732.1275590551181, "x": 116.22204724409448, "structure_id": "Wi_9"}, {"parent_Field": "Fi_6", "parent_Choice_Field": null, "parent_ChoiceGroup": null, "w": 1460.636220472441, "h": 149.8889763779528, "y": 177.95275590551182, "x": 118.40314960629922, "structure_id": "Wi_10"}, {"parent_Field": "Fi_7", "parent_Choice_Field": null, "parent_ChoiceGroup": null, "w": 628.0307086614174, "h": 81.57244094488189, "y": 1084.9614173228347, "x": 953.7023622047244, "structure_id": "Wi_11"}, {"parent_Field": null, "parent_Choice_Field": "Chf_1", "parent_ChoiceGroup": "Chgp_1", "w": 27.777952755905513, "h": 27.777952755905513, "y": 651.4889763779528, "x": 122.58346456692912, "structure_id": "Wi_12"}, {"parent_Field": null, "parent_Choice_Field": "Chf_2", "parent_ChoiceGroup": "Chgp_1", "w": 27.777952755905513, "h": 27.777952755905513, "y": 651.4889763779528, "x": 226.88346456692915, "structure_id": "Wi_13"}, {"parent_Field": null, "parent_Choice_Field": "Chf_3", "parent_ChoiceGroup": "Chgp_2", "w": 27.777952755905513, "h": 27.777952755905513, "y": 651.4889763779528, "x": 619.0165354330709, "structure_id": "Wi_14"}, {"parent_Field": null, "parent_Choice_Field": "Chf_4", "parent_ChoiceGroup": "Chgp_2", "w": 27.777952755905513, "h": 27.777952755905513, "y": 651.4889763779528, "x": 723.3165354330708, "structure_id": "Wi_15"}, {"parent_Field": null, "parent_Choice_Field": "Chf_5", "parent_ChoiceGroup": "Chgp_3", "w": 27.777952755905513, "h": 27.777952755905513, "y": 651.4889763779528, "x": 1117.5834645669293, "structure_id": "Wi_16"}, {"parent_Field": null, "parent_Choice_Field": "Chf_6", "parent_ChoiceGroup": "Chgp_3", "w": 27.777952755905513, "h": 27.777952755905513, "y": 651.4889763779528, "x": 1221.8834645669292, "structure_id": "Wi_17"}], "TextBlock": [{"parent_Field": null, "parent_Choice_Field": null, "parent_ChoiceGroup": null, "w": 210, "h": 25, "y": 1187, "x": 742, "structure_id": "Tb_1"}, {"parent_Field": "Fi_1", "parent_Choice_Field": null, "parent_ChoiceGroup": null, "w": 534, "h": 20, "y": 2008, "x": 115, "structure_id": "Tb_2"}, {"parent_Field": null, "parent_Choice_Field": null, "parent_ChoiceGroup": null, "w": 645, "h": 22, "y": 1220, "x": 188, "structure_id": "Tb_3"}, {"parent_Field": "Fi_2", "parent_Choice_Field": null, "parent_ChoiceGroup": null, "w": 169, "h": 19, "y": 2007, "x": 1290, "structure_id": "Tb_4"}, {"parent_Field": null, "parent_Choice_Field": null, "parent_ChoiceGroup": null, "w": 916.1595595757309, "h": 23, "y": 1273, "x": 240.00110294624523, "structure_id": "Tb_5"}, {"parent_Field": null, "parent_Choice_Field": null, "parent_ChoiceGroup": null, "w": 39, "h": 33, "y": 1268.03125, "x": 204, "structure_id": "Tb_6"}, {"parent_Field": null, "parent_Choice_Field": null, "parent_ChoiceGroup": null, "w": 1357.1276006781118, "h": 64, "y": 1315, "x": 205.00094209991767, "structure_id": "Tb_7"}, {"parent_Field": null, "parent_Choice_Field": null, "parent_ChoiceGroup": null, "w": 43, "h": 32, "y": 1307.03125, "x": 201, "structure_id": "Tb_8"}, {"parent_Field": null, "parent_Choice_Field": null, "parent_ChoiceGroup": null, "w": 1108.1403955741303, "h": 23, "y": 1398, "x": 243.00111673307333, "structure_id": "Tb_9"}, {"parent_Field": null, "parent_Choice_Field": null, "parent_ChoiceGroup": null, "w": 29, "h": 35, "y": 1391.03125, "x": 211, "structure_id": "Tb_10"}, {"parent_Field": null, "parent_Choice_Field": null, "parent_ChoiceGroup": null, "w": 849.1931606093484, "h": 22, "y": 1440, "x": 247.00113511551058, "structure_id": "Tb_11"}, {"parent_Field": null, "parent_Choice_Field": null, "parent_ChoiceGroup": null, "w": 38, "h": 33, "y": 1435.03125, "x": 205, "structure_id": "Tb_12"}, {"parent_Field": null, "parent_Choice_Field": null, "parent_ChoiceGroup": null, "w": 504.30684008462924, "h": 22, "y": 1482, "x": 246.00113051990118, "structure_id": "Tb_13"}, {"parent_Field": null, "parent_Choice_Field": null, "parent_ChoiceGroup": null, "w": 41, "h": 27, "y": 1480.03125, "x": 202, "structure_id": "Tb_14"}, {"parent_Field": null, "parent_Choice_Field": null, "parent_ChoiceGroup": null, "w": 1123.1458318040513, "h": 23, "y": 1523, "x": 246.00113051990115, "structure_id": "Tb_15"}, {"parent_Field": null, "parent_Choice_Field": null, "parent_ChoiceGroup": null, "w": 33, "h": 30, "y": 1520.03125, "x": 211, "structure_id": "Tb_16"}, {"parent_Field": null, "parent_Choice_Field": null, "parent_ChoiceGroup": null, "w": 970.1676409559084, "h": 22, "y": 1565, "x": 246.00113051990132, "structure_id": "Tb_17"}, {"parent_Field": null, "parent_Choice_Field": null, "parent_ChoiceGroup": null, "w": 36, "h": 33, "y": 1558.03125, "x": 208, "structure_id": "Tb_18"}, {"parent_Field": null, "parent_Choice_Field": null, "parent_ChoiceGroup": null, "w": 1372.1257374312313, "h": 64, "y": 1607, "x": 210.00096507796457, "structure_id": "Tb_19"}, {"parent_Field": null, "parent_Choice_Field": null, "parent_ChoiceGroup": null, "w": 33.53040928226585, "h": 31, "y": 1600.03125, "x": 208, "structure_id": "Tb_20"}, {"parent_Field": null, "parent_Choice_Field": null, "parent_ChoiceGroup": null, "w": 516.3004351500462, "h": 22, "y": 1690, "x": 246.00113051990127, "structure_id": "Tb_21"}, {"parent_Field": null, "parent_Choice_Field": null, "parent_ChoiceGroup": null, "w": 39, "h": 27.88922912716023, "y": 1685.0432176364884, "x": 204, "structure_id": "Tb_22"}, {"parent_Field": null, "parent_Choice_Field": null, "parent_ChoiceGroup": null, "w": 1237.1655968889609, "h": 22, "y": 1732, "x": 261.0011994540416, "structure_id": "Tb_23"}, {"parent_Field": null, "parent_Choice_Field": null, "parent_ChoiceGroup": null, "w": 46, "h": 32, "y": 1724.03125, "x": 210, "structure_id": "Tb_24"}, {"parent_Field": null, "parent_Choice_Field": null, "parent_ChoiceGroup": null, "w": 1355.1480143708698, "h": 43, "y": 1773, "x": 188, "structure_id": "Tb_25"}, {"parent_Field": null, "parent_Choice_Field": null, "parent_ChoiceGroup": null, "w": 58, "h": 27, "y": 1765.03125, "x": 201, "structure_id": "Tb_26"}, {"parent_Field": null, "parent_Choice_Field": null, "parent_ChoiceGroup": null, "w": 1383.1450241815594, "h": 43, "y": 1836, "x": 188, "structure_id": "Tb_27"}, {"parent_Field": null, "parent_Choice_Field": null, "parent_ChoiceGroup": null, "w": 48, "h": 32, "y": 1826.03125, "x": 210, "structure_id": "Tb_28"}, {"parent_Field": null, "parent_Choice_Field": null, "parent_ChoiceGroup": null, "w": 1393.148505276739, "h": 43, "y": 1898, "x": 188, "structure_id": "Tb_29"}, {"parent_Field": null, "parent_Choice_Field": null, "parent_ChoiceGroup": null, "w": 50, "h": 34, "y": 1888.03125, "x": 208, "structure_id": "Tb_30"}, {"parent_Field": null, "parent_Choice_Field": null, "parent_ChoiceGroup": null, "w": 1124.1742559008746, "h": 22, "y": 1961, "x": 258.0011856672136, "structure_id": "Tb_31"}, {"parent_Field": null, "parent_Choice_Field": null, "parent_ChoiceGroup": null, "w": 51, "h": 31, "y": 1954.03125, "x": 202, "structure_id": "Tb_32"}, {"parent_Field": null, "parent_Choice_Field": null, "parent_ChoiceGroup": null, "w": 259, "h": 20, "y": 2111, "x": 104, "structure_id": "Tb_33"}, {"parent_Field": null, "parent_Choice_Field": null, "parent_ChoiceGroup": null, "w": 270, "h": 23, "y": 654, "x": 1318, "structure_id": "Tb_34"}, {"parent_Field": "Fi_3", "parent_Choice_Field": null, "parent_ChoiceGroup": null, "w": 810, "h": 42, "y": 1063, "x": 116, "structure_id": "Tb_35"}, {"parent_Field": null, "parent_Choice_Field": null, "parent_ChoiceGroup": null, "w": 305, "h": 43, "y": 979, "x": 224, "structure_id": "Tb_36"}, {"parent_Field": null, "parent_Choice_Field": null, "parent_ChoiceGroup": null, "w": 331, "h": 20, "y": 851, "x": 729, "structure_id": "Tb_37"}, {"parent_Field": null, "parent_Choice_Field": null, "parent_ChoiceGroup": null, "w": 360, "h": 20, "y": 851, "x": 1187, "structure_id": "Tb_38"}, {"parent_Field": null, "parent_Choice_Field": null, "parent_ChoiceGroup": null, "w": 257, "h": 19, "y": 887, "x": 247, "structure_id": "Tb_39"}, {"parent_Field": "Fi_4", "parent_Choice_Field": null, "parent_ChoiceGroup": null, "w": 737, "h": 19, "y": 352, "x": 118, "structure_id": "Tb_40"}, {"parent_Field": "Fi_5", "parent_Choice_Field": null, "parent_ChoiceGroup": null, "w": 384, "h": 19, "y": 712, "x": 116, "structure_id": "Tb_41"}, {"parent_Field": "Fi_6", "parent_Choice_Field": null, "parent_ChoiceGroup": null, "w": 502, "h": 20, "y": 156, "x": 118, "structure_id": "Tb_42"}, {"parent_Field": null, "parent_Choice_Field": null, "parent_ChoiceGroup": null, "w": 269, "h": 23, "y": 654, "x": 822, "structure_id": "Tb_43"}, {"parent_Field": "Fi_7", "parent_Choice_Field": null, "parent_ChoiceGroup": null, "w": 435, "h": 19, "y": 1064, "x": 954, "structure_id": "Tb_44"}, {"parent_Field": null, "parent_Choice_Field": null, "parent_ChoiceGroup": null, "w": 270, "h": 23, "y": 654, "x": 327, "structure_id": "Tb_45"}, {"parent_Field": null, "parent_Choice_Field": null, "parent_ChoiceGroup": "Chgp_1", "w": 475, "h": 59, "y": 548, "x": 112, "structure_id": "Tb_46"}, {"parent_Field": null, "parent_Choice_Field": "Chf_1", "parent_ChoiceGroup": "Chgp_1", "w": 39, "h": 19, "y": 656, "x": 163, "structure_id": "Tb_47"}, {"parent_Field": null, "parent_Choice_Field": "Chf_2", "parent_ChoiceGroup": "Chgp_1", "w": 29, "h": 19, "y": 656, "x": 268, "structure_id": "Tb_48"}, {"parent_Field": null, "parent_Choice_Field": null, "parent_ChoiceGroup": "Chgp_2", "w": 480, "h": 78, "y": 548, "x": 607, "structure_id": "Tb_49"}, {"parent_Field": null, "parent_Choice_Field": "Chf_3", "parent_ChoiceGroup": "Chgp_2", "w": 39, "h": 19, "y": 656, "x": 660, "structure_id": "Tb_50"}, {"parent_Field": null, "parent_Choice_Field": "Chf_4", "parent_ChoiceGroup": "Chgp_2", "w": 29, "h": 19, "y": 656, "x": 764, "structure_id": "Tb_51"}, {"parent_Field": null, "parent_Choice_Field": null, "parent_ChoiceGroup": "Chgp_3", "w": 451, "h": 83, "y": 548, "x": 1103, "structure_id": "Tb_52"}, {"parent_Field": null, "parent_Choice_Field": "Chf_5", "parent_ChoiceGroup": "Chgp_3", "w": 39, "h": 19, "y": 656, "x": 1158, "structure_id": "Tb_53"}, {"parent_Field": null, "parent_Choice_Field": "Chf_6", "parent_ChoiceGroup": "Chgp_3", "w": 29, "h": 19, "y": 656, "x": 1257, "structure_id": "Tb_54"}], "Choice_Field": [{"y": 651.4889763779528, "x": 122.58346456692912, "structure_id": "Chf_1", "w": 79.41653543307088, "h": 27.777952755905517}, {"y": 651.4889763779528, "x": 226.88346456692915, "structure_id": "Chf_2", "w": 70.11653543307085, "h": 27.777952755905517}, {"y": 651.4889763779528, "x": 619.0165354330709, "structure_id": "Chf_3", "w": 79.98346456692911, "h": 27.777952755905517}, {"y": 651.4889763779528, "x": 723.3165354330708, "structure_id": "Chf_4", "w": 69.68346456692916, "h": 27.777952755905517}, {"y": 651.4889763779528, "x": 1117.5834645669293, "structure_id": "Chf_5", "w": 79.41653543307075, "h": 27.777952755905517}, {"y": 651.4889763779528, "x": 1221.8834645669292, "structure_id": "Chf_6", "w": 64.1165354330708, "h": 27.777952755905517}], "Field": [{"y": 2008, "x": 114.80314960629921, "structure_id": "Fi_1", "w": 1155.116535433071, "h": 82.92755905511831}, {"y": 2007, "x": 1289.8196850393701, "structure_id": "Fi_2", "w": 295.37480314960635, "h": 83.92755905511831}, {"y": 1063, "x": 116, "structure_id": "Fi_3", "w": 815.7330708661418, "h": 103.53307086614177}, {"y": 352, "x": 118, "structure_id": "Fi_4", "w": 1463.1031496062992, "h": 171.15590551181094}, {"y": 712, "x": 116, "structure_id": "Fi_5", "w": 1468.1244094488188, "h": 121.78031496063}, {"y": 156, "x": 118, "structure_id": "Fi_6", "w": 1461.0393700787401, "h": 171.84173228346458}, {"y": 1064, "x": 953.7023622047244, "structure_id": "Fi_7", "w": 628.0307086614174, "h": 102.5338582677166}], "TextRun": [{"parent_TextBlock": "Tb_1", "text": "CERTIFICATIONS", "parent_Field": null, "parent_Choice_Field": null, "parent_ChoiceGroup": null, "w": 210, "h": 25, "y": 1187, "x": 742, "structure_id": "Tr_1"}, {"parent_TextBlock": "Tb_2", "text": "16.  SIGNATURE OF PRESIDENT OR PRINCIPAL OFFICER", "parent_Field": "Fi_1", "parent_Choice_Field": null, "parent_ChoiceGroup": null, "w": 534, "h": 20, "y": 2008, "x": 115, "structure_id": "Tr_2"}, {"parent_TextBlock": "Tb_3", "text": "If this application is approved, the undersigned agrees and certifies that:", "parent_Field": null, "parent_Choice_Field": null, "parent_ChoiceGroup": null, "w": 645, "h": 22, "y": 1220, "x": 188, "structure_id": "Tr_3"}, {"parent_TextBlock": "Tb_4", "text": "17.  DATE SIGNED", "parent_Field": "Fi_2", "parent_Choice_Field": null, "parent_ChoiceGroup": null, "w": 169, "h": 19, "y": 2007, "x": 1290, "structure_id": "Tr_4"}, {"parent_TextBlock": "Tb_5", "text": "(1) It will comply with the provisions of title 38 USC, VA regulations and other directives issued by VA;", "parent_Field": null, "parent_Choice_Field": null, "parent_ChoiceGroup": null, "w": 916.1595595757309, "h": 23, "y": 1273, "x": 240.00110294624523, "structure_id": "Tr_5"}, {"parent_TextBlock": "Tb_6", "parent_Field": null, "parent_Choice_Field": null, "parent_ChoiceGroup": null, "w": 39, "h": 33, "y": 1268.03125, "x": 204, "structure_id": "Tr_6"}, {"parent_TextBlock": "Tb_7", "text": "(2)  It will notify the Secretary of Veterans Affairs and the Director of the Regional Office or Center in the area in which its main or branch office(s) is", "parent_Field": null, "parent_Choice_Field": null, "parent_ChoiceGroup": null, "w": 1315.1274076625189, "h": 22, "y": 1315, "x": 247.00113511551058, "structure_id": "Tr_7"}, {"parent_TextBlock": "Tb_7", "text": "(or are) located of any change in its corporate structure, operations, or financial condition which may have a bearing on its continued qualifications for", "parent_Field": null, "parent_Choice_Field": null, "parent_ChoiceGroup": null, "w": 1354.036177860999, "h": 22, "y": 1336, "x": 205.00094209991767, "structure_id": "Tr_8"}, {"parent_TextBlock": "Tb_7", "text": "authority to close loans automatically;", "parent_Field": null, "parent_Choice_Field": null, "parent_ChoiceGroup": null, "w": 353.15105631919255, "h": 22, "y": 1357, "x": 207.0009512911365, "structure_id": "Tr_9"}, {"parent_TextBlock": "Tb_8", "parent_Field": null, "parent_Choice_Field": null, "parent_ChoiceGroup": null, "w": 43, "h": 32, "y": 1307.03125, "x": 201, "structure_id": "Tr_10"}, {"parent_TextBlock": "Tb_9", "text": "(3)  It will submit at any time to such examination of its records and accounts as the Secretary of Veterans Affairs may require;", "parent_Field": null, "parent_Choice_Field": null, "parent_ChoiceGroup": null, "w": 1108.1403955741303, "h": 23, "y": 1398, "x": 243.00111673307333, "structure_id": "Tr_11"}, {"parent_TextBlock": "Tb_10", "parent_Field": null, "parent_Choice_Field": null, "parent_ChoiceGroup": null, "w": 29, "h": 35, "y": 1391.03125, "x": 211, "structure_id": "Tr_12"}, {"parent_TextBlock": "Tb_11", "text": "(4)  Its principal activity will be the originating, purchasing and servicing of real estate mortgages;", "parent_Field": null, "parent_Choice_Field": null, "parent_ChoiceGroup": null, "w": 849.1931606093484, "h": 22, "y": 1440, "x": 247.00113511551058, "structure_id": "Tr_13"}, {"parent_TextBlock": "Tb_12", "parent_Field": null, "parent_Choice_Field": null, "parent_ChoiceGroup": null, "w": 38, "h": 33, "y": 1435.03125, "x": 205, "structure_id": "Tr_14"}, {"parent_TextBlock": "Tb_13", "text": "(5)  It will promptly furnish VA any requested information;", "parent_Field": null, "parent_Choice_Field": null, "parent_ChoiceGroup": null, "w": 504.30684008462924, "h": 22, "y": 1482, "x": 246.00113051990118, "structure_id": "Tr_15"}, {"parent_TextBlock": "Tb_14", "parent_Field": null, "parent_Choice_Field": null, "parent_ChoiceGroup": null, "w": 41, "h": 27, "y": 1480.03125, "x": 202, "structure_id": "Tr_16"}, {"parent_TextBlock": "Tb_15", "text": "(6)  It will submit annual financial statements audited and certified by a CPA within 120 days following the end of its fiscal year;", "parent_Field": null, "parent_Choice_Field": null, "parent_ChoiceGroup": null, "w": 1123.1458318040513, "h": 23, "y": 1523, "x": 246.00113051990115, "structure_id": "Tr_17"}, {"parent_TextBlock": "Tb_16", "parent_Field": null, "parent_Choice_Field": null, "parent_ChoiceGroup": null, "w": 33, "h": 30, "y": 1520.03125, "x": 211, "structure_id": "Tr_18"}, {"parent_TextBlock": "Tb_17", "text": "(7)  It will maintain a minimum of $50,000 of working capital or a minimum of $250,000 in adjusted net worth;", "parent_Field": null, "parent_Choice_Field": null, "parent_ChoiceGroup": null, "w": 970.1676409559084, "h": 22, "y": 1565, "x": 246.00113051990132, "structure_id": "Tr_19"}, {"parent_TextBlock": "Tb_18", "parent_Field": null, "parent_Choice_Field": null, "parent_ChoiceGroup": null, "w": 36, "h": 33, "y": 1558.03125, "x": 208, "structure_id": "Tr_20"}, {"parent_TextBlock": "Tb_19", "text": "(8)  It will not close loans on an automatic basis as a courtesy or accommodation for other mortgage lenders regardless of whether or not such lenders are", "parent_Field": null, "parent_Choice_Field": null, "parent_ChoiceGroup": null, "w": 1335.1255673936853, "h": 22, "y": 1607, "x": 247.00113511551058, "structure_id": "Tr_21"}, {"parent_TextBlock": "Tb_19", "text": "approved themselves to close on an automatic basis, nor will it close loans on the automatic basis for any builder, real estate brokerage firm or other", "parent_Field": null, "parent_Choice_Field": null, "parent_ChoiceGroup": null, "w": 1326.0500679810273, "h": 22, "y": 1628, "x": 211.000969673574, "structure_id": "Tr_22"}, {"parent_TextBlock": "Tb_19", "text": "entity which it owns, is owned by, is affiliated with or has a financial interest in, without the express approval of the Department of Veteran Affairs;", "parent_Field": null, "parent_Choice_Field": null, "parent_ChoiceGroup": null, "w": 1328.0478175497028, "h": 23, "y": 1648, "x": 210.00096507796457, "structure_id": "Tr_23"}, {"parent_TextBlock": "Tb_20", "parent_Field": null, "parent_Choice_Field": null, "parent_ChoiceGroup": null, "w": 33.53040928226585, "h": 31, "y": 1600.03125, "x": 208, "structure_id": "Tr_24"}, {"parent_TextBlock": "Tb_21", "text": "(9)  It will not process loans it does not itself intend to make;", "parent_Field": null, "parent_Choice_Field": null, "parent_ChoiceGroup": null, "w": 516.3004351500462, "h": 22, "y": 1690, "x": 246.00113051990127, "structure_id": "Tr_25"}, {"parent_TextBlock": "Tb_22", "parent_Field": null, "parent_Choice_Field": null, "parent_ChoiceGroup": null, "w": 39, "h": 27.88922912716023, "y": 1685.0432176364884, "x": 204, "structure_id": "Tr_26"}, {"parent_TextBlock": "Tb_23", "text": "(10)  All prospective VA loans to be closed on an automatic basis will be reviewed and either approved or rejected by an approved underwriter;", "parent_Field": null, "parent_Choice_Field": null, "parent_ChoiceGroup": null, "w": 1237.1655968889609, "h": 22, "y": 1732, "x": 261.0011994540416, "structure_id": "Tr_27"}, {"parent_TextBlock": "Tb_24", "parent_Field": null, "parent_Choice_Field": null, "parent_ChoiceGroup": null, "w": 46, "h": 32, "y": 1724.03125, "x": 210, "structure_id": "Tr_28"}, {"parent_TextBlock": "Tb_25", "text": "(11)  It will take responsibility for all credit information; i.e., credit report, verifications of employment and deposit, and disclose the sources of such", "parent_Field": null, "parent_Choice_Field": null, "parent_ChoiceGroup": null, "w": 1288.1468424904845, "h": 23, "y": 1773, "x": 255.0011718803853, "structure_id": "Tr_29"}, {"parent_TextBlock": "Tb_25", "text": "information;", "parent_Field": null, "parent_Choice_Field": null, "parent_ChoiceGroup": null, "w": 144, "h": 22, "y": 1794, "x": 188, "structure_id": "Tr_30"}, {"parent_TextBlock": "Tb_26", "parent_Field": null, "parent_Choice_Field": null, "parent_ChoiceGroup": null, "w": 58, "h": 27, "y": 1765.03125, "x": 201, "structure_id": "Tr_31"}, {"parent_TextBlock": "Tb_27", "text": "(12)  It will furnish upon request of the appropriate VA field station, a copy of its monthly delinquency reports pertaining to VA guaranteed loans being", "parent_Field": null, "parent_Choice_Field": null, "parent_ChoiceGroup": null, "w": 1316.1438523011739, "h": 22, "y": 1836, "x": 255.00117188038553, "structure_id": "Tr_32"}, {"parent_TextBlock": "Tb_27", "text": "serviced;", "parent_Field": null, "parent_Choice_Field": null, "parent_ChoiceGroup": null, "w": 113, "h": 22, "y": 1857, "x": 188, "structure_id": "Tr_33"}, {"parent_TextBlock": "Tb_28", "parent_Field": null, "parent_Choice_Field": null, "parent_ChoiceGroup": null, "w": 48, "h": 32, "y": 1826.03125, "x": 210, "structure_id": "Tr_34"}, {"parent_TextBlock": "Tb_29", "text": "(13)  It will use its automatic lending authority to the maximum extent possible; if not used, it will submit an explanation as to why a loan was processed", "parent_Field": null, "parent_Choice_Field": null, "parent_ChoiceGroup": null, "w": 1322.1473150139159, "h": 23, "y": 1898, "x": 259.001190262823, "structure_id": "Tr_35"}, {"parent_TextBlock": "Tb_29", "text": "prior-approval;", "parent_Field": null, "parent_Choice_Field": null, "parent_ChoiceGroup": null, "w": 167, "h": 22, "y": 1919, "x": 188, "structure_id": "Tr_36"}, {"parent_TextBlock": "Tb_30", "parent_Field": null, "parent_Choice_Field": null, "parent_ChoiceGroup": null, "w": 50, "h": 34, "y": 1888.03125, "x": 208, "structure_id": "Tr_37"}, {"parent_TextBlock": "Tb_31", "text": "(14)  The foregoing is true to the best of my knowledge and belief and verification may be obtained from any source named herein.", "parent_Field": null, "parent_Choice_Field": null, "parent_ChoiceGroup": null, "w": 1124.1742559008746, "h": 22, "y": 1961, "x": 258.0011856672136, "structure_id": "Tr_38"}, {"parent_TextBlock": "Tb_32", "parent_Field": null, "parent_Choice_Field": null, "parent_ChoiceGroup": null, "w": 51, "h": 31, "y": 1954.03125, "x": 202, "structure_id": "Tr_39"}, {"parent_TextBlock": "Tb_33", "text": "VA FORM 26-8736, JUL 2014", "parent_Field": null, "parent_Choice_Field": null, "parent_ChoiceGroup": null, "w": 259, "h": 20, "y": 2111, "x": 104, "structure_id": "Tr_40"}, {"parent_TextBlock": "Tb_34", "text": "(If \"YES,\" complete Item 11D)", "parent_Field": null, "parent_Choice_Field": null, "parent_ChoiceGroup": null, "w": 270, "h": 23, "y": 654, "x": 1318, "structure_id": "Tr_41"}, {"parent_TextBlock": "Tb_35", "text": "14.  NAME OF LIAISON OFFICER AND ALTERNATE TO ACT AS LIAISON ON THE FIRM'S", "parent_Field": "Fi_3", "parent_Choice_Field": null, "parent_ChoiceGroup": null, "w": 810, "h": 19, "y": 1063, "x": 116, "structure_id": "Tr_42"}, {"parent_TextBlock": "Tb_35", "text": "BEHALF WITH VA REGIONAL OFFICES AND CENTERS", "parent_Field": "Fi_3", "parent_Choice_Field": null, "parent_ChoiceGroup": null, "w": 540, "h": 19, "y": 1086, "x": 116, "structure_id": "Tr_43"}, {"parent_TextBlock": "Tb_36", "text": "13.  NUMBER OF OTHER LOANS", "parent_Field": null, "parent_Choice_Field": null, "parent_ChoiceGroup": null, "w": 305, "h": 20, "y": 979, "x": 224, "structure_id": "Tr_44"}, {"parent_TextBlock": "Tb_36", "text": "(FHA or conventional)", "parent_Field": null, "parent_Choice_Field": null, "parent_ChoiceGroup": null, "w": 178, "h": 19, "y": 1003, "x": 285, "structure_id": "Tr_45"}, {"parent_TextBlock": "Tb_37", "text": "CLOSED IN PAST CALENDAR YEAR", "parent_Field": null, "parent_Choice_Field": null, "parent_ChoiceGroup": null, "w": 331, "h": 20, "y": 851, "x": 729, "structure_id": "Tr_46"}, {"parent_TextBlock": "Tb_38", "text": "CLOSED IN PAST 5 CALENDAR YEARS", "parent_Field": null, "parent_Choice_Field": null, "parent_ChoiceGroup": null, "w": 360, "h": 20, "y": 851, "x": 1187, "structure_id": "Tr_47"}, {"parent_TextBlock": "Tb_39", "text": "12.  NUMBER OF VA LOANS", "parent_Field": null, "parent_Choice_Field": null, "parent_ChoiceGroup": null, "w": 257, "h": 19, "y": 887, "x": 247, "structure_id": "Tr_48"}, {"parent_TextBlock": "Tb_40", "text": "10.  LIST WAREHOUSE LINES OF CREDIT, INDICATING AMOUNT OF EACH LINE", "parent_Field": "Fi_4", "parent_Choice_Field": null, "parent_ChoiceGroup": null, "w": 737, "h": 19, "y": 352, "x": 118, "structure_id": "Tr_49"}, {"parent_TextBlock": "Tb_41", "text": "11D.  COMPLETE STATEMENT OF FACTS", "parent_Field": "Fi_5", "parent_Choice_Field": null, "parent_ChoiceGroup": null, "w": 384, "h": 19, "y": 712, "x": 116, "structure_id": "Tr_50"}, {"parent_TextBlock": "Tb_42", "text": "9.  LIST STATES WHERE VA LOANS ARE ORIGINATED", "parent_Field": "Fi_6", "parent_Choice_Field": null, "parent_ChoiceGroup": null, "w": 502, "h": 20, "y": 156, "x": 118, "structure_id": "Tr_51"}, {"parent_TextBlock": "Tb_43", "text": "(If \"YES,\" complete Item 11D)", "parent_Field": null, "parent_Choice_Field": null, "parent_ChoiceGroup": null, "w": 269, "h": 23, "y": 654, "x": 822, "structure_id": "Tr_52"}, {"parent_TextBlock": "Tb_44", "text": "15.  NAME OF DESIGNATED UNDERWRITER(S)", "parent_Field": "Fi_7", "parent_Choice_Field": null, "parent_ChoiceGroup": null, "w": 435, "h": 19, "y": 1064, "x": 954, "structure_id": "Tr_53"}, {"parent_TextBlock": "Tb_45", "text": "(If \"YES,\" complete Item 11D)", "parent_Field": null, "parent_Choice_Field": null, "parent_ChoiceGroup": null, "w": 270, "h": 23, "y": 654, "x": 327, "structure_id": "Tr_54"}, {"parent_TextBlock": "Tb_46", "text": "11A.  WAS THE FIRM OR ANY OF ITS DIRECTORS", "parent_Field": null, "parent_Choice_Field": null, "parent_ChoiceGroup": "Chgp_1", "w": 466, "h": 20, "y": 548, "x": 112, "structure_id": "Tr_55"}, {"parent_TextBlock": "Tb_46", "text": "OR OFFICERS EVER SUSPENDED BY HUD OR", "parent_Field": null, "parent_Choice_Field": null, "parent_ChoiceGroup": "Chgp_1", "w": 475, "h": 19, "y": 568, "x": 112, "structure_id": "Tr_56"}, {"parent_TextBlock": "Tb_46", "text": "VA?", "parent_Field": null, "parent_Choice_Field": null, "parent_ChoiceGroup": "Chgp_1", "w": 75, "h": 20, "y": 587, "x": 112, "structure_id": "Tr_57"}, {"parent_TextBlock": "Tb_47", "text": "YES", "parent_Field": null, "parent_Choice_Field": "Chf_1", "parent_ChoiceGroup": "Chgp_1", "w": 39, "h": 19, "y": 656, "x": 163, "structure_id": "Tr_58"}, {"parent_TextBlock": "Tb_48", "text": "NO", "parent_Field": null, "parent_Choice_Field": "Chf_2", "parent_ChoiceGroup": "Chgp_1", "w": 29, "h": 19, "y": 656, "x": 268, "structure_id": "Tr_59"}, {"parent_TextBlock": "Tb_49", "text": "11B. WERE ANY OF ITS DIRECTORS OR OFFICERS", "parent_Field": null, "parent_Choice_Field": null, "parent_ChoiceGroup": "Chgp_2", "w": 480, "h": 20, "y": 548, "x": 607, "structure_id": "Tr_60"}, {"parent_TextBlock": "Tb_49", "text": "A DIRECTOR OR OFFICER OF ANY OTHER", "parent_Field": null, "parent_Choice_Field": null, "parent_ChoiceGroup": "Chgp_2", "w": 445, "h": 19, "y": 568, "x": 607, "structure_id": "Tr_61"}, {"parent_TextBlock": "Tb_49", "text": "FIRM THAT WAS SUSPENDED WHILE UNDER", "parent_Field": null, "parent_Choice_Field": null, "parent_ChoiceGroup": "Chgp_2", "w": 470, "h": 20, "y": 587, "x": 607, "structure_id": "Tr_62"}, {"parent_TextBlock": "Tb_49", "text": "THE EMPLOYMENT OF THAT FIRM?", "parent_Field": null, "parent_Choice_Field": null, "parent_ChoiceGroup": "Chgp_2", "w": 376, "h": 19, "y": 607, "x": 607, "structure_id": "Tr_63"}, {"parent_TextBlock": "Tb_50", "text": "YES", "parent_Field": null, "parent_Choice_Field": "Chf_3", "parent_ChoiceGroup": "Chgp_2", "w": 39, "h": 19, "y": 656, "x": 660, "structure_id": "Tr_64"}, {"parent_TextBlock": "Tb_51", "text": "NO", "parent_Field": null, "parent_Choice_Field": "Chf_4", "parent_ChoiceGroup": "Chgp_2", "w": 29, "h": 19, "y": 656, "x": 764, "structure_id": "Tr_65"}, {"parent_TextBlock": "Tb_52", "text": "11C.  DID THE LENDER-APPLICANT EVER HAVE", "parent_Field": null, "parent_Choice_Field": null, "parent_ChoiceGroup": "Chgp_3", "w": 451, "h": 20, "y": 548, "x": 1103, "structure_id": "Tr_66"}, {"parent_TextBlock": "Tb_52", "text": "A SERVICING CONTRACT WITH AN", "parent_Field": null, "parent_Choice_Field": null, "parent_ChoiceGroup": "Chgp_3", "w": 381, "h": 20, "y": 569, "x": 1103, "structure_id": "Tr_67"}, {"parent_TextBlock": "Tb_52", "text": "INVESTOR TERMINATED FOR CAUSE", "parent_Field": null, "parent_Choice_Field": null, "parent_ChoiceGroup": "Chgp_3", "w": 404, "h": 20, "y": 592, "x": 1103, "structure_id": "Tr_68"}, {"parent_TextBlock": "Tb_52", "text": "(e.g.", "parent_Field": null, "parent_Choice_Field": null, "parent_ChoiceGroup": "Chgp_3", "w": 40, "h": 22, "y": 590, "x": 1507, "structure_id": "Tr_69"}, {"parent_TextBlock": "Tb_52", "text": "serious misconduct related to employment", "parent_Field": null, "parent_Choice_Field": null, "parent_ChoiceGroup": "Chgp_3", "w": 375, "h": 20, "y": 611, "x": 1152, "structure_id": "Tr_70"}, {"parent_TextBlock": "Tb_52", "text": ")?", "parent_Field": null, "parent_Choice_Field": null, "parent_ChoiceGroup": "Chgp_3", "w": 17, "h": 18, "y": 613, "x": 1527, "structure_id": "Tr_71"}, {"parent_TextBlock": "Tb_53", "text": "YES", "parent_Field": null, "parent_Choice_Field": "Chf_5", "parent_ChoiceGroup": "Chgp_3", "w": 39, "h": 19, "y": 656, "x": 1158, "structure_id": "Tr_72"}, {"parent_TextBlock": "Tb_54", "text": "NO", "parent_Field": null, "parent_Choice_Field": "Chf_6", "parent_ChoiceGroup": "Chgp_3", "w": 29, "h": 19, "y": 656, "x": 1257, "structure_id": "Tr_73"}], "ChoiceGroup": [{"y": 541.03125, "x": 102, "structure_id": "Chgp_1", "w": 498, "h": 153}, {"y": 541.0350925787825, "x": 603, "structure_id": "Chgp_2", "w": 492, "h": 144.20138415400677}, {"y": 542.03125, "x": 1099, "structure_id": "Chgp_3", "w": 491, "h": 146}]}