{"Widget": [{"parent_Field": "Fi_1", "parent_Choice_Field": null, "parent_ChoiceGroup": null, "w": 683.3307086614174, "h": 66.66929133858268, "y": 1100, "x": 916.6692913385826, "structure_id": "Wi_1"}, {"parent_Field": "Fi_2", "parent_Choice_Field": null, "parent_ChoiceGroup": null, "w": 227.7748031496063, "h": 33.338582677165356, "y": 500, "x": 1383.3385826771655, "structure_id": "Wi_2"}, {"parent_Field": "Fi_3", "parent_Choice_Field": null, "parent_ChoiceGroup": null, "w": 227.7748031496063, "h": 33.338582677165356, "y": 466.6692913385827, "x": 1383.3385826771655, "structure_id": "Wi_3"}, {"parent_Field": "Fi_4", "parent_Choice_Field": null, "parent_ChoiceGroup": null, "w": 227.7748031496063, "h": 33.338582677165356, "y": 433.3307086614173, "x": 1116.6692913385828, "structure_id": "Wi_4"}, {"parent_Field": "Fi_5", "parent_Choice_Field": null, "parent_ChoiceGroup": null, "w": 227.7748031496063, "h": 33.338582677165356, "y": 400.00000000000006, "x": 1116.6692913385828, "structure_id": "Wi_5"}, {"parent_Field": "Fi_6", "parent_Choice_Field": null, "parent_ChoiceGroup": null, "w": 227.7748031496063, "h": 33.338582677165356, "y": 366.6692913385827, "x": 850, "structure_id": "Wi_6"}, {"parent_Field": "Fi_7", "parent_Choice_Field": null, "parent_ChoiceGroup": null, "w": 227.7748031496063, "h": 33.338582677165356, "y": 333.3307086614173, "x": 850, "structure_id": "Wi_7"}, {"parent_Field": "Fi_8", "parent_Choice_Field": null, "parent_ChoiceGroup": null, "w": 227.7748031496063, "h": 33.338582677165356, "y": 266.66929133858264, "x": 1383.3385826771655, "structure_id": "Wi_8"}, {"parent_Field": "Fi_9", "parent_Choice_Field": null, "parent_ChoiceGroup": null, "w": 227.7748031496063, "h": 33.338582677165356, "y": 233.33070866141733, "x": 1116.6692913385828, "structure_id": "Wi_9"}, {"parent_Field": "Fi_10", "parent_Choice_Field": null, "parent_ChoiceGroup": null, "w": 227.7748031496063, "h": 33.338582677165356, "y": 200, "x": 1116.6692913385828, "structure_id": "Wi_10"}, {"parent_Field": "Fi_11", "parent_Choice_Field": null, "parent_ChoiceGroup": null, "w": 227.7748031496063, "h": 33.33070866141732, "y": 166.6692913385827, "x": 850, "structure_id": "Wi_11"}, {"parent_Field": "Fi_12", "parent_Choice_Field": null, "parent_ChoiceGroup": null, "w": 227.7748031496063, "h": 33.338582677165356, "y": 133.33070866141733, "x": 850, "structure_id": "Wi_12"}, {"parent_Field": "Fi_13", "parent_Choice_Field": null, "parent_ChoiceGroup": null, "w": 350.00000000000006, "h": 33.33070866141732, "y": 616.6692913385826, "x": 283.33070866141736, "structure_id": "Wi_13"}, {"parent_Field": "Fi_14", "parent_Choice_Field": null, "parent_ChoiceGroup": null, "w": 1000, "h": 33.33070866141732, "y": 700, "x": 133.33070866141733, "structure_id": "Wi_14"}, {"parent_Field": "Fi_14", "parent_Choice_Field": null, "parent_ChoiceGroup": null, "w": 616.6692913385826, "h": 33.33070866141732, "y": 750.0000000000001, "x": 100, "structure_id": "Wi_15"}, {"parent_Field": "Fi_14", "parent_Choice_Field": null, "parent_ChoiceGroup": null, "w": 1233.3307086614175, "h": 33.33070866141732, "y": 800, "x": 366.6692913385827, "structure_id": "Wi_16"}, {"parent_Field": "Fi_14", "parent_Choice_Field": null, "parent_ChoiceGroup": null, "w": 672.9141732283465, "h": 33.33070866141732, "y": 750.0000000000001, "x": 927.0858267716535, "structure_id": "Wi_17"}, {"parent_Field": "Fi_15", "parent_Choice_Field": null, "parent_ChoiceGroup": null, "w": 366.66141732283467, "h": 33.33070866141732, "y": 566.6692913385828, "x": 266.66929133858264, "structure_id": "Wi_18"}, {"parent_Field": "Fi_16", "parent_Choice_Field": null, "parent_ChoiceGroup": null, "w": 350.00000000000006, "h": 33.33070866141732, "y": 1050, "x": 566.6692913385828, "structure_id": "Wi_19"}, {"parent_Field": "Fi_16", "parent_Choice_Field": null, "parent_ChoiceGroup": null, "w": 233.33070866141733, "h": 33.33070866141732, "y": 1050, "x": 1016.6692913385826, "structure_id": "Wi_20"}, {"parent_Field": "Fi_16", "parent_Choice_Field": null, "parent_ChoiceGroup": null, "w": 83.33070866141733, "h": 33.33070866141732, "y": 1050, "x": 1266.6692913385828, "structure_id": "Wi_21"}, {"parent_Field": "Fi_17", "parent_Choice_Field": null, "parent_ChoiceGroup": null, "w": 683.3307086614174, "h": 66.66929133858268, "y": 900, "x": 916.6692913385826, "structure_id": "Wi_22"}, {"parent_Field": "Fi_18", "parent_Choice_Field": null, "parent_ChoiceGroup": null, "w": 466.3944881889764, "h": 33.33070866141732, "y": 1566.6692913385828, "x": 1100.0307086614175, "structure_id": "Wi_23"}, {"parent_Field": "Fi_19", "parent_Choice_Field": null, "parent_ChoiceGroup": null, "w": 1500, "h": 64.74724409448818, "y": 1318.583464566929, "x": 100, "structure_id": "Wi_24"}, {"parent_Field": "Fi_20", "parent_Choice_Field": null, "parent_ChoiceGroup": null, "w": 466.3944881889764, "h": 33.33070866141732, "y": 1516.6692913385828, "x": 1100.0307086614175, "structure_id": "Wi_25"}, {"parent_Field": "Fi_21", "parent_Choice_Field": null, "parent_ChoiceGroup": null, "w": 250, "h": 33.33070866141732, "y": 1633.3385826771655, "x": 366.6692913385827, "structure_id": "Wi_26"}, {"parent_Field": "Fi_21", "parent_Choice_Field": null, "parent_ChoiceGroup": null, "w": 116.66929133858268, "h": 33.33070866141732, "y": 1633.3385826771655, "x": 1150, "structure_id": "Wi_27"}, {"parent_Field": "Fi_22", "parent_Choice_Field": null, "parent_ChoiceGroup": null, "w": 250, "h": 33.33070866141732, "y": 1516.6692913385828, "x": 433.3307086614173, "structure_id": "Wi_28"}, {"parent_Field": "Fi_23", "parent_Choice_Field": null, "parent_ChoiceGroup": null, "w": 250, "h": 33.33070866141732, "y": 1566.6692913385828, "x": 433.3307086614173, "structure_id": "Wi_29"}, {"parent_Field": "Fi_24", "parent_Choice_Field": null, "parent_ChoiceGroup": null, "w": 266.66929133858264, "h": 33.33070866141732, "y": 1416.6692913385828, "x": 400.00000000000006, "structure_id": "Wi_30"}, {"parent_Field": "Fi_24", "parent_Choice_Field": null, "parent_ChoiceGroup": null, "w": 250, "h": 33.33070866141732, "y": 1416.6692913385828, "x": 766.6692913385826, "structure_id": "Wi_31"}, {"parent_Field": "Fi_24", "parent_Choice_Field": null, "parent_ChoiceGroup": null, "w": 83.33858267716535, "h": 33.33070866141732, "y": 1416.6692913385828, "x": 1033.3307086614172, "structure_id": "Wi_32"}, {"parent_Field": "Fi_25", "parent_Choice_Field": null, "parent_ChoiceGroup": null, "w": 633.3385826771654, "h": 66.66929133858268, "y": 1733.3307086614172, "x": 966.6692913385828, "structure_id": "Wi_33"}, {"parent_Field": "Fi_26", "parent_Choice_Field": null, "parent_ChoiceGroup": null, "w": 790, "h": 228, "y": 1762.03125, "x": 99, "structure_id": "Wi_34"}], "TextBlock": [{"parent_Field": null, "parent_Choice_Field": null, "parent_ChoiceGroup": null, "w": 516, "h": 28, "y": 94, "x": 592, "structure_id": "Tb_1"}, {"parent_Field": "Fi_1", "parent_Choice_Field": null, "parent_ChoiceGroup": null, "w": 210, "h": 25, "y": 1179, "x": 1153, "structure_id": "Tb_2"}, {"parent_Field": null, "parent_Choice_Field": null, "parent_ChoiceGroup": null, "w": 315, "h": 25, "y": 504, "x": 100, "structure_id": "Tb_3"}, {"parent_Field": "Fi_2", "parent_Choice_Field": null, "parent_ChoiceGroup": null, "w": 20, "h": 18.0, "y": 503.03125, "x": 1354, "structure_id": "Tb_4"}, {"parent_Field": null, "parent_Choice_Field": null, "parent_ChoiceGroup": null, "w": 203, "h": 25, "y": 471, "x": 100, "structure_id": "Tb_5"}, {"parent_Field": "Fi_3", "parent_Choice_Field": null, "parent_ChoiceGroup": null, "w": 18, "h": 24.0, "y": 470.03125, "x": 1357, "structure_id": "Tb_6"}, {"parent_Field": "Fi_4", "parent_Choice_Field": null, "parent_ChoiceGroup": null, "w": 18, "h": 27.0, "y": 436.03125, "x": 1092, "structure_id": "Tb_7"}, {"parent_Field": null, "parent_Choice_Field": null, "parent_ChoiceGroup": null, "w": 358, "h": 25, "y": 437, "x": 99, "structure_id": "Tb_8"}, {"parent_Field": null, "parent_Choice_Field": null, "parent_ChoiceGroup": null, "w": 84, "h": 25, "y": 404, "x": 133, "structure_id": "Tb_9"}, {"parent_Field": "Fi_5", "parent_Choice_Field": null, "parent_ChoiceGroup": null, "w": 13, "h": 28.0, "y": 400.03125, "x": 1089, "structure_id": "Tb_10"}, {"parent_Field": "Fi_6", "parent_Choice_Field": null, "parent_ChoiceGroup": null, "w": 16, "h": 29.0, "y": 368.03125, "x": 822, "structure_id": "Tb_11"}, {"parent_Field": null, "parent_Choice_Field": null, "parent_ChoiceGroup": null, "w": 340, "h": 25, "y": 371, "x": 99, "structure_id": "Tb_12"}, {"parent_Field": "Fi_7", "parent_Choice_Field": null, "parent_ChoiceGroup": null, "w": 21, "h": 27.0, "y": 334.03125, "x": 819, "structure_id": "Tb_13"}, {"parent_Field": null, "parent_Choice_Field": null, "parent_ChoiceGroup": null, "w": 439, "h": 25, "y": 337, "x": 101, "structure_id": "Tb_14"}, {"parent_Field": null, "parent_Choice_Field": null, "parent_ChoiceGroup": null, "w": 308, "h": 26, "y": 305, "x": 296, "structure_id": "Tb_15"}, {"parent_Field": null, "parent_Choice_Field": null, "parent_ChoiceGroup": null, "w": 329, "h": 25, "y": 271, "x": 100, "structure_id": "Tb_16"}, {"parent_Field": "Fi_8", "parent_Choice_Field": null, "parent_ChoiceGroup": null, "w": 12, "h": 30.0, "y": 266.03125, "x": 1357, "structure_id": "Tb_17"}, {"parent_Field": "Fi_9", "parent_Choice_Field": null, "parent_ChoiceGroup": null, "w": 19, "h": 24.0, "y": 235.03125, "x": 1089, "structure_id": "Tb_18"}, {"parent_Field": null, "parent_Choice_Field": null, "parent_ChoiceGroup": null, "w": 282, "h": 25, "y": 237, "x": 100, "structure_id": "Tb_19"}, {"parent_Field": "Fi_10", "parent_Choice_Field": null, "parent_ChoiceGroup": null, "w": 18, "h": 24.0, "y": 202.03125, "x": 1090, "structure_id": "Tb_20"}, {"parent_Field": null, "parent_Choice_Field": null, "parent_ChoiceGroup": null, "w": 84, "h": 25, "y": 204, "x": 133, "structure_id": "Tb_21"}, {"parent_Field": null, "parent_Choice_Field": null, "parent_ChoiceGroup": null, "w": 213, "h": 25, "y": 171, "x": 100, "structure_id": "Tb_22"}, {"parent_Field": "Fi_11", "parent_Choice_Field": null, "parent_ChoiceGroup": null, "w": 18, "h": 25.0, "y": 169.03125, "x": 820, "structure_id": "Tb_23"}, {"parent_Field": null, "parent_Choice_Field": null, "parent_ChoiceGroup": null, "w": 518, "h": 25, "y": 137, "x": 100, "structure_id": "Tb_24"}, {"parent_Field": "Fi_12", "parent_Choice_Field": null, "parent_ChoiceGroup": null, "w": 17, "h": 26.0, "y": 134.03125, "x": 823, "structure_id": "Tb_25"}, {"parent_Field": "Fi_13", "parent_Choice_Field": null, "parent_ChoiceGroup": null, "w": 158, "h": 28, "y": 619, "x": 100, "structure_id": "Tb_26"}, {"parent_Field": null, "parent_Choice_Field": null, "parent_ChoiceGroup": null, "w": 31, "h": 28, "y": 619, "x": 717, "structure_id": "Tb_27"}, {"parent_Field": "Fi_14", "parent_Choice_Field": null, "parent_ChoiceGroup": null, "w": 1444, "h": 182.96875, "y": 698.03125, "x": 93, "structure_id": "Tb_28"}, {"parent_Field": "Fi_15", "parent_Choice_Field": null, "parent_ChoiceGroup": null, "w": 129, "h": 28, "y": 569, "x": 100, "structure_id": "Tb_29"}, {"parent_Field": "Fi_16", "parent_Choice_Field": null, "parent_ChoiceGroup": null, "w": 1319.0, "h": 28, "y": 1053, "x": 100, "structure_id": "Tb_30"}, {"parent_Field": "Fi_17", "parent_Choice_Field": null, "parent_ChoiceGroup": null, "w": 245, "h": 25, "y": 979, "x": 1136, "structure_id": "Tb_31"}, {"parent_Field": null, "parent_Choice_Field": null, "parent_ChoiceGroup": null, "w": 734, "h": 28, "y": 1244, "x": 483, "structure_id": "Tb_32"}, {"parent_Field": "Fi_18", "parent_Choice_Field": null, "parent_ChoiceGroup": null, "w": 192, "h": 28, "y": 1569, "x": 883, "structure_id": "Tb_33"}, {"parent_Field": "Fi_19", "parent_Choice_Field": null, "parent_ChoiceGroup": null, "w": 413, "h": 22, "y": 1289, "x": 103, "structure_id": "Tb_34"}, {"parent_Field": "Fi_20", "parent_Choice_Field": null, "parent_ChoiceGroup": null, "w": 192, "h": 28, "y": 1519, "x": 883, "structure_id": "Tb_35"}, {"parent_Field": "Fi_21", "parent_Choice_Field": null, "parent_ChoiceGroup": null, "w": 1210.0, "h": 28, "y": 1636, "x": 100, "structure_id": "Tb_36"}, {"parent_Field": "Fi_22", "parent_Choice_Field": null, "parent_ChoiceGroup": null, "w": 325, "h": 28, "y": 1519, "x": 100, "structure_id": "Tb_37"}, {"parent_Field": "Fi_23", "parent_Choice_Field": null, "parent_ChoiceGroup": null, "w": 306, "h": 28, "y": 1569, "x": 100, "structure_id": "Tb_38"}, {"parent_Field": "Fi_24", "parent_Choice_Field": null, "parent_ChoiceGroup": null, "w": 1469.0, "h": 78, "y": 1419, "x": 100, "structure_id": "Tb_39"}, {"parent_Field": "Fi_25", "parent_Choice_Field": null, "parent_ChoiceGroup": null, "w": 425, "h": 25, "y": 1814, "x": 1071, "structure_id": "Tb_40"}, {"parent_Field": "Fi_26", "parent_Choice_Field": null, "parent_ChoiceGroup": null, "w": 552, "h": 25, "y": 1712, "x": 224, "structure_id": "Tb_41"}, {"parent_Field": null, "parent_Choice_Field": null, "parent_ChoiceGroup": null, "w": 282, "h": 19, "y": 2074, "x": 83, "structure_id": "Tb_42"}], "Choice_Field": [], "Field": [{"y": 1100, "x": 916.6692913385826, "structure_id": "Fi_1", "w": 683.3307086614174, "h": 104}, {"y": 500, "x": 1354, "structure_id": "Fi_2", "w": 257.1133858267717, "h": 33.33858267716539}, {"y": 466.6692913385827, "x": 1357, "structure_id": "Fi_3", "w": 254.11338582677172, "h": 33.338582677165334}, {"y": 433.3307086614173, "x": 1092, "structure_id": "Fi_4", "w": 252.44409448818897, "h": 33.338582677165334}, {"y": 400.00000000000006, "x": 1089, "structure_id": "Fi_5", "w": 255.44409448818897, "h": 33.338582677165334}, {"y": 366.6692913385827, "x": 822, "structure_id": "Fi_6", "w": 255.7748031496062, "h": 33.338582677165334}, {"y": 333.3307086614173, "x": 819, "structure_id": "Fi_7", "w": 258.7748031496062, "h": 33.338582677165334}, {"y": 266.03125, "x": 1357, "structure_id": "Fi_8", "w": 254.11338582677172, "h": 33.97662401574797}, {"y": 233.33070866141733, "x": 1089, "structure_id": "Fi_9", "w": 255.44409448818897, "h": 33.33858267716536}, {"y": 200, "x": 1090, "structure_id": "Fi_10", "w": 254.44409448818897, "h": 33.33858267716536}, {"y": 166.6692913385827, "x": 820, "structure_id": "Fi_11", "w": 257.7748031496062, "h": 33.330708661417304}, {"y": 133.33070866141733, "x": 823, "structure_id": "Fi_12", "w": 254.7748031496062, "h": 33.33858267716536}, {"y": 616.6692913385826, "x": 100, "structure_id": "Fi_13", "w": 533.3307086614175, "h": 33.33070866141736}, {"y": 698.03125, "x": 93, "structure_id": "Fi_14", "w": 1507.0000000000002, "h": 182.96875}, {"y": 566.6692913385828, "x": 100, "structure_id": "Fi_15", "w": 533.3307086614172, "h": 33.33070866141736}, {"y": 1050, "x": 100, "structure_id": "Fi_16", "w": 1319, "h": 33.33070866141725}, {"y": 900, "x": 916.6692913385826, "structure_id": "Fi_17", "w": 683.3307086614174, "h": 104}, {"y": 1566.6692913385828, "x": 883, "structure_id": "Fi_18", "w": 683.4251968503941, "h": 33.33070866141725}, {"y": 1289, "x": 100, "structure_id": "Fi_19", "w": 1500, "h": 94.33070866141725}, {"y": 1516.6692913385828, "x": 883, "structure_id": "Fi_20", "w": 683.4251968503941, "h": 33.33070866141725}, {"y": 1633.3385826771655, "x": 100, "structure_id": "Fi_21", "w": 1210, "h": 33.33070866141725}, {"y": 1516.6692913385828, "x": 100, "structure_id": "Fi_22", "w": 583.3307086614172, "h": 33.33070866141725}, {"y": 1566.6692913385828, "x": 100, "structure_id": "Fi_23", "w": 583.3307086614172, "h": 33.33070866141725}, {"y": 1416.6692913385828, "x": 100, "structure_id": "Fi_24", "w": 1469, "h": 80.33070866141725}, {"y": 1733.3307086614172, "x": 966.6692913385828, "structure_id": "Fi_25", "w": 633.3385826771655, "h": 105.66929133858275}, {"y": 1712, "x": 99, "structure_id": "Fi_26", "w": 790, "h": 278.03125}], "TextRun": [{"parent_TextBlock": "Tb_1", "text": "SECTION III - SUMMARY OF ACCOUNT", "parent_Field": null, "parent_Choice_Field": null, "parent_ChoiceGroup": null, "w": 516, "h": 28, "y": 94, "x": 592, "structure_id": "Tr_1"}, {"parent_TextBlock": "Tb_2", "text": "(Signature and Title)", "parent_Field": "Fi_1", "parent_Choice_Field": null, "parent_ChoiceGroup": null, "w": 210, "h": 25, "y": 1179, "x": 1153, "structure_id": "Tr_2"}, {"parent_TextBlock": "Tb_3", "text": "TOTAL VALUE OF ESTATE", "parent_Field": null, "parent_Choice_Field": null, "parent_ChoiceGroup": null, "w": 315, "h": 25, "y": 504, "x": 100, "structure_id": "Tr_3"}, {"parent_TextBlock": "Tb_4", "parent_Field": "Fi_2", "parent_Choice_Field": null, "parent_ChoiceGroup": null, "w": 20, "h": 18, "y": 503.03125, "x": 1354, "structure_id": "Tr_4"}, {"parent_TextBlock": "Tb_5", "text": "TOTAL ON HAND", "parent_Field": null, "parent_Choice_Field": null, "parent_ChoiceGroup": null, "w": 203, "h": 25, "y": 471, "x": 100, "structure_id": "Tr_5"}, {"parent_TextBlock": "Tb_6", "parent_Field": "Fi_3", "parent_Choice_Field": null, "parent_ChoiceGroup": null, "w": 18, "h": 24, "y": 470.03125, "x": 1357, "structure_id": "Tr_6"}, {"parent_TextBlock": "Tb_7", "parent_Field": "Fi_4", "parent_Choice_Field": null, "parent_ChoiceGroup": null, "w": 18, "h": 27, "y": 436.03125, "x": 1092, "structure_id": "Tr_7"}, {"parent_TextBlock": "Tb_8", "text": "LIQUIDATED DURING PERIOD", "parent_Field": null, "parent_Choice_Field": null, "parent_ChoiceGroup": null, "w": 358, "h": 25, "y": 437, "x": 99, "structure_id": "Tr_8"}, {"parent_TextBlock": "Tb_9", "text": "TOTAL", "parent_Field": null, "parent_Choice_Field": null, "parent_ChoiceGroup": null, "w": 84, "h": 25, "y": 404, "x": 133, "structure_id": "Tr_9"}, {"parent_TextBlock": "Tb_10", "parent_Field": "Fi_5", "parent_Choice_Field": null, "parent_ChoiceGroup": null, "w": 13, "h": 28, "y": 400.03125, "x": 1089, "structure_id": "Tr_10"}, {"parent_TextBlock": "Tb_11", "parent_Field": "Fi_6", "parent_Choice_Field": null, "parent_ChoiceGroup": null, "w": 16, "h": 29, "y": 368.03125, "x": 822, "structure_id": "Tr_11"}, {"parent_TextBlock": "Tb_12", "text": "ACQUIRED DURING PERIOD", "parent_Field": null, "parent_Choice_Field": null, "parent_ChoiceGroup": null, "w": 340, "h": 25, "y": 371, "x": 99, "structure_id": "Tr_12"}, {"parent_TextBlock": "Tb_13", "parent_Field": "Fi_7", "parent_Choice_Field": null, "parent_ChoiceGroup": null, "w": 21, "h": 27, "y": 334.03125, "x": 819, "structure_id": "Tr_13"}, {"parent_TextBlock": "Tb_14", "text": "BALANCE ON HAND LAST ACCOUNT", "parent_Field": null, "parent_Choice_Field": null, "parent_ChoiceGroup": null, "w": 439, "h": 25, "y": 337, "x": 101, "structure_id": "Tr_14"}, {"parent_TextBlock": "Tb_15", "text": "INVESTMENTS", "parent_Field": null, "parent_Choice_Field": null, "parent_ChoiceGroup": null, "w": 178, "h": 25, "y": 305, "x": 296, "structure_id": "Tr_15"}, {"parent_TextBlock": "Tb_15", "text": "(Cost value)", "parent_Field": null, "parent_Choice_Field": null, "parent_ChoiceGroup": null, "w": 123, "h": 25, "y": 306, "x": 481, "structure_id": "Tr_16"}, {"parent_TextBlock": "Tb_16", "text": "CASH BALANCE IN ESTATE", "parent_Field": null, "parent_Choice_Field": null, "parent_ChoiceGroup": null, "w": 329, "h": 25, "y": 271, "x": 100, "structure_id": "Tr_17"}, {"parent_TextBlock": "Tb_17", "parent_Field": "Fi_8", "parent_Choice_Field": null, "parent_ChoiceGroup": null, "w": 12, "h": 30, "y": 266.03125, "x": 1357, "structure_id": "Tr_18"}, {"parent_TextBlock": "Tb_18", "parent_Field": "Fi_9", "parent_Choice_Field": null, "parent_ChoiceGroup": null, "w": 19, "h": 24, "y": 235.03125, "x": 1089, "structure_id": "Tr_19"}, {"parent_TextBlock": "Tb_19", "text": "TOTAL EXPENDITURES", "parent_Field": null, "parent_Choice_Field": null, "parent_ChoiceGroup": null, "w": 282, "h": 25, "y": 237, "x": 100, "structure_id": "Tr_20"}, {"parent_TextBlock": "Tb_20", "parent_Field": "Fi_10", "parent_Choice_Field": null, "parent_ChoiceGroup": null, "w": 18, "h": 24, "y": 202.03125, "x": 1090, "structure_id": "Tr_21"}, {"parent_TextBlock": "Tb_21", "text": "TOTAL", "parent_Field": null, "parent_Choice_Field": null, "parent_ChoiceGroup": null, "w": 84, "h": 25, "y": 204, "x": 133, "structure_id": "Tr_22"}, {"parent_TextBlock": "Tb_22", "text": "TOTAL RECEIPTS", "parent_Field": null, "parent_Choice_Field": null, "parent_ChoiceGroup": null, "w": 213, "h": 25, "y": 171, "x": 100, "structure_id": "Tr_23"}, {"parent_TextBlock": "Tb_23", "parent_Field": "Fi_11", "parent_Choice_Field": null, "parent_ChoiceGroup": null, "w": 18, "h": 25, "y": 169.03125, "x": 820, "structure_id": "Tr_24"}, {"parent_TextBlock": "Tb_24", "text": "CASH BALANCE FROM LAST ACCOUNTING", "parent_Field": null, "parent_Choice_Field": null, "parent_ChoiceGroup": null, "w": 518, "h": 25, "y": 137, "x": 100, "structure_id": "Tr_25"}, {"parent_TextBlock": "Tb_25", "parent_Field": "Fi_12", "parent_Choice_Field": null, "parent_ChoiceGroup": null, "w": 17, "h": 26, "y": 134.03125, "x": 823, "structure_id": "Tr_26"}, {"parent_TextBlock": "Tb_26", "text": "COUNTY OF", "parent_Field": "Fi_13", "parent_Choice_Field": null, "parent_ChoiceGroup": null, "w": 158, "h": 28, "y": 619, "x": 100, "structure_id": "Tr_27"}, {"parent_TextBlock": "Tb_27", "text": "SS", "parent_Field": null, "parent_Choice_Field": null, "parent_ChoiceGroup": null, "w": 31, "h": 28, "y": 619, "x": 717, "structure_id": "Tr_28"}, {"parent_TextBlock": "Tb_28", "parent_Field": "Fi_14", "parent_Choice_Field": null, "parent_ChoiceGroup": null, "w": 22, "h": 38, "y": 698.03125, "x": 93, "structure_id": "Tr_29"}, {"parent_TextBlock": "Tb_28", "text": "being duly Sworn, depose and say", "parent_Field": "Fi_14", "parent_Choice_Field": null, "parent_ChoiceGroup": null, "w": 387, "h": 28, "y": 703, "x": 1150, "structure_id": "Tr_30"}, {"parent_TextBlock": "Tb_28", "text": "of the estate of", "parent_Field": "Fi_14", "parent_Choice_Field": null, "parent_ChoiceGroup": null, "w": 164, "h": 28, "y": 753, "x": 743, "structure_id": "Tr_31"}, {"parent_TextBlock": "Tb_28", "text": "who is now residing at", "parent_Field": "Fi_14", "parent_Choice_Field": null, "parent_ChoiceGroup": null, "w": 252, "h": 28, "y": 803, "x": 100, "structure_id": "Tr_32"}, {"parent_TextBlock": "Tb_28", "text": "that this is a full and true account of the beneficiary's estate for the period stated, to the best of my knowledge and belief.", "parent_Field": "Fi_14", "parent_Choice_Field": null, "parent_ChoiceGroup": null, "w": 1342, "h": 28, "y": 853, "x": 100, "structure_id": "Tr_33"}, {"parent_TextBlock": "Tb_29", "text": "STATE OF", "parent_Field": "Fi_15", "parent_Choice_Field": null, "parent_ChoiceGroup": null, "w": 129, "h": 28, "y": 569, "x": 100, "structure_id": "Tr_34"}, {"parent_TextBlock": "Tb_30", "text": "Subscribed and Sworn to before me this", "parent_Field": "Fi_16", "parent_Choice_Field": null, "parent_ChoiceGroup": null, "w": 466.66929133858275, "h": 28, "y": 1053, "x": 100, "structure_id": "Tr_35"}, {"parent_TextBlock": "Tb_30", "text": "day of", "parent_Field": "Fi_16", "parent_Choice_Field": null, "parent_ChoiceGroup": null, "w": 99.99999999999989, "h": 28, "y": 1053, "x": 916.6692913385828, "structure_id": "Tr_36"}, {"parent_TextBlock": "Tb_30", "text": "A.D.", "parent_Field": "Fi_16", "parent_Choice_Field": null, "parent_ChoiceGroup": null, "w": 169.0, "h": 28, "y": 1053, "x": 1250.0, "structure_id": "Tr_37"}, {"parent_TextBlock": "Tb_31", "text": "(Signature of Fiduciary)", "parent_Field": "Fi_17", "parent_Choice_Field": null, "parent_ChoiceGroup": null, "w": 245, "h": 25, "y": 979, "x": 1136, "structure_id": "Tr_38"}, {"parent_TextBlock": "Tb_32", "text": "SECTION IV - CERTIFICATE OF BALANCE ON DEPOSIT", "parent_Field": null, "parent_Choice_Field": null, "parent_ChoiceGroup": null, "w": 734, "h": 28, "y": 1244, "x": 483, "structure_id": "Tr_39"}, {"parent_TextBlock": "Tb_33", "text": "Account Number", "parent_Field": "Fi_18", "parent_Choice_Field": null, "parent_ChoiceGroup": null, "w": 192, "h": 28, "y": 1569, "x": 883, "structure_id": "Tr_40"}, {"parent_TextBlock": "Tb_34", "text": "NAME AND ADDRESS OF INSTITUTION", "parent_Field": "Fi_19", "parent_Choice_Field": null, "parent_ChoiceGroup": null, "w": 413, "h": 22, "y": 1289, "x": 103, "structure_id": "Tr_41"}, {"parent_TextBlock": "Tb_35", "text": "Account Number", "parent_Field": "Fi_20", "parent_Choice_Field": null, "parent_ChoiceGroup": null, "w": 192, "h": 28, "y": 1519, "x": 883, "structure_id": "Tr_42"}, {"parent_TextBlock": "Tb_36", "text": "Including interest of $", "parent_Field": "Fi_21", "parent_Choice_Field": null, "parent_ChoiceGroup": null, "w": 266.6692913385827, "h": 28, "y": 1636, "x": 100, "structure_id": "Tr_43"}, {"parent_TextBlock": "Tb_36", "text": "% . paid during period of Statement of Account at", "parent_Field": "Fi_21", "parent_Choice_Field": null, "parent_ChoiceGroup": null, "w": 693.3307086614172, "h": 28, "y": 1636, "x": 616.6692913385828, "structure_id": "Tr_44"}, {"parent_TextBlock": "Tb_37", "text": "Checking Account Balance $", "parent_Field": "Fi_22", "parent_Choice_Field": null, "parent_ChoiceGroup": null, "w": 325, "h": 28, "y": 1519, "x": 100, "structure_id": "Tr_45"}, {"parent_TextBlock": "Tb_38", "text": "Savings Account Balance $", "parent_Field": "Fi_23", "parent_Choice_Field": null, "parent_ChoiceGroup": null, "w": 306, "h": 28, "y": 1569, "x": 100, "structure_id": "Tr_46"}, {"parent_TextBlock": "Tb_39", "text": "I CERTIFY THAT on the", "parent_Field": "Fi_24", "parent_Choice_Field": null, "parent_ChoiceGroup": null, "w": 300.00000000000006, "h": 28, "y": 1419, "x": 100, "structure_id": "Tr_47"}, {"parent_TextBlock": "Tb_39", "text": "day of", "parent_Field": "Fi_24", "parent_Choice_Field": null, "parent_ChoiceGroup": null, "w": 99.99999999999989, "h": 28, "y": 1419, "x": 666.6692913385828, "structure_id": "Tr_48"}, {"parent_TextBlock": "Tb_39", "parent_Field": "Fi_24", "parent_Choice_Field": null, "parent_ChoiceGroup": null, "w": 16.66141732283461, "h": 28, "y": 1419, "x": 1016.6692913385826, "structure_id": "Tr_49"}, {"parent_TextBlock": "Tb_39", "text": ", there was on deposit in this Institution", "parent_Field": "Fi_24", "parent_Choice_Field": null, "parent_ChoiceGroup": null, "w": 452.3307086614175, "h": 28, "y": 1419, "x": 1116.6692913385825, "structure_id": "Tr_50"}, {"parent_TextBlock": "Tb_39", "text": "to the credit of this Fiduciary the following:", "parent_Field": "Fi_24", "parent_Choice_Field": null, "parent_ChoiceGroup": null, "w": 487, "h": 28, "y": 1469, "x": 100, "structure_id": "Tr_51"}, {"parent_TextBlock": "Tb_40", "text": "(Signature and Title of Certifying Official)", "parent_Field": "Fi_25", "parent_Choice_Field": null, "parent_ChoiceGroup": null, "w": 425, "h": 25, "y": 1814, "x": 1071, "structure_id": "Tr_52"}, {"parent_TextBlock": "Tb_41", "text": "SEAL OR STAMP OF FINANCIAL INSTITUTION", "parent_Field": "Fi_26", "parent_Choice_Field": null, "parent_ChoiceGroup": null, "w": 552, "h": 25, "y": 1712, "x": 224, "structure_id": "Tr_53"}, {"parent_TextBlock": "Tb_42", "text": "VA FORM 21P-4706c, JUL 2016", "parent_Field": null, "parent_Choice_Field": null, "parent_ChoiceGroup": null, "w": 282, "h": 19, "y": 2074, "x": 83, "structure_id": "Tr_54"}], "ChoiceGroup": []}