{"Widget": [{"parent_Field": "Fi_1", "parent_Choice_Field": null, "parent_ChoiceGroup": null, "w": 140.50236220472442, "h": 46.83307086614173, "y": 50, "x": 452.6385826771654, "structure_id": "Wi_1"}, {"parent_Field": "Fi_1", "parent_Choice_Field": null, "parent_ChoiceGroup": null, "w": 88.94488188976378, "h": 46.83307086614173, "y": 50, "x": 646.6527559055119, "structure_id": "Wi_2"}, {"parent_Field": "Fi_1", "parent_Choice_Field": null, "parent_ChoiceGroup": null, "w": 188.88031496062993, "h": 46.83307086614173, "y": 50, "x": 777.8110236220473, "structure_id": "Wi_3"}, {"parent_Field": "Fi_2", "parent_Choice_Field": null, "parent_ChoiceGroup": null, "w": 1466.6614173228347, "h": 839.1889763779527, "y": 478.8417322834646, "x": 116.66929133858268, "structure_id": "Wi_4"}, {"parent_Field": "Fi_3", "parent_Choice_Field": null, "parent_ChoiceGroup": null, "w": 1113.88031496063, "h": 33.33070866141732, "y": 1483.3385826771653, "x": 116.66929133858268, "structure_id": "Wi_5"}, {"parent_Field": "Fi_4", "parent_Choice_Field": null, "parent_ChoiceGroup": null, "w": 233.33070866141733, "h": 33.33070866141732, "y": 1481.9692913385827, "x": 1252.755905511811, "structure_id": "Wi_6"}], "TextBlock": [{"parent_Field": "Fi_1", "parent_Choice_Field": null, "parent_ChoiceGroup": null, "w": 329, "h": 20, "y": 73, "x": 99, "structure_id": "Tb_1"}, {"parent_Field": null, "parent_Choice_Field": null, "parent_ChoiceGroup": null, "w": 541, "h": 23, "y": 108, "x": 579, "structure_id": "Tb_2"}, {"parent_Field": null, "parent_Choice_Field": null, "parent_ChoiceGroup": null, "w": 853, "h": 20, "y": 237, "x": 149, "structure_id": "Tb_3"}, {"parent_Field": null, "parent_Choice_Field": null, "parent_ChoiceGroup": null, "w": 24, "h": 27, "y": 232.03125, "x": 115, "structure_id": "Tb_4"}, {"parent_Field": null, "parent_Choice_Field": null, "parent_ChoiceGroup": null, "w": 625, "h": 19, "y": 271, "x": 149, "structure_id": "Tb_5"}, {"parent_Field": null, "parent_Choice_Field": null, "parent_ChoiceGroup": null, "w": 24, "h": 29, "y": 260.03125, "x": 114, "structure_id": "Tb_6"}, {"parent_Field": null, "parent_Choice_Field": null, "parent_ChoiceGroup": null, "w": 441, "h": 19, "y": 304, "x": 149, "structure_id": "Tb_7"}, {"parent_Field": null, "parent_Choice_Field": null, "parent_ChoiceGroup": null, "w": 19, "h": 25, "y": 296.0104064941406, "x": 114.34375, "structure_id": "Tb_8"}, {"parent_Field": null, "parent_Choice_Field": null, "parent_ChoiceGroup": null, "w": 470, "h": 20, "y": 337, "x": 149, "structure_id": "Tb_9"}, {"parent_Field": null, "parent_Choice_Field": null, "parent_ChoiceGroup": null, "w": 15, "h": 20, "y": 336.0104064941406, "x": 117.34375, "structure_id": "Tb_10"}, {"parent_Field": null, "parent_Choice_Field": null, "parent_ChoiceGroup": null, "w": 675, "h": 19, "y": 371, "x": 149, "structure_id": "Tb_11"}, {"parent_Field": null, "parent_Choice_Field": null, "parent_ChoiceGroup": null, "w": 19, "h": 16, "y": 370.0104064941406, "x": 114.34375, "structure_id": "Tb_12"}, {"parent_Field": null, "parent_Choice_Field": null, "parent_ChoiceGroup": null, "w": 482, "h": 19, "y": 404, "x": 149, "structure_id": "Tb_13"}, {"parent_Field": null, "parent_Choice_Field": null, "parent_ChoiceGroup": null, "w": 17, "h": 17, "y": 402.0104064941406, "x": 117.34375, "structure_id": "Tb_14"}, {"parent_Field": null, "parent_Choice_Field": null, "parent_ChoiceGroup": null, "w": 400, "h": 20, "y": 437, "x": 149, "structure_id": "Tb_15"}, {"parent_Field": null, "parent_Choice_Field": null, "parent_ChoiceGroup": null, "w": 18, "h": 18, "y": 435.0104064941406, "x": 115.34375, "structure_id": "Tb_16"}, {"parent_Field": null, "parent_Choice_Field": null, "parent_ChoiceGroup": null, "w": 368, "h": 20, "y": 237, "x": 1066, "structure_id": "Tb_17"}, {"parent_Field": null, "parent_Choice_Field": null, "parent_ChoiceGroup": null, "w": 23, "h": 21, "y": 234.01040649414062, "x": 1030.34375, "structure_id": "Tb_18"}, {"parent_Field": null, "parent_Choice_Field": null, "parent_ChoiceGroup": null, "w": 437, "h": 19, "y": 271, "x": 1066, "structure_id": "Tb_19"}, {"parent_Field": null, "parent_Choice_Field": null, "parent_ChoiceGroup": null, "w": 21, "h": 21, "y": 266.0104064941406, "x": 1031.34375, "structure_id": "Tb_20"}, {"parent_Field": null, "parent_Choice_Field": null, "parent_ChoiceGroup": null, "w": 476, "h": 19, "y": 304, "x": 1066, "structure_id": "Tb_21"}, {"parent_Field": null, "parent_Choice_Field": null, "parent_ChoiceGroup": null, "w": 17, "h": 23, "y": 299.0104064941406, "x": 1033.34375, "structure_id": "Tb_22"}, {"parent_Field": null, "parent_Choice_Field": null, "parent_ChoiceGroup": null, "w": 409, "h": 20, "y": 337, "x": 1066, "structure_id": "Tb_23"}, {"parent_Field": null, "parent_Choice_Field": null, "parent_ChoiceGroup": null, "w": 17, "h": 21, "y": 335.0104064941406, "x": 1033.34375, "structure_id": "Tb_24"}, {"parent_Field": null, "parent_Choice_Field": null, "parent_ChoiceGroup": null, "w": 394, "h": 19, "y": 371, "x": 1066, "structure_id": "Tb_25"}, {"parent_Field": null, "parent_Choice_Field": null, "parent_ChoiceGroup": null, "w": 19, "h": 25, "y": 365.0104064941406, "x": 1033.34375, "structure_id": "Tb_26"}, {"parent_Field": null, "parent_Choice_Field": null, "parent_ChoiceGroup": null, "w": 435, "h": 19, "y": 404, "x": 1066, "structure_id": "Tb_27"}, {"parent_Field": null, "parent_Choice_Field": null, "parent_ChoiceGroup": null, "w": 17, "h": 24, "y": 399.0104064941406, "x": 1034.34375, "structure_id": "Tb_28"}, {"parent_Field": null, "parent_Choice_Field": null, "parent_ChoiceGroup": null, "w": 283, "h": 20, "y": 437, "x": 1066, "structure_id": "Tb_29"}, {"parent_Field": null, "parent_Choice_Field": null, "parent_ChoiceGroup": null, "w": 18, "h": 19, "y": 436.0104064941406, "x": 1034.34375, "structure_id": "Tb_30"}, {"parent_Field": null, "parent_Choice_Field": null, "parent_ChoiceGroup": null, "w": 1467, "h": 61, "y": 148, "x": 117, "structure_id": "Tb_31"}, {"parent_Field": null, "parent_Choice_Field": null, "parent_ChoiceGroup": null, "w": 387, "h": 22, "y": 1338, "x": 656, "structure_id": "Tb_32"}, {"parent_Field": null, "parent_Choice_Field": null, "parent_ChoiceGroup": null, "w": 1396, "h": 55, "y": 1531, "x": 117, "structure_id": "Tb_33"}, {"parent_Field": null, "parent_Choice_Field": null, "parent_ChoiceGroup": null, "w": 1466, "h": 175, "y": 1904, "x": 117, "structure_id": "Tb_34"}, {"parent_Field": null, "parent_Choice_Field": null, "parent_ChoiceGroup": null, "w": 1466, "h": 265, "y": 1609, "x": 117, "structure_id": "Tb_35"}, {"parent_Field": null, "parent_Choice_Field": null, "parent_ChoiceGroup": null, "w": 1320, "h": 28, "y": 1378, "x": 117, "structure_id": "Tb_36"}, {"parent_Field": "Fi_3", "parent_Choice_Field": null, "parent_ChoiceGroup": null, "w": 166, "h": 22, "y": 1422, "x": 117, "structure_id": "Tb_37"}, {"parent_Field": "Fi_4", "parent_Choice_Field": null, "parent_ChoiceGroup": null, "w": 340, "h": 22, "y": 1421, "x": 1251, "structure_id": "Tb_38"}, {"parent_Field": null, "parent_Choice_Field": null, "parent_ChoiceGroup": null, "w": 270, "h": 20, "y": 2108, "x": 101, "structure_id": "Tb_39"}, {"parent_Field": null, "parent_Choice_Field": null, "parent_ChoiceGroup": null, "w": 81, "h": 22, "y": 2107, "x": 1518, "structure_id": "Tb_40"}], "Choice_Field": [], "Field": [{"y": 50, "x": 99, "structure_id": "Fi_1", "w": 867.6913385826772, "h": 46.833070866141725}, {"y": 478.8417322834646, "x": 116.66929133858268, "structure_id": "Fi_2", "w": 1466.6614173228347, "h": 839.1889763779527}, {"y": 1422, "x": 116.66929133858268, "structure_id": "Fi_3", "w": 1113.88031496063, "h": 94.66929133858252}, {"y": 1421, "x": 1251, "structure_id": "Fi_4", "w": 340, "h": 94.29999999999995}], "TextRun": [{"parent_TextBlock": "Tb_1", "text": "VETERAN'S SOCIAL SECURITY NO.", "parent_Field": "Fi_1", "parent_Choice_Field": null, "parent_ChoiceGroup": null, "w": 329, "h": 20, "y": 73, "x": 99, "structure_id": "Tr_1"}, {"parent_TextBlock": "Tb_2", "text": "SECTION II:  STRESSFUL INCIDENT(S)", "parent_Field": null, "parent_Choice_Field": null, "parent_ChoiceGroup": null, "w": 416, "h": 23, "y": 108, "x": 579, "structure_id": "Tr_2"}, {"parent_TextBlock": "Tb_2", "text": "(Continued)", "parent_Field": null, "parent_Choice_Field": null, "parent_ChoiceGroup": null, "w": 125, "h": 23, "y": 108, "x": 995, "structure_id": "Tr_3"}, {"parent_TextBlock": "Tb_3", "text": "visits to a medical or counseling clinic or dispensary without a specific diagnosis or specific ailment", "parent_Field": null, "parent_Choice_Field": null, "parent_ChoiceGroup": null, "w": 853, "h": 20, "y": 237, "x": 149, "structure_id": "Tr_4"}, {"parent_TextBlock": "Tb_4", "parent_Field": null, "parent_Choice_Field": null, "parent_ChoiceGroup": null, "w": 24, "h": 27, "y": 232.03125, "x": 115, "structure_id": "Tr_5"}, {"parent_TextBlock": "Tb_5", "text": "sudden requests for a change in occupational series or duty assignment", "parent_Field": null, "parent_Choice_Field": null, "parent_ChoiceGroup": null, "w": 625, "h": 19, "y": 271, "x": 149, "structure_id": "Tr_6"}, {"parent_TextBlock": "Tb_6", "parent_Field": null, "parent_Choice_Field": null, "parent_ChoiceGroup": null, "w": 24, "h": 29, "y": 260.03125, "x": 114, "structure_id": "Tr_7"}, {"parent_TextBlock": "Tb_7", "text": "increased use of leave without an apparent reason", "parent_Field": null, "parent_Choice_Field": null, "parent_ChoiceGroup": null, "w": 441, "h": 19, "y": 304, "x": 149, "structure_id": "Tr_8"}, {"parent_TextBlock": "Tb_8", "parent_Field": null, "parent_Choice_Field": null, "parent_ChoiceGroup": null, "w": 19, "h": 25, "y": 296.0104064941406, "x": 114.34375, "structure_id": "Tr_9"}, {"parent_TextBlock": "Tb_9", "text": "changes in performance and performance evaluations", "parent_Field": null, "parent_Choice_Field": null, "parent_ChoiceGroup": null, "w": 470, "h": 20, "y": 337, "x": 149, "structure_id": "Tr_10"}, {"parent_TextBlock": "Tb_10", "parent_Field": null, "parent_Choice_Field": null, "parent_ChoiceGroup": null, "w": 15, "h": 20, "y": 336.0104064941406, "x": 117.34375, "structure_id": "Tr_11"}, {"parent_TextBlock": "Tb_11", "text": "episodes of depression, panic attacks, or anxiety without an identifiable cause", "parent_Field": null, "parent_Choice_Field": null, "parent_ChoiceGroup": null, "w": 675, "h": 19, "y": 371, "x": 149, "structure_id": "Tr_12"}, {"parent_TextBlock": "Tb_12", "parent_Field": null, "parent_Choice_Field": null, "parent_ChoiceGroup": null, "w": 19, "h": 16, "y": 370.0104064941406, "x": 114.34375, "structure_id": "Tr_13"}, {"parent_TextBlock": "Tb_13", "text": "increased or decreased use of prescription medications", "parent_Field": null, "parent_Choice_Field": null, "parent_ChoiceGroup": null, "w": 482, "h": 19, "y": 404, "x": 149, "structure_id": "Tr_14"}, {"parent_TextBlock": "Tb_14", "parent_Field": null, "parent_Choice_Field": null, "parent_ChoiceGroup": null, "w": 17, "h": 17, "y": 402.0104064941406, "x": 117.34375, "structure_id": "Tr_15"}, {"parent_TextBlock": "Tb_15", "text": "increased use of over-the-counter medications", "parent_Field": null, "parent_Choice_Field": null, "parent_ChoiceGroup": null, "w": 400, "h": 20, "y": 437, "x": 149, "structure_id": "Tr_16"}, {"parent_TextBlock": "Tb_16", "parent_Field": null, "parent_Choice_Field": null, "parent_ChoiceGroup": null, "w": 18, "h": 18, "y": 435.0104064941406, "x": 115.34375, "structure_id": "Tr_17"}, {"parent_TextBlock": "Tb_17", "text": "substance abuse such as alcohol or drugs", "parent_Field": null, "parent_Choice_Field": null, "parent_ChoiceGroup": null, "w": 368, "h": 20, "y": 237, "x": 1066, "structure_id": "Tr_18"}, {"parent_TextBlock": "Tb_18", "parent_Field": null, "parent_Choice_Field": null, "parent_ChoiceGroup": null, "w": 23, "h": 21, "y": 234.01040649414062, "x": 1030.34375, "structure_id": "Tr_19"}, {"parent_TextBlock": "Tb_19", "text": "increased disregard for military or civilian authority", "parent_Field": null, "parent_Choice_Field": null, "parent_ChoiceGroup": null, "w": 437, "h": 19, "y": 271, "x": 1066, "structure_id": "Tr_20"}, {"parent_TextBlock": "Tb_20", "parent_Field": null, "parent_Choice_Field": null, "parent_ChoiceGroup": null, "w": 21, "h": 21, "y": 266.0104064941406, "x": 1031.34375, "structure_id": "Tr_21"}, {"parent_TextBlock": "Tb_21", "text": "obsessive behavior such as overeating or undereating", "parent_Field": null, "parent_Choice_Field": null, "parent_ChoiceGroup": null, "w": 476, "h": 19, "y": 304, "x": 1066, "structure_id": "Tr_22"}, {"parent_TextBlock": "Tb_22", "parent_Field": null, "parent_Choice_Field": null, "parent_ChoiceGroup": null, "w": 17, "h": 23, "y": 299.0104064941406, "x": 1033.34375, "structure_id": "Tr_23"}, {"parent_TextBlock": "Tb_23", "text": "pregnancy tests around the time of the incident", "parent_Field": null, "parent_Choice_Field": null, "parent_ChoiceGroup": null, "w": 409, "h": 20, "y": 337, "x": 1066, "structure_id": "Tr_24"}, {"parent_TextBlock": "Tb_24", "parent_Field": null, "parent_Choice_Field": null, "parent_ChoiceGroup": null, "w": 17, "h": 21, "y": 335.0104064941406, "x": 1033.34375, "structure_id": "Tr_25"}, {"parent_TextBlock": "Tb_25", "text": "tests for HIV or sexually transmitted diseases", "parent_Field": null, "parent_Choice_Field": null, "parent_ChoiceGroup": null, "w": 394, "h": 19, "y": 371, "x": 1066, "structure_id": "Tr_26"}, {"parent_TextBlock": "Tb_26", "parent_Field": null, "parent_Choice_Field": null, "parent_ChoiceGroup": null, "w": 19, "h": 25, "y": 365.0104064941406, "x": 1033.34375, "structure_id": "Tr_27"}, {"parent_TextBlock": "Tb_27", "text": "unexplained economic or social behavior changes", "parent_Field": null, "parent_Choice_Field": null, "parent_ChoiceGroup": null, "w": 435, "h": 19, "y": 404, "x": 1066, "structure_id": "Tr_28"}, {"parent_TextBlock": "Tb_28", "parent_Field": null, "parent_Choice_Field": null, "parent_ChoiceGroup": null, "w": 17, "h": 24, "y": 399.0104064941406, "x": 1034.34375, "structure_id": "Tr_29"}, {"parent_TextBlock": "Tb_29", "text": "breakup of a primary relationship", "parent_Field": null, "parent_Choice_Field": null, "parent_ChoiceGroup": null, "w": 283, "h": 20, "y": 437, "x": 1066, "structure_id": "Tr_30"}, {"parent_TextBlock": "Tb_30", "parent_Field": null, "parent_Choice_Field": null, "parent_ChoiceGroup": null, "w": 18, "h": 19, "y": 436.0104064941406, "x": 1034.34375, "structure_id": "Tr_31"}, {"parent_TextBlock": "Tb_31", "text": "12. Please provide in the space below any other information that you feel is important for us to know that may help your claim. The", "parent_Field": null, "parent_Choice_Field": null, "parent_ChoiceGroup": null, "w": 1467, "h": 28, "y": 148, "x": 117, "structure_id": "Tr_32"}, {"parent_TextBlock": "Tb_31", "text": "following are some examples, of behavioral changes that you may have experienced following the incident(s):", "parent_Field": null, "parent_Choice_Field": null, "parent_ChoiceGroup": null, "w": 1226, "h": 28, "y": 181, "x": 117, "structure_id": "Tr_33"}, {"parent_TextBlock": "Tb_32", "text": "SECTION III:  VETERAN SIGNATURE", "parent_Field": null, "parent_Choice_Field": null, "parent_ChoiceGroup": null, "w": 387, "h": 22, "y": 1338, "x": 656, "structure_id": "Tr_34"}, {"parent_TextBlock": "Tb_33", "text": "PENALTY", "parent_Field": null, "parent_Choice_Field": null, "parent_ChoiceGroup": null, "w": 119, "h": 25, "y": 1531, "x": 117, "structure_id": "Tr_35"}, {"parent_TextBlock": "Tb_33", "text": "- The law provides severe penalties which include fine or imprisonment or both, for the willful submission of any statement or", "parent_Field": null, "parent_Choice_Field": null, "parent_ChoiceGroup": null, "w": 1277, "h": 25, "y": 1531, "x": 236, "structure_id": "Tr_36"}, {"parent_TextBlock": "Tb_33", "text": "evidence of a material fact, knowing it is false, or fraudulent acceptance of any payment to which you are not entitled.", "parent_Field": null, "parent_Choice_Field": null, "parent_ChoiceGroup": null, "w": 1180, "h": 25, "y": 1561, "x": 117, "structure_id": "Tr_37"}, {"parent_TextBlock": "Tb_34", "text": "RESPONDENT", "parent_Field": null, "parent_Choice_Field": null, "parent_ChoiceGroup": null, "w": 177, "h": 25, "y": 1904, "x": 117, "structure_id": "Tr_38"}, {"parent_TextBlock": "Tb_34", "text": "BURDEN", "parent_Field": null, "parent_Choice_Field": null, "parent_ChoiceGroup": null, "w": 105, "h": 25, "y": 1904, "x": 295, "structure_id": "Tr_39"}, {"parent_TextBlock": "Tb_34", "text": "We", "parent_Field": null, "parent_Choice_Field": null, "parent_ChoiceGroup": null, "w": 41, "h": 25, "y": 1904, "x": 415, "structure_id": "Tr_40"}, {"parent_TextBlock": "Tb_34", "text": "need", "parent_Field": null, "parent_Choice_Field": null, "parent_ChoiceGroup": null, "w": 53, "h": 25, "y": 1904, "x": 457, "structure_id": "Tr_41"}, {"parent_TextBlock": "Tb_34", "text": "this", "parent_Field": null, "parent_Choice_Field": null, "parent_ChoiceGroup": null, "w": 43, "h": 25, "y": 1904, "x": 511, "structure_id": "Tr_42"}, {"parent_TextBlock": "Tb_34", "text": "information", "parent_Field": null, "parent_Choice_Field": null, "parent_ChoiceGroup": null, "w": 124, "h": 25, "y": 1904, "x": 555, "structure_id": "Tr_43"}, {"parent_TextBlock": "Tb_34", "text": "in", "parent_Field": null, "parent_Choice_Field": null, "parent_ChoiceGroup": null, "w": 26, "h": 25, "y": 1904, "x": 680, "structure_id": "Tr_44"}, {"parent_TextBlock": "Tb_34", "text": "order", "parent_Field": null, "parent_Choice_Field": null, "parent_ChoiceGroup": null, "w": 59, "h": 25, "y": 1904, "x": 707, "structure_id": "Tr_45"}, {"parent_TextBlock": "Tb_34", "text": "to", "parent_Field": null, "parent_Choice_Field": null, "parent_ChoiceGroup": null, "w": 26, "h": 25, "y": 1904, "x": 767, "structure_id": "Tr_46"}, {"parent_TextBlock": "Tb_34", "text": "assist", "parent_Field": null, "parent_Choice_Field": null, "parent_ChoiceGroup": null, "w": 60, "h": 25, "y": 1904, "x": 794, "structure_id": "Tr_47"}, {"parent_TextBlock": "Tb_34", "text": "you", "parent_Field": null, "parent_Choice_Field": null, "parent_ChoiceGroup": null, "w": 43, "h": 25, "y": 1904, "x": 856, "structure_id": "Tr_48"}, {"parent_TextBlock": "Tb_34", "text": "in", "parent_Field": null, "parent_Choice_Field": null, "parent_ChoiceGroup": null, "w": 26, "h": 25, "y": 1904, "x": 900, "structure_id": "Tr_49"}, {"parent_TextBlock": "Tb_34", "text": "supporting", "parent_Field": null, "parent_Choice_Field": null, "parent_ChoiceGroup": null, "w": 113, "h": 25, "y": 1904, "x": 927, "structure_id": "Tr_50"}, {"parent_TextBlock": "Tb_34", "text": "your", "parent_Field": null, "parent_Choice_Field": null, "parent_ChoiceGroup": null, "w": 52, "h": 25, "y": 1904, "x": 1042, "structure_id": "Tr_51"}, {"parent_TextBlock": "Tb_34", "text": "claim", "parent_Field": null, "parent_Choice_Field": null, "parent_ChoiceGroup": null, "w": 62, "h": 25, "y": 1904, "x": 1095, "structure_id": "Tr_52"}, {"parent_TextBlock": "Tb_34", "text": "for", "parent_Field": null, "parent_Choice_Field": null, "parent_ChoiceGroup": null, "w": 35, "h": 25, "y": 1904, "x": 1158, "structure_id": "Tr_53"}, {"parent_TextBlock": "Tb_34", "text": "post-traumatic", "parent_Field": null, "parent_Choice_Field": null, "parent_ChoiceGroup": null, "w": 151, "h": 25, "y": 1904, "x": 1194, "structure_id": "Tr_54"}, {"parent_TextBlock": "Tb_34", "text": "stress", "parent_Field": null, "parent_Choice_Field": null, "parent_ChoiceGroup": null, "w": 62, "h": 25, "y": 1904, "x": 1346, "structure_id": "Tr_55"}, {"parent_TextBlock": "Tb_34", "text": "disorder", "parent_Field": null, "parent_Choice_Field": null, "parent_ChoiceGroup": null, "w": 88, "h": 25, "y": 1904, "x": 1409, "structure_id": "Tr_56"}, {"parent_TextBlock": "Tb_34", "text": "(38", "parent_Field": null, "parent_Choice_Field": null, "parent_ChoiceGroup": null, "w": 40, "h": 25, "y": 1904, "x": 1498, "structure_id": "Tr_57"}, {"parent_TextBlock": "Tb_34", "text": "U.S.", "parent_Field": null, "parent_Choice_Field": null, "parent_ChoiceGroup": null, "w": 44, "h": 25, "y": 1904, "x": 1539, "structure_id": "Tr_58"}, {"parent_TextBlock": "Tb_34", "text": "C.", "parent_Field": null, "parent_Choice_Field": null, "parent_ChoiceGroup": null, "w": 29, "h": 25, "y": 1934, "x": 117, "structure_id": "Tr_59"}, {"parent_TextBlock": "Tb_34", "text": "5107", "parent_Field": null, "parent_Choice_Field": null, "parent_ChoiceGroup": null, "w": 57, "h": 25, "y": 1934, "x": 148, "structure_id": "Tr_60"}, {"parent_TextBlock": "Tb_34", "text": "(a)).", "parent_Field": null, "parent_Choice_Field": null, "parent_ChoiceGroup": null, "w": 49, "h": 25, "y": 1934, "x": 207, "structure_id": "Tr_61"}, {"parent_TextBlock": "Tb_34", "text": "Title", "parent_Field": null, "parent_Choice_Field": null, "parent_ChoiceGroup": null, "w": 54, "h": 25, "y": 1934, "x": 258, "structure_id": "Tr_62"}, {"parent_TextBlock": "Tb_34", "text": "38,", "parent_Field": null, "parent_Choice_Field": null, "parent_ChoiceGroup": null, "w": 38, "h": 25, "y": 1934, "x": 314, "structure_id": "Tr_63"}, {"parent_TextBlock": "Tb_34", "text": "United", "parent_Field": null, "parent_Choice_Field": null, "parent_ChoiceGroup": null, "w": 74, "h": 25, "y": 1934, "x": 354, "structure_id": "Tr_64"}, {"parent_TextBlock": "Tb_34", "text": "States", "parent_Field": null, "parent_Choice_Field": null, "parent_ChoiceGroup": null, "w": 66, "h": 25, "y": 1934, "x": 431, "structure_id": "Tr_65"}, {"parent_TextBlock": "Tb_34", "text": "Code,", "parent_Field": null, "parent_Choice_Field": null, "parent_ChoiceGroup": null, "w": 66, "h": 25, "y": 1934, "x": 499, "structure_id": "Tr_66"}, {"parent_TextBlock": "Tb_34", "text": "allows", "parent_Field": null, "parent_Choice_Field": null, "parent_ChoiceGroup": null, "w": 72, "h": 25, "y": 1934, "x": 567, "structure_id": "Tr_67"}, {"parent_TextBlock": "Tb_34", "text": "us", "parent_Field": null, "parent_Choice_Field": null, "parent_ChoiceGroup": null, "w": 28, "h": 25, "y": 1934, "x": 641, "structure_id": "Tr_68"}, {"parent_TextBlock": "Tb_34", "text": "to", "parent_Field": null, "parent_Choice_Field": null, "parent_ChoiceGroup": null, "w": 26, "h": 25, "y": 1934, "x": 672, "structure_id": "Tr_69"}, {"parent_TextBlock": "Tb_34", "text": "ask", "parent_Field": null, "parent_Choice_Field": null, "parent_ChoiceGroup": null, "w": 40, "h": 25, "y": 1934, "x": 700, "structure_id": "Tr_70"}, {"parent_TextBlock": "Tb_34", "text": "for", "parent_Field": null, "parent_Choice_Field": null, "parent_ChoiceGroup": null, "w": 36, "h": 25, "y": 1934, "x": 742, "structure_id": "Tr_71"}, {"parent_TextBlock": "Tb_34", "text": "this", "parent_Field": null, "parent_Choice_Field": null, "parent_ChoiceGroup": null, "w": 42, "h": 25, "y": 1934, "x": 780, "structure_id": "Tr_72"}, {"parent_TextBlock": "Tb_34", "text": "information.", "parent_Field": null, "parent_Choice_Field": null, "parent_ChoiceGroup": null, "w": 130, "h": 25, "y": 1934, "x": 825, "structure_id": "Tr_73"}, {"parent_TextBlock": "Tb_34", "text": "We", "parent_Field": null, "parent_Choice_Field": null, "parent_ChoiceGroup": null, "w": 41, "h": 25, "y": 1934, "x": 958, "structure_id": "Tr_74"}, {"parent_TextBlock": "Tb_34", "text": "estimate", "parent_Field": null, "parent_Choice_Field": null, "parent_ChoiceGroup": null, "w": 90, "h": 25, "y": 1934, "x": 1001, "structure_id": "Tr_75"}, {"parent_TextBlock": "Tb_34", "text": "that", "parent_Field": null, "parent_Choice_Field": null, "parent_ChoiceGroup": null, "w": 44, "h": 25, "y": 1934, "x": 1093, "structure_id": "Tr_76"}, {"parent_TextBlock": "Tb_34", "text": "you", "parent_Field": null, "parent_Choice_Field": null, "parent_ChoiceGroup": null, "w": 43, "h": 25, "y": 1934, "x": 1140, "structure_id": "Tr_77"}, {"parent_TextBlock": "Tb_34", "text": "will", "parent_Field": null, "parent_Choice_Field": null, "parent_ChoiceGroup": null, "w": 45, "h": 25, "y": 1934, "x": 1186, "structure_id": "Tr_78"}, {"parent_TextBlock": "Tb_34", "text": "need", "parent_Field": null, "parent_Choice_Field": null, "parent_ChoiceGroup": null, "w": 54, "h": 25, "y": 1934, "x": 1233, "structure_id": "Tr_79"}, {"parent_TextBlock": "Tb_34", "text": "an", "parent_Field": null, "parent_Choice_Field": null, "parent_ChoiceGroup": null, "w": 30, "h": 25, "y": 1934, "x": 1289, "structure_id": "Tr_80"}, {"parent_TextBlock": "Tb_34", "text": "average", "parent_Field": null, "parent_Choice_Field": null, "parent_ChoiceGroup": null, "w": 84, "h": 25, "y": 1934, "x": 1322, "structure_id": "Tr_81"}, {"parent_TextBlock": "Tb_34", "text": "of", "parent_Field": null, "parent_Choice_Field": null, "parent_ChoiceGroup": null, "w": 27, "h": 25, "y": 1934, "x": 1408, "structure_id": "Tr_82"}, {"parent_TextBlock": "Tb_34", "text": "hour", "parent_Field": null, "parent_Choice_Field": null, "parent_ChoiceGroup": null, "w": 52, "h": 25, "y": 1934, "x": 1459, "structure_id": "Tr_83"}, {"parent_TextBlock": "Tb_34", "text": "and", "parent_Field": null, "parent_Choice_Field": null, "parent_ChoiceGroup": null, "w": 42, "h": 25, "y": 1934, "x": 1514, "structure_id": "Tr_84"}, {"parent_TextBlock": "Tb_34", "text": "10", "parent_Field": null, "parent_Choice_Field": null, "parent_ChoiceGroup": null, "w": 25, "h": 25, "y": 1934, "x": 1558, "structure_id": "Tr_85"}, {"parent_TextBlock": "Tb_34", "text": "minutes", "parent_Field": null, "parent_Choice_Field": null, "parent_ChoiceGroup": null, "w": 85, "h": 25, "y": 1964, "x": 117, "structure_id": "Tr_86"}, {"parent_TextBlock": "Tb_34", "text": "to", "parent_Field": null, "parent_Choice_Field": null, "parent_ChoiceGroup": null, "w": 25, "h": 25, "y": 1964, "x": 203, "structure_id": "Tr_87"}, {"parent_TextBlock": "Tb_34", "text": "review", "parent_Field": null, "parent_Choice_Field": null, "parent_ChoiceGroup": null, "w": 74, "h": 25, "y": 1964, "x": 229, "structure_id": "Tr_88"}, {"parent_TextBlock": "Tb_34", "text": "the", "parent_Field": null, "parent_Choice_Field": null, "parent_ChoiceGroup": null, "w": 37, "h": 25, "y": 1964, "x": 303, "structure_id": "Tr_89"}, {"parent_TextBlock": "Tb_34", "text": "instructions,", "parent_Field": null, "parent_Choice_Field": null, "parent_ChoiceGroup": null, "w": 129, "h": 25, "y": 1964, "x": 341, "structure_id": "Tr_90"}, {"parent_TextBlock": "Tb_34", "text": "find", "parent_Field": null, "parent_Choice_Field": null, "parent_ChoiceGroup": null, "w": 47, "h": 25, "y": 1964, "x": 470, "structure_id": "Tr_91"}, {"parent_TextBlock": "Tb_34", "text": "the", "parent_Field": null, "parent_Choice_Field": null, "parent_ChoiceGroup": null, "w": 37, "h": 25, "y": 1964, "x": 517, "structure_id": "Tr_92"}, {"parent_TextBlock": "Tb_34", "text": "information,", "parent_Field": null, "parent_Choice_Field": null, "parent_ChoiceGroup": null, "w": 130, "h": 25, "y": 1964, "x": 555, "structure_id": "Tr_93"}, {"parent_TextBlock": "Tb_34", "text": "and", "parent_Field": null, "parent_Choice_Field": null, "parent_ChoiceGroup": null, "w": 42, "h": 25, "y": 1964, "x": 686, "structure_id": "Tr_94"}, {"parent_TextBlock": "Tb_34", "text": "complete", "parent_Field": null, "parent_Choice_Field": null, "parent_ChoiceGroup": null, "w": 98, "h": 25, "y": 1964, "x": 728, "structure_id": "Tr_95"}, {"parent_TextBlock": "Tb_34", "text": "this", "parent_Field": null, "parent_Choice_Field": null, "parent_ChoiceGroup": null, "w": 42, "h": 25, "y": 1964, "x": 827, "structure_id": "Tr_96"}, {"parent_TextBlock": "Tb_34", "text": "form.", "parent_Field": null, "parent_Choice_Field": null, "parent_ChoiceGroup": null, "w": 61, "h": 25, "y": 1964, "x": 870, "structure_id": "Tr_97"}, {"parent_TextBlock": "Tb_34", "text": "VA", "parent_Field": null, "parent_Choice_Field": null, "parent_ChoiceGroup": null, "w": 43, "h": 25, "y": 1964, "x": 931, "structure_id": "Tr_98"}, {"parent_TextBlock": "Tb_34", "text": "cannot", "parent_Field": null, "parent_Choice_Field": null, "parent_ChoiceGroup": null, "w": 73, "h": 25, "y": 1964, "x": 974, "structure_id": "Tr_99"}, {"parent_TextBlock": "Tb_34", "text": "conduct", "parent_Field": null, "parent_Choice_Field": null, "parent_ChoiceGroup": null, "w": 86, "h": 25, "y": 1964, "x": 1047, "structure_id": "Tr_100"}, {"parent_TextBlock": "Tb_34", "text": "or", "parent_Field": null, "parent_Choice_Field": null, "parent_ChoiceGroup": null, "w": 27, "h": 25, "y": 1964, "x": 1133, "structure_id": "Tr_101"}, {"parent_TextBlock": "Tb_34", "text": "sponsor", "parent_Field": null, "parent_Choice_Field": null, "parent_ChoiceGroup": null, "w": 84, "h": 25, "y": 1964, "x": 1161, "structure_id": "Tr_102"}, {"parent_TextBlock": "Tb_34", "text": "collection", "parent_Field": null, "parent_Choice_Field": null, "parent_ChoiceGroup": null, "w": 105, "h": 25, "y": 1964, "x": 1263, "structure_id": "Tr_103"}, {"parent_TextBlock": "Tb_34", "text": "of", "parent_Field": null, "parent_Choice_Field": null, "parent_ChoiceGroup": null, "w": 27, "h": 25, "y": 1964, "x": 1369, "structure_id": "Tr_104"}, {"parent_TextBlock": "Tb_34", "text": "information", "parent_Field": null, "parent_Choice_Field": null, "parent_ChoiceGroup": null, "w": 124, "h": 25, "y": 1964, "x": 1396, "structure_id": "Tr_105"}, {"parent_TextBlock": "Tb_34", "text": "unless", "parent_Field": null, "parent_Choice_Field": null, "parent_ChoiceGroup": null, "w": 62, "h": 25, "y": 1964, "x": 1521, "structure_id": "Tr_106"}, {"parent_TextBlock": "Tb_34", "text": "valid", "parent_Field": null, "parent_Choice_Field": null, "parent_ChoiceGroup": null, "w": 56, "h": 25, "y": 1994, "x": 136, "structure_id": "Tr_107"}, {"parent_TextBlock": "Tb_34", "text": "OMB", "parent_Field": null, "parent_Choice_Field": null, "parent_ChoiceGroup": null, "w": 63, "h": 25, "y": 1994, "x": 194, "structure_id": "Tr_108"}, {"parent_TextBlock": "Tb_34", "text": "control", "parent_Field": null, "parent_Choice_Field": null, "parent_ChoiceGroup": null, "w": 77, "h": 25, "y": 1994, "x": 259, "structure_id": "Tr_109"}, {"parent_TextBlock": "Tb_34", "text": "number", "parent_Field": null, "parent_Choice_Field": null, "parent_ChoiceGroup": null, "w": 82, "h": 25, "y": 1994, "x": 338, "structure_id": "Tr_110"}, {"parent_TextBlock": "Tb_34", "text": "is", "parent_Field": null, "parent_Choice_Field": null, "parent_ChoiceGroup": null, "w": 23, "h": 25, "y": 1994, "x": 422, "structure_id": "Tr_111"}, {"parent_TextBlock": "Tb_34", "text": "displayed.", "parent_Field": null, "parent_Choice_Field": null, "parent_ChoiceGroup": null, "w": 108, "h": 25, "y": 1994, "x": 447, "structure_id": "Tr_112"}, {"parent_TextBlock": "Tb_34", "text": "You", "parent_Field": null, "parent_Choice_Field": null, "parent_ChoiceGroup": null, "w": 49, "h": 25, "y": 1994, "x": 557, "structure_id": "Tr_113"}, {"parent_TextBlock": "Tb_34", "text": "are", "parent_Field": null, "parent_Choice_Field": null, "parent_ChoiceGroup": null, "w": 37, "h": 25, "y": 1994, "x": 608, "structure_id": "Tr_114"}, {"parent_TextBlock": "Tb_34", "text": "not", "parent_Field": null, "parent_Choice_Field": null, "parent_ChoiceGroup": null, "w": 38, "h": 25, "y": 1994, "x": 647, "structure_id": "Tr_115"}, {"parent_TextBlock": "Tb_34", "text": "required", "parent_Field": null, "parent_Choice_Field": null, "parent_ChoiceGroup": null, "w": 89, "h": 25, "y": 1994, "x": 687, "structure_id": "Tr_116"}, {"parent_TextBlock": "Tb_34", "text": "to", "parent_Field": null, "parent_Choice_Field": null, "parent_ChoiceGroup": null, "w": 26, "h": 25, "y": 1994, "x": 778, "structure_id": "Tr_117"}, {"parent_TextBlock": "Tb_34", "text": "respond", "parent_Field": null, "parent_Choice_Field": null, "parent_ChoiceGroup": null, "w": 85, "h": 25, "y": 1994, "x": 806, "structure_id": "Tr_118"}, {"parent_TextBlock": "Tb_34", "text": "to", "parent_Field": null, "parent_Choice_Field": null, "parent_ChoiceGroup": null, "w": 25, "h": 25, "y": 1994, "x": 893, "structure_id": "Tr_119"}, {"parent_TextBlock": "Tb_34", "text": "collection", "parent_Field": null, "parent_Choice_Field": null, "parent_ChoiceGroup": null, "w": 105, "h": 25, "y": 1994, "x": 939, "structure_id": "Tr_120"}, {"parent_TextBlock": "Tb_34", "text": "of", "parent_Field": null, "parent_Choice_Field": null, "parent_ChoiceGroup": null, "w": 27, "h": 25, "y": 1994, "x": 1046, "structure_id": "Tr_121"}, {"parent_TextBlock": "Tb_34", "text": "information", "parent_Field": null, "parent_Choice_Field": null, "parent_ChoiceGroup": null, "w": 124, "h": 25, "y": 1994, "x": 1075, "structure_id": "Tr_122"}, {"parent_TextBlock": "Tb_34", "text": "if", "parent_Field": null, "parent_Choice_Field": null, "parent_ChoiceGroup": null, "w": 22, "h": 25, "y": 1994, "x": 1201, "structure_id": "Tr_123"}, {"parent_TextBlock": "Tb_34", "text": "this", "parent_Field": null, "parent_Choice_Field": null, "parent_ChoiceGroup": null, "w": 43, "h": 25, "y": 1994, "x": 1224, "structure_id": "Tr_124"}, {"parent_TextBlock": "Tb_34", "text": "number", "parent_Field": null, "parent_Choice_Field": null, "parent_ChoiceGroup": null, "w": 82, "h": 25, "y": 1994, "x": 1269, "structure_id": "Tr_125"}, {"parent_TextBlock": "Tb_34", "text": "is", "parent_Field": null, "parent_Choice_Field": null, "parent_ChoiceGroup": null, "w": 23, "h": 25, "y": 1994, "x": 1353, "structure_id": "Tr_126"}, {"parent_TextBlock": "Tb_34", "text": "not", "parent_Field": null, "parent_Choice_Field": null, "parent_ChoiceGroup": null, "w": 38, "h": 25, "y": 1994, "x": 1378, "structure_id": "Tr_127"}, {"parent_TextBlock": "Tb_34", "text": "displayed.", "parent_Field": null, "parent_Choice_Field": null, "parent_ChoiceGroup": null, "w": 108, "h": 25, "y": 1994, "x": 1418, "structure_id": "Tr_128"}, {"parent_TextBlock": "Tb_34", "text": "Valid", "parent_Field": null, "parent_Choice_Field": null, "parent_ChoiceGroup": null, "w": 55, "h": 25, "y": 1994, "x": 1528, "structure_id": "Tr_129"}, {"parent_TextBlock": "Tb_34", "text": "OMB", "parent_Field": null, "parent_Choice_Field": null, "parent_ChoiceGroup": null, "w": 63, "h": 25, "y": 2024, "x": 117, "structure_id": "Tr_130"}, {"parent_TextBlock": "Tb_34", "text": "control", "parent_Field": null, "parent_Choice_Field": null, "parent_ChoiceGroup": null, "w": 77, "h": 25, "y": 2024, "x": 189, "structure_id": "Tr_131"}, {"parent_TextBlock": "Tb_34", "text": "numbers", "parent_Field": null, "parent_Choice_Field": null, "parent_ChoiceGroup": null, "w": 93, "h": 25, "y": 2024, "x": 274, "structure_id": "Tr_132"}, {"parent_TextBlock": "Tb_34", "text": "can", "parent_Field": null, "parent_Choice_Field": null, "parent_ChoiceGroup": null, "w": 41, "h": 25, "y": 2024, "x": 375, "structure_id": "Tr_133"}, {"parent_TextBlock": "Tb_34", "text": "be", "parent_Field": null, "parent_Choice_Field": null, "parent_ChoiceGroup": null, "w": 30, "h": 25, "y": 2024, "x": 425, "structure_id": "Tr_134"}, {"parent_TextBlock": "Tb_34", "text": "located", "parent_Field": null, "parent_Choice_Field": null, "parent_ChoiceGroup": null, "w": 79, "h": 25, "y": 2024, "x": 463, "structure_id": "Tr_135"}, {"parent_TextBlock": "Tb_34", "text": "on", "parent_Field": null, "parent_Choice_Field": null, "parent_ChoiceGroup": null, "w": 32, "h": 25, "y": 2024, "x": 550, "structure_id": "Tr_136"}, {"parent_TextBlock": "Tb_34", "text": "the", "parent_Field": null, "parent_Choice_Field": null, "parent_ChoiceGroup": null, "w": 37, "h": 25, "y": 2024, "x": 590, "structure_id": "Tr_137"}, {"parent_TextBlock": "Tb_34", "text": "OMB", "parent_Field": null, "parent_Choice_Field": null, "parent_ChoiceGroup": null, "w": 63, "h": 25, "y": 2024, "x": 636, "structure_id": "Tr_138"}, {"parent_TextBlock": "Tb_34", "text": "Internet", "parent_Field": null, "parent_Choice_Field": null, "parent_ChoiceGroup": null, "w": 84, "h": 25, "y": 2024, "x": 707, "structure_id": "Tr_139"}, {"parent_TextBlock": "Tb_34", "text": "Page", "parent_Field": null, "parent_Choice_Field": null, "parent_ChoiceGroup": null, "w": 55, "h": 25, "y": 2024, "x": 800, "structure_id": "Tr_140"}, {"parent_TextBlock": "Tb_34", "text": "at", "parent_Field": null, "parent_Choice_Field": null, "parent_ChoiceGroup": null, "w": 24, "h": 25, "y": 2024, "x": 864, "structure_id": "Tr_141"}, {"parent_TextBlock": "Tb_34", "text": "www.reginfo.gov/public/do/PRAMain", "parent_Field": null, "parent_Choice_Field": null, "parent_ChoiceGroup": null, "w": 403, "h": 25, "y": 2024, "x": 896, "structure_id": "Tr_142"}, {"parent_TextBlock": "Tb_34", "text": "If", "parent_Field": null, "parent_Choice_Field": null, "parent_ChoiceGroup": null, "w": 23, "h": 25, "y": 2024, "x": 1320, "structure_id": "Tr_143"}, {"parent_TextBlock": "Tb_34", "text": "desired,", "parent_Field": null, "parent_Choice_Field": null, "parent_ChoiceGroup": null, "w": 85, "h": 25, "y": 2024, "x": 1352, "structure_id": "Tr_144"}, {"parent_TextBlock": "Tb_34", "text": "you", "parent_Field": null, "parent_Choice_Field": null, "parent_ChoiceGroup": null, "w": 44, "h": 25, "y": 2024, "x": 1445, "structure_id": "Tr_145"}, {"parent_TextBlock": "Tb_34", "text": "can", "parent_Field": null, "parent_Choice_Field": null, "parent_ChoiceGroup": null, "w": 41, "h": 25, "y": 2024, "x": 1498, "structure_id": "Tr_146"}, {"parent_TextBlock": "Tb_34", "text": "call", "parent_Field": null, "parent_Choice_Field": null, "parent_ChoiceGroup": null, "w": 36, "h": 25, "y": 2024, "x": 1547, "structure_id": "Tr_147"}, {"parent_TextBlock": "Tb_34", "text": "1-800-827-1000 to get information on where to send comments or suggestions about this form.", "parent_Field": null, "parent_Choice_Field": null, "parent_ChoiceGroup": null, "w": 956, "h": 25, "y": 2054, "x": 117, "structure_id": "Tr_148"}, {"parent_TextBlock": "Tb_35", "text": "PRIVACY", "parent_Field": null, "parent_Choice_Field": null, "parent_ChoiceGroup": null, "w": 121, "h": 25, "y": 1609, "x": 117, "structure_id": "Tr_149"}, {"parent_TextBlock": "Tb_35", "text": "ACT", "parent_Field": null, "parent_Choice_Field": null, "parent_ChoiceGroup": null, "w": 59, "h": 25, "y": 1609, "x": 238, "structure_id": "Tr_150"}, {"parent_TextBlock": "Tb_35", "text": "NOTICE", "parent_Field": null, "parent_Choice_Field": null, "parent_ChoiceGroup": null, "w": 98, "h": 25, "y": 1609, "x": 298, "structure_id": "Tr_151"}, {"parent_TextBlock": "Tb_35", "text": "The", "parent_Field": null, "parent_Choice_Field": null, "parent_ChoiceGroup": null, "w": 45, "h": 25, "y": 1609, "x": 410, "structure_id": "Tr_152"}, {"parent_TextBlock": "Tb_35", "text": "VA", "parent_Field": null, "parent_Choice_Field": null, "parent_ChoiceGroup": null, "w": 42, "h": 25, "y": 1609, "x": 455, "structure_id": "Tr_153"}, {"parent_TextBlock": "Tb_35", "text": "will", "parent_Field": null, "parent_Choice_Field": null, "parent_ChoiceGroup": null, "w": 45, "h": 25, "y": 1609, "x": 498, "structure_id": "Tr_154"}, {"parent_TextBlock": "Tb_35", "text": "not", "parent_Field": null, "parent_Choice_Field": null, "parent_ChoiceGroup": null, "w": 38, "h": 25, "y": 1609, "x": 543, "structure_id": "Tr_155"}, {"parent_TextBlock": "Tb_35", "text": "disclose", "parent_Field": null, "parent_Choice_Field": null, "parent_ChoiceGroup": null, "w": 87, "h": 25, "y": 1609, "x": 581, "structure_id": "Tr_156"}, {"parent_TextBlock": "Tb_35", "text": "information", "parent_Field": null, "parent_Choice_Field": null, "parent_ChoiceGroup": null, "w": 125, "h": 25, "y": 1609, "x": 668, "structure_id": "Tr_157"}, {"parent_TextBlock": "Tb_35", "text": "collected", "parent_Field": null, "parent_Choice_Field": null, "parent_ChoiceGroup": null, "w": 96, "h": 25, "y": 1609, "x": 793, "structure_id": "Tr_158"}, {"parent_TextBlock": "Tb_35", "text": "on", "parent_Field": null, "parent_Choice_Field": null, "parent_ChoiceGroup": null, "w": 32, "h": 25, "y": 1609, "x": 889, "structure_id": "Tr_159"}, {"parent_TextBlock": "Tb_35", "text": "this", "parent_Field": null, "parent_Choice_Field": null, "parent_ChoiceGroup": null, "w": 42, "h": 25, "y": 1609, "x": 921, "structure_id": "Tr_160"}, {"parent_TextBlock": "Tb_35", "text": "form", "parent_Field": null, "parent_Choice_Field": null, "parent_ChoiceGroup": null, "w": 55, "h": 25, "y": 1609, "x": 963, "structure_id": "Tr_161"}, {"parent_TextBlock": "Tb_35", "text": "to", "parent_Field": null, "parent_Choice_Field": null, "parent_ChoiceGroup": null, "w": 25, "h": 25, "y": 1609, "x": 1019, "structure_id": "Tr_162"}, {"parent_TextBlock": "Tb_35", "text": "any", "parent_Field": null, "parent_Choice_Field": null, "parent_ChoiceGroup": null, "w": 43, "h": 25, "y": 1609, "x": 1044, "structure_id": "Tr_163"}, {"parent_TextBlock": "Tb_35", "text": "source", "parent_Field": null, "parent_Choice_Field": null, "parent_ChoiceGroup": null, "w": 71, "h": 25, "y": 1609, "x": 1087, "structure_id": "Tr_164"}, {"parent_TextBlock": "Tb_35", "text": "other", "parent_Field": null, "parent_Choice_Field": null, "parent_ChoiceGroup": null, "w": 57, "h": 25, "y": 1609, "x": 1159, "structure_id": "Tr_165"}, {"parent_TextBlock": "Tb_35", "text": "than", "parent_Field": null, "parent_Choice_Field": null, "parent_ChoiceGroup": null, "w": 50, "h": 25, "y": 1609, "x": 1216, "structure_id": "Tr_166"}, {"parent_TextBlock": "Tb_35", "text": "what", "parent_Field": null, "parent_Choice_Field": null, "parent_ChoiceGroup": null, "w": 55, "h": 25, "y": 1609, "x": 1266, "structure_id": "Tr_167"}, {"parent_TextBlock": "Tb_35", "text": "has", "parent_Field": null, "parent_Choice_Field": null, "parent_ChoiceGroup": null, "w": 40, "h": 25, "y": 1609, "x": 1321, "structure_id": "Tr_168"}, {"parent_TextBlock": "Tb_35", "text": "been", "parent_Field": null, "parent_Choice_Field": null, "parent_ChoiceGroup": null, "w": 53, "h": 25, "y": 1609, "x": 1361, "structure_id": "Tr_169"}, {"parent_TextBlock": "Tb_35", "text": "authorized", "parent_Field": null, "parent_Choice_Field": null, "parent_ChoiceGroup": null, "w": 112, "h": 25, "y": 1609, "x": 1414, "structure_id": "Tr_170"}, {"parent_TextBlock": "Tb_35", "text": "under", "parent_Field": null, "parent_Choice_Field": null, "parent_ChoiceGroup": null, "w": 57, "h": 25, "y": 1609, "x": 1526, "structure_id": "Tr_171"}, {"parent_TextBlock": "Tb_35", "text": "the", "parent_Field": null, "parent_Choice_Field": null, "parent_ChoiceGroup": null, "w": 36, "h": 25, "y": 1639, "x": 117, "structure_id": "Tr_172"}, {"parent_TextBlock": "Tb_35", "text": "Privacy", "parent_Field": null, "parent_Choice_Field": null, "parent_ChoiceGroup": null, "w": 82, "h": 25, "y": 1639, "x": 156, "structure_id": "Tr_173"}, {"parent_TextBlock": "Tb_35", "text": "Act", "parent_Field": null, "parent_Choice_Field": null, "parent_ChoiceGroup": null, "w": 42, "h": 25, "y": 1639, "x": 241, "structure_id": "Tr_174"}, {"parent_TextBlock": "Tb_35", "text": "of", "parent_Field": null, "parent_Choice_Field": null, "parent_ChoiceGroup": null, "w": 27, "h": 25, "y": 1639, "x": 285, "structure_id": "Tr_175"}, {"parent_TextBlock": "Tb_35", "text": "1974", "parent_Field": null, "parent_Choice_Field": null, "parent_ChoiceGroup": null, "w": 56, "h": 25, "y": 1639, "x": 315, "structure_id": "Tr_176"}, {"parent_TextBlock": "Tb_35", "text": "or", "parent_Field": null, "parent_Choice_Field": null, "parent_ChoiceGroup": null, "w": 27, "h": 25, "y": 1639, "x": 373, "structure_id": "Tr_177"}, {"parent_TextBlock": "Tb_35", "text": "Title", "parent_Field": null, "parent_Choice_Field": null, "parent_ChoiceGroup": null, "w": 53, "h": 25, "y": 1639, "x": 403, "structure_id": "Tr_178"}, {"parent_TextBlock": "Tb_35", "text": "38,", "parent_Field": null, "parent_Choice_Field": null, "parent_ChoiceGroup": null, "w": 38, "h": 25, "y": 1639, "x": 458, "structure_id": "Tr_179"}, {"parent_TextBlock": "Tb_35", "text": "Code", "parent_Field": null, "parent_Choice_Field": null, "parent_ChoiceGroup": null, "w": 59, "h": 25, "y": 1639, "x": 498, "structure_id": "Tr_180"}, {"parent_TextBlock": "Tb_35", "text": "of", "parent_Field": null, "parent_Choice_Field": null, "parent_ChoiceGroup": null, "w": 27, "h": 25, "y": 1639, "x": 559, "structure_id": "Tr_181"}, {"parent_TextBlock": "Tb_35", "text": "Federal", "parent_Field": null, "parent_Choice_Field": null, "parent_ChoiceGroup": null, "w": 81, "h": 25, "y": 1639, "x": 589, "structure_id": "Tr_182"}, {"parent_TextBlock": "Tb_35", "text": "Regulations", "parent_Field": null, "parent_Choice_Field": null, "parent_ChoiceGroup": null, "w": 126, "h": 25, "y": 1639, "x": 672, "structure_id": "Tr_183"}, {"parent_TextBlock": "Tb_35", "text": "1.576", "parent_Field": null, "parent_Choice_Field": null, "parent_ChoiceGroup": null, "w": 63, "h": 25, "y": 1639, "x": 800, "structure_id": "Tr_184"}, {"parent_TextBlock": "Tb_35", "text": "for", "parent_Field": null, "parent_Choice_Field": null, "parent_ChoiceGroup": null, "w": 35, "h": 25, "y": 1639, "x": 865, "structure_id": "Tr_185"}, {"parent_TextBlock": "Tb_35", "text": "routine", "parent_Field": null, "parent_Choice_Field": null, "parent_ChoiceGroup": null, "w": 77, "h": 25, "y": 1639, "x": 903, "structure_id": "Tr_186"}, {"parent_TextBlock": "Tb_35", "text": "uses", "parent_Field": null, "parent_Choice_Field": null, "parent_ChoiceGroup": null, "w": 49, "h": 25, "y": 1639, "x": 982, "structure_id": "Tr_187"}, {"parent_TextBlock": "Tb_35", "text": "(i.e.,", "parent_Field": null, "parent_Choice_Field": null, "parent_ChoiceGroup": null, "w": 51, "h": 25, "y": 1639, "x": 1034, "structure_id": "Tr_188"}, {"parent_TextBlock": "Tb_35", "text": "civil", "parent_Field": null, "parent_Choice_Field": null, "parent_ChoiceGroup": null, "w": 51, "h": 25, "y": 1639, "x": 1087, "structure_id": "Tr_189"}, {"parent_TextBlock": "Tb_35", "text": "or", "parent_Field": null, "parent_Choice_Field": null, "parent_ChoiceGroup": null, "w": 27, "h": 25, "y": 1639, "x": 1140, "structure_id": "Tr_190"}, {"parent_TextBlock": "Tb_35", "text": "criminal", "parent_Field": null, "parent_Choice_Field": null, "parent_ChoiceGroup": null, "w": 89, "h": 25, "y": 1639, "x": 1170, "structure_id": "Tr_191"}, {"parent_TextBlock": "Tb_35", "text": "law", "parent_Field": null, "parent_Choice_Field": null, "parent_ChoiceGroup": null, "w": 42, "h": 25, "y": 1639, "x": 1262, "structure_id": "Tr_192"}, {"parent_TextBlock": "Tb_35", "text": "enforcement,", "parent_Field": null, "parent_Choice_Field": null, "parent_ChoiceGroup": null, "w": 138, "h": 25, "y": 1639, "x": 1306, "structure_id": "Tr_193"}, {"parent_TextBlock": "Tb_35", "text": "congressional", "parent_Field": null, "parent_Choice_Field": null, "parent_ChoiceGroup": null, "w": 137, "h": 25, "y": 1639, "x": 1446, "structure_id": "Tr_194"}, {"parent_TextBlock": "Tb_35", "text": "communications,", "parent_Field": null, "parent_Choice_Field": null, "parent_ChoiceGroup": null, "w": 177, "h": 25, "y": 1669, "x": 117, "structure_id": "Tr_195"}, {"parent_TextBlock": "Tb_35", "text": "epidemiological", "parent_Field": null, "parent_Choice_Field": null, "parent_ChoiceGroup": null, "w": 167, "h": 25, "y": 1669, "x": 295, "structure_id": "Tr_196"}, {"parent_TextBlock": "Tb_35", "text": "or", "parent_Field": null, "parent_Choice_Field": null, "parent_ChoiceGroup": null, "w": 27, "h": 25, "y": 1669, "x": 463, "structure_id": "Tr_197"}, {"parent_TextBlock": "Tb_35", "text": "research", "parent_Field": null, "parent_Choice_Field": null, "parent_ChoiceGroup": null, "w": 90, "h": 25, "y": 1669, "x": 490, "structure_id": "Tr_198"}, {"parent_TextBlock": "Tb_35", "text": "studies,", "parent_Field": null, "parent_Choice_Field": null, "parent_ChoiceGroup": null, "w": 82, "h": 25, "y": 1669, "x": 580, "structure_id": "Tr_199"}, {"parent_TextBlock": "Tb_35", "text": "the", "parent_Field": null, "parent_Choice_Field": null, "parent_ChoiceGroup": null, "w": 36, "h": 25, "y": 1669, "x": 663, "structure_id": "Tr_200"}, {"parent_TextBlock": "Tb_35", "text": "collection", "parent_Field": null, "parent_Choice_Field": null, "parent_ChoiceGroup": null, "w": 105, "h": 25, "y": 1669, "x": 700, "structure_id": "Tr_201"}, {"parent_TextBlock": "Tb_35", "text": "of", "parent_Field": null, "parent_Choice_Field": null, "parent_ChoiceGroup": null, "w": 27, "h": 25, "y": 1669, "x": 805, "structure_id": "Tr_202"}, {"parent_TextBlock": "Tb_35", "text": "money", "parent_Field": null, "parent_Choice_Field": null, "parent_ChoiceGroup": null, "w": 74, "h": 25, "y": 1669, "x": 833, "structure_id": "Tr_203"}, {"parent_TextBlock": "Tb_35", "text": "owed", "parent_Field": null, "parent_Choice_Field": null, "parent_ChoiceGroup": null, "w": 60, "h": 25, "y": 1669, "x": 908, "structure_id": "Tr_204"}, {"parent_TextBlock": "Tb_35", "text": "to", "parent_Field": null, "parent_Choice_Field": null, "parent_ChoiceGroup": null, "w": 26, "h": 25, "y": 1669, "x": 968, "structure_id": "Tr_205"}, {"parent_TextBlock": "Tb_35", "text": "the", "parent_Field": null, "parent_Choice_Field": null, "parent_ChoiceGroup": null, "w": 36, "h": 25, "y": 1669, "x": 995, "structure_id": "Tr_206"}, {"parent_TextBlock": "Tb_35", "text": "United", "parent_Field": null, "parent_Choice_Field": null, "parent_ChoiceGroup": null, "w": 74, "h": 25, "y": 1669, "x": 1032, "structure_id": "Tr_207"}, {"parent_TextBlock": "Tb_35", "text": "States,", "parent_Field": null, "parent_Choice_Field": null, "parent_ChoiceGroup": null, "w": 72, "h": 25, "y": 1669, "x": 1107, "structure_id": "Tr_208"}, {"parent_TextBlock": "Tb_35", "text": "litigation", "parent_Field": null, "parent_Choice_Field": null, "parent_ChoiceGroup": null, "w": 97, "h": 25, "y": 1669, "x": 1179, "structure_id": "Tr_209"}, {"parent_TextBlock": "Tb_35", "text": "in", "parent_Field": null, "parent_Choice_Field": null, "parent_ChoiceGroup": null, "w": 26, "h": 25, "y": 1669, "x": 1276, "structure_id": "Tr_210"}, {"parent_TextBlock": "Tb_35", "text": "which", "parent_Field": null, "parent_Choice_Field": null, "parent_ChoiceGroup": null, "w": 67, "h": 25, "y": 1669, "x": 1303, "structure_id": "Tr_211"}, {"parent_TextBlock": "Tb_35", "text": "the", "parent_Field": null, "parent_Choice_Field": null, "parent_ChoiceGroup": null, "w": 37, "h": 25, "y": 1669, "x": 1370, "structure_id": "Tr_212"}, {"parent_TextBlock": "Tb_35", "text": "United", "parent_Field": null, "parent_Choice_Field": null, "parent_ChoiceGroup": null, "w": 74, "h": 25, "y": 1669, "x": 1408, "structure_id": "Tr_213"}, {"parent_TextBlock": "Tb_35", "text": "States", "parent_Field": null, "parent_Choice_Field": null, "parent_ChoiceGroup": null, "w": 66, "h": 25, "y": 1669, "x": 1482, "structure_id": "Tr_214"}, {"parent_TextBlock": "Tb_35", "text": "is", "parent_Field": null, "parent_Choice_Field": null, "parent_ChoiceGroup": null, "w": 23, "h": 25, "y": 1669, "x": 1549, "structure_id": "Tr_215"}, {"parent_TextBlock": "Tb_35", "text": "party", "parent_Field": null, "parent_Choice_Field": null, "parent_ChoiceGroup": null, "w": 57, "h": 25, "y": 1699, "x": 117, "structure_id": "Tr_216"}, {"parent_TextBlock": "Tb_35", "text": "or", "parent_Field": null, "parent_Choice_Field": null, "parent_ChoiceGroup": null, "w": 27, "h": 25, "y": 1699, "x": 179, "structure_id": "Tr_217"}, {"parent_TextBlock": "Tb_35", "text": "has", "parent_Field": null, "parent_Choice_Field": null, "parent_ChoiceGroup": null, "w": 40, "h": 25, "y": 1699, "x": 210, "structure_id": "Tr_218"}, {"parent_TextBlock": "Tb_35", "text": "an", "parent_Field": null, "parent_Choice_Field": null, "parent_ChoiceGroup": null, "w": 30, "h": 25, "y": 1699, "x": 254, "structure_id": "Tr_219"}, {"parent_TextBlock": "Tb_35", "text": "interest,", "parent_Field": null, "parent_Choice_Field": null, "parent_ChoiceGroup": null, "w": 86, "h": 25, "y": 1699, "x": 289, "structure_id": "Tr_220"}, {"parent_TextBlock": "Tb_35", "text": "the", "parent_Field": null, "parent_Choice_Field": null, "parent_ChoiceGroup": null, "w": 37, "h": 25, "y": 1699, "x": 379, "structure_id": "Tr_221"}, {"parent_TextBlock": "Tb_35", "text": "administration", "parent_Field": null, "parent_Choice_Field": null, "parent_ChoiceGroup": null, "w": 150, "h": 25, "y": 1699, "x": 421, "structure_id": "Tr_222"}, {"parent_TextBlock": "Tb_35", "text": "of", "parent_Field": null, "parent_Choice_Field": null, "parent_ChoiceGroup": null, "w": 27, "h": 25, "y": 1699, "x": 576, "structure_id": "Tr_223"}, {"parent_TextBlock": "Tb_35", "text": "VA", "parent_Field": null, "parent_Choice_Field": null, "parent_ChoiceGroup": null, "w": 42, "h": 25, "y": 1699, "x": 608, "structure_id": "Tr_224"}, {"parent_TextBlock": "Tb_35", "text": "programs", "parent_Field": null, "parent_Choice_Field": null, "parent_ChoiceGroup": null, "w": 101, "h": 25, "y": 1699, "x": 654, "structure_id": "Tr_225"}, {"parent_TextBlock": "Tb_35", "text": "and", "parent_Field": null, "parent_Choice_Field": null, "parent_ChoiceGroup": null, "w": 42, "h": 25, "y": 1699, "x": 760, "structure_id": "Tr_226"}, {"parent_TextBlock": "Tb_35", "text": "delivery", "parent_Field": null, "parent_Choice_Field": null, "parent_ChoiceGroup": null, "w": 89, "h": 25, "y": 1699, "x": 806, "structure_id": "Tr_227"}, {"parent_TextBlock": "Tb_35", "text": "of", "parent_Field": null, "parent_Choice_Field": null, "parent_ChoiceGroup": null, "w": 27, "h": 25, "y": 1699, "x": 899, "structure_id": "Tr_228"}, {"parent_TextBlock": "Tb_35", "text": "VA", "parent_Field": null, "parent_Choice_Field": null, "parent_ChoiceGroup": null, "w": 42, "h": 25, "y": 1699, "x": 931, "structure_id": "Tr_229"}, {"parent_TextBlock": "Tb_35", "text": "benefits,", "parent_Field": null, "parent_Choice_Field": null, "parent_ChoiceGroup": null, "w": 91, "h": 25, "y": 1699, "x": 978, "structure_id": "Tr_230"}, {"parent_TextBlock": "Tb_35", "text": "verification", "parent_Field": null, "parent_Choice_Field": null, "parent_ChoiceGroup": null, "w": 121, "h": 25, "y": 1699, "x": 1074, "structure_id": "Tr_231"}, {"parent_TextBlock": "Tb_35", "text": "of", "parent_Field": null, "parent_Choice_Field": null, "parent_ChoiceGroup": null, "w": 27, "h": 25, "y": 1699, "x": 1200, "structure_id": "Tr_232"}, {"parent_TextBlock": "Tb_35", "text": "identity", "parent_Field": null, "parent_Choice_Field": null, "parent_ChoiceGroup": null, "w": 83, "h": 25, "y": 1699, "x": 1231, "structure_id": "Tr_233"}, {"parent_TextBlock": "Tb_35", "text": "and", "parent_Field": null, "parent_Choice_Field": null, "parent_ChoiceGroup": null, "w": 43, "h": 25, "y": 1699, "x": 1318, "structure_id": "Tr_234"}, {"parent_TextBlock": "Tb_35", "text": "status,", "parent_Field": null, "parent_Choice_Field": null, "parent_ChoiceGroup": null, "w": 70, "h": 25, "y": 1699, "x": 1365, "structure_id": "Tr_235"}, {"parent_TextBlock": "Tb_35", "text": "and", "parent_Field": null, "parent_Choice_Field": null, "parent_ChoiceGroup": null, "w": 43, "h": 25, "y": 1699, "x": 1439, "structure_id": "Tr_236"}, {"parent_TextBlock": "Tb_35", "text": "personnel", "parent_Field": null, "parent_Choice_Field": null, "parent_ChoiceGroup": null, "w": 97, "h": 25, "y": 1699, "x": 1486, "structure_id": "Tr_237"}, {"parent_TextBlock": "Tb_35", "text": "administration)", "parent_Field": null, "parent_Choice_Field": null, "parent_ChoiceGroup": null, "w": 159, "h": 25, "y": 1729, "x": 117, "structure_id": "Tr_238"}, {"parent_TextBlock": "Tb_35", "text": "as", "parent_Field": null, "parent_Choice_Field": null, "parent_ChoiceGroup": null, "w": 27, "h": 25, "y": 1729, "x": 280, "structure_id": "Tr_239"}, {"parent_TextBlock": "Tb_35", "text": "identified", "parent_Field": null, "parent_Choice_Field": null, "parent_ChoiceGroup": null, "w": 102, "h": 25, "y": 1729, "x": 311, "structure_id": "Tr_240"}, {"parent_TextBlock": "Tb_35", "text": "in", "parent_Field": null, "parent_Choice_Field": null, "parent_ChoiceGroup": null, "w": 26, "h": 25, "y": 1729, "x": 417, "structure_id": "Tr_241"}, {"parent_TextBlock": "Tb_35", "text": "VA", "parent_Field": null, "parent_Choice_Field": null, "parent_ChoiceGroup": null, "w": 42, "h": 25, "y": 1729, "x": 447, "structure_id": "Tr_242"}, {"parent_TextBlock": "Tb_35", "text": "system", "parent_Field": null, "parent_Choice_Field": null, "parent_ChoiceGroup": null, "w": 76, "h": 25, "y": 1729, "x": 493, "structure_id": "Tr_243"}, {"parent_TextBlock": "Tb_35", "text": "of", "parent_Field": null, "parent_Choice_Field": null, "parent_ChoiceGroup": null, "w": 27, "h": 25, "y": 1729, "x": 573, "structure_id": "Tr_244"}, {"parent_TextBlock": "Tb_35", "text": "records,", "parent_Field": null, "parent_Choice_Field": null, "parent_ChoiceGroup": null, "w": 86, "h": 25, "y": 1729, "x": 604, "structure_id": "Tr_245"}, {"parent_TextBlock": "Tb_35", "text": "58VA21/22/28,", "parent_Field": null, "parent_Choice_Field": null, "parent_ChoiceGroup": null, "w": 163, "h": 25, "y": 1729, "x": 694, "structure_id": "Tr_246"}, {"parent_TextBlock": "Tb_35", "text": "Compensation,", "parent_Field": null, "parent_Choice_Field": null, "parent_ChoiceGroup": null, "w": 157, "h": 25, "y": 1729, "x": 861, "structure_id": "Tr_247"}, {"parent_TextBlock": "Tb_35", "text": "Pension,", "parent_Field": null, "parent_Choice_Field": null, "parent_ChoiceGroup": null, "w": 91, "h": 25, "y": 1729, "x": 1022, "structure_id": "Tr_248"}, {"parent_TextBlock": "Tb_35", "text": "Education", "parent_Field": null, "parent_Choice_Field": null, "parent_ChoiceGroup": null, "w": 108, "h": 25, "y": 1729, "x": 1117, "structure_id": "Tr_249"}, {"parent_TextBlock": "Tb_35", "text": "and", "parent_Field": null, "parent_Choice_Field": null, "parent_ChoiceGroup": null, "w": 42, "h": 25, "y": 1729, "x": 1229, "structure_id": "Tr_250"}, {"parent_TextBlock": "Tb_35", "text": "Vocational", "parent_Field": null, "parent_Choice_Field": null, "parent_ChoiceGroup": null, "w": 116, "h": 25, "y": 1729, "x": 1275, "structure_id": "Tr_251"}, {"parent_TextBlock": "Tb_35", "text": "Rehabilitation", "parent_Field": null, "parent_Choice_Field": null, "parent_ChoiceGroup": null, "w": 148, "h": 25, "y": 1729, "x": 1395, "structure_id": "Tr_252"}, {"parent_TextBlock": "Tb_35", "text": "and", "parent_Field": null, "parent_Choice_Field": null, "parent_ChoiceGroup": null, "w": 36, "h": 25, "y": 1729, "x": 1547, "structure_id": "Tr_253"}, {"parent_TextBlock": "Tb_35", "text": "Employment", "parent_Field": null, "parent_Choice_Field": null, "parent_ChoiceGroup": null, "w": 135, "h": 25, "y": 1759, "x": 117, "structure_id": "Tr_254"}, {"parent_TextBlock": "Tb_35", "text": "Records", "parent_Field": null, "parent_Choice_Field": null, "parent_ChoiceGroup": null, "w": 89, "h": 25, "y": 1759, "x": 254, "structure_id": "Tr_255"}, {"parent_TextBlock": "Tb_35", "text": "VA,", "parent_Field": null, "parent_Choice_Field": null, "parent_ChoiceGroup": null, "w": 49, "h": 25, "y": 1759, "x": 362, "structure_id": "Tr_256"}, {"parent_TextBlock": "Tb_35", "text": "published", "parent_Field": null, "parent_Choice_Field": null, "parent_ChoiceGroup": null, "w": 103, "h": 25, "y": 1759, "x": 413, "structure_id": "Tr_257"}, {"parent_TextBlock": "Tb_35", "text": "in", "parent_Field": null, "parent_Choice_Field": null, "parent_ChoiceGroup": null, "w": 26, "h": 25, "y": 1759, "x": 519, "structure_id": "Tr_258"}, {"parent_TextBlock": "Tb_35", "text": "the", "parent_Field": null, "parent_Choice_Field": null, "parent_ChoiceGroup": null, "w": 37, "h": 25, "y": 1759, "x": 547, "structure_id": "Tr_259"}, {"parent_TextBlock": "Tb_35", "text": "Federal", "parent_Field": null, "parent_Choice_Field": null, "parent_ChoiceGroup": null, "w": 81, "h": 25, "y": 1759, "x": 586, "structure_id": "Tr_260"}, {"parent_TextBlock": "Tb_35", "text": "Register.", "parent_Field": null, "parent_Choice_Field": null, "parent_ChoiceGroup": null, "w": 96, "h": 25, "y": 1759, "x": 670, "structure_id": "Tr_261"}, {"parent_TextBlock": "Tb_35", "text": "Your", "parent_Field": null, "parent_Choice_Field": null, "parent_ChoiceGroup": null, "w": 58, "h": 25, "y": 1759, "x": 768, "structure_id": "Tr_262"}, {"parent_TextBlock": "Tb_35", "text": "obligation", "parent_Field": null, "parent_Choice_Field": null, "parent_ChoiceGroup": null, "w": 108, "h": 25, "y": 1759, "x": 828, "structure_id": "Tr_263"}, {"parent_TextBlock": "Tb_35", "text": "to", "parent_Field": null, "parent_Choice_Field": null, "parent_ChoiceGroup": null, "w": 26, "h": 25, "y": 1759, "x": 938, "structure_id": "Tr_264"}, {"parent_TextBlock": "Tb_35", "text": "respond", "parent_Field": null, "parent_Choice_Field": null, "parent_ChoiceGroup": null, "w": 85, "h": 25, "y": 1759, "x": 966, "structure_id": "Tr_265"}, {"parent_TextBlock": "Tb_35", "text": "is", "parent_Field": null, "parent_Choice_Field": null, "parent_ChoiceGroup": null, "w": 23, "h": 25, "y": 1759, "x": 1054, "structure_id": "Tr_266"}, {"parent_TextBlock": "Tb_35", "text": "voluntary.", "parent_Field": null, "parent_Choice_Field": null, "parent_ChoiceGroup": null, "w": 108, "h": 25, "y": 1759, "x": 1079, "structure_id": "Tr_267"}, {"parent_TextBlock": "Tb_35", "text": "However,", "parent_Field": null, "parent_Choice_Field": null, "parent_ChoiceGroup": null, "w": 104, "h": 25, "y": 1759, "x": 1190, "structure_id": "Tr_268"}, {"parent_TextBlock": "Tb_35", "text": "the", "parent_Field": null, "parent_Choice_Field": null, "parent_ChoiceGroup": null, "w": 37, "h": 25, "y": 1759, "x": 1296, "structure_id": "Tr_269"}, {"parent_TextBlock": "Tb_35", "text": "requested", "parent_Field": null, "parent_Choice_Field": null, "parent_ChoiceGroup": null, "w": 102, "h": 25, "y": 1759, "x": 1336, "structure_id": "Tr_270"}, {"parent_TextBlock": "Tb_35", "text": "information", "parent_Field": null, "parent_Choice_Field": null, "parent_ChoiceGroup": null, "w": 124, "h": 25, "y": 1759, "x": 1440, "structure_id": "Tr_271"}, {"parent_TextBlock": "Tb_35", "text": "is", "parent_Field": null, "parent_Choice_Field": null, "parent_ChoiceGroup": null, "w": 16, "h": 25, "y": 1759, "x": 1567, "structure_id": "Tr_272"}, {"parent_TextBlock": "Tb_35", "text": "necessary", "parent_Field": null, "parent_Choice_Field": null, "parent_ChoiceGroup": null, "w": 103, "h": 25, "y": 1789, "x": 117, "structure_id": "Tr_273"}, {"parent_TextBlock": "Tb_35", "text": "to", "parent_Field": null, "parent_Choice_Field": null, "parent_ChoiceGroup": null, "w": 25, "h": 25, "y": 1789, "x": 221, "structure_id": "Tr_274"}, {"parent_TextBlock": "Tb_35", "text": "obtain", "parent_Field": null, "parent_Choice_Field": null, "parent_ChoiceGroup": null, "w": 69, "h": 25, "y": 1789, "x": 247, "structure_id": "Tr_275"}, {"parent_TextBlock": "Tb_35", "text": "supporting", "parent_Field": null, "parent_Choice_Field": null, "parent_ChoiceGroup": null, "w": 114, "h": 25, "y": 1789, "x": 316, "structure_id": "Tr_276"}, {"parent_TextBlock": "Tb_35", "text": "evidence", "parent_Field": null, "parent_Choice_Field": null, "parent_ChoiceGroup": null, "w": 95, "h": 25, "y": 1789, "x": 430, "structure_id": "Tr_277"}, {"parent_TextBlock": "Tb_35", "text": "of", "parent_Field": null, "parent_Choice_Field": null, "parent_ChoiceGroup": null, "w": 27, "h": 25, "y": 1789, "x": 526, "structure_id": "Tr_278"}, {"parent_TextBlock": "Tb_35", "text": "stressful", "parent_Field": null, "parent_Choice_Field": null, "parent_ChoiceGroup": null, "w": 89, "h": 25, "y": 1789, "x": 554, "structure_id": "Tr_279"}, {"parent_TextBlock": "Tb_35", "text": "incidents", "parent_Field": null, "parent_Choice_Field": null, "parent_ChoiceGroup": null, "w": 96, "h": 25, "y": 1789, "x": 644, "structure_id": "Tr_280"}, {"parent_TextBlock": "Tb_35", "text": "in", "parent_Field": null, "parent_Choice_Field": null, "parent_ChoiceGroup": null, "w": 26, "h": 25, "y": 1789, "x": 741, "structure_id": "Tr_281"}, {"parent_TextBlock": "Tb_35", "text": "service.", "parent_Field": null, "parent_Choice_Field": null, "parent_ChoiceGroup": null, "w": 84, "h": 25, "y": 1789, "x": 767, "structure_id": "Tr_282"}, {"parent_TextBlock": "Tb_35", "text": "If", "parent_Field": null, "parent_Choice_Field": null, "parent_ChoiceGroup": null, "w": 23, "h": 25, "y": 1789, "x": 851, "structure_id": "Tr_283"}, {"parent_TextBlock": "Tb_35", "text": "the", "parent_Field": null, "parent_Choice_Field": null, "parent_ChoiceGroup": null, "w": 37, "h": 25, "y": 1789, "x": 875, "structure_id": "Tr_284"}, {"parent_TextBlock": "Tb_35", "text": "information", "parent_Field": null, "parent_Choice_Field": null, "parent_ChoiceGroup": null, "w": 125, "h": 25, "y": 1789, "x": 912, "structure_id": "Tr_285"}, {"parent_TextBlock": "Tb_35", "text": "is", "parent_Field": null, "parent_Choice_Field": null, "parent_ChoiceGroup": null, "w": 23, "h": 25, "y": 1789, "x": 1037, "structure_id": "Tr_286"}, {"parent_TextBlock": "Tb_35", "text": "not", "parent_Field": null, "parent_Choice_Field": null, "parent_ChoiceGroup": null, "w": 38, "h": 25, "y": 1789, "x": 1061, "structure_id": "Tr_287"}, {"parent_TextBlock": "Tb_35", "text": "furnished", "parent_Field": null, "parent_Choice_Field": null, "parent_ChoiceGroup": null, "w": 100, "h": 25, "y": 1789, "x": 1100, "structure_id": "Tr_288"}, {"parent_TextBlock": "Tb_35", "text": "completely", "parent_Field": null, "parent_Choice_Field": null, "parent_ChoiceGroup": null, "w": 117, "h": 25, "y": 1789, "x": 1201, "structure_id": "Tr_289"}, {"parent_TextBlock": "Tb_35", "text": "or", "parent_Field": null, "parent_Choice_Field": null, "parent_ChoiceGroup": null, "w": 27, "h": 25, "y": 1789, "x": 1319, "structure_id": "Tr_290"}, {"parent_TextBlock": "Tb_35", "text": "accurately,", "parent_Field": null, "parent_Choice_Field": null, "parent_ChoiceGroup": null, "w": 115, "h": 25, "y": 1789, "x": 1347, "structure_id": "Tr_291"}, {"parent_TextBlock": "Tb_35", "text": "VA", "parent_Field": null, "parent_Choice_Field": null, "parent_ChoiceGroup": null, "w": 42, "h": 25, "y": 1789, "x": 1463, "structure_id": "Tr_292"}, {"parent_TextBlock": "Tb_35", "text": "will", "parent_Field": null, "parent_Choice_Field": null, "parent_ChoiceGroup": null, "w": 45, "h": 25, "y": 1789, "x": 1506, "structure_id": "Tr_293"}, {"parent_TextBlock": "Tb_35", "text": "not", "parent_Field": null, "parent_Choice_Field": null, "parent_ChoiceGroup": null, "w": 32, "h": 25, "y": 1789, "x": 1551, "structure_id": "Tr_294"}, {"parent_TextBlock": "Tb_35", "text": "be", "parent_Field": null, "parent_Choice_Field": null, "parent_ChoiceGroup": null, "w": 30, "h": 25, "y": 1819, "x": 117, "structure_id": "Tr_295"}, {"parent_TextBlock": "Tb_35", "text": "able", "parent_Field": null, "parent_Choice_Field": null, "parent_ChoiceGroup": null, "w": 48, "h": 25, "y": 1819, "x": 152, "structure_id": "Tr_296"}, {"parent_TextBlock": "Tb_35", "text": "to", "parent_Field": null, "parent_Choice_Field": null, "parent_ChoiceGroup": null, "w": 25, "h": 25, "y": 1819, "x": 205, "structure_id": "Tr_297"}, {"parent_TextBlock": "Tb_35", "text": "thoroughly", "parent_Field": null, "parent_Choice_Field": null, "parent_ChoiceGroup": null, "w": 115, "h": 25, "y": 1819, "x": 236, "structure_id": "Tr_298"}, {"parent_TextBlock": "Tb_35", "text": "research", "parent_Field": null, "parent_Choice_Field": null, "parent_ChoiceGroup": null, "w": 89, "h": 25, "y": 1819, "x": 357, "structure_id": "Tr_299"}, {"parent_TextBlock": "Tb_35", "text": "your", "parent_Field": null, "parent_Choice_Field": null, "parent_ChoiceGroup": null, "w": 52, "h": 25, "y": 1819, "x": 451, "structure_id": "Tr_300"}, {"parent_TextBlock": "Tb_35", "text": "military", "parent_Field": null, "parent_Choice_Field": null, "parent_ChoiceGroup": null, "w": 86, "h": 25, "y": 1819, "x": 508, "structure_id": "Tr_301"}, {"parent_TextBlock": "Tb_35", "text": "records", "parent_Field": null, "parent_Choice_Field": null, "parent_ChoiceGroup": null, "w": 80, "h": 25, "y": 1819, "x": 599, "structure_id": "Tr_302"}, {"parent_TextBlock": "Tb_35", "text": "and", "parent_Field": null, "parent_Choice_Field": null, "parent_ChoiceGroup": null, "w": 42, "h": 25, "y": 1819, "x": 684, "structure_id": "Tr_303"}, {"parent_TextBlock": "Tb_35", "text": "other", "parent_Field": null, "parent_Choice_Field": null, "parent_ChoiceGroup": null, "w": 58, "h": 25, "y": 1819, "x": 731, "structure_id": "Tr_304"}, {"parent_TextBlock": "Tb_35", "text": "sources", "parent_Field": null, "parent_Choice_Field": null, "parent_ChoiceGroup": null, "w": 81, "h": 25, "y": 1819, "x": 794, "structure_id": "Tr_305"}, {"parent_TextBlock": "Tb_35", "text": "for", "parent_Field": null, "parent_Choice_Field": null, "parent_ChoiceGroup": null, "w": 35, "h": 25, "y": 1819, "x": 881, "structure_id": "Tr_306"}, {"parent_TextBlock": "Tb_35", "text": "supporting", "parent_Field": null, "parent_Choice_Field": null, "parent_ChoiceGroup": null, "w": 113, "h": 25, "y": 1819, "x": 921, "structure_id": "Tr_307"}, {"parent_TextBlock": "Tb_35", "text": "evidence.", "parent_Field": null, "parent_Choice_Field": null, "parent_ChoiceGroup": null, "w": 102, "h": 25, "y": 1819, "x": 1039, "structure_id": "Tr_308"}, {"parent_TextBlock": "Tb_35", "text": "The", "parent_Field": null, "parent_Choice_Field": null, "parent_ChoiceGroup": null, "w": 45, "h": 25, "y": 1819, "x": 1146, "structure_id": "Tr_309"}, {"parent_TextBlock": "Tb_35", "text": "responses", "parent_Field": null, "parent_Choice_Field": null, "parent_ChoiceGroup": null, "w": 104, "h": 25, "y": 1819, "x": 1196, "structure_id": "Tr_310"}, {"parent_TextBlock": "Tb_35", "text": "you", "parent_Field": null, "parent_Choice_Field": null, "parent_ChoiceGroup": null, "w": 44, "h": 25, "y": 1819, "x": 1305, "structure_id": "Tr_311"}, {"parent_TextBlock": "Tb_35", "text": "submit", "parent_Field": null, "parent_Choice_Field": null, "parent_ChoiceGroup": null, "w": 74, "h": 25, "y": 1819, "x": 1354, "structure_id": "Tr_312"}, {"parent_TextBlock": "Tb_35", "text": "are", "parent_Field": null, "parent_Choice_Field": null, "parent_ChoiceGroup": null, "w": 37, "h": 25, "y": 1819, "x": 1433, "structure_id": "Tr_313"}, {"parent_TextBlock": "Tb_35", "text": "considered", "parent_Field": null, "parent_Choice_Field": null, "parent_ChoiceGroup": null, "w": 108, "h": 25, "y": 1819, "x": 1475, "structure_id": "Tr_314"}, {"parent_TextBlock": "Tb_35", "text": "confidential (38 U.S.C. 5701).", "parent_Field": null, "parent_Choice_Field": null, "parent_ChoiceGroup": null, "w": 316, "h": 25, "y": 1849, "x": 117, "structure_id": "Tr_315"}, {"parent_TextBlock": "Tb_36", "text": "I HEREBY CERTIFY THAT", "parent_Field": null, "parent_Choice_Field": null, "parent_ChoiceGroup": null, "w": 352, "h": 28, "y": 1378, "x": 117, "structure_id": "Tr_316"}, {"parent_TextBlock": "Tb_36", "text": "the foregoing statement(s) are true and correct to the best of my knowledge and belief.", "parent_Field": null, "parent_Choice_Field": null, "parent_ChoiceGroup": null, "w": 968, "h": 28, "y": 1378, "x": 469, "structure_id": "Tr_317"}, {"parent_TextBlock": "Tb_37", "text": "13. SIGNATURE", "parent_Field": "Fi_3", "parent_Choice_Field": null, "parent_ChoiceGroup": null, "w": 166, "h": 22, "y": 1422, "x": 117, "structure_id": "Tr_318"}, {"parent_TextBlock": "Tb_38", "text": "14. DATE SIGNED", "parent_Field": "Fi_4", "parent_Choice_Field": null, "parent_ChoiceGroup": null, "w": 194, "h": 22, "y": 1421, "x": 1251, "structure_id": "Tr_319"}, {"parent_TextBlock": "Tb_38", "text": "(MM/DD/YYYY)", "parent_Field": "Fi_4", "parent_Choice_Field": null, "parent_ChoiceGroup": null, "w": 146, "h": 22, "y": 1421, "x": 1445, "structure_id": "Tr_320"}, {"parent_TextBlock": "Tb_39", "text": "VA FORM 21-0781a, JUL 2017", "parent_Field": null, "parent_Choice_Field": null, "parent_ChoiceGroup": null, "w": 270, "h": 20, "y": 2108, "x": 101, "structure_id": "Tr_321"}, {"parent_TextBlock": "Tb_40", "text": "PAGE 3", "parent_Field": null, "parent_Choice_Field": null, "parent_ChoiceGroup": null, "w": 81, "h": 22, "y": 2107, "x": 1518, "structure_id": "Tr_322"}], "ChoiceGroup": []}