{"Widget": [{"parent_Field": "Fi_1", "parent_Choice_Field": null, "parent_ChoiceGroup": null, "w": 140.50236220472442, "h": 46.83307086614173, "y": 105.28346456692913, "x": 504.4165354330709, "structure_id": "Wi_1"}, {"parent_Field": "Fi_1", "parent_Choice_Field": null, "parent_ChoiceGroup": null, "w": 88.94488188976378, "h": 46.83307086614173, "y": 105.28346456692913, "x": 691.0944881889764, "structure_id": "Wi_2"}, {"parent_Field": "Fi_1", "parent_Choice_Field": null, "parent_ChoiceGroup": null, "w": 188.88031496062993, "h": 46.83307086614173, "y": 105.28346456692913, "x": 835.244094488189, "structure_id": "Wi_3"}, {"parent_Field": "Fi_2", "parent_Choice_Field": null, "parent_ChoiceGroup": null, "w": 1517.1196850393703, "h": 120.78582677165355, "y": 651.5968503937008, "x": 92.94488188976378, "structure_id": "Wi_4"}, {"parent_Field": "Fi_3", "parent_Choice_Field": null, "parent_ChoiceGroup": null, "w": 106.21968503937009, "h": 35.43307086614173, "y": 375, "x": 570.3307086614172, "structure_id": "Wi_5"}, {"parent_Field": "Fi_4", "parent_Choice_Field": null, "parent_ChoiceGroup": null, "w": 106.21968503937009, "h": 35.43307086614173, "y": 375, "x": 310.8803149606299, "structure_id": "Wi_6"}, {"parent_Field": "Fi_5", "parent_Choice_Field": null, "parent_ChoiceGroup": null, "w": 106.21968503937009, "h": 35.43307086614173, "y": 375, "x": 929.7, "structure_id": "Wi_7"}, {"parent_Field": "Fi_6", "parent_Choice_Field": null, "parent_ChoiceGroup": null, "w": 106.21968503937009, "h": 35.43307086614173, "y": 375, "x": 1182.8503937007874, "structure_id": "Wi_8"}, {"parent_Field": "Fi_7", "parent_Choice_Field": null, "parent_ChoiceGroup": null, "w": 189.5275590551181, "h": 35.43307086614173, "y": 335.51968503937013, "x": 398.592125984252, "structure_id": "Wi_9"}, {"parent_Field": "Fi_8", "parent_Choice_Field": null, "parent_ChoiceGroup": null, "w": 189.5275590551181, "h": 35.43307086614173, "y": 430.21417322834645, "x": 581.536220472441, "structure_id": "Wi_10"}, {"parent_Field": "Fi_9", "parent_Choice_Field": null, "parent_ChoiceGroup": null, "w": 685.6779527559056, "h": 35.43307086614173, "y": 430.21417322834645, "x": 892.9614173228347, "structure_id": "Wi_11"}, {"parent_Field": "Fi_10", "parent_Choice_Field": null, "parent_ChoiceGroup": null, "w": 541.9692913385827, "h": 35.43307086614173, "y": 497.6220472440945, "x": 1036.6692913385828, "structure_id": "Wi_12"}, {"parent_Field": "Fi_11", "parent_Choice_Field": null, "parent_ChoiceGroup": null, "w": 189.5275590551181, "h": 35.43307086614173, "y": 497.6220472440945, "x": 748.0724409448818, "structure_id": "Wi_13"}, {"parent_Field": null, "parent_Choice_Field": "Chf_1", "parent_ChoiceGroup": "Chgp_1", "w": 25, "h": 25, "y": 338.4834645669291, "x": 156.8976377952756, "structure_id": "Wi_14"}, {"parent_Field": null, "parent_Choice_Field": "Chf_2", "parent_ChoiceGroup": "Chgp_1", "w": 25, "h": 25, "y": 434.90866141732283, "x": 156.8976377952756, "structure_id": "Wi_15"}, {"parent_Field": null, "parent_Choice_Field": "Chf_3", "parent_ChoiceGroup": "Chgp_1", "w": 25, "h": 25, "y": 500.5086614173228, "x": 156.8976377952756, "structure_id": "Wi_16"}, {"parent_Field": null, "parent_Choice_Field": "Chf_3", "parent_ChoiceGroup": "Chgp_1", "w": 239.52755905511813, "h": 35.43307086614173, "y": 497.6220472440945, "x": 376.02519685039374, "structure_id": "Wi_17"}, {"parent_Field": null, "parent_Choice_Field": "Chf_4", "parent_ChoiceGroup": "Chgp_2", "w": 25, "h": 25, "y": 239.86141732283465, "x": 126.21102362204725, "structure_id": "Wi_18"}, {"parent_Field": null, "parent_Choice_Field": "Chf_5", "parent_ChoiceGroup": "Chgp_2", "w": 25, "h": 25, "y": 239.86141732283465, "x": 221.2669291338583, "structure_id": "Wi_19"}, {"parent_Field": null, "parent_Choice_Field": "Chf_6", "parent_ChoiceGroup": "Chgp_3", "w": 25, "h": 25, "y": 579.7614173228347, "x": 126.4, "structure_id": "Wi_20"}, {"parent_Field": null, "parent_Choice_Field": "Chf_7", "parent_ChoiceGroup": "Chgp_3", "w": 25, "h": 25, "y": 579.7614173228347, "x": 221.4551181102362, "structure_id": "Wi_21"}, {"parent_Field": "Fi_12", "parent_Choice_Field": null, "parent_ChoiceGroup": null, "w": 1512.763779527559, "h": 146.09448818897636, "y": 917.7724409448819, "x": 86.67795275590552, "structure_id": "Wi_22"}, {"parent_Field": "Fi_13", "parent_Choice_Field": null, "parent_ChoiceGroup": "Chgp_4", "w": 25, "h": 25, "y": 848.0275590551182, "x": 126.55826771653543, "structure_id": "Wi_23"}, {"parent_Field": null, "parent_Choice_Field": "Chf_8", "parent_ChoiceGroup": "Chgp_4", "w": 25, "h": 25, "y": 848.0275590551182, "x": 221.6141732283465, "structure_id": "Wi_24"}, {"parent_Field": "Fi_14", "parent_Choice_Field": null, "parent_ChoiceGroup": null, "w": 1512.3614173228345, "h": 137.83307086614172, "y": 1126.7330708661418, "x": 89.05511811023622, "structure_id": "Wi_25"}, {"parent_Field": "Fi_15", "parent_Choice_Field": null, "parent_ChoiceGroup": null, "w": 568.1023622047244, "h": 33.30866141732284, "y": 1401.1023622047244, "x": 98.59212598425196, "structure_id": "Wi_26"}, {"parent_Field": "Fi_16", "parent_Choice_Field": null, "parent_ChoiceGroup": null, "w": 600, "h": 33.33070866141732, "y": 1609.763779527559, "x": 779.1330708661418, "structure_id": "Wi_27"}, {"parent_Field": "Fi_17", "parent_Choice_Field": null, "parent_ChoiceGroup": null, "w": 205.55826771653543, "h": 33.33070866141732, "y": 1401.1023622047244, "x": 1315.6551181102363, "structure_id": "Wi_28"}, {"parent_Field": "Fi_18", "parent_Choice_Field": null, "parent_ChoiceGroup": null, "w": 592.2503937007874, "h": 33.463779527559055, "y": 1401.1023622047244, "x": 694.6, "structure_id": "Wi_29"}, {"parent_Field": "Fi_19", "parent_Choice_Field": null, "parent_ChoiceGroup": null, "w": 473.5110236220473, "h": 66.66929133858268, "y": 1467.763779527559, "x": 96.64724409448819, "structure_id": "Wi_30"}, {"parent_Field": "Fi_20", "parent_Choice_Field": null, "parent_ChoiceGroup": null, "w": 493.06141732283464, "h": 66.66929133858268, "y": 1468.7385826771654, "x": 1117.3307086614172, "structure_id": "Wi_31"}, {"parent_Field": "Fi_21", "parent_Choice_Field": null, "parent_ChoiceGroup": null, "w": 489.1251968503937, "h": 33.463779527559055, "y": 1501.1023622047244, "x": 595.836220472441, "structure_id": "Wi_32"}], "TextBlock": [{"parent_Field": "Fi_1", "parent_Choice_Field": null, "parent_ChoiceGroup": null, "w": 417, "h": 19, "y": 128, "x": 79, "structure_id": "Tb_1"}, {"parent_Field": null, "parent_Choice_Field": null, "parent_ChoiceGroup": null, "w": 505, "h": 22, "y": 171, "x": 596, "structure_id": "Tb_2"}, {"parent_Field": "Fi_2", "parent_Choice_Field": null, "parent_ChoiceGroup": null, "w": 643, "h": 22, "y": 620, "x": 127, "structure_id": "Tb_3"}, {"parent_Field": "Fi_3", "parent_Choice_Field": null, "parent_ChoiceGroup": null, "w": 99, "h": 19, "y": 387, "x": 457, "structure_id": "Tb_4"}, {"parent_Field": "Fi_4", "parent_Choice_Field": null, "parent_ChoiceGroup": null, "w": 109, "h": 19, "y": 387, "x": 192, "structure_id": "Tb_5"}, {"parent_Field": "Fi_5", "parent_Choice_Field": null, "parent_ChoiceGroup": null, "w": 196, "h": 19, "y": 387, "x": 720, "structure_id": "Tb_6"}, {"parent_Field": "Fi_6", "parent_Choice_Field": null, "parent_ChoiceGroup": null, "w": 80, "h": 19, "y": 387, "x": 1088, "structure_id": "Tb_7"}, {"parent_Field": "Fi_7", "parent_Choice_Field": null, "parent_ChoiceGroup": null, "w": 131, "h": 19, "y": 345, "x": 256, "structure_id": "Tb_8"}, {"parent_Field": "Fi_8", "parent_Choice_Field": null, "parent_ChoiceGroup": null, "w": 105, "h": 20, "y": 441, "x": 462, "structure_id": "Tb_9"}, {"parent_Field": "Fi_9", "parent_Choice_Field": null, "parent_ChoiceGroup": null, "w": 70, "h": 20, "y": 441, "x": 806, "structure_id": "Tb_10"}, {"parent_Field": "Fi_10", "parent_Choice_Field": null, "parent_ChoiceGroup": null, "w": 70, "h": 19, "y": 507, "x": 954, "structure_id": "Tb_11"}, {"parent_Field": "Fi_11", "parent_Choice_Field": null, "parent_ChoiceGroup": null, "w": 105, "h": 19, "y": 507, "x": 634, "structure_id": "Tb_12"}, {"parent_Field": null, "parent_Choice_Field": null, "parent_ChoiceGroup": "Chgp_1", "w": 231, "h": 20, "y": 281, "x": 124, "structure_id": "Tb_13"}, {"parent_Field": null, "parent_Choice_Field": "Chf_1", "parent_ChoiceGroup": "Chgp_1", "w": 41, "h": 19, "y": 345, "x": 192, "structure_id": "Tb_14"}, {"parent_Field": null, "parent_Choice_Field": "Chf_2", "parent_ChoiceGroup": "Chgp_1", "w": 228, "h": 20, "y": 441, "x": 192, "structure_id": "Tb_15"}, {"parent_Field": null, "parent_Choice_Field": "Chf_3", "parent_ChoiceGroup": "Chgp_1", "w": 167, "h": 19, "y": 507, "x": 192, "structure_id": "Tb_16"}, {"parent_Field": null, "parent_Choice_Field": null, "parent_ChoiceGroup": "Chgp_2", "w": 502, "h": 19, "y": 208, "x": 93, "structure_id": "Tb_17"}, {"parent_Field": null, "parent_Choice_Field": "Chf_4", "parent_ChoiceGroup": "Chgp_2", "w": 38, "h": 19, "y": 244, "x": 161, "structure_id": "Tb_18"}, {"parent_Field": null, "parent_Choice_Field": "Chf_5", "parent_ChoiceGroup": "Chgp_2", "w": 29, "h": 19, "y": 244, "x": 256, "structure_id": "Tb_19"}, {"parent_Field": null, "parent_Choice_Field": null, "parent_ChoiceGroup": "Chgp_3", "w": 861, "h": 19, "y": 548, "x": 94, "structure_id": "Tb_20"}, {"parent_Field": null, "parent_Choice_Field": "Chf_6", "parent_ChoiceGroup": "Chgp_3", "w": 39, "h": 19, "y": 584, "x": 161, "structure_id": "Tb_21"}, {"parent_Field": null, "parent_Choice_Field": "Chf_7", "parent_ChoiceGroup": "Chgp_3", "w": 29, "h": 19, "y": 584, "x": 256, "structure_id": "Tb_22"}, {"parent_Field": null, "parent_Choice_Field": null, "parent_ChoiceGroup": null, "w": 388, "h": 22, "y": 784, "x": 656, "structure_id": "Tb_23"}, {"parent_Field": "Fi_12", "parent_Choice_Field": null, "parent_ChoiceGroup": null, "w": 907, "h": 19, "y": 887, "x": 125, "structure_id": "Tb_24"}, {"parent_Field": null, "parent_Choice_Field": null, "parent_ChoiceGroup": "Chgp_4", "w": 940, "h": 20, "y": 820, "x": 96, "structure_id": "Tb_25"}, {"parent_Field": "Fi_13", "parent_Choice_Field": null, "parent_ChoiceGroup": "Chgp_4", "w": 39, "h": 19, "y": 852, "x": 161, "structure_id": "Tb_26"}, {"parent_Field": null, "parent_Choice_Field": "Chf_8", "parent_ChoiceGroup": "Chgp_4", "w": 29, "h": 20, "y": 852, "x": 256, "structure_id": "Tb_27"}, {"parent_Field": null, "parent_Choice_Field": null, "parent_ChoiceGroup": null, "w": 271, "h": 23, "y": 1071, "x": 715, "structure_id": "Tb_28"}, {"parent_Field": "Fi_14", "parent_Choice_Field": null, "parent_ChoiceGroup": null, "w": 200, "h": 23, "y": 1102, "x": 79, "structure_id": "Tb_29"}, {"parent_Field": null, "parent_Choice_Field": null, "parent_ChoiceGroup": null, "w": 656, "h": 22, "y": 1281, "x": 519, "structure_id": "Tb_30"}, {"parent_Field": "Fi_15", "parent_Choice_Field": null, "parent_ChoiceGroup": null, "w": 281, "h": 19, "y": 1347, "x": 81, "structure_id": "Tb_31"}, {"parent_Field": "Fi_16", "parent_Choice_Field": null, "parent_ChoiceGroup": null, "w": 615, "h": 25, "y": 1614, "x": 90, "structure_id": "Tb_32"}, {"parent_Field": "Fi_16", "parent_Choice_Field": null, "parent_ChoiceGroup": null, "w": 237, "h": 19, "y": 1650, "x": 961, "structure_id": "Tb_33"}, {"parent_Field": "Fi_17", "parent_Choice_Field": null, "parent_ChoiceGroup": null, "w": 173, "h": 19, "y": 1347, "x": 1299, "structure_id": "Tb_34"}, {"parent_Field": null, "parent_Choice_Field": null, "parent_ChoiceGroup": null, "w": 1328, "h": 23, "y": 1682, "x": 87, "structure_id": "Tb_35"}, {"parent_Field": "Fi_18", "parent_Choice_Field": null, "parent_ChoiceGroup": null, "w": 314, "h": 19, "y": 1347, "x": 679, "structure_id": "Tb_36"}, {"parent_Field": null, "parent_Choice_Field": null, "parent_ChoiceGroup": null, "w": 1205, "h": 25, "y": 1312, "x": 90, "structure_id": "Tb_37"}, {"parent_Field": "Fi_19", "parent_Choice_Field": null, "parent_ChoiceGroup": null, "w": 417, "h": 19, "y": 1447, "x": 81, "structure_id": "Tb_38"}, {"parent_Field": null, "parent_Choice_Field": null, "parent_ChoiceGroup": null, "w": 1419, "h": 22, "y": 1565, "x": 90, "structure_id": "Tb_39"}, {"parent_Field": "Fi_20", "parent_Choice_Field": null, "parent_ChoiceGroup": null, "w": 260, "h": 19, "y": 1447, "x": 1099, "structure_id": "Tb_40"}, {"parent_Field": "Fi_21", "parent_Choice_Field": null, "parent_ChoiceGroup": null, "w": 493, "h": 19, "y": 1447, "x": 585, "structure_id": "Tb_41"}, {"parent_Field": null, "parent_Choice_Field": null, "parent_ChoiceGroup": null, "w": 1516, "h": 209, "y": 1742, "x": 89, "structure_id": "Tb_42"}, {"parent_Field": null, "parent_Choice_Field": null, "parent_ChoiceGroup": null, "w": 1516, "h": 105, "y": 1971, "x": 89, "structure_id": "Tb_43"}, {"parent_Field": null, "parent_Choice_Field": null, "parent_ChoiceGroup": null, "w": 296, "h": 19, "y": 2120, "x": 77, "structure_id": "Tb_44"}, {"parent_Field": null, "parent_Choice_Field": null, "parent_ChoiceGroup": null, "w": 71, "h": 22, "y": 2122, "x": 1542, "structure_id": "Tb_45"}], "Choice_Field": [{"y": 338.4834645669291, "x": 156.8976377952756, "structure_id": "Chf_1", "w": 76.10236220472439, "h": 25.516535433070885}, {"y": 434.90866141732283, "x": 156.8976377952756, "structure_id": "Chf_2", "w": 263.1023622047244, "h": 26.091338582677167}, {"y": 497.6220472440945, "x": 156.8976377952756, "structure_id": "Chf_3", "w": 458.65511811023623, "h": 35.43307086614169}, {"y": 239.86141732283465, "x": 126.21102362204725, "structure_id": "Chf_4", "w": 72.78897637795275, "h": 25}, {"y": 239.86141732283465, "x": 221.2669291338583, "structure_id": "Chf_5", "w": 63.7330708661417, "h": 25}, {"y": 579.7614173228347, "x": 126.4, "structure_id": "Chf_6", "w": 73.6, "h": 25}, {"y": 579.7614173228347, "x": 221.4551181102362, "structure_id": "Chf_7", "w": 63.544881889763786, "h": 25}, {"y": 848.0275590551182, "x": 221.6141732283465, "structure_id": "Chf_8", "w": 63.38582677165351, "h": 25}], "Field": [{"y": 105.28346456692913, "x": 79, "structure_id": "Fi_1", "w": 945.124409448819, "h": 46.833070866141725}, {"y": 620, "x": 92.94488188976378, "structure_id": "Fi_2", "w": 1517.1196850393703, "h": 152.38267716535438}, {"y": 375, "x": 457, "structure_id": "Fi_3", "w": 219.55039370078737, "h": 35.43307086614175}, {"y": 375, "x": 192, "structure_id": "Fi_4", "w": 225.10000000000002, "h": 35.43307086614175}, {"y": 375, "x": 720, "structure_id": "Fi_5", "w": 315.91968503937005, "h": 35.43307086614175}, {"y": 375, "x": 1088, "structure_id": "Fi_6", "w": 201.07007874015744, "h": 35.43307086614175}, {"y": 335.51968503937013, "x": 256, "structure_id": "Fi_7", "w": 332.1196850393701, "h": 35.43307086614175}, {"y": 430.21417322834645, "x": 462, "structure_id": "Fi_8", "w": 309.06377952755906, "h": 35.43307086614175}, {"y": 430.21417322834645, "x": 806, "structure_id": "Fi_9", "w": 772.6393700787403, "h": 35.43307086614175}, {"y": 497.6220472440945, "x": 954, "structure_id": "Fi_10", "w": 624.6385826771655, "h": 35.43307086614169}, {"y": 497.6220472440945, "x": 634, "structure_id": "Fi_11", "w": 303.5999999999999, "h": 35.43307086614169}, {"y": 887, "x": 86.67795275590552, "structure_id": "Fi_12", "w": 1512.763779527559, "h": 176.86692913385832}, {"y": 848.0275590551182, "x": 126.55826771653543, "structure_id": "Fi_13", "w": 73.44173228346457, "h": 25}, {"y": 1102, "x": 79, "structure_id": "Fi_14", "w": 1522.4165354330707, "h": 162.56614173228354}, {"y": 1347, "x": 81, "structure_id": "Fi_15", "w": 585.6944881889764, "h": 87.4110236220472}, {"y": 1609.763779527559, "x": 90, "structure_id": "Fi_16", "w": 1289.1330708661417, "h": 59.23622047244089}, {"y": 1347, "x": 1299, "structure_id": "Fi_17", "w": 222.21338582677186, "h": 87.43307086614163}, {"y": 1347, "x": 679, "structure_id": "Fi_18", "w": 607.8503937007874, "h": 87.56614173228354}, {"y": 1447, "x": 81, "structure_id": "Fi_19", "w": 489.1582677165354, "h": 87.43307086614186}, {"y": 1447, "x": 1099, "structure_id": "Fi_20", "w": 511.39212598425183, "h": 88.40787401574812}, {"y": 1447, "x": 585, "structure_id": "Fi_21", "w": 499.9614173228347, "h": 87.56614173228354}], "TextRun": [{"parent_TextBlock": "Tb_1", "text": "PATIENT/VETERAN'S SOCIAL SECURITY NO.", "parent_Field": "Fi_1", "parent_Choice_Field": null, "parent_ChoiceGroup": null, "w": 417, "h": 19, "y": 128, "x": 79, "structure_id": "Tr_1"}, {"parent_TextBlock": "Tb_2", "text": "SECTION VI - DIAGNOSTIC TESTING", "parent_Field": null, "parent_Choice_Field": null, "parent_ChoiceGroup": null, "w": 393, "h": 22, "y": 171, "x": 596, "structure_id": "Tr_2"}, {"parent_TextBlock": "Tb_2", "text": "(Continued)", "parent_Field": null, "parent_Choice_Field": null, "parent_ChoiceGroup": null, "w": 112, "h": 22, "y": 171, "x": 989, "structure_id": "Tr_3"}, {"parent_TextBlock": "Tb_3", "text": "If Yes, provide type of test or procedure, date and results", "parent_Field": "Fi_2", "parent_Choice_Field": null, "parent_ChoiceGroup": null, "w": 495, "h": 20, "y": 622, "x": 127, "structure_id": "Tr_4"}, {"parent_TextBlock": "Tb_3", "text": "(brief summary", "parent_Field": "Fi_2", "parent_Choice_Field": null, "parent_ChoiceGroup": null, "w": 136, "h": 22, "y": 620, "x": 622, "structure_id": "Tr_5"}, {"parent_TextBlock": "Tb_3", "text": "):", "parent_Field": "Fi_2", "parent_Choice_Field": null, "parent_ChoiceGroup": null, "w": 12, "h": 20, "y": 622, "x": 758, "structure_id": "Tr_6"}, {"parent_TextBlock": "Tb_4", "text": "Hematocrit:", "parent_Field": "Fi_3", "parent_Choice_Field": null, "parent_ChoiceGroup": null, "w": 99, "h": 19, "y": 387, "x": 457, "structure_id": "Tr_7"}, {"parent_TextBlock": "Tb_5", "text": "Hemoglobin:", "parent_Field": "Fi_4", "parent_Choice_Field": null, "parent_ChoiceGroup": null, "w": 109, "h": 19, "y": 387, "x": 192, "structure_id": "Tr_8"}, {"parent_TextBlock": "Tb_6", "text": "White blood cell count:", "parent_Field": "Fi_5", "parent_Choice_Field": null, "parent_ChoiceGroup": null, "w": 196, "h": 19, "y": 387, "x": 720, "structure_id": "Tr_9"}, {"parent_TextBlock": "Tb_7", "text": "Platelets:", "parent_Field": "Fi_6", "parent_Choice_Field": null, "parent_ChoiceGroup": null, "w": 80, "h": 19, "y": 387, "x": 1088, "structure_id": "Tr_10"}, {"parent_TextBlock": "Tb_8", "text": "Date of testing:", "parent_Field": "Fi_7", "parent_Choice_Field": null, "parent_ChoiceGroup": null, "w": 131, "h": 19, "y": 345, "x": 256, "structure_id": "Tr_11"}, {"parent_TextBlock": "Tb_9", "text": "Date of test:", "parent_Field": "Fi_8", "parent_Choice_Field": null, "parent_ChoiceGroup": null, "w": 105, "h": 20, "y": 441, "x": 462, "structure_id": "Tr_12"}, {"parent_TextBlock": "Tb_10", "text": "Results:", "parent_Field": "Fi_9", "parent_Choice_Field": null, "parent_ChoiceGroup": null, "w": 70, "h": 20, "y": 441, "x": 806, "structure_id": "Tr_13"}, {"parent_TextBlock": "Tb_11", "text": "Results:", "parent_Field": "Fi_10", "parent_Choice_Field": null, "parent_ChoiceGroup": null, "w": 70, "h": 19, "y": 507, "x": 954, "structure_id": "Tr_14"}, {"parent_TextBlock": "Tb_12", "text": "Date of test:", "parent_Field": "Fi_11", "parent_Choice_Field": null, "parent_ChoiceGroup": null, "w": 105, "h": 19, "y": 507, "x": 634, "structure_id": "Tr_15"}, {"parent_TextBlock": "Tb_13", "text": "If Yes, check all that apply:", "parent_Field": null, "parent_Choice_Field": null, "parent_ChoiceGroup": "Chgp_1", "w": 231, "h": 20, "y": 281, "x": 124, "structure_id": "Tr_16"}, {"parent_TextBlock": "Tb_14", "text": "CBC", "parent_Field": null, "parent_Choice_Field": "Chf_1", "parent_ChoiceGroup": "Chgp_1", "w": 41, "h": 19, "y": 345, "x": 192, "structure_id": "Tr_17"}, {"parent_TextBlock": "Tb_15", "text": "HELICOBACTER PYLORI", "parent_Field": null, "parent_Choice_Field": "Chf_2", "parent_ChoiceGroup": "Chgp_1", "w": 228, "h": 20, "y": 441, "x": 192, "structure_id": "Tr_18"}, {"parent_TextBlock": "Tb_16", "text": "OTHER, SPECIFY:", "parent_Field": null, "parent_Choice_Field": "Chf_3", "parent_ChoiceGroup": "Chgp_1", "w": 167, "h": 19, "y": 507, "x": 192, "structure_id": "Tr_19"}, {"parent_TextBlock": "Tb_17", "text": "6B. HAS LABORATORY TESTING BEEN PERFORMED?", "parent_Field": null, "parent_Choice_Field": null, "parent_ChoiceGroup": "Chgp_2", "w": 502, "h": 19, "y": 208, "x": 93, "structure_id": "Tr_20"}, {"parent_TextBlock": "Tb_18", "text": "YES", "parent_Field": null, "parent_Choice_Field": "Chf_4", "parent_ChoiceGroup": "Chgp_2", "w": 38, "h": 19, "y": 244, "x": 161, "structure_id": "Tr_21"}, {"parent_TextBlock": "Tb_19", "text": "NO", "parent_Field": null, "parent_Choice_Field": "Chf_5", "parent_ChoiceGroup": "Chgp_2", "w": 29, "h": 19, "y": 244, "x": 256, "structure_id": "Tr_22"}, {"parent_TextBlock": "Tb_20", "text": "6C. ARE THERE ANY OTHER SIGNIFICANT DIAGNOSTIC TEST FINDINGS AND/OR RESULTS?", "parent_Field": null, "parent_Choice_Field": null, "parent_ChoiceGroup": "Chgp_3", "w": 861, "h": 19, "y": 548, "x": 94, "structure_id": "Tr_23"}, {"parent_TextBlock": "Tb_21", "text": "YES", "parent_Field": null, "parent_Choice_Field": "Chf_6", "parent_ChoiceGroup": "Chgp_3", "w": 39, "h": 19, "y": 584, "x": 161, "structure_id": "Tr_24"}, {"parent_TextBlock": "Tb_22", "text": "NO", "parent_Field": null, "parent_Choice_Field": "Chf_7", "parent_ChoiceGroup": "Chgp_3", "w": 29, "h": 19, "y": 584, "x": 256, "structure_id": "Tr_25"}, {"parent_TextBlock": "Tb_23", "text": "SECTION VII - FUNCTIONAL IMPACT", "parent_Field": null, "parent_Choice_Field": null, "parent_ChoiceGroup": null, "w": 388, "h": 22, "y": 784, "x": 656, "structure_id": "Tr_26"}, {"parent_TextBlock": "Tb_24", "text": "If Yes, describe impact of each of the veteran's esophageal conditions, providing one ore more examples:", "parent_Field": "Fi_12", "parent_Choice_Field": null, "parent_ChoiceGroup": null, "w": 907, "h": 19, "y": 887, "x": 125, "structure_id": "Tr_27"}, {"parent_TextBlock": "Tb_25", "text": "7. DO ANY OF THE VETERAN\"S ESOPHAGEAL CONDITIONS IMPACT HIS OR HER ABILITY TO WORK?", "parent_Field": null, "parent_Choice_Field": null, "parent_ChoiceGroup": "Chgp_4", "w": 940, "h": 20, "y": 820, "x": 96, "structure_id": "Tr_28"}, {"parent_TextBlock": "Tb_26", "text": "YES", "parent_Field": "Fi_13", "parent_Choice_Field": null, "parent_ChoiceGroup": "Chgp_4", "w": 39, "h": 19, "y": 852, "x": 161, "structure_id": "Tr_29"}, {"parent_TextBlock": "Tb_27", "text": "NO", "parent_Field": null, "parent_Choice_Field": "Chf_8", "parent_ChoiceGroup": "Chgp_4", "w": 29, "h": 20, "y": 852, "x": 256, "structure_id": "Tr_30"}, {"parent_TextBlock": "Tb_28", "text": "SECTION VIII - REMARKS", "parent_Field": null, "parent_Choice_Field": null, "parent_ChoiceGroup": null, "w": 271, "h": 23, "y": 1071, "x": 715, "structure_id": "Tr_31"}, {"parent_TextBlock": "Tb_29", "text": "\u00c2\u00a08. REMARKS\u00c2\u00a0", "parent_Field": "Fi_14", "parent_Choice_Field": null, "parent_ChoiceGroup": null, "w": 134, "h": 20, "y": 1104, "x": 79, "structure_id": "Tr_32"}, {"parent_TextBlock": "Tb_29", "text": "(If any)", "parent_Field": "Fi_14", "parent_Choice_Field": null, "parent_ChoiceGroup": null, "w": 66, "h": 23, "y": 1102, "x": 213, "structure_id": "Tr_33"}, {"parent_TextBlock": "Tb_30", "text": "SECTION IX - PHYSICIAN'S CERTIFICATION AND SIGNATURE", "parent_Field": null, "parent_Choice_Field": null, "parent_ChoiceGroup": null, "w": 656, "h": 22, "y": 1281, "x": 519, "structure_id": "Tr_34"}, {"parent_TextBlock": "Tb_31", "text": "9A. PHYSICIAN'S SIGNATURE", "parent_Field": "Fi_15", "parent_Choice_Field": null, "parent_ChoiceGroup": null, "w": 281, "h": 19, "y": 1347, "x": 81, "structure_id": "Tr_35"}, {"parent_TextBlock": "Tb_32", "text": "IMPORTANT\u00c2\u00a0-", "parent_Field": "Fi_16", "parent_Choice_Field": null, "parent_ChoiceGroup": null, "w": 170, "h": 25, "y": 1614, "x": 90, "structure_id": "Tr_36"}, {"parent_TextBlock": "Tb_32", "text": "Physician please fax the completed form to", "parent_Field": "Fi_16", "parent_Choice_Field": null, "parent_ChoiceGroup": null, "w": 445, "h": 25, "y": 1614, "x": 260, "structure_id": "Tr_37"}, {"parent_TextBlock": "Tb_33", "text": "(VA Regional Office FAX No.)", "parent_Field": "Fi_16", "parent_Choice_Field": null, "parent_ChoiceGroup": null, "w": 237, "h": 19, "y": 1650, "x": 961, "structure_id": "Tr_38"}, {"parent_TextBlock": "Tb_34", "text": "9C. DATE SIGNED", "parent_Field": "Fi_17", "parent_Choice_Field": null, "parent_ChoiceGroup": null, "w": 173, "h": 19, "y": 1347, "x": 1299, "structure_id": "Tr_39"}, {"parent_TextBlock": "Tb_35", "text": "NOTE", "parent_Field": null, "parent_Choice_Field": null, "parent_ChoiceGroup": null, "w": 63, "h": 23, "y": 1682, "x": 87, "structure_id": "Tr_40"}, {"parent_TextBlock": "Tb_35", "text": "- A list of VA Regional Office FAX Numbers can be found at\u00c2\u00a0", "parent_Field": null, "parent_Choice_Field": null, "parent_ChoiceGroup": null, "w": 562, "h": 23, "y": 1682, "x": 150, "structure_id": "Tr_41"}, {"parent_TextBlock": "Tb_35", "text": "www.benefits.va.gov/disabilityexams", "parent_Field": null, "parent_Choice_Field": null, "parent_ChoiceGroup": null, "w": 348, "h": 23, "y": 1682, "x": 712, "structure_id": "Tr_42"}, {"parent_TextBlock": "Tb_35", "text": "or obtained by calling 1-800-827-1000.", "parent_Field": null, "parent_Choice_Field": null, "parent_ChoiceGroup": null, "w": 355, "h": 23, "y": 1682, "x": 1060, "structure_id": "Tr_43"}, {"parent_TextBlock": "Tb_36", "text": "9B. PHYSICIAN'S PRINTED NAME", "parent_Field": "Fi_18", "parent_Choice_Field": null, "parent_ChoiceGroup": null, "w": 314, "h": 19, "y": 1347, "x": 679, "structure_id": "Tr_44"}, {"parent_TextBlock": "Tb_37", "text": "CERTIFICATION", "parent_Field": null, "parent_Choice_Field": null, "parent_ChoiceGroup": null, "w": 204, "h": 25, "y": 1312, "x": 90, "structure_id": "Tr_45"}, {"parent_TextBlock": "Tb_37", "text": "\u00c2\u00a0- To the best of my knowledge, the information contained herein is accurate, complete and current.\u00c2\u00a0", "parent_Field": null, "parent_Choice_Field": null, "parent_ChoiceGroup": null, "w": 1001, "h": 25, "y": 1312, "x": 294, "structure_id": "Tr_46"}, {"parent_TextBlock": "Tb_38", "text": "9D. PHYSICIAN'S PHONE AND FAX NUMBER", "parent_Field": "Fi_19", "parent_Choice_Field": null, "parent_ChoiceGroup": null, "w": 417, "h": 19, "y": 1447, "x": 81, "structure_id": "Tr_47"}, {"parent_TextBlock": "Tb_39", "text": "NOTE", "parent_Field": null, "parent_Choice_Field": null, "parent_ChoiceGroup": null, "w": 68, "h": 22, "y": 1565, "x": 90, "structure_id": "Tr_48"}, {"parent_TextBlock": "Tb_39", "text": "- VA may request additional medical information, including additional examinations, if necessary to complete VA's review of the veteran's application.", "parent_Field": null, "parent_Choice_Field": null, "parent_ChoiceGroup": null, "w": 1351, "h": 22, "y": 1565, "x": 158, "structure_id": "Tr_49"}, {"parent_TextBlock": "Tb_40", "text": "9F. PHYSICIAN'S ADDRESS", "parent_Field": "Fi_20", "parent_Choice_Field": null, "parent_ChoiceGroup": null, "w": 260, "h": 19, "y": 1447, "x": 1099, "structure_id": "Tr_50"}, {"parent_TextBlock": "Tb_41", "text": "9E. NATIONAL PROVIDER IDENTIFIER (NPI) NUMBER", "parent_Field": "Fi_21", "parent_Choice_Field": null, "parent_ChoiceGroup": null, "w": 493, "h": 19, "y": 1447, "x": 585, "structure_id": "Tr_51"}, {"parent_TextBlock": "Tb_42", "text": "PRIVACY  ACT  NOTICE  VA  will  not  disclose  information  collected  on  this  form  to  any  source  other  than  what  has  been  authorized  under  the  Privacy  Act  of  1974  or", "parent_Field": null, "parent_Choice_Field": null, "parent_ChoiceGroup": null, "w": 1516, "h": 22, "y": 1742, "x": 89, "structure_id": "Tr_52"}, {"parent_TextBlock": "Tb_42", "text": "Title  38,  Code  of  Federal  Regulations  1.576  for  routine  uses  (i.e.,  civil  or  criminal  law  enforcement,  congressional  communications,  epidemiological  or  research  studies,", "parent_Field": null, "parent_Choice_Field": null, "parent_ChoiceGroup": null, "w": 1516, "h": 23, "y": 1762, "x": 89, "structure_id": "Tr_53"}, {"parent_TextBlock": "Tb_42", "text": "the  collection  of  money  owed  to  the  United  States,  litigation  in  which  the  United  States  is  party  or  has  an  interest,  the  administration  of  VA  programs  and  delivery  of", "parent_Field": null, "parent_Choice_Field": null, "parent_ChoiceGroup": null, "w": 1516, "h": 23, "y": 1783, "x": 89, "structure_id": "Tr_54"}, {"parent_TextBlock": "Tb_42", "text": "VA  benefits,  verification  of  identity  and  status,  and  personnel  administration)  as  identified  in  the  VA  system  of  records,  58/VA21/22/28,  Compensation,  Pension,", "parent_Field": null, "parent_Choice_Field": null, "parent_ChoiceGroup": null, "w": 1516, "h": 22, "y": 1804, "x": 89, "structure_id": "Tr_55"}, {"parent_TextBlock": "Tb_42", "text": "Education  and  Vocational  Rehabilitation  and  Employment  Records  VA,  published  in  the  Federal  Register.  Your  obligation  to  respond  is  voluntary.  VA  uses  your  SSN", "parent_Field": null, "parent_Choice_Field": null, "parent_ChoiceGroup": null, "w": 1516, "h": 22, "y": 1825, "x": 89, "structure_id": "Tr_56"}, {"parent_TextBlock": "Tb_42", "text": "to  identify  your  claim  file.  Providing  your  SSN  will  help  ensure  that  your  records  are  properly  associated  with  your  claim  file.  Giving  us  your  SSN  account  information  is", "parent_Field": null, "parent_Choice_Field": null, "parent_ChoiceGroup": null, "w": 1516, "h": 22, "y": 1846, "x": 89, "structure_id": "Tr_57"}, {"parent_TextBlock": "Tb_42", "text": "voluntary.  Refusal  to  provide  your  SSN  by  itself  will  not  result  in  the  denial  of  benefits.  VA  will  not  deny  an  individual  benefits  for  refusing  to  provide  his  or  her  SSN", "parent_Field": null, "parent_Choice_Field": null, "parent_ChoiceGroup": null, "w": 1516, "h": 22, "y": 1867, "x": 89, "structure_id": "Tr_58"}, {"parent_TextBlock": "Tb_42", "text": "unless  the  disclosure  of  the  SSN  is  required  by  Federal  Statute  of  law  in  effect  prior  to  January  1,  1975,  and  still  in  effect.  The  requested  information  is  considered", "parent_Field": null, "parent_Choice_Field": null, "parent_ChoiceGroup": null, "w": 1516, "h": 23, "y": 1887, "x": 89, "structure_id": "Tr_59"}, {"parent_TextBlock": "Tb_42", "text": "relevant  and  necessary  to  determine  maximum  benefits  under  the  law.  The  responses  you  submit  are  considered  confidential", "parent_Field": null, "parent_Choice_Field": null, "parent_ChoiceGroup": null, "w": 1516, "h": 23, "y": 1908, "x": 89, "structure_id": "Tr_60"}, {"parent_TextBlock": "Tb_42", "text": "(38 U.S.C. 5701). Information submitted is subject to verification through computer matching programs with other agencies.", "parent_Field": null, "parent_Choice_Field": null, "parent_ChoiceGroup": null, "w": 1114, "h": 22, "y": 1929, "x": 89, "structure_id": "Tr_61"}, {"parent_TextBlock": "Tb_43", "text": "RESPONDENT  BURDEN: \u00c2 \u00a0We  need  this  information  to  determine  entitlement  to  benefits  (38  U.S.C.  501).  Title  38,  United  States  Code,  allows  us  to  ask  for  this", "parent_Field": null, "parent_Choice_Field": null, "parent_ChoiceGroup": null, "w": 1516, "h": 22, "y": 1971, "x": 89, "structure_id": "Tr_62"}, {"parent_TextBlock": "Tb_43", "text": "information.  We  estimate  that  you  will  need  an  average  of  15  minutes  to  review  the  instructions,  find  the  information,  and  complete  the  form.  VA  cannot  conduct  or", "parent_Field": null, "parent_Choice_Field": null, "parent_ChoiceGroup": null, "w": 1516, "h": 22, "y": 1992, "x": 89, "structure_id": "Tr_63"}, {"parent_TextBlock": "Tb_43", "text": "sponsor  collection  of  information  unless  valid  OMB  control  number  is  displayed.  You  are  not  required  to  respond  to  collection  of  information  if  this  number  is  not", "parent_Field": null, "parent_Choice_Field": null, "parent_ChoiceGroup": null, "w": 1516, "h": 23, "y": 2012, "x": 89, "structure_id": "Tr_64"}, {"parent_TextBlock": "Tb_43", "text": "displayed.  Valid  OMB  control  numbers  can  be  located  on  the  OMB  Internet  Page at\u00c2\u00a0", "parent_Field": null, "parent_Choice_Field": null, "parent_ChoiceGroup": null, "w": 764, "h": 23, "y": 2033, "x": 89, "structure_id": "Tr_65"}, {"parent_TextBlock": "Tb_43", "text": "www.reginfo.gov/public/do/PRAMain", "parent_Field": null, "parent_Choice_Field": null, "parent_ChoiceGroup": null, "w": 358, "h": 23, "y": 2033, "x": 853, "structure_id": "Tr_66"}, {"parent_TextBlock": "Tb_43", "text": "If  desired,  you  can  call  1-800-827-1000  to", "parent_Field": null, "parent_Choice_Field": null, "parent_ChoiceGroup": null, "w": 382, "h": 23, "y": 2033, "x": 1223, "structure_id": "Tr_67"}, {"parent_TextBlock": "Tb_43", "text": "get information on where to send comments or suggestions about this form.", "parent_Field": null, "parent_Choice_Field": null, "parent_ChoiceGroup": null, "w": 671, "h": 22, "y": 2054, "x": 89, "structure_id": "Tr_68"}, {"parent_TextBlock": "Tb_44", "text": "VA\u00c2\u00a0FORM 21-0960G-1, SEP 2016", "parent_Field": null, "parent_Choice_Field": null, "parent_ChoiceGroup": null, "w": 296, "h": 19, "y": 2120, "x": 77, "structure_id": "Tr_69"}, {"parent_TextBlock": "Tb_45", "text": "Page 4", "parent_Field": null, "parent_Choice_Field": null, "parent_ChoiceGroup": null, "w": 71, "h": 22, "y": 2122, "x": 1542, "structure_id": "Tr_70"}], "ChoiceGroup": [{"y": 274.03125, "x": 111, "structure_id": "Chgp_1", "w": 1477, "h": 265}, {"y": 199.03125, "x": 84, "structure_id": "Chgp_2", "w": 1516, "h": 340}, {"y": 542.03125, "x": 87, "structure_id": "Chgp_3", "w": 880, "h": 72}, {"y": 812.03125, "x": 85, "structure_id": "Chgp_4", "w": 956, "h": 66}]}