{"Widget": [{"parent_Field": "Fi_1", "parent_Choice_Field": null, "parent_ChoiceGroup": null, "w": 1489.2362204724411, "h": 247.9275590551181, "y": 985.4031496062993, "x": 110.73307086614173, "structure_id": "Wi_1"}, {"parent_Field": "Fi_2", "parent_Choice_Field": null, "parent_ChoiceGroup": null, "w": 140.50236220472442, "h": 46.83307086614173, "y": 68.14173228346456, "x": 511.1496062992126, "structure_id": "Wi_2"}, {"parent_Field": "Fi_2", "parent_Choice_Field": null, "parent_ChoiceGroup": null, "w": 88.94488188976378, "h": 46.83307086614173, "y": 68.14173228346456, "x": 705.1669291338583, "structure_id": "Wi_3"}, {"parent_Field": "Fi_2", "parent_Choice_Field": null, "parent_ChoiceGroup": null, "w": 188.88031496062993, "h": 46.83307086614173, "y": 68.14173228346456, "x": 836.3220472440945, "structure_id": "Wi_4"}, {"parent_Field": "Fi_3", "parent_Choice_Field": null, "parent_ChoiceGroup": null, "w": 1488.8889763779528, "h": 161.91417322834644, "y": 437.74724409448817, "x": 111.11102362204724, "structure_id": "Wi_5"}, {"parent_Field": null, "parent_Choice_Field": "Chf_1", "parent_ChoiceGroup": "Chgp_1", "w": 25, "h": 25, "y": 205.32755905511812, "x": 110.6748031496063, "structure_id": "Wi_6"}, {"parent_Field": null, "parent_Choice_Field": "Chf_2", "parent_ChoiceGroup": "Chgp_1", "w": 25, "h": 25, "y": 205.32755905511812, "x": 227.3448818897638, "structure_id": "Wi_7"}, {"parent_Field": null, "parent_Choice_Field": "Chf_3", "parent_ChoiceGroup": "Chgp_2", "w": 25, "h": 25, "y": 309.4944881889764, "x": 112.34488188976377, "structure_id": "Wi_8"}, {"parent_Field": null, "parent_Choice_Field": "Chf_4", "parent_ChoiceGroup": "Chgp_2", "w": 25, "h": 25, "y": 309.4944881889764, "x": 229.01417322834646, "structure_id": "Wi_9"}, {"parent_Field": null, "parent_Choice_Field": "Chf_5", "parent_ChoiceGroup": "Chgp_3", "w": 25, "h": 25, "y": 405.3275590551182, "x": 112.14724409448819, "structure_id": "Wi_10"}, {"parent_Field": null, "parent_Choice_Field": "Chf_6", "parent_ChoiceGroup": "Chgp_3", "w": 25, "h": 25, "y": 405.3275590551182, "x": 228.8165354330709, "structure_id": "Wi_11"}, {"parent_Field": "Fi_4", "parent_Choice_Field": null, "parent_ChoiceGroup": null, "w": 1488.8889763779528, "h": 200, "y": 716.6692913385828, "x": 111.11102362204724, "structure_id": "Wi_12"}, {"parent_Field": null, "parent_Choice_Field": "Chf_7", "parent_ChoiceGroup": "Chgp_4", "w": 25, "h": 25, "y": 668.0527559055118, "x": 107.9496062992126, "structure_id": "Wi_13"}, {"parent_Field": null, "parent_Choice_Field": "Chf_8", "parent_ChoiceGroup": "Chgp_4", "w": 25, "h": 25, "y": 668.0527559055118, "x": 224.6196850393701, "structure_id": "Wi_14"}, {"parent_Field": "Fi_5", "parent_Choice_Field": null, "parent_ChoiceGroup": null, "w": 605.5582677165355, "h": 30.377952755905515, "y": 1383.3307086614172, "x": 693.183464566929, "structure_id": "Wi_15"}, {"parent_Field": "Fi_6", "parent_Choice_Field": null, "parent_ChoiceGroup": null, "w": 516.6692913385828, "h": 33.33070866141732, "y": 1550, "x": 775.7165354330708, "structure_id": "Wi_16"}, {"parent_Field": "Fi_7", "parent_Choice_Field": null, "parent_ChoiceGroup": null, "w": 394.6748031496063, "h": 66.66929133858268, "y": 1450.0000000000002, "x": 105.3251968503937, "structure_id": "Wi_17"}, {"parent_Field": "Fi_8", "parent_Choice_Field": null, "parent_ChoiceGroup": null, "w": 205.55826771653543, "h": 33.33070866141732, "y": 1383.3307086614172, "x": 1327.7724409448817, "structure_id": "Wi_18"}, {"parent_Field": "Fi_9", "parent_Choice_Field": null, "parent_ChoiceGroup": null, "w": 522.2196850393701, "h": 30.10236220472441, "y": 1483.3307086614172, "x": 534.363779527559, "structure_id": "Wi_19"}, {"parent_Field": "Fi_10", "parent_Choice_Field": null, "parent_ChoiceGroup": null, "w": 520.5023622047245, "h": 63.252755905511805, "y": 1450.0000000000002, "x": 1085.3779527559054, "structure_id": "Wi_20"}, {"parent_Field": "Fi_11", "parent_Choice_Field": null, "parent_ChoiceGroup": null, "w": 555.5582677165354, "h": 33.33070866141732, "y": 1383.3307086614172, "x": 111.11102362204724, "structure_id": "Wi_21"}], "TextBlock": [{"parent_Field": null, "parent_Choice_Field": null, "parent_ChoiceGroup": null, "w": 258, "h": 22, "y": 924, "x": 714, "structure_id": "Tb_1"}, {"parent_Field": "Fi_1", "parent_Choice_Field": null, "parent_ChoiceGroup": null, "w": 194, "h": 22, "y": 956, "x": 97, "structure_id": "Tb_2"}, {"parent_Field": "Fi_2", "parent_Choice_Field": null, "parent_ChoiceGroup": null, "w": 416, "h": 19, "y": 90, "x": 83, "structure_id": "Tb_3"}, {"parent_Field": null, "parent_Choice_Field": null, "parent_ChoiceGroup": null, "w": 1243, "h": 22, "y": 128, "x": 231, "structure_id": "Tb_4"}, {"parent_Field": null, "parent_Choice_Field": null, "parent_ChoiceGroup": null, "w": 250, "h": 23, "y": 209, "x": 319, "structure_id": "Tb_5"}, {"parent_Field": "Fi_3", "parent_Choice_Field": null, "parent_ChoiceGroup": null, "w": 307, "h": 23, "y": 409, "x": 320, "structure_id": "Tb_6"}, {"parent_Field": null, "parent_Choice_Field": null, "parent_ChoiceGroup": null, "w": 929, "h": 23, "y": 309, "x": 321, "structure_id": "Tb_7"}, {"parent_Field": null, "parent_Choice_Field": null, "parent_ChoiceGroup": "Chgp_1", "w": 1431, "h": 42, "y": 158, "x": 95, "structure_id": "Tb_8"}, {"parent_Field": null, "parent_Choice_Field": "Chf_1", "parent_ChoiceGroup": "Chgp_1", "w": 39, "h": 19, "y": 211, "x": 152, "structure_id": "Tb_9"}, {"parent_Field": null, "parent_Choice_Field": "Chf_2", "parent_ChoiceGroup": "Chgp_1", "w": 29, "h": 19, "y": 211, "x": 269, "structure_id": "Tb_10"}, {"parent_Field": null, "parent_Choice_Field": null, "parent_ChoiceGroup": "Chgp_2", "w": 1477, "h": 42, "y": 258, "x": 95, "structure_id": "Tb_11"}, {"parent_Field": null, "parent_Choice_Field": "Chf_3", "parent_ChoiceGroup": "Chgp_2", "w": 39, "h": 19, "y": 315, "x": 154, "structure_id": "Tb_12"}, {"parent_Field": null, "parent_Choice_Field": "Chf_4", "parent_ChoiceGroup": "Chgp_2", "w": 29, "h": 19, "y": 315, "x": 271, "structure_id": "Tb_13"}, {"parent_Field": null, "parent_Choice_Field": null, "parent_ChoiceGroup": "Chgp_3", "w": 1440, "h": 42, "y": 358, "x": 97, "structure_id": "Tb_14"}, {"parent_Field": null, "parent_Choice_Field": "Chf_5", "parent_ChoiceGroup": "Chgp_3", "w": 39, "h": 19, "y": 411, "x": 154, "structure_id": "Tb_15"}, {"parent_Field": null, "parent_Choice_Field": "Chf_6", "parent_ChoiceGroup": "Chgp_3", "w": 30, "h": 19, "y": 411, "x": 270, "structure_id": "Tb_16"}, {"parent_Field": null, "parent_Choice_Field": null, "parent_ChoiceGroup": null, "w": 388, "h": 22, "y": 607, "x": 659, "structure_id": "Tb_17"}, {"parent_Field": "Fi_4", "parent_Choice_Field": null, "parent_ChoiceGroup": null, "w": 1132, "h": 22, "y": 672, "x": 316, "structure_id": "Tb_18"}, {"parent_Field": null, "parent_Choice_Field": null, "parent_ChoiceGroup": "Chgp_4", "w": 1181, "h": 20, "y": 640, "x": 94, "structure_id": "Tb_19"}, {"parent_Field": null, "parent_Choice_Field": "Chf_7", "parent_ChoiceGroup": "Chgp_4", "w": 39, "h": 19, "y": 674, "x": 150, "structure_id": "Tb_20"}, {"parent_Field": null, "parent_Choice_Field": "Chf_8", "parent_ChoiceGroup": "Chgp_4", "w": 29, "h": 19, "y": 674, "x": 266, "structure_id": "Tb_21"}, {"parent_Field": null, "parent_Choice_Field": null, "parent_ChoiceGroup": null, "w": 656, "h": 23, "y": 1240, "x": 522, "structure_id": "Tb_22"}, {"parent_Field": null, "parent_Choice_Field": null, "parent_ChoiceGroup": null, "w": 1415, "h": 22, "y": 1522, "x": 94, "structure_id": "Tb_23"}, {"parent_Field": null, "parent_Choice_Field": null, "parent_ChoiceGroup": null, "w": 1206, "h": 25, "y": 1279, "x": 94, "structure_id": "Tb_24"}, {"parent_Field": "Fi_5", "parent_Choice_Field": null, "parent_ChoiceGroup": null, "w": 309, "h": 19, "y": 1324, "x": 694, "structure_id": "Tb_25"}, {"parent_Field": "Fi_6", "parent_Choice_Field": null, "parent_ChoiceGroup": null, "w": 609, "h": 25, "y": 1554, "x": 94, "structure_id": "Tb_26"}, {"parent_Field": "Fi_6", "parent_Choice_Field": null, "parent_ChoiceGroup": null, "w": 271, "h": 22, "y": 1589, "x": 899, "structure_id": "Tb_27"}, {"parent_Field": "Fi_7", "parent_Choice_Field": null, "parent_ChoiceGroup": null, "w": 411, "h": 19, "y": 1424, "x": 94, "structure_id": "Tb_28"}, {"parent_Field": null, "parent_Choice_Field": null, "parent_ChoiceGroup": null, "w": 1328, "h": 22, "y": 1622, "x": 94, "structure_id": "Tb_29"}, {"parent_Field": "Fi_8", "parent_Choice_Field": null, "parent_ChoiceGroup": null, "w": 167, "h": 19, "y": 1324, "x": 1328, "structure_id": "Tb_30"}, {"parent_Field": "Fi_9", "parent_Choice_Field": null, "parent_ChoiceGroup": null, "w": 492, "h": 19, "y": 1424, "x": 528, "structure_id": "Tb_31"}, {"parent_Field": "Fi_10", "parent_Choice_Field": null, "parent_ChoiceGroup": null, "w": 254, "h": 19, "y": 1424, "x": 1078, "structure_id": "Tb_32"}, {"parent_Field": "Fi_11", "parent_Choice_Field": null, "parent_ChoiceGroup": null, "w": 275, "h": 19, "y": 1324, "x": 94, "structure_id": "Tb_33"}, {"parent_Field": null, "parent_Choice_Field": null, "parent_ChoiceGroup": null, "w": 1508, "h": 262, "y": 1665, "x": 97, "structure_id": "Tb_34"}, {"parent_Field": null, "parent_Choice_Field": null, "parent_ChoiceGroup": null, "w": 1502, "h": 129, "y": 1958, "x": 97, "structure_id": "Tb_35"}, {"parent_Field": null, "parent_Choice_Field": null, "parent_ChoiceGroup": null, "w": 297, "h": 20, "y": 2122, "x": 85, "structure_id": "Tb_36"}, {"parent_Field": null, "parent_Choice_Field": null, "parent_ChoiceGroup": null, "w": 71, "h": 22, "y": 2122, "x": 1548, "structure_id": "Tb_37"}], "Choice_Field": [{"y": 205.32755905511812, "x": 110.6748031496063, "structure_id": "Chf_1", "w": 80.3251968503937, "h": 25}, {"y": 205.32755905511812, "x": 227.3448818897638, "structure_id": "Chf_2", "w": 70.6551181102362, "h": 25}, {"y": 309.4944881889764, "x": 112.34488188976377, "structure_id": "Chf_3", "w": 80.65511811023623, "h": 25}, {"y": 309.4944881889764, "x": 229.01417322834646, "structure_id": "Chf_4", "w": 70.98582677165354, "h": 25}, {"y": 405.3275590551182, "x": 112.14724409448819, "structure_id": "Chf_5", "w": 80.85275590551181, "h": 25}, {"y": 405.3275590551182, "x": 228.8165354330709, "structure_id": "Chf_6", "w": 71.1834645669291, "h": 25}, {"y": 668.0527559055118, "x": 107.9496062992126, "structure_id": "Chf_7", "w": 81.0503937007874, "h": 25}, {"y": 668.0527559055118, "x": 224.6196850393701, "structure_id": "Chf_8", "w": 70.3803149606299, "h": 25}], "Field": [{"y": 956, "x": 97, "structure_id": "Fi_1", "w": 1502.969291338583, "h": 277.3307086614175}, {"y": 68.14173228346456, "x": 83, "structure_id": "Fi_2", "w": 942.2023622047245, "h": 46.833070866141725}, {"y": 409, "x": 111.11102362204724, "structure_id": "Fi_3", "w": 1488.8889763779528, "h": 190.6614173228346}, {"y": 672, "x": 111.11102362204724, "structure_id": "Fi_4", "w": 1488.8889763779528, "h": 244.66929133858275}, {"y": 1324, "x": 693.183464566929, "structure_id": "Fi_5", "w": 605.5582677165354, "h": 89.70866141732267}, {"y": 1550, "x": 94, "structure_id": "Fi_6", "w": 1198.3858267716537, "h": 61}, {"y": 1424, "x": 94, "structure_id": "Fi_7", "w": 411, "h": 92.66929133858298}, {"y": 1324, "x": 1327.7724409448817, "structure_id": "Fi_8", "w": 205.5582677165355, "h": 92.6614173228345}, {"y": 1424, "x": 528, "structure_id": "Fi_9", "w": 528.5834645669293, "h": 89.43307086614163}, {"y": 1424, "x": 1078, "structure_id": "Fi_10", "w": 527.8803149606299, "h": 89.252755905512}, {"y": 1324, "x": 94, "structure_id": "Fi_11", "w": 572.6692913385826, "h": 92.6614173228345}], "TextRun": [{"parent_TextBlock": "Tb_1", "text": "SECTION V -  REMARKS", "parent_Field": null, "parent_Choice_Field": null, "parent_ChoiceGroup": null, "w": 258, "h": 22, "y": 924, "x": 714, "structure_id": "Tr_1"}, {"parent_TextBlock": "Tb_2", "text": "5. REMARKS", "parent_Field": "Fi_1", "parent_Choice_Field": null, "parent_ChoiceGroup": null, "w": 123, "h": 19, "y": 958, "x": 97, "structure_id": "Tr_2"}, {"parent_TextBlock": "Tb_2", "text": "(If any)", "parent_Field": "Fi_1", "parent_Choice_Field": null, "parent_ChoiceGroup": null, "w": 71, "h": 22, "y": 956, "x": 220, "structure_id": "Tr_3"}, {"parent_TextBlock": "Tb_3", "text": "PATIENT/VETERAN'S SOCIAL SECURITY NO.", "parent_Field": "Fi_2", "parent_Choice_Field": null, "parent_ChoiceGroup": null, "w": 416, "h": 19, "y": 90, "x": 83, "structure_id": "Tr_4"}, {"parent_TextBlock": "Tb_4", "text": "SECTION III - OTHER PERTINENT PHYSICAL FINDINGS, COMPLICATIONS, CONDITIONS, SIGNS AND/OR SYMPTOMS", "parent_Field": null, "parent_Choice_Field": null, "parent_ChoiceGroup": null, "w": 1243, "h": 22, "y": 128, "x": 231, "structure_id": "Tr_5"}, {"parent_TextBlock": "Tb_5", "text": "(If \"Yes,\" complete Item 3B)", "parent_Field": null, "parent_Choice_Field": null, "parent_ChoiceGroup": null, "w": 250, "h": 23, "y": 209, "x": 319, "structure_id": "Tr_6"}, {"parent_TextBlock": "Tb_6", "text": "(If \"Yes,\" describe-brief summary)", "parent_Field": "Fi_3", "parent_Choice_Field": null, "parent_ChoiceGroup": null, "w": 307, "h": 23, "y": 409, "x": 320, "structure_id": "Tr_7"}, {"parent_TextBlock": "Tb_7", "text": "(If \"Yes,\" ALSO complete VA Form 21-0960F-1, Scars/Disfigurement Disability Benefits Questionnaire)", "parent_Field": null, "parent_Choice_Field": null, "parent_ChoiceGroup": null, "w": 929, "h": 23, "y": 309, "x": 321, "structure_id": "Tr_8"}, {"parent_TextBlock": "Tb_8", "text": "3A.  DOES THE VETERAN HAVE ANY SCARS (SURGICAL OR OTHERWISE) RELATED TO ANY CONDITIONS OR TO THE TREATMENT OF ANY CONDITIONS", "parent_Field": null, "parent_Choice_Field": null, "parent_ChoiceGroup": "Chgp_1", "w": 1431, "h": 19, "y": 158, "x": 95, "structure_id": "Tr_9"}, {"parent_TextBlock": "Tb_8", "text": "LISTED IN SECTION I, DIAGNOSIS?", "parent_Field": null, "parent_Choice_Field": null, "parent_ChoiceGroup": "Chgp_1", "w": 363, "h": 19, "y": 181, "x": 95, "structure_id": "Tr_10"}, {"parent_TextBlock": "Tb_9", "text": "YES", "parent_Field": null, "parent_Choice_Field": "Chf_1", "parent_ChoiceGroup": "Chgp_1", "w": 39, "h": 19, "y": 211, "x": 152, "structure_id": "Tr_11"}, {"parent_TextBlock": "Tb_10", "text": "NO", "parent_Field": null, "parent_Choice_Field": "Chf_2", "parent_ChoiceGroup": "Chgp_1", "w": 29, "h": 19, "y": 211, "x": 269, "structure_id": "Tr_12"}, {"parent_TextBlock": "Tb_11", "text": "3B.  ARE ANY OF THE SCARS PAINFUL AND/OR UNSTABLE, OR IS THE TOTAL AREA OF ALL RELATED SCARS GREATER THAN OR EQUAL TO 39 SQUARE CM", "parent_Field": null, "parent_Choice_Field": null, "parent_ChoiceGroup": "Chgp_2", "w": 1477, "h": 19, "y": 258, "x": 95, "structure_id": "Tr_13"}, {"parent_TextBlock": "Tb_11", "text": "(6 SQUARE INCHES)", "parent_Field": null, "parent_Choice_Field": null, "parent_ChoiceGroup": "Chgp_2", "w": 190, "h": 19, "y": 281, "x": 95, "structure_id": "Tr_14"}, {"parent_TextBlock": "Tb_12", "text": "YES", "parent_Field": null, "parent_Choice_Field": "Chf_3", "parent_ChoiceGroup": "Chgp_2", "w": 39, "h": 19, "y": 315, "x": 154, "structure_id": "Tr_15"}, {"parent_TextBlock": "Tb_13", "text": "NO", "parent_Field": null, "parent_Choice_Field": "Chf_4", "parent_ChoiceGroup": "Chgp_2", "w": 29, "h": 19, "y": 315, "x": 271, "structure_id": "Tr_16"}, {"parent_TextBlock": "Tb_14", "text": "3C.  DOES THE VETERAN HAVE ANY OTHER PERTINENT PHYSICAL FINDINGS, COMPLICATIONS, CONDITIONS, SIGNS OR SYMPTOMS RELATED TO THE", "parent_Field": null, "parent_Choice_Field": null, "parent_ChoiceGroup": "Chgp_3", "w": 1440, "h": 19, "y": 358, "x": 97, "structure_id": "Tr_17"}, {"parent_TextBlock": "Tb_14", "text": "CONDITION(S) LISTED IN SECTION I, DIAGNOSIS?", "parent_Field": null, "parent_Choice_Field": null, "parent_ChoiceGroup": "Chgp_3", "w": 503, "h": 19, "y": 381, "x": 97, "structure_id": "Tr_18"}, {"parent_TextBlock": "Tb_15", "text": "YES", "parent_Field": null, "parent_Choice_Field": "Chf_5", "parent_ChoiceGroup": "Chgp_3", "w": 39, "h": 19, "y": 411, "x": 154, "structure_id": "Tr_19"}, {"parent_TextBlock": "Tb_16", "text": "NO", "parent_Field": null, "parent_Choice_Field": "Chf_6", "parent_ChoiceGroup": "Chgp_3", "w": 30, "h": 19, "y": 411, "x": 270, "structure_id": "Tr_20"}, {"parent_TextBlock": "Tb_17", "text": "SECTION IV - FUNCTIONAL IMPACT", "parent_Field": null, "parent_Choice_Field": null, "parent_ChoiceGroup": null, "w": 388, "h": 22, "y": 607, "x": 659, "structure_id": "Tr_21"}, {"parent_TextBlock": "Tb_18", "text": "(If \"Yes,\" describe the impact of the veteran's hypertension or isolated systolic hypertension, providing one or more examples):", "parent_Field": "Fi_4", "parent_Choice_Field": null, "parent_ChoiceGroup": null, "w": 1132, "h": 22, "y": 672, "x": 316, "structure_id": "Tr_22"}, {"parent_TextBlock": "Tb_19", "text": "4.  DOES THE VETERAN'S HYPERTENSION OR ISOLATED SYSTOLIC HYPERTENSION IMPACT HIS OR HER ABILITY TO WORK?", "parent_Field": null, "parent_Choice_Field": null, "parent_ChoiceGroup": "Chgp_4", "w": 1181, "h": 20, "y": 640, "x": 94, "structure_id": "Tr_23"}, {"parent_TextBlock": "Tb_20", "text": "YES", "parent_Field": null, "parent_Choice_Field": "Chf_7", "parent_ChoiceGroup": "Chgp_4", "w": 39, "h": 19, "y": 674, "x": 150, "structure_id": "Tr_24"}, {"parent_TextBlock": "Tb_21", "text": "NO", "parent_Field": null, "parent_Choice_Field": "Chf_8", "parent_ChoiceGroup": "Chgp_4", "w": 29, "h": 19, "y": 674, "x": 266, "structure_id": "Tr_25"}, {"parent_TextBlock": "Tb_22", "text": "SECTION VI - PHYSICIAN'S CERTIFICATION AND SIGNATURE", "parent_Field": null, "parent_Choice_Field": null, "parent_ChoiceGroup": null, "w": 656, "h": 23, "y": 1240, "x": 522, "structure_id": "Tr_26"}, {"parent_TextBlock": "Tb_23", "text": "NOTE\u00c2\u00a0-", "parent_Field": null, "parent_Choice_Field": null, "parent_ChoiceGroup": null, "w": 76, "h": 22, "y": 1522, "x": 94, "structure_id": "Tr_27"}, {"parent_TextBlock": "Tb_23", "text": "VA may request additional medical information, including additional examinations, if necessary to complete VA's review of the veteran's application.", "parent_Field": null, "parent_Choice_Field": null, "parent_ChoiceGroup": null, "w": 1339, "h": 22, "y": 1522, "x": 170, "structure_id": "Tr_28"}, {"parent_TextBlock": "Tb_24", "text": "CERTIFICATION\u00c2\u00a0-", "parent_Field": null, "parent_Choice_Field": null, "parent_ChoiceGroup": null, "w": 219, "h": 25, "y": 1279, "x": 94, "structure_id": "Tr_29"}, {"parent_TextBlock": "Tb_24", "text": "To the best of my knowledge, the information contained herein is accurate, complete and current.\u00c2\u00a0", "parent_Field": null, "parent_Choice_Field": null, "parent_ChoiceGroup": null, "w": 987, "h": 25, "y": 1279, "x": 313, "structure_id": "Tr_30"}, {"parent_TextBlock": "Tb_25", "text": "6B. PHYSICIAN'S PRINTED NAME", "parent_Field": "Fi_5", "parent_Choice_Field": null, "parent_ChoiceGroup": null, "w": 309, "h": 19, "y": 1324, "x": 694, "structure_id": "Tr_31"}, {"parent_TextBlock": "Tb_26", "text": "IMPORTANT\u00c2\u00a0-", "parent_Field": "Fi_6", "parent_Choice_Field": null, "parent_ChoiceGroup": null, "w": 171, "h": 25, "y": 1554, "x": 94, "structure_id": "Tr_32"}, {"parent_TextBlock": "Tb_26", "text": "Physician please fax the completed form to", "parent_Field": "Fi_6", "parent_Choice_Field": null, "parent_ChoiceGroup": null, "w": 438, "h": 25, "y": 1554, "x": 265, "structure_id": "Tr_33"}, {"parent_TextBlock": "Tb_27", "text": "(VA Regional Office FAX No.)", "parent_Field": "Fi_6", "parent_Choice_Field": null, "parent_ChoiceGroup": null, "w": 271, "h": 22, "y": 1589, "x": 899, "structure_id": "Tr_34"}, {"parent_TextBlock": "Tb_28", "text": "6D. PHYSICIAN'S PHONE AND FAX NUMBER", "parent_Field": "Fi_7", "parent_Choice_Field": null, "parent_ChoiceGroup": null, "w": 411, "h": 19, "y": 1424, "x": 94, "structure_id": "Tr_35"}, {"parent_TextBlock": "Tb_29", "text": "NOTE -", "parent_Field": null, "parent_Choice_Field": null, "parent_ChoiceGroup": null, "w": 76, "h": 22, "y": 1622, "x": 94, "structure_id": "Tr_36"}, {"parent_TextBlock": "Tb_29", "text": "A list of VA Regional Office FAX Numbers can be found at\u00c2\u00a0", "parent_Field": null, "parent_Choice_Field": null, "parent_ChoiceGroup": null, "w": 549, "h": 22, "y": 1622, "x": 170, "structure_id": "Tr_37"}, {"parent_TextBlock": "Tb_29", "text": "www.benefits.va.gov/disabilityexams", "parent_Field": null, "parent_Choice_Field": null, "parent_ChoiceGroup": null, "w": 348, "h": 22, "y": 1622, "x": 719, "structure_id": "Tr_38"}, {"parent_TextBlock": "Tb_29", "text": "\u00c2\u00a0or obtained by calling 1-800-827-1000.", "parent_Field": null, "parent_Choice_Field": null, "parent_ChoiceGroup": null, "w": 355, "h": 22, "y": 1622, "x": 1067, "structure_id": "Tr_39"}, {"parent_TextBlock": "Tb_30", "text": "6C. DATE SIGNED", "parent_Field": "Fi_8", "parent_Choice_Field": null, "parent_ChoiceGroup": null, "w": 167, "h": 19, "y": 1324, "x": 1328, "structure_id": "Tr_40"}, {"parent_TextBlock": "Tb_31", "text": "6E. NATIONAL PROVIDER IDENTIFIER (NPI) NUMBER", "parent_Field": "Fi_9", "parent_Choice_Field": null, "parent_ChoiceGroup": null, "w": 492, "h": 19, "y": 1424, "x": 528, "structure_id": "Tr_41"}, {"parent_TextBlock": "Tb_32", "text": "6F. PHYSICIAN'S ADDRESS", "parent_Field": "Fi_10", "parent_Choice_Field": null, "parent_ChoiceGroup": null, "w": 254, "h": 19, "y": 1424, "x": 1078, "structure_id": "Tr_42"}, {"parent_TextBlock": "Tb_33", "text": "6A. PHYSICIAN'S SIGNATURE", "parent_Field": "Fi_11", "parent_Choice_Field": null, "parent_ChoiceGroup": null, "w": 275, "h": 19, "y": 1324, "x": 94, "structure_id": "Tr_43"}, {"parent_TextBlock": "Tb_34", "text": "PRIVACY ACT NOTICE:  VA will not disclose information collected on this form to any source other than what has been authorized under the Privacy Act of 1974 or", "parent_Field": null, "parent_Choice_Field": null, "parent_ChoiceGroup": null, "w": 1508, "h": 22, "y": 1665, "x": 97, "structure_id": "Tr_44"}, {"parent_TextBlock": "Tb_34", "text": "Title 38, Code of Federal Regulations 1.576 for routine uses (i.e., civil or criminal law enforcement, congressional communications, epidemiological or research studies,", "parent_Field": null, "parent_Choice_Field": null, "parent_ChoiceGroup": null, "w": 1505, "h": 22, "y": 1692, "x": 97, "structure_id": "Tr_45"}, {"parent_TextBlock": "Tb_34", "text": "the collection of money owed to the United States, litigation in which the United States is a party or has an interest, the administration of VA programs and delivery of", "parent_Field": null, "parent_Choice_Field": null, "parent_ChoiceGroup": null, "w": 1488, "h": 23, "y": 1718, "x": 97, "structure_id": "Tr_46"}, {"parent_TextBlock": "Tb_34", "text": "VA benefits, verification of identity and status, and personnel administration) as identified in the VA system of records, 58/VA21/22/28, Compensation, Pension,", "parent_Field": null, "parent_Choice_Field": null, "parent_ChoiceGroup": null, "w": 1442, "h": 22, "y": 1745, "x": 97, "structure_id": "Tr_47"}, {"parent_TextBlock": "Tb_34", "text": "Education and Vocational Rehabilitation and Employment Records - VA, published in the Federal Register. Your obligation to respond is voluntary. VA uses your SSN", "parent_Field": null, "parent_Choice_Field": null, "parent_ChoiceGroup": null, "w": 1501, "h": 22, "y": 1772, "x": 97, "structure_id": "Tr_48"}, {"parent_TextBlock": "Tb_34", "text": "to identify your claim file. Providing your SSN will help ensure that your records are properly associated with your claim file. Giving us your SSN account information", "parent_Field": null, "parent_Choice_Field": null, "parent_ChoiceGroup": null, "w": 1496, "h": 23, "y": 1798, "x": 97, "structure_id": "Tr_49"}, {"parent_TextBlock": "Tb_34", "text": "is voluntary. Refusal to provide your SSN by itself will not result in the denial of benefits. VA will not deny an individual benefits for refusing to provide his or her SSN", "parent_Field": null, "parent_Choice_Field": null, "parent_ChoiceGroup": null, "w": 1507, "h": 22, "y": 1825, "x": 97, "structure_id": "Tr_50"}, {"parent_TextBlock": "Tb_34", "text": "unless the disclosure of the SSN is required by a Federal Statute of law in effect prior to January 1, 1975, and still in effect. The requested information is considered", "parent_Field": null, "parent_Choice_Field": null, "parent_ChoiceGroup": null, "w": 1464, "h": 22, "y": 1852, "x": 97, "structure_id": "Tr_51"}, {"parent_TextBlock": "Tb_34", "text": "relevant and necessary to determine maximum benefits under the law. The responses you submit are considered confidential (38 U.S.C. 5701). Information submitted is", "parent_Field": null, "parent_Choice_Field": null, "parent_ChoiceGroup": null, "w": 1499, "h": 23, "y": 1878, "x": 97, "structure_id": "Tr_52"}, {"parent_TextBlock": "Tb_34", "text": "subject to verification through computer matching programs with other agencies.", "parent_Field": null, "parent_Choice_Field": null, "parent_ChoiceGroup": null, "w": 725, "h": 22, "y": 1905, "x": 97, "structure_id": "Tr_53"}, {"parent_TextBlock": "Tb_35", "text": "RESPONDENT BURDEN:  We need this information to determine entitlement to benefits (38 U.S.C. 501). Title 38, United States Code, allows us to ask for this", "parent_Field": null, "parent_Choice_Field": null, "parent_ChoiceGroup": null, "w": 1449, "h": 23, "y": 1958, "x": 97, "structure_id": "Tr_54"}, {"parent_TextBlock": "Tb_35", "text": "information. We estimate that you will need an average of 15 minutes to review the instructions, find the information, and complete the form. VA cannot conduct or", "parent_Field": null, "parent_Choice_Field": null, "parent_ChoiceGroup": null, "w": 1466, "h": 22, "y": 1985, "x": 97, "structure_id": "Tr_55"}, {"parent_TextBlock": "Tb_35", "text": "sponsor a collection of information unless a valid OMB control number is displayed. You are not required to respond to a collection of information if this number is not", "parent_Field": null, "parent_Choice_Field": null, "parent_ChoiceGroup": null, "w": 1498, "h": 22, "y": 2012, "x": 97, "structure_id": "Tr_56"}, {"parent_TextBlock": "Tb_35", "text": "displayed. Valid OMB control numbers can be located on the OMB Internet Page at\u00c2\u00a0", "parent_Field": null, "parent_Choice_Field": null, "parent_ChoiceGroup": null, "w": 752, "h": 23, "y": 2038, "x": 97, "structure_id": "Tr_57"}, {"parent_TextBlock": "Tb_35", "text": "www.reginfo.gov/public/do/PRAMain", "parent_Field": null, "parent_Choice_Field": null, "parent_ChoiceGroup": null, "w": 358, "h": 23, "y": 2038, "x": 849, "structure_id": "Tr_58"}, {"parent_TextBlock": "Tb_35", "text": ". If desired, you can call 1-800-827-1000 to", "parent_Field": null, "parent_Choice_Field": null, "parent_ChoiceGroup": null, "w": 392, "h": 23, "y": 2038, "x": 1207, "structure_id": "Tr_59"}, {"parent_TextBlock": "Tb_35", "text": "get information on where to send comments or suggestions about this form.", "parent_Field": null, "parent_Choice_Field": null, "parent_ChoiceGroup": null, "w": 671, "h": 22, "y": 2065, "x": 97, "structure_id": "Tr_60"}, {"parent_TextBlock": "Tb_36", "text": "VA\u00c2\u00a0FORM 21-0960A-3, DEC 2014", "parent_Field": null, "parent_Choice_Field": null, "parent_ChoiceGroup": null, "w": 297, "h": 20, "y": 2122, "x": 85, "structure_id": "Tr_61"}, {"parent_TextBlock": "Tb_37", "text": "Page 2", "parent_Field": null, "parent_Choice_Field": null, "parent_ChoiceGroup": null, "w": 71, "h": 22, "y": 2122, "x": 1548, "structure_id": "Tr_62"}], "ChoiceGroup": [{"y": 155.03125, "x": 91, "structure_id": "Chgp_1", "w": 1439, "h": 87}, {"y": 254.03125, "x": 88, "structure_id": "Chgp_2", "w": 1490, "h": 87}, {"y": 353.03125, "x": 90, "structure_id": "Chgp_3", "w": 1515, "h": 248}, {"y": 637.03125, "x": 90, "structure_id": "Chgp_4", "w": 1518, "h": 279}]}