{"Widget": [{"parent_Field": "Fi_1", "parent_Choice_Field": null, "parent_ChoiceGroup": null, "w": 651.4417322834645, "h": 40.41653543307087, "y": 1455.0307086614175, "x": 149.06377952755906, "structure_id": "Wi_1"}, {"parent_Field": "Fi_2", "parent_Choice_Field": null, "parent_ChoiceGroup": null, "w": 647, "h": 50, "y": 998.03125, "x": 146.0078125, "structure_id": "Wi_2"}, {"parent_Field": "Fi_3", "parent_Choice_Field": null, "parent_ChoiceGroup": null, "w": 651.4417322834645, "h": 40.41653543307087, "y": 1139.8889763779528, "x": 149.06377952755906, "structure_id": "Wi_3"}, {"parent_Field": "Fi_4", "parent_Choice_Field": null, "parent_ChoiceGroup": null, "w": 644, "h": 50, "y": 347.03125, "x": 146.0078125, "structure_id": "Wi_4"}, {"parent_Field": "Fi_5", "parent_Choice_Field": null, "parent_ChoiceGroup": null, "w": 645.2110236220473, "h": 40.414173228346456, "y": 589.8503937007874, "x": 150.0724409448819, "structure_id": "Wi_5"}, {"parent_Field": "Fi_6", "parent_Choice_Field": null, "parent_ChoiceGroup": null, "w": 645.2110236220473, "h": 40.414173228346456, "y": 694.0165354330709, "x": 150.0724409448819, "structure_id": "Wi_6"}, {"parent_Field": "Fi_7", "parent_Choice_Field": null, "parent_ChoiceGroup": null, "w": 645.2110236220473, "h": 40.414173228346456, "y": 484.1496062992126, "x": 150.0724409448819, "structure_id": "Wi_7"}, {"parent_Field": "Fi_8", "parent_Choice_Field": null, "parent_ChoiceGroup": null, "w": 645.2110236220473, "h": 40.414173228346456, "y": 799.2913385826772, "x": 150.0724409448819, "structure_id": "Wi_8"}, {"parent_Field": "Fi_9", "parent_Choice_Field": null, "parent_ChoiceGroup": null, "w": 651.4417322834645, "h": 40.41653543307087, "y": 1245.5834645669293, "x": 149.06377952755906, "structure_id": "Wi_9"}, {"parent_Field": "Fi_10", "parent_Choice_Field": null, "parent_ChoiceGroup": null, "w": 651.4417322834645, "h": 40.41653543307087, "y": 1349.7472440944882, "x": 149.06377952755906, "structure_id": "Wi_10"}, {"parent_Field": "Fi_11", "parent_Choice_Field": null, "parent_ChoiceGroup": null, "w": 645.2110236220473, "h": 40.414173228346456, "y": 484.1496062992126, "x": 902.8889763779528, "structure_id": "Wi_11"}, {"parent_Field": "Fi_12", "parent_Choice_Field": null, "parent_ChoiceGroup": null, "w": 645.2110236220473, "h": 40.414173228346456, "y": 589.8503937007874, "x": 902.8889763779528, "structure_id": "Wi_12"}, {"parent_Field": "Fi_13", "parent_Choice_Field": null, "parent_ChoiceGroup": null, "w": 650.2275590551181, "h": 40.41653543307087, "y": 1139.8889763779528, "x": 899.772440944882, "structure_id": "Wi_13"}, {"parent_Field": "Fi_14", "parent_Choice_Field": null, "parent_ChoiceGroup": null, "w": 650.2275590551181, "h": 40.41653543307087, "y": 1455.0307086614175, "x": 899.772440944882, "structure_id": "Wi_14"}, {"parent_Field": "Fi_15", "parent_Choice_Field": null, "parent_ChoiceGroup": null, "w": 650.2275590551181, "h": 40.41653543307087, "y": 1245.5834645669293, "x": 899.772440944882, "structure_id": "Wi_15"}, {"parent_Field": "Fi_16", "parent_Choice_Field": null, "parent_ChoiceGroup": null, "w": 654, "h": 51, "y": 344.03125, "x": 893.0078125, "structure_id": "Wi_16"}, {"parent_Field": "Fi_17", "parent_Choice_Field": null, "parent_ChoiceGroup": null, "w": 645.2110236220473, "h": 40.414173228346456, "y": 799.2913385826772, "x": 902.8889763779528, "structure_id": "Wi_17"}, {"parent_Field": "Fi_18", "parent_Choice_Field": null, "parent_ChoiceGroup": null, "w": 645.2110236220473, "h": 40.414173228346456, "y": 694.0165354330709, "x": 902.8889763779528, "structure_id": "Wi_18"}, {"parent_Field": "Fi_19", "parent_Choice_Field": null, "parent_ChoiceGroup": null, "w": 650.2275590551181, "h": 40.41653543307087, "y": 1349.7472440944882, "x": 899.772440944882, "structure_id": "Wi_19"}, {"parent_Field": "Fi_20", "parent_Choice_Field": null, "parent_ChoiceGroup": null, "w": 647, "h": 54, "y": 998.03125, "x": 905.0078125, "structure_id": "Wi_20"}], "TextBlock": [{"parent_Field": null, "parent_Choice_Field": null, "parent_ChoiceGroup": null, "w": 787, "h": 61, "y": 233, "x": 460, "structure_id": "Tb_1"}, {"parent_Field": null, "parent_Choice_Field": null, "parent_ChoiceGroup": null, "w": 827, "h": 33, "y": 156, "x": 433, "structure_id": "Tb_2"}, {"parent_Field": null, "parent_Choice_Field": null, "parent_ChoiceGroup": null, "w": 201, "h": 22, "y": 2075, "x": 150, "structure_id": "Tb_3"}, {"parent_Field": null, "parent_Choice_Field": null, "parent_ChoiceGroup": null, "w": 136, "h": 23, "y": 2074, "x": 1398, "structure_id": "Tb_4"}, {"parent_Field": "Fi_1", "parent_Choice_Field": null, "parent_ChoiceGroup": null, "w": 449, "h": 22, "y": 1508, "x": 151, "structure_id": "Tb_5"}, {"parent_Field": "Fi_2", "parent_Choice_Field": null, "parent_ChoiceGroup": null, "w": 623, "h": 49, "y": 1061, "x": 151, "structure_id": "Tb_6"}, {"parent_Field": "Fi_3", "parent_Choice_Field": null, "parent_ChoiceGroup": null, "w": 164, "h": 22, "y": 1192, "x": 151, "structure_id": "Tb_7"}, {"parent_Field": "Fi_4", "parent_Choice_Field": null, "parent_ChoiceGroup": null, "w": 633, "h": 49, "y": 408, "x": 151, "structure_id": "Tb_8"}, {"parent_Field": "Fi_5", "parent_Choice_Field": null, "parent_ChoiceGroup": null, "w": 372, "h": 23, "y": 642, "x": 151, "structure_id": "Tb_9"}, {"parent_Field": "Fi_6", "parent_Choice_Field": null, "parent_ChoiceGroup": null, "w": 360, "h": 22, "y": 748, "x": 151, "structure_id": "Tb_10"}, {"parent_Field": "Fi_7", "parent_Choice_Field": null, "parent_ChoiceGroup": null, "w": 164, "h": 22, "y": 537, "x": 151, "structure_id": "Tb_11"}, {"parent_Field": "Fi_8", "parent_Choice_Field": null, "parent_ChoiceGroup": null, "w": 449, "h": 22, "y": 853, "x": 151, "structure_id": "Tb_12"}, {"parent_Field": "Fi_9", "parent_Choice_Field": null, "parent_ChoiceGroup": null, "w": 372, "h": 23, "y": 1297, "x": 151, "structure_id": "Tb_13"}, {"parent_Field": "Fi_10", "parent_Choice_Field": null, "parent_ChoiceGroup": null, "w": 360, "h": 22, "y": 1403, "x": 151, "structure_id": "Tb_14"}, {"parent_Field": "Fi_11", "parent_Choice_Field": null, "parent_ChoiceGroup": null, "w": 163, "h": 22, "y": 537, "x": 901, "structure_id": "Tb_15"}, {"parent_Field": "Fi_12", "parent_Choice_Field": null, "parent_ChoiceGroup": null, "w": 372, "h": 23, "y": 642, "x": 901, "structure_id": "Tb_16"}, {"parent_Field": "Fi_13", "parent_Choice_Field": null, "parent_ChoiceGroup": null, "w": 163, "h": 22, "y": 1192, "x": 901, "structure_id": "Tb_17"}, {"parent_Field": "Fi_14", "parent_Choice_Field": null, "parent_ChoiceGroup": null, "w": 449, "h": 22, "y": 1508, "x": 901, "structure_id": "Tb_18"}, {"parent_Field": "Fi_15", "parent_Choice_Field": null, "parent_ChoiceGroup": null, "w": 372, "h": 23, "y": 1297, "x": 901, "structure_id": "Tb_19"}, {"parent_Field": "Fi_16", "parent_Choice_Field": null, "parent_ChoiceGroup": null, "w": 639, "h": 49, "y": 408, "x": 901, "structure_id": "Tb_20"}, {"parent_Field": "Fi_17", "parent_Choice_Field": null, "parent_ChoiceGroup": null, "w": 449, "h": 22, "y": 853, "x": 901, "structure_id": "Tb_21"}, {"parent_Field": "Fi_18", "parent_Choice_Field": null, "parent_ChoiceGroup": null, "w": 360, "h": 22, "y": 748, "x": 901, "structure_id": "Tb_22"}, {"parent_Field": "Fi_19", "parent_Choice_Field": null, "parent_ChoiceGroup": null, "w": 360, "h": 22, "y": 1403, "x": 901, "structure_id": "Tb_23"}, {"parent_Field": "Fi_20", "parent_Choice_Field": null, "parent_ChoiceGroup": null, "w": 623, "h": 49, "y": 1061, "x": 901, "structure_id": "Tb_24"}], "Choice_Field": [], "Field": [{"y": 1455.0307086614175, "x": 149.06377952755906, "structure_id": "Fi_1", "w": 651.4417322834645, "h": 74.96929133858248}, {"y": 998.03125, "x": 146.0078125, "structure_id": "Fi_2", "w": 647, "h": 111.96875}, {"y": 1139.8889763779528, "x": 149.06377952755906, "structure_id": "Fi_3", "w": 651.4417322834645, "h": 74.11102362204724}, {"y": 347.03125, "x": 146.0078125, "structure_id": "Fi_4", "w": 644, "h": 109.96875}, {"y": 589.8503937007874, "x": 150.0724409448819, "structure_id": "Fi_5", "w": 645.2110236220473, "h": 75.14960629921256}, {"y": 694.0165354330709, "x": 150.0724409448819, "structure_id": "Fi_6", "w": 645.2110236220473, "h": 75.98346456692911}, {"y": 484.1496062992126, "x": 150.0724409448819, "structure_id": "Fi_7", "w": 645.2110236220473, "h": 74.85039370078738}, {"y": 799.2913385826772, "x": 150.0724409448819, "structure_id": "Fi_8", "w": 645.2110236220473, "h": 75.70866141732279}, {"y": 1245.5834645669293, "x": 149.06377952755906, "structure_id": "Fi_9", "w": 651.4417322834645, "h": 74.41653543307075}, {"y": 1349.7472440944882, "x": 149.06377952755906, "structure_id": "Fi_10", "w": 651.4417322834645, "h": 75.25275590551178}, {"y": 484.1496062992126, "x": 901, "structure_id": "Fi_11", "w": 647.0999999999999, "h": 74.85039370078738}, {"y": 589.8503937007874, "x": 901, "structure_id": "Fi_12", "w": 647.0999999999999, "h": 75.14960629921256}, {"y": 1139.8889763779528, "x": 899.772440944882, "structure_id": "Fi_13", "w": 650.227559055118, "h": 74.11102362204724}, {"y": 1455.0307086614175, "x": 899.772440944882, "structure_id": "Fi_14", "w": 650.227559055118, "h": 74.96929133858248}, {"y": 1245.5834645669293, "x": 899.772440944882, "structure_id": "Fi_15", "w": 650.227559055118, "h": 74.41653543307075}, {"y": 344.03125, "x": 893.0078125, "structure_id": "Fi_16", "w": 654, "h": 112.96875}, {"y": 799.2913385826772, "x": 901, "structure_id": "Fi_17", "w": 647.0999999999999, "h": 75.70866141732279}, {"y": 694.0165354330709, "x": 901, "structure_id": "Fi_18", "w": 647.0999999999999, "h": 75.98346456692911}, {"y": 1349.7472440944882, "x": 899.772440944882, "structure_id": "Fi_19", "w": 650.227559055118, "h": 75.25275590551178}, {"y": 998.03125, "x": 901, "structure_id": "Fi_20", "w": 651.0078125, "h": 111.96875}], "TextRun": [{"parent_TextBlock": "Tb_1", "text": "Requires signature of Designated Institutional Official (DIO) for each", "parent_Field": null, "parent_Choice_Field": null, "parent_ChoiceGroup": null, "w": 787, "h": 27, "y": 233, "x": 460, "structure_id": "Tr_1"}, {"parent_TextBlock": "Tb_1", "text": "affiliated participating institution listed on page one", "parent_Field": null, "parent_Choice_Field": null, "parent_ChoiceGroup": null, "w": 595, "h": 28, "y": 266, "x": 556, "structure_id": "Tr_2"}, {"parent_TextBlock": "Tb_2", "text": "PARTICIPATING INSTITUTIONS SIGNATURE PAGE", "parent_Field": null, "parent_Choice_Field": null, "parent_ChoiceGroup": null, "w": 827, "h": 33, "y": 156, "x": 433, "structure_id": "Tr_3"}, {"parent_TextBlock": "Tb_3", "text": "VA FORM 10-0094f", "parent_Field": null, "parent_Choice_Field": null, "parent_ChoiceGroup": null, "w": 201, "h": 22, "y": 2075, "x": 150, "structure_id": "Tr_4"}, {"parent_TextBlock": "Tb_4", "text": "PAGE 4 OF 5", "parent_Field": null, "parent_Choice_Field": null, "parent_ChoiceGroup": null, "w": 136, "h": 23, "y": 2074, "x": 1398, "structure_id": "Tr_5"}, {"parent_TextBlock": "Tb_5", "text": "Typed Name of Affiliated Participating Institution", "parent_Field": "Fi_1", "parent_Choice_Field": null, "parent_ChoiceGroup": null, "w": 449, "h": 22, "y": 1508, "x": 151, "structure_id": "Tr_6"}, {"parent_TextBlock": "Tb_6", "text": "Signature of Designated Legal Signer for the Affiliated Participating", "parent_Field": "Fi_2", "parent_Choice_Field": null, "parent_ChoiceGroup": null, "w": 623, "h": 22, "y": 1061, "x": 151, "structure_id": "Tr_7"}, {"parent_TextBlock": "Tb_6", "text": "Institution #1 (Please sign in ink.)", "parent_Field": "Fi_2", "parent_Choice_Field": null, "parent_ChoiceGroup": null, "w": 302, "h": 22, "y": 1088, "x": 151, "structure_id": "Tr_8"}, {"parent_TextBlock": "Tb_7", "text": "Date of Signature", "parent_Field": "Fi_3", "parent_Choice_Field": null, "parent_ChoiceGroup": null, "w": 164, "h": 22, "y": 1192, "x": 151, "structure_id": "Tr_9"}, {"parent_TextBlock": "Tb_8", "text": "Signature of DIO for the Affiliated Participating Institution #1 (Please", "parent_Field": "Fi_4", "parent_Choice_Field": null, "parent_ChoiceGroup": null, "w": 633, "h": 22, "y": 408, "x": 151, "structure_id": "Tr_10"}, {"parent_TextBlock": "Tb_8", "text": "sign in ink.)", "parent_Field": "Fi_4", "parent_Choice_Field": null, "parent_ChoiceGroup": null, "w": 106, "h": 23, "y": 434, "x": 151, "structure_id": "Tr_11"}, {"parent_TextBlock": "Tb_9", "text": "Typed Name of Individual Signing Above", "parent_Field": "Fi_5", "parent_Choice_Field": null, "parent_ChoiceGroup": null, "w": 372, "h": 23, "y": 642, "x": 151, "structure_id": "Tr_12"}, {"parent_TextBlock": "Tb_10", "text": "Typed Title of Individual Signing Above", "parent_Field": "Fi_6", "parent_Choice_Field": null, "parent_ChoiceGroup": null, "w": 360, "h": 22, "y": 748, "x": 151, "structure_id": "Tr_13"}, {"parent_TextBlock": "Tb_11", "text": "Date of Signature", "parent_Field": "Fi_7", "parent_Choice_Field": null, "parent_ChoiceGroup": null, "w": 164, "h": 22, "y": 537, "x": 151, "structure_id": "Tr_14"}, {"parent_TextBlock": "Tb_12", "text": "Typed Name of Affiliated Participating Institution", "parent_Field": "Fi_8", "parent_Choice_Field": null, "parent_ChoiceGroup": null, "w": 449, "h": 22, "y": 853, "x": 151, "structure_id": "Tr_15"}, {"parent_TextBlock": "Tb_13", "text": "Typed Name of Individual Signing Above", "parent_Field": "Fi_9", "parent_Choice_Field": null, "parent_ChoiceGroup": null, "w": 372, "h": 23, "y": 1297, "x": 151, "structure_id": "Tr_16"}, {"parent_TextBlock": "Tb_14", "text": "Typed Title of Individual Signing Above", "parent_Field": "Fi_10", "parent_Choice_Field": null, "parent_ChoiceGroup": null, "w": 360, "h": 22, "y": 1403, "x": 151, "structure_id": "Tr_17"}, {"parent_TextBlock": "Tb_15", "text": "Date of Signature", "parent_Field": "Fi_11", "parent_Choice_Field": null, "parent_ChoiceGroup": null, "w": 163, "h": 22, "y": 537, "x": 901, "structure_id": "Tr_18"}, {"parent_TextBlock": "Tb_16", "text": "Typed Name of Individual Signing Above", "parent_Field": "Fi_12", "parent_Choice_Field": null, "parent_ChoiceGroup": null, "w": 372, "h": 23, "y": 642, "x": 901, "structure_id": "Tr_19"}, {"parent_TextBlock": "Tb_17", "text": "Date of Signature", "parent_Field": "Fi_13", "parent_Choice_Field": null, "parent_ChoiceGroup": null, "w": 163, "h": 22, "y": 1192, "x": 901, "structure_id": "Tr_20"}, {"parent_TextBlock": "Tb_18", "text": "Typed Name of Affiliated Participating Institution", "parent_Field": "Fi_14", "parent_Choice_Field": null, "parent_ChoiceGroup": null, "w": 449, "h": 22, "y": 1508, "x": 901, "structure_id": "Tr_21"}, {"parent_TextBlock": "Tb_19", "text": "Typed Name of Individual Signing Above", "parent_Field": "Fi_15", "parent_Choice_Field": null, "parent_ChoiceGroup": null, "w": 372, "h": 23, "y": 1297, "x": 901, "structure_id": "Tr_22"}, {"parent_TextBlock": "Tb_20", "text": "Signature of DIO for the Affiliated Participating Institution #2 (Please", "parent_Field": "Fi_16", "parent_Choice_Field": null, "parent_ChoiceGroup": null, "w": 639, "h": 22, "y": 408, "x": 901, "structure_id": "Tr_23"}, {"parent_TextBlock": "Tb_20", "text": "sign in ink.)", "parent_Field": "Fi_16", "parent_Choice_Field": null, "parent_ChoiceGroup": null, "w": 105, "h": 23, "y": 434, "x": 901, "structure_id": "Tr_24"}, {"parent_TextBlock": "Tb_21", "text": "Typed Name of Affiliated Participating Institution", "parent_Field": "Fi_17", "parent_Choice_Field": null, "parent_ChoiceGroup": null, "w": 449, "h": 22, "y": 853, "x": 901, "structure_id": "Tr_25"}, {"parent_TextBlock": "Tb_22", "text": "Typed Title of Individual Signing Above", "parent_Field": "Fi_18", "parent_Choice_Field": null, "parent_ChoiceGroup": null, "w": 360, "h": 22, "y": 748, "x": 901, "structure_id": "Tr_26"}, {"parent_TextBlock": "Tb_23", "text": "Typed Title of Individual Signing Above", "parent_Field": "Fi_19", "parent_Choice_Field": null, "parent_ChoiceGroup": null, "w": 360, "h": 22, "y": 1403, "x": 901, "structure_id": "Tr_27"}, {"parent_TextBlock": "Tb_24", "text": "Signature of Designated Legal Signer for the Affiliated Participating", "parent_Field": "Fi_20", "parent_Choice_Field": null, "parent_ChoiceGroup": null, "w": 623, "h": 22, "y": 1061, "x": 901, "structure_id": "Tr_28"}, {"parent_TextBlock": "Tb_24", "text": "Institution #2 (Please sign in ink.)", "parent_Field": "Fi_20", "parent_Choice_Field": null, "parent_ChoiceGroup": null, "w": 302, "h": 22, "y": 1088, "x": 901, "structure_id": "Tr_29"}], "ChoiceGroup": []}