{"Widget": [{"parent_Field": "Fi_1", "parent_Choice_Field": null, "parent_ChoiceGroup": null, "w": 566.6692913385826, "h": 33.338582677165356, "y": 1533.3307086614175, "x": 100, "structure_id": "Wi_1"}, {"parent_Field": "Fi_2", "parent_Choice_Field": null, "parent_ChoiceGroup": null, "w": 216.66929133858267, "h": 33.338582677165356, "y": 1533.3307086614175, "x": 700, "structure_id": "Wi_2"}, {"parent_Field": "Fi_3", "parent_Choice_Field": null, "parent_ChoiceGroup": null, "w": 283.3307086614173, "h": 33.338582677165356, "y": 1533.3307086614175, "x": 1000.0000000000001, "structure_id": "Wi_3"}, {"parent_Field": "Fi_4", "parent_Choice_Field": null, "parent_ChoiceGroup": null, "w": 283.3307086614173, "h": 33.338582677165356, "y": 1533.3307086614175, "x": 1316.6692913385825, "structure_id": "Wi_4"}, {"parent_Field": null, "parent_Choice_Field": null, "parent_ChoiceGroup": null, "w": 233.33858267716536, "h": 33.33070866141732, "y": 1400, "x": 533.3307086614174, "structure_id": "Wi_5"}, {"parent_Field": null, "parent_Choice_Field": null, "parent_ChoiceGroup": null, "w": 400, "h": 33.33070866141732, "y": 1400, "x": 100, "structure_id": "Wi_6"}, {"parent_Field": null, "parent_Choice_Field": null, "parent_ChoiceGroup": null, "w": 266.66929133858264, "h": 33.33070866141732, "y": 1400, "x": 1333.3307086614175, "structure_id": "Wi_7"}, {"parent_Field": null, "parent_Choice_Field": null, "parent_ChoiceGroup": null, "w": 283.3307086614173, "h": 33.33070866141732, "y": 1400, "x": 1016.6692913385826, "structure_id": "Wi_8"}, {"parent_Field": null, "parent_Choice_Field": null, "parent_ChoiceGroup": null, "w": 183.33070866141733, "h": 33.33070866141732, "y": 1400, "x": 800, "structure_id": "Wi_9"}, {"parent_Field": null, "parent_Choice_Field": null, "parent_ChoiceGroup": null, "w": 400, "h": 33.33070866141732, "y": 1333.3307086614175, "x": 100, "structure_id": "Wi_10"}, {"parent_Field": null, "parent_Choice_Field": null, "parent_ChoiceGroup": null, "w": 233.33858267716536, "h": 33.33070866141732, "y": 1333.3307086614175, "x": 533.3307086614174, "structure_id": "Wi_11"}, {"parent_Field": null, "parent_Choice_Field": null, "parent_ChoiceGroup": null, "w": 183.33070866141733, "h": 33.33070866141732, "y": 1333.3307086614175, "x": 800, "structure_id": "Wi_12"}, {"parent_Field": null, "parent_Choice_Field": null, "parent_ChoiceGroup": null, "w": 283.3307086614173, "h": 33.33070866141732, "y": 1333.3307086614175, "x": 1016.6692913385826, "structure_id": "Wi_13"}, {"parent_Field": null, "parent_Choice_Field": null, "parent_ChoiceGroup": null, "w": 266.66929133858264, "h": 33.33070866141732, "y": 1333.3307086614175, "x": 1333.3307086614175, "structure_id": "Wi_14"}, {"parent_Field": null, "parent_Choice_Field": null, "parent_ChoiceGroup": null, "w": 400, "h": 33.33070866141732, "y": 1266.6692913385828, "x": 100, "structure_id": "Wi_15"}, {"parent_Field": null, "parent_Choice_Field": null, "parent_ChoiceGroup": null, "w": 233.33858267716536, "h": 33.33070866141732, "y": 1266.6692913385828, "x": 533.3307086614174, "structure_id": "Wi_16"}, {"parent_Field": null, "parent_Choice_Field": null, "parent_ChoiceGroup": null, "w": 183.33070866141733, "h": 33.33070866141732, "y": 1266.6692913385828, "x": 800, "structure_id": "Wi_17"}, {"parent_Field": null, "parent_Choice_Field": null, "parent_ChoiceGroup": null, "w": 283.3307086614173, "h": 33.33070866141732, "y": 1266.6692913385828, "x": 1016.6692913385826, "structure_id": "Wi_18"}, {"parent_Field": null, "parent_Choice_Field": null, "parent_ChoiceGroup": null, "w": 266.66929133858264, "h": 33.33070866141732, "y": 1266.6692913385828, "x": 1333.3307086614175, "structure_id": "Wi_19"}, {"parent_Field": null, "parent_Choice_Field": null, "parent_ChoiceGroup": null, "w": 400, "h": 33.33070866141732, "y": 1200.0000000000002, "x": 100, "structure_id": "Wi_20"}, {"parent_Field": null, "parent_Choice_Field": null, "parent_ChoiceGroup": null, "w": 233.33858267716536, "h": 33.33070866141732, "y": 1200.0000000000002, "x": 533.3307086614174, "structure_id": "Wi_21"}, {"parent_Field": null, "parent_Choice_Field": null, "parent_ChoiceGroup": null, "w": 183.33070866141733, "h": 33.33070866141732, "y": 1200.0000000000002, "x": 800, "structure_id": "Wi_22"}, {"parent_Field": null, "parent_Choice_Field": null, "parent_ChoiceGroup": null, "w": 283.3307086614173, "h": 33.33070866141732, "y": 1200.0000000000002, "x": 1016.6692913385826, "structure_id": "Wi_23"}, {"parent_Field": null, "parent_Choice_Field": null, "parent_ChoiceGroup": null, "w": 266.66929133858264, "h": 33.33070866141732, "y": 1200.0000000000002, "x": 1333.3307086614175, "structure_id": "Wi_24"}, {"parent_Field": null, "parent_Choice_Field": null, "parent_ChoiceGroup": null, "w": 400, "h": 33.33070866141732, "y": 1133.3307086614172, "x": 100, "structure_id": "Wi_25"}, {"parent_Field": null, "parent_Choice_Field": null, "parent_ChoiceGroup": null, "w": 233.33858267716536, "h": 33.33070866141732, "y": 1133.3307086614172, "x": 533.3307086614174, "structure_id": "Wi_26"}, {"parent_Field": null, "parent_Choice_Field": null, "parent_ChoiceGroup": null, "w": 183.33070866141733, "h": 33.33070866141732, "y": 1133.3307086614172, "x": 800, "structure_id": "Wi_27"}, {"parent_Field": null, "parent_Choice_Field": null, "parent_ChoiceGroup": null, "w": 283.3307086614173, "h": 33.33070866141732, "y": 1133.3307086614172, "x": 1016.6692913385826, "structure_id": "Wi_28"}, {"parent_Field": null, "parent_Choice_Field": null, "parent_ChoiceGroup": null, "w": 266.66929133858264, "h": 33.33070866141732, "y": 1133.3307086614172, "x": 1333.3307086614175, "structure_id": "Wi_29"}, {"parent_Field": null, "parent_Choice_Field": null, "parent_ChoiceGroup": null, "w": 400, "h": 33.33070866141732, "y": 1066.6692913385828, "x": 100, "structure_id": "Wi_30"}, {"parent_Field": null, "parent_Choice_Field": null, "parent_ChoiceGroup": null, "w": 233.33858267716536, "h": 33.33070866141732, "y": 1066.6692913385828, "x": 533.3307086614174, "structure_id": "Wi_31"}, {"parent_Field": null, "parent_Choice_Field": null, "parent_ChoiceGroup": null, "w": 183.33070866141733, "h": 33.33070866141732, "y": 1066.6692913385828, "x": 800, "structure_id": "Wi_32"}, {"parent_Field": null, "parent_Choice_Field": null, "parent_ChoiceGroup": null, "w": 283.3307086614173, "h": 33.33070866141732, "y": 1066.6692913385828, "x": 1016.6692913385826, "structure_id": "Wi_33"}, {"parent_Field": null, "parent_Choice_Field": null, "parent_ChoiceGroup": null, "w": 266.66929133858264, "h": 33.33070866141732, "y": 1066.6692913385828, "x": 1333.3307086614175, "structure_id": "Wi_34"}, {"parent_Field": null, "parent_Choice_Field": null, "parent_ChoiceGroup": null, "w": 400, "h": 33.33070866141732, "y": 1000.0000000000001, "x": 100, "structure_id": "Wi_35"}, {"parent_Field": null, "parent_Choice_Field": null, "parent_ChoiceGroup": null, "w": 233.33858267716536, "h": 33.33070866141732, "y": 1000.0000000000001, "x": 533.3307086614174, "structure_id": "Wi_36"}, {"parent_Field": null, "parent_Choice_Field": null, "parent_ChoiceGroup": null, "w": 183.33070866141733, "h": 33.33070866141732, "y": 1000.0000000000001, "x": 800, "structure_id": "Wi_37"}, {"parent_Field": null, "parent_Choice_Field": null, "parent_ChoiceGroup": null, "w": 283.3307086614173, "h": 33.33070866141732, "y": 1000.0000000000001, "x": 1016.6692913385826, "structure_id": "Wi_38"}, {"parent_Field": null, "parent_Choice_Field": null, "parent_ChoiceGroup": null, "w": 266.66929133858264, "h": 33.33070866141732, "y": 1000.0000000000001, "x": 1333.3307086614175, "structure_id": "Wi_39"}, {"parent_Field": null, "parent_Choice_Field": null, "parent_ChoiceGroup": null, "w": 400, "h": 33.33070866141732, "y": 933.3307086614174, "x": 100, "structure_id": "Wi_40"}, {"parent_Field": null, "parent_Choice_Field": null, "parent_ChoiceGroup": null, "w": 233.33858267716536, "h": 33.33070866141732, "y": 933.3307086614174, "x": 533.3307086614174, "structure_id": "Wi_41"}, {"parent_Field": null, "parent_Choice_Field": null, "parent_ChoiceGroup": null, "w": 183.33070866141733, "h": 33.33070866141732, "y": 933.3307086614174, "x": 800, "structure_id": "Wi_42"}, {"parent_Field": null, "parent_Choice_Field": null, "parent_ChoiceGroup": null, "w": 283.3307086614173, "h": 33.33070866141732, "y": 933.3307086614174, "x": 1016.6692913385826, "structure_id": "Wi_43"}, {"parent_Field": null, "parent_Choice_Field": null, "parent_ChoiceGroup": null, "w": 266.66929133858264, "h": 33.33070866141732, "y": 933.3307086614174, "x": 1333.3307086614175, "structure_id": "Wi_44"}, {"parent_Field": null, "parent_Choice_Field": null, "parent_ChoiceGroup": null, "w": 400, "h": 33.33070866141732, "y": 866.6692913385826, "x": 100, "structure_id": "Wi_45"}, {"parent_Field": null, "parent_Choice_Field": null, "parent_ChoiceGroup": null, "w": 233.33858267716536, "h": 33.33070866141732, "y": 866.6692913385826, "x": 533.3307086614174, "structure_id": "Wi_46"}, {"parent_Field": null, "parent_Choice_Field": null, "parent_ChoiceGroup": null, "w": 183.33070866141733, "h": 33.33070866141732, "y": 866.6692913385826, "x": 800, "structure_id": "Wi_47"}, {"parent_Field": null, "parent_Choice_Field": null, "parent_ChoiceGroup": null, "w": 283.3307086614173, "h": 33.33070866141732, "y": 866.6692913385826, "x": 1016.6692913385826, "structure_id": "Wi_48"}, {"parent_Field": null, "parent_Choice_Field": null, "parent_ChoiceGroup": null, "w": 266.66929133858264, "h": 33.33070866141732, "y": 866.6692913385826, "x": 1333.3307086614175, "structure_id": "Wi_49"}, {"parent_Field": null, "parent_Choice_Field": null, "parent_ChoiceGroup": null, "w": 400, "h": 33.33070866141732, "y": 800, "x": 100, "structure_id": "Wi_50"}, {"parent_Field": null, "parent_Choice_Field": null, "parent_ChoiceGroup": null, "w": 233.33858267716536, "h": 33.33070866141732, "y": 800, "x": 533.3307086614174, "structure_id": "Wi_51"}, {"parent_Field": null, "parent_Choice_Field": null, "parent_ChoiceGroup": null, "w": 183.33070866141733, "h": 33.33070866141732, "y": 800, "x": 800, "structure_id": "Wi_52"}, {"parent_Field": null, "parent_Choice_Field": null, "parent_ChoiceGroup": null, "w": 283.3307086614173, "h": 33.33070866141732, "y": 800, "x": 1016.6692913385826, "structure_id": "Wi_53"}, {"parent_Field": null, "parent_Choice_Field": null, "parent_ChoiceGroup": null, "w": 266.66929133858264, "h": 33.33070866141732, "y": 800, "x": 1333.3307086614175, "structure_id": "Wi_54"}, {"parent_Field": null, "parent_Choice_Field": null, "parent_ChoiceGroup": null, "w": 400, "h": 33.33070866141732, "y": 733.3307086614174, "x": 100, "structure_id": "Wi_55"}, {"parent_Field": null, "parent_Choice_Field": null, "parent_ChoiceGroup": null, "w": 233.33858267716536, "h": 33.33070866141732, "y": 733.3307086614174, "x": 533.3307086614174, "structure_id": "Wi_56"}, {"parent_Field": null, "parent_Choice_Field": null, "parent_ChoiceGroup": null, "w": 183.33070866141733, "h": 33.33070866141732, "y": 733.3307086614174, "x": 800, "structure_id": "Wi_57"}, {"parent_Field": null, "parent_Choice_Field": null, "parent_ChoiceGroup": null, "w": 283.3307086614173, "h": 33.33070866141732, "y": 733.3307086614174, "x": 1016.6692913385826, "structure_id": "Wi_58"}, {"parent_Field": null, "parent_Choice_Field": null, "parent_ChoiceGroup": null, "w": 266.66929133858264, "h": 33.33070866141732, "y": 733.3307086614174, "x": 1333.3307086614175, "structure_id": "Wi_59"}, {"parent_Field": null, "parent_Choice_Field": null, "parent_ChoiceGroup": null, "w": 400, "h": 33.33070866141732, "y": 666.6692913385826, "x": 100, "structure_id": "Wi_60"}, {"parent_Field": null, "parent_Choice_Field": null, "parent_ChoiceGroup": null, "w": 233.33858267716536, "h": 33.33070866141732, "y": 666.6692913385826, "x": 533.3307086614174, "structure_id": "Wi_61"}, {"parent_Field": null, "parent_Choice_Field": null, "parent_ChoiceGroup": null, "w": 183.33070866141733, "h": 33.33070866141732, "y": 666.6692913385826, "x": 800, "structure_id": "Wi_62"}, {"parent_Field": null, "parent_Choice_Field": null, "parent_ChoiceGroup": null, "w": 283.3307086614173, "h": 33.33070866141732, "y": 666.6692913385826, "x": 1016.6692913385826, "structure_id": "Wi_63"}, {"parent_Field": null, "parent_Choice_Field": null, "parent_ChoiceGroup": null, "w": 266.66929133858264, "h": 33.33070866141732, "y": 666.6692913385826, "x": 1333.3307086614175, "structure_id": "Wi_64"}, {"parent_Field": null, "parent_Choice_Field": null, "parent_ChoiceGroup": null, "w": 400, "h": 33.33070866141732, "y": 600, "x": 100, "structure_id": "Wi_65"}, {"parent_Field": null, "parent_Choice_Field": null, "parent_ChoiceGroup": null, "w": 233.33858267716536, "h": 33.33070866141732, "y": 600, "x": 533.3307086614174, "structure_id": "Wi_66"}, {"parent_Field": null, "parent_Choice_Field": null, "parent_ChoiceGroup": null, "w": 183.33070866141733, "h": 33.33070866141732, "y": 600, "x": 800, "structure_id": "Wi_67"}, {"parent_Field": null, "parent_Choice_Field": null, "parent_ChoiceGroup": null, "w": 283.3307086614173, "h": 33.33070866141732, "y": 600, "x": 1016.6692913385826, "structure_id": "Wi_68"}, {"parent_Field": null, "parent_Choice_Field": null, "parent_ChoiceGroup": null, "w": 266.66929133858264, "h": 33.33070866141732, "y": 600, "x": 1333.3307086614175, "structure_id": "Wi_69"}, {"parent_Field": null, "parent_Choice_Field": null, "parent_ChoiceGroup": null, "w": 400, "h": 33.33070866141732, "y": 533.3307086614174, "x": 100, "structure_id": "Wi_70"}, {"parent_Field": null, "parent_Choice_Field": null, "parent_ChoiceGroup": null, "w": 233.33858267716536, "h": 33.33070866141732, "y": 533.3307086614174, "x": 533.3307086614174, "structure_id": "Wi_71"}, {"parent_Field": null, "parent_Choice_Field": null, "parent_ChoiceGroup": null, "w": 183.33070866141733, "h": 33.33070866141732, "y": 533.3307086614174, "x": 800, "structure_id": "Wi_72"}, {"parent_Field": null, "parent_Choice_Field": null, "parent_ChoiceGroup": null, "w": 283.3307086614173, "h": 33.33070866141732, "y": 533.3307086614174, "x": 1016.6692913385826, "structure_id": "Wi_73"}, {"parent_Field": null, "parent_Choice_Field": null, "parent_ChoiceGroup": null, "w": 266.66929133858264, "h": 33.33070866141732, "y": 533.3307086614174, "x": 1333.3307086614175, "structure_id": "Wi_74"}, {"parent_Field": null, "parent_Choice_Field": null, "parent_ChoiceGroup": null, "w": 400, "h": 33.33070866141732, "y": 466.6692913385827, "x": 100, "structure_id": "Wi_75"}, {"parent_Field": null, "parent_Choice_Field": null, "parent_ChoiceGroup": null, "w": 233.33858267716536, "h": 33.33070866141732, "y": 466.6692913385827, "x": 533.3307086614174, "structure_id": "Wi_76"}, {"parent_Field": null, "parent_Choice_Field": null, "parent_ChoiceGroup": null, "w": 183.33070866141733, "h": 33.33070866141732, "y": 466.6692913385827, "x": 800, "structure_id": "Wi_77"}, {"parent_Field": null, "parent_Choice_Field": null, "parent_ChoiceGroup": null, "w": 283.3307086614173, "h": 33.33070866141732, "y": 466.6692913385827, "x": 1016.6692913385826, "structure_id": "Wi_78"}, {"parent_Field": null, "parent_Choice_Field": null, "parent_ChoiceGroup": null, "w": 266.66929133858264, "h": 33.33070866141732, "y": 466.6692913385827, "x": 1333.3307086614175, "structure_id": "Wi_79"}, {"parent_Field": null, "parent_Choice_Field": null, "parent_ChoiceGroup": null, "w": 400, "h": 33.33070866141732, "y": 400.00000000000006, "x": 100, "structure_id": "Wi_80"}, {"parent_Field": null, "parent_Choice_Field": null, "parent_ChoiceGroup": null, "w": 233.33858267716536, "h": 33.33070866141732, "y": 400.00000000000006, "x": 533.3307086614174, "structure_id": "Wi_81"}, {"parent_Field": null, "parent_Choice_Field": null, "parent_ChoiceGroup": null, "w": 183.33070866141733, "h": 33.33070866141732, "y": 400.00000000000006, "x": 800, "structure_id": "Wi_82"}, {"parent_Field": null, "parent_Choice_Field": null, "parent_ChoiceGroup": null, "w": 283.3307086614173, "h": 33.33070866141732, "y": 400.00000000000006, "x": 1016.6692913385826, "structure_id": "Wi_83"}, {"parent_Field": null, "parent_Choice_Field": null, "parent_ChoiceGroup": null, "w": 266.66929133858264, "h": 33.33070866141732, "y": 400.00000000000006, "x": 1333.3307086614175, "structure_id": "Wi_84"}, {"parent_Field": null, "parent_Choice_Field": null, "parent_ChoiceGroup": null, "w": 400, "h": 33.33070866141732, "y": 333.3307086614173, "x": 100, "structure_id": "Wi_85"}, {"parent_Field": null, "parent_Choice_Field": null, "parent_ChoiceGroup": null, "w": 233.33858267716536, "h": 33.33070866141732, "y": 333.3307086614173, "x": 533.3307086614174, "structure_id": "Wi_86"}, {"parent_Field": null, "parent_Choice_Field": null, "parent_ChoiceGroup": null, "w": 183.33070866141733, "h": 33.33070866141732, "y": 333.3307086614173, "x": 800, "structure_id": "Wi_87"}, {"parent_Field": null, "parent_Choice_Field": null, "parent_ChoiceGroup": null, "w": 283.3307086614173, "h": 33.33070866141732, "y": 333.3307086614173, "x": 1016.6692913385826, "structure_id": "Wi_88"}, {"parent_Field": null, "parent_Choice_Field": null, "parent_ChoiceGroup": null, "w": 266.66929133858264, "h": 33.33070866141732, "y": 333.3307086614173, "x": 1333.3307086614175, "structure_id": "Wi_89"}, {"parent_Field": null, "parent_Choice_Field": null, "parent_ChoiceGroup": null, "w": 400, "h": 33.33070866141732, "y": 266.66929133858264, "x": 100, "structure_id": "Wi_90"}, {"parent_Field": null, "parent_Choice_Field": null, "parent_ChoiceGroup": null, "w": 233.33858267716536, "h": 33.33070866141732, "y": 266.66929133858264, "x": 533.3307086614174, "structure_id": "Wi_91"}, {"parent_Field": null, "parent_Choice_Field": null, "parent_ChoiceGroup": null, "w": 183.33070866141733, "h": 33.33070866141732, "y": 266.66929133858264, "x": 800, "structure_id": "Wi_92"}, {"parent_Field": null, "parent_Choice_Field": null, "parent_ChoiceGroup": null, "w": 283.3307086614173, "h": 33.33070866141732, "y": 266.66929133858264, "x": 1016.6692913385826, "structure_id": "Wi_93"}, {"parent_Field": null, "parent_Choice_Field": null, "parent_ChoiceGroup": null, "w": 266.66929133858264, "h": 33.33070866141732, "y": 266.66929133858264, "x": 1333.3307086614175, "structure_id": "Wi_94"}], "TextBlock": [{"parent_Field": null, "parent_Choice_Field": null, "parent_ChoiceGroup": null, "w": 1482, "h": 48, "y": 1576, "x": 100, "structure_id": "Tb_1"}, {"parent_Field": null, "parent_Choice_Field": null, "parent_ChoiceGroup": null, "w": 524, "h": 25, "y": 1471, "x": 1038, "structure_id": "Tb_2"}, {"parent_Field": null, "parent_Choice_Field": null, "parent_ChoiceGroup": null, "w": 1500, "h": 129, "y": 1952, "x": 100, "structure_id": "Tb_3"}, {"parent_Field": null, "parent_Choice_Field": null, "parent_ChoiceGroup": null, "w": 1500, "h": 262, "y": 1669, "x": 100, "structure_id": "Tb_4"}, {"parent_Field": null, "parent_Choice_Field": null, "parent_ChoiceGroup": null, "w": 493, "h": 25, "y": 1441, "x": 100, "structure_id": "Tb_5"}, {"parent_Field": "Fi_1", "parent_Choice_Field": null, "parent_ChoiceGroup": null, "w": 271, "h": 19, "y": 1474, "x": 100, "structure_id": "Tb_6"}, {"parent_Field": "Fi_2", "parent_Choice_Field": null, "parent_ChoiceGroup": null, "w": 73, "h": 19, "y": 1474, "x": 700, "structure_id": "Tb_7"}, {"parent_Field": "Fi_3", "parent_Choice_Field": null, "parent_ChoiceGroup": null, "w": 110, "h": 19, "y": 1507, "x": 1000, "structure_id": "Tb_8"}, {"parent_Field": "Fi_4", "parent_Choice_Field": null, "parent_ChoiceGroup": null, "w": 111, "h": 19, "y": 1507, "x": 1317, "structure_id": "Tb_9"}, {"parent_Field": null, "parent_Choice_Field": null, "parent_ChoiceGroup": null, "w": 526, "h": 24, "y": 93, "x": 587, "structure_id": "Tb_10"}, {"parent_Field": null, "parent_Choice_Field": null, "parent_ChoiceGroup": null, "w": 129, "h": 75, "y": 140, "x": 841, "structure_id": "Tb_11"}, {"parent_Field": null, "parent_Choice_Field": null, "parent_ChoiceGroup": null, "w": 211, "h": 50, "y": 152, "x": 548, "structure_id": "Tb_12"}, {"parent_Field": null, "parent_Choice_Field": null, "parent_ChoiceGroup": null, "w": 244, "h": 101, "y": 127, "x": 1350, "structure_id": "Tb_13"}, {"parent_Field": null, "parent_Choice_Field": null, "parent_ChoiceGroup": null, "w": 290, "h": 75, "y": 140, "x": 1017, "structure_id": "Tb_14"}, {"parent_Field": null, "parent_Choice_Field": null, "parent_ChoiceGroup": null, "w": 390, "h": 79, "y": 138, "x": 111, "structure_id": "Tb_15"}, {"parent_Field": null, "parent_Choice_Field": null, "parent_ChoiceGroup": null, "w": 318, "h": 22, "y": 2108, "x": 83, "structure_id": "Tb_16"}], "Choice_Field": [], "Field": [{"y": 1474, "x": 100, "structure_id": "Fi_1", "w": 566.6692913385826, "h": 92.66929133858275}, {"y": 1474, "x": 700, "structure_id": "Fi_2", "w": 216.66929133858264, "h": 92.66929133858275}, {"y": 1507, "x": 1000, "structure_id": "Fi_3", "w": 283.3307086614175, "h": 59.66929133858275}, {"y": 1507, "x": 1316.6692913385825, "structure_id": "Fi_4", "w": 283.33070866141725, "h": 59.66929133858275}], "TextRun": [{"parent_TextBlock": "Tb_1", "text": "PENALTY: The law provides severe penalties which include fine or imprisonment, or both, for the willful submission of any statement or evidence of a material fact,", "parent_Field": null, "parent_Choice_Field": null, "parent_ChoiceGroup": null, "w": 1482, "h": 22, "y": 1576, "x": 100, "structure_id": "Tr_1"}, {"parent_TextBlock": "Tb_1", "text": "knowing it is false, or fraudulent acceptance of any payment to which you are not entitled.", "parent_Field": null, "parent_Choice_Field": null, "parent_ChoiceGroup": null, "w": 803, "h": 22, "y": 1602, "x": 100, "structure_id": "Tr_2"}, {"parent_TextBlock": "Tb_2", "text": "8. TELEPHONE NUMBER(S)\u00c2\u00a0", "parent_Field": null, "parent_Choice_Field": null, "parent_ChoiceGroup": null, "w": 298, "h": 22, "y": 1473, "x": 1038, "structure_id": "Tr_3"}, {"parent_TextBlock": "Tb_2", "text": "(Including Area Code)", "parent_Field": null, "parent_Choice_Field": null, "parent_ChoiceGroup": null, "w": 226, "h": 25, "y": 1471, "x": 1336, "structure_id": "Tr_4"}, {"parent_TextBlock": "Tb_3", "text": "Respondent", "parent_Field": null, "parent_Choice_Field": null, "parent_ChoiceGroup": null, "w": 110, "h": 22, "y": 1952, "x": 100, "structure_id": "Tr_5"}, {"parent_TextBlock": "Tb_3", "text": "Burden:", "parent_Field": null, "parent_Choice_Field": null, "parent_ChoiceGroup": null, "w": 77, "h": 22, "y": 1952, "x": 211, "structure_id": "Tr_6"}, {"parent_TextBlock": "Tb_3", "text": "We", "parent_Field": null, "parent_Choice_Field": null, "parent_ChoiceGroup": null, "w": 37, "h": 22, "y": 1952, "x": 289, "structure_id": "Tr_7"}, {"parent_TextBlock": "Tb_3", "text": "need", "parent_Field": null, "parent_Choice_Field": null, "parent_ChoiceGroup": null, "w": 48, "h": 22, "y": 1952, "x": 326, "structure_id": "Tr_8"}, {"parent_TextBlock": "Tb_3", "text": "this", "parent_Field": null, "parent_Choice_Field": null, "parent_ChoiceGroup": null, "w": 37, "h": 22, "y": 1952, "x": 375, "structure_id": "Tr_9"}, {"parent_TextBlock": "Tb_3", "text": "information", "parent_Field": null, "parent_Choice_Field": null, "parent_ChoiceGroup": null, "w": 111, "h": 22, "y": 1952, "x": 413, "structure_id": "Tr_10"}, {"parent_TextBlock": "Tb_3", "text": "to", "parent_Field": null, "parent_Choice_Field": null, "parent_ChoiceGroup": null, "w": 23, "h": 22, "y": 1952, "x": 524, "structure_id": "Tr_11"}, {"parent_TextBlock": "Tb_3", "text": "determine", "parent_Field": null, "parent_Choice_Field": null, "parent_ChoiceGroup": null, "w": 94, "h": 22, "y": 1952, "x": 548, "structure_id": "Tr_12"}, {"parent_TextBlock": "Tb_3", "text": "eligibility", "parent_Field": null, "parent_Choice_Field": null, "parent_ChoiceGroup": null, "w": 92, "h": 22, "y": 1952, "x": 643, "structure_id": "Tr_13"}, {"parent_TextBlock": "Tb_3", "text": "to", "parent_Field": null, "parent_Choice_Field": null, "parent_ChoiceGroup": null, "w": 23, "h": 22, "y": 1952, "x": 736, "structure_id": "Tr_14"}, {"parent_TextBlock": "Tb_3", "text": "pension", "parent_Field": null, "parent_Choice_Field": null, "parent_ChoiceGroup": null, "w": 74, "h": 22, "y": 1952, "x": 760, "structure_id": "Tr_15"}, {"parent_TextBlock": "Tb_3", "text": "(38", "parent_Field": null, "parent_Choice_Field": null, "parent_ChoiceGroup": null, "w": 35, "h": 22, "y": 1952, "x": 835, "structure_id": "Tr_16"}, {"parent_TextBlock": "Tb_3", "text": "U.S.C.", "parent_Field": null, "parent_Choice_Field": null, "parent_ChoiceGroup": null, "w": 66, "h": 22, "y": 1952, "x": 871, "structure_id": "Tr_17"}, {"parent_TextBlock": "Tb_3", "text": "1503).", "parent_Field": null, "parent_Choice_Field": null, "parent_ChoiceGroup": null, "w": 63, "h": 22, "y": 1952, "x": 937, "structure_id": "Tr_18"}, {"parent_TextBlock": "Tb_3", "text": "Title", "parent_Field": null, "parent_Choice_Field": null, "parent_ChoiceGroup": null, "w": 48, "h": 22, "y": 1952, "x": 1001, "structure_id": "Tr_19"}, {"parent_TextBlock": "Tb_3", "text": "38,", "parent_Field": null, "parent_Choice_Field": null, "parent_ChoiceGroup": null, "w": 34, "h": 22, "y": 1952, "x": 1049, "structure_id": "Tr_20"}, {"parent_TextBlock": "Tb_3", "text": "United", "parent_Field": null, "parent_Choice_Field": null, "parent_ChoiceGroup": null, "w": 66, "h": 22, "y": 1952, "x": 1084, "structure_id": "Tr_21"}, {"parent_TextBlock": "Tb_3", "text": "States", "parent_Field": null, "parent_Choice_Field": null, "parent_ChoiceGroup": null, "w": 59, "h": 22, "y": 1952, "x": 1150, "structure_id": "Tr_22"}, {"parent_TextBlock": "Tb_3", "text": "Code,", "parent_Field": null, "parent_Choice_Field": null, "parent_ChoiceGroup": null, "w": 58, "h": 22, "y": 1952, "x": 1210, "structure_id": "Tr_23"}, {"parent_TextBlock": "Tb_3", "text": "allows", "parent_Field": null, "parent_Choice_Field": null, "parent_ChoiceGroup": null, "w": 63, "h": 22, "y": 1952, "x": 1269, "structure_id": "Tr_24"}, {"parent_TextBlock": "Tb_3", "text": "us", "parent_Field": null, "parent_Choice_Field": null, "parent_ChoiceGroup": null, "w": 25, "h": 22, "y": 1952, "x": 1333, "structure_id": "Tr_25"}, {"parent_TextBlock": "Tb_3", "text": "to", "parent_Field": null, "parent_Choice_Field": null, "parent_ChoiceGroup": null, "w": 23, "h": 22, "y": 1952, "x": 1359, "structure_id": "Tr_26"}, {"parent_TextBlock": "Tb_3", "text": "ask", "parent_Field": null, "parent_Choice_Field": null, "parent_ChoiceGroup": null, "w": 35, "h": 22, "y": 1952, "x": 1383, "structure_id": "Tr_27"}, {"parent_TextBlock": "Tb_3", "text": "for", "parent_Field": null, "parent_Choice_Field": null, "parent_ChoiceGroup": null, "w": 31, "h": 22, "y": 1952, "x": 1419, "structure_id": "Tr_28"}, {"parent_TextBlock": "Tb_3", "text": "this", "parent_Field": null, "parent_Choice_Field": null, "parent_ChoiceGroup": null, "w": 38, "h": 22, "y": 1952, "x": 1451, "structure_id": "Tr_29"}, {"parent_TextBlock": "Tb_3", "text": "information.", "parent_Field": null, "parent_Choice_Field": null, "parent_ChoiceGroup": null, "w": 110, "h": 22, "y": 1952, "x": 1490, "structure_id": "Tr_30"}, {"parent_TextBlock": "Tb_3", "text": "We", "parent_Field": null, "parent_Choice_Field": null, "parent_ChoiceGroup": null, "w": 36, "h": 22, "y": 1979, "x": 100, "structure_id": "Tr_31"}, {"parent_TextBlock": "Tb_3", "text": "estimate", "parent_Field": null, "parent_Choice_Field": null, "parent_ChoiceGroup": null, "w": 79, "h": 22, "y": 1979, "x": 139, "structure_id": "Tr_32"}, {"parent_TextBlock": "Tb_3", "text": "that", "parent_Field": null, "parent_Choice_Field": null, "parent_ChoiceGroup": null, "w": 39, "h": 22, "y": 1979, "x": 220, "structure_id": "Tr_33"}, {"parent_TextBlock": "Tb_3", "text": "you", "parent_Field": null, "parent_Choice_Field": null, "parent_ChoiceGroup": null, "w": 38, "h": 22, "y": 1979, "x": 262, "structure_id": "Tr_34"}, {"parent_TextBlock": "Tb_3", "text": "will", "parent_Field": null, "parent_Choice_Field": null, "parent_ChoiceGroup": null, "w": 40, "h": 22, "y": 1979, "x": 303, "structure_id": "Tr_35"}, {"parent_TextBlock": "Tb_3", "text": "need", "parent_Field": null, "parent_Choice_Field": null, "parent_ChoiceGroup": null, "w": 47, "h": 22, "y": 1979, "x": 345, "structure_id": "Tr_36"}, {"parent_TextBlock": "Tb_3", "text": "an", "parent_Field": null, "parent_Choice_Field": null, "parent_ChoiceGroup": null, "w": 26, "h": 22, "y": 1979, "x": 395, "structure_id": "Tr_37"}, {"parent_TextBlock": "Tb_3", "text": "average", "parent_Field": null, "parent_Choice_Field": null, "parent_ChoiceGroup": null, "w": 75, "h": 22, "y": 1979, "x": 423, "structure_id": "Tr_38"}, {"parent_TextBlock": "Tb_3", "text": "of", "parent_Field": null, "parent_Choice_Field": null, "parent_ChoiceGroup": null, "w": 24, "h": 22, "y": 1979, "x": 500, "structure_id": "Tr_39"}, {"parent_TextBlock": "Tb_3", "text": "45", "parent_Field": null, "parent_Choice_Field": null, "parent_ChoiceGroup": null, "w": 27, "h": 22, "y": 1979, "x": 527, "structure_id": "Tr_40"}, {"parent_TextBlock": "Tb_3", "text": "minutes", "parent_Field": null, "parent_Choice_Field": null, "parent_ChoiceGroup": null, "w": 76, "h": 22, "y": 1979, "x": 556, "structure_id": "Tr_41"}, {"parent_TextBlock": "Tb_3", "text": "to", "parent_Field": null, "parent_Choice_Field": null, "parent_ChoiceGroup": null, "w": 22, "h": 22, "y": 1979, "x": 635, "structure_id": "Tr_42"}, {"parent_TextBlock": "Tb_3", "text": "review", "parent_Field": null, "parent_Choice_Field": null, "parent_ChoiceGroup": null, "w": 66, "h": 22, "y": 1979, "x": 660, "structure_id": "Tr_43"}, {"parent_TextBlock": "Tb_3", "text": "the", "parent_Field": null, "parent_Choice_Field": null, "parent_ChoiceGroup": null, "w": 33, "h": 22, "y": 1979, "x": 728, "structure_id": "Tr_44"}, {"parent_TextBlock": "Tb_3", "text": "instructions,", "parent_Field": null, "parent_Choice_Field": null, "parent_ChoiceGroup": null, "w": 115, "h": 22, "y": 1979, "x": 763, "structure_id": "Tr_45"}, {"parent_TextBlock": "Tb_3", "text": "find", "parent_Field": null, "parent_Choice_Field": null, "parent_ChoiceGroup": null, "w": 41, "h": 22, "y": 1979, "x": 880, "structure_id": "Tr_46"}, {"parent_TextBlock": "Tb_3", "text": "the", "parent_Field": null, "parent_Choice_Field": null, "parent_ChoiceGroup": null, "w": 33, "h": 22, "y": 1979, "x": 923, "structure_id": "Tr_47"}, {"parent_TextBlock": "Tb_3", "text": "information,", "parent_Field": null, "parent_Choice_Field": null, "parent_ChoiceGroup": null, "w": 116, "h": 22, "y": 1979, "x": 958, "structure_id": "Tr_48"}, {"parent_TextBlock": "Tb_3", "text": "and", "parent_Field": null, "parent_Choice_Field": null, "parent_ChoiceGroup": null, "w": 37, "h": 22, "y": 1979, "x": 1077, "structure_id": "Tr_49"}, {"parent_TextBlock": "Tb_3", "text": "complete", "parent_Field": null, "parent_Choice_Field": null, "parent_ChoiceGroup": null, "w": 87, "h": 22, "y": 1979, "x": 1116, "structure_id": "Tr_50"}, {"parent_TextBlock": "Tb_3", "text": "this", "parent_Field": null, "parent_Choice_Field": null, "parent_ChoiceGroup": null, "w": 37, "h": 22, "y": 1979, "x": 1206, "structure_id": "Tr_51"}, {"parent_TextBlock": "Tb_3", "text": "form.", "parent_Field": null, "parent_Choice_Field": null, "parent_ChoiceGroup": null, "w": 55, "h": 22, "y": 1979, "x": 1245, "structure_id": "Tr_52"}, {"parent_TextBlock": "Tb_3", "text": "VA", "parent_Field": null, "parent_Choice_Field": null, "parent_ChoiceGroup": null, "w": 38, "h": 22, "y": 1979, "x": 1302, "structure_id": "Tr_53"}, {"parent_TextBlock": "Tb_3", "text": "cannot", "parent_Field": null, "parent_Choice_Field": null, "parent_ChoiceGroup": null, "w": 65, "h": 22, "y": 1979, "x": 1342, "structure_id": "Tr_54"}, {"parent_TextBlock": "Tb_3", "text": "conduct", "parent_Field": null, "parent_Choice_Field": null, "parent_ChoiceGroup": null, "w": 76, "h": 22, "y": 1979, "x": 1409, "structure_id": "Tr_55"}, {"parent_TextBlock": "Tb_3", "text": "or", "parent_Field": null, "parent_Choice_Field": null, "parent_ChoiceGroup": null, "w": 24, "h": 22, "y": 1979, "x": 1487, "structure_id": "Tr_56"}, {"parent_TextBlock": "Tb_3", "text": "sponsor", "parent_Field": null, "parent_Choice_Field": null, "parent_ChoiceGroup": null, "w": 75, "h": 22, "y": 1979, "x": 1513, "structure_id": "Tr_57"}, {"parent_TextBlock": "Tb_3", "text": "collection", "parent_Field": null, "parent_Choice_Field": null, "parent_ChoiceGroup": null, "w": 93, "h": 22, "y": 2006, "x": 100, "structure_id": "Tr_58"}, {"parent_TextBlock": "Tb_3", "text": "of", "parent_Field": null, "parent_Choice_Field": null, "parent_ChoiceGroup": null, "w": 24, "h": 22, "y": 2006, "x": 193, "structure_id": "Tr_59"}, {"parent_TextBlock": "Tb_3", "text": "information", "parent_Field": null, "parent_Choice_Field": null, "parent_ChoiceGroup": null, "w": 111, "h": 22, "y": 2006, "x": 217, "structure_id": "Tr_60"}, {"parent_TextBlock": "Tb_3", "text": "unless", "parent_Field": null, "parent_Choice_Field": null, "parent_ChoiceGroup": null, "w": 61, "h": 22, "y": 2006, "x": 328, "structure_id": "Tr_61"}, {"parent_TextBlock": "Tb_3", "text": "valid", "parent_Field": null, "parent_Choice_Field": null, "parent_ChoiceGroup": null, "w": 50, "h": 22, "y": 2006, "x": 404, "structure_id": "Tr_62"}, {"parent_TextBlock": "Tb_3", "text": "OMB", "parent_Field": null, "parent_Choice_Field": null, "parent_ChoiceGroup": null, "w": 57, "h": 22, "y": 2006, "x": 454, "structure_id": "Tr_63"}, {"parent_TextBlock": "Tb_3", "text": "control", "parent_Field": null, "parent_Choice_Field": null, "parent_ChoiceGroup": null, "w": 68, "h": 22, "y": 2006, "x": 511, "structure_id": "Tr_64"}, {"parent_TextBlock": "Tb_3", "text": "number", "parent_Field": null, "parent_Choice_Field": null, "parent_ChoiceGroup": null, "w": 74, "h": 22, "y": 2006, "x": 579, "structure_id": "Tr_65"}, {"parent_TextBlock": "Tb_3", "text": "is", "parent_Field": null, "parent_Choice_Field": null, "parent_ChoiceGroup": null, "w": 20, "h": 22, "y": 2006, "x": 653, "structure_id": "Tr_66"}, {"parent_TextBlock": "Tb_3", "text": "displayed.", "parent_Field": null, "parent_Choice_Field": null, "parent_ChoiceGroup": null, "w": 96, "h": 22, "y": 2006, "x": 673, "structure_id": "Tr_67"}, {"parent_TextBlock": "Tb_3", "text": "You", "parent_Field": null, "parent_Choice_Field": null, "parent_ChoiceGroup": null, "w": 44, "h": 22, "y": 2006, "x": 769, "structure_id": "Tr_68"}, {"parent_TextBlock": "Tb_3", "text": "are", "parent_Field": null, "parent_Choice_Field": null, "parent_ChoiceGroup": null, "w": 33, "h": 22, "y": 2006, "x": 813, "structure_id": "Tr_69"}, {"parent_TextBlock": "Tb_3", "text": "not", "parent_Field": null, "parent_Choice_Field": null, "parent_ChoiceGroup": null, "w": 34, "h": 22, "y": 2006, "x": 846, "structure_id": "Tr_70"}, {"parent_TextBlock": "Tb_3", "text": "required", "parent_Field": null, "parent_Choice_Field": null, "parent_ChoiceGroup": null, "w": 80, "h": 22, "y": 2006, "x": 880, "structure_id": "Tr_71"}, {"parent_TextBlock": "Tb_3", "text": "to", "parent_Field": null, "parent_Choice_Field": null, "parent_ChoiceGroup": null, "w": 22, "h": 22, "y": 2006, "x": 960, "structure_id": "Tr_72"}, {"parent_TextBlock": "Tb_3", "text": "respond", "parent_Field": null, "parent_Choice_Field": null, "parent_ChoiceGroup": null, "w": 76, "h": 22, "y": 2006, "x": 982, "structure_id": "Tr_73"}, {"parent_TextBlock": "Tb_3", "text": "to", "parent_Field": null, "parent_Choice_Field": null, "parent_ChoiceGroup": null, "w": 23, "h": 22, "y": 2006, "x": 1058, "structure_id": "Tr_74"}, {"parent_TextBlock": "Tb_3", "text": "collection", "parent_Field": null, "parent_Choice_Field": null, "parent_ChoiceGroup": null, "w": 93, "h": 22, "y": 2006, "x": 1097, "structure_id": "Tr_75"}, {"parent_TextBlock": "Tb_3", "text": "of", "parent_Field": null, "parent_Choice_Field": null, "parent_ChoiceGroup": null, "w": 24, "h": 22, "y": 2006, "x": 1190, "structure_id": "Tr_76"}, {"parent_TextBlock": "Tb_3", "text": "information", "parent_Field": null, "parent_Choice_Field": null, "parent_ChoiceGroup": null, "w": 111, "h": 22, "y": 2006, "x": 1214, "structure_id": "Tr_77"}, {"parent_TextBlock": "Tb_3", "text": "if", "parent_Field": null, "parent_Choice_Field": null, "parent_ChoiceGroup": null, "w": 19, "h": 22, "y": 2006, "x": 1325, "structure_id": "Tr_78"}, {"parent_TextBlock": "Tb_3", "text": "this", "parent_Field": null, "parent_Choice_Field": null, "parent_ChoiceGroup": null, "w": 37, "h": 22, "y": 2006, "x": 1344, "structure_id": "Tr_79"}, {"parent_TextBlock": "Tb_3", "text": "number", "parent_Field": null, "parent_Choice_Field": null, "parent_ChoiceGroup": null, "w": 74, "h": 22, "y": 2006, "x": 1381, "structure_id": "Tr_80"}, {"parent_TextBlock": "Tb_3", "text": "is", "parent_Field": null, "parent_Choice_Field": null, "parent_ChoiceGroup": null, "w": 20, "h": 22, "y": 2006, "x": 1455, "structure_id": "Tr_81"}, {"parent_TextBlock": "Tb_3", "text": "not", "parent_Field": null, "parent_Choice_Field": null, "parent_ChoiceGroup": null, "w": 34, "h": 22, "y": 2006, "x": 1475, "structure_id": "Tr_82"}, {"parent_TextBlock": "Tb_3", "text": "displayed.", "parent_Field": null, "parent_Choice_Field": null, "parent_ChoiceGroup": null, "w": 91, "h": 22, "y": 2006, "x": 1509, "structure_id": "Tr_83"}, {"parent_TextBlock": "Tb_3", "text": "Valid", "parent_Field": null, "parent_Choice_Field": null, "parent_ChoiceGroup": null, "w": 55, "h": 22, "y": 2032, "x": 100, "structure_id": "Tr_84"}, {"parent_TextBlock": "Tb_3", "text": "OMB", "parent_Field": null, "parent_Choice_Field": null, "parent_ChoiceGroup": null, "w": 56, "h": 22, "y": 2032, "x": 159, "structure_id": "Tr_85"}, {"parent_TextBlock": "Tb_3", "text": "control", "parent_Field": null, "parent_Choice_Field": null, "parent_ChoiceGroup": null, "w": 68, "h": 22, "y": 2032, "x": 219, "structure_id": "Tr_86"}, {"parent_TextBlock": "Tb_3", "text": "numbers", "parent_Field": null, "parent_Choice_Field": null, "parent_ChoiceGroup": null, "w": 82, "h": 22, "y": 2032, "x": 291, "structure_id": "Tr_87"}, {"parent_TextBlock": "Tb_3", "text": "can", "parent_Field": null, "parent_Choice_Field": null, "parent_ChoiceGroup": null, "w": 37, "h": 22, "y": 2032, "x": 377, "structure_id": "Tr_88"}, {"parent_TextBlock": "Tb_3", "text": "be", "parent_Field": null, "parent_Choice_Field": null, "parent_ChoiceGroup": null, "w": 27, "h": 22, "y": 2032, "x": 417, "structure_id": "Tr_89"}, {"parent_TextBlock": "Tb_3", "text": "located", "parent_Field": null, "parent_Choice_Field": null, "parent_ChoiceGroup": null, "w": 70, "h": 22, "y": 2032, "x": 448, "structure_id": "Tr_90"}, {"parent_TextBlock": "Tb_3", "text": "on", "parent_Field": null, "parent_Choice_Field": null, "parent_ChoiceGroup": null, "w": 28, "h": 22, "y": 2032, "x": 521, "structure_id": "Tr_91"}, {"parent_TextBlock": "Tb_3", "text": "the", "parent_Field": null, "parent_Choice_Field": null, "parent_ChoiceGroup": null, "w": 33, "h": 22, "y": 2032, "x": 553, "structure_id": "Tr_92"}, {"parent_TextBlock": "Tb_3", "text": "OMB", "parent_Field": null, "parent_Choice_Field": null, "parent_ChoiceGroup": null, "w": 56, "h": 22, "y": 2032, "x": 590, "structure_id": "Tr_93"}, {"parent_TextBlock": "Tb_3", "text": "Internet", "parent_Field": null, "parent_Choice_Field": null, "parent_ChoiceGroup": null, "w": 74, "h": 22, "y": 2032, "x": 650, "structure_id": "Tr_94"}, {"parent_TextBlock": "Tb_3", "text": "Page", "parent_Field": null, "parent_Choice_Field": null, "parent_ChoiceGroup": null, "w": 49, "h": 22, "y": 2032, "x": 728, "structure_id": "Tr_95"}, {"parent_TextBlock": "Tb_3", "text": "at", "parent_Field": null, "parent_Choice_Field": null, "parent_ChoiceGroup": null, "w": 21, "h": 22, "y": 2032, "x": 781, "structure_id": "Tr_96"}, {"parent_TextBlock": "Tb_3", "text": "www.reginfo.gov/public/do/PRAMain", "parent_Field": null, "parent_Choice_Field": null, "parent_ChoiceGroup": null, "w": 343, "h": 22, "y": 2032, "x": 806, "structure_id": "Tr_97"}, {"parent_TextBlock": "Tb_3", "text": "If", "parent_Field": null, "parent_Choice_Field": null, "parent_ChoiceGroup": null, "w": 21, "h": 22, "y": 2032, "x": 1164, "structure_id": "Tr_98"}, {"parent_TextBlock": "Tb_3", "text": "desired,", "parent_Field": null, "parent_Choice_Field": null, "parent_ChoiceGroup": null, "w": 75, "h": 22, "y": 2032, "x": 1189, "structure_id": "Tr_99"}, {"parent_TextBlock": "Tb_3", "text": "you", "parent_Field": null, "parent_Choice_Field": null, "parent_ChoiceGroup": null, "w": 39, "h": 22, "y": 2032, "x": 1268, "structure_id": "Tr_100"}, {"parent_TextBlock": "Tb_3", "text": "can", "parent_Field": null, "parent_Choice_Field": null, "parent_ChoiceGroup": null, "w": 36, "h": 22, "y": 2032, "x": 1311, "structure_id": "Tr_101"}, {"parent_TextBlock": "Tb_3", "text": "call", "parent_Field": null, "parent_Choice_Field": null, "parent_ChoiceGroup": null, "w": 37, "h": 22, "y": 2032, "x": 1351, "structure_id": "Tr_102"}, {"parent_TextBlock": "Tb_3", "text": "1-800-827-1000", "parent_Field": null, "parent_Choice_Field": null, "parent_ChoiceGroup": null, "w": 150, "h": 22, "y": 2032, "x": 1392, "structure_id": "Tr_103"}, {"parent_TextBlock": "Tb_3", "text": "to", "parent_Field": null, "parent_Choice_Field": null, "parent_ChoiceGroup": null, "w": 23, "h": 22, "y": 2032, "x": 1546, "structure_id": "Tr_104"}, {"parent_TextBlock": "Tb_3", "text": "get", "parent_Field": null, "parent_Choice_Field": null, "parent_ChoiceGroup": null, "w": 27, "h": 22, "y": 2032, "x": 1573, "structure_id": "Tr_105"}, {"parent_TextBlock": "Tb_3", "text": "information on where to send comments or suggestions about this form.", "parent_Field": null, "parent_Choice_Field": null, "parent_ChoiceGroup": null, "w": 639, "h": 22, "y": 2059, "x": 100, "structure_id": "Tr_106"}, {"parent_TextBlock": "Tb_4", "text": "Privacy", "parent_Field": null, "parent_Choice_Field": null, "parent_ChoiceGroup": null, "w": 73, "h": 22, "y": 1669, "x": 100, "structure_id": "Tr_107"}, {"parent_TextBlock": "Tb_4", "text": "Act", "parent_Field": null, "parent_Choice_Field": null, "parent_ChoiceGroup": null, "w": 38, "h": 22, "y": 1669, "x": 174, "structure_id": "Tr_108"}, {"parent_TextBlock": "Tb_4", "text": "Notice:", "parent_Field": null, "parent_Choice_Field": null, "parent_ChoiceGroup": null, "w": 71, "h": 22, "y": 1669, "x": 213, "structure_id": "Tr_109"}, {"parent_TextBlock": "Tb_4", "text": "VA", "parent_Field": null, "parent_Choice_Field": null, "parent_ChoiceGroup": null, "w": 38, "h": 22, "y": 1669, "x": 285, "structure_id": "Tr_110"}, {"parent_TextBlock": "Tb_4", "text": "will", "parent_Field": null, "parent_Choice_Field": null, "parent_ChoiceGroup": null, "w": 40, "h": 22, "y": 1669, "x": 324, "structure_id": "Tr_111"}, {"parent_TextBlock": "Tb_4", "text": "not", "parent_Field": null, "parent_Choice_Field": null, "parent_ChoiceGroup": null, "w": 34, "h": 22, "y": 1669, "x": 365, "structure_id": "Tr_112"}, {"parent_TextBlock": "Tb_4", "text": "disclose", "parent_Field": null, "parent_Choice_Field": null, "parent_ChoiceGroup": null, "w": 77, "h": 22, "y": 1669, "x": 400, "structure_id": "Tr_113"}, {"parent_TextBlock": "Tb_4", "text": "information", "parent_Field": null, "parent_Choice_Field": null, "parent_ChoiceGroup": null, "w": 111, "h": 22, "y": 1669, "x": 478, "structure_id": "Tr_114"}, {"parent_TextBlock": "Tb_4", "text": "collected", "parent_Field": null, "parent_Choice_Field": null, "parent_ChoiceGroup": null, "w": 85, "h": 22, "y": 1669, "x": 590, "structure_id": "Tr_115"}, {"parent_TextBlock": "Tb_4", "text": "on", "parent_Field": null, "parent_Choice_Field": null, "parent_ChoiceGroup": null, "w": 28, "h": 22, "y": 1669, "x": 676, "structure_id": "Tr_116"}, {"parent_TextBlock": "Tb_4", "text": "this", "parent_Field": null, "parent_Choice_Field": null, "parent_ChoiceGroup": null, "w": 38, "h": 22, "y": 1669, "x": 705, "structure_id": "Tr_117"}, {"parent_TextBlock": "Tb_4", "text": "form", "parent_Field": null, "parent_Choice_Field": null, "parent_ChoiceGroup": null, "w": 49, "h": 22, "y": 1669, "x": 744, "structure_id": "Tr_118"}, {"parent_TextBlock": "Tb_4", "text": "to", "parent_Field": null, "parent_Choice_Field": null, "parent_ChoiceGroup": null, "w": 23, "h": 22, "y": 1669, "x": 794, "structure_id": "Tr_119"}, {"parent_TextBlock": "Tb_4", "text": "any", "parent_Field": null, "parent_Choice_Field": null, "parent_ChoiceGroup": null, "w": 37, "h": 22, "y": 1669, "x": 818, "structure_id": "Tr_120"}, {"parent_TextBlock": "Tb_4", "text": "source", "parent_Field": null, "parent_Choice_Field": null, "parent_ChoiceGroup": null, "w": 64, "h": 22, "y": 1669, "x": 856, "structure_id": "Tr_121"}, {"parent_TextBlock": "Tb_4", "text": "other", "parent_Field": null, "parent_Choice_Field": null, "parent_ChoiceGroup": null, "w": 51, "h": 22, "y": 1669, "x": 921, "structure_id": "Tr_122"}, {"parent_TextBlock": "Tb_4", "text": "than", "parent_Field": null, "parent_Choice_Field": null, "parent_ChoiceGroup": null, "w": 44, "h": 22, "y": 1669, "x": 973, "structure_id": "Tr_123"}, {"parent_TextBlock": "Tb_4", "text": "what", "parent_Field": null, "parent_Choice_Field": null, "parent_ChoiceGroup": null, "w": 49, "h": 22, "y": 1669, "x": 1018, "structure_id": "Tr_124"}, {"parent_TextBlock": "Tb_4", "text": "has", "parent_Field": null, "parent_Choice_Field": null, "parent_ChoiceGroup": null, "w": 35, "h": 22, "y": 1669, "x": 1068, "structure_id": "Tr_125"}, {"parent_TextBlock": "Tb_4", "text": "been", "parent_Field": null, "parent_Choice_Field": null, "parent_ChoiceGroup": null, "w": 47, "h": 22, "y": 1669, "x": 1104, "structure_id": "Tr_126"}, {"parent_TextBlock": "Tb_4", "text": "authorized", "parent_Field": null, "parent_Choice_Field": null, "parent_ChoiceGroup": null, "w": 100, "h": 22, "y": 1669, "x": 1152, "structure_id": "Tr_127"}, {"parent_TextBlock": "Tb_4", "text": "under", "parent_Field": null, "parent_Choice_Field": null, "parent_ChoiceGroup": null, "w": 56, "h": 22, "y": 1669, "x": 1253, "structure_id": "Tr_128"}, {"parent_TextBlock": "Tb_4", "text": "the", "parent_Field": null, "parent_Choice_Field": null, "parent_ChoiceGroup": null, "w": 33, "h": 22, "y": 1669, "x": 1310, "structure_id": "Tr_129"}, {"parent_TextBlock": "Tb_4", "text": "Privacy", "parent_Field": null, "parent_Choice_Field": null, "parent_ChoiceGroup": null, "w": 73, "h": 22, "y": 1669, "x": 1344, "structure_id": "Tr_130"}, {"parent_TextBlock": "Tb_4", "text": "Act", "parent_Field": null, "parent_Choice_Field": null, "parent_ChoiceGroup": null, "w": 38, "h": 22, "y": 1669, "x": 1418, "structure_id": "Tr_131"}, {"parent_TextBlock": "Tb_4", "text": "of", "parent_Field": null, "parent_Choice_Field": null, "parent_ChoiceGroup": null, "w": 24, "h": 22, "y": 1669, "x": 1457, "structure_id": "Tr_132"}, {"parent_TextBlock": "Tb_4", "text": "1974", "parent_Field": null, "parent_Choice_Field": null, "parent_ChoiceGroup": null, "w": 50, "h": 22, "y": 1669, "x": 1482, "structure_id": "Tr_133"}, {"parent_TextBlock": "Tb_4", "text": "or", "parent_Field": null, "parent_Choice_Field": null, "parent_ChoiceGroup": null, "w": 24, "h": 22, "y": 1669, "x": 1533, "structure_id": "Tr_134"}, {"parent_TextBlock": "Tb_4", "text": "Title", "parent_Field": null, "parent_Choice_Field": null, "parent_ChoiceGroup": null, "w": 42, "h": 22, "y": 1669, "x": 1558, "structure_id": "Tr_135"}, {"parent_TextBlock": "Tb_4", "text": "38,", "parent_Field": null, "parent_Choice_Field": null, "parent_ChoiceGroup": null, "w": 33, "h": 22, "y": 1696, "x": 100, "structure_id": "Tr_136"}, {"parent_TextBlock": "Tb_4", "text": "Code", "parent_Field": null, "parent_Choice_Field": null, "parent_ChoiceGroup": null, "w": 52, "h": 22, "y": 1696, "x": 134, "structure_id": "Tr_137"}, {"parent_TextBlock": "Tb_4", "text": "of", "parent_Field": null, "parent_Choice_Field": null, "parent_ChoiceGroup": null, "w": 24, "h": 22, "y": 1696, "x": 187, "structure_id": "Tr_138"}, {"parent_TextBlock": "Tb_4", "text": "Federal", "parent_Field": null, "parent_Choice_Field": null, "parent_ChoiceGroup": null, "w": 72, "h": 22, "y": 1696, "x": 212, "structure_id": "Tr_139"}, {"parent_TextBlock": "Tb_4", "text": "Regulations", "parent_Field": null, "parent_Choice_Field": null, "parent_ChoiceGroup": null, "w": 112, "h": 22, "y": 1696, "x": 285, "structure_id": "Tr_140"}, {"parent_TextBlock": "Tb_4", "text": "1.576", "parent_Field": null, "parent_Choice_Field": null, "parent_ChoiceGroup": null, "w": 56, "h": 22, "y": 1696, "x": 397, "structure_id": "Tr_141"}, {"parent_TextBlock": "Tb_4", "text": "for", "parent_Field": null, "parent_Choice_Field": null, "parent_ChoiceGroup": null, "w": 31, "h": 22, "y": 1696, "x": 454, "structure_id": "Tr_142"}, {"parent_TextBlock": "Tb_4", "text": "routine", "parent_Field": null, "parent_Choice_Field": null, "parent_ChoiceGroup": null, "w": 68, "h": 22, "y": 1696, "x": 486, "structure_id": "Tr_143"}, {"parent_TextBlock": "Tb_4", "text": "uses", "parent_Field": null, "parent_Choice_Field": null, "parent_ChoiceGroup": null, "w": 44, "h": 22, "y": 1696, "x": 555, "structure_id": "Tr_144"}, {"parent_TextBlock": "Tb_4", "text": "(i.e.,", "parent_Field": null, "parent_Choice_Field": null, "parent_ChoiceGroup": null, "w": 46, "h": 22, "y": 1696, "x": 599, "structure_id": "Tr_145"}, {"parent_TextBlock": "Tb_4", "text": "civil", "parent_Field": null, "parent_Choice_Field": null, "parent_ChoiceGroup": null, "w": 45, "h": 22, "y": 1696, "x": 646, "structure_id": "Tr_146"}, {"parent_TextBlock": "Tb_4", "text": "or", "parent_Field": null, "parent_Choice_Field": null, "parent_ChoiceGroup": null, "w": 25, "h": 22, "y": 1696, "x": 691, "structure_id": "Tr_147"}, {"parent_TextBlock": "Tb_4", "text": "criminal", "parent_Field": null, "parent_Choice_Field": null, "parent_ChoiceGroup": null, "w": 80, "h": 22, "y": 1696, "x": 716, "structure_id": "Tr_148"}, {"parent_TextBlock": "Tb_4", "text": "law", "parent_Field": null, "parent_Choice_Field": null, "parent_ChoiceGroup": null, "w": 37, "h": 22, "y": 1696, "x": 797, "structure_id": "Tr_149"}, {"parent_TextBlock": "Tb_4", "text": "enforcement,", "parent_Field": null, "parent_Choice_Field": null, "parent_ChoiceGroup": null, "w": 122, "h": 22, "y": 1696, "x": 835, "structure_id": "Tr_150"}, {"parent_TextBlock": "Tb_4", "text": "congressional", "parent_Field": null, "parent_Choice_Field": null, "parent_ChoiceGroup": null, "w": 127, "h": 22, "y": 1696, "x": 958, "structure_id": "Tr_151"}, {"parent_TextBlock": "Tb_4", "text": "communications,", "parent_Field": null, "parent_Choice_Field": null, "parent_ChoiceGroup": null, "w": 158, "h": 22, "y": 1696, "x": 1086, "structure_id": "Tr_152"}, {"parent_TextBlock": "Tb_4", "text": "epidemiological", "parent_Field": null, "parent_Choice_Field": null, "parent_ChoiceGroup": null, "w": 149, "h": 22, "y": 1696, "x": 1245, "structure_id": "Tr_153"}, {"parent_TextBlock": "Tb_4", "text": "or", "parent_Field": null, "parent_Choice_Field": null, "parent_ChoiceGroup": null, "w": 24, "h": 22, "y": 1696, "x": 1394, "structure_id": "Tr_154"}, {"parent_TextBlock": "Tb_4", "text": "research", "parent_Field": null, "parent_Choice_Field": null, "parent_ChoiceGroup": null, "w": 80, "h": 22, "y": 1696, "x": 1419, "structure_id": "Tr_155"}, {"parent_TextBlock": "Tb_4", "text": "studies,", "parent_Field": null, "parent_Choice_Field": null, "parent_ChoiceGroup": null, "w": 73, "h": 22, "y": 1696, "x": 1499, "structure_id": "Tr_156"}, {"parent_TextBlock": "Tb_4", "text": "the", "parent_Field": null, "parent_Choice_Field": null, "parent_ChoiceGroup": null, "w": 27, "h": 22, "y": 1696, "x": 1573, "structure_id": "Tr_157"}, {"parent_TextBlock": "Tb_4", "text": "collection", "parent_Field": null, "parent_Choice_Field": null, "parent_ChoiceGroup": null, "w": 93, "h": 22, "y": 1722, "x": 100, "structure_id": "Tr_158"}, {"parent_TextBlock": "Tb_4", "text": "of", "parent_Field": null, "parent_Choice_Field": null, "parent_ChoiceGroup": null, "w": 24, "h": 22, "y": 1722, "x": 194, "structure_id": "Tr_159"}, {"parent_TextBlock": "Tb_4", "text": "money", "parent_Field": null, "parent_Choice_Field": null, "parent_ChoiceGroup": null, "w": 66, "h": 22, "y": 1722, "x": 218, "structure_id": "Tr_160"}, {"parent_TextBlock": "Tb_4", "text": "owed", "parent_Field": null, "parent_Choice_Field": null, "parent_ChoiceGroup": null, "w": 53, "h": 22, "y": 1722, "x": 285, "structure_id": "Tr_161"}, {"parent_TextBlock": "Tb_4", "text": "to", "parent_Field": null, "parent_Choice_Field": null, "parent_ChoiceGroup": null, "w": 22, "h": 22, "y": 1722, "x": 339, "structure_id": "Tr_162"}, {"parent_TextBlock": "Tb_4", "text": "the", "parent_Field": null, "parent_Choice_Field": null, "parent_ChoiceGroup": null, "w": 33, "h": 22, "y": 1722, "x": 362, "structure_id": "Tr_163"}, {"parent_TextBlock": "Tb_4", "text": "United", "parent_Field": null, "parent_Choice_Field": null, "parent_ChoiceGroup": null, "w": 66, "h": 22, "y": 1722, "x": 395, "structure_id": "Tr_164"}, {"parent_TextBlock": "Tb_4", "text": "States,", "parent_Field": null, "parent_Choice_Field": null, "parent_ChoiceGroup": null, "w": 65, "h": 22, "y": 1722, "x": 461, "structure_id": "Tr_165"}, {"parent_TextBlock": "Tb_4", "text": "litigation", "parent_Field": null, "parent_Choice_Field": null, "parent_ChoiceGroup": null, "w": 86, "h": 22, "y": 1722, "x": 526, "structure_id": "Tr_166"}, {"parent_TextBlock": "Tb_4", "text": "in", "parent_Field": null, "parent_Choice_Field": null, "parent_ChoiceGroup": null, "w": 23, "h": 22, "y": 1722, "x": 612, "structure_id": "Tr_167"}, {"parent_TextBlock": "Tb_4", "text": "which", "parent_Field": null, "parent_Choice_Field": null, "parent_ChoiceGroup": null, "w": 59, "h": 22, "y": 1722, "x": 636, "structure_id": "Tr_168"}, {"parent_TextBlock": "Tb_4", "text": "the", "parent_Field": null, "parent_Choice_Field": null, "parent_ChoiceGroup": null, "w": 33, "h": 22, "y": 1722, "x": 696, "structure_id": "Tr_169"}, {"parent_TextBlock": "Tb_4", "text": "United", "parent_Field": null, "parent_Choice_Field": null, "parent_ChoiceGroup": null, "w": 66, "h": 22, "y": 1722, "x": 729, "structure_id": "Tr_170"}, {"parent_TextBlock": "Tb_4", "text": "States", "parent_Field": null, "parent_Choice_Field": null, "parent_ChoiceGroup": null, "w": 59, "h": 22, "y": 1722, "x": 795, "structure_id": "Tr_171"}, {"parent_TextBlock": "Tb_4", "text": "is", "parent_Field": null, "parent_Choice_Field": null, "parent_ChoiceGroup": null, "w": 21, "h": 22, "y": 1722, "x": 854, "structure_id": "Tr_172"}, {"parent_TextBlock": "Tb_4", "text": "party", "parent_Field": null, "parent_Choice_Field": null, "parent_ChoiceGroup": null, "w": 51, "h": 22, "y": 1722, "x": 891, "structure_id": "Tr_173"}, {"parent_TextBlock": "Tb_4", "text": "or", "parent_Field": null, "parent_Choice_Field": null, "parent_ChoiceGroup": null, "w": 24, "h": 22, "y": 1722, "x": 943, "structure_id": "Tr_174"}, {"parent_TextBlock": "Tb_4", "text": "has", "parent_Field": null, "parent_Choice_Field": null, "parent_ChoiceGroup": null, "w": 35, "h": 22, "y": 1722, "x": 967, "structure_id": "Tr_175"}, {"parent_TextBlock": "Tb_4", "text": "an", "parent_Field": null, "parent_Choice_Field": null, "parent_ChoiceGroup": null, "w": 26, "h": 22, "y": 1722, "x": 1003, "structure_id": "Tr_176"}, {"parent_TextBlock": "Tb_4", "text": "interest,", "parent_Field": null, "parent_Choice_Field": null, "parent_ChoiceGroup": null, "w": 76, "h": 22, "y": 1722, "x": 1030, "structure_id": "Tr_177"}, {"parent_TextBlock": "Tb_4", "text": "the", "parent_Field": null, "parent_Choice_Field": null, "parent_ChoiceGroup": null, "w": 32, "h": 22, "y": 1722, "x": 1107, "structure_id": "Tr_178"}, {"parent_TextBlock": "Tb_4", "text": "administration", "parent_Field": null, "parent_Choice_Field": null, "parent_ChoiceGroup": null, "w": 134, "h": 22, "y": 1722, "x": 1140, "structure_id": "Tr_179"}, {"parent_TextBlock": "Tb_4", "text": "of", "parent_Field": null, "parent_Choice_Field": null, "parent_ChoiceGroup": null, "w": 24, "h": 22, "y": 1722, "x": 1274, "structure_id": "Tr_180"}, {"parent_TextBlock": "Tb_4", "text": "VA", "parent_Field": null, "parent_Choice_Field": null, "parent_ChoiceGroup": null, "w": 37, "h": 22, "y": 1722, "x": 1299, "structure_id": "Tr_181"}, {"parent_TextBlock": "Tb_4", "text": "programs", "parent_Field": null, "parent_Choice_Field": null, "parent_ChoiceGroup": null, "w": 89, "h": 22, "y": 1722, "x": 1337, "structure_id": "Tr_182"}, {"parent_TextBlock": "Tb_4", "text": "and", "parent_Field": null, "parent_Choice_Field": null, "parent_ChoiceGroup": null, "w": 37, "h": 22, "y": 1722, "x": 1427, "structure_id": "Tr_183"}, {"parent_TextBlock": "Tb_4", "text": "delivery", "parent_Field": null, "parent_Choice_Field": null, "parent_ChoiceGroup": null, "w": 78, "h": 22, "y": 1722, "x": 1465, "structure_id": "Tr_184"}, {"parent_TextBlock": "Tb_4", "text": "of", "parent_Field": null, "parent_Choice_Field": null, "parent_ChoiceGroup": null, "w": 24, "h": 22, "y": 1722, "x": 1543, "structure_id": "Tr_185"}, {"parent_TextBlock": "Tb_4", "text": "VA", "parent_Field": null, "parent_Choice_Field": null, "parent_ChoiceGroup": null, "w": 32, "h": 22, "y": 1722, "x": 1568, "structure_id": "Tr_186"}, {"parent_TextBlock": "Tb_4", "text": "benefits,", "parent_Field": null, "parent_Choice_Field": null, "parent_ChoiceGroup": null, "w": 81, "h": 22, "y": 1749, "x": 100, "structure_id": "Tr_187"}, {"parent_TextBlock": "Tb_4", "text": "verification", "parent_Field": null, "parent_Choice_Field": null, "parent_ChoiceGroup": null, "w": 108, "h": 22, "y": 1749, "x": 182, "structure_id": "Tr_188"}, {"parent_TextBlock": "Tb_4", "text": "of", "parent_Field": null, "parent_Choice_Field": null, "parent_ChoiceGroup": null, "w": 24, "h": 22, "y": 1749, "x": 290, "structure_id": "Tr_189"}, {"parent_TextBlock": "Tb_4", "text": "identity", "parent_Field": null, "parent_Choice_Field": null, "parent_ChoiceGroup": null, "w": 74, "h": 22, "y": 1749, "x": 314, "structure_id": "Tr_190"}, {"parent_TextBlock": "Tb_4", "text": "and", "parent_Field": null, "parent_Choice_Field": null, "parent_ChoiceGroup": null, "w": 38, "h": 22, "y": 1749, "x": 388, "structure_id": "Tr_191"}, {"parent_TextBlock": "Tb_4", "text": "status,", "parent_Field": null, "parent_Choice_Field": null, "parent_ChoiceGroup": null, "w": 62, "h": 22, "y": 1749, "x": 426, "structure_id": "Tr_192"}, {"parent_TextBlock": "Tb_4", "text": "and", "parent_Field": null, "parent_Choice_Field": null, "parent_ChoiceGroup": null, "w": 38, "h": 22, "y": 1749, "x": 488, "structure_id": "Tr_193"}, {"parent_TextBlock": "Tb_4", "text": "personnel", "parent_Field": null, "parent_Choice_Field": null, "parent_ChoiceGroup": null, "w": 92, "h": 22, "y": 1749, "x": 526, "structure_id": "Tr_194"}, {"parent_TextBlock": "Tb_4", "text": "administration)", "parent_Field": null, "parent_Choice_Field": null, "parent_ChoiceGroup": null, "w": 142, "h": 22, "y": 1749, "x": 618, "structure_id": "Tr_195"}, {"parent_TextBlock": "Tb_4", "text": "as", "parent_Field": null, "parent_Choice_Field": null, "parent_ChoiceGroup": null, "w": 24, "h": 22, "y": 1749, "x": 760, "structure_id": "Tr_196"}, {"parent_TextBlock": "Tb_4", "text": "identified", "parent_Field": null, "parent_Choice_Field": null, "parent_ChoiceGroup": null, "w": 91, "h": 22, "y": 1749, "x": 784, "structure_id": "Tr_197"}, {"parent_TextBlock": "Tb_4", "text": "in", "parent_Field": null, "parent_Choice_Field": null, "parent_ChoiceGroup": null, "w": 23, "h": 22, "y": 1749, "x": 875, "structure_id": "Tr_198"}, {"parent_TextBlock": "Tb_4", "text": "the", "parent_Field": null, "parent_Choice_Field": null, "parent_ChoiceGroup": null, "w": 33, "h": 22, "y": 1749, "x": 898, "structure_id": "Tr_199"}, {"parent_TextBlock": "Tb_4", "text": "VA", "parent_Field": null, "parent_Choice_Field": null, "parent_ChoiceGroup": null, "w": 38, "h": 22, "y": 1749, "x": 931, "structure_id": "Tr_200"}, {"parent_TextBlock": "Tb_4", "text": "system", "parent_Field": null, "parent_Choice_Field": null, "parent_ChoiceGroup": null, "w": 68, "h": 22, "y": 1749, "x": 969, "structure_id": "Tr_201"}, {"parent_TextBlock": "Tb_4", "text": "of", "parent_Field": null, "parent_Choice_Field": null, "parent_ChoiceGroup": null, "w": 24, "h": 22, "y": 1749, "x": 1037, "structure_id": "Tr_202"}, {"parent_TextBlock": "Tb_4", "text": "records,", "parent_Field": null, "parent_Choice_Field": null, "parent_ChoiceGroup": null, "w": 77, "h": 22, "y": 1749, "x": 1061, "structure_id": "Tr_203"}, {"parent_TextBlock": "Tb_4", "text": "58VA21/22/28,", "parent_Field": null, "parent_Choice_Field": null, "parent_ChoiceGroup": null, "w": 144, "h": 22, "y": 1749, "x": 1138, "structure_id": "Tr_204"}, {"parent_TextBlock": "Tb_4", "text": "Compensation,", "parent_Field": null, "parent_Choice_Field": null, "parent_ChoiceGroup": null, "w": 139, "h": 22, "y": 1749, "x": 1283, "structure_id": "Tr_205"}, {"parent_TextBlock": "Tb_4", "text": "Pension,", "parent_Field": null, "parent_Choice_Field": null, "parent_ChoiceGroup": null, "w": 81, "h": 22, "y": 1749, "x": 1423, "structure_id": "Tr_206"}, {"parent_TextBlock": "Tb_4", "text": "Education,", "parent_Field": null, "parent_Choice_Field": null, "parent_ChoiceGroup": null, "w": 96, "h": 22, "y": 1749, "x": 1504, "structure_id": "Tr_207"}, {"parent_TextBlock": "Tb_4", "text": "and", "parent_Field": null, "parent_Choice_Field": null, "parent_ChoiceGroup": null, "w": 38, "h": 22, "y": 1776, "x": 100, "structure_id": "Tr_208"}, {"parent_TextBlock": "Tb_4", "text": "Vocational", "parent_Field": null, "parent_Choice_Field": null, "parent_ChoiceGroup": null, "w": 103, "h": 22, "y": 1776, "x": 138, "structure_id": "Tr_209"}, {"parent_TextBlock": "Tb_4", "text": "Rehabilitation", "parent_Field": null, "parent_Choice_Field": null, "parent_ChoiceGroup": null, "w": 132, "h": 22, "y": 1776, "x": 241, "structure_id": "Tr_210"}, {"parent_TextBlock": "Tb_4", "text": "and", "parent_Field": null, "parent_Choice_Field": null, "parent_ChoiceGroup": null, "w": 37, "h": 22, "y": 1776, "x": 373, "structure_id": "Tr_211"}, {"parent_TextBlock": "Tb_4", "text": "Employment", "parent_Field": null, "parent_Choice_Field": null, "parent_ChoiceGroup": null, "w": 120, "h": 22, "y": 1776, "x": 411, "structure_id": "Tr_212"}, {"parent_TextBlock": "Tb_4", "text": "Records", "parent_Field": null, "parent_Choice_Field": null, "parent_ChoiceGroup": null, "w": 78, "h": 22, "y": 1776, "x": 531, "structure_id": "Tr_213"}, {"parent_TextBlock": "Tb_4", "text": "VA,", "parent_Field": null, "parent_Choice_Field": null, "parent_ChoiceGroup": null, "w": 43, "h": 22, "y": 1776, "x": 623, "structure_id": "Tr_214"}, {"parent_TextBlock": "Tb_4", "text": "published", "parent_Field": null, "parent_Choice_Field": null, "parent_ChoiceGroup": null, "w": 92, "h": 22, "y": 1776, "x": 666, "structure_id": "Tr_215"}, {"parent_TextBlock": "Tb_4", "text": "in", "parent_Field": null, "parent_Choice_Field": null, "parent_ChoiceGroup": null, "w": 23, "h": 22, "y": 1776, "x": 758, "structure_id": "Tr_216"}, {"parent_TextBlock": "Tb_4", "text": "the", "parent_Field": null, "parent_Choice_Field": null, "parent_ChoiceGroup": null, "w": 33, "h": 22, "y": 1776, "x": 781, "structure_id": "Tr_217"}, {"parent_TextBlock": "Tb_4", "text": "Federal", "parent_Field": null, "parent_Choice_Field": null, "parent_ChoiceGroup": null, "w": 73, "h": 22, "y": 1776, "x": 814, "structure_id": "Tr_218"}, {"parent_TextBlock": "Tb_4", "text": "Register.", "parent_Field": null, "parent_Choice_Field": null, "parent_ChoiceGroup": null, "w": 85, "h": 22, "y": 1776, "x": 887, "structure_id": "Tr_219"}, {"parent_TextBlock": "Tb_4", "text": "Your", "parent_Field": null, "parent_Choice_Field": null, "parent_ChoiceGroup": null, "w": 51, "h": 22, "y": 1776, "x": 972, "structure_id": "Tr_220"}, {"parent_TextBlock": "Tb_4", "text": "obligation", "parent_Field": null, "parent_Choice_Field": null, "parent_ChoiceGroup": null, "w": 95, "h": 22, "y": 1776, "x": 1024, "structure_id": "Tr_221"}, {"parent_TextBlock": "Tb_4", "text": "to", "parent_Field": null, "parent_Choice_Field": null, "parent_ChoiceGroup": null, "w": 23, "h": 22, "y": 1776, "x": 1119, "structure_id": "Tr_222"}, {"parent_TextBlock": "Tb_4", "text": "respond", "parent_Field": null, "parent_Choice_Field": null, "parent_ChoiceGroup": null, "w": 76, "h": 22, "y": 1776, "x": 1142, "structure_id": "Tr_223"}, {"parent_TextBlock": "Tb_4", "text": "is", "parent_Field": null, "parent_Choice_Field": null, "parent_ChoiceGroup": null, "w": 20, "h": 22, "y": 1776, "x": 1219, "structure_id": "Tr_224"}, {"parent_TextBlock": "Tb_4", "text": "required", "parent_Field": null, "parent_Choice_Field": null, "parent_ChoiceGroup": null, "w": 80, "h": 22, "y": 1776, "x": 1239, "structure_id": "Tr_225"}, {"parent_TextBlock": "Tb_4", "text": "to", "parent_Field": null, "parent_Choice_Field": null, "parent_ChoiceGroup": null, "w": 23, "h": 22, "y": 1776, "x": 1319, "structure_id": "Tr_226"}, {"parent_TextBlock": "Tb_4", "text": "obtain", "parent_Field": null, "parent_Choice_Field": null, "parent_ChoiceGroup": null, "w": 61, "h": 22, "y": 1776, "x": 1342, "structure_id": "Tr_227"}, {"parent_TextBlock": "Tb_4", "text": "or", "parent_Field": null, "parent_Choice_Field": null, "parent_ChoiceGroup": null, "w": 24, "h": 22, "y": 1776, "x": 1403, "structure_id": "Tr_228"}, {"parent_TextBlock": "Tb_4", "text": "retain", "parent_Field": null, "parent_Choice_Field": null, "parent_ChoiceGroup": null, "w": 57, "h": 22, "y": 1776, "x": 1427, "structure_id": "Tr_229"}, {"parent_TextBlock": "Tb_4", "text": "benefits.", "parent_Field": null, "parent_Choice_Field": null, "parent_ChoiceGroup": null, "w": 81, "h": 22, "y": 1776, "x": 1484, "structure_id": "Tr_230"}, {"parent_TextBlock": "Tb_4", "text": "The", "parent_Field": null, "parent_Choice_Field": null, "parent_ChoiceGroup": null, "w": 35, "h": 22, "y": 1776, "x": 1565, "structure_id": "Tr_231"}, {"parent_TextBlock": "Tb_4", "text": "requested", "parent_Field": null, "parent_Choice_Field": null, "parent_ChoiceGroup": null, "w": 91, "h": 22, "y": 1802, "x": 100, "structure_id": "Tr_232"}, {"parent_TextBlock": "Tb_4", "text": "information", "parent_Field": null, "parent_Choice_Field": null, "parent_ChoiceGroup": null, "w": 110, "h": 22, "y": 1802, "x": 191, "structure_id": "Tr_233"}, {"parent_TextBlock": "Tb_4", "text": "is", "parent_Field": null, "parent_Choice_Field": null, "parent_ChoiceGroup": null, "w": 21, "h": 22, "y": 1802, "x": 301, "structure_id": "Tr_234"}, {"parent_TextBlock": "Tb_4", "text": "considered", "parent_Field": null, "parent_Choice_Field": null, "parent_ChoiceGroup": null, "w": 102, "h": 22, "y": 1802, "x": 322, "structure_id": "Tr_235"}, {"parent_TextBlock": "Tb_4", "text": "relevant", "parent_Field": null, "parent_Choice_Field": null, "parent_ChoiceGroup": null, "w": 77, "h": 22, "y": 1802, "x": 424, "structure_id": "Tr_236"}, {"parent_TextBlock": "Tb_4", "text": "and", "parent_Field": null, "parent_Choice_Field": null, "parent_ChoiceGroup": null, "w": 37, "h": 22, "y": 1802, "x": 501, "structure_id": "Tr_237"}, {"parent_TextBlock": "Tb_4", "text": "necessary", "parent_Field": null, "parent_Choice_Field": null, "parent_ChoiceGroup": null, "w": 91, "h": 22, "y": 1802, "x": 539, "structure_id": "Tr_238"}, {"parent_TextBlock": "Tb_4", "text": "to", "parent_Field": null, "parent_Choice_Field": null, "parent_ChoiceGroup": null, "w": 22, "h": 22, "y": 1802, "x": 631, "structure_id": "Tr_239"}, {"parent_TextBlock": "Tb_4", "text": "determine", "parent_Field": null, "parent_Choice_Field": null, "parent_ChoiceGroup": null, "w": 95, "h": 22, "y": 1802, "x": 653, "structure_id": "Tr_240"}, {"parent_TextBlock": "Tb_4", "text": "maximum", "parent_Field": null, "parent_Choice_Field": null, "parent_ChoiceGroup": null, "w": 96, "h": 22, "y": 1802, "x": 748, "structure_id": "Tr_241"}, {"parent_TextBlock": "Tb_4", "text": "benefits", "parent_Field": null, "parent_Choice_Field": null, "parent_ChoiceGroup": null, "w": 76, "h": 22, "y": 1802, "x": 844, "structure_id": "Tr_242"}, {"parent_TextBlock": "Tb_4", "text": "under", "parent_Field": null, "parent_Choice_Field": null, "parent_ChoiceGroup": null, "w": 56, "h": 22, "y": 1802, "x": 920, "structure_id": "Tr_243"}, {"parent_TextBlock": "Tb_4", "text": "the", "parent_Field": null, "parent_Choice_Field": null, "parent_ChoiceGroup": null, "w": 33, "h": 22, "y": 1802, "x": 976, "structure_id": "Tr_244"}, {"parent_TextBlock": "Tb_4", "text": "law.", "parent_Field": null, "parent_Choice_Field": null, "parent_ChoiceGroup": null, "w": 43, "h": 22, "y": 1802, "x": 1009, "structure_id": "Tr_245"}, {"parent_TextBlock": "Tb_4", "text": "VA", "parent_Field": null, "parent_Choice_Field": null, "parent_ChoiceGroup": null, "w": 38, "h": 22, "y": 1802, "x": 1052, "structure_id": "Tr_246"}, {"parent_TextBlock": "Tb_4", "text": "uses", "parent_Field": null, "parent_Choice_Field": null, "parent_ChoiceGroup": null, "w": 43, "h": 22, "y": 1802, "x": 1090, "structure_id": "Tr_247"}, {"parent_TextBlock": "Tb_4", "text": "your", "parent_Field": null, "parent_Choice_Field": null, "parent_ChoiceGroup": null, "w": 47, "h": 22, "y": 1802, "x": 1133, "structure_id": "Tr_248"}, {"parent_TextBlock": "Tb_4", "text": "SSN", "parent_Field": null, "parent_Choice_Field": null, "parent_ChoiceGroup": null, "w": 46, "h": 22, "y": 1802, "x": 1180, "structure_id": "Tr_249"}, {"parent_TextBlock": "Tb_4", "text": "to", "parent_Field": null, "parent_Choice_Field": null, "parent_ChoiceGroup": null, "w": 23, "h": 22, "y": 1802, "x": 1226, "structure_id": "Tr_250"}, {"parent_TextBlock": "Tb_4", "text": "identify", "parent_Field": null, "parent_Choice_Field": null, "parent_ChoiceGroup": null, "w": 75, "h": 22, "y": 1802, "x": 1249, "structure_id": "Tr_251"}, {"parent_TextBlock": "Tb_4", "text": "your", "parent_Field": null, "parent_Choice_Field": null, "parent_ChoiceGroup": null, "w": 46, "h": 22, "y": 1802, "x": 1324, "structure_id": "Tr_252"}, {"parent_TextBlock": "Tb_4", "text": "claim", "parent_Field": null, "parent_Choice_Field": null, "parent_ChoiceGroup": null, "w": 55, "h": 22, "y": 1802, "x": 1370, "structure_id": "Tr_253"}, {"parent_TextBlock": "Tb_4", "text": "file.", "parent_Field": null, "parent_Choice_Field": null, "parent_ChoiceGroup": null, "w": 41, "h": 22, "y": 1802, "x": 1425, "structure_id": "Tr_254"}, {"parent_TextBlock": "Tb_4", "text": "Providing", "parent_Field": null, "parent_Choice_Field": null, "parent_ChoiceGroup": null, "w": 93, "h": 22, "y": 1802, "x": 1466, "structure_id": "Tr_255"}, {"parent_TextBlock": "Tb_4", "text": "your", "parent_Field": null, "parent_Choice_Field": null, "parent_ChoiceGroup": null, "w": 41, "h": 22, "y": 1802, "x": 1559, "structure_id": "Tr_256"}, {"parent_TextBlock": "Tb_4", "text": "SSN", "parent_Field": null, "parent_Choice_Field": null, "parent_ChoiceGroup": null, "w": 46, "h": 22, "y": 1829, "x": 100, "structure_id": "Tr_257"}, {"parent_TextBlock": "Tb_4", "text": "will", "parent_Field": null, "parent_Choice_Field": null, "parent_ChoiceGroup": null, "w": 40, "h": 22, "y": 1829, "x": 147, "structure_id": "Tr_258"}, {"parent_TextBlock": "Tb_4", "text": "help", "parent_Field": null, "parent_Choice_Field": null, "parent_ChoiceGroup": null, "w": 44, "h": 22, "y": 1829, "x": 187, "structure_id": "Tr_259"}, {"parent_TextBlock": "Tb_4", "text": "ensure", "parent_Field": null, "parent_Choice_Field": null, "parent_ChoiceGroup": null, "w": 64, "h": 22, "y": 1829, "x": 231, "structure_id": "Tr_260"}, {"parent_TextBlock": "Tb_4", "text": "that", "parent_Field": null, "parent_Choice_Field": null, "parent_ChoiceGroup": null, "w": 39, "h": 22, "y": 1829, "x": 295, "structure_id": "Tr_261"}, {"parent_TextBlock": "Tb_4", "text": "your", "parent_Field": null, "parent_Choice_Field": null, "parent_ChoiceGroup": null, "w": 47, "h": 22, "y": 1829, "x": 334, "structure_id": "Tr_262"}, {"parent_TextBlock": "Tb_4", "text": "records", "parent_Field": null, "parent_Choice_Field": null, "parent_ChoiceGroup": null, "w": 71, "h": 22, "y": 1829, "x": 381, "structure_id": "Tr_263"}, {"parent_TextBlock": "Tb_4", "text": "are", "parent_Field": null, "parent_Choice_Field": null, "parent_ChoiceGroup": null, "w": 33, "h": 22, "y": 1829, "x": 452, "structure_id": "Tr_264"}, {"parent_TextBlock": "Tb_4", "text": "properly", "parent_Field": null, "parent_Choice_Field": null, "parent_ChoiceGroup": null, "w": 81, "h": 22, "y": 1829, "x": 485, "structure_id": "Tr_265"}, {"parent_TextBlock": "Tb_4", "text": "associated", "parent_Field": null, "parent_Choice_Field": null, "parent_ChoiceGroup": null, "w": 96, "h": 22, "y": 1829, "x": 567, "structure_id": "Tr_266"}, {"parent_TextBlock": "Tb_4", "text": "with", "parent_Field": null, "parent_Choice_Field": null, "parent_ChoiceGroup": null, "w": 45, "h": 22, "y": 1829, "x": 664, "structure_id": "Tr_267"}, {"parent_TextBlock": "Tb_4", "text": "your", "parent_Field": null, "parent_Choice_Field": null, "parent_ChoiceGroup": null, "w": 46, "h": 22, "y": 1829, "x": 709, "structure_id": "Tr_268"}, {"parent_TextBlock": "Tb_4", "text": "claim", "parent_Field": null, "parent_Choice_Field": null, "parent_ChoiceGroup": null, "w": 55, "h": 22, "y": 1829, "x": 756, "structure_id": "Tr_269"}, {"parent_TextBlock": "Tb_4", "text": "file.", "parent_Field": null, "parent_Choice_Field": null, "parent_ChoiceGroup": null, "w": 41, "h": 22, "y": 1829, "x": 811, "structure_id": "Tr_270"}, {"parent_TextBlock": "Tb_4", "text": "Giving", "parent_Field": null, "parent_Choice_Field": null, "parent_ChoiceGroup": null, "w": 67, "h": 22, "y": 1829, "x": 852, "structure_id": "Tr_271"}, {"parent_TextBlock": "Tb_4", "text": "us", "parent_Field": null, "parent_Choice_Field": null, "parent_ChoiceGroup": null, "w": 25, "h": 22, "y": 1829, "x": 920, "structure_id": "Tr_272"}, {"parent_TextBlock": "Tb_4", "text": "your", "parent_Field": null, "parent_Choice_Field": null, "parent_ChoiceGroup": null, "w": 47, "h": 22, "y": 1829, "x": 945, "structure_id": "Tr_273"}, {"parent_TextBlock": "Tb_4", "text": "SSN", "parent_Field": null, "parent_Choice_Field": null, "parent_ChoiceGroup": null, "w": 46, "h": 22, "y": 1829, "x": 992, "structure_id": "Tr_274"}, {"parent_TextBlock": "Tb_4", "text": "account", "parent_Field": null, "parent_Choice_Field": null, "parent_ChoiceGroup": null, "w": 74, "h": 22, "y": 1829, "x": 1039, "structure_id": "Tr_275"}, {"parent_TextBlock": "Tb_4", "text": "information", "parent_Field": null, "parent_Choice_Field": null, "parent_ChoiceGroup": null, "w": 110, "h": 22, "y": 1829, "x": 1114, "structure_id": "Tr_276"}, {"parent_TextBlock": "Tb_4", "text": "is", "parent_Field": null, "parent_Choice_Field": null, "parent_ChoiceGroup": null, "w": 20, "h": 22, "y": 1829, "x": 1225, "structure_id": "Tr_277"}, {"parent_TextBlock": "Tb_4", "text": "voluntary.", "parent_Field": null, "parent_Choice_Field": null, "parent_ChoiceGroup": null, "w": 97, "h": 22, "y": 1829, "x": 1245, "structure_id": "Tr_278"}, {"parent_TextBlock": "Tb_4", "text": "Refusal", "parent_Field": null, "parent_Choice_Field": null, "parent_ChoiceGroup": null, "w": 73, "h": 22, "y": 1829, "x": 1342, "structure_id": "Tr_279"}, {"parent_TextBlock": "Tb_4", "text": "to", "parent_Field": null, "parent_Choice_Field": null, "parent_ChoiceGroup": null, "w": 22, "h": 22, "y": 1829, "x": 1416, "structure_id": "Tr_280"}, {"parent_TextBlock": "Tb_4", "text": "provide", "parent_Field": null, "parent_Choice_Field": null, "parent_ChoiceGroup": null, "w": 73, "h": 22, "y": 1829, "x": 1439, "structure_id": "Tr_281"}, {"parent_TextBlock": "Tb_4", "text": "your", "parent_Field": null, "parent_Choice_Field": null, "parent_ChoiceGroup": null, "w": 46, "h": 22, "y": 1829, "x": 1513, "structure_id": "Tr_282"}, {"parent_TextBlock": "Tb_4", "text": "SSN", "parent_Field": null, "parent_Choice_Field": null, "parent_ChoiceGroup": null, "w": 41, "h": 22, "y": 1829, "x": 1559, "structure_id": "Tr_283"}, {"parent_TextBlock": "Tb_4", "text": "by", "parent_Field": null, "parent_Choice_Field": null, "parent_ChoiceGroup": null, "w": 28, "h": 22, "y": 1856, "x": 100, "structure_id": "Tr_284"}, {"parent_TextBlock": "Tb_4", "text": "itself", "parent_Field": null, "parent_Choice_Field": null, "parent_ChoiceGroup": null, "w": 50, "h": 22, "y": 1856, "x": 130, "structure_id": "Tr_285"}, {"parent_TextBlock": "Tb_4", "text": "will", "parent_Field": null, "parent_Choice_Field": null, "parent_ChoiceGroup": null, "w": 40, "h": 22, "y": 1856, "x": 182, "structure_id": "Tr_286"}, {"parent_TextBlock": "Tb_4", "text": "not", "parent_Field": null, "parent_Choice_Field": null, "parent_ChoiceGroup": null, "w": 34, "h": 22, "y": 1856, "x": 224, "structure_id": "Tr_287"}, {"parent_TextBlock": "Tb_4", "text": "result", "parent_Field": null, "parent_Choice_Field": null, "parent_ChoiceGroup": null, "w": 55, "h": 22, "y": 1856, "x": 260, "structure_id": "Tr_288"}, {"parent_TextBlock": "Tb_4", "text": "in", "parent_Field": null, "parent_Choice_Field": null, "parent_ChoiceGroup": null, "w": 23, "h": 22, "y": 1856, "x": 317, "structure_id": "Tr_289"}, {"parent_TextBlock": "Tb_4", "text": "the", "parent_Field": null, "parent_Choice_Field": null, "parent_ChoiceGroup": null, "w": 33, "h": 22, "y": 1856, "x": 342, "structure_id": "Tr_290"}, {"parent_TextBlock": "Tb_4", "text": "denial", "parent_Field": null, "parent_Choice_Field": null, "parent_ChoiceGroup": null, "w": 60, "h": 22, "y": 1856, "x": 377, "structure_id": "Tr_291"}, {"parent_TextBlock": "Tb_4", "text": "of", "parent_Field": null, "parent_Choice_Field": null, "parent_ChoiceGroup": null, "w": 24, "h": 22, "y": 1856, "x": 439, "structure_id": "Tr_292"}, {"parent_TextBlock": "Tb_4", "text": "benefits.", "parent_Field": null, "parent_Choice_Field": null, "parent_ChoiceGroup": null, "w": 81, "h": 22, "y": 1856, "x": 465, "structure_id": "Tr_293"}, {"parent_TextBlock": "Tb_4", "text": "VA", "parent_Field": null, "parent_Choice_Field": null, "parent_ChoiceGroup": null, "w": 38, "h": 22, "y": 1856, "x": 548, "structure_id": "Tr_294"}, {"parent_TextBlock": "Tb_4", "text": "will", "parent_Field": null, "parent_Choice_Field": null, "parent_ChoiceGroup": null, "w": 40, "h": 22, "y": 1856, "x": 588, "structure_id": "Tr_295"}, {"parent_TextBlock": "Tb_4", "text": "not", "parent_Field": null, "parent_Choice_Field": null, "parent_ChoiceGroup": null, "w": 34, "h": 22, "y": 1856, "x": 630, "structure_id": "Tr_296"}, {"parent_TextBlock": "Tb_4", "text": "deny", "parent_Field": null, "parent_Choice_Field": null, "parent_ChoiceGroup": null, "w": 49, "h": 22, "y": 1856, "x": 666, "structure_id": "Tr_297"}, {"parent_TextBlock": "Tb_4", "text": "an", "parent_Field": null, "parent_Choice_Field": null, "parent_ChoiceGroup": null, "w": 27, "h": 22, "y": 1856, "x": 717, "structure_id": "Tr_298"}, {"parent_TextBlock": "Tb_4", "text": "individual", "parent_Field": null, "parent_Choice_Field": null, "parent_ChoiceGroup": null, "w": 96, "h": 22, "y": 1856, "x": 746, "structure_id": "Tr_299"}, {"parent_TextBlock": "Tb_4", "text": "benefits", "parent_Field": null, "parent_Choice_Field": null, "parent_ChoiceGroup": null, "w": 76, "h": 22, "y": 1856, "x": 844, "structure_id": "Tr_300"}, {"parent_TextBlock": "Tb_4", "text": "for", "parent_Field": null, "parent_Choice_Field": null, "parent_ChoiceGroup": null, "w": 31, "h": 22, "y": 1856, "x": 922, "structure_id": "Tr_301"}, {"parent_TextBlock": "Tb_4", "text": "refusing", "parent_Field": null, "parent_Choice_Field": null, "parent_ChoiceGroup": null, "w": 79, "h": 22, "y": 1856, "x": 955, "structure_id": "Tr_302"}, {"parent_TextBlock": "Tb_4", "text": "to", "parent_Field": null, "parent_Choice_Field": null, "parent_ChoiceGroup": null, "w": 22, "h": 22, "y": 1856, "x": 1036, "structure_id": "Tr_303"}, {"parent_TextBlock": "Tb_4", "text": "provide", "parent_Field": null, "parent_Choice_Field": null, "parent_ChoiceGroup": null, "w": 73, "h": 22, "y": 1856, "x": 1061, "structure_id": "Tr_304"}, {"parent_TextBlock": "Tb_4", "text": "his", "parent_Field": null, "parent_Choice_Field": null, "parent_ChoiceGroup": null, "w": 32, "h": 22, "y": 1856, "x": 1136, "structure_id": "Tr_305"}, {"parent_TextBlock": "Tb_4", "text": "or", "parent_Field": null, "parent_Choice_Field": null, "parent_ChoiceGroup": null, "w": 24, "h": 22, "y": 1856, "x": 1170, "structure_id": "Tr_306"}, {"parent_TextBlock": "Tb_4", "text": "her", "parent_Field": null, "parent_Choice_Field": null, "parent_ChoiceGroup": null, "w": 34, "h": 22, "y": 1856, "x": 1196, "structure_id": "Tr_307"}, {"parent_TextBlock": "Tb_4", "text": "SSN", "parent_Field": null, "parent_Choice_Field": null, "parent_ChoiceGroup": null, "w": 46, "h": 22, "y": 1856, "x": 1232, "structure_id": "Tr_308"}, {"parent_TextBlock": "Tb_4", "text": "unless", "parent_Field": null, "parent_Choice_Field": null, "parent_ChoiceGroup": null, "w": 61, "h": 22, "y": 1856, "x": 1280, "structure_id": "Tr_309"}, {"parent_TextBlock": "Tb_4", "text": "the", "parent_Field": null, "parent_Choice_Field": null, "parent_ChoiceGroup": null, "w": 33, "h": 22, "y": 1856, "x": 1343, "structure_id": "Tr_310"}, {"parent_TextBlock": "Tb_4", "text": "disclosure", "parent_Field": null, "parent_Choice_Field": null, "parent_ChoiceGroup": null, "w": 96, "h": 22, "y": 1856, "x": 1378, "structure_id": "Tr_311"}, {"parent_TextBlock": "Tb_4", "text": "of", "parent_Field": null, "parent_Choice_Field": null, "parent_ChoiceGroup": null, "w": 24, "h": 22, "y": 1856, "x": 1476, "structure_id": "Tr_312"}, {"parent_TextBlock": "Tb_4", "text": "the", "parent_Field": null, "parent_Choice_Field": null, "parent_ChoiceGroup": null, "w": 33, "h": 22, "y": 1856, "x": 1502, "structure_id": "Tr_313"}, {"parent_TextBlock": "Tb_4", "text": "SSN", "parent_Field": null, "parent_Choice_Field": null, "parent_ChoiceGroup": null, "w": 46, "h": 22, "y": 1856, "x": 1537, "structure_id": "Tr_314"}, {"parent_TextBlock": "Tb_4", "text": "is", "parent_Field": null, "parent_Choice_Field": null, "parent_ChoiceGroup": null, "w": 15, "h": 22, "y": 1856, "x": 1585, "structure_id": "Tr_315"}, {"parent_TextBlock": "Tb_4", "text": "required", "parent_Field": null, "parent_Choice_Field": null, "parent_ChoiceGroup": null, "w": 80, "h": 22, "y": 1882, "x": 100, "structure_id": "Tr_316"}, {"parent_TextBlock": "Tb_4", "text": "by", "parent_Field": null, "parent_Choice_Field": null, "parent_ChoiceGroup": null, "w": 28, "h": 22, "y": 1882, "x": 182, "structure_id": "Tr_317"}, {"parent_TextBlock": "Tb_4", "text": "Federal", "parent_Field": null, "parent_Choice_Field": null, "parent_ChoiceGroup": null, "w": 72, "h": 22, "y": 1882, "x": 231, "structure_id": "Tr_318"}, {"parent_TextBlock": "Tb_4", "text": "Statute", "parent_Field": null, "parent_Choice_Field": null, "parent_ChoiceGroup": null, "w": 68, "h": 22, "y": 1882, "x": 305, "structure_id": "Tr_319"}, {"parent_TextBlock": "Tb_4", "text": "of", "parent_Field": null, "parent_Choice_Field": null, "parent_ChoiceGroup": null, "w": 24, "h": 22, "y": 1882, "x": 375, "structure_id": "Tr_320"}, {"parent_TextBlock": "Tb_4", "text": "law", "parent_Field": null, "parent_Choice_Field": null, "parent_ChoiceGroup": null, "w": 38, "h": 22, "y": 1882, "x": 402, "structure_id": "Tr_321"}, {"parent_TextBlock": "Tb_4", "text": "in", "parent_Field": null, "parent_Choice_Field": null, "parent_ChoiceGroup": null, "w": 23, "h": 22, "y": 1882, "x": 442, "structure_id": "Tr_322"}, {"parent_TextBlock": "Tb_4", "text": "effect", "parent_Field": null, "parent_Choice_Field": null, "parent_ChoiceGroup": null, "w": 56, "h": 22, "y": 1882, "x": 468, "structure_id": "Tr_323"}, {"parent_TextBlock": "Tb_4", "text": "prior", "parent_Field": null, "parent_Choice_Field": null, "parent_ChoiceGroup": null, "w": 48, "h": 22, "y": 1882, "x": 527, "structure_id": "Tr_324"}, {"parent_TextBlock": "Tb_4", "text": "to", "parent_Field": null, "parent_Choice_Field": null, "parent_ChoiceGroup": null, "w": 23, "h": 22, "y": 1882, "x": 578, "structure_id": "Tr_325"}, {"parent_TextBlock": "Tb_4", "text": "January", "parent_Field": null, "parent_Choice_Field": null, "parent_ChoiceGroup": null, "w": 75, "h": 22, "y": 1882, "x": 603, "structure_id": "Tr_326"}, {"parent_TextBlock": "Tb_4", "text": "1,", "parent_Field": null, "parent_Choice_Field": null, "parent_ChoiceGroup": null, "w": 22, "h": 22, "y": 1882, "x": 681, "structure_id": "Tr_327"}, {"parent_TextBlock": "Tb_4", "text": "1975,", "parent_Field": null, "parent_Choice_Field": null, "parent_ChoiceGroup": null, "w": 56, "h": 22, "y": 1882, "x": 705, "structure_id": "Tr_328"}, {"parent_TextBlock": "Tb_4", "text": "and", "parent_Field": null, "parent_Choice_Field": null, "parent_ChoiceGroup": null, "w": 37, "h": 22, "y": 1882, "x": 764, "structure_id": "Tr_329"}, {"parent_TextBlock": "Tb_4", "text": "still", "parent_Field": null, "parent_Choice_Field": null, "parent_ChoiceGroup": null, "w": 39, "h": 22, "y": 1882, "x": 804, "structure_id": "Tr_330"}, {"parent_TextBlock": "Tb_4", "text": "in", "parent_Field": null, "parent_Choice_Field": null, "parent_ChoiceGroup": null, "w": 23, "h": 22, "y": 1882, "x": 845, "structure_id": "Tr_331"}, {"parent_TextBlock": "Tb_4", "text": "effect.", "parent_Field": null, "parent_Choice_Field": null, "parent_ChoiceGroup": null, "w": 62, "h": 22, "y": 1882, "x": 871, "structure_id": "Tr_332"}, {"parent_TextBlock": "Tb_4", "text": "The", "parent_Field": null, "parent_Choice_Field": null, "parent_ChoiceGroup": null, "w": 40, "h": 22, "y": 1882, "x": 935, "structure_id": "Tr_333"}, {"parent_TextBlock": "Tb_4", "text": "responses", "parent_Field": null, "parent_Choice_Field": null, "parent_ChoiceGroup": null, "w": 92, "h": 22, "y": 1882, "x": 978, "structure_id": "Tr_334"}, {"parent_TextBlock": "Tb_4", "text": "you", "parent_Field": null, "parent_Choice_Field": null, "parent_ChoiceGroup": null, "w": 39, "h": 22, "y": 1882, "x": 1072, "structure_id": "Tr_335"}, {"parent_TextBlock": "Tb_4", "text": "submit", "parent_Field": null, "parent_Choice_Field": null, "parent_ChoiceGroup": null, "w": 66, "h": 22, "y": 1882, "x": 1114, "structure_id": "Tr_336"}, {"parent_TextBlock": "Tb_4", "text": "are", "parent_Field": null, "parent_Choice_Field": null, "parent_ChoiceGroup": null, "w": 32, "h": 22, "y": 1882, "x": 1183, "structure_id": "Tr_337"}, {"parent_TextBlock": "Tb_4", "text": "considered", "parent_Field": null, "parent_Choice_Field": null, "parent_ChoiceGroup": null, "w": 102, "h": 22, "y": 1882, "x": 1218, "structure_id": "Tr_338"}, {"parent_TextBlock": "Tb_4", "text": "confidential", "parent_Field": null, "parent_Choice_Field": null, "parent_ChoiceGroup": null, "w": 112, "h": 22, "y": 1882, "x": 1322, "structure_id": "Tr_339"}, {"parent_TextBlock": "Tb_4", "text": "(38", "parent_Field": null, "parent_Choice_Field": null, "parent_ChoiceGroup": null, "w": 35, "h": 22, "y": 1882, "x": 1437, "structure_id": "Tr_340"}, {"parent_TextBlock": "Tb_4", "text": "U.S.C.", "parent_Field": null, "parent_Choice_Field": null, "parent_ChoiceGroup": null, "w": 65, "h": 22, "y": 1882, "x": 1475, "structure_id": "Tr_341"}, {"parent_TextBlock": "Tb_4", "text": "5701).", "parent_Field": null, "parent_Choice_Field": null, "parent_ChoiceGroup": null, "w": 57, "h": 22, "y": 1882, "x": 1543, "structure_id": "Tr_342"}, {"parent_TextBlock": "Tb_4", "text": "Information submitted is subject to verification through computer matching programs with other agencies.", "parent_Field": null, "parent_Choice_Field": null, "parent_ChoiceGroup": null, "w": 945, "h": 22, "y": 1909, "x": 100, "structure_id": "Tr_343"}, {"parent_TextBlock": "Tb_5", "text": "I CERTIFY THAT the above information is true.", "parent_Field": null, "parent_Choice_Field": null, "parent_ChoiceGroup": null, "w": 493, "h": 25, "y": 1441, "x": 100, "structure_id": "Tr_344"}, {"parent_TextBlock": "Tb_6", "text": "6. SIGNATURE OF CLAIMANT", "parent_Field": "Fi_1", "parent_Choice_Field": null, "parent_ChoiceGroup": null, "w": 271, "h": 19, "y": 1474, "x": 100, "structure_id": "Tr_345"}, {"parent_TextBlock": "Tb_7", "text": "7. DATE", "parent_Field": "Fi_2", "parent_Choice_Field": null, "parent_ChoiceGroup": null, "w": 73, "h": 19, "y": 1474, "x": 700, "structure_id": "Tr_346"}, {"parent_TextBlock": "Tb_8", "text": "A. DAYTIME", "parent_Field": "Fi_3", "parent_Choice_Field": null, "parent_ChoiceGroup": null, "w": 110, "h": 19, "y": 1507, "x": 1000, "structure_id": "Tr_347"}, {"parent_TextBlock": "Tb_9", "text": "B. EVENING", "parent_Field": "Fi_4", "parent_Choice_Field": null, "parent_ChoiceGroup": null, "w": 111, "h": 19, "y": 1507, "x": 1317, "structure_id": "Tr_348"}, {"parent_TextBlock": "Tb_10", "text": "5. EXPLANATION OF EXPENSES", "parent_Field": null, "parent_Choice_Field": null, "parent_ChoiceGroup": null, "w": 386, "h": 22, "y": 95, "x": 587, "structure_id": "Tr_349"}, {"parent_TextBlock": "Tb_10", "text": "(Continued)", "parent_Field": null, "parent_Choice_Field": null, "parent_ChoiceGroup": null, "w": 134, "h": 24, "y": 93, "x": 979, "structure_id": "Tr_350"}, {"parent_TextBlock": "Tb_11", "text": "C. DATE", "parent_Field": null, "parent_Choice_Field": null, "parent_ChoiceGroup": null, "w": 113, "h": 25, "y": 140, "x": 842, "structure_id": "Tr_351"}, {"parent_TextBlock": "Tb_11", "text": "PAID", "parent_Field": null, "parent_Choice_Field": null, "parent_ChoiceGroup": null, "w": 86, "h": 25, "y": 165, "x": 852, "structure_id": "Tr_352"}, {"parent_TextBlock": "Tb_11", "text": "(Mo/Day/Yr)", "parent_Field": null, "parent_Choice_Field": null, "parent_ChoiceGroup": null, "w": 129, "h": 25, "y": 190, "x": 841, "structure_id": "Tr_353"}, {"parent_TextBlock": "Tb_12", "text": "B. AMOUNT PAID", "parent_Field": null, "parent_Choice_Field": null, "parent_ChoiceGroup": null, "w": 211, "h": 25, "y": 152, "x": 548, "structure_id": "Tr_354"}, {"parent_TextBlock": "Tb_12", "text": "BY YOU", "parent_Field": null, "parent_Choice_Field": null, "parent_ChoiceGroup": null, "w": 94, "h": 25, "y": 177, "x": 603, "structure_id": "Tr_355"}, {"parent_TextBlock": "Tb_13", "text": "E. COMPENSATION", "parent_Field": null, "parent_Choice_Field": null, "parent_ChoiceGroup": null, "w": 240, "h": 25, "y": 127, "x": 1350, "structure_id": "Tr_356"}, {"parent_TextBlock": "Tb_13", "text": "PAID BY", "parent_Field": null, "parent_Choice_Field": null, "parent_ChoiceGroup": null, "w": 106, "h": 25, "y": 152, "x": 1417, "structure_id": "Tr_357"}, {"parent_TextBlock": "Tb_13", "text": "(RR Retirement Board,", "parent_Field": null, "parent_Choice_Field": null, "parent_ChoiceGroup": null, "w": 242, "h": 25, "y": 178, "x": 1352, "structure_id": "Tr_358"}, {"parent_TextBlock": "Tb_13", "text": "Civil Lawsuit, etc.)", "parent_Field": null, "parent_Choice_Field": null, "parent_ChoiceGroup": null, "w": 190, "h": 25, "y": 203, "x": 1372, "structure_id": "Tr_359"}, {"parent_TextBlock": "Tb_14", "text": "D. NAME OF PROVIDER", "parent_Field": null, "parent_Choice_Field": null, "parent_ChoiceGroup": null, "w": 290, "h": 25, "y": 140, "x": 1017, "structure_id": "Tr_360"}, {"parent_TextBlock": "Tb_14", "text": "(Doctor, Attorney,", "parent_Field": null, "parent_Choice_Field": null, "parent_ChoiceGroup": null, "w": 197, "h": 25, "y": 165, "x": 1066, "structure_id": "Tr_361"}, {"parent_TextBlock": "Tb_14", "text": "Consultant, etc.)", "parent_Field": null, "parent_Choice_Field": null, "parent_ChoiceGroup": null, "w": 166, "h": 25, "y": 190, "x": 1075, "structure_id": "Tr_362"}, {"parent_TextBlock": "Tb_15", "text": "A. PURPOSE\u00c2\u00a0", "parent_Field": null, "parent_Choice_Field": null, "parent_ChoiceGroup": null, "w": 160, "h": 25, "y": 138, "x": 113, "structure_id": "Tr_363"}, {"parent_TextBlock": "Tb_15", "text": "(Legal Fees, Fees for", "parent_Field": null, "parent_Choice_Field": null, "parent_ChoiceGroup": null, "w": 220, "h": 25, "y": 138, "x": 273, "structure_id": "Tr_364"}, {"parent_TextBlock": "Tb_15", "text": "Expert Witnesses, Medical Expenses\u00c2\u00a0\u00c2\u00a0", "parent_Field": null, "parent_Choice_Field": null, "parent_ChoiceGroup": null, "w": 390, "h": 25, "y": 165, "x": 111, "structure_id": "Tr_365"}, {"parent_TextBlock": "Tb_15", "text": "Paid Before Date of Recovery, etc.)", "parent_Field": null, "parent_Choice_Field": null, "parent_ChoiceGroup": null, "w": 356, "h": 25, "y": 192, "x": 122, "structure_id": "Tr_366"}, {"parent_TextBlock": "Tb_16", "text": "VA FORM 21-8416b, MAY 2014", "parent_Field": null, "parent_Choice_Field": null, "parent_ChoiceGroup": null, "w": 318, "h": 22, "y": 2108, "x": 83, "structure_id": "Tr_367"}], "ChoiceGroup": []}