{"Widget": [{"parent_Field": "Fi_1", "parent_Choice_Field": null, "parent_ChoiceGroup": null, "w": 200, "h": 33.33070866141732, "y": 668.7086614173228, "x": 816.6692913385828, "structure_id": "Wi_1"}, {"parent_Field": "Fi_2", "parent_Choice_Field": null, "parent_ChoiceGroup": null, "w": 1083.3307086614172, "h": 33.33070866141732, "y": 866.6692913385826, "x": 516.6692913385828, "structure_id": "Wi_2"}, {"parent_Field": "Fi_3", "parent_Choice_Field": null, "parent_ChoiceGroup": null, "w": 200, "h": 33.33070866141732, "y": 635.3858267716536, "x": 516.6692913385828, "structure_id": "Wi_3"}, {"parent_Field": "Fi_4", "parent_Choice_Field": null, "parent_ChoiceGroup": null, "w": 200, "h": 33.33070866141732, "y": 437.4251968503937, "x": 416.6692913385827, "structure_id": "Wi_4"}, {"parent_Field": "Fi_5", "parent_Choice_Field": null, "parent_ChoiceGroup": null, "w": 1083.3307086614172, "h": 33.33070866141732, "y": 752.0472440944882, "x": 516.6692913385828, "structure_id": "Wi_5"}, {"parent_Field": null, "parent_Choice_Field": "Chf_1", "parent_ChoiceGroup": "Chgp_1", "w": 25, "h": 25, "y": 256.93858267716536, "x": 158.32755905511812, "structure_id": "Wi_6"}, {"parent_Field": null, "parent_Choice_Field": "Chf_2", "parent_ChoiceGroup": "Chgp_1", "w": 25, "h": 25, "y": 290.26929133858266, "x": 158.32755905511812, "structure_id": "Wi_7"}, {"parent_Field": null, "parent_Choice_Field": "Chf_3", "parent_ChoiceGroup": "Chgp_1", "w": 25, "h": 25, "y": 406.93858267716536, "x": 158.32755905511812, "structure_id": "Wi_8"}, {"parent_Field": null, "parent_Choice_Field": "Chf_3", "parent_ChoiceGroup": "Chgp_1", "w": 1133.0858267716537, "h": 33.33070866141732, "y": 404.09448818897636, "x": 466.6692913385827, "structure_id": "Wi_9"}, {"parent_Field": null, "parent_Choice_Field": "Chf_4", "parent_ChoiceGroup": "Chgp_1", "w": 25, "h": 25, "y": 490.2692913385827, "x": 158.32755905511812, "structure_id": "Wi_10"}, {"parent_Field": null, "parent_Choice_Field": "Chf_5", "parent_ChoiceGroup": "Chgp_1", "w": 25, "h": 25, "y": 606.9472440944882, "x": 158.32755905511812, "structure_id": "Wi_11"}, {"parent_Field": null, "parent_Choice_Field": "Chf_6", "parent_ChoiceGroup": "Chgp_1", "w": 25, "h": 25, "y": 724.4834645669292, "x": 158.32755905511812, "structure_id": "Wi_12"}, {"parent_Field": null, "parent_Choice_Field": "Chf_7", "parent_ChoiceGroup": "Chgp_1", "w": 25, "h": 25, "y": 841.1527559055119, "x": 158.32755905511812, "structure_id": "Wi_13"}, {"parent_Field": "Fi_6", "parent_Choice_Field": null, "parent_ChoiceGroup": null, "w": 200, "h": 33.33070866141732, "y": 352.0385826771653, "x": 616.6692913385826, "structure_id": "Wi_14"}, {"parent_Field": "Fi_7", "parent_Choice_Field": null, "parent_ChoiceGroup": null, "w": 1016.6692913385826, "h": 33.33070866141732, "y": 318.70866141732284, "x": 583.3307086614174, "structure_id": "Wi_15"}, {"parent_Field": "Fi_8", "parent_Choice_Field": null, "parent_ChoiceGroup": null, "w": 200, "h": 33.33070866141732, "y": 785.3779527559055, "x": 516.6692913385828, "structure_id": "Wi_16"}, {"parent_Field": "Fi_9", "parent_Choice_Field": null, "parent_ChoiceGroup": null, "w": 200, "h": 33.33070866141732, "y": 904.0944881889764, "x": 816.6692913385828, "structure_id": "Wi_17"}, {"parent_Field": "Fi_10", "parent_Choice_Field": null, "parent_ChoiceGroup": null, "w": 200, "h": 33.33070866141732, "y": 520.7559055118111, "x": 516.6692913385828, "structure_id": "Wi_18"}, {"parent_Field": "Fi_11", "parent_Choice_Field": null, "parent_ChoiceGroup": null, "w": 200, "h": 33.33070866141732, "y": 552.0385826771653, "x": 816.6692913385828, "structure_id": "Wi_19"}, {"parent_Field": null, "parent_Choice_Field": "Chf_8", "parent_ChoiceGroup": "Chgp_2", "w": 25, "h": 25, "y": 181.3496062992126, "x": 108.32755905511812, "structure_id": "Wi_20"}, {"parent_Field": null, "parent_Choice_Field": "Chf_9", "parent_ChoiceGroup": "Chgp_2", "w": 25, "h": 25, "y": 181.3496062992126, "x": 224.99685039370078, "structure_id": "Wi_21"}, {"parent_Field": null, "parent_Choice_Field": "Chf_10", "parent_ChoiceGroup": "Chgp_3", "w": 25, "h": 25, "y": 1170.8307086614172, "x": 108.32755905511812, "structure_id": "Wi_22"}, {"parent_Field": null, "parent_Choice_Field": "Chf_11", "parent_ChoiceGroup": "Chgp_3", "w": 25, "h": 25, "y": 1170.8307086614172, "x": 224.99685039370078, "structure_id": "Wi_23"}, {"parent_Field": "Fi_12", "parent_Choice_Field": null, "parent_ChoiceGroup": null, "w": 1333.3307086614172, "h": 33.33070866141732, "y": 1300, "x": 100, "structure_id": "Wi_24"}, {"parent_Field": "Fi_13", "parent_Choice_Field": null, "parent_ChoiceGroup": null, "w": 1333.3307086614172, "h": 33.33070866141732, "y": 1516.6692913385828, "x": 100, "structure_id": "Wi_25"}, {"parent_Field": null, "parent_Choice_Field": "Chf_12", "parent_ChoiceGroup": "Chgp_4", "w": 25, "h": 25, "y": 1054.1614173228345, "x": 108.32755905511812, "structure_id": "Wi_26"}, {"parent_Field": null, "parent_Choice_Field": "Chf_13", "parent_ChoiceGroup": "Chgp_4", "w": 25, "h": 25, "y": 1054.1614173228345, "x": 224.99685039370078, "structure_id": "Wi_27"}, {"parent_Field": null, "parent_Choice_Field": "Chf_14", "parent_ChoiceGroup": "Chgp_5", "w": 25, "h": 25, "y": 1237.4913385826771, "x": 108.32755905511812, "structure_id": "Wi_28"}, {"parent_Field": null, "parent_Choice_Field": "Chf_15", "parent_ChoiceGroup": "Chgp_5", "w": 25, "h": 25, "y": 1237.4913385826771, "x": 224.99685039370078, "structure_id": "Wi_29"}, {"parent_Field": null, "parent_Choice_Field": "Chf_16", "parent_ChoiceGroup": "Chgp_6", "w": 25, "h": 25, "y": 1454.1614173228347, "x": 108.32755905511812, "structure_id": "Wi_30"}, {"parent_Field": null, "parent_Choice_Field": "Chf_17", "parent_ChoiceGroup": "Chgp_6", "w": 25, "h": 25, "y": 1454.1614173228347, "x": 224.99685039370078, "structure_id": "Wi_31"}, {"parent_Field": null, "parent_Choice_Field": "Chf_18", "parent_ChoiceGroup": "Chgp_7", "w": 25, "h": 25, "y": 1606.9385826771654, "x": 108.32755905511812, "structure_id": "Wi_32"}, {"parent_Field": null, "parent_Choice_Field": "Chf_19", "parent_ChoiceGroup": "Chgp_7", "w": 25, "h": 25, "y": 1640.2779527559057, "x": 108.32755905511812, "structure_id": "Wi_33"}, {"parent_Field": null, "parent_Choice_Field": "Chf_20", "parent_ChoiceGroup": "Chgp_7", "w": 25, "h": 25, "y": 1673.6078740157482, "x": 108.32755905511812, "structure_id": "Wi_34"}, {"parent_Field": null, "parent_Choice_Field": "Chf_21", "parent_ChoiceGroup": "Chgp_7", "w": 25, "h": 25, "y": 1706.9385826771654, "x": 108.32755905511812, "structure_id": "Wi_35"}, {"parent_Field": null, "parent_Choice_Field": "Chf_22", "parent_ChoiceGroup": "Chgp_7", "w": 25, "h": 25, "y": 1740.2779527559055, "x": 108.32755905511812, "structure_id": "Wi_36"}, {"parent_Field": null, "parent_Choice_Field": "Chf_23", "parent_ChoiceGroup": "Chgp_7", "w": 25, "h": 25, "y": 1773.6078740157482, "x": 108.32755905511812, "structure_id": "Wi_37"}, {"parent_Field": null, "parent_Choice_Field": "Chf_23", "parent_ChoiceGroup": "Chgp_7", "w": 1300, "h": 33.33070866141732, "y": 1766.6692913385828, "x": 300, "structure_id": "Wi_38"}, {"parent_Field": null, "parent_Choice_Field": "Chf_24", "parent_ChoiceGroup": "Chgp_8", "w": 25, "h": 25, "y": 1387.5000000000002, "x": 108.32755905511812, "structure_id": "Wi_39"}, {"parent_Field": null, "parent_Choice_Field": "Chf_25", "parent_ChoiceGroup": "Chgp_8", "w": 25, "h": 25, "y": 1387.5000000000002, "x": 224.99685039370078, "structure_id": "Wi_40"}, {"parent_Field": null, "parent_Choice_Field": "Chf_26", "parent_ChoiceGroup": "Chgp_9", "w": 25, "h": 25, "y": 1920.8307086614172, "x": 108.32755905511812, "structure_id": "Wi_41"}, {"parent_Field": null, "parent_Choice_Field": "Chf_27", "parent_ChoiceGroup": "Chgp_9", "w": 25, "h": 25, "y": 1954.1614173228347, "x": 108.32755905511812, "structure_id": "Wi_42"}, {"parent_Field": null, "parent_Choice_Field": "Chf_28", "parent_ChoiceGroup": "Chgp_9", "w": 25, "h": 25, "y": 1987.8141732283464, "x": 108.32755905511812, "structure_id": "Wi_43"}, {"parent_Field": null, "parent_Choice_Field": "Chf_29", "parent_ChoiceGroup": "Chgp_9", "w": 25, "h": 25, "y": 2020.8307086614175, "x": 108.32755905511812, "structure_id": "Wi_44"}, {"parent_Field": null, "parent_Choice_Field": "Chf_30", "parent_ChoiceGroup": "Chgp_10", "w": 25, "h": 25, "y": 1854.1614173228347, "x": 108.32755905511812, "structure_id": "Wi_45"}, {"parent_Field": null, "parent_Choice_Field": "Chf_31", "parent_ChoiceGroup": "Chgp_10", "w": 25, "h": 25, "y": 1854.1614173228347, "x": 224.99685039370078, "structure_id": "Wi_46"}], "TextBlock": [{"parent_Field": null, "parent_Choice_Field": null, "parent_ChoiceGroup": null, "w": 280, "h": 22, "y": 90, "x": 710, "structure_id": "Tb_1"}, {"parent_Field": "Fi_1", "parent_Choice_Field": null, "parent_ChoiceGroup": null, "w": 563, "h": 19, "y": 681, "x": 233, "structure_id": "Tb_2"}, {"parent_Field": "Fi_2", "parent_Choice_Field": null, "parent_ChoiceGroup": null, "w": 266, "h": 19, "y": 881, "x": 233, "structure_id": "Tb_3"}, {"parent_Field": "Fi_3", "parent_Choice_Field": null, "parent_ChoiceGroup": null, "w": 263, "h": 20, "y": 647, "x": 233, "structure_id": "Tb_4"}, {"parent_Field": "Fi_4", "parent_Choice_Field": null, "parent_ChoiceGroup": null, "w": 161, "h": 20, "y": 447, "x": 233, "structure_id": "Tb_5"}, {"parent_Field": "Fi_5", "parent_Choice_Field": null, "parent_ChoiceGroup": null, "w": 272, "h": 19, "y": 764, "x": 233, "structure_id": "Tb_6"}, {"parent_Field": null, "parent_Choice_Field": null, "parent_ChoiceGroup": "Chgp_1", "w": 1219, "h": 22, "y": 222, "x": 100, "structure_id": "Tb_7"}, {"parent_Field": null, "parent_Choice_Field": "Chf_1", "parent_ChoiceGroup": "Chgp_1", "w": 490, "h": 19, "y": 264, "x": 200, "structure_id": "Tb_8"}, {"parent_Field": null, "parent_Choice_Field": "Chf_2", "parent_ChoiceGroup": "Chgp_1", "w": 385, "h": 20, "y": 297, "x": 200, "structure_id": "Tb_9"}, {"parent_Field": null, "parent_Choice_Field": "Chf_3", "parent_ChoiceGroup": "Chgp_1", "w": 251, "h": 19, "y": 414, "x": 197, "structure_id": "Tb_10"}, {"parent_Field": null, "parent_Choice_Field": "Chf_4", "parent_ChoiceGroup": "Chgp_1", "w": 331, "h": 20, "y": 497, "x": 200, "structure_id": "Tb_11"}, {"parent_Field": null, "parent_Choice_Field": "Chf_5", "parent_ChoiceGroup": "Chgp_1", "w": 428, "h": 19, "y": 614, "x": 197, "structure_id": "Tb_12"}, {"parent_Field": null, "parent_Choice_Field": "Chf_6", "parent_ChoiceGroup": "Chgp_1", "w": 243, "h": 19, "y": 731, "x": 197, "structure_id": "Tb_13"}, {"parent_Field": null, "parent_Choice_Field": "Chf_7", "parent_ChoiceGroup": "Chgp_1", "w": 238, "h": 20, "y": 847, "x": 197, "structure_id": "Tb_14"}, {"parent_Field": "Fi_6", "parent_Choice_Field": null, "parent_ChoiceGroup": null, "w": 366, "h": 19, "y": 364, "x": 233, "structure_id": "Tb_15"}, {"parent_Field": "Fi_7", "parent_Choice_Field": null, "parent_ChoiceGroup": null, "w": 344, "h": 19, "y": 331, "x": 233, "structure_id": "Tb_16"}, {"parent_Field": "Fi_8", "parent_Choice_Field": null, "parent_ChoiceGroup": null, "w": 268, "h": 20, "y": 797, "x": 233, "structure_id": "Tb_17"}, {"parent_Field": "Fi_9", "parent_Choice_Field": null, "parent_ChoiceGroup": null, "w": 563, "h": 19, "y": 914, "x": 233, "structure_id": "Tb_18"}, {"parent_Field": "Fi_10", "parent_Choice_Field": null, "parent_ChoiceGroup": null, "w": 263, "h": 19, "y": 531, "x": 233, "structure_id": "Tb_19"}, {"parent_Field": "Fi_11", "parent_Choice_Field": null, "parent_ChoiceGroup": null, "w": 563, "h": 19, "y": 564, "x": 233, "structure_id": "Tb_20"}, {"parent_Field": null, "parent_Choice_Field": null, "parent_ChoiceGroup": "Chgp_2", "w": 1413, "h": 41, "y": 122, "x": 100, "structure_id": "Tb_21"}, {"parent_Field": null, "parent_Choice_Field": "Chf_8", "parent_ChoiceGroup": "Chgp_2", "w": 39, "h": 20, "y": 184, "x": 150, "structure_id": "Tb_22"}, {"parent_Field": null, "parent_Choice_Field": "Chf_9", "parent_ChoiceGroup": "Chgp_2", "w": 236, "h": 20, "y": 184, "x": 267, "structure_id": "Tb_23"}, {"parent_Field": null, "parent_Choice_Field": null, "parent_ChoiceGroup": null, "w": 1014, "h": 25, "y": 956, "x": 343, "structure_id": "Tb_24"}, {"parent_Field": null, "parent_Choice_Field": null, "parent_ChoiceGroup": "Chgp_3", "w": 380, "h": 20, "y": 1140, "x": 100, "structure_id": "Tb_25"}, {"parent_Field": null, "parent_Choice_Field": "Chf_10", "parent_ChoiceGroup": "Chgp_3", "w": 39, "h": 19, "y": 1174, "x": 150, "structure_id": "Tb_26"}, {"parent_Field": null, "parent_Choice_Field": "Chf_11", "parent_ChoiceGroup": "Chgp_3", "w": 29, "h": 19, "y": 1174, "x": 267, "structure_id": "Tb_27"}, {"parent_Field": "Fi_12", "parent_Choice_Field": null, "parent_ChoiceGroup": null, "w": 1183, "h": 19, "y": 1274, "x": 100, "structure_id": "Tb_28"}, {"parent_Field": "Fi_13", "parent_Choice_Field": null, "parent_ChoiceGroup": null, "w": 1320, "h": 20, "y": 1490, "x": 100, "structure_id": "Tb_29"}, {"parent_Field": null, "parent_Choice_Field": null, "parent_ChoiceGroup": "Chgp_4", "w": 1408, "h": 43, "y": 989, "x": 100, "structure_id": "Tb_30"}, {"parent_Field": null, "parent_Choice_Field": "Chf_12", "parent_ChoiceGroup": "Chgp_4", "w": 39, "h": 19, "y": 1057, "x": 150, "structure_id": "Tb_31"}, {"parent_Field": null, "parent_Choice_Field": "Chf_13", "parent_ChoiceGroup": "Chgp_4", "w": 29, "h": 19, "y": 1057, "x": 267, "structure_id": "Tb_32"}, {"parent_Field": null, "parent_Choice_Field": null, "parent_ChoiceGroup": "Chgp_5", "w": 1030, "h": 19, "y": 1207, "x": 100, "structure_id": "Tb_33"}, {"parent_Field": null, "parent_Choice_Field": "Chf_14", "parent_ChoiceGroup": "Chgp_5", "w": 39, "h": 20, "y": 1240, "x": 150, "structure_id": "Tb_34"}, {"parent_Field": null, "parent_Choice_Field": "Chf_15", "parent_ChoiceGroup": "Chgp_5", "w": 29, "h": 20, "y": 1240, "x": 267, "structure_id": "Tb_35"}, {"parent_Field": null, "parent_Choice_Field": null, "parent_ChoiceGroup": null, "w": 351, "h": 20, "y": 1090, "x": 100, "structure_id": "Tb_36"}, {"parent_Field": null, "parent_Choice_Field": null, "parent_ChoiceGroup": "Chgp_6", "w": 1167, "h": 19, "y": 1424, "x": 100, "structure_id": "Tb_37"}, {"parent_Field": null, "parent_Choice_Field": "Chf_16", "parent_ChoiceGroup": "Chgp_6", "w": 39, "h": 19, "y": 1457, "x": 150, "structure_id": "Tb_38"}, {"parent_Field": null, "parent_Choice_Field": "Chf_17", "parent_ChoiceGroup": "Chgp_6", "w": 29, "h": 19, "y": 1457, "x": 267, "structure_id": "Tb_39"}, {"parent_Field": null, "parent_Choice_Field": null, "parent_ChoiceGroup": "Chgp_7", "w": 310, "h": 19, "y": 1574, "x": 100, "structure_id": "Tb_40"}, {"parent_Field": null, "parent_Choice_Field": "Chf_18", "parent_ChoiceGroup": "Chgp_7", "w": 346, "h": 19, "y": 1614, "x": 150, "structure_id": "Tb_41"}, {"parent_Field": null, "parent_Choice_Field": "Chf_19", "parent_ChoiceGroup": "Chgp_7", "w": 434, "h": 20, "y": 1647, "x": 150, "structure_id": "Tb_42"}, {"parent_Field": null, "parent_Choice_Field": "Chf_20", "parent_ChoiceGroup": "Chgp_7", "w": 364, "h": 19, "y": 1681, "x": 150, "structure_id": "Tb_43"}, {"parent_Field": null, "parent_Choice_Field": "Chf_21", "parent_ChoiceGroup": "Chgp_7", "w": 288, "h": 19, "y": 1714, "x": 150, "structure_id": "Tb_44"}, {"parent_Field": null, "parent_Choice_Field": "Chf_22", "parent_ChoiceGroup": "Chgp_7", "w": 174, "h": 20, "y": 1747, "x": 150, "structure_id": "Tb_45"}, {"parent_Field": null, "parent_Choice_Field": "Chf_23", "parent_ChoiceGroup": "Chgp_7", "w": 138, "h": 19, "y": 1781, "x": 150, "structure_id": "Tb_46"}, {"parent_Field": null, "parent_Choice_Field": null, "parent_ChoiceGroup": "Chgp_8", "w": 519, "h": 19, "y": 1357, "x": 100, "structure_id": "Tb_47"}, {"parent_Field": null, "parent_Choice_Field": "Chf_24", "parent_ChoiceGroup": "Chgp_8", "w": 39, "h": 20, "y": 1390, "x": 150, "structure_id": "Tb_48"}, {"parent_Field": null, "parent_Choice_Field": "Chf_25", "parent_ChoiceGroup": "Chgp_8", "w": 29, "h": 20, "y": 1390, "x": 267, "structure_id": "Tb_49"}, {"parent_Field": null, "parent_Choice_Field": null, "parent_ChoiceGroup": "Chgp_9", "w": 728, "h": 20, "y": 1890, "x": 100, "structure_id": "Tb_50"}, {"parent_Field": null, "parent_Choice_Field": "Chf_26", "parent_ChoiceGroup": "Chgp_9", "w": 46, "h": 19, "y": 1924, "x": 150, "structure_id": "Tb_51"}, {"parent_Field": null, "parent_Choice_Field": "Chf_27", "parent_ChoiceGroup": "Chgp_9", "w": 491, "h": 19, "y": 1957, "x": 150, "structure_id": "Tb_52"}, {"parent_Field": null, "parent_Choice_Field": "Chf_28", "parent_ChoiceGroup": "Chgp_9", "w": 251, "h": 20, "y": 1990, "x": 150, "structure_id": "Tb_53"}, {"parent_Field": null, "parent_Choice_Field": "Chf_29", "parent_ChoiceGroup": "Chgp_9", "w": 242, "h": 19, "y": 2024, "x": 150, "structure_id": "Tb_54"}, {"parent_Field": null, "parent_Choice_Field": null, "parent_ChoiceGroup": "Chgp_10", "w": 1450, "h": 19, "y": 1824, "x": 100, "structure_id": "Tb_55"}, {"parent_Field": null, "parent_Choice_Field": "Chf_30", "parent_ChoiceGroup": "Chgp_10", "w": 39, "h": 19, "y": 1857, "x": 150, "structure_id": "Tb_56"}, {"parent_Field": null, "parent_Choice_Field": "Chf_31", "parent_ChoiceGroup": "Chgp_10", "w": 29, "h": 19, "y": 1857, "x": 267, "structure_id": "Tb_57"}, {"parent_Field": null, "parent_Choice_Field": null, "parent_ChoiceGroup": null, "w": 293, "h": 20, "y": 2107, "x": 88, "structure_id": "Tb_58"}, {"parent_Field": null, "parent_Choice_Field": null, "parent_ChoiceGroup": null, "w": 71, "h": 22, "y": 2106, "x": 1546, "structure_id": "Tb_59"}], "Choice_Field": [{"y": 256.93858267716536, "x": 158.32755905511812, "structure_id": "Chf_1", "w": 531.6724409448818, "h": 26.061417322834643}, {"y": 290.26929133858266, "x": 158.32755905511812, "structure_id": "Chf_2", "w": 426.6724409448819, "h": 26.73070866141734}, {"y": 404.09448818897636, "x": 158.32755905511812, "structure_id": "Chf_3", "w": 1441.4275590551183, "h": 33.330708661417304}, {"y": 490.2692913385827, "x": 158.32755905511812, "structure_id": "Chf_4", "w": 372.6724409448819, "h": 26.73070866141728}, {"y": 606.9472440944882, "x": 158.32755905511812, "structure_id": "Chf_5", "w": 466.6724409448819, "h": 26.052755905511845}, {"y": 724.4834645669292, "x": 158.32755905511812, "structure_id": "Chf_6", "w": 281.6724409448819, "h": 25.51653543307077}, {"y": 841.1527559055119, "x": 158.32755905511812, "structure_id": "Chf_7", "w": 276.6724409448819, "h": 25.847244094488133}, {"y": 181.3496062992126, "x": 108.32755905511812, "structure_id": "Chf_8", "w": 80.67244094488188, "h": 25}, {"y": 181.3496062992126, "x": 224.99685039370078, "structure_id": "Chf_9", "w": 278.0031496062992, "h": 25}, {"y": 1170.8307086614172, "x": 108.32755905511812, "structure_id": "Chf_10", "w": 80.67244094488188, "h": 25}, {"y": 1170.8307086614172, "x": 224.99685039370078, "structure_id": "Chf_11", "w": 71.00314960629922, "h": 25}, {"y": 1054.1614173228345, "x": 108.32755905511812, "structure_id": "Chf_12", "w": 80.67244094488188, "h": 25}, {"y": 1054.1614173228345, "x": 224.99685039370078, "structure_id": "Chf_13", "w": 71.00314960629922, "h": 25}, {"y": 1237.4913385826771, "x": 108.32755905511812, "structure_id": "Chf_14", "w": 80.67244094488188, "h": 25}, {"y": 1237.4913385826771, "x": 224.99685039370078, "structure_id": "Chf_15", "w": 71.00314960629922, "h": 25}, {"y": 1454.1614173228347, "x": 108.32755905511812, "structure_id": "Chf_16", "w": 80.67244094488188, "h": 25}, {"y": 1454.1614173228347, "x": 224.99685039370078, "structure_id": "Chf_17", "w": 71.00314960629922, "h": 25}, {"y": 1606.9385826771654, "x": 108.32755905511812, "structure_id": "Chf_18", "w": 387.6724409448819, "h": 26.061417322834586}, {"y": 1640.2779527559057, "x": 108.32755905511812, "structure_id": "Chf_19", "w": 475.6724409448819, "h": 26.722047244094256}, {"y": 1673.6078740157482, "x": 108.32755905511812, "structure_id": "Chf_20", "w": 405.6724409448819, "h": 26.392125984251834}, {"y": 1706.9385826771654, "x": 108.32755905511812, "structure_id": "Chf_21", "w": 329.6724409448819, "h": 26.061417322834586}, {"y": 1740.2779527559055, "x": 108.32755905511812, "structure_id": "Chf_22", "w": 215.67244094488188, "h": 26.722047244094483}, {"y": 1766.6692913385828, "x": 108.32755905511812, "structure_id": "Chf_23", "w": 1491.6724409448818, "h": 33.33070866141725}, {"y": 1387.5000000000002, "x": 108.32755905511812, "structure_id": "Chf_24", "w": 80.67244094488188, "h": 25}, {"y": 1387.5000000000002, "x": 224.99685039370078, "structure_id": "Chf_25", "w": 71.00314960629922, "h": 25}, {"y": 1920.8307086614172, "x": 108.32755905511812, "structure_id": "Chf_26", "w": 87.67244094488188, "h": 25}, {"y": 1954.1614173228347, "x": 108.32755905511812, "structure_id": "Chf_27", "w": 532.6724409448818, "h": 25}, {"y": 1987.8141732283464, "x": 108.32755905511812, "structure_id": "Chf_28", "w": 292.6724409448819, "h": 25}, {"y": 2020.8307086614175, "x": 108.32755905511812, "structure_id": "Chf_29", "w": 283.6724409448819, "h": 25}, {"y": 1854.1614173228347, "x": 108.32755905511812, "structure_id": "Chf_30", "w": 80.67244094488188, "h": 25}, {"y": 1854.1614173228347, "x": 224.99685039370078, "structure_id": "Chf_31", "w": 71.00314960629922, "h": 25}], "Field": [{"y": 668.7086614173228, "x": 233, "structure_id": "Fi_1", "w": 783.6692913385828, "h": 33.33070866141736}, {"y": 866.6692913385826, "x": 233, "structure_id": "Fi_2", "w": 1367, "h": 33.33070866141736}, {"y": 635.3858267716536, "x": 233, "structure_id": "Fi_3", "w": 483.66929133858275, "h": 33.33070866141736}, {"y": 437.4251968503937, "x": 233, "structure_id": "Fi_4", "w": 383.66929133858275, "h": 33.330708661417304}, {"y": 752.0472440944882, "x": 233, "structure_id": "Fi_5", "w": 1367, "h": 33.33070866141736}, {"y": 352.0385826771653, "x": 233, "structure_id": "Fi_6", "w": 583.6692913385826, "h": 33.330708661417304}, {"y": 318.70866141732284, "x": 233, "structure_id": "Fi_7", "w": 1367, "h": 33.330708661417304}, {"y": 785.3779527559055, "x": 233, "structure_id": "Fi_8", "w": 483.66929133858275, "h": 33.33070866141736}, {"y": 904.0944881889764, "x": 233, "structure_id": "Fi_9", "w": 783.6692913385828, "h": 33.33070866141736}, {"y": 520.7559055118111, "x": 233, "structure_id": "Fi_10", "w": 483.66929133858275, "h": 33.33070866141736}, {"y": 552.0385826771653, "x": 233, "structure_id": "Fi_11", "w": 783.6692913385828, "h": 33.33070866141736}, {"y": 1274, "x": 100, "structure_id": "Fi_12", "w": 1333.3307086614172, "h": 59.33070866141725}, {"y": 1490, "x": 100, "structure_id": "Fi_13", "w": 1333.3307086614172, "h": 60}], "TextRun": [{"parent_TextBlock": "Tb_1", "text": "SECTION III - TREATMENT", "parent_Field": null, "parent_Choice_Field": null, "parent_ChoiceGroup": null, "w": 280, "h": 22, "y": 90, "x": 710, "structure_id": "Tr_1"}, {"parent_TextBlock": "Tb_2", "text": "Date of completion of treatment or anticipated date of completion:", "parent_Field": "Fi_1", "parent_Choice_Field": null, "parent_ChoiceGroup": null, "w": 563, "h": 19, "y": 681, "x": 233, "structure_id": "Tr_2"}, {"parent_TextBlock": "Tb_3", "text": "If checked, describe treatment:", "parent_Field": "Fi_2", "parent_Choice_Field": null, "parent_ChoiceGroup": null, "w": 266, "h": 19, "y": 881, "x": 233, "structure_id": "Tr_3"}, {"parent_TextBlock": "Tb_4", "text": "Date of most recent treatment:", "parent_Field": "Fi_3", "parent_Choice_Field": null, "parent_ChoiceGroup": null, "w": 263, "h": 20, "y": 647, "x": 233, "structure_id": "Tr_4"}, {"parent_TextBlock": "Tb_5", "text": "Date(s) of surgery:", "parent_Field": "Fi_4", "parent_Choice_Field": null, "parent_ChoiceGroup": null, "w": 161, "h": 20, "y": 447, "x": 233, "structure_id": "Tr_5"}, {"parent_TextBlock": "Tb_6", "text": "If checked, describe procedure:", "parent_Field": "Fi_5", "parent_Choice_Field": null, "parent_ChoiceGroup": null, "w": 272, "h": 19, "y": 764, "x": 233, "structure_id": "Tr_6"}, {"parent_TextBlock": "Tb_7", "text": "IF YES, INDICATE TYPE OF TREATMENT THE VETERAN IS CURRENTLY UNDERGOING OR HAS COMPLETED", "parent_Field": null, "parent_Choice_Field": null, "parent_ChoiceGroup": "Chgp_1", "w": 1011, "h": 20, "y": 224, "x": 100, "structure_id": "Tr_7"}, {"parent_TextBlock": "Tb_7", "text": "(Check all that apply):", "parent_Field": null, "parent_Choice_Field": null, "parent_ChoiceGroup": "Chgp_1", "w": 208, "h": 22, "y": 222, "x": 1111, "structure_id": "Tr_8"}, {"parent_TextBlock": "Tb_8", "text": "Treatment completed; currently in watchful waiting status", "parent_Field": null, "parent_Choice_Field": "Chf_1", "parent_ChoiceGroup": "Chgp_1", "w": 490, "h": 19, "y": 264, "x": 200, "structure_id": "Tr_9"}, {"parent_TextBlock": "Tb_9", "text": "Bone marrow transplant, if checked provide:", "parent_Field": null, "parent_Choice_Field": "Chf_2", "parent_ChoiceGroup": "Chgp_1", "w": 385, "h": 20, "y": 297, "x": 200, "structure_id": "Tr_10"}, {"parent_TextBlock": "Tb_10", "text": "Surgery, if checked describe:", "parent_Field": null, "parent_Choice_Field": "Chf_3", "parent_ChoiceGroup": "Chgp_1", "w": 251, "h": 19, "y": 414, "x": 197, "structure_id": "Tr_11"}, {"parent_TextBlock": "Tb_11", "text": "Radiation therapy, if checked provide:", "parent_Field": null, "parent_Choice_Field": "Chf_4", "parent_ChoiceGroup": "Chgp_1", "w": 331, "h": 20, "y": 497, "x": 200, "structure_id": "Tr_12"}, {"parent_TextBlock": "Tb_12", "text": "Antineoplastic chemotherapy, if checked provide:", "parent_Field": null, "parent_Choice_Field": "Chf_5", "parent_ChoiceGroup": "Chgp_1", "w": 428, "h": 19, "y": 614, "x": 197, "structure_id": "Tr_13"}, {"parent_TextBlock": "Tb_13", "text": "Other therapeutic procedure", "parent_Field": null, "parent_Choice_Field": "Chf_6", "parent_ChoiceGroup": "Chgp_1", "w": 243, "h": 19, "y": 731, "x": 197, "structure_id": "Tr_14"}, {"parent_TextBlock": "Tb_14", "text": "Other therapeutic treatment", "parent_Field": null, "parent_Choice_Field": "Chf_7", "parent_ChoiceGroup": "Chgp_1", "w": 238, "h": 20, "y": 847, "x": 197, "structure_id": "Tr_15"}, {"parent_TextBlock": "Tb_15", "text": "Date of hospital discharge after transplant:", "parent_Field": "Fi_6", "parent_Choice_Field": null, "parent_ChoiceGroup": null, "w": 366, "h": 19, "y": 364, "x": 233, "structure_id": "Tr_16"}, {"parent_TextBlock": "Tb_16", "text": "Date of hospital admission and location:", "parent_Field": "Fi_7", "parent_Choice_Field": null, "parent_ChoiceGroup": null, "w": 344, "h": 19, "y": 331, "x": 233, "structure_id": "Tr_17"}, {"parent_TextBlock": "Tb_17", "text": "Date of most recent procedure:", "parent_Field": "Fi_8", "parent_Choice_Field": null, "parent_ChoiceGroup": null, "w": 268, "h": 20, "y": 797, "x": 233, "structure_id": "Tr_18"}, {"parent_TextBlock": "Tb_18", "text": "Date of completion of treatment or anticipated date of completion:", "parent_Field": "Fi_9", "parent_Choice_Field": null, "parent_ChoiceGroup": null, "w": 563, "h": 19, "y": 914, "x": 233, "structure_id": "Tr_19"}, {"parent_TextBlock": "Tb_19", "text": "Date of most recent treatment:", "parent_Field": "Fi_10", "parent_Choice_Field": null, "parent_ChoiceGroup": null, "w": 263, "h": 19, "y": 531, "x": 233, "structure_id": "Tr_20"}, {"parent_TextBlock": "Tb_20", "text": "Date of completion of treatment or anticipated date of completion:", "parent_Field": "Fi_11", "parent_Choice_Field": null, "parent_ChoiceGroup": null, "w": 563, "h": 19, "y": 564, "x": 233, "structure_id": "Tr_21"}, {"parent_TextBlock": "Tb_21", "text": "3. HAS THE VETERAN COMPLETED ANY TREATMENT OR IS THE VETERAN CURRENTLY UNDERGOING ANY TREATMENT FOR ANY HEMATOLOGIC OR", "parent_Field": null, "parent_Choice_Field": null, "parent_ChoiceGroup": "Chgp_2", "w": 1413, "h": 19, "y": 122, "x": 100, "structure_id": "Tr_22"}, {"parent_TextBlock": "Tb_21", "text": "LYMPHATIC CONDITION, INCLUDING LEUKEMIA?", "parent_Field": null, "parent_Choice_Field": null, "parent_ChoiceGroup": "Chgp_2", "w": 458, "h": 19, "y": 144, "x": 122, "structure_id": "Tr_23"}, {"parent_TextBlock": "Tb_22", "text": "YES", "parent_Field": null, "parent_Choice_Field": "Chf_8", "parent_ChoiceGroup": "Chgp_2", "w": 39, "h": 20, "y": 184, "x": 150, "structure_id": "Tr_24"}, {"parent_TextBlock": "Tb_23", "text": "NO; WATCHFUL WAITING", "parent_Field": null, "parent_Choice_Field": "Chf_9", "parent_ChoiceGroup": "Chgp_2", "w": 236, "h": 20, "y": 184, "x": 267, "structure_id": "Tr_25"}, {"parent_TextBlock": "Tb_24", "text": "SECTION IV - ANEMIA AND THROMBOCYTOPENIA", "parent_Field": null, "parent_Choice_Field": null, "parent_ChoiceGroup": null, "w": 545, "h": 22, "y": 958, "x": 343, "structure_id": "Tr_26"}, {"parent_TextBlock": "Tb_24", "text": "(Primary, secondary, idiopathic and immune)", "parent_Field": null, "parent_Choice_Field": null, "parent_ChoiceGroup": null, "w": 469, "h": 25, "y": 956, "x": 888, "structure_id": "Tr_27"}, {"parent_TextBlock": "Tb_25", "text": "4B. DOES THE VETERAN HAVE ANEMIA?", "parent_Field": null, "parent_Choice_Field": null, "parent_ChoiceGroup": "Chgp_3", "w": 380, "h": 20, "y": 1140, "x": 100, "structure_id": "Tr_28"}, {"parent_TextBlock": "Tb_26", "text": "YES", "parent_Field": null, "parent_Choice_Field": "Chf_10", "parent_ChoiceGroup": "Chgp_3", "w": 39, "h": 19, "y": 1174, "x": 150, "structure_id": "Tr_29"}, {"parent_TextBlock": "Tb_27", "text": "NO", "parent_Field": null, "parent_Choice_Field": "Chf_11", "parent_ChoiceGroup": "Chgp_3", "w": 29, "h": 19, "y": 1174, "x": 267, "structure_id": "Tr_30"}, {"parent_TextBlock": "Tb_28", "text": "IF YES, PROVIDE THE NAME OF THE OTHER HEMATOLOGIC OR LYMPHATIC CONDITION CAUSING THE SECONDARY ANEMIA:", "parent_Field": "Fi_12", "parent_Choice_Field": null, "parent_ChoiceGroup": null, "w": 1183, "h": 19, "y": 1274, "x": 100, "structure_id": "Tr_31"}, {"parent_TextBlock": "Tb_29", "text": "IF YES, PROVIDE THE NAME OF THE OTHER HEMATOLOGIC OR LYMPHATIC CONDITION CAUSING THE SECONDARY THROMBOCYTOPENIA:", "parent_Field": "Fi_13", "parent_Choice_Field": null, "parent_ChoiceGroup": null, "w": 1320, "h": 20, "y": 1490, "x": 100, "structure_id": "Tr_32"}, {"parent_TextBlock": "Tb_30", "text": "4A. DOES THE VETERAN HAVE ANEMIA OR THROMBOCYTOPENIA, INCLUDING THAT CAUSED BY TREATMENT FOR A HEMATOLOGIC OR LYMPHATIC", "parent_Field": null, "parent_Choice_Field": null, "parent_ChoiceGroup": "Chgp_4", "w": 1408, "h": 20, "y": 989, "x": 100, "structure_id": "Tr_33"}, {"parent_TextBlock": "Tb_30", "text": "CONDITION?", "parent_Field": null, "parent_Choice_Field": null, "parent_ChoiceGroup": "Chgp_4", "w": 120, "h": 20, "y": 1012, "x": 133, "structure_id": "Tr_34"}, {"parent_TextBlock": "Tb_31", "text": "YES", "parent_Field": null, "parent_Choice_Field": "Chf_12", "parent_ChoiceGroup": "Chgp_4", "w": 39, "h": 19, "y": 1057, "x": 150, "structure_id": "Tr_35"}, {"parent_TextBlock": "Tb_32", "text": "NO", "parent_Field": null, "parent_Choice_Field": "Chf_13", "parent_ChoiceGroup": "Chgp_4", "w": 29, "h": 19, "y": 1057, "x": 267, "structure_id": "Tr_36"}, {"parent_TextBlock": "Tb_33", "text": "IF YES, IS THE ANEMIA CAUSED BY TREATMENT FOR ANOTHER HEMATOLOGIC OR LYMPHATIC CONDITION?", "parent_Field": null, "parent_Choice_Field": null, "parent_ChoiceGroup": "Chgp_5", "w": 1030, "h": 19, "y": 1207, "x": 100, "structure_id": "Tr_37"}, {"parent_TextBlock": "Tb_34", "text": "YES", "parent_Field": null, "parent_Choice_Field": "Chf_14", "parent_ChoiceGroup": "Chgp_5", "w": 39, "h": 20, "y": 1240, "x": 150, "structure_id": "Tr_38"}, {"parent_TextBlock": "Tb_35", "text": "NO", "parent_Field": null, "parent_Choice_Field": "Chf_15", "parent_ChoiceGroup": "Chgp_5", "w": 29, "h": 20, "y": 1240, "x": 267, "structure_id": "Tr_39"}, {"parent_TextBlock": "Tb_36", "text": "IF YES, COMPLETE THE FOLLOWING:", "parent_Field": null, "parent_Choice_Field": null, "parent_ChoiceGroup": null, "w": 351, "h": 20, "y": 1090, "x": 100, "structure_id": "Tr_40"}, {"parent_TextBlock": "Tb_37", "text": "IF YES, IS THE THROMBOCYTOPENIA CAUSED BY TREATMENT FOR ANOTHER HEMATOLOGIC OR LYMPHATIC CONDITION?", "parent_Field": null, "parent_Choice_Field": null, "parent_ChoiceGroup": "Chgp_6", "w": 1167, "h": 19, "y": 1424, "x": 100, "structure_id": "Tr_41"}, {"parent_TextBlock": "Tb_38", "text": "YES", "parent_Field": null, "parent_Choice_Field": "Chf_16", "parent_ChoiceGroup": "Chgp_6", "w": 39, "h": 19, "y": 1457, "x": 150, "structure_id": "Tr_42"}, {"parent_TextBlock": "Tb_39", "text": "NO", "parent_Field": null, "parent_Choice_Field": "Chf_17", "parent_ChoiceGroup": "Chgp_6", "w": 29, "h": 19, "y": 1457, "x": 267, "structure_id": "Tr_43"}, {"parent_TextBlock": "Tb_40", "text": "IF YES, CHECK ALL THAT APPLY:", "parent_Field": null, "parent_Choice_Field": null, "parent_ChoiceGroup": "Chgp_7", "w": 310, "h": 19, "y": 1574, "x": 100, "structure_id": "Tr_44"}, {"parent_TextBlock": "Tb_41", "text": "Stable platelet count of 100,000 or more", "parent_Field": null, "parent_Choice_Field": "Chf_18", "parent_ChoiceGroup": "Chgp_7", "w": 346, "h": 19, "y": 1614, "x": 150, "structure_id": "Tr_45"}, {"parent_TextBlock": "Tb_42", "text": "Stable platelet count between 70,000 and 100,000", "parent_Field": null, "parent_Choice_Field": "Chf_19", "parent_ChoiceGroup": "Chgp_7", "w": 434, "h": 20, "y": 1647, "x": 150, "structure_id": "Tr_46"}, {"parent_TextBlock": "Tb_43", "text": "Platelet count between 20,000 and 70,000", "parent_Field": null, "parent_Choice_Field": "Chf_20", "parent_ChoiceGroup": "Chgp_7", "w": 364, "h": 19, "y": 1681, "x": 150, "structure_id": "Tr_47"}, {"parent_TextBlock": "Tb_44", "text": "Platelet count of less than 20,000", "parent_Field": null, "parent_Choice_Field": "Chf_21", "parent_ChoiceGroup": "Chgp_7", "w": 288, "h": 19, "y": 1714, "x": 150, "structure_id": "Tr_48"}, {"parent_TextBlock": "Tb_45", "text": "With active bleeding", "parent_Field": null, "parent_Choice_Field": "Chf_22", "parent_ChoiceGroup": "Chgp_7", "w": 174, "h": 20, "y": 1747, "x": 150, "structure_id": "Tr_49"}, {"parent_TextBlock": "Tb_46", "text": "Other, describe:", "parent_Field": null, "parent_Choice_Field": "Chf_23", "parent_ChoiceGroup": "Chgp_7", "w": 138, "h": 19, "y": 1781, "x": 150, "structure_id": "Tr_50"}, {"parent_TextBlock": "Tb_47", "text": "4C. DOES THE VETERAN HAVE THROMBOCYTOPENIA?", "parent_Field": null, "parent_Choice_Field": null, "parent_ChoiceGroup": "Chgp_8", "w": 519, "h": 19, "y": 1357, "x": 100, "structure_id": "Tr_51"}, {"parent_TextBlock": "Tb_48", "text": "YES", "parent_Field": null, "parent_Choice_Field": "Chf_24", "parent_ChoiceGroup": "Chgp_8", "w": 39, "h": 20, "y": 1390, "x": 150, "structure_id": "Tr_52"}, {"parent_TextBlock": "Tb_49", "text": "NO", "parent_Field": null, "parent_Choice_Field": "Chf_25", "parent_ChoiceGroup": "Chgp_8", "w": 29, "h": 20, "y": 1390, "x": 267, "structure_id": "Tr_53"}, {"parent_TextBlock": "Tb_50", "text": "IF YES, INDICATE FREQUENCY OF TRANSFUSIONS IN THE PAST 12 MONTHS:", "parent_Field": null, "parent_Choice_Field": null, "parent_ChoiceGroup": "Chgp_9", "w": 728, "h": 20, "y": 1890, "x": 100, "structure_id": "Tr_54"}, {"parent_TextBlock": "Tb_51", "text": "None", "parent_Field": null, "parent_Choice_Field": "Chf_26", "parent_ChoiceGroup": "Chgp_9", "w": 46, "h": 19, "y": 1924, "x": 150, "structure_id": "Tr_55"}, {"parent_TextBlock": "Tb_52", "text": "At least once per year but less than once every 3 months", "parent_Field": null, "parent_Choice_Field": "Chf_27", "parent_ChoiceGroup": "Chgp_9", "w": 491, "h": 19, "y": 1957, "x": 150, "structure_id": "Tr_56"}, {"parent_TextBlock": "Tb_53", "text": "At least once every 3 months", "parent_Field": null, "parent_Choice_Field": "Chf_28", "parent_ChoiceGroup": "Chgp_9", "w": 251, "h": 20, "y": 1990, "x": 150, "structure_id": "Tr_57"}, {"parent_TextBlock": "Tb_54", "text": "At least once every 6 weeks", "parent_Field": null, "parent_Choice_Field": "Chf_29", "parent_ChoiceGroup": "Chgp_9", "w": 242, "h": 19, "y": 2024, "x": 150, "structure_id": "Tr_58"}, {"parent_TextBlock": "Tb_55", "text": "4D. DOES THE VETERAN HAVE ANY COMPLICATIONS OR RESIDUALS OF TREATMENT REQUIRING TRANSFUSION OF PLATELETS OR RED BLOOD CELLS?", "parent_Field": null, "parent_Choice_Field": null, "parent_ChoiceGroup": "Chgp_10", "w": 1450, "h": 19, "y": 1824, "x": 100, "structure_id": "Tr_59"}, {"parent_TextBlock": "Tb_56", "text": "YES", "parent_Field": null, "parent_Choice_Field": "Chf_30", "parent_ChoiceGroup": "Chgp_10", "w": 39, "h": 19, "y": 1857, "x": 150, "structure_id": "Tr_60"}, {"parent_TextBlock": "Tb_57", "text": "NO", "parent_Field": null, "parent_Choice_Field": "Chf_31", "parent_ChoiceGroup": "Chgp_10", "w": 29, "h": 19, "y": 1857, "x": 267, "structure_id": "Tr_61"}, {"parent_TextBlock": "Tb_58", "text": "VA FORM 21-0960B-2, FEB 2015", "parent_Field": null, "parent_Choice_Field": null, "parent_ChoiceGroup": null, "w": 293, "h": 20, "y": 2107, "x": 88, "structure_id": "Tr_62"}, {"parent_TextBlock": "Tb_59", "text": "Page 2", "parent_Field": null, "parent_Choice_Field": null, "parent_ChoiceGroup": null, "w": 71, "h": 22, "y": 2106, "x": 1546, "structure_id": "Tr_63"}], "ChoiceGroup": [{"y": 218.03125, "x": 97, "structure_id": "Chgp_1", "w": 1506, "h": 719}, {"y": 115.03125, "x": 94, "structure_id": "Chgp_2", "w": 1515, "h": 826}, {"y": 1132.03125, "x": 90, "structure_id": "Chgp_3", "w": 1350, "h": 211}, {"y": 983.03125, "x": 93, "structure_id": "Chgp_4", "w": 1423, "h": 129}, {"y": 1205.0398085213674, "x": 93, "structure_id": "Chgp_5", "w": 1344, "h": 135.3249401940216}, {"y": 1415.03125, "x": 93, "structure_id": "Chgp_6", "w": 1344, "h": 140}, {"y": 1567.03125, "x": 94, "structure_id": "Chgp_7", "w": 1511, "h": 238}, {"y": 1349.03125, "x": 88.9999954043908, "structure_id": "Chgp_8", "w": 1521, "h": 461}, {"y": 1882.03125, "x": 88, "structure_id": "Chgp_9", "w": 746, "h": 172}, {"y": 1823.03125, "x": 88, "structure_id": "Chgp_10", "w": 1464, "h": 236}]}