{"Widget": [{"parent_Field": "Fi_1", "parent_Choice_Field": null, "parent_ChoiceGroup": null, "w": 1500, "h": 66.66929133858268, "y": 862.1251968503936, "x": 103.66141732283465, "structure_id": "Wi_1"}, {"parent_Field": null, "parent_Choice_Field": "Chf_1", "parent_ChoiceGroup": "Chgp_1", "w": 25, "h": 25, "y": 547.9165354330709, "x": 1213.8000000000002, "structure_id": "Wi_2"}, {"parent_Field": null, "parent_Choice_Field": "Chf_2", "parent_ChoiceGroup": "Chgp_1", "w": 25, "h": 25, "y": 547.9165354330709, "x": 1308.0834645669293, "structure_id": "Wi_3"}, {"parent_Field": "Fi_2", "parent_Choice_Field": null, "parent_ChoiceGroup": null, "w": 433.33070866141736, "h": 50, "y": 778.7944881889764, "x": 253.66141732283464, "structure_id": "Wi_4"}, {"parent_Field": "Fi_3", "parent_Choice_Field": null, "parent_ChoiceGroup": null, "w": 200, "h": 50, "y": 678.7944881889764, "x": 1403.6614173228347, "structure_id": "Wi_5"}, {"parent_Field": "Fi_4", "parent_Choice_Field": null, "parent_ChoiceGroup": null, "w": 433.33070866141736, "h": 50, "y": 678.7944881889764, "x": 253.66141732283464, "structure_id": "Wi_6"}, {"parent_Field": "Fi_5", "parent_Choice_Field": null, "parent_ChoiceGroup": null, "w": 200, "h": 50, "y": 778.7944881889764, "x": 1403.6614173228347, "structure_id": "Wi_7"}, {"parent_Field": "Fi_6", "parent_Choice_Field": null, "parent_ChoiceGroup": null, "w": 350.25275590551183, "h": 50, "y": 678.7944881889764, "x": 837.0251968503937, "structure_id": "Wi_8"}, {"parent_Field": "Fi_7", "parent_Choice_Field": null, "parent_ChoiceGroup": null, "w": 200, "h": 50, "y": 728.7944881889764, "x": 1403.6614173228347, "structure_id": "Wi_9"}, {"parent_Field": "Fi_8", "parent_Choice_Field": null, "parent_ChoiceGroup": null, "w": 350.25275590551183, "h": 50, "y": 778.7944881889764, "x": 837.0251968503937, "structure_id": "Wi_10"}, {"parent_Field": "Fi_9", "parent_Choice_Field": null, "parent_ChoiceGroup": null, "w": 350.25275590551183, "h": 50, "y": 728.7944881889764, "x": 837.0251968503937, "structure_id": "Wi_11"}, {"parent_Field": "Fi_10", "parent_Choice_Field": null, "parent_ChoiceGroup": null, "w": 433.33070866141736, "h": 50, "y": 728.7944881889764, "x": 253.66141732283464, "structure_id": "Wi_12"}, {"parent_Field": "Fi_11", "parent_Choice_Field": null, "parent_ChoiceGroup": null, "w": 25, "h": 25, "y": 1177.4692913385827, "x": 1484.5637795275593, "structure_id": "Wi_13"}, {"parent_Field": "Fi_12", "parent_Choice_Field": null, "parent_ChoiceGroup": null, "w": 1083.3307086614172, "h": 33.33070866141732, "y": 1566.6614173228347, "x": 516.6692913385828, "structure_id": "Wi_14"}, {"parent_Field": "Fi_13", "parent_Choice_Field": null, "parent_ChoiceGroup": null, "w": 1500, "h": 66.66929133858268, "y": 995.4551181102363, "x": 103.66141732283465, "structure_id": "Wi_15"}, {"parent_Field": null, "parent_Choice_Field": "Chf_3", "parent_ChoiceGroup": "Chgp_2", "w": 25, "h": 25, "y": 1135.6251968503939, "x": 110.28582677165355, "structure_id": "Wi_16"}, {"parent_Field": null, "parent_Choice_Field": "Chf_4", "parent_ChoiceGroup": "Chgp_2", "w": 25, "h": 25, "y": 1135.6251968503939, "x": 277.1779527559055, "structure_id": "Wi_17"}, {"parent_Field": null, "parent_Choice_Field": "Chf_5", "parent_ChoiceGroup": "Chgp_2", "w": 25, "h": 25, "y": 1135.6251968503939, "x": 494.1307086614174, "structure_id": "Wi_18"}, {"parent_Field": null, "parent_Choice_Field": "Chf_6", "parent_ChoiceGroup": "Chgp_2", "w": 25, "h": 25, "y": 1135.6251968503939, "x": 627.6503937007874, "structure_id": "Wi_19"}, {"parent_Field": null, "parent_Choice_Field": "Chf_7", "parent_ChoiceGroup": "Chgp_2", "w": 25, "h": 25, "y": 1135.6251968503939, "x": 877.9803149606299, "structure_id": "Wi_20"}, {"parent_Field": null, "parent_Choice_Field": "Chf_8", "parent_ChoiceGroup": "Chgp_2", "w": 25, "h": 25, "y": 1135.6251968503939, "x": 1144.988976377953, "structure_id": "Wi_21"}, {"parent_Field": null, "parent_Choice_Field": "Chf_8", "parent_ChoiceGroup": "Chgp_2", "w": 333.7724409448819, "h": 33.33070866141732, "y": 1131.4637795275592, "x": 1270.1251968503939, "structure_id": "Wi_22"}, {"parent_Field": "Fi_14", "parent_Choice_Field": null, "parent_ChoiceGroup": null, "w": 25, "h": 25, "y": 1177.4692913385827, "x": 1367.8944881889765, "structure_id": "Wi_23"}, {"parent_Field": null, "parent_Choice_Field": "Chf_9", "parent_ChoiceGroup": "Chgp_3", "w": 25, "h": 25, "y": 1097.0582677165355, "x": 109.95826771653543, "structure_id": "Wi_24"}, {"parent_Field": null, "parent_Choice_Field": "Chf_10", "parent_ChoiceGroup": "Chgp_3", "w": 25, "h": 25, "y": 1097.0582677165355, "x": 226.6275590551181, "structure_id": "Wi_25"}, {"parent_Field": null, "parent_Choice_Field": "Chf_11", "parent_ChoiceGroup": "Chgp_4", "w": 25, "h": 25, "y": 1284.1692913385828, "x": 107.8724409448819, "structure_id": "Wi_26"}, {"parent_Field": null, "parent_Choice_Field": "Chf_12", "parent_ChoiceGroup": "Chgp_4", "w": 25, "h": 25, "y": 1284.1692913385828, "x": 274.54173228346457, "structure_id": "Wi_27"}, {"parent_Field": null, "parent_Choice_Field": "Chf_13", "parent_ChoiceGroup": "Chgp_4", "w": 25, "h": 25, "y": 1284.1692913385828, "x": 491.21102362204726, "structure_id": "Wi_28"}, {"parent_Field": null, "parent_Choice_Field": "Chf_14", "parent_ChoiceGroup": "Chgp_4", "w": 25, "h": 25, "y": 1284.1692913385828, "x": 624.5417322834646, "structure_id": "Wi_29"}, {"parent_Field": null, "parent_Choice_Field": "Chf_15", "parent_ChoiceGroup": "Chgp_4", "w": 25, "h": 25, "y": 1284.1692913385828, "x": 874.5417322834646, "structure_id": "Wi_30"}, {"parent_Field": null, "parent_Choice_Field": "Chf_16", "parent_ChoiceGroup": "Chgp_4", "w": 25, "h": 25, "y": 1284.1692913385828, "x": 1141.2110236220472, "structure_id": "Wi_31"}, {"parent_Field": null, "parent_Choice_Field": "Chf_16", "parent_ChoiceGroup": "Chgp_4", "w": 333.3307086614173, "h": 33.33070866141732, "y": 1280, "x": 1266.2141732283467, "structure_id": "Wi_32"}, {"parent_Field": null, "parent_Choice_Field": "Chf_17", "parent_ChoiceGroup": "Chgp_5", "w": 25, "h": 25, "y": 1247.8307086614175, "x": 107.8724409448819, "structure_id": "Wi_33"}, {"parent_Field": null, "parent_Choice_Field": "Chf_18", "parent_ChoiceGroup": "Chgp_5", "w": 25, "h": 25, "y": 1247.8307086614175, "x": 226.4944881889764, "structure_id": "Wi_34"}, {"parent_Field": null, "parent_Choice_Field": "Chf_19", "parent_ChoiceGroup": "Chgp_6", "w": 25, "h": 25, "y": 1387.5000000000002, "x": 158.32755905511812, "structure_id": "Wi_35"}, {"parent_Field": null, "parent_Choice_Field": "Chf_20", "parent_ChoiceGroup": "Chgp_6", "w": 25, "h": 25, "y": 1420.8307086614172, "x": 158.32755905511812, "structure_id": "Wi_36"}, {"parent_Field": null, "parent_Choice_Field": "Chf_21", "parent_ChoiceGroup": "Chgp_6", "w": 25, "h": 25, "y": 1454.1614173228347, "x": 158.32755905511812, "structure_id": "Wi_37"}, {"parent_Field": null, "parent_Choice_Field": "Chf_22", "parent_ChoiceGroup": "Chgp_6", "w": 25, "h": 25, "y": 1487.5, "x": 158.32755905511812, "structure_id": "Wi_38"}, {"parent_Field": null, "parent_Choice_Field": "Chf_23", "parent_ChoiceGroup": "Chgp_6", "w": 25, "h": 25, "y": 1387.4913385826771, "x": 691.6669291338583, "structure_id": "Wi_39"}, {"parent_Field": null, "parent_Choice_Field": "Chf_24", "parent_ChoiceGroup": "Chgp_6", "w": 25, "h": 25, "y": 1420.8307086614172, "x": 691.6669291338583, "structure_id": "Wi_40"}, {"parent_Field": null, "parent_Choice_Field": "Chf_25", "parent_ChoiceGroup": "Chgp_6", "w": 25, "h": 25, "y": 1454.1614173228347, "x": 691.6669291338583, "structure_id": "Wi_41"}, {"parent_Field": null, "parent_Choice_Field": "Chf_26", "parent_ChoiceGroup": "Chgp_6", "w": 25, "h": 25, "y": 1487.4913385826771, "x": 691.6669291338583, "structure_id": "Wi_42"}, {"parent_Field": null, "parent_Choice_Field": "Chf_27", "parent_ChoiceGroup": "Chgp_7", "w": 25, "h": 25, "y": 1354.1614173228347, "x": 108.32755905511812, "structure_id": "Wi_43"}, {"parent_Field": null, "parent_Choice_Field": "Chf_28", "parent_ChoiceGroup": "Chgp_7", "w": 25, "h": 25, "y": 1354.1614173228347, "x": 224.99685039370078, "structure_id": "Wi_44"}, {"parent_Field": null, "parent_Choice_Field": "Chf_29", "parent_ChoiceGroup": "Chgp_8", "w": 25, "h": 25, "y": 1570.8307086614172, "x": 108.32755905511812, "structure_id": "Wi_45"}, {"parent_Field": null, "parent_Choice_Field": "Chf_30", "parent_ChoiceGroup": "Chgp_8", "w": 25, "h": 25, "y": 1570.8307086614172, "x": 224.99685039370078, "structure_id": "Wi_46"}, {"parent_Field": null, "parent_Choice_Field": "Chf_31", "parent_ChoiceGroup": "Chgp_9", "w": 25, "h": 25, "y": 1720.8307086614175, "x": 108.32755905511812, "structure_id": "Wi_47"}, {"parent_Field": null, "parent_Choice_Field": "Chf_32", "parent_ChoiceGroup": "Chgp_9", "w": 25, "h": 25, "y": 1720.8307086614175, "x": 258.3275590551181, "structure_id": "Wi_48"}, {"parent_Field": null, "parent_Choice_Field": "Chf_33", "parent_ChoiceGroup": "Chgp_9", "w": 25, "h": 25, "y": 1720.8307086614175, "x": 641.6669291338583, "structure_id": "Wi_49"}, {"parent_Field": null, "parent_Choice_Field": "Chf_34", "parent_ChoiceGroup": "Chgp_9", "w": 25, "h": 25, "y": 1720.8307086614175, "x": 1041.6669291338583, "structure_id": "Wi_50"}, {"parent_Field": null, "parent_Choice_Field": "Chf_35", "parent_ChoiceGroup": "Chgp_9", "w": 25, "h": 25, "y": 1720.8307086614175, "x": 1324.9968503937007, "structure_id": "Wi_51"}, {"parent_Field": null, "parent_Choice_Field": "Chf_36", "parent_ChoiceGroup": "Chgp_9", "w": 25, "h": 25, "y": 1770.8307086614175, "x": 108.32755905511812, "structure_id": "Wi_52"}, {"parent_Field": null, "parent_Choice_Field": "Chf_37", "parent_ChoiceGroup": "Chgp_9", "w": 25, "h": 25, "y": 1770.8307086614175, "x": 674.9968503937008, "structure_id": "Wi_53"}, {"parent_Field": null, "parent_Choice_Field": "Chf_38", "parent_ChoiceGroup": "Chgp_9", "w": 25, "h": 25, "y": 1770.8307086614175, "x": 1141.6669291338583, "structure_id": "Wi_54"}, {"parent_Field": null, "parent_Choice_Field": "Chf_39", "parent_ChoiceGroup": "Chgp_10", "w": 25, "h": 25, "y": 1854.1614173228347, "x": 108.32755905511812, "structure_id": "Wi_55"}, {"parent_Field": null, "parent_Choice_Field": "Chf_40", "parent_ChoiceGroup": "Chgp_10", "w": 25, "h": 25, "y": 1854.1614173228347, "x": 391.6669291338583, "structure_id": "Wi_56"}, {"parent_Field": null, "parent_Choice_Field": "Chf_41", "parent_ChoiceGroup": "Chgp_10", "w": 25, "h": 25, "y": 1854.1614173228347, "x": 858.3362204724409, "structure_id": "Wi_57"}, {"parent_Field": null, "parent_Choice_Field": "Chf_42", "parent_ChoiceGroup": "Chgp_10", "w": 25, "h": 25, "y": 1854.1614173228347, "x": 1124.9968503937007, "structure_id": "Wi_58"}, {"parent_Field": null, "parent_Choice_Field": "Chf_43", "parent_ChoiceGroup": "Chgp_11", "w": 25, "h": 25, "y": 1937.5, "x": 108.32755905511812, "structure_id": "Wi_59"}, {"parent_Field": null, "parent_Choice_Field": "Chf_44", "parent_ChoiceGroup": "Chgp_11", "w": 25, "h": 25, "y": 1937.5, "x": 274.9968503937008, "structure_id": "Wi_60"}, {"parent_Field": null, "parent_Choice_Field": "Chf_45", "parent_ChoiceGroup": "Chgp_11", "w": 25, "h": 25, "y": 1937.5, "x": 641.6669291338583, "structure_id": "Wi_61"}, {"parent_Field": null, "parent_Choice_Field": "Chf_46", "parent_ChoiceGroup": "Chgp_11", "w": 25, "h": 25, "y": 1937.5, "x": 841.6669291338584, "structure_id": "Wi_62"}, {"parent_Field": null, "parent_Choice_Field": "Chf_47", "parent_ChoiceGroup": "Chgp_11", "w": 25, "h": 25, "y": 1937.5, "x": 1041.6669291338583, "structure_id": "Wi_63"}, {"parent_Field": null, "parent_Choice_Field": "Chf_48", "parent_ChoiceGroup": "Chgp_11", "w": 25, "h": 25, "y": 1937.5, "x": 1424.9968503937007, "structure_id": "Wi_64"}, {"parent_Field": null, "parent_Choice_Field": "Chf_49", "parent_ChoiceGroup": "Chgp_12", "w": 25, "h": 25, "y": 2054.1614173228345, "x": 108.32755905511812, "structure_id": "Wi_65"}, {"parent_Field": null, "parent_Choice_Field": "Chf_49", "parent_ChoiceGroup": "Chgp_12", "w": 1269.3220472440946, "h": 33.33070866141732, "y": 2050, "x": 333.3307086614173, "structure_id": "Wi_66"}, {"parent_Field": "Fi_15", "parent_Choice_Field": null, "parent_ChoiceGroup": null, "w": 147.1417322834646, "h": 46.83307086614173, "y": 375.0385826771653, "x": 104.44173228346457, "structure_id": "Wi_67"}, {"parent_Field": "Fi_15", "parent_Choice_Field": null, "parent_ChoiceGroup": null, "w": 90.35590551181102, "h": 46.83307086614173, "y": 375.0385826771653, "x": 298.4551181102362, "structure_id": "Wi_68"}, {"parent_Field": "Fi_15", "parent_Choice_Field": null, "parent_ChoiceGroup": null, "w": 188.88031496062993, "h": 46.83307086614173, "y": 375.0385826771653, "x": 435.16692913385833, "structure_id": "Wi_69"}, {"parent_Field": "Fi_16", "parent_Choice_Field": null, "parent_ChoiceGroup": null, "w": 571.3472440944881, "h": 45.79448818897638, "y": 293.7472440944882, "x": 100.66929133858267, "structure_id": "Wi_70"}, {"parent_Field": "Fi_16", "parent_Choice_Field": null, "parent_ChoiceGroup": null, "w": 48.36141732283465, "h": 45.79448818897638, "y": 293.7472440944882, "x": 695.7, "structure_id": "Wi_71"}, {"parent_Field": "Fi_16", "parent_Choice_Field": null, "parent_ChoiceGroup": null, "w": 856.5496062992127, "h": 45.79448818897638, "y": 293.7472440944882, "x": 762.21968503937, "structure_id": "Wi_72"}], "TextBlock": [{"parent_Field": null, "parent_Choice_Field": null, "parent_ChoiceGroup": null, "w": 256, "h": 58, "y": 50, "x": 1361, "structure_id": "Tb_1"}, {"parent_Field": null, "parent_Choice_Field": null, "parent_ChoiceGroup": null, "w": 178, "h": 34, "y": 2108, "x": 200, "structure_id": "Tb_2"}, {"parent_Field": null, "parent_Choice_Field": null, "parent_ChoiceGroup": null, "w": 447, "h": 42, "y": 2104, "x": 600, "structure_id": "Tb_3"}, {"parent_Field": null, "parent_Choice_Field": null, "parent_ChoiceGroup": null, "w": 255, "h": 23, "y": 515, "x": 725, "structure_id": "Tb_4"}, {"parent_Field": "Fi_1", "parent_Choice_Field": null, "parent_ChoiceGroup": null, "w": 1123, "h": 19, "y": 836, "x": 104, "structure_id": "Tb_5"}, {"parent_Field": null, "parent_Choice_Field": null, "parent_ChoiceGroup": null, "w": 1505, "h": 58, "y": 586, "x": 109, "structure_id": "Tb_6"}, {"parent_Field": null, "parent_Choice_Field": null, "parent_ChoiceGroup": "Chgp_1", "w": 1093, "h": 19, "y": 550, "x": 107, "structure_id": "Tb_7"}, {"parent_Field": null, "parent_Choice_Field": "Chf_1", "parent_ChoiceGroup": "Chgp_1", "w": 39, "h": 19, "y": 551, "x": 1244, "structure_id": "Tb_8"}, {"parent_Field": null, "parent_Choice_Field": "Chf_2", "parent_ChoiceGroup": "Chgp_1", "w": 30, "h": 19, "y": 551, "x": 1341, "structure_id": "Tb_9"}, {"parent_Field": "Fi_2", "parent_Choice_Field": null, "parent_ChoiceGroup": null, "w": 129, "h": 20, "y": 794, "x": 104, "structure_id": "Tb_10"}, {"parent_Field": null, "parent_Choice_Field": null, "parent_ChoiceGroup": null, "w": 733, "h": 20, "y": 652, "x": 104, "structure_id": "Tb_11"}, {"parent_Field": "Fi_3", "parent_Choice_Field": null, "parent_ChoiceGroup": null, "w": 162, "h": 20, "y": 694, "x": 1220, "structure_id": "Tb_12"}, {"parent_Field": "Fi_4", "parent_Choice_Field": null, "parent_ChoiceGroup": null, "w": 129, "h": 20, "y": 694, "x": 104, "structure_id": "Tb_13"}, {"parent_Field": "Fi_5", "parent_Choice_Field": null, "parent_ChoiceGroup": null, "w": 162, "h": 20, "y": 794, "x": 1220, "structure_id": "Tb_14"}, {"parent_Field": "Fi_6", "parent_Choice_Field": null, "parent_ChoiceGroup": null, "w": 93, "h": 20, "y": 694, "x": 720, "structure_id": "Tb_15"}, {"parent_Field": "Fi_7", "parent_Choice_Field": null, "parent_ChoiceGroup": null, "w": 162, "h": 20, "y": 744, "x": 1220, "structure_id": "Tb_16"}, {"parent_Field": "Fi_8", "parent_Choice_Field": null, "parent_ChoiceGroup": null, "w": 93, "h": 20, "y": 794, "x": 720, "structure_id": "Tb_17"}, {"parent_Field": "Fi_9", "parent_Choice_Field": null, "parent_ChoiceGroup": null, "w": 93, "h": 20, "y": 744, "x": 720, "structure_id": "Tb_18"}, {"parent_Field": "Fi_10", "parent_Choice_Field": null, "parent_ChoiceGroup": null, "w": 129, "h": 20, "y": 744, "x": 104, "structure_id": "Tb_19"}, {"parent_Field": null, "parent_Choice_Field": null, "parent_ChoiceGroup": null, "w": 235, "h": 21, "y": 550, "x": 1379, "structure_id": "Tb_20"}, {"parent_Field": null, "parent_Choice_Field": null, "parent_ChoiceGroup": null, "w": 343, "h": 22, "y": 936, "x": 682, "structure_id": "Tb_21"}, {"parent_Field": "Fi_12", "parent_Choice_Field": null, "parent_ChoiceGroup": null, "w": 187, "h": 19, "y": 1574, "x": 317, "structure_id": "Tb_22"}, {"parent_Field": null, "parent_Choice_Field": null, "parent_ChoiceGroup": null, "w": 1240, "h": 20, "y": 1178, "x": 106, "structure_id": "Tb_23"}, {"parent_Field": "Fi_13", "parent_Choice_Field": null, "parent_ChoiceGroup": null, "w": 1180, "h": 22, "y": 968, "x": 104, "structure_id": "Tb_24"}, {"parent_Field": null, "parent_Choice_Field": null, "parent_ChoiceGroup": null, "w": 29, "h": 20, "y": 1180, "x": 1526, "structure_id": "Tb_25"}, {"parent_Field": null, "parent_Choice_Field": null, "parent_ChoiceGroup": "Chgp_2", "w": 569, "h": 22, "y": 1099, "x": 318, "structure_id": "Tb_26"}, {"parent_Field": null, "parent_Choice_Field": "Chf_3", "parent_ChoiceGroup": "Chgp_2", "w": 97, "h": 20, "y": 1138, "x": 152, "structure_id": "Tb_27"}, {"parent_Field": null, "parent_Choice_Field": "Chf_4", "parent_ChoiceGroup": "Chgp_2", "w": 147, "h": 20, "y": 1138, "x": 319, "structure_id": "Tb_28"}, {"parent_Field": null, "parent_Choice_Field": "Chf_5", "parent_ChoiceGroup": "Chgp_2", "w": 56, "h": 20, "y": 1138, "x": 536, "structure_id": "Tb_29"}, {"parent_Field": null, "parent_Choice_Field": "Chf_6", "parent_ChoiceGroup": "Chgp_2", "w": 184, "h": 20, "y": 1138, "x": 669, "structure_id": "Tb_30"}, {"parent_Field": null, "parent_Choice_Field": "Chf_7", "parent_ChoiceGroup": "Chgp_2", "w": 186, "h": 20, "y": 1138, "x": 920, "structure_id": "Tb_31"}, {"parent_Field": null, "parent_Choice_Field": "Chf_8", "parent_ChoiceGroup": "Chgp_2", "w": 73, "h": 20, "y": 1138, "x": 1187, "structure_id": "Tb_32"}, {"parent_Field": null, "parent_Choice_Field": null, "parent_ChoiceGroup": null, "w": 38, "h": 20, "y": 1180, "x": 1410, "structure_id": "Tb_33"}, {"parent_Field": null, "parent_Choice_Field": null, "parent_ChoiceGroup": "Chgp_3", "w": 1133, "h": 20, "y": 1066, "x": 102, "structure_id": "Tb_34"}, {"parent_Field": null, "parent_Choice_Field": "Chf_9", "parent_ChoiceGroup": "Chgp_3", "w": 39, "h": 19, "y": 1100, "x": 152, "structure_id": "Tb_35"}, {"parent_Field": null, "parent_Choice_Field": "Chf_10", "parent_ChoiceGroup": "Chgp_3", "w": 29, "h": 19, "y": 1100, "x": 268, "structure_id": "Tb_36"}, {"parent_Field": null, "parent_Choice_Field": null, "parent_ChoiceGroup": "Chgp_4", "w": 569, "h": 22, "y": 1250, "x": 318, "structure_id": "Tb_37"}, {"parent_Field": null, "parent_Choice_Field": "Chf_11", "parent_ChoiceGroup": "Chgp_4", "w": 97, "h": 19, "y": 1287, "x": 150, "structure_id": "Tb_38"}, {"parent_Field": null, "parent_Choice_Field": "Chf_12", "parent_ChoiceGroup": "Chgp_4", "w": 147, "h": 19, "y": 1287, "x": 316, "structure_id": "Tb_39"}, {"parent_Field": null, "parent_Choice_Field": "Chf_13", "parent_ChoiceGroup": "Chgp_4", "w": 56, "h": 19, "y": 1287, "x": 533, "structure_id": "Tb_40"}, {"parent_Field": null, "parent_Choice_Field": "Chf_14", "parent_ChoiceGroup": "Chgp_4", "w": 184, "h": 19, "y": 1287, "x": 666, "structure_id": "Tb_41"}, {"parent_Field": null, "parent_Choice_Field": "Chf_15", "parent_ChoiceGroup": "Chgp_4", "w": 186, "h": 19, "y": 1287, "x": 916, "structure_id": "Tb_42"}, {"parent_Field": null, "parent_Choice_Field": "Chf_16", "parent_ChoiceGroup": "Chgp_4", "w": 73, "h": 19, "y": 1287, "x": 1183, "structure_id": "Tb_43"}, {"parent_Field": null, "parent_Choice_Field": null, "parent_ChoiceGroup": "Chgp_5", "w": 815, "h": 20, "y": 1217, "x": 101, "structure_id": "Tb_44"}, {"parent_Field": null, "parent_Choice_Field": "Chf_17", "parent_ChoiceGroup": "Chgp_5", "w": 39, "h": 19, "y": 1251, "x": 151, "structure_id": "Tb_45"}, {"parent_Field": null, "parent_Choice_Field": "Chf_18", "parent_ChoiceGroup": "Chgp_5", "w": 29, "h": 19, "y": 1251, "x": 268, "structure_id": "Tb_46"}, {"parent_Field": null, "parent_Choice_Field": null, "parent_ChoiceGroup": "Chgp_6", "w": 592, "h": 22, "y": 1356, "x": 317, "structure_id": "Tb_47"}, {"parent_Field": null, "parent_Choice_Field": "Chf_19", "parent_ChoiceGroup": "Chgp_6", "w": 456, "h": 22, "y": 1389, "x": 200, "structure_id": "Tb_48"}, {"parent_Field": null, "parent_Choice_Field": "Chf_20", "parent_ChoiceGroup": "Chgp_6", "w": 451, "h": 19, "y": 1424, "x": 200, "structure_id": "Tb_49"}, {"parent_Field": null, "parent_Choice_Field": "Chf_21", "parent_ChoiceGroup": "Chgp_6", "w": 233, "h": 19, "y": 1457, "x": 200, "structure_id": "Tb_50"}, {"parent_Field": null, "parent_Choice_Field": "Chf_22", "parent_ChoiceGroup": "Chgp_6", "w": 45, "h": 20, "y": 1490, "x": 200, "structure_id": "Tb_51"}, {"parent_Field": null, "parent_Choice_Field": "Chf_23", "parent_ChoiceGroup": "Chgp_6", "w": 80, "h": 20, "y": 1390, "x": 733, "structure_id": "Tb_52"}, {"parent_Field": null, "parent_Choice_Field": "Chf_24", "parent_ChoiceGroup": "Chgp_6", "w": 97, "h": 19, "y": 1424, "x": 733, "structure_id": "Tb_53"}, {"parent_Field": null, "parent_Choice_Field": "Chf_25", "parent_ChoiceGroup": "Chgp_6", "w": 238, "h": 19, "y": 1457, "x": 733, "structure_id": "Tb_54"}, {"parent_Field": null, "parent_Choice_Field": "Chf_26", "parent_ChoiceGroup": "Chgp_6", "w": 469, "h": 22, "y": 1489, "x": 733, "structure_id": "Tb_55"}, {"parent_Field": null, "parent_Choice_Field": null, "parent_ChoiceGroup": "Chgp_7", "w": 937, "h": 19, "y": 1324, "x": 100, "structure_id": "Tb_56"}, {"parent_Field": null, "parent_Choice_Field": "Chf_27", "parent_ChoiceGroup": "Chgp_7", "w": 39, "h": 19, "y": 1357, "x": 150, "structure_id": "Tb_57"}, {"parent_Field": null, "parent_Choice_Field": "Chf_28", "parent_ChoiceGroup": "Chgp_7", "w": 29, "h": 19, "y": 1357, "x": 267, "structure_id": "Tb_58"}, {"parent_Field": null, "parent_Choice_Field": null, "parent_ChoiceGroup": "Chgp_8", "w": 1198, "h": 20, "y": 1540, "x": 100, "structure_id": "Tb_59"}, {"parent_Field": null, "parent_Choice_Field": "Chf_29", "parent_ChoiceGroup": "Chgp_8", "w": 39, "h": 19, "y": 1574, "x": 150, "structure_id": "Tb_60"}, {"parent_Field": null, "parent_Choice_Field": "Chf_30", "parent_ChoiceGroup": "Chgp_8", "w": 29, "h": 19, "y": 1574, "x": 267, "structure_id": "Tb_61"}, {"parent_Field": null, "parent_Choice_Field": null, "parent_ChoiceGroup": null, "w": 818, "h": 22, "y": 1624, "x": 441, "structure_id": "Tb_62"}, {"parent_Field": null, "parent_Choice_Field": null, "parent_ChoiceGroup": null, "w": 955, "h": 22, "y": 1656, "x": 100, "structure_id": "Tb_63"}, {"parent_Field": null, "parent_Choice_Field": null, "parent_ChoiceGroup": "Chgp_9", "w": 119, "h": 20, "y": 1690, "x": 100, "structure_id": "Tb_64"}, {"parent_Field": null, "parent_Choice_Field": "Chf_31", "parent_ChoiceGroup": "Chgp_9", "w": 79, "h": 19, "y": 1724, "x": 150, "structure_id": "Tb_65"}, {"parent_Field": null, "parent_Choice_Field": "Chf_32", "parent_ChoiceGroup": "Chgp_9", "w": 317, "h": 42, "y": 1721, "x": 300, "structure_id": "Tb_66"}, {"parent_Field": null, "parent_Choice_Field": "Chf_33", "parent_ChoiceGroup": "Chgp_9", "w": 334, "h": 42, "y": 1721, "x": 683, "structure_id": "Tb_67"}, {"parent_Field": null, "parent_Choice_Field": "Chf_34", "parent_ChoiceGroup": "Chgp_9", "w": 217, "h": 42, "y": 1721, "x": 1083, "structure_id": "Tb_68"}, {"parent_Field": null, "parent_Choice_Field": "Chf_35", "parent_ChoiceGroup": "Chgp_9", "w": 216, "h": 42, "y": 1721, "x": 1367, "structure_id": "Tb_69"}, {"parent_Field": null, "parent_Choice_Field": "Chf_36", "parent_ChoiceGroup": "Chgp_9", "w": 510, "h": 23.0, "y": 1769.03125, "x": 147, "structure_id": "Tb_70"}, {"parent_Field": null, "parent_Choice_Field": "Chf_37", "parent_ChoiceGroup": "Chgp_9", "w": 412, "h": 24.0, "y": 1769.03125, "x": 714, "structure_id": "Tb_71"}, {"parent_Field": null, "parent_Choice_Field": "Chf_38", "parent_ChoiceGroup": "Chgp_9", "w": 432, "h": 26.0, "y": 1769.03125, "x": 1177, "structure_id": "Tb_72"}, {"parent_Field": null, "parent_Choice_Field": null, "parent_ChoiceGroup": "Chgp_10", "w": 117, "h": 19, "y": 1824, "x": 100, "structure_id": "Tb_73"}, {"parent_Field": null, "parent_Choice_Field": "Chf_39", "parent_ChoiceGroup": "Chgp_10", "w": 218, "h": 19, "y": 1857, "x": 150, "structure_id": "Tb_74"}, {"parent_Field": null, "parent_Choice_Field": "Chf_40", "parent_ChoiceGroup": "Chgp_10", "w": 396, "h": 41, "y": 1855, "x": 433, "structure_id": "Tb_75"}, {"parent_Field": null, "parent_Choice_Field": "Chf_41", "parent_ChoiceGroup": "Chgp_10", "w": 183, "h": 42, "y": 1854, "x": 900, "structure_id": "Tb_76"}, {"parent_Field": null, "parent_Choice_Field": "Chf_42", "parent_ChoiceGroup": "Chgp_10", "w": 184, "h": 41, "y": 1855, "x": 1167, "structure_id": "Tb_77"}, {"parent_Field": null, "parent_Choice_Field": null, "parent_ChoiceGroup": "Chgp_11", "w": 112, "h": 19, "y": 1907, "x": 100, "structure_id": "Tb_78"}, {"parent_Field": null, "parent_Choice_Field": "Chf_43", "parent_ChoiceGroup": "Chgp_11", "w": 110, "h": 20, "y": 1940, "x": 150, "structure_id": "Tb_79"}, {"parent_Field": null, "parent_Choice_Field": "Chf_44", "parent_ChoiceGroup": "Chgp_11", "w": 300, "h": 64, "y": 1935, "x": 317, "structure_id": "Tb_80"}, {"parent_Field": null, "parent_Choice_Field": "Chf_45", "parent_ChoiceGroup": "Chgp_11", "w": 143, "h": 64, "y": 1935, "x": 683, "structure_id": "Tb_81"}, {"parent_Field": null, "parent_Choice_Field": "Chf_46", "parent_ChoiceGroup": "Chgp_11", "w": 133, "h": 64, "y": 1935, "x": 883, "structure_id": "Tb_82"}, {"parent_Field": null, "parent_Choice_Field": "Chf_47", "parent_ChoiceGroup": "Chgp_11", "w": 321, "h": 65, "y": 1937, "x": 1083, "structure_id": "Tb_83"}, {"parent_Field": null, "parent_Choice_Field": "Chf_48", "parent_ChoiceGroup": "Chgp_11", "w": 120, "h": 42, "y": 1938, "x": 1467, "structure_id": "Tb_84"}, {"parent_Field": null, "parent_Choice_Field": null, "parent_ChoiceGroup": "Chgp_12", "w": 107, "h": 19, "y": 2024, "x": 100, "structure_id": "Tb_85"}, {"parent_Field": null, "parent_Choice_Field": "Chf_49", "parent_ChoiceGroup": "Chgp_12", "w": 162, "h": 19, "y": 2057, "x": 150, "structure_id": "Tb_86"}, {"parent_Field": null, "parent_Choice_Field": null, "parent_ChoiceGroup": null, "w": 988, "h": 31, "y": 132, "x": 606, "structure_id": "Tb_87"}, {"parent_Field": null, "parent_Choice_Field": null, "parent_ChoiceGroup": null, "w": 94, "h": 42, "y": 2104, "x": 83, "structure_id": "Tb_88"}, {"parent_Field": null, "parent_Choice_Field": null, "parent_ChoiceGroup": null, "w": 71, "h": 22, "y": 2122, "x": 1546, "structure_id": "Tb_89"}, {"parent_Field": null, "parent_Choice_Field": null, "parent_ChoiceGroup": null, "w": 1494, "h": 67, "y": 189, "x": 106, "structure_id": "Tb_90"}, {"parent_Field": null, "parent_Choice_Field": null, "parent_ChoiceGroup": null, "w": 1500, "h": 63, "y": 436, "x": 100, "structure_id": "Tb_91"}, {"parent_Field": "Fi_15", "parent_Choice_Field": null, "parent_ChoiceGroup": null, "w": 476, "h": 19, "y": 351, "x": 103, "structure_id": "Tb_92"}, {"parent_Field": "Fi_16", "parent_Choice_Field": null, "parent_ChoiceGroup": null, "w": 525, "h": 22, "y": 269, "x": 97, "structure_id": "Tb_93"}], "Choice_Field": [{"y": 547.9165354330709, "x": 1213.8000000000002, "structure_id": "Chf_1", "w": 69.19999999999982, "h": 25}, {"y": 547.9165354330709, "x": 1308.0834645669293, "structure_id": "Chf_2", "w": 62.91653543307075, "h": 25}, {"y": 1135.6251968503939, "x": 110.28582677165355, "structure_id": "Chf_3", "w": 138.71417322834645, "h": 25}, {"y": 1135.6251968503939, "x": 277.1779527559055, "structure_id": "Chf_4", "w": 188.8220472440945, "h": 25}, {"y": 1135.6251968503939, "x": 494.1307086614174, "structure_id": "Chf_5", "w": 97.86929133858263, "h": 25}, {"y": 1135.6251968503939, "x": 627.6503937007874, "structure_id": "Chf_6", "w": 225.3496062992126, "h": 25}, {"y": 1135.6251968503939, "x": 877.9803149606299, "structure_id": "Chf_7", "w": 228.01968503937007, "h": 25}, {"y": 1131.4637795275592, "x": 1144.988976377953, "structure_id": "Chf_8", "w": 458.90866141732295, "h": 33.33070866141725}, {"y": 1097.0582677165355, "x": 109.95826771653543, "structure_id": "Chf_9", "w": 81.04173228346457, "h": 25}, {"y": 1097.0582677165355, "x": 226.6275590551181, "structure_id": "Chf_10", "w": 70.3724409448819, "h": 25}, {"y": 1284.1692913385828, "x": 107.8724409448819, "structure_id": "Chf_11", "w": 139.1275590551181, "h": 25}, {"y": 1284.1692913385828, "x": 274.54173228346457, "structure_id": "Chf_12", "w": 188.45826771653543, "h": 25}, {"y": 1284.1692913385828, "x": 491.21102362204726, "structure_id": "Chf_13", "w": 97.78897637795274, "h": 25}, {"y": 1284.1692913385828, "x": 624.5417322834646, "structure_id": "Chf_14", "w": 225.45826771653537, "h": 25}, {"y": 1284.1692913385828, "x": 874.5417322834646, "structure_id": "Chf_15", "w": 227.45826771653537, "h": 25}, {"y": 1280, "x": 1141.2110236220472, "structure_id": "Chf_16", "w": 458.3338582677168, "h": 33.33070866141725}, {"y": 1247.8307086614175, "x": 107.8724409448819, "structure_id": "Chf_17", "w": 82.1275590551181, "h": 25}, {"y": 1247.8307086614175, "x": 226.4944881889764, "structure_id": "Chf_18", "w": 70.50551181102361, "h": 25}, {"y": 1387.5000000000002, "x": 158.32755905511812, "structure_id": "Chf_19", "w": 497.6724409448819, "h": 25}, {"y": 1420.8307086614172, "x": 158.32755905511812, "structure_id": "Chf_20", "w": 492.6724409448819, "h": 25}, {"y": 1454.1614173228347, "x": 158.32755905511812, "structure_id": "Chf_21", "w": 274.6724409448819, "h": 25}, {"y": 1487.5, "x": 158.32755905511812, "structure_id": "Chf_22", "w": 86.67244094488188, "h": 25}, {"y": 1387.4913385826771, "x": 691.6669291338583, "structure_id": "Chf_23", "w": 121.33307086614172, "h": 25}, {"y": 1420.8307086614172, "x": 691.6669291338583, "structure_id": "Chf_24", "w": 138.33307086614172, "h": 25}, {"y": 1454.1614173228347, "x": 691.6669291338583, "structure_id": "Chf_25", "w": 279.3330708661417, "h": 25}, {"y": 1487.4913385826771, "x": 691.6669291338583, "structure_id": "Chf_26", "w": 510.3330708661417, "h": 25}, {"y": 1354.1614173228347, "x": 108.32755905511812, "structure_id": "Chf_27", "w": 80.67244094488188, "h": 25}, {"y": 1354.1614173228347, "x": 224.99685039370078, "structure_id": "Chf_28", "w": 71.00314960629922, "h": 25}, {"y": 1570.8307086614172, "x": 108.32755905511812, "structure_id": "Chf_29", "w": 80.67244094488188, "h": 25}, {"y": 1570.8307086614172, "x": 224.99685039370078, "structure_id": "Chf_30", "w": 71.00314960629922, "h": 25}, {"y": 1720.8307086614175, "x": 108.32755905511812, "structure_id": "Chf_31", "w": 120.67244094488188, "h": 25}, {"y": 1720.8307086614175, "x": 258.3275590551181, "structure_id": "Chf_32", "w": 358.6724409448819, "h": 42.169291338582525}, {"y": 1720.8307086614175, "x": 641.6669291338583, "structure_id": "Chf_33", "w": 375.3330708661417, "h": 42.169291338582525}, {"y": 1720.8307086614175, "x": 1041.6669291338583, "structure_id": "Chf_34", "w": 258.3330708661417, "h": 42.169291338582525}, {"y": 1720.8307086614175, "x": 1324.9968503937007, "structure_id": "Chf_35", "w": 258.0031496062993, "h": 42.169291338582525}, {"y": 1769.03125, "x": 108.32755905511812, "structure_id": "Chf_36", "w": 548.6724409448818, "h": 26.799458661417475}, {"y": 1769.03125, "x": 674.9968503937008, "structure_id": "Chf_37", "w": 451.0031496062992, "h": 26.799458661417475}, {"y": 1769.03125, "x": 1141.6669291338583, "structure_id": "Chf_38", "w": 467.3330708661417, "h": 26.799458661417475}, {"y": 1854.1614173228347, "x": 108.32755905511812, "structure_id": "Chf_39", "w": 259.6724409448819, "h": 25}, {"y": 1854.1614173228347, "x": 391.6669291338583, "structure_id": "Chf_40", "w": 437.3330708661417, "h": 41.83858267716528}, {"y": 1854, "x": 858.3362204724409, "structure_id": "Chf_41", "w": 224.6637795275591, "h": 42}, {"y": 1854.1614173228347, "x": 1124.9968503937007, "structure_id": "Chf_42", "w": 226.0031496062993, "h": 41.83858267716528}, {"y": 1937.5, "x": 108.32755905511812, "structure_id": "Chf_43", "w": 151.67244094488188, "h": 25}, {"y": 1935, "x": 274.9968503937008, "structure_id": "Chf_44", "w": 342.0031496062992, "h": 64}, {"y": 1935, "x": 641.6669291338583, "structure_id": "Chf_45", "w": 184.33307086614172, "h": 64}, {"y": 1935, "x": 841.6669291338584, "structure_id": "Chf_46", "w": 174.3330708661416, "h": 64}, {"y": 1937, "x": 1041.6669291338583, "structure_id": "Chf_47", "w": 362.3330708661417, "h": 65}, {"y": 1937.5, "x": 1424.9968503937007, "structure_id": "Chf_48", "w": 162.0031496062993, "h": 42.5}, {"y": 2050, "x": 108.32755905511812, "structure_id": "Chf_49", "w": 1494.3251968503937, "h": 33.33070866141725}], "Field": [{"y": 836, "x": 103.66141732283465, "structure_id": "Fi_1", "w": 1500, "h": 92.79448818897629}, {"y": 778.7944881889764, "x": 104, "structure_id": "Fi_2", "w": 582.992125984252, "h": 50}, {"y": 678.7944881889764, "x": 1220, "structure_id": "Fi_3", "w": 383.6614173228347, "h": 50}, {"y": 678.7944881889764, "x": 104, "structure_id": "Fi_4", "w": 582.992125984252, "h": 50}, {"y": 778.7944881889764, "x": 1220, "structure_id": "Fi_5", "w": 383.6614173228347, "h": 50}, {"y": 678.7944881889764, "x": 720, "structure_id": "Fi_6", "w": 467.2779527559055, "h": 50}, {"y": 728.7944881889764, "x": 1220, "structure_id": "Fi_7", "w": 383.6614173228347, "h": 50}, {"y": 778.7944881889764, "x": 720, "structure_id": "Fi_8", "w": 467.2779527559055, "h": 50}, {"y": 728.7944881889764, "x": 720, "structure_id": "Fi_9", "w": 467.2779527559055, "h": 50}, {"y": 728.7944881889764, "x": 104, "structure_id": "Fi_10", "w": 582.992125984252, "h": 50}, {"y": 1177.4692913385827, "x": 1484.5637795275593, "structure_id": "Fi_11", "w": 25, "h": 25}, {"y": 1566.6614173228347, "x": 317, "structure_id": "Fi_12", "w": 1283, "h": 33.33070866141725}, {"y": 968, "x": 103.66141732283465, "structure_id": "Fi_13", "w": 1500, "h": 94.12440944881905}, {"y": 1177.4692913385827, "x": 1367.8944881889765, "structure_id": "Fi_14", "w": 25, "h": 25}, {"y": 351, "x": 103, "structure_id": "Fi_15", "w": 521.0472440944883, "h": 70.87165354330705}, {"y": 269, "x": 97, "structure_id": "Fi_16", "w": 1521.7692913385827, "h": 70.54173228346463}], "TextRun": [{"parent_TextBlock": "Tb_1", "text": "OMB Control No. 2900-0778", "parent_Field": null, "parent_Choice_Field": null, "parent_ChoiceGroup": null, "w": 236, "h": 19, "y": 50, "x": 1361, "structure_id": "Tr_1"}, {"parent_TextBlock": "Tb_1", "text": "Respondent Burden: 15 Minutes", "parent_Field": null, "parent_Choice_Field": null, "parent_ChoiceGroup": null, "w": 256, "h": 20, "y": 69, "x": 1361, "structure_id": "Tr_2"}, {"parent_TextBlock": "Tb_1", "text": "Expiration Date:  09/30/2019", "parent_Field": null, "parent_Choice_Field": null, "parent_ChoiceGroup": null, "w": 227, "h": 19, "y": 89, "x": 1361, "structure_id": "Tr_3"}, {"parent_TextBlock": "Tb_2", "text": "21-0960G-6", "parent_Field": null, "parent_Choice_Field": null, "parent_ChoiceGroup": null, "w": 178, "h": 34, "y": 2108, "x": 200, "structure_id": "Tr_4"}, {"parent_TextBlock": "Tb_3", "text": "SUPERSEDES VA FORM 21-0960G-6, OCT 2012,", "parent_Field": null, "parent_Choice_Field": null, "parent_ChoiceGroup": null, "w": 447, "h": 19, "y": 2104, "x": 600, "structure_id": "Tr_5"}, {"parent_TextBlock": "Tb_3", "text": "WHICH WILL NOT BE USED.", "parent_Field": null, "parent_Choice_Field": null, "parent_ChoiceGroup": null, "w": 259, "h": 19, "y": 2127, "x": 600, "structure_id": "Tr_6"}, {"parent_TextBlock": "Tb_4", "text": "SECTION I - DIAGNOSIS", "parent_Field": null, "parent_Choice_Field": null, "parent_ChoiceGroup": null, "w": 255, "h": 23, "y": 515, "x": 725, "structure_id": "Tr_7"}, {"parent_TextBlock": "Tb_5", "text": "1C. IF THERE ARE ADDITIONAL DIAGNOSES THAT PERTAIN TO PERITONEAL ADHESIONS, LIST USING ABOVE FORMAT:", "parent_Field": "Fi_1", "parent_Choice_Field": null, "parent_ChoiceGroup": null, "w": 1123, "h": 19, "y": 836, "x": 104, "structure_id": "Tr_8"}, {"parent_TextBlock": "Tb_6", "text": "NOTE:", "parent_Field": null, "parent_Choice_Field": null, "parent_ChoiceGroup": null, "w": 71, "h": 19, "y": 586, "x": 109, "structure_id": "Tr_9"}, {"parent_TextBlock": "Tb_6", "text": "These are the diagnoses determined during this current evaluation of the claimed condition(s) listed below.  If there is no diagnosis, if the diagnosis is different from a previous", "parent_Field": null, "parent_Choice_Field": null, "parent_ChoiceGroup": null, "w": 1369, "h": 19, "y": 586, "x": 180, "structure_id": "Tr_10"}, {"parent_TextBlock": "Tb_6", "text": "diagnosis for this condition, or if there is a diagnosis of a complication due to the claimed condition, explain your findings and reasons in the Remarks section.  Date of diagnosis can be the date", "parent_Field": null, "parent_Choice_Field": null, "parent_ChoiceGroup": null, "w": 1505, "h": 20, "y": 605, "x": 109, "structure_id": "Tr_11"}, {"parent_TextBlock": "Tb_6", "text": "of the evaluation if the clinician is making the initial diagnosis, or an approximate date is determined through record review or reported history.", "parent_Field": null, "parent_Choice_Field": null, "parent_ChoiceGroup": null, "w": 1117, "h": 19, "y": 625, "x": 109, "structure_id": "Tr_12"}, {"parent_TextBlock": "Tb_7", "text": "1A. DOES THE VETERAN NOW HAVE OR HAS HE OR SHE EVER BEEN DIAGNOSED WITH A PERITONEAL ADHESION?", "parent_Field": null, "parent_Choice_Field": null, "parent_ChoiceGroup": "Chgp_1", "w": 1093, "h": 19, "y": 550, "x": 107, "structure_id": "Tr_13"}, {"parent_TextBlock": "Tb_8", "text": "YES", "parent_Field": null, "parent_Choice_Field": "Chf_1", "parent_ChoiceGroup": "Chgp_1", "w": 39, "h": 19, "y": 551, "x": 1244, "structure_id": "Tr_14"}, {"parent_TextBlock": "Tb_9", "text": "NO", "parent_Field": null, "parent_Choice_Field": "Chf_2", "parent_ChoiceGroup": "Chgp_1", "w": 30, "h": 19, "y": 551, "x": 1341, "structure_id": "Tr_15"}, {"parent_TextBlock": "Tb_10", "text": "Diagnosis # 3 -", "parent_Field": "Fi_2", "parent_Choice_Field": null, "parent_ChoiceGroup": null, "w": 129, "h": 20, "y": 794, "x": 104, "structure_id": "Tr_16"}, {"parent_TextBlock": "Tb_11", "text": "1B. PROVIDE ONLY DIAGNOSES THAT PERTAIN TO PERITONEAL ADHESIONS:", "parent_Field": null, "parent_Choice_Field": null, "parent_ChoiceGroup": null, "w": 733, "h": 20, "y": 652, "x": 104, "structure_id": "Tr_17"}, {"parent_TextBlock": "Tb_12", "text": "Date of diagnosis -", "parent_Field": "Fi_3", "parent_Choice_Field": null, "parent_ChoiceGroup": null, "w": 162, "h": 20, "y": 694, "x": 1220, "structure_id": "Tr_18"}, {"parent_TextBlock": "Tb_13", "text": "Diagnosis # 1 -", "parent_Field": "Fi_4", "parent_Choice_Field": null, "parent_ChoiceGroup": null, "w": 129, "h": 20, "y": 694, "x": 104, "structure_id": "Tr_19"}, {"parent_TextBlock": "Tb_14", "text": "Date of diagnosis -", "parent_Field": "Fi_5", "parent_Choice_Field": null, "parent_ChoiceGroup": null, "w": 162, "h": 20, "y": 794, "x": 1220, "structure_id": "Tr_20"}, {"parent_TextBlock": "Tb_15", "text": "ICD code -", "parent_Field": "Fi_6", "parent_Choice_Field": null, "parent_ChoiceGroup": null, "w": 93, "h": 20, "y": 694, "x": 720, "structure_id": "Tr_21"}, {"parent_TextBlock": "Tb_16", "text": "Date of diagnosis -", "parent_Field": "Fi_7", "parent_Choice_Field": null, "parent_ChoiceGroup": null, "w": 162, "h": 20, "y": 744, "x": 1220, "structure_id": "Tr_22"}, {"parent_TextBlock": "Tb_17", "text": "ICD code -", "parent_Field": "Fi_8", "parent_Choice_Field": null, "parent_ChoiceGroup": null, "w": 93, "h": 20, "y": 794, "x": 720, "structure_id": "Tr_23"}, {"parent_TextBlock": "Tb_18", "text": "ICD code -", "parent_Field": "Fi_9", "parent_Choice_Field": null, "parent_ChoiceGroup": null, "w": 93, "h": 20, "y": 744, "x": 720, "structure_id": "Tr_24"}, {"parent_TextBlock": "Tb_19", "text": "Diagnosis # 2 -", "parent_Field": "Fi_10", "parent_Choice_Field": null, "parent_ChoiceGroup": null, "w": 129, "h": 20, "y": 744, "x": 104, "structure_id": "Tr_25"}, {"parent_TextBlock": "Tb_20", "text": "(If \"Yes,\" complete Item 1B)", "parent_Field": null, "parent_Choice_Field": null, "parent_ChoiceGroup": null, "w": 235, "h": 21, "y": 550, "x": 1379, "structure_id": "Tr_26"}, {"parent_TextBlock": "Tb_21", "text": "SECTION II - MEDICAL HISTORY", "parent_Field": null, "parent_Choice_Field": null, "parent_ChoiceGroup": null, "w": 343, "h": 22, "y": 936, "x": 682, "structure_id": "Tr_27"}, {"parent_TextBlock": "Tb_22", "text": "LIST MEDICATIONS:", "parent_Field": "Fi_12", "parent_Choice_Field": null, "parent_ChoiceGroup": null, "w": 187, "h": 19, "y": 1574, "x": 317, "structure_id": "Tr_28"}, {"parent_TextBlock": "Tb_23", "text": "2C. HAS THE VETERAN HAD SEVERE PERITONITIS, RUPTURED APPENDIX, PERFORATED ULCER OR OPERATION WITH DRAINAGE?", "parent_Field": null, "parent_Choice_Field": null, "parent_ChoiceGroup": null, "w": 1240, "h": 20, "y": 1178, "x": 106, "structure_id": "Tr_29"}, {"parent_TextBlock": "Tb_24", "text": "2A. DESCRIBE THE HISTORY", "parent_Field": "Fi_13", "parent_Choice_Field": null, "parent_ChoiceGroup": null, "w": 275, "h": 19, "y": 970, "x": 104, "structure_id": "Tr_30"}, {"parent_TextBlock": "Tb_24", "text": "(including cause, onset and course)", "parent_Field": "Fi_13", "parent_Choice_Field": null, "parent_ChoiceGroup": null, "w": 317, "h": 22, "y": 968, "x": 379, "structure_id": "Tr_31"}, {"parent_TextBlock": "Tb_24", "text": "OF THE VETERAN'S PERITONEAL ADHESIONS", "parent_Field": "Fi_13", "parent_Choice_Field": null, "parent_ChoiceGroup": null, "w": 444, "h": 19, "y": 970, "x": 696, "structure_id": "Tr_32"}, {"parent_TextBlock": "Tb_24", "text": "(brief summary)", "parent_Field": "Fi_13", "parent_Choice_Field": null, "parent_ChoiceGroup": null, "w": 144, "h": 22, "y": 968, "x": 1140, "structure_id": "Tr_33"}, {"parent_TextBlock": "Tb_25", "text": "NO", "parent_Field": null, "parent_Choice_Field": null, "parent_ChoiceGroup": null, "w": 29, "h": 20, "y": 1180, "x": 1526, "structure_id": "Tr_34"}, {"parent_TextBlock": "Tb_26", "text": "IF YES, INDICATE ORGAN(S) AFFECTED", "parent_Field": null, "parent_Choice_Field": null, "parent_ChoiceGroup": "Chgp_2", "w": 379, "h": 20, "y": 1101, "x": 318, "structure_id": "Tr_35"}, {"parent_TextBlock": "Tb_26", "text": "(check all that apply)", "parent_Field": null, "parent_Choice_Field": null, "parent_ChoiceGroup": "Chgp_2", "w": 190, "h": 22, "y": 1099, "x": 697, "structure_id": "Tr_36"}, {"parent_TextBlock": "Tb_27", "text": "STOMACH", "parent_Field": null, "parent_Choice_Field": "Chf_3", "parent_ChoiceGroup": "Chgp_2", "w": 97, "h": 20, "y": 1138, "x": 152, "structure_id": "Tr_37"}, {"parent_TextBlock": "Tb_28", "text": "GALL BLADDER", "parent_Field": null, "parent_Choice_Field": "Chf_4", "parent_ChoiceGroup": "Chgp_2", "w": 147, "h": 20, "y": 1138, "x": 319, "structure_id": "Tr_38"}, {"parent_TextBlock": "Tb_29", "text": "LIVER", "parent_Field": null, "parent_Choice_Field": "Chf_5", "parent_ChoiceGroup": "Chgp_2", "w": 56, "h": 20, "y": 1138, "x": 536, "structure_id": "Tr_39"}, {"parent_TextBlock": "Tb_30", "text": "SMALL INTESTINES", "parent_Field": null, "parent_Choice_Field": "Chf_6", "parent_ChoiceGroup": "Chgp_2", "w": 184, "h": 20, "y": 1138, "x": 669, "structure_id": "Tr_40"}, {"parent_TextBlock": "Tb_31", "text": "LARGE INTESTINES", "parent_Field": null, "parent_Choice_Field": "Chf_7", "parent_ChoiceGroup": "Chgp_2", "w": 186, "h": 20, "y": 1138, "x": 920, "structure_id": "Tr_41"}, {"parent_TextBlock": "Tb_32", "text": "OTHER:", "parent_Field": null, "parent_Choice_Field": "Chf_8", "parent_ChoiceGroup": "Chgp_2", "w": 73, "h": 20, "y": 1138, "x": 1187, "structure_id": "Tr_42"}, {"parent_TextBlock": "Tb_33", "text": "YES", "parent_Field": null, "parent_Choice_Field": null, "parent_ChoiceGroup": null, "w": 38, "h": 20, "y": 1180, "x": 1410, "structure_id": "Tr_43"}, {"parent_TextBlock": "Tb_34", "text": "2B. DOES THE VETERAN HAVE A HISTORY OF OPERATIVE, TRAUMATIC OR INFECTIOUS (INTRAABDOMINAL) PROCESS?", "parent_Field": null, "parent_Choice_Field": null, "parent_ChoiceGroup": "Chgp_3", "w": 1133, "h": 20, "y": 1066, "x": 102, "structure_id": "Tr_44"}, {"parent_TextBlock": "Tb_35", "text": "YES", "parent_Field": null, "parent_Choice_Field": "Chf_9", "parent_ChoiceGroup": "Chgp_3", "w": 39, "h": 19, "y": 1100, "x": 152, "structure_id": "Tr_45"}, {"parent_TextBlock": "Tb_36", "text": "NO", "parent_Field": null, "parent_Choice_Field": "Chf_10", "parent_ChoiceGroup": "Chgp_3", "w": 29, "h": 19, "y": 1100, "x": 268, "structure_id": "Tr_46"}, {"parent_TextBlock": "Tb_37", "text": "IF YES, INDICATE ORGAN(S) AFFECTED", "parent_Field": null, "parent_Choice_Field": null, "parent_ChoiceGroup": "Chgp_4", "w": 374, "h": 19, "y": 1252, "x": 318, "structure_id": "Tr_47"}, {"parent_TextBlock": "Tb_37", "text": "(check all that apply)", "parent_Field": null, "parent_Choice_Field": null, "parent_ChoiceGroup": "Chgp_4", "w": 195, "h": 22, "y": 1250, "x": 692, "structure_id": "Tr_48"}, {"parent_TextBlock": "Tb_38", "text": "STOMACH", "parent_Field": null, "parent_Choice_Field": "Chf_11", "parent_ChoiceGroup": "Chgp_4", "w": 97, "h": 19, "y": 1287, "x": 150, "structure_id": "Tr_49"}, {"parent_TextBlock": "Tb_39", "text": "GALL BLADDER", "parent_Field": null, "parent_Choice_Field": "Chf_12", "parent_ChoiceGroup": "Chgp_4", "w": 147, "h": 19, "y": 1287, "x": 316, "structure_id": "Tr_50"}, {"parent_TextBlock": "Tb_40", "text": "LIVER", "parent_Field": null, "parent_Choice_Field": "Chf_13", "parent_ChoiceGroup": "Chgp_4", "w": 56, "h": 19, "y": 1287, "x": 533, "structure_id": "Tr_51"}, {"parent_TextBlock": "Tb_41", "text": "SMALL INTESTINES", "parent_Field": null, "parent_Choice_Field": "Chf_14", "parent_ChoiceGroup": "Chgp_4", "w": 184, "h": 19, "y": 1287, "x": 666, "structure_id": "Tr_52"}, {"parent_TextBlock": "Tb_42", "text": "LARGE INTESTINES", "parent_Field": null, "parent_Choice_Field": "Chf_15", "parent_ChoiceGroup": "Chgp_4", "w": 186, "h": 19, "y": 1287, "x": 916, "structure_id": "Tr_53"}, {"parent_TextBlock": "Tb_43", "text": "OTHER:", "parent_Field": null, "parent_Choice_Field": "Chf_16", "parent_ChoiceGroup": "Chgp_4", "w": 73, "h": 19, "y": 1287, "x": 1183, "structure_id": "Tr_54"}, {"parent_TextBlock": "Tb_44", "text": "2D. DOES THE VETERAN HAVE A CURRENT DIAGNOSIS OF PERITONEAL ADHESIONS?", "parent_Field": null, "parent_Choice_Field": null, "parent_ChoiceGroup": "Chgp_5", "w": 815, "h": 20, "y": 1217, "x": 101, "structure_id": "Tr_55"}, {"parent_TextBlock": "Tb_45", "text": "YES", "parent_Field": null, "parent_Choice_Field": "Chf_17", "parent_ChoiceGroup": "Chgp_5", "w": 39, "h": 19, "y": 1251, "x": 151, "structure_id": "Tr_56"}, {"parent_TextBlock": "Tb_46", "text": "NO", "parent_Field": null, "parent_Choice_Field": "Chf_18", "parent_ChoiceGroup": "Chgp_5", "w": 29, "h": 19, "y": 1251, "x": 268, "structure_id": "Tr_57"}, {"parent_TextBlock": "Tb_47", "text": "IF YES, INDICATE SIGNS AND SYMPTOMS:", "parent_Field": null, "parent_Choice_Field": null, "parent_ChoiceGroup": "Chgp_6", "w": 397, "h": 19, "y": 1358, "x": 317, "structure_id": "Tr_58"}, {"parent_TextBlock": "Tb_47", "text": "(check all that apply)", "parent_Field": null, "parent_Choice_Field": null, "parent_ChoiceGroup": "Chgp_6", "w": 195, "h": 22, "y": 1356, "x": 714, "structure_id": "Tr_59"}, {"parent_TextBlock": "Tb_48", "text": "DELAYED MOTILITY OF BARIUM MEAL", "parent_Field": null, "parent_Choice_Field": "Chf_19", "parent_ChoiceGroup": "Chgp_6", "w": 363, "h": 19, "y": 1391, "x": 200, "structure_id": "Tr_60"}, {"parent_TextBlock": "Tb_48", "text": "(on X-ray)", "parent_Field": null, "parent_Choice_Field": "Chf_19", "parent_ChoiceGroup": "Chgp_6", "w": 93, "h": 22, "y": 1389, "x": 563, "structure_id": "Tr_61"}, {"parent_TextBlock": "Tb_49", "text": "PARTIAL OR COMPLETE BOWEL OBSTRUCTION", "parent_Field": null, "parent_Choice_Field": "Chf_20", "parent_ChoiceGroup": "Chgp_6", "w": 451, "h": 19, "y": 1424, "x": 200, "structure_id": "Tr_62"}, {"parent_TextBlock": "Tb_50", "text": "REFLEX DISTURBANCES", "parent_Field": null, "parent_Choice_Field": "Chf_21", "parent_ChoiceGroup": "Chgp_6", "w": 233, "h": 19, "y": 1457, "x": 200, "structure_id": "Tr_63"}, {"parent_TextBlock": "Tb_51", "text": "PAIN", "parent_Field": null, "parent_Choice_Field": "Chf_22", "parent_ChoiceGroup": "Chgp_6", "w": 45, "h": 20, "y": 1490, "x": 200, "structure_id": "Tr_64"}, {"parent_TextBlock": "Tb_52", "text": "NAUSEA", "parent_Field": null, "parent_Choice_Field": "Chf_23", "parent_ChoiceGroup": "Chgp_6", "w": 80, "h": 20, "y": 1390, "x": 733, "structure_id": "Tr_65"}, {"parent_TextBlock": "Tb_53", "text": "VOMITING", "parent_Field": null, "parent_Choice_Field": "Chf_24", "parent_ChoiceGroup": "Chgp_6", "w": 97, "h": 19, "y": 1424, "x": 733, "structure_id": "Tr_66"}, {"parent_TextBlock": "Tb_54", "text": "ABDOMINAL DISTENTION", "parent_Field": null, "parent_Choice_Field": "Chf_25", "parent_ChoiceGroup": "Chgp_6", "w": 238, "h": 19, "y": 1457, "x": 733, "structure_id": "Tr_67"}, {"parent_TextBlock": "Tb_55", "text": "CONSTIPATION", "parent_Field": null, "parent_Choice_Field": "Chf_26", "parent_ChoiceGroup": "Chgp_6", "w": 152, "h": 19, "y": 1491, "x": 733, "structure_id": "Tr_68"}, {"parent_TextBlock": "Tb_55", "text": "(perhaps alternating with diarrhea)", "parent_Field": null, "parent_Choice_Field": "Chf_26", "parent_ChoiceGroup": "Chgp_6", "w": 317, "h": 22, "y": 1489, "x": 885, "structure_id": "Tr_69"}, {"parent_TextBlock": "Tb_56", "text": "2E. DOES THE VETERAN HAVE ANY SIGNS AND/OR SYMPTOMS DUE TO PERITONEAL ADHESIONS?", "parent_Field": null, "parent_Choice_Field": null, "parent_ChoiceGroup": "Chgp_7", "w": 937, "h": 19, "y": 1324, "x": 100, "structure_id": "Tr_70"}, {"parent_TextBlock": "Tb_57", "text": "YES", "parent_Field": null, "parent_Choice_Field": "Chf_27", "parent_ChoiceGroup": "Chgp_7", "w": 39, "h": 19, "y": 1357, "x": 150, "structure_id": "Tr_71"}, {"parent_TextBlock": "Tb_58", "text": "NO", "parent_Field": null, "parent_Choice_Field": "Chf_28", "parent_ChoiceGroup": "Chgp_7", "w": 29, "h": 19, "y": 1357, "x": 267, "structure_id": "Tr_72"}, {"parent_TextBlock": "Tb_59", "text": "2F. DOES THE VETERAN'S TREATMENT PLAN INCLUDE TAKING CONTINUOUS MEDICATION FOR THE DIAGNOSED CONDITION?", "parent_Field": null, "parent_Choice_Field": null, "parent_ChoiceGroup": "Chgp_8", "w": 1198, "h": 20, "y": 1540, "x": 100, "structure_id": "Tr_73"}, {"parent_TextBlock": "Tb_60", "text": "YES", "parent_Field": null, "parent_Choice_Field": "Chf_29", "parent_ChoiceGroup": "Chgp_8", "w": 39, "h": 19, "y": 1574, "x": 150, "structure_id": "Tr_74"}, {"parent_TextBlock": "Tb_61", "text": "NO", "parent_Field": null, "parent_Choice_Field": "Chf_30", "parent_ChoiceGroup": "Chgp_8", "w": 29, "h": 19, "y": 1574, "x": 267, "structure_id": "Tr_75"}, {"parent_TextBlock": "Tb_62", "text": "SECTION III - SEVERITY OF MANIFESTATIONS OF PERITONEAL ADHESIONS", "parent_Field": null, "parent_Choice_Field": null, "parent_ChoiceGroup": null, "w": 818, "h": 22, "y": 1624, "x": 441, "structure_id": "Tr_76"}, {"parent_TextBlock": "Tb_63", "text": "NOTE\u00c2\u00a0-", "parent_Field": null, "parent_Choice_Field": null, "parent_ChoiceGroup": null, "w": 76, "h": 22, "y": 1656, "x": 100, "structure_id": "Tr_77"}, {"parent_TextBlock": "Tb_63", "text": "Indicate level of severity of signs and/or symptoms, if present:", "parent_Field": null, "parent_Choice_Field": null, "parent_ChoiceGroup": null, "w": 566, "h": 22, "y": 1656, "x": 176, "structure_id": "Tr_78"}, {"parent_TextBlock": "Tb_63", "text": "(Check all that apply in each level)", "parent_Field": null, "parent_Choice_Field": null, "parent_ChoiceGroup": null, "w": 313, "h": 22, "y": 1656, "x": 742, "structure_id": "Tr_79"}, {"parent_TextBlock": "Tb_64", "text": "3A. LEVEL IV", "parent_Field": null, "parent_Choice_Field": null, "parent_ChoiceGroup": "Chgp_9", "w": 119, "h": 20, "y": 1690, "x": 100, "structure_id": "Tr_80"}, {"parent_TextBlock": "Tb_65", "text": "SEVERE", "parent_Field": null, "parent_Choice_Field": "Chf_31", "parent_ChoiceGroup": "Chgp_9", "w": 79, "h": 19, "y": 1724, "x": 150, "structure_id": "Tr_81"}, {"parent_TextBlock": "Tb_66", "text": "DEFINITE PARTIAL", "parent_Field": null, "parent_Choice_Field": "Chf_32", "parent_ChoiceGroup": "Chgp_9", "w": 180, "h": 20, "y": 1721, "x": 300, "structure_id": "Tr_82"}, {"parent_TextBlock": "Tb_66", "text": "OBSTRUCTION SHOWN BY X-RAY", "parent_Field": null, "parent_Choice_Field": "Chf_32", "parent_ChoiceGroup": "Chgp_9", "w": 317, "h": 19, "y": 1744, "x": 300, "structure_id": "Tr_83"}, {"parent_TextBlock": "Tb_67", "text": "FREQUENT EPISODES OF SEVERE", "parent_Field": null, "parent_Choice_Field": "Chf_33", "parent_ChoiceGroup": "Chgp_9", "w": 334, "h": 20, "y": 1721, "x": 683, "structure_id": "Tr_84"}, {"parent_TextBlock": "Tb_67", "text": "COLIC DISTENSION", "parent_Field": null, "parent_Choice_Field": "Chf_33", "parent_ChoiceGroup": "Chgp_9", "w": 184, "h": 19, "y": 1744, "x": 683, "structure_id": "Tr_85"}, {"parent_TextBlock": "Tb_68", "text": "FREQUENT EPISODES", "parent_Field": null, "parent_Choice_Field": "Chf_34", "parent_ChoiceGroup": "Chgp_9", "w": 217, "h": 20, "y": 1721, "x": 1083, "structure_id": "Tr_86"}, {"parent_TextBlock": "Tb_68", "text": "OF SEVERE NAUSEA\u00c2\u00a0", "parent_Field": null, "parent_Choice_Field": "Chf_34", "parent_ChoiceGroup": "Chgp_9", "w": 202, "h": 19, "y": 1744, "x": 1083, "structure_id": "Tr_87"}, {"parent_TextBlock": "Tb_69", "text": "FREQUENT EPISODES", "parent_Field": null, "parent_Choice_Field": "Chf_35", "parent_ChoiceGroup": "Chgp_9", "w": 216, "h": 20, "y": 1721, "x": 1367, "structure_id": "Tr_88"}, {"parent_TextBlock": "Tb_69", "text": "OF SEVERE VOMITING", "parent_Field": null, "parent_Choice_Field": "Chf_35", "parent_ChoiceGroup": "Chgp_9", "w": 213, "h": 19, "y": 1744, "x": 1367, "structure_id": "Tr_89"}, {"parent_TextBlock": "Tb_70", "parent_Field": null, "parent_Choice_Field": "Chf_36", "parent_ChoiceGroup": "Chgp_9", "w": 510, "h": 23, "y": 1769.03125, "x": 147, "structure_id": "Tr_90"}, {"parent_TextBlock": "Tb_71", "parent_Field": null, "parent_Choice_Field": "Chf_37", "parent_ChoiceGroup": "Chgp_9", "w": 412, "h": 24, "y": 1769.03125, "x": 714, "structure_id": "Tr_91"}, {"parent_TextBlock": "Tb_72", "parent_Field": null, "parent_Choice_Field": "Chf_38", "parent_ChoiceGroup": "Chgp_9", "w": 432, "h": 26, "y": 1769.03125, "x": 1177, "structure_id": "Tr_92"}, {"parent_TextBlock": "Tb_73", "text": "3B. LEVEL III", "parent_Field": null, "parent_Choice_Field": null, "parent_ChoiceGroup": "Chgp_10", "w": 117, "h": 19, "y": 1824, "x": 100, "structure_id": "Tr_93"}, {"parent_TextBlock": "Tb_74", "text": "MODERATELY SEVERE", "parent_Field": null, "parent_Choice_Field": "Chf_39", "parent_ChoiceGroup": "Chgp_10", "w": 218, "h": 19, "y": 1857, "x": 150, "structure_id": "Tr_94"}, {"parent_TextBlock": "Tb_75", "text": "PARTIAL OBSTRUCTION MANIFESTED BY", "parent_Field": null, "parent_Choice_Field": "Chf_40", "parent_ChoiceGroup": "Chgp_10", "w": 396, "h": 19, "y": 1855, "x": 433, "structure_id": "Tr_95"}, {"parent_TextBlock": "Tb_75", "text": "DELAYED MOTILITY OF BARIUM MEAL", "parent_Field": null, "parent_Choice_Field": "Chf_40", "parent_ChoiceGroup": "Chgp_10", "w": 358, "h": 19, "y": 1877, "x": 433, "structure_id": "Tr_96"}, {"parent_TextBlock": "Tb_76", "text": "LESS FREQUENT", "parent_Field": null, "parent_Choice_Field": "Chf_41", "parent_ChoiceGroup": "Chgp_10", "w": 167, "h": 20, "y": 1854, "x": 900, "structure_id": "Tr_97"}, {"parent_TextBlock": "Tb_76", "text": "EPISODES OF PAIN", "parent_Field": null, "parent_Choice_Field": "Chf_41", "parent_ChoiceGroup": "Chgp_10", "w": 183, "h": 19, "y": 1877, "x": 900, "structure_id": "Tr_98"}, {"parent_TextBlock": "Tb_77", "text": "LESS PROLONGED", "parent_Field": null, "parent_Choice_Field": "Chf_42", "parent_ChoiceGroup": "Chgp_10", "w": 184, "h": 19, "y": 1855, "x": 1167, "structure_id": "Tr_99"}, {"parent_TextBlock": "Tb_77", "text": "EPISODES OF PAIN", "parent_Field": null, "parent_Choice_Field": "Chf_42", "parent_ChoiceGroup": "Chgp_10", "w": 182, "h": 19, "y": 1877, "x": 1167, "structure_id": "Tr_100"}, {"parent_TextBlock": "Tb_78", "text": "3C. LEVEL II", "parent_Field": null, "parent_Choice_Field": null, "parent_ChoiceGroup": "Chgp_11", "w": 112, "h": 19, "y": 1907, "x": 100, "structure_id": "Tr_101"}, {"parent_TextBlock": "Tb_79", "text": "MODERATE", "parent_Field": null, "parent_Choice_Field": "Chf_43", "parent_ChoiceGroup": "Chgp_11", "w": 110, "h": 20, "y": 1940, "x": 150, "structure_id": "Tr_102"}, {"parent_TextBlock": "Tb_80", "text": "PULLING PAIN ON ATTEMPTING", "parent_Field": null, "parent_Choice_Field": "Chf_44", "parent_ChoiceGroup": "Chgp_11", "w": 300, "h": 20, "y": 1935, "x": 317, "structure_id": "Tr_103"}, {"parent_TextBlock": "Tb_80", "text": "WORK OR AGGRAVATED BY", "parent_Field": null, "parent_Choice_Field": "Chf_44", "parent_ChoiceGroup": "Chgp_11", "w": 272, "h": 20, "y": 1957, "x": 317, "structure_id": "Tr_104"}, {"parent_TextBlock": "Tb_80", "text": "MOVEMENTS OF THE BODY", "parent_Field": null, "parent_Choice_Field": "Chf_44", "parent_ChoiceGroup": "Chgp_11", "w": 262, "h": 19, "y": 1980, "x": 317, "structure_id": "Tr_105"}, {"parent_TextBlock": "Tb_81", "text": "OCCASIONAL", "parent_Field": null, "parent_Choice_Field": "Chf_45", "parent_ChoiceGroup": "Chgp_11", "w": 133, "h": 20, "y": 1935, "x": 683, "structure_id": "Tr_106"}, {"parent_TextBlock": "Tb_81", "text": "EPISODES", "parent_Field": null, "parent_Choice_Field": "Chf_45", "parent_ChoiceGroup": "Chgp_11", "w": 105, "h": 20, "y": 1957, "x": 683, "structure_id": "Tr_107"}, {"parent_TextBlock": "Tb_81", "text": "OF COLIC PAIN", "parent_Field": null, "parent_Choice_Field": "Chf_45", "parent_ChoiceGroup": "Chgp_11", "w": 143, "h": 19, "y": 1980, "x": 683, "structure_id": "Tr_108"}, {"parent_TextBlock": "Tb_82", "text": "OCCASIONAL", "parent_Field": null, "parent_Choice_Field": "Chf_46", "parent_ChoiceGroup": "Chgp_11", "w": 133, "h": 20, "y": 1935, "x": 883, "structure_id": "Tr_109"}, {"parent_TextBlock": "Tb_82", "text": "EPISODES", "parent_Field": null, "parent_Choice_Field": "Chf_46", "parent_ChoiceGroup": "Chgp_11", "w": 105, "h": 20, "y": 1957, "x": 883, "structure_id": "Tr_110"}, {"parent_TextBlock": "Tb_82", "text": "OF NAUSEA", "parent_Field": null, "parent_Choice_Field": "Chf_46", "parent_ChoiceGroup": "Chgp_11", "w": 113, "h": 19, "y": 1980, "x": 883, "structure_id": "Tr_111"}, {"parent_TextBlock": "Tb_83", "text": "OCCASIONAL EPISODES", "parent_Field": null, "parent_Choice_Field": "Chf_47", "parent_ChoiceGroup": "Chgp_11", "w": 238, "h": 19, "y": 1937, "x": 1083, "structure_id": "Tr_112"}, {"parent_TextBlock": "Tb_83", "text": "OF CONSTIPATION", "parent_Field": null, "parent_Choice_Field": "Chf_47", "parent_ChoiceGroup": "Chgp_11", "w": 184, "h": 19, "y": 1959, "x": 1083, "structure_id": "Tr_113"}, {"parent_TextBlock": "Tb_83", "text": "(Perhaps alternating with diarrhea)", "parent_Field": null, "parent_Choice_Field": "Chf_47", "parent_ChoiceGroup": "Chgp_11", "w": 321, "h": 21, "y": 1981, "x": 1083, "structure_id": "Tr_114"}, {"parent_TextBlock": "Tb_84", "text": "ABDOMINAL", "parent_Field": null, "parent_Choice_Field": "Chf_48", "parent_ChoiceGroup": "Chgp_11", "w": 120, "h": 19, "y": 1938, "x": 1467, "structure_id": "Tr_115"}, {"parent_TextBlock": "Tb_84", "text": "DISTENSION", "parent_Field": null, "parent_Choice_Field": "Chf_48", "parent_ChoiceGroup": "Chgp_11", "w": 119, "h": 20, "y": 1960, "x": 1467, "structure_id": "Tr_116"}, {"parent_TextBlock": "Tb_85", "text": "3D. LEVEL I", "parent_Field": null, "parent_Choice_Field": null, "parent_ChoiceGroup": "Chgp_12", "w": 107, "h": 19, "y": 2024, "x": 100, "structure_id": "Tr_117"}, {"parent_TextBlock": "Tb_86", "text": "MILD, DESCRIBE:", "parent_Field": null, "parent_Choice_Field": "Chf_49", "parent_ChoiceGroup": "Chgp_12", "w": 162, "h": 19, "y": 2057, "x": 150, "structure_id": "Tr_118"}, {"parent_TextBlock": "Tb_87", "text": "PERITONEAL ADHESIONS DISABILITY BENEFITS QUESTIONNAIRE", "parent_Field": null, "parent_Choice_Field": null, "parent_ChoiceGroup": null, "w": 988, "h": 31, "y": 132, "x": 606, "structure_id": "Tr_119"}, {"parent_TextBlock": "Tb_88", "text": "VA FORM", "parent_Field": null, "parent_Choice_Field": null, "parent_ChoiceGroup": null, "w": 94, "h": 19, "y": 2104, "x": 83, "structure_id": "Tr_120"}, {"parent_TextBlock": "Tb_88", "text": "SEP 2016", "parent_Field": null, "parent_Choice_Field": null, "parent_ChoiceGroup": null, "w": 88, "h": 19, "y": 2127, "x": 83, "structure_id": "Tr_121"}, {"parent_TextBlock": "Tb_89", "text": "Page 1", "parent_Field": null, "parent_Choice_Field": null, "parent_ChoiceGroup": null, "w": 71, "h": 22, "y": 2122, "x": 1546, "structure_id": "Tr_122"}, {"parent_TextBlock": "Tb_90", "text": "IMPORTANT", "parent_Field": null, "parent_Choice_Field": null, "parent_ChoiceGroup": null, "w": 144, "h": 22, "y": 189, "x": 107, "structure_id": "Tr_123"}, {"parent_TextBlock": "Tb_90", "text": "-\u00c2\u00a0", "parent_Field": null, "parent_Choice_Field": null, "parent_ChoiceGroup": null, "w": 19, "h": 22, "y": 189, "x": 252, "structure_id": "Tr_124"}, {"parent_TextBlock": "Tb_90", "text": "THE", "parent_Field": null, "parent_Choice_Field": null, "parent_ChoiceGroup": null, "w": 49, "h": 22, "y": 189, "x": 272, "structure_id": "Tr_125"}, {"parent_TextBlock": "Tb_90", "text": "DEPARTMENT", "parent_Field": null, "parent_Choice_Field": null, "parent_ChoiceGroup": null, "w": 155, "h": 22, "y": 189, "x": 323, "structure_id": "Tr_126"}, {"parent_TextBlock": "Tb_90", "text": "OF", "parent_Field": null, "parent_Choice_Field": null, "parent_ChoiceGroup": null, "w": 34, "h": 22, "y": 189, "x": 479, "structure_id": "Tr_127"}, {"parent_TextBlock": "Tb_90", "text": "VETERANS", "parent_Field": null, "parent_Choice_Field": null, "parent_ChoiceGroup": null, "w": 121, "h": 22, "y": 189, "x": 515, "structure_id": "Tr_128"}, {"parent_TextBlock": "Tb_90", "text": "AFFAIRS", "parent_Field": null, "parent_Choice_Field": null, "parent_ChoiceGroup": null, "w": 97, "h": 22, "y": 189, "x": 638, "structure_id": "Tr_129"}, {"parent_TextBlock": "Tb_90", "text": "(VA)\u00c2\u00a0", "parent_Field": null, "parent_Choice_Field": null, "parent_ChoiceGroup": null, "w": 53, "h": 22, "y": 189, "x": 736, "structure_id": "Tr_130"}, {"parent_TextBlock": "Tb_90", "text": "WILL", "parent_Field": null, "parent_Choice_Field": null, "parent_ChoiceGroup": null, "w": 61, "h": 22, "y": 189, "x": 789, "structure_id": "Tr_131"}, {"parent_TextBlock": "Tb_90", "text": "NOT", "parent_Field": null, "parent_Choice_Field": null, "parent_ChoiceGroup": null, "w": 51, "h": 22, "y": 189, "x": 851, "structure_id": "Tr_132"}, {"parent_TextBlock": "Tb_90", "text": "PAY", "parent_Field": null, "parent_Choice_Field": null, "parent_ChoiceGroup": null, "w": 42, "h": 22, "y": 189, "x": 904, "structure_id": "Tr_133"}, {"parent_TextBlock": "Tb_90", "text": "OR\u00c2\u00a0", "parent_Field": null, "parent_Choice_Field": null, "parent_ChoiceGroup": null, "w": 36, "h": 22, "y": 189, "x": 953, "structure_id": "Tr_134"}, {"parent_TextBlock": "Tb_90", "text": "REIMBURSE", "parent_Field": null, "parent_Choice_Field": null, "parent_ChoiceGroup": null, "w": 131, "h": 22, "y": 189, "x": 989, "structure_id": "Tr_135"}, {"parent_TextBlock": "Tb_90", "text": "ANY", "parent_Field": null, "parent_Choice_Field": null, "parent_ChoiceGroup": null, "w": 54, "h": 22, "y": 189, "x": 1127, "structure_id": "Tr_136"}, {"parent_TextBlock": "Tb_90", "text": "EXPENSES", "parent_Field": null, "parent_Choice_Field": null, "parent_ChoiceGroup": null, "w": 116, "h": 22, "y": 189, "x": 1182, "structure_id": "Tr_137"}, {"parent_TextBlock": "Tb_90", "text": "OR", "parent_Field": null, "parent_Choice_Field": null, "parent_ChoiceGroup": null, "w": 37, "h": 22, "y": 189, "x": 1299, "structure_id": "Tr_138"}, {"parent_TextBlock": "Tb_90", "text": "COST", "parent_Field": null, "parent_Choice_Field": null, "parent_ChoiceGroup": null, "w": 63, "h": 22, "y": 189, "x": 1337, "structure_id": "Tr_139"}, {"parent_TextBlock": "Tb_90", "text": "INCURRED", "parent_Field": null, "parent_Choice_Field": null, "parent_ChoiceGroup": null, "w": 119, "h": 22, "y": 189, "x": 1401, "structure_id": "Tr_140"}, {"parent_TextBlock": "Tb_90", "text": "IN", "parent_Field": null, "parent_Choice_Field": null, "parent_ChoiceGroup": null, "w": 29, "h": 22, "y": 189, "x": 1522, "structure_id": "Tr_141"}, {"parent_TextBlock": "Tb_90", "text": "THE", "parent_Field": null, "parent_Choice_Field": null, "parent_ChoiceGroup": null, "w": 48, "h": 22, "y": 189, "x": 1552, "structure_id": "Tr_142"}, {"parent_TextBlock": "Tb_90", "text": "PROCESS", "parent_Field": null, "parent_Choice_Field": null, "parent_ChoiceGroup": null, "w": 101, "h": 23, "y": 211, "x": 106, "structure_id": "Tr_143"}, {"parent_TextBlock": "Tb_90", "text": "OF", "parent_Field": null, "parent_Choice_Field": null, "parent_ChoiceGroup": null, "w": 34, "h": 23, "y": 211, "x": 210, "structure_id": "Tr_144"}, {"parent_TextBlock": "Tb_90", "text": "COMPLETING", "parent_Field": null, "parent_Choice_Field": null, "parent_ChoiceGroup": null, "w": 149, "h": 23, "y": 211, "x": 246, "structure_id": "Tr_145"}, {"parent_TextBlock": "Tb_90", "text": "AND/OR", "parent_Field": null, "parent_Choice_Field": null, "parent_ChoiceGroup": null, "w": 91, "h": 23, "y": 211, "x": 397, "structure_id": "Tr_146"}, {"parent_TextBlock": "Tb_90", "text": "SUBMITTING", "parent_Field": null, "parent_Choice_Field": null, "parent_ChoiceGroup": null, "w": 142, "h": 23, "y": 211, "x": 491, "structure_id": "Tr_147"}, {"parent_TextBlock": "Tb_90", "text": "THIS", "parent_Field": null, "parent_Choice_Field": null, "parent_ChoiceGroup": null, "w": 55, "h": 23, "y": 211, "x": 636, "structure_id": "Tr_148"}, {"parent_TextBlock": "Tb_90", "text": "FORM.", "parent_Field": null, "parent_Choice_Field": null, "parent_ChoiceGroup": null, "w": 74, "h": 23, "y": 211, "x": 693, "structure_id": "Tr_149"}, {"parent_TextBlock": "Tb_90", "text": "PLEASE", "parent_Field": null, "parent_Choice_Field": null, "parent_ChoiceGroup": null, "w": 88, "h": 23, "y": 211, "x": 769, "structure_id": "Tr_150"}, {"parent_TextBlock": "Tb_90", "text": "READ", "parent_Field": null, "parent_Choice_Field": null, "parent_ChoiceGroup": null, "w": 66, "h": 23, "y": 211, "x": 859, "structure_id": "Tr_151"}, {"parent_TextBlock": "Tb_90", "text": "THE", "parent_Field": null, "parent_Choice_Field": null, "parent_ChoiceGroup": null, "w": 49, "h": 23, "y": 211, "x": 927, "structure_id": "Tr_152"}, {"parent_TextBlock": "Tb_90", "text": "PRIVACY", "parent_Field": null, "parent_Choice_Field": null, "parent_ChoiceGroup": null, "w": 103, "h": 23, "y": 211, "x": 979, "structure_id": "Tr_153"}, {"parent_TextBlock": "Tb_90", "text": "ACT", "parent_Field": null, "parent_Choice_Field": null, "parent_ChoiceGroup": null, "w": 50, "h": 23, "y": 211, "x": 1084, "structure_id": "Tr_154"}, {"parent_TextBlock": "Tb_90", "text": "AND", "parent_Field": null, "parent_Choice_Field": null, "parent_ChoiceGroup": null, "w": 53, "h": 23, "y": 211, "x": 1137, "structure_id": "Tr_155"}, {"parent_TextBlock": "Tb_90", "text": "RESPONDENT", "parent_Field": null, "parent_Choice_Field": null, "parent_ChoiceGroup": null, "w": 150, "h": 23, "y": 211, "x": 1193, "structure_id": "Tr_156"}, {"parent_TextBlock": "Tb_90", "text": "BURDEN", "parent_Field": null, "parent_Choice_Field": null, "parent_ChoiceGroup": null, "w": 97, "h": 23, "y": 211, "x": 1345, "structure_id": "Tr_157"}, {"parent_TextBlock": "Tb_90", "text": "INFORMATION", "parent_Field": null, "parent_Choice_Field": null, "parent_ChoiceGroup": null, "w": 156, "h": 23, "y": 211, "x": 1444, "structure_id": "Tr_158"}, {"parent_TextBlock": "Tb_90", "text": "BEFORE COMPLETING", "parent_Field": null, "parent_Choice_Field": null, "parent_ChoiceGroup": null, "w": 234, "h": 22, "y": 234, "x": 106, "structure_id": "Tr_159"}, {"parent_TextBlock": "Tb_90", "text": "FORM.", "parent_Field": null, "parent_Choice_Field": null, "parent_ChoiceGroup": null, "w": 69, "h": 22, "y": 234, "x": 345, "structure_id": "Tr_160"}, {"parent_TextBlock": "Tb_91", "text": "NOTE", "parent_Field": null, "parent_Choice_Field": null, "parent_ChoiceGroup": null, "w": 69, "h": 22, "y": 436, "x": 100, "structure_id": "Tr_161"}, {"parent_TextBlock": "Tb_91", "text": "TO", "parent_Field": null, "parent_Choice_Field": null, "parent_ChoiceGroup": null, "w": 37, "h": 22, "y": 436, "x": 171, "structure_id": "Tr_162"}, {"parent_TextBlock": "Tb_91", "text": "PHYSICIAN", "parent_Field": null, "parent_Choice_Field": null, "parent_ChoiceGroup": null, "w": 124, "h": 22, "y": 436, "x": 211, "structure_id": "Tr_163"}, {"parent_TextBlock": "Tb_91", "text": "\u00c2\u00a0-", "parent_Field": null, "parent_Choice_Field": null, "parent_ChoiceGroup": null, "w": 19, "h": 22, "y": 436, "x": 335, "structure_id": "Tr_164"}, {"parent_TextBlock": "Tb_91", "text": "Your", "parent_Field": null, "parent_Choice_Field": null, "parent_ChoiceGroup": null, "w": 51, "h": 22, "y": 436, "x": 356, "structure_id": "Tr_165"}, {"parent_TextBlock": "Tb_91", "text": "patient", "parent_Field": null, "parent_Choice_Field": null, "parent_ChoiceGroup": null, "w": 66, "h": 22, "y": 436, "x": 409, "structure_id": "Tr_166"}, {"parent_TextBlock": "Tb_91", "text": "is", "parent_Field": null, "parent_Choice_Field": null, "parent_ChoiceGroup": null, "w": 20, "h": 22, "y": 436, "x": 478, "structure_id": "Tr_167"}, {"parent_TextBlock": "Tb_91", "text": "applying", "parent_Field": null, "parent_Choice_Field": null, "parent_ChoiceGroup": null, "w": 84, "h": 22, "y": 436, "x": 500, "structure_id": "Tr_168"}, {"parent_TextBlock": "Tb_91", "text": "to", "parent_Field": null, "parent_Choice_Field": null, "parent_ChoiceGroup": null, "w": 23, "h": 22, "y": 436, "x": 586, "structure_id": "Tr_169"}, {"parent_TextBlock": "Tb_91", "text": "the", "parent_Field": null, "parent_Choice_Field": null, "parent_ChoiceGroup": null, "w": 32, "h": 22, "y": 436, "x": 611, "structure_id": "Tr_170"}, {"parent_TextBlock": "Tb_91", "text": "U.S.", "parent_Field": null, "parent_Choice_Field": null, "parent_ChoiceGroup": null, "w": 45, "h": 22, "y": 436, "x": 646, "structure_id": "Tr_171"}, {"parent_TextBlock": "Tb_91", "text": "Department", "parent_Field": null, "parent_Choice_Field": null, "parent_ChoiceGroup": null, "w": 110, "h": 22, "y": 436, "x": 693, "structure_id": "Tr_172"}, {"parent_TextBlock": "Tb_91", "text": "of", "parent_Field": null, "parent_Choice_Field": null, "parent_ChoiceGroup": null, "w": 24, "h": 22, "y": 436, "x": 806, "structure_id": "Tr_173"}, {"parent_TextBlock": "Tb_91", "text": "Veterans", "parent_Field": null, "parent_Choice_Field": null, "parent_ChoiceGroup": null, "w": 84, "h": 22, "y": 436, "x": 832, "structure_id": "Tr_174"}, {"parent_TextBlock": "Tb_91", "text": "Affairs", "parent_Field": null, "parent_Choice_Field": null, "parent_ChoiceGroup": null, "w": 68, "h": 22, "y": 436, "x": 919, "structure_id": "Tr_175"}, {"parent_TextBlock": "Tb_91", "text": "(VA)", "parent_Field": null, "parent_Choice_Field": null, "parent_ChoiceGroup": null, "w": 53, "h": 22, "y": 436, "x": 989, "structure_id": "Tr_176"}, {"parent_TextBlock": "Tb_91", "text": "for", "parent_Field": null, "parent_Choice_Field": null, "parent_ChoiceGroup": null, "w": 31, "h": 22, "y": 436, "x": 1044, "structure_id": "Tr_177"}, {"parent_TextBlock": "Tb_91", "text": "disability", "parent_Field": null, "parent_Choice_Field": null, "parent_ChoiceGroup": null, "w": 88, "h": 22, "y": 436, "x": 1078, "structure_id": "Tr_178"}, {"parent_TextBlock": "Tb_91", "text": "benefits.", "parent_Field": null, "parent_Choice_Field": null, "parent_ChoiceGroup": null, "w": 81, "h": 22, "y": 436, "x": 1168, "structure_id": "Tr_179"}, {"parent_TextBlock": "Tb_91", "text": "VA", "parent_Field": null, "parent_Choice_Field": null, "parent_ChoiceGroup": null, "w": 37, "h": 22, "y": 436, "x": 1252, "structure_id": "Tr_180"}, {"parent_TextBlock": "Tb_91", "text": "will", "parent_Field": null, "parent_Choice_Field": null, "parent_ChoiceGroup": null, "w": 40, "h": 22, "y": 436, "x": 1292, "structure_id": "Tr_181"}, {"parent_TextBlock": "Tb_91", "text": "consider", "parent_Field": null, "parent_Choice_Field": null, "parent_ChoiceGroup": null, "w": 81, "h": 22, "y": 436, "x": 1334, "structure_id": "Tr_182"}, {"parent_TextBlock": "Tb_91", "text": "the", "parent_Field": null, "parent_Choice_Field": null, "parent_ChoiceGroup": null, "w": 33, "h": 22, "y": 436, "x": 1417, "structure_id": "Tr_183"}, {"parent_TextBlock": "Tb_91", "text": "information", "parent_Field": null, "parent_Choice_Field": null, "parent_ChoiceGroup": null, "w": 110, "h": 22, "y": 436, "x": 1452, "structure_id": "Tr_184"}, {"parent_TextBlock": "Tb_91", "text": "you", "parent_Field": null, "parent_Choice_Field": null, "parent_ChoiceGroup": null, "w": 36, "h": 22, "y": 436, "x": 1564, "structure_id": "Tr_185"}, {"parent_TextBlock": "Tb_91", "text": "provide", "parent_Field": null, "parent_Choice_Field": null, "parent_ChoiceGroup": null, "w": 73, "h": 22, "y": 458, "x": 100, "structure_id": "Tr_186"}, {"parent_TextBlock": "Tb_91", "text": "on", "parent_Field": null, "parent_Choice_Field": null, "parent_ChoiceGroup": null, "w": 28, "h": 22, "y": 458, "x": 174, "structure_id": "Tr_187"}, {"parent_TextBlock": "Tb_91", "text": "this", "parent_Field": null, "parent_Choice_Field": null, "parent_ChoiceGroup": null, "w": 38, "h": 22, "y": 458, "x": 202, "structure_id": "Tr_188"}, {"parent_TextBlock": "Tb_91", "text": "questionnaire", "parent_Field": null, "parent_Choice_Field": null, "parent_ChoiceGroup": null, "w": 125, "h": 22, "y": 458, "x": 240, "structure_id": "Tr_189"}, {"parent_TextBlock": "Tb_91", "text": "as", "parent_Field": null, "parent_Choice_Field": null, "parent_ChoiceGroup": null, "w": 24, "h": 22, "y": 458, "x": 366, "structure_id": "Tr_190"}, {"parent_TextBlock": "Tb_91", "text": "part", "parent_Field": null, "parent_Choice_Field": null, "parent_ChoiceGroup": null, "w": 40, "h": 22, "y": 458, "x": 390, "structure_id": "Tr_191"}, {"parent_TextBlock": "Tb_91", "text": "of", "parent_Field": null, "parent_Choice_Field": null, "parent_ChoiceGroup": null, "w": 24, "h": 22, "y": 458, "x": 431, "structure_id": "Tr_192"}, {"parent_TextBlock": "Tb_91", "text": "their", "parent_Field": null, "parent_Choice_Field": null, "parent_ChoiceGroup": null, "w": 47, "h": 22, "y": 458, "x": 455, "structure_id": "Tr_193"}, {"parent_TextBlock": "Tb_91", "text": "evaluation", "parent_Field": null, "parent_Choice_Field": null, "parent_ChoiceGroup": null, "w": 98, "h": 22, "y": 458, "x": 502, "structure_id": "Tr_194"}, {"parent_TextBlock": "Tb_91", "text": "in", "parent_Field": null, "parent_Choice_Field": null, "parent_ChoiceGroup": null, "w": 23, "h": 22, "y": 458, "x": 600, "structure_id": "Tr_195"}, {"parent_TextBlock": "Tb_91", "text": "processing", "parent_Field": null, "parent_Choice_Field": null, "parent_ChoiceGroup": null, "w": 100, "h": 22, "y": 458, "x": 624, "structure_id": "Tr_196"}, {"parent_TextBlock": "Tb_91", "text": "the", "parent_Field": null, "parent_Choice_Field": null, "parent_ChoiceGroup": null, "w": 32, "h": 22, "y": 458, "x": 725, "structure_id": "Tr_197"}, {"parent_TextBlock": "Tb_91", "text": "veteran's", "parent_Field": null, "parent_Choice_Field": null, "parent_ChoiceGroup": null, "w": 83, "h": 22, "y": 458, "x": 758, "structure_id": "Tr_198"}, {"parent_TextBlock": "Tb_91", "text": "claim.", "parent_Field": null, "parent_Choice_Field": null, "parent_ChoiceGroup": null, "w": 60, "h": 22, "y": 458, "x": 842, "structure_id": "Tr_199"}, {"parent_TextBlock": "Tb_91", "text": "VA", "parent_Field": null, "parent_Choice_Field": null, "parent_ChoiceGroup": null, "w": 37, "h": 22, "y": 458, "x": 903, "structure_id": "Tr_200"}, {"parent_TextBlock": "Tb_91", "text": "reserves", "parent_Field": null, "parent_Choice_Field": null, "parent_ChoiceGroup": null, "w": 78, "h": 22, "y": 458, "x": 941, "structure_id": "Tr_201"}, {"parent_TextBlock": "Tb_91", "text": "the", "parent_Field": null, "parent_Choice_Field": null, "parent_ChoiceGroup": null, "w": 32, "h": 22, "y": 458, "x": 1020, "structure_id": "Tr_202"}, {"parent_TextBlock": "Tb_91", "text": "right", "parent_Field": null, "parent_Choice_Field": null, "parent_ChoiceGroup": null, "w": 47, "h": 22, "y": 458, "x": 1053, "structure_id": "Tr_203"}, {"parent_TextBlock": "Tb_91", "text": "to", "parent_Field": null, "parent_Choice_Field": null, "parent_ChoiceGroup": null, "w": 22, "h": 22, "y": 458, "x": 1101, "structure_id": "Tr_204"}, {"parent_TextBlock": "Tb_91", "text": "confirm", "parent_Field": null, "parent_Choice_Field": null, "parent_ChoiceGroup": null, "w": 76, "h": 22, "y": 458, "x": 1124, "structure_id": "Tr_205"}, {"parent_TextBlock": "Tb_91", "text": "the", "parent_Field": null, "parent_Choice_Field": null, "parent_ChoiceGroup": null, "w": 33, "h": 22, "y": 458, "x": 1200, "structure_id": "Tr_206"}, {"parent_TextBlock": "Tb_91", "text": "authenticity", "parent_Field": null, "parent_Choice_Field": null, "parent_ChoiceGroup": null, "w": 111, "h": 22, "y": 458, "x": 1233, "structure_id": "Tr_207"}, {"parent_TextBlock": "Tb_91", "text": "of", "parent_Field": null, "parent_Choice_Field": null, "parent_ChoiceGroup": null, "w": 24, "h": 22, "y": 458, "x": 1344, "structure_id": "Tr_208"}, {"parent_TextBlock": "Tb_91", "text": "ALL", "parent_Field": null, "parent_Choice_Field": null, "parent_ChoiceGroup": null, "w": 48, "h": 22, "y": 458, "x": 1369, "structure_id": "Tr_209"}, {"parent_TextBlock": "Tb_91", "text": "DBQs", "parent_Field": null, "parent_Choice_Field": null, "parent_ChoiceGroup": null, "w": 61, "h": 22, "y": 458, "x": 1418, "structure_id": "Tr_210"}, {"parent_TextBlock": "Tb_91", "text": "completed", "parent_Field": null, "parent_Choice_Field": null, "parent_ChoiceGroup": null, "w": 98, "h": 22, "y": 458, "x": 1479, "structure_id": "Tr_211"}, {"parent_TextBlock": "Tb_91", "text": "by", "parent_Field": null, "parent_Choice_Field": null, "parent_ChoiceGroup": null, "w": 22, "h": 22, "y": 458, "x": 1578, "structure_id": "Tr_212"}, {"parent_TextBlock": "Tb_91", "text": "private health care providers.", "parent_Field": null, "parent_Choice_Field": null, "parent_ChoiceGroup": null, "w": 259, "h": 19, "y": 480, "x": 100, "structure_id": "Tr_213"}, {"parent_TextBlock": "Tb_92", "text": "PATIENT/VETERAN'S SOCIAL SECURITY NUMBER", "parent_Field": "Fi_15", "parent_Choice_Field": null, "parent_ChoiceGroup": null, "w": 476, "h": 19, "y": 351, "x": 103, "structure_id": "Tr_214"}, {"parent_TextBlock": "Tb_93", "text": "NAME OF PATIENT/VETERAN", "parent_Field": "Fi_16", "parent_Choice_Field": null, "parent_ChoiceGroup": null, "w": 284, "h": 20, "y": 271, "x": 97, "structure_id": "Tr_215"}, {"parent_TextBlock": "Tb_93", "text": "(First, Middle Initial, Last)", "parent_Field": "Fi_16", "parent_Choice_Field": null, "parent_ChoiceGroup": null, "w": 241, "h": 22, "y": 269, "x": 381, "structure_id": "Tr_216"}], "ChoiceGroup": [{"y": 544.03125, "x": 99, "structure_id": "Chgp_1", "w": 1518, "h": 33}, {"y": 1090.03125, "x": 100, "structure_id": "Chgp_2", "w": 1506, "h": 75}, {"y": 1063.03125, "x": 96, "structure_id": "Chgp_3", "w": 1515, "h": 102}, {"y": 1241.03125, "x": 100, "structure_id": "Chgp_4", "w": 1503, "h": 72}, {"y": 1210.03125, "x": 97, "structure_id": "Chgp_5", "w": 1509, "h": 106}, {"y": 1349.03125, "x": 150, "structure_id": "Chgp_6", "w": 1057, "h": 168}, {"y": 1319.03125, "x": 93, "structure_id": "Chgp_7", "w": 1120, "h": 204}, {"y": 1535.03125, "x": 96, "structure_id": "Chgp_8", "w": 1509, "h": 74}, {"y": 1685.03125, "x": 91, "structure_id": "Chgp_9", "w": 1523, "h": 119}, {"y": 1820.03125, "x": 94, "structure_id": "Chgp_10", "w": 1263, "h": 80}, {"y": 1903.03125, "x": 93, "structure_id": "Chgp_11", "w": 1501, "h": 108}, {"y": 2018.03125, "x": 90, "structure_id": "Chgp_12", "w": 1521, "h": 74}]}