{"Widget": [{"parent_Field": "Fi_1", "parent_Choice_Field": null, "parent_ChoiceGroup": null, "w": 1512.708661417323, "h": 1796.063779527559, "y": 266.755905511811, "x": 98, "structure_id": "Wi_1"}], "TextBlock": [{"parent_Field": "Fi_1", "parent_Choice_Field": null, "parent_ChoiceGroup": null, "w": 1505, "h": 53, "y": 202, "x": 98, "structure_id": "Tb_1"}, {"parent_Field": null, "parent_Choice_Field": null, "parent_ChoiceGroup": null, "w": 1150, "h": 31, "y": 128, "x": 283, "structure_id": "Tb_2"}, {"parent_Field": null, "parent_Choice_Field": null, "parent_ChoiceGroup": null, "w": 286, "h": 20, "y": 2102, "x": 96, "structure_id": "Tb_3"}, {"parent_Field": null, "parent_Choice_Field": null, "parent_ChoiceGroup": null, "w": 81, "h": 22, "y": 2108, "x": 1534, "structure_id": "Tb_4"}], "Choice_Field": [], "Field": [{"y": 202, "x": 98, "structure_id": "Fi_1", "w": 1512.708661417323, "h": 1860.8196850393701}], "TextRun": [{"parent_TextBlock": "Tb_1", "text": "(5)  Describe the implementation plan with major milestones for bringing the new assistive technology into production and to the market.", "parent_Field": "Fi_1", "parent_Choice_Field": null, "parent_ChoiceGroup": null, "w": 1505, "h": 25, "y": 202, "x": 98, "structure_id": "Tr_1"}, {"parent_TextBlock": "Tb_1", "text": "(Note - The milestones must be meaningful and achieveable within a specific timeframe):", "parent_Field": "Fi_1", "parent_Choice_Field": null, "parent_ChoiceGroup": null, "w": 1023, "h": 25, "y": 230, "x": 98, "structure_id": "Tr_2"}, {"parent_TextBlock": "Tb_2", "text": "SCORING CRITERIA FOR SAH ASSISTIVE TECHNOLOGY GRANTS", "parent_Field": null, "parent_Choice_Field": null, "parent_ChoiceGroup": null, "w": 979, "h": 31, "y": 128, "x": 283, "structure_id": "Tr_3"}, {"parent_TextBlock": "Tb_2", "text": "(Continued)", "parent_Field": null, "parent_Choice_Field": null, "parent_ChoiceGroup": null, "w": 171, "h": 31, "y": 128, "x": 1262, "structure_id": "Tr_4"}, {"parent_TextBlock": "Tb_3", "text": "VA", "parent_Field": null, "parent_Choice_Field": null, "parent_ChoiceGroup": null, "w": 28, "h": 20, "y": 2102, "x": 96, "structure_id": "Tr_5"}, {"parent_TextBlock": "Tb_3", "text": "FORM 26-0967a, DEC 2015", "parent_Field": null, "parent_Choice_Field": null, "parent_ChoiceGroup": null, "w": 258, "h": 20, "y": 2102, "x": 124, "structure_id": "Tr_6"}, {"parent_TextBlock": "Tb_4", "text": "PAGE 5", "parent_Field": null, "parent_Choice_Field": null, "parent_ChoiceGroup": null, "w": 81, "h": 22, "y": 2108, "x": 1534, "structure_id": "Tr_7"}], "ChoiceGroup": []}