{"Widget": [{"parent_Field": "Fi_1", "parent_Choice_Field": null, "parent_ChoiceGroup": null, "w": 140.50236220472442, "h": 46.83307086614173, "y": 50, "x": 513.4724409448819, "structure_id": "Wi_1"}, {"parent_Field": "Fi_1", "parent_Choice_Field": null, "parent_ChoiceGroup": null, "w": 88.94488188976378, "h": 46.83307086614173, "y": 50, "x": 707.4889763779528, "structure_id": "Wi_2"}, {"parent_Field": "Fi_1", "parent_Choice_Field": null, "parent_ChoiceGroup": null, "w": 188.88031496062993, "h": 46.83307086614173, "y": 50, "x": 838.644094488189, "structure_id": "Wi_3"}, {"parent_Field": "Fi_2", "parent_Choice_Field": null, "parent_ChoiceGroup": null, "w": 415.755905511811, "h": 33.33070866141732, "y": 233.33858267716536, "x": 850.007874015748, "structure_id": "Wi_4"}, {"parent_Field": "Fi_3", "parent_Choice_Field": null, "parent_ChoiceGroup": null, "w": 415.755905511811, "h": 33.33070866141732, "y": 266.66929133858264, "x": 850.007874015748, "structure_id": "Wi_5"}, {"parent_Field": "Fi_4", "parent_Choice_Field": null, "parent_ChoiceGroup": null, "w": 199.43307086614172, "h": 33.33070866141732, "y": 233.33070866141733, "x": 500, "structure_id": "Wi_6"}, {"parent_Field": "Fi_5", "parent_Choice_Field": null, "parent_ChoiceGroup": null, "w": 199.43307086614172, "h": 33.33070866141732, "y": 300, "x": 500, "structure_id": "Wi_7"}, {"parent_Field": "Fi_6", "parent_Choice_Field": null, "parent_ChoiceGroup": null, "w": 199.43307086614172, "h": 33.33070866141732, "y": 350, "x": 500, "structure_id": "Wi_8"}, {"parent_Field": "Fi_7", "parent_Choice_Field": null, "parent_ChoiceGroup": null, "w": 415.755905511811, "h": 33.33070866141732, "y": 166.6692913385827, "x": 850.007874015748, "structure_id": "Wi_9"}, {"parent_Field": "Fi_8", "parent_Choice_Field": null, "parent_ChoiceGroup": null, "w": 415.755905511811, "h": 33.33070866141732, "y": 466.6692913385827, "x": 516.6692913385828, "structure_id": "Wi_10"}, {"parent_Field": "Fi_9", "parent_Choice_Field": null, "parent_ChoiceGroup": null, "w": 415.755905511811, "h": 33.33070866141732, "y": 300, "x": 850.007874015748, "structure_id": "Wi_11"}, {"parent_Field": "Fi_10", "parent_Choice_Field": null, "parent_ChoiceGroup": null, "w": 415.755905511811, "h": 33.33070866141732, "y": 350, "x": 850.007874015748, "structure_id": "Wi_12"}, {"parent_Field": null, "parent_Choice_Field": "Chf_1", "parent_ChoiceGroup": "Chgp_1", "w": 25, "h": 25, "y": 173.60787401574805, "x": 108.32755905511812, "structure_id": "Wi_13"}, {"parent_Field": null, "parent_Choice_Field": "Chf_2", "parent_ChoiceGroup": "Chgp_1", "w": 25, "h": 25, "y": 206.9472440944882, "x": 108.32755905511812, "structure_id": "Wi_14"}, {"parent_Field": null, "parent_Choice_Field": "Chf_3", "parent_ChoiceGroup": "Chgp_1", "w": 25, "h": 25, "y": 240.27795275590552, "x": 108.32755905511812, "structure_id": "Wi_15"}, {"parent_Field": null, "parent_Choice_Field": "Chf_4", "parent_ChoiceGroup": "Chgp_1", "w": 25, "h": 25, "y": 273.60787401574805, "x": 108.32755905511812, "structure_id": "Wi_16"}, {"parent_Field": null, "parent_Choice_Field": "Chf_5", "parent_ChoiceGroup": "Chgp_1", "w": 25, "h": 25, "y": 306.93858267716536, "x": 108.32755905511812, "structure_id": "Wi_17"}, {"parent_Field": null, "parent_Choice_Field": "Chf_6", "parent_ChoiceGroup": "Chgp_1", "w": 25, "h": 25, "y": 356.9472440944882, "x": 108.32755905511812, "structure_id": "Wi_18"}, {"parent_Field": "Fi_11", "parent_Choice_Field": null, "parent_ChoiceGroup": null, "w": 1500, "h": 100, "y": 616.6692913385826, "x": 100, "structure_id": "Wi_19"}, {"parent_Field": "Fi_12", "parent_Choice_Field": null, "parent_ChoiceGroup": null, "w": 199.43307086614172, "h": 33.33070866141732, "y": 266.66929133858264, "x": 500, "structure_id": "Wi_20"}, {"parent_Field": "Fi_13", "parent_Choice_Field": null, "parent_ChoiceGroup": null, "w": 415.755905511811, "h": 33.33070866141732, "y": 200, "x": 850.007874015748, "structure_id": "Wi_21"}, {"parent_Field": "Fi_14", "parent_Choice_Field": null, "parent_ChoiceGroup": null, "w": 216.66141732283464, "h": 33.33070866141732, "y": 466.6692913385827, "x": 166.6692913385827, "structure_id": "Wi_22"}, {"parent_Field": "Fi_15", "parent_Choice_Field": null, "parent_ChoiceGroup": null, "w": 199.43307086614172, "h": 33.33070866141732, "y": 166.6692913385827, "x": 500, "structure_id": "Wi_23"}, {"parent_Field": "Fi_16", "parent_Choice_Field": null, "parent_ChoiceGroup": null, "w": 199.43307086614172, "h": 33.33070866141732, "y": 200, "x": 500, "structure_id": "Wi_24"}, {"parent_Field": null, "parent_Choice_Field": "Chf_7", "parent_ChoiceGroup": "Chgp_2", "w": 25, "h": 25, "y": 570.8307086614174, "x": 108.32755905511812, "structure_id": "Wi_25"}, {"parent_Field": null, "parent_Choice_Field": "Chf_8", "parent_ChoiceGroup": "Chgp_2", "w": 25, "h": 25, "y": 570.8307086614174, "x": 208.32755905511812, "structure_id": "Wi_26"}, {"parent_Field": "Fi_17", "parent_Choice_Field": null, "parent_ChoiceGroup": null, "w": 1500, "h": 100, "y": 833.3307086614174, "x": 100, "structure_id": "Wi_27"}, {"parent_Field": null, "parent_Choice_Field": "Chf_9", "parent_ChoiceGroup": "Chgp_3", "w": 25, "h": 25, "y": 787.5, "x": 108.32755905511812, "structure_id": "Wi_28"}, {"parent_Field": null, "parent_Choice_Field": "Chf_10", "parent_ChoiceGroup": "Chgp_3", "w": 25, "h": 25, "y": 787.5, "x": 208.32755905511812, "structure_id": "Wi_29"}, {"parent_Field": "Fi_18", "parent_Choice_Field": null, "parent_ChoiceGroup": null, "w": 1500, "h": 200, "y": 1000.0000000000001, "x": 100, "structure_id": "Wi_30"}, {"parent_Field": "Fi_19", "parent_Choice_Field": null, "parent_ChoiceGroup": null, "w": 500, "h": 33.33070866141732, "y": 1466.6614173228347, "x": 566.6692913385828, "structure_id": "Wi_31"}, {"parent_Field": "Fi_20", "parent_Choice_Field": null, "parent_ChoiceGroup": null, "w": 200, "h": 33.33070866141732, "y": 1350, "x": 1366.6692913385828, "structure_id": "Wi_32"}, {"parent_Field": "Fi_21", "parent_Choice_Field": null, "parent_ChoiceGroup": null, "w": 633.3307086614174, "h": 33.33070866141732, "y": 1350, "x": 700, "structure_id": "Wi_33"}, {"parent_Field": "Fi_22", "parent_Choice_Field": null, "parent_ChoiceGroup": null, "w": 566.6692913385826, "h": 33.33070866141732, "y": 1350, "x": 100, "structure_id": "Wi_34"}, {"parent_Field": "Fi_23", "parent_Choice_Field": null, "parent_ChoiceGroup": null, "w": 433.33070866141736, "h": 61.11417322834646, "y": 1433.3307086614172, "x": 100, "structure_id": "Wi_35"}, {"parent_Field": "Fi_24", "parent_Choice_Field": null, "parent_ChoiceGroup": null, "w": 500, "h": 61.11417322834646, "y": 1433.3307086614172, "x": 1100, "structure_id": "Wi_36"}, {"parent_Field": "Fi_25", "parent_Choice_Field": null, "parent_ChoiceGroup": null, "w": 466.6220472440945, "h": 33.519685039370074, "y": 1566.6692913385828, "x": 733.3307086614174, "structure_id": "Wi_37"}], "TextBlock": [{"parent_Field": "Fi_1", "parent_Choice_Field": null, "parent_ChoiceGroup": null, "w": 416, "h": 20, "y": 71, "x": 85, "structure_id": "Tb_1"}, {"parent_Field": null, "parent_Choice_Field": null, "parent_ChoiceGroup": null, "w": 518, "h": 25, "y": 106, "x": 591, "structure_id": "Tb_2"}, {"parent_Field": "Fi_2", "parent_Choice_Field": null, "parent_ChoiceGroup": null, "w": 61, "h": 20, "y": 247, "x": 750, "structure_id": "Tb_3"}, {"parent_Field": "Fi_3", "parent_Choice_Field": null, "parent_ChoiceGroup": null, "w": 61, "h": 19, "y": 281, "x": 750, "structure_id": "Tb_4"}, {"parent_Field": "Fi_4", "parent_Choice_Field": null, "parent_ChoiceGroup": null, "w": 47, "h": 20, "y": 247, "x": 433, "structure_id": "Tb_5"}, {"parent_Field": "Fi_5", "parent_Choice_Field": null, "parent_ChoiceGroup": null, "w": 47, "h": 19, "y": 314, "x": 433, "structure_id": "Tb_6"}, {"parent_Field": "Fi_6", "parent_Choice_Field": null, "parent_ChoiceGroup": null, "w": 47, "h": 19, "y": 364, "x": 433, "structure_id": "Tb_7"}, {"parent_Field": "Fi_7", "parent_Choice_Field": null, "parent_ChoiceGroup": null, "w": 61, "h": 19, "y": 181, "x": 750, "structure_id": "Tb_8"}, {"parent_Field": "Fi_8", "parent_Choice_Field": null, "parent_ChoiceGroup": null, "w": 61, "h": 19, "y": 481, "x": 433, "structure_id": "Tb_9"}, {"parent_Field": "Fi_9", "parent_Choice_Field": null, "parent_ChoiceGroup": null, "w": 61, "h": 19, "y": 314, "x": 750, "structure_id": "Tb_10"}, {"parent_Field": "Fi_10", "parent_Choice_Field": null, "parent_ChoiceGroup": null, "w": 61, "h": 19, "y": 364, "x": 750, "structure_id": "Tb_11"}, {"parent_Field": null, "parent_Choice_Field": null, "parent_ChoiceGroup": "Chgp_1", "w": 151, "h": 20, "y": 140, "x": 100, "structure_id": "Tb_12"}, {"parent_Field": null, "parent_Choice_Field": "Chf_1", "parent_ChoiceGroup": "Chgp_1", "w": 116, "h": 19, "y": 181, "x": 150, "structure_id": "Tb_13"}, {"parent_Field": null, "parent_Choice_Field": "Chf_2", "parent_ChoiceGroup": "Chgp_1", "w": 126, "h": 19, "y": 214, "x": 150, "structure_id": "Tb_14"}, {"parent_Field": null, "parent_Choice_Field": "Chf_3", "parent_ChoiceGroup": "Chgp_1", "w": 99, "h": 20, "y": 247, "x": 150, "structure_id": "Tb_15"}, {"parent_Field": null, "parent_Choice_Field": "Chf_4", "parent_ChoiceGroup": "Chgp_1", "w": 176, "h": 20, "y": 280, "x": 150, "structure_id": "Tb_16"}, {"parent_Field": null, "parent_Choice_Field": "Chf_5", "parent_ChoiceGroup": "Chgp_1", "w": 192, "h": 43, "y": 307, "x": 150, "structure_id": "Tb_17"}, {"parent_Field": null, "parent_Choice_Field": "Chf_6", "parent_ChoiceGroup": "Chgp_1", "w": 206, "h": 19, "y": 364, "x": 150, "structure_id": "Tb_18"}, {"parent_Field": "Fi_11", "parent_Choice_Field": null, "parent_ChoiceGroup": null, "w": 675, "h": 22, "y": 572, "x": 317, "structure_id": "Tb_19"}, {"parent_Field": "Fi_12", "parent_Choice_Field": null, "parent_ChoiceGroup": null, "w": 47, "h": 19, "y": 281, "x": 433, "structure_id": "Tb_20"}, {"parent_Field": "Fi_13", "parent_Choice_Field": null, "parent_ChoiceGroup": null, "w": 61, "h": 19, "y": 214, "x": 750, "structure_id": "Tb_21"}, {"parent_Field": "Fi_14", "parent_Choice_Field": null, "parent_ChoiceGroup": null, "w": 46, "h": 19, "y": 481, "x": 100, "structure_id": "Tb_22"}, {"parent_Field": null, "parent_Choice_Field": null, "parent_ChoiceGroup": null, "w": 434, "h": 19, "y": 424, "x": 100, "structure_id": "Tb_23"}, {"parent_Field": "Fi_15", "parent_Choice_Field": null, "parent_ChoiceGroup": null, "w": 47, "h": 19, "y": 181, "x": 433, "structure_id": "Tb_24"}, {"parent_Field": "Fi_16", "parent_Choice_Field": null, "parent_ChoiceGroup": null, "w": 47, "h": 19, "y": 214, "x": 433, "structure_id": "Tb_25"}, {"parent_Field": null, "parent_Choice_Field": null, "parent_ChoiceGroup": "Chgp_2", "w": 860, "h": 20, "y": 540, "x": 100, "structure_id": "Tb_26"}, {"parent_Field": null, "parent_Choice_Field": "Chf_7", "parent_ChoiceGroup": "Chgp_2", "w": 39, "h": 19, "y": 574, "x": 150, "structure_id": "Tb_27"}, {"parent_Field": null, "parent_Choice_Field": "Chf_8", "parent_ChoiceGroup": "Chgp_2", "w": 29, "h": 19, "y": 574, "x": 250, "structure_id": "Tb_28"}, {"parent_Field": null, "parent_Choice_Field": null, "parent_ChoiceGroup": null, "w": 376, "h": 22, "y": 724, "x": 662, "structure_id": "Tb_29"}, {"parent_Field": "Fi_17", "parent_Choice_Field": null, "parent_ChoiceGroup": null, "w": 895, "h": 22, "y": 789, "x": 300, "structure_id": "Tb_30"}, {"parent_Field": null, "parent_Choice_Field": null, "parent_ChoiceGroup": "Chgp_3", "w": 1172, "h": 19, "y": 757, "x": 100, "structure_id": "Tb_31"}, {"parent_Field": null, "parent_Choice_Field": "Chf_9", "parent_ChoiceGroup": "Chgp_3", "w": 39, "h": 20, "y": 790, "x": 150, "structure_id": "Tb_32"}, {"parent_Field": null, "parent_Choice_Field": "Chf_10", "parent_ChoiceGroup": "Chgp_3", "w": 29, "h": 20, "y": 790, "x": 250, "structure_id": "Tb_33"}, {"parent_Field": null, "parent_Choice_Field": null, "parent_ChoiceGroup": null, "w": 258, "h": 22, "y": 940, "x": 721, "structure_id": "Tb_34"}, {"parent_Field": "Fi_18", "parent_Choice_Field": null, "parent_ChoiceGroup": null, "w": 129, "h": 19, "y": 974, "x": 100, "structure_id": "Tb_35"}, {"parent_Field": null, "parent_Choice_Field": null, "parent_ChoiceGroup": null, "w": 662, "h": 22, "y": 1207, "x": 519, "structure_id": "Tb_36"}, {"parent_Field": "Fi_19", "parent_Choice_Field": null, "parent_ChoiceGroup": null, "w": 503, "h": 20, "y": 1390, "x": 567, "structure_id": "Tb_37"}, {"parent_Field": "Fi_20", "parent_Choice_Field": null, "parent_ChoiceGroup": null, "w": 178, "h": 20, "y": 1290, "x": 1367, "structure_id": "Tb_38"}, {"parent_Field": null, "parent_Choice_Field": null, "parent_ChoiceGroup": null, "w": 1414, "h": 22, "y": 1514, "x": 100, "structure_id": "Tb_39"}, {"parent_Field": "Fi_21", "parent_Choice_Field": null, "parent_ChoiceGroup": null, "w": 319, "h": 20, "y": 1290, "x": 700, "structure_id": "Tb_40"}, {"parent_Field": "Fi_22", "parent_Choice_Field": null, "parent_ChoiceGroup": null, "w": 401, "h": 22, "y": 1289, "x": 100, "structure_id": "Tb_41"}, {"parent_Field": "Fi_23", "parent_Choice_Field": null, "parent_ChoiceGroup": null, "w": 422, "h": 20, "y": 1390, "x": 100, "structure_id": "Tb_42"}, {"parent_Field": null, "parent_Choice_Field": null, "parent_ChoiceGroup": null, "w": 1205, "h": 25, "y": 1246, "x": 100, "structure_id": "Tb_43"}, {"parent_Field": "Fi_24", "parent_Choice_Field": null, "parent_ChoiceGroup": null, "w": 265, "h": 20, "y": 1390, "x": 1100, "structure_id": "Tb_44"}, {"parent_Field": null, "parent_Choice_Field": null, "parent_ChoiceGroup": null, "w": 1328, "h": 22, "y": 1664, "x": 100, "structure_id": "Tb_45"}, {"parent_Field": "Fi_25", "parent_Choice_Field": null, "parent_ChoiceGroup": null, "w": 615, "h": 25, "y": 1571, "x": 100, "structure_id": "Tb_46"}, {"parent_Field": "Fi_25", "parent_Choice_Field": null, "parent_ChoiceGroup": null, "w": 271, "h": 22, "y": 1606, "x": 831, "structure_id": "Tb_47"}, {"parent_Field": null, "parent_Choice_Field": null, "parent_ChoiceGroup": null, "w": 1506, "h": 247, "y": 1708, "x": 100, "structure_id": "Tb_48"}, {"parent_Field": null, "parent_Choice_Field": null, "parent_ChoiceGroup": null, "w": 1506, "h": 122, "y": 1972, "x": 100, "structure_id": "Tb_49"}, {"parent_Field": null, "parent_Choice_Field": null, "parent_ChoiceGroup": null, "w": 290, "h": 19, "y": 2124, "x": 83, "structure_id": "Tb_50"}, {"parent_Field": null, "parent_Choice_Field": null, "parent_ChoiceGroup": null, "w": 71, "h": 22, "y": 2122, "x": 1546, "structure_id": "Tb_51"}], "Choice_Field": [{"y": 173.60787401574805, "x": 108.32755905511812, "structure_id": "Chf_1", "w": 157.67244094488188, "h": 26.392125984251948}, {"y": 206.9472440944882, "x": 108.32755905511812, "structure_id": "Chf_2", "w": 167.67244094488188, "h": 26.052755905511788}, {"y": 240.27795275590552, "x": 108.32755905511812, "structure_id": "Chf_3", "w": 140.67244094488188, "h": 26.722047244094483}, {"y": 273.60787401574805, "x": 108.32755905511812, "structure_id": "Chf_4", "w": 217.67244094488188, "h": 26.392125984251948}, {"y": 306.93858267716536, "x": 108.32755905511812, "structure_id": "Chf_5", "w": 233.67244094488188, "h": 43.06141732283464}, {"y": 356.9472440944882, "x": 108.32755905511812, "structure_id": "Chf_6", "w": 247.67244094488188, "h": 26.052755905511788}, {"y": 570.8307086614174, "x": 108.32755905511812, "structure_id": "Chf_7", "w": 80.67244094488188, "h": 25}, {"y": 570.8307086614174, "x": 208.32755905511812, "structure_id": "Chf_8", "w": 70.67244094488188, "h": 25}, {"y": 787.5, "x": 108.32755905511812, "structure_id": "Chf_9", "w": 80.67244094488188, "h": 25}, {"y": 787.5, "x": 208.32755905511812, "structure_id": "Chf_10", "w": 70.67244094488188, "h": 25}], "Field": [{"y": 50, "x": 85, "structure_id": "Fi_1", "w": 942.5244094488189, "h": 46.833070866141725}, {"y": 233.33858267716536, "x": 750, "structure_id": "Fi_2", "w": 515.7637795275591, "h": 33.66141732283464}, {"y": 266.66929133858264, "x": 750, "structure_id": "Fi_3", "w": 515.7637795275591, "h": 33.33070866141736}, {"y": 233.33070866141733, "x": 433, "structure_id": "Fi_4", "w": 266.43307086614175, "h": 33.66929133858267}, {"y": 300, "x": 433, "structure_id": "Fi_5", "w": 266.43307086614175, "h": 33.330708661417304}, {"y": 350, "x": 433, "structure_id": "Fi_6", "w": 266.43307086614175, "h": 33.330708661417304}, {"y": 166.6692913385827, "x": 750, "structure_id": "Fi_7", "w": 515.7637795275591, "h": 33.330708661417304}, {"y": 466.6692913385827, "x": 433, "structure_id": "Fi_8", "w": 499.42519685039383, "h": 33.330708661417304}, {"y": 300, "x": 750, "structure_id": "Fi_9", "w": 515.7637795275591, "h": 33.330708661417304}, {"y": 350, "x": 750, "structure_id": "Fi_10", "w": 515.7637795275591, "h": 33.330708661417304}, {"y": 572, "x": 100, "structure_id": "Fi_11", "w": 1500, "h": 144.66929133858264}, {"y": 266.66929133858264, "x": 433, "structure_id": "Fi_12", "w": 266.43307086614175, "h": 33.33070866141736}, {"y": 200, "x": 750, "structure_id": "Fi_13", "w": 515.7637795275591, "h": 33.330708661417304}, {"y": 466.6692913385827, "x": 100, "structure_id": "Fi_14", "w": 283.33070866141736, "h": 33.330708661417304}, {"y": 166.6692913385827, "x": 433, "structure_id": "Fi_15", "w": 266.43307086614175, "h": 33.330708661417304}, {"y": 200, "x": 433, "structure_id": "Fi_16", "w": 266.43307086614175, "h": 33.330708661417304}, {"y": 789, "x": 100, "structure_id": "Fi_17", "w": 1500, "h": 144.33070866141736}, {"y": 974, "x": 100, "structure_id": "Fi_18", "w": 1500, "h": 226}, {"y": 1390, "x": 566.6692913385828, "structure_id": "Fi_19", "w": 503.33070866141725, "h": 109.99212598425197}, {"y": 1290, "x": 1366.6692913385828, "structure_id": "Fi_20", "w": 200, "h": 93.33070866141725}, {"y": 1290, "x": 700, "structure_id": "Fi_21", "w": 633.3307086614172, "h": 93.33070866141725}, {"y": 1289, "x": 100, "structure_id": "Fi_22", "w": 566.6692913385826, "h": 94.33070866141725}, {"y": 1390, "x": 100, "structure_id": "Fi_23", "w": 433.33070866141736, "h": 104.44488188976379}, {"y": 1390, "x": 1100, "structure_id": "Fi_24", "w": 500, "h": 104.44488188976379}, {"y": 1566.6692913385828, "x": 100, "structure_id": "Fi_25", "w": 1099.9527559055118, "h": 61.33070866141725}], "TextRun": [{"parent_TextBlock": "Tb_1", "text": "PATIENT/VETERAN'S SOCIAL SECURITY NO.", "parent_Field": "Fi_1", "parent_Choice_Field": null, "parent_ChoiceGroup": null, "w": 416, "h": 20, "y": 71, "x": 85, "structure_id": "Tr_1"}, {"parent_TextBlock": "Tb_2", "text": "SECTION IX - DIAGNOSTIC TESTING", "parent_Field": null, "parent_Choice_Field": null, "parent_ChoiceGroup": null, "w": 393, "h": 22, "y": 108, "x": 591, "structure_id": "Tr_2"}, {"parent_TextBlock": "Tb_2", "text": "(Continued)", "parent_Field": null, "parent_Choice_Field": null, "parent_ChoiceGroup": null, "w": 125, "h": 25, "y": 106, "x": 984, "structure_id": "Tr_3"}, {"parent_TextBlock": "Tb_3", "text": "Result:", "parent_Field": "Fi_2", "parent_Choice_Field": null, "parent_ChoiceGroup": null, "w": 61, "h": 20, "y": 247, "x": 750, "structure_id": "Tr_4"}, {"parent_TextBlock": "Tb_4", "text": "Result:", "parent_Field": "Fi_3", "parent_Choice_Field": null, "parent_ChoiceGroup": null, "w": 61, "h": 19, "y": 281, "x": 750, "structure_id": "Tr_5"}, {"parent_TextBlock": "Tb_5", "text": "Date:", "parent_Field": "Fi_4", "parent_Choice_Field": null, "parent_ChoiceGroup": null, "w": 47, "h": 20, "y": 247, "x": 433, "structure_id": "Tr_6"}, {"parent_TextBlock": "Tb_6", "text": "Date:", "parent_Field": "Fi_5", "parent_Choice_Field": null, "parent_ChoiceGroup": null, "w": 47, "h": 19, "y": 314, "x": 433, "structure_id": "Tr_7"}, {"parent_TextBlock": "Tb_7", "text": "Date:", "parent_Field": "Fi_6", "parent_Choice_Field": null, "parent_ChoiceGroup": null, "w": 47, "h": 19, "y": 364, "x": 433, "structure_id": "Tr_8"}, {"parent_TextBlock": "Tb_8", "text": "Result:", "parent_Field": "Fi_7", "parent_Choice_Field": null, "parent_ChoiceGroup": null, "w": 61, "h": 19, "y": 181, "x": 750, "structure_id": "Tr_9"}, {"parent_TextBlock": "Tb_9", "text": "Result:", "parent_Field": "Fi_8", "parent_Choice_Field": null, "parent_ChoiceGroup": null, "w": 61, "h": 19, "y": 481, "x": 433, "structure_id": "Tr_10"}, {"parent_TextBlock": "Tb_10", "text": "Result:", "parent_Field": "Fi_9", "parent_Choice_Field": null, "parent_ChoiceGroup": null, "w": 61, "h": 19, "y": 314, "x": 750, "structure_id": "Tr_11"}, {"parent_TextBlock": "Tb_11", "text": "Result:", "parent_Field": "Fi_10", "parent_Choice_Field": null, "parent_ChoiceGroup": null, "w": 61, "h": 19, "y": 364, "x": 750, "structure_id": "Tr_12"}, {"parent_TextBlock": "Tb_12", "text": "9C. URINALYSIS", "parent_Field": null, "parent_Choice_Field": null, "parent_ChoiceGroup": "Chgp_1", "w": 151, "h": 20, "y": 140, "x": 100, "structure_id": "Tr_13"}, {"parent_TextBlock": "Tb_13", "text": "Hyaline casts", "parent_Field": null, "parent_Choice_Field": "Chf_1", "parent_ChoiceGroup": "Chgp_1", "w": 116, "h": 19, "y": 181, "x": 150, "structure_id": "Tr_14"}, {"parent_TextBlock": "Tb_14", "text": "Granular casts", "parent_Field": null, "parent_Choice_Field": "Chf_2", "parent_ChoiceGroup": "Chgp_1", "w": 126, "h": 19, "y": 214, "x": 150, "structure_id": "Tr_15"}, {"parent_TextBlock": "Tb_15", "text": "RBC's/HPF", "parent_Field": null, "parent_Choice_Field": "Chf_3", "parent_ChoiceGroup": "Chgp_1", "w": 99, "h": 20, "y": 247, "x": 150, "structure_id": "Tr_16"}, {"parent_TextBlock": "Tb_16", "text": "Proteinuria", "parent_Field": null, "parent_Choice_Field": "Chf_4", "parent_ChoiceGroup": "Chgp_1", "w": 99, "h": 20, "y": 280, "x": 150, "structure_id": "Tr_17"}, {"parent_TextBlock": "Tb_16", "text": "(albumin)", "parent_Field": null, "parent_Choice_Field": "Chf_4", "parent_ChoiceGroup": "Chgp_1", "w": 77, "h": 19, "y": 281, "x": 249, "structure_id": "Tr_18"}, {"parent_TextBlock": "Tb_17", "text": "Spot urine for", "parent_Field": null, "parent_Choice_Field": "Chf_5", "parent_ChoiceGroup": "Chgp_1", "w": 122, "h": 20, "y": 307, "x": 150, "structure_id": "Tr_19"}, {"parent_TextBlock": "Tb_17", "text": "protein/creatinine ratio", "parent_Field": null, "parent_Choice_Field": "Chf_5", "parent_ChoiceGroup": "Chgp_1", "w": 192, "h": 19, "y": 331, "x": 150, "structure_id": "Tr_20"}, {"parent_TextBlock": "Tb_18", "text": "24 hour protein", "parent_Field": null, "parent_Choice_Field": "Chf_6", "parent_ChoiceGroup": "Chgp_1", "w": 131, "h": 19, "y": 364, "x": 150, "structure_id": "Tr_21"}, {"parent_TextBlock": "Tb_18", "text": "(mg/day)", "parent_Field": null, "parent_Choice_Field": "Chf_6", "parent_ChoiceGroup": "Chgp_1", "w": 75, "h": 19, "y": 364, "x": 281, "structure_id": "Tr_22"}, {"parent_TextBlock": "Tb_19", "text": "(If yes, provide type of test or procedure, date and results (brief summary)):", "parent_Field": "Fi_11", "parent_Choice_Field": null, "parent_ChoiceGroup": null, "w": 675, "h": 22, "y": 572, "x": 317, "structure_id": "Tr_23"}, {"parent_TextBlock": "Tb_20", "text": "Date:", "parent_Field": "Fi_12", "parent_Choice_Field": null, "parent_ChoiceGroup": null, "w": 47, "h": 19, "y": 281, "x": 433, "structure_id": "Tr_24"}, {"parent_TextBlock": "Tb_21", "text": "Result:", "parent_Field": "Fi_13", "parent_Choice_Field": null, "parent_ChoiceGroup": null, "w": 61, "h": 19, "y": 214, "x": 750, "structure_id": "Tr_25"}, {"parent_TextBlock": "Tb_22", "text": "Date:", "parent_Field": "Fi_14", "parent_Choice_Field": null, "parent_ChoiceGroup": null, "w": 46, "h": 19, "y": 481, "x": 100, "structure_id": "Tr_26"}, {"parent_TextBlock": "Tb_23", "text": "9D. SPOT URINE MICROALBUMIN/CREATININE", "parent_Field": null, "parent_Choice_Field": null, "parent_ChoiceGroup": null, "w": 434, "h": 19, "y": 424, "x": 100, "structure_id": "Tr_27"}, {"parent_TextBlock": "Tb_24", "text": "Date:", "parent_Field": "Fi_15", "parent_Choice_Field": null, "parent_ChoiceGroup": null, "w": 47, "h": 19, "y": 181, "x": 433, "structure_id": "Tr_28"}, {"parent_TextBlock": "Tb_25", "text": "Date:", "parent_Field": "Fi_16", "parent_Choice_Field": null, "parent_ChoiceGroup": null, "w": 47, "h": 19, "y": 214, "x": 433, "structure_id": "Tr_29"}, {"parent_TextBlock": "Tb_26", "text": "9E. ARE THERE ANY OTHER SIGNIFICANT DIAGNOSTIC TEST FINDINGS AND/OR RESULTS?", "parent_Field": null, "parent_Choice_Field": null, "parent_ChoiceGroup": "Chgp_2", "w": 860, "h": 20, "y": 540, "x": 100, "structure_id": "Tr_30"}, {"parent_TextBlock": "Tb_27", "text": "YES", "parent_Field": null, "parent_Choice_Field": "Chf_7", "parent_ChoiceGroup": "Chgp_2", "w": 39, "h": 19, "y": 574, "x": 150, "structure_id": "Tr_31"}, {"parent_TextBlock": "Tb_28", "text": "NO", "parent_Field": null, "parent_Choice_Field": "Chf_8", "parent_ChoiceGroup": "Chgp_2", "w": 29, "h": 19, "y": 574, "x": 250, "structure_id": "Tr_32"}, {"parent_TextBlock": "Tb_29", "text": "SECTION X - FUNCTIONAL IMPACT", "parent_Field": null, "parent_Choice_Field": null, "parent_ChoiceGroup": null, "w": 376, "h": 22, "y": 724, "x": 662, "structure_id": "Tr_33"}, {"parent_TextBlock": "Tb_30", "text": "(If yes, describe impact of each of the veteran's kidney conditions, providing one or more examples):", "parent_Field": "Fi_17", "parent_Choice_Field": null, "parent_ChoiceGroup": null, "w": 895, "h": 22, "y": 789, "x": 300, "structure_id": "Tr_34"}, {"parent_TextBlock": "Tb_31", "text": "10. DOES THE VETERAN'S KIDNEY CONDITION(S), INCLUDING NEOPLASMS, IF ANY, IMPACT HIS OR HER ABILITY TO WORK?", "parent_Field": null, "parent_Choice_Field": null, "parent_ChoiceGroup": "Chgp_3", "w": 1172, "h": 19, "y": 757, "x": 100, "structure_id": "Tr_35"}, {"parent_TextBlock": "Tb_32", "text": "YES", "parent_Field": null, "parent_Choice_Field": "Chf_9", "parent_ChoiceGroup": "Chgp_3", "w": 39, "h": 20, "y": 790, "x": 150, "structure_id": "Tr_36"}, {"parent_TextBlock": "Tb_33", "text": "NO", "parent_Field": null, "parent_Choice_Field": "Chf_10", "parent_ChoiceGroup": "Chgp_3", "w": 29, "h": 20, "y": 790, "x": 250, "structure_id": "Tr_37"}, {"parent_TextBlock": "Tb_34", "text": "SECTION XI - REMARKS", "parent_Field": null, "parent_Choice_Field": null, "parent_ChoiceGroup": null, "w": 258, "h": 22, "y": 940, "x": 721, "structure_id": "Tr_38"}, {"parent_TextBlock": "Tb_35", "text": "11. REMARKS", "parent_Field": "Fi_18", "parent_Choice_Field": null, "parent_ChoiceGroup": null, "w": 129, "h": 19, "y": 974, "x": 100, "structure_id": "Tr_39"}, {"parent_TextBlock": "Tb_36", "text": "SECTION XII - PHYSICIAN'S CERTIFICATION AND SIGNATURE", "parent_Field": null, "parent_Choice_Field": null, "parent_ChoiceGroup": null, "w": 662, "h": 22, "y": 1207, "x": 519, "structure_id": "Tr_40"}, {"parent_TextBlock": "Tb_37", "text": "15E. NATIONAL PROVIDER IDENTIFIER (NPI) NUMBER", "parent_Field": "Fi_19", "parent_Choice_Field": null, "parent_ChoiceGroup": null, "w": 503, "h": 20, "y": 1390, "x": 567, "structure_id": "Tr_41"}, {"parent_TextBlock": "Tb_38", "text": "12C. DATE SIGNED", "parent_Field": "Fi_20", "parent_Choice_Field": null, "parent_ChoiceGroup": null, "w": 178, "h": 20, "y": 1290, "x": 1367, "structure_id": "Tr_42"}, {"parent_TextBlock": "Tb_39", "text": "NOTE", "parent_Field": null, "parent_Choice_Field": null, "parent_ChoiceGroup": null, "w": 63, "h": 22, "y": 1514, "x": 100, "structure_id": "Tr_43"}, {"parent_TextBlock": "Tb_39", "text": "- VA may request additional medical information, including additional examinations, if necessary to complete VA's review of the veteran's application.", "parent_Field": null, "parent_Choice_Field": null, "parent_ChoiceGroup": null, "w": 1351, "h": 22, "y": 1514, "x": 163, "structure_id": "Tr_44"}, {"parent_TextBlock": "Tb_40", "text": "12B. PHYSICIAN'S PRINTED NAME", "parent_Field": "Fi_21", "parent_Choice_Field": null, "parent_ChoiceGroup": null, "w": 319, "h": 20, "y": 1290, "x": 700, "structure_id": "Tr_45"}, {"parent_TextBlock": "Tb_41", "text": "12A. PHYSICIAN'S SIGNATURE", "parent_Field": "Fi_22", "parent_Choice_Field": null, "parent_ChoiceGroup": null, "w": 291, "h": 19, "y": 1291, "x": 100, "structure_id": "Tr_46"}, {"parent_TextBlock": "Tb_41", "text": "(Sign in ink)", "parent_Field": "Fi_22", "parent_Choice_Field": null, "parent_ChoiceGroup": null, "w": 110, "h": 22, "y": 1289, "x": 391, "structure_id": "Tr_47"}, {"parent_TextBlock": "Tb_42", "text": "12D. PHYSICIAN'S PHONE AND FAX NUMBER", "parent_Field": "Fi_23", "parent_Choice_Field": null, "parent_ChoiceGroup": null, "w": 422, "h": 20, "y": 1390, "x": 100, "structure_id": "Tr_48"}, {"parent_TextBlock": "Tb_43", "text": "CERTIFICATION", "parent_Field": null, "parent_Choice_Field": null, "parent_ChoiceGroup": null, "w": 204, "h": 25, "y": 1246, "x": 100, "structure_id": "Tr_49"}, {"parent_TextBlock": "Tb_43", "text": "\u00c2\u00a0- To the best of my knowledge, the information contained herein is accurate, complete and current.\u00c2\u00a0", "parent_Field": null, "parent_Choice_Field": null, "parent_ChoiceGroup": null, "w": 1001, "h": 25, "y": 1246, "x": 304, "structure_id": "Tr_50"}, {"parent_TextBlock": "Tb_44", "text": "12F. PHYSICIAN'S ADDRESS", "parent_Field": "Fi_24", "parent_Choice_Field": null, "parent_ChoiceGroup": null, "w": 265, "h": 20, "y": 1390, "x": 1100, "structure_id": "Tr_51"}, {"parent_TextBlock": "Tb_45", "text": "NOTE -", "parent_Field": null, "parent_Choice_Field": null, "parent_ChoiceGroup": null, "w": 76, "h": 22, "y": 1664, "x": 100, "structure_id": "Tr_52"}, {"parent_TextBlock": "Tb_45", "text": "A list of VA Regional Office FAX Numbers can be found at\u00c2\u00a0", "parent_Field": null, "parent_Choice_Field": null, "parent_ChoiceGroup": null, "w": 549, "h": 22, "y": 1664, "x": 176, "structure_id": "Tr_53"}, {"parent_TextBlock": "Tb_45", "text": "www.benefits.va.gov/disabilityexams", "parent_Field": null, "parent_Choice_Field": null, "parent_ChoiceGroup": null, "w": 347, "h": 22, "y": 1664, "x": 725, "structure_id": "Tr_54"}, {"parent_TextBlock": "Tb_45", "text": "\u00c2\u00a0or obtained by calling 1-800-827-1000.", "parent_Field": null, "parent_Choice_Field": null, "parent_ChoiceGroup": null, "w": 356, "h": 22, "y": 1664, "x": 1072, "structure_id": "Tr_55"}, {"parent_TextBlock": "Tb_46", "text": "IMPORTANT\u00c2\u00a0-", "parent_Field": "Fi_25", "parent_Choice_Field": null, "parent_ChoiceGroup": null, "w": 170, "h": 25, "y": 1571, "x": 100, "structure_id": "Tr_56"}, {"parent_TextBlock": "Tb_46", "text": "Physician please fax the completed form to:", "parent_Field": "Fi_25", "parent_Choice_Field": null, "parent_ChoiceGroup": null, "w": 445, "h": 25, "y": 1571, "x": 270, "structure_id": "Tr_57"}, {"parent_TextBlock": "Tb_47", "text": "(VA Regional Office FAX No.)", "parent_Field": "Fi_25", "parent_Choice_Field": null, "parent_ChoiceGroup": null, "w": 271, "h": 22, "y": 1606, "x": 831, "structure_id": "Tr_58"}, {"parent_TextBlock": "Tb_48", "text": "PRIVACY  ACT  NOTICE:  VA  will  not  disclose  information  collected  on  this  form  to  any  source  other  than  what  has  been  authorized  under  the  Privacy  Act  of  1974", "parent_Field": null, "parent_Choice_Field": null, "parent_ChoiceGroup": null, "w": 1506, "h": 22, "y": 1708, "x": 100, "structure_id": "Tr_59"}, {"parent_TextBlock": "Tb_48", "text": "or  Title  38,  Code  of  Federal  Regulations  1.576  for  routine  uses  (i.e.,  civil  or  criminal  law  enforcement,  congressional  communications,  epidemiological  or  research", "parent_Field": null, "parent_Choice_Field": null, "parent_ChoiceGroup": null, "w": 1506, "h": 22, "y": 1733, "x": 100, "structure_id": "Tr_60"}, {"parent_TextBlock": "Tb_48", "text": "studies,  the  collection  of  money  owed  to  the  United  States,  litigation  in  which  the  United  States  is  party  or  has  an  interest,  the  administration  of  VA  programs  and", "parent_Field": null, "parent_Choice_Field": null, "parent_ChoiceGroup": null, "w": 1506, "h": 22, "y": 1758, "x": 100, "structure_id": "Tr_61"}, {"parent_TextBlock": "Tb_48", "text": "delivery  of  VA  benefits,  verification  of  identity  and  status,  and  personnel  administration)  as  identified  in  the  VA  system  of  records,  58/VA21/22/28,  Compensation,", "parent_Field": null, "parent_Choice_Field": null, "parent_ChoiceGroup": null, "w": 1506, "h": 22, "y": 1783, "x": 100, "structure_id": "Tr_62"}, {"parent_TextBlock": "Tb_48", "text": "Pension,  Education  and  Vocational  Rehabilitation  and  Employment  Records  VA,  published  in  the  Federal  Register.  Your  obligation  to  respond  is  voluntary.  VA  uses", "parent_Field": null, "parent_Choice_Field": null, "parent_ChoiceGroup": null, "w": 1506, "h": 22, "y": 1808, "x": 100, "structure_id": "Tr_63"}, {"parent_TextBlock": "Tb_48", "text": "your  SSN  to  identify  your  claim  file.  Providing  your  SSN  will  help  ensure  that  your  records  are  properly  associated  with  your  claim  file.  Giving  us  your  SSN  account", "parent_Field": null, "parent_Choice_Field": null, "parent_ChoiceGroup": null, "w": 1506, "h": 22, "y": 1833, "x": 100, "structure_id": "Tr_64"}, {"parent_TextBlock": "Tb_48", "text": "information  is  voluntary.  Refusal  to  provide  your  SSN  by  itself  will  not  result  in  the  denial  of  benefits.  VA  will  not  deny  an  individual  benefits  for  refusing  to  provide", "parent_Field": null, "parent_Choice_Field": null, "parent_ChoiceGroup": null, "w": 1506, "h": 22, "y": 1858, "x": 100, "structure_id": "Tr_65"}, {"parent_TextBlock": "Tb_48", "text": "his  or  her  SSN  unless  the  disclosure  of  the  SSN  is  required  by  Federal  Statute  of  law  in  effect  prior  to  January  1,  1975,  and  still  in  effect.  The  requested  information  is", "parent_Field": null, "parent_Choice_Field": null, "parent_ChoiceGroup": null, "w": 1506, "h": 22, "y": 1883, "x": 100, "structure_id": "Tr_66"}, {"parent_TextBlock": "Tb_48", "text": "considered  relevant  and  necessary  to  determine  maximum  benefits  under  the  law.  The  responses  you  submit  are  considered  confidential  (38  U.S.C.  5701).  Information", "parent_Field": null, "parent_Choice_Field": null, "parent_ChoiceGroup": null, "w": 1506, "h": 22, "y": 1908, "x": 100, "structure_id": "Tr_67"}, {"parent_TextBlock": "Tb_48", "text": "submitted is subject to verification through computer matching programs with other agencies.", "parent_Field": null, "parent_Choice_Field": null, "parent_ChoiceGroup": null, "w": 844, "h": 22, "y": 1933, "x": 100, "structure_id": "Tr_68"}, {"parent_TextBlock": "Tb_49", "text": "RESPONDENT  BURDEN: \u00c2 \u00a0We  need  this  information  to  determine  entitlement  to  benefits  (38  U.S.C.  501).  Title  38,  United  States  Code,  allows  us  to  ask  for  this", "parent_Field": null, "parent_Choice_Field": null, "parent_ChoiceGroup": null, "w": 1504, "h": 22, "y": 1972, "x": 100, "structure_id": "Tr_69"}, {"parent_TextBlock": "Tb_49", "text": "information.  We  estimate  that  you  will  need  an  average  of  15  minutes  to  review  the  instructions,  find  the  information,  and  complete  the  form.  VA  cannot  conduct  or", "parent_Field": null, "parent_Choice_Field": null, "parent_ChoiceGroup": null, "w": 1506, "h": 22, "y": 1997, "x": 100, "structure_id": "Tr_70"}, {"parent_TextBlock": "Tb_49", "text": "sponsor  collection  of  information  unless  valid  OMB  control  number  is  displayed.  You  are  not  required  to  respond  to  collection  of  information  if  this  number  is  not", "parent_Field": null, "parent_Choice_Field": null, "parent_ChoiceGroup": null, "w": 1506, "h": 22, "y": 2022, "x": 100, "structure_id": "Tr_71"}, {"parent_TextBlock": "Tb_49", "text": "displayed.  Valid  OMB  control  numbers  can  be  located  on  the  OMB  Internet  Page at\u00c2\u00a0", "parent_Field": null, "parent_Choice_Field": null, "parent_ChoiceGroup": null, "w": 754, "h": 22, "y": 2047, "x": 100, "structure_id": "Tr_72"}, {"parent_TextBlock": "Tb_49", "text": "www.reginfo.gov/public/do/PRAMain", "parent_Field": null, "parent_Choice_Field": null, "parent_ChoiceGroup": null, "w": 358, "h": 22, "y": 2047, "x": 854, "structure_id": "Tr_73"}, {"parent_TextBlock": "Tb_49", "text": "If  desired,  you  can  call  1-800-827-1000  to", "parent_Field": null, "parent_Choice_Field": null, "parent_ChoiceGroup": null, "w": 382, "h": 22, "y": 2047, "x": 1223, "structure_id": "Tr_74"}, {"parent_TextBlock": "Tb_49", "text": "get information on where to send comments or suggestions about this form.", "parent_Field": null, "parent_Choice_Field": null, "parent_ChoiceGroup": null, "w": 671, "h": 22, "y": 2072, "x": 100, "structure_id": "Tr_75"}, {"parent_TextBlock": "Tb_50", "text": "VA FORM 21-0960J-1, FEB 2015", "parent_Field": null, "parent_Choice_Field": null, "parent_ChoiceGroup": null, "w": 290, "h": 19, "y": 2124, "x": 83, "structure_id": "Tr_76"}, {"parent_TextBlock": "Tb_51", "text": "Page 5", "parent_Field": null, "parent_Choice_Field": null, "parent_ChoiceGroup": null, "w": 71, "h": 22, "y": 2122, "x": 1546, "structure_id": "Tr_77"}], "ChoiceGroup": [{"y": 128.03125, "x": 93, "structure_id": "Chgp_1", "w": 1180, "h": 260}, {"y": 533.03125, "x": 91, "structure_id": "Chgp_2", "w": 1514, "h": 180}, {"y": 752.03125, "x": 90, "structure_id": "Chgp_3", "w": 1512, "h": 180}]}