{"Widget": [{"parent_Field": "Fi_1", "parent_Choice_Field": null, "parent_ChoiceGroup": null, "w": 377.3086614173228, "h": 47.8748031496063, "y": 162.7251968503937, "x": 124.41102362204725, "structure_id": "Wi_1"}, {"parent_Field": "Fi_2", "parent_Choice_Field": null, "parent_ChoiceGroup": null, "w": 75.06377952755905, "h": 47.8748031496063, "y": 162.7251968503937, "x": 513.9, "structure_id": "Wi_2"}, {"parent_Field": "Fi_3", "parent_Choice_Field": null, "parent_ChoiceGroup": null, "w": 115.73858267716535, "h": 47.8748031496063, "y": 162.7251968503937, "x": 601.0165354330709, "structure_id": "Wi_3"}, {"parent_Field": "Fi_4", "parent_Choice_Field": null, "parent_ChoiceGroup": null, "w": 377.3086614173228, "h": 47.8748031496063, "y": 162.7251968503937, "x": 1061.496850393701, "structure_id": "Wi_4"}, {"parent_Field": "Fi_5", "parent_Choice_Field": null, "parent_ChoiceGroup": null, "w": 377.3086614173228, "h": 47.8748031496063, "y": 247.78031496062994, "x": 124.41102362204725, "structure_id": "Wi_5"}, {"parent_Field": "Fi_6", "parent_Choice_Field": null, "parent_ChoiceGroup": null, "w": 75.06377952755905, "h": 47.8748031496063, "y": 247.78031496062994, "x": 513.9, "structure_id": "Wi_6"}, {"parent_Field": "Fi_7", "parent_Choice_Field": null, "parent_ChoiceGroup": null, "w": 115.73858267716535, "h": 47.8748031496063, "y": 247.78031496062994, "x": 601.0165354330709, "structure_id": "Wi_7"}, {"parent_Field": "Fi_8", "parent_Choice_Field": null, "parent_ChoiceGroup": null, "w": 377.3086614173228, "h": 47.8748031496063, "y": 247.78031496062994, "x": 1061.496850393701, "structure_id": "Wi_8"}, {"parent_Field": "Fi_9", "parent_Choice_Field": null, "parent_ChoiceGroup": null, "w": 642.0724409448819, "h": 47.8748031496063, "y": 396.63858267716535, "x": 91.90078740157482, "structure_id": "Wi_9"}, {"parent_Field": "Fi_10", "parent_Choice_Field": null, "parent_ChoiceGroup": null, "w": 862.1889763779528, "h": 47.8748031496063, "y": 396.63858267716535, "x": 766.5141732283465, "structure_id": "Wi_10"}, {"parent_Field": "Fi_11", "parent_Choice_Field": null, "parent_ChoiceGroup": null, "w": 1549.0551181102362, "h": 135.82755905511812, "y": 739.3000000000001, "x": 69.49448818897638, "structure_id": "Wi_11"}, {"parent_Field": "Fi_12", "parent_Choice_Field": null, "parent_ChoiceGroup": null, "w": 862.1889763779528, "h": 47.8748031496063, "y": 639.4889763779528, "x": 766.5110236220472, "structure_id": "Wi_12"}, {"parent_Field": "Fi_13", "parent_Choice_Field": null, "parent_ChoiceGroup": null, "w": 642.0724409448819, "h": 47.8748031496063, "y": 639.4889763779528, "x": 91.89685039370079, "structure_id": "Wi_13"}, {"parent_Field": "Fi_14", "parent_Choice_Field": null, "parent_ChoiceGroup": null, "w": 1551.1803149606299, "h": 134.29133858267716, "y": 494.40314960629917, "x": 69.49763779527561, "structure_id": "Wi_14"}, {"parent_Field": "Fi_15", "parent_Choice_Field": null, "parent_ChoiceGroup": null, "w": 766.7165354330709, "h": 47.8748031496063, "y": 1203.4637795275592, "x": 862.4165354330709, "structure_id": "Wi_15"}, {"parent_Field": "Fi_16", "parent_Choice_Field": null, "parent_ChoiceGroup": null, "w": 772.9141732283465, "h": 47.8748031496063, "y": 1203.4637795275592, "x": 68.73858267716535, "structure_id": "Wi_16"}, {"parent_Field": "Fi_17", "parent_Choice_Field": null, "parent_ChoiceGroup": null, "w": 766.7165354330709, "h": 47.8748031496063, "y": 1358.644094488189, "x": 862.4165354330709, "structure_id": "Wi_17"}, {"parent_Field": "Fi_18", "parent_Choice_Field": null, "parent_ChoiceGroup": null, "w": 772.9141732283465, "h": 47.8748031496063, "y": 1281.1669291338583, "x": 68.73858267716535, "structure_id": "Wi_18"}, {"parent_Field": "Fi_19", "parent_Choice_Field": null, "parent_ChoiceGroup": null, "w": 772.9141732283465, "h": 47.8748031496063, "y": 1358.644094488189, "x": 68.73858267716535, "structure_id": "Wi_19"}, {"parent_Field": "Fi_20", "parent_Choice_Field": null, "parent_ChoiceGroup": null, "w": 772.9141732283465, "h": 47.8748031496063, "y": 1125.9834645669291, "x": 68.73858267716535, "structure_id": "Wi_20"}, {"parent_Field": "Fi_21", "parent_Choice_Field": null, "parent_ChoiceGroup": null, "w": 766.7165354330709, "h": 47.8748031496063, "y": 1048.583464566929, "x": 862.4165354330709, "structure_id": "Wi_21"}, {"parent_Field": "Fi_22", "parent_Choice_Field": null, "parent_ChoiceGroup": null, "w": 772.9141732283465, "h": 47.8748031496063, "y": 1048.583464566929, "x": 68.73858267716535, "structure_id": "Wi_22"}, {"parent_Field": "Fi_23", "parent_Choice_Field": null, "parent_ChoiceGroup": null, "w": 772.9141732283465, "h": 47.8748031496063, "y": 971.3385826771654, "x": 68.73858267716535, "structure_id": "Wi_23"}, {"parent_Field": "Fi_24", "parent_Choice_Field": null, "parent_ChoiceGroup": null, "w": 766.7165354330709, "h": 47.8748031496063, "y": 1125.9834645669291, "x": 862.4165354330709, "structure_id": "Wi_24"}, {"parent_Field": "Fi_25", "parent_Choice_Field": null, "parent_ChoiceGroup": null, "w": 766.7165354330709, "h": 47.8748031496063, "y": 971.3385826771654, "x": 862.4165354330709, "structure_id": "Wi_25"}, {"parent_Field": "Fi_26", "parent_Choice_Field": null, "parent_ChoiceGroup": null, "w": 766.7165354330709, "h": 47.8748031496063, "y": 1281.1669291338583, "x": 862.4165354330709, "structure_id": "Wi_26"}, {"parent_Field": null, "parent_Choice_Field": "Chf_1", "parent_ChoiceGroup": "Chgp_1", "w": 25, "h": 25, "y": 1485.9417322834645, "x": 73.31417322834646, "structure_id": "Wi_27"}, {"parent_Field": null, "parent_Choice_Field": "Chf_2", "parent_ChoiceGroup": "Chgp_1", "w": 25, "h": 25, "y": 1485.9417322834645, "x": 589.3385826771654, "structure_id": "Wi_28"}, {"parent_Field": "Fi_27", "parent_Choice_Field": null, "parent_ChoiceGroup": null, "w": 1549.0551181102362, "h": 438.5496062992126, "y": 1672.8417322834646, "x": 69.4976377952756, "structure_id": "Wi_29"}], "TextBlock": [{"parent_Field": null, "parent_Choice_Field": null, "parent_ChoiceGroup": null, "w": 92, "h": 33, "y": 2136, "x": 167, "structure_id": "Tb_1"}, {"parent_Field": null, "parent_Choice_Field": null, "parent_ChoiceGroup": null, "w": 437, "h": 22, "y": 90, "x": 69, "structure_id": "Tb_2"}, {"parent_Field": null, "parent_Choice_Field": null, "parent_ChoiceGroup": null, "w": 1506, "h": 43, "y": 120, "x": 69, "structure_id": "Tb_3"}, {"parent_Field": "Fi_1", "parent_Choice_Field": null, "parent_ChoiceGroup": null, "w": 72, "h": 22, "y": 211, "x": 278, "structure_id": "Tb_4"}, {"parent_Field": "Fi_1", "parent_Choice_Field": null, "parent_ChoiceGroup": null, "w": 33, "h": 42, "y": 167.03125, "x": 87, "structure_id": "Tb_5"}, {"parent_Field": "Fi_2", "parent_Choice_Field": null, "parent_ChoiceGroup": null, "w": 52, "h": 22, "y": 211, "x": 524, "structure_id": "Tb_6"}, {"parent_Field": "Fi_3", "parent_Choice_Field": null, "parent_ChoiceGroup": null, "w": 57, "h": 22, "y": 211, "x": 632, "structure_id": "Tb_7"}, {"parent_Field": "Fi_4", "parent_Choice_Field": null, "parent_ChoiceGroup": null, "w": 330, "h": 36.0, "y": 173.03125, "x": 720, "structure_id": "Tb_8"}, {"parent_Field": "Fi_5", "parent_Choice_Field": null, "parent_ChoiceGroup": null, "w": 30, "h": 42.0, "y": 253.03125, "x": 91, "structure_id": "Tb_9"}, {"parent_Field": "Fi_5", "parent_Choice_Field": null, "parent_ChoiceGroup": null, "w": 72, "h": 23, "y": 296, "x": 278, "structure_id": "Tb_10"}, {"parent_Field": "Fi_6", "parent_Choice_Field": null, "parent_ChoiceGroup": null, "w": 52, "h": 23, "y": 296, "x": 524, "structure_id": "Tb_11"}, {"parent_Field": "Fi_7", "parent_Choice_Field": null, "parent_ChoiceGroup": null, "w": 57, "h": 23, "y": 296, "x": 632, "structure_id": "Tb_12"}, {"parent_Field": "Fi_8", "parent_Choice_Field": null, "parent_ChoiceGroup": null, "w": 332, "h": 36.0, "y": 260.03125, "x": 721, "structure_id": "Tb_13"}, {"parent_Field": null, "parent_Choice_Field": null, "parent_ChoiceGroup": null, "w": 18, "h": 49, "y": 163.03125, "x": 66, "structure_id": "Tb_14"}, {"parent_Field": null, "parent_Choice_Field": null, "parent_ChoiceGroup": null, "w": 21, "h": 42, "y": 256.03125, "x": 66, "structure_id": "Tb_15"}, {"parent_Field": null, "parent_Choice_Field": null, "parent_ChoiceGroup": null, "w": 202, "h": 22, "y": 335, "x": 753, "structure_id": "Tb_16"}, {"parent_Field": "Fi_9", "parent_Choice_Field": null, "parent_ChoiceGroup": null, "w": 183, "h": 23, "y": 444, "x": 319, "structure_id": "Tb_17"}, {"parent_Field": "Fi_9", "parent_Choice_Field": null, "parent_ChoiceGroup": null, "w": 22, "h": 43, "y": 406.03125, "x": 63, "structure_id": "Tb_18"}, {"parent_Field": "Fi_10", "parent_Choice_Field": null, "parent_ChoiceGroup": null, "w": 730, "h": 23, "y": 444, "x": 841, "structure_id": "Tb_19"}, {"parent_Field": "Fi_11", "parent_Choice_Field": null, "parent_ChoiceGroup": null, "w": 316, "h": 22, "y": 718, "x": 67, "structure_id": "Tb_20"}, {"parent_Field": "Fi_12", "parent_Choice_Field": null, "parent_ChoiceGroup": null, "w": 730, "h": 23, "y": 687, "x": 841, "structure_id": "Tb_21"}, {"parent_Field": "Fi_13", "parent_Choice_Field": null, "parent_ChoiceGroup": null, "w": 21, "h": 48.0, "y": 647.03125, "x": 66, "structure_id": "Tb_22"}, {"parent_Field": "Fi_13", "parent_Choice_Field": null, "parent_ChoiceGroup": null, "w": 182, "h": 22, "y": 687, "x": 313, "structure_id": "Tb_23"}, {"parent_Field": null, "parent_Choice_Field": null, "parent_ChoiceGroup": null, "w": 1245, "h": 20, "y": 368, "x": 69, "structure_id": "Tb_24"}, {"parent_Field": "Fi_14", "parent_Choice_Field": null, "parent_ChoiceGroup": null, "w": 317, "h": 22, "y": 473, "x": 69, "structure_id": "Tb_25"}, {"parent_Field": null, "parent_Choice_Field": null, "parent_ChoiceGroup": null, "w": 578, "h": 22, "y": 887, "x": 565, "structure_id": "Tb_26"}, {"parent_Field": null, "parent_Choice_Field": null, "parent_ChoiceGroup": null, "w": 1204, "h": 22, "y": 917, "x": 71, "structure_id": "Tb_27"}, {"parent_Field": "Fi_15", "parent_Choice_Field": null, "parent_ChoiceGroup": null, "w": 168, "h": 19, "y": 1182, "x": 857, "structure_id": "Tb_28"}, {"parent_Field": "Fi_16", "parent_Choice_Field": null, "parent_ChoiceGroup": null, "w": 103, "h": 19, "y": 1182, "x": 71, "structure_id": "Tb_29"}, {"parent_Field": "Fi_17", "parent_Choice_Field": null, "parent_ChoiceGroup": null, "w": 168, "h": 20, "y": 1337, "x": 857, "structure_id": "Tb_30"}, {"parent_Field": "Fi_18", "parent_Choice_Field": null, "parent_ChoiceGroup": null, "w": 220, "h": 19, "y": 1260, "x": 71, "structure_id": "Tb_31"}, {"parent_Field": "Fi_19", "parent_Choice_Field": null, "parent_ChoiceGroup": null, "w": 103, "h": 20, "y": 1337, "x": 71, "structure_id": "Tb_32"}, {"parent_Field": "Fi_20", "parent_Choice_Field": null, "parent_ChoiceGroup": null, "w": 220, "h": 20, "y": 1104, "x": 71, "structure_id": "Tb_33"}, {"parent_Field": null, "parent_Choice_Field": null, "parent_ChoiceGroup": null, "w": 268, "h": 22, "y": 1415, "x": 71, "structure_id": "Tb_34"}, {"parent_Field": "Fi_21", "parent_Choice_Field": null, "parent_ChoiceGroup": null, "w": 168, "h": 19, "y": 1027, "x": 857, "structure_id": "Tb_35"}, {"parent_Field": "Fi_22", "parent_Choice_Field": null, "parent_ChoiceGroup": null, "w": 103, "h": 19, "y": 1027, "x": 71, "structure_id": "Tb_36"}, {"parent_Field": "Fi_23", "parent_Choice_Field": null, "parent_ChoiceGroup": null, "w": 220, "h": 19, "y": 950, "x": 71, "structure_id": "Tb_37"}, {"parent_Field": "Fi_24", "parent_Choice_Field": null, "parent_ChoiceGroup": null, "w": 86, "h": 20, "y": 1104, "x": 857, "structure_id": "Tb_38"}, {"parent_Field": "Fi_25", "parent_Choice_Field": null, "parent_ChoiceGroup": null, "w": 86, "h": 19, "y": 950, "x": 857, "structure_id": "Tb_39"}, {"parent_Field": "Fi_26", "parent_Choice_Field": null, "parent_ChoiceGroup": null, "w": 86, "h": 19, "y": 1260, "x": 857, "structure_id": "Tb_40"}, {"parent_Field": null, "parent_Choice_Field": null, "parent_ChoiceGroup": "Chgp_1", "w": 1114, "h": 20, "y": 1450, "x": 71, "structure_id": "Tb_41"}, {"parent_Field": null, "parent_Choice_Field": "Chf_1", "parent_ChoiceGroup": "Chgp_1", "w": 437, "h": 19, "y": 1489, "x": 113, "structure_id": "Tb_42"}, {"parent_Field": null, "parent_Choice_Field": "Chf_2", "parent_ChoiceGroup": "Chgp_1", "w": 29, "h": 19, "y": 1489, "x": 629, "structure_id": "Tb_43"}, {"parent_Field": null, "parent_Choice_Field": null, "parent_ChoiceGroup": null, "w": 192, "h": 22, "y": 1619, "x": 758, "structure_id": "Tb_44"}, {"parent_Field": "Fi_27", "parent_Choice_Field": null, "parent_ChoiceGroup": null, "w": 715, "h": 20, "y": 1650, "x": 71, "structure_id": "Tb_45"}, {"parent_Field": null, "parent_Choice_Field": null, "parent_ChoiceGroup": null, "w": 90, "h": 42, "y": 2127, "x": 61, "structure_id": "Tb_46"}, {"parent_Field": null, "parent_Choice_Field": null, "parent_ChoiceGroup": null, "w": 100, "h": 19, "y": 2128, "x": 1533, "structure_id": "Tb_47"}], "Choice_Field": [{"y": 1485.9417322834645, "x": 73.31417322834646, "structure_id": "Chf_1", "w": 476.6858267716535, "h": 25}, {"y": 1485.9417322834645, "x": 589.3385826771654, "structure_id": "Chf_2", "w": 68.66141732283461, "h": 25}], "Field": [{"y": 162.7251968503937, "x": 87, "structure_id": "Fi_1", "w": 414.71968503937006, "h": 70.2748031496063}, {"y": 162.7251968503937, "x": 513.9, "structure_id": "Fi_2", "w": 75.06377952755906, "h": 70.2748031496063}, {"y": 162.7251968503937, "x": 601.0165354330709, "structure_id": "Fi_3", "w": 115.73858267716537, "h": 70.2748031496063}, {"y": 162.7251968503937, "x": 720, "structure_id": "Fi_4", "w": 718.8055118110237, "h": 47.874803149606294}, {"y": 247.78031496062994, "x": 91, "structure_id": "Fi_5", "w": 410.71968503937006, "h": 71.21968503937006}, {"y": 247.78031496062994, "x": 513.9, "structure_id": "Fi_6", "w": 75.06377952755906, "h": 71.21968503937006}, {"y": 247.78031496062994, "x": 601.0165354330709, "structure_id": "Fi_7", "w": 115.73858267716537, "h": 71.21968503937006}, {"y": 247.78031496062994, "x": 721, "structure_id": "Fi_8", "w": 717.8055118110237, "h": 48.25093503937006}, {"y": 396.63858267716535, "x": 63, "structure_id": "Fi_9", "w": 670.9732283464567, "h": 70.36141732283465}, {"y": 396.63858267716535, "x": 766.5141732283465, "structure_id": "Fi_10", "w": 862.1889763779528, "h": 70.36141732283465}, {"y": 718, "x": 67, "structure_id": "Fi_11", "w": 1551.5496062992127, "h": 157.12755905511813}, {"y": 639.4889763779528, "x": 766.5110236220472, "structure_id": "Fi_12", "w": 862.1889763779528, "h": 70.51102362204722}, {"y": 639.4889763779528, "x": 66, "structure_id": "Fi_13", "w": 667.9692913385827, "h": 69.51102362204722}, {"y": 473, "x": 69, "structure_id": "Fi_14", "w": 1551.6779527559054, "h": 155.69448818897627}, {"y": 1182, "x": 857, "structure_id": "Fi_15", "w": 772.1330708661417, "h": 69.3385826771655}, {"y": 1182, "x": 68.73858267716535, "structure_id": "Fi_16", "w": 772.9141732283465, "h": 69.3385826771655}, {"y": 1337, "x": 857, "structure_id": "Fi_17", "w": 772.1330708661417, "h": 69.51889763779536}, {"y": 1260, "x": 68.73858267716535, "structure_id": "Fi_18", "w": 772.9141732283465, "h": 69.04173228346463}, {"y": 1337, "x": 68.73858267716535, "structure_id": "Fi_19", "w": 772.9141732283465, "h": 69.51889763779536}, {"y": 1104, "x": 68.73858267716535, "structure_id": "Fi_20", "w": 772.9141732283465, "h": 69.85826771653547}, {"y": 1027, "x": 857, "structure_id": "Fi_21", "w": 772.1330708661417, "h": 69.45826771653537}, {"y": 1027, "x": 68.73858267716535, "structure_id": "Fi_22", "w": 772.9141732283465, "h": 69.45826771653537}, {"y": 950, "x": 68.73858267716535, "structure_id": "Fi_23", "w": 772.9141732283465, "h": 69.21338582677174}, {"y": 1104, "x": 857, "structure_id": "Fi_24", "w": 772.1330708661417, "h": 69.85826771653547}, {"y": 950, "x": 857, "structure_id": "Fi_25", "w": 772.1330708661417, "h": 69.21338582677174}, {"y": 1260, "x": 857, "structure_id": "Fi_26", "w": 772.1330708661417, "h": 69.04173228346463}, {"y": 1650, "x": 69.4976377952756, "structure_id": "Fi_27", "w": 1549.0551181102362, "h": 461.39133858267724}], "TextRun": [{"parent_TextBlock": "Tb_1", "text": "10192", "parent_Field": null, "parent_Choice_Field": null, "parent_ChoiceGroup": null, "w": 92, "h": 33, "y": 2136, "x": 167, "structure_id": "Tr_1"}, {"parent_TextBlock": "Tb_2", "text": "FOR RETALIATION ALLEGATIONS ONLY:", "parent_Field": null, "parent_Choice_Field": null, "parent_ChoiceGroup": null, "w": 437, "h": 22, "y": 90, "x": 69, "structure_id": "Tr_2"}, {"parent_TextBlock": "Tb_3", "text": "2. IF YOU ARE ALLEGING RETALIATION DISCRIMINATION, PROVIDE THE DATE(S) AND SPECIFICS OF THE EEO ACTIVITY WHICH YOU FEEL CAUSED YOU TO BE", "parent_Field": null, "parent_Choice_Field": null, "parent_ChoiceGroup": null, "w": 1506, "h": 20, "y": 120, "x": 69, "structure_id": "Tr_3"}, {"parent_TextBlock": "Tb_3", "text": "RETALIATED AGAINST.", "parent_Field": null, "parent_Choice_Field": null, "parent_ChoiceGroup": null, "w": 216, "h": 19, "y": 144, "x": 69, "structure_id": "Tr_4"}, {"parent_TextBlock": "Tb_4", "text": "(Month)", "parent_Field": "Fi_1", "parent_Choice_Field": null, "parent_ChoiceGroup": null, "w": 72, "h": 22, "y": 211, "x": 278, "structure_id": "Tr_5"}, {"parent_TextBlock": "Tb_5", "text": "", "parent_Field": "Fi_1", "parent_Choice_Field": null, "parent_ChoiceGroup": null, "w": 33, "h": 42, "y": 167.03125, "x": 87, "structure_id": "Tr_6"}, {"parent_TextBlock": "Tb_6", "text": "(Day)", "parent_Field": "Fi_2", "parent_Choice_Field": null, "parent_ChoiceGroup": null, "w": 52, "h": 22, "y": 211, "x": 524, "structure_id": "Tr_7"}, {"parent_TextBlock": "Tb_7", "text": "(Year)", "parent_Field": "Fi_3", "parent_Choice_Field": null, "parent_ChoiceGroup": null, "w": 57, "h": 22, "y": 211, "x": 632, "structure_id": "Tr_8"}, {"parent_TextBlock": "Tb_8", "parent_Field": "Fi_4", "parent_Choice_Field": null, "parent_ChoiceGroup": null, "w": 330, "h": 36, "y": 173.03125, "x": 720, "structure_id": "Tr_9"}, {"parent_TextBlock": "Tb_9", "parent_Field": "Fi_5", "parent_Choice_Field": null, "parent_ChoiceGroup": null, "w": 30, "h": 42, "y": 253.03125, "x": 91, "structure_id": "Tr_10"}, {"parent_TextBlock": "Tb_10", "text": "(Month)", "parent_Field": "Fi_5", "parent_Choice_Field": null, "parent_ChoiceGroup": null, "w": 72, "h": 23, "y": 296, "x": 278, "structure_id": "Tr_11"}, {"parent_TextBlock": "Tb_11", "text": "(Day)", "parent_Field": "Fi_6", "parent_Choice_Field": null, "parent_ChoiceGroup": null, "w": 52, "h": 23, "y": 296, "x": 524, "structure_id": "Tr_12"}, {"parent_TextBlock": "Tb_12", "text": "(Year)", "parent_Field": "Fi_7", "parent_Choice_Field": null, "parent_ChoiceGroup": null, "w": 57, "h": 23, "y": 296, "x": 632, "structure_id": "Tr_13"}, {"parent_TextBlock": "Tb_13", "parent_Field": "Fi_8", "parent_Choice_Field": null, "parent_ChoiceGroup": null, "w": 332, "h": 36, "y": 260.03125, "x": 721, "structure_id": "Tr_14"}, {"parent_TextBlock": "Tb_14", "parent_Field": null, "parent_Choice_Field": null, "parent_ChoiceGroup": null, "w": 18, "h": 49, "y": 163.03125, "x": 66, "structure_id": "Tr_15"}, {"parent_TextBlock": "Tb_15", "parent_Field": null, "parent_Choice_Field": null, "parent_ChoiceGroup": null, "w": 21, "h": 42, "y": 256.03125, "x": 66, "structure_id": "Tr_16"}, {"parent_TextBlock": "Tb_16", "text": "VI. COMPARISONS", "parent_Field": null, "parent_Choice_Field": null, "parent_ChoiceGroup": null, "w": 202, "h": 22, "y": 335, "x": 753, "structure_id": "Tr_17"}, {"parent_TextBlock": "Tb_17", "text": "(Name of Employee)", "parent_Field": "Fi_9", "parent_Choice_Field": null, "parent_ChoiceGroup": null, "w": 183, "h": 23, "y": 444, "x": 319, "structure_id": "Tr_18"}, {"parent_TextBlock": "Tb_18", "text": "", "parent_Field": "Fi_9", "parent_Choice_Field": null, "parent_ChoiceGroup": null, "w": 22, "h": 43, "y": 406.03125, "x": 63, "structure_id": "Tr_19"}, {"parent_TextBlock": "Tb_19", "text": "(Basis(es) that describe the employee, i.e., sex (male), National Origin (hispanic))", "parent_Field": "Fi_10", "parent_Choice_Field": null, "parent_ChoiceGroup": null, "w": 730, "h": 23, "y": 444, "x": 841, "structure_id": "Tr_20"}, {"parent_TextBlock": "Tb_20", "text": "was treated differently than I when:", "parent_Field": "Fi_11", "parent_Choice_Field": null, "parent_ChoiceGroup": null, "w": 316, "h": 22, "y": 718, "x": 67, "structure_id": "Tr_21"}, {"parent_TextBlock": "Tb_21", "text": "(Basis(es) that describe the employee, i.e., sex (male), National Origin (hispanic))", "parent_Field": "Fi_12", "parent_Choice_Field": null, "parent_ChoiceGroup": null, "w": 730, "h": 23, "y": 687, "x": 841, "structure_id": "Tr_22"}, {"parent_TextBlock": "Tb_22", "parent_Field": "Fi_13", "parent_Choice_Field": null, "parent_ChoiceGroup": null, "w": 21, "h": 48, "y": 647.03125, "x": 66, "structure_id": "Tr_23"}, {"parent_TextBlock": "Tb_23", "text": "(Name of Employee)", "parent_Field": "Fi_13", "parent_Choice_Field": null, "parent_ChoiceGroup": null, "w": 182, "h": 22, "y": 687, "x": 313, "structure_id": "Tr_24"}, {"parent_TextBlock": "Tb_24", "text": "1. FOR EACH ITEM LISTED IN SECTION IV AND V, PROVIDE WHO YOU BELIEVE YOU WERE TREATED DIFFERENTLY THAN AND WHY.", "parent_Field": null, "parent_Choice_Field": null, "parent_ChoiceGroup": null, "w": 1245, "h": 20, "y": 368, "x": 69, "structure_id": "Tr_25"}, {"parent_TextBlock": "Tb_25", "text": "was treated differently than I when:", "parent_Field": "Fi_14", "parent_Choice_Field": null, "parent_ChoiceGroup": null, "w": 317, "h": 22, "y": 473, "x": 69, "structure_id": "Tr_26"}, {"parent_TextBlock": "Tb_26", "text": "VII. RESPONSIBLE MANAGEMENT OFFICIAL(S) (RMO)", "parent_Field": null, "parent_Choice_Field": null, "parent_ChoiceGroup": null, "w": 578, "h": 22, "y": 887, "x": 565, "structure_id": "Tr_27"}, {"parent_TextBlock": "Tb_27", "text": "List the name(s) of the Responsible Management official(s) who took the action(s) which prompted you to seek counseling at this time.", "parent_Field": null, "parent_Choice_Field": null, "parent_ChoiceGroup": null, "w": 1204, "h": 22, "y": 917, "x": 71, "structure_id": "Tr_28"}, {"parent_TextBlock": "Tb_28", "text": "2d. GRADE LEVEL", "parent_Field": "Fi_15", "parent_Choice_Field": null, "parent_ChoiceGroup": null, "w": 168, "h": 19, "y": 1182, "x": 857, "structure_id": "Tr_29"}, {"parent_TextBlock": "Tb_29", "text": "2c. OFFICE", "parent_Field": "Fi_16", "parent_Choice_Field": null, "parent_ChoiceGroup": null, "w": 103, "h": 19, "y": 1182, "x": 71, "structure_id": "Tr_30"}, {"parent_TextBlock": "Tb_30", "text": "3d. GRADE LEVEL", "parent_Field": "Fi_17", "parent_Choice_Field": null, "parent_ChoiceGroup": null, "w": 168, "h": 20, "y": 1337, "x": 857, "structure_id": "Tr_31"}, {"parent_TextBlock": "Tb_31", "text": "3a. NAME", "parent_Field": "Fi_18", "parent_Choice_Field": null, "parent_ChoiceGroup": null, "w": 94, "h": 19, "y": 1260, "x": 71, "structure_id": "Tr_32"}, {"parent_TextBlock": "Tb_31", "text": "(Last, First, MI)", "parent_Field": "Fi_18", "parent_Choice_Field": null, "parent_ChoiceGroup": null, "w": 126, "h": 19, "y": 1260, "x": 165, "structure_id": "Tr_33"}, {"parent_TextBlock": "Tb_32", "text": "3c. OFFICE", "parent_Field": "Fi_19", "parent_Choice_Field": null, "parent_ChoiceGroup": null, "w": 103, "h": 20, "y": 1337, "x": 71, "structure_id": "Tr_34"}, {"parent_TextBlock": "Tb_33", "text": "2a. NAME", "parent_Field": "Fi_20", "parent_Choice_Field": null, "parent_ChoiceGroup": null, "w": 94, "h": 20, "y": 1104, "x": 71, "structure_id": "Tr_35"}, {"parent_TextBlock": "Tb_33", "text": "(Last, First, MI)", "parent_Field": "Fi_20", "parent_Choice_Field": null, "parent_ChoiceGroup": null, "w": 126, "h": 19, "y": 1105, "x": 165, "structure_id": "Tr_36"}, {"parent_TextBlock": "Tb_34", "text": "Retaliation Allegations Only:", "parent_Field": null, "parent_Choice_Field": null, "parent_ChoiceGroup": null, "w": 268, "h": 22, "y": 1415, "x": 71, "structure_id": "Tr_37"}, {"parent_TextBlock": "Tb_35", "text": "1d. GRADE LEVEL", "parent_Field": "Fi_21", "parent_Choice_Field": null, "parent_ChoiceGroup": null, "w": 168, "h": 19, "y": 1027, "x": 857, "structure_id": "Tr_38"}, {"parent_TextBlock": "Tb_36", "text": "1c. OFFICE", "parent_Field": "Fi_22", "parent_Choice_Field": null, "parent_ChoiceGroup": null, "w": 103, "h": 19, "y": 1027, "x": 71, "structure_id": "Tr_39"}, {"parent_TextBlock": "Tb_37", "text": "1a. NAME", "parent_Field": "Fi_23", "parent_Choice_Field": null, "parent_ChoiceGroup": null, "w": 94, "h": 19, "y": 950, "x": 71, "structure_id": "Tr_40"}, {"parent_TextBlock": "Tb_37", "text": "(Last, First, MI)", "parent_Field": "Fi_23", "parent_Choice_Field": null, "parent_ChoiceGroup": null, "w": 126, "h": 19, "y": 950, "x": 165, "structure_id": "Tr_41"}, {"parent_TextBlock": "Tb_38", "text": "2b. TITLE", "parent_Field": "Fi_24", "parent_Choice_Field": null, "parent_ChoiceGroup": null, "w": 86, "h": 20, "y": 1104, "x": 857, "structure_id": "Tr_42"}, {"parent_TextBlock": "Tb_39", "text": "1b. TITLE", "parent_Field": "Fi_25", "parent_Choice_Field": null, "parent_ChoiceGroup": null, "w": 86, "h": 19, "y": 950, "x": 857, "structure_id": "Tr_43"}, {"parent_TextBlock": "Tb_40", "text": "3b. TITLE", "parent_Field": "Fi_26", "parent_Choice_Field": null, "parent_ChoiceGroup": null, "w": 86, "h": 19, "y": 1260, "x": 857, "structure_id": "Tr_44"}, {"parent_TextBlock": "Tb_41", "text": "4. WAS/WERE THE RESPONSIBLE MANAGEMENT OFFICIAL(S) LISTED ABOVE AWARE OF YOUR PRIOR EEO ACTIVITY?", "parent_Field": null, "parent_Choice_Field": null, "parent_ChoiceGroup": "Chgp_1", "w": 1114, "h": 20, "y": 1450, "x": 71, "structure_id": "Tr_45"}, {"parent_TextBlock": "Tb_42", "text": "YES", "parent_Field": null, "parent_Choice_Field": "Chf_1", "parent_ChoiceGroup": "Chgp_1", "w": 44, "h": 19, "y": 1489, "x": 113, "structure_id": "Tr_46"}, {"parent_TextBlock": "Tb_42", "text": "(If YES, explain how the official(s) became aware)", "parent_Field": null, "parent_Choice_Field": "Chf_1", "parent_ChoiceGroup": "Chgp_1", "w": 393, "h": 19, "y": 1489, "x": 157, "structure_id": "Tr_47"}, {"parent_TextBlock": "Tb_43", "text": "NO", "parent_Field": null, "parent_Choice_Field": "Chf_2", "parent_ChoiceGroup": "Chgp_1", "w": 29, "h": 19, "y": 1489, "x": 629, "structure_id": "Tr_48"}, {"parent_TextBlock": "Tb_44", "text": "VIII. RESOLUTION", "parent_Field": null, "parent_Choice_Field": null, "parent_ChoiceGroup": null, "w": 192, "h": 22, "y": 1619, "x": 758, "structure_id": "Tr_49"}, {"parent_TextBlock": "Tb_45", "text": "1. WHAT ARE YOU SEEKING AS A RESOLUTION TO YOUR PRE-COMPLAINT?", "parent_Field": "Fi_27", "parent_Choice_Field": null, "parent_ChoiceGroup": null, "w": 715, "h": 20, "y": 1650, "x": 71, "structure_id": "Tr_50"}, {"parent_TextBlock": "Tb_46", "text": "VA\u00c2\u00a0", "parent_Field": null, "parent_Choice_Field": null, "parent_ChoiceGroup": null, "w": 33, "h": 19, "y": 2127, "x": 61, "structure_id": "Tr_51"}, {"parent_TextBlock": "Tb_46", "text": "FORM", "parent_Field": null, "parent_Choice_Field": null, "parent_ChoiceGroup": null, "w": 57, "h": 19, "y": 2127, "x": 94, "structure_id": "Tr_52"}, {"parent_TextBlock": "Tb_46", "text": "DEC 2016", "parent_Field": null, "parent_Choice_Field": null, "parent_ChoiceGroup": null, "w": 90, "h": 19, "y": 2150, "x": 61, "structure_id": "Tr_53"}, {"parent_TextBlock": "Tb_47", "text": "Page 2 of 3", "parent_Field": null, "parent_Choice_Field": null, "parent_ChoiceGroup": null, "w": 100, "h": 19, "y": 2128, "x": 1533, "structure_id": "Tr_54"}], "ChoiceGroup": [{"y": 1444.03125, "x": 64, "structure_id": "Chgp_1", "w": 1128, "h": 81}]}