{"Widget": [{"parent_Field": "Fi_1", "parent_Choice_Field": null, "parent_ChoiceGroup": null, "w": 140.50236220472442, "h": 46.83307086614173, "y": 50.88897637795276, "x": 513.4803149606299, "structure_id": "Wi_1"}, {"parent_Field": "Fi_1", "parent_Choice_Field": null, "parent_ChoiceGroup": null, "w": 88.94488188976378, "h": 46.83307086614173, "y": 50.88897637795276, "x": 707.4976377952756, "structure_id": "Wi_2"}, {"parent_Field": "Fi_1", "parent_Choice_Field": null, "parent_ChoiceGroup": null, "w": 188.88031496062993, "h": 46.83307086614173, "y": 50.88897637795276, "x": 838.6527559055119, "structure_id": "Wi_3"}, {"parent_Field": "Fi_2", "parent_Choice_Field": null, "parent_ChoiceGroup": null, "w": 216.66929133858267, "h": 33.33070866141732, "y": 833.3385826771654, "x": 433.3307086614173, "structure_id": "Wi_4"}, {"parent_Field": "Fi_3", "parent_Choice_Field": null, "parent_ChoiceGroup": null, "w": 216.66929133858267, "h": 33.33070866141732, "y": 633.3385826771654, "x": 1250, "structure_id": "Wi_5"}, {"parent_Field": "Fi_4", "parent_Choice_Field": null, "parent_ChoiceGroup": null, "w": 216.66929133858267, "h": 33.33070866141732, "y": 716.6692913385828, "x": 1250, "structure_id": "Wi_6"}, {"parent_Field": "Fi_5", "parent_Choice_Field": null, "parent_ChoiceGroup": null, "w": 1050, "h": 33.33070866141732, "y": 800, "x": 433.3307086614173, "structure_id": "Wi_7"}, {"parent_Field": "Fi_6", "parent_Choice_Field": null, "parent_ChoiceGroup": null, "w": 1511.1165354330708, "h": 100, "y": 1100, "x": 94.44173228346457, "structure_id": "Wi_8"}, {"parent_Field": "Fi_7", "parent_Choice_Field": null, "parent_ChoiceGroup": null, "w": 1050, "h": 33.33070866141732, "y": 550, "x": 333.3307086614173, "structure_id": "Wi_9"}, {"parent_Field": "Fi_8", "parent_Choice_Field": null, "parent_ChoiceGroup": null, "w": 216.66929133858267, "h": 33.33070866141732, "y": 716.6692913385828, "x": 433.3307086614173, "structure_id": "Wi_10"}, {"parent_Field": "Fi_9", "parent_Choice_Field": null, "parent_ChoiceGroup": null, "w": 1050, "h": 33.33070866141732, "y": 916.6692913385826, "x": 433.3307086614173, "structure_id": "Wi_11"}, {"parent_Field": "Fi_10", "parent_Choice_Field": null, "parent_ChoiceGroup": null, "w": 216.66929133858267, "h": 33.33070866141732, "y": 950, "x": 733.3307086614174, "structure_id": "Wi_12"}, {"parent_Field": "Fi_11", "parent_Choice_Field": null, "parent_ChoiceGroup": null, "w": 1511.1165354330708, "h": 100, "y": 1266.6692913385828, "x": 94.44173228346457, "structure_id": "Wi_13"}, {"parent_Field": "Fi_12", "parent_Choice_Field": null, "parent_ChoiceGroup": null, "w": 1033.3307086614175, "h": 33.33070866141732, "y": 516.6692913385828, "x": 350, "structure_id": "Wi_14"}, {"parent_Field": "Fi_13", "parent_Choice_Field": null, "parent_ChoiceGroup": null, "w": 216.66929133858267, "h": 33.33070866141732, "y": 633.3385826771654, "x": 433.3307086614173, "structure_id": "Wi_15"}, {"parent_Field": null, "parent_Choice_Field": "Chf_1", "parent_ChoiceGroup": "Chgp_1", "w": 25, "h": 25, "y": 168.0527559055118, "x": 108.32755905511812, "structure_id": "Wi_16"}, {"parent_Field": null, "parent_Choice_Field": "Chf_2", "parent_ChoiceGroup": "Chgp_1", "w": 25, "h": 25, "y": 168.0527559055118, "x": 224.99685039370078, "structure_id": "Wi_17"}, {"parent_Field": null, "parent_Choice_Field": "Chf_3", "parent_ChoiceGroup": "Chgp_2", "w": 25, "h": 25, "y": 251.39212598425198, "x": 108.32755905511812, "structure_id": "Wi_18"}, {"parent_Field": null, "parent_Choice_Field": "Chf_4", "parent_ChoiceGroup": "Chgp_2", "w": 25, "h": 25, "y": 251.39212598425198, "x": 258.3275590551181, "structure_id": "Wi_19"}, {"parent_Field": null, "parent_Choice_Field": "Chf_5", "parent_ChoiceGroup": "Chgp_3", "w": 25, "h": 25, "y": 440.2779527559055, "x": 108.32755905511812, "structure_id": "Wi_20"}, {"parent_Field": null, "parent_Choice_Field": "Chf_6", "parent_ChoiceGroup": "Chgp_3", "w": 25, "h": 25, "y": 490.2779527559055, "x": 108.32755905511812, "structure_id": "Wi_21"}, {"parent_Field": null, "parent_Choice_Field": "Chf_7", "parent_ChoiceGroup": "Chgp_3", "w": 25, "h": 25, "y": 606.9472440944882, "x": 108.32755905511812, "structure_id": "Wi_22"}, {"parent_Field": null, "parent_Choice_Field": "Chf_8", "parent_ChoiceGroup": "Chgp_3", "w": 25, "h": 25, "y": 690.2779527559055, "x": 108.32755905511812, "structure_id": "Wi_23"}, {"parent_Field": null, "parent_Choice_Field": "Chf_9", "parent_ChoiceGroup": "Chgp_3", "w": 25, "h": 25, "y": 773.607874015748, "x": 108.32755905511812, "structure_id": "Wi_24"}, {"parent_Field": null, "parent_Choice_Field": "Chf_10", "parent_ChoiceGroup": "Chgp_3", "w": 25, "h": 25, "y": 890.2779527559055, "x": 108.32755905511812, "structure_id": "Wi_25"}, {"parent_Field": null, "parent_Choice_Field": "Chf_11", "parent_ChoiceGroup": "Chgp_4", "w": 25, "h": 25, "y": 368.0527559055118, "x": 108.32755905511812, "structure_id": "Wi_26"}, {"parent_Field": null, "parent_Choice_Field": "Chf_12", "parent_ChoiceGroup": "Chgp_4", "w": 25, "h": 25, "y": 368.0527559055118, "x": 224.99685039370078, "structure_id": "Wi_27"}, {"parent_Field": null, "parent_Choice_Field": "Chf_13", "parent_ChoiceGroup": "Chgp_5", "w": 25, "h": 25, "y": 1068.0527559055117, "x": 108.32755905511812, "structure_id": "Wi_28"}, {"parent_Field": null, "parent_Choice_Field": "Chf_14", "parent_ChoiceGroup": "Chgp_5", "w": 25, "h": 25, "y": 1068.0527559055117, "x": 224.99685039370078, "structure_id": "Wi_29"}, {"parent_Field": "Fi_14", "parent_Choice_Field": null, "parent_ChoiceGroup": null, "w": 1511.1165354330708, "h": 66.66141732283464, "y": 1683.3385826771653, "x": 94.44173228346457, "structure_id": "Wi_30"}, {"parent_Field": null, "parent_Choice_Field": "Chf_15", "parent_ChoiceGroup": "Chgp_6", "w": 25, "h": 25, "y": 1537.5086614173229, "x": 108.32755905511812, "structure_id": "Wi_31"}, {"parent_Field": null, "parent_Choice_Field": "Chf_16", "parent_ChoiceGroup": "Chgp_6", "w": 25, "h": 25, "y": 1537.5086614173229, "x": 224.99685039370078, "structure_id": "Wi_32"}, {"parent_Field": null, "parent_Choice_Field": "Chf_17", "parent_ChoiceGroup": "Chgp_7", "w": 25, "h": 25, "y": 1470.8385826771653, "x": 108.32755905511812, "structure_id": "Wi_33"}, {"parent_Field": null, "parent_Choice_Field": "Chf_18", "parent_ChoiceGroup": "Chgp_7", "w": 25, "h": 25, "y": 1470.8385826771653, "x": 224.99685039370078, "structure_id": "Wi_34"}, {"parent_Field": null, "parent_Choice_Field": "Chf_19", "parent_ChoiceGroup": "Chgp_8", "w": 25, "h": 25, "y": 1655.6251968503936, "x": 110.0220472440945, "structure_id": "Wi_35"}, {"parent_Field": null, "parent_Choice_Field": "Chf_20", "parent_ChoiceGroup": "Chgp_8", "w": 25, "h": 25, "y": 1654.1692913385828, "x": 224.99685039370078, "structure_id": "Wi_36"}, {"parent_Field": "Fi_15", "parent_Choice_Field": null, "parent_ChoiceGroup": null, "w": 216.66929133858267, "h": 33.33070866141732, "y": 1916.6692913385828, "x": 300, "structure_id": "Wi_37"}, {"parent_Field": null, "parent_Choice_Field": "Chf_21", "parent_ChoiceGroup": "Chgp_9", "w": 25, "h": 25, "y": 1990.2779527559055, "x": 158.32755905511812, "structure_id": "Wi_38"}, {"parent_Field": null, "parent_Choice_Field": "Chf_22", "parent_ChoiceGroup": "Chgp_9", "w": 25, "h": 25, "y": 2023.6078740157482, "x": 158.32755905511812, "structure_id": "Wi_39"}, {"parent_Field": null, "parent_Choice_Field": "Chf_22", "parent_ChoiceGroup": "Chgp_9", "w": 1233.3307086614175, "h": 68.4724409448819, "y": 2016.6614173228347, "x": 350, "structure_id": "Wi_40"}, {"parent_Field": null, "parent_Choice_Field": "Chf_23", "parent_ChoiceGroup": "Chgp_10", "w": 25, "h": 25, "y": 1884.7220472440947, "x": 108.32755905511812, "structure_id": "Wi_41"}, {"parent_Field": null, "parent_Choice_Field": "Chf_24", "parent_ChoiceGroup": "Chgp_10", "w": 25, "h": 25, "y": 1884.7220472440947, "x": 224.99685039370078, "structure_id": "Wi_42"}], "TextBlock": [{"parent_Field": "Fi_1", "parent_Choice_Field": null, "parent_ChoiceGroup": null, "w": 416, "h": 20, "y": 72, "x": 85, "structure_id": "Tb_1"}, {"parent_Field": null, "parent_Choice_Field": null, "parent_ChoiceGroup": null, "w": 444, "h": 22, "y": 107, "x": 628, "structure_id": "Tb_2"}, {"parent_Field": "Fi_2", "parent_Choice_Field": null, "parent_ChoiceGroup": null, "w": 273, "h": 20, "y": 847, "x": 150, "structure_id": "Tb_3"}, {"parent_Field": "Fi_3", "parent_Choice_Field": null, "parent_ChoiceGroup": null, "w": 568, "h": 20, "y": 647, "x": 667, "structure_id": "Tb_4"}, {"parent_Field": "Fi_4", "parent_Choice_Field": null, "parent_ChoiceGroup": null, "w": 568, "h": 19, "y": 731, "x": 667, "structure_id": "Tb_5"}, {"parent_Field": "Fi_5", "parent_Choice_Field": null, "parent_ChoiceGroup": null, "w": 271, "h": 19, "y": 814, "x": 150, "structure_id": "Tb_6"}, {"parent_Field": "Fi_6", "parent_Choice_Field": null, "parent_ChoiceGroup": null, "w": 603, "h": 22, "y": 1072, "x": 317, "structure_id": "Tb_7"}, {"parent_Field": "Fi_7", "parent_Choice_Field": null, "parent_ChoiceGroup": null, "w": 161, "h": 19, "y": 564, "x": 150, "structure_id": "Tb_8"}, {"parent_Field": null, "parent_Choice_Field": null, "parent_ChoiceGroup": null, "w": 310, "h": 22, "y": 172, "x": 317, "structure_id": "Tb_9"}, {"parent_Field": "Fi_8", "parent_Choice_Field": null, "parent_ChoiceGroup": null, "w": 263, "h": 19, "y": 731, "x": 150, "structure_id": "Tb_10"}, {"parent_Field": "Fi_9", "parent_Choice_Field": null, "parent_ChoiceGroup": null, "w": 266, "h": 19, "y": 931, "x": 150, "structure_id": "Tb_11"}, {"parent_Field": "Fi_10", "parent_Choice_Field": null, "parent_ChoiceGroup": null, "w": 569, "h": 19, "y": 964, "x": 150, "structure_id": "Tb_12"}, {"parent_Field": "Fi_11", "parent_Choice_Field": null, "parent_ChoiceGroup": null, "w": 1471, "h": 43, "y": 1212, "x": 94, "structure_id": "Tb_13"}, {"parent_Field": "Fi_12", "parent_Choice_Field": null, "parent_ChoiceGroup": null, "w": 178, "h": 19, "y": 531, "x": 150, "structure_id": "Tb_14"}, {"parent_Field": "Fi_13", "parent_Choice_Field": null, "parent_ChoiceGroup": null, "w": 263, "h": 20, "y": 647, "x": 150, "structure_id": "Tb_15"}, {"parent_Field": null, "parent_Choice_Field": null, "parent_ChoiceGroup": "Chgp_1", "w": 1454, "h": 20, "y": 140, "x": 94, "structure_id": "Tb_16"}, {"parent_Field": null, "parent_Choice_Field": "Chf_1", "parent_ChoiceGroup": "Chgp_1", "w": 39, "h": 19, "y": 174, "x": 150, "structure_id": "Tb_17"}, {"parent_Field": null, "parent_Choice_Field": "Chf_2", "parent_ChoiceGroup": "Chgp_1", "w": 29, "h": 19, "y": 174, "x": 267, "structure_id": "Tb_18"}, {"parent_Field": null, "parent_Choice_Field": null, "parent_ChoiceGroup": "Chgp_2", "w": 217, "h": 19, "y": 224, "x": 94, "structure_id": "Tb_19"}, {"parent_Field": null, "parent_Choice_Field": "Chf_3", "parent_ChoiceGroup": "Chgp_2", "w": 75, "h": 19, "y": 257, "x": 150, "structure_id": "Tb_20"}, {"parent_Field": null, "parent_Choice_Field": "Chf_4", "parent_ChoiceGroup": "Chgp_2", "w": 113, "h": 19, "y": 257, "x": 300, "structure_id": "Tb_21"}, {"parent_Field": null, "parent_Choice_Field": null, "parent_ChoiceGroup": "Chgp_3", "w": 982, "h": 22, "y": 406, "x": 100, "structure_id": "Tb_22"}, {"parent_Field": null, "parent_Choice_Field": "Chf_5", "parent_ChoiceGroup": "Chgp_3", "w": 490, "h": 20, "y": 447, "x": 150, "structure_id": "Tb_23"}, {"parent_Field": null, "parent_Choice_Field": "Chf_6", "parent_ChoiceGroup": "Chgp_3", "w": 68, "h": 20, "y": 497, "x": 150, "structure_id": "Tb_24"}, {"parent_Field": null, "parent_Choice_Field": "Chf_7", "parent_ChoiceGroup": "Chgp_3", "w": 152, "h": 19, "y": 614, "x": 150, "structure_id": "Tb_25"}, {"parent_Field": null, "parent_Choice_Field": "Chf_8", "parent_ChoiceGroup": "Chgp_3", "w": 250, "h": 20, "y": 697, "x": 150, "structure_id": "Tb_26"}, {"parent_Field": null, "parent_Choice_Field": "Chf_9", "parent_ChoiceGroup": "Chgp_3", "w": 243, "h": 19, "y": 781, "x": 150, "structure_id": "Tb_27"}, {"parent_Field": null, "parent_Choice_Field": "Chf_10", "parent_ChoiceGroup": "Chgp_3", "w": 238, "h": 20, "y": 897, "x": 150, "structure_id": "Tb_28"}, {"parent_Field": null, "parent_Choice_Field": null, "parent_ChoiceGroup": "Chgp_4", "w": 1473, "h": 43, "y": 312, "x": 94, "structure_id": "Tb_29"}, {"parent_Field": null, "parent_Choice_Field": "Chf_11", "parent_ChoiceGroup": "Chgp_4", "w": 39, "h": 19, "y": 374, "x": 150, "structure_id": "Tb_30"}, {"parent_Field": null, "parent_Choice_Field": "Chf_12", "parent_ChoiceGroup": "Chgp_4", "w": 236, "h": 19, "y": 374, "x": 267, "structure_id": "Tb_31"}, {"parent_Field": null, "parent_Choice_Field": null, "parent_ChoiceGroup": "Chgp_5", "w": 1482, "h": 43, "y": 1012, "x": 94, "structure_id": "Tb_32"}, {"parent_Field": null, "parent_Choice_Field": "Chf_13", "parent_ChoiceGroup": "Chgp_5", "w": 39, "h": 19, "y": 1074, "x": 150, "structure_id": "Tb_33"}, {"parent_Field": null, "parent_Choice_Field": "Chf_14", "parent_ChoiceGroup": "Chgp_5", "w": 29, "h": 19, "y": 1074, "x": 267, "structure_id": "Tb_34"}, {"parent_Field": null, "parent_Choice_Field": null, "parent_ChoiceGroup": null, "w": 1240, "h": 22, "y": 1374, "x": 230, "structure_id": "Tb_35"}, {"parent_Field": "Fi_14", "parent_Choice_Field": null, "parent_ChoiceGroup": null, "w": 305, "h": 22, "y": 1656, "x": 317, "structure_id": "Tb_36"}, {"parent_Field": null, "parent_Choice_Field": null, "parent_ChoiceGroup": null, "w": 898, "h": 22, "y": 1572, "x": 100, "structure_id": "Tb_37"}, {"parent_Field": null, "parent_Choice_Field": null, "parent_ChoiceGroup": "Chgp_6", "w": 1328, "h": 22, "y": 1506, "x": 100, "structure_id": "Tb_38"}, {"parent_Field": null, "parent_Choice_Field": "Chf_15", "parent_ChoiceGroup": "Chgp_6", "w": 39, "h": 20, "y": 1540, "x": 150, "structure_id": "Tb_39"}, {"parent_Field": null, "parent_Choice_Field": "Chf_16", "parent_ChoiceGroup": "Chgp_6", "w": 29, "h": 20, "y": 1540, "x": 267, "structure_id": "Tb_40"}, {"parent_Field": null, "parent_Choice_Field": null, "parent_ChoiceGroup": "Chgp_7", "w": 1501, "h": 43, "y": 1412, "x": 94, "structure_id": "Tb_41"}, {"parent_Field": null, "parent_Choice_Field": "Chf_17", "parent_ChoiceGroup": "Chgp_7", "w": 39, "h": 19, "y": 1474, "x": 150, "structure_id": "Tb_42"}, {"parent_Field": null, "parent_Choice_Field": "Chf_18", "parent_ChoiceGroup": "Chgp_7", "w": 29, "h": 19, "y": 1474, "x": 267, "structure_id": "Tb_43"}, {"parent_Field": null, "parent_Choice_Field": null, "parent_ChoiceGroup": "Chgp_8", "w": 1273, "h": 19, "y": 1624, "x": 94, "structure_id": "Tb_44"}, {"parent_Field": null, "parent_Choice_Field": "Chf_19", "parent_ChoiceGroup": "Chgp_8", "w": 39, "h": 19, "y": 1657, "x": 150, "structure_id": "Tb_45"}, {"parent_Field": null, "parent_Choice_Field": "Chf_20", "parent_ChoiceGroup": "Chgp_8", "w": 29, "h": 19, "y": 1657, "x": 267, "structure_id": "Tb_46"}, {"parent_Field": null, "parent_Choice_Field": null, "parent_ChoiceGroup": null, "w": 388, "h": 22, "y": 1757, "x": 656, "structure_id": "Tb_47"}, {"parent_Field": "Fi_15", "parent_Choice_Field": null, "parent_ChoiceGroup": null, "w": 130, "h": 19, "y": 1931, "x": 150, "structure_id": "Tb_48"}, {"parent_Field": null, "parent_Choice_Field": null, "parent_ChoiceGroup": null, "w": 1482, "h": 49, "y": 1792, "x": 94, "structure_id": "Tb_49"}, {"parent_Field": null, "parent_Choice_Field": null, "parent_ChoiceGroup": "Chgp_9", "w": 70, "h": 19, "y": 1964, "x": 150, "structure_id": "Tb_50"}, {"parent_Field": null, "parent_Choice_Field": "Chf_21", "parent_ChoiceGroup": "Chgp_9", "w": 186, "h": 20, "y": 1997, "x": 200, "structure_id": "Tb_51"}, {"parent_Field": null, "parent_Choice_Field": "Chf_22", "parent_ChoiceGroup": "Chgp_9", "w": 138, "h": 19, "y": 2031, "x": 200, "structure_id": "Tb_52"}, {"parent_Field": null, "parent_Choice_Field": null, "parent_ChoiceGroup": "Chgp_10", "w": 507, "h": 19, "y": 1857, "x": 94, "structure_id": "Tb_53"}, {"parent_Field": null, "parent_Choice_Field": "Chf_23", "parent_ChoiceGroup": "Chgp_10", "w": 39, "h": 20, "y": 1890, "x": 150, "structure_id": "Tb_54"}, {"parent_Field": null, "parent_Choice_Field": "Chf_24", "parent_ChoiceGroup": "Chgp_10", "w": 29, "h": 20, "y": 1890, "x": 267, "structure_id": "Tb_55"}, {"parent_Field": null, "parent_Choice_Field": null, "parent_ChoiceGroup": null, "w": 290, "h": 19, "y": 2124, "x": 83, "structure_id": "Tb_56"}, {"parent_Field": null, "parent_Choice_Field": null, "parent_ChoiceGroup": null, "w": 71, "h": 22, "y": 2122, "x": 1546, "structure_id": "Tb_57"}], "Choice_Field": [{"y": 168.0527559055118, "x": 108.32755905511812, "structure_id": "Chf_1", "w": 80.67244094488188, "h": 25}, {"y": 168.0527559055118, "x": 224.99685039370078, "structure_id": "Chf_2", "w": 71.00314960629922, "h": 25}, {"y": 251.39212598425198, "x": 108.32755905511812, "structure_id": "Chf_3", "w": 116.67244094488188, "h": 24.99999999999997}, {"y": 251.39212598425198, "x": 258.3275590551181, "structure_id": "Chf_4", "w": 154.67244094488188, "h": 24.99999999999997}, {"y": 440.2779527559055, "x": 108.32755905511812, "structure_id": "Chf_5", "w": 531.6724409448818, "h": 26.722047244094483}, {"y": 490.2779527559055, "x": 108.32755905511812, "structure_id": "Chf_6", "w": 109.67244094488188, "h": 26.722047244094483}, {"y": 606.9472440944882, "x": 108.32755905511812, "structure_id": "Chf_7", "w": 193.67244094488188, "h": 26.052755905511845}, {"y": 690.2779527559055, "x": 108.32755905511812, "structure_id": "Chf_8", "w": 291.6724409448819, "h": 26.722047244094483}, {"y": 773.607874015748, "x": 108.32755905511812, "structure_id": "Chf_9", "w": 284.6724409448819, "h": 26.392125984251948}, {"y": 890.2779527559055, "x": 108.32755905511812, "structure_id": "Chf_10", "w": 279.6724409448819, "h": 26.722047244094483}, {"y": 368.0527559055118, "x": 108.32755905511812, "structure_id": "Chf_11", "w": 80.67244094488188, "h": 25}, {"y": 368.0527559055118, "x": 224.99685039370078, "structure_id": "Chf_12", "w": 278.0031496062992, "h": 25}, {"y": 1068.0527559055117, "x": 108.32755905511812, "structure_id": "Chf_13", "w": 80.67244094488188, "h": 25}, {"y": 1068.0527559055117, "x": 224.99685039370078, "structure_id": "Chf_14", "w": 71.00314960629922, "h": 25}, {"y": 1537.5086614173229, "x": 108.32755905511812, "structure_id": "Chf_15", "w": 80.67244094488188, "h": 25}, {"y": 1537.5086614173229, "x": 224.99685039370078, "structure_id": "Chf_16", "w": 71.00314960629922, "h": 25}, {"y": 1470.8385826771653, "x": 108.32755905511812, "structure_id": "Chf_17", "w": 80.67244094488188, "h": 25}, {"y": 1470.8385826771653, "x": 224.99685039370078, "structure_id": "Chf_18", "w": 71.00314960629922, "h": 25}, {"y": 1655.6251968503936, "x": 110.0220472440945, "structure_id": "Chf_19", "w": 78.9779527559055, "h": 25}, {"y": 1654.1692913385828, "x": 224.99685039370078, "structure_id": "Chf_20", "w": 71.00314960629922, "h": 25}, {"y": 1990.2779527559055, "x": 158.32755905511812, "structure_id": "Chf_21", "w": 227.67244094488188, "h": 26.722047244094483}, {"y": 2016.6614173228347, "x": 158.32755905511812, "structure_id": "Chf_22", "w": 1425.0031496062993, "h": 68.47244094488201}, {"y": 1884.7220472440947, "x": 108.32755905511812, "structure_id": "Chf_23", "w": 80.67244094488188, "h": 25.27795275590529}, {"y": 1884.7220472440947, "x": 224.99685039370078, "structure_id": "Chf_24", "w": 71.00314960629922, "h": 25.27795275590529}], "Field": [{"y": 50.88897637795276, "x": 85, "structure_id": "Fi_1", "w": 942.5330708661418, "h": 46.833070866141725}, {"y": 833.3385826771654, "x": 150, "structure_id": "Fi_2", "w": 500, "h": 33.66141732283461}, {"y": 633.3385826771654, "x": 667, "structure_id": "Fi_3", "w": 799.6692913385828, "h": 33.66141732283461}, {"y": 716.6692913385828, "x": 667, "structure_id": "Fi_4", "w": 799.6692913385828, "h": 33.33070866141736}, {"y": 800, "x": 150, "structure_id": "Fi_5", "w": 1333.3307086614172, "h": 33.33070866141736}, {"y": 1072, "x": 94.44173228346457, "structure_id": "Fi_6", "w": 1511.1165354330708, "h": 128}, {"y": 550, "x": 150, "structure_id": "Fi_7", "w": 1233.3307086614172, "h": 33.33070866141736}, {"y": 716.6692913385828, "x": 150, "structure_id": "Fi_8", "w": 500, "h": 33.33070866141736}, {"y": 916.6692913385826, "x": 150, "structure_id": "Fi_9", "w": 1333.3307086614172, "h": 33.33070866141736}, {"y": 950, "x": 150, "structure_id": "Fi_10", "w": 800, "h": 33.33070866141736}, {"y": 1212, "x": 94, "structure_id": "Fi_11", "w": 1511.5582677165353, "h": 154.66929133858275}, {"y": 516.6692913385828, "x": 150, "structure_id": "Fi_12", "w": 1233.3307086614175, "h": 33.33070866141736}, {"y": 633.3385826771654, "x": 150, "structure_id": "Fi_13", "w": 500, "h": 33.66141732283461}, {"y": 1656, "x": 94.44173228346457, "structure_id": "Fi_14", "w": 1511.1165354330708, "h": 94}, {"y": 1916.6692913385828, "x": 150, "structure_id": "Fi_15", "w": 366.66929133858264, "h": 33.33070866141725}], "TextRun": [{"parent_TextBlock": "Tb_1", "text": "PATIENT/VETERAN'S SOCIAL SECURITY NO.", "parent_Field": "Fi_1", "parent_Choice_Field": null, "parent_ChoiceGroup": null, "w": 416, "h": 20, "y": 72, "x": 85, "structure_id": "Tr_1"}, {"parent_TextBlock": "Tb_2", "text": "SECTION IX - TUMORS AND NEOPLASMS", "parent_Field": null, "parent_Choice_Field": null, "parent_ChoiceGroup": null, "w": 444, "h": 22, "y": 107, "x": 628, "structure_id": "Tr_2"}, {"parent_TextBlock": "Tb_3", "text": "Date of most recent procedure:", "parent_Field": "Fi_2", "parent_Choice_Field": null, "parent_ChoiceGroup": null, "w": 273, "h": 20, "y": 847, "x": 150, "structure_id": "Tr_3"}, {"parent_TextBlock": "Tb_4", "text": "Date of completion of treatment or anticipated date of completion:", "parent_Field": "Fi_3", "parent_Choice_Field": null, "parent_ChoiceGroup": null, "w": 568, "h": 20, "y": 647, "x": 667, "structure_id": "Tr_4"}, {"parent_TextBlock": "Tb_5", "text": "Date of completion of treatment or anticipated date of completion:", "parent_Field": "Fi_4", "parent_Choice_Field": null, "parent_ChoiceGroup": null, "w": 568, "h": 19, "y": 731, "x": 667, "structure_id": "Tr_5"}, {"parent_TextBlock": "Tb_6", "text": "If checked, describe procedure:", "parent_Field": "Fi_5", "parent_Choice_Field": null, "parent_ChoiceGroup": null, "w": 271, "h": 19, "y": 814, "x": 150, "structure_id": "Tr_6"}, {"parent_TextBlock": "Tb_7", "text": "(If yes, list residual conditions and complications (brief summary)):", "parent_Field": "Fi_6", "parent_Choice_Field": null, "parent_ChoiceGroup": null, "w": 603, "h": 22, "y": 1072, "x": 317, "structure_id": "Tr_7"}, {"parent_TextBlock": "Tb_8", "text": "Date(s) of surgery:", "parent_Field": "Fi_7", "parent_Choice_Field": null, "parent_ChoiceGroup": null, "w": 161, "h": 19, "y": 564, "x": 150, "structure_id": "Tr_8"}, {"parent_TextBlock": "Tb_9", "text": "(If yes, complete Items 9B thru 9E)", "parent_Field": null, "parent_Choice_Field": null, "parent_ChoiceGroup": null, "w": 310, "h": 22, "y": 172, "x": 317, "structure_id": "Tr_9"}, {"parent_TextBlock": "Tb_10", "text": "Date of most recent treatment:", "parent_Field": "Fi_8", "parent_Choice_Field": null, "parent_ChoiceGroup": null, "w": 263, "h": 19, "y": 731, "x": 150, "structure_id": "Tr_10"}, {"parent_TextBlock": "Tb_11", "text": "If checked, describe treatment:", "parent_Field": "Fi_9", "parent_Choice_Field": null, "parent_ChoiceGroup": null, "w": 266, "h": 19, "y": 931, "x": 150, "structure_id": "Tr_11"}, {"parent_TextBlock": "Tb_12", "text": "Date of completion of treatment or anticipated date of completion:", "parent_Field": "Fi_10", "parent_Choice_Field": null, "parent_ChoiceGroup": null, "w": 569, "h": 19, "y": 964, "x": 150, "structure_id": "Tr_12"}, {"parent_TextBlock": "Tb_13", "text": "9E. IF THERE ARE ADDITIONAL BENIGN OR MALIGNANT NEOPLASMS OR METASTASES RELATED TO ANY OF THE DIAGNOSES IN SECTION I, DIAGNOSIS,", "parent_Field": "Fi_11", "parent_Choice_Field": null, "parent_ChoiceGroup": null, "w": 1471, "h": 19, "y": 1212, "x": 94, "structure_id": "Tr_13"}, {"parent_TextBlock": "Tb_13", "text": "DESCRIBE USING THE ABOVE FORMAT:", "parent_Field": "Fi_11", "parent_Choice_Field": null, "parent_ChoiceGroup": null, "w": 376, "h": 20, "y": 1235, "x": 131, "structure_id": "Tr_14"}, {"parent_TextBlock": "Tb_14", "text": "If checked, describe:", "parent_Field": "Fi_12", "parent_Choice_Field": null, "parent_ChoiceGroup": null, "w": 178, "h": 19, "y": 531, "x": 150, "structure_id": "Tr_15"}, {"parent_TextBlock": "Tb_15", "text": "Date of most recent treatment:", "parent_Field": "Fi_13", "parent_Choice_Field": null, "parent_ChoiceGroup": null, "w": 263, "h": 20, "y": 647, "x": 150, "structure_id": "Tr_16"}, {"parent_TextBlock": "Tb_16", "text": "9A. DOES THE VETERAN HAVE A BENIGN OR MALIGNANT NEOPLASM OR METASTASES RELATED TO ANY OF THE DIAGNOSES IN SECTION I, DIAGNOSIS?", "parent_Field": null, "parent_Choice_Field": null, "parent_ChoiceGroup": "Chgp_1", "w": 1454, "h": 20, "y": 140, "x": 94, "structure_id": "Tr_17"}, {"parent_TextBlock": "Tb_17", "text": "YES", "parent_Field": null, "parent_Choice_Field": "Chf_1", "parent_ChoiceGroup": "Chgp_1", "w": 39, "h": 19, "y": 174, "x": 150, "structure_id": "Tr_18"}, {"parent_TextBlock": "Tb_18", "text": "NO", "parent_Field": null, "parent_Choice_Field": "Chf_2", "parent_ChoiceGroup": "Chgp_1", "w": 29, "h": 19, "y": 174, "x": 267, "structure_id": "Tr_19"}, {"parent_TextBlock": "Tb_19", "text": "9B. IS THE NEOPLASM:", "parent_Field": null, "parent_Choice_Field": null, "parent_ChoiceGroup": "Chgp_2", "w": 217, "h": 19, "y": 224, "x": 94, "structure_id": "Tr_20"}, {"parent_TextBlock": "Tb_20", "text": "BENIGN", "parent_Field": null, "parent_Choice_Field": "Chf_3", "parent_ChoiceGroup": "Chgp_2", "w": 75, "h": 19, "y": 257, "x": 150, "structure_id": "Tr_21"}, {"parent_TextBlock": "Tb_21", "text": "MALIGNANT", "parent_Field": null, "parent_Choice_Field": "Chf_4", "parent_ChoiceGroup": "Chgp_2", "w": 113, "h": 19, "y": 257, "x": 300, "structure_id": "Tr_22"}, {"parent_TextBlock": "Tb_22", "text": "(If yes, indicate type of treatment the veteran is currently undergoing or has completed (check all that apply)):", "parent_Field": null, "parent_Choice_Field": null, "parent_ChoiceGroup": "Chgp_3", "w": 982, "h": 22, "y": 406, "x": 100, "structure_id": "Tr_23"}, {"parent_TextBlock": "Tb_23", "text": "Treatment completed; currently in watchful waiting status", "parent_Field": null, "parent_Choice_Field": "Chf_5", "parent_ChoiceGroup": "Chgp_3", "w": 490, "h": 20, "y": 447, "x": 150, "structure_id": "Tr_24"}, {"parent_TextBlock": "Tb_24", "text": "Surgery", "parent_Field": null, "parent_Choice_Field": "Chf_6", "parent_ChoiceGroup": "Chgp_3", "w": 68, "h": 20, "y": 497, "x": 150, "structure_id": "Tr_25"}, {"parent_TextBlock": "Tb_25", "text": "Radiation therapy", "parent_Field": null, "parent_Choice_Field": "Chf_7", "parent_ChoiceGroup": "Chgp_3", "w": 152, "h": 19, "y": 614, "x": 150, "structure_id": "Tr_26"}, {"parent_TextBlock": "Tb_26", "text": "Antineoplastic chemotherapy", "parent_Field": null, "parent_Choice_Field": "Chf_8", "parent_ChoiceGroup": "Chgp_3", "w": 250, "h": 20, "y": 697, "x": 150, "structure_id": "Tr_27"}, {"parent_TextBlock": "Tb_27", "text": "Other therapeutic procedure", "parent_Field": null, "parent_Choice_Field": "Chf_9", "parent_ChoiceGroup": "Chgp_3", "w": 243, "h": 19, "y": 781, "x": 150, "structure_id": "Tr_28"}, {"parent_TextBlock": "Tb_28", "text": "Other therapeutic treatment", "parent_Field": null, "parent_Choice_Field": "Chf_10", "parent_ChoiceGroup": "Chgp_3", "w": 238, "h": 20, "y": 897, "x": 150, "structure_id": "Tr_29"}, {"parent_TextBlock": "Tb_29", "text": "9C. HAS THE VETERAN COMPLETED TREATMENT OR IS THE VETERAN CURRENTLY UNDERGOING TREATMENT FOR A BENIGN OR MALIGNANT NEOPLASM", "parent_Field": null, "parent_Choice_Field": null, "parent_ChoiceGroup": "Chgp_4", "w": 1473, "h": 19, "y": 312, "x": 94, "structure_id": "Tr_30"}, {"parent_TextBlock": "Tb_29", "text": "OR METASTASES?", "parent_Field": null, "parent_Choice_Field": null, "parent_ChoiceGroup": "Chgp_4", "w": 176, "h": 20, "y": 335, "x": 131, "structure_id": "Tr_31"}, {"parent_TextBlock": "Tb_30", "text": "YES", "parent_Field": null, "parent_Choice_Field": "Chf_11", "parent_ChoiceGroup": "Chgp_4", "w": 39, "h": 19, "y": 374, "x": 150, "structure_id": "Tr_32"}, {"parent_TextBlock": "Tb_31", "text": "NO; WATCHFUL WAITING", "parent_Field": null, "parent_Choice_Field": "Chf_12", "parent_ChoiceGroup": "Chgp_4", "w": 236, "h": 19, "y": 374, "x": 267, "structure_id": "Tr_33"}, {"parent_TextBlock": "Tb_32", "text": "9D. DOES THE VETERAN CURRENTLY HAVE ANY RESIDUAL CONDITIONS OR COMPLICATIONS DUE TO THE NEOPLASM (INCLUDING METASTASES) OR ITS", "parent_Field": null, "parent_Choice_Field": null, "parent_ChoiceGroup": "Chgp_5", "w": 1482, "h": 19, "y": 1012, "x": 94, "structure_id": "Tr_34"}, {"parent_TextBlock": "Tb_32", "text": "TREATMENT, OTHER THAN THOSE ALREADY DOCUMENTED IN THE REPORT ABOVE?", "parent_Field": null, "parent_Choice_Field": null, "parent_ChoiceGroup": "Chgp_5", "w": 808, "h": 20, "y": 1035, "x": 131, "structure_id": "Tr_35"}, {"parent_TextBlock": "Tb_33", "text": "YES", "parent_Field": null, "parent_Choice_Field": "Chf_13", "parent_ChoiceGroup": "Chgp_5", "w": 39, "h": 19, "y": 1074, "x": 150, "structure_id": "Tr_36"}, {"parent_TextBlock": "Tb_34", "text": "NO", "parent_Field": null, "parent_Choice_Field": "Chf_14", "parent_ChoiceGroup": "Chgp_5", "w": 29, "h": 19, "y": 1074, "x": 267, "structure_id": "Tr_37"}, {"parent_TextBlock": "Tb_35", "text": "SECTION X - OTHER PERTINENT PHYSICAL FINDINGS, COMPLICATIONS, CONDITIONS, SIGNS AND/OR SYMPTOMS", "parent_Field": null, "parent_Choice_Field": null, "parent_ChoiceGroup": null, "w": 1240, "h": 22, "y": 1374, "x": 230, "structure_id": "Tr_38"}, {"parent_TextBlock": "Tb_36", "text": "(If yes, describe (brief summary)):", "parent_Field": "Fi_14", "parent_Choice_Field": null, "parent_ChoiceGroup": null, "w": 305, "h": 22, "y": 1656, "x": 317, "structure_id": "Tr_39"}, {"parent_TextBlock": "Tb_37", "text": "(If yes, also complete VA Form 21-0960F-1, Scars/Disfigurement Disability Benefits Questionnaire.)", "parent_Field": null, "parent_Choice_Field": null, "parent_ChoiceGroup": null, "w": 898, "h": 22, "y": 1572, "x": 100, "structure_id": "Tr_40"}, {"parent_TextBlock": "Tb_38", "text": "(If yes, are any of the scars painful and/or unstable, or is the total area of all related scars greater than or equal to 39 square cm (6 square inches)?)", "parent_Field": null, "parent_Choice_Field": null, "parent_ChoiceGroup": "Chgp_6", "w": 1328, "h": 22, "y": 1506, "x": 100, "structure_id": "Tr_41"}, {"parent_TextBlock": "Tb_39", "text": "YES", "parent_Field": null, "parent_Choice_Field": "Chf_15", "parent_ChoiceGroup": "Chgp_6", "w": 39, "h": 20, "y": 1540, "x": 150, "structure_id": "Tr_42"}, {"parent_TextBlock": "Tb_40", "text": "NO", "parent_Field": null, "parent_Choice_Field": "Chf_16", "parent_ChoiceGroup": "Chgp_6", "w": 29, "h": 20, "y": 1540, "x": 267, "structure_id": "Tr_43"}, {"parent_TextBlock": "Tb_41", "text": "10A. DOES THE VETERAN HAVE ANY SCARS (SURGICAL OR OTHERWISE) RELATED TO ANY CONDITION OR TO THE TREATMENT OF ANY CONDITIONS LISTED", "parent_Field": null, "parent_Choice_Field": null, "parent_ChoiceGroup": "Chgp_7", "w": 1501, "h": 19, "y": 1412, "x": 94, "structure_id": "Tr_44"}, {"parent_TextBlock": "Tb_41", "text": "IN SECTION I, DIAGNOSIS?", "parent_Field": null, "parent_Choice_Field": null, "parent_ChoiceGroup": "Chgp_7", "w": 251, "h": 20, "y": 1435, "x": 131, "structure_id": "Tr_45"}, {"parent_TextBlock": "Tb_42", "text": "YES", "parent_Field": null, "parent_Choice_Field": "Chf_17", "parent_ChoiceGroup": "Chgp_7", "w": 39, "h": 19, "y": 1474, "x": 150, "structure_id": "Tr_46"}, {"parent_TextBlock": "Tb_43", "text": "NO", "parent_Field": null, "parent_Choice_Field": "Chf_18", "parent_ChoiceGroup": "Chgp_7", "w": 29, "h": 19, "y": 1474, "x": 267, "structure_id": "Tr_47"}, {"parent_TextBlock": "Tb_44", "text": "10B. DOES THE VETERAN HAVE ANY OTHER PERTINENT PHYSICAL FINDINGS, COMPLICATIONS, CONDITIONS, SIGNS OR SYMPTOMS?", "parent_Field": null, "parent_Choice_Field": null, "parent_ChoiceGroup": "Chgp_8", "w": 1273, "h": 19, "y": 1624, "x": 94, "structure_id": "Tr_48"}, {"parent_TextBlock": "Tb_45", "text": "YES", "parent_Field": null, "parent_Choice_Field": "Chf_19", "parent_ChoiceGroup": "Chgp_8", "w": 39, "h": 19, "y": 1657, "x": 150, "structure_id": "Tr_49"}, {"parent_TextBlock": "Tb_46", "text": "NO", "parent_Field": null, "parent_Choice_Field": "Chf_20", "parent_ChoiceGroup": "Chgp_8", "w": 29, "h": 19, "y": 1657, "x": 267, "structure_id": "Tr_50"}, {"parent_TextBlock": "Tb_47", "text": "SECTION XI - DIAGNOSTIC TESTING", "parent_Field": null, "parent_Choice_Field": null, "parent_ChoiceGroup": null, "w": 388, "h": 22, "y": 1757, "x": 656, "structure_id": "Tr_51"}, {"parent_TextBlock": "Tb_48", "text": "Date of biopsy:", "parent_Field": "Fi_15", "parent_Choice_Field": null, "parent_ChoiceGroup": null, "w": 130, "h": 19, "y": 1931, "x": 150, "structure_id": "Tr_52"}, {"parent_TextBlock": "Tb_49", "text": "NOTE:", "parent_Field": null, "parent_Choice_Field": null, "parent_ChoiceGroup": null, "w": 71, "h": 22, "y": 1792, "x": 94, "structure_id": "Tr_53"}, {"parent_TextBlock": "Tb_49", "text": "If imaging studies, diagnostic procedures or laboratory testing has been performed and reflects the veteran's current condition, provide most recent results; no", "parent_Field": null, "parent_Choice_Field": null, "parent_ChoiceGroup": null, "w": 1411, "h": 22, "y": 1792, "x": 165, "structure_id": "Tr_54"}, {"parent_TextBlock": "Tb_49", "text": "further studies or testing are required for this examination. When appropriate, provide most recent results. No specific studies are required for this examination.", "parent_Field": null, "parent_Choice_Field": null, "parent_ChoiceGroup": null, "w": 1419, "h": 22, "y": 1819, "x": 94, "structure_id": "Tr_55"}, {"parent_TextBlock": "Tb_50", "text": "Results:", "parent_Field": null, "parent_Choice_Field": null, "parent_ChoiceGroup": "Chgp_9", "w": 70, "h": 19, "y": 1964, "x": 150, "structure_id": "Tr_56"}, {"parent_TextBlock": "Tb_51", "text": "Spermatozoa present", "parent_Field": null, "parent_Choice_Field": "Chf_21", "parent_ChoiceGroup": "Chgp_9", "w": 186, "h": 20, "y": 1997, "x": 200, "structure_id": "Tr_57"}, {"parent_TextBlock": "Tb_52", "text": "Other, describe:", "parent_Field": null, "parent_Choice_Field": "Chf_22", "parent_ChoiceGroup": "Chgp_9", "w": 138, "h": 19, "y": 2031, "x": 200, "structure_id": "Tr_58"}, {"parent_TextBlock": "Tb_53", "text": "11A. HAS A TESTICULAR BIOPSY BEEN PERFORMED?", "parent_Field": null, "parent_Choice_Field": null, "parent_ChoiceGroup": "Chgp_10", "w": 507, "h": 19, "y": 1857, "x": 94, "structure_id": "Tr_59"}, {"parent_TextBlock": "Tb_54", "text": "YES", "parent_Field": null, "parent_Choice_Field": "Chf_23", "parent_ChoiceGroup": "Chgp_10", "w": 39, "h": 20, "y": 1890, "x": 150, "structure_id": "Tr_60"}, {"parent_TextBlock": "Tb_55", "text": "NO", "parent_Field": null, "parent_Choice_Field": "Chf_24", "parent_ChoiceGroup": "Chgp_10", "w": 29, "h": 20, "y": 1890, "x": 267, "structure_id": "Tr_61"}, {"parent_TextBlock": "Tb_56", "text": "VA\u00c2\u00a0FORM 21-0960J-2, FEB 2015", "parent_Field": null, "parent_Choice_Field": null, "parent_ChoiceGroup": null, "w": 290, "h": 19, "y": 2124, "x": 83, "structure_id": "Tr_62"}, {"parent_TextBlock": "Tb_57", "text": "Page 5", "parent_Field": null, "parent_Choice_Field": null, "parent_ChoiceGroup": null, "w": 71, "h": 22, "y": 2122, "x": 1546, "structure_id": "Tr_63"}], "ChoiceGroup": [{"y": 136.03125, "x": 87, "structure_id": "Chgp_1", "w": 1467, "h": 69}, {"y": 219.03126420464633, "x": 83.99998621317195, "structure_id": "Chgp_2", "w": 339, "h": 64}, {"y": 397.03125, "x": 87, "structure_id": "Chgp_3", "w": 1408, "h": 591}, {"y": 307.03125, "x": 88, "structure_id": "Chgp_4", "w": 1482.8066526664154, "h": 687}, {"y": 1009.03125, "x": 87, "structure_id": "Chgp_5", "w": 1525, "h": 192}, {"y": 1498.03125, "x": 93, "structure_id": "Chgp_6", "w": 1336, "h": 69}, {"y": 1403.03125, "x": 87, "structure_id": "Chgp_7", "w": 1512, "h": 192}, {"y": 1619.03125, "x": 87, "structure_id": "Chgp_8", "w": 1521, "h": 132}, {"y": 1957.03125, "x": 141, "structure_id": "Chgp_9", "w": 1449, "h": 133}, {"y": 1855.03125, "x": 87, "structure_id": "Chgp_10", "w": 1510, "h": 240}]}