{"Widget": [{"parent_Field": "Fi_1", "parent_Choice_Field": null, "parent_ChoiceGroup": null, "w": 1398.2748031496064, "h": 40.41653543307087, "y": 900, "x": 150.9448818897638, "structure_id": "Wi_1"}, {"parent_Field": "Fi_2", "parent_Choice_Field": null, "parent_ChoiceGroup": null, "w": 1398.2748031496064, "h": 40.41653543307087, "y": 698.3944881889764, "x": 150.9448818897638, "structure_id": "Wi_2"}, {"parent_Field": "Fi_3", "parent_Choice_Field": null, "parent_ChoiceGroup": null, "w": 1399.072440944882, "h": 40.41653543307087, "y": 795.4251968503937, "x": 150.9448818897638, "structure_id": "Wi_3"}, {"parent_Field": "Fi_4", "parent_Choice_Field": null, "parent_ChoiceGroup": null, "w": 1399.072440944882, "h": 40.41653543307087, "y": 997.1968503937009, "x": 150.9448818897638, "structure_id": "Wi_4"}], "TextBlock": [{"parent_Field": null, "parent_Choice_Field": null, "parent_ChoiceGroup": null, "w": 202, "h": 22, "y": 2074, "x": 154, "structure_id": "Tb_1"}, {"parent_Field": null, "parent_Choice_Field": null, "parent_ChoiceGroup": null, "w": 136, "h": 23, "y": 2073, "x": 1398, "structure_id": "Tb_2"}, {"parent_Field": "Fi_1", "parent_Choice_Field": null, "parent_ChoiceGroup": null, "w": 629, "h": 20, "y": 950, "x": 151, "structure_id": "Tb_3"}, {"parent_Field": null, "parent_Choice_Field": null, "parent_ChoiceGroup": null, "w": 1095, "h": 61, "y": 485, "x": 309, "structure_id": "Tb_4"}, {"parent_Field": null, "parent_Choice_Field": null, "parent_ChoiceGroup": null, "w": 1400, "h": 214, "y": 1210, "x": 150, "structure_id": "Tb_5"}, {"parent_Field": "Fi_2", "parent_Choice_Field": null, "parent_ChoiceGroup": null, "w": 135, "h": 19, "y": 750, "x": 151, "structure_id": "Tb_6"}, {"parent_Field": null, "parent_Choice_Field": null, "parent_ChoiceGroup": null, "w": 910, "h": 113, "y": 312, "x": 395, "structure_id": "Tb_7"}, {"parent_Field": "Fi_3", "parent_Choice_Field": null, "parent_ChoiceGroup": null, "w": 475, "h": 20, "y": 849, "x": 151, "structure_id": "Tb_8"}, {"parent_Field": "Fi_4", "parent_Choice_Field": null, "parent_ChoiceGroup": null, "w": 629, "h": 20, "y": 1050, "x": 151, "structure_id": "Tb_9"}, {"parent_Field": null, "parent_Choice_Field": null, "parent_ChoiceGroup": null, "w": 409, "h": 33, "y": 1506, "x": 650, "structure_id": "Tb_10"}, {"parent_Field": null, "parent_Choice_Field": null, "parent_ChoiceGroup": null, "w": 1365, "h": 177, "y": 1713, "x": 150, "structure_id": "Tb_11"}, {"parent_Field": null, "parent_Choice_Field": null, "parent_ChoiceGroup": null, "w": 1388, "h": 104, "y": 1578, "x": 150, "structure_id": "Tb_12"}, {"parent_Field": null, "parent_Choice_Field": null, "parent_ChoiceGroup": null, "w": 1386, "h": 104, "y": 1921, "x": 150, "structure_id": "Tb_13"}], "Choice_Field": [], "Field": [{"y": 900, "x": 150.9448818897638, "structure_id": "Fi_1", "w": 1398.2748031496064, "h": 70}, {"y": 698.3944881889764, "x": 150.9448818897638, "structure_id": "Fi_2", "w": 1398.2748031496064, "h": 70.60551181102358}, {"y": 795.4251968503937, "x": 150.9448818897638, "structure_id": "Fi_3", "w": 1399.072440944882, "h": 73.57480314960628}, {"y": 997.1968503937009, "x": 150.9448818897638, "structure_id": "Fi_4", "w": 1399.072440944882, "h": 72.80314960629914}], "TextRun": [{"parent_TextBlock": "Tb_1", "text": "VA FORM 10-0094f", "parent_Field": null, "parent_Choice_Field": null, "parent_ChoiceGroup": null, "w": 202, "h": 22, "y": 2074, "x": 154, "structure_id": "Tr_1"}, {"parent_TextBlock": "Tb_2", "text": "PAGE 1 OF 5", "parent_Field": null, "parent_Choice_Field": null, "parent_ChoiceGroup": null, "w": 136, "h": 23, "y": 2073, "x": 1398, "structure_id": "Tr_2"}, {"parent_TextBlock": "Tb_3", "text": "AFFILIATED PARTICIPATING  INSTITUTION #1 (including city, and state)", "parent_Field": "Fi_1", "parent_Choice_Field": null, "parent_ChoiceGroup": null, "w": 629, "h": 20, "y": 950, "x": 151, "structure_id": "Tr_3"}, {"parent_TextBlock": "Tb_4", "text": "Use when dental trainees are enrolled in an academic program accredited by the Commission on", "parent_Field": null, "parent_Choice_Field": null, "parent_ChoiceGroup": null, "w": 1095, "h": 28, "y": 485, "x": 309, "structure_id": "Tr_4"}, {"parent_TextBlock": "Tb_4", "text": "Dental Accreditation (CDA) and the accreditation is in the name of sponsoring institution", "parent_Field": null, "parent_Choice_Field": null, "parent_ChoiceGroup": null, "w": 1007, "h": 28, "y": 518, "x": 350, "structure_id": "Tr_5"}, {"parent_TextBlock": "Tb_5", "text": "This agreement, when duly executed and approved by the Department of Veterans Affairs (VA), establishes", "parent_Field": null, "parent_Choice_Field": null, "parent_ChoiceGroup": null, "w": 1328, "h": 30, "y": 1210, "x": 190, "structure_id": "Tr_6"}, {"parent_TextBlock": "Tb_5", "text": "an affiliation between VA, its Veterans Integrated Service Networks, the listed VA facility or facilities, and the", "parent_Field": null, "parent_Choice_Field": null, "parent_ChoiceGroup": null, "w": 1374, "h": 31, "y": 1246, "x": 150, "structure_id": "Tr_7"}, {"parent_TextBlock": "Tb_5", "text": "listed institutions sponsoring dental education to affiliate for the academic purposes of enhanced patient care,", "parent_Field": null, "parent_Choice_Field": null, "parent_ChoiceGroup": null, "w": 1350, "h": 31, "y": 1283, "x": 150, "structure_id": "Tr_8"}, {"parent_TextBlock": "Tb_5", "text": "education, and research. VA and the affiliated institution have a shared responsibility for the academic enterprise.", "parent_Field": null, "parent_Choice_Field": null, "parent_ChoiceGroup": null, "w": 1400, "h": 30, "y": 1320, "x": 150, "structure_id": "Tr_9"}, {"parent_TextBlock": "Tb_5", "text": "VA retains full responsibility for the care of VA patients and administration of its operation. Additional", "parent_Field": null, "parent_Choice_Field": null, "parent_ChoiceGroup": null, "w": 1281, "h": 31, "y": 1356, "x": 150, "structure_id": "Tr_10"}, {"parent_TextBlock": "Tb_5", "text": "responsibilities are delineated below.", "parent_Field": null, "parent_Choice_Field": null, "parent_ChoiceGroup": null, "w": 461, "h": 31, "y": 1393, "x": 150, "structure_id": "Tr_11"}, {"parent_TextBlock": "Tb_6", "text": "VA NETWORK", "parent_Field": "Fi_2", "parent_Choice_Field": null, "parent_ChoiceGroup": null, "w": 135, "h": 19, "y": 750, "x": 151, "structure_id": "Tr_12"}, {"parent_TextBlock": "Tb_7", "text": "DENTAL EDUCATION AFFILIATION AGREEMENT", "parent_Field": null, "parent_Choice_Field": null, "parent_ChoiceGroup": null, "w": 825, "h": 33, "y": 312, "x": 446, "structure_id": "Tr_13"}, {"parent_TextBlock": "Tb_7", "text": "BETWEEN DEPARTMENT OF VETERANS AFFAIRS (VA)", "parent_Field": null, "parent_Choice_Field": null, "parent_ChoiceGroup": null, "w": 898, "h": 33, "y": 352, "x": 405, "structure_id": "Tr_14"}, {"parent_TextBlock": "Tb_7", "text": "AND INSTITUTIONS SPONSORING DENTAL EDUCATION", "parent_Field": null, "parent_Choice_Field": null, "parent_ChoiceGroup": null, "w": 910, "h": 33, "y": 392, "x": 395, "structure_id": "Tr_15"}, {"parent_TextBlock": "Tb_8", "text": "VA MEDICAL CARE FACILITY (including city and state)", "parent_Field": "Fi_3", "parent_Choice_Field": null, "parent_ChoiceGroup": null, "w": 475, "h": 20, "y": 849, "x": 151, "structure_id": "Tr_16"}, {"parent_TextBlock": "Tb_9", "text": "AFFILIATED  PARTICIPATING INSTITUTION #2 (including city, and state)", "parent_Field": "Fi_4", "parent_Choice_Field": null, "parent_ChoiceGroup": null, "w": 629, "h": 20, "y": 1050, "x": 151, "structure_id": "Tr_17"}, {"parent_TextBlock": "Tb_10", "text": "TERMS OF AGREEMENT", "parent_Field": null, "parent_Choice_Field": null, "parent_ChoiceGroup": null, "w": 409, "h": 33, "y": 1506, "x": 650, "structure_id": "Tr_18"}, {"parent_TextBlock": "Tb_11", "text": "The affiliated institutions comply with Title VI of the Civil Rights Act of 1964, section 504 of the", "parent_Field": null, "parent_Choice_Field": null, "parent_ChoiceGroup": null, "w": 1212, "h": 31, "y": 1713, "x": 190, "structure_id": "Tr_19"}, {"parent_TextBlock": "Tb_11", "text": "Rehabilitation Act of 1973, Title IX of the Education Amendments of 1972, Public Law 104-91, and the Age", "parent_Field": null, "parent_Choice_Field": null, "parent_ChoiceGroup": null, "w": 1349, "h": 30, "y": 1750, "x": 150, "structure_id": "Tr_20"}, {"parent_TextBlock": "Tb_11", "text": "Discrimination Act of 1975, and all related regulations, and assures that they do not, and will not, discriminate", "parent_Field": null, "parent_Choice_Field": null, "parent_ChoiceGroup": null, "w": 1365, "h": 31, "y": 1786, "x": 150, "structure_id": "Tr_21"}, {"parent_TextBlock": "Tb_11", "text": "against any person on the basis of race, color, sex, disability, or age under any program or activity receiving", "parent_Field": null, "parent_Choice_Field": null, "parent_ChoiceGroup": null, "w": 1334, "h": 31, "y": 1823, "x": 150, "structure_id": "Tr_22"}, {"parent_TextBlock": "Tb_11", "text": "federal financial assistance.", "parent_Field": null, "parent_Choice_Field": null, "parent_ChoiceGroup": null, "w": 344, "h": 30, "y": 1860, "x": 150, "structure_id": "Tr_23"}, {"parent_TextBlock": "Tb_12", "text": "Ultimate responsibility for the control and operation of VA facilities and programs rests with VA. Ultimate", "parent_Field": null, "parent_Choice_Field": null, "parent_ChoiceGroup": null, "w": 1326, "h": 31, "y": 1578, "x": 190, "structure_id": "Tr_24"}, {"parent_TextBlock": "Tb_12", "text": "responsibility for academic education rests with the affiliated institutions. Through this agreement, a partnership", "parent_Field": null, "parent_Choice_Field": null, "parent_ChoiceGroup": null, "w": 1388, "h": 31, "y": 1615, "x": 150, "structure_id": "Tr_25"}, {"parent_TextBlock": "Tb_12", "text": "is created to enable enhanced patient care, education, and research.", "parent_Field": null, "parent_Choice_Field": null, "parent_ChoiceGroup": null, "w": 826, "h": 30, "y": 1652, "x": 150, "structure_id": "Tr_26"}, {"parent_TextBlock": "Tb_13", "text": "Nothing in this agreement is intended to be contrary to state or federal laws. In the event of conflict between", "parent_Field": null, "parent_Choice_Field": null, "parent_ChoiceGroup": null, "w": 1339, "h": 30, "y": 1921, "x": 190, "structure_id": "Tr_27"}, {"parent_TextBlock": "Tb_13", "text": "terms of this agreement and any applicable state or federal law, that state or federal law will supersede the terms", "parent_Field": null, "parent_Choice_Field": null, "parent_ChoiceGroup": null, "w": 1386, "h": 30, "y": 1958, "x": 150, "structure_id": "Tr_28"}, {"parent_TextBlock": "Tb_13", "text": "of this agreement. In the event of conflict between state and federal law, federal law will govern.", "parent_Field": null, "parent_Choice_Field": null, "parent_ChoiceGroup": null, "w": 1197, "h": 31, "y": 1994, "x": 150, "structure_id": "Tr_29"}], "ChoiceGroup": []}