{"Widget": [{"parent_Field": null, "parent_Choice_Field": null, "parent_ChoiceGroup": null, "w": 390.02519685039374, "h": 43.79448818897637, "y": 537.0330708661417, "x": 626.0307086614173, "structure_id": "Wi_1"}, {"parent_Field": null, "parent_Choice_Field": null, "parent_ChoiceGroup": null, "w": 213.37244094488187, "h": 43.79448818897637, "y": 537.0330708661417, "x": 1023.1307086614174, "structure_id": "Wi_2"}, {"parent_Field": null, "parent_Choice_Field": null, "parent_ChoiceGroup": null, "w": 371.6637795275591, "h": 43.79448818897637, "y": 537.0330708661417, "x": 1244.9834645669291, "structure_id": "Wi_3"}, {"parent_Field": null, "parent_Choice_Field": null, "parent_ChoiceGroup": null, "w": 390.02519685039374, "h": 43.79448818897637, "y": 486.16141732283467, "x": 626.0307086614173, "structure_id": "Wi_4"}, {"parent_Field": null, "parent_Choice_Field": null, "parent_ChoiceGroup": null, "w": 213.37244094488187, "h": 43.79448818897637, "y": 486.16141732283467, "x": 1023.1307086614174, "structure_id": "Wi_5"}, {"parent_Field": null, "parent_Choice_Field": null, "parent_ChoiceGroup": null, "w": 371.6637795275591, "h": 43.79448818897637, "y": 486.16141732283467, "x": 1244.9834645669291, "structure_id": "Wi_6"}, {"parent_Field": null, "parent_Choice_Field": null, "parent_ChoiceGroup": null, "w": 390.02519685039374, "h": 43.79448818897637, "y": 436.6913385826772, "x": 626.0307086614173, "structure_id": "Wi_7"}, {"parent_Field": null, "parent_Choice_Field": null, "parent_ChoiceGroup": null, "w": 213.37244094488187, "h": 43.79448818897637, "y": 436.6913385826772, "x": 1023.127559055118, "structure_id": "Wi_8"}, {"parent_Field": null, "parent_Choice_Field": null, "parent_ChoiceGroup": null, "w": 371.6637795275591, "h": 43.79448818897637, "y": 436.6913385826772, "x": 1244.9834645669291, "structure_id": "Wi_9"}, {"parent_Field": null, "parent_Choice_Field": "Chf_1", "parent_ChoiceGroup": "Chgp_1", "w": 27.777952755905513, "h": 27.777952755905513, "y": 249.50551181102364, "x": 96.9496062992126, "structure_id": "Wi_10"}, {"parent_Field": null, "parent_Choice_Field": "Chf_2", "parent_ChoiceGroup": "Chgp_1", "w": 27.777952755905513, "h": 27.777952755905513, "y": 249.50551181102364, "x": 299.30866141732287, "structure_id": "Wi_11"}, {"parent_Field": null, "parent_Choice_Field": null, "parent_ChoiceGroup": null, "w": 371.6637795275591, "h": 43.79448818897637, "y": 288.28031496062994, "x": 1244.9834645669291, "structure_id": "Wi_12"}, {"parent_Field": null, "parent_Choice_Field": null, "parent_ChoiceGroup": null, "w": 213.37244094488187, "h": 43.79448818897637, "y": 288.28031496062994, "x": 1023.127559055118, "structure_id": "Wi_13"}, {"parent_Field": null, "parent_Choice_Field": null, "parent_ChoiceGroup": null, "w": 390.02519685039374, "h": 43.79448818897637, "y": 288.28031496062994, "x": 626.0307086614173, "structure_id": "Wi_14"}, {"parent_Field": null, "parent_Choice_Field": null, "parent_ChoiceGroup": null, "w": 390.02519685039374, "h": 43.79448818897637, "y": 237.40551181102364, "x": 626.0307086614173, "structure_id": "Wi_15"}, {"parent_Field": null, "parent_Choice_Field": null, "parent_ChoiceGroup": null, "w": 213.37244094488187, "h": 43.79448818897637, "y": 237.40551181102364, "x": 1023.127559055118, "structure_id": "Wi_16"}, {"parent_Field": null, "parent_Choice_Field": null, "parent_ChoiceGroup": null, "w": 371.6637795275591, "h": 43.79448818897637, "y": 237.40551181102364, "x": 1244.9834645669291, "structure_id": "Wi_17"}, {"parent_Field": null, "parent_Choice_Field": null, "parent_ChoiceGroup": null, "w": 390.02519685039374, "h": 43.79448818897637, "y": 187.93622047244094, "x": 626.0307086614173, "structure_id": "Wi_18"}, {"parent_Field": null, "parent_Choice_Field": null, "parent_ChoiceGroup": null, "w": 213.37244094488187, "h": 43.79448818897637, "y": 187.93622047244094, "x": 1023.1307086614174, "structure_id": "Wi_19"}, {"parent_Field": null, "parent_Choice_Field": null, "parent_ChoiceGroup": null, "w": 371.6637795275591, "h": 43.79448818897637, "y": 187.93622047244094, "x": 1244.9834645669291, "structure_id": "Wi_20"}, {"parent_Field": null, "parent_Choice_Field": "Chf_3", "parent_ChoiceGroup": "Chgp_2", "w": 27.777952755905513, "h": 27.777952755905513, "y": 499.17480314960636, "x": 96.9496062992126, "structure_id": "Wi_21"}, {"parent_Field": null, "parent_Choice_Field": "Chf_4", "parent_ChoiceGroup": "Chgp_2", "w": 27.777952755905513, "h": 27.777952755905513, "y": 499.17480314960636, "x": 299.30866141732287, "structure_id": "Wi_22"}, {"parent_Field": "Fi_1", "parent_Choice_Field": null, "parent_ChoiceGroup": null, "w": 1107.916535433071, "h": 213.37244094488187, "y": 1382.044094488189, "x": 507.3275590551181, "structure_id": "Wi_23"}, {"parent_Field": "Fi_2", "parent_Choice_Field": null, "parent_ChoiceGroup": null, "w": 1107.916535433071, "h": 213.37244094488187, "y": 1114.996850393701, "x": 507.3275590551181, "structure_id": "Wi_24"}, {"parent_Field": "Fi_3", "parent_Choice_Field": null, "parent_ChoiceGroup": null, "w": 1107.916535433071, "h": 213.37244094488187, "y": 849.2803149606299, "x": 507.3275590551181, "structure_id": "Wi_25"}, {"parent_Field": null, "parent_Choice_Field": "Chf_5", "parent_ChoiceGroup": "Chgp_3", "w": 27.777952755905513, "h": 27.777952755905513, "y": 1014.4330708661417, "x": 96.9496062992126, "structure_id": "Wi_26"}, {"parent_Field": null, "parent_Choice_Field": "Chf_6", "parent_ChoiceGroup": "Chgp_3", "w": 27.777952755905513, "h": 27.777952755905513, "y": 1014.4330708661417, "x": 299.30866141732287, "structure_id": "Wi_27"}, {"parent_Field": null, "parent_Choice_Field": "Chf_7", "parent_ChoiceGroup": "Chgp_4", "w": 27.777952755905513, "h": 27.777952755905513, "y": 1282.9614173228347, "x": 96.9496062992126, "structure_id": "Wi_28"}, {"parent_Field": null, "parent_Choice_Field": "Chf_8", "parent_ChoiceGroup": "Chgp_4", "w": 27.777952755905513, "h": 27.777952755905513, "y": 1282.9614173228347, "x": 299.30866141732287, "structure_id": "Wi_29"}, {"parent_Field": null, "parent_Choice_Field": "Chf_9", "parent_ChoiceGroup": "Chgp_5", "w": 27.777952755905513, "h": 27.777952755905513, "y": 1549.6275590551181, "x": 96.9496062992126, "structure_id": "Wi_30"}, {"parent_Field": null, "parent_Choice_Field": "Chf_10", "parent_ChoiceGroup": "Chgp_5", "w": 27.777952755905513, "h": 27.777952755905513, "y": 1549.6275590551181, "x": 299.30866141732287, "structure_id": "Wi_31"}, {"parent_Field": null, "parent_Choice_Field": "Chf_11", "parent_ChoiceGroup": "Chgp_6", "w": 27.777952755905513, "h": 27.777952755905513, "y": 1680.6976377952756, "x": 96.9496062992126, "structure_id": "Wi_32"}, {"parent_Field": null, "parent_Choice_Field": "Chf_12", "parent_ChoiceGroup": "Chgp_6", "w": 27.777952755905513, "h": 27.777952755905513, "y": 1680.6976377952756, "x": 299.30866141732287, "structure_id": "Wi_33"}, {"parent_Field": null, "parent_Choice_Field": "Chf_13", "parent_ChoiceGroup": "Chgp_7", "w": 27.777952755905513, "h": 27.777952755905513, "y": 1794.392125984252, "x": 96.9496062992126, "structure_id": "Wi_34"}, {"parent_Field": null, "parent_Choice_Field": "Chf_14", "parent_ChoiceGroup": "Chgp_7", "w": 27.777952755905513, "h": 27.777952755905513, "y": 1794.392125984252, "x": 299.30866141732287, "structure_id": "Wi_35"}, {"parent_Field": null, "parent_Choice_Field": "Chf_15", "parent_ChoiceGroup": "Chgp_8", "w": 27.777952755905513, "h": 27.777952755905513, "y": 1929.8110236220473, "x": 96.9496062992126, "structure_id": "Wi_36"}, {"parent_Field": null, "parent_Choice_Field": "Chf_16", "parent_ChoiceGroup": "Chgp_8", "w": 27.777952755905513, "h": 27.777952755905513, "y": 1929.8110236220473, "x": 299.30866141732287, "structure_id": "Wi_37"}, {"parent_Field": null, "parent_Choice_Field": "Chf_17", "parent_ChoiceGroup": "Chgp_9", "w": 27.777952755905513, "h": 27.777952755905513, "y": 2016.2417322834647, "x": 96.9496062992126, "structure_id": "Wi_38"}, {"parent_Field": null, "parent_Choice_Field": "Chf_18", "parent_ChoiceGroup": "Chgp_9", "w": 27.777952755905513, "h": 27.777952755905513, "y": 2016.2417322834647, "x": 299.30866141732287, "structure_id": "Wi_39"}], "TextBlock": [{"parent_Field": null, "parent_Choice_Field": null, "parent_ChoiceGroup": null, "w": 309, "h": 20, "y": 2075, "x": 91, "structure_id": "Tb_1"}, {"parent_Field": null, "parent_Choice_Field": null, "parent_ChoiceGroup": null, "w": 882, "h": 40, "y": 343, "x": 629, "structure_id": "Tb_2"}, {"parent_Field": null, "parent_Choice_Field": null, "parent_ChoiceGroup": null, "w": 285, "h": 19, "y": 408, "x": 678, "structure_id": "Tb_3"}, {"parent_Field": null, "parent_Choice_Field": null, "parent_ChoiceGroup": null, "w": 201, "h": 19, "y": 408, "x": 1028, "structure_id": "Tb_4"}, {"parent_Field": null, "parent_Choice_Field": null, "parent_ChoiceGroup": null, "w": 359, "h": 19, "y": 408, "x": 1251, "structure_id": "Tb_5"}, {"parent_Field": null, "parent_Choice_Field": null, "parent_ChoiceGroup": "Chgp_1", "w": 512, "h": 59, "y": 95, "x": 92, "structure_id": "Tb_6"}, {"parent_Field": null, "parent_Choice_Field": "Chf_1", "parent_ChoiceGroup": "Chgp_1", "w": 45, "h": 19, "y": 254, "x": 131, "structure_id": "Tb_7"}, {"parent_Field": null, "parent_Choice_Field": "Chf_2", "parent_ChoiceGroup": "Chgp_1", "w": 34, "h": 19, "y": 254, "x": 334, "structure_id": "Tb_8"}, {"parent_Field": null, "parent_Choice_Field": null, "parent_ChoiceGroup": null, "w": 892, "h": 39, "y": 95, "x": 631, "structure_id": "Tb_9"}, {"parent_Field": null, "parent_Choice_Field": null, "parent_ChoiceGroup": null, "w": 201, "h": 19, "y": 158, "x": 1028, "structure_id": "Tb_10"}, {"parent_Field": null, "parent_Choice_Field": null, "parent_ChoiceGroup": null, "w": 339, "h": 19, "y": 158, "x": 652, "structure_id": "Tb_11"}, {"parent_Field": null, "parent_Choice_Field": null, "parent_ChoiceGroup": null, "w": 359, "h": 19, "y": 158, "x": 1251, "structure_id": "Tb_12"}, {"parent_Field": null, "parent_Choice_Field": null, "parent_ChoiceGroup": "Chgp_2", "w": 503, "h": 61, "y": 342, "x": 92, "structure_id": "Tb_13"}, {"parent_Field": null, "parent_Choice_Field": "Chf_3", "parent_ChoiceGroup": "Chgp_2", "w": 45, "h": 20, "y": 503, "x": 131, "structure_id": "Tb_14"}, {"parent_Field": null, "parent_Choice_Field": "Chf_4", "parent_ChoiceGroup": "Chgp_2", "w": 34, "h": 20, "y": 503, "x": 334, "structure_id": "Tb_15"}, {"parent_Field": null, "parent_Choice_Field": null, "parent_ChoiceGroup": null, "w": 1507, "h": 67, "y": 590, "x": 90, "structure_id": "Tb_16"}, {"parent_Field": null, "parent_Choice_Field": null, "parent_ChoiceGroup": null, "w": 1510, "h": 45, "y": 679, "x": 90, "structure_id": "Tb_17"}, {"parent_Field": null, "parent_Choice_Field": null, "parent_ChoiceGroup": null, "w": 1471, "h": 44, "y": 746, "x": 90, "structure_id": "Tb_18"}, {"parent_Field": "Fi_1", "parent_Choice_Field": null, "parent_ChoiceGroup": null, "w": 1060, "h": 41, "y": 1341, "x": 509, "structure_id": "Tb_19"}, {"parent_Field": "Fi_2", "parent_Choice_Field": null, "parent_ChoiceGroup": null, "w": 1069, "h": 39, "y": 1074, "x": 509, "structure_id": "Tb_20"}, {"parent_Field": "Fi_3", "parent_Choice_Field": null, "parent_ChoiceGroup": null, "w": 1069, "h": 39, "y": 807, "x": 509, "structure_id": "Tb_21"}, {"parent_Field": null, "parent_Choice_Field": null, "parent_ChoiceGroup": "Chgp_3", "w": 399, "h": 98, "y": 807, "x": 92, "structure_id": "Tb_22"}, {"parent_Field": null, "parent_Choice_Field": "Chf_5", "parent_ChoiceGroup": "Chgp_3", "w": 45, "h": 19, "y": 1019, "x": 131, "structure_id": "Tb_23"}, {"parent_Field": null, "parent_Choice_Field": "Chf_6", "parent_ChoiceGroup": "Chgp_3", "w": 34, "h": 19, "y": 1019, "x": 334, "structure_id": "Tb_24"}, {"parent_Field": null, "parent_Choice_Field": null, "parent_ChoiceGroup": "Chgp_4", "w": 399, "h": 58, "y": 1074, "x": 92, "structure_id": "Tb_25"}, {"parent_Field": null, "parent_Choice_Field": "Chf_7", "parent_ChoiceGroup": "Chgp_4", "w": 45, "h": 20, "y": 1287, "x": 131, "structure_id": "Tb_26"}, {"parent_Field": null, "parent_Choice_Field": "Chf_8", "parent_ChoiceGroup": "Chgp_4", "w": 34, "h": 20, "y": 1287, "x": 334, "structure_id": "Tb_27"}, {"parent_Field": null, "parent_Choice_Field": null, "parent_ChoiceGroup": "Chgp_5", "w": 373, "h": 39, "y": 1341, "x": 92, "structure_id": "Tb_28"}, {"parent_Field": null, "parent_Choice_Field": "Chf_9", "parent_ChoiceGroup": "Chgp_5", "w": 45, "h": 19, "y": 1554, "x": 131, "structure_id": "Tb_29"}, {"parent_Field": null, "parent_Choice_Field": "Chf_10", "parent_ChoiceGroup": "Chgp_5", "w": 34, "h": 19, "y": 1554, "x": 334, "structure_id": "Tb_30"}, {"parent_Field": null, "parent_Choice_Field": null, "parent_ChoiceGroup": "Chgp_6", "w": 1518, "h": 58, "y": 1608, "x": 92, "structure_id": "Tb_31"}, {"parent_Field": null, "parent_Choice_Field": "Chf_11", "parent_ChoiceGroup": "Chgp_6", "w": 45, "h": 19, "y": 1685, "x": 131, "structure_id": "Tb_32"}, {"parent_Field": null, "parent_Choice_Field": "Chf_12", "parent_ChoiceGroup": "Chgp_6", "w": 34, "h": 19, "y": 1685, "x": 334, "structure_id": "Tb_33"}, {"parent_Field": null, "parent_Choice_Field": null, "parent_ChoiceGroup": "Chgp_7", "w": 1429, "h": 38, "y": 1725, "x": 92, "structure_id": "Tb_34"}, {"parent_Field": null, "parent_Choice_Field": "Chf_13", "parent_ChoiceGroup": "Chgp_7", "w": 45, "h": 19, "y": 1799, "x": 131, "structure_id": "Tb_35"}, {"parent_Field": null, "parent_Choice_Field": "Chf_14", "parent_ChoiceGroup": "Chgp_7", "w": 34, "h": 19, "y": 1799, "x": 334, "structure_id": "Tb_36"}, {"parent_Field": null, "parent_Choice_Field": null, "parent_ChoiceGroup": "Chgp_8", "w": 1510, "h": 59, "y": 1841, "x": 92, "structure_id": "Tb_37"}, {"parent_Field": null, "parent_Choice_Field": "Chf_15", "parent_ChoiceGroup": "Chgp_8", "w": 45, "h": 19, "y": 1934, "x": 131, "structure_id": "Tb_38"}, {"parent_Field": null, "parent_Choice_Field": "Chf_16", "parent_ChoiceGroup": "Chgp_8", "w": 34, "h": 19, "y": 1934, "x": 335, "structure_id": "Tb_39"}, {"parent_Field": null, "parent_Choice_Field": null, "parent_ChoiceGroup": "Chgp_9", "w": 1357, "h": 19, "y": 1976, "x": 92, "structure_id": "Tb_40"}, {"parent_Field": null, "parent_Choice_Field": "Chf_17", "parent_ChoiceGroup": "Chgp_9", "w": 45, "h": 20, "y": 2020, "x": 131, "structure_id": "Tb_41"}, {"parent_Field": null, "parent_Choice_Field": "Chf_18", "parent_ChoiceGroup": "Chgp_9", "w": 34, "h": 20, "y": 2020, "x": 334, "structure_id": "Tb_42"}], "Choice_Field": [{"y": 249.50551181102364, "x": 96.9496062992126, "structure_id": "Chf_1", "w": 79.0503937007874, "h": 27.77795275590549}, {"y": 249.50551181102364, "x": 299.30866141732287, "structure_id": "Chf_2", "w": 68.69133858267713, "h": 27.77795275590549}, {"y": 499.17480314960636, "x": 96.9496062992126, "structure_id": "Chf_3", "w": 79.0503937007874, "h": 27.77795275590546}, {"y": 499.17480314960636, "x": 299.30866141732287, "structure_id": "Chf_4", "w": 68.69133858267713, "h": 27.77795275590546}, {"y": 1014.4330708661417, "x": 96.9496062992126, "structure_id": "Chf_5", "w": 79.0503937007874, "h": 27.777952755905403}, {"y": 1014.4330708661417, "x": 299.30866141732287, "structure_id": "Chf_6", "w": 68.69133858267713, "h": 27.777952755905403}, {"y": 1282.9614173228347, "x": 96.9496062992126, "structure_id": "Chf_7", "w": 79.0503937007874, "h": 27.777952755905517}, {"y": 1282.9614173228347, "x": 299.30866141732287, "structure_id": "Chf_8", "w": 68.69133858267713, "h": 27.777952755905517}, {"y": 1549.6275590551181, "x": 96.9496062992126, "structure_id": "Chf_9", "w": 79.0503937007874, "h": 27.777952755905517}, {"y": 1549.6275590551181, "x": 299.30866141732287, "structure_id": "Chf_10", "w": 68.69133858267713, "h": 27.777952755905517}, {"y": 1680.6976377952756, "x": 96.9496062992126, "structure_id": "Chf_11", "w": 79.0503937007874, "h": 27.777952755905517}, {"y": 1680.6976377952756, "x": 299.30866141732287, "structure_id": "Chf_12", "w": 68.69133858267713, "h": 27.777952755905517}, {"y": 1794.392125984252, "x": 96.9496062992126, "structure_id": "Chf_13", "w": 79.0503937007874, "h": 27.777952755905517}, {"y": 1794.392125984252, "x": 299.30866141732287, "structure_id": "Chf_14", "w": 68.69133858267713, "h": 27.777952755905517}, {"y": 1929.8110236220473, "x": 96.9496062992126, "structure_id": "Chf_15", "w": 79.0503937007874, "h": 27.777952755905517}, {"y": 1929.8110236220473, "x": 299.30866141732287, "structure_id": "Chf_16", "w": 69.69133858267713, "h": 27.777952755905517}, {"y": 2016.2417322834647, "x": 96.9496062992126, "structure_id": "Chf_17", "w": 79.0503937007874, "h": 27.777952755905517}, {"y": 2016.2417322834647, "x": 299.30866141732287, "structure_id": "Chf_18", "w": 68.69133858267713, "h": 27.777952755905517}], "Field": [{"y": 1341, "x": 507.3275590551181, "structure_id": "Fi_1", "w": 1107.916535433071, "h": 254.41653543307098}, {"y": 1074, "x": 507.3275590551181, "structure_id": "Fi_2", "w": 1107.916535433071, "h": 254.3692913385828}, {"y": 807, "x": 507.3275590551181, "structure_id": "Fi_3", "w": 1107.916535433071, "h": 255.65275590551164}], "TextRun": [{"parent_TextBlock": "Tb_1", "text": "VA FORM 21a, MAY 2007, PAGE 2", "parent_Field": null, "parent_Choice_Field": null, "parent_ChoiceGroup": null, "w": 309, "h": 20, "y": 2075, "x": 91, "structure_id": "Tr_1"}, {"parent_TextBlock": "Tb_2", "text": "12B.  IF \"YES,\" LIST EACH AGENCY OR FEDERAL COURT TO WHICH ADMITTED, THE DATE OF", "parent_Field": null, "parent_Choice_Field": null, "parent_ChoiceGroup": null, "w": 882, "h": 20, "y": 343, "x": 629, "structure_id": "Tr_2"}, {"parent_TextBlock": "Tb_2", "text": "ADMISSION, AND MEMBERSHIP OR REGISTRATION NUMBER.", "parent_Field": null, "parent_Choice_Field": null, "parent_ChoiceGroup": null, "w": 578, "h": 19, "y": 364, "x": 629, "structure_id": "Tr_3"}, {"parent_TextBlock": "Tb_3", "text": "AGENCY IN WHICH ADMITTED", "parent_Field": null, "parent_Choice_Field": null, "parent_ChoiceGroup": null, "w": 285, "h": 19, "y": 408, "x": 678, "structure_id": "Tr_4"}, {"parent_TextBlock": "Tb_4", "text": "DATE OF ADMISSION", "parent_Field": null, "parent_Choice_Field": null, "parent_ChoiceGroup": null, "w": 201, "h": 19, "y": 408, "x": 1028, "structure_id": "Tr_5"}, {"parent_TextBlock": "Tb_5", "text": "MEMBERSHIP OR REGISTRATION NO.", "parent_Field": null, "parent_Choice_Field": null, "parent_ChoiceGroup": null, "w": 359, "h": 19, "y": 408, "x": 1251, "structure_id": "Tr_6"}, {"parent_TextBlock": "Tb_6", "text": "11A.  ARE YOU CURRENTLY A MEMBER IN GOOD", "parent_Field": null, "parent_Choice_Field": null, "parent_ChoiceGroup": "Chgp_1", "w": 467, "h": 19, "y": 95, "x": 92, "structure_id": "Tr_7"}, {"parent_TextBlock": "Tb_6", "text": "STANDING OF THE BAR OF THE HIGHEST COURT", "parent_Field": null, "parent_Choice_Field": null, "parent_ChoiceGroup": "Chgp_1", "w": 476, "h": 19, "y": 115, "x": 92, "structure_id": "Tr_8"}, {"parent_TextBlock": "Tb_6", "text": "OF A STATE OR TERRITORY OF THE UNITED STATES?", "parent_Field": null, "parent_Choice_Field": null, "parent_ChoiceGroup": "Chgp_1", "w": 512, "h": 19, "y": 135, "x": 92, "structure_id": "Tr_9"}, {"parent_TextBlock": "Tb_7", "text": "YES", "parent_Field": null, "parent_Choice_Field": "Chf_1", "parent_ChoiceGroup": "Chgp_1", "w": 45, "h": 19, "y": 254, "x": 131, "structure_id": "Tr_10"}, {"parent_TextBlock": "Tb_8", "text": "NO", "parent_Field": null, "parent_Choice_Field": "Chf_2", "parent_ChoiceGroup": "Chgp_1", "w": 34, "h": 19, "y": 254, "x": 334, "structure_id": "Tr_11"}, {"parent_TextBlock": "Tb_9", "text": "11B.  IF \"YES,\" LIST EACH JURISDICTION IN WHICH ADMITTED, THE DATE OF ADMISSION, AND", "parent_Field": null, "parent_Choice_Field": null, "parent_ChoiceGroup": null, "w": 892, "h": 19, "y": 95, "x": 631, "structure_id": "Tr_12"}, {"parent_TextBlock": "Tb_9", "text": "MEMBERSHIP OR REGISTRATION NUMBER.", "parent_Field": null, "parent_Choice_Field": null, "parent_ChoiceGroup": null, "w": 412, "h": 19, "y": 115, "x": 631, "structure_id": "Tr_13"}, {"parent_TextBlock": "Tb_10", "text": "DATE OF ADMISSION", "parent_Field": null, "parent_Choice_Field": null, "parent_ChoiceGroup": null, "w": 201, "h": 19, "y": 158, "x": 1028, "structure_id": "Tr_14"}, {"parent_TextBlock": "Tb_11", "text": "JURISDICTION IN WHICH ADMITTED", "parent_Field": null, "parent_Choice_Field": null, "parent_ChoiceGroup": null, "w": 339, "h": 19, "y": 158, "x": 652, "structure_id": "Tr_15"}, {"parent_TextBlock": "Tb_12", "text": "MEMBERSHIP OR REGISTRATION NO.", "parent_Field": null, "parent_Choice_Field": null, "parent_ChoiceGroup": null, "w": 359, "h": 19, "y": 158, "x": 1251, "structure_id": "Tr_16"}, {"parent_TextBlock": "Tb_13", "text": "12A. ARE YOU CURRENTLY ADMITTED TO PRACTICE", "parent_Field": null, "parent_Choice_Field": null, "parent_ChoiceGroup": "Chgp_2", "w": 503, "h": 19, "y": 342, "x": 92, "structure_id": "Tr_17"}, {"parent_TextBlock": "Tb_13", "text": "BEFORE ANY STATE OR FEDERAL AGENCY OR ANY", "parent_Field": null, "parent_Choice_Field": null, "parent_ChoiceGroup": "Chgp_2", "w": 496, "h": 19, "y": 363, "x": 92, "structure_id": "Tr_18"}, {"parent_TextBlock": "Tb_13", "text": "FEDERAL COURT?", "parent_Field": null, "parent_Choice_Field": null, "parent_ChoiceGroup": "Chgp_2", "w": 175, "h": 20, "y": 383, "x": 92, "structure_id": "Tr_19"}, {"parent_TextBlock": "Tb_14", "text": "YES", "parent_Field": null, "parent_Choice_Field": "Chf_3", "parent_ChoiceGroup": "Chgp_2", "w": 45, "h": 20, "y": 503, "x": 131, "structure_id": "Tr_20"}, {"parent_TextBlock": "Tb_15", "text": "NO", "parent_Field": null, "parent_Choice_Field": "Chf_4", "parent_ChoiceGroup": "Chgp_2", "w": 34, "h": 20, "y": 503, "x": 334, "structure_id": "Tr_21"}, {"parent_TextBlock": "Tb_16", "text": "BACKGROUND INFORMATION:\u00c2\u00a0\u00c2\u00a0  Truthfulness and candor are essential elements of good moral character and reputation relevant to practice before the Department", "parent_Field": null, "parent_Choice_Field": null, "parent_ChoiceGroup": null, "w": 1507, "h": 22, "y": 590, "x": 90, "structure_id": "Tr_22"}, {"parent_TextBlock": "Tb_16", "text": "of Veterans Affairs.  It is in your best interest; therefore, to provide the Office of the General Counsel with all available information in responding to the questions asked", "parent_Field": null, "parent_Choice_Field": null, "parent_ChoiceGroup": null, "w": 1507, "h": 23, "y": 612, "x": 90, "structure_id": "Tr_23"}, {"parent_TextBlock": "Tb_16", "text": "below.  For each question answered \"YES,\" provide a detailed statement setting forth all relevant facts and dates along with copies of relevant documents.", "parent_Field": null, "parent_Choice_Field": null, "parent_ChoiceGroup": null, "w": 1413, "h": 22, "y": 635, "x": 90, "structure_id": "Tr_24"}, {"parent_TextBlock": "Tb_17", "text": "Your responses must be updated as necessary prior to your accreditation.  Failure to disclose the requested information may result in denial of accreditation under 38 C.F.", "parent_Field": null, "parent_Choice_Field": null, "parent_ChoiceGroup": null, "w": 1510, "h": 22, "y": 679, "x": 90, "structure_id": "Tr_25"}, {"parent_TextBlock": "Tb_17", "text": "R. \u00c2\u00a7 14.629 or in disciplinary proceedings under 38 C.F.R. \u00c2\u00a7 14.633 if you are already accredited.", "parent_Field": null, "parent_Choice_Field": null, "parent_ChoiceGroup": null, "w": 875, "h": 23, "y": 701, "x": 90, "structure_id": "Tr_26"}, {"parent_TextBlock": "Tb_18", "text": "For questions 13 through 15 your answers should include convictions resulting from a plea of nolo contendere  (no contest)  , but omit (1) traffic fines of $300 or less,", "parent_Field": null, "parent_Choice_Field": null, "parent_ChoiceGroup": null, "w": 1471, "h": 22, "y": 746, "x": 90, "structure_id": "Tr_27"}, {"parent_TextBlock": "Tb_18", "text": "(2) any violation of law committed before your 16th birthday, and (3) any conviction for which the record was expunged under Federal or state law.", "parent_Field": null, "parent_Choice_Field": null, "parent_ChoiceGroup": null, "w": 1316, "h": 22, "y": 768, "x": 90, "structure_id": "Tr_28"}, {"parent_TextBlock": "Tb_19", "text": "15B. IF \"YES,\" PROVIDE THE DATE, EXPLANATION OF THE VIOLATION, PLACE OF OCCURENCE, AND THE NAME", "parent_Field": "Fi_1", "parent_Choice_Field": null, "parent_ChoiceGroup": null, "w": 1060, "h": 20, "y": 1341, "x": 509, "structure_id": "Tr_29"}, {"parent_TextBlock": "Tb_19", "text": "AND ADDRESS OF THE MILITARY AUTHORITY OR COURT INVOLVED.", "parent_Field": "Fi_1", "parent_Choice_Field": null, "parent_ChoiceGroup": null, "w": 649, "h": 20, "y": 1362, "x": 509, "structure_id": "Tr_30"}, {"parent_TextBlock": "Tb_20", "text": "14B. IF \"YES,\" PROVIDE THE DATE, EXPLANATION OF THE VIOLATION, PLACE OF OCCURRENCE, AND THE NAME", "parent_Field": "Fi_2", "parent_Choice_Field": null, "parent_ChoiceGroup": null, "w": 1069, "h": 19, "y": 1074, "x": 509, "structure_id": "Tr_31"}, {"parent_TextBlock": "Tb_20", "text": "AND ADDRESS OF THE MILITARY AUTHORITY OR COURT INVOLVED.", "parent_Field": "Fi_2", "parent_Choice_Field": null, "parent_ChoiceGroup": null, "w": 649, "h": 20, "y": 1093, "x": 509, "structure_id": "Tr_32"}, {"parent_TextBlock": "Tb_21", "text": "13B. IF \"YES,\" PROVIDE THE DATE, EXPLANATION OF THE VIOLATION, PLACE OF OCCURRENCE, AND THE NAME", "parent_Field": "Fi_3", "parent_Choice_Field": null, "parent_ChoiceGroup": null, "w": 1069, "h": 20, "y": 807, "x": 509, "structure_id": "Tr_33"}, {"parent_TextBlock": "Tb_21", "text": "AND ADDRESS OF THE MILITARY AUTHORITY OR COURT INVOLVED.", "parent_Field": "Fi_3", "parent_Choice_Field": null, "parent_ChoiceGroup": null, "w": 649, "h": 19, "y": 827, "x": 509, "structure_id": "Tr_34"}, {"parent_TextBlock": "Tb_22", "text": "13A.  HAVE YOU EVER BEEN CONVICTED,", "parent_Field": null, "parent_Choice_Field": null, "parent_ChoiceGroup": "Chgp_3", "w": 399, "h": 20, "y": 807, "x": 92, "structure_id": "Tr_35"}, {"parent_TextBlock": "Tb_22", "text": "IMPRISONED, SENTENCED TO", "parent_Field": null, "parent_Choice_Field": null, "parent_ChoiceGroup": "Chgp_3", "w": 292, "h": 19, "y": 827, "x": 92, "structure_id": "Tr_36"}, {"parent_TextBlock": "Tb_22", "text": "PROBATION OR PAROLE?", "parent_Field": null, "parent_Choice_Field": null, "parent_ChoiceGroup": "Chgp_3", "w": 255, "h": 20, "y": 846, "x": 92, "structure_id": "Tr_37"}, {"parent_TextBlock": "Tb_22", "text": "(Include felonies,", "parent_Field": null, "parent_Choice_Field": null, "parent_ChoiceGroup": "Chgp_3", "w": 140, "h": 20, "y": 846, "x": 347, "structure_id": "Tr_38"}, {"parent_TextBlock": "Tb_22", "text": "firearms or explosives violations, misdemeanors,", "parent_Field": null, "parent_Choice_Field": null, "parent_ChoiceGroup": "Chgp_3", "w": 386, "h": 19, "y": 866, "x": 92, "structure_id": "Tr_39"}, {"parent_TextBlock": "Tb_22", "text": "and all other offenses.)", "parent_Field": null, "parent_Choice_Field": null, "parent_ChoiceGroup": "Chgp_3", "w": 179, "h": 20, "y": 885, "x": 92, "structure_id": "Tr_40"}, {"parent_TextBlock": "Tb_23", "text": "YES", "parent_Field": null, "parent_Choice_Field": "Chf_5", "parent_ChoiceGroup": "Chgp_3", "w": 45, "h": 19, "y": 1019, "x": 131, "structure_id": "Tr_41"}, {"parent_TextBlock": "Tb_24", "text": "NO", "parent_Field": null, "parent_Choice_Field": "Chf_6", "parent_ChoiceGroup": "Chgp_3", "w": 34, "h": 19, "y": 1019, "x": 334, "structure_id": "Tr_42"}, {"parent_TextBlock": "Tb_25", "text": "14A.  HAVE YOU EVER BEEN CONVICTED,", "parent_Field": null, "parent_Choice_Field": null, "parent_ChoiceGroup": "Chgp_4", "w": 399, "h": 19, "y": 1074, "x": 92, "structure_id": "Tr_43"}, {"parent_TextBlock": "Tb_25", "text": "BY A MILITARY COURT-MARTIAL?", "parent_Field": null, "parent_Choice_Field": null, "parent_ChoiceGroup": "Chgp_4", "w": 326, "h": 20, "y": 1093, "x": 92, "structure_id": "Tr_44"}, {"parent_TextBlock": "Tb_25", "text": "(If no", "parent_Field": null, "parent_Choice_Field": null, "parent_ChoiceGroup": "Chgp_4", "w": 48, "h": 20, "y": 1093, "x": 418, "structure_id": "Tr_45"}, {"parent_TextBlock": "Tb_25", "text": "military service, answer \"NO,\")", "parent_Field": null, "parent_Choice_Field": null, "parent_ChoiceGroup": "Chgp_4", "w": 247, "h": 19, "y": 1113, "x": 92, "structure_id": "Tr_46"}, {"parent_TextBlock": "Tb_26", "text": "YES", "parent_Field": null, "parent_Choice_Field": "Chf_7", "parent_ChoiceGroup": "Chgp_4", "w": 45, "h": 20, "y": 1287, "x": 131, "structure_id": "Tr_47"}, {"parent_TextBlock": "Tb_27", "text": "NO", "parent_Field": null, "parent_Choice_Field": "Chf_8", "parent_ChoiceGroup": "Chgp_4", "w": 34, "h": 20, "y": 1287, "x": 334, "structure_id": "Tr_48"}, {"parent_TextBlock": "Tb_28", "text": "15A.  ARE YOU NOW UNDER CHARGES", "parent_Field": null, "parent_Choice_Field": null, "parent_ChoiceGroup": "Chgp_5", "w": 373, "h": 20, "y": 1341, "x": 92, "structure_id": "Tr_49"}, {"parent_TextBlock": "Tb_28", "text": "FOR ANY VIOLATION OF LAW?", "parent_Field": null, "parent_Choice_Field": null, "parent_ChoiceGroup": "Chgp_5", "w": 286, "h": 19, "y": 1361, "x": 92, "structure_id": "Tr_50"}, {"parent_TextBlock": "Tb_29", "text": "YES", "parent_Field": null, "parent_Choice_Field": "Chf_9", "parent_ChoiceGroup": "Chgp_5", "w": 45, "h": 19, "y": 1554, "x": 131, "structure_id": "Tr_51"}, {"parent_TextBlock": "Tb_30", "text": "NO", "parent_Field": null, "parent_Choice_Field": "Chf_10", "parent_ChoiceGroup": "Chgp_5", "w": 34, "h": 19, "y": 1554, "x": 334, "structure_id": "Tr_52"}, {"parent_TextBlock": "Tb_31", "text": "16.  HAVE YOU EVER BEEN SUSPENDED, EXPELLED OR ASKED TO RESIGN OR WITHDRAW FROM ANY EDUCATIONAL INSTITUTION, OR HAVE YOU RESIGNED", "parent_Field": null, "parent_Choice_Field": null, "parent_ChoiceGroup": "Chgp_6", "w": 1497, "h": 19, "y": 1608, "x": 92, "structure_id": "Tr_53"}, {"parent_TextBlock": "Tb_31", "text": "OR WITHDRAWN FROM ANY SUCH INSTITUTION IN TIME TO AVOID DISCIPLINE, SUSPENSION, OR EXPULSION FOR CONDUCT INVOLVING DISHONESTY, FRAUD,", "parent_Field": null, "parent_Choice_Field": null, "parent_ChoiceGroup": "Chgp_6", "w": 1518, "h": 20, "y": 1627, "x": 92, "structure_id": "Tr_54"}, {"parent_TextBlock": "Tb_31", "text": "MISREPRESENTATION, OR DECEIT?", "parent_Field": null, "parent_Choice_Field": null, "parent_ChoiceGroup": "Chgp_6", "w": 340, "h": 19, "y": 1647, "x": 92, "structure_id": "Tr_55"}, {"parent_TextBlock": "Tb_32", "text": "YES", "parent_Field": null, "parent_Choice_Field": "Chf_11", "parent_ChoiceGroup": "Chgp_6", "w": 45, "h": 19, "y": 1685, "x": 131, "structure_id": "Tr_56"}, {"parent_TextBlock": "Tb_33", "text": "NO", "parent_Field": null, "parent_Choice_Field": "Chf_12", "parent_ChoiceGroup": "Chgp_6", "w": 34, "h": 19, "y": 1685, "x": 334, "structure_id": "Tr_57"}, {"parent_TextBlock": "Tb_34", "text": "17.  HAVE YOU EVER BEEN DISCIPLINED, REPRIMANDED, SUSPENDED OR TERMINATED IN ANY JOB FOR CONDUCT INVOLVING DISHONESTY, FRAUD,", "parent_Field": null, "parent_Choice_Field": null, "parent_ChoiceGroup": "Chgp_7", "w": 1429, "h": 19, "y": 1725, "x": 92, "structure_id": "Tr_58"}, {"parent_TextBlock": "Tb_34", "text": "MISREPRESENTATION, DECEIT, OR ANY VIOLATION OF FEDERAL OR STATE LAWS OR REGULATIONS?", "parent_Field": null, "parent_Choice_Field": null, "parent_ChoiceGroup": "Chgp_7", "w": 970, "h": 19, "y": 1744, "x": 92, "structure_id": "Tr_59"}, {"parent_TextBlock": "Tb_35", "text": "YES", "parent_Field": null, "parent_Choice_Field": "Chf_13", "parent_ChoiceGroup": "Chgp_7", "w": 45, "h": 19, "y": 1799, "x": 131, "structure_id": "Tr_60"}, {"parent_TextBlock": "Tb_36", "text": "NO", "parent_Field": null, "parent_Choice_Field": "Chf_14", "parent_ChoiceGroup": "Chgp_7", "w": 34, "h": 19, "y": 1799, "x": 334, "structure_id": "Tr_61"}, {"parent_TextBlock": "Tb_37", "text": "18. HAVE YOU EVER RESIGNED, RETIRED FROM, OR QUIT A JOB WHEN YOU WERE UNDER INVESTIGATION OR INQUIRY FOR CONDUCT WHICH COULD HAVE", "parent_Field": null, "parent_Choice_Field": null, "parent_ChoiceGroup": "Chgp_8", "w": 1495, "h": 20, "y": 1841, "x": 92, "structure_id": "Tr_62"}, {"parent_TextBlock": "Tb_37", "text": "BEEN CONSIDERED AS INVOLVING DISHONESTY, FRAUD, MISREPRESENTATION, DECEIT, OR VIOLATION OF FEDERAL OR STATE LAWS OR REGULATIONS, OR", "parent_Field": null, "parent_Choice_Field": null, "parent_ChoiceGroup": "Chgp_8", "w": 1510, "h": 19, "y": 1861, "x": 92, "structure_id": "Tr_63"}, {"parent_TextBlock": "Tb_37", "text": "AFTER RECEIVING NOTICE OR BEING ADVISED OF POSSIBLE INVESTIGATION, INQUIRY, OR DISCIPLINARY ACTION FOR SUCH CONDUCT?", "parent_Field": null, "parent_Choice_Field": null, "parent_ChoiceGroup": "Chgp_8", "w": 1307, "h": 20, "y": 1880, "x": 92, "structure_id": "Tr_64"}, {"parent_TextBlock": "Tb_38", "text": "YES", "parent_Field": null, "parent_Choice_Field": "Chf_15", "parent_ChoiceGroup": "Chgp_8", "w": 45, "h": 19, "y": 1934, "x": 131, "structure_id": "Tr_65"}, {"parent_TextBlock": "Tb_39", "text": "NO", "parent_Field": null, "parent_Choice_Field": "Chf_16", "parent_ChoiceGroup": "Chgp_8", "w": 34, "h": 19, "y": 1934, "x": 335, "structure_id": "Tr_66"}, {"parent_TextBlock": "Tb_40", "text": "19. HAVE YOU EVER FUNCTIONED AS A REPRESENTATIVE, AGENT, OR ATTORNEY BEFORE A STATE OR FEDERAL DEPARTMENT OR AGENCY?", "parent_Field": null, "parent_Choice_Field": null, "parent_ChoiceGroup": "Chgp_9", "w": 1357, "h": 19, "y": 1976, "x": 92, "structure_id": "Tr_67"}, {"parent_TextBlock": "Tb_41", "text": "YES", "parent_Field": null, "parent_Choice_Field": "Chf_17", "parent_ChoiceGroup": "Chgp_9", "w": 45, "h": 20, "y": 2020, "x": 131, "structure_id": "Tr_68"}, {"parent_TextBlock": "Tb_42", "text": "NO", "parent_Field": null, "parent_Choice_Field": "Chf_18", "parent_ChoiceGroup": "Chgp_9", "w": 34, "h": 20, "y": 2020, "x": 334, "structure_id": "Tr_69"}], "ChoiceGroup": [{"y": 88.03125, "x": 87, "structure_id": "Chgp_1", "w": 520, "h": 204}, {"y": 338.03125, "x": 87, "structure_id": "Chgp_2", "w": 516, "h": 216}, {"y": 800.03125, "x": 85, "structure_id": "Chgp_3", "w": 410, "h": 255}, {"y": 1070.03125, "x": 87, "structure_id": "Chgp_4", "w": 408, "h": 252}, {"y": 1337.03125, "x": 84, "structure_id": "Chgp_5", "w": 391, "h": 245}, {"y": 1606.03125, "x": 88, "structure_id": "Chgp_6", "w": 1524, "h": 108}, {"y": 1721.03125, "x": 84, "structure_id": "Chgp_7", "w": 1443, "h": 105}, {"y": 1837.03125, "x": 87, "structure_id": "Chgp_8", "w": 1521, "h": 123}, {"y": 1969.03125, "x": 85, "structure_id": "Chgp_9", "w": 1368, "h": 82}]}