{"Widget": [{"parent_Field": "Fi_1", "parent_Choice_Field": null, "parent_ChoiceGroup": null, "w": 283.3385826771654, "h": 50, "y": 716.6692913385828, "x": 883.3307086614174, "structure_id": "Wi_1"}, {"parent_Field": "Fi_2", "parent_Choice_Field": null, "parent_ChoiceGroup": null, "w": 433.33070866141736, "h": 50, "y": 716.6692913385828, "x": 300, "structure_id": "Wi_2"}, {"parent_Field": "Fi_3", "parent_Choice_Field": null, "parent_ChoiceGroup": null, "w": 183.33070866141733, "h": 50, "y": 766.6692913385826, "x": 1416.6692913385828, "structure_id": "Wi_3"}, {"parent_Field": "Fi_4", "parent_Choice_Field": null, "parent_ChoiceGroup": null, "w": 283.3385826771654, "h": 50, "y": 666.6692913385826, "x": 883.3307086614174, "structure_id": "Wi_4"}, {"parent_Field": "Fi_5", "parent_Choice_Field": null, "parent_ChoiceGroup": null, "w": 766.6692913385828, "h": 33.33070866141732, "y": 850, "x": 100, "structure_id": "Wi_5"}, {"parent_Field": "Fi_5", "parent_Choice_Field": null, "parent_ChoiceGroup": null, "w": 500, "h": 33.33070866141732, "y": 850, "x": 883.3307086614174, "structure_id": "Wi_6"}, {"parent_Field": "Fi_5", "parent_Choice_Field": null, "parent_ChoiceGroup": null, "w": 200, "h": 33.33070866141732, "y": 850, "x": 1400, "structure_id": "Wi_7"}, {"parent_Field": "Fi_6", "parent_Choice_Field": null, "parent_ChoiceGroup": null, "w": 183.33070866141733, "h": 50, "y": 666.6692913385826, "x": 1416.6692913385828, "structure_id": "Wi_8"}, {"parent_Field": "Fi_7", "parent_Choice_Field": null, "parent_ChoiceGroup": null, "w": 433.33070866141736, "h": 50, "y": 666.6692913385826, "x": 300, "structure_id": "Wi_9"}, {"parent_Field": "Fi_8", "parent_Choice_Field": null, "parent_ChoiceGroup": null, "w": 283.3385826771654, "h": 50, "y": 766.6692913385826, "x": 883.3307086614174, "structure_id": "Wi_10"}, {"parent_Field": "Fi_9", "parent_Choice_Field": null, "parent_ChoiceGroup": null, "w": 433.33070866141736, "h": 50, "y": 766.6692913385826, "x": 300, "structure_id": "Wi_11"}, {"parent_Field": "Fi_10", "parent_Choice_Field": null, "parent_ChoiceGroup": null, "w": 183.33070866141733, "h": 50, "y": 716.6692913385828, "x": 1416.6692913385828, "structure_id": "Wi_12"}, {"parent_Field": null, "parent_Choice_Field": "Chf_1", "parent_ChoiceGroup": "Chgp_1", "w": 25, "h": 25, "y": 587.5, "x": 105.5496062992126, "structure_id": "Wi_13"}, {"parent_Field": null, "parent_Choice_Field": "Chf_2", "parent_ChoiceGroup": "Chgp_1", "w": 25, "h": 25, "y": 587.4913385826771, "x": 222.2196850393701, "structure_id": "Wi_14"}, {"parent_Field": null, "parent_Choice_Field": "Chf_3", "parent_ChoiceGroup": "Chgp_2", "w": 25, "h": 25, "y": 954.1692913385826, "x": 105.5496062992126, "structure_id": "Wi_15"}, {"parent_Field": null, "parent_Choice_Field": "Chf_4", "parent_ChoiceGroup": "Chgp_2", "w": 25, "h": 25, "y": 954.1692913385826, "x": 255.5496062992126, "structure_id": "Wi_16"}, {"parent_Field": null, "parent_Choice_Field": "Chf_5", "parent_ChoiceGroup": "Chgp_3", "w": 25, "h": 25, "y": 1070.8307086614172, "x": 105.5496062992126, "structure_id": "Wi_17"}, {"parent_Field": null, "parent_Choice_Field": "Chf_6", "parent_ChoiceGroup": "Chgp_3", "w": 25, "h": 25, "y": 1120.8307086614172, "x": 105.5496062992126, "structure_id": "Wi_18"}, {"parent_Field": null, "parent_Choice_Field": "Chf_6", "parent_ChoiceGroup": "Chgp_3", "w": 199.99212598425197, "h": 33.338582677165356, "y": 1116.6614173228347, "x": 1083.3385826771655, "structure_id": "Wi_19"}, {"parent_Field": "Fi_11", "parent_Choice_Field": null, "parent_ChoiceGroup": null, "w": 200, "h": 33.33070866141732, "y": 1983.3307086614172, "x": 900, "structure_id": "Wi_20"}, {"parent_Field": "Fi_12", "parent_Choice_Field": null, "parent_ChoiceGroup": null, "w": 200, "h": 33.33070866141732, "y": 1983.3307086614172, "x": 1166.6692913385828, "structure_id": "Wi_21"}, {"parent_Field": "Fi_13", "parent_Choice_Field": null, "parent_ChoiceGroup": null, "w": 200, "h": 33.33070866141732, "y": 2033.3307086614175, "x": 1050, "structure_id": "Wi_22"}, {"parent_Field": "Fi_14", "parent_Choice_Field": null, "parent_ChoiceGroup": null, "w": 216.66141732283464, "h": 33.33070866141732, "y": 2033.3307086614175, "x": 766.6692913385826, "structure_id": "Wi_23"}, {"parent_Field": null, "parent_Choice_Field": "Chf_7", "parent_ChoiceGroup": "Chgp_4", "w": 25, "h": 25, "y": 1204.1692913385828, "x": 1072.2196850393702, "structure_id": "Wi_24"}, {"parent_Field": null, "parent_Choice_Field": "Chf_8", "parent_ChoiceGroup": "Chgp_4", "w": 25, "h": 25, "y": 1204.1692913385828, "x": 1188.8889763779528, "structure_id": "Wi_25"}, {"parent_Field": null, "parent_Choice_Field": "Chf_9", "parent_ChoiceGroup": "Chgp_5", "w": 25, "h": 25, "y": 1337.5, "x": 155.5496062992126, "structure_id": "Wi_26"}, {"parent_Field": null, "parent_Choice_Field": "Chf_10", "parent_ChoiceGroup": "Chgp_5", "w": 25, "h": 25, "y": 1370.8307086614172, "x": 155.5496062992126, "structure_id": "Wi_27"}, {"parent_Field": null, "parent_Choice_Field": "Chf_11", "parent_ChoiceGroup": "Chgp_5", "w": 25, "h": 25, "y": 1404.1692913385828, "x": 155.5496062992126, "structure_id": "Wi_28"}, {"parent_Field": null, "parent_Choice_Field": "Chf_12", "parent_ChoiceGroup": "Chgp_6", "w": 25, "h": 25, "y": 1304.1692913385828, "x": 105.5496062992126, "structure_id": "Wi_29"}, {"parent_Field": null, "parent_Choice_Field": "Chf_13", "parent_ChoiceGroup": "Chgp_6", "w": 25, "h": 25, "y": 1304.1692913385828, "x": 222.2196850393701, "structure_id": "Wi_30"}, {"parent_Field": null, "parent_Choice_Field": "Chf_14", "parent_ChoiceGroup": "Chgp_7", "w": 25, "h": 25, "y": 1504.1692913385828, "x": 155.5496062992126, "structure_id": "Wi_31"}, {"parent_Field": null, "parent_Choice_Field": "Chf_15", "parent_ChoiceGroup": "Chgp_7", "w": 25, "h": 25, "y": 1537.5, "x": 155.5496062992126, "structure_id": "Wi_32"}, {"parent_Field": null, "parent_Choice_Field": "Chf_16", "parent_ChoiceGroup": "Chgp_7", "w": 25, "h": 25, "y": 1570.8385826771655, "x": 155.5496062992126, "structure_id": "Wi_33"}, {"parent_Field": null, "parent_Choice_Field": "Chf_17", "parent_ChoiceGroup": "Chgp_8", "w": 25, "h": 25, "y": 1470.8307086614175, "x": 105.5496062992126, "structure_id": "Wi_34"}, {"parent_Field": null, "parent_Choice_Field": "Chf_18", "parent_ChoiceGroup": "Chgp_8", "w": 25, "h": 25, "y": 1470.8307086614175, "x": 222.2196850393701, "structure_id": "Wi_35"}, {"parent_Field": null, "parent_Choice_Field": "Chf_19", "parent_ChoiceGroup": "Chgp_9", "w": 25, "h": 25, "y": 1804.1692913385828, "x": 205.5496062992126, "structure_id": "Wi_36"}, {"parent_Field": null, "parent_Choice_Field": "Chf_20", "parent_ChoiceGroup": "Chgp_9", "w": 25, "h": 25, "y": 1837.5, "x": 205.5496062992126, "structure_id": "Wi_37"}, {"parent_Field": null, "parent_Choice_Field": "Chf_21", "parent_ChoiceGroup": "Chgp_9", "w": 25, "h": 25, "y": 1870.8307086614172, "x": 205.5496062992126, "structure_id": "Wi_38"}, {"parent_Field": null, "parent_Choice_Field": "Chf_22", "parent_ChoiceGroup": "Chgp_9", "w": 25, "h": 25, "y": 1904.1692913385828, "x": 205.5496062992126, "structure_id": "Wi_39"}, {"parent_Field": null, "parent_Choice_Field": "Chf_23", "parent_ChoiceGroup": "Chgp_9", "w": 25, "h": 25, "y": 1804.1692913385828, "x": 555.5496062992127, "structure_id": "Wi_40"}, {"parent_Field": null, "parent_Choice_Field": "Chf_24", "parent_ChoiceGroup": "Chgp_9", "w": 25, "h": 25, "y": 1837.5, "x": 555.5496062992127, "structure_id": "Wi_41"}, {"parent_Field": null, "parent_Choice_Field": "Chf_25", "parent_ChoiceGroup": "Chgp_9", "w": 25, "h": 25, "y": 1870.8307086614172, "x": 555.5496062992127, "structure_id": "Wi_42"}, {"parent_Field": null, "parent_Choice_Field": "Chf_26", "parent_ChoiceGroup": "Chgp_9", "w": 25, "h": 25, "y": 1904.1692913385828, "x": 555.5496062992127, "structure_id": "Wi_43"}, {"parent_Field": null, "parent_Choice_Field": "Chf_27", "parent_ChoiceGroup": "Chgp_9", "w": 25, "h": 25, "y": 1804.1614173228347, "x": 888.8889763779528, "structure_id": "Wi_44"}, {"parent_Field": null, "parent_Choice_Field": "Chf_28", "parent_ChoiceGroup": "Chgp_9", "w": 25, "h": 25, "y": 1837.4913385826774, "x": 888.8889763779528, "structure_id": "Wi_45"}, {"parent_Field": null, "parent_Choice_Field": "Chf_29", "parent_ChoiceGroup": "Chgp_9", "w": 25, "h": 25, "y": 1870.8307086614172, "x": 888.8889763779528, "structure_id": "Wi_46"}, {"parent_Field": null, "parent_Choice_Field": "Chf_30", "parent_ChoiceGroup": "Chgp_9", "w": 25, "h": 25, "y": 1904.1614173228347, "x": 888.8889763779528, "structure_id": "Wi_47"}, {"parent_Field": null, "parent_Choice_Field": "Chf_30", "parent_ChoiceGroup": "Chgp_9", "w": 366.66141732283467, "h": 33.33070866141732, "y": 1900, "x": 1216.6692913385828, "structure_id": "Wi_48"}, {"parent_Field": null, "parent_Choice_Field": "Chf_30", "parent_ChoiceGroup": "Chgp_9", "w": 633.3385826771654, "h": 33.33070866141732, "y": 1933.3307086614172, "x": 933.3307086614174, "structure_id": "Wi_49"}, {"parent_Field": null, "parent_Choice_Field": "Chf_31", "parent_ChoiceGroup": "Chgp_10", "w": 25, "h": 25, "y": 1670.8307086614172, "x": 155.5496062992126, "structure_id": "Wi_50"}, {"parent_Field": null, "parent_Choice_Field": "Chf_32", "parent_ChoiceGroup": "Chgp_10", "w": 25, "h": 25, "y": 1704.1692913385828, "x": 155.5496062992126, "structure_id": "Wi_51"}, {"parent_Field": null, "parent_Choice_Field": "Chf_33", "parent_ChoiceGroup": "Chgp_10", "w": 25, "h": 25, "y": 1737.5, "x": 155.5496062992126, "structure_id": "Wi_52"}, {"parent_Field": null, "parent_Choice_Field": "Chf_33", "parent_ChoiceGroup": "Chgp_10", "w": 200, "h": 33.33070866141732, "y": 1733.3385826771653, "x": 666.6692913385826, "structure_id": "Wi_53"}, {"parent_Field": null, "parent_Choice_Field": "Chf_34", "parent_ChoiceGroup": "Chgp_10", "w": 25, "h": 25, "y": 1770.8307086614175, "x": 155.5496062992126, "structure_id": "Wi_54"}, {"parent_Field": null, "parent_Choice_Field": "Chf_35", "parent_ChoiceGroup": "Chgp_11", "w": 25, "h": 25, "y": 1637.5000000000002, "x": 105.5496062992126, "structure_id": "Wi_55"}, {"parent_Field": null, "parent_Choice_Field": "Chf_36", "parent_ChoiceGroup": "Chgp_11", "w": 25, "h": 25, "y": 1637.5000000000002, "x": 222.2196850393701, "structure_id": "Wi_56"}, {"parent_Field": "Fi_15", "parent_Choice_Field": null, "parent_ChoiceGroup": null, "w": 571.3472440944881, "h": 45.79448818897638, "y": 316.66929133858264, "x": 100, "structure_id": "Wi_57"}, {"parent_Field": "Fi_15", "parent_Choice_Field": null, "parent_ChoiceGroup": null, "w": 48.36141732283465, "h": 45.79448818897638, "y": 316.66929133858264, "x": 687.5582677165354, "structure_id": "Wi_58"}, {"parent_Field": "Fi_15", "parent_Choice_Field": null, "parent_ChoiceGroup": null, "w": 856.5496062992127, "h": 45.79448818897638, "y": 316.66929133858264, "x": 758.3472440944881, "structure_id": "Wi_59"}, {"parent_Field": "Fi_16", "parent_Choice_Field": null, "parent_ChoiceGroup": null, "w": 147.1417322834646, "h": 46.83307086614173, "y": 400.00000000000006, "x": 100, "structure_id": "Wi_60"}, {"parent_Field": "Fi_16", "parent_Choice_Field": null, "parent_ChoiceGroup": null, "w": 90.35590551181102, "h": 46.83307086614173, "y": 400.00000000000006, "x": 287.5582677165354, "structure_id": "Wi_61"}, {"parent_Field": "Fi_16", "parent_Choice_Field": null, "parent_ChoiceGroup": null, "w": 188.88031496062993, "h": 46.83307086614173, "y": 400.00000000000006, "x": 426.45511811023624, "structure_id": "Wi_62"}], "TextBlock": [{"parent_Field": null, "parent_Choice_Field": null, "parent_ChoiceGroup": null, "w": 446, "h": 42, "y": 2104, "x": 567, "structure_id": "Tb_1"}, {"parent_Field": null, "parent_Choice_Field": null, "parent_ChoiceGroup": null, "w": 176, "h": 34, "y": 2108, "x": 200, "structure_id": "Tb_2"}, {"parent_Field": null, "parent_Choice_Field": null, "parent_ChoiceGroup": null, "w": 255, "h": 66, "y": 59, "x": 1350, "structure_id": "Tb_3"}, {"parent_Field": null, "parent_Choice_Field": null, "parent_ChoiceGroup": null, "w": 256, "h": 22, "y": 522, "x": 722, "structure_id": "Tb_4"}, {"parent_Field": "Fi_1", "parent_Choice_Field": null, "parent_ChoiceGroup": null, "w": 107, "h": 19, "y": 732, "x": 767, "structure_id": "Tb_5"}, {"parent_Field": "Fi_2", "parent_Choice_Field": null, "parent_ChoiceGroup": null, "w": 193, "h": 19, "y": 732, "x": 100, "structure_id": "Tb_6"}, {"parent_Field": null, "parent_Choice_Field": null, "parent_ChoiceGroup": null, "w": 813, "h": 22, "y": 639, "x": 100, "structure_id": "Tb_7"}, {"parent_Field": "Fi_3", "parent_Choice_Field": null, "parent_ChoiceGroup": null, "w": 210, "h": 19, "y": 782, "x": 1200, "structure_id": "Tb_8"}, {"parent_Field": "Fi_4", "parent_Choice_Field": null, "parent_ChoiceGroup": null, "w": 107, "h": 19, "y": 682, "x": 767, "structure_id": "Tb_9"}, {"parent_Field": "Fi_5", "parent_Choice_Field": null, "parent_ChoiceGroup": null, "w": 1181, "h": 19, "y": 824, "x": 100, "structure_id": "Tb_10"}, {"parent_Field": null, "parent_Choice_Field": null, "parent_ChoiceGroup": null, "w": 317, "h": 22, "y": 589, "x": 317, "structure_id": "Tb_11"}, {"parent_Field": "Fi_6", "parent_Choice_Field": null, "parent_ChoiceGroup": null, "w": 210, "h": 19, "y": 682, "x": 1200, "structure_id": "Tb_12"}, {"parent_Field": "Fi_7", "parent_Choice_Field": null, "parent_ChoiceGroup": null, "w": 192, "h": 19, "y": 682, "x": 100, "structure_id": "Tb_13"}, {"parent_Field": "Fi_8", "parent_Choice_Field": null, "parent_ChoiceGroup": null, "w": 107, "h": 19, "y": 782, "x": 767, "structure_id": "Tb_14"}, {"parent_Field": "Fi_9", "parent_Choice_Field": null, "parent_ChoiceGroup": null, "w": 193, "h": 19, "y": 782, "x": 100, "structure_id": "Tb_15"}, {"parent_Field": "Fi_10", "parent_Choice_Field": null, "parent_ChoiceGroup": null, "w": 210, "h": 19, "y": 732, "x": 1200, "structure_id": "Tb_16"}, {"parent_Field": null, "parent_Choice_Field": null, "parent_ChoiceGroup": "Chgp_1", "w": 1393, "h": 19, "y": 557, "x": 100, "structure_id": "Tb_17"}, {"parent_Field": null, "parent_Choice_Field": "Chf_1", "parent_ChoiceGroup": "Chgp_1", "w": 39, "h": 20, "y": 590, "x": 150, "structure_id": "Tb_18"}, {"parent_Field": null, "parent_Choice_Field": "Chf_2", "parent_ChoiceGroup": "Chgp_1", "w": 29, "h": 20, "y": 590, "x": 267, "structure_id": "Tb_19"}, {"parent_Field": null, "parent_Choice_Field": null, "parent_ChoiceGroup": null, "w": 366, "h": 22, "y": 889, "x": 667, "structure_id": "Tb_20"}, {"parent_Field": null, "parent_Choice_Field": null, "parent_ChoiceGroup": "Chgp_2", "w": 220, "h": 19, "y": 924, "x": 100, "structure_id": "Tb_21"}, {"parent_Field": null, "parent_Choice_Field": "Chf_3", "parent_ChoiceGroup": "Chgp_2", "w": 70, "h": 19, "y": 957, "x": 150, "structure_id": "Tb_22"}, {"parent_Field": null, "parent_Choice_Field": "Chf_4", "parent_ChoiceGroup": "Chgp_2", "w": 109, "h": 19, "y": 957, "x": 300, "structure_id": "Tb_23"}, {"parent_Field": null, "parent_Choice_Field": null, "parent_ChoiceGroup": null, "w": 280, "h": 22, "y": 1006, "x": 710, "structure_id": "Tb_24"}, {"parent_Field": null, "parent_Choice_Field": null, "parent_ChoiceGroup": "Chgp_3", "w": 254, "h": 22, "y": 1039, "x": 100, "structure_id": "Tb_25"}, {"parent_Field": null, "parent_Choice_Field": "Chf_5", "parent_ChoiceGroup": "Chgp_3", "w": 1347, "h": 42, "y": 1071, "x": 150, "structure_id": "Tb_26"}, {"parent_Field": null, "parent_Choice_Field": "Chf_6", "parent_ChoiceGroup": "Chgp_3", "w": 919, "h": 20, "y": 1124, "x": 150, "structure_id": "Tb_27"}, {"parent_Field": null, "parent_Choice_Field": null, "parent_ChoiceGroup": null, "w": 692, "h": 22, "y": 1172, "x": 504, "structure_id": "Tb_28"}, {"parent_Field": "Fi_11", "parent_Choice_Field": null, "parent_ChoiceGroup": null, "w": 685, "h": 20, "y": 1990, "x": 200, "structure_id": "Tb_29"}, {"parent_Field": "Fi_12", "parent_Choice_Field": null, "parent_ChoiceGroup": null, "w": 41, "h": 20, "y": 1990, "x": 1117, "structure_id": "Tb_30"}, {"parent_Field": "Fi_13", "parent_Choice_Field": null, "parent_ChoiceGroup": null, "w": 41, "h": 20, "y": 2040, "x": 1000, "structure_id": "Tb_31"}, {"parent_Field": null, "parent_Choice_Field": null, "parent_ChoiceGroup": null, "w": 198, "h": 22, "y": 1239, "x": 100, "structure_id": "Tb_32"}, {"parent_Field": "Fi_14", "parent_Choice_Field": null, "parent_ChoiceGroup": null, "w": 555, "h": 20, "y": 2040, "x": 200, "structure_id": "Tb_33"}, {"parent_Field": null, "parent_Choice_Field": null, "parent_ChoiceGroup": "Chgp_4", "w": 943, "h": 19, "y": 1207, "x": 100, "structure_id": "Tb_34"}, {"parent_Field": null, "parent_Choice_Field": "Chf_7", "parent_ChoiceGroup": "Chgp_4", "w": 39, "h": 19, "y": 1207, "x": 1117, "structure_id": "Tb_35"}, {"parent_Field": null, "parent_Choice_Field": "Chf_8", "parent_ChoiceGroup": "Chgp_4", "w": 30, "h": 19, "y": 1207, "x": 1233, "structure_id": "Tb_36"}, {"parent_Field": null, "parent_Choice_Field": null, "parent_ChoiceGroup": "Chgp_5", "w": 259, "h": 22, "y": 1306, "x": 307, "structure_id": "Tb_37"}, {"parent_Field": null, "parent_Choice_Field": "Chf_9", "parent_ChoiceGroup": "Chgp_5", "w": 654, "h": 20, "y": 1340, "x": 200, "structure_id": "Tb_38"}, {"parent_Field": null, "parent_Choice_Field": "Chf_10", "parent_ChoiceGroup": "Chgp_5", "w": 331, "h": 19, "y": 1374, "x": 200, "structure_id": "Tb_39"}, {"parent_Field": null, "parent_Choice_Field": "Chf_11", "parent_ChoiceGroup": "Chgp_5", "w": 317, "h": 19, "y": 1407, "x": 200, "structure_id": "Tb_40"}, {"parent_Field": null, "parent_Choice_Field": null, "parent_ChoiceGroup": "Chgp_6", "w": 1075, "h": 19, "y": 1274, "x": 100, "structure_id": "Tb_41"}, {"parent_Field": null, "parent_Choice_Field": "Chf_12", "parent_ChoiceGroup": "Chgp_6", "w": 39, "h": 19, "y": 1307, "x": 150, "structure_id": "Tb_42"}, {"parent_Field": null, "parent_Choice_Field": "Chf_13", "parent_ChoiceGroup": "Chgp_6", "w": 40, "h": 19, "y": 1308, "x": 267, "structure_id": "Tb_43"}, {"parent_Field": null, "parent_Choice_Field": null, "parent_ChoiceGroup": "Chgp_7", "w": 265, "h": 22, "y": 1472, "x": 301, "structure_id": "Tb_44"}, {"parent_Field": null, "parent_Choice_Field": "Chf_14", "parent_ChoiceGroup": "Chgp_7", "w": 654, "h": 19, "y": 1507, "x": 200, "structure_id": "Tb_45"}, {"parent_Field": null, "parent_Choice_Field": "Chf_15", "parent_ChoiceGroup": "Chgp_7", "w": 331, "h": 20, "y": 1540, "x": 200, "structure_id": "Tb_46"}, {"parent_Field": null, "parent_Choice_Field": "Chf_16", "parent_ChoiceGroup": "Chgp_7", "w": 317, "h": 19, "y": 1574, "x": 200, "structure_id": "Tb_47"}, {"parent_Field": null, "parent_Choice_Field": null, "parent_ChoiceGroup": "Chgp_8", "w": 860, "h": 20, "y": 1440, "x": 100, "structure_id": "Tb_48"}, {"parent_Field": null, "parent_Choice_Field": "Chf_17", "parent_ChoiceGroup": "Chgp_8", "w": 39, "h": 19, "y": 1474, "x": 150, "structure_id": "Tb_49"}, {"parent_Field": null, "parent_Choice_Field": "Chf_18", "parent_ChoiceGroup": "Chgp_8", "w": 34, "h": 20, "y": 1474, "x": 267, "structure_id": "Tb_50"}, {"parent_Field": null, "parent_Choice_Field": "Chf_19", "parent_ChoiceGroup": "Chgp_9", "w": 110, "h": 19, "y": 1807, "x": 250, "structure_id": "Tb_51"}, {"parent_Field": null, "parent_Choice_Field": "Chf_20", "parent_ChoiceGroup": "Chgp_9", "w": 198, "h": 20, "y": 1840, "x": 250, "structure_id": "Tb_52"}, {"parent_Field": null, "parent_Choice_Field": "Chf_21", "parent_ChoiceGroup": "Chgp_9", "w": 157, "h": 19, "y": 1874, "x": 250, "structure_id": "Tb_53"}, {"parent_Field": null, "parent_Choice_Field": "Chf_22", "parent_ChoiceGroup": "Chgp_9", "w": 272, "h": 42, "y": 1904, "x": 250, "structure_id": "Tb_54"}, {"parent_Field": null, "parent_Choice_Field": "Chf_23", "parent_ChoiceGroup": "Chgp_9", "w": 187, "h": 19, "y": 1807, "x": 600, "structure_id": "Tb_55"}, {"parent_Field": null, "parent_Choice_Field": "Chf_24", "parent_ChoiceGroup": "Chgp_9", "w": 238, "h": 20, "y": 1840, "x": 600, "structure_id": "Tb_56"}, {"parent_Field": null, "parent_Choice_Field": "Chf_25", "parent_ChoiceGroup": "Chgp_9", "w": 139, "h": 19, "y": 1874, "x": 600, "structure_id": "Tb_57"}, {"parent_Field": null, "parent_Choice_Field": "Chf_26", "parent_ChoiceGroup": "Chgp_9", "w": 121, "h": 19, "y": 1907, "x": 600, "structure_id": "Tb_58"}, {"parent_Field": null, "parent_Choice_Field": "Chf_27", "parent_ChoiceGroup": "Chgp_9", "w": 284, "h": 19, "y": 1807, "x": 933, "structure_id": "Tb_59"}, {"parent_Field": null, "parent_Choice_Field": "Chf_28", "parent_ChoiceGroup": "Chgp_9", "w": 95, "h": 20, "y": 1840, "x": 933, "structure_id": "Tb_60"}, {"parent_Field": null, "parent_Choice_Field": "Chf_29", "parent_ChoiceGroup": "Chgp_9", "w": 181, "h": 19, "y": 1874, "x": 933, "structure_id": "Tb_61"}, {"parent_Field": null, "parent_Choice_Field": "Chf_30", "parent_ChoiceGroup": "Chgp_9", "w": 275, "h": 22, "y": 1906, "x": 933, "structure_id": "Tb_62"}, {"parent_Field": null, "parent_Choice_Field": null, "parent_ChoiceGroup": "Chgp_10", "w": 275, "h": 22, "y": 1639, "x": 301, "structure_id": "Tb_63"}, {"parent_Field": null, "parent_Choice_Field": "Chf_31", "parent_ChoiceGroup": "Chgp_10", "w": 236, "h": 19, "y": 1674, "x": 200, "structure_id": "Tb_64"}, {"parent_Field": null, "parent_Choice_Field": "Chf_32", "parent_ChoiceGroup": "Chgp_10", "w": 371, "h": 19, "y": 1707, "x": 200, "structure_id": "Tb_65"}, {"parent_Field": null, "parent_Choice_Field": "Chf_33", "parent_ChoiceGroup": "Chgp_10", "w": 456, "h": 20, "y": 1740, "x": 200, "structure_id": "Tb_66"}, {"parent_Field": null, "parent_Choice_Field": "Chf_34", "parent_ChoiceGroup": "Chgp_10", "w": 577, "h": 22, "y": 1772, "x": 200, "structure_id": "Tb_67"}, {"parent_Field": null, "parent_Choice_Field": null, "parent_ChoiceGroup": "Chgp_11", "w": 727, "h": 19, "y": 1607, "x": 100, "structure_id": "Tb_68"}, {"parent_Field": null, "parent_Choice_Field": "Chf_35", "parent_ChoiceGroup": "Chgp_11", "w": 39, "h": 20, "y": 1640, "x": 150, "structure_id": "Tb_69"}, {"parent_Field": null, "parent_Choice_Field": "Chf_36", "parent_ChoiceGroup": "Chgp_11", "w": 34, "h": 19, "y": 1641, "x": 267, "structure_id": "Tb_70"}, {"parent_Field": null, "parent_Choice_Field": null, "parent_ChoiceGroup": null, "w": 629, "h": 58, "y": 139, "x": 781, "structure_id": "Tb_71"}, {"parent_Field": null, "parent_Choice_Field": null, "parent_ChoiceGroup": null, "w": 94, "h": 42, "y": 2104, "x": 83, "structure_id": "Tb_72"}, {"parent_Field": null, "parent_Choice_Field": null, "parent_ChoiceGroup": null, "w": 71, "h": 22, "y": 2122, "x": 1546, "structure_id": "Tb_73"}, {"parent_Field": null, "parent_Choice_Field": null, "parent_ChoiceGroup": null, "w": 1481, "h": 47, "y": 461, "x": 100, "structure_id": "Tb_74"}, {"parent_Field": null, "parent_Choice_Field": null, "parent_ChoiceGroup": null, "w": 1500, "h": 70, "y": 208, "x": 100, "structure_id": "Tb_75"}, {"parent_Field": "Fi_15", "parent_Choice_Field": null, "parent_ChoiceGroup": null, "w": 273, "h": 20, "y": 290, "x": 100, "structure_id": "Tb_76"}, {"parent_Field": "Fi_16", "parent_Choice_Field": null, "parent_ChoiceGroup": null, "w": 466, "h": 19, "y": 374, "x": 100, "structure_id": "Tb_77"}], "Choice_Field": [{"y": 587.5, "x": 105.5496062992126, "structure_id": "Chf_1", "w": 83.4503937007874, "h": 25}, {"y": 587.4913385826771, "x": 222.2196850393701, "structure_id": "Chf_2", "w": 73.78031496062991, "h": 25}, {"y": 954.1692913385826, "x": 105.5496062992126, "structure_id": "Chf_3", "w": 114.4503937007874, "h": 25}, {"y": 954.1692913385826, "x": 255.5496062992126, "structure_id": "Chf_4", "w": 153.4503937007874, "h": 25}, {"y": 1070.8307086614172, "x": 105.5496062992126, "structure_id": "Chf_5", "w": 1391.4503937007873, "h": 42.16929133858275}, {"y": 1116.6614173228347, "x": 105.5496062992126, "structure_id": "Chf_6", "w": 1177.7811023622048, "h": 33.33858267716528}, {"y": 1204.1692913385828, "x": 1072.2196850393702, "structure_id": "Chf_7", "w": 83.78031496062977, "h": 25}, {"y": 1204.1692913385828, "x": 1188.8889763779528, "structure_id": "Chf_8", "w": 74.11102362204724, "h": 25}, {"y": 1337.5, "x": 155.5496062992126, "structure_id": "Chf_9", "w": 698.4503937007873, "h": 25}, {"y": 1370.8307086614172, "x": 155.5496062992126, "structure_id": "Chf_10", "w": 375.4503937007874, "h": 25}, {"y": 1404.1692913385828, "x": 155.5496062992126, "structure_id": "Chf_11", "w": 361.4503937007874, "h": 25}, {"y": 1304.1692913385828, "x": 105.5496062992126, "structure_id": "Chf_12", "w": 83.4503937007874, "h": 25}, {"y": 1304.1692913385828, "x": 222.2196850393701, "structure_id": "Chf_13", "w": 84.78031496062991, "h": 25}, {"y": 1504.1692913385828, "x": 155.5496062992126, "structure_id": "Chf_14", "w": 698.4503937007873, "h": 25}, {"y": 1537.5, "x": 155.5496062992126, "structure_id": "Chf_15", "w": 375.4503937007874, "h": 25}, {"y": 1570.8385826771655, "x": 155.5496062992126, "structure_id": "Chf_16", "w": 361.4503937007874, "h": 25}, {"y": 1470.8307086614175, "x": 105.5496062992126, "structure_id": "Chf_17", "w": 83.4503937007874, "h": 25}, {"y": 1470.8307086614175, "x": 222.2196850393701, "structure_id": "Chf_18", "w": 78.78031496062991, "h": 25}, {"y": 1804.1692913385828, "x": 205.5496062992126, "structure_id": "Chf_19", "w": 154.4503937007874, "h": 25}, {"y": 1837.5, "x": 205.5496062992126, "structure_id": "Chf_20", "w": 242.4503937007874, "h": 25}, {"y": 1870.8307086614172, "x": 205.5496062992126, "structure_id": "Chf_21", "w": 201.4503937007874, "h": 25}, {"y": 1904, "x": 205.5496062992126, "structure_id": "Chf_22", "w": 316.4503937007874, "h": 42}, {"y": 1804.1692913385828, "x": 555.5496062992127, "structure_id": "Chf_23", "w": 231.45039370078734, "h": 25}, {"y": 1837.5, "x": 555.5496062992127, "structure_id": "Chf_24", "w": 282.45039370078734, "h": 25}, {"y": 1870.8307086614172, "x": 555.5496062992127, "structure_id": "Chf_25", "w": 183.45039370078734, "h": 25}, {"y": 1904.1692913385828, "x": 555.5496062992127, "structure_id": "Chf_26", "w": 165.45039370078734, "h": 25}, {"y": 1804.1614173228347, "x": 888.8889763779528, "structure_id": "Chf_27", "w": 328.11102362204724, "h": 25}, {"y": 1837.4913385826774, "x": 888.8889763779528, "structure_id": "Chf_28", "w": 139.11102362204724, "h": 25}, {"y": 1870.8307086614172, "x": 888.8889763779528, "structure_id": "Chf_29", "w": 225.11102362204724, "h": 25}, {"y": 1900, "x": 888.8889763779528, "structure_id": "Chf_30", "w": 694.4417322834647, "h": 66.6614173228345}, {"y": 1670.8307086614172, "x": 155.5496062992126, "structure_id": "Chf_31", "w": 280.4503937007874, "h": 25}, {"y": 1704.1692913385828, "x": 155.5496062992126, "structure_id": "Chf_32", "w": 415.4503937007874, "h": 25}, {"y": 1733.3385826771653, "x": 155.5496062992126, "structure_id": "Chf_33", "w": 711.1196850393701, "h": 33.33070866141725}, {"y": 1770.8307086614175, "x": 155.5496062992126, "structure_id": "Chf_34", "w": 621.4503937007873, "h": 25}, {"y": 1637.5000000000002, "x": 105.5496062992126, "structure_id": "Chf_35", "w": 83.4503937007874, "h": 25}, {"y": 1637.5000000000002, "x": 222.2196850393701, "structure_id": "Chf_36", "w": 78.78031496062991, "h": 25}], "Field": [{"y": 716.6692913385828, "x": 767, "structure_id": "Fi_1", "w": 399.66929133858275, "h": 50}, {"y": 716.6692913385828, "x": 100, "structure_id": "Fi_2", "w": 633.3307086614174, "h": 50}, {"y": 766.6692913385826, "x": 1200, "structure_id": "Fi_3", "w": 400, "h": 50}, {"y": 666.6692913385826, "x": 767, "structure_id": "Fi_4", "w": 399.66929133858275, "h": 50}, {"y": 824, "x": 100, "structure_id": "Fi_5", "w": 1500, "h": 59.33070866141736}, {"y": 666.6692913385826, "x": 1200, "structure_id": "Fi_6", "w": 400, "h": 50}, {"y": 666.6692913385826, "x": 100, "structure_id": "Fi_7", "w": 633.3307086614174, "h": 50}, {"y": 766.6692913385826, "x": 767, "structure_id": "Fi_8", "w": 399.66929133858275, "h": 50}, {"y": 766.6692913385826, "x": 100, "structure_id": "Fi_9", "w": 633.3307086614174, "h": 50}, {"y": 716.6692913385828, "x": 1200, "structure_id": "Fi_10", "w": 400, "h": 50}, {"y": 1983.3307086614172, "x": 200, "structure_id": "Fi_11", "w": 900, "h": 33.33070866141725}, {"y": 1983.3307086614172, "x": 1117, "structure_id": "Fi_12", "w": 249.66929133858275, "h": 33.33070866141725}, {"y": 2033.3307086614175, "x": 1000, "structure_id": "Fi_13", "w": 250, "h": 33.330708661417475}, {"y": 2033.3307086614175, "x": 200, "structure_id": "Fi_14", "w": 783.3307086614172, "h": 33.330708661417475}, {"y": 290, "x": 100, "structure_id": "Fi_15", "w": 1514.8968503937008, "h": 72.46377952755904}, {"y": 374, "x": 100, "structure_id": "Fi_16", "w": 515.3354330708662, "h": 72.83307086614178}], "TextRun": [{"parent_TextBlock": "Tb_1", "text": "SUPERSEDES VA FORM 21-0960B-1, JAN 2014,", "parent_Field": null, "parent_Choice_Field": null, "parent_ChoiceGroup": null, "w": 446, "h": 19, "y": 2104, "x": 567, "structure_id": "Tr_1"}, {"parent_TextBlock": "Tb_1", "text": "WHICH WILL NOT BE USED.", "parent_Field": null, "parent_Choice_Field": null, "parent_ChoiceGroup": null, "w": 259, "h": 19, "y": 2127, "x": 567, "structure_id": "Tr_2"}, {"parent_TextBlock": "Tb_2", "text": "21-0960B-1", "parent_Field": null, "parent_Choice_Field": null, "parent_ChoiceGroup": null, "w": 176, "h": 34, "y": 2108, "x": 200, "structure_id": "Tr_3"}, {"parent_TextBlock": "Tb_3", "text": "OMB Approved No. 2900-0749", "parent_Field": null, "parent_Choice_Field": null, "parent_ChoiceGroup": null, "w": 254, "h": 20, "y": 59, "x": 1350, "structure_id": "Tr_4"}, {"parent_TextBlock": "Tb_3", "text": "Respondent Burden: 15 minutes", "parent_Field": null, "parent_Choice_Field": null, "parent_ChoiceGroup": null, "w": 255, "h": 20, "y": 82, "x": 1350, "structure_id": "Tr_5"}, {"parent_TextBlock": "Tb_3", "text": "Expiration Date:  06/30/2020", "parent_Field": null, "parent_Choice_Field": null, "parent_ChoiceGroup": null, "w": 227, "h": 19, "y": 106, "x": 1350, "structure_id": "Tr_6"}, {"parent_TextBlock": "Tb_4", "text": "SECTION I - DIAGNOSIS", "parent_Field": null, "parent_Choice_Field": null, "parent_ChoiceGroup": null, "w": 256, "h": 22, "y": 522, "x": 722, "structure_id": "Tr_7"}, {"parent_TextBlock": "Tb_5", "text": "ICD CODE -", "parent_Field": "Fi_1", "parent_Choice_Field": null, "parent_ChoiceGroup": null, "w": 107, "h": 19, "y": 732, "x": 767, "structure_id": "Tr_8"}, {"parent_TextBlock": "Tb_6", "text": "1C. DIAGNOSIS # 2 -", "parent_Field": "Fi_2", "parent_Choice_Field": null, "parent_ChoiceGroup": null, "w": 193, "h": 19, "y": 732, "x": 100, "structure_id": "Tr_9"}, {"parent_TextBlock": "Tb_7", "text": "NOTE: Provide only diagnoses that pertain to hairy cell or any other B-cell leukemias", "parent_Field": null, "parent_Choice_Field": null, "parent_ChoiceGroup": null, "w": 813, "h": 22, "y": 639, "x": 100, "structure_id": "Tr_10"}, {"parent_TextBlock": "Tb_8", "text": "DATE OF DIAGNOSIS -", "parent_Field": "Fi_3", "parent_Choice_Field": null, "parent_ChoiceGroup": null, "w": 210, "h": 19, "y": 782, "x": 1200, "structure_id": "Tr_11"}, {"parent_TextBlock": "Tb_9", "text": "ICD CODE -", "parent_Field": "Fi_4", "parent_Choice_Field": null, "parent_ChoiceGroup": null, "w": 107, "h": 19, "y": 682, "x": 767, "structure_id": "Tr_12"}, {"parent_TextBlock": "Tb_10", "text": "1E. IF ADDITIONAL DIAGNOSES THAT PERTAIN TO HAIRY CELL AND OTHER B-CELL LEUKEMIAS, LIST USING ABOVE FORMAT", "parent_Field": "Fi_5", "parent_Choice_Field": null, "parent_ChoiceGroup": null, "w": 1181, "h": 19, "y": 824, "x": 100, "structure_id": "Tr_13"}, {"parent_TextBlock": "Tb_11", "text": "(If \"No,\" skip to Item 6, \"Remarks\")", "parent_Field": null, "parent_Choice_Field": null, "parent_ChoiceGroup": null, "w": 317, "h": 22, "y": 589, "x": 317, "structure_id": "Tr_14"}, {"parent_TextBlock": "Tb_12", "text": "DATE OF DIAGNOSIS -", "parent_Field": "Fi_6", "parent_Choice_Field": null, "parent_ChoiceGroup": null, "w": 210, "h": 19, "y": 682, "x": 1200, "structure_id": "Tr_15"}, {"parent_TextBlock": "Tb_13", "text": "1B. DIAGNOSIS # 1 -", "parent_Field": "Fi_7", "parent_Choice_Field": null, "parent_ChoiceGroup": null, "w": 192, "h": 19, "y": 682, "x": 100, "structure_id": "Tr_16"}, {"parent_TextBlock": "Tb_14", "text": "ICD CODE -", "parent_Field": "Fi_8", "parent_Choice_Field": null, "parent_ChoiceGroup": null, "w": 107, "h": 19, "y": 782, "x": 767, "structure_id": "Tr_17"}, {"parent_TextBlock": "Tb_15", "text": "1D. DIAGNOSIS # 3 -", "parent_Field": "Fi_9", "parent_Choice_Field": null, "parent_ChoiceGroup": null, "w": 193, "h": 19, "y": 782, "x": 100, "structure_id": "Tr_18"}, {"parent_TextBlock": "Tb_16", "text": "DATE OF DIAGNOSIS -", "parent_Field": "Fi_10", "parent_Choice_Field": null, "parent_ChoiceGroup": null, "w": 210, "h": 19, "y": 732, "x": 1200, "structure_id": "Tr_19"}, {"parent_TextBlock": "Tb_17", "text": "1A. DOES THE VETERAN NOW HAVE OR HAS HE OR SHE EVER BEEN DIAGNOSED WITH HAIRY CELL LEUKEMIA OR ANY OTHER B-CELL LEUKEMIA?", "parent_Field": null, "parent_Choice_Field": null, "parent_ChoiceGroup": "Chgp_1", "w": 1393, "h": 19, "y": 557, "x": 100, "structure_id": "Tr_20"}, {"parent_TextBlock": "Tb_18", "text": "YES", "parent_Field": null, "parent_Choice_Field": "Chf_1", "parent_ChoiceGroup": "Chgp_1", "w": 39, "h": 20, "y": 590, "x": 150, "structure_id": "Tr_21"}, {"parent_TextBlock": "Tb_19", "text": "NO", "parent_Field": null, "parent_Choice_Field": "Chf_2", "parent_ChoiceGroup": "Chgp_1", "w": 29, "h": 20, "y": 590, "x": 267, "structure_id": "Tr_22"}, {"parent_TextBlock": "Tb_20", "text": "SECTION II - STATUS OF DISEASE", "parent_Field": null, "parent_Choice_Field": null, "parent_ChoiceGroup": null, "w": 366, "h": 22, "y": 889, "x": 667, "structure_id": "Tr_23"}, {"parent_TextBlock": "Tb_21", "text": "2. STATUS OF DISEASE", "parent_Field": null, "parent_Choice_Field": null, "parent_ChoiceGroup": "Chgp_2", "w": 220, "h": 19, "y": 924, "x": 100, "structure_id": "Tr_24"}, {"parent_TextBlock": "Tb_22", "text": "ACTIVE", "parent_Field": null, "parent_Choice_Field": "Chf_3", "parent_ChoiceGroup": "Chgp_2", "w": 70, "h": 19, "y": 957, "x": 150, "structure_id": "Tr_25"}, {"parent_TextBlock": "Tb_23", "text": "REMISSION", "parent_Field": null, "parent_Choice_Field": "Chf_4", "parent_ChoiceGroup": "Chgp_2", "w": 109, "h": 19, "y": 957, "x": 300, "structure_id": "Tr_26"}, {"parent_TextBlock": "Tb_24", "text": "SECTION III - TREATMENT", "parent_Field": null, "parent_Choice_Field": null, "parent_ChoiceGroup": null, "w": 280, "h": 22, "y": 1006, "x": 710, "structure_id": "Tr_27"}, {"parent_TextBlock": "Tb_25", "text": "3. TREATMENT", "parent_Field": null, "parent_Choice_Field": null, "parent_ChoiceGroup": "Chgp_3", "w": 146, "h": 19, "y": 1041, "x": 100, "structure_id": "Tr_28"}, {"parent_TextBlock": "Tb_25", "text": "(Check one)", "parent_Field": null, "parent_Choice_Field": null, "parent_ChoiceGroup": "Chgp_3", "w": 108, "h": 22, "y": 1039, "x": 246, "structure_id": "Tr_29"}, {"parent_TextBlock": "Tb_26", "text": "VETERAN IS CURRENTLY UNDERGOING TREATMENT FOR THIS LEUKEMIA WITH SURGICAL, RADIATION, IMMUNOTHERAPY, ANTINEOPLASTIC", "parent_Field": null, "parent_Choice_Field": "Chf_5", "parent_ChoiceGroup": "Chgp_3", "w": 1347, "h": 20, "y": 1071, "x": 150, "structure_id": "Tr_30"}, {"parent_TextBlock": "Tb_26", "text": "CHEMOTHERAPY AND/OR OTHER THERAPEUTIC PROCEDURES", "parent_Field": null, "parent_Choice_Field": "Chf_5", "parent_ChoiceGroup": "Chgp_3", "w": 604, "h": 19, "y": 1094, "x": 150, "structure_id": "Tr_31"}, {"parent_TextBlock": "Tb_27", "text": "VETERAN HAS COMPLETED TREATMENT FOR THIS LEUKEMIA", "parent_Field": null, "parent_Choice_Field": "Chf_6", "parent_ChoiceGroup": "Chgp_3", "w": 588, "h": 20, "y": 1124, "x": 150, "structure_id": "Tr_32"}, {"parent_TextBlock": "Tb_27", "text": "Date of discontinuance of treatment:", "parent_Field": null, "parent_Choice_Field": "Chf_6", "parent_ChoiceGroup": "Chgp_3", "w": 313, "h": 20, "y": 1124, "x": 756, "structure_id": "Tr_33"}, {"parent_TextBlock": "Tb_28", "text": "SECTION IV - COMPLICATIONS  OR RESIDUALS OF TREATMENT", "parent_Field": null, "parent_Choice_Field": null, "parent_ChoiceGroup": null, "w": 692, "h": 22, "y": 1172, "x": 504, "structure_id": "Tr_34"}, {"parent_TextBlock": "Tb_29", "text": "IF AVAILABLE, PROVIDE MOST RECENT HEMOGLOBIN LEVEL (gm/100ml):", "parent_Field": "Fi_11", "parent_Choice_Field": null, "parent_ChoiceGroup": null, "w": 685, "h": 20, "y": 1990, "x": 200, "structure_id": "Tr_35"}, {"parent_TextBlock": "Tb_30", "text": "Date", "parent_Field": "Fi_12", "parent_Choice_Field": null, "parent_ChoiceGroup": null, "w": 41, "h": 20, "y": 1990, "x": 1117, "structure_id": "Tr_36"}, {"parent_TextBlock": "Tb_31", "text": "Date", "parent_Field": "Fi_13", "parent_Choice_Field": null, "parent_ChoiceGroup": null, "w": 41, "h": 20, "y": 2040, "x": 1000, "structure_id": "Tr_37"}, {"parent_TextBlock": "Tb_32", "text": "(Check all that apply)", "parent_Field": null, "parent_Choice_Field": null, "parent_ChoiceGroup": null, "w": 198, "h": 22, "y": 1239, "x": 100, "structure_id": "Tr_38"}, {"parent_TextBlock": "Tb_33", "text": "IF AVAILABLE, PROVIDE MOST RECENT PLATELET COUNT:", "parent_Field": "Fi_14", "parent_Choice_Field": null, "parent_ChoiceGroup": null, "w": 555, "h": 20, "y": 2040, "x": 200, "structure_id": "Tr_39"}, {"parent_TextBlock": "Tb_34", "text": "4A. DOES THE VETERAN CURRENTLY HAVE ANY COMPLICATIONS OR RESIDUALS OF TREATMENT?", "parent_Field": null, "parent_Choice_Field": null, "parent_ChoiceGroup": "Chgp_4", "w": 943, "h": 19, "y": 1207, "x": 100, "structure_id": "Tr_40"}, {"parent_TextBlock": "Tb_35", "text": "YES", "parent_Field": null, "parent_Choice_Field": "Chf_7", "parent_ChoiceGroup": "Chgp_4", "w": 39, "h": 19, "y": 1207, "x": 1117, "structure_id": "Tr_41"}, {"parent_TextBlock": "Tb_36", "text": "NO", "parent_Field": null, "parent_Choice_Field": "Chf_8", "parent_ChoiceGroup": "Chgp_4", "w": 30, "h": 19, "y": 1207, "x": 1233, "structure_id": "Tr_42"}, {"parent_TextBlock": "Tb_37", "text": "(If \"Yes,\" indicate frequency)", "parent_Field": null, "parent_Choice_Field": null, "parent_ChoiceGroup": "Chgp_5", "w": 259, "h": 22, "y": 1306, "x": 307, "structure_id": "Tr_43"}, {"parent_TextBlock": "Tb_38", "text": "AT LEAST ONCE PER YEAR BUT LESS THAN ONCE EVERY 3 MONTHS", "parent_Field": null, "parent_Choice_Field": "Chf_9", "parent_ChoiceGroup": "Chgp_5", "w": 654, "h": 20, "y": 1340, "x": 200, "structure_id": "Tr_44"}, {"parent_TextBlock": "Tb_39", "text": "AT LEAST ONCE EVERY 3 MONTHS", "parent_Field": null, "parent_Choice_Field": "Chf_10", "parent_ChoiceGroup": "Chgp_5", "w": 331, "h": 19, "y": 1374, "x": 200, "structure_id": "Tr_45"}, {"parent_TextBlock": "Tb_40", "text": "AT LEAST ONCE EVERY 6 WEEKS", "parent_Field": null, "parent_Choice_Field": "Chf_11", "parent_ChoiceGroup": "Chgp_5", "w": 317, "h": 19, "y": 1407, "x": 200, "structure_id": "Tr_46"}, {"parent_TextBlock": "Tb_41", "text": "4B. ARE THERE ANY COMPLICATIONS OR RESIDUALS REQUIRING TRANSFUSION OF PLATELETS OR RED CELLS?", "parent_Field": null, "parent_Choice_Field": null, "parent_ChoiceGroup": "Chgp_6", "w": 1075, "h": 19, "y": 1274, "x": 100, "structure_id": "Tr_47"}, {"parent_TextBlock": "Tb_42", "text": "YES", "parent_Field": null, "parent_Choice_Field": "Chf_12", "parent_ChoiceGroup": "Chgp_6", "w": 39, "h": 19, "y": 1307, "x": 150, "structure_id": "Tr_48"}, {"parent_TextBlock": "Tb_43", "text": "NO", "parent_Field": null, "parent_Choice_Field": "Chf_13", "parent_ChoiceGroup": "Chgp_6", "w": 40, "h": 19, "y": 1308, "x": 267, "structure_id": "Tr_49"}, {"parent_TextBlock": "Tb_44", "text": "(If \"Yes,\" indicate frequency)", "parent_Field": null, "parent_Choice_Field": null, "parent_ChoiceGroup": "Chgp_7", "w": 265, "h": 22, "y": 1472, "x": 301, "structure_id": "Tr_50"}, {"parent_TextBlock": "Tb_45", "text": "AT LEAST ONCE PER YEAR BUT LESS THAN ONCE EVERY 3 MONTHS", "parent_Field": null, "parent_Choice_Field": "Chf_14", "parent_ChoiceGroup": "Chgp_7", "w": 654, "h": 19, "y": 1507, "x": 200, "structure_id": "Tr_51"}, {"parent_TextBlock": "Tb_46", "text": "AT LEAST ONCE EVERY 3 MONTHS", "parent_Field": null, "parent_Choice_Field": "Chf_15", "parent_ChoiceGroup": "Chgp_7", "w": 331, "h": 20, "y": 1540, "x": 200, "structure_id": "Tr_52"}, {"parent_TextBlock": "Tb_47", "text": "AT LEAST ONCE EVERY 6 WEEKS", "parent_Field": null, "parent_Choice_Field": "Chf_16", "parent_ChoiceGroup": "Chgp_7", "w": 317, "h": 19, "y": 1574, "x": 200, "structure_id": "Tr_53"}, {"parent_TextBlock": "Tb_48", "text": "4C. ARE THERE ANY COMPLICATIONS OR RESIDUALS CAUSING RECURRING INFECTIONS?", "parent_Field": null, "parent_Choice_Field": null, "parent_ChoiceGroup": "Chgp_8", "w": 860, "h": 20, "y": 1440, "x": 100, "structure_id": "Tr_54"}, {"parent_TextBlock": "Tb_49", "text": "YES", "parent_Field": null, "parent_Choice_Field": "Chf_17", "parent_ChoiceGroup": "Chgp_8", "w": 39, "h": 19, "y": 1474, "x": 150, "structure_id": "Tr_55"}, {"parent_TextBlock": "Tb_50", "text": "NO", "parent_Field": null, "parent_Choice_Field": "Chf_18", "parent_ChoiceGroup": "Chgp_8", "w": 34, "h": 20, "y": 1474, "x": 267, "structure_id": "Tr_56"}, {"parent_TextBlock": "Tb_51", "text": "WEAKNESS", "parent_Field": null, "parent_Choice_Field": "Chf_19", "parent_ChoiceGroup": "Chgp_9", "w": 110, "h": 19, "y": 1807, "x": 250, "structure_id": "Tr_57"}, {"parent_TextBlock": "Tb_52", "text": "LIGHT-HEADEDNESS", "parent_Field": null, "parent_Choice_Field": "Chf_20", "parent_ChoiceGroup": "Chgp_9", "w": 198, "h": 20, "y": 1840, "x": 250, "structure_id": "Tr_58"}, {"parent_TextBlock": "Tb_53", "text": "CARDIOMEGALY", "parent_Field": null, "parent_Choice_Field": "Chf_21", "parent_ChoiceGroup": "Chgp_9", "w": 157, "h": 19, "y": 1874, "x": 250, "structure_id": "Tr_59"}, {"parent_TextBlock": "Tb_54", "text": "HIGH OUTPUT CONGESTIVE", "parent_Field": null, "parent_Choice_Field": "Chf_22", "parent_ChoiceGroup": "Chgp_9", "w": 272, "h": 19, "y": 1904, "x": 250, "structure_id": "Tr_60"}, {"parent_TextBlock": "Tb_54", "text": "HEART FAILURE", "parent_Field": null, "parent_Choice_Field": "Chf_22", "parent_ChoiceGroup": "Chgp_9", "w": 153, "h": 19, "y": 1927, "x": 250, "structure_id": "Tr_61"}, {"parent_TextBlock": "Tb_55", "text": "EASY FATIGABILITY", "parent_Field": null, "parent_Choice_Field": "Chf_23", "parent_ChoiceGroup": "Chgp_9", "w": 187, "h": 19, "y": 1807, "x": 600, "structure_id": "Tr_62"}, {"parent_TextBlock": "Tb_56", "text": "SHORTNESS OF BREATH", "parent_Field": null, "parent_Choice_Field": "Chf_24", "parent_ChoiceGroup": "Chgp_9", "w": 238, "h": 20, "y": 1840, "x": 600, "structure_id": "Tr_63"}, {"parent_TextBlock": "Tb_57", "text": "TACHYCARDIA", "parent_Field": null, "parent_Choice_Field": "Chf_25", "parent_ChoiceGroup": "Chgp_9", "w": 139, "h": 19, "y": 1874, "x": 600, "structure_id": "Tr_64"}, {"parent_TextBlock": "Tb_58", "text": "HEADACHES", "parent_Field": null, "parent_Choice_Field": "Chf_26", "parent_ChoiceGroup": "Chgp_9", "w": 121, "h": 19, "y": 1907, "x": 600, "structure_id": "Tr_65"}, {"parent_TextBlock": "Tb_59", "text": "DYSPNEA ON MILD EXERTION", "parent_Field": null, "parent_Choice_Field": "Chf_27", "parent_ChoiceGroup": "Chgp_9", "w": 284, "h": 19, "y": 1807, "x": 933, "structure_id": "Tr_66"}, {"parent_TextBlock": "Tb_60", "text": "SYNCOPE", "parent_Field": null, "parent_Choice_Field": "Chf_28", "parent_ChoiceGroup": "Chgp_9", "w": 95, "h": 20, "y": 1840, "x": 933, "structure_id": "Tr_67"}, {"parent_TextBlock": "Tb_61", "text": "DYSPNEA AT REST", "parent_Field": null, "parent_Choice_Field": "Chf_29", "parent_ChoiceGroup": "Chgp_9", "w": 181, "h": 19, "y": 1874, "x": 933, "structure_id": "Tr_68"}, {"parent_TextBlock": "Tb_62", "text": "OTHER SYMPTOM(S)", "parent_Field": null, "parent_Choice_Field": "Chf_30", "parent_ChoiceGroup": "Chgp_9", "w": 198, "h": 19, "y": 1908, "x": 933, "structure_id": "Tr_69"}, {"parent_TextBlock": "Tb_62", "text": "(Specify", "parent_Field": null, "parent_Choice_Field": "Chf_30", "parent_ChoiceGroup": "Chgp_9", "w": 77, "h": 22, "y": 1906, "x": 1131, "structure_id": "Tr_70"}, {"parent_TextBlock": "Tb_63", "text": "(If \"Yes,\" check all that apply)", "parent_Field": null, "parent_Choice_Field": null, "parent_ChoiceGroup": "Chgp_10", "w": 275, "h": 22, "y": 1639, "x": 301, "structure_id": "Tr_71"}, {"parent_TextBlock": "Tb_64", "text": "ASYMPTOMATIC ANEMIA", "parent_Field": null, "parent_Choice_Field": "Chf_31", "parent_ChoiceGroup": "Chgp_10", "w": 236, "h": 19, "y": 1674, "x": 200, "structure_id": "Tr_72"}, {"parent_TextBlock": "Tb_65", "text": "REQUIRES CONTINUOUS MEDICATION", "parent_Field": null, "parent_Choice_Field": "Chf_32", "parent_ChoiceGroup": "Chgp_10", "w": 371, "h": 19, "y": 1707, "x": 200, "structure_id": "Tr_73"}, {"parent_TextBlock": "Tb_66", "text": "REQUIRES BONE MARROW TRANSPLANT - Date:", "parent_Field": null, "parent_Choice_Field": "Chf_33", "parent_ChoiceGroup": "Chgp_10", "w": 456, "h": 20, "y": 1740, "x": 200, "structure_id": "Tr_74"}, {"parent_TextBlock": "Tb_67", "text": "SYMPTOMATIC ANEMIA", "parent_Field": null, "parent_Choice_Field": "Chf_34", "parent_ChoiceGroup": "Chgp_10", "w": 228, "h": 20, "y": 1774, "x": 200, "structure_id": "Tr_75"}, {"parent_TextBlock": "Tb_67", "text": "(Check signs and symptoms that apply)", "parent_Field": null, "parent_Choice_Field": "Chf_34", "parent_ChoiceGroup": "Chgp_10", "w": 349, "h": 22, "y": 1772, "x": 428, "structure_id": "Tr_76"}, {"parent_TextBlock": "Tb_68", "text": "4D. ARE THERE ANY COMPLICATIONS OR RESIDUALS RELATED TO ANEMIA?", "parent_Field": null, "parent_Choice_Field": null, "parent_ChoiceGroup": "Chgp_11", "w": 727, "h": 19, "y": 1607, "x": 100, "structure_id": "Tr_77"}, {"parent_TextBlock": "Tb_69", "text": "YES", "parent_Field": null, "parent_Choice_Field": "Chf_35", "parent_ChoiceGroup": "Chgp_11", "w": 39, "h": 20, "y": 1640, "x": 150, "structure_id": "Tr_78"}, {"parent_TextBlock": "Tb_70", "text": "NO", "parent_Field": null, "parent_Choice_Field": "Chf_36", "parent_ChoiceGroup": "Chgp_11", "w": 34, "h": 19, "y": 1641, "x": 267, "structure_id": "Tr_79"}, {"parent_TextBlock": "Tb_71", "text": "HAIRY CELL AND OTHER B-CELL LEUKEMIAS", "parent_Field": null, "parent_Choice_Field": null, "parent_ChoiceGroup": null, "w": 629, "h": 28, "y": 139, "x": 781, "structure_id": "Tr_80"}, {"parent_TextBlock": "Tb_71", "text": "DISABILITY BENEFITS QUESTIONNAIRE", "parent_Field": null, "parent_Choice_Field": null, "parent_ChoiceGroup": null, "w": 546, "h": 28, "y": 169, "x": 819, "structure_id": "Tr_81"}, {"parent_TextBlock": "Tb_72", "text": "VA FORM", "parent_Field": null, "parent_Choice_Field": null, "parent_ChoiceGroup": null, "w": 94, "h": 19, "y": 2104, "x": 83, "structure_id": "Tr_82"}, {"parent_TextBlock": "Tb_72", "text": "JUN 2017", "parent_Field": null, "parent_Choice_Field": null, "parent_ChoiceGroup": null, "w": 87, "h": 19, "y": 2127, "x": 83, "structure_id": "Tr_83"}, {"parent_TextBlock": "Tb_73", "text": "Page 1", "parent_Field": null, "parent_Choice_Field": null, "parent_ChoiceGroup": null, "w": 71, "h": 22, "y": 2122, "x": 1546, "structure_id": "Tr_84"}, {"parent_TextBlock": "Tb_74", "text": "NOTE TO PHYSICIAN", "parent_Field": null, "parent_Choice_Field": null, "parent_ChoiceGroup": null, "w": 231, "h": 22, "y": 461, "x": 100, "structure_id": "Tr_85"}, {"parent_TextBlock": "Tb_74", "text": "\u00c2\u00a0- Your patient is applying to the U.S. Department of Veterans Affairs (VA) for disability benefits. VA will use the information you provide", "parent_Field": null, "parent_Choice_Field": null, "parent_ChoiceGroup": null, "w": 1250, "h": 22, "y": 461, "x": 331, "structure_id": "Tr_86"}, {"parent_TextBlock": "Tb_74", "text": "on this questionnaire to process the veteran's claim. VA reserves the right to confirm the authenticity of ALL DBQ's completed by private health care providers.", "parent_Field": null, "parent_Choice_Field": null, "parent_ChoiceGroup": null, "w": 1429, "h": 22, "y": 486, "x": 100, "structure_id": "Tr_87"}, {"parent_TextBlock": "Tb_75", "text": "IMPORTANT", "parent_Field": null, "parent_Choice_Field": null, "parent_ChoiceGroup": null, "w": 144, "h": 23, "y": 208, "x": 100, "structure_id": "Tr_88"}, {"parent_TextBlock": "Tb_75", "text": "THE", "parent_Field": null, "parent_Choice_Field": null, "parent_ChoiceGroup": null, "w": 49, "h": 23, "y": 208, "x": 261, "structure_id": "Tr_89"}, {"parent_TextBlock": "Tb_75", "text": "DEPARTMENT", "parent_Field": null, "parent_Choice_Field": null, "parent_ChoiceGroup": null, "w": 155, "h": 23, "y": 208, "x": 312, "structure_id": "Tr_90"}, {"parent_TextBlock": "Tb_75", "text": "OF", "parent_Field": null, "parent_Choice_Field": null, "parent_ChoiceGroup": null, "w": 34, "h": 23, "y": 208, "x": 469, "structure_id": "Tr_91"}, {"parent_TextBlock": "Tb_75", "text": "VETERANS", "parent_Field": null, "parent_Choice_Field": null, "parent_ChoiceGroup": null, "w": 121, "h": 23, "y": 208, "x": 506, "structure_id": "Tr_92"}, {"parent_TextBlock": "Tb_75", "text": "AFFAIRS", "parent_Field": null, "parent_Choice_Field": null, "parent_ChoiceGroup": null, "w": 97, "h": 23, "y": 208, "x": 629, "structure_id": "Tr_93"}, {"parent_TextBlock": "Tb_75", "text": "(VA)", "parent_Field": null, "parent_Choice_Field": null, "parent_ChoiceGroup": null, "w": 52, "h": 23, "y": 208, "x": 729, "structure_id": "Tr_94"}, {"parent_TextBlock": "Tb_75", "text": "WILL", "parent_Field": null, "parent_Choice_Field": null, "parent_ChoiceGroup": null, "w": 61, "h": 23, "y": 208, "x": 783, "structure_id": "Tr_95"}, {"parent_TextBlock": "Tb_75", "text": "NOT", "parent_Field": null, "parent_Choice_Field": null, "parent_ChoiceGroup": null, "w": 51, "h": 23, "y": 208, "x": 847, "structure_id": "Tr_96"}, {"parent_TextBlock": "Tb_75", "text": "PAY", "parent_Field": null, "parent_Choice_Field": null, "parent_ChoiceGroup": null, "w": 42, "h": 23, "y": 208, "x": 900, "structure_id": "Tr_97"}, {"parent_TextBlock": "Tb_75", "text": "OR", "parent_Field": null, "parent_Choice_Field": null, "parent_ChoiceGroup": null, "w": 36, "h": 23, "y": 208, "x": 950, "structure_id": "Tr_98"}, {"parent_TextBlock": "Tb_75", "text": "REIMBURSE", "parent_Field": null, "parent_Choice_Field": null, "parent_ChoiceGroup": null, "w": 131, "h": 23, "y": 208, "x": 989, "structure_id": "Tr_99"}, {"parent_TextBlock": "Tb_75", "text": "ANY", "parent_Field": null, "parent_Choice_Field": null, "parent_ChoiceGroup": null, "w": 54, "h": 23, "y": 208, "x": 1127, "structure_id": "Tr_100"}, {"parent_TextBlock": "Tb_75", "text": "EXPENSES", "parent_Field": null, "parent_Choice_Field": null, "parent_ChoiceGroup": null, "w": 116, "h": 23, "y": 208, "x": 1183, "structure_id": "Tr_101"}, {"parent_TextBlock": "Tb_75", "text": "OR", "parent_Field": null, "parent_Choice_Field": null, "parent_ChoiceGroup": null, "w": 36, "h": 23, "y": 208, "x": 1301, "structure_id": "Tr_102"}, {"parent_TextBlock": "Tb_75", "text": "COST", "parent_Field": null, "parent_Choice_Field": null, "parent_ChoiceGroup": null, "w": 62, "h": 23, "y": 208, "x": 1340, "structure_id": "Tr_103"}, {"parent_TextBlock": "Tb_75", "text": "INCURRED", "parent_Field": null, "parent_Choice_Field": null, "parent_ChoiceGroup": null, "w": 119, "h": 23, "y": 208, "x": 1404, "structure_id": "Tr_104"}, {"parent_TextBlock": "Tb_75", "text": "IN", "parent_Field": null, "parent_Choice_Field": null, "parent_ChoiceGroup": null, "w": 29, "h": 23, "y": 208, "x": 1526, "structure_id": "Tr_105"}, {"parent_TextBlock": "Tb_75", "text": "THE", "parent_Field": null, "parent_Choice_Field": null, "parent_ChoiceGroup": null, "w": 43, "h": 23, "y": 208, "x": 1557, "structure_id": "Tr_106"}, {"parent_TextBlock": "Tb_75", "text": "PROCESS", "parent_Field": null, "parent_Choice_Field": null, "parent_ChoiceGroup": null, "w": 102, "h": 22, "y": 232, "x": 100, "structure_id": "Tr_107"}, {"parent_TextBlock": "Tb_75", "text": "OF", "parent_Field": null, "parent_Choice_Field": null, "parent_ChoiceGroup": null, "w": 34, "h": 22, "y": 232, "x": 202, "structure_id": "Tr_108"}, {"parent_TextBlock": "Tb_75", "text": "COMPLETING", "parent_Field": null, "parent_Choice_Field": null, "parent_ChoiceGroup": null, "w": 149, "h": 22, "y": 232, "x": 236, "structure_id": "Tr_109"}, {"parent_TextBlock": "Tb_75", "text": "AND/OR", "parent_Field": null, "parent_Choice_Field": null, "parent_ChoiceGroup": null, "w": 91, "h": 22, "y": 232, "x": 385, "structure_id": "Tr_110"}, {"parent_TextBlock": "Tb_75", "text": "SUBMITTING", "parent_Field": null, "parent_Choice_Field": null, "parent_ChoiceGroup": null, "w": 143, "h": 22, "y": 232, "x": 476, "structure_id": "Tr_111"}, {"parent_TextBlock": "Tb_75", "text": "THIS", "parent_Field": null, "parent_Choice_Field": null, "parent_ChoiceGroup": null, "w": 55, "h": 22, "y": 232, "x": 619, "structure_id": "Tr_112"}, {"parent_TextBlock": "Tb_75", "text": "FORM.", "parent_Field": null, "parent_Choice_Field": null, "parent_ChoiceGroup": null, "w": 75, "h": 22, "y": 232, "x": 674, "structure_id": "Tr_113"}, {"parent_TextBlock": "Tb_75", "text": "PLEASE", "parent_Field": null, "parent_Choice_Field": null, "parent_ChoiceGroup": null, "w": 87, "h": 22, "y": 232, "x": 749, "structure_id": "Tr_114"}, {"parent_TextBlock": "Tb_75", "text": "READ", "parent_Field": null, "parent_Choice_Field": null, "parent_ChoiceGroup": null, "w": 66, "h": 22, "y": 232, "x": 836, "structure_id": "Tr_115"}, {"parent_TextBlock": "Tb_75", "text": "THE", "parent_Field": null, "parent_Choice_Field": null, "parent_ChoiceGroup": null, "w": 49, "h": 22, "y": 232, "x": 902, "structure_id": "Tr_116"}, {"parent_TextBlock": "Tb_75", "text": "PRIVACY", "parent_Field": null, "parent_Choice_Field": null, "parent_ChoiceGroup": null, "w": 104, "h": 22, "y": 232, "x": 951, "structure_id": "Tr_117"}, {"parent_TextBlock": "Tb_75", "text": "ACT", "parent_Field": null, "parent_Choice_Field": null, "parent_ChoiceGroup": null, "w": 50, "h": 22, "y": 232, "x": 1055, "structure_id": "Tr_118"}, {"parent_TextBlock": "Tb_75", "text": "AND", "parent_Field": null, "parent_Choice_Field": null, "parent_ChoiceGroup": null, "w": 54, "h": 22, "y": 232, "x": 1105, "structure_id": "Tr_119"}, {"parent_TextBlock": "Tb_75", "text": "RESPONDENT", "parent_Field": null, "parent_Choice_Field": null, "parent_ChoiceGroup": null, "w": 150, "h": 22, "y": 232, "x": 1159, "structure_id": "Tr_120"}, {"parent_TextBlock": "Tb_75", "text": "BURDEN", "parent_Field": null, "parent_Choice_Field": null, "parent_ChoiceGroup": null, "w": 97, "h": 22, "y": 232, "x": 1309, "structure_id": "Tr_121"}, {"parent_TextBlock": "Tb_75", "text": "INFORMATION", "parent_Field": null, "parent_Choice_Field": null, "parent_ChoiceGroup": null, "w": 161, "h": 22, "y": 232, "x": 1407, "structure_id": "Tr_122"}, {"parent_TextBlock": "Tb_75", "text": "ON", "parent_Field": null, "parent_Choice_Field": null, "parent_ChoiceGroup": null, "w": 32, "h": 22, "y": 232, "x": 1568, "structure_id": "Tr_123"}, {"parent_TextBlock": "Tb_75", "text": "REVERSE BEFORE COMPLETING FORM.", "parent_Field": null, "parent_Choice_Field": null, "parent_ChoiceGroup": null, "w": 412, "h": 22, "y": 256, "x": 100, "structure_id": "Tr_124"}, {"parent_TextBlock": "Tb_76", "text": "NAME OF PATIENT/VETERAN", "parent_Field": "Fi_15", "parent_Choice_Field": null, "parent_ChoiceGroup": null, "w": 273, "h": 20, "y": 290, "x": 100, "structure_id": "Tr_125"}, {"parent_TextBlock": "Tb_77", "text": "PATIENT/VETERAN'S SOCIAL SECURITY NUMBER", "parent_Field": "Fi_16", "parent_Choice_Field": null, "parent_ChoiceGroup": null, "w": 466, "h": 19, "y": 374, "x": 100, "structure_id": "Tr_126"}], "ChoiceGroup": [{"y": 548.03125, "x": 90, "structure_id": "Chgp_1", "w": 1407, "h": 74}, {"y": 919.03125, "x": 94, "structure_id": "Chgp_2", "w": 323, "h": 69}, {"y": 1031.03125, "x": 94, "structure_id": "Chgp_3", "w": 1412, "h": 125}, {"y": 1202.03125, "x": 93, "structure_id": "Chgp_4", "w": 1176, "h": 30}, {"y": 1297.03125, "x": 100, "structure_id": "Chgp_5", "w": 756, "h": 133}, {"y": 1267.03125, "x": 94, "structure_id": "Chgp_6", "w": 1085, "h": 168}, {"y": 1463.03125, "x": 97, "structure_id": "Chgp_7", "w": 761, "h": 137}, {"y": 1433.03125, "x": 91, "structure_id": "Chgp_8", "w": 873, "h": 174}, {"y": 1795.03125, "x": 196, "structure_id": "Chgp_9", "w": 1389, "h": 178}, {"y": 1627.03125, "x": 94, "structure_id": "Chgp_10", "w": 1499, "h": 445}, {"y": 1603.03125, "x": 88, "structure_id": "Chgp_11", "w": 1509, "h": 472}]}