{"Widget": [{"parent_Field": "Fi_1", "parent_Choice_Field": null, "parent_ChoiceGroup": null, "w": 511.8503937007874, "h": 51.09448818897638, "y": 132.76141732283463, "x": 1076.5385826771653, "structure_id": "Wi_1"}, {"parent_Field": "Fi_2", "parent_Choice_Field": null, "parent_ChoiceGroup": null, "w": 936.7055118110237, "h": 50.803149606299215, "y": 132.9779527559055, "x": 109.9220472440945, "structure_id": "Wi_2"}, {"parent_Field": "Fi_3", "parent_Choice_Field": null, "parent_ChoiceGroup": null, "w": 1473.8551181102362, "h": 755.0527559055118, "y": 954.7472440944882, "x": 112.04724409448819, "structure_id": "Wi_3"}, {"parent_Field": "Fi_4", "parent_Choice_Field": null, "parent_ChoiceGroup": null, "w": 494.4944881889764, "h": 67.55826771653544, "y": 843.3086614173229, "x": 112.04724409448819, "structure_id": "Wi_4"}, {"parent_Field": "Fi_5", "parent_Choice_Field": null, "parent_ChoiceGroup": null, "w": 369.60551181102363, "h": 67.55826771653544, "y": 843.3086614173229, "x": 628.7417322834647, "structure_id": "Wi_5"}, {"parent_Field": "Fi_6", "parent_Choice_Field": null, "parent_ChoiceGroup": null, "w": 567.407874015748, "h": 67.55826771653544, "y": 843.3086614173229, "x": 1020.3944881889764, "structure_id": "Wi_6"}, {"parent_Field": "Fi_7", "parent_Choice_Field": null, "parent_ChoiceGroup": null, "w": 515.5110236220472, "h": 77.94960629921259, "y": 472.8196850393701, "x": 1070.3944881889765, "structure_id": "Wi_7"}, {"parent_Field": "Fi_8", "parent_Choice_Field": null, "parent_ChoiceGroup": null, "w": 361.3362204724409, "h": 28.03070866141732, "y": 720.3944881889764, "x": 114.09448818897638, "structure_id": "Wi_8"}, {"parent_Field": "Fi_9", "parent_Choice_Field": null, "parent_ChoiceGroup": null, "w": 945.0527559055118, "h": 94.64409448818898, "y": 660, "x": 645.3559055118111, "structure_id": "Wi_9"}, {"parent_Field": "Fi_10", "parent_Choice_Field": null, "parent_ChoiceGroup": null, "w": 936.7055118110237, "h": 85.99685039370078, "y": 472.8196850393701, "x": 112.04724409448819, "structure_id": "Wi_10"}], "TextBlock": [{"parent_Field": "Fi_1", "parent_Choice_Field": null, "parent_ChoiceGroup": null, "w": 226, "h": 22, "y": 107, "x": 1077, "structure_id": "Tb_1"}, {"parent_Field": "Fi_2", "parent_Choice_Field": null, "parent_ChoiceGroup": null, "w": 862, "h": 25, "y": 106, "x": 110, "structure_id": "Tb_2"}, {"parent_Field": null, "parent_Choice_Field": null, "parent_ChoiceGroup": null, "w": 398, "h": 28, "y": 778, "x": 656, "structure_id": "Tb_3"}, {"parent_Field": "Fi_3", "parent_Choice_Field": null, "parent_ChoiceGroup": null, "w": 153, "h": 22, "y": 931, "x": 112, "structure_id": "Tb_4"}, {"parent_Field": "Fi_4", "parent_Choice_Field": null, "parent_ChoiceGroup": null, "w": 193, "h": 22, "y": 820, "x": 112, "structure_id": "Tb_5"}, {"parent_Field": "Fi_5", "parent_Choice_Field": null, "parent_ChoiceGroup": null, "w": 102, "h": 22, "y": 820, "x": 629, "structure_id": "Tb_6"}, {"parent_Field": "Fi_6", "parent_Choice_Field": null, "parent_ChoiceGroup": null, "w": 261, "h": 22, "y": 820, "x": 1020, "structure_id": "Tb_7"}, {"parent_Field": null, "parent_Choice_Field": null, "parent_ChoiceGroup": null, "w": 1480, "h": 155, "y": 1741, "x": 112, "structure_id": "Tb_8"}, {"parent_Field": null, "parent_Choice_Field": null, "parent_ChoiceGroup": null, "w": 1480, "h": 129, "y": 1927, "x": 112, "structure_id": "Tb_9"}, {"parent_Field": null, "parent_Choice_Field": null, "parent_ChoiceGroup": null, "w": 293, "h": 22, "y": 2083, "x": 104, "structure_id": "Tb_10"}, {"parent_Field": null, "parent_Choice_Field": null, "parent_ChoiceGroup": null, "w": 70, "h": 22, "y": 2085, "x": 1527, "structure_id": "Tb_11"}, {"parent_Field": null, "parent_Choice_Field": null, "parent_ChoiceGroup": null, "w": 497, "h": 28, "y": 207, "x": 600, "structure_id": "Tb_12"}, {"parent_Field": "Fi_7", "parent_Choice_Field": null, "parent_ChoiceGroup": null, "w": 255, "h": 22, "y": 449, "x": 1070, "structure_id": "Tb_13"}, {"parent_Field": "Fi_8", "parent_Choice_Field": null, "parent_ChoiceGroup": null, "w": 262, "h": 22, "y": 635, "x": 110, "structure_id": "Tb_14"}, {"parent_Field": null, "parent_Choice_Field": null, "parent_ChoiceGroup": null, "w": 1473, "h": 108, "y": 320, "x": 110, "structure_id": "Tb_15"}, {"parent_Field": "Fi_9", "parent_Choice_Field": null, "parent_ChoiceGroup": null, "w": 293, "h": 23, "y": 636, "x": 645, "structure_id": "Tb_16"}, {"parent_Field": null, "parent_Choice_Field": null, "parent_ChoiceGroup": null, "w": 1480, "h": 52, "y": 573, "x": 110, "structure_id": "Tb_17"}, {"parent_Field": "Fi_10", "parent_Choice_Field": null, "parent_ChoiceGroup": null, "w": 328, "h": 22, "y": 449, "x": 112, "structure_id": "Tb_18"}, {"parent_Field": null, "parent_Choice_Field": null, "parent_ChoiceGroup": null, "w": 1426, "h": 55, "y": 250, "x": 110, "structure_id": "Tb_19"}], "Choice_Field": [], "Field": [{"y": 107, "x": 1076.5385826771653, "structure_id": "Fi_1", "w": 511.85039370078744, "h": 76.85590551181102}, {"y": 106, "x": 109.9220472440945, "structure_id": "Fi_2", "w": 936.7055118110236, "h": 77.7811023622047}, {"y": 931, "x": 112, "structure_id": "Fi_3", "w": 1473.9023622047243, "h": 778.8000000000002}, {"y": 820, "x": 112, "structure_id": "Fi_4", "w": 494.5417322834646, "h": 90.86692913385832}, {"y": 820, "x": 628.7417322834647, "structure_id": "Fi_5", "w": 369.6055118110237, "h": 90.86692913385832}, {"y": 820, "x": 1020, "structure_id": "Fi_6", "w": 567.8023622047244, "h": 90.86692913385832}, {"y": 449, "x": 1070, "structure_id": "Fi_7", "w": 515.9055118110236, "h": 101.76929133858266}, {"y": 635, "x": 110, "structure_id": "Fi_8", "w": 365.43070866141727, "h": 113.42519685039372}, {"y": 636, "x": 645, "structure_id": "Fi_9", "w": 945.408661417323, "h": 118.64409448818901}, {"y": 449, "x": 112, "structure_id": "Fi_10", "w": 936.752755905512, "h": 109.81653543307084}], "TextRun": [{"parent_TextBlock": "Tb_1", "text": "22.  CLAIMANT'S SSN", "parent_Field": "Fi_1", "parent_Choice_Field": null, "parent_ChoiceGroup": null, "w": 226, "h": 22, "y": 107, "x": 1077, "structure_id": "Tr_1"}, {"parent_TextBlock": "Tb_2", "text": "21.  NAME OF PERSON CLAIMING TRAVEL REIMBURSEMENT", "parent_Field": "Fi_2", "parent_Choice_Field": null, "parent_ChoiceGroup": null, "w": 658, "h": 22, "y": 108, "x": 110, "structure_id": "Tr_2"}, {"parent_TextBlock": "Tb_2", "text": "(Last, First, Middle)", "parent_Field": "Fi_2", "parent_Choice_Field": null, "parent_ChoiceGroup": null, "w": 204, "h": 25, "y": 106, "x": 768, "structure_id": "Tr_3"}, {"parent_TextBlock": "Tb_3", "text": "VOUCHER AUDITOR REVIEW", "parent_Field": null, "parent_Choice_Field": null, "parent_ChoiceGroup": null, "w": 398, "h": 28, "y": 778, "x": 656, "structure_id": "Tr_4"}, {"parent_TextBlock": "Tb_4", "text": "33.  REMARKS", "parent_Field": "Fi_3", "parent_Choice_Field": null, "parent_ChoiceGroup": null, "w": 153, "h": 22, "y": 931, "x": 112, "structure_id": "Tr_5"}, {"parent_TextBlock": "Tb_5", "text": "30.  AMOUNT DUE", "parent_Field": "Fi_4", "parent_Choice_Field": null, "parent_ChoiceGroup": null, "w": 193, "h": 22, "y": 820, "x": 112, "structure_id": "Tr_6"}, {"parent_TextBlock": "Tb_6", "text": "31.  DATE", "parent_Field": "Fi_5", "parent_Choice_Field": null, "parent_ChoiceGroup": null, "w": 102, "h": 22, "y": 820, "x": 629, "structure_id": "Tr_7"}, {"parent_TextBlock": "Tb_7", "text": "32.  VOUCHER AUDITOR", "parent_Field": "Fi_6", "parent_Choice_Field": null, "parent_ChoiceGroup": null, "w": 261, "h": 22, "y": 820, "x": 1020, "structure_id": "Tr_8"}, {"parent_TextBlock": "Tb_8", "text": "PRIVACE ACT NOTICE:  VA will not disclose information collected on this form to any source other than what has been authorized under the Privacy Act of", "parent_Field": null, "parent_Choice_Field": null, "parent_ChoiceGroup": null, "w": 1439, "h": 22, "y": 1741, "x": 112, "structure_id": "Tr_9"}, {"parent_TextBlock": "Tb_8", "text": "1974 or Title 38, Code of Federal Regulations 1.576 for routine uses (i.e., to permit delivery of benefit payments to veterans and other beneficiaries) as identified in", "parent_Field": null, "parent_Choice_Field": null, "parent_ChoiceGroup": null, "w": 1463, "h": 23, "y": 1767, "x": 112, "structure_id": "Tr_10"}, {"parent_TextBlock": "Tb_8", "text": "the VA system of records, 58VA21/22/28 Compensation, Pension, Education and Vocational Rehabilitation Records - VA, published in the Federal Register.  Your", "parent_Field": null, "parent_Choice_Field": null, "parent_ChoiceGroup": null, "w": 1462, "h": 22, "y": 1794, "x": 112, "structure_id": "Tr_11"}, {"parent_TextBlock": "Tb_8", "text": "obligation to respond is required to obtain benefits.  Giving us your SSN account information is voluntary.  Refusal to provide your SSN by itself will not result in", "parent_Field": null, "parent_Choice_Field": null, "parent_ChoiceGroup": null, "w": 1450, "h": 22, "y": 1821, "x": 112, "structure_id": "Tr_12"}, {"parent_TextBlock": "Tb_8", "text": "the denial of benefits.  VA will not deny an individual benefits for refusing to provide his or her SSN unless the disclosure of the SSN is required by a Federal Statute", "parent_Field": null, "parent_Choice_Field": null, "parent_ChoiceGroup": null, "w": 1480, "h": 23, "y": 1847, "x": 112, "structure_id": "Tr_13"}, {"parent_TextBlock": "Tb_8", "text": "of law in effect prior to January 1, 1975, and still in effect.  Information submitted is subject to verification through computer matching programs with other agencies.", "parent_Field": null, "parent_Choice_Field": null, "parent_ChoiceGroup": null, "w": 1476, "h": 22, "y": 1874, "x": 112, "structure_id": "Tr_14"}, {"parent_TextBlock": "Tb_9", "text": "RESPONDENT BURDEN:  We need this information to provide beneficiary travel benefits under 38 CFR 21.370 through 21.376.  Title 38 United States Code,", "parent_Field": null, "parent_Choice_Field": null, "parent_ChoiceGroup": null, "w": 1444, "h": 23, "y": 1927, "x": 112, "structure_id": "Tr_15"}, {"parent_TextBlock": "Tb_9", "text": "allows us to ask for this information.  We estimate that you will need an average of 5 minutes to review the instructions, find the information, and complete this form.", "parent_Field": null, "parent_Choice_Field": null, "parent_ChoiceGroup": null, "w": 1480, "h": 22, "y": 1954, "x": 112, "structure_id": "Tr_16"}, {"parent_TextBlock": "Tb_9", "text": "VA cannot conduct or sponsor a collection of information unless a valid OMB control number is displayed.  You are not required to respond to a collection of", "parent_Field": null, "parent_Choice_Field": null, "parent_ChoiceGroup": null, "w": 1412, "h": 22, "y": 1981, "x": 112, "structure_id": "Tr_17"}, {"parent_TextBlock": "Tb_9", "text": "information if this number is not displayed.  Valid OMB control numbers can be located on the OMB Internet Page at", "parent_Field": null, "parent_Choice_Field": null, "parent_ChoiceGroup": null, "w": 1053, "h": 23, "y": 2007, "x": 112, "structure_id": "Tr_18"}, {"parent_TextBlock": "Tb_9", "text": "www.reginfo.gov/public/do/PRAMain", "parent_Field": null, "parent_Choice_Field": null, "parent_ChoiceGroup": null, "w": 358, "h": 23, "y": 2007, "x": 1165, "structure_id": "Tr_19"}, {"parent_TextBlock": "Tb_9", "text": ".  If", "parent_Field": null, "parent_Choice_Field": null, "parent_ChoiceGroup": null, "w": 37, "h": 23, "y": 2007, "x": 1523, "structure_id": "Tr_20"}, {"parent_TextBlock": "Tb_9", "text": "desired, you can call 1-800-827-1000 to get information on where to send comments or suggestions about this form.", "parent_Field": null, "parent_Choice_Field": null, "parent_ChoiceGroup": null, "w": 1033, "h": 22, "y": 2034, "x": 112, "structure_id": "Tr_21"}, {"parent_TextBlock": "Tb_10", "text": "VA Form 20-0968, MAR 2015", "parent_Field": null, "parent_Choice_Field": null, "parent_ChoiceGroup": null, "w": 293, "h": 22, "y": 2083, "x": 104, "structure_id": "Tr_22"}, {"parent_TextBlock": "Tb_11", "text": "Page 2", "parent_Field": null, "parent_Choice_Field": null, "parent_ChoiceGroup": null, "w": 70, "h": 22, "y": 2085, "x": 1527, "structure_id": "Tr_23"}, {"parent_TextBlock": "Tb_12", "text": "STATEMENTS AND CERTIFICATIONS", "parent_Field": null, "parent_Choice_Field": null, "parent_ChoiceGroup": null, "w": 497, "h": 28, "y": 207, "x": 600, "structure_id": "Tr_24"}, {"parent_TextBlock": "Tb_13", "text": "26.  DATE", "parent_Field": "Fi_7", "parent_Choice_Field": null, "parent_ChoiceGroup": null, "w": 109, "h": 22, "y": 449, "x": 1070, "structure_id": "Tr_25"}, {"parent_TextBlock": "Tb_13", "text": "(MM/DD/YYYY)", "parent_Field": "Fi_7", "parent_Choice_Field": null, "parent_ChoiceGroup": null, "w": 146, "h": 22, "y": 449, "x": 1179, "structure_id": "Tr_26"}, {"parent_TextBlock": "Tb_14", "text": "28.  DATE(S) REPORTED", "parent_Field": "Fi_8", "parent_Choice_Field": null, "parent_ChoiceGroup": null, "w": 262, "h": 22, "y": 635, "x": 110, "structure_id": "Tr_27"}, {"parent_TextBlock": "Tb_15", "text": "24.  CERTIFICATION:  I have incurred a cost in relation to the travel claimed.  I have not obtained transportation at Government", "parent_Field": null, "parent_Choice_Field": null, "parent_ChoiceGroup": null, "w": 1419, "h": 25, "y": 320, "x": 110, "structure_id": "Tr_28"}, {"parent_TextBlock": "Tb_15", "text": "expense, through the use of Government owned conveyance, or Government purchased tickets/tokens, or received other", "parent_Field": null, "parent_Choice_Field": null, "parent_ChoiceGroup": null, "w": 1347, "h": 25, "y": 348, "x": 110, "structure_id": "Tr_29"}, {"parent_TextBlock": "Tb_15", "text": "transportation resources at no cost to me.  I am the only person claiming for the travel listed.  I have not previously received payment", "parent_Field": null, "parent_Choice_Field": null, "parent_ChoiceGroup": null, "w": 1473, "h": 25, "y": 376, "x": 110, "structure_id": "Tr_30"}, {"parent_TextBlock": "Tb_15", "text": "for the transportation claimed.  I certify that the above information is correct.", "parent_Field": null, "parent_Choice_Field": null, "parent_ChoiceGroup": null, "w": 837, "h": 25, "y": 403, "x": 110, "structure_id": "Tr_31"}, {"parent_TextBlock": "Tb_16", "text": "29.  SIGNATURE AND TITLE", "parent_Field": "Fi_9", "parent_Choice_Field": null, "parent_ChoiceGroup": null, "w": 293, "h": 23, "y": 636, "x": 645, "structure_id": "Tr_32"}, {"parent_TextBlock": "Tb_17", "text": "27.  I CERTIFY THAT the claimant named herein reported to this office or other place in connection with rehabilitation for the purpose", "parent_Field": null, "parent_Choice_Field": null, "parent_ChoiceGroup": null, "w": 1480, "h": 25, "y": 573, "x": 110, "structure_id": "Tr_33"}, {"parent_TextBlock": "Tb_17", "text": "authorized on the date(s) shown.", "parent_Field": null, "parent_Choice_Field": null, "parent_ChoiceGroup": null, "w": 364, "h": 25, "y": 600, "x": 110, "structure_id": "Tr_34"}, {"parent_TextBlock": "Tb_18", "text": "25.  SIGNATURE OF CLAIMANT", "parent_Field": "Fi_10", "parent_Choice_Field": null, "parent_ChoiceGroup": null, "w": 328, "h": 22, "y": 449, "x": 112, "structure_id": "Tr_35"}, {"parent_TextBlock": "Tb_19", "text": "23.  PENALTY STATEMENT:", "parent_Field": null, "parent_Choice_Field": null, "parent_ChoiceGroup": null, "w": 347, "h": 25, "y": 250, "x": 110, "structure_id": "Tr_36"}, {"parent_TextBlock": "Tb_19", "text": "There are severe criminal and civil penalties including fine or imprisonment, or both, for knowingly", "parent_Field": null, "parent_Choice_Field": null, "parent_ChoiceGroup": null, "w": 1079, "h": 25, "y": 250, "x": 457, "structure_id": "Tr_37"}, {"parent_TextBlock": "Tb_19", "text": "submitting a false, fictitious or fraudulent claim.", "parent_Field": null, "parent_Choice_Field": null, "parent_ChoiceGroup": null, "w": 518, "h": 25, "y": 280, "x": 110, "structure_id": "Tr_38"}], "ChoiceGroup": []}