{"Widget": [{"parent_Field": "Fi_1", "parent_Choice_Field": null, "parent_ChoiceGroup": null, "w": 140.50236220472442, "h": 46.83307086614173, "y": 64.63858267716536, "x": 506.3, "structure_id": "Wi_1"}, {"parent_Field": "Fi_1", "parent_Choice_Field": null, "parent_ChoiceGroup": null, "w": 88.94488188976378, "h": 46.83307086614173, "y": 64.63858267716536, "x": 696.644094488189, "structure_id": "Wi_2"}, {"parent_Field": "Fi_1", "parent_Choice_Field": null, "parent_ChoiceGroup": null, "w": 188.88031496062993, "h": 46.83307086614173, "y": 64.63858267716536, "x": 840.7944881889764, "structure_id": "Wi_3"}, {"parent_Field": "Fi_2", "parent_Choice_Field": null, "parent_ChoiceGroup": null, "w": 1488.863779527559, "h": 175.38582677165357, "y": 224.7251968503937, "x": 111.10236220472441, "structure_id": "Wi_4"}, {"parent_Field": null, "parent_Choice_Field": "Chf_1", "parent_ChoiceGroup": "Chgp_1", "w": 25, "h": 25, "y": 188.8724409448819, "x": 108.31968503937009, "structure_id": "Wi_5"}, {"parent_Field": null, "parent_Choice_Field": "Chf_2", "parent_ChoiceGroup": "Chgp_1", "w": 25, "h": 25, "y": 187.53307086614174, "x": 224.98897637795278, "structure_id": "Wi_6"}, {"parent_Field": "Fi_3", "parent_Choice_Field": null, "parent_ChoiceGroup": null, "w": 1488.863779527559, "h": 772.2527559055118, "y": 477.7559055118111, "x": 111.11102362204724, "structure_id": "Wi_7"}, {"parent_Field": "Fi_4", "parent_Choice_Field": null, "parent_ChoiceGroup": null, "w": 205.55826771653543, "h": 33.33070866141732, "y": 1416.6779527559054, "x": 1327.78031496063, "structure_id": "Wi_8"}, {"parent_Field": "Fi_5", "parent_Choice_Field": null, "parent_ChoiceGroup": null, "w": 605.5582677165355, "h": 33.33070866141732, "y": 1416.6779527559054, "x": 694.4417322834646, "structure_id": "Wi_9"}, {"parent_Field": "Fi_6", "parent_Choice_Field": null, "parent_ChoiceGroup": null, "w": 505.55826771653545, "h": 33.33070866141732, "y": 1516.6692913385828, "x": 544.4417322834646, "structure_id": "Wi_10"}, {"parent_Field": "Fi_7", "parent_Choice_Field": null, "parent_ChoiceGroup": null, "w": 652.0472440944882, "h": 33.33070866141732, "y": 1633.3385826771655, "x": 731.2834645669291, "structure_id": "Wi_11"}, {"parent_Field": "Fi_8", "parent_Choice_Field": null, "parent_ChoiceGroup": null, "w": 522.2196850393701, "h": 63.89133858267717, "y": 1483.3385826771653, "x": 1077.78031496063, "structure_id": "Wi_12"}, {"parent_Field": "Fi_9", "parent_Choice_Field": null, "parent_ChoiceGroup": null, "w": 422.22755905511815, "h": 65.2220472440945, "y": 1483.3, "x": 94.44173228346457, "structure_id": "Wi_13"}, {"parent_Field": "Fi_10", "parent_Choice_Field": null, "parent_ChoiceGroup": null, "w": 568.0220472440946, "h": 35.43307086614173, "y": 1416.6779527559054, "x": 104.89133858267716, "structure_id": "Wi_14"}], "TextBlock": [{"parent_Field": "Fi_1", "parent_Choice_Field": null, "parent_ChoiceGroup": null, "w": 417, "h": 20, "y": 93, "x": 83, "structure_id": "Tb_1"}, {"parent_Field": null, "parent_Choice_Field": null, "parent_ChoiceGroup": null, "w": 394, "h": 23, "y": 126, "x": 653, "structure_id": "Tb_2"}, {"parent_Field": "Fi_2", "parent_Choice_Field": null, "parent_ChoiceGroup": null, "w": 1148, "h": 20, "y": 193, "x": 317, "structure_id": "Tb_3"}, {"parent_Field": null, "parent_Choice_Field": null, "parent_ChoiceGroup": "Chgp_1", "w": 796, "h": 19, "y": 160, "x": 94, "structure_id": "Tb_4"}, {"parent_Field": null, "parent_Choice_Field": "Chf_1", "parent_ChoiceGroup": "Chgp_1", "w": 39, "h": 20, "y": 193, "x": 150, "structure_id": "Tb_5"}, {"parent_Field": null, "parent_Choice_Field": "Chf_2", "parent_ChoiceGroup": "Chgp_1", "w": 29, "h": 20, "y": 193, "x": 267, "structure_id": "Tb_6"}, {"parent_Field": null, "parent_Choice_Field": null, "parent_ChoiceGroup": null, "w": 258, "h": 22, "y": 412, "x": 721, "structure_id": "Tb_7"}, {"parent_Field": "Fi_3", "parent_Choice_Field": null, "parent_ChoiceGroup": null, "w": 189, "h": 23, "y": 445, "x": 99, "structure_id": "Tb_8"}, {"parent_Field": null, "parent_Choice_Field": null, "parent_ChoiceGroup": null, "w": 650, "h": 22, "y": 1257, "x": 525, "structure_id": "Tb_9"}, {"parent_Field": "Fi_4", "parent_Choice_Field": null, "parent_ChoiceGroup": null, "w": 178, "h": 19, "y": 1357, "x": 1328, "structure_id": "Tb_10"}, {"parent_Field": "Fi_5", "parent_Choice_Field": null, "parent_ChoiceGroup": null, "w": 320, "h": 19, "y": 1357, "x": 694, "structure_id": "Tb_11"}, {"parent_Field": "Fi_6", "parent_Choice_Field": null, "parent_ChoiceGroup": null, "w": 504, "h": 19, "y": 1457, "x": 544, "structure_id": "Tb_12"}, {"parent_Field": null, "parent_Choice_Field": null, "parent_ChoiceGroup": null, "w": 1206, "h": 25, "y": 1304, "x": 94, "structure_id": "Tb_13"}, {"parent_Field": "Fi_7", "parent_Choice_Field": null, "parent_ChoiceGroup": null, "w": 622, "h": 25, "y": 1638, "x": 94, "structure_id": "Tb_14"}, {"parent_Field": "Fi_7", "parent_Choice_Field": null, "parent_ChoiceGroup": null, "w": 237, "h": 19, "y": 1674, "x": 939, "structure_id": "Tb_15"}, {"parent_Field": "Fi_8", "parent_Choice_Field": null, "parent_ChoiceGroup": null, "w": 265, "h": 19, "y": 1457, "x": 1078, "structure_id": "Tb_16"}, {"parent_Field": null, "parent_Choice_Field": null, "parent_ChoiceGroup": null, "w": 1328, "h": 22, "y": 1714, "x": 94, "structure_id": "Tb_17"}, {"parent_Field": null, "parent_Choice_Field": null, "parent_ChoiceGroup": null, "w": 1409, "h": 22, "y": 1572, "x": 94, "structure_id": "Tb_18"}, {"parent_Field": "Fi_9", "parent_Choice_Field": null, "parent_ChoiceGroup": null, "w": 422, "h": 19, "y": 1457, "x": 94, "structure_id": "Tb_19"}, {"parent_Field": "Fi_10", "parent_Choice_Field": null, "parent_ChoiceGroup": null, "w": 286, "h": 19, "y": 1357, "x": 94, "structure_id": "Tb_20"}, {"parent_Field": null, "parent_Choice_Field": null, "parent_ChoiceGroup": null, "w": 1506, "h": 206, "y": 1764, "x": 94, "structure_id": "Tb_21"}, {"parent_Field": null, "parent_Choice_Field": null, "parent_ChoiceGroup": null, "w": 1506, "h": 89, "y": 1997, "x": 94, "structure_id": "Tb_22"}, {"parent_Field": null, "parent_Choice_Field": null, "parent_ChoiceGroup": null, "w": 297, "h": 19, "y": 2103, "x": 85, "structure_id": "Tb_23"}, {"parent_Field": null, "parent_Choice_Field": null, "parent_ChoiceGroup": null, "w": 71, "h": 22, "y": 2102, "x": 1546, "structure_id": "Tb_24"}], "Choice_Field": [{"y": 188.8724409448819, "x": 108.31968503937009, "structure_id": "Chf_1", "w": 80.68031496062991, "h": 25}, {"y": 187.53307086614174, "x": 224.98897637795278, "structure_id": "Chf_2", "w": 71.01102362204722, "h": 25.466929133858258}], "Field": [{"y": 64.63858267716536, "x": 83, "structure_id": "Fi_1", "w": 946.6748031496063, "h": 48.36141732283464}, {"y": 193, "x": 111.10236220472441, "structure_id": "Fi_2", "w": 1488.863779527559, "h": 207.11102362204724}, {"y": 445, "x": 99, "structure_id": "Fi_3", "w": 1500.9748031496063, "h": 805.0086614173229}, {"y": 1357, "x": 1327.78031496063, "structure_id": "Fi_4", "w": 205.5582677165355, "h": 93.00866141732263}, {"y": 1357, "x": 694, "structure_id": "Fi_5", "w": 606, "h": 93.00866141732263}, {"y": 1457, "x": 544, "structure_id": "Fi_6", "w": 506, "h": 93}, {"y": 1633.3385826771655, "x": 94, "structure_id": "Fi_7", "w": 1289.3307086614172, "h": 59.661417322834495}, {"y": 1457, "x": 1077.78031496063, "structure_id": "Fi_8", "w": 522.21968503937, "h": 90.22992125984251}, {"y": 1457, "x": 94, "structure_id": "Fi_9", "w": 422.66929133858275, "h": 91.52204724409444}, {"y": 1357, "x": 94, "structure_id": "Fi_10", "w": 578.9133858267717, "h": 95.11102362204701}], "TextRun": [{"parent_TextBlock": "Tb_1", "text": "PATIENT/VETERAN'S SOCIAL SECURITY NO.", "parent_Field": "Fi_1", "parent_Choice_Field": null, "parent_ChoiceGroup": null, "w": 417, "h": 20, "y": 93, "x": 83, "structure_id": "Tr_1"}, {"parent_TextBlock": "Tb_2", "text": "SECTION VIII - FUNCTIONAL IMPACT", "parent_Field": null, "parent_Choice_Field": null, "parent_ChoiceGroup": null, "w": 394, "h": 23, "y": 126, "x": 653, "structure_id": "Tr_2"}, {"parent_TextBlock": "Tb_3", "text": "IF YES, DESCRIBE THE IMPACT OF EACH OF THE VETERAN'S LIVER CONDITIONS, PROVIDING ONE OR MORE EXAMPLES:", "parent_Field": "Fi_2", "parent_Choice_Field": null, "parent_ChoiceGroup": null, "w": 1148, "h": 20, "y": 193, "x": 317, "structure_id": "Tr_3"}, {"parent_TextBlock": "Tb_4", "text": "8. DOES THE VETERAN'S LIVER CONDITION IMPACT HIS OR HER ABILITY TO WORK?", "parent_Field": null, "parent_Choice_Field": null, "parent_ChoiceGroup": "Chgp_1", "w": 796, "h": 19, "y": 160, "x": 94, "structure_id": "Tr_4"}, {"parent_TextBlock": "Tb_5", "text": "YES", "parent_Field": null, "parent_Choice_Field": "Chf_1", "parent_ChoiceGroup": "Chgp_1", "w": 39, "h": 20, "y": 193, "x": 150, "structure_id": "Tr_5"}, {"parent_TextBlock": "Tb_6", "text": "NO", "parent_Field": null, "parent_Choice_Field": "Chf_2", "parent_ChoiceGroup": "Chgp_1", "w": 29, "h": 20, "y": 193, "x": 267, "structure_id": "Tr_6"}, {"parent_TextBlock": "Tb_7", "text": "SECTION IX - REMARKS", "parent_Field": null, "parent_Choice_Field": null, "parent_ChoiceGroup": null, "w": 258, "h": 22, "y": 412, "x": 721, "structure_id": "Tr_7"}, {"parent_TextBlock": "Tb_8", "text": "9. REMARKS", "parent_Field": "Fi_3", "parent_Choice_Field": null, "parent_ChoiceGroup": null, "w": 123, "h": 19, "y": 448, "x": 99, "structure_id": "Tr_8"}, {"parent_TextBlock": "Tb_8", "text": "(If any)", "parent_Field": "Fi_3", "parent_Choice_Field": null, "parent_ChoiceGroup": null, "w": 66, "h": 23, "y": 445, "x": 222, "structure_id": "Tr_9"}, {"parent_TextBlock": "Tb_9", "text": "SECTION X - PHYSICIAN'S CERTIFICATION AND SIGNATURE", "parent_Field": null, "parent_Choice_Field": null, "parent_ChoiceGroup": null, "w": 650, "h": 22, "y": 1257, "x": 525, "structure_id": "Tr_10"}, {"parent_TextBlock": "Tb_10", "text": "10C. DATE SIGNED", "parent_Field": "Fi_4", "parent_Choice_Field": null, "parent_ChoiceGroup": null, "w": 178, "h": 19, "y": 1357, "x": 1328, "structure_id": "Tr_11"}, {"parent_TextBlock": "Tb_11", "text": "10B. PHYSICIAN'S PRINTED NAME", "parent_Field": "Fi_5", "parent_Choice_Field": null, "parent_ChoiceGroup": null, "w": 320, "h": 19, "y": 1357, "x": 694, "structure_id": "Tr_12"}, {"parent_TextBlock": "Tb_12", "text": "10E. NATIONAL PROVIDER IDENTIFIER (NPI) NUMBER", "parent_Field": "Fi_6", "parent_Choice_Field": null, "parent_ChoiceGroup": null, "w": 504, "h": 19, "y": 1457, "x": 544, "structure_id": "Tr_13"}, {"parent_TextBlock": "Tb_13", "text": "CERTIFICATION -", "parent_Field": null, "parent_Choice_Field": null, "parent_ChoiceGroup": null, "w": 225, "h": 25, "y": 1304, "x": 94, "structure_id": "Tr_14"}, {"parent_TextBlock": "Tb_13", "text": "To the best of my knowledge, the information contained herein is accurate, complete and current.\u00c2\u00a0", "parent_Field": null, "parent_Choice_Field": null, "parent_ChoiceGroup": null, "w": 981, "h": 25, "y": 1304, "x": 319, "structure_id": "Tr_15"}, {"parent_TextBlock": "Tb_14", "text": "IMPORTANT\u00c2\u00a0-", "parent_Field": "Fi_7", "parent_Choice_Field": null, "parent_ChoiceGroup": null, "w": 171, "h": 25, "y": 1638, "x": 94, "structure_id": "Tr_16"}, {"parent_TextBlock": "Tb_14", "text": "Physician please fax the completed form to:", "parent_Field": "Fi_7", "parent_Choice_Field": null, "parent_ChoiceGroup": null, "w": 451, "h": 25, "y": 1638, "x": 265, "structure_id": "Tr_17"}, {"parent_TextBlock": "Tb_15", "text": "(VA Regional Office FAX No.)", "parent_Field": "Fi_7", "parent_Choice_Field": null, "parent_ChoiceGroup": null, "w": 237, "h": 19, "y": 1674, "x": 939, "structure_id": "Tr_18"}, {"parent_TextBlock": "Tb_16", "text": "10F. PHYSICIAN'S ADDRESS", "parent_Field": "Fi_8", "parent_Choice_Field": null, "parent_ChoiceGroup": null, "w": 265, "h": 19, "y": 1457, "x": 1078, "structure_id": "Tr_19"}, {"parent_TextBlock": "Tb_17", "text": "NOTE -", "parent_Field": null, "parent_Choice_Field": null, "parent_ChoiceGroup": null, "w": 76, "h": 22, "y": 1714, "x": 94, "structure_id": "Tr_20"}, {"parent_TextBlock": "Tb_17", "text": "A list of VA Regional Office FAX Numbers can be found at\u00c2\u00a0", "parent_Field": null, "parent_Choice_Field": null, "parent_ChoiceGroup": null, "w": 549, "h": 22, "y": 1714, "x": 170, "structure_id": "Tr_21"}, {"parent_TextBlock": "Tb_17", "text": "www.benefits.va.gov/disabilityexams", "parent_Field": null, "parent_Choice_Field": null, "parent_ChoiceGroup": null, "w": 348, "h": 22, "y": 1714, "x": 719, "structure_id": "Tr_22"}, {"parent_TextBlock": "Tb_17", "text": "\u00c2\u00a0or obtained by calling 1-800-827-1000.", "parent_Field": null, "parent_Choice_Field": null, "parent_ChoiceGroup": null, "w": 355, "h": 22, "y": 1714, "x": 1067, "structure_id": "Tr_23"}, {"parent_TextBlock": "Tb_18", "text": "NOTE\u00c2\u00a0-", "parent_Field": null, "parent_Choice_Field": null, "parent_ChoiceGroup": null, "w": 76, "h": 22, "y": 1572, "x": 94, "structure_id": "Tr_24"}, {"parent_TextBlock": "Tb_18", "text": "VA may request additional medical information, including additional examinations if necessary to complete VA's review of the veteran's application.", "parent_Field": null, "parent_Choice_Field": null, "parent_ChoiceGroup": null, "w": 1333, "h": 22, "y": 1572, "x": 170, "structure_id": "Tr_25"}, {"parent_TextBlock": "Tb_19", "text": "10D. PHYSICIAN'S PHONE AND FAX NUMBER", "parent_Field": "Fi_9", "parent_Choice_Field": null, "parent_ChoiceGroup": null, "w": 422, "h": 19, "y": 1457, "x": 94, "structure_id": "Tr_26"}, {"parent_TextBlock": "Tb_20", "text": "10A. PHYSICIAN'S SIGNATURE", "parent_Field": "Fi_10", "parent_Choice_Field": null, "parent_ChoiceGroup": null, "w": 286, "h": 19, "y": 1357, "x": 94, "structure_id": "Tr_27"}, {"parent_TextBlock": "Tb_21", "text": "PRIVACY ACT NOTICE: \u00c2\u00a0VA will not disclose information\u00c2\u00a0collected on this form to any source other than what has been authorized under the Privacy Act of 1974 or Title 38, Code of", "parent_Field": null, "parent_Choice_Field": null, "parent_ChoiceGroup": null, "w": 1458, "h": 19, "y": 1764, "x": 94, "structure_id": "Tr_28"}, {"parent_TextBlock": "Tb_21", "text": "Federal Regulations 1.576 for routine uses (i.e., civil or criminal law enforcement, congressional communications, epidemiological or research studies, the collection of money owed to the", "parent_Field": null, "parent_Choice_Field": null, "parent_ChoiceGroup": null, "w": 1465, "h": 19, "y": 1787, "x": 94, "structure_id": "Tr_29"}, {"parent_TextBlock": "Tb_21", "text": "United States, litigation in which the United States is a party or has an interest, the administration of VA programs and delivery of VA benefits, verification of identity and status, and personnel", "parent_Field": null, "parent_Choice_Field": null, "parent_ChoiceGroup": null, "w": 1503, "h": 20, "y": 1810, "x": 94, "structure_id": "Tr_30"}, {"parent_TextBlock": "Tb_21", "text": "administration) as identified in the VA system of records, 58VA21/22/28, Compensation, Pension, Education and Vocational Rehabilitation and Employment Records - VA, published in the", "parent_Field": null, "parent_Choice_Field": null, "parent_ChoiceGroup": null, "w": 1480, "h": 19, "y": 1834, "x": 94, "structure_id": "Tr_31"}, {"parent_TextBlock": "Tb_21", "text": "Federal Register. Your obligation to respond is voluntary. VA uses your SSN to identify your claim file. Providing your SSN will help ensure that your records are properly associated with your", "parent_Field": null, "parent_Choice_Field": null, "parent_ChoiceGroup": null, "w": 1506, "h": 19, "y": 1857, "x": 94, "structure_id": "Tr_32"}, {"parent_TextBlock": "Tb_21", "text": "claim file. Giving us your SSN account information is voluntary. Refusal to provide your SSN by itself will not result in the denial of benefits. VA will not deny an individual benefits for", "parent_Field": null, "parent_Choice_Field": null, "parent_ChoiceGroup": null, "w": 1455, "h": 20, "y": 1880, "x": 94, "structure_id": "Tr_33"}, {"parent_TextBlock": "Tb_21", "text": "refusing to provide his or her SSN unless the disclosure of the SSN is required by a Federal Statute of law in effect prior to January 1, 1975, and still in effect. The requested information is", "parent_Field": null, "parent_Choice_Field": null, "parent_ChoiceGroup": null, "w": 1464, "h": 19, "y": 1904, "x": 94, "structure_id": "Tr_34"}, {"parent_TextBlock": "Tb_21", "text": "considered relevant and necessary to determine maximum benefits under the law. The responses you submit are considered confidential (38 U.S.C. 5701). Information submitted is subject to", "parent_Field": null, "parent_Choice_Field": null, "parent_ChoiceGroup": null, "w": 1482, "h": 19, "y": 1927, "x": 94, "structure_id": "Tr_35"}, {"parent_TextBlock": "Tb_21", "text": "verification through computer matching programs with other agencies.", "parent_Field": null, "parent_Choice_Field": null, "parent_ChoiceGroup": null, "w": 560, "h": 20, "y": 1950, "x": 94, "structure_id": "Tr_36"}, {"parent_TextBlock": "Tb_22", "text": "RESPONDENT BURDEN:  We need this information to determine entitlement to benefits (38 U.S.C. 501). Title 38, United States Code, allows us to ask for this information. We estimate that", "parent_Field": null, "parent_Choice_Field": null, "parent_ChoiceGroup": null, "w": 1506, "h": 19, "y": 1997, "x": 94, "structure_id": "Tr_37"}, {"parent_TextBlock": "Tb_22", "text": "you will need an average of 30 minutes to review the instructions, find the information, and complete a form. VA cannot conduct or sponsor a collection of information unless a valid OMB", "parent_Field": null, "parent_Choice_Field": null, "parent_ChoiceGroup": null, "w": 1470, "h": 20, "y": 2020, "x": 94, "structure_id": "Tr_38"}, {"parent_TextBlock": "Tb_22", "text": "control number is displayed. You are not required to respond to a collection of information if this number is not displayed. Valid OMB control numbers can be located on the OMB Internet", "parent_Field": null, "parent_Choice_Field": null, "parent_ChoiceGroup": null, "w": 1470, "h": 19, "y": 2044, "x": 94, "structure_id": "Tr_39"}, {"parent_TextBlock": "Tb_22", "text": "Page at\u00c2\u00a0", "parent_Field": null, "parent_Choice_Field": null, "parent_ChoiceGroup": null, "w": 62, "h": 19, "y": 2067, "x": 94, "structure_id": "Tr_40"}, {"parent_TextBlock": "Tb_22", "text": "www.reginfo.gov/public/do/PRAMain", "parent_Field": null, "parent_Choice_Field": null, "parent_ChoiceGroup": null, "w": 313, "h": 19, "y": 2067, "x": 156, "structure_id": "Tr_41"}, {"parent_TextBlock": "Tb_22", "text": ". If desired, you can call 1-800-827-1000 to get information on where to send comments or suggestions about this form.", "parent_Field": null, "parent_Choice_Field": null, "parent_ChoiceGroup": null, "w": 931, "h": 19, "y": 2067, "x": 469, "structure_id": "Tr_42"}, {"parent_TextBlock": "Tb_23", "text": "VA\u00c2\u00a0FORM 21-0960G-5, SEP 2016", "parent_Field": null, "parent_Choice_Field": null, "parent_ChoiceGroup": null, "w": 297, "h": 19, "y": 2103, "x": 85, "structure_id": "Tr_43"}, {"parent_TextBlock": "Tb_24", "text": "Page 5", "parent_Field": null, "parent_Choice_Field": null, "parent_ChoiceGroup": null, "w": 71, "h": 22, "y": 2102, "x": 1546, "structure_id": "Tr_44"}], "ChoiceGroup": [{"y": 155.03125, "x": 87, "structure_id": "Chgp_1", "w": 1518, "h": 249}]}