{"Widget": [{"parent_Field": "Fi_1", "parent_Choice_Field": null, "parent_ChoiceGroup": null, "w": 140.50236220472442, "h": 46.83307086614173, "y": 75.18031496062993, "x": 505.9748031496063, "structure_id": "Wi_1"}, {"parent_Field": "Fi_1", "parent_Choice_Field": null, "parent_ChoiceGroup": null, "w": 88.94488188976378, "h": 46.83307086614173, "y": 75.18031496062993, "x": 696.3220472440945, "structure_id": "Wi_2"}, {"parent_Field": "Fi_1", "parent_Choice_Field": null, "parent_ChoiceGroup": null, "w": 188.88031496062993, "h": 46.83307086614173, "y": 75.18031496062993, "x": 838.5834645669291, "structure_id": "Wi_3"}, {"parent_Field": "Fi_2", "parent_Choice_Field": null, "parent_ChoiceGroup": null, "w": 173.90551181102362, "h": 36.58346456692913, "y": 1715.3141732283466, "x": 1097.227559055118, "structure_id": "Wi_4"}, {"parent_Field": "Fi_3", "parent_Choice_Field": null, "parent_ChoiceGroup": null, "w": 780.0307086614174, "h": 33.33070866141732, "y": 1815.455118110236, "x": 785.4031496062992, "structure_id": "Wi_5"}, {"parent_Field": "Fi_4", "parent_Choice_Field": null, "parent_ChoiceGroup": null, "w": 780.0307086614174, "h": 33.33070866141732, "y": 1918.416535433071, "x": 785.4031496062992, "structure_id": "Wi_6"}, {"parent_Field": "Fi_5", "parent_Choice_Field": null, "parent_ChoiceGroup": null, "w": 780.0307086614174, "h": 33.33070866141732, "y": 1884.6858267716536, "x": 785.4031496062992, "structure_id": "Wi_7"}, {"parent_Field": "Fi_6", "parent_Choice_Field": null, "parent_ChoiceGroup": null, "w": 780.0307086614174, "h": 33.33070866141732, "y": 1850.8275590551182, "x": 785.4031496062992, "structure_id": "Wi_8"}, {"parent_Field": "Fi_7", "parent_Choice_Field": null, "parent_ChoiceGroup": null, "w": 780.0307086614174, "h": 33.33070866141732, "y": 1953.0307086614173, "x": 785.4031496062992, "structure_id": "Wi_9"}, {"parent_Field": "Fi_8", "parent_Choice_Field": null, "parent_ChoiceGroup": null, "w": 839.4503937007875, "h": 33.33070866141732, "y": 1989.6913385826772, "x": 725.7086614173228, "structure_id": "Wi_10"}, {"parent_Field": "Fi_9", "parent_Choice_Field": null, "parent_ChoiceGroup": "Chgp_1", "w": 25, "h": 25, "y": 1303.4, "x": 155.5275590551181, "structure_id": "Wi_11"}, {"parent_Field": "Fi_10", "parent_Choice_Field": null, "parent_ChoiceGroup": "Chgp_1", "w": 25, "h": 25, "y": 1338.8889763779528, "x": 155.5275590551181, "structure_id": "Wi_12"}, {"parent_Field": "Fi_11", "parent_Choice_Field": null, "parent_ChoiceGroup": "Chgp_1", "w": 25, "h": 25, "y": 1374.3834645669292, "x": 155.5275590551181, "structure_id": "Wi_13"}, {"parent_Field": "Fi_12", "parent_Choice_Field": null, "parent_ChoiceGroup": "Chgp_1", "w": 25, "h": 25, "y": 1409.8724409448819, "x": 155.5275590551181, "structure_id": "Wi_14"}, {"parent_Field": "Fi_13", "parent_Choice_Field": null, "parent_ChoiceGroup": "Chgp_1", "w": 25, "h": 25, "y": 1445.3669291338583, "x": 155.5275590551181, "structure_id": "Wi_15"}, {"parent_Field": null, "parent_Choice_Field": "Chf_1", "parent_ChoiceGroup": "Chgp_2", "w": 25, "h": 25, "y": 1563.0779527559055, "x": 264.18031496062997, "structure_id": "Wi_16"}, {"parent_Field": null, "parent_Choice_Field": "Chf_2", "parent_ChoiceGroup": "Chgp_2", "w": 25, "h": 25, "y": 1598.108661417323, "x": 264.18031496062997, "structure_id": "Wi_17"}, {"parent_Field": null, "parent_Choice_Field": "Chf_3", "parent_ChoiceGroup": "Chgp_2", "w": 25, "h": 25, "y": 1563.0779527559055, "x": 399.83622047244097, "structure_id": "Wi_18"}, {"parent_Field": null, "parent_Choice_Field": "Chf_4", "parent_ChoiceGroup": "Chgp_2", "w": 25, "h": 25, "y": 1563.0779527559055, "x": 503.244094488189, "structure_id": "Wi_19"}, {"parent_Field": null, "parent_Choice_Field": "Chf_5", "parent_ChoiceGroup": "Chgp_2", "w": 25, "h": 25, "y": 1598.108661417323, "x": 503.244094488189, "structure_id": "Wi_20"}, {"parent_Field": null, "parent_Choice_Field": "Chf_6", "parent_ChoiceGroup": "Chgp_2", "w": 25, "h": 25, "y": 1563.0779527559055, "x": 611.7023622047245, "structure_id": "Wi_21"}, {"parent_Field": null, "parent_Choice_Field": "Chf_7", "parent_ChoiceGroup": "Chgp_2", "w": 25, "h": 25, "y": 1563.0779527559055, "x": 718.6858267716536, "structure_id": "Wi_22"}, {"parent_Field": null, "parent_Choice_Field": "Chf_8", "parent_ChoiceGroup": "Chgp_2", "w": 25, "h": 25, "y": 1598.108661417323, "x": 718.6858267716536, "structure_id": "Wi_23"}, {"parent_Field": null, "parent_Choice_Field": "Chf_9", "parent_ChoiceGroup": "Chgp_2", "w": 25, "h": 25, "y": 1563.0779527559055, "x": 893.0165354330709, "structure_id": "Wi_24"}, {"parent_Field": null, "parent_Choice_Field": "Chf_10", "parent_ChoiceGroup": "Chgp_2", "w": 25, "h": 25, "y": 1563.0779527559055, "x": 1075.7559055118109, "structure_id": "Wi_25"}, {"parent_Field": null, "parent_Choice_Field": "Chf_11", "parent_ChoiceGroup": "Chgp_3", "w": 25, "h": 25, "y": 1640.4944881889762, "x": 264.38582677165357, "structure_id": "Wi_26"}, {"parent_Field": null, "parent_Choice_Field": "Chf_12", "parent_ChoiceGroup": "Chgp_3", "w": 25, "h": 25, "y": 1675.5330708661418, "x": 264.38582677165357, "structure_id": "Wi_27"}, {"parent_Field": null, "parent_Choice_Field": "Chf_13", "parent_ChoiceGroup": "Chgp_3", "w": 25, "h": 25, "y": 1640.4944881889762, "x": 400.0385826771654, "structure_id": "Wi_28"}, {"parent_Field": null, "parent_Choice_Field": "Chf_14", "parent_ChoiceGroup": "Chgp_3", "w": 25, "h": 25, "y": 1675.5330708661418, "x": 503.4503937007874, "structure_id": "Wi_29"}, {"parent_Field": null, "parent_Choice_Field": "Chf_15", "parent_ChoiceGroup": "Chgp_3", "w": 25, "h": 25, "y": 1640.4944881889762, "x": 503.4503937007874, "structure_id": "Wi_30"}, {"parent_Field": null, "parent_Choice_Field": "Chf_16", "parent_ChoiceGroup": "Chgp_3", "w": 25, "h": 25, "y": 1640.4944881889762, "x": 611.9055118110236, "structure_id": "Wi_31"}, {"parent_Field": null, "parent_Choice_Field": "Chf_17", "parent_ChoiceGroup": "Chgp_3", "w": 25, "h": 25, "y": 1640.4944881889762, "x": 718.8913385826772, "structure_id": "Wi_32"}, {"parent_Field": null, "parent_Choice_Field": "Chf_18", "parent_ChoiceGroup": "Chgp_3", "w": 25, "h": 25, "y": 1675.5330708661418, "x": 718.8913385826772, "structure_id": "Wi_33"}, {"parent_Field": null, "parent_Choice_Field": "Chf_19", "parent_ChoiceGroup": "Chgp_3", "w": 25, "h": 25, "y": 1640.4944881889762, "x": 893.2220472440946, "structure_id": "Wi_34"}, {"parent_Field": null, "parent_Choice_Field": "Chf_20", "parent_ChoiceGroup": "Chgp_3", "w": 25, "h": 25, "y": 1640.4944881889762, "x": 1075.7559055118109, "structure_id": "Wi_35"}, {"parent_Field": null, "parent_Choice_Field": "Chf_21", "parent_ChoiceGroup": "Chgp_4", "w": 25, "h": 25, "y": 1512.4078740157481, "x": 157.58346456692914, "structure_id": "Wi_36"}, {"parent_Field": null, "parent_Choice_Field": "Chf_22", "parent_ChoiceGroup": "Chgp_4", "w": 25, "h": 25, "y": 1717.336220472441, "x": 191.09448818897638, "structure_id": "Wi_37"}, {"parent_Field": null, "parent_Choice_Field": "Chf_23", "parent_ChoiceGroup": "Chgp_4", "w": 25, "h": 25, "y": 1717.336220472441, "x": 467.0724409448819, "structure_id": "Wi_38"}, {"parent_Field": "Fi_14", "parent_Choice_Field": null, "parent_ChoiceGroup": "Chgp_5", "w": 25, "h": 25, "y": 1267.1385826771655, "x": 111.78031496062992, "structure_id": "Wi_39"}, {"parent_Field": "Fi_15", "parent_Choice_Field": null, "parent_ChoiceGroup": "Chgp_5", "w": 25, "h": 25, "y": 1267.1385826771655, "x": 228.4503937007874, "structure_id": "Wi_40"}, {"parent_Field": null, "parent_Choice_Field": "Chf_24", "parent_ChoiceGroup": "Chgp_6", "w": 25, "h": 25, "y": 1820.4858267716536, "x": 136.93070866141733, "structure_id": "Wi_41"}, {"parent_Field": null, "parent_Choice_Field": "Chf_25", "parent_ChoiceGroup": "Chgp_6", "w": 25, "h": 25, "y": 1855.4141732283465, "x": 136.93070866141733, "structure_id": "Wi_42"}, {"parent_Field": null, "parent_Choice_Field": "Chf_26", "parent_ChoiceGroup": "Chgp_6", "w": 25, "h": 25, "y": 1890.336220472441, "x": 136.93070866141733, "structure_id": "Wi_43"}, {"parent_Field": null, "parent_Choice_Field": "Chf_27", "parent_ChoiceGroup": "Chgp_6", "w": 25, "h": 25, "y": 1925.2669291338582, "x": 136.93070866141733, "structure_id": "Wi_44"}, {"parent_Field": null, "parent_Choice_Field": "Chf_28", "parent_ChoiceGroup": "Chgp_6", "w": 25, "h": 25, "y": 1960.1944881889763, "x": 136.93070866141733, "structure_id": "Wi_45"}, {"parent_Field": null, "parent_Choice_Field": "Chf_29", "parent_ChoiceGroup": "Chgp_6", "w": 25, "h": 25, "y": 1995.1251968503939, "x": 136.93070866141733, "structure_id": "Wi_46"}, {"parent_Field": null, "parent_Choice_Field": "Chf_30", "parent_ChoiceGroup": "Chgp_6", "w": 25, "h": 25, "y": 2030.0614173228348, "x": 136.93070866141733, "structure_id": "Wi_47"}, {"parent_Field": null, "parent_Choice_Field": "Chf_30", "parent_ChoiceGroup": "Chgp_6", "w": 1388.9692913385827, "h": 78.33858267716535, "y": 2030.9055118110236, "x": 173.8803149606299, "structure_id": "Wi_48"}, {"parent_Field": null, "parent_Choice_Field": "Chf_31", "parent_ChoiceGroup": "Chgp_7", "w": 25, "h": 25, "y": 1787.888976377953, "x": 95.30866141732284, "structure_id": "Wi_49"}, {"parent_Field": null, "parent_Choice_Field": "Chf_32", "parent_ChoiceGroup": "Chgp_7", "w": 25, "h": 25, "y": 1787.888976377953, "x": 211.97795275590553, "structure_id": "Wi_50"}, {"parent_Field": null, "parent_Choice_Field": "Chf_33", "parent_ChoiceGroup": "Chgp_8", "w": 25, "h": 25, "y": 198.88031496062993, "x": 135.1417322834646, "structure_id": "Wi_51"}, {"parent_Field": null, "parent_Choice_Field": "Chf_34", "parent_ChoiceGroup": "Chgp_8", "w": 25, "h": 25, "y": 198.88031496062993, "x": 288.1196850393701, "structure_id": "Wi_52"}, {"parent_Field": null, "parent_Choice_Field": "Chf_35", "parent_ChoiceGroup": "Chgp_8", "w": 25, "h": 25, "y": 198.88031496062993, "x": 459.7724409448819, "structure_id": "Wi_53"}, {"parent_Field": null, "parent_Choice_Field": "Chf_36", "parent_ChoiceGroup": "Chgp_8", "w": 25, "h": 25, "y": 198.88897637795276, "x": 637.2527559055119, "structure_id": "Wi_54"}, {"parent_Field": null, "parent_Choice_Field": "Chf_37", "parent_ChoiceGroup": "Chgp_8", "w": 25, "h": 25, "y": 198.88897637795276, "x": 806.763779527559, "structure_id": "Wi_55"}, {"parent_Field": null, "parent_Choice_Field": "Chf_38", "parent_ChoiceGroup": "Chgp_8", "w": 25, "h": 25, "y": 198.88031496062993, "x": 992.3385826771654, "structure_id": "Wi_56"}, {"parent_Field": null, "parent_Choice_Field": "Chf_38", "parent_ChoiceGroup": "Chgp_8", "w": 345.0078740157481, "h": 33.33070866141732, "y": 196.03070866141732, "x": 1199.8330708661417, "structure_id": "Wi_57"}, {"parent_Field": "Fi_16", "parent_Choice_Field": null, "parent_ChoiceGroup": null, "w": 200, "h": 33.33070866141732, "y": 1060.1803149606299, "x": 344.78031496062994, "structure_id": "Wi_58"}, {"parent_Field": "Fi_17", "parent_Choice_Field": null, "parent_ChoiceGroup": null, "w": 200, "h": 33.33070866141732, "y": 1021.5669291338583, "x": 344.78031496062994, "structure_id": "Wi_59"}, {"parent_Field": "Fi_18", "parent_Choice_Field": null, "parent_ChoiceGroup": null, "w": 912.9748031496064, "h": 33.33070866141732, "y": 1146.0078740157483, "x": 649.3779527559055, "structure_id": "Wi_60"}, {"parent_Field": "Fi_19", "parent_Choice_Field": null, "parent_ChoiceGroup": null, "w": 690.0165354330709, "h": 33.33070866141732, "y": 1098.8889763779528, "x": 872.3385826771654, "structure_id": "Wi_61"}, {"parent_Field": "Fi_20", "parent_Choice_Field": null, "parent_ChoiceGroup": null, "w": 200, "h": 33.33070866141732, "y": 1098.8889763779528, "x": 344.78031496062994, "structure_id": "Wi_62"}, {"parent_Field": "Fi_21", "parent_Choice_Field": null, "parent_ChoiceGroup": null, "w": 690.0165354330709, "h": 33.33070866141732, "y": 1021.5669291338583, "x": 872.3385826771654, "structure_id": "Wi_63"}, {"parent_Field": "Fi_22", "parent_Choice_Field": null, "parent_ChoiceGroup": null, "w": 690.0165354330709, "h": 33.33070866141732, "y": 1060.1803149606299, "x": 872.3385826771654, "structure_id": "Wi_64"}, {"parent_Field": null, "parent_Choice_Field": "Chf_39", "parent_ChoiceGroup": "Chgp_9", "w": 25, "h": 25, "y": 319.71417322834645, "x": 1215.1968503937007, "structure_id": "Wi_65"}, {"parent_Field": null, "parent_Choice_Field": "Chf_40", "parent_ChoiceGroup": "Chgp_9", "w": 25, "h": 25, "y": 319.71417322834645, "x": 1287.5748031496064, "structure_id": "Wi_66"}, {"parent_Field": null, "parent_Choice_Field": "Chf_41", "parent_ChoiceGroup": "Chgp_9", "w": 25, "h": 25, "y": 319.7220472440945, "x": 1364.9614173228347, "structure_id": "Wi_67"}, {"parent_Field": null, "parent_Choice_Field": "Chf_42", "parent_ChoiceGroup": "Chgp_9", "w": 25, "h": 25, "y": 319.7220472440945, "x": 1443.1669291338583, "structure_id": "Wi_68"}, {"parent_Field": null, "parent_Choice_Field": "Chf_43", "parent_ChoiceGroup": "Chgp_9", "w": 25, "h": 25, "y": 319.71417322834645, "x": 1518.1275590551181, "structure_id": "Wi_69"}, {"parent_Field": null, "parent_Choice_Field": "Chf_44", "parent_ChoiceGroup": "Chgp_10", "w": 25, "h": 25, "y": 317.11653543307085, "x": 99.24409448818898, "structure_id": "Wi_70"}, {"parent_Field": null, "parent_Choice_Field": "Chf_45", "parent_ChoiceGroup": "Chgp_10", "w": 25, "h": 25, "y": 317.11653543307085, "x": 195.58346456692914, "structure_id": "Wi_71"}, {"parent_Field": null, "parent_Choice_Field": "Chf_46", "parent_ChoiceGroup": "Chgp_11", "w": 25, "h": 25, "y": 513.0385826771653, "x": 678.1968503937009, "structure_id": "Wi_72"}, {"parent_Field": null, "parent_Choice_Field": "Chf_47", "parent_ChoiceGroup": "Chgp_11", "w": 25, "h": 25, "y": 513.0385826771653, "x": 778.9472440944883, "structure_id": "Wi_73"}, {"parent_Field": null, "parent_Choice_Field": "Chf_48", "parent_ChoiceGroup": "Chgp_12", "w": 25, "h": 25, "y": 547.3, "x": 678.1968503937009, "structure_id": "Wi_74"}, {"parent_Field": null, "parent_Choice_Field": "Chf_49", "parent_ChoiceGroup": "Chgp_12", "w": 25, "h": 25, "y": 547.3, "x": 778.9472440944883, "structure_id": "Wi_75"}, {"parent_Field": null, "parent_Choice_Field": "Chf_50", "parent_ChoiceGroup": "Chgp_13", "w": 25, "h": 25, "y": 764.8803149606299, "x": 257.0724409448819, "structure_id": "Wi_76"}, {"parent_Field": null, "parent_Choice_Field": "Chf_51", "parent_ChoiceGroup": "Chgp_13", "w": 25, "h": 25, "y": 799.9023622047245, "x": 257.0724409448819, "structure_id": "Wi_77"}, {"parent_Field": null, "parent_Choice_Field": "Chf_52", "parent_ChoiceGroup": "Chgp_13", "w": 25, "h": 25, "y": 764.8803149606299, "x": 392.72519685039373, "structure_id": "Wi_78"}, {"parent_Field": null, "parent_Choice_Field": "Chf_53", "parent_ChoiceGroup": "Chgp_13", "w": 25, "h": 25, "y": 799.9023622047245, "x": 496.1330708661418, "structure_id": "Wi_79"}, {"parent_Field": null, "parent_Choice_Field": "Chf_54", "parent_ChoiceGroup": "Chgp_13", "w": 25, "h": 25, "y": 764.8803149606299, "x": 496.1330708661418, "structure_id": "Wi_80"}, {"parent_Field": null, "parent_Choice_Field": "Chf_55", "parent_ChoiceGroup": "Chgp_13", "w": 25, "h": 25, "y": 764.8803149606299, "x": 604.592125984252, "structure_id": "Wi_81"}, {"parent_Field": null, "parent_Choice_Field": "Chf_56", "parent_ChoiceGroup": "Chgp_13", "w": 25, "h": 25, "y": 764.8803149606299, "x": 703.7496062992126, "structure_id": "Wi_82"}, {"parent_Field": null, "parent_Choice_Field": "Chf_57", "parent_ChoiceGroup": "Chgp_13", "w": 25, "h": 25, "y": 764.8803149606299, "x": 815.244094488189, "structure_id": "Wi_83"}, {"parent_Field": null, "parent_Choice_Field": "Chf_58", "parent_ChoiceGroup": "Chgp_14", "w": 25, "h": 25, "y": 839.6196850393701, "x": 258.77244094488185, "structure_id": "Wi_84"}, {"parent_Field": null, "parent_Choice_Field": "Chf_59", "parent_ChoiceGroup": "Chgp_14", "w": 25, "h": 25, "y": 874.6503937007874, "x": 258.77244094488185, "structure_id": "Wi_85"}, {"parent_Field": null, "parent_Choice_Field": "Chf_60", "parent_ChoiceGroup": "Chgp_14", "w": 25, "h": 25, "y": 839.6196850393701, "x": 394.4251968503937, "structure_id": "Wi_86"}, {"parent_Field": null, "parent_Choice_Field": "Chf_61", "parent_ChoiceGroup": "Chgp_14", "w": 25, "h": 25, "y": 874.6503937007874, "x": 497.83622047244097, "structure_id": "Wi_87"}, {"parent_Field": null, "parent_Choice_Field": "Chf_62", "parent_ChoiceGroup": "Chgp_14", "w": 25, "h": 25, "y": 839.6196850393701, "x": 497.83622047244097, "structure_id": "Wi_88"}, {"parent_Field": null, "parent_Choice_Field": "Chf_63", "parent_ChoiceGroup": "Chgp_14", "w": 25, "h": 25, "y": 839.6196850393701, "x": 606.2913385826772, "structure_id": "Wi_89"}, {"parent_Field": null, "parent_Choice_Field": "Chf_64", "parent_ChoiceGroup": "Chgp_14", "w": 25, "h": 25, "y": 839.6196850393701, "x": 705.4503937007873, "structure_id": "Wi_90"}, {"parent_Field": null, "parent_Choice_Field": "Chf_65", "parent_ChoiceGroup": "Chgp_14", "w": 25, "h": 25, "y": 839.6196850393701, "x": 816.9448818897638, "structure_id": "Wi_91"}, {"parent_Field": null, "parent_Choice_Field": "Chf_66", "parent_ChoiceGroup": "Chgp_15", "w": 25, "h": 25, "y": 406.8551181102362, "x": 107.23622047244095, "structure_id": "Wi_92"}, {"parent_Field": null, "parent_Choice_Field": "Chf_67", "parent_ChoiceGroup": "Chgp_15", "w": 25, "h": 25, "y": 441.6976377952756, "x": 107.23622047244095, "structure_id": "Wi_93"}, {"parent_Field": null, "parent_Choice_Field": "Chf_68", "parent_ChoiceGroup": "Chgp_15", "w": 25, "h": 25, "y": 476.5496062992126, "x": 107.23622047244095, "structure_id": "Wi_94"}, {"parent_Field": null, "parent_Choice_Field": "Chf_69", "parent_ChoiceGroup": "Chgp_15", "w": 25, "h": 25, "y": 511.392125984252, "x": 107.23622047244095, "structure_id": "Wi_95"}, {"parent_Field": null, "parent_Choice_Field": "Chf_70", "parent_ChoiceGroup": "Chgp_15", "w": 25, "h": 25, "y": 546.2330708661418, "x": 107.23622047244095, "structure_id": "Wi_96"}, {"parent_Field": null, "parent_Choice_Field": "Chf_71", "parent_ChoiceGroup": "Chgp_15", "w": 25, "h": 25, "y": 579.7614173228347, "x": 107.40314960629921, "structure_id": "Wi_97"}, {"parent_Field": null, "parent_Choice_Field": "Chf_72", "parent_ChoiceGroup": "Chgp_15", "w": 25, "h": 25, "y": 615.3275590551181, "x": 107.40314960629921, "structure_id": "Wi_98"}, {"parent_Field": null, "parent_Choice_Field": "Chf_73", "parent_ChoiceGroup": "Chgp_15", "w": 25, "h": 25, "y": 589.7944881889764, "x": 282.4031496062992, "structure_id": "Wi_99"}, {"parent_Field": null, "parent_Choice_Field": "Chf_73", "parent_ChoiceGroup": "Chgp_15", "w": 299.6692913385827, "h": 33.89763779527559, "y": 584.3858267716536, "x": 520.4976377952755, "structure_id": "Wi_100"}, {"parent_Field": null, "parent_Choice_Field": "Chf_74", "parent_ChoiceGroup": "Chgp_15", "w": 25, "h": 25, "y": 622.9307086614174, "x": 282.39448818897637, "structure_id": "Wi_101"}, {"parent_Field": null, "parent_Choice_Field": "Chf_74", "parent_ChoiceGroup": "Chgp_15", "w": 301.5275590551181, "h": 31.983464566929133, "y": 620.2141732283465, "x": 520.4976377952755, "structure_id": "Wi_102"}, {"parent_Field": null, "parent_Choice_Field": "Chf_75", "parent_ChoiceGroup": "Chgp_15", "w": 25, "h": 25, "y": 594.4976377952756, "x": 833.6779527559056, "structure_id": "Wi_103"}, {"parent_Field": null, "parent_Choice_Field": "Chf_75", "parent_ChoiceGroup": "Chgp_15", "w": 356.1669291338583, "h": 33.99212598425197, "y": 590.0779527559055, "x": 1067.0637795275593, "structure_id": "Wi_104"}, {"parent_Field": null, "parent_Choice_Field": "Chf_76", "parent_ChoiceGroup": "Chgp_15", "w": 25, "h": 25, "y": 628.5637795275591, "x": 833.6779527559056, "structure_id": "Wi_105"}, {"parent_Field": null, "parent_Choice_Field": "Chf_76", "parent_ChoiceGroup": "Chgp_15", "w": 356.1669291338583, "h": 30.1251968503937, "y": 627.7637795275591, "x": 1067.0637795275593, "structure_id": "Wi_106"}, {"parent_Field": null, "parent_Choice_Field": "Chf_77", "parent_ChoiceGroup": "Chgp_15", "w": 25, "h": 25, "y": 652.9496062992126, "x": 108.08031496062992, "structure_id": "Wi_107"}, {"parent_Field": null, "parent_Choice_Field": "Chf_77", "parent_ChoiceGroup": "Chgp_15", "w": 1226.6141732283465, "h": 33.33070866141732, "y": 651.5582677165355, "x": 307.61417322834643, "structure_id": "Wi_108"}, {"parent_Field": null, "parent_Choice_Field": "Chf_78", "parent_ChoiceGroup": "Chgp_15", "w": 25, "h": 25, "y": 694.8330708661417, "x": 107.40314960629921, "structure_id": "Wi_109"}, {"parent_Field": null, "parent_Choice_Field": "Chf_79", "parent_ChoiceGroup": "Chgp_15", "w": 25, "h": 25, "y": 906.0141732283465, "x": 107.40314960629921, "structure_id": "Wi_110"}, {"parent_Field": null, "parent_Choice_Field": "Chf_79", "parent_ChoiceGroup": "Chgp_15", "w": 1233.6692913385825, "h": 35.93622047244095, "y": 906.2141732283465, "x": 305.36141732283465, "structure_id": "Wi_111"}], "TextBlock": [{"parent_Field": "Fi_1", "parent_Choice_Field": null, "parent_ChoiceGroup": null, "w": 416, "h": 19, "y": 104, "x": 81, "structure_id": "Tb_1"}, {"parent_Field": null, "parent_Choice_Field": null, "parent_ChoiceGroup": null, "w": 521, "h": 22, "y": 1200, "x": 593, "structure_id": "Tb_2"}, {"parent_Field": "Fi_2", "parent_Choice_Field": null, "parent_ChoiceGroup": null, "w": 287, "h": 20, "y": 1723, "x": 795, "structure_id": "Tb_3"}, {"parent_Field": "Fi_3", "parent_Choice_Field": null, "parent_ChoiceGroup": null, "w": 471, "h": 22, "y": 1825, "x": 299, "structure_id": "Tb_4"}, {"parent_Field": "Fi_4", "parent_Choice_Field": null, "parent_ChoiceGroup": null, "w": 471, "h": 23, "y": 1929, "x": 299, "structure_id": "Tb_5"}, {"parent_Field": "Fi_5", "parent_Choice_Field": null, "parent_ChoiceGroup": null, "w": 471, "h": 22, "y": 1895, "x": 299, "structure_id": "Tb_6"}, {"parent_Field": "Fi_6", "parent_Choice_Field": null, "parent_ChoiceGroup": null, "w": 471, "h": 22, "y": 1860, "x": 299, "structure_id": "Tb_7"}, {"parent_Field": "Fi_7", "parent_Choice_Field": null, "parent_ChoiceGroup": null, "w": 471, "h": 23, "y": 1964, "x": 299, "structure_id": "Tb_8"}, {"parent_Field": "Fi_8", "parent_Choice_Field": null, "parent_ChoiceGroup": null, "w": 406, "h": 23, "y": 1999, "x": 299, "structure_id": "Tb_9"}, {"parent_Field": null, "parent_Choice_Field": null, "parent_ChoiceGroup": "Chgp_1", "w": 277, "h": 22, "y": 1270, "x": 309, "structure_id": "Tb_10"}, {"parent_Field": "Fi_9", "parent_Choice_Field": null, "parent_ChoiceGroup": "Chgp_1", "w": 95, "h": 19, "y": 1309, "x": 193, "structure_id": "Tb_11"}, {"parent_Field": "Fi_10", "parent_Choice_Field": null, "parent_ChoiceGroup": "Chgp_1", "w": 105, "h": 20, "y": 1344, "x": 193, "structure_id": "Tb_12"}, {"parent_Field": "Fi_11", "parent_Choice_Field": null, "parent_ChoiceGroup": "Chgp_1", "w": 153, "h": 19, "y": 1380, "x": 193, "structure_id": "Tb_13"}, {"parent_Field": "Fi_12", "parent_Choice_Field": null, "parent_ChoiceGroup": "Chgp_1", "w": 366, "h": 20, "y": 1415, "x": 193, "structure_id": "Tb_14"}, {"parent_Field": "Fi_13", "parent_Choice_Field": null, "parent_ChoiceGroup": "Chgp_1", "w": 66, "h": 19, "y": 1451, "x": 193, "structure_id": "Tb_15"}, {"parent_Field": null, "parent_Choice_Field": null, "parent_ChoiceGroup": "Chgp_2", "w": 51, "h": 19, "y": 1569, "x": 195, "structure_id": "Tb_16"}, {"parent_Field": null, "parent_Choice_Field": "Chf_1", "parent_ChoiceGroup": "Chgp_2", "w": 78, "h": 19, "y": 1569, "x": 297, "structure_id": "Tb_17"}, {"parent_Field": null, "parent_Choice_Field": "Chf_2", "parent_ChoiceGroup": "Chgp_2", "w": 166, "h": 19, "y": 1604, "x": 298, "structure_id": "Tb_18"}, {"parent_Field": null, "parent_Choice_Field": "Chf_3", "parent_ChoiceGroup": "Chgp_2", "w": 53, "h": 19, "y": 1569, "x": 433, "structure_id": "Tb_19"}, {"parent_Field": null, "parent_Choice_Field": "Chf_4", "parent_ChoiceGroup": "Chgp_2", "w": 45, "h": 19, "y": 1569, "x": 536, "structure_id": "Tb_20"}, {"parent_Field": null, "parent_Choice_Field": "Chf_5", "parent_ChoiceGroup": "Chgp_2", "w": 156, "h": 19, "y": 1604, "x": 536, "structure_id": "Tb_21"}, {"parent_Field": null, "parent_Choice_Field": "Chf_6", "parent_ChoiceGroup": "Chgp_2", "w": 30, "h": 19, "y": 1569, "x": 646, "structure_id": "Tb_22"}, {"parent_Field": null, "parent_Choice_Field": "Chf_7", "parent_ChoiceGroup": "Chgp_2", "w": 46, "h": 19, "y": 1569, "x": 752, "structure_id": "Tb_23"}, {"parent_Field": null, "parent_Choice_Field": "Chf_8", "parent_ChoiceGroup": "Chgp_2", "w": 144, "h": 19, "y": 1604, "x": 752, "structure_id": "Tb_24"}, {"parent_Field": null, "parent_Choice_Field": "Chf_9", "parent_ChoiceGroup": "Chgp_2", "w": 49, "h": 19, "y": 1569, "x": 926, "structure_id": "Tb_25"}, {"parent_Field": null, "parent_Choice_Field": "Chf_10", "parent_ChoiceGroup": "Chgp_2", "w": 133, "h": 19, "y": 1569, "x": 1109, "structure_id": "Tb_26"}, {"parent_Field": null, "parent_Choice_Field": null, "parent_ChoiceGroup": "Chgp_3", "w": 38, "h": 19, "y": 1646, "x": 195, "structure_id": "Tb_27"}, {"parent_Field": null, "parent_Choice_Field": "Chf_11", "parent_ChoiceGroup": "Chgp_3", "w": 78, "h": 19, "y": 1646, "x": 298, "structure_id": "Tb_28"}, {"parent_Field": null, "parent_Choice_Field": "Chf_12", "parent_ChoiceGroup": "Chgp_3", "w": 166, "h": 20, "y": 1681, "x": 298, "structure_id": "Tb_29"}, {"parent_Field": null, "parent_Choice_Field": "Chf_13", "parent_ChoiceGroup": "Chgp_3", "w": 53, "h": 19, "y": 1646, "x": 433, "structure_id": "Tb_30"}, {"parent_Field": null, "parent_Choice_Field": "Chf_14", "parent_ChoiceGroup": "Chgp_3", "w": 155, "h": 20, "y": 1681, "x": 537, "structure_id": "Tb_31"}, {"parent_Field": null, "parent_Choice_Field": "Chf_15", "parent_ChoiceGroup": "Chgp_3", "w": 44, "h": 19, "y": 1646, "x": 537, "structure_id": "Tb_32"}, {"parent_Field": null, "parent_Choice_Field": "Chf_16", "parent_ChoiceGroup": "Chgp_3", "w": 29, "h": 19, "y": 1646, "x": 647, "structure_id": "Tb_33"}, {"parent_Field": null, "parent_Choice_Field": "Chf_17", "parent_ChoiceGroup": "Chgp_3", "w": 46, "h": 19, "y": 1646, "x": 752, "structure_id": "Tb_34"}, {"parent_Field": null, "parent_Choice_Field": "Chf_18", "parent_ChoiceGroup": "Chgp_3", "w": 144, "h": 20, "y": 1681, "x": 752, "structure_id": "Tb_35"}, {"parent_Field": null, "parent_Choice_Field": "Chf_19", "parent_ChoiceGroup": "Chgp_3", "w": 48, "h": 19, "y": 1646, "x": 927, "structure_id": "Tb_36"}, {"parent_Field": null, "parent_Choice_Field": "Chf_20", "parent_ChoiceGroup": "Chgp_3", "w": 133, "h": 19, "y": 1646, "x": 1109, "structure_id": "Tb_37"}, {"parent_Field": null, "parent_Choice_Field": null, "parent_ChoiceGroup": "Chgp_4", "w": 558, "h": 22, "y": 1480, "x": 153, "structure_id": "Tb_38"}, {"parent_Field": null, "parent_Choice_Field": "Chf_21", "parent_ChoiceGroup": "Chgp_4", "w": 1095, "h": 43, "y": 1509, "x": 195, "structure_id": "Tb_39"}, {"parent_Field": null, "parent_Choice_Field": "Chf_22", "parent_ChoiceGroup": "Chgp_4", "w": 215, "h": 19, "y": 1723, "x": 225, "structure_id": "Tb_40"}, {"parent_Field": null, "parent_Choice_Field": "Chf_23", "parent_ChoiceGroup": "Chgp_4", "w": 275, "h": 19, "y": 1723, "x": 501, "structure_id": "Tb_41"}, {"parent_Field": null, "parent_Choice_Field": null, "parent_ChoiceGroup": "Chgp_5", "w": 1380, "h": 20, "y": 1235, "x": 101, "structure_id": "Tb_42"}, {"parent_Field": "Fi_14", "parent_Choice_Field": null, "parent_ChoiceGroup": "Chgp_5", "w": 39, "h": 19, "y": 1273, "x": 149, "structure_id": "Tb_43"}, {"parent_Field": "Fi_15", "parent_Choice_Field": null, "parent_ChoiceGroup": "Chgp_5", "w": 30, "h": 19, "y": 1273, "x": 267, "structure_id": "Tb_44"}, {"parent_Field": null, "parent_Choice_Field": null, "parent_ChoiceGroup": "Chgp_6", "w": 276, "h": 23, "y": 1791, "x": 291, "structure_id": "Tb_45"}, {"parent_Field": null, "parent_Choice_Field": "Chf_24", "parent_ChoiceGroup": "Chgp_6", "w": 39, "h": 19, "y": 1826, "x": 170, "structure_id": "Tb_46"}, {"parent_Field": null, "parent_Choice_Field": "Chf_25", "parent_ChoiceGroup": "Chgp_6", "w": 73, "h": 19, "y": 1861, "x": 170, "structure_id": "Tb_47"}, {"parent_Field": null, "parent_Choice_Field": "Chf_26", "parent_ChoiceGroup": "Chgp_6", "w": 103, "h": 19, "y": 1896, "x": 170, "structure_id": "Tb_48"}, {"parent_Field": null, "parent_Choice_Field": "Chf_27", "parent_ChoiceGroup": "Chgp_6", "w": 83, "h": 19, "y": 1931, "x": 170, "structure_id": "Tb_49"}, {"parent_Field": null, "parent_Choice_Field": "Chf_28", "parent_ChoiceGroup": "Chgp_6", "w": 68, "h": 19, "y": 1966, "x": 170, "structure_id": "Tb_50"}, {"parent_Field": null, "parent_Choice_Field": "Chf_29", "parent_ChoiceGroup": "Chgp_6", "w": 67, "h": 19, "y": 2001, "x": 170, "structure_id": "Tb_51"}, {"parent_Field": null, "parent_Choice_Field": "Chf_30", "parent_ChoiceGroup": "Chgp_6", "w": 3.880314960629903, "h": 19, "y": 2036, "x": 170, "structure_id": "Tb_52"}, {"parent_Field": null, "parent_Choice_Field": null, "parent_ChoiceGroup": "Chgp_7", "w": 1298, "h": 19, "y": 1757, "x": 97, "structure_id": "Tb_53"}, {"parent_Field": null, "parent_Choice_Field": "Chf_31", "parent_ChoiceGroup": "Chgp_7", "w": 39, "h": 20, "y": 1793, "x": 132, "structure_id": "Tb_54"}, {"parent_Field": null, "parent_Choice_Field": "Chf_32", "parent_ChoiceGroup": "Chgp_7", "w": 29, "h": 20, "y": 1793, "x": 251, "structure_id": "Tb_55"}, {"parent_Field": null, "parent_Choice_Field": null, "parent_ChoiceGroup": null, "w": 451, "h": 22, "y": 136, "x": 627, "structure_id": "Tb_56"}, {"parent_Field": null, "parent_Choice_Field": null, "parent_ChoiceGroup": "Chgp_8", "w": 777, "h": 19, "y": 169, "x": 98, "structure_id": "Tb_57"}, {"parent_Field": null, "parent_Choice_Field": "Chf_33", "parent_ChoiceGroup": "Chgp_8", "w": 66, "h": 20, "y": 204, "x": 179, "structure_id": "Tb_58"}, {"parent_Field": null, "parent_Choice_Field": "Chf_34", "parent_ChoiceGroup": "Chgp_8", "w": 106, "h": 20, "y": 204, "x": 332, "structure_id": "Tb_59"}, {"parent_Field": null, "parent_Choice_Field": "Chf_35", "parent_ChoiceGroup": "Chgp_8", "w": 91, "h": 20, "y": 204, "x": 503, "structure_id": "Tb_60"}, {"parent_Field": null, "parent_Choice_Field": "Chf_36", "parent_ChoiceGroup": "Chgp_8", "w": 90, "h": 20, "y": 204, "x": 681, "structure_id": "Tb_61"}, {"parent_Field": null, "parent_Choice_Field": "Chf_37", "parent_ChoiceGroup": "Chgp_8", "w": 106, "h": 20, "y": 204, "x": 850, "structure_id": "Tb_62"}, {"parent_Field": null, "parent_Choice_Field": "Chf_38", "parent_ChoiceGroup": "Chgp_8", "w": 152, "h": 20, "y": 204, "x": 1036, "structure_id": "Tb_63"}, {"parent_Field": null, "parent_Choice_Field": null, "parent_ChoiceGroup": null, "w": 308, "h": 19, "y": 2124, "x": 82, "structure_id": "Tb_64"}, {"parent_Field": null, "parent_Choice_Field": null, "parent_ChoiceGroup": null, "w": 70, "h": 22, "y": 2126, "x": 1543, "structure_id": "Tb_65"}, {"parent_Field": null, "parent_Choice_Field": null, "parent_ChoiceGroup": null, "w": 423, "h": 22, "y": 253, "x": 643, "structure_id": "Tb_66"}, {"parent_Field": "Fi_16", "parent_Choice_Field": null, "parent_ChoiceGroup": null, "w": 194, "h": 20, "y": 1071, "x": 133, "structure_id": "Tb_67"}, {"parent_Field": "Fi_17", "parent_Choice_Field": null, "parent_ChoiceGroup": null, "w": 194, "h": 20, "y": 1035, "x": 133, "structure_id": "Tb_68"}, {"parent_Field": null, "parent_Choice_Field": null, "parent_ChoiceGroup": null, "w": 257, "h": 19, "y": 999, "x": 133, "structure_id": "Tb_69"}, {"parent_Field": "Fi_18", "parent_Choice_Field": null, "parent_ChoiceGroup": null, "w": 502, "h": 20, "y": 1155, "x": 133, "structure_id": "Tb_70"}, {"parent_Field": "Fi_19", "parent_Choice_Field": null, "parent_ChoiceGroup": null, "w": 221, "h": 19, "y": 1107, "x": 634, "structure_id": "Tb_71"}, {"parent_Field": "Fi_20", "parent_Choice_Field": null, "parent_ChoiceGroup": null, "w": 194, "h": 19, "y": 1107, "x": 133, "structure_id": "Tb_72"}, {"parent_Field": "Fi_21", "parent_Choice_Field": null, "parent_ChoiceGroup": null, "w": 221, "h": 20, "y": 1035, "x": 634, "structure_id": "Tb_73"}, {"parent_Field": "Fi_22", "parent_Choice_Field": null, "parent_ChoiceGroup": null, "w": 221, "h": 20, "y": 1071, "x": 634, "structure_id": "Tb_74"}, {"parent_Field": null, "parent_Choice_Field": null, "parent_ChoiceGroup": "Chgp_9", "w": 393, "h": 19, "y": 323, "x": 817, "structure_id": "Tb_75"}, {"parent_Field": null, "parent_Choice_Field": "Chf_39", "parent_ChoiceGroup": "Chgp_9", "w": 15, "h": 24.0, "y": 322.03125, "x": 1248, "structure_id": "Tb_76"}, {"parent_Field": null, "parent_Choice_Field": "Chf_40", "parent_ChoiceGroup": "Chgp_9", "w": 18, "h": 27.0, "y": 320.03125, "x": 1320, "structure_id": "Tb_77"}, {"parent_Field": null, "parent_Choice_Field": "Chf_41", "parent_ChoiceGroup": "Chgp_9", "w": 21.32094139364517, "h": 33.0, "y": 314.03125, "x": 1393, "structure_id": "Tb_78"}, {"parent_Field": null, "parent_Choice_Field": "Chf_42", "parent_ChoiceGroup": "Chgp_9", "w": 19, "h": 33.0, "y": 317.03125, "x": 1476, "structure_id": "Tb_79"}, {"parent_Field": null, "parent_Choice_Field": "Chf_43", "parent_ChoiceGroup": "Chgp_9", "w": 83, "h": 20, "y": 325, "x": 1555, "structure_id": "Tb_80"}, {"parent_Field": null, "parent_Choice_Field": null, "parent_ChoiceGroup": "Chgp_10", "w": 1369, "h": 19, "y": 286, "x": 100, "structure_id": "Tb_81"}, {"parent_Field": null, "parent_Choice_Field": "Chf_44", "parent_ChoiceGroup": "Chgp_10", "w": 39, "h": 19, "y": 323, "x": 136, "structure_id": "Tb_82"}, {"parent_Field": null, "parent_Choice_Field": "Chf_45", "parent_ChoiceGroup": "Chgp_10", "w": 30, "h": 19, "y": 323, "x": 231, "structure_id": "Tb_83"}, {"parent_Field": null, "parent_Choice_Field": null, "parent_ChoiceGroup": null, "w": 319, "h": 22, "y": 730, "x": 151, "structure_id": "Tb_84"}, {"parent_Field": null, "parent_Choice_Field": null, "parent_ChoiceGroup": null, "w": 544, "h": 19, "y": 324, "x": 270, "structure_id": "Tb_85"}, {"parent_Field": null, "parent_Choice_Field": null, "parent_ChoiceGroup": "Chgp_11", "w": 119, "h": 19, "y": 517, "x": 542, "structure_id": "Tb_86"}, {"parent_Field": null, "parent_Choice_Field": "Chf_46", "parent_ChoiceGroup": "Chgp_11", "w": 45, "h": 19, "y": 516, "x": 711, "structure_id": "Tb_87"}, {"parent_Field": null, "parent_Choice_Field": "Chf_47", "parent_ChoiceGroup": "Chgp_11", "w": 33, "h": 19, "y": 516, "x": 811, "structure_id": "Tb_88"}, {"parent_Field": null, "parent_Choice_Field": null, "parent_ChoiceGroup": "Chgp_12", "w": 119, "h": 19, "y": 552, "x": 542, "structure_id": "Tb_89"}, {"parent_Field": null, "parent_Choice_Field": "Chf_48", "parent_ChoiceGroup": "Chgp_12", "w": 45, "h": 20, "y": 550, "x": 711, "structure_id": "Tb_90"}, {"parent_Field": null, "parent_Choice_Field": "Chf_49", "parent_ChoiceGroup": "Chgp_12", "w": 33, "h": 20, "y": 550, "x": 811, "structure_id": "Tb_91"}, {"parent_Field": null, "parent_Choice_Field": null, "parent_ChoiceGroup": "Chgp_13", "w": 51, "h": 20, "y": 770, "x": 189, "structure_id": "Tb_92"}, {"parent_Field": null, "parent_Choice_Field": "Chf_50", "parent_ChoiceGroup": "Chgp_13", "w": 78, "h": 20, "y": 770, "x": 290, "structure_id": "Tb_93"}, {"parent_Field": null, "parent_Choice_Field": "Chf_51", "parent_ChoiceGroup": "Chgp_13", "w": 166, "h": 20, "y": 805, "x": 291, "structure_id": "Tb_94"}, {"parent_Field": null, "parent_Choice_Field": "Chf_52", "parent_ChoiceGroup": "Chgp_13", "w": 53, "h": 20, "y": 770, "x": 426, "structure_id": "Tb_95"}, {"parent_Field": null, "parent_Choice_Field": "Chf_53", "parent_ChoiceGroup": "Chgp_13", "w": 156, "h": 20, "y": 805, "x": 529, "structure_id": "Tb_96"}, {"parent_Field": null, "parent_Choice_Field": "Chf_54", "parent_ChoiceGroup": "Chgp_13", "w": 45, "h": 20, "y": 770, "x": 529, "structure_id": "Tb_97"}, {"parent_Field": null, "parent_Choice_Field": "Chf_55", "parent_ChoiceGroup": "Chgp_13", "w": 30, "h": 20, "y": 770, "x": 639, "structure_id": "Tb_98"}, {"parent_Field": null, "parent_Choice_Field": "Chf_56", "parent_ChoiceGroup": "Chgp_13", "w": 46, "h": 20, "y": 770, "x": 737, "structure_id": "Tb_99"}, {"parent_Field": null, "parent_Choice_Field": "Chf_57", "parent_ChoiceGroup": "Chgp_13", "w": 49, "h": 20, "y": 770, "x": 849, "structure_id": "Tb_100"}, {"parent_Field": null, "parent_Choice_Field": null, "parent_ChoiceGroup": "Chgp_14", "w": 38, "h": 19, "y": 843, "x": 189, "structure_id": "Tb_101"}, {"parent_Field": null, "parent_Choice_Field": "Chf_58", "parent_ChoiceGroup": "Chgp_14", "w": 78, "h": 20, "y": 845, "x": 292, "structure_id": "Tb_102"}, {"parent_Field": null, "parent_Choice_Field": "Chf_59", "parent_ChoiceGroup": "Chgp_14", "w": 167, "h": 20, "y": 880, "x": 292, "structure_id": "Tb_103"}, {"parent_Field": null, "parent_Choice_Field": "Chf_60", "parent_ChoiceGroup": "Chgp_14", "w": 53, "h": 20, "y": 845, "x": 428, "structure_id": "Tb_104"}, {"parent_Field": null, "parent_Choice_Field": "Chf_61", "parent_ChoiceGroup": "Chgp_14", "w": 156, "h": 20, "y": 880, "x": 531, "structure_id": "Tb_105"}, {"parent_Field": null, "parent_Choice_Field": "Chf_62", "parent_ChoiceGroup": "Chgp_14", "w": 44, "h": 20, "y": 845, "x": 531, "structure_id": "Tb_106"}, {"parent_Field": null, "parent_Choice_Field": "Chf_63", "parent_ChoiceGroup": "Chgp_14", "w": 29, "h": 20, "y": 845, "x": 641, "structure_id": "Tb_107"}, {"parent_Field": null, "parent_Choice_Field": "Chf_64", "parent_ChoiceGroup": "Chgp_14", "w": 45, "h": 20, "y": 845, "x": 739, "structure_id": "Tb_108"}, {"parent_Field": null, "parent_Choice_Field": "Chf_65", "parent_ChoiceGroup": "Chgp_14", "w": 48, "h": 20, "y": 845, "x": 851, "structure_id": "Tb_109"}, {"parent_Field": null, "parent_Choice_Field": null, "parent_ChoiceGroup": "Chgp_15", "w": 612, "h": 22, "y": 363, "x": 96, "structure_id": "Tb_110"}, {"parent_Field": null, "parent_Choice_Field": "Chf_66", "parent_ChoiceGroup": "Chgp_15", "w": 68, "h": 20, "y": 412, "x": 151, "structure_id": "Tb_111"}, {"parent_Field": null, "parent_Choice_Field": "Chf_67", "parent_ChoiceGroup": "Chgp_15", "w": 220, "h": 20, "y": 447, "x": 151, "structure_id": "Tb_112"}, {"parent_Field": null, "parent_Choice_Field": "Chf_68", "parent_ChoiceGroup": "Chgp_15", "w": 301, "h": 20, "y": 482, "x": 151, "structure_id": "Tb_113"}, {"parent_Field": null, "parent_Choice_Field": "Chf_69", "parent_ChoiceGroup": "Chgp_15", "w": 350, "h": 19, "y": 517, "x": 151, "structure_id": "Tb_114"}, {"parent_Field": null, "parent_Choice_Field": "Chf_70", "parent_ChoiceGroup": "Chgp_15", "w": 354, "h": 19, "y": 552, "x": 151, "structure_id": "Tb_115"}, {"parent_Field": null, "parent_Choice_Field": "Chf_71", "parent_ChoiceGroup": "Chgp_15", "w": 105, "h": 20, "y": 585, "x": 151, "structure_id": "Tb_116"}, {"parent_Field": null, "parent_Choice_Field": "Chf_72", "parent_ChoiceGroup": "Chgp_15", "w": 71, "h": 19, "y": 621, "x": 152, "structure_id": "Tb_117"}, {"parent_Field": null, "parent_Choice_Field": "Chf_73", "parent_ChoiceGroup": "Chgp_15", "w": 189, "h": 19, "y": 593, "x": 317, "structure_id": "Tb_118"}, {"parent_Field": null, "parent_Choice_Field": "Chf_74", "parent_ChoiceGroup": "Chgp_15", "w": 189, "h": 19, "y": 626, "x": 317, "structure_id": "Tb_119"}, {"parent_Field": null, "parent_Choice_Field": "Chf_75", "parent_ChoiceGroup": "Chgp_15", "w": 176, "h": 20, "y": 597, "x": 873, "structure_id": "Tb_120"}, {"parent_Field": null, "parent_Choice_Field": "Chf_76", "parent_ChoiceGroup": "Chgp_15", "w": 176, "h": 20, "y": 631, "x": 873, "structure_id": "Tb_121"}, {"parent_Field": null, "parent_Choice_Field": "Chf_77", "parent_ChoiceGroup": "Chgp_15", "w": 148, "h": 19, "y": 659, "x": 152, "structure_id": "Tb_122"}, {"parent_Field": null, "parent_Choice_Field": "Chf_78", "parent_ChoiceGroup": "Chgp_15", "w": 239, "h": 20, "y": 700, "x": 151, "structure_id": "Tb_123"}, {"parent_Field": null, "parent_Choice_Field": "Chf_79", "parent_ChoiceGroup": "Chgp_15", "w": 148, "h": 19, "y": 915, "x": 152, "structure_id": "Tb_124"}, {"parent_Field": null, "parent_Choice_Field": null, "parent_ChoiceGroup": null, "w": 371, "h": 19, "y": 964, "x": 99, "structure_id": "Tb_125"}], "Choice_Field": [{"y": 1563.0779527559055, "x": 264.18031496062997, "structure_id": "Chf_1", "w": 110.81968503937003, "h": 25}, {"y": 1598.108661417323, "x": 264.18031496062997, "structure_id": "Chf_2", "w": 199.81968503937003, "h": 25}, {"y": 1563.0779527559055, "x": 399.83622047244097, "structure_id": "Chf_3", "w": 86.16377952755903, "h": 25}, {"y": 1563.0779527559055, "x": 503.244094488189, "structure_id": "Chf_4", "w": 77.75590551181102, "h": 25}, {"y": 1598.108661417323, "x": 503.244094488189, "structure_id": "Chf_5", "w": 188.75590551181102, "h": 25}, {"y": 1563.0779527559055, "x": 611.7023622047245, "structure_id": "Chf_6", "w": 64.29763779527548, "h": 25}, {"y": 1563.0779527559055, "x": 718.6858267716536, "structure_id": "Chf_7", "w": 79.31417322834636, "h": 25}, {"y": 1598.108661417323, "x": 718.6858267716536, "structure_id": "Chf_8", "w": 177.31417322834636, "h": 25}, {"y": 1563.0779527559055, "x": 893.0165354330709, "structure_id": "Chf_9", "w": 81.98346456692911, "h": 25}, {"y": 1563.0779527559055, "x": 1075.7559055118109, "structure_id": "Chf_10", "w": 166.24409448818915, "h": 25}, {"y": 1640.4944881889762, "x": 264.38582677165357, "structure_id": "Chf_11", "w": 111.61417322834643, "h": 25}, {"y": 1675.5330708661418, "x": 264.38582677165357, "structure_id": "Chf_12", "w": 199.61417322834643, "h": 25.46692913385823}, {"y": 1640.4944881889762, "x": 400.0385826771654, "structure_id": "Chf_13", "w": 85.96141732283462, "h": 25}, {"y": 1675.5330708661418, "x": 503.4503937007874, "structure_id": "Chf_14", "w": 188.5496062992126, "h": 25.46692913385823}, {"y": 1640.4944881889762, "x": 503.4503937007874, "structure_id": "Chf_15", "w": 77.5496062992126, "h": 25}, {"y": 1640.4944881889762, "x": 611.9055118110236, "structure_id": "Chf_16", "w": 64.09448818897636, "h": 25}, {"y": 1640.4944881889762, "x": 718.8913385826772, "structure_id": "Chf_17", "w": 79.10866141732276, "h": 25}, {"y": 1675.5330708661418, "x": 718.8913385826772, "structure_id": "Chf_18", "w": 177.10866141732276, "h": 25.46692913385823}, {"y": 1640.4944881889762, "x": 893.2220472440946, "structure_id": "Chf_19", "w": 81.7779527559054, "h": 25}, {"y": 1640.4944881889762, "x": 1075.7559055118109, "structure_id": "Chf_20", "w": 166.24409448818915, "h": 25}, {"y": 1509, "x": 157.58346456692914, "structure_id": "Chf_21", "w": 1132.4165354330707, "h": 43}, {"y": 1717.336220472441, "x": 191.09448818897638, "structure_id": "Chf_22", "w": 248.90551181102362, "h": 25}, {"y": 1717.336220472441, "x": 467.0724409448819, "structure_id": "Chf_23", "w": 308.9275590551181, "h": 25}, {"y": 1820.4858267716536, "x": 136.93070866141733, "structure_id": "Chf_24", "w": 72.06929133858267, "h": 25}, {"y": 1855.4141732283465, "x": 136.93070866141733, "structure_id": "Chf_25", "w": 106.06929133858267, "h": 25}, {"y": 1890.336220472441, "x": 136.93070866141733, "structure_id": "Chf_26", "w": 136.06929133858267, "h": 25}, {"y": 1925.2669291338582, "x": 136.93070866141733, "structure_id": "Chf_27", "w": 116.06929133858267, "h": 25}, {"y": 1960.1944881889763, "x": 136.93070866141733, "structure_id": "Chf_28", "w": 101.06929133858267, "h": 25}, {"y": 1995.1251968503939, "x": 136.93070866141733, "structure_id": "Chf_29", "w": 100.06929133858267, "h": 25}, {"y": 2030.0614173228348, "x": 136.93070866141733, "structure_id": "Chf_30", "w": 1425.9188976377952, "h": 79.18267716535433}, {"y": 1787.888976377953, "x": 95.30866141732284, "structure_id": "Chf_31", "w": 75.69133858267716, "h": 25.111023622047014}, {"y": 1787.888976377953, "x": 211.97795275590553, "structure_id": "Chf_32", "w": 68.02204724409447, "h": 25.111023622047014}, {"y": 198.88031496062993, "x": 135.1417322834646, "structure_id": "Chf_33", "w": 109.85826771653541, "h": 25.11968503937007}, {"y": 198.88031496062993, "x": 288.1196850393701, "structure_id": "Chf_34", "w": 149.8803149606299, "h": 25.11968503937007}, {"y": 198.88031496062993, "x": 459.7724409448819, "structure_id": "Chf_35", "w": 134.2275590551181, "h": 25.11968503937007}, {"y": 198.88897637795276, "x": 637.2527559055119, "structure_id": "Chf_36", "w": 133.7472440944881, "h": 25.11102362204724}, {"y": 198.88897637795276, "x": 806.763779527559, "structure_id": "Chf_37", "w": 149.236220472441, "h": 25.11102362204724}, {"y": 196.03070866141732, "x": 992.3385826771654, "structure_id": "Chf_38", "w": 552.5023622047244, "h": 33.33070866141733}, {"y": 319.71417322834645, "x": 1215.1968503937007, "structure_id": "Chf_39", "w": 47.80314960629926, "h": 26.317076771653547}, {"y": 319.71417322834645, "x": 1287.5748031496064, "structure_id": "Chf_40", "w": 50.425196850393604, "h": 27.317076771653547}, {"y": 314.03125, "x": 1364.9614173228347, "structure_id": "Chf_41", "w": 49.359524070810494, "h": 33}, {"y": 317.03125, "x": 1443.1669291338583, "structure_id": "Chf_42", "w": 51.833070866141725, "h": 33}, {"y": 319.71417322834645, "x": 1518.1275590551181, "structure_id": "Chf_43", "w": 119.87244094488187, "h": 25.285826771653547}, {"y": 317.11653543307085, "x": 99.24409448818898, "structure_id": "Chf_44", "w": 75.75590551181102, "h": 25}, {"y": 317.11653543307085, "x": 195.58346456692914, "structure_id": "Chf_45", "w": 65.41653543307086, "h": 25}, {"y": 513.0385826771653, "x": 678.1968503937009, "structure_id": "Chf_46", "w": 77.80314960629914, "h": 25}, {"y": 513.0385826771653, "x": 778.9472440944883, "structure_id": "Chf_47", "w": 65.05275590551173, "h": 25}, {"y": 547.3, "x": 678.1968503937009, "structure_id": "Chf_48", "w": 77.80314960629914, "h": 25}, {"y": 547.3, "x": 778.9472440944883, "structure_id": "Chf_49", "w": 65.05275590551173, "h": 25}, {"y": 764.8803149606299, "x": 257.0724409448819, "structure_id": "Chf_50", "w": 110.92755905511808, "h": 25.119685039370097}, {"y": 799.9023622047245, "x": 257.0724409448819, "structure_id": "Chf_51", "w": 199.92755905511808, "h": 25.097637795275546}, {"y": 764.8803149606299, "x": 392.72519685039373, "structure_id": "Chf_52", "w": 86.27480314960627, "h": 25.119685039370097}, {"y": 799.9023622047245, "x": 496.1330708661418, "structure_id": "Chf_53", "w": 188.8669291338582, "h": 25.097637795275546}, {"y": 764.8803149606299, "x": 496.1330708661418, "structure_id": "Chf_54", "w": 77.8669291338582, "h": 25.119685039370097}, {"y": 764.8803149606299, "x": 604.592125984252, "structure_id": "Chf_55", "w": 64.407874015748, "h": 25.119685039370097}, {"y": 764.8803149606299, "x": 703.7496062992126, "structure_id": "Chf_56", "w": 79.25039370078741, "h": 25.119685039370097}, {"y": 764.8803149606299, "x": 815.244094488189, "structure_id": "Chf_57", "w": 82.75590551181097, "h": 25.119685039370097}, {"y": 839.6196850393701, "x": 258.77244094488185, "structure_id": "Chf_58", "w": 111.22755905511815, "h": 25.380314960629903}, {"y": 874.6503937007874, "x": 258.77244094488185, "structure_id": "Chf_59", "w": 200.22755905511815, "h": 25.34960629921261}, {"y": 839.6196850393701, "x": 394.4251968503937, "structure_id": "Chf_60", "w": 86.57480314960628, "h": 25.380314960629903}, {"y": 874.6503937007874, "x": 497.83622047244097, "structure_id": "Chf_61", "w": 189.16377952755903, "h": 25.34960629921261}, {"y": 839.6196850393701, "x": 497.83622047244097, "structure_id": "Chf_62", "w": 77.16377952755903, "h": 25.380314960629903}, {"y": 839.6196850393701, "x": 606.2913385826772, "structure_id": "Chf_63", "w": 63.70866141732279, "h": 25.380314960629903}, {"y": 839.6196850393701, "x": 705.4503937007873, "structure_id": "Chf_64", "w": 78.54960629921266, "h": 25.380314960629903}, {"y": 839.6196850393701, "x": 816.9448818897638, "structure_id": "Chf_65", "w": 82.05511811023621, "h": 25.380314960629903}, {"y": 406.8551181102362, "x": 107.23622047244095, "structure_id": "Chf_66", "w": 111.76377952755905, "h": 25.14488188976378}, {"y": 441.6976377952756, "x": 107.23622047244095, "structure_id": "Chf_67", "w": 263.76377952755905, "h": 25.302362204724375}, {"y": 476.5496062992126, "x": 107.23622047244095, "structure_id": "Chf_68", "w": 344.76377952755905, "h": 25.4503937007874}, {"y": 511.392125984252, "x": 107.23622047244095, "structure_id": "Chf_69", "w": 393.76377952755905, "h": 25.000000000000057}, {"y": 546.2330708661418, "x": 107.23622047244095, "structure_id": "Chf_70", "w": 397.76377952755905, "h": 25}, {"y": 579.7614173228347, "x": 107.40314960629921, "structure_id": "Chf_71", "w": 148.59685039370078, "h": 25.238582677165255}, {"y": 615.3275590551181, "x": 107.40314960629921, "structure_id": "Chf_72", "w": 115.59685039370079, "h": 25}, {"y": 584.3858267716536, "x": 282.4031496062992, "structure_id": "Chf_73", "w": 537.7637795275591, "h": 33.897637795275614}, {"y": 620.2141732283465, "x": 282.39448818897637, "structure_id": "Chf_74", "w": 539.6307086614172, "h": 31.983464566929115}, {"y": 590.0779527559055, "x": 833.6779527559056, "structure_id": "Chf_75", "w": 589.552755905512, "h": 33.99212598425197}, {"y": 627.7637795275591, "x": 833.6779527559056, "structure_id": "Chf_76", "w": 589.552755905512, "h": 30.12519685039365}, {"y": 651.5582677165355, "x": 108.08031496062992, "structure_id": "Chf_77", "w": 1426.1480314960631, "h": 33.33070866141736}, {"y": 694.8330708661417, "x": 107.40314960629921, "structure_id": "Chf_78", "w": 282.5968503937008, "h": 25.166929133858275}, {"y": 906.0141732283465, "x": 107.40314960629921, "structure_id": "Chf_79", "w": 1431.627559055118, "h": 36.13622047244087}], "Field": [{"y": 75.18031496062993, "x": 81, "structure_id": "Fi_1", "w": 946.4637795275592, "h": 47.81968503937007}, {"y": 1715.3141732283466, "x": 795, "structure_id": "Fi_2", "w": 476.1330708661417, "h": 36.583464566929024}, {"y": 1815.455118110236, "x": 299, "structure_id": "Fi_3", "w": 1266.4338582677165, "h": 33.33070866141725}, {"y": 1918.416535433071, "x": 299, "structure_id": "Fi_4", "w": 1266.4338582677165, "h": 33.583464566929024}, {"y": 1884.6858267716536, "x": 299, "structure_id": "Fi_5", "w": 1266.4338582677165, "h": 33.33070866141725}, {"y": 1850.8275590551182, "x": 299, "structure_id": "Fi_6", "w": 1266.4338582677165, "h": 33.33070866141725}, {"y": 1953.0307086614173, "x": 299, "structure_id": "Fi_7", "w": 1266.4338582677165, "h": 33.96929133858271}, {"y": 1989.6913385826772, "x": 299, "structure_id": "Fi_8", "w": 1266.1590551181102, "h": 33.33070866141725}, {"y": 1303.4, "x": 155.5275590551181, "structure_id": "Fi_9", "w": 132.4724409448819, "h": 25}, {"y": 1338.8889763779528, "x": 155.5275590551181, "structure_id": "Fi_10", "w": 142.4724409448819, "h": 25.11102362204724}, {"y": 1374.3834645669292, "x": 155.5275590551181, "structure_id": "Fi_11", "w": 190.4724409448819, "h": 25}, {"y": 1409.8724409448819, "x": 155.5275590551181, "structure_id": "Fi_12", "w": 403.4724409448819, "h": 25.127559055118127}, {"y": 1445.3669291338583, "x": 155.5275590551181, "structure_id": "Fi_13", "w": 103.4724409448819, "h": 25}, {"y": 1267.1385826771655, "x": 111.78031496062992, "structure_id": "Fi_14", "w": 76.21968503937008, "h": 25}, {"y": 1267.1385826771655, "x": 228.4503937007874, "structure_id": "Fi_15", "w": 68.5496062992126, "h": 25}, {"y": 1060.1803149606299, "x": 133, "structure_id": "Fi_16", "w": 411.78031496063, "h": 33.33070866141725}, {"y": 1021.5669291338583, "x": 133, "structure_id": "Fi_17", "w": 411.78031496063, "h": 33.43307086614175}, {"y": 1146.0078740157483, "x": 133, "structure_id": "Fi_18", "w": 1429.352755905512, "h": 33.33070866141725}, {"y": 1098.8889763779528, "x": 634, "structure_id": "Fi_19", "w": 928.3551181102362, "h": 33.33070866141725}, {"y": 1098.8889763779528, "x": 133, "structure_id": "Fi_20", "w": 411.78031496063, "h": 33.33070866141725}, {"y": 1021.5669291338583, "x": 634, "structure_id": "Fi_21", "w": 928.3551181102362, "h": 33.43307086614175}, {"y": 1060.1803149606299, "x": 634, "structure_id": "Fi_22", "w": 928.3551181102362, "h": 33.33070866141725}], "TextRun": [{"parent_TextBlock": "Tb_1", "text": "PATIENT/VETERAN'S SOCIAL SECURITY NO.", "parent_Field": "Fi_1", "parent_Choice_Field": null, "parent_ChoiceGroup": null, "w": 416, "h": 19, "y": 104, "x": 81, "structure_id": "Tr_1"}, {"parent_TextBlock": "Tb_2", "text": "SECTION IV - SIGNS, SYMPTOMS AND FINDINGS", "parent_Field": null, "parent_Choice_Field": null, "parent_ChoiceGroup": null, "w": 521, "h": 22, "y": 1200, "x": 593, "structure_id": "Tr_2"}, {"parent_TextBlock": "Tb_3", "text": "Specific vertebral joint(s) affected", "parent_Field": "Fi_2", "parent_Choice_Field": null, "parent_ChoiceGroup": null, "w": 287, "h": 20, "y": 1723, "x": 795, "structure_id": "Tr_3"}, {"parent_TextBlock": "Tb_4", "text": "(If checked, describe severity, duration and location)", "parent_Field": "Fi_3", "parent_Choice_Field": null, "parent_ChoiceGroup": null, "w": 471, "h": 22, "y": 1825, "x": 299, "structure_id": "Tr_4"}, {"parent_TextBlock": "Tb_5", "text": "(If checked, describe severity, duration and location)", "parent_Field": "Fi_4", "parent_Choice_Field": null, "parent_ChoiceGroup": null, "w": 471, "h": 23, "y": 1929, "x": 299, "structure_id": "Tr_5"}, {"parent_TextBlock": "Tb_6", "text": "(If checked, describe severity, duration and location)", "parent_Field": "Fi_5", "parent_Choice_Field": null, "parent_ChoiceGroup": null, "w": 471, "h": 22, "y": 1895, "x": 299, "structure_id": "Tr_6"}, {"parent_TextBlock": "Tb_7", "text": "(If checked, describe severity, duration and location)", "parent_Field": "Fi_6", "parent_Choice_Field": null, "parent_ChoiceGroup": null, "w": 471, "h": 22, "y": 1860, "x": 299, "structure_id": "Tr_7"}, {"parent_TextBlock": "Tb_8", "text": "(If checked, describe severity, duration and location)", "parent_Field": "Fi_7", "parent_Choice_Field": null, "parent_ChoiceGroup": null, "w": 471, "h": 23, "y": 1964, "x": 299, "structure_id": "Tr_8"}, {"parent_TextBlock": "Tb_9", "text": "(If checked, describe symptoms and duration)", "parent_Field": "Fi_8", "parent_Choice_Field": null, "parent_ChoiceGroup": null, "w": 406, "h": 23, "y": 1999, "x": 299, "structure_id": "Tr_9"}, {"parent_TextBlock": "Tb_10", "text": "(If \"Yes,\" check all that apply):", "parent_Field": null, "parent_Choice_Field": null, "parent_ChoiceGroup": "Chgp_1", "w": 277, "h": 22, "y": 1270, "x": 309, "structure_id": "Tr_10"}, {"parent_TextBlock": "Tb_11", "text": "Involucrum", "parent_Field": "Fi_9", "parent_Choice_Field": null, "parent_ChoiceGroup": "Chgp_1", "w": 95, "h": 19, "y": 1309, "x": 193, "structure_id": "Tr_11"}, {"parent_TextBlock": "Tb_12", "text": "Sequestrum", "parent_Field": "Fi_10", "parent_Choice_Field": null, "parent_ChoiceGroup": "Chgp_1", "w": 105, "h": 20, "y": 1344, "x": 193, "structure_id": "Tr_12"}, {"parent_TextBlock": "Tb_13", "text": "Discharging sinus", "parent_Field": "Fi_11", "parent_Choice_Field": null, "parent_ChoiceGroup": "Chgp_1", "w": 153, "h": 19, "y": 1380, "x": 193, "structure_id": "Tr_13"}, {"parent_TextBlock": "Tb_14", "text": "Amyloidosis secondary to chronic infection", "parent_Field": "Fi_12", "parent_Choice_Field": null, "parent_ChoiceGroup": "Chgp_1", "w": 366, "h": 20, "y": 1415, "x": 193, "structure_id": "Tr_14"}, {"parent_TextBlock": "Tb_15", "text": "Anemia", "parent_Field": "Fi_13", "parent_Choice_Field": null, "parent_ChoiceGroup": "Chgp_1", "w": 66, "h": 19, "y": 1451, "x": 193, "structure_id": "Tr_15"}, {"parent_TextBlock": "Tb_16", "text": "Right:", "parent_Field": null, "parent_Choice_Field": null, "parent_ChoiceGroup": "Chgp_2", "w": 51, "h": 19, "y": 1569, "x": 195, "structure_id": "Tr_16"}, {"parent_TextBlock": "Tb_17", "text": "Shoulder", "parent_Field": null, "parent_Choice_Field": "Chf_1", "parent_ChoiceGroup": "Chgp_2", "w": 78, "h": 19, "y": 1569, "x": 297, "structure_id": "Tr_17"}, {"parent_TextBlock": "Tb_18", "text": "Multiple hand joints", "parent_Field": null, "parent_Choice_Field": "Chf_2", "parent_ChoiceGroup": "Chgp_2", "w": 166, "h": 19, "y": 1604, "x": 298, "structure_id": "Tr_18"}, {"parent_TextBlock": "Tb_19", "text": "Elbow", "parent_Field": null, "parent_Choice_Field": "Chf_3", "parent_ChoiceGroup": "Chgp_2", "w": 53, "h": 19, "y": 1569, "x": 433, "structure_id": "Tr_19"}, {"parent_TextBlock": "Tb_20", "text": "Wrist", "parent_Field": null, "parent_Choice_Field": "Chf_4", "parent_ChoiceGroup": "Chgp_2", "w": 45, "h": 19, "y": 1569, "x": 536, "structure_id": "Tr_20"}, {"parent_TextBlock": "Tb_21", "text": "Multiple foot joints", "parent_Field": null, "parent_Choice_Field": "Chf_5", "parent_ChoiceGroup": "Chgp_2", "w": 156, "h": 19, "y": 1604, "x": 536, "structure_id": "Tr_21"}, {"parent_TextBlock": "Tb_22", "text": "Hip", "parent_Field": null, "parent_Choice_Field": "Chf_6", "parent_ChoiceGroup": "Chgp_2", "w": 30, "h": 19, "y": 1569, "x": 646, "structure_id": "Tr_22"}, {"parent_TextBlock": "Tb_23", "text": "Knee", "parent_Field": null, "parent_Choice_Field": "Chf_7", "parent_ChoiceGroup": "Chgp_2", "w": 46, "h": 19, "y": 1569, "x": 752, "structure_id": "Tr_23"}, {"parent_TextBlock": "Tb_24", "text": "Single hand joint", "parent_Field": null, "parent_Choice_Field": "Chf_8", "parent_ChoiceGroup": "Chgp_2", "w": 144, "h": 19, "y": 1604, "x": 752, "structure_id": "Tr_24"}, {"parent_TextBlock": "Tb_25", "text": "Ankle", "parent_Field": null, "parent_Choice_Field": "Chf_9", "parent_ChoiceGroup": "Chgp_2", "w": 49, "h": 19, "y": 1569, "x": 926, "structure_id": "Tr_25"}, {"parent_TextBlock": "Tb_26", "text": "Single foot joint", "parent_Field": null, "parent_Choice_Field": "Chf_10", "parent_ChoiceGroup": "Chgp_2", "w": 133, "h": 19, "y": 1569, "x": 1109, "structure_id": "Tr_26"}, {"parent_TextBlock": "Tb_27", "text": "Left:", "parent_Field": null, "parent_Choice_Field": null, "parent_ChoiceGroup": "Chgp_3", "w": 38, "h": 19, "y": 1646, "x": 195, "structure_id": "Tr_27"}, {"parent_TextBlock": "Tb_28", "text": "Shoulder", "parent_Field": null, "parent_Choice_Field": "Chf_11", "parent_ChoiceGroup": "Chgp_3", "w": 78, "h": 19, "y": 1646, "x": 298, "structure_id": "Tr_28"}, {"parent_TextBlock": "Tb_29", "text": "Multiple hand joints", "parent_Field": null, "parent_Choice_Field": "Chf_12", "parent_ChoiceGroup": "Chgp_3", "w": 166, "h": 20, "y": 1681, "x": 298, "structure_id": "Tr_29"}, {"parent_TextBlock": "Tb_30", "text": "Elbow", "parent_Field": null, "parent_Choice_Field": "Chf_13", "parent_ChoiceGroup": "Chgp_3", "w": 53, "h": 19, "y": 1646, "x": 433, "structure_id": "Tr_30"}, {"parent_TextBlock": "Tb_31", "text": "Multiple foot joints", "parent_Field": null, "parent_Choice_Field": "Chf_14", "parent_ChoiceGroup": "Chgp_3", "w": 155, "h": 20, "y": 1681, "x": 537, "structure_id": "Tr_31"}, {"parent_TextBlock": "Tb_32", "text": "Wrist", "parent_Field": null, "parent_Choice_Field": "Chf_15", "parent_ChoiceGroup": "Chgp_3", "w": 44, "h": 19, "y": 1646, "x": 537, "structure_id": "Tr_32"}, {"parent_TextBlock": "Tb_33", "text": "Hip", "parent_Field": null, "parent_Choice_Field": "Chf_16", "parent_ChoiceGroup": "Chgp_3", "w": 29, "h": 19, "y": 1646, "x": 647, "structure_id": "Tr_33"}, {"parent_TextBlock": "Tb_34", "text": "Knee", "parent_Field": null, "parent_Choice_Field": "Chf_17", "parent_ChoiceGroup": "Chgp_3", "w": 46, "h": 19, "y": 1646, "x": 752, "structure_id": "Tr_34"}, {"parent_TextBlock": "Tb_35", "text": "Single hand joint", "parent_Field": null, "parent_Choice_Field": "Chf_18", "parent_ChoiceGroup": "Chgp_3", "w": 144, "h": 20, "y": 1681, "x": 752, "structure_id": "Tr_35"}, {"parent_TextBlock": "Tb_36", "text": "Ankle", "parent_Field": null, "parent_Choice_Field": "Chf_19", "parent_ChoiceGroup": "Chgp_3", "w": 48, "h": 19, "y": 1646, "x": 927, "structure_id": "Tr_36"}, {"parent_TextBlock": "Tb_37", "text": "Single foot joint", "parent_Field": null, "parent_Choice_Field": "Chf_20", "parent_ChoiceGroup": "Chgp_3", "w": 133, "h": 19, "y": 1646, "x": 1109, "structure_id": "Tr_37"}, {"parent_TextBlock": "Tb_38", "text": "(If checked, provide CBC results in diagnostic testing section).", "parent_Field": null, "parent_Choice_Field": null, "parent_ChoiceGroup": "Chgp_4", "w": 558, "h": 22, "y": 1480, "x": 153, "structure_id": "Tr_38"}, {"parent_TextBlock": "Tb_39", "text": "Decreased joint function or range of motion due to osteomyelitis or residuals of treatment", "parent_Field": null, "parent_Choice_Field": "Chf_21", "parent_ChoiceGroup": "Chgp_4", "w": 775, "h": 19, "y": 1509, "x": 195, "structure_id": "Tr_39"}, {"parent_TextBlock": "Tb_39", "text": "If checked, indicate affected joints and ALSO complete appropriate Questionnaire for each affected joint and/or spinal segment.", "parent_Field": null, "parent_Choice_Field": "Chf_21", "parent_ChoiceGroup": "Chgp_4", "w": 1095, "h": 20, "y": 1532, "x": 195, "structure_id": "Tr_40"}, {"parent_TextBlock": "Tb_40", "text": "Cervical vertebral joint(s)", "parent_Field": null, "parent_Choice_Field": "Chf_22", "parent_ChoiceGroup": "Chgp_4", "w": 215, "h": 19, "y": 1723, "x": 225, "structure_id": "Tr_41"}, {"parent_TextBlock": "Tb_41", "text": "Thoracolumbar vertebral joint(s)", "parent_Field": null, "parent_Choice_Field": "Chf_23", "parent_ChoiceGroup": "Chgp_4", "w": 275, "h": 19, "y": 1723, "x": 501, "structure_id": "Tr_42"}, {"parent_TextBlock": "Tb_42", "text": "4A. DOES THE VETERAN CURRENTLY HAVE ANY SIGNS OR FINDINGS ATTRIBUTABLE TO OSTEOMYELITIS OR TREATMENT FOR OSTEOMYELITIS?", "parent_Field": null, "parent_Choice_Field": null, "parent_ChoiceGroup": "Chgp_5", "w": 1380, "h": 20, "y": 1235, "x": 101, "structure_id": "Tr_43"}, {"parent_TextBlock": "Tb_43", "text": "YES", "parent_Field": "Fi_14", "parent_Choice_Field": null, "parent_ChoiceGroup": "Chgp_5", "w": 39, "h": 19, "y": 1273, "x": 149, "structure_id": "Tr_44"}, {"parent_TextBlock": "Tb_44", "text": "NO", "parent_Field": "Fi_15", "parent_Choice_Field": null, "parent_ChoiceGroup": "Chgp_5", "w": 30, "h": 19, "y": 1273, "x": 267, "structure_id": "Tr_45"}, {"parent_TextBlock": "Tb_45", "text": "(If \"Yes,\" check all that apply):", "parent_Field": null, "parent_Choice_Field": null, "parent_ChoiceGroup": "Chgp_6", "w": 276, "h": 23, "y": 1791, "x": 291, "structure_id": "Tr_46"}, {"parent_TextBlock": "Tb_46", "text": "Pain", "parent_Field": null, "parent_Choice_Field": "Chf_24", "parent_ChoiceGroup": "Chgp_6", "w": 39, "h": 19, "y": 1826, "x": 170, "structure_id": "Tr_47"}, {"parent_TextBlock": "Tb_47", "text": "Swelling", "parent_Field": null, "parent_Choice_Field": "Chf_25", "parent_ChoiceGroup": "Chgp_6", "w": 73, "h": 19, "y": 1861, "x": 170, "structure_id": "Tr_48"}, {"parent_TextBlock": "Tb_48", "text": "Tenderness", "parent_Field": null, "parent_Choice_Field": "Chf_26", "parent_ChoiceGroup": "Chgp_6", "w": 103, "h": 19, "y": 1896, "x": 170, "structure_id": "Tr_49"}, {"parent_TextBlock": "Tb_49", "text": "Erythema", "parent_Field": null, "parent_Choice_Field": "Chf_27", "parent_ChoiceGroup": "Chgp_6", "w": 83, "h": 19, "y": 1931, "x": 170, "structure_id": "Tr_50"}, {"parent_TextBlock": "Tb_50", "text": "Warmth", "parent_Field": null, "parent_Choice_Field": "Chf_28", "parent_ChoiceGroup": "Chgp_6", "w": 68, "h": 19, "y": 1966, "x": 170, "structure_id": "Tr_51"}, {"parent_TextBlock": "Tb_51", "text": "Malaise", "parent_Field": null, "parent_Choice_Field": "Chf_29", "parent_ChoiceGroup": "Chgp_6", "w": 67, "h": 19, "y": 2001, "x": 170, "structure_id": "Tr_52"}, {"parent_TextBlock": "Tb_52", "parent_Field": null, "parent_Choice_Field": "Chf_30", "parent_ChoiceGroup": "Chgp_6", "w": 3.880314960629903, "h": 19, "y": 2036, "x": 170, "structure_id": "Tr_53"}, {"parent_TextBlock": "Tb_53", "text": "4B. DOES THE VETERAN CURRENTLY HAVE ANY SYMPTOMS ATTRIBUTABLE TO OSTEOMYELITIS OR TREATMENT FOR OSTEOMYELITIS?", "parent_Field": null, "parent_Choice_Field": null, "parent_ChoiceGroup": "Chgp_7", "w": 1298, "h": 19, "y": 1757, "x": 97, "structure_id": "Tr_54"}, {"parent_TextBlock": "Tb_54", "text": "YES", "parent_Field": null, "parent_Choice_Field": "Chf_31", "parent_ChoiceGroup": "Chgp_7", "w": 39, "h": 20, "y": 1793, "x": 132, "structure_id": "Tr_55"}, {"parent_TextBlock": "Tb_55", "text": "NO", "parent_Field": null, "parent_Choice_Field": "Chf_32", "parent_ChoiceGroup": "Chgp_7", "w": 29, "h": 20, "y": 1793, "x": 251, "structure_id": "Tr_56"}, {"parent_TextBlock": "Tb_56", "text": "SECTION II - MEDICAL HISTORY", "parent_Field": null, "parent_Choice_Field": null, "parent_ChoiceGroup": null, "w": 343, "h": 22, "y": 136, "x": 627, "structure_id": "Tr_57"}, {"parent_TextBlock": "Tb_56", "text": "(continued)", "parent_Field": null, "parent_Choice_Field": null, "parent_ChoiceGroup": null, "w": 108, "h": 22, "y": 136, "x": 970, "structure_id": "Tr_58"}, {"parent_TextBlock": "Tb_57", "text": "2E. PROVIDE STATUS OF THE VETERAN'S CURRENT OSTEOMYELITIS CONDITION:", "parent_Field": null, "parent_Choice_Field": null, "parent_ChoiceGroup": "Chgp_8", "w": 777, "h": 19, "y": 169, "x": 98, "structure_id": "Tr_59"}, {"parent_TextBlock": "Tb_58", "text": "ACUTE", "parent_Field": null, "parent_Choice_Field": "Chf_33", "parent_ChoiceGroup": "Chgp_8", "w": 66, "h": 20, "y": 204, "x": 179, "structure_id": "Tr_60"}, {"parent_TextBlock": "Tb_59", "text": "SUBACUTE", "parent_Field": null, "parent_Choice_Field": "Chf_34", "parent_ChoiceGroup": "Chgp_8", "w": 106, "h": 20, "y": 204, "x": 332, "structure_id": "Tr_61"}, {"parent_TextBlock": "Tb_60", "text": "CHRONIC", "parent_Field": null, "parent_Choice_Field": "Chf_35", "parent_ChoiceGroup": "Chgp_8", "w": 91, "h": 20, "y": 204, "x": 503, "structure_id": "Tr_62"}, {"parent_TextBlock": "Tb_61", "text": "INACTIVE", "parent_Field": null, "parent_Choice_Field": "Chf_36", "parent_ChoiceGroup": "Chgp_8", "w": 90, "h": 20, "y": 204, "x": 681, "structure_id": "Tr_63"}, {"parent_TextBlock": "Tb_62", "text": "RESOLVED", "parent_Field": null, "parent_Choice_Field": "Chf_37", "parent_ChoiceGroup": "Chgp_8", "w": 106, "h": 20, "y": 204, "x": 850, "structure_id": "Tr_64"}, {"parent_TextBlock": "Tb_63", "text": "OTHER describe:", "parent_Field": null, "parent_Choice_Field": "Chf_38", "parent_ChoiceGroup": "Chgp_8", "w": 152, "h": 20, "y": 204, "x": 1036, "structure_id": "Tr_65"}, {"parent_TextBlock": "Tb_64", "text": "VA\u00c2\u00a0FORM 21-0960M-11, SEP 2016", "parent_Field": null, "parent_Choice_Field": null, "parent_ChoiceGroup": null, "w": 308, "h": 19, "y": 2124, "x": 82, "structure_id": "Tr_66"}, {"parent_TextBlock": "Tb_65", "text": "Page 2", "parent_Field": null, "parent_Choice_Field": null, "parent_ChoiceGroup": null, "w": 70, "h": 22, "y": 2126, "x": 1543, "structure_id": "Tr_67"}, {"parent_TextBlock": "Tb_66", "text": "SECTION III - RECURRENT INFECTIONS", "parent_Field": null, "parent_Choice_Field": null, "parent_ChoiceGroup": null, "w": 423, "h": 22, "y": 253, "x": 643, "structure_id": "Tr_68"}, {"parent_TextBlock": "Tb_67", "text": "Date of recurrence #2:", "parent_Field": "Fi_16", "parent_Choice_Field": null, "parent_ChoiceGroup": null, "w": 194, "h": 20, "y": 1071, "x": 133, "structure_id": "Tr_69"}, {"parent_TextBlock": "Tb_68", "text": "Date of recurrence #1:", "parent_Field": "Fi_17", "parent_Choice_Field": null, "parent_ChoiceGroup": null, "w": 194, "h": 20, "y": 1035, "x": 133, "structure_id": "Tr_70"}, {"parent_TextBlock": "Tb_69", "text": "Indicate dates of recurrences:", "parent_Field": null, "parent_Choice_Field": null, "parent_ChoiceGroup": null, "w": 257, "h": 19, "y": 999, "x": 133, "structure_id": "Tr_71"}, {"parent_TextBlock": "Tb_70", "text": "If there are additional recurrences, list using above format:", "parent_Field": "Fi_18", "parent_Choice_Field": null, "parent_ChoiceGroup": null, "w": 502, "h": 20, "y": 1155, "x": 133, "structure_id": "Tr_72"}, {"parent_TextBlock": "Tb_71", "text": "Site of recurrent infection:", "parent_Field": "Fi_19", "parent_Choice_Field": null, "parent_ChoiceGroup": null, "w": 221, "h": 19, "y": 1107, "x": 634, "structure_id": "Tr_73"}, {"parent_TextBlock": "Tb_72", "text": "Date of recurrence #3:", "parent_Field": "Fi_20", "parent_Choice_Field": null, "parent_ChoiceGroup": null, "w": 194, "h": 19, "y": 1107, "x": 133, "structure_id": "Tr_74"}, {"parent_TextBlock": "Tb_73", "text": "Site of recurrent infection:", "parent_Field": "Fi_21", "parent_Choice_Field": null, "parent_ChoiceGroup": null, "w": 221, "h": 20, "y": 1035, "x": 634, "structure_id": "Tr_75"}, {"parent_TextBlock": "Tb_74", "text": "Site of recurrent infection:", "parent_Field": "Fi_22", "parent_Choice_Field": null, "parent_ChoiceGroup": null, "w": 221, "h": 20, "y": 1071, "x": 634, "structure_id": "Tr_76"}, {"parent_TextBlock": "Tb_75", "text": "(If \"Yes,\" indicate number of additional episodes):", "parent_Field": null, "parent_Choice_Field": null, "parent_ChoiceGroup": "Chgp_9", "w": 393, "h": 19, "y": 323, "x": 817, "structure_id": "Tr_77"}, {"parent_TextBlock": "Tb_76", "parent_Field": null, "parent_Choice_Field": "Chf_39", "parent_ChoiceGroup": "Chgp_9", "w": 15, "h": 24, "y": 322.03125, "x": 1248, "structure_id": "Tr_78"}, {"parent_TextBlock": "Tb_77", "parent_Field": null, "parent_Choice_Field": "Chf_40", "parent_ChoiceGroup": "Chgp_9", "w": 18, "h": 27, "y": 320.03125, "x": 1320, "structure_id": "Tr_79"}, {"parent_TextBlock": "Tb_78", "parent_Field": null, "parent_Choice_Field": "Chf_41", "parent_ChoiceGroup": "Chgp_9", "w": 21.32094139364516, "h": 33, "y": 314.03125, "x": 1393, "structure_id": "Tr_80"}, {"parent_TextBlock": "Tb_79", "parent_Field": null, "parent_Choice_Field": "Chf_42", "parent_ChoiceGroup": "Chgp_9", "w": 19, "h": 33, "y": 317.03125, "x": 1476, "structure_id": "Tr_81"}, {"parent_TextBlock": "Tb_80", "text": "5 or more", "parent_Field": null, "parent_Choice_Field": "Chf_43", "parent_ChoiceGroup": "Chgp_9", "w": 83, "h": 20, "y": 325, "x": 1555, "structure_id": "Tr_82"}, {"parent_TextBlock": "Tb_81", "text": "3A. HAS THE VETERAN HAD ANY ADDITIONAL EPISODES OR RECURRING INFECTIONS OF OSTEOMYELITIS FOLLOWING THE INITIAL INFECTION?", "parent_Field": null, "parent_Choice_Field": null, "parent_ChoiceGroup": "Chgp_10", "w": 1369, "h": 19, "y": 286, "x": 100, "structure_id": "Tr_83"}, {"parent_TextBlock": "Tb_82", "text": "YES", "parent_Field": null, "parent_Choice_Field": "Chf_44", "parent_ChoiceGroup": "Chgp_10", "w": 39, "h": 19, "y": 323, "x": 136, "structure_id": "Tr_84"}, {"parent_TextBlock": "Tb_83", "text": "NO", "parent_Field": null, "parent_Choice_Field": "Chf_45", "parent_ChoiceGroup": "Chgp_10", "w": 30, "h": 19, "y": 323, "x": 231, "structure_id": "Tr_85"}, {"parent_TextBlock": "Tb_84", "text": "(If checked, indicate joints affected)", "parent_Field": null, "parent_Choice_Field": null, "parent_ChoiceGroup": null, "w": 319, "h": 22, "y": 730, "x": 151, "structure_id": "Tr_86"}, {"parent_TextBlock": "Tb_85", "text": "(If \"Yes,\" complete questions 3B and 3C)  (If \"No,\" skip to Section IV)", "parent_Field": null, "parent_Choice_Field": null, "parent_ChoiceGroup": null, "w": 544, "h": 19, "y": 324, "x": 270, "structure_id": "Tr_87"}, {"parent_TextBlock": "Tb_86", "text": "Side affected:", "parent_Field": null, "parent_Choice_Field": null, "parent_ChoiceGroup": "Chgp_11", "w": 119, "h": 19, "y": 517, "x": 542, "structure_id": "Tr_88"}, {"parent_TextBlock": "Tb_87", "text": "Right", "parent_Field": null, "parent_Choice_Field": "Chf_46", "parent_ChoiceGroup": "Chgp_11", "w": 45, "h": 19, "y": 516, "x": 711, "structure_id": "Tr_89"}, {"parent_TextBlock": "Tb_88", "text": "Left", "parent_Field": null, "parent_Choice_Field": "Chf_47", "parent_ChoiceGroup": "Chgp_11", "w": 33, "h": 19, "y": 516, "x": 811, "structure_id": "Tr_90"}, {"parent_TextBlock": "Tb_89", "text": "Side affected:", "parent_Field": null, "parent_Choice_Field": null, "parent_ChoiceGroup": "Chgp_12", "w": 119, "h": 19, "y": 552, "x": 542, "structure_id": "Tr_91"}, {"parent_TextBlock": "Tb_90", "text": "Right", "parent_Field": null, "parent_Choice_Field": "Chf_48", "parent_ChoiceGroup": "Chgp_12", "w": 45, "h": 20, "y": 550, "x": 711, "structure_id": "Tr_92"}, {"parent_TextBlock": "Tb_91", "text": "Left", "parent_Field": null, "parent_Choice_Field": "Chf_49", "parent_ChoiceGroup": "Chgp_12", "w": 33, "h": 20, "y": 550, "x": 811, "structure_id": "Tr_93"}, {"parent_TextBlock": "Tb_92", "text": "Right:", "parent_Field": null, "parent_Choice_Field": null, "parent_ChoiceGroup": "Chgp_13", "w": 51, "h": 20, "y": 770, "x": 189, "structure_id": "Tr_94"}, {"parent_TextBlock": "Tb_93", "text": "Shoulder", "parent_Field": null, "parent_Choice_Field": "Chf_50", "parent_ChoiceGroup": "Chgp_13", "w": 78, "h": 20, "y": 770, "x": 290, "structure_id": "Tr_95"}, {"parent_TextBlock": "Tb_94", "text": "Multiple hand joints", "parent_Field": null, "parent_Choice_Field": "Chf_51", "parent_ChoiceGroup": "Chgp_13", "w": 166, "h": 20, "y": 805, "x": 291, "structure_id": "Tr_96"}, {"parent_TextBlock": "Tb_95", "text": "Elbow", "parent_Field": null, "parent_Choice_Field": "Chf_52", "parent_ChoiceGroup": "Chgp_13", "w": 53, "h": 20, "y": 770, "x": 426, "structure_id": "Tr_97"}, {"parent_TextBlock": "Tb_96", "text": "Multiple foot joints", "parent_Field": null, "parent_Choice_Field": "Chf_53", "parent_ChoiceGroup": "Chgp_13", "w": 156, "h": 20, "y": 805, "x": 529, "structure_id": "Tr_98"}, {"parent_TextBlock": "Tb_97", "text": "Wrist", "parent_Field": null, "parent_Choice_Field": "Chf_54", "parent_ChoiceGroup": "Chgp_13", "w": 45, "h": 20, "y": 770, "x": 529, "structure_id": "Tr_99"}, {"parent_TextBlock": "Tb_98", "text": "Hip", "parent_Field": null, "parent_Choice_Field": "Chf_55", "parent_ChoiceGroup": "Chgp_13", "w": 30, "h": 20, "y": 770, "x": 639, "structure_id": "Tr_100"}, {"parent_TextBlock": "Tb_99", "text": "Knee", "parent_Field": null, "parent_Choice_Field": "Chf_56", "parent_ChoiceGroup": "Chgp_13", "w": 46, "h": 20, "y": 770, "x": 737, "structure_id": "Tr_101"}, {"parent_TextBlock": "Tb_100", "text": "Ankle", "parent_Field": null, "parent_Choice_Field": "Chf_57", "parent_ChoiceGroup": "Chgp_13", "w": 49, "h": 20, "y": 770, "x": 849, "structure_id": "Tr_102"}, {"parent_TextBlock": "Tb_101", "text": "Left:", "parent_Field": null, "parent_Choice_Field": null, "parent_ChoiceGroup": "Chgp_14", "w": 38, "h": 19, "y": 843, "x": 189, "structure_id": "Tr_103"}, {"parent_TextBlock": "Tb_102", "text": "Shoulder", "parent_Field": null, "parent_Choice_Field": "Chf_58", "parent_ChoiceGroup": "Chgp_14", "w": 78, "h": 20, "y": 845, "x": 292, "structure_id": "Tr_104"}, {"parent_TextBlock": "Tb_103", "text": "Multiple hand joints", "parent_Field": null, "parent_Choice_Field": "Chf_59", "parent_ChoiceGroup": "Chgp_14", "w": 167, "h": 20, "y": 880, "x": 292, "structure_id": "Tr_105"}, {"parent_TextBlock": "Tb_104", "text": "Elbow", "parent_Field": null, "parent_Choice_Field": "Chf_60", "parent_ChoiceGroup": "Chgp_14", "w": 53, "h": 20, "y": 845, "x": 428, "structure_id": "Tr_106"}, {"parent_TextBlock": "Tb_105", "text": "Multiple foot joints", "parent_Field": null, "parent_Choice_Field": "Chf_61", "parent_ChoiceGroup": "Chgp_14", "w": 156, "h": 20, "y": 880, "x": 531, "structure_id": "Tr_107"}, {"parent_TextBlock": "Tb_106", "text": "Wrist", "parent_Field": null, "parent_Choice_Field": "Chf_62", "parent_ChoiceGroup": "Chgp_14", "w": 44, "h": 20, "y": 845, "x": 531, "structure_id": "Tr_108"}, {"parent_TextBlock": "Tb_107", "text": "Hip", "parent_Field": null, "parent_Choice_Field": "Chf_63", "parent_ChoiceGroup": "Chgp_14", "w": 29, "h": 20, "y": 845, "x": 641, "structure_id": "Tr_109"}, {"parent_TextBlock": "Tb_108", "text": "Knee", "parent_Field": null, "parent_Choice_Field": "Chf_64", "parent_ChoiceGroup": "Chgp_14", "w": 45, "h": 20, "y": 845, "x": 739, "structure_id": "Tr_110"}, {"parent_TextBlock": "Tb_109", "text": "Ankle", "parent_Field": null, "parent_Choice_Field": "Chf_65", "parent_ChoiceGroup": "Chgp_14", "w": 48, "h": 20, "y": 845, "x": 851, "structure_id": "Tr_111"}, {"parent_TextBlock": "Tb_110", "text": "3B. LOCATION OF RECURRENT INFECTIONS", "parent_Field": null, "parent_Choice_Field": null, "parent_ChoiceGroup": "Chgp_15", "w": 417, "h": 20, "y": 365, "x": 96, "structure_id": "Tr_112"}, {"parent_TextBlock": "Tb_110", "text": "(check all that apply)", "parent_Field": null, "parent_Choice_Field": null, "parent_ChoiceGroup": "Chgp_15", "w": 195, "h": 22, "y": 363, "x": 513, "structure_id": "Tr_113"}, {"parent_TextBlock": "Tb_111", "text": "PELVIS", "parent_Field": null, "parent_Choice_Field": "Chf_66", "parent_ChoiceGroup": "Chgp_15", "w": 68, "h": 20, "y": 412, "x": 151, "structure_id": "Tr_114"}, {"parent_TextBlock": "Tb_112", "text": "CERVICAL VERTEBRAE", "parent_Field": null, "parent_Choice_Field": "Chf_67", "parent_ChoiceGroup": "Chgp_15", "w": 220, "h": 20, "y": 447, "x": 151, "structure_id": "Tr_115"}, {"parent_TextBlock": "Tb_113", "text": "THORACOLUMBAR VERTEBRAE", "parent_Field": null, "parent_Choice_Field": "Chf_68", "parent_ChoiceGroup": "Chgp_15", "w": 301, "h": 20, "y": 482, "x": 151, "structure_id": "Tr_116"}, {"parent_TextBlock": "Tb_114", "text": "LONG BONES OF UPPER EXTREMITY", "parent_Field": null, "parent_Choice_Field": "Chf_69", "parent_ChoiceGroup": "Chgp_15", "w": 350, "h": 19, "y": 517, "x": 151, "structure_id": "Tr_117"}, {"parent_TextBlock": "Tb_115", "text": "LONG BONES OF LOWER EXTREMITY", "parent_Field": null, "parent_Choice_Field": "Chf_70", "parent_ChoiceGroup": "Chgp_15", "w": 354, "h": 19, "y": 552, "x": 151, "structure_id": "Tr_118"}, {"parent_TextBlock": "Tb_116", "text": "FINGER(S):", "parent_Field": null, "parent_Choice_Field": "Chf_71", "parent_ChoiceGroup": "Chgp_15", "w": 105, "h": 20, "y": 585, "x": 151, "structure_id": "Tr_119"}, {"parent_TextBlock": "Tb_117", "text": "TOE(S):", "parent_Field": null, "parent_Choice_Field": "Chf_72", "parent_ChoiceGroup": "Chgp_15", "w": 71, "h": 19, "y": 621, "x": 152, "structure_id": "Tr_120"}, {"parent_TextBlock": "Tb_118", "text": "Right digit(s) affected:", "parent_Field": null, "parent_Choice_Field": "Chf_73", "parent_ChoiceGroup": "Chgp_15", "w": 189, "h": 19, "y": 593, "x": 317, "structure_id": "Tr_121"}, {"parent_TextBlock": "Tb_119", "text": "Right digit(s) affected:", "parent_Field": null, "parent_Choice_Field": "Chf_74", "parent_ChoiceGroup": "Chgp_15", "w": 189, "h": 19, "y": 626, "x": 317, "structure_id": "Tr_122"}, {"parent_TextBlock": "Tb_120", "text": "Left digit(s) affected:", "parent_Field": null, "parent_Choice_Field": "Chf_75", "parent_ChoiceGroup": "Chgp_15", "w": 176, "h": 20, "y": 597, "x": 873, "structure_id": "Tr_123"}, {"parent_TextBlock": "Tb_121", "text": "Left digit(s) affected:", "parent_Field": null, "parent_Choice_Field": "Chf_76", "parent_ChoiceGroup": "Chgp_15", "w": 176, "h": 20, "y": 631, "x": 873, "structure_id": "Tr_124"}, {"parent_TextBlock": "Tb_122", "text": "OTHER, Specify:", "parent_Field": null, "parent_Choice_Field": "Chf_77", "parent_ChoiceGroup": "Chgp_15", "w": 148, "h": 19, "y": 659, "x": 152, "structure_id": "Tr_125"}, {"parent_TextBlock": "Tb_123", "text": "EXTENSION INTO JOINTS", "parent_Field": null, "parent_Choice_Field": "Chf_78", "parent_ChoiceGroup": "Chgp_15", "w": 239, "h": 20, "y": 700, "x": 151, "structure_id": "Tr_126"}, {"parent_TextBlock": "Tb_124", "text": "OTHER, Specify:", "parent_Field": null, "parent_Choice_Field": "Chf_79", "parent_ChoiceGroup": "Chgp_15", "w": 148, "h": 19, "y": 915, "x": 152, "structure_id": "Tr_127"}, {"parent_TextBlock": "Tb_125", "text": "3C. DATES OF RECURRENT INFECTION", "parent_Field": null, "parent_Choice_Field": null, "parent_ChoiceGroup": null, "w": 371, "h": 19, "y": 964, "x": 99, "structure_id": "Tr_128"}], "ChoiceGroup": [{"y": 1270.0402701723733, "x": 147.0006755545752, "structure_id": "Chgp_1", "w": 475.397825765384, "h": 205.43864015251174}, {"y": 1556.03125, "x": 184, "structure_id": "Chgp_2", "w": 1091, "h": 71}, {"y": 1631.03125, "x": 186, "structure_id": "Chgp_3", "w": 1084, "h": 75}, {"y": 1477.03125, "x": 144, "structure_id": "Chgp_4", "w": 1204, "h": 269.12613136169415}, {"y": 1226.03125, "x": 91, "structure_id": "Chgp_5", "w": 1440, "h": 527}, {"y": 1792.0439775850682, "x": 127, "structure_id": "Chgp_6", "w": 1445, "h": 318.69508274828837}, {"y": 1747.03125, "x": 84, "structure_id": "Chgp_7", "w": 1513, "h": 367}, {"y": 161.03125, "x": 87, "structure_id": "Chgp_8", "w": 1474, "h": 74}, {"y": 311.03125, "x": 813, "structure_id": "Chgp_9", "w": 826, "h": 41}, {"y": 280.03125, "x": 85, "structure_id": "Chgp_10", "w": 1560, "h": 76}, {"y": 505.03125, "x": 532, "structure_id": "Chgp_11", "w": 341, "h": 34}, {"y": 541.03125, "x": 537, "structure_id": "Chgp_12", "w": 330, "h": 39}, {"y": 758.03125, "x": 175, "structure_id": "Chgp_13", "w": 737, "h": 69}, {"y": 823.03125, "x": 177, "structure_id": "Chgp_14", "w": 738, "h": 81}, {"y": 358.03125, "x": 84, "structure_id": "Chgp_15", "w": 1515, "h": 587.993142361644}]}