{"Widget": [{"parent_Field": "Fi_1", "parent_Choice_Field": null, "parent_ChoiceGroup": null, "w": 150, "h": 33.33070866141732, "y": 1500.0078740157483, "x": 100, "structure_id": "Wi_1"}, {"parent_Field": "Fi_2", "parent_Choice_Field": null, "parent_ChoiceGroup": null, "w": 267.11102362204724, "h": 33.33070866141732, "y": 1583.3307086614175, "x": 933.3307086614174, "structure_id": "Wi_2"}, {"parent_Field": "Fi_3", "parent_Choice_Field": null, "parent_ChoiceGroup": null, "w": 283.86692913385826, "h": 33.33070866141732, "y": 1400.007874015748, "x": 1316.6913385826772, "structure_id": "Wi_3"}, {"parent_Field": "Fi_4", "parent_Choice_Field": null, "parent_ChoiceGroup": null, "w": 166.6692913385827, "h": 33.338582677165356, "y": 1266.6692913385828, "x": 1316.6692913385825, "structure_id": "Wi_4"}, {"parent_Field": "Fi_5", "parent_Choice_Field": null, "parent_ChoiceGroup": null, "w": 283.86692913385826, "h": 33.33070866141732, "y": 1333.3385826771655, "x": 1316.6913385826772, "structure_id": "Wi_5"}, {"parent_Field": "Fi_6", "parent_Choice_Field": null, "parent_ChoiceGroup": null, "w": 283.86692913385826, "h": 33.33070866141732, "y": 1300.007874015748, "x": 1316.6913385826772, "structure_id": "Wi_6"}, {"parent_Field": "Fi_7", "parent_Choice_Field": null, "parent_ChoiceGroup": null, "w": 283.86692913385826, "h": 33.33070866141732, "y": 1366.6692913385828, "x": 1316.6913385826772, "structure_id": "Wi_7"}, {"parent_Field": null, "parent_Choice_Field": "Chf_1", "parent_ChoiceGroup": "Chgp_1", "w": 25, "h": 25, "y": 1137.5000000000002, "x": 102.77244094488188, "structure_id": "Wi_8"}, {"parent_Field": null, "parent_Choice_Field": "Chf_2", "parent_ChoiceGroup": "Chgp_1", "w": 25, "h": 25, "y": 1137.5000000000002, "x": 219.44173228346457, "structure_id": "Wi_9"}, {"parent_Field": null, "parent_Choice_Field": "Chf_3", "parent_ChoiceGroup": "Chgp_2", "w": 25, "h": 25, "y": 1220.8307086614175, "x": 102.77244094488188, "structure_id": "Wi_10"}, {"parent_Field": null, "parent_Choice_Field": "Chf_4", "parent_ChoiceGroup": "Chgp_2", "w": 25, "h": 25, "y": 1220.8307086614175, "x": 236.11102362204724, "structure_id": "Wi_11"}, {"parent_Field": null, "parent_Choice_Field": "Chf_5", "parent_ChoiceGroup": "Chgp_2", "w": 25, "h": 25, "y": 1220.8307086614175, "x": 386.1110236220473, "structure_id": "Wi_12"}, {"parent_Field": null, "parent_Choice_Field": "Chf_6", "parent_ChoiceGroup": "Chgp_2", "w": 25, "h": 25, "y": 1220.8307086614175, "x": 586.1110236220472, "structure_id": "Wi_13"}, {"parent_Field": null, "parent_Choice_Field": "Chf_7", "parent_ChoiceGroup": "Chgp_2", "w": 25, "h": 25, "y": 1220.8307086614175, "x": 752.78031496063, "structure_id": "Wi_14"}, {"parent_Field": null, "parent_Choice_Field": "Chf_8", "parent_ChoiceGroup": "Chgp_3", "w": 25, "h": 25, "y": 1220.8307086614175, "x": 1052.772440944882, "structure_id": "Wi_15"}, {"parent_Field": null, "parent_Choice_Field": "Chf_9", "parent_ChoiceGroup": "Chgp_3", "w": 25, "h": 25, "y": 1220.8307086614175, "x": 1269.4417322834647, "structure_id": "Wi_16"}, {"parent_Field": null, "parent_Choice_Field": "Chf_10", "parent_ChoiceGroup": "Chgp_4", "w": 25, "h": 25, "y": 1570.8385826771655, "x": 102.77244094488188, "structure_id": "Wi_17"}, {"parent_Field": null, "parent_Choice_Field": "Chf_11", "parent_ChoiceGroup": "Chgp_4", "w": 25, "h": 25, "y": 1570.8385826771655, "x": 219.44173228346457, "structure_id": "Wi_18"}, {"parent_Field": "Fi_8", "parent_Choice_Field": null, "parent_ChoiceGroup": null, "w": 466.6692913385827, "h": 33.33070866141732, "y": 916.6692913385826, "x": 100, "structure_id": "Wi_19"}, {"parent_Field": "Fi_9", "parent_Choice_Field": null, "parent_ChoiceGroup": null, "w": 416.6692913385827, "h": 33.33070866141732, "y": 916.6692913385826, "x": 600, "structure_id": "Wi_20"}, {"parent_Field": "Fi_10", "parent_Choice_Field": null, "parent_ChoiceGroup": null, "w": 233.33070866141733, "h": 33.33070866141732, "y": 850, "x": 1050, "structure_id": "Wi_21"}, {"parent_Field": "Fi_11", "parent_Choice_Field": null, "parent_ChoiceGroup": null, "w": 716.6692913385826, "h": 33.338582677165356, "y": 783.3307086614174, "x": 100, "structure_id": "Wi_22"}, {"parent_Field": "Fi_12", "parent_Choice_Field": null, "parent_ChoiceGroup": null, "w": 466.6692913385827, "h": 33.33070866141732, "y": 850, "x": 100, "structure_id": "Wi_23"}, {"parent_Field": "Fi_13", "parent_Choice_Field": null, "parent_ChoiceGroup": null, "w": 416.6692913385827, "h": 33.33070866141732, "y": 850, "x": 600, "structure_id": "Wi_24"}, {"parent_Field": "Fi_14", "parent_Choice_Field": null, "parent_ChoiceGroup": null, "w": 550, "h": 33.33070866141732, "y": 916.6692913385826, "x": 1050, "structure_id": "Wi_25"}, {"parent_Field": null, "parent_Choice_Field": "Chf_12", "parent_ChoiceGroup": "Chgp_5", "w": 25, "h": 25, "y": 1020.8307086614174, "x": 102.77244094488188, "structure_id": "Wi_26"}, {"parent_Field": null, "parent_Choice_Field": "Chf_13", "parent_ChoiceGroup": "Chgp_5", "w": 25, "h": 25, "y": 1020.8307086614174, "x": 219.44173228346457, "structure_id": "Wi_27"}, {"parent_Field": "Fi_15", "parent_Choice_Field": null, "parent_ChoiceGroup": null, "w": 283.3307086614173, "h": 33.33070866141732, "y": 1766.6692913385828, "x": 100, "structure_id": "Wi_28"}, {"parent_Field": "Fi_16", "parent_Choice_Field": null, "parent_ChoiceGroup": null, "w": 150, "h": 33.33070866141732, "y": 1650, "x": 900, "structure_id": "Wi_29"}, {"parent_Field": "Fi_16", "parent_Choice_Field": null, "parent_ChoiceGroup": null, "w": 299.67795275590555, "h": 33.33070866141732, "y": 1650, "x": 1300.355905511811, "structure_id": "Wi_30"}, {"parent_Field": "Fi_17", "parent_Choice_Field": null, "parent_ChoiceGroup": null, "w": 150, "h": 33.338582677165356, "y": 1683.3307086614172, "x": 900, "structure_id": "Wi_31"}, {"parent_Field": "Fi_17", "parent_Choice_Field": null, "parent_ChoiceGroup": null, "w": 299.67795275590555, "h": 33.338582677165356, "y": 1683.3307086614172, "x": 1300.355905511811, "structure_id": "Wi_32"}, {"parent_Field": "Fi_18", "parent_Choice_Field": null, "parent_ChoiceGroup": null, "w": 150, "h": 33.33070866141732, "y": 1766.6692913385828, "x": 550, "structure_id": "Wi_33"}, {"parent_Field": null, "parent_Choice_Field": "Chf_14", "parent_ChoiceGroup": "Chgp_6", "w": 25, "h": 25, "y": 1754.1614173228347, "x": 1069.4417322834647, "structure_id": "Wi_34"}, {"parent_Field": null, "parent_Choice_Field": "Chf_15", "parent_ChoiceGroup": "Chgp_6", "w": 25, "h": 25, "y": 1754.1614173228347, "x": 1252.772440944882, "structure_id": "Wi_35"}, {"parent_Field": "Fi_19", "parent_Choice_Field": null, "parent_ChoiceGroup": null, "w": 533.3307086614174, "h": 33.33070866141732, "y": 1866.6692913385828, "x": 100, "structure_id": "Wi_36"}, {"parent_Field": "Fi_20", "parent_Choice_Field": null, "parent_ChoiceGroup": null, "w": 500, "h": 33.33070866141732, "y": 1933.3307086614172, "x": 133.33070866141733, "structure_id": "Wi_37"}, {"parent_Field": "Fi_21", "parent_Choice_Field": null, "parent_ChoiceGroup": null, "w": 150, "h": 33.33070866141732, "y": 1933.3307086614172, "x": 916.6692913385826, "structure_id": "Wi_38"}, {"parent_Field": "Fi_22", "parent_Choice_Field": null, "parent_ChoiceGroup": null, "w": 1500, "h": 100, "y": 2000, "x": 100, "structure_id": "Wi_39"}, {"parent_Field": "Fi_23", "parent_Choice_Field": null, "parent_ChoiceGroup": null, "w": 333.3307086614173, "h": 33.33070866141732, "y": 616.6692913385826, "x": 550, "structure_id": "Wi_40"}, {"parent_Field": "Fi_24", "parent_Choice_Field": null, "parent_ChoiceGroup": null, "w": 1500, "h": 33.33070866141732, "y": 550, "x": 100, "structure_id": "Wi_41"}, {"parent_Field": "Fi_25", "parent_Choice_Field": null, "parent_ChoiceGroup": null, "w": 200, "h": 33.33070866141732, "y": 616.6692913385826, "x": 916.6692913385826, "structure_id": "Wi_42"}, {"parent_Field": "Fi_26", "parent_Choice_Field": null, "parent_ChoiceGroup": null, "w": 416.6692913385827, "h": 33.338582677165356, "y": 683.3307086614174, "x": 100, "structure_id": "Wi_43"}, {"parent_Field": "Fi_27", "parent_Choice_Field": null, "parent_ChoiceGroup": null, "w": 416.6692913385827, "h": 33.33070866141732, "y": 616.6692913385826, "x": 100, "structure_id": "Wi_44"}, {"parent_Field": "Fi_28", "parent_Choice_Field": null, "parent_ChoiceGroup": null, "w": 450, "h": 33.33070866141732, "y": 683.3307086614174, "x": 1150, "structure_id": "Wi_45"}, {"parent_Field": "Fi_29", "parent_Choice_Field": null, "parent_ChoiceGroup": null, "w": 450, "h": 33.33070866141732, "y": 616.6692913385826, "x": 1150, "structure_id": "Wi_46"}, {"parent_Field": "Fi_30", "parent_Choice_Field": null, "parent_ChoiceGroup": null, "w": 566.6692913385826, "h": 33.338582677165356, "y": 683.3307086614174, "x": 550, "structure_id": "Wi_47"}, {"parent_Field": "Fi_31", "parent_Choice_Field": null, "parent_ChoiceGroup": null, "w": 483.33070866141736, "h": 33.33070866141732, "y": 366.6692913385827, "x": 1116.6692913385828, "structure_id": "Wi_48"}, {"parent_Field": null, "parent_Choice_Field": "Chf_16", "parent_ChoiceGroup": "Chgp_7", "w": 25, "h": 25, "y": 137.5, "x": 102.77244094488188, "structure_id": "Wi_49"}, {"parent_Field": null, "parent_Choice_Field": "Chf_17", "parent_ChoiceGroup": "Chgp_7", "w": 25, "h": 25, "y": 170.8307086614173, "x": 102.77244094488188, "structure_id": "Wi_50"}, {"parent_Field": null, "parent_Choice_Field": "Chf_18", "parent_ChoiceGroup": "Chgp_7", "w": 25, "h": 25, "y": 137.5, "x": 536.1110236220472, "structure_id": "Wi_51"}, {"parent_Field": null, "parent_Choice_Field": "Chf_19", "parent_ChoiceGroup": "Chgp_7", "w": 25, "h": 25, "y": 170.8307086614173, "x": 536.1110236220472, "structure_id": "Wi_52"}, {"parent_Field": null, "parent_Choice_Field": "Chf_20", "parent_ChoiceGroup": "Chgp_7", "w": 25, "h": 25, "y": 137.5, "x": 919.4417322834646, "structure_id": "Wi_53"}, {"parent_Field": null, "parent_Choice_Field": "Chf_21", "parent_ChoiceGroup": "Chgp_7", "w": 25, "h": 25, "y": 170.83858267716536, "x": 919.4417322834646, "structure_id": "Wi_54"}, {"parent_Field": null, "parent_Choice_Field": "Chf_22", "parent_ChoiceGroup": "Chgp_8", "w": 25, "h": 25, "y": 254.16141732283464, "x": 102.77244094488188, "structure_id": "Wi_55"}, {"parent_Field": null, "parent_Choice_Field": "Chf_23", "parent_ChoiceGroup": "Chgp_8", "w": 25, "h": 25, "y": 287.49133858267714, "x": 102.77244094488188, "structure_id": "Wi_56"}, {"parent_Field": null, "parent_Choice_Field": "Chf_24", "parent_ChoiceGroup": "Chgp_8", "w": 25, "h": 25, "y": 254.16141732283464, "x": 586.1110236220472, "structure_id": "Wi_57"}, {"parent_Field": null, "parent_Choice_Field": "Chf_25", "parent_ChoiceGroup": "Chgp_8", "w": 25, "h": 25, "y": 287.49133858267714, "x": 586.1110236220472, "structure_id": "Wi_58"}, {"parent_Field": null, "parent_Choice_Field": "Chf_26", "parent_ChoiceGroup": "Chgp_9", "w": 25, "h": 25, "y": 370.8307086614173, "x": 102.77244094488188, "structure_id": "Wi_59"}, {"parent_Field": null, "parent_Choice_Field": "Chf_27", "parent_ChoiceGroup": "Chgp_9", "w": 25, "h": 25, "y": 370.8307086614173, "x": 252.77244094488188, "structure_id": "Wi_60"}, {"parent_Field": null, "parent_Choice_Field": "Chf_28", "parent_ChoiceGroup": "Chgp_9", "w": 25, "h": 25, "y": 370.8307086614173, "x": 436.11102362204724, "structure_id": "Wi_61"}, {"parent_Field": null, "parent_Choice_Field": "Chf_29", "parent_ChoiceGroup": "Chgp_9", "w": 25, "h": 25, "y": 370.8307086614173, "x": 636.1110236220472, "structure_id": "Wi_62"}, {"parent_Field": null, "parent_Choice_Field": "Chf_30", "parent_ChoiceGroup": "Chgp_10", "w": 25, "h": 25, "y": 437.5, "x": 102.77244094488188, "structure_id": "Wi_63"}, {"parent_Field": null, "parent_Choice_Field": "Chf_31", "parent_ChoiceGroup": "Chgp_10", "w": 25, "h": 25, "y": 470.83070866141736, "x": 102.77244094488188, "structure_id": "Wi_64"}, {"parent_Field": null, "parent_Choice_Field": "Chf_32", "parent_ChoiceGroup": "Chgp_10", "w": 25, "h": 25, "y": 437.5, "x": 569.4417322834646, "structure_id": "Wi_65"}, {"parent_Field": null, "parent_Choice_Field": "Chf_33", "parent_ChoiceGroup": "Chgp_10", "w": 25, "h": 25, "y": 470.83070866141736, "x": 569.4417322834646, "structure_id": "Wi_66"}], "TextBlock": [{"parent_Field": null, "parent_Choice_Field": null, "parent_ChoiceGroup": null, "w": 267, "h": 19, "y": 2124, "x": 83, "structure_id": "Tb_1"}, {"parent_Field": null, "parent_Choice_Field": null, "parent_ChoiceGroup": null, "w": 664, "h": 28, "y": 1069, "x": 518, "structure_id": "Tb_2"}, {"parent_Field": "Fi_1", "parent_Choice_Field": null, "parent_ChoiceGroup": null, "w": 1474, "h": 49, "y": 1442, "x": 100, "structure_id": "Tb_3"}, {"parent_Field": "Fi_1", "parent_Choice_Field": null, "parent_ChoiceGroup": null, "w": 53, "h": 34, "y": 1495.03125, "x": 256, "structure_id": "Tb_4"}, {"parent_Field": "Fi_2", "parent_Choice_Field": null, "parent_ChoiceGroup": null, "w": 440, "h": 22, "y": 1539, "x": 900, "structure_id": "Tb_5"}, {"parent_Field": "Fi_2", "parent_Choice_Field": null, "parent_ChoiceGroup": null, "w": 29, "h": 27, "y": 1583.03125, "x": 898, "structure_id": "Tb_6"}, {"parent_Field": null, "parent_Choice_Field": null, "parent_ChoiceGroup": null, "w": 354, "h": 22, "y": 1139, "x": 333, "structure_id": "Tb_7"}, {"parent_Field": "Fi_3", "parent_Choice_Field": null, "parent_ChoiceGroup": null, "w": 323, "h": 19, "y": 1407, "x": 100, "structure_id": "Tb_8"}, {"parent_Field": "Fi_3", "parent_Choice_Field": null, "parent_ChoiceGroup": null, "w": 33, "h": 26, "y": 1403.03125, "x": 1266, "structure_id": "Tb_9"}, {"parent_Field": "Fi_4", "parent_Choice_Field": null, "parent_ChoiceGroup": null, "w": 644, "h": 22, "y": 1272, "x": 100, "structure_id": "Tb_10"}, {"parent_Field": "Fi_5", "parent_Choice_Field": null, "parent_ChoiceGroup": null, "w": 750, "h": 22, "y": 1339, "x": 100, "structure_id": "Tb_11"}, {"parent_Field": "Fi_5", "parent_Choice_Field": null, "parent_ChoiceGroup": null, "w": 21, "h": 22, "y": 1336.03125, "x": 1272, "structure_id": "Tb_12"}, {"parent_Field": "Fi_6", "parent_Choice_Field": null, "parent_ChoiceGroup": null, "w": 179, "h": 19, "y": 1307, "x": 100, "structure_id": "Tb_13"}, {"parent_Field": "Fi_6", "parent_Choice_Field": null, "parent_ChoiceGroup": null, "w": 27, "h": 22, "y": 1303.03125, "x": 1266, "structure_id": "Tb_14"}, {"parent_Field": "Fi_7", "parent_Choice_Field": null, "parent_ChoiceGroup": null, "w": 213, "h": 19, "y": 1374, "x": 100, "structure_id": "Tb_15"}, {"parent_Field": "Fi_7", "parent_Choice_Field": null, "parent_ChoiceGroup": null, "w": 21, "h": 24, "y": 1370.03125, "x": 1270, "structure_id": "Tb_16"}, {"parent_Field": null, "parent_Choice_Field": null, "parent_ChoiceGroup": null, "w": 253, "h": 22, "y": 1572, "x": 333, "structure_id": "Tb_17"}, {"parent_Field": null, "parent_Choice_Field": null, "parent_ChoiceGroup": "Chgp_1", "w": 838, "h": 19, "y": 1107, "x": 100, "structure_id": "Tb_18"}, {"parent_Field": null, "parent_Choice_Field": "Chf_1", "parent_ChoiceGroup": "Chgp_1", "w": 39, "h": 20, "y": 1140, "x": 150, "structure_id": "Tb_19"}, {"parent_Field": null, "parent_Choice_Field": "Chf_2", "parent_ChoiceGroup": "Chgp_1", "w": 29, "h": 20, "y": 1140, "x": 267, "structure_id": "Tb_20"}, {"parent_Field": null, "parent_Choice_Field": null, "parent_ChoiceGroup": "Chgp_2", "w": 317, "h": 20, "y": 1190, "x": 100, "structure_id": "Tb_21"}, {"parent_Field": null, "parent_Choice_Field": "Chf_3", "parent_ChoiceGroup": "Chgp_2", "w": 56, "h": 19, "y": 1224, "x": 150, "structure_id": "Tb_22"}, {"parent_Field": null, "parent_Choice_Field": "Chf_4", "parent_ChoiceGroup": "Chgp_2", "w": 61, "h": 19, "y": 1224, "x": 283, "structure_id": "Tb_23"}, {"parent_Field": null, "parent_Choice_Field": "Chf_5", "parent_ChoiceGroup": "Chgp_2", "w": 127, "h": 19, "y": 1224, "x": 433, "structure_id": "Tb_24"}, {"parent_Field": null, "parent_Choice_Field": "Chf_6", "parent_ChoiceGroup": "Chgp_2", "w": 98, "h": 19, "y": 1224, "x": 633, "structure_id": "Tb_25"}, {"parent_Field": null, "parent_Choice_Field": "Chf_7", "parent_ChoiceGroup": "Chgp_2", "w": 89, "h": 19, "y": 1224, "x": 800, "structure_id": "Tb_26"}, {"parent_Field": null, "parent_Choice_Field": null, "parent_ChoiceGroup": "Chgp_3", "w": 257, "h": 20, "y": 1190, "x": 1050, "structure_id": "Tb_27"}, {"parent_Field": null, "parent_Choice_Field": "Chf_8", "parent_ChoiceGroup": "Chgp_3", "w": 116, "h": 19, "y": 1224, "x": 1100, "structure_id": "Tb_28"}, {"parent_Field": null, "parent_Choice_Field": "Chf_9", "parent_ChoiceGroup": "Chgp_3", "w": 87, "h": 19, "y": 1224, "x": 1317, "structure_id": "Tb_29"}, {"parent_Field": null, "parent_Choice_Field": null, "parent_ChoiceGroup": "Chgp_4", "w": 332, "h": 20, "y": 1540, "x": 100, "structure_id": "Tb_30"}, {"parent_Field": null, "parent_Choice_Field": "Chf_10", "parent_ChoiceGroup": "Chgp_4", "w": 39, "h": 19, "y": 1574, "x": 150, "structure_id": "Tb_31"}, {"parent_Field": null, "parent_Choice_Field": "Chf_11", "parent_ChoiceGroup": "Chgp_4", "w": 29, "h": 19, "y": 1574, "x": 267, "structure_id": "Tb_32"}, {"parent_Field": null, "parent_Choice_Field": null, "parent_ChoiceGroup": null, "w": 330, "h": 28, "y": 719, "x": 685, "structure_id": "Tb_33"}, {"parent_Field": "Fi_8", "parent_Choice_Field": null, "parent_ChoiceGroup": null, "w": 241, "h": 20, "y": 890, "x": 100, "structure_id": "Tb_34"}, {"parent_Field": "Fi_9", "parent_Choice_Field": null, "parent_ChoiceGroup": null, "w": 149, "h": 22, "y": 889, "x": 600, "structure_id": "Tb_35"}, {"parent_Field": "Fi_10", "parent_Choice_Field": null, "parent_ChoiceGroup": null, "w": 483, "h": 19, "y": 824, "x": 1050, "structure_id": "Tb_36"}, {"parent_Field": null, "parent_Choice_Field": null, "parent_ChoiceGroup": null, "w": 659, "h": 22, "y": 1022, "x": 333, "structure_id": "Tb_37"}, {"parent_Field": "Fi_11", "parent_Choice_Field": null, "parent_ChoiceGroup": null, "w": 271, "h": 19, "y": 757, "x": 100, "structure_id": "Tb_38"}, {"parent_Field": "Fi_12", "parent_Choice_Field": null, "parent_ChoiceGroup": null, "w": 358, "h": 22, "y": 822, "x": 100, "structure_id": "Tb_39"}, {"parent_Field": "Fi_13", "parent_Choice_Field": null, "parent_ChoiceGroup": null, "w": 274, "h": 22, "y": 822, "x": 600, "structure_id": "Tb_40"}, {"parent_Field": "Fi_14", "parent_Choice_Field": null, "parent_ChoiceGroup": null, "w": 198, "h": 22, "y": 889, "x": 1050, "structure_id": "Tb_41"}, {"parent_Field": null, "parent_Choice_Field": null, "parent_ChoiceGroup": "Chgp_5", "w": 1450, "h": 43, "y": 962, "x": 100, "structure_id": "Tb_42"}, {"parent_Field": null, "parent_Choice_Field": "Chf_12", "parent_ChoiceGroup": "Chgp_5", "w": 39, "h": 19, "y": 1024, "x": 150, "structure_id": "Tb_43"}, {"parent_Field": null, "parent_Choice_Field": "Chf_13", "parent_ChoiceGroup": "Chgp_5", "w": 29, "h": 19, "y": 1024, "x": 267, "structure_id": "Tb_44"}, {"parent_Field": null, "parent_Choice_Field": null, "parent_ChoiceGroup": null, "w": 664, "h": 28, "y": 1619, "x": 518, "structure_id": "Tb_45"}, {"parent_Field": "Fi_15", "parent_Choice_Field": null, "parent_ChoiceGroup": null, "w": 183, "h": 19, "y": 1724, "x": 100, "structure_id": "Tb_46"}, {"parent_Field": "Fi_16", "parent_Choice_Field": null, "parent_ChoiceGroup": null, "w": 314, "h": 19, "y": 1657, "x": 100, "structure_id": "Tb_47"}, {"parent_Field": "Fi_16", "parent_Choice_Field": null, "parent_ChoiceGroup": null, "w": 42, "h": 31, "y": 1648.03125, "x": 1053, "structure_id": "Tb_48"}, {"parent_Field": "Fi_16", "parent_Choice_Field": null, "parent_ChoiceGroup": null, "w": 37, "h": 25, "y": 1654, "x": 1123, "structure_id": "Tb_49"}, {"parent_Field": "Fi_16", "parent_Choice_Field": null, "parent_ChoiceGroup": null, "w": 38, "h": 22, "y": 1651.03125, "x": 1243, "structure_id": "Tb_50"}, {"parent_Field": "Fi_17", "parent_Choice_Field": null, "parent_ChoiceGroup": null, "w": 391, "h": 20, "y": 1690, "x": 100, "structure_id": "Tb_51"}, {"parent_Field": "Fi_17", "parent_Choice_Field": null, "parent_ChoiceGroup": null, "w": 45, "h": 32, "y": 1682.03125, "x": 1054, "structure_id": "Tb_52"}, {"parent_Field": "Fi_17", "parent_Choice_Field": null, "parent_ChoiceGroup": null, "w": 37, "h": 25, "y": 1687, "x": 1123, "structure_id": "Tb_53"}, {"parent_Field": "Fi_17", "parent_Choice_Field": null, "parent_ChoiceGroup": null, "w": 37, "h": 23, "y": 1685.03125, "x": 1242, "structure_id": "Tb_54"}, {"parent_Field": "Fi_18", "parent_Choice_Field": null, "parent_ChoiceGroup": null, "w": 186, "h": 19, "y": 1724, "x": 550, "structure_id": "Tb_55"}, {"parent_Field": "Fi_18", "parent_Choice_Field": null, "parent_ChoiceGroup": null, "w": 34, "h": 30, "y": 1763.03125, "x": 705, "structure_id": "Tb_56"}, {"parent_Field": null, "parent_Choice_Field": null, "parent_ChoiceGroup": "Chgp_6", "w": 249, "h": 19, "y": 1724, "x": 1067, "structure_id": "Tb_57"}, {"parent_Field": null, "parent_Choice_Field": "Chf_14", "parent_ChoiceGroup": "Chgp_6", "w": 110, "h": 19, "y": 1757, "x": 1117, "structure_id": "Tb_58"}, {"parent_Field": null, "parent_Choice_Field": "Chf_15", "parent_ChoiceGroup": "Chgp_6", "w": 158, "h": 19, "y": 1757, "x": 1300, "structure_id": "Tb_59"}, {"parent_Field": null, "parent_Choice_Field": null, "parent_ChoiceGroup": null, "w": 252, "h": 28, "y": 1803, "x": 724, "structure_id": "Tb_60"}, {"parent_Field": "Fi_19", "parent_Choice_Field": null, "parent_ChoiceGroup": null, "w": 335, "h": 20, "y": 1840, "x": 100, "structure_id": "Tb_61"}, {"parent_Field": "Fi_20", "parent_Choice_Field": null, "parent_ChoiceGroup": null, "w": 273, "h": 19, "y": 1907, "x": 100, "structure_id": "Tb_62"}, {"parent_Field": "Fi_20", "parent_Choice_Field": null, "parent_ChoiceGroup": null, "w": 30, "h": 24, "y": 1934.03125, "x": 99, "structure_id": "Tb_63"}, {"parent_Field": "Fi_21", "parent_Choice_Field": null, "parent_ChoiceGroup": null, "w": 284, "h": 19, "y": 1907, "x": 917, "structure_id": "Tb_64"}, {"parent_Field": "Fi_21", "parent_Choice_Field": null, "parent_ChoiceGroup": null, "w": 33, "h": 35, "y": 1928.03125, "x": 1075, "structure_id": "Tb_65"}, {"parent_Field": "Fi_22", "parent_Choice_Field": null, "parent_ChoiceGroup": null, "w": 129, "h": 19, "y": 1974, "x": 100, "structure_id": "Tb_66"}, {"parent_Field": "Fi_23", "parent_Choice_Field": null, "parent_ChoiceGroup": null, "w": 95, "h": 20, "y": 590, "x": 550, "structure_id": "Tb_67"}, {"parent_Field": "Fi_24", "parent_Choice_Field": null, "parent_ChoiceGroup": null, "w": 239, "h": 19, "y": 524, "x": 100, "structure_id": "Tb_68"}, {"parent_Field": "Fi_25", "parent_Choice_Field": null, "parent_ChoiceGroup": null, "w": 124, "h": 20, "y": 590, "x": 917, "structure_id": "Tb_69"}, {"parent_Field": "Fi_26", "parent_Choice_Field": null, "parent_ChoiceGroup": null, "w": 257, "h": 19, "y": 657, "x": 100, "structure_id": "Tb_70"}, {"parent_Field": "Fi_27", "parent_Choice_Field": null, "parent_ChoiceGroup": null, "w": 77, "h": 20, "y": 590, "x": 100, "structure_id": "Tb_71"}, {"parent_Field": "Fi_28", "parent_Choice_Field": null, "parent_ChoiceGroup": null, "w": 259, "h": 19, "y": 657, "x": 1150, "structure_id": "Tb_72"}, {"parent_Field": "Fi_29", "parent_Choice_Field": null, "parent_ChoiceGroup": null, "w": 115, "h": 20, "y": 590, "x": 1150, "structure_id": "Tb_73"}, {"parent_Field": "Fi_30", "parent_Choice_Field": null, "parent_ChoiceGroup": null, "w": 378, "h": 22, "y": 656, "x": 550, "structure_id": "Tb_74"}, {"parent_Field": "Fi_31", "parent_Choice_Field": null, "parent_ChoiceGroup": null, "w": 129, "h": 20, "y": 340, "x": 1117, "structure_id": "Tb_75"}, {"parent_Field": null, "parent_Choice_Field": null, "parent_ChoiceGroup": "Chgp_7", "w": 354, "h": 22, "y": 106, "x": 100, "structure_id": "Tb_76"}, {"parent_Field": null, "parent_Choice_Field": "Chf_16", "parent_ChoiceGroup": "Chgp_7", "w": 337, "h": 20, "y": 140, "x": 150, "structure_id": "Tb_77"}, {"parent_Field": null, "parent_Choice_Field": "Chf_17", "parent_ChoiceGroup": "Chgp_7", "w": 159, "h": 19, "y": 174, "x": 150, "structure_id": "Tb_78"}, {"parent_Field": null, "parent_Choice_Field": "Chf_18", "parent_ChoiceGroup": "Chgp_7", "w": 185, "h": 20, "y": 140, "x": 583, "structure_id": "Tb_79"}, {"parent_Field": null, "parent_Choice_Field": "Chf_19", "parent_ChoiceGroup": "Chgp_7", "w": 249, "h": 19, "y": 174, "x": 583, "structure_id": "Tb_80"}, {"parent_Field": null, "parent_Choice_Field": "Chf_20", "parent_ChoiceGroup": "Chgp_7", "w": 193, "h": 20, "y": 140, "x": 967, "structure_id": "Tb_81"}, {"parent_Field": null, "parent_Choice_Field": "Chf_21", "parent_ChoiceGroup": "Chgp_7", "w": 301, "h": 19, "y": 174, "x": 967, "structure_id": "Tb_82"}, {"parent_Field": null, "parent_Choice_Field": null, "parent_ChoiceGroup": "Chgp_8", "w": 392, "h": 22, "y": 222, "x": 100, "structure_id": "Tb_83"}, {"parent_Field": null, "parent_Choice_Field": "Chf_22", "parent_ChoiceGroup": "Chgp_8", "w": 400, "h": 19, "y": 257, "x": 150, "structure_id": "Tb_84"}, {"parent_Field": null, "parent_Choice_Field": "Chf_23", "parent_ChoiceGroup": "Chgp_8", "w": 355, "h": 20, "y": 290, "x": 150, "structure_id": "Tb_85"}, {"parent_Field": null, "parent_Choice_Field": "Chf_24", "parent_ChoiceGroup": "Chgp_8", "w": 442, "h": 19, "y": 257, "x": 633, "structure_id": "Tb_86"}, {"parent_Field": null, "parent_Choice_Field": "Chf_25", "parent_ChoiceGroup": "Chgp_8", "w": 267, "h": 20, "y": 290, "x": 633, "structure_id": "Tb_87"}, {"parent_Field": null, "parent_Choice_Field": null, "parent_ChoiceGroup": "Chgp_9", "w": 277, "h": 22, "y": 339, "x": 100, "structure_id": "Tb_88"}, {"parent_Field": null, "parent_Choice_Field": "Chf_26", "parent_ChoiceGroup": "Chgp_9", "w": 71, "h": 19, "y": 374, "x": 150, "structure_id": "Tb_89"}, {"parent_Field": null, "parent_Choice_Field": "Chf_27", "parent_ChoiceGroup": "Chgp_9", "w": 109, "h": 19, "y": 374, "x": 300, "structure_id": "Tb_90"}, {"parent_Field": null, "parent_Choice_Field": "Chf_28", "parent_ChoiceGroup": "Chgp_9", "w": 130, "h": 19, "y": 374, "x": 483, "structure_id": "Tb_91"}, {"parent_Field": null, "parent_Choice_Field": "Chf_29", "parent_ChoiceGroup": "Chgp_9", "w": 154, "h": 19, "y": 374, "x": 683, "structure_id": "Tb_92"}, {"parent_Field": null, "parent_Choice_Field": null, "parent_ChoiceGroup": "Chgp_10", "w": 487, "h": 22, "y": 406, "x": 100, "structure_id": "Tb_93"}, {"parent_Field": null, "parent_Choice_Field": "Chf_30", "parent_ChoiceGroup": "Chgp_10", "w": 189, "h": 20, "y": 440, "x": 150, "structure_id": "Tb_94"}, {"parent_Field": null, "parent_Choice_Field": "Chf_31", "parent_ChoiceGroup": "Chgp_10", "w": 350, "h": 19, "y": 474, "x": 150, "structure_id": "Tb_95"}, {"parent_Field": null, "parent_Choice_Field": "Chf_32", "parent_ChoiceGroup": "Chgp_10", "w": 285, "h": 20, "y": 440, "x": 617, "structure_id": "Tb_96"}, {"parent_Field": null, "parent_Choice_Field": "Chf_33", "parent_ChoiceGroup": "Chgp_10", "w": 353, "h": 19, "y": 474, "x": 617, "structure_id": "Tb_97"}], "Choice_Field": [{"y": 1137.5000000000002, "x": 102.77244094488188, "structure_id": "Chf_1", "w": 86.22755905511812, "h": 25}, {"y": 1137.5000000000002, "x": 219.44173228346457, "structure_id": "Chf_2", "w": 76.55826771653543, "h": 25}, {"y": 1220.8307086614175, "x": 102.77244094488188, "structure_id": "Chf_3", "w": 103.22755905511812, "h": 25}, {"y": 1220.8307086614175, "x": 236.11102362204724, "structure_id": "Chf_4", "w": 107.88897637795276, "h": 25}, {"y": 1220.8307086614175, "x": 386.1110236220473, "structure_id": "Chf_5", "w": 173.8889763779527, "h": 25}, {"y": 1220.8307086614175, "x": 586.1110236220472, "structure_id": "Chf_6", "w": 144.88897637795276, "h": 25}, {"y": 1220.8307086614175, "x": 752.78031496063, "structure_id": "Chf_7", "w": 136.21968503937, "h": 25}, {"y": 1220.8307086614175, "x": 1052.772440944882, "structure_id": "Chf_8", "w": 163.22755905511804, "h": 25}, {"y": 1220.8307086614175, "x": 1269.4417322834647, "structure_id": "Chf_9", "w": 134.55826771653528, "h": 25}, {"y": 1570.8385826771655, "x": 102.77244094488188, "structure_id": "Chf_10", "w": 86.22755905511812, "h": 25}, {"y": 1570.8385826771655, "x": 219.44173228346457, "structure_id": "Chf_11", "w": 76.55826771653543, "h": 25}, {"y": 1020.8307086614174, "x": 102.77244094488188, "structure_id": "Chf_12", "w": 86.22755905511812, "h": 24.999999999999886}, {"y": 1020.8307086614174, "x": 219.44173228346457, "structure_id": "Chf_13", "w": 76.55826771653543, "h": 24.999999999999886}, {"y": 1754.1614173228347, "x": 1069.4417322834647, "structure_id": "Chf_14", "w": 157.55826771653528, "h": 25}, {"y": 1754.1614173228347, "x": 1252.772440944882, "structure_id": "Chf_15", "w": 205.22755905511804, "h": 25}, {"y": 137.5, "x": 102.77244094488188, "structure_id": "Chf_16", "w": 384.22755905511815, "h": 25}, {"y": 170.8307086614173, "x": 102.77244094488188, "structure_id": "Chf_17", "w": 206.22755905511812, "h": 25}, {"y": 137.5, "x": 536.1110236220472, "structure_id": "Chf_18", "w": 231.88897637795276, "h": 25}, {"y": 170.8307086614173, "x": 536.1110236220472, "structure_id": "Chf_19", "w": 295.88897637795276, "h": 25}, {"y": 137.5, "x": 919.4417322834646, "structure_id": "Chf_20", "w": 240.5582677165354, "h": 25}, {"y": 170.83858267716536, "x": 919.4417322834646, "structure_id": "Chf_21", "w": 348.5582677165354, "h": 25}, {"y": 254.16141732283464, "x": 102.77244094488188, "structure_id": "Chf_22", "w": 447.22755905511815, "h": 24.99999999999997}, {"y": 287.49133858267714, "x": 102.77244094488188, "structure_id": "Chf_23", "w": 402.22755905511815, "h": 25}, {"y": 254.16141732283464, "x": 586.1110236220472, "structure_id": "Chf_24", "w": 488.88897637795276, "h": 24.99999999999997}, {"y": 287.49133858267714, "x": 586.1110236220472, "structure_id": "Chf_25", "w": 313.88897637795276, "h": 25}, {"y": 370.8307086614173, "x": 102.77244094488188, "structure_id": "Chf_26", "w": 118.22755905511812, "h": 25}, {"y": 370.8307086614173, "x": 252.77244094488188, "structure_id": "Chf_27", "w": 156.22755905511812, "h": 25}, {"y": 370.8307086614173, "x": 436.11102362204724, "structure_id": "Chf_28", "w": 176.88897637795276, "h": 25}, {"y": 370.8307086614173, "x": 636.1110236220472, "structure_id": "Chf_29", "w": 200.88897637795276, "h": 25}, {"y": 437.5, "x": 102.77244094488188, "structure_id": "Chf_30", "w": 236.22755905511812, "h": 25}, {"y": 470.83070866141736, "x": 102.77244094488188, "structure_id": "Chf_31", "w": 397.22755905511815, "h": 25}, {"y": 437.5, "x": 569.4417322834646, "structure_id": "Chf_32", "w": 332.5582677165354, "h": 25}, {"y": 470.83070866141736, "x": 569.4417322834646, "structure_id": "Chf_33", "w": 400.5582677165354, "h": 25}], "Field": [{"y": 1442, "x": 100, "structure_id": "Fi_1", "w": 1474, "h": 91.3385826771655}, {"y": 1539, "x": 898, "structure_id": "Fi_2", "w": 442, "h": 77.66141732283472}, {"y": 1400.007874015748, "x": 100, "structure_id": "Fi_3", "w": 1500.5582677165355, "h": 33.33070866141725}, {"y": 1266.6692913385828, "x": 100, "structure_id": "Fi_4", "w": 1383.3385826771653, "h": 33.33858267716528}, {"y": 1333.3385826771655, "x": 100, "structure_id": "Fi_5", "w": 1500.5582677165355, "h": 33.33070866141725}, {"y": 1300.007874015748, "x": 100, "structure_id": "Fi_6", "w": 1500.5582677165355, "h": 33.33070866141725}, {"y": 1366.6692913385828, "x": 100, "structure_id": "Fi_7", "w": 1500.5582677165355, "h": 33.33070866141725}, {"y": 890, "x": 100, "structure_id": "Fi_8", "w": 466.66929133858275, "h": 60}, {"y": 889, "x": 600, "structure_id": "Fi_9", "w": 416.66929133858275, "h": 61}, {"y": 824, "x": 1050, "structure_id": "Fi_10", "w": 483, "h": 59.33070866141736}, {"y": 757, "x": 100, "structure_id": "Fi_11", "w": 716.6692913385826, "h": 59.66929133858275}, {"y": 822, "x": 100, "structure_id": "Fi_12", "w": 466.66929133858275, "h": 61.33070866141736}, {"y": 822, "x": 600, "structure_id": "Fi_13", "w": 416.66929133858275, "h": 61.33070866141736}, {"y": 889, "x": 1050, "structure_id": "Fi_14", "w": 550, "h": 61}, {"y": 1724, "x": 100, "structure_id": "Fi_15", "w": 283.3307086614173, "h": 76}, {"y": 1648.03125, "x": 100, "structure_id": "Fi_16", "w": 1500.0338582677166, "h": 35.29945866141725}, {"y": 1682.03125, "x": 100, "structure_id": "Fi_17", "w": 1500.0338582677166, "h": 34.638041338582525}, {"y": 1724, "x": 550, "structure_id": "Fi_18", "w": 189, "h": 76}, {"y": 1840, "x": 100, "structure_id": "Fi_19", "w": 533.3307086614174, "h": 60}, {"y": 1907, "x": 99, "structure_id": "Fi_20", "w": 534.3307086614174, "h": 59.661417322834495}, {"y": 1907, "x": 916.6692913385826, "structure_id": "Fi_21", "w": 284.33070866141736, "h": 59.661417322834495}, {"y": 1974, "x": 100, "structure_id": "Fi_22", "w": 1500, "h": 126}, {"y": 590, "x": 550, "structure_id": "Fi_23", "w": 333.33070866141725, "h": 60}, {"y": 524, "x": 100, "structure_id": "Fi_24", "w": 1500, "h": 59.33070866141736}, {"y": 590, "x": 916.6692913385826, "structure_id": "Fi_25", "w": 200.0000000000001, "h": 60}, {"y": 657, "x": 100, "structure_id": "Fi_26", "w": 416.66929133858275, "h": 59.66929133858275}, {"y": 590, "x": 100, "structure_id": "Fi_27", "w": 416.66929133858275, "h": 60}, {"y": 657, "x": 1150, "structure_id": "Fi_28", "w": 450, "h": 59.66141732283472}, {"y": 590, "x": 1150, "structure_id": "Fi_29", "w": 450, "h": 60}, {"y": 656, "x": 550, "structure_id": "Fi_30", "w": 566.6692913385828, "h": 60.66929133858275}, {"y": 340, "x": 1116.6692913385828, "structure_id": "Fi_31", "w": 483.33070866141725, "h": 60}], "TextRun": [{"parent_TextBlock": "Tb_1", "text": "VA FORM 26-0286, NOV 2008", "parent_Field": null, "parent_Choice_Field": null, "parent_ChoiceGroup": null, "w": 267, "h": 19, "y": 2124, "x": 83, "structure_id": "Tr_1"}, {"parent_TextBlock": "Tb_2", "text": "INCOME INFORMATION", "parent_Field": null, "parent_Choice_Field": null, "parent_ChoiceGroup": null, "w": 321, "h": 28, "y": 1069, "x": 518, "structure_id": "Tr_2"}, {"parent_TextBlock": "Tb_2", "text": "(Not Applicable for IRRRLs)", "parent_Field": null, "parent_Choice_Field": null, "parent_ChoiceGroup": null, "w": 343, "h": 28, "y": 1069, "x": 839, "structure_id": "Tr_3"}, {"parent_TextBlock": "Tb_3", "text": "53. DEBT - INCOME RATIO", "parent_Field": "Fi_1", "parent_Choice_Field": null, "parent_ChoiceGroup": null, "w": 250, "h": 20, "y": 1444, "x": 100, "structure_id": "Tr_4"}, {"parent_TextBlock": "Tb_3", "text": "(If Income Ratio is over 41% and Residual Income is not 120% of guideline, statement of justification signed by underwriter's supervisor", "parent_Field": "Fi_1", "parent_Choice_Field": null, "parent_ChoiceGroup": null, "w": 1224, "h": 22, "y": 1442, "x": 350, "structure_id": "Tr_5"}, {"parent_TextBlock": "Tb_3", "text": "must be included on or with VA Form 26-6393)", "parent_Field": "Fi_1", "parent_Choice_Field": null, "parent_ChoiceGroup": null, "w": 423, "h": 22, "y": 1469, "x": 133, "structure_id": "Tr_6"}, {"parent_TextBlock": "Tb_4", "text": "", "parent_Field": "Fi_1", "parent_Choice_Field": null, "parent_ChoiceGroup": null, "w": 53, "h": 34, "y": 1495.03125, "x": 256, "structure_id": "Tr_7"}, {"parent_TextBlock": "Tb_5", "text": "55.", "parent_Field": "Fi_2", "parent_Choice_Field": null, "parent_ChoiceGroup": null, "w": 27, "h": 19, "y": 1541, "x": 900, "structure_id": "Tr_8"}, {"parent_TextBlock": "Tb_5", "text": "SPOUSE'S INCOME AMOUNT", "parent_Field": "Fi_2", "parent_Choice_Field": null, "parent_ChoiceGroup": null, "w": 276, "h": 19, "y": 1541, "x": 932, "structure_id": "Tr_9"}, {"parent_TextBlock": "Tb_5", "text": "(If considered)", "parent_Field": "Fi_2", "parent_Choice_Field": null, "parent_ChoiceGroup": null, "w": 132, "h": 22, "y": 1539, "x": 1208, "structure_id": "Tr_10"}, {"parent_TextBlock": "Tb_6", "text": "", "parent_Field": "Fi_2", "parent_Choice_Field": null, "parent_ChoiceGroup": null, "w": 29, "h": 27, "y": 1583.03125, "x": 898, "structure_id": "Tr_11"}, {"parent_TextBlock": "Tb_7", "text": "(If \"Yes,\" Complete Item 47B and 47C)", "parent_Field": null, "parent_Choice_Field": null, "parent_ChoiceGroup": null, "w": 354, "h": 22, "y": 1139, "x": 333, "structure_id": "Tr_12"}, {"parent_TextBlock": "Tb_8", "text": "52. RESIDUAL INCOME GUIDELINE", "parent_Field": "Fi_3", "parent_Choice_Field": null, "parent_ChoiceGroup": null, "w": 323, "h": 19, "y": 1407, "x": 100, "structure_id": "Tr_13"}, {"parent_TextBlock": "Tb_9", "text": "", "parent_Field": "Fi_3", "parent_Choice_Field": null, "parent_ChoiceGroup": null, "w": 33, "h": 26, "y": 1403.03125, "x": 1266, "structure_id": "Tr_14"}, {"parent_TextBlock": "Tb_10", "text": "48. CREDIT SCORE", "parent_Field": "Fi_4", "parent_Choice_Field": null, "parent_ChoiceGroup": null, "w": 185, "h": 20, "y": 1274, "x": 100, "structure_id": "Tr_15"}, {"parent_TextBlock": "Tb_10", "text": "(Enter the median credit score for the veteran only)", "parent_Field": "Fi_4", "parent_Choice_Field": null, "parent_ChoiceGroup": null, "w": 459, "h": 22, "y": 1272, "x": 285, "structure_id": "Tr_16"}, {"parent_TextBlock": "Tb_11", "text": "50. TOTAL MONTHLY GROSS INCOME", "parent_Field": "Fi_5", "parent_Choice_Field": null, "parent_ChoiceGroup": null, "w": 354, "h": 19, "y": 1341, "x": 100, "structure_id": "Tr_17"}, {"parent_TextBlock": "Tb_11", "text": "(Item 32 + Item 38 from VA Form 26-6393)", "parent_Field": "Fi_5", "parent_Choice_Field": null, "parent_ChoiceGroup": null, "w": 390, "h": 22, "y": 1339, "x": 460, "structure_id": "Tr_18"}, {"parent_TextBlock": "Tb_12", "text": "", "parent_Field": "Fi_5", "parent_Choice_Field": null, "parent_ChoiceGroup": null, "w": 21, "h": 22, "y": 1336.03125, "x": 1272, "structure_id": "Tr_19"}, {"parent_TextBlock": "Tb_13", "text": "49. LIQUID ASSETS", "parent_Field": "Fi_6", "parent_Choice_Field": null, "parent_ChoiceGroup": null, "w": 179, "h": 19, "y": 1307, "x": 100, "structure_id": "Tr_20"}, {"parent_TextBlock": "Tb_14", "text": "", "parent_Field": "Fi_6", "parent_Choice_Field": null, "parent_ChoiceGroup": null, "w": 27, "h": 22, "y": 1303.03125, "x": 1266, "structure_id": "Tr_21"}, {"parent_TextBlock": "Tb_15", "text": "51. RESIDUAL INCOME", "parent_Field": "Fi_7", "parent_Choice_Field": null, "parent_ChoiceGroup": null, "w": 213, "h": 19, "y": 1374, "x": 100, "structure_id": "Tr_22"}, {"parent_TextBlock": "Tb_16", "text": "", "parent_Field": "Fi_7", "parent_Choice_Field": null, "parent_ChoiceGroup": null, "w": 21, "h": 24, "y": 1370.03125, "x": 1270, "structure_id": "Tr_23"}, {"parent_TextBlock": "Tb_17", "text": "(If \"Yes,\" Complete Item 55)", "parent_Field": null, "parent_Choice_Field": null, "parent_ChoiceGroup": null, "w": 253, "h": 22, "y": 1572, "x": 333, "structure_id": "Tr_24"}, {"parent_TextBlock": "Tb_18", "text": "47A. LOAN PROCESSED UNDER VA RECOGNIZED AUTOMATED", "parent_Field": null, "parent_Choice_Field": null, "parent_ChoiceGroup": "Chgp_1", "w": 594, "h": 19, "y": 1107, "x": 100, "structure_id": "Tr_25"}, {"parent_TextBlock": "Tb_18", "text": "UNDERWRITING SYSTEM", "parent_Field": null, "parent_Choice_Field": null, "parent_ChoiceGroup": "Chgp_1", "w": 238, "h": 19, "y": 1107, "x": 700, "structure_id": "Tr_26"}, {"parent_TextBlock": "Tb_19", "text": "YES", "parent_Field": null, "parent_Choice_Field": "Chf_1", "parent_ChoiceGroup": "Chgp_1", "w": 39, "h": 20, "y": 1140, "x": 150, "structure_id": "Tr_27"}, {"parent_TextBlock": "Tb_20", "text": "NO", "parent_Field": null, "parent_Choice_Field": "Chf_2", "parent_ChoiceGroup": "Chgp_1", "w": 29, "h": 20, "y": 1140, "x": 267, "structure_id": "Tr_28"}, {"parent_TextBlock": "Tb_21", "text": "47B. WHICH SYSTEM WAS USED?", "parent_Field": null, "parent_Choice_Field": null, "parent_ChoiceGroup": "Chgp_2", "w": 317, "h": 20, "y": 1190, "x": 100, "structure_id": "Tr_29"}, {"parent_TextBlock": "Tb_22", "text": "01. LP", "parent_Field": null, "parent_Choice_Field": "Chf_3", "parent_ChoiceGroup": "Chgp_2", "w": 56, "h": 19, "y": 1224, "x": 150, "structure_id": "Tr_30"}, {"parent_TextBlock": "Tb_23", "text": "02. DU", "parent_Field": null, "parent_Choice_Field": "Chf_4", "parent_ChoiceGroup": "Chgp_2", "w": 61, "h": 19, "y": 1224, "x": 283, "structure_id": "Tr_31"}, {"parent_TextBlock": "Tb_24", "text": "03. PMI AURA", "parent_Field": null, "parent_Choice_Field": "Chf_5", "parent_ChoiceGroup": "Chgp_2", "w": 127, "h": 19, "y": 1224, "x": 433, "structure_id": "Tr_32"}, {"parent_TextBlock": "Tb_25", "text": "04. CLUES", "parent_Field": null, "parent_Choice_Field": "Chf_6", "parent_ChoiceGroup": "Chgp_2", "w": 98, "h": 19, "y": 1224, "x": 633, "structure_id": "Tr_33"}, {"parent_TextBlock": "Tb_26", "text": "05. ZIPPY", "parent_Field": null, "parent_Choice_Field": "Chf_7", "parent_ChoiceGroup": "Chgp_2", "w": 89, "h": 19, "y": 1224, "x": 800, "structure_id": "Tr_34"}, {"parent_TextBlock": "Tb_27", "text": "47C. RISK CLASSIFICATION", "parent_Field": null, "parent_Choice_Field": null, "parent_ChoiceGroup": "Chgp_3", "w": 257, "h": 20, "y": 1190, "x": 1050, "structure_id": "Tr_35"}, {"parent_TextBlock": "Tb_28", "text": "1. APPROVE", "parent_Field": null, "parent_Choice_Field": "Chf_8", "parent_ChoiceGroup": "Chgp_3", "w": 116, "h": 19, "y": 1224, "x": 1100, "structure_id": "Tr_36"}, {"parent_TextBlock": "Tb_29", "text": "2. REFER", "parent_Field": null, "parent_Choice_Field": "Chf_9", "parent_ChoiceGroup": "Chgp_3", "w": 87, "h": 19, "y": 1224, "x": 1317, "structure_id": "Tr_37"}, {"parent_TextBlock": "Tb_30", "text": "54.", "parent_Field": null, "parent_Choice_Field": null, "parent_ChoiceGroup": "Chgp_4", "w": 27, "h": 20, "y": 1540, "x": 100, "structure_id": "Tr_38"}, {"parent_TextBlock": "Tb_30", "text": "SPOUSE INCOME CONSIDERED", "parent_Field": null, "parent_Choice_Field": null, "parent_ChoiceGroup": "Chgp_4", "w": 300, "h": 20, "y": 1540, "x": 132, "structure_id": "Tr_39"}, {"parent_TextBlock": "Tb_31", "text": "YES", "parent_Field": null, "parent_Choice_Field": "Chf_10", "parent_ChoiceGroup": "Chgp_4", "w": 39, "h": 19, "y": 1574, "x": 150, "structure_id": "Tr_40"}, {"parent_TextBlock": "Tb_32", "text": "NO", "parent_Field": null, "parent_Choice_Field": "Chf_11", "parent_ChoiceGroup": "Chgp_4", "w": 29, "h": 19, "y": 1574, "x": 267, "structure_id": "Tr_41"}, {"parent_TextBlock": "Tb_33", "text": "FOR LAPP CASES ONLY", "parent_Field": null, "parent_Choice_Field": null, "parent_ChoiceGroup": null, "w": 330, "h": 28, "y": 719, "x": 685, "structure_id": "Tr_42"}, {"parent_TextBlock": "Tb_34", "text": "43. TOTAL ROOM COUNT", "parent_Field": "Fi_8", "parent_Choice_Field": null, "parent_ChoiceGroup": null, "w": 241, "h": 20, "y": 890, "x": 100, "structure_id": "Tr_43"}, {"parent_TextBlock": "Tb_35", "text": "44. BATHS", "parent_Field": "Fi_9", "parent_Choice_Field": null, "parent_ChoiceGroup": null, "w": 97, "h": 19, "y": 891, "x": 600, "structure_id": "Tr_44"}, {"parent_TextBlock": "Tb_35", "text": "(No.)", "parent_Field": "Fi_9", "parent_Choice_Field": null, "parent_ChoiceGroup": null, "w": 46, "h": 22, "y": 889, "x": 703, "structure_id": "Tr_45"}, {"parent_TextBlock": "Tb_36", "text": "42.", "parent_Field": "Fi_10", "parent_Choice_Field": null, "parent_ChoiceGroup": null, "w": 27, "h": 19, "y": 824, "x": 1050, "structure_id": "Tr_46"}, {"parent_TextBlock": "Tb_36", "text": "DATE OF SAR ISSUED NOTIFICATION OF VALUE", "parent_Field": "Fi_10", "parent_Choice_Field": null, "parent_ChoiceGroup": null, "w": 451, "h": 19, "y": 824, "x": 1082, "structure_id": "Tr_47"}, {"parent_TextBlock": "Tb_37", "text": "(If \"Yes,\" there must be written justification by fee appraiser and/or SAR)", "parent_Field": null, "parent_Choice_Field": null, "parent_ChoiceGroup": null, "w": 659, "h": 22, "y": 1022, "x": 333, "structure_id": "Tr_48"}, {"parent_TextBlock": "Tb_38", "text": "39. LENDER SAR ID NUMBER", "parent_Field": "Fi_11", "parent_Choice_Field": null, "parent_ChoiceGroup": null, "w": 271, "h": 19, "y": 757, "x": 100, "structure_id": "Tr_49"}, {"parent_TextBlock": "Tb_39", "text": "40. GROSS LIVING AREA", "parent_Field": "Fi_12", "parent_Choice_Field": null, "parent_ChoiceGroup": null, "w": 236, "h": 20, "y": 824, "x": 100, "structure_id": "Tr_50"}, {"parent_TextBlock": "Tb_39", "text": "(Square Feet)", "parent_Field": "Fi_12", "parent_Choice_Field": null, "parent_ChoiceGroup": null, "w": 122, "h": 22, "y": 822, "x": 336, "structure_id": "Tr_51"}, {"parent_TextBlock": "Tb_40", "text": "41. AGE OF PROPERTY", "parent_Field": "Fi_13", "parent_Choice_Field": null, "parent_ChoiceGroup": null, "w": 224, "h": 20, "y": 824, "x": 600, "structure_id": "Tr_52"}, {"parent_TextBlock": "Tb_40", "text": "(Yrs.)", "parent_Field": "Fi_13", "parent_Choice_Field": null, "parent_ChoiceGroup": null, "w": 50, "h": 22, "y": 822, "x": 824, "structure_id": "Tr_53"}, {"parent_TextBlock": "Tb_41", "text": "45. BEDROOMS", "parent_Field": "Fi_14", "parent_Choice_Field": null, "parent_ChoiceGroup": null, "w": 146, "h": 19, "y": 891, "x": 1050, "structure_id": "Tr_54"}, {"parent_TextBlock": "Tb_41", "text": "(No.)", "parent_Field": "Fi_14", "parent_Choice_Field": null, "parent_ChoiceGroup": null, "w": 52, "h": 22, "y": 889, "x": 1196, "structure_id": "Tr_55"}, {"parent_TextBlock": "Tb_42", "text": "46. IF PROCESSED UNDER LAPP, WAS THE FEE APPRAISER'S ORIGINAL VALUE ESTIMATE CHANGED OR REPAIR RECOMMENDATIONS REVISED, OR DID", "parent_Field": null, "parent_Choice_Field": null, "parent_ChoiceGroup": "Chgp_5", "w": 1450, "h": 19, "y": 962, "x": 100, "structure_id": "Tr_56"}, {"parent_TextBlock": "Tb_42", "text": "THE SAR OTHERWISE MAKE SIGNIFICANT ADJUSTMENTS?", "parent_Field": null, "parent_Choice_Field": null, "parent_ChoiceGroup": "Chgp_5", "w": 589, "h": 20, "y": 985, "x": 100, "structure_id": "Tr_57"}, {"parent_TextBlock": "Tb_43", "text": "YES", "parent_Field": null, "parent_Choice_Field": "Chf_12", "parent_ChoiceGroup": "Chgp_5", "w": 39, "h": 19, "y": 1024, "x": 150, "structure_id": "Tr_58"}, {"parent_TextBlock": "Tb_44", "text": "NO", "parent_Field": null, "parent_Choice_Field": "Chf_13", "parent_ChoiceGroup": "Chgp_5", "w": 29, "h": 19, "y": 1024, "x": 267, "structure_id": "Tr_59"}, {"parent_TextBlock": "Tb_45", "text": "DISCOUNT INFORMATION", "parent_Field": null, "parent_Choice_Field": null, "parent_ChoiceGroup": null, "w": 355, "h": 28, "y": 1619, "x": 518, "structure_id": "Tr_60"}, {"parent_TextBlock": "Tb_45", "text": "(Applicable for All Loans)", "parent_Field": null, "parent_Choice_Field": null, "parent_ChoiceGroup": null, "w": 309, "h": 28, "y": 1619, "x": 873, "structure_id": "Tr_61"}, {"parent_TextBlock": "Tb_46", "text": "58.", "parent_Field": "Fi_15", "parent_Choice_Field": null, "parent_ChoiceGroup": null, "w": 27, "h": 19, "y": 1724, "x": 100, "structure_id": "Tr_62"}, {"parent_TextBlock": "Tb_46", "text": "TERMS", "parent_Field": "Fi_15", "parent_Choice_Field": null, "parent_ChoiceGroup": null, "w": 74, "h": 19, "y": 1724, "x": 132, "structure_id": "Tr_63"}, {"parent_TextBlock": "Tb_46", "text": "(Months)", "parent_Field": "Fi_15", "parent_Choice_Field": null, "parent_ChoiceGroup": null, "w": 77, "h": 19, "y": 1724, "x": 206, "structure_id": "Tr_64"}, {"parent_TextBlock": "Tb_47", "text": "56.", "parent_Field": "Fi_16", "parent_Choice_Field": null, "parent_ChoiceGroup": null, "w": 27, "h": 19, "y": 1657, "x": 100, "structure_id": "Tr_65"}, {"parent_TextBlock": "Tb_47", "text": "DISCOUNT POINTS CHARGED", "parent_Field": "Fi_16", "parent_Choice_Field": null, "parent_ChoiceGroup": null, "w": 282, "h": 19, "y": 1657, "x": 132, "structure_id": "Tr_66"}, {"parent_TextBlock": "Tb_48", "text": "", "parent_Field": "Fi_16", "parent_Choice_Field": null, "parent_ChoiceGroup": null, "w": 42, "h": 31, "y": 1648.03125, "x": 1053, "structure_id": "Tr_67"}, {"parent_TextBlock": "Tb_49", "text": "OR", "parent_Field": "Fi_16", "parent_Choice_Field": null, "parent_ChoiceGroup": null, "w": 37, "h": 25, "y": 1654, "x": 1123, "structure_id": "Tr_68"}, {"parent_TextBlock": "Tb_50", "text": "", "parent_Field": "Fi_16", "parent_Choice_Field": null, "parent_ChoiceGroup": null, "w": 38, "h": 22, "y": 1651.03125, "x": 1243, "structure_id": "Tr_69"}, {"parent_TextBlock": "Tb_51", "text": "57.", "parent_Field": "Fi_17", "parent_Choice_Field": null, "parent_ChoiceGroup": null, "w": 27, "h": 20, "y": 1690, "x": 100, "structure_id": "Tr_70"}, {"parent_TextBlock": "Tb_51", "text": "DISCOUNT POINTS PAID BY VETERAN", "parent_Field": "Fi_17", "parent_Choice_Field": null, "parent_ChoiceGroup": null, "w": 359, "h": 20, "y": 1690, "x": 132, "structure_id": "Tr_71"}, {"parent_TextBlock": "Tb_52", "text": "", "parent_Field": "Fi_17", "parent_Choice_Field": null, "parent_ChoiceGroup": null, "w": 45, "h": 32, "y": 1682.03125, "x": 1054, "structure_id": "Tr_72"}, {"parent_TextBlock": "Tb_53", "text": "OR", "parent_Field": "Fi_17", "parent_Choice_Field": null, "parent_ChoiceGroup": null, "w": 37, "h": 25, "y": 1687, "x": 1123, "structure_id": "Tr_73"}, {"parent_TextBlock": "Tb_54", "text": "", "parent_Field": "Fi_17", "parent_Choice_Field": null, "parent_ChoiceGroup": null, "w": 37, "h": 23, "y": 1685.03125, "x": 1242, "structure_id": "Tr_74"}, {"parent_TextBlock": "Tb_55", "text": "59. INTEREST RATE", "parent_Field": "Fi_18", "parent_Choice_Field": null, "parent_ChoiceGroup": null, "w": 186, "h": 19, "y": 1724, "x": 550, "structure_id": "Tr_75"}, {"parent_TextBlock": "Tb_56", "text": "", "parent_Field": "Fi_18", "parent_Choice_Field": null, "parent_ChoiceGroup": null, "w": 34, "h": 30, "y": 1763.03125, "x": 705, "structure_id": "Tr_76"}, {"parent_TextBlock": "Tb_57", "text": "60. FUNDING FEE EXEMPT", "parent_Field": null, "parent_Choice_Field": null, "parent_ChoiceGroup": "Chgp_6", "w": 249, "h": 19, "y": 1724, "x": 1067, "structure_id": "Tr_77"}, {"parent_TextBlock": "Tb_58", "text": "Y - EXEMPT", "parent_Field": null, "parent_Choice_Field": "Chf_14", "parent_ChoiceGroup": "Chgp_6", "w": 110, "h": 19, "y": 1757, "x": 1117, "structure_id": "Tr_78"}, {"parent_TextBlock": "Tb_59", "text": "N - NOT EXEMPT", "parent_Field": null, "parent_Choice_Field": "Chf_15", "parent_ChoiceGroup": "Chgp_6", "w": 158, "h": 19, "y": 1757, "x": 1300, "structure_id": "Tr_79"}, {"parent_TextBlock": "Tb_60", "text": "FOR IRRRLS ONLY", "parent_Field": null, "parent_Choice_Field": null, "parent_ChoiceGroup": null, "w": 252, "h": 28, "y": 1803, "x": 724, "structure_id": "Tr_80"}, {"parent_TextBlock": "Tb_61", "text": "61. PAID IN FULL VA LOAN NUMBER", "parent_Field": "Fi_19", "parent_Choice_Field": null, "parent_ChoiceGroup": null, "w": 335, "h": 20, "y": 1840, "x": 100, "structure_id": "Tr_81"}, {"parent_TextBlock": "Tb_62", "text": "62.", "parent_Field": "Fi_20", "parent_Choice_Field": null, "parent_ChoiceGroup": null, "w": 27, "h": 19, "y": 1907, "x": 100, "structure_id": "Tr_82"}, {"parent_TextBlock": "Tb_62", "text": "ORIGINAL LOAN AMOUNT", "parent_Field": "Fi_20", "parent_Choice_Field": null, "parent_ChoiceGroup": null, "w": 241, "h": 19, "y": 1907, "x": 132, "structure_id": "Tr_83"}, {"parent_TextBlock": "Tb_63", "text": "", "parent_Field": "Fi_20", "parent_Choice_Field": null, "parent_ChoiceGroup": null, "w": 30, "h": 24, "y": 1934.03125, "x": 99, "structure_id": "Tr_84"}, {"parent_TextBlock": "Tb_64", "text": "63.", "parent_Field": "Fi_21", "parent_Choice_Field": null, "parent_ChoiceGroup": null, "w": 27, "h": 19, "y": 1907, "x": 917, "structure_id": "Tr_85"}, {"parent_TextBlock": "Tb_64", "text": "ORIGINAL INTEREST RATE", "parent_Field": "Fi_21", "parent_Choice_Field": null, "parent_ChoiceGroup": null, "w": 252, "h": 19, "y": 1907, "x": 949, "structure_id": "Tr_86"}, {"parent_TextBlock": "Tb_65", "text": "", "parent_Field": "Fi_21", "parent_Choice_Field": null, "parent_ChoiceGroup": null, "w": 33, "h": 35, "y": 1928.03125, "x": 1075, "structure_id": "Tr_87"}, {"parent_TextBlock": "Tb_66", "text": "64.", "parent_Field": "Fi_22", "parent_Choice_Field": null, "parent_ChoiceGroup": null, "w": 27, "h": 19, "y": 1974, "x": 100, "structure_id": "Tr_88"}, {"parent_TextBlock": "Tb_66", "text": "REMARKS", "parent_Field": "Fi_22", "parent_Choice_Field": null, "parent_ChoiceGroup": null, "w": 97, "h": 19, "y": 1974, "x": 132, "structure_id": "Tr_89"}, {"parent_TextBlock": "Tb_67", "text": "33. STATE", "parent_Field": "Fi_23", "parent_Choice_Field": null, "parent_ChoiceGroup": null, "w": 95, "h": 20, "y": 590, "x": 550, "structure_id": "Tr_90"}, {"parent_TextBlock": "Tb_68", "text": "31. PROPERTY ADDRESS", "parent_Field": "Fi_24", "parent_Choice_Field": null, "parent_ChoiceGroup": null, "w": 239, "h": 19, "y": 524, "x": 100, "structure_id": "Tr_91"}, {"parent_TextBlock": "Tb_69", "text": "34. ZIP CODE", "parent_Field": "Fi_25", "parent_Choice_Field": null, "parent_ChoiceGroup": null, "w": 124, "h": 20, "y": 590, "x": 917, "structure_id": "Tr_92"}, {"parent_TextBlock": "Tb_70", "text": "36. LENDER VA ID NUMBER", "parent_Field": "Fi_26", "parent_Choice_Field": null, "parent_ChoiceGroup": null, "w": 257, "h": 19, "y": 657, "x": 100, "structure_id": "Tr_93"}, {"parent_TextBlock": "Tb_71", "text": "32. CITY", "parent_Field": "Fi_27", "parent_Choice_Field": null, "parent_ChoiceGroup": null, "w": 77, "h": 20, "y": 590, "x": 100, "structure_id": "Tr_94"}, {"parent_TextBlock": "Tb_72", "text": "38. LENDER LOAN NUMBER", "parent_Field": "Fi_28", "parent_Choice_Field": null, "parent_ChoiceGroup": null, "w": 259, "h": 19, "y": 657, "x": 1150, "structure_id": "Tr_95"}, {"parent_TextBlock": "Tb_73", "text": "35. COUNTY", "parent_Field": "Fi_29", "parent_Choice_Field": null, "parent_ChoiceGroup": null, "w": 115, "h": 20, "y": 590, "x": 1150, "structure_id": "Tr_96"}, {"parent_TextBlock": "Tb_74", "text": "37. AGENT VA ID NUMBER", "parent_Field": "Fi_30", "parent_Choice_Field": null, "parent_ChoiceGroup": null, "w": 245, "h": 19, "y": 658, "x": 550, "structure_id": "Tr_97"}, {"parent_TextBlock": "Tb_74", "text": "(If applicable)", "parent_Field": "Fi_30", "parent_Choice_Field": null, "parent_ChoiceGroup": null, "w": 127, "h": 22, "y": 656, "x": 801, "structure_id": "Tr_98"}, {"parent_TextBlock": "Tb_75", "text": "29.", "parent_Field": "Fi_31", "parent_Choice_Field": null, "parent_ChoiceGroup": null, "w": 27, "h": 20, "y": 340, "x": 1117, "structure_id": "Tr_99"}, {"parent_TextBlock": "Tb_75", "text": "MCRV NO.", "parent_Field": "Fi_31", "parent_Choice_Field": null, "parent_ChoiceGroup": null, "w": 97, "h": 20, "y": 340, "x": 1149, "structure_id": "Tr_100"}, {"parent_TextBlock": "Tb_76", "text": "26. TYPE OF STRUCTURE", "parent_Field": null, "parent_Choice_Field": null, "parent_ChoiceGroup": "Chgp_7", "w": 241, "h": 19, "y": 108, "x": 100, "structure_id": "Tr_101"}, {"parent_TextBlock": "Tb_76", "text": "(Check one)", "parent_Field": null, "parent_Choice_Field": null, "parent_ChoiceGroup": "Chgp_7", "w": 108, "h": 22, "y": 106, "x": 346, "structure_id": "Tr_102"}, {"parent_TextBlock": "Tb_77", "text": "1. CONVENTIONAL CONSTRUCTION", "parent_Field": null, "parent_Choice_Field": "Chf_16", "parent_ChoiceGroup": "Chgp_7", "w": 337, "h": 20, "y": 140, "x": 150, "structure_id": "Tr_103"}, {"parent_TextBlock": "Tb_78", "text": "4. M/H LOT ONLY", "parent_Field": null, "parent_Choice_Field": "Chf_17", "parent_ChoiceGroup": "Chgp_7", "w": 159, "h": 19, "y": 174, "x": 150, "structure_id": "Tr_104"}, {"parent_TextBlock": "Tb_79", "text": "2. SINGLEWIDE M/H", "parent_Field": null, "parent_Choice_Field": "Chf_18", "parent_ChoiceGroup": "Chgp_7", "w": 185, "h": 20, "y": 140, "x": 583, "structure_id": "Tr_105"}, {"parent_TextBlock": "Tb_80", "text": "5. PREFABRICATED HOME", "parent_Field": null, "parent_Choice_Field": "Chf_19", "parent_ChoiceGroup": "Chgp_7", "w": 249, "h": 19, "y": 174, "x": 583, "structure_id": "Tr_106"}, {"parent_TextBlock": "Tb_81", "text": "3. DOUBLEWIDE M/H", "parent_Field": null, "parent_Choice_Field": "Chf_20", "parent_ChoiceGroup": "Chgp_7", "w": 193, "h": 20, "y": 140, "x": 967, "structure_id": "Tr_107"}, {"parent_TextBlock": "Tb_82", "text": "6. CONDOMINIUM CONVERSION", "parent_Field": null, "parent_Choice_Field": "Chf_21", "parent_ChoiceGroup": "Chgp_7", "w": 301, "h": 19, "y": 174, "x": 967, "structure_id": "Tr_108"}, {"parent_TextBlock": "Tb_83", "text": "27. PROPERTY DESIGNATION", "parent_Field": null, "parent_Choice_Field": null, "parent_ChoiceGroup": "Chgp_8", "w": 284, "h": 20, "y": 224, "x": 100, "structure_id": "Tr_109"}, {"parent_TextBlock": "Tb_83", "text": "(Check one)", "parent_Field": null, "parent_Choice_Field": null, "parent_ChoiceGroup": "Chgp_8", "w": 108, "h": 22, "y": 222, "x": 384, "structure_id": "Tr_110"}, {"parent_TextBlock": "Tb_84", "text": "1. EXISTING OR USED HOME, CONDO, M/H", "parent_Field": null, "parent_Choice_Field": "Chf_22", "parent_ChoiceGroup": "Chgp_8", "w": 400, "h": 19, "y": 257, "x": 150, "structure_id": "Tr_111"}, {"parent_TextBlock": "Tb_85", "text": "3. NEW EXISTING - NEVER OCCUPIED", "parent_Field": null, "parent_Choice_Field": "Chf_23", "parent_ChoiceGroup": "Chgp_8", "w": 355, "h": 20, "y": 290, "x": 150, "structure_id": "Tr_112"}, {"parent_TextBlock": "Tb_86", "text": "2. APPRAISED AS PROPOSED CONSTRUCTION", "parent_Field": null, "parent_Choice_Field": "Chf_24", "parent_ChoiceGroup": "Chgp_8", "w": 442, "h": 19, "y": 257, "x": 633, "structure_id": "Tr_113"}, {"parent_TextBlock": "Tb_87", "text": "4. ENERGY IMPROVEMENTS", "parent_Field": null, "parent_Choice_Field": "Chf_25", "parent_ChoiceGroup": "Chgp_8", "w": 267, "h": 20, "y": 290, "x": 633, "structure_id": "Tr_114"}, {"parent_TextBlock": "Tb_88", "text": "28. NO. OF UNITS", "parent_Field": null, "parent_Choice_Field": null, "parent_ChoiceGroup": "Chgp_9", "w": 169, "h": 19, "y": 341, "x": 100, "structure_id": "Tr_115"}, {"parent_TextBlock": "Tb_88", "text": "(Check one)", "parent_Field": null, "parent_Choice_Field": null, "parent_ChoiceGroup": "Chgp_9", "w": 108, "h": 22, "y": 339, "x": 269, "structure_id": "Tr_116"}, {"parent_TextBlock": "Tb_89", "text": "SINGLE", "parent_Field": null, "parent_Choice_Field": "Chf_26", "parent_ChoiceGroup": "Chgp_9", "w": 71, "h": 19, "y": 374, "x": 150, "structure_id": "Tr_117"}, {"parent_TextBlock": "Tb_90", "text": "TWO UNITS", "parent_Field": null, "parent_Choice_Field": "Chf_27", "parent_ChoiceGroup": "Chgp_9", "w": 109, "h": 19, "y": 374, "x": 300, "structure_id": "Tr_118"}, {"parent_TextBlock": "Tb_91", "text": "THREE UNITS", "parent_Field": null, "parent_Choice_Field": "Chf_28", "parent_ChoiceGroup": "Chgp_9", "w": 130, "h": 19, "y": 374, "x": 483, "structure_id": "Tr_119"}, {"parent_TextBlock": "Tb_92", "text": "FOUR OR MORE", "parent_Field": null, "parent_Choice_Field": "Chf_29", "parent_ChoiceGroup": "Chgp_9", "w": 154, "h": 19, "y": 374, "x": 683, "structure_id": "Tr_120"}, {"parent_TextBlock": "Tb_93", "text": "30. MANUFACTURED HOME CATEGORY", "parent_Field": null, "parent_Choice_Field": null, "parent_ChoiceGroup": "Chgp_10", "w": 379, "h": 19, "y": 408, "x": 100, "structure_id": "Tr_121"}, {"parent_TextBlock": "Tb_93", "text": "(Check one)", "parent_Field": null, "parent_Choice_Field": null, "parent_ChoiceGroup": "Chgp_10", "w": 108, "h": 22, "y": 406, "x": 479, "structure_id": "Tr_122"}, {"parent_TextBlock": "Tb_94", "text": "0. OTHER - NOT M/H", "parent_Field": null, "parent_Choice_Field": "Chf_30", "parent_ChoiceGroup": "Chgp_10", "w": 189, "h": 20, "y": 440, "x": 150, "structure_id": "Tr_123"}, {"parent_TextBlock": "Tb_95", "text": "2. M/H ONLY (VETERAN-OWNED LOT)", "parent_Field": null, "parent_Choice_Field": "Chf_31", "parent_ChoiceGroup": "Chgp_10", "w": 350, "h": 19, "y": 474, "x": 150, "structure_id": "Tr_124"}, {"parent_TextBlock": "Tb_96", "text": "1. M/H ONLY (RENTED SPACE)", "parent_Field": null, "parent_Choice_Field": "Chf_32", "parent_ChoiceGroup": "Chgp_10", "w": 285, "h": 20, "y": 440, "x": 617, "structure_id": "Tr_125"}, {"parent_TextBlock": "Tb_97", "text": "3. M/H ON PERMANENT FOUNDATION", "parent_Field": null, "parent_Choice_Field": "Chf_33", "parent_ChoiceGroup": "Chgp_10", "w": 353, "h": 19, "y": 474, "x": 617, "structure_id": "Tr_126"}], "ChoiceGroup": [{"y": 1100.03125, "x": 90, "structure_id": "Chgp_1", "w": 979, "h": 75}, {"y": 1187.03125, "x": 90, "structure_id": "Chgp_2", "w": 829, "h": 68}, {"y": 1184.03125, "x": 1041, "structure_id": "Chgp_3", "w": 409, "h": 68}, {"y": 1534.03125, "x": 90, "structure_id": "Chgp_4", "w": 559, "h": 72}, {"y": 956.03125, "x": 90, "structure_id": "Chgp_5", "w": 1480, "h": 98}, {"y": 1717.03125, "x": 1053, "structure_id": "Chgp_6", "w": 438, "h": 72}, {"y": 100.03125, "x": 90, "structure_id": "Chgp_7", "w": 1188, "h": 102}, {"y": 215.03125, "x": 90, "structure_id": "Chgp_8", "w": 1020, "h": 110}, {"y": 334.03125, "x": 93, "structure_id": "Chgp_9", "w": 762, "h": 63}, {"y": 401.03125, "x": 90, "structure_id": "Chgp_10", "w": 900, "h": 107}]}