{"Widget": [{"parent_Field": "Fi_1", "parent_Choice_Field": null, "parent_ChoiceGroup": null, "w": 183.16692913385828, "h": 33.33070866141732, "y": 549.992125984252, "x": 1416.6692913385828, "structure_id": "Wi_1"}, {"parent_Field": "Fi_2", "parent_Choice_Field": null, "parent_ChoiceGroup": null, "w": 266.7724409448819, "h": 33.33070866141732, "y": 683.3307086614174, "x": 916.6614173228347, "structure_id": "Wi_2"}, {"parent_Field": "Fi_3", "parent_Choice_Field": null, "parent_ChoiceGroup": null, "w": 266.7724409448819, "h": 33.33070866141732, "y": 933.3220472440945, "x": 916.6614173228347, "structure_id": "Wi_3"}, {"parent_Field": "Fi_4", "parent_Choice_Field": null, "parent_ChoiceGroup": null, "w": 183.16692913385828, "h": 33.33070866141732, "y": 999.992125984252, "x": 1416.6692913385828, "structure_id": "Wi_4"}, {"parent_Field": "Fi_5", "parent_Choice_Field": null, "parent_ChoiceGroup": null, "w": 183.16692913385828, "h": 33.33070866141732, "y": 1133.3307086614172, "x": 1416.6614173228347, "structure_id": "Wi_5"}, {"parent_Field": "Fi_6", "parent_Choice_Field": null, "parent_ChoiceGroup": null, "w": 183.16692913385828, "h": 33.33070866141732, "y": 933.3220472440945, "x": 1416.6692913385828, "structure_id": "Wi_6"}, {"parent_Field": "Fi_7", "parent_Choice_Field": null, "parent_ChoiceGroup": null, "w": 266.7724409448819, "h": 33.33070866141732, "y": 999.992125984252, "x": 916.6614173228347, "structure_id": "Wi_7"}, {"parent_Field": "Fi_8", "parent_Choice_Field": null, "parent_ChoiceGroup": null, "w": 266.7724409448819, "h": 33.33070866141732, "y": 716.6692913385828, "x": 916.6614173228347, "structure_id": "Wi_8"}, {"parent_Field": "Fi_9", "parent_Choice_Field": null, "parent_ChoiceGroup": null, "w": 183.16692913385828, "h": 33.33070866141732, "y": 899.992125984252, "x": 1416.6692913385828, "structure_id": "Wi_9"}, {"parent_Field": "Fi_10", "parent_Choice_Field": null, "parent_ChoiceGroup": null, "w": 266.7724409448819, "h": 33.33070866141732, "y": 1166.6614173228347, "x": 916.6614173228347, "structure_id": "Wi_10"}, {"parent_Field": "Fi_11", "parent_Choice_Field": null, "parent_ChoiceGroup": null, "w": 266.7724409448819, "h": 33.33070866141732, "y": 966.6614173228346, "x": 916.6614173228347, "structure_id": "Wi_11"}, {"parent_Field": "Fi_12", "parent_Choice_Field": null, "parent_ChoiceGroup": null, "w": 183.16692913385828, "h": 33.33070866141732, "y": 1199.992125984252, "x": 1416.6614173228347, "structure_id": "Wi_12"}, {"parent_Field": "Fi_13", "parent_Choice_Field": null, "parent_ChoiceGroup": null, "w": 183.16692913385828, "h": 33.33070866141732, "y": 966.6614173228346, "x": 1416.6692913385828, "structure_id": "Wi_13"}, {"parent_Field": "Fi_14", "parent_Choice_Field": null, "parent_ChoiceGroup": null, "w": 266.7724409448819, "h": 33.33070866141732, "y": 1199.992125984252, "x": 916.6614173228347, "structure_id": "Wi_14"}, {"parent_Field": "Fi_15", "parent_Choice_Field": null, "parent_ChoiceGroup": null, "w": 183.16692913385828, "h": 33.33070866141732, "y": 1166.6614173228347, "x": 1416.6614173228347, "structure_id": "Wi_15"}, {"parent_Field": "Fi_16", "parent_Choice_Field": null, "parent_ChoiceGroup": null, "w": 266.7724409448819, "h": 33.33070866141732, "y": 1133.3307086614172, "x": 916.6614173228347, "structure_id": "Wi_16"}, {"parent_Field": "Fi_17", "parent_Choice_Field": null, "parent_ChoiceGroup": null, "w": 183.16692913385828, "h": 33.33070866141732, "y": 1033.3220472440944, "x": 1416.6614173228347, "structure_id": "Wi_17"}, {"parent_Field": "Fi_18", "parent_Choice_Field": null, "parent_ChoiceGroup": null, "w": 266.7724409448819, "h": 33.33070866141732, "y": 549.992125984252, "x": 916.6614173228347, "structure_id": "Wi_18"}, {"parent_Field": "Fi_19", "parent_Choice_Field": null, "parent_ChoiceGroup": null, "w": 266.7724409448819, "h": 33.33070866141732, "y": 583.3307086614174, "x": 916.6614173228347, "structure_id": "Wi_19"}, {"parent_Field": "Fi_20", "parent_Choice_Field": null, "parent_ChoiceGroup": null, "w": 266.7724409448819, "h": 33.33070866141732, "y": 616.6614173228346, "x": 916.6614173228347, "structure_id": "Wi_20"}, {"parent_Field": "Fi_21", "parent_Choice_Field": null, "parent_ChoiceGroup": null, "w": 266.7724409448819, "h": 33.33070866141732, "y": 899.992125984252, "x": 916.6614173228347, "structure_id": "Wi_21"}, {"parent_Field": "Fi_22", "parent_Choice_Field": null, "parent_ChoiceGroup": null, "w": 183.16692913385828, "h": 33.33070866141732, "y": 716.6692913385828, "x": 1416.6692913385828, "structure_id": "Wi_22"}, {"parent_Field": "Fi_23", "parent_Choice_Field": null, "parent_ChoiceGroup": null, "w": 183.16692913385828, "h": 33.33070866141732, "y": 783.3614173228347, "x": 1416.6692913385828, "structure_id": "Wi_23"}, {"parent_Field": "Fi_24", "parent_Choice_Field": null, "parent_ChoiceGroup": null, "w": 266.7724409448819, "h": 33.33070866141732, "y": 816.7086614173229, "x": 916.6614173228347, "structure_id": "Wi_24"}, {"parent_Field": "Fi_25", "parent_Choice_Field": null, "parent_ChoiceGroup": null, "w": 183.16692913385828, "h": 33.33070866141732, "y": 816.7086614173229, "x": 1416.6692913385828, "structure_id": "Wi_25"}, {"parent_Field": "Fi_26", "parent_Choice_Field": null, "parent_ChoiceGroup": null, "w": 266.7724409448819, "h": 33.33070866141732, "y": 783.3614173228347, "x": 916.6614173228347, "structure_id": "Wi_26"}, {"parent_Field": "Fi_27", "parent_Choice_Field": null, "parent_ChoiceGroup": null, "w": 266.7724409448819, "h": 33.33070866141732, "y": 750.0165354330709, "x": 916.6614173228347, "structure_id": "Wi_27"}, {"parent_Field": "Fi_28", "parent_Choice_Field": null, "parent_ChoiceGroup": null, "w": 183.16692913385828, "h": 33.33070866141732, "y": 750.0165354330709, "x": 1416.6692913385828, "structure_id": "Wi_28"}, {"parent_Field": "Fi_29", "parent_Choice_Field": null, "parent_ChoiceGroup": null, "w": 183.16692913385828, "h": 33.33070866141732, "y": 683.3307086614174, "x": 1416.6692913385828, "structure_id": "Wi_29"}, {"parent_Field": "Fi_30", "parent_Choice_Field": null, "parent_ChoiceGroup": null, "w": 183.16692913385828, "h": 33.33070866141732, "y": 616.6614173228346, "x": 1416.6692913385828, "structure_id": "Wi_30"}, {"parent_Field": "Fi_31", "parent_Choice_Field": null, "parent_ChoiceGroup": null, "w": 266.7724409448819, "h": 33.33070866141732, "y": 650, "x": 916.6614173228347, "structure_id": "Wi_31"}, {"parent_Field": "Fi_32", "parent_Choice_Field": null, "parent_ChoiceGroup": null, "w": 183.16692913385828, "h": 33.33070866141732, "y": 650, "x": 1416.6692913385828, "structure_id": "Wi_32"}, {"parent_Field": "Fi_33", "parent_Choice_Field": null, "parent_ChoiceGroup": null, "w": 183.16692913385828, "h": 33.33070866141732, "y": 583.3307086614174, "x": 1416.6692913385828, "structure_id": "Wi_33"}, {"parent_Field": "Fi_34", "parent_Choice_Field": null, "parent_ChoiceGroup": null, "w": 266.7724409448819, "h": 33.33070866141732, "y": 1033.3220472440944, "x": 916.6614173228347, "structure_id": "Wi_34"}, {"parent_Field": "Fi_35", "parent_Choice_Field": null, "parent_ChoiceGroup": null, "w": 449.9834645669292, "h": 33.33070866141732, "y": 1133.3307086614172, "x": 333.3307086614173, "structure_id": "Wi_35"}, {"parent_Field": "Fi_36", "parent_Choice_Field": null, "parent_ChoiceGroup": null, "w": 449.9834645669292, "h": 33.33070866141732, "y": 1166.6614173228347, "x": 333.3307086614173, "structure_id": "Wi_36"}, {"parent_Field": "Fi_37", "parent_Choice_Field": null, "parent_ChoiceGroup": null, "w": 449.9834645669292, "h": 33.33070866141732, "y": 1199.992125984252, "x": 333.3307086614173, "structure_id": "Wi_37"}, {"parent_Field": "Fi_38", "parent_Choice_Field": null, "parent_ChoiceGroup": null, "w": 1500, "h": 166.66141732283467, "y": 1283.3307086614175, "x": 100, "structure_id": "Wi_38"}, {"parent_Field": null, "parent_Choice_Field": "Chf_1", "parent_ChoiceGroup": "Chgp_1", "w": 25, "h": 25, "y": 556.9385826771654, "x": 108.32755905511812, "structure_id": "Wi_39"}, {"parent_Field": null, "parent_Choice_Field": "Chf_2", "parent_ChoiceGroup": "Chgp_1", "w": 25, "h": 25, "y": 590.2692913385827, "x": 108.32755905511812, "structure_id": "Wi_40"}, {"parent_Field": null, "parent_Choice_Field": "Chf_3", "parent_ChoiceGroup": "Chgp_1", "w": 25, "h": 25, "y": 623.6, "x": 108.32755905511812, "structure_id": "Wi_41"}, {"parent_Field": null, "parent_Choice_Field": "Chf_4", "parent_ChoiceGroup": "Chgp_1", "w": 25, "h": 25, "y": 656.9385826771653, "x": 108.32755905511812, "structure_id": "Wi_42"}, {"parent_Field": null, "parent_Choice_Field": "Chf_5", "parent_ChoiceGroup": "Chgp_1", "w": 25, "h": 25, "y": 690.2779527559055, "x": 108.32755905511812, "structure_id": "Wi_43"}, {"parent_Field": null, "parent_Choice_Field": "Chf_6", "parent_ChoiceGroup": "Chgp_1", "w": 25, "h": 25, "y": 723.607874015748, "x": 108.32755905511812, "structure_id": "Wi_44"}, {"parent_Field": null, "parent_Choice_Field": "Chf_7", "parent_ChoiceGroup": "Chgp_1", "w": 25, "h": 25, "y": 756.955905511811, "x": 108.32755905511812, "structure_id": "Wi_45"}, {"parent_Field": null, "parent_Choice_Field": "Chf_8", "parent_ChoiceGroup": "Chgp_1", "w": 25, "h": 25, "y": 790.3000000000001, "x": 108.32755905511812, "structure_id": "Wi_46"}, {"parent_Field": null, "parent_Choice_Field": "Chf_9", "parent_ChoiceGroup": "Chgp_1", "w": 25, "h": 25, "y": 823.6472440944883, "x": 108.32755905511812, "structure_id": "Wi_47"}, {"parent_Field": null, "parent_Choice_Field": "Chf_10", "parent_ChoiceGroup": "Chgp_1", "w": 25, "h": 25, "y": 856.9385826771654, "x": 117.57244094488189, "structure_id": "Wi_48"}, {"parent_Field": null, "parent_Choice_Field": "Chf_11", "parent_ChoiceGroup": "Chgp_1", "w": 25, "h": 25, "y": 940.2692913385827, "x": 108.32755905511812, "structure_id": "Wi_49"}, {"parent_Field": null, "parent_Choice_Field": "Chf_12", "parent_ChoiceGroup": "Chgp_1", "w": 25, "h": 25, "y": 973.6, "x": 108.32755905511812, "structure_id": "Wi_50"}, {"parent_Field": null, "parent_Choice_Field": "Chf_13", "parent_ChoiceGroup": "Chgp_1", "w": 25, "h": 25, "y": 1006.9307086614173, "x": 108.32755905511812, "structure_id": "Wi_51"}, {"parent_Field": null, "parent_Choice_Field": "Chf_14", "parent_ChoiceGroup": "Chgp_1", "w": 25, "h": 25, "y": 1040.2692913385827, "x": 108.32755905511812, "structure_id": "Wi_52"}, {"parent_Field": null, "parent_Choice_Field": "Chf_15", "parent_ChoiceGroup": "Chgp_1", "w": 25, "h": 25, "y": 1073.6, "x": 108.32755905511812, "structure_id": "Wi_53"}, {"parent_Field": null, "parent_Choice_Field": "Chf_16", "parent_ChoiceGroup": "Chgp_1", "w": 25, "h": 25, "y": 1106.9385826771654, "x": 108.32755905511812, "structure_id": "Wi_54"}, {"parent_Field": null, "parent_Choice_Field": "Chf_17", "parent_ChoiceGroup": "Chgp_2", "w": 25, "h": 25, "y": 487.49133858267714, "x": 108.32755905511812, "structure_id": "Wi_55"}, {"parent_Field": null, "parent_Choice_Field": "Chf_18", "parent_ChoiceGroup": "Chgp_2", "w": 25, "h": 25, "y": 487.49133858267714, "x": 224.99685039370078, "structure_id": "Wi_56"}, {"parent_Field": "Fi_39", "parent_Choice_Field": null, "parent_ChoiceGroup": null, "w": 1500, "h": 185.38582677165354, "y": 1516.6614173228347, "x": 100, "structure_id": "Wi_57"}, {"parent_Field": "Fi_40", "parent_Choice_Field": null, "parent_ChoiceGroup": null, "w": 1500, "h": 133.33070866141733, "y": 1888.6055118110237, "x": 100, "structure_id": "Wi_58"}, {"parent_Field": null, "parent_Choice_Field": "Chf_19", "parent_ChoiceGroup": "Chgp_3", "w": 25, "h": 25, "y": 1773.327559055118, "x": 108.32755905511812, "structure_id": "Wi_59"}, {"parent_Field": null, "parent_Choice_Field": "Chf_20", "parent_ChoiceGroup": "Chgp_3", "w": 25, "h": 25, "y": 1773.327559055118, "x": 224.99685039370078, "structure_id": "Wi_60"}, {"parent_Field": null, "parent_Choice_Field": "Chf_21", "parent_ChoiceGroup": "Chgp_4", "w": 25, "h": 25, "y": 2059.436220472441, "x": 108.32755905511812, "structure_id": "Wi_61"}, {"parent_Field": null, "parent_Choice_Field": "Chf_22", "parent_ChoiceGroup": "Chgp_4", "w": 25, "h": 25, "y": 2059.436220472441, "x": 258.3275590551181, "structure_id": "Wi_62"}, {"parent_Field": null, "parent_Choice_Field": "Chf_23", "parent_ChoiceGroup": "Chgp_4", "w": 25, "h": 25, "y": 2059.436220472441, "x": 441.6669291338583, "structure_id": "Wi_63"}, {"parent_Field": "Fi_41", "parent_Choice_Field": null, "parent_ChoiceGroup": null, "w": 981.3779527559055, "h": 33.33070866141732, "y": 302.0551181102362, "x": 102.66141732283464, "structure_id": "Wi_64"}, {"parent_Field": "Fi_42", "parent_Choice_Field": null, "parent_ChoiceGroup": null, "w": 193.30866141732284, "h": 33.33070866141732, "y": 302.0551181102362, "x": 1117.4551181102363, "structure_id": "Wi_65"}], "TextBlock": [{"parent_Field": null, "parent_Choice_Field": null, "parent_ChoiceGroup": null, "w": 257, "h": 58, "y": 56, "x": 1314, "structure_id": "Tb_1"}, {"parent_Field": null, "parent_Choice_Field": null, "parent_ChoiceGroup": null, "w": 176, "h": 33, "y": 2108, "x": 204, "structure_id": "Tb_2"}, {"parent_Field": null, "parent_Choice_Field": null, "parent_ChoiceGroup": null, "w": 446, "h": 43, "y": 2105, "x": 658, "structure_id": "Tb_3"}, {"parent_Field": null, "parent_Choice_Field": null, "parent_ChoiceGroup": null, "w": 256, "h": 22, "y": 424, "x": 722, "structure_id": "Tb_4"}, {"parent_Field": "Fi_1", "parent_Choice_Field": null, "parent_ChoiceGroup": null, "w": 208, "h": 19, "y": 564, "x": 1200, "structure_id": "Tb_5"}, {"parent_Field": "Fi_2", "parent_Choice_Field": null, "parent_ChoiceGroup": null, "w": 106, "h": 20, "y": 697, "x": 800, "structure_id": "Tb_6"}, {"parent_Field": "Fi_3", "parent_Choice_Field": null, "parent_ChoiceGroup": null, "w": 106, "h": 20, "y": 947, "x": 800, "structure_id": "Tb_7"}, {"parent_Field": "Fi_4", "parent_Choice_Field": null, "parent_ChoiceGroup": null, "w": 208, "h": 19, "y": 1014, "x": 1200, "structure_id": "Tb_8"}, {"parent_Field": "Fi_5", "parent_Choice_Field": null, "parent_ChoiceGroup": null, "w": 208, "h": 20, "y": 1147, "x": 1200, "structure_id": "Tb_9"}, {"parent_Field": "Fi_6", "parent_Choice_Field": null, "parent_ChoiceGroup": null, "w": 208, "h": 20, "y": 947, "x": 1200, "structure_id": "Tb_10"}, {"parent_Field": "Fi_7", "parent_Choice_Field": null, "parent_ChoiceGroup": null, "w": 106, "h": 19, "y": 1014, "x": 800, "structure_id": "Tb_11"}, {"parent_Field": "Fi_8", "parent_Choice_Field": null, "parent_ChoiceGroup": null, "w": 106, "h": 19, "y": 731, "x": 800, "structure_id": "Tb_12"}, {"parent_Field": "Fi_9", "parent_Choice_Field": null, "parent_ChoiceGroup": null, "w": 208, "h": 19, "y": 914, "x": 1200, "structure_id": "Tb_13"}, {"parent_Field": "Fi_10", "parent_Choice_Field": null, "parent_ChoiceGroup": null, "w": 106, "h": 19, "y": 1181, "x": 800, "structure_id": "Tb_14"}, {"parent_Field": "Fi_11", "parent_Choice_Field": null, "parent_ChoiceGroup": null, "w": 106, "h": 19, "y": 981, "x": 800, "structure_id": "Tb_15"}, {"parent_Field": "Fi_12", "parent_Choice_Field": null, "parent_ChoiceGroup": null, "w": 208, "h": 19, "y": 1214, "x": 1200, "structure_id": "Tb_16"}, {"parent_Field": "Fi_13", "parent_Choice_Field": null, "parent_ChoiceGroup": null, "w": 208, "h": 19, "y": 981, "x": 1200, "structure_id": "Tb_17"}, {"parent_Field": "Fi_14", "parent_Choice_Field": null, "parent_ChoiceGroup": null, "w": 106, "h": 19, "y": 1214, "x": 800, "structure_id": "Tb_18"}, {"parent_Field": "Fi_15", "parent_Choice_Field": null, "parent_ChoiceGroup": null, "w": 208, "h": 19, "y": 1181, "x": 1200, "structure_id": "Tb_19"}, {"parent_Field": "Fi_16", "parent_Choice_Field": null, "parent_ChoiceGroup": null, "w": 106, "h": 20, "y": 1147, "x": 800, "structure_id": "Tb_20"}, {"parent_Field": "Fi_17", "parent_Choice_Field": null, "parent_ChoiceGroup": null, "w": 208, "h": 20, "y": 1047, "x": 1200, "structure_id": "Tb_21"}, {"parent_Field": "Fi_18", "parent_Choice_Field": null, "parent_ChoiceGroup": null, "w": 106, "h": 19, "y": 564, "x": 800, "structure_id": "Tb_22"}, {"parent_Field": "Fi_19", "parent_Choice_Field": null, "parent_ChoiceGroup": null, "w": 106, "h": 20, "y": 597, "x": 800, "structure_id": "Tb_23"}, {"parent_Field": "Fi_20", "parent_Choice_Field": null, "parent_ChoiceGroup": null, "w": 106, "h": 19, "y": 631, "x": 800, "structure_id": "Tb_24"}, {"parent_Field": "Fi_21", "parent_Choice_Field": null, "parent_ChoiceGroup": null, "w": 106, "h": 19, "y": 914, "x": 800, "structure_id": "Tb_25"}, {"parent_Field": "Fi_22", "parent_Choice_Field": null, "parent_ChoiceGroup": null, "w": 208, "h": 19, "y": 731, "x": 1200, "structure_id": "Tb_26"}, {"parent_Field": "Fi_23", "parent_Choice_Field": null, "parent_ChoiceGroup": null, "w": 208, "h": 20, "y": 797, "x": 1200, "structure_id": "Tb_27"}, {"parent_Field": "Fi_24", "parent_Choice_Field": null, "parent_ChoiceGroup": null, "w": 106, "h": 19, "y": 831, "x": 800, "structure_id": "Tb_28"}, {"parent_Field": "Fi_25", "parent_Choice_Field": null, "parent_ChoiceGroup": null, "w": 208, "h": 19, "y": 831, "x": 1200, "structure_id": "Tb_29"}, {"parent_Field": "Fi_26", "parent_Choice_Field": null, "parent_ChoiceGroup": null, "w": 106, "h": 20, "y": 797, "x": 800, "structure_id": "Tb_30"}, {"parent_Field": "Fi_27", "parent_Choice_Field": null, "parent_ChoiceGroup": null, "w": 106, "h": 19, "y": 764, "x": 800, "structure_id": "Tb_31"}, {"parent_Field": "Fi_28", "parent_Choice_Field": null, "parent_ChoiceGroup": null, "w": 208, "h": 19, "y": 764, "x": 1200, "structure_id": "Tb_32"}, {"parent_Field": "Fi_29", "parent_Choice_Field": null, "parent_ChoiceGroup": null, "w": 208, "h": 20, "y": 697, "x": 1200, "structure_id": "Tb_33"}, {"parent_Field": "Fi_30", "parent_Choice_Field": null, "parent_ChoiceGroup": null, "w": 208, "h": 19, "y": 631, "x": 1200, "structure_id": "Tb_34"}, {"parent_Field": "Fi_31", "parent_Choice_Field": null, "parent_ChoiceGroup": null, "w": 106, "h": 19, "y": 664, "x": 800, "structure_id": "Tb_35"}, {"parent_Field": "Fi_32", "parent_Choice_Field": null, "parent_ChoiceGroup": null, "w": 208, "h": 19, "y": 664, "x": 1200, "structure_id": "Tb_36"}, {"parent_Field": "Fi_33", "parent_Choice_Field": null, "parent_ChoiceGroup": null, "w": 208, "h": 20, "y": 597, "x": 1200, "structure_id": "Tb_37"}, {"parent_Field": "Fi_34", "parent_Choice_Field": null, "parent_ChoiceGroup": null, "w": 106, "h": 20, "y": 1047, "x": 800, "structure_id": "Tb_38"}, {"parent_Field": "Fi_35", "parent_Choice_Field": null, "parent_ChoiceGroup": null, "w": 169, "h": 20, "y": 1147, "x": 150, "structure_id": "Tb_39"}, {"parent_Field": "Fi_36", "parent_Choice_Field": null, "parent_ChoiceGroup": null, "w": 169, "h": 19, "y": 1181, "x": 150, "structure_id": "Tb_40"}, {"parent_Field": "Fi_37", "parent_Choice_Field": null, "parent_ChoiceGroup": null, "w": 169, "h": 19, "y": 1214, "x": 150, "structure_id": "Tb_41"}, {"parent_Field": "Fi_38", "parent_Choice_Field": null, "parent_ChoiceGroup": null, "w": 1315, "h": 19, "y": 1257, "x": 100, "structure_id": "Tb_42"}, {"parent_Field": null, "parent_Choice_Field": null, "parent_ChoiceGroup": "Chgp_1", "w": 649, "h": 22, "y": 522, "x": 100, "structure_id": "Tb_43"}, {"parent_Field": null, "parent_Choice_Field": "Chf_1", "parent_ChoiceGroup": "Chgp_1", "w": 293, "h": 19, "y": 564, "x": 150, "structure_id": "Tb_44"}, {"parent_Field": null, "parent_Choice_Field": "Chf_2", "parent_ChoiceGroup": "Chgp_1", "w": 312, "h": 20, "y": 597, "x": 150, "structure_id": "Tb_45"}, {"parent_Field": null, "parent_Choice_Field": "Chf_3", "parent_ChoiceGroup": "Chgp_1", "w": 331, "h": 19, "y": 631, "x": 150, "structure_id": "Tb_46"}, {"parent_Field": null, "parent_Choice_Field": "Chf_4", "parent_ChoiceGroup": "Chgp_1", "w": 311, "h": 19, "y": 664, "x": 150, "structure_id": "Tb_47"}, {"parent_Field": null, "parent_Choice_Field": "Chf_5", "parent_ChoiceGroup": "Chgp_1", "w": 157, "h": 20, "y": 697, "x": 150, "structure_id": "Tb_48"}, {"parent_Field": null, "parent_Choice_Field": "Chf_6", "parent_ChoiceGroup": "Chgp_1", "w": 222, "h": 19, "y": 731, "x": 150, "structure_id": "Tb_49"}, {"parent_Field": null, "parent_Choice_Field": "Chf_7", "parent_ChoiceGroup": "Chgp_1", "w": 151, "h": 19, "y": 764, "x": 150, "structure_id": "Tb_50"}, {"parent_Field": null, "parent_Choice_Field": "Chf_8", "parent_ChoiceGroup": "Chgp_1", "w": 228, "h": 20, "y": 797, "x": 150, "structure_id": "Tb_51"}, {"parent_Field": null, "parent_Choice_Field": "Chf_9", "parent_ChoiceGroup": "Chgp_1", "w": 128, "h": 19, "y": 831, "x": 150, "structure_id": "Tb_52"}, {"parent_Field": null, "parent_Choice_Field": "Chf_10", "parent_ChoiceGroup": "Chgp_1", "w": 633, "h": 75, "y": 858, "x": 150, "structure_id": "Tb_53"}, {"parent_Field": null, "parent_Choice_Field": "Chf_11", "parent_ChoiceGroup": "Chgp_1", "w": 161, "h": 20, "y": 947, "x": 150, "structure_id": "Tb_54"}, {"parent_Field": null, "parent_Choice_Field": "Chf_12", "parent_ChoiceGroup": "Chgp_1", "w": 159, "h": 19, "y": 981, "x": 150, "structure_id": "Tb_55"}, {"parent_Field": null, "parent_Choice_Field": "Chf_13", "parent_ChoiceGroup": "Chgp_1", "w": 156, "h": 19, "y": 1014, "x": 150, "structure_id": "Tb_56"}, {"parent_Field": null, "parent_Choice_Field": "Chf_14", "parent_ChoiceGroup": "Chgp_1", "w": 112, "h": 20, "y": 1047, "x": 150, "structure_id": "Tb_57"}, {"parent_Field": null, "parent_Choice_Field": "Chf_15", "parent_ChoiceGroup": "Chgp_1", "w": 1293, "h": 19, "y": 1081, "x": 150, "structure_id": "Tb_58"}, {"parent_Field": null, "parent_Choice_Field": "Chf_16", "parent_ChoiceGroup": "Chgp_1", "w": 120, "h": 19, "y": 1114, "x": 150, "structure_id": "Tb_59"}, {"parent_Field": null, "parent_Choice_Field": null, "parent_ChoiceGroup": "Chgp_2", "w": 1273, "h": 19, "y": 455, "x": 100, "structure_id": "Tb_60"}, {"parent_Field": null, "parent_Choice_Field": "Chf_17", "parent_ChoiceGroup": "Chgp_2", "w": 39, "h": 20, "y": 490, "x": 150, "structure_id": "Tb_61"}, {"parent_Field": null, "parent_Choice_Field": "Chf_18", "parent_ChoiceGroup": "Chgp_2", "w": 29, "h": 20, "y": 490, "x": 267, "structure_id": "Tb_62"}, {"parent_Field": null, "parent_Choice_Field": null, "parent_ChoiceGroup": null, "w": 344, "h": 22, "y": 1457, "x": 678, "structure_id": "Tb_63"}, {"parent_Field": "Fi_39", "parent_Choice_Field": null, "parent_ChoiceGroup": null, "w": 1295, "h": 22, "y": 1489, "x": 100, "structure_id": "Tb_64"}, {"parent_Field": "Fi_40", "parent_Choice_Field": null, "parent_ChoiceGroup": null, "w": 1483, "h": 66, "y": 1814, "x": 100, "structure_id": "Tb_65"}, {"parent_Field": null, "parent_Choice_Field": null, "parent_ChoiceGroup": "Chgp_3", "w": 1492, "h": 43, "y": 1711, "x": 100, "structure_id": "Tb_66"}, {"parent_Field": null, "parent_Choice_Field": "Chf_19", "parent_ChoiceGroup": "Chgp_3", "w": 39, "h": 19, "y": 1779, "x": 150, "structure_id": "Tb_67"}, {"parent_Field": null, "parent_Choice_Field": "Chf_20", "parent_ChoiceGroup": "Chgp_3", "w": 29, "h": 19, "y": 1779, "x": 267, "structure_id": "Tb_68"}, {"parent_Field": null, "parent_Choice_Field": null, "parent_ChoiceGroup": "Chgp_4", "w": 844, "h": 19, "y": 2029, "x": 100, "structure_id": "Tb_69"}, {"parent_Field": null, "parent_Choice_Field": "Chf_21", "parent_ChoiceGroup": "Chgp_4", "w": 71, "h": 20, "y": 2062, "x": 146, "structure_id": "Tb_70"}, {"parent_Field": null, "parent_Choice_Field": "Chf_22", "parent_ChoiceGroup": "Chgp_4", "w": 109, "h": 20, "y": 2062, "x": 300, "structure_id": "Tb_71"}, {"parent_Field": null, "parent_Choice_Field": "Chf_23", "parent_ChoiceGroup": "Chgp_4", "w": 166, "h": 20, "y": 2062, "x": 483, "structure_id": "Tb_72"}, {"parent_Field": null, "parent_Choice_Field": null, "parent_ChoiceGroup": null, "w": 959, "h": 56, "y": 125, "x": 616, "structure_id": "Tb_73"}, {"parent_Field": null, "parent_Choice_Field": null, "parent_ChoiceGroup": null, "w": 94, "h": 44, "y": 2103, "x": 90, "structure_id": "Tb_74"}, {"parent_Field": null, "parent_Choice_Field": null, "parent_ChoiceGroup": null, "w": 71, "h": 23, "y": 2106, "x": 1546, "structure_id": "Tb_75"}, {"parent_Field": null, "parent_Choice_Field": null, "parent_ChoiceGroup": null, "w": 1495, "h": 72, "y": 339, "x": 100, "structure_id": "Tb_76"}, {"parent_Field": "Fi_41", "parent_Choice_Field": null, "parent_ChoiceGroup": null, "w": 273, "h": 19, "y": 276, "x": 103, "structure_id": "Tb_77"}, {"parent_Field": null, "parent_Choice_Field": null, "parent_ChoiceGroup": null, "w": 1468, "h": 76, "y": 189, "x": 104, "structure_id": "Tb_78"}, {"parent_Field": "Fi_42", "parent_Choice_Field": null, "parent_ChoiceGroup": null, "w": 467, "h": 19, "y": 276, "x": 1117, "structure_id": "Tb_79"}], "Choice_Field": [{"y": 556.9385826771654, "x": 108.32755905511812, "structure_id": "Chf_1", "w": 334.6724409448819, "h": 26.061417322834586}, {"y": 590.2692913385827, "x": 108.32755905511812, "structure_id": "Chf_2", "w": 353.6724409448819, "h": 26.73070866141734}, {"y": 623.6, "x": 108.32755905511812, "structure_id": "Chf_3", "w": 372.6724409448819, "h": 26.399999999999977}, {"y": 656.9385826771653, "x": 108.32755905511812, "structure_id": "Chf_4", "w": 352.6724409448819, "h": 26.0614173228347}, {"y": 690.2779527559055, "x": 108.32755905511812, "structure_id": "Chf_5", "w": 198.67244094488188, "h": 26.722047244094483}, {"y": 723.607874015748, "x": 108.32755905511812, "structure_id": "Chf_6", "w": 263.6724409448819, "h": 26.392125984251948}, {"y": 756.955905511811, "x": 108.32755905511812, "structure_id": "Chf_7", "w": 192.67244094488188, "h": 26.04409448818899}, {"y": 790.3000000000001, "x": 108.32755905511812, "structure_id": "Chf_8", "w": 269.6724409448819, "h": 26.699999999999932}, {"y": 823.6472440944883, "x": 108.32755905511812, "structure_id": "Chf_9", "w": 169.67244094488188, "h": 26.352755905511685}, {"y": 856.9385826771654, "x": 117.57244094488189, "structure_id": "Chf_10", "w": 665.4275590551181, "h": 76.06141732283459}, {"y": 940.2692913385827, "x": 108.32755905511812, "structure_id": "Chf_11", "w": 202.67244094488188, "h": 26.73070866141734}, {"y": 973.6, "x": 108.32755905511812, "structure_id": "Chf_12", "w": 200.67244094488188, "h": 26.399999999999977}, {"y": 1006.9307086614173, "x": 108.32755905511812, "structure_id": "Chf_13", "w": 197.67244094488188, "h": 26.06929133858273}, {"y": 1040.2692913385827, "x": 108.32755905511812, "structure_id": "Chf_14", "w": 153.67244094488188, "h": 26.73070866141734}, {"y": 1073.6, "x": 108.32755905511812, "structure_id": "Chf_15", "w": 1334.6724409448818, "h": 26.40000000000009}, {"y": 1106.9385826771654, "x": 108.32755905511812, "structure_id": "Chf_16", "w": 161.67244094488188, "h": 26.061417322834586}, {"y": 487.49133858267714, "x": 108.32755905511812, "structure_id": "Chf_17", "w": 80.67244094488188, "h": 25}, {"y": 487.49133858267714, "x": 224.99685039370078, "structure_id": "Chf_18", "w": 71.00314960629922, "h": 25}, {"y": 1773.327559055118, "x": 108.32755905511812, "structure_id": "Chf_19", "w": 80.67244094488188, "h": 25}, {"y": 1773.327559055118, "x": 224.99685039370078, "structure_id": "Chf_20", "w": 71.00314960629922, "h": 25}, {"y": 2059.436220472441, "x": 108.32755905511812, "structure_id": "Chf_21", "w": 108.67244094488188, "h": 25}, {"y": 2059.436220472441, "x": 258.3275590551181, "structure_id": "Chf_22", "w": 150.67244094488188, "h": 25}, {"y": 2059.436220472441, "x": 441.6669291338583, "structure_id": "Chf_23", "w": 207.33307086614172, "h": 25}], "Field": [{"y": 549.992125984252, "x": 1200, "structure_id": "Fi_1", "w": 399.836220472441, "h": 33.33070866141736}, {"y": 683.3307086614174, "x": 800, "structure_id": "Fi_2", "w": 383.4338582677167, "h": 33.66929133858264}, {"y": 933.3220472440945, "x": 800, "structure_id": "Fi_3", "w": 383.4338582677167, "h": 33.677952755905494}, {"y": 999.992125984252, "x": 1200, "structure_id": "Fi_4", "w": 399.836220472441, "h": 33.33070866141725}, {"y": 1133.3307086614172, "x": 1200, "structure_id": "Fi_5", "w": 399.828346456693, "h": 33.66929133858275}, {"y": 933.3220472440945, "x": 1200, "structure_id": "Fi_6", "w": 399.836220472441, "h": 33.677952755905494}, {"y": 999.992125984252, "x": 800, "structure_id": "Fi_7", "w": 383.4338582677167, "h": 33.33070866141725}, {"y": 716.6692913385828, "x": 800, "structure_id": "Fi_8", "w": 383.4338582677167, "h": 33.33070866141736}, {"y": 899.992125984252, "x": 1200, "structure_id": "Fi_9", "w": 399.836220472441, "h": 33.33070866141736}, {"y": 1166.6614173228347, "x": 800, "structure_id": "Fi_10", "w": 383.4338582677167, "h": 33.33858267716528}, {"y": 966.6614173228346, "x": 800, "structure_id": "Fi_11", "w": 383.4338582677167, "h": 33.33858267716539}, {"y": 1199.992125984252, "x": 1200, "structure_id": "Fi_12", "w": 399.828346456693, "h": 33.33070866141725}, {"y": 966.6614173228346, "x": 1200, "structure_id": "Fi_13", "w": 399.836220472441, "h": 33.33858267716539}, {"y": 1199.992125984252, "x": 800, "structure_id": "Fi_14", "w": 383.4338582677167, "h": 33.33070866141725}, {"y": 1166.6614173228347, "x": 1200, "structure_id": "Fi_15", "w": 399.828346456693, "h": 33.33858267716528}, {"y": 1133.3307086614172, "x": 800, "structure_id": "Fi_16", "w": 383.4338582677167, "h": 33.66929133858275}, {"y": 1033.3220472440944, "x": 1200, "structure_id": "Fi_17", "w": 399.828346456693, "h": 33.67795275590561}, {"y": 549.992125984252, "x": 800, "structure_id": "Fi_18", "w": 383.4338582677167, "h": 33.33070866141736}, {"y": 583.3307086614174, "x": 800, "structure_id": "Fi_19", "w": 383.4338582677167, "h": 33.66929133858264}, {"y": 616.6614173228346, "x": 800, "structure_id": "Fi_20", "w": 383.4338582677167, "h": 33.33858267716539}, {"y": 899.992125984252, "x": 800, "structure_id": "Fi_21", "w": 383.4338582677167, "h": 33.33070866141736}, {"y": 716.6692913385828, "x": 1200, "structure_id": "Fi_22", "w": 399.836220472441, "h": 33.33070866141736}, {"y": 783.3614173228347, "x": 1200, "structure_id": "Fi_23", "w": 399.836220472441, "h": 33.638582677165346}, {"y": 816.7086614173229, "x": 800, "structure_id": "Fi_24", "w": 383.4338582677167, "h": 33.33070866141736}, {"y": 816.7086614173229, "x": 1200, "structure_id": "Fi_25", "w": 399.836220472441, "h": 33.33070866141736}, {"y": 783.3614173228347, "x": 800, "structure_id": "Fi_26", "w": 383.4338582677167, "h": 33.638582677165346}, {"y": 750.0165354330709, "x": 800, "structure_id": "Fi_27", "w": 383.4338582677167, "h": 33.33070866141736}, {"y": 750.0165354330709, "x": 1200, "structure_id": "Fi_28", "w": 399.836220472441, "h": 33.33070866141736}, {"y": 683.3307086614174, "x": 1200, "structure_id": "Fi_29", "w": 399.836220472441, "h": 33.66929133858264}, {"y": 616.6614173228346, "x": 1200, "structure_id": "Fi_30", "w": 399.836220472441, "h": 33.33858267716539}, {"y": 650, "x": 800, "structure_id": "Fi_31", "w": 383.4338582677167, "h": 33.33070866141736}, {"y": 650, "x": 1200, "structure_id": "Fi_32", "w": 399.836220472441, "h": 33.33070866141736}, {"y": 583.3307086614174, "x": 1200, "structure_id": "Fi_33", "w": 399.836220472441, "h": 33.66929133858264}, {"y": 1033.3220472440944, "x": 800, "structure_id": "Fi_34", "w": 383.4338582677167, "h": 33.67795275590561}, {"y": 1133.3307086614172, "x": 150, "structure_id": "Fi_35", "w": 633.3141732283465, "h": 33.66929133858275}, {"y": 1166.6614173228347, "x": 150, "structure_id": "Fi_36", "w": 633.3141732283465, "h": 33.33858267716528}, {"y": 1199.992125984252, "x": 150, "structure_id": "Fi_37", "w": 633.3141732283465, "h": 33.33070866141725}, {"y": 1257, "x": 100, "structure_id": "Fi_38", "w": 1500, "h": 192.9921259842522}, {"y": 1489, "x": 100, "structure_id": "Fi_39", "w": 1500, "h": 213.04724409448818}, {"y": 1814, "x": 100, "structure_id": "Fi_40", "w": 1500, "h": 207.93622047244094}, {"y": 276, "x": 102.66141732283464, "structure_id": "Fi_41", "w": 981.3779527559055, "h": 59.38582677165351}, {"y": 276, "x": 1117, "structure_id": "Fi_42", "w": 467, "h": 59.38582677165351}], "TextRun": [{"parent_TextBlock": "Tb_1", "text": "OMB Approved No. 2900-0779", "parent_Field": null, "parent_Choice_Field": null, "parent_ChoiceGroup": null, "w": 255, "h": 20, "y": 56, "x": 1314, "structure_id": "Tr_1"}, {"parent_TextBlock": "Tb_1", "text": "Respondent Burden: 15 Minutes", "parent_Field": null, "parent_Choice_Field": null, "parent_ChoiceGroup": null, "w": 257, "h": 19, "y": 76, "x": 1314, "structure_id": "Tr_2"}, {"parent_TextBlock": "Tb_1", "text": "Expiration Date:  01/31/2018", "parent_Field": null, "parent_Choice_Field": null, "parent_ChoiceGroup": null, "w": 228, "h": 19, "y": 95, "x": 1314, "structure_id": "Tr_3"}, {"parent_TextBlock": "Tb_2", "text": "21-0960B-2", "parent_Field": null, "parent_Choice_Field": null, "parent_ChoiceGroup": null, "w": 176, "h": 33, "y": 2108, "x": 204, "structure_id": "Tr_4"}, {"parent_TextBlock": "Tb_3", "text": "SUPERSEDES VA FORM 21-0960B-2, OCT 2012,", "parent_Field": null, "parent_Choice_Field": null, "parent_ChoiceGroup": null, "w": 446, "h": 20, "y": 2105, "x": 658, "structure_id": "Tr_5"}, {"parent_TextBlock": "Tb_3", "text": "WHICH WILL NOT BE USED.", "parent_Field": null, "parent_Choice_Field": null, "parent_ChoiceGroup": null, "w": 260, "h": 19, "y": 2129, "x": 658, "structure_id": "Tr_6"}, {"parent_TextBlock": "Tb_4", "text": "SECTION I - DIAGNOSIS", "parent_Field": null, "parent_Choice_Field": null, "parent_ChoiceGroup": null, "w": 256, "h": 22, "y": 424, "x": 722, "structure_id": "Tr_7"}, {"parent_TextBlock": "Tb_5", "text": "DATE OF DIAGNOSIS:", "parent_Field": "Fi_1", "parent_Choice_Field": null, "parent_ChoiceGroup": null, "w": 208, "h": 19, "y": 564, "x": 1200, "structure_id": "Tr_8"}, {"parent_TextBlock": "Tb_6", "text": "ICD CODE:", "parent_Field": "Fi_2", "parent_Choice_Field": null, "parent_ChoiceGroup": null, "w": 106, "h": 20, "y": 697, "x": 800, "structure_id": "Tr_9"}, {"parent_TextBlock": "Tb_7", "text": "ICD CODE:", "parent_Field": "Fi_3", "parent_Choice_Field": null, "parent_ChoiceGroup": null, "w": 106, "h": 20, "y": 947, "x": 800, "structure_id": "Tr_10"}, {"parent_TextBlock": "Tb_8", "text": "DATE OF DIAGNOSIS:", "parent_Field": "Fi_4", "parent_Choice_Field": null, "parent_ChoiceGroup": null, "w": 208, "h": 19, "y": 1014, "x": 1200, "structure_id": "Tr_11"}, {"parent_TextBlock": "Tb_9", "text": "DATE OF DIAGNOSIS:", "parent_Field": "Fi_5", "parent_Choice_Field": null, "parent_ChoiceGroup": null, "w": 208, "h": 20, "y": 1147, "x": 1200, "structure_id": "Tr_12"}, {"parent_TextBlock": "Tb_10", "text": "DATE OF DIAGNOSIS:", "parent_Field": "Fi_6", "parent_Choice_Field": null, "parent_ChoiceGroup": null, "w": 208, "h": 20, "y": 947, "x": 1200, "structure_id": "Tr_13"}, {"parent_TextBlock": "Tb_11", "text": "ICD CODE:", "parent_Field": "Fi_7", "parent_Choice_Field": null, "parent_ChoiceGroup": null, "w": 106, "h": 19, "y": 1014, "x": 800, "structure_id": "Tr_14"}, {"parent_TextBlock": "Tb_12", "text": "ICD CODE:", "parent_Field": "Fi_8", "parent_Choice_Field": null, "parent_ChoiceGroup": null, "w": 106, "h": 19, "y": 731, "x": 800, "structure_id": "Tr_15"}, {"parent_TextBlock": "Tb_13", "text": "DATE OF DIAGNOSIS:", "parent_Field": "Fi_9", "parent_Choice_Field": null, "parent_ChoiceGroup": null, "w": 208, "h": 19, "y": 914, "x": 1200, "structure_id": "Tr_16"}, {"parent_TextBlock": "Tb_14", "text": "ICD CODE:", "parent_Field": "Fi_10", "parent_Choice_Field": null, "parent_ChoiceGroup": null, "w": 106, "h": 19, "y": 1181, "x": 800, "structure_id": "Tr_17"}, {"parent_TextBlock": "Tb_15", "text": "ICD CODE:", "parent_Field": "Fi_11", "parent_Choice_Field": null, "parent_ChoiceGroup": null, "w": 106, "h": 19, "y": 981, "x": 800, "structure_id": "Tr_18"}, {"parent_TextBlock": "Tb_16", "text": "DATE OF DIAGNOSIS:", "parent_Field": "Fi_12", "parent_Choice_Field": null, "parent_ChoiceGroup": null, "w": 208, "h": 19, "y": 1214, "x": 1200, "structure_id": "Tr_19"}, {"parent_TextBlock": "Tb_17", "text": "DATE OF DIAGNOSIS:", "parent_Field": "Fi_13", "parent_Choice_Field": null, "parent_ChoiceGroup": null, "w": 208, "h": 19, "y": 981, "x": 1200, "structure_id": "Tr_20"}, {"parent_TextBlock": "Tb_18", "text": "ICD CODE:", "parent_Field": "Fi_14", "parent_Choice_Field": null, "parent_ChoiceGroup": null, "w": 106, "h": 19, "y": 1214, "x": 800, "structure_id": "Tr_21"}, {"parent_TextBlock": "Tb_19", "text": "DATE OF DIAGNOSIS:", "parent_Field": "Fi_15", "parent_Choice_Field": null, "parent_ChoiceGroup": null, "w": 208, "h": 19, "y": 1181, "x": 1200, "structure_id": "Tr_22"}, {"parent_TextBlock": "Tb_20", "text": "ICD CODE:", "parent_Field": "Fi_16", "parent_Choice_Field": null, "parent_ChoiceGroup": null, "w": 106, "h": 20, "y": 1147, "x": 800, "structure_id": "Tr_23"}, {"parent_TextBlock": "Tb_21", "text": "DATE OF DIAGNOSIS:", "parent_Field": "Fi_17", "parent_Choice_Field": null, "parent_ChoiceGroup": null, "w": 208, "h": 20, "y": 1047, "x": 1200, "structure_id": "Tr_24"}, {"parent_TextBlock": "Tb_22", "text": "ICD CODE:", "parent_Field": "Fi_18", "parent_Choice_Field": null, "parent_ChoiceGroup": null, "w": 106, "h": 19, "y": 564, "x": 800, "structure_id": "Tr_25"}, {"parent_TextBlock": "Tb_23", "text": "ICD CODE:", "parent_Field": "Fi_19", "parent_Choice_Field": null, "parent_ChoiceGroup": null, "w": 106, "h": 20, "y": 597, "x": 800, "structure_id": "Tr_26"}, {"parent_TextBlock": "Tb_24", "text": "ICD CODE:", "parent_Field": "Fi_20", "parent_Choice_Field": null, "parent_ChoiceGroup": null, "w": 106, "h": 19, "y": 631, "x": 800, "structure_id": "Tr_27"}, {"parent_TextBlock": "Tb_25", "text": "ICD CODE:", "parent_Field": "Fi_21", "parent_Choice_Field": null, "parent_ChoiceGroup": null, "w": 106, "h": 19, "y": 914, "x": 800, "structure_id": "Tr_28"}, {"parent_TextBlock": "Tb_26", "text": "DATE OF DIAGNOSIS:", "parent_Field": "Fi_22", "parent_Choice_Field": null, "parent_ChoiceGroup": null, "w": 208, "h": 19, "y": 731, "x": 1200, "structure_id": "Tr_29"}, {"parent_TextBlock": "Tb_27", "text": "DATE OF DIAGNOSIS:", "parent_Field": "Fi_23", "parent_Choice_Field": null, "parent_ChoiceGroup": null, "w": 208, "h": 20, "y": 797, "x": 1200, "structure_id": "Tr_30"}, {"parent_TextBlock": "Tb_28", "text": "ICD CODE:", "parent_Field": "Fi_24", "parent_Choice_Field": null, "parent_ChoiceGroup": null, "w": 106, "h": 19, "y": 831, "x": 800, "structure_id": "Tr_31"}, {"parent_TextBlock": "Tb_29", "text": "DATE OF DIAGNOSIS:", "parent_Field": "Fi_25", "parent_Choice_Field": null, "parent_ChoiceGroup": null, "w": 208, "h": 19, "y": 831, "x": 1200, "structure_id": "Tr_32"}, {"parent_TextBlock": "Tb_30", "text": "ICD CODE:", "parent_Field": "Fi_26", "parent_Choice_Field": null, "parent_ChoiceGroup": null, "w": 106, "h": 20, "y": 797, "x": 800, "structure_id": "Tr_33"}, {"parent_TextBlock": "Tb_31", "text": "ICD CODE:", "parent_Field": "Fi_27", "parent_Choice_Field": null, "parent_ChoiceGroup": null, "w": 106, "h": 19, "y": 764, "x": 800, "structure_id": "Tr_34"}, {"parent_TextBlock": "Tb_32", "text": "DATE OF DIAGNOSIS:", "parent_Field": "Fi_28", "parent_Choice_Field": null, "parent_ChoiceGroup": null, "w": 208, "h": 19, "y": 764, "x": 1200, "structure_id": "Tr_35"}, {"parent_TextBlock": "Tb_33", "text": "DATE OF DIAGNOSIS:", "parent_Field": "Fi_29", "parent_Choice_Field": null, "parent_ChoiceGroup": null, "w": 208, "h": 20, "y": 697, "x": 1200, "structure_id": "Tr_36"}, {"parent_TextBlock": "Tb_34", "text": "DATE OF DIAGNOSIS:", "parent_Field": "Fi_30", "parent_Choice_Field": null, "parent_ChoiceGroup": null, "w": 208, "h": 19, "y": 631, "x": 1200, "structure_id": "Tr_37"}, {"parent_TextBlock": "Tb_35", "text": "ICD CODE:", "parent_Field": "Fi_31", "parent_Choice_Field": null, "parent_ChoiceGroup": null, "w": 106, "h": 19, "y": 664, "x": 800, "structure_id": "Tr_38"}, {"parent_TextBlock": "Tb_36", "text": "DATE OF DIAGNOSIS:", "parent_Field": "Fi_32", "parent_Choice_Field": null, "parent_ChoiceGroup": null, "w": 208, "h": 19, "y": 664, "x": 1200, "structure_id": "Tr_39"}, {"parent_TextBlock": "Tb_37", "text": "DATE OF DIAGNOSIS:", "parent_Field": "Fi_33", "parent_Choice_Field": null, "parent_ChoiceGroup": null, "w": 208, "h": 20, "y": 597, "x": 1200, "structure_id": "Tr_40"}, {"parent_TextBlock": "Tb_38", "text": "ICD CODE:", "parent_Field": "Fi_34", "parent_Choice_Field": null, "parent_ChoiceGroup": null, "w": 106, "h": 20, "y": 1047, "x": 800, "structure_id": "Tr_41"}, {"parent_TextBlock": "Tb_39", "text": "Other diagnosis #1:", "parent_Field": "Fi_35", "parent_Choice_Field": null, "parent_ChoiceGroup": null, "w": 169, "h": 20, "y": 1147, "x": 150, "structure_id": "Tr_42"}, {"parent_TextBlock": "Tb_40", "text": "Other diagnosis #2:", "parent_Field": "Fi_36", "parent_Choice_Field": null, "parent_ChoiceGroup": null, "w": 169, "h": 19, "y": 1181, "x": 150, "structure_id": "Tr_43"}, {"parent_TextBlock": "Tb_41", "text": "Other diagnosis #3:", "parent_Field": "Fi_37", "parent_Choice_Field": null, "parent_ChoiceGroup": null, "w": 169, "h": 19, "y": 1214, "x": 150, "structure_id": "Tr_44"}, {"parent_TextBlock": "Tb_42", "text": "1B. IF THERE ARE ADDITIONAL DIAGNOSES THAT PERTAIN TO HEMATOLOGIC OR LYMPHATIC CONDITION(S), LIST USING ABOVE FORMAT:", "parent_Field": "Fi_38", "parent_Choice_Field": null, "parent_ChoiceGroup": null, "w": 1315, "h": 19, "y": 1257, "x": 100, "structure_id": "Tr_45"}, {"parent_TextBlock": "Tb_43", "text": "IF YES, SELECT THE VETERAN'S CONDITION(S)", "parent_Field": null, "parent_Choice_Field": null, "parent_ChoiceGroup": "Chgp_1", "w": 452, "h": 20, "y": 524, "x": 100, "structure_id": "Tr_46"}, {"parent_TextBlock": "Tb_43", "text": "(check all that apply):", "parent_Field": null, "parent_Choice_Field": null, "parent_ChoiceGroup": "Chgp_1", "w": 197, "h": 22, "y": 522, "x": 552, "structure_id": "Tr_47"}, {"parent_TextBlock": "Tb_44", "text": "Acute lymphocytic leukemia (ALL)", "parent_Field": null, "parent_Choice_Field": "Chf_1", "parent_ChoiceGroup": "Chgp_1", "w": 293, "h": 19, "y": 564, "x": 150, "structure_id": "Tr_48"}, {"parent_TextBlock": "Tb_45", "text": "Acute myelogenous leukemia (AML)", "parent_Field": null, "parent_Choice_Field": "Chf_2", "parent_ChoiceGroup": "Chgp_1", "w": 312, "h": 20, "y": 597, "x": 150, "structure_id": "Tr_49"}, {"parent_TextBlock": "Tb_46", "text": "Chronic myelogenous leukemia (CML)", "parent_Field": null, "parent_Choice_Field": "Chf_3", "parent_ChoiceGroup": "Chgp_1", "w": 331, "h": 19, "y": 631, "x": 150, "structure_id": "Tr_50"}, {"parent_TextBlock": "Tb_47", "text": "Chronic lymphocytic leukemia (CLL)", "parent_Field": null, "parent_Choice_Field": "Chf_4", "parent_ChoiceGroup": "Chgp_1", "w": 311, "h": 19, "y": 664, "x": 150, "structure_id": "Tr_51"}, {"parent_TextBlock": "Tb_48", "text": "Hodgkin's disease", "parent_Field": null, "parent_Choice_Field": "Chf_5", "parent_ChoiceGroup": "Chgp_1", "w": 157, "h": 20, "y": 697, "x": 150, "structure_id": "Tr_52"}, {"parent_TextBlock": "Tb_49", "text": "Non-Hodgkin's lymphoma", "parent_Field": null, "parent_Choice_Field": "Chf_6", "parent_ChoiceGroup": "Chgp_1", "w": 222, "h": 19, "y": 731, "x": 150, "structure_id": "Tr_53"}, {"parent_TextBlock": "Tb_50", "text": "Multiple myeloma", "parent_Field": null, "parent_Choice_Field": "Chf_7", "parent_ChoiceGroup": "Chgp_1", "w": 151, "h": 19, "y": 764, "x": 150, "structure_id": "Tr_54"}, {"parent_TextBlock": "Tb_51", "text": "Myelodysplastic syndrome", "parent_Field": null, "parent_Choice_Field": "Chf_8", "parent_ChoiceGroup": "Chgp_1", "w": 228, "h": 20, "y": 797, "x": 150, "structure_id": "Tr_55"}, {"parent_TextBlock": "Tb_52", "text": "Plasmacytoma", "parent_Field": null, "parent_Choice_Field": "Chf_9", "parent_ChoiceGroup": "Chgp_1", "w": 128, "h": 19, "y": 831, "x": 150, "structure_id": "Tr_56"}, {"parent_TextBlock": "Tb_53", "text": "Anemia", "parent_Field": null, "parent_Choice_Field": "Chf_10", "parent_ChoiceGroup": "Chgp_1", "w": 71, "h": 19, "y": 860, "x": 150, "structure_id": "Tr_57"}, {"parent_TextBlock": "Tb_53", "text": "(such as anemia of chronic disease, aplastic anemia, hemolytic", "parent_Field": null, "parent_Choice_Field": "Chf_10", "parent_ChoiceGroup": "Chgp_1", "w": 562, "h": 22, "y": 858, "x": 221, "structure_id": "Tr_58"}, {"parent_TextBlock": "Tb_53", "text": "anemia, iron or vitamin-deficient anemias, thalassemias,", "parent_Field": null, "parent_Choice_Field": "Chf_10", "parent_ChoiceGroup": "Chgp_1", "w": 512, "h": 23, "y": 884, "x": 150, "structure_id": "Tr_59"}, {"parent_TextBlock": "Tb_53", "text": "myelophthisic anemia, etc.)", "parent_Field": null, "parent_Choice_Field": "Chf_10", "parent_ChoiceGroup": "Chgp_1", "w": 244, "h": 22, "y": 911, "x": 150, "structure_id": "Tr_60"}, {"parent_TextBlock": "Tb_54", "text": "Thrombocytopenia", "parent_Field": null, "parent_Choice_Field": "Chf_11", "parent_ChoiceGroup": "Chgp_1", "w": 161, "h": 20, "y": 947, "x": 150, "structure_id": "Tr_61"}, {"parent_TextBlock": "Tb_55", "text": "Polycythemia vera", "parent_Field": null, "parent_Choice_Field": "Chf_12", "parent_ChoiceGroup": "Chgp_1", "w": 159, "h": 19, "y": 981, "x": 150, "structure_id": "Tr_62"}, {"parent_TextBlock": "Tb_56", "text": "Sickle cell anemia", "parent_Field": null, "parent_Choice_Field": "Chf_13", "parent_ChoiceGroup": "Chgp_1", "w": 156, "h": 19, "y": 1014, "x": 150, "structure_id": "Tr_63"}, {"parent_TextBlock": "Tb_57", "text": "Splenectomy", "parent_Field": null, "parent_Choice_Field": "Chf_14", "parent_ChoiceGroup": "Chgp_1", "w": 112, "h": 20, "y": 1047, "x": 150, "structure_id": "Tr_64"}, {"parent_TextBlock": "Tb_58", "text": "Hairy cell or other B-cell leukemia: if checked, complete VA Form 21-0960B-1, Hairy Cell and other B-Cell Leukemias Disability Benefits Questionnaire", "parent_Field": null, "parent_Choice_Field": "Chf_15", "parent_ChoiceGroup": "Chgp_1", "w": 1293, "h": 19, "y": 1081, "x": 150, "structure_id": "Tr_65"}, {"parent_TextBlock": "Tb_59", "text": "Other, specify", "parent_Field": null, "parent_Choice_Field": "Chf_16", "parent_ChoiceGroup": "Chgp_1", "w": 120, "h": 19, "y": 1114, "x": 150, "structure_id": "Tr_66"}, {"parent_TextBlock": "Tb_60", "text": "1A. DOES THE VETERAN NOW HAVE OR HAS HE OR SHE EVER BEEN DIAGNOSED WITH A HEMATOLOGIC OR LYMPHATIC CONDITION?", "parent_Field": null, "parent_Choice_Field": null, "parent_ChoiceGroup": "Chgp_2", "w": 1273, "h": 19, "y": 455, "x": 100, "structure_id": "Tr_67"}, {"parent_TextBlock": "Tb_61", "text": "YES", "parent_Field": null, "parent_Choice_Field": "Chf_17", "parent_ChoiceGroup": "Chgp_2", "w": 39, "h": 20, "y": 490, "x": 150, "structure_id": "Tr_68"}, {"parent_TextBlock": "Tb_62", "text": "NO", "parent_Field": null, "parent_Choice_Field": "Chf_18", "parent_ChoiceGroup": "Chgp_2", "w": 29, "h": 20, "y": 490, "x": 267, "structure_id": "Tr_69"}, {"parent_TextBlock": "Tb_63", "text": "SECTION II - MEDICAL HISTORY", "parent_Field": null, "parent_Choice_Field": null, "parent_ChoiceGroup": null, "w": 344, "h": 22, "y": 1457, "x": 678, "structure_id": "Tr_70"}, {"parent_TextBlock": "Tb_64", "text": "2A. DESCRIBE THE HISTORY", "parent_Field": "Fi_39", "parent_Choice_Field": null, "parent_ChoiceGroup": null, "w": 276, "h": 19, "y": 1491, "x": 100, "structure_id": "Tr_71"}, {"parent_TextBlock": "Tb_64", "text": "(including onset and course)", "parent_Field": "Fi_39", "parent_Choice_Field": null, "parent_ChoiceGroup": null, "w": 254, "h": 22, "y": 1489, "x": 376, "structure_id": "Tr_72"}, {"parent_TextBlock": "Tb_64", "text": "OF THE VETERAN'S HEMATOLOGIC OR LYMPHATIC CONDITION", "parent_Field": "Fi_39", "parent_Choice_Field": null, "parent_ChoiceGroup": null, "w": 611, "h": 19, "y": 1491, "x": 630, "structure_id": "Tr_73"}, {"parent_TextBlock": "Tb_64", "text": "(Brief summary):", "parent_Field": "Fi_39", "parent_Choice_Field": null, "parent_ChoiceGroup": null, "w": 154, "h": 22, "y": 1489, "x": 1241, "structure_id": "Tr_74"}, {"parent_TextBlock": "Tb_65", "text": "IF YES, LIST ONLY THOSE MEDICATIONS REQUIRED FOR CONTROL OF THE VETERAN'S HEMATOLOGIC OR LYMPHATIC CONDITION, INCLUDING ANEMIA OR", "parent_Field": "Fi_40", "parent_Choice_Field": null, "parent_ChoiceGroup": null, "w": 1483, "h": 19, "y": 1814, "x": 100, "structure_id": "Tr_75"}, {"parent_TextBlock": "Tb_65", "text": "THROMBOCYTOPENIA CAUSED BY TREATMENT FOR A HEMATOLOGIC OR LYMPHATIC CONDITION. PROVIDE THE NAME OF THE MEDICATION AND THE", "parent_Field": "Fi_40", "parent_Choice_Field": null, "parent_ChoiceGroup": null, "w": 1438, "h": 20, "y": 1837, "x": 100, "structure_id": "Tr_76"}, {"parent_TextBlock": "Tb_65", "text": "CONDITION THE MEDICATION IS USED TO TREAT:", "parent_Field": "Fi_40", "parent_Choice_Field": null, "parent_ChoiceGroup": null, "w": 471, "h": 19, "y": 1861, "x": 100, "structure_id": "Tr_77"}, {"parent_TextBlock": "Tb_66", "text": "2B. IS CONTINUOUS MEDICATION REQUIRED FOR CONTROL OF A HEMATOLOGIC OR LYMPHATIC CONDITION, INCLUDING ANEMIA OR THROMBOCYTOPENIA", "parent_Field": null, "parent_Choice_Field": null, "parent_ChoiceGroup": "Chgp_3", "w": 1492, "h": 20, "y": 1711, "x": 100, "structure_id": "Tr_78"}, {"parent_TextBlock": "Tb_66", "text": "CAUSED BY TREATMENT FOR A HEMATOLOGIC OR LYMPHATIC CONDITION?", "parent_Field": null, "parent_Choice_Field": null, "parent_ChoiceGroup": "Chgp_3", "w": 727, "h": 20, "y": 1734, "x": 133, "structure_id": "Tr_79"}, {"parent_TextBlock": "Tb_67", "text": "YES", "parent_Field": null, "parent_Choice_Field": "Chf_19", "parent_ChoiceGroup": "Chgp_3", "w": 39, "h": 19, "y": 1779, "x": 150, "structure_id": "Tr_80"}, {"parent_TextBlock": "Tb_68", "text": "NO", "parent_Field": null, "parent_Choice_Field": "Chf_20", "parent_ChoiceGroup": "Chgp_3", "w": 29, "h": 19, "y": 1779, "x": 267, "structure_id": "Tr_81"}, {"parent_TextBlock": "Tb_69", "text": "2C. INDICATE THE STATUS OF THE PRIMARY HEMATOLOGIC OR LYMPHATIC CONDITION:", "parent_Field": null, "parent_Choice_Field": null, "parent_ChoiceGroup": "Chgp_4", "w": 844, "h": 19, "y": 2029, "x": 100, "structure_id": "Tr_82"}, {"parent_TextBlock": "Tb_70", "text": "ACTIVE", "parent_Field": null, "parent_Choice_Field": "Chf_21", "parent_ChoiceGroup": "Chgp_4", "w": 71, "h": 20, "y": 2062, "x": 146, "structure_id": "Tr_83"}, {"parent_TextBlock": "Tb_71", "text": "REMISSION", "parent_Field": null, "parent_Choice_Field": "Chf_22", "parent_ChoiceGroup": "Chgp_4", "w": 109, "h": 20, "y": 2062, "x": 300, "structure_id": "Tr_84"}, {"parent_TextBlock": "Tb_72", "text": "NOT APPLICABLE", "parent_Field": null, "parent_Choice_Field": "Chf_23", "parent_ChoiceGroup": "Chgp_4", "w": 166, "h": 20, "y": 2062, "x": 483, "structure_id": "Tr_85"}, {"parent_TextBlock": "Tb_73", "text": "HEMATOLOGIC AND LYMPHATIC CONDITIONS, INCLUDING LEUKEMIA", "parent_Field": null, "parent_Choice_Field": null, "parent_ChoiceGroup": null, "w": 959, "h": 28, "y": 125, "x": 616, "structure_id": "Tr_86"}, {"parent_TextBlock": "Tb_73", "text": "DISABILITY BENEFITS QUESTIONNAIRE", "parent_Field": null, "parent_Choice_Field": null, "parent_ChoiceGroup": null, "w": 539, "h": 28, "y": 153, "x": 822, "structure_id": "Tr_87"}, {"parent_TextBlock": "Tb_74", "text": "VA\u00c2\u00a0FORM", "parent_Field": null, "parent_Choice_Field": null, "parent_ChoiceGroup": null, "w": 94, "h": 19, "y": 2103, "x": 90, "structure_id": "Tr_88"}, {"parent_TextBlock": "Tb_74", "text": "FEB 2015", "parent_Field": null, "parent_Choice_Field": null, "parent_ChoiceGroup": null, "w": 87, "h": 19, "y": 2128, "x": 90, "structure_id": "Tr_89"}, {"parent_TextBlock": "Tb_75", "text": "Page 1", "parent_Field": null, "parent_Choice_Field": null, "parent_ChoiceGroup": null, "w": 71, "h": 23, "y": 2106, "x": 1546, "structure_id": "Tr_90"}, {"parent_TextBlock": "Tb_76", "text": "NOTE TO PHYSICIAN", "parent_Field": null, "parent_Choice_Field": null, "parent_ChoiceGroup": null, "w": 231, "h": 22, "y": 339, "x": 100, "structure_id": "Tr_91"}, {"parent_TextBlock": "Tb_76", "text": "\u00c2\u00a0- Your patient is applying to the U.S. Department of Veterans Affairs (VA) for disability benefits. VA will consider the information\u00c2\u00a0you", "parent_Field": null, "parent_Choice_Field": null, "parent_ChoiceGroup": null, "w": 1222, "h": 22, "y": 339, "x": 331, "structure_id": "Tr_92"}, {"parent_TextBlock": "Tb_76", "text": "provide on this questionnaire as part of their evaluation in processing the veteran's claim. VA reserves the right to confirm the authenticity of ALL DBQs completed by", "parent_Field": null, "parent_Choice_Field": null, "parent_ChoiceGroup": null, "w": 1495, "h": 22, "y": 364, "x": 100, "structure_id": "Tr_93"}, {"parent_TextBlock": "Tb_76", "text": "private health care providers.", "parent_Field": null, "parent_Choice_Field": null, "parent_ChoiceGroup": null, "w": 259, "h": 22, "y": 389, "x": 100, "structure_id": "Tr_94"}, {"parent_TextBlock": "Tb_77", "text": "NAME OF PATIENT/VETERAN", "parent_Field": "Fi_41", "parent_Choice_Field": null, "parent_ChoiceGroup": null, "w": 273, "h": 19, "y": 276, "x": 103, "structure_id": "Tr_95"}, {"parent_TextBlock": "Tb_78", "text": "IMPORTANT -\u00c2\u00a0", "parent_Field": null, "parent_Choice_Field": null, "parent_ChoiceGroup": null, "w": 162, "h": 22, "y": 189, "x": 104, "structure_id": "Tr_96"}, {"parent_TextBlock": "Tb_78", "text": "THE DEPARTMENT OF VETERANS AFFAIRS (VA)", "parent_Field": null, "parent_Choice_Field": null, "parent_ChoiceGroup": null, "w": 503, "h": 22, "y": 189, "x": 266, "structure_id": "Tr_97"}, {"parent_TextBlock": "Tb_78", "text": "WILL NOT PAY", "parent_Field": null, "parent_Choice_Field": null, "parent_ChoiceGroup": null, "w": 154, "h": 22, "y": 189, "x": 775, "structure_id": "Tr_98"}, {"parent_TextBlock": "Tb_78", "text": "\u00c2\u00a0OR", "parent_Field": null, "parent_Choice_Field": null, "parent_ChoiceGroup": null, "w": 36, "h": 22, "y": 189, "x": 929, "structure_id": "Tr_99"}, {"parent_TextBlock": "Tb_78", "text": "REIMBURSE", "parent_Field": null, "parent_Choice_Field": null, "parent_ChoiceGroup": null, "w": 131, "h": 22, "y": 189, "x": 971, "structure_id": "Tr_100"}, {"parent_TextBlock": "Tb_78", "text": "ANY EXPENSES OR COST INCURRED IN THE", "parent_Field": null, "parent_Choice_Field": null, "parent_ChoiceGroup": null, "w": 464, "h": 22, "y": 189, "x": 1108, "structure_id": "Tr_101"}, {"parent_TextBlock": "Tb_78", "text": "PROCESS OF COMPLETING AND/OR SUBMITTING THIS FORM. PLEASE READ THE PRIVACY ACT AND RESPONDENT BURDEN INFORMATION", "parent_Field": null, "parent_Choice_Field": null, "parent_ChoiceGroup": null, "w": 1463, "h": 22, "y": 216, "x": 104, "structure_id": "Tr_102"}, {"parent_TextBlock": "Tb_78", "text": "BEFORE COMPLETING FORM.\u00c2\u00a0", "parent_Field": null, "parent_Choice_Field": null, "parent_ChoiceGroup": null, "w": 313, "h": 22, "y": 243, "x": 104, "structure_id": "Tr_103"}, {"parent_TextBlock": "Tb_79", "text": "PATIENT/VETERAN'S SOCIAL SECURITY NUMBER", "parent_Field": "Fi_42", "parent_Choice_Field": null, "parent_ChoiceGroup": null, "w": 467, "h": 19, "y": 276, "x": 1117, "structure_id": "Tr_104"}], "ChoiceGroup": [{"y": 517.03125, "x": 93, "structure_id": "Chgp_1", "w": 1510, "h": 724}, {"y": 448.03125, "x": 91, "structure_id": "Chgp_2", "w": 1515, "h": 796}, {"y": 1703.03125, "x": 91, "structure_id": "Chgp_3", "w": 1509, "h": 320}, {"y": 2023.03125, "x": 91, "structure_id": "Chgp_4", "w": 861, "h": 70}]}