{"Widget": [{"parent_Field": "Fi_1", "parent_Choice_Field": null, "parent_ChoiceGroup": null, "w": 266.66929133858264, "h": 33.33070866141732, "y": 1013.9692913385827, "x": 783.3307086614174, "structure_id": "Wi_1"}, {"parent_Field": "Fi_2", "parent_Choice_Field": null, "parent_ChoiceGroup": null, "w": 266.66929133858264, "h": 33.33070866141732, "y": 713.9692913385827, "x": 783.3307086614174, "structure_id": "Wi_2"}, {"parent_Field": "Fi_3", "parent_Choice_Field": null, "parent_ChoiceGroup": null, "w": 266.66929133858264, "h": 33.33070866141732, "y": 963.9692913385827, "x": 783.3307086614174, "structure_id": "Wi_3"}, {"parent_Field": "Fi_4", "parent_Choice_Field": null, "parent_ChoiceGroup": null, "w": 266.66929133858264, "h": 33.33070866141732, "y": 1113.9692913385827, "x": 783.3307086614174, "structure_id": "Wi_4"}, {"parent_Field": "Fi_5", "parent_Choice_Field": null, "parent_ChoiceGroup": null, "w": 266.66929133858264, "h": 33.33070866141732, "y": 1213.9692913385827, "x": 783.3307086614174, "structure_id": "Wi_5"}, {"parent_Field": "Fi_6", "parent_Choice_Field": null, "parent_ChoiceGroup": null, "w": 266.66929133858264, "h": 33.33070866141732, "y": 1397.3, "x": 783.3307086614174, "structure_id": "Wi_6"}, {"parent_Field": "Fi_7", "parent_Choice_Field": null, "parent_ChoiceGroup": null, "w": 266.66929133858264, "h": 33.33070866141732, "y": 913.9692913385827, "x": 783.3307086614174, "structure_id": "Wi_7"}, {"parent_Field": "Fi_8", "parent_Choice_Field": null, "parent_ChoiceGroup": null, "w": 266.66929133858264, "h": 33.33070866141732, "y": 813.9692913385827, "x": 783.3307086614174, "structure_id": "Wi_8"}, {"parent_Field": "Fi_9", "parent_Choice_Field": null, "parent_ChoiceGroup": null, "w": 316.6692913385827, "h": 33.33070866141732, "y": 1397.3, "x": 350, "structure_id": "Wi_9"}, {"parent_Field": "Fi_10", "parent_Choice_Field": null, "parent_ChoiceGroup": null, "w": 199.4724409448819, "h": 33.33070866141732, "y": 1397.3, "x": 1250, "structure_id": "Wi_10"}, {"parent_Field": "Fi_11", "parent_Choice_Field": null, "parent_ChoiceGroup": null, "w": 266.66929133858264, "h": 33.33070866141732, "y": 1063.9692913385827, "x": 783.3307086614174, "structure_id": "Wi_11"}, {"parent_Field": "Fi_12", "parent_Choice_Field": null, "parent_ChoiceGroup": null, "w": 199.4724409448819, "h": 33.33070866141732, "y": 1347.3000000000002, "x": 1250, "structure_id": "Wi_12"}, {"parent_Field": "Fi_13", "parent_Choice_Field": null, "parent_ChoiceGroup": null, "w": 316.6692913385827, "h": 33.33070866141732, "y": 1347.3000000000002, "x": 350, "structure_id": "Wi_13"}, {"parent_Field": "Fi_14", "parent_Choice_Field": null, "parent_ChoiceGroup": null, "w": 266.66929133858264, "h": 33.33070866141732, "y": 1163.9692913385827, "x": 783.3307086614174, "structure_id": "Wi_14"}, {"parent_Field": "Fi_15", "parent_Choice_Field": null, "parent_ChoiceGroup": null, "w": 266.66929133858264, "h": 33.33070866141732, "y": 863.9692913385827, "x": 783.3307086614174, "structure_id": "Wi_15"}, {"parent_Field": "Fi_16", "parent_Choice_Field": null, "parent_ChoiceGroup": null, "w": 266.66929133858264, "h": 33.33070866141732, "y": 1347.3000000000002, "x": 783.3307086614174, "structure_id": "Wi_16"}, {"parent_Field": "Fi_17", "parent_Choice_Field": null, "parent_ChoiceGroup": null, "w": 266.66929133858264, "h": 33.33070866141732, "y": 763.9692913385827, "x": 783.3307086614174, "structure_id": "Wi_17"}, {"parent_Field": "Fi_18", "parent_Choice_Field": null, "parent_ChoiceGroup": null, "w": 1511.1165354330708, "h": 70.73307086614173, "y": 1476.5110236220473, "x": 94.44173228346457, "structure_id": "Wi_18"}, {"parent_Field": "Fi_19", "parent_Choice_Field": null, "parent_ChoiceGroup": null, "w": 199.4724409448819, "h": 33.33070866141732, "y": 713.9692913385827, "x": 1250, "structure_id": "Wi_19"}, {"parent_Field": "Fi_20", "parent_Choice_Field": null, "parent_ChoiceGroup": null, "w": 199.4724409448819, "h": 33.33070866141732, "y": 813.9692913385827, "x": 1250, "structure_id": "Wi_20"}, {"parent_Field": "Fi_21", "parent_Choice_Field": null, "parent_ChoiceGroup": null, "w": 199.4724409448819, "h": 33.33070866141732, "y": 763.9692913385827, "x": 1250, "structure_id": "Wi_21"}, {"parent_Field": "Fi_22", "parent_Choice_Field": null, "parent_ChoiceGroup": null, "w": 199.4724409448819, "h": 33.33070866141732, "y": 863.9692913385827, "x": 1250, "structure_id": "Wi_22"}, {"parent_Field": "Fi_23", "parent_Choice_Field": null, "parent_ChoiceGroup": null, "w": 199.4724409448819, "h": 33.33070866141732, "y": 913.9692913385827, "x": 1250, "structure_id": "Wi_23"}, {"parent_Field": "Fi_24", "parent_Choice_Field": null, "parent_ChoiceGroup": null, "w": 199.4724409448819, "h": 33.33070866141732, "y": 963.9692913385827, "x": 1250, "structure_id": "Wi_24"}, {"parent_Field": "Fi_25", "parent_Choice_Field": null, "parent_ChoiceGroup": null, "w": 199.4724409448819, "h": 33.33070866141732, "y": 1013.9692913385827, "x": 1250, "structure_id": "Wi_25"}, {"parent_Field": "Fi_26", "parent_Choice_Field": null, "parent_ChoiceGroup": null, "w": 199.4724409448819, "h": 33.33070866141732, "y": 1063.9692913385827, "x": 1250, "structure_id": "Wi_26"}, {"parent_Field": "Fi_27", "parent_Choice_Field": null, "parent_ChoiceGroup": null, "w": 199.4724409448819, "h": 33.33070866141732, "y": 1113.9692913385827, "x": 1250, "structure_id": "Wi_27"}, {"parent_Field": "Fi_28", "parent_Choice_Field": null, "parent_ChoiceGroup": null, "w": 199.4724409448819, "h": 33.33070866141732, "y": 1163.9692913385827, "x": 1250, "structure_id": "Wi_28"}, {"parent_Field": "Fi_29", "parent_Choice_Field": null, "parent_ChoiceGroup": null, "w": 199.4724409448819, "h": 33.33070866141732, "y": 1213.9692913385827, "x": 1250, "structure_id": "Wi_29"}, {"parent_Field": null, "parent_Choice_Field": "Chf_1", "parent_ChoiceGroup": "Chgp_1", "w": 25, "h": 25, "y": 632.0307086614174, "x": 108.32755905511812, "structure_id": "Wi_30"}, {"parent_Field": null, "parent_Choice_Field": "Chf_2", "parent_ChoiceGroup": "Chgp_1", "w": 25, "h": 25, "y": 632.0307086614174, "x": 224.99685039370078, "structure_id": "Wi_31"}, {"parent_Field": null, "parent_Choice_Field": "Chf_3", "parent_ChoiceGroup": "Chgp_2", "w": 25, "h": 25, "y": 715.3614173228347, "x": 108.32755905511812, "structure_id": "Wi_32"}, {"parent_Field": null, "parent_Choice_Field": "Chf_4", "parent_ChoiceGroup": "Chgp_2", "w": 25, "h": 25, "y": 765.3614173228347, "x": 108.32755905511812, "structure_id": "Wi_33"}, {"parent_Field": null, "parent_Choice_Field": "Chf_5", "parent_ChoiceGroup": "Chgp_2", "w": 25, "h": 25, "y": 815.3614173228347, "x": 108.32755905511812, "structure_id": "Wi_34"}, {"parent_Field": null, "parent_Choice_Field": "Chf_6", "parent_ChoiceGroup": "Chgp_2", "w": 25, "h": 25, "y": 865.3614173228347, "x": 108.32755905511812, "structure_id": "Wi_35"}, {"parent_Field": null, "parent_Choice_Field": "Chf_7", "parent_ChoiceGroup": "Chgp_2", "w": 25, "h": 25, "y": 915.3614173228347, "x": 108.32755905511812, "structure_id": "Wi_36"}, {"parent_Field": null, "parent_Choice_Field": "Chf_8", "parent_ChoiceGroup": "Chgp_2", "w": 25, "h": 25, "y": 965.3614173228347, "x": 108.32755905511812, "structure_id": "Wi_37"}, {"parent_Field": null, "parent_Choice_Field": "Chf_9", "parent_ChoiceGroup": "Chgp_2", "w": 25, "h": 25, "y": 1015.3614173228347, "x": 108.32755905511812, "structure_id": "Wi_38"}, {"parent_Field": null, "parent_Choice_Field": "Chf_10", "parent_ChoiceGroup": "Chgp_2", "w": 25, "h": 25, "y": 1065.3614173228345, "x": 108.32755905511812, "structure_id": "Wi_39"}, {"parent_Field": null, "parent_Choice_Field": "Chf_11", "parent_ChoiceGroup": "Chgp_2", "w": 25, "h": 25, "y": 1115.3614173228348, "x": 108.32755905511812, "structure_id": "Wi_40"}, {"parent_Field": null, "parent_Choice_Field": "Chf_12", "parent_ChoiceGroup": "Chgp_2", "w": 25, "h": 25, "y": 1165.3614173228348, "x": 108.32755905511812, "structure_id": "Wi_41"}, {"parent_Field": null, "parent_Choice_Field": "Chf_13", "parent_ChoiceGroup": "Chgp_2", "w": 25, "h": 25, "y": 1215.3614173228348, "x": 108.32755905511812, "structure_id": "Wi_42"}, {"parent_Field": null, "parent_Choice_Field": "Chf_14", "parent_ChoiceGroup": "Chgp_2", "w": 25, "h": 25, "y": 1266.8724409448819, "x": 110.0220472440945, "structure_id": "Wi_43"}, {"parent_Field": "Fi_30", "parent_Choice_Field": null, "parent_ChoiceGroup": null, "w": 1511.1165354330708, "h": 87.71653543307087, "y": 1617.8417322834648, "x": 94.44173228346457, "structure_id": "Wi_44"}, {"parent_Field": "Fi_31", "parent_Choice_Field": null, "parent_ChoiceGroup": null, "w": 700.0000000000001, "h": 32.65275590551181, "y": 1738.8889763779528, "x": 900, "structure_id": "Wi_45"}, {"parent_Field": null, "parent_Choice_Field": "Chf_15", "parent_ChoiceGroup": "Chgp_3", "w": 25, "h": 25, "y": 1740.272440944882, "x": 108.32755905511812, "structure_id": "Wi_46"}, {"parent_Field": null, "parent_Choice_Field": "Chf_16", "parent_ChoiceGroup": "Chgp_3", "w": 25, "h": 25, "y": 1740.272440944882, "x": 224.99685039370078, "structure_id": "Wi_47"}, {"parent_Field": null, "parent_Choice_Field": "Chf_17", "parent_ChoiceGroup": "Chgp_4", "w": 25, "h": 25, "y": 1873.6110236220472, "x": 358.3275590551181, "structure_id": "Wi_48"}, {"parent_Field": null, "parent_Choice_Field": "Chf_18", "parent_ChoiceGroup": "Chgp_4", "w": 25, "h": 25, "y": 1873.6110236220472, "x": 474.9889763779527, "structure_id": "Wi_49"}, {"parent_Field": null, "parent_Choice_Field": "Chf_19", "parent_ChoiceGroup": "Chgp_4", "w": 25, "h": 25, "y": 1873.6110236220472, "x": 574.9889763779527, "structure_id": "Wi_50"}, {"parent_Field": null, "parent_Choice_Field": "Chf_20", "parent_ChoiceGroup": "Chgp_5", "w": 25, "h": 25, "y": 1956.9582677165354, "x": 108.32755905511812, "structure_id": "Wi_51"}, {"parent_Field": null, "parent_Choice_Field": "Chf_21", "parent_ChoiceGroup": "Chgp_5", "w": 25, "h": 25, "y": 1990.2889763779528, "x": 108.32755905511812, "structure_id": "Wi_52"}, {"parent_Field": null, "parent_Choice_Field": "Chf_22", "parent_ChoiceGroup": "Chgp_5", "w": 25, "h": 25, "y": 2023.61968503937, "x": 108.32755905511812, "structure_id": "Wi_53"}, {"parent_Field": null, "parent_Choice_Field": "Chf_22", "parent_ChoiceGroup": "Chgp_5", "w": 1133.3307086614172, "h": 63.983464566929136, "y": 2022.2275590551183, "x": 466.6692913385827, "structure_id": "Wi_54"}, {"parent_Field": null, "parent_Choice_Field": "Chf_23", "parent_ChoiceGroup": "Chgp_6", "w": 25, "h": 25, "y": 1840.28031496063, "x": 108.32755905511812, "structure_id": "Wi_55"}, {"parent_Field": null, "parent_Choice_Field": "Chf_24", "parent_ChoiceGroup": "Chgp_6", "w": 25, "h": 25, "y": 1840.28031496063, "x": 224.99685039370078, "structure_id": "Wi_56"}, {"parent_Field": "Fi_32", "parent_Choice_Field": null, "parent_ChoiceGroup": null, "w": 147.1417322834646, "h": 46.83307086614173, "y": 427.3141732283465, "x": 100.62204724409449, "structure_id": "Wi_57"}, {"parent_Field": "Fi_32", "parent_Choice_Field": null, "parent_ChoiceGroup": null, "w": 90.35590551181102, "h": 46.83307086614173, "y": 427.3141732283465, "x": 288.1803149606299, "structure_id": "Wi_58"}, {"parent_Field": "Fi_32", "parent_Choice_Field": null, "parent_ChoiceGroup": null, "w": 188.88031496062993, "h": 46.83307086614173, "y": 427.3141732283465, "x": 427.0779527559055, "structure_id": "Wi_59"}, {"parent_Field": "Fi_33", "parent_Choice_Field": null, "parent_ChoiceGroup": null, "w": 571.3472440944881, "h": 45.79448818897638, "y": 318.99212598425197, "x": 99.98346456692914, "structure_id": "Wi_60"}, {"parent_Field": "Fi_33", "parent_Choice_Field": null, "parent_ChoiceGroup": null, "w": 48.36141732283465, "h": 45.79448818897638, "y": 318.99212598425197, "x": 687.5448818897638, "structure_id": "Wi_61"}, {"parent_Field": "Fi_33", "parent_Choice_Field": null, "parent_ChoiceGroup": null, "w": 856.5496062992127, "h": 45.79448818897638, "y": 318.99212598425197, "x": 749.9834645669292, "structure_id": "Wi_62"}], "TextBlock": [{"parent_Field": null, "parent_Choice_Field": null, "parent_ChoiceGroup": null, "w": 257, "h": 59, "y": 54, "x": 1340, "structure_id": "Tb_1"}, {"parent_Field": null, "parent_Choice_Field": null, "parent_ChoiceGroup": null, "w": 171, "h": 34, "y": 2108, "x": 200, "structure_id": "Tb_2"}, {"parent_Field": null, "parent_Choice_Field": null, "parent_ChoiceGroup": null, "w": 442, "h": 42, "y": 2104, "x": 633, "structure_id": "Tb_3"}, {"parent_Field": null, "parent_Choice_Field": null, "parent_ChoiceGroup": null, "w": 256, "h": 22, "y": 571, "x": 722, "structure_id": "Tb_4"}, {"parent_Field": "Fi_1", "parent_Choice_Field": null, "parent_ChoiceGroup": null, "w": 87, "h": 19, "y": 1021, "x": 683, "structure_id": "Tb_5"}, {"parent_Field": "Fi_2", "parent_Choice_Field": null, "parent_ChoiceGroup": null, "w": 87, "h": 19, "y": 721, "x": 683, "structure_id": "Tb_6"}, {"parent_Field": "Fi_3", "parent_Choice_Field": null, "parent_ChoiceGroup": null, "w": 87, "h": 19, "y": 971, "x": 683, "structure_id": "Tb_7"}, {"parent_Field": "Fi_4", "parent_Choice_Field": null, "parent_ChoiceGroup": null, "w": 87, "h": 19, "y": 1121, "x": 683, "structure_id": "Tb_8"}, {"parent_Field": "Fi_5", "parent_Choice_Field": null, "parent_ChoiceGroup": null, "w": 87, "h": 19, "y": 1221, "x": 683, "structure_id": "Tb_9"}, {"parent_Field": "Fi_6", "parent_Choice_Field": null, "parent_ChoiceGroup": null, "w": 87, "h": 20, "y": 1411, "x": 683, "structure_id": "Tb_10"}, {"parent_Field": "Fi_7", "parent_Choice_Field": null, "parent_ChoiceGroup": null, "w": 87, "h": 19, "y": 921, "x": 683, "structure_id": "Tb_11"}, {"parent_Field": "Fi_8", "parent_Choice_Field": null, "parent_ChoiceGroup": null, "w": 87, "h": 19, "y": 821, "x": 683, "structure_id": "Tb_12"}, {"parent_Field": "Fi_9", "parent_Choice_Field": null, "parent_ChoiceGroup": null, "w": 169, "h": 20, "y": 1411, "x": 150, "structure_id": "Tb_13"}, {"parent_Field": "Fi_10", "parent_Choice_Field": null, "parent_ChoiceGroup": null, "w": 156, "h": 20, "y": 1411, "x": 1083, "structure_id": "Tb_14"}, {"parent_Field": "Fi_11", "parent_Choice_Field": null, "parent_ChoiceGroup": null, "w": 87, "h": 19, "y": 1071, "x": 683, "structure_id": "Tb_15"}, {"parent_Field": "Fi_12", "parent_Choice_Field": null, "parent_ChoiceGroup": null, "w": 156, "h": 20, "y": 1361, "x": 1083, "structure_id": "Tb_16"}, {"parent_Field": "Fi_13", "parent_Choice_Field": null, "parent_ChoiceGroup": null, "w": 169, "h": 20, "y": 1361, "x": 150, "structure_id": "Tb_17"}, {"parent_Field": "Fi_14", "parent_Choice_Field": null, "parent_ChoiceGroup": null, "w": 87, "h": 19, "y": 1171, "x": 683, "structure_id": "Tb_18"}, {"parent_Field": "Fi_15", "parent_Choice_Field": null, "parent_ChoiceGroup": null, "w": 87, "h": 19, "y": 871, "x": 683, "structure_id": "Tb_19"}, {"parent_Field": "Fi_16", "parent_Choice_Field": null, "parent_ChoiceGroup": null, "w": 87, "h": 20, "y": 1361, "x": 683, "structure_id": "Tb_20"}, {"parent_Field": "Fi_17", "parent_Choice_Field": null, "parent_ChoiceGroup": null, "w": 87, "h": 19, "y": 771, "x": 683, "structure_id": "Tb_21"}, {"parent_Field": "Fi_18", "parent_Choice_Field": null, "parent_ChoiceGroup": null, "w": 1388, "h": 19, "y": 1449, "x": 94, "structure_id": "Tb_22"}, {"parent_Field": null, "parent_Choice_Field": null, "parent_ChoiceGroup": null, "w": 255, "h": 22, "y": 636, "x": 317, "structure_id": "Tb_23"}, {"parent_Field": "Fi_19", "parent_Choice_Field": null, "parent_ChoiceGroup": null, "w": 156, "h": 19, "y": 721, "x": 1083, "structure_id": "Tb_24"}, {"parent_Field": "Fi_20", "parent_Choice_Field": null, "parent_ChoiceGroup": null, "w": 156, "h": 19, "y": 821, "x": 1083, "structure_id": "Tb_25"}, {"parent_Field": "Fi_21", "parent_Choice_Field": null, "parent_ChoiceGroup": null, "w": 156, "h": 19, "y": 771, "x": 1083, "structure_id": "Tb_26"}, {"parent_Field": "Fi_22", "parent_Choice_Field": null, "parent_ChoiceGroup": null, "w": 156, "h": 19, "y": 871, "x": 1083, "structure_id": "Tb_27"}, {"parent_Field": "Fi_23", "parent_Choice_Field": null, "parent_ChoiceGroup": null, "w": 156, "h": 19, "y": 921, "x": 1083, "structure_id": "Tb_28"}, {"parent_Field": "Fi_24", "parent_Choice_Field": null, "parent_ChoiceGroup": null, "w": 156, "h": 19, "y": 971, "x": 1083, "structure_id": "Tb_29"}, {"parent_Field": "Fi_25", "parent_Choice_Field": null, "parent_ChoiceGroup": null, "w": 156, "h": 19, "y": 1021, "x": 1083, "structure_id": "Tb_30"}, {"parent_Field": "Fi_26", "parent_Choice_Field": null, "parent_ChoiceGroup": null, "w": 156, "h": 19, "y": 1071, "x": 1083, "structure_id": "Tb_31"}, {"parent_Field": "Fi_27", "parent_Choice_Field": null, "parent_ChoiceGroup": null, "w": 156, "h": 19, "y": 1121, "x": 1083, "structure_id": "Tb_32"}, {"parent_Field": "Fi_28", "parent_Choice_Field": null, "parent_ChoiceGroup": null, "w": 156, "h": 19, "y": 1171, "x": 1083, "structure_id": "Tb_33"}, {"parent_Field": "Fi_29", "parent_Choice_Field": null, "parent_ChoiceGroup": null, "w": 156, "h": 19, "y": 1221, "x": 1083, "structure_id": "Tb_34"}, {"parent_Field": null, "parent_Choice_Field": null, "parent_ChoiceGroup": "Chgp_1", "w": 1313, "h": 20, "y": 604, "x": 94, "structure_id": "Tb_35"}, {"parent_Field": null, "parent_Choice_Field": "Chf_1", "parent_ChoiceGroup": "Chgp_1", "w": 39, "h": 19, "y": 638, "x": 150, "structure_id": "Tb_36"}, {"parent_Field": null, "parent_Choice_Field": "Chf_2", "parent_ChoiceGroup": "Chgp_1", "w": 29, "h": 19, "y": 638, "x": 267, "structure_id": "Tb_37"}, {"parent_Field": null, "parent_Choice_Field": null, "parent_ChoiceGroup": "Chgp_2", "w": 447, "h": 22, "y": 686, "x": 94, "structure_id": "Tb_38"}, {"parent_Field": null, "parent_Choice_Field": "Chf_3", "parent_ChoiceGroup": "Chgp_2", "w": 169, "h": 19, "y": 721, "x": 150, "structure_id": "Tb_39"}, {"parent_Field": null, "parent_Choice_Field": "Chf_4", "parent_ChoiceGroup": "Chgp_2", "w": 296, "h": 22, "y": 770, "x": 150, "structure_id": "Tb_40"}, {"parent_Field": null, "parent_Choice_Field": "Chf_5", "parent_ChoiceGroup": "Chgp_2", "w": 237, "h": 19, "y": 821, "x": 150, "structure_id": "Tb_41"}, {"parent_Field": null, "parent_Choice_Field": "Chf_6", "parent_ChoiceGroup": "Chgp_2", "w": 241, "h": 19, "y": 871, "x": 150, "structure_id": "Tb_42"}, {"parent_Field": null, "parent_Choice_Field": "Chf_7", "parent_ChoiceGroup": "Chgp_2", "w": 177, "h": 19, "y": 921, "x": 150, "structure_id": "Tb_43"}, {"parent_Field": null, "parent_Choice_Field": "Chf_8", "parent_ChoiceGroup": "Chgp_2", "w": 232, "h": 19, "y": 971, "x": 150, "structure_id": "Tb_44"}, {"parent_Field": null, "parent_Choice_Field": "Chf_9", "parent_ChoiceGroup": "Chgp_2", "w": 124, "h": 19, "y": 1021, "x": 150, "structure_id": "Tb_45"}, {"parent_Field": null, "parent_Choice_Field": "Chf_10", "parent_ChoiceGroup": "Chgp_2", "w": 244, "h": 22, "y": 1070, "x": 150, "structure_id": "Tb_46"}, {"parent_Field": null, "parent_Choice_Field": "Chf_11", "parent_ChoiceGroup": "Chgp_2", "w": 159, "h": 19, "y": 1121, "x": 150, "structure_id": "Tb_47"}, {"parent_Field": null, "parent_Choice_Field": "Chf_12", "parent_ChoiceGroup": "Chgp_2", "w": 478, "h": 22, "y": 1170, "x": 150, "structure_id": "Tb_48"}, {"parent_Field": null, "parent_Choice_Field": "Chf_13", "parent_ChoiceGroup": "Chgp_2", "w": 378, "h": 19, "y": 1221, "x": 150, "structure_id": "Tb_49"}, {"parent_Field": null, "parent_Choice_Field": "Chf_14", "parent_ChoiceGroup": "Chgp_2", "w": 492, "h": 75, "y": 1268, "x": 150, "structure_id": "Tb_50"}, {"parent_Field": null, "parent_Choice_Field": null, "parent_ChoiceGroup": null, "w": 344, "h": 22, "y": 1557, "x": 678, "structure_id": "Tb_51"}, {"parent_Field": "Fi_30", "parent_Choice_Field": null, "parent_ChoiceGroup": null, "w": 1314, "h": 22, "y": 1589, "x": 94, "structure_id": "Tb_52"}, {"parent_Field": "Fi_31", "parent_Choice_Field": null, "parent_ChoiceGroup": null, "w": 556, "h": 19, "y": 1746, "x": 317, "structure_id": "Tb_53"}, {"parent_Field": null, "parent_Choice_Field": null, "parent_ChoiceGroup": "Chgp_3", "w": 1199, "h": 20, "y": 1712, "x": 94, "structure_id": "Tb_54"}, {"parent_Field": null, "parent_Choice_Field": "Chf_15", "parent_ChoiceGroup": "Chgp_3", "w": 39, "h": 19, "y": 1746, "x": 150, "structure_id": "Tb_55"}, {"parent_Field": null, "parent_Choice_Field": "Chf_16", "parent_ChoiceGroup": "Chgp_3", "w": 29, "h": 19, "y": 1746, "x": 267, "structure_id": "Tb_56"}, {"parent_Field": null, "parent_Choice_Field": null, "parent_ChoiceGroup": "Chgp_4", "w": 220, "h": 20, "y": 1879, "x": 100, "structure_id": "Tb_57"}, {"parent_Field": null, "parent_Choice_Field": "Chf_17", "parent_ChoiceGroup": "Chgp_4", "w": 45, "h": 20, "y": 1879, "x": 400, "structure_id": "Tb_58"}, {"parent_Field": null, "parent_Choice_Field": "Chf_18", "parent_ChoiceGroup": "Chgp_4", "w": 32, "h": 20, "y": 1879, "x": 517, "structure_id": "Tb_59"}, {"parent_Field": null, "parent_Choice_Field": "Chf_19", "parent_ChoiceGroup": "Chgp_4", "w": 40, "h": 20, "y": 1879, "x": 617, "structure_id": "Tb_60"}, {"parent_Field": null, "parent_Choice_Field": null, "parent_ChoiceGroup": "Chgp_5", "w": 241, "h": 20, "y": 1929, "x": 100, "structure_id": "Tb_61"}, {"parent_Field": null, "parent_Choice_Field": "Chf_20", "parent_ChoiceGroup": "Chgp_5", "w": 120, "h": 19, "y": 1963, "x": 150, "structure_id": "Tb_62"}, {"parent_Field": null, "parent_Choice_Field": "Chf_21", "parent_ChoiceGroup": "Chgp_5", "w": 252, "h": 19, "y": 1996, "x": 150, "structure_id": "Tb_63"}, {"parent_Field": null, "parent_Choice_Field": "Chf_22", "parent_ChoiceGroup": "Chgp_5", "w": 296, "h": 20, "y": 2029, "x": 150, "structure_id": "Tb_64"}, {"parent_Field": null, "parent_Choice_Field": null, "parent_ChoiceGroup": "Chgp_6", "w": 459, "h": 20, "y": 1812, "x": 94, "structure_id": "Tb_65"}, {"parent_Field": null, "parent_Choice_Field": "Chf_23", "parent_ChoiceGroup": "Chgp_6", "w": 39, "h": 19, "y": 1846, "x": 150, "structure_id": "Tb_66"}, {"parent_Field": null, "parent_Choice_Field": "Chf_24", "parent_ChoiceGroup": "Chgp_6", "w": 29, "h": 19, "y": 1846, "x": 267, "structure_id": "Tb_67"}, {"parent_Field": null, "parent_Choice_Field": null, "parent_ChoiceGroup": null, "w": 678, "h": 67, "y": 125, "x": 811, "structure_id": "Tb_68"}, {"parent_Field": null, "parent_Choice_Field": null, "parent_ChoiceGroup": null, "w": 94, "h": 44, "y": 2103, "x": 83, "structure_id": "Tb_69"}, {"parent_Field": null, "parent_Choice_Field": null, "parent_ChoiceGroup": null, "w": 71, "h": 22, "y": 2122, "x": 1546, "structure_id": "Tb_70"}, {"parent_Field": null, "parent_Choice_Field": null, "parent_ChoiceGroup": null, "w": 1513, "h": 67, "y": 491, "x": 94, "structure_id": "Tb_71"}, {"parent_Field": null, "parent_Choice_Field": null, "parent_ChoiceGroup": null, "w": 1464, "h": 75, "y": 208, "x": 94, "structure_id": "Tb_72"}, {"parent_Field": "Fi_32", "parent_Choice_Field": null, "parent_ChoiceGroup": null, "w": 466, "h": 19, "y": 401, "x": 101, "structure_id": "Tb_73"}, {"parent_Field": "Fi_33", "parent_Choice_Field": null, "parent_ChoiceGroup": null, "w": 273, "h": 19, "y": 293, "x": 100, "structure_id": "Tb_74"}], "Choice_Field": [{"y": 632.0307086614174, "x": 108.32755905511812, "structure_id": "Chf_1", "w": 80.67244094488188, "h": 25}, {"y": 632.0307086614174, "x": 224.99685039370078, "structure_id": "Chf_2", "w": 71.00314960629922, "h": 25}, {"y": 715.3614173228347, "x": 108.32755905511812, "structure_id": "Chf_3", "w": 210.67244094488188, "h": 25}, {"y": 765.3614173228347, "x": 108.32755905511812, "structure_id": "Chf_4", "w": 337.6724409448819, "h": 26.638582677165346}, {"y": 815.3614173228347, "x": 108.32755905511812, "structure_id": "Chf_5", "w": 278.6724409448819, "h": 25}, {"y": 865.3614173228347, "x": 108.32755905511812, "structure_id": "Chf_6", "w": 282.6724409448819, "h": 25}, {"y": 915.3614173228347, "x": 108.32755905511812, "structure_id": "Chf_7", "w": 218.67244094488188, "h": 25}, {"y": 965.3614173228347, "x": 108.32755905511812, "structure_id": "Chf_8", "w": 273.6724409448819, "h": 25}, {"y": 1015.3614173228347, "x": 108.32755905511812, "structure_id": "Chf_9", "w": 165.67244094488188, "h": 25.000000000000114}, {"y": 1065.3614173228345, "x": 108.32755905511812, "structure_id": "Chf_10", "w": 285.6724409448819, "h": 26.63858267716546}, {"y": 1115.3614173228348, "x": 108.32755905511812, "structure_id": "Chf_11", "w": 200.67244094488188, "h": 25}, {"y": 1165.3614173228348, "x": 108.32755905511812, "structure_id": "Chf_12", "w": 519.6724409448818, "h": 26.638582677165232}, {"y": 1215.3614173228348, "x": 108.32755905511812, "structure_id": "Chf_13", "w": 419.6724409448819, "h": 25}, {"y": 1266.8724409448819, "x": 110.0220472440945, "structure_id": "Chf_14", "w": 531.9779527559056, "h": 76.12755905511813}, {"y": 1740.272440944882, "x": 108.32755905511812, "structure_id": "Chf_15", "w": 80.67244094488188, "h": 25}, {"y": 1740.272440944882, "x": 224.99685039370078, "structure_id": "Chf_16", "w": 71.00314960629922, "h": 25}, {"y": 1873.6110236220472, "x": 358.3275590551181, "structure_id": "Chf_17", "w": 86.67244094488188, "h": 25.38897637795276}, {"y": 1873.6110236220472, "x": 474.9889763779527, "structure_id": "Chf_18", "w": 74.01102362204728, "h": 25.38897637795276}, {"y": 1873.6110236220472, "x": 574.9889763779527, "structure_id": "Chf_19", "w": 82.01102362204733, "h": 25.38897637795276}, {"y": 1956.9582677165354, "x": 108.32755905511812, "structure_id": "Chf_20", "w": 161.67244094488188, "h": 25.041732283464626}, {"y": 1990.2889763779528, "x": 108.32755905511812, "structure_id": "Chf_21", "w": 293.6724409448819, "h": 25}, {"y": 2022.2275590551183, "x": 108.32755905511812, "structure_id": "Chf_22", "w": 1491.6724409448818, "h": 63.983464566929115}, {"y": 1840.28031496063, "x": 108.32755905511812, "structure_id": "Chf_23", "w": 80.67244094488188, "h": 25}, {"y": 1840.28031496063, "x": 224.99685039370078, "structure_id": "Chf_24", "w": 71.00314960629922, "h": 25}], "Field": [{"y": 1013.9692913385827, "x": 683, "structure_id": "Fi_1", "w": 367, "h": 33.33070866141725}, {"y": 713.9692913385827, "x": 683, "structure_id": "Fi_2", "w": 367, "h": 33.33070866141736}, {"y": 963.9692913385827, "x": 683, "structure_id": "Fi_3", "w": 367, "h": 33.33070866141736}, {"y": 1113.9692913385827, "x": 683, "structure_id": "Fi_4", "w": 367, "h": 33.33070866141725}, {"y": 1213.9692913385827, "x": 683, "structure_id": "Fi_5", "w": 367, "h": 33.33070866141725}, {"y": 1397.3, "x": 683, "structure_id": "Fi_6", "w": 367, "h": 33.700000000000045}, {"y": 913.9692913385827, "x": 683, "structure_id": "Fi_7", "w": 367, "h": 33.33070866141736}, {"y": 813.9692913385827, "x": 683, "structure_id": "Fi_8", "w": 367, "h": 33.33070866141736}, {"y": 1397.3, "x": 150, "structure_id": "Fi_9", "w": 516.6692913385828, "h": 33.700000000000045}, {"y": 1397.3, "x": 1083, "structure_id": "Fi_10", "w": 366.4724409448818, "h": 33.700000000000045}, {"y": 1063.9692913385827, "x": 683, "structure_id": "Fi_11", "w": 367, "h": 33.33070866141725}, {"y": 1347.3000000000002, "x": 1083, "structure_id": "Fi_12", "w": 366.4724409448818, "h": 33.69999999999982}, {"y": 1347.3000000000002, "x": 150, "structure_id": "Fi_13", "w": 516.6692913385828, "h": 33.69999999999982}, {"y": 1163.9692913385827, "x": 683, "structure_id": "Fi_14", "w": 367, "h": 33.33070866141725}, {"y": 863.9692913385827, "x": 683, "structure_id": "Fi_15", "w": 367, "h": 33.33070866141736}, {"y": 1347.3000000000002, "x": 683, "structure_id": "Fi_16", "w": 367, "h": 33.69999999999982}, {"y": 763.9692913385827, "x": 683, "structure_id": "Fi_17", "w": 367, "h": 33.33070866141736}, {"y": 1449, "x": 94, "structure_id": "Fi_18", "w": 1511.5582677165353, "h": 98.24409448818915}, {"y": 713.9692913385827, "x": 1083, "structure_id": "Fi_19", "w": 366.4724409448818, "h": 33.33070866141736}, {"y": 813.9692913385827, "x": 1083, "structure_id": "Fi_20", "w": 366.4724409448818, "h": 33.33070866141736}, {"y": 763.9692913385827, "x": 1083, "structure_id": "Fi_21", "w": 366.4724409448818, "h": 33.33070866141736}, {"y": 863.9692913385827, "x": 1083, "structure_id": "Fi_22", "w": 366.4724409448818, "h": 33.33070866141736}, {"y": 913.9692913385827, "x": 1083, "structure_id": "Fi_23", "w": 366.4724409448818, "h": 33.33070866141736}, {"y": 963.9692913385827, "x": 1083, "structure_id": "Fi_24", "w": 366.4724409448818, "h": 33.33070866141736}, {"y": 1013.9692913385827, "x": 1083, "structure_id": "Fi_25", "w": 366.4724409448818, "h": 33.33070866141725}, {"y": 1063.9692913385827, "x": 1083, "structure_id": "Fi_26", "w": 366.4724409448818, "h": 33.33070866141725}, {"y": 1113.9692913385827, "x": 1083, "structure_id": "Fi_27", "w": 366.4724409448818, "h": 33.33070866141725}, {"y": 1163.9692913385827, "x": 1083, "structure_id": "Fi_28", "w": 366.4724409448818, "h": 33.33070866141725}, {"y": 1213.9692913385827, "x": 1083, "structure_id": "Fi_29", "w": 366.4724409448818, "h": 33.33070866141725}, {"y": 1589, "x": 94, "structure_id": "Fi_30", "w": 1511.5582677165353, "h": 116.55826771653574}, {"y": 1738.8889763779528, "x": 317, "structure_id": "Fi_31", "w": 1283, "h": 32.65275590551187}, {"y": 401, "x": 100.62204724409449, "structure_id": "Fi_32", "w": 515.336220472441, "h": 73.1472440944882}, {"y": 293, "x": 99.98346456692914, "structure_id": "Fi_33", "w": 1506.5496062992127, "h": 71.78661417322837}], "TextRun": [{"parent_TextBlock": "Tb_1", "text": "OMB Control No. 2900-0779", "parent_Field": null, "parent_Choice_Field": null, "parent_ChoiceGroup": null, "w": 236, "h": 20, "y": 54, "x": 1340, "structure_id": "Tr_1"}, {"parent_TextBlock": "Tb_1", "text": "Respondent Burden: 15 Minutes", "parent_Field": null, "parent_Choice_Field": null, "parent_ChoiceGroup": null, "w": 257, "h": 19, "y": 74, "x": 1340, "structure_id": "Tr_2"}, {"parent_TextBlock": "Tb_1", "text": "Expiration Date: 01/31/2018", "parent_Field": null, "parent_Choice_Field": null, "parent_ChoiceGroup": null, "w": 222, "h": 20, "y": 93, "x": 1340, "structure_id": "Tr_3"}, {"parent_TextBlock": "Tb_2", "text": "21-0960J-2", "parent_Field": null, "parent_Choice_Field": null, "parent_ChoiceGroup": null, "w": 171, "h": 34, "y": 2108, "x": 200, "structure_id": "Tr_4"}, {"parent_TextBlock": "Tb_3", "text": "SUPERSEDES VA FORM 21-0960J-2, OCT 2012,", "parent_Field": null, "parent_Choice_Field": null, "parent_ChoiceGroup": null, "w": 442, "h": 19, "y": 2104, "x": 633, "structure_id": "Tr_5"}, {"parent_TextBlock": "Tb_3", "text": "WHICH WILL NOT BE USED.", "parent_Field": null, "parent_Choice_Field": null, "parent_ChoiceGroup": null, "w": 260, "h": 19, "y": 2127, "x": 633, "structure_id": "Tr_6"}, {"parent_TextBlock": "Tb_4", "text": "SECTION I - DIAGNOSIS", "parent_Field": null, "parent_Choice_Field": null, "parent_ChoiceGroup": null, "w": 256, "h": 22, "y": 571, "x": 722, "structure_id": "Tr_7"}, {"parent_TextBlock": "Tb_5", "text": "ICD code:", "parent_Field": "Fi_1", "parent_Choice_Field": null, "parent_ChoiceGroup": null, "w": 87, "h": 19, "y": 1021, "x": 683, "structure_id": "Tr_8"}, {"parent_TextBlock": "Tb_6", "text": "ICD code:", "parent_Field": "Fi_2", "parent_Choice_Field": null, "parent_ChoiceGroup": null, "w": 87, "h": 19, "y": 721, "x": 683, "structure_id": "Tr_9"}, {"parent_TextBlock": "Tb_7", "text": "ICD code:", "parent_Field": "Fi_3", "parent_Choice_Field": null, "parent_ChoiceGroup": null, "w": 87, "h": 19, "y": 971, "x": 683, "structure_id": "Tr_10"}, {"parent_TextBlock": "Tb_8", "text": "ICD code:", "parent_Field": "Fi_4", "parent_Choice_Field": null, "parent_ChoiceGroup": null, "w": 87, "h": 19, "y": 1121, "x": 683, "structure_id": "Tr_11"}, {"parent_TextBlock": "Tb_9", "text": "ICD code:", "parent_Field": "Fi_5", "parent_Choice_Field": null, "parent_ChoiceGroup": null, "w": 87, "h": 19, "y": 1221, "x": 683, "structure_id": "Tr_12"}, {"parent_TextBlock": "Tb_10", "text": "ICD code:", "parent_Field": "Fi_6", "parent_Choice_Field": null, "parent_ChoiceGroup": null, "w": 87, "h": 20, "y": 1411, "x": 683, "structure_id": "Tr_13"}, {"parent_TextBlock": "Tb_11", "text": "ICD code:", "parent_Field": "Fi_7", "parent_Choice_Field": null, "parent_ChoiceGroup": null, "w": 87, "h": 19, "y": 921, "x": 683, "structure_id": "Tr_14"}, {"parent_TextBlock": "Tb_12", "text": "ICD code:", "parent_Field": "Fi_8", "parent_Choice_Field": null, "parent_ChoiceGroup": null, "w": 87, "h": 19, "y": 821, "x": 683, "structure_id": "Tr_15"}, {"parent_TextBlock": "Tb_13", "text": "Other diagnosis #2:", "parent_Field": "Fi_9", "parent_Choice_Field": null, "parent_ChoiceGroup": null, "w": 169, "h": 20, "y": 1411, "x": 150, "structure_id": "Tr_16"}, {"parent_TextBlock": "Tb_14", "text": "Date of diagnosis:", "parent_Field": "Fi_10", "parent_Choice_Field": null, "parent_ChoiceGroup": null, "w": 156, "h": 20, "y": 1411, "x": 1083, "structure_id": "Tr_17"}, {"parent_TextBlock": "Tb_15", "text": "ICD code:", "parent_Field": "Fi_11", "parent_Choice_Field": null, "parent_ChoiceGroup": null, "w": 87, "h": 19, "y": 1071, "x": 683, "structure_id": "Tr_18"}, {"parent_TextBlock": "Tb_16", "text": "Date of diagnosis:", "parent_Field": "Fi_12", "parent_Choice_Field": null, "parent_ChoiceGroup": null, "w": 156, "h": 20, "y": 1361, "x": 1083, "structure_id": "Tr_19"}, {"parent_TextBlock": "Tb_17", "text": "Other diagnosis #1:", "parent_Field": "Fi_13", "parent_Choice_Field": null, "parent_ChoiceGroup": null, "w": 169, "h": 20, "y": 1361, "x": 150, "structure_id": "Tr_20"}, {"parent_TextBlock": "Tb_18", "text": "ICD code:", "parent_Field": "Fi_14", "parent_Choice_Field": null, "parent_ChoiceGroup": null, "w": 87, "h": 19, "y": 1171, "x": 683, "structure_id": "Tr_21"}, {"parent_TextBlock": "Tb_19", "text": "ICD code:", "parent_Field": "Fi_15", "parent_Choice_Field": null, "parent_ChoiceGroup": null, "w": 87, "h": 19, "y": 871, "x": 683, "structure_id": "Tr_22"}, {"parent_TextBlock": "Tb_20", "text": "ICD code:", "parent_Field": "Fi_16", "parent_Choice_Field": null, "parent_ChoiceGroup": null, "w": 87, "h": 20, "y": 1361, "x": 683, "structure_id": "Tr_23"}, {"parent_TextBlock": "Tb_21", "text": "ICD code:", "parent_Field": "Fi_17", "parent_Choice_Field": null, "parent_ChoiceGroup": null, "w": 87, "h": 19, "y": 771, "x": 683, "structure_id": "Tr_24"}, {"parent_TextBlock": "Tb_22", "text": "1C. IF THERE ARE ANY ADDITIONAL DIAGNOSES THAT PERTAIN TO THE MALE REPRODUCTIVE ORGAN CONDITIONS, LIST USING ABOVE FORMAT:", "parent_Field": "Fi_18", "parent_Choice_Field": null, "parent_ChoiceGroup": null, "w": 1388, "h": 19, "y": 1449, "x": 94, "structure_id": "Tr_25"}, {"parent_TextBlock": "Tb_23", "text": "(If \"Yes,\" complete Item 1B)", "parent_Field": null, "parent_Choice_Field": null, "parent_ChoiceGroup": null, "w": 255, "h": 22, "y": 636, "x": 317, "structure_id": "Tr_26"}, {"parent_TextBlock": "Tb_24", "text": "Date of diagnosis:", "parent_Field": "Fi_19", "parent_Choice_Field": null, "parent_ChoiceGroup": null, "w": 156, "h": 19, "y": 721, "x": 1083, "structure_id": "Tr_27"}, {"parent_TextBlock": "Tb_25", "text": "Date of diagnosis:", "parent_Field": "Fi_20", "parent_Choice_Field": null, "parent_ChoiceGroup": null, "w": 156, "h": 19, "y": 821, "x": 1083, "structure_id": "Tr_28"}, {"parent_TextBlock": "Tb_26", "text": "Date of diagnosis:", "parent_Field": "Fi_21", "parent_Choice_Field": null, "parent_ChoiceGroup": null, "w": 156, "h": 19, "y": 771, "x": 1083, "structure_id": "Tr_29"}, {"parent_TextBlock": "Tb_27", "text": "Date of diagnosis:", "parent_Field": "Fi_22", "parent_Choice_Field": null, "parent_ChoiceGroup": null, "w": 156, "h": 19, "y": 871, "x": 1083, "structure_id": "Tr_30"}, {"parent_TextBlock": "Tb_28", "text": "Date of diagnosis:", "parent_Field": "Fi_23", "parent_Choice_Field": null, "parent_ChoiceGroup": null, "w": 156, "h": 19, "y": 921, "x": 1083, "structure_id": "Tr_31"}, {"parent_TextBlock": "Tb_29", "text": "Date of diagnosis:", "parent_Field": "Fi_24", "parent_Choice_Field": null, "parent_ChoiceGroup": null, "w": 156, "h": 19, "y": 971, "x": 1083, "structure_id": "Tr_32"}, {"parent_TextBlock": "Tb_30", "text": "Date of diagnosis:", "parent_Field": "Fi_25", "parent_Choice_Field": null, "parent_ChoiceGroup": null, "w": 156, "h": 19, "y": 1021, "x": 1083, "structure_id": "Tr_33"}, {"parent_TextBlock": "Tb_31", "text": "Date of diagnosis:", "parent_Field": "Fi_26", "parent_Choice_Field": null, "parent_ChoiceGroup": null, "w": 156, "h": 19, "y": 1071, "x": 1083, "structure_id": "Tr_34"}, {"parent_TextBlock": "Tb_32", "text": "Date of diagnosis:", "parent_Field": "Fi_27", "parent_Choice_Field": null, "parent_ChoiceGroup": null, "w": 156, "h": 19, "y": 1121, "x": 1083, "structure_id": "Tr_35"}, {"parent_TextBlock": "Tb_33", "text": "Date of diagnosis:", "parent_Field": "Fi_28", "parent_Choice_Field": null, "parent_ChoiceGroup": null, "w": 156, "h": 19, "y": 1171, "x": 1083, "structure_id": "Tr_36"}, {"parent_TextBlock": "Tb_34", "text": "Date of diagnosis:", "parent_Field": "Fi_29", "parent_Choice_Field": null, "parent_ChoiceGroup": null, "w": 156, "h": 19, "y": 1221, "x": 1083, "structure_id": "Tr_37"}, {"parent_TextBlock": "Tb_35", "text": "1A. DOES THE VETERAN NOW HAVE OR HAS HE EVER BEEN DIAGNOSED WITH ANY CONDITIONS OF THE MALE REPRODUCTIVE SYSTEM?", "parent_Field": null, "parent_Choice_Field": null, "parent_ChoiceGroup": "Chgp_1", "w": 1313, "h": 20, "y": 604, "x": 94, "structure_id": "Tr_38"}, {"parent_TextBlock": "Tb_36", "text": "YES", "parent_Field": null, "parent_Choice_Field": "Chf_1", "parent_ChoiceGroup": "Chgp_1", "w": 39, "h": 19, "y": 638, "x": 150, "structure_id": "Tr_39"}, {"parent_TextBlock": "Tb_37", "text": "NO", "parent_Field": null, "parent_Choice_Field": "Chf_2", "parent_ChoiceGroup": "Chgp_1", "w": 29, "h": 19, "y": 638, "x": 267, "structure_id": "Tr_40"}, {"parent_TextBlock": "Tb_38", "text": "1B. INDICATE DIAGNOSES:", "parent_Field": null, "parent_Choice_Field": null, "parent_ChoiceGroup": "Chgp_2", "w": 252, "h": 20, "y": 688, "x": 94, "structure_id": "Tr_41"}, {"parent_TextBlock": "Tb_38", "text": "(check all that apply)", "parent_Field": null, "parent_Choice_Field": null, "parent_ChoiceGroup": "Chgp_2", "w": 195, "h": 22, "y": 686, "x": 346, "structure_id": "Tr_42"}, {"parent_TextBlock": "Tb_39", "text": "Erectile dysfunction", "parent_Field": null, "parent_Choice_Field": "Chf_3", "parent_ChoiceGroup": "Chgp_2", "w": 169, "h": 19, "y": 721, "x": 150, "structure_id": "Tr_43"}, {"parent_TextBlock": "Tb_40", "text": "Penis, deformity", "parent_Field": null, "parent_Choice_Field": "Chf_4", "parent_ChoiceGroup": "Chgp_2", "w": 145, "h": 19, "y": 772, "x": 150, "structure_id": "Tr_44"}, {"parent_TextBlock": "Tb_40", "text": "(e.g., Peyronie's)", "parent_Field": null, "parent_Choice_Field": "Chf_4", "parent_ChoiceGroup": "Chgp_2", "w": 151, "h": 22, "y": 770, "x": 295, "structure_id": "Tr_45"}, {"parent_TextBlock": "Tb_41", "text": "Testis, atrophy, one or both", "parent_Field": null, "parent_Choice_Field": "Chf_5", "parent_ChoiceGroup": "Chgp_2", "w": 237, "h": 19, "y": 821, "x": 150, "structure_id": "Tr_46"}, {"parent_TextBlock": "Tb_42", "text": "Testis, removal, one or both", "parent_Field": null, "parent_Choice_Field": "Chf_6", "parent_ChoiceGroup": "Chgp_2", "w": 241, "h": 19, "y": 871, "x": 150, "structure_id": "Tr_47"}, {"parent_TextBlock": "Tb_43", "text": "Epididymitis, chronic", "parent_Field": null, "parent_Choice_Field": "Chf_7", "parent_ChoiceGroup": "Chgp_2", "w": 177, "h": 19, "y": 921, "x": 150, "structure_id": "Tr_48"}, {"parent_TextBlock": "Tb_44", "text": "Epididymo-orchitis, chronic", "parent_Field": null, "parent_Choice_Field": "Chf_8", "parent_ChoiceGroup": "Chgp_2", "w": 232, "h": 19, "y": 971, "x": 150, "structure_id": "Tr_49"}, {"parent_TextBlock": "Tb_45", "text": "Prostate injury", "parent_Field": null, "parent_Choice_Field": "Chf_9", "parent_ChoiceGroup": "Chgp_2", "w": 124, "h": 19, "y": 1021, "x": 150, "structure_id": "Tr_50"}, {"parent_TextBlock": "Tb_46", "text": "Prostate hypertrophy", "parent_Field": null, "parent_Choice_Field": "Chf_10", "parent_ChoiceGroup": "Chgp_2", "w": 186, "h": 19, "y": 1072, "x": 150, "structure_id": "Tr_51"}, {"parent_TextBlock": "Tb_46", "text": "(BPH)", "parent_Field": null, "parent_Choice_Field": "Chf_10", "parent_ChoiceGroup": "Chgp_2", "w": 58, "h": 22, "y": 1070, "x": 336, "structure_id": "Tr_52"}, {"parent_TextBlock": "Tb_47", "text": "Prostatitis, chronic", "parent_Field": null, "parent_Choice_Field": "Chf_11", "parent_ChoiceGroup": "Chgp_2", "w": 159, "h": 19, "y": 1121, "x": 150, "structure_id": "Tr_53"}, {"parent_TextBlock": "Tb_48", "text": "Prostate surgical residuals", "parent_Field": null, "parent_Choice_Field": "Chf_12", "parent_ChoiceGroup": "Chgp_2", "w": 233, "h": 19, "y": 1172, "x": 150, "structure_id": "Tr_54"}, {"parent_TextBlock": "Tb_48", "text": "(as addressed in items 3\u00ef\u00bf\u00bd6)", "parent_Field": null, "parent_Choice_Field": "Chf_12", "parent_ChoiceGroup": "Chgp_2", "w": 245, "h": 22, "y": 1170, "x": 383, "structure_id": "Tr_55"}, {"parent_TextBlock": "Tb_49", "text": "Neoplasms of the male reproductive system", "parent_Field": null, "parent_Choice_Field": "Chf_13", "parent_ChoiceGroup": "Chgp_2", "w": 378, "h": 19, "y": 1221, "x": 150, "structure_id": "Tr_56"}, {"parent_TextBlock": "Tb_50", "text": "Other male reproductive system condition", "parent_Field": null, "parent_Choice_Field": "Chf_14", "parent_ChoiceGroup": "Chgp_2", "w": 364, "h": 19, "y": 1270, "x": 150, "structure_id": "Tr_57"}, {"parent_TextBlock": "Tb_50", "text": "(specify", "parent_Field": null, "parent_Choice_Field": "Chf_14", "parent_ChoiceGroup": "Chgp_2", "w": 75, "h": 22, "y": 1268, "x": 514, "structure_id": "Tr_58"}, {"parent_TextBlock": "Tb_50", "text": "diagnosis, providing only diagnoses that pertain to the", "parent_Field": null, "parent_Choice_Field": "Chf_14", "parent_ChoiceGroup": "Chgp_2", "w": 492, "h": 22, "y": 1295, "x": 150, "structure_id": "Tr_59"}, {"parent_TextBlock": "Tb_50", "text": "male reproductive system)", "parent_Field": null, "parent_Choice_Field": "Chf_14", "parent_ChoiceGroup": "Chgp_2", "w": 234, "h": 22, "y": 1321, "x": 150, "structure_id": "Tr_60"}, {"parent_TextBlock": "Tb_51", "text": "SECTION II - MEDICAL HISTORY", "parent_Field": null, "parent_Choice_Field": null, "parent_ChoiceGroup": null, "w": 344, "h": 22, "y": 1557, "x": 678, "structure_id": "Tr_61"}, {"parent_TextBlock": "Tb_52", "text": "2A. DESCRIBE THE HISTORY", "parent_Field": "Fi_30", "parent_Choice_Field": null, "parent_ChoiceGroup": null, "w": 271, "h": 19, "y": 1591, "x": 94, "structure_id": "Tr_62"}, {"parent_TextBlock": "Tb_52", "text": "(including onset and course)", "parent_Field": "Fi_30", "parent_Choice_Field": null, "parent_ChoiceGroup": null, "w": 266, "h": 22, "y": 1589, "x": 365, "structure_id": "Tr_63"}, {"parent_TextBlock": "Tb_52", "text": "OF THE VETERAN'S MALE REPRODUCTIVE ORGAN CONDITION(S)", "parent_Field": "Fi_30", "parent_Choice_Field": null, "parent_ChoiceGroup": null, "w": 626, "h": 19, "y": 1591, "x": 631, "structure_id": "Tr_64"}, {"parent_TextBlock": "Tb_52", "text": "(brief summary):", "parent_Field": "Fi_30", "parent_Choice_Field": null, "parent_ChoiceGroup": null, "w": 151, "h": 22, "y": 1589, "x": 1257, "structure_id": "Tr_65"}, {"parent_TextBlock": "Tb_53", "text": "List medications taken for the male reproductive organ condition:", "parent_Field": "Fi_31", "parent_Choice_Field": null, "parent_ChoiceGroup": null, "w": 556, "h": 19, "y": 1746, "x": 317, "structure_id": "Tr_66"}, {"parent_TextBlock": "Tb_54", "text": "2B. DOES THE VETERAN'S TREATMENT PLAN INCLUDE TAKING CONTINUOUS MEDICATION FOR THE DIAGNOSED CONDITION?", "parent_Field": null, "parent_Choice_Field": null, "parent_ChoiceGroup": "Chgp_3", "w": 1199, "h": 20, "y": 1712, "x": 94, "structure_id": "Tr_67"}, {"parent_TextBlock": "Tb_55", "text": "YES", "parent_Field": null, "parent_Choice_Field": "Chf_15", "parent_ChoiceGroup": "Chgp_3", "w": 39, "h": 19, "y": 1746, "x": 150, "structure_id": "Tr_68"}, {"parent_TextBlock": "Tb_56", "text": "NO", "parent_Field": null, "parent_Choice_Field": "Chf_16", "parent_ChoiceGroup": "Chgp_3", "w": 29, "h": 19, "y": 1746, "x": 267, "structure_id": "Tr_69"}, {"parent_TextBlock": "Tb_57", "text": "Indicate testicle removed:", "parent_Field": null, "parent_Choice_Field": null, "parent_ChoiceGroup": "Chgp_4", "w": 220, "h": 20, "y": 1879, "x": 100, "structure_id": "Tr_70"}, {"parent_TextBlock": "Tb_58", "text": "Right", "parent_Field": null, "parent_Choice_Field": "Chf_17", "parent_ChoiceGroup": "Chgp_4", "w": 45, "h": 20, "y": 1879, "x": 400, "structure_id": "Tr_71"}, {"parent_TextBlock": "Tb_59", "text": "Left", "parent_Field": null, "parent_Choice_Field": "Chf_18", "parent_ChoiceGroup": "Chgp_4", "w": 32, "h": 20, "y": 1879, "x": 517, "structure_id": "Tr_72"}, {"parent_TextBlock": "Tb_60", "text": "Both", "parent_Field": null, "parent_Choice_Field": "Chf_19", "parent_ChoiceGroup": "Chgp_4", "w": 40, "h": 20, "y": 1879, "x": 617, "structure_id": "Tr_73"}, {"parent_TextBlock": "Tb_61", "text": "Indicate reason for removal:", "parent_Field": null, "parent_Choice_Field": null, "parent_ChoiceGroup": "Chgp_5", "w": 241, "h": 20, "y": 1929, "x": 100, "structure_id": "Tr_74"}, {"parent_TextBlock": "Tb_62", "text": "Undescended", "parent_Field": null, "parent_Choice_Field": "Chf_20", "parent_ChoiceGroup": "Chgp_5", "w": 120, "h": 19, "y": 1963, "x": 150, "structure_id": "Tr_75"}, {"parent_TextBlock": "Tb_63", "text": "Congenitally underdeveloped", "parent_Field": null, "parent_Choice_Field": "Chf_21", "parent_ChoiceGroup": "Chgp_5", "w": 252, "h": 19, "y": 1996, "x": 150, "structure_id": "Tr_76"}, {"parent_TextBlock": "Tb_64", "text": "Other, provide reason for removal:", "parent_Field": null, "parent_Choice_Field": "Chf_22", "parent_ChoiceGroup": "Chgp_5", "w": 296, "h": 20, "y": 2029, "x": 150, "structure_id": "Tr_77"}, {"parent_TextBlock": "Tb_65", "text": "2C. HAS THE VETERAN HAD AN ORCHIECTOMY?", "parent_Field": null, "parent_Choice_Field": null, "parent_ChoiceGroup": "Chgp_6", "w": 459, "h": 20, "y": 1812, "x": 94, "structure_id": "Tr_78"}, {"parent_TextBlock": "Tb_66", "text": "YES", "parent_Field": null, "parent_Choice_Field": "Chf_23", "parent_ChoiceGroup": "Chgp_6", "w": 39, "h": 19, "y": 1846, "x": 150, "structure_id": "Tr_79"}, {"parent_TextBlock": "Tb_67", "text": "NO", "parent_Field": null, "parent_Choice_Field": "Chf_24", "parent_ChoiceGroup": "Chgp_6", "w": 29, "h": 19, "y": 1846, "x": 267, "structure_id": "Tr_80"}, {"parent_TextBlock": "Tb_68", "text": "MALE REPRODUCTIVE ORGAN CONDITIONS", "parent_Field": null, "parent_Choice_Field": null, "parent_ChoiceGroup": null, "w": 678, "h": 30, "y": 125, "x": 811, "structure_id": "Tr_81"}, {"parent_TextBlock": "Tb_68", "text": "\u00c2\u00a0DISABILITY BENEFITS QUESTIONNAIRE", "parent_Field": null, "parent_Choice_Field": null, "parent_ChoiceGroup": null, "w": 618, "h": 31, "y": 161, "x": 837, "structure_id": "Tr_82"}, {"parent_TextBlock": "Tb_69", "text": "VA FORM", "parent_Field": null, "parent_Choice_Field": null, "parent_ChoiceGroup": null, "w": 94, "h": 19, "y": 2103, "x": 83, "structure_id": "Tr_83"}, {"parent_TextBlock": "Tb_69", "text": "FEB 2015", "parent_Field": null, "parent_Choice_Field": null, "parent_ChoiceGroup": null, "w": 87, "h": 19, "y": 2128, "x": 83, "structure_id": "Tr_84"}, {"parent_TextBlock": "Tb_70", "text": "Page 1", "parent_Field": null, "parent_Choice_Field": null, "parent_ChoiceGroup": null, "w": 71, "h": 22, "y": 2122, "x": 1546, "structure_id": "Tr_85"}, {"parent_TextBlock": "Tb_71", "text": "NOTE", "parent_Field": null, "parent_Choice_Field": null, "parent_ChoiceGroup": null, "w": 69, "h": 22, "y": 491, "x": 94, "structure_id": "Tr_86"}, {"parent_TextBlock": "Tb_71", "text": "TO", "parent_Field": null, "parent_Choice_Field": null, "parent_ChoiceGroup": null, "w": 37, "h": 22, "y": 491, "x": 166, "structure_id": "Tr_87"}, {"parent_TextBlock": "Tb_71", "text": "PHYSICIAN", "parent_Field": null, "parent_Choice_Field": null, "parent_ChoiceGroup": null, "w": 125, "h": 22, "y": 491, "x": 206, "structure_id": "Tr_88"}, {"parent_TextBlock": "Tb_71", "text": "\u00c2\u00a0-", "parent_Field": null, "parent_Choice_Field": null, "parent_ChoiceGroup": null, "w": 18, "h": 22, "y": 491, "x": 331, "structure_id": "Tr_89"}, {"parent_TextBlock": "Tb_71", "text": "Your", "parent_Field": null, "parent_Choice_Field": null, "parent_ChoiceGroup": null, "w": 51, "h": 22, "y": 491, "x": 352, "structure_id": "Tr_90"}, {"parent_TextBlock": "Tb_71", "text": "patient", "parent_Field": null, "parent_Choice_Field": null, "parent_ChoiceGroup": null, "w": 66, "h": 22, "y": 491, "x": 406, "structure_id": "Tr_91"}, {"parent_TextBlock": "Tb_71", "text": "is", "parent_Field": null, "parent_Choice_Field": null, "parent_ChoiceGroup": null, "w": 20, "h": 22, "y": 491, "x": 475, "structure_id": "Tr_92"}, {"parent_TextBlock": "Tb_71", "text": "applying", "parent_Field": null, "parent_Choice_Field": null, "parent_ChoiceGroup": null, "w": 83, "h": 22, "y": 491, "x": 498, "structure_id": "Tr_93"}, {"parent_TextBlock": "Tb_71", "text": "to", "parent_Field": null, "parent_Choice_Field": null, "parent_ChoiceGroup": null, "w": 23, "h": 22, "y": 491, "x": 584, "structure_id": "Tr_94"}, {"parent_TextBlock": "Tb_71", "text": "the", "parent_Field": null, "parent_Choice_Field": null, "parent_ChoiceGroup": null, "w": 33, "h": 22, "y": 491, "x": 609, "structure_id": "Tr_95"}, {"parent_TextBlock": "Tb_71", "text": "U.S.", "parent_Field": null, "parent_Choice_Field": null, "parent_ChoiceGroup": null, "w": 45, "h": 22, "y": 491, "x": 645, "structure_id": "Tr_96"}, {"parent_TextBlock": "Tb_71", "text": "Department", "parent_Field": null, "parent_Choice_Field": null, "parent_ChoiceGroup": null, "w": 110, "h": 22, "y": 491, "x": 693, "structure_id": "Tr_97"}, {"parent_TextBlock": "Tb_71", "text": "of", "parent_Field": null, "parent_Choice_Field": null, "parent_ChoiceGroup": null, "w": 24, "h": 22, "y": 491, "x": 806, "structure_id": "Tr_98"}, {"parent_TextBlock": "Tb_71", "text": "Veterans", "parent_Field": null, "parent_Choice_Field": null, "parent_ChoiceGroup": null, "w": 84, "h": 22, "y": 491, "x": 833, "structure_id": "Tr_99"}, {"parent_TextBlock": "Tb_71", "text": "Affairs", "parent_Field": null, "parent_Choice_Field": null, "parent_ChoiceGroup": null, "w": 68, "h": 22, "y": 491, "x": 920, "structure_id": "Tr_100"}, {"parent_TextBlock": "Tb_71", "text": "(VA)", "parent_Field": null, "parent_Choice_Field": null, "parent_ChoiceGroup": null, "w": 52, "h": 22, "y": 491, "x": 991, "structure_id": "Tr_101"}, {"parent_TextBlock": "Tb_71", "text": "for", "parent_Field": null, "parent_Choice_Field": null, "parent_ChoiceGroup": null, "w": 32, "h": 22, "y": 491, "x": 1046, "structure_id": "Tr_102"}, {"parent_TextBlock": "Tb_71", "text": "disability", "parent_Field": null, "parent_Choice_Field": null, "parent_ChoiceGroup": null, "w": 89, "h": 22, "y": 491, "x": 1080, "structure_id": "Tr_103"}, {"parent_TextBlock": "Tb_71", "text": "benefits.", "parent_Field": null, "parent_Choice_Field": null, "parent_ChoiceGroup": null, "w": 82, "h": 22, "y": 491, "x": 1171, "structure_id": "Tr_104"}, {"parent_TextBlock": "Tb_71", "text": "VA", "parent_Field": null, "parent_Choice_Field": null, "parent_ChoiceGroup": null, "w": 38, "h": 22, "y": 491, "x": 1255, "structure_id": "Tr_105"}, {"parent_TextBlock": "Tb_71", "text": "will", "parent_Field": null, "parent_Choice_Field": null, "parent_ChoiceGroup": null, "w": 40, "h": 22, "y": 491, "x": 1296, "structure_id": "Tr_106"}, {"parent_TextBlock": "Tb_71", "text": "consider", "parent_Field": null, "parent_Choice_Field": null, "parent_ChoiceGroup": null, "w": 81, "h": 22, "y": 491, "x": 1339, "structure_id": "Tr_107"}, {"parent_TextBlock": "Tb_71", "text": "the", "parent_Field": null, "parent_Choice_Field": null, "parent_ChoiceGroup": null, "w": 33, "h": 22, "y": 491, "x": 1422, "structure_id": "Tr_108"}, {"parent_TextBlock": "Tb_71", "text": "information", "parent_Field": null, "parent_Choice_Field": null, "parent_ChoiceGroup": null, "w": 110, "h": 22, "y": 491, "x": 1458, "structure_id": "Tr_109"}, {"parent_TextBlock": "Tb_71", "text": "you", "parent_Field": null, "parent_Choice_Field": null, "parent_ChoiceGroup": null, "w": 36, "h": 22, "y": 491, "x": 1571, "structure_id": "Tr_110"}, {"parent_TextBlock": "Tb_71", "text": "provide", "parent_Field": null, "parent_Choice_Field": null, "parent_ChoiceGroup": null, "w": 74, "h": 23, "y": 513, "x": 94, "structure_id": "Tr_111"}, {"parent_TextBlock": "Tb_71", "text": "on", "parent_Field": null, "parent_Choice_Field": null, "parent_ChoiceGroup": null, "w": 28, "h": 23, "y": 513, "x": 168, "structure_id": "Tr_112"}, {"parent_TextBlock": "Tb_71", "text": "this", "parent_Field": null, "parent_Choice_Field": null, "parent_ChoiceGroup": null, "w": 37, "h": 23, "y": 513, "x": 197, "structure_id": "Tr_113"}, {"parent_TextBlock": "Tb_71", "text": "questionnaire", "parent_Field": null, "parent_Choice_Field": null, "parent_ChoiceGroup": null, "w": 125, "h": 23, "y": 513, "x": 235, "structure_id": "Tr_114"}, {"parent_TextBlock": "Tb_71", "text": "as", "parent_Field": null, "parent_Choice_Field": null, "parent_ChoiceGroup": null, "w": 25, "h": 23, "y": 513, "x": 360, "structure_id": "Tr_115"}, {"parent_TextBlock": "Tb_71", "text": "part", "parent_Field": null, "parent_Choice_Field": null, "parent_ChoiceGroup": null, "w": 40, "h": 23, "y": 513, "x": 385, "structure_id": "Tr_116"}, {"parent_TextBlock": "Tb_71", "text": "of", "parent_Field": null, "parent_Choice_Field": null, "parent_ChoiceGroup": null, "w": 24, "h": 23, "y": 513, "x": 426, "structure_id": "Tr_117"}, {"parent_TextBlock": "Tb_71", "text": "their", "parent_Field": null, "parent_Choice_Field": null, "parent_ChoiceGroup": null, "w": 46, "h": 23, "y": 513, "x": 450, "structure_id": "Tr_118"}, {"parent_TextBlock": "Tb_71", "text": "evaluation", "parent_Field": null, "parent_Choice_Field": null, "parent_ChoiceGroup": null, "w": 98, "h": 23, "y": 513, "x": 497, "structure_id": "Tr_119"}, {"parent_TextBlock": "Tb_71", "text": "in", "parent_Field": null, "parent_Choice_Field": null, "parent_ChoiceGroup": null, "w": 23, "h": 23, "y": 513, "x": 595, "structure_id": "Tr_120"}, {"parent_TextBlock": "Tb_71", "text": "processing", "parent_Field": null, "parent_Choice_Field": null, "parent_ChoiceGroup": null, "w": 100, "h": 23, "y": 513, "x": 619, "structure_id": "Tr_121"}, {"parent_TextBlock": "Tb_71", "text": "the", "parent_Field": null, "parent_Choice_Field": null, "parent_ChoiceGroup": null, "w": 32, "h": 23, "y": 513, "x": 720, "structure_id": "Tr_122"}, {"parent_TextBlock": "Tb_71", "text": "Veteran's", "parent_Field": null, "parent_Choice_Field": null, "parent_ChoiceGroup": null, "w": 88, "h": 23, "y": 513, "x": 753, "structure_id": "Tr_123"}, {"parent_TextBlock": "Tb_71", "text": "claim.", "parent_Field": null, "parent_Choice_Field": null, "parent_ChoiceGroup": null, "w": 60, "h": 23, "y": 513, "x": 842, "structure_id": "Tr_124"}, {"parent_TextBlock": "Tb_71", "text": "VA", "parent_Field": null, "parent_Choice_Field": null, "parent_ChoiceGroup": null, "w": 38, "h": 23, "y": 513, "x": 909, "structure_id": "Tr_125"}, {"parent_TextBlock": "Tb_71", "text": "reserves", "parent_Field": null, "parent_Choice_Field": null, "parent_ChoiceGroup": null, "w": 78, "h": 23, "y": 513, "x": 947, "structure_id": "Tr_126"}, {"parent_TextBlock": "Tb_71", "text": "the", "parent_Field": null, "parent_Choice_Field": null, "parent_ChoiceGroup": null, "w": 33, "h": 23, "y": 513, "x": 1026, "structure_id": "Tr_127"}, {"parent_TextBlock": "Tb_71", "text": "right", "parent_Field": null, "parent_Choice_Field": null, "parent_ChoiceGroup": null, "w": 48, "h": 23, "y": 513, "x": 1059, "structure_id": "Tr_128"}, {"parent_TextBlock": "Tb_71", "text": "to", "parent_Field": null, "parent_Choice_Field": null, "parent_ChoiceGroup": null, "w": 23, "h": 23, "y": 513, "x": 1107, "structure_id": "Tr_129"}, {"parent_TextBlock": "Tb_71", "text": "confirm", "parent_Field": null, "parent_Choice_Field": null, "parent_ChoiceGroup": null, "w": 76, "h": 23, "y": 513, "x": 1130, "structure_id": "Tr_130"}, {"parent_TextBlock": "Tb_71", "text": "the", "parent_Field": null, "parent_Choice_Field": null, "parent_ChoiceGroup": null, "w": 32, "h": 23, "y": 513, "x": 1207, "structure_id": "Tr_131"}, {"parent_TextBlock": "Tb_71", "text": "authenticity", "parent_Field": null, "parent_Choice_Field": null, "parent_ChoiceGroup": null, "w": 110, "h": 23, "y": 513, "x": 1240, "structure_id": "Tr_132"}, {"parent_TextBlock": "Tb_71", "text": "of", "parent_Field": null, "parent_Choice_Field": null, "parent_ChoiceGroup": null, "w": 24, "h": 23, "y": 513, "x": 1351, "structure_id": "Tr_133"}, {"parent_TextBlock": "Tb_71", "text": "ALL", "parent_Field": null, "parent_Choice_Field": null, "parent_ChoiceGroup": null, "w": 49, "h": 23, "y": 513, "x": 1375, "structure_id": "Tr_134"}, {"parent_TextBlock": "Tb_71", "text": "DBQs", "parent_Field": null, "parent_Choice_Field": null, "parent_ChoiceGroup": null, "w": 62, "h": 23, "y": 513, "x": 1424, "structure_id": "Tr_135"}, {"parent_TextBlock": "Tb_71", "text": "completed", "parent_Field": null, "parent_Choice_Field": null, "parent_ChoiceGroup": null, "w": 98, "h": 23, "y": 513, "x": 1486, "structure_id": "Tr_136"}, {"parent_TextBlock": "Tb_71", "text": "by", "parent_Field": null, "parent_Choice_Field": null, "parent_ChoiceGroup": null, "w": 22, "h": 23, "y": 513, "x": 1585, "structure_id": "Tr_137"}, {"parent_TextBlock": "Tb_71", "text": "private health care providers.", "parent_Field": null, "parent_Choice_Field": null, "parent_ChoiceGroup": null, "w": 260, "h": 22, "y": 536, "x": 94, "structure_id": "Tr_138"}, {"parent_TextBlock": "Tb_72", "text": "IMPORTANT -", "parent_Field": null, "parent_Choice_Field": null, "parent_ChoiceGroup": null, "w": 157, "h": 22, "y": 208, "x": 94, "structure_id": "Tr_139"}, {"parent_TextBlock": "Tb_72", "text": "THE DEPARTMENT OF VETERANS AFFAIRS (VA)", "parent_Field": null, "parent_Choice_Field": null, "parent_ChoiceGroup": null, "w": 503, "h": 22, "y": 208, "x": 251, "structure_id": "Tr_140"}, {"parent_TextBlock": "Tb_72", "text": "\u00c2\u00a0WILL NOT PAY", "parent_Field": null, "parent_Choice_Field": null, "parent_ChoiceGroup": null, "w": 160, "h": 22, "y": 208, "x": 754, "structure_id": "Tr_141"}, {"parent_TextBlock": "Tb_72", "text": "OR", "parent_Field": null, "parent_Choice_Field": null, "parent_ChoiceGroup": null, "w": 31, "h": 22, "y": 208, "x": 920, "structure_id": "Tr_142"}, {"parent_TextBlock": "Tb_72", "text": "\u00c2\u00a0REIMBURSE", "parent_Field": null, "parent_Choice_Field": null, "parent_ChoiceGroup": null, "w": 136, "h": 22, "y": 208, "x": 951, "structure_id": "Tr_143"}, {"parent_TextBlock": "Tb_72", "text": "ANY EXPENSES OR COST INCURRED IN THE", "parent_Field": null, "parent_Choice_Field": null, "parent_ChoiceGroup": null, "w": 464, "h": 22, "y": 208, "x": 1093, "structure_id": "Tr_144"}, {"parent_TextBlock": "Tb_72", "text": "PROCESS OF COMPLETING AND/OR SUBMITTING THIS FORM. PLEASE READ THE PRIVACY ACT AND RESPONDENT BURDEN INFORMATION", "parent_Field": null, "parent_Choice_Field": null, "parent_ChoiceGroup": null, "w": 1464, "h": 22, "y": 234, "x": 94, "structure_id": "Tr_145"}, {"parent_TextBlock": "Tb_72", "text": "BEFORE COMPLETING FORM.", "parent_Field": null, "parent_Choice_Field": null, "parent_ChoiceGroup": null, "w": 309, "h": 22, "y": 261, "x": 94, "structure_id": "Tr_146"}, {"parent_TextBlock": "Tb_73", "text": "PATIENT/VETERAN'S SOCIAL SECURITY NUMBER", "parent_Field": "Fi_32", "parent_Choice_Field": null, "parent_ChoiceGroup": null, "w": 466, "h": 19, "y": 401, "x": 101, "structure_id": "Tr_147"}, {"parent_TextBlock": "Tb_74", "text": "NAME OF PATIENT/VETERAN", "parent_Field": "Fi_33", "parent_Choice_Field": null, "parent_ChoiceGroup": null, "w": 273, "h": 19, "y": 293, "x": 100, "structure_id": "Tr_148"}], "ChoiceGroup": [{"y": 598.03125, "x": 88, "structure_id": "Chgp_1", "w": 1325, "h": 66}, {"y": 677.03125, "x": 87, "structure_id": "Chgp_2", "w": 1369, "h": 759}, {"y": 1706.03125, "x": 88, "structure_id": "Chgp_3", "w": 1517, "h": 71}, {"y": 1867.0445102593058, "x": 96, "structure_id": "Chgp_4", "w": 556, "h": 36.30254091318653}, {"y": 1921.03125, "x": 94, "structure_id": "Chgp_5", "w": 1514, "h": 171}, {"y": 1808.03125, "x": 87, "structure_id": "Chgp_6", "w": 1525, "h": 285}]}