{"Widget": [{"parent_Field": "Fi_1", "parent_Choice_Field": null, "parent_ChoiceGroup": null, "w": 140.50236220472442, "h": 46.83307086614173, "y": 50, "x": 506.3, "structure_id": "Wi_1"}, {"parent_Field": "Fi_1", "parent_Choice_Field": null, "parent_ChoiceGroup": null, "w": 88.94488188976378, "h": 46.83307086614173, "y": 50, "x": 700.3141732283465, "structure_id": "Wi_2"}, {"parent_Field": "Fi_1", "parent_Choice_Field": null, "parent_ChoiceGroup": null, "w": 188.88031496062993, "h": 46.83307086614173, "y": 50, "x": 831.4724409448819, "structure_id": "Wi_3"}, {"parent_Field": null, "parent_Choice_Field": "Chf_1", "parent_ChoiceGroup": "Chgp_1", "w": 25, "h": 25, "y": 902.9086614173228, "x": 174.43622047244094, "structure_id": "Wi_4"}, {"parent_Field": null, "parent_Choice_Field": "Chf_2", "parent_ChoiceGroup": "Chgp_1", "w": 25, "h": 25, "y": 902.9086614173228, "x": 267.5, "structure_id": "Wi_5"}, {"parent_Field": null, "parent_Choice_Field": "Chf_3", "parent_ChoiceGroup": "Chgp_2", "w": 25, "h": 25, "y": 1086.2858267716538, "x": 172.81653543307087, "structure_id": "Wi_6"}, {"parent_Field": null, "parent_Choice_Field": "Chf_4", "parent_ChoiceGroup": "Chgp_2", "w": 25, "h": 25, "y": 1086.2858267716538, "x": 266.63307086614174, "structure_id": "Wi_7"}, {"parent_Field": null, "parent_Choice_Field": "Chf_5", "parent_ChoiceGroup": "Chgp_3", "w": 25, "h": 25, "y": 870.6110236220474, "x": 135.6748031496063, "structure_id": "Wi_8"}, {"parent_Field": null, "parent_Choice_Field": "Chf_6", "parent_ChoiceGroup": "Chgp_3", "w": 25, "h": 25, "y": 938.4275590551181, "x": 135.34173228346458, "structure_id": "Wi_9"}, {"parent_Field": null, "parent_Choice_Field": "Chf_7", "parent_ChoiceGroup": "Chgp_3", "w": 25, "h": 25, "y": 1035.3417322834646, "x": 134.57795275590553, "structure_id": "Wi_10"}, {"parent_Field": null, "parent_Choice_Field": "Chf_8", "parent_ChoiceGroup": "Chgp_3", "w": 25, "h": 25, "y": 871.5086614173229, "x": 761.5307086614174, "structure_id": "Wi_11"}, {"parent_Field": null, "parent_Choice_Field": "Chf_9", "parent_ChoiceGroup": "Chgp_3", "w": 25, "h": 25, "y": 904.6503937007874, "x": 762.5944881889764, "structure_id": "Wi_12"}, {"parent_Field": null, "parent_Choice_Field": "Chf_10", "parent_ChoiceGroup": "Chgp_3", "w": 25, "h": 25, "y": 935.0110236220472, "x": 761.5307086614174, "structure_id": "Wi_13"}, {"parent_Field": null, "parent_Choice_Field": "Chf_11", "parent_ChoiceGroup": "Chgp_3", "w": 25, "h": 25, "y": 966.1055118110236, "x": 761.5307086614174, "structure_id": "Wi_14"}, {"parent_Field": null, "parent_Choice_Field": "Chf_12", "parent_ChoiceGroup": "Chgp_3", "w": 25, "h": 25, "y": 1000.2551181102363, "x": 761.5307086614174, "structure_id": "Wi_15"}, {"parent_Field": null, "parent_Choice_Field": "Chf_13", "parent_ChoiceGroup": "Chgp_3", "w": 25, "h": 25, "y": 1032.6330708661417, "x": 761.5307086614174, "structure_id": "Wi_16"}, {"parent_Field": null, "parent_Choice_Field": "Chf_14", "parent_ChoiceGroup": "Chgp_3", "w": 25, "h": 25, "y": 1063.555905511811, "x": 761.5307086614174, "structure_id": "Wi_17"}, {"parent_Field": null, "parent_Choice_Field": "Chf_15", "parent_ChoiceGroup": "Chgp_3", "w": 25, "h": 25, "y": 1097.4614173228347, "x": 761.5307086614174, "structure_id": "Wi_18"}, {"parent_Field": null, "parent_Choice_Field": "Chf_15", "parent_ChoiceGroup": "Chgp_3", "w": 622.6614173228347, "h": 30.094488188976378, "y": 1097.8803149606301, "x": 976.8110236220473, "structure_id": "Wi_19"}, {"parent_Field": "Fi_2", "parent_Choice_Field": null, "parent_ChoiceGroup": null, "w": 798.2669291338583, "h": 38.7251968503937, "y": 167.18897637795277, "x": 764.2669291338583, "structure_id": "Wi_20"}, {"parent_Field": null, "parent_Choice_Field": "Chf_16", "parent_ChoiceGroup": "Chgp_4", "w": 25, "h": 25, "y": 268.0275590551181, "x": 113.90236220472443, "structure_id": "Wi_21"}, {"parent_Field": null, "parent_Choice_Field": "Chf_17", "parent_ChoiceGroup": "Chgp_4", "w": 25, "h": 25, "y": 268.0275590551181, "x": 199.2472440944882, "structure_id": "Wi_22"}, {"parent_Field": null, "parent_Choice_Field": "Chf_18", "parent_ChoiceGroup": "Chgp_5", "w": 25, "h": 25, "y": 538.6889763779527, "x": 110.50866141732283, "structure_id": "Wi_23"}, {"parent_Field": null, "parent_Choice_Field": "Chf_19", "parent_ChoiceGroup": "Chgp_5", "w": 25, "h": 25, "y": 538.6889763779527, "x": 195.85511811023622, "structure_id": "Wi_24"}, {"parent_Field": null, "parent_Choice_Field": "Chf_20", "parent_ChoiceGroup": "Chgp_6", "w": 25, "h": 25, "y": 334.5165354330709, "x": 140.68031496062991, "structure_id": "Wi_25"}, {"parent_Field": null, "parent_Choice_Field": "Chf_21", "parent_ChoiceGroup": "Chgp_6", "w": 25, "h": 25, "y": 365.93307086614175, "x": 140.68031496062991, "structure_id": "Wi_26"}, {"parent_Field": null, "parent_Choice_Field": "Chf_22", "parent_ChoiceGroup": "Chgp_6", "w": 25, "h": 25, "y": 399.07480314960634, "x": 140.68031496062991, "structure_id": "Wi_27"}, {"parent_Field": null, "parent_Choice_Field": "Chf_23", "parent_ChoiceGroup": "Chgp_6", "w": 25, "h": 25, "y": 433.0110236220473, "x": 140.68031496062991, "structure_id": "Wi_28"}, {"parent_Field": null, "parent_Choice_Field": "Chf_24", "parent_ChoiceGroup": "Chgp_6", "w": 25, "h": 25, "y": 467.40551181102364, "x": 140.63307086614174, "structure_id": "Wi_29"}, {"parent_Field": null, "parent_Choice_Field": "Chf_24", "parent_ChoiceGroup": "Chgp_6", "w": 1200.1669291338583, "h": 38.40787401574803, "y": 460.4724409448819, "x": 366.53622047244096, "structure_id": "Wi_30"}, {"parent_Field": "Fi_3", "parent_Choice_Field": null, "parent_ChoiceGroup": null, "w": 950.9748031496063, "h": 38.819685039370086, "y": 535.3385826771653, "x": 600.8031496062993, "structure_id": "Wi_31"}, {"parent_Field": null, "parent_Choice_Field": "Chf_25", "parent_ChoiceGroup": "Chgp_7", "w": 25, "h": 25, "y": 680.1307086614173, "x": 133.89448818897637, "structure_id": "Wi_32"}, {"parent_Field": null, "parent_Choice_Field": "Chf_26", "parent_ChoiceGroup": "Chgp_7", "w": 25, "h": 25, "y": 712.5, "x": 133.89448818897637, "structure_id": "Wi_33"}, {"parent_Field": null, "parent_Choice_Field": "Chf_27", "parent_ChoiceGroup": "Chgp_7", "w": 25, "h": 25, "y": 745.68031496063, "x": 133.89448818897637, "structure_id": "Wi_34"}, {"parent_Field": null, "parent_Choice_Field": "Chf_28", "parent_ChoiceGroup": "Chgp_7", "w": 25, "h": 25, "y": 680.1307086614173, "x": 761.5307086614174, "structure_id": "Wi_35"}, {"parent_Field": null, "parent_Choice_Field": "Chf_29", "parent_ChoiceGroup": "Chgp_7", "w": 25, "h": 25, "y": 712.5, "x": 761.5307086614174, "structure_id": "Wi_36"}, {"parent_Field": null, "parent_Choice_Field": "Chf_30", "parent_ChoiceGroup": "Chgp_7", "w": 25, "h": 25, "y": 745.68031496063, "x": 761.5307086614174, "structure_id": "Wi_37"}, {"parent_Field": null, "parent_Choice_Field": "Chf_31", "parent_ChoiceGroup": "Chgp_8", "w": 25, "h": 25, "y": 607.3669291338583, "x": 110.7968503937008, "structure_id": "Wi_38"}, {"parent_Field": null, "parent_Choice_Field": "Chf_32", "parent_ChoiceGroup": "Chgp_8", "w": 25, "h": 25, "y": 610.0582677165354, "x": 197.80551181102362, "structure_id": "Wi_39"}, {"parent_Field": null, "parent_Choice_Field": "Chf_33", "parent_ChoiceGroup": "Chgp_9", "w": 25, "h": 25, "y": 994.2858267716535, "x": 174.19448818897638, "structure_id": "Wi_40"}, {"parent_Field": null, "parent_Choice_Field": "Chf_34", "parent_ChoiceGroup": "Chgp_9", "w": 25, "h": 25, "y": 994.4692913385827, "x": 267.5, "structure_id": "Wi_41"}, {"parent_Field": null, "parent_Choice_Field": "Chf_35", "parent_ChoiceGroup": "Chgp_10", "w": 25, "h": 25, "y": 832.0913385826772, "x": 99.95826771653543, "structure_id": "Wi_42"}, {"parent_Field": null, "parent_Choice_Field": "Chf_36", "parent_ChoiceGroup": "Chgp_10", "w": 25, "h": 25, "y": 832.0913385826772, "x": 193.7748031496063, "structure_id": "Wi_43"}, {"parent_Field": null, "parent_Choice_Field": "Chf_37", "parent_ChoiceGroup": "Chgp_11", "w": 25, "h": 25, "y": 174.11417322834646, "x": 115.79212598425198, "structure_id": "Wi_44"}, {"parent_Field": null, "parent_Choice_Field": "Chf_38", "parent_ChoiceGroup": "Chgp_11", "w": 25, "h": 25, "y": 174.11417322834646, "x": 201.13858267716537, "structure_id": "Wi_45"}, {"parent_Field": null, "parent_Choice_Field": "Chf_39", "parent_ChoiceGroup": "Chgp_12", "w": 25, "h": 25, "y": 1274.8141732283466, "x": 143.80551181102362, "structure_id": "Wi_46"}, {"parent_Field": null, "parent_Choice_Field": "Chf_40", "parent_ChoiceGroup": "Chgp_12", "w": 25, "h": 25, "y": 1310.7448818897637, "x": 143.80551181102362, "structure_id": "Wi_47"}, {"parent_Field": null, "parent_Choice_Field": "Chf_40", "parent_ChoiceGroup": "Chgp_12", "w": 1418.9834645669293, "h": 78.78031496062992, "y": 1342.9692913385827, "x": 182.8503937007874, "structure_id": "Wi_48"}, {"parent_Field": null, "parent_Choice_Field": "Chf_41", "parent_ChoiceGroup": "Chgp_12", "w": 25, "h": 25, "y": 1422.5385826771653, "x": 148.51653543307089, "structure_id": "Wi_49"}, {"parent_Field": null, "parent_Choice_Field": "Chf_42", "parent_ChoiceGroup": "Chgp_12", "w": 25, "h": 25, "y": 1529.0031496062993, "x": 148.51653543307089, "structure_id": "Wi_50"}, {"parent_Field": null, "parent_Choice_Field": "Chf_42", "parent_ChoiceGroup": "Chgp_12", "w": 1416.6220472440946, "h": 37.00787401574804, "y": 1557.2527559055118, "x": 185.21417322834645, "structure_id": "Wi_51"}, {"parent_Field": null, "parent_Choice_Field": "Chf_43", "parent_ChoiceGroup": "Chgp_12", "w": 25, "h": 25, "y": 1596.1141732283465, "x": 148.51653543307089, "structure_id": "Wi_52"}, {"parent_Field": null, "parent_Choice_Field": "Chf_43", "parent_ChoiceGroup": "Chgp_12", "w": 1416.6220472440946, "h": 37.00787401574804, "y": 1624.355905511811, "x": 185.21417322834645, "structure_id": "Wi_53"}, {"parent_Field": null, "parent_Choice_Field": "Chf_44", "parent_ChoiceGroup": "Chgp_12", "w": 25, "h": 25, "y": 1661.9330708661416, "x": 150.51653543307086, "structure_id": "Wi_54"}, {"parent_Field": null, "parent_Choice_Field": "Chf_44", "parent_ChoiceGroup": "Chgp_12", "w": 1416.6220472440946, "h": 37.00787401574804, "y": 1689.1889763779527, "x": 187.48897637795275, "structure_id": "Wi_55"}, {"parent_Field": null, "parent_Choice_Field": "Chf_45", "parent_ChoiceGroup": "Chgp_12", "w": 25, "h": 25, "y": 1728.044094488189, "x": 148.51653543307089, "structure_id": "Wi_56"}, {"parent_Field": null, "parent_Choice_Field": "Chf_45", "parent_ChoiceGroup": "Chgp_12", "w": 1416.6220472440946, "h": 40.37795275590551, "y": 1755.9448818897638, "x": 189.8503937007874, "structure_id": "Wi_57"}, {"parent_Field": "Fi_4", "parent_Choice_Field": null, "parent_ChoiceGroup": null, "w": 1053.2748031496062, "h": 41.644094488188976, "y": 1198.6527559055116, "x": 550.9220472440945, "structure_id": "Wi_58"}, {"parent_Field": null, "parent_Choice_Field": "Chf_46", "parent_ChoiceGroup": "Chgp_13", "w": 25, "h": 25, "y": 1460.9968503937007, "x": 190.23858267716537, "structure_id": "Wi_59"}, {"parent_Field": null, "parent_Choice_Field": "Chf_47", "parent_ChoiceGroup": "Chgp_13", "w": 25, "h": 25, "y": 1493.3669291338583, "x": 190.23858267716537, "structure_id": "Wi_60"}, {"parent_Field": null, "parent_Choice_Field": "Chf_48", "parent_ChoiceGroup": "Chgp_14", "w": 25, "h": 25, "y": 1204.9496062992125, "x": 106.83070866141733, "structure_id": "Wi_61"}, {"parent_Field": null, "parent_Choice_Field": "Chf_49", "parent_ChoiceGroup": "Chgp_14", "w": 25, "h": 25, "y": 1204.9496062992125, "x": 198.9, "structure_id": "Wi_62"}, {"parent_Field": null, "parent_Choice_Field": "Chf_50", "parent_ChoiceGroup": "Chgp_15", "w": 25, "h": 25, "y": 1867.1692913385828, "x": 99.28582677165355, "structure_id": "Wi_63"}, {"parent_Field": null, "parent_Choice_Field": "Chf_51", "parent_ChoiceGroup": "Chgp_15", "w": 25, "h": 25, "y": 1867.1692913385828, "x": 187.32755905511812, "structure_id": "Wi_64"}, {"parent_Field": "Fi_5", "parent_Choice_Field": null, "parent_ChoiceGroup": null, "w": 1053.2748031496062, "h": 41.644094488188976, "y": 1862.8582677165355, "x": 526.0724409448819, "structure_id": "Wi_65"}, {"parent_Field": "Fi_6", "parent_Choice_Field": null, "parent_ChoiceGroup": null, "w": 448.08582677165356, "h": 43.47244094488189, "y": 1958.2669291338582, "x": 1136.5669291338584, "structure_id": "Wi_66"}, {"parent_Field": null, "parent_Choice_Field": "Chf_52", "parent_ChoiceGroup": "Chgp_16", "w": 25, "h": 25, "y": 1969.0031496062993, "x": 104.59448818897638, "structure_id": "Wi_67"}, {"parent_Field": null, "parent_Choice_Field": "Chf_53", "parent_ChoiceGroup": "Chgp_16", "w": 25, "h": 25, "y": 1969.0031496062993, "x": 192.63307086614174, "structure_id": "Wi_68"}, {"parent_Field": null, "parent_Choice_Field": "Chf_54", "parent_ChoiceGroup": "Chgp_17", "w": 25, "h": 25, "y": 2056.933070866142, "x": 102.31968503937009, "structure_id": "Wi_69"}, {"parent_Field": null, "parent_Choice_Field": "Chf_55", "parent_ChoiceGroup": "Chgp_17", "w": 25, "h": 25, "y": 2056.933070866142, "x": 190.35826771653544, "structure_id": "Wi_70"}, {"parent_Field": null, "parent_Choice_Field": "Chf_56", "parent_ChoiceGroup": "Chgp_18", "w": 25, "h": 25, "y": 2055.1385826771657, "x": 1292.0913385826773, "structure_id": "Wi_71"}, {"parent_Field": null, "parent_Choice_Field": "Chf_57", "parent_ChoiceGroup": "Chgp_18", "w": 25, "h": 25, "y": 2055.1385826771657, "x": 1380.1307086614174, "structure_id": "Wi_72"}], "TextBlock": [{"parent_Field": "Fi_1", "parent_Choice_Field": null, "parent_ChoiceGroup": null, "w": 416, "h": 20, "y": 71, "x": 78, "structure_id": "Tb_1"}, {"parent_Field": null, "parent_Choice_Field": null, "parent_ChoiceGroup": null, "w": 406, "h": 23, "y": 111, "x": 645, "structure_id": "Tb_2"}, {"parent_Field": null, "parent_Choice_Field": "Chf_1", "parent_ChoiceGroup": "Chgp_1", "w": 39, "h": 19, "y": 907, "x": 211, "structure_id": "Tb_3"}, {"parent_Field": null, "parent_Choice_Field": "Chf_2", "parent_ChoiceGroup": "Chgp_1", "w": 29, "h": 19, "y": 908, "x": 301, "structure_id": "Tb_4"}, {"parent_Field": null, "parent_Choice_Field": "Chf_3", "parent_ChoiceGroup": "Chgp_2", "w": 39, "h": 20, "y": 1090, "x": 210, "structure_id": "Tb_5"}, {"parent_Field": null, "parent_Choice_Field": "Chf_4", "parent_ChoiceGroup": "Chgp_2", "w": 29, "h": 20, "y": 1091, "x": 300, "structure_id": "Tb_6"}, {"parent_Field": null, "parent_Choice_Field": null, "parent_ChoiceGroup": "Chgp_3", "w": 270, "h": 22, "y": 837, "x": 286, "structure_id": "Tb_7"}, {"parent_Field": null, "parent_Choice_Field": "Chf_5", "parent_ChoiceGroup": "Chgp_3", "w": 421, "h": 22, "y": 872, "x": 177, "structure_id": "Tb_8"}, {"parent_Field": null, "parent_Choice_Field": "Chf_6", "parent_ChoiceGroup": "Chgp_3", "w": 420, "h": 43, "y": 939, "x": 177, "structure_id": "Tb_9"}, {"parent_Field": null, "parent_Choice_Field": "Chf_7", "parent_ChoiceGroup": "Chgp_3", "w": 428, "h": 45, "y": 1035, "x": 176, "structure_id": "Tb_10"}, {"parent_Field": null, "parent_Choice_Field": "Chf_8", "parent_ChoiceGroup": "Chgp_3", "w": 670, "h": 19, "y": 874, "x": 798, "structure_id": "Tb_11"}, {"parent_Field": null, "parent_Choice_Field": "Chf_9", "parent_ChoiceGroup": "Chgp_3", "w": 762, "h": 19, "y": 907, "x": 798, "structure_id": "Tb_12"}, {"parent_Field": null, "parent_Choice_Field": "Chf_10", "parent_ChoiceGroup": "Chgp_3", "w": 716, "h": 19, "y": 938, "x": 798, "structure_id": "Tb_13"}, {"parent_Field": null, "parent_Choice_Field": "Chf_11", "parent_ChoiceGroup": "Chgp_3", "w": 563, "h": 19, "y": 969, "x": 798, "structure_id": "Tb_14"}, {"parent_Field": null, "parent_Choice_Field": "Chf_12", "parent_ChoiceGroup": "Chgp_3", "w": 451, "h": 19, "y": 1003, "x": 799, "structure_id": "Tb_15"}, {"parent_Field": null, "parent_Choice_Field": "Chf_13", "parent_ChoiceGroup": "Chgp_3", "w": 656, "h": 19, "y": 1036, "x": 798, "structure_id": "Tb_16"}, {"parent_Field": null, "parent_Choice_Field": "Chf_14", "parent_ChoiceGroup": "Chgp_3", "w": 644, "h": 19, "y": 1069, "x": 799, "structure_id": "Tb_17"}, {"parent_Field": null, "parent_Choice_Field": "Chf_15", "parent_ChoiceGroup": "Chgp_3", "w": 169, "h": 22, "y": 1100, "x": 801, "structure_id": "Tb_18"}, {"parent_Field": "Fi_2", "parent_Choice_Field": null, "parent_ChoiceGroup": null, "w": 443, "h": 22, "y": 177, "x": 289, "structure_id": "Tb_19"}, {"parent_Field": null, "parent_Choice_Field": null, "parent_ChoiceGroup": "Chgp_4", "w": 602, "h": 19, "y": 240, "x": 92, "structure_id": "Tb_20"}, {"parent_Field": null, "parent_Choice_Field": "Chf_16", "parent_ChoiceGroup": "Chgp_4", "w": 39, "h": 20, "y": 271, "x": 151, "structure_id": "Tb_21"}, {"parent_Field": null, "parent_Choice_Field": "Chf_17", "parent_ChoiceGroup": "Chgp_4", "w": 29, "h": 20, "y": 272, "x": 233, "structure_id": "Tb_22"}, {"parent_Field": null, "parent_Choice_Field": null, "parent_ChoiceGroup": "Chgp_5", "w": 731, "h": 20, "y": 511, "x": 94, "structure_id": "Tb_23"}, {"parent_Field": null, "parent_Choice_Field": "Chf_18", "parent_ChoiceGroup": "Chgp_5", "w": 39, "h": 19, "y": 544, "x": 147, "structure_id": "Tb_24"}, {"parent_Field": null, "parent_Choice_Field": "Chf_19", "parent_ChoiceGroup": "Chgp_5", "w": 29, "h": 19, "y": 544, "x": 229, "structure_id": "Tb_25"}, {"parent_Field": null, "parent_Choice_Field": null, "parent_ChoiceGroup": "Chgp_6", "w": 306, "h": 23, "y": 307, "x": 143, "structure_id": "Tb_26"}, {"parent_Field": null, "parent_Choice_Field": "Chf_20", "parent_ChoiceGroup": "Chgp_6", "w": 598, "h": 20, "y": 337, "x": 175, "structure_id": "Tb_27"}, {"parent_Field": null, "parent_Choice_Field": "Chf_21", "parent_ChoiceGroup": "Chgp_6", "w": 881, "h": 19, "y": 371, "x": 174, "structure_id": "Tb_28"}, {"parent_Field": null, "parent_Choice_Field": "Chf_22", "parent_ChoiceGroup": "Chgp_6", "w": 815, "h": 19, "y": 404, "x": 175, "structure_id": "Tb_29"}, {"parent_Field": null, "parent_Choice_Field": "Chf_23", "parent_ChoiceGroup": "Chgp_6", "w": 889, "h": 19, "y": 438, "x": 175, "structure_id": "Tb_30"}, {"parent_Field": null, "parent_Choice_Field": "Chf_24", "parent_ChoiceGroup": "Chgp_6", "w": 168, "h": 22, "y": 471, "x": 175, "structure_id": "Tb_31"}, {"parent_Field": "Fi_3", "parent_Choice_Field": null, "parent_ChoiceGroup": null, "w": 295, "h": 22, "y": 541, "x": 279, "structure_id": "Tb_32"}, {"parent_Field": null, "parent_Choice_Field": null, "parent_ChoiceGroup": "Chgp_7", "w": 493, "h": 23, "y": 649, "x": 144, "structure_id": "Tb_33"}, {"parent_Field": null, "parent_Choice_Field": "Chf_25", "parent_ChoiceGroup": "Chgp_7", "w": 530, "h": 19, "y": 684, "x": 177, "structure_id": "Tb_34"}, {"parent_Field": null, "parent_Choice_Field": "Chf_26", "parent_ChoiceGroup": "Chgp_7", "w": 530, "h": 19, "y": 716, "x": 177, "structure_id": "Tb_35"}, {"parent_Field": null, "parent_Choice_Field": "Chf_27", "parent_ChoiceGroup": "Chgp_7", "w": 467, "h": 19, "y": 750, "x": 177, "structure_id": "Tb_36"}, {"parent_Field": null, "parent_Choice_Field": "Chf_28", "parent_ChoiceGroup": "Chgp_7", "w": 398, "h": 19, "y": 682, "x": 798, "structure_id": "Tb_37"}, {"parent_Field": null, "parent_Choice_Field": "Chf_29", "parent_ChoiceGroup": "Chgp_7", "w": 446, "h": 19, "y": 714, "x": 798, "structure_id": "Tb_38"}, {"parent_Field": null, "parent_Choice_Field": "Chf_30", "parent_ChoiceGroup": "Chgp_7", "w": 496, "h": 19, "y": 748, "x": 798, "structure_id": "Tb_39"}, {"parent_Field": null, "parent_Choice_Field": null, "parent_ChoiceGroup": null, "w": 651, "h": 22, "y": 211, "x": 116, "structure_id": "Tb_40"}, {"parent_Field": null, "parent_Choice_Field": null, "parent_ChoiceGroup": "Chgp_8", "w": 780, "h": 19, "y": 580, "x": 93, "structure_id": "Tb_41"}, {"parent_Field": null, "parent_Choice_Field": "Chf_31", "parent_ChoiceGroup": "Chgp_8", "w": 39, "h": 19, "y": 610, "x": 144, "structure_id": "Tb_42"}, {"parent_Field": null, "parent_Choice_Field": "Chf_32", "parent_ChoiceGroup": "Chgp_8", "w": 29, "h": 19, "y": 610, "x": 234, "structure_id": "Tb_43"}, {"parent_Field": null, "parent_Choice_Field": "Chf_33", "parent_ChoiceGroup": "Chgp_9", "w": 39, "h": 20, "y": 998, "x": 211, "structure_id": "Tb_44"}, {"parent_Field": null, "parent_Choice_Field": "Chf_34", "parent_ChoiceGroup": "Chgp_9", "w": 30, "h": 19, "y": 1000, "x": 300, "structure_id": "Tb_45"}, {"parent_Field": null, "parent_Choice_Field": null, "parent_ChoiceGroup": "Chgp_10", "w": 899, "h": 20, "y": 803, "x": 90, "structure_id": "Tb_46"}, {"parent_Field": null, "parent_Choice_Field": "Chf_35", "parent_ChoiceGroup": "Chgp_10", "w": 39, "h": 20, "y": 836, "x": 139, "structure_id": "Tb_47"}, {"parent_Field": null, "parent_Choice_Field": "Chf_36", "parent_ChoiceGroup": "Chgp_10", "w": 29, "h": 20, "y": 837, "x": 229, "structure_id": "Tb_48"}, {"parent_Field": null, "parent_Choice_Field": null, "parent_ChoiceGroup": "Chgp_11", "w": 539, "h": 20, "y": 143, "x": 93, "structure_id": "Tb_49"}, {"parent_Field": null, "parent_Choice_Field": "Chf_37", "parent_ChoiceGroup": "Chgp_11", "w": 39, "h": 19, "y": 179, "x": 153, "structure_id": "Tb_50"}, {"parent_Field": null, "parent_Choice_Field": "Chf_38", "parent_ChoiceGroup": "Chgp_11", "w": 29, "h": 19, "y": 179, "x": 235, "structure_id": "Tb_51"}, {"parent_Field": null, "parent_Choice_Field": null, "parent_ChoiceGroup": null, "w": 538, "h": 23, "y": 1148, "x": 582, "structure_id": "Tb_52"}, {"parent_Field": null, "parent_Choice_Field": null, "parent_ChoiceGroup": "Chgp_12", "w": 1443, "h": 20, "y": 1247, "x": 111, "structure_id": "Tb_53"}, {"parent_Field": null, "parent_Choice_Field": "Chf_39", "parent_ChoiceGroup": "Chgp_12", "w": 154, "h": 19, "y": 1280, "x": 183, "structure_id": "Tb_54"}, {"parent_Field": null, "parent_Choice_Field": "Chf_40", "parent_ChoiceGroup": "Chgp_12", "w": 1190, "h": 21, "y": 1312, "x": 182, "structure_id": "Tb_55"}, {"parent_Field": null, "parent_Choice_Field": "Chf_41", "parent_ChoiceGroup": "Chgp_12", "w": 620, "h": 22, "y": 1425, "x": 190, "structure_id": "Tb_56"}, {"parent_Field": null, "parent_Choice_Field": "Chf_42", "parent_ChoiceGroup": "Chgp_12", "w": 770, "h": 23, "y": 1530, "x": 185, "structure_id": "Tb_57"}, {"parent_Field": null, "parent_Choice_Field": "Chf_43", "parent_ChoiceGroup": "Chgp_12", "w": 1126, "h": 23, "y": 1597, "x": 185, "structure_id": "Tb_58"}, {"parent_Field": null, "parent_Choice_Field": "Chf_44", "parent_ChoiceGroup": "Chgp_12", "w": 1138, "h": 23, "y": 1662, "x": 185, "structure_id": "Tb_59"}, {"parent_Field": null, "parent_Choice_Field": "Chf_45", "parent_ChoiceGroup": "Chgp_12", "w": 169, "h": 22, "y": 1730, "x": 185, "structure_id": "Tb_60"}, {"parent_Field": "Fi_4", "parent_Choice_Field": null, "parent_ChoiceGroup": null, "w": 240, "h": 23, "y": 1206, "x": 291, "structure_id": "Tb_61"}, {"parent_Field": null, "parent_Choice_Field": "Chf_46", "parent_ChoiceGroup": "Chgp_13", "w": 165, "h": 19, "y": 1464, "x": 229, "structure_id": "Tb_62"}, {"parent_Field": null, "parent_Choice_Field": "Chf_47", "parent_ChoiceGroup": "Chgp_13", "w": 131, "h": 19, "y": 1496, "x": 229, "structure_id": "Tb_63"}, {"parent_Field": null, "parent_Choice_Field": null, "parent_ChoiceGroup": "Chgp_14", "w": 1104, "h": 20, "y": 1178, "x": 93, "structure_id": "Tb_64"}, {"parent_Field": null, "parent_Choice_Field": "Chf_48", "parent_ChoiceGroup": "Chgp_14", "w": 39, "h": 20, "y": 1207, "x": 144, "structure_id": "Tb_65"}, {"parent_Field": null, "parent_Choice_Field": "Chf_49", "parent_ChoiceGroup": "Chgp_14", "w": 29, "h": 20, "y": 1207, "x": 234, "structure_id": "Tb_66"}, {"parent_Field": null, "parent_Choice_Field": null, "parent_ChoiceGroup": null, "w": 422, "h": 22, "y": 1809, "x": 639, "structure_id": "Tb_67"}, {"parent_Field": null, "parent_Choice_Field": null, "parent_ChoiceGroup": "Chgp_15", "w": 547, "h": 20, "y": 1841, "x": 88, "structure_id": "Tb_68"}, {"parent_Field": null, "parent_Choice_Field": "Chf_50", "parent_ChoiceGroup": "Chgp_15", "w": 39, "h": 19, "y": 1873, "x": 133, "structure_id": "Tb_69"}, {"parent_Field": null, "parent_Choice_Field": "Chf_51", "parent_ChoiceGroup": "Chgp_15", "w": 30, "h": 19, "y": 1873, "x": 222, "structure_id": "Tb_70"}, {"parent_Field": "Fi_5", "parent_Choice_Field": null, "parent_ChoiceGroup": null, "w": 240, "h": 22, "y": 1873, "x": 266, "structure_id": "Tb_71"}, {"parent_Field": "Fi_6", "parent_Choice_Field": null, "parent_ChoiceGroup": null, "w": 843, "h": 23, "y": 1974, "x": 272, "structure_id": "Tb_72"}, {"parent_Field": null, "parent_Choice_Field": null, "parent_ChoiceGroup": "Chgp_16", "w": 1481, "h": 41, "y": 1920, "x": 93, "structure_id": "Tb_73"}, {"parent_Field": null, "parent_Choice_Field": "Chf_52", "parent_ChoiceGroup": "Chgp_16", "w": 39, "h": 19, "y": 1975, "x": 138, "structure_id": "Tb_74"}, {"parent_Field": null, "parent_Choice_Field": "Chf_53", "parent_ChoiceGroup": "Chgp_16", "w": 29, "h": 19, "y": 1975, "x": 228, "structure_id": "Tb_75"}, {"parent_Field": null, "parent_Choice_Field": null, "parent_ChoiceGroup": "Chgp_17", "w": 1469, "h": 42, "y": 2007, "x": 90, "structure_id": "Tb_76"}, {"parent_Field": null, "parent_Choice_Field": "Chf_54", "parent_ChoiceGroup": "Chgp_17", "w": 39, "h": 19, "y": 2063, "x": 136, "structure_id": "Tb_77"}, {"parent_Field": null, "parent_Choice_Field": "Chf_55", "parent_ChoiceGroup": "Chgp_17", "w": 30, "h": 19, "y": 2063, "x": 225, "structure_id": "Tb_78"}, {"parent_Field": null, "parent_Choice_Field": null, "parent_ChoiceGroup": "Chgp_18", "w": 993, "h": 23, "y": 2062, "x": 269, "structure_id": "Tb_79"}, {"parent_Field": null, "parent_Choice_Field": "Chf_56", "parent_ChoiceGroup": "Chgp_18", "w": 38, "h": 19, "y": 2061, "x": 1326, "structure_id": "Tb_80"}, {"parent_Field": null, "parent_Choice_Field": "Chf_57", "parent_ChoiceGroup": "Chgp_18", "w": 29, "h": 19, "y": 2061, "x": 1415, "structure_id": "Tb_81"}, {"parent_Field": null, "parent_Choice_Field": null, "parent_ChoiceGroup": null, "w": 295, "h": 20, "y": 2110, "x": 83, "structure_id": "Tb_82"}, {"parent_Field": null, "parent_Choice_Field": null, "parent_ChoiceGroup": null, "w": 70, "h": 22, "y": 2109, "x": 1550, "structure_id": "Tb_83"}], "Choice_Field": [{"y": 902.9086614173228, "x": 174.43622047244094, "structure_id": "Chf_1", "w": 75.56377952755906, "h": 25}, {"y": 902.9086614173228, "x": 267.5, "structure_id": "Chf_2", "w": 62.5, "h": 25}, {"y": 1086.2858267716538, "x": 172.81653543307087, "structure_id": "Chf_3", "w": 76.18346456692913, "h": 25}, {"y": 1086.2858267716538, "x": 266.63307086614174, "structure_id": "Chf_4", "w": 62.366929133858264, "h": 25}, {"y": 870.6110236220474, "x": 135.6748031496063, "structure_id": "Chf_5", "w": 462.3251968503937, "h": 25}, {"y": 938.4275590551181, "x": 135.34173228346458, "structure_id": "Chf_6", "w": 461.6582677165354, "h": 43.57244094488192}, {"y": 1035, "x": 134.57795275590553, "structure_id": "Chf_7", "w": 469.4220472440945, "h": 45}, {"y": 871.5086614173229, "x": 761.5307086614174, "structure_id": "Chf_8", "w": 706.4692913385826, "h": 25}, {"y": 904.6503937007874, "x": 762.5944881889764, "structure_id": "Chf_9", "w": 797.4055118110236, "h": 25}, {"y": 935.0110236220472, "x": 761.5307086614174, "structure_id": "Chf_10", "w": 752.4692913385826, "h": 25}, {"y": 966.1055118110236, "x": 761.5307086614174, "structure_id": "Chf_11", "w": 599.4692913385826, "h": 25}, {"y": 1000.2551181102363, "x": 761.5307086614174, "structure_id": "Chf_12", "w": 488.4692913385826, "h": 25}, {"y": 1032.6330708661417, "x": 761.5307086614174, "structure_id": "Chf_13", "w": 692.4692913385826, "h": 25}, {"y": 1063.555905511811, "x": 761.5307086614174, "structure_id": "Chf_14", "w": 681.4692913385826, "h": 25}, {"y": 1097.4614173228347, "x": 761.5307086614174, "structure_id": "Chf_15", "w": 837.9417322834646, "h": 30.51338582677181}, {"y": 268.0275590551181, "x": 113.90236220472443, "structure_id": "Chf_16", "w": 76.09763779527557, "h": 25}, {"y": 268.0275590551181, "x": 199.2472440944882, "structure_id": "Chf_17", "w": 62.752755905511805, "h": 25}, {"y": 538.6889763779527, "x": 110.50866141732283, "structure_id": "Chf_18", "w": 75.49133858267717, "h": 25}, {"y": 538.6889763779527, "x": 195.85511811023622, "structure_id": "Chf_19", "w": 62.14488188976378, "h": 25}, {"y": 334.5165354330709, "x": 140.68031496062991, "structure_id": "Chf_20", "w": 632.3196850393701, "h": 25}, {"y": 365.93307086614175, "x": 140.68031496062991, "structure_id": "Chf_21", "w": 914.3196850393701, "h": 25}, {"y": 399.07480314960634, "x": 140.68031496062991, "structure_id": "Chf_22", "w": 849.3196850393701, "h": 25}, {"y": 433.0110236220473, "x": 140.68031496062991, "structure_id": "Chf_23", "w": 923.3196850393701, "h": 25}, {"y": 460.4724409448819, "x": 140.63307086614174, "structure_id": "Chf_24", "w": 1426.0700787401574, "h": 38.40787401574801}, {"y": 680.1307086614173, "x": 133.89448818897637, "structure_id": "Chf_25", "w": 573.1055118110237, "h": 25}, {"y": 712.5, "x": 133.89448818897637, "structure_id": "Chf_26", "w": 573.1055118110237, "h": 25}, {"y": 745.68031496063, "x": 133.89448818897637, "structure_id": "Chf_27", "w": 510.10551181102363, "h": 25}, {"y": 680.1307086614173, "x": 761.5307086614174, "structure_id": "Chf_28", "w": 434.4692913385826, "h": 25}, {"y": 712.5, "x": 761.5307086614174, "structure_id": "Chf_29", "w": 482.4692913385826, "h": 25}, {"y": 745.68031496063, "x": 761.5307086614174, "structure_id": "Chf_30", "w": 532.4692913385826, "h": 25}, {"y": 607.3669291338583, "x": 110.7968503937008, "structure_id": "Chf_31", "w": 72.2031496062992, "h": 25}, {"y": 610, "x": 197.80551181102362, "structure_id": "Chf_32", "w": 65.19448818897638, "h": 25.058267716535397}, {"y": 994.2858267716535, "x": 174.19448818897638, "structure_id": "Chf_33", "w": 75.80551181102362, "h": 25}, {"y": 994.4692913385827, "x": 267.5, "structure_id": "Chf_34", "w": 62.5, "h": 25}, {"y": 832.0913385826772, "x": 99.95826771653543, "structure_id": "Chf_35", "w": 78.04173228346457, "h": 25}, {"y": 832.0913385826772, "x": 193.7748031496063, "structure_id": "Chf_36", "w": 64.2251968503937, "h": 25}, {"y": 174.11417322834646, "x": 115.79212598425198, "structure_id": "Chf_37", "w": 76.20787401574802, "h": 25}, {"y": 174.11417322834646, "x": 201.13858267716537, "structure_id": "Chf_38", "w": 62.861417322834626, "h": 25}, {"y": 1274.8141732283466, "x": 143.80551181102362, "structure_id": "Chf_39", "w": 193.19448818897638, "h": 25}, {"y": 1310.7448818897637, "x": 143.80551181102362, "structure_id": "Chf_40", "w": 1458.0283464566933, "h": 111.00472440944895}, {"y": 1422.5385826771653, "x": 148.51653543307089, "structure_id": "Chf_41", "w": 661.4834645669291, "h": 25}, {"y": 1529.0031496062993, "x": 148.51653543307089, "structure_id": "Chf_42", "w": 1453.3196850393701, "h": 65.2574803149605}, {"y": 1596.1141732283465, "x": 148.51653543307089, "structure_id": "Chf_43", "w": 1453.3196850393701, "h": 65.24960629921247}, {"y": 1661.9330708661416, "x": 150.51653543307086, "structure_id": "Chf_44", "w": 1453.5944881889764, "h": 64.26377952755911}, {"y": 1728.044094488189, "x": 148.51653543307089, "structure_id": "Chf_45", "w": 1457.9559055118111, "h": 68.27874015748012}, {"y": 1460.9968503937007, "x": 190.23858267716537, "structure_id": "Chf_46", "w": 203.76141732283463, "h": 25}, {"y": 1493.3669291338583, "x": 190.23858267716537, "structure_id": "Chf_47", "w": 169.76141732283463, "h": 25}, {"y": 1204.9496062992125, "x": 106.83070866141733, "structure_id": "Chf_48", "w": 76.16929133858267, "h": 25}, {"y": 1204.9496062992125, "x": 198.9, "structure_id": "Chf_49", "w": 64.1, "h": 25}, {"y": 1867.1692913385828, "x": 99.28582677165355, "structure_id": "Chf_50", "w": 72.71417322834645, "h": 25}, {"y": 1867.1692913385828, "x": 187.32755905511812, "structure_id": "Chf_51", "w": 64.67244094488188, "h": 25}, {"y": 1969.0031496062993, "x": 104.59448818897638, "structure_id": "Chf_52", "w": 72.40551181102362, "h": 25}, {"y": 1969.0031496062993, "x": 192.63307086614174, "structure_id": "Chf_53", "w": 64.36692913385826, "h": 25}, {"y": 2056.933070866142, "x": 102.31968503937009, "structure_id": "Chf_54", "w": 72.68031496062991, "h": 25.06692913385814}, {"y": 2056.933070866142, "x": 190.35826771653544, "structure_id": "Chf_55", "w": 64.64173228346456, "h": 25.06692913385814}, {"y": 2055.1385826771657, "x": 1292.0913385826773, "structure_id": "Chf_56", "w": 71.90866141732272, "h": 25}, {"y": 2055.1385826771657, "x": 1380.1307086614174, "structure_id": "Chf_57", "w": 63.86929133858257, "h": 25}], "Field": [{"y": 50, "x": 78, "structure_id": "Fi_1", "w": 942.3527559055118, "h": 46.833070866141725}, {"y": 167.18897637795277, "x": 289, "structure_id": "Fi_2", "w": 1273.5338582677166, "h": 38.7251968503937}, {"y": 535.3385826771653, "x": 279, "structure_id": "Fi_3", "w": 1272.7779527559055, "h": 38.81968503937014}, {"y": 1198.6527559055116, "x": 291, "structure_id": "Fi_4", "w": 1313.1968503937007, "h": 41.64409448818901}, {"y": 1862.8582677165355, "x": 266, "structure_id": "Fi_5", "w": 1313.3472440944881, "h": 41.64409448818901}, {"y": 1958.2669291338582, "x": 272, "structure_id": "Fi_6", "w": 1312.6527559055119, "h": 43.47244094488178}], "TextRun": [{"parent_TextBlock": "Tb_1", "text": "PATIENT/VETERAN'S SOCIAL SECURITY NO.", "parent_Field": "Fi_1", "parent_Choice_Field": null, "parent_ChoiceGroup": null, "w": 416, "h": 20, "y": 71, "x": 78, "structure_id": "Tr_1"}, {"parent_TextBlock": "Tb_2", "text": "SECTION IV - VOIDING DYSFUNCTION", "parent_Field": null, "parent_Choice_Field": null, "parent_ChoiceGroup": null, "w": 406, "h": 23, "y": 111, "x": 645, "structure_id": "Tr_2"}, {"parent_TextBlock": "Tb_3", "text": "YES", "parent_Field": null, "parent_Choice_Field": "Chf_1", "parent_ChoiceGroup": "Chgp_1", "w": 39, "h": 19, "y": 907, "x": 211, "structure_id": "Tr_3"}, {"parent_TextBlock": "Tb_4", "text": "NO", "parent_Field": null, "parent_Choice_Field": "Chf_2", "parent_ChoiceGroup": "Chgp_1", "w": 29, "h": 19, "y": 908, "x": 301, "structure_id": "Tr_4"}, {"parent_TextBlock": "Tb_5", "text": "YES", "parent_Field": null, "parent_Choice_Field": "Chf_3", "parent_ChoiceGroup": "Chgp_2", "w": 39, "h": 20, "y": 1090, "x": 210, "structure_id": "Tr_5"}, {"parent_TextBlock": "Tb_6", "text": "NO", "parent_Field": null, "parent_Choice_Field": "Chf_4", "parent_ChoiceGroup": "Chgp_2", "w": 29, "h": 20, "y": 1091, "x": 300, "structure_id": "Tr_6"}, {"parent_TextBlock": "Tb_7", "text": "(If \"Yes,\" check all that apply)", "parent_Field": null, "parent_Choice_Field": null, "parent_ChoiceGroup": "Chgp_3", "w": 270, "h": 22, "y": 837, "x": 286, "structure_id": "Tr_7"}, {"parent_TextBlock": "Tb_8", "text": "HESITANCY", "parent_Field": null, "parent_Choice_Field": "Chf_5", "parent_ChoiceGroup": "Chgp_3", "w": 117, "h": 20, "y": 874, "x": 177, "structure_id": "Tr_8"}, {"parent_TextBlock": "Tb_8", "text": "(If checked, is hesitancy marked?)", "parent_Field": null, "parent_Choice_Field": "Chf_5", "parent_ChoiceGroup": "Chgp_3", "w": 304, "h": 22, "y": 872, "x": 294, "structure_id": "Tr_9"}, {"parent_TextBlock": "Tb_9", "text": "SLOW OR WEAK STREAM", "parent_Field": null, "parent_Choice_Field": "Chf_6", "parent_ChoiceGroup": "Chgp_3", "w": 246, "h": 19, "y": 939, "x": 177, "structure_id": "Tr_10"}, {"parent_TextBlock": "Tb_9", "text": "(If checked, is stream markedly slow or weak?)", "parent_Field": null, "parent_Choice_Field": "Chf_6", "parent_ChoiceGroup": "Chgp_3", "w": 420, "h": 20, "y": 962, "x": 177, "structure_id": "Tr_11"}, {"parent_TextBlock": "Tb_10", "text": "DECREASED FORCE OF STREAM", "parent_Field": null, "parent_Choice_Field": "Chf_7", "parent_ChoiceGroup": "Chgp_3", "w": 319, "h": 20, "y": 1037, "x": 176, "structure_id": "Tr_12"}, {"parent_TextBlock": "Tb_10", "text": "(If checked,", "parent_Field": null, "parent_Choice_Field": "Chf_7", "parent_ChoiceGroup": "Chgp_3", "w": 109, "h": 22, "y": 1035, "x": 495, "structure_id": "Tr_13"}, {"parent_TextBlock": "Tb_10", "text": "is force of stream markedly decreased?)", "parent_Field": null, "parent_Choice_Field": "Chf_7", "parent_ChoiceGroup": "Chgp_3", "w": 363, "h": 23, "y": 1057, "x": 176, "structure_id": "Tr_14"}, {"parent_TextBlock": "Tb_11", "text": "STRICTURE DISEASE REQUIRING DILATATION 1 TO 2 TIMES PER YEAR", "parent_Field": null, "parent_Choice_Field": "Chf_8", "parent_ChoiceGroup": "Chgp_3", "w": 670, "h": 19, "y": 874, "x": 798, "structure_id": "Tr_15"}, {"parent_TextBlock": "Tb_12", "text": "STRICTURE DISEASE REQUIRING PERIODIC DILATATION EVERY 2 TO 3 MONTHS", "parent_Field": null, "parent_Choice_Field": "Chf_9", "parent_ChoiceGroup": "Chgp_3", "w": 762, "h": 19, "y": 907, "x": 798, "structure_id": "Tr_16"}, {"parent_TextBlock": "Tb_13", "text": "RECURRENT URINARY TRACT INFECTIONS SECONDARY TO OBSTRUCTION", "parent_Field": null, "parent_Choice_Field": "Chf_10", "parent_ChoiceGroup": "Chgp_3", "w": 716, "h": 19, "y": 938, "x": 798, "structure_id": "Tr_17"}, {"parent_TextBlock": "Tb_14", "text": "UROFLOWMETRY PEAK FLOW RATE LESS THAN 10 CC/SEC", "parent_Field": null, "parent_Choice_Field": "Chf_11", "parent_ChoiceGroup": "Chgp_3", "w": 563, "h": 19, "y": 969, "x": 798, "structure_id": "Tr_18"}, {"parent_TextBlock": "Tb_15", "text": "POST VOID RESIDUALS GREATER THAN 150 CC", "parent_Field": null, "parent_Choice_Field": "Chf_12", "parent_ChoiceGroup": "Chgp_3", "w": 451, "h": 19, "y": 1003, "x": 799, "structure_id": "Tr_19"}, {"parent_TextBlock": "Tb_16", "text": "URINARY RETENTION REQUIRING INTERMITTENT CATHETERIZATION", "parent_Field": null, "parent_Choice_Field": "Chf_13", "parent_ChoiceGroup": "Chgp_3", "w": 656, "h": 19, "y": 1036, "x": 798, "structure_id": "Tr_20"}, {"parent_TextBlock": "Tb_17", "text": "URINARY RETENTION REQUIRING CONTINUOUS CATHETERIZATION", "parent_Field": null, "parent_Choice_Field": "Chf_14", "parent_ChoiceGroup": "Chgp_3", "w": 644, "h": 19, "y": 1069, "x": 799, "structure_id": "Tr_21"}, {"parent_TextBlock": "Tb_18", "text": "OTHER", "parent_Field": null, "parent_Choice_Field": "Chf_15", "parent_ChoiceGroup": "Chgp_3", "w": 74, "h": 20, "y": 1102, "x": 801, "structure_id": "Tr_22"}, {"parent_TextBlock": "Tb_18", "text": "(Describe)", "parent_Field": null, "parent_Choice_Field": "Chf_15", "parent_ChoiceGroup": "Chgp_3", "w": 95, "h": 22, "y": 1100, "x": 875, "structure_id": "Tr_23"}, {"parent_TextBlock": "Tb_19", "text": "(If \"Yes,\" provide etiology of voiding dysfunction)", "parent_Field": "Fi_2", "parent_Choice_Field": null, "parent_ChoiceGroup": null, "w": 443, "h": 22, "y": 177, "x": 289, "structure_id": "Tr_24"}, {"parent_TextBlock": "Tb_20", "text": "A. DOES THE VOIDING DYSFUNCTION CAUSE URINE LEAKAGE?", "parent_Field": null, "parent_Choice_Field": null, "parent_ChoiceGroup": "Chgp_4", "w": 602, "h": 19, "y": 240, "x": 92, "structure_id": "Tr_25"}, {"parent_TextBlock": "Tb_21", "text": "YES", "parent_Field": null, "parent_Choice_Field": "Chf_16", "parent_ChoiceGroup": "Chgp_4", "w": 39, "h": 20, "y": 271, "x": 151, "structure_id": "Tr_26"}, {"parent_TextBlock": "Tb_22", "text": "NO", "parent_Field": null, "parent_Choice_Field": "Chf_17", "parent_ChoiceGroup": "Chgp_4", "w": 29, "h": 20, "y": 272, "x": 233, "structure_id": "Tr_27"}, {"parent_TextBlock": "Tb_23", "text": "B. DOES THE VOIDING DYSFUNCTION REQUIRE THE USE OF AN APPLIANCE?", "parent_Field": null, "parent_Choice_Field": null, "parent_ChoiceGroup": "Chgp_5", "w": 731, "h": 20, "y": 511, "x": 94, "structure_id": "Tr_28"}, {"parent_TextBlock": "Tb_24", "text": "YES", "parent_Field": null, "parent_Choice_Field": "Chf_18", "parent_ChoiceGroup": "Chgp_5", "w": 39, "h": 19, "y": 544, "x": 147, "structure_id": "Tr_29"}, {"parent_TextBlock": "Tb_25", "text": "NO", "parent_Field": null, "parent_Choice_Field": "Chf_19", "parent_ChoiceGroup": "Chgp_5", "w": 29, "h": 19, "y": 544, "x": 229, "structure_id": "Tr_30"}, {"parent_TextBlock": "Tb_26", "text": "INDICATE SEVERITY", "parent_Field": null, "parent_Choice_Field": null, "parent_ChoiceGroup": "Chgp_6", "w": 192, "h": 19, "y": 310, "x": 143, "structure_id": "Tr_31"}, {"parent_TextBlock": "Tb_26", "text": "(Check one)", "parent_Field": null, "parent_Choice_Field": null, "parent_ChoiceGroup": "Chgp_6", "w": 114, "h": 23, "y": 307, "x": 335, "structure_id": "Tr_32"}, {"parent_TextBlock": "Tb_27", "text": "DOES NOT REQUIRE THE WEARING OF ABSORBENT MATERIAL", "parent_Field": null, "parent_Choice_Field": "Chf_20", "parent_ChoiceGroup": "Chgp_6", "w": 598, "h": 20, "y": 337, "x": 175, "structure_id": "Tr_33"}, {"parent_TextBlock": "Tb_28", "text": "REQUIRES ABSORBENT MATERIAL WHICH MUST BE CHANGED LESS THAN 2 TIMES PER DAY", "parent_Field": null, "parent_Choice_Field": "Chf_21", "parent_ChoiceGroup": "Chgp_6", "w": 881, "h": 19, "y": 371, "x": 174, "structure_id": "Tr_34"}, {"parent_TextBlock": "Tb_29", "text": "REQUIRES ABSORBENT MATERIAL WHICH MUST BE CHANGED 2 TO 4 TIMES PER DAY", "parent_Field": null, "parent_Choice_Field": "Chf_22", "parent_ChoiceGroup": "Chgp_6", "w": 815, "h": 19, "y": 404, "x": 175, "structure_id": "Tr_35"}, {"parent_TextBlock": "Tb_30", "text": "REQUIRES ABSORBENT MATERIAL WHICH MUST BE CHANGED MORE THAN 4 TIMES PER DAY", "parent_Field": null, "parent_Choice_Field": "Chf_23", "parent_ChoiceGroup": "Chgp_6", "w": 889, "h": 19, "y": 438, "x": 175, "structure_id": "Tr_36"}, {"parent_TextBlock": "Tb_31", "text": "OTHER", "parent_Field": null, "parent_Choice_Field": "Chf_24", "parent_ChoiceGroup": "Chgp_6", "w": 73, "h": 20, "y": 473, "x": 175, "structure_id": "Tr_37"}, {"parent_TextBlock": "Tb_31", "text": "(Describe)", "parent_Field": null, "parent_Choice_Field": "Chf_24", "parent_ChoiceGroup": "Chgp_6", "w": 95, "h": 22, "y": 471, "x": 248, "structure_id": "Tr_38"}, {"parent_TextBlock": "Tb_32", "text": "(If \"Yes,\" describe the appliance)", "parent_Field": "Fi_3", "parent_Choice_Field": null, "parent_ChoiceGroup": null, "w": 295, "h": 22, "y": 541, "x": 279, "structure_id": "Tr_39"}, {"parent_TextBlock": "Tb_33", "text": "INDICATE FREQUENCY", "parent_Field": null, "parent_Choice_Field": null, "parent_ChoiceGroup": "Chgp_7", "w": 224, "h": 19, "y": 652, "x": 144, "structure_id": "Tr_40"}, {"parent_TextBlock": "Tb_33", "text": "(If \"Yes,\" check all that apply)", "parent_Field": null, "parent_Choice_Field": null, "parent_ChoiceGroup": "Chgp_7", "w": 269, "h": 23, "y": 649, "x": 368, "structure_id": "Tr_41"}, {"parent_TextBlock": "Tb_34", "text": "DAYTIME VOIDING INTERVAL BETWEEN 2 AND 3 HOURS", "parent_Field": null, "parent_Choice_Field": "Chf_25", "parent_ChoiceGroup": "Chgp_7", "w": 530, "h": 19, "y": 684, "x": 177, "structure_id": "Tr_42"}, {"parent_TextBlock": "Tb_35", "text": "DAYTIME VOIDING INTERVAL BETWEEN 1 AND 2 HOURS", "parent_Field": null, "parent_Choice_Field": "Chf_26", "parent_ChoiceGroup": "Chgp_7", "w": 530, "h": 19, "y": 716, "x": 177, "structure_id": "Tr_43"}, {"parent_TextBlock": "Tb_36", "text": "DAYTIME VOIDING INTERVAL LESS THAN 1 HOUR", "parent_Field": null, "parent_Choice_Field": "Chf_27", "parent_ChoiceGroup": "Chgp_7", "w": 467, "h": 19, "y": 750, "x": 177, "structure_id": "Tr_44"}, {"parent_TextBlock": "Tb_37", "text": "NIGHTTIME AWAKENING TO VOID 2 TIMES", "parent_Field": null, "parent_Choice_Field": "Chf_28", "parent_ChoiceGroup": "Chgp_7", "w": 398, "h": 19, "y": 682, "x": 798, "structure_id": "Tr_45"}, {"parent_TextBlock": "Tb_38", "text": "NIGHTTIME AWAKENING TO VOID 3 TO 4 TIMES", "parent_Field": null, "parent_Choice_Field": "Chf_29", "parent_ChoiceGroup": "Chgp_7", "w": 446, "h": 19, "y": 714, "x": 798, "structure_id": "Tr_46"}, {"parent_TextBlock": "Tb_39", "text": "NIGHTTIME AWAKENING TO VOID 5 OR MORE TIMES", "parent_Field": null, "parent_Choice_Field": "Chf_30", "parent_ChoiceGroup": "Chgp_7", "w": 496, "h": 19, "y": 748, "x": 798, "structure_id": "Tr_47"}, {"parent_TextBlock": "Tb_40", "text": "(If the veteran has a voiding dysfunction, complete Items 4A through 4D)", "parent_Field": null, "parent_Choice_Field": null, "parent_ChoiceGroup": null, "w": 651, "h": 22, "y": 211, "x": 116, "structure_id": "Tr_48"}, {"parent_TextBlock": "Tb_41", "text": "C. DOES THE VOIDING DYSFUNCTION CAUSE INCREASED URINARY FREQUENCY?", "parent_Field": null, "parent_Choice_Field": null, "parent_ChoiceGroup": "Chgp_8", "w": 780, "h": 19, "y": 580, "x": 93, "structure_id": "Tr_49"}, {"parent_TextBlock": "Tb_42", "text": "YES", "parent_Field": null, "parent_Choice_Field": "Chf_31", "parent_ChoiceGroup": "Chgp_8", "w": 39, "h": 19, "y": 610, "x": 144, "structure_id": "Tr_50"}, {"parent_TextBlock": "Tb_43", "text": "NO", "parent_Field": null, "parent_Choice_Field": "Chf_32", "parent_ChoiceGroup": "Chgp_8", "w": 29, "h": 19, "y": 610, "x": 234, "structure_id": "Tr_51"}, {"parent_TextBlock": "Tb_44", "text": "YES", "parent_Field": null, "parent_Choice_Field": "Chf_33", "parent_ChoiceGroup": "Chgp_9", "w": 39, "h": 20, "y": 998, "x": 211, "structure_id": "Tr_52"}, {"parent_TextBlock": "Tb_45", "text": "NO", "parent_Field": null, "parent_Choice_Field": "Chf_34", "parent_ChoiceGroup": "Chgp_9", "w": 30, "h": 19, "y": 1000, "x": 300, "structure_id": "Tr_53"}, {"parent_TextBlock": "Tb_46", "text": "D. DOES THE VOIDING DYSFUNCTION CAUSE SIGNS OR SYSTEMS OF OBSTRUCTED VOIDING?", "parent_Field": null, "parent_Choice_Field": null, "parent_ChoiceGroup": "Chgp_10", "w": 899, "h": 20, "y": 803, "x": 90, "structure_id": "Tr_54"}, {"parent_TextBlock": "Tb_47", "text": "YES", "parent_Field": null, "parent_Choice_Field": "Chf_35", "parent_ChoiceGroup": "Chgp_10", "w": 39, "h": 20, "y": 836, "x": 139, "structure_id": "Tr_55"}, {"parent_TextBlock": "Tb_48", "text": "NO", "parent_Field": null, "parent_Choice_Field": "Chf_36", "parent_ChoiceGroup": "Chgp_10", "w": 29, "h": 20, "y": 837, "x": 229, "structure_id": "Tr_56"}, {"parent_TextBlock": "Tb_49", "text": "4. DOES THE VETERAN HAVE A VOIDING DYSFUNCTION?", "parent_Field": null, "parent_Choice_Field": null, "parent_ChoiceGroup": "Chgp_11", "w": 539, "h": 20, "y": 143, "x": 93, "structure_id": "Tr_57"}, {"parent_TextBlock": "Tb_50", "text": "YES", "parent_Field": null, "parent_Choice_Field": "Chf_37", "parent_ChoiceGroup": "Chgp_11", "w": 39, "h": 19, "y": 179, "x": 153, "structure_id": "Tr_58"}, {"parent_TextBlock": "Tb_51", "text": "NO", "parent_Field": null, "parent_Choice_Field": "Chf_38", "parent_ChoiceGroup": "Chgp_11", "w": 29, "h": 19, "y": 179, "x": 235, "structure_id": "Tr_59"}, {"parent_TextBlock": "Tb_52", "text": "SECTION V - URINARY TRACT/KIDNEY INFECTION", "parent_Field": null, "parent_Choice_Field": null, "parent_ChoiceGroup": null, "w": 538, "h": 23, "y": 1148, "x": 582, "structure_id": "Tr_60"}, {"parent_TextBlock": "Tb_53", "text": "IF THE VETERAN HAS HAD RECURRENT SYMPTOMATIC URINARY TRACT OR KIDNEY INFECTIONS, INDICATE ALL TREATMENT MODALITIES THAT APPLY:", "parent_Field": null, "parent_Choice_Field": null, "parent_ChoiceGroup": "Chgp_12", "w": 1443, "h": 20, "y": 1247, "x": 111, "structure_id": "Tr_61"}, {"parent_TextBlock": "Tb_54", "text": "NO TREATMENT", "parent_Field": null, "parent_Choice_Field": "Chf_39", "parent_ChoiceGroup": "Chgp_12", "w": 154, "h": 19, "y": 1280, "x": 183, "structure_id": "Tr_62"}, {"parent_TextBlock": "Tb_55", "text": "LONG-TERM DRUG THERAPY", "parent_Field": null, "parent_Choice_Field": "Chf_40", "parent_ChoiceGroup": "Chgp_12", "w": 282, "h": 19, "y": 1314, "x": 182, "structure_id": "Tr_63"}, {"parent_TextBlock": "Tb_55", "text": "(If checked, list medications used and indicate dates for courses of treatment over the past 12 months)", "parent_Field": null, "parent_Choice_Field": "Chf_40", "parent_ChoiceGroup": "Chgp_12", "w": 908, "h": 21, "y": 1312, "x": 464, "structure_id": "Tr_64"}, {"parent_TextBlock": "Tb_56", "text": "HOSPITALIZATION", "parent_Field": null, "parent_Choice_Field": "Chf_41", "parent_ChoiceGroup": "Chgp_12", "w": 178, "h": 20, "y": 1427, "x": 190, "structure_id": "Tr_65"}, {"parent_TextBlock": "Tb_56", "text": "(If checked, indicate frequency of hospitalization)", "parent_Field": null, "parent_Choice_Field": "Chf_41", "parent_ChoiceGroup": "Chgp_12", "w": 442, "h": 22, "y": 1425, "x": 368, "structure_id": "Tr_66"}, {"parent_TextBlock": "Tb_57", "text": "DRAINAGE", "parent_Field": null, "parent_Choice_Field": "Chf_42", "parent_ChoiceGroup": "Chgp_12", "w": 107, "h": 20, "y": 1532, "x": 185, "structure_id": "Tr_67"}, {"parent_TextBlock": "Tb_57", "text": "(If checked, indicate dates when drainage performed over past 12 months)", "parent_Field": null, "parent_Choice_Field": "Chf_42", "parent_ChoiceGroup": "Chgp_12", "w": 663, "h": 23, "y": 1530, "x": 292, "structure_id": "Tr_68"}, {"parent_TextBlock": "Tb_58", "text": "CONTINUOUS INTENSIVE MANAGEMENT", "parent_Field": null, "parent_Choice_Field": "Chf_43", "parent_ChoiceGroup": "Chgp_12", "w": 384, "h": 19, "y": 1600, "x": 185, "structure_id": "Tr_69"}, {"parent_TextBlock": "Tb_58", "text": "(If checked, indicate types of treatment and medications used over past 12 months)", "parent_Field": null, "parent_Choice_Field": "Chf_43", "parent_ChoiceGroup": "Chgp_12", "w": 742, "h": 23, "y": 1597, "x": 569, "structure_id": "Tr_70"}, {"parent_TextBlock": "Tb_59", "text": "INTERMITTENT INTENSIVE MANAGEMENT", "parent_Field": null, "parent_Choice_Field": "Chf_44", "parent_ChoiceGroup": "Chgp_12", "w": 396, "h": 20, "y": 1664, "x": 185, "structure_id": "Tr_71"}, {"parent_TextBlock": "Tb_59", "text": "(If checked, indicate types of treatment and medications used over past 12 months)", "parent_Field": null, "parent_Choice_Field": "Chf_44", "parent_ChoiceGroup": "Chgp_12", "w": 742, "h": 23, "y": 1662, "x": 581, "structure_id": "Tr_72"}, {"parent_TextBlock": "Tb_60", "text": "OTHER", "parent_Field": null, "parent_Choice_Field": "Chf_45", "parent_ChoiceGroup": "Chgp_12", "w": 74, "h": 19, "y": 1732, "x": 185, "structure_id": "Tr_73"}, {"parent_TextBlock": "Tb_60", "text": "(Describe)", "parent_Field": null, "parent_Choice_Field": "Chf_45", "parent_ChoiceGroup": "Chgp_12", "w": 95, "h": 22, "y": 1730, "x": 259, "structure_id": "Tr_74"}, {"parent_TextBlock": "Tb_61", "text": "(If \"Yes,\" provide etiology)", "parent_Field": "Fi_4", "parent_Choice_Field": null, "parent_ChoiceGroup": null, "w": 240, "h": 23, "y": 1206, "x": 291, "structure_id": "Tr_75"}, {"parent_TextBlock": "Tb_62", "text": "1 OR 2 PER YEAR", "parent_Field": null, "parent_Choice_Field": "Chf_46", "parent_ChoiceGroup": "Chgp_13", "w": 165, "h": 19, "y": 1464, "x": 229, "structure_id": "Tr_76"}, {"parent_TextBlock": "Tb_63", "text": "> 2 PER YEAR", "parent_Field": null, "parent_Choice_Field": "Chf_47", "parent_ChoiceGroup": "Chgp_13", "w": 131, "h": 19, "y": 1496, "x": 229, "structure_id": "Tr_77"}, {"parent_TextBlock": "Tb_64", "text": "5. DOES THE VETERAN HAVE A HISTORY OF RECURRENT SYMPTOMATIC URINARY TRACT OR KIDNEY INFECTIONS?", "parent_Field": null, "parent_Choice_Field": null, "parent_ChoiceGroup": "Chgp_14", "w": 1104, "h": 20, "y": 1178, "x": 93, "structure_id": "Tr_78"}, {"parent_TextBlock": "Tb_65", "text": "YES", "parent_Field": null, "parent_Choice_Field": "Chf_48", "parent_ChoiceGroup": "Chgp_14", "w": 39, "h": 20, "y": 1207, "x": 144, "structure_id": "Tr_79"}, {"parent_TextBlock": "Tb_66", "text": "NO", "parent_Field": null, "parent_Choice_Field": "Chf_49", "parent_ChoiceGroup": "Chgp_14", "w": 29, "h": 20, "y": 1207, "x": 234, "structure_id": "Tr_80"}, {"parent_TextBlock": "Tb_67", "text": "SECTION VI - ERECTILE DYSFUNCTION", "parent_Field": null, "parent_Choice_Field": null, "parent_ChoiceGroup": null, "w": 422, "h": 22, "y": 1809, "x": 639, "structure_id": "Tr_81"}, {"parent_TextBlock": "Tb_68", "text": "6A. DOES THE VETERAN HAVE ERECTILE DYSFUNCTION?", "parent_Field": null, "parent_Choice_Field": null, "parent_ChoiceGroup": "Chgp_15", "w": 547, "h": 20, "y": 1841, "x": 88, "structure_id": "Tr_82"}, {"parent_TextBlock": "Tb_69", "text": "YES", "parent_Field": null, "parent_Choice_Field": "Chf_50", "parent_ChoiceGroup": "Chgp_15", "w": 39, "h": 19, "y": 1873, "x": 133, "structure_id": "Tr_83"}, {"parent_TextBlock": "Tb_70", "text": "NO", "parent_Field": null, "parent_Choice_Field": "Chf_51", "parent_ChoiceGroup": "Chgp_15", "w": 30, "h": 19, "y": 1873, "x": 222, "structure_id": "Tr_84"}, {"parent_TextBlock": "Tb_71", "text": "(If \"Yes,\" provide etiology)", "parent_Field": "Fi_5", "parent_Choice_Field": null, "parent_ChoiceGroup": null, "w": 240, "h": 22, "y": 1873, "x": 266, "structure_id": "Tr_85"}, {"parent_TextBlock": "Tb_72", "text": "(If \"Yes,\" specify the diagnosis to which the erectile dysfunction is as likely as not attributable)", "parent_Field": "Fi_6", "parent_Choice_Field": null, "parent_ChoiceGroup": null, "w": 843, "h": 23, "y": 1974, "x": 272, "structure_id": "Tr_86"}, {"parent_TextBlock": "Tb_73", "text": "6B. IF THE VETERAN HAS ERECTILE DYSFUNCTION, IS IT AS LIKELY AS NOT (AT LEAST A 50% PROBABILITY) ATTRIBUTABLE TO ONE OF THE DIAGNOSES IN", "parent_Field": null, "parent_Choice_Field": null, "parent_ChoiceGroup": "Chgp_16", "w": 1481, "h": 19, "y": 1920, "x": 93, "structure_id": "Tr_87"}, {"parent_TextBlock": "Tb_73", "text": "SECTION I, INCLUDING RESIDUALS OF TREATMENT FOR THIS DIAGNOSIS?", "parent_Field": null, "parent_Choice_Field": null, "parent_ChoiceGroup": "Chgp_16", "w": 707, "h": 19, "y": 1942, "x": 93, "structure_id": "Tr_88"}, {"parent_TextBlock": "Tb_74", "text": "YES", "parent_Field": null, "parent_Choice_Field": "Chf_52", "parent_ChoiceGroup": "Chgp_16", "w": 39, "h": 19, "y": 1975, "x": 138, "structure_id": "Tr_89"}, {"parent_TextBlock": "Tb_75", "text": "NO", "parent_Field": null, "parent_Choice_Field": "Chf_53", "parent_ChoiceGroup": "Chgp_16", "w": 29, "h": 19, "y": 1975, "x": 228, "structure_id": "Tr_90"}, {"parent_TextBlock": "Tb_76", "text": "6C. IF THE VETERAN HAS ERECTILE DYSFUNCTION, IS HE ABLE TO ACHIEVE AN ERECTION SUFFICIENT FOR PENETRATION AND EJACULATION (WITHOUT", "parent_Field": null, "parent_Choice_Field": null, "parent_ChoiceGroup": "Chgp_17", "w": 1469, "h": 20, "y": 2007, "x": 90, "structure_id": "Tr_91"}, {"parent_TextBlock": "Tb_76", "text": "MEDICATION)?", "parent_Field": null, "parent_Choice_Field": null, "parent_ChoiceGroup": "Chgp_17", "w": 140, "h": 19, "y": 2030, "x": 90, "structure_id": "Tr_92"}, {"parent_TextBlock": "Tb_77", "text": "YES", "parent_Field": null, "parent_Choice_Field": "Chf_54", "parent_ChoiceGroup": "Chgp_17", "w": 39, "h": 19, "y": 2063, "x": 136, "structure_id": "Tr_93"}, {"parent_TextBlock": "Tb_78", "text": "NO", "parent_Field": null, "parent_Choice_Field": "Chf_55", "parent_ChoiceGroup": "Chgp_17", "w": 30, "h": 19, "y": 2063, "x": 225, "structure_id": "Tr_94"}, {"parent_TextBlock": "Tb_79", "text": "(If \"No,\" is the veteran able to achieve an erection sufficient for penetration and ejaculation (with medication)?", "parent_Field": null, "parent_Choice_Field": null, "parent_ChoiceGroup": "Chgp_18", "w": 993, "h": 23, "y": 2062, "x": 269, "structure_id": "Tr_95"}, {"parent_TextBlock": "Tb_80", "text": "YES", "parent_Field": null, "parent_Choice_Field": "Chf_56", "parent_ChoiceGroup": "Chgp_18", "w": 38, "h": 19, "y": 2061, "x": 1326, "structure_id": "Tr_96"}, {"parent_TextBlock": "Tb_81", "text": "NO", "parent_Field": null, "parent_Choice_Field": "Chf_57", "parent_ChoiceGroup": "Chgp_18", "w": 29, "h": 19, "y": 2061, "x": 1415, "structure_id": "Tr_97"}, {"parent_TextBlock": "Tb_82", "text": "VA\u00c2\u00a0FORM  21-0960J-3, FEB 2015", "parent_Field": null, "parent_Choice_Field": null, "parent_ChoiceGroup": null, "w": 295, "h": 20, "y": 2110, "x": 83, "structure_id": "Tr_98"}, {"parent_TextBlock": "Tb_83", "text": "Page 2", "parent_Field": null, "parent_Choice_Field": null, "parent_ChoiceGroup": null, "w": 70, "h": 22, "y": 2109, "x": 1550, "structure_id": "Tr_99"}], "ChoiceGroup": [{"y": 896.03125, "x": 168, "structure_id": "Chgp_1", "w": 168, "h": 36}, {"y": 1081.03125, "x": 166, "structure_id": "Chgp_2", "w": 165, "h": 36}, {"y": 835.03125, "x": 127, "structure_id": "Chgp_3", "w": 1476, "h": 300}, {"y": 233.03125, "x": 87, "structure_id": "Chgp_4", "w": 1491, "h": 272}, {"y": 502.03125, "x": 84, "structure_id": "Chgp_5", "w": 1479, "h": 70}, {"y": 298.03125, "x": 130, "structure_id": "Chgp_6", "w": 1440, "h": 204}, {"y": 635.03125, "x": 126, "structure_id": "Chgp_7", "w": 1173, "h": 143}, {"y": 574.03125, "x": 84, "structure_id": "Chgp_8", "w": 1221, "h": 210}, {"y": 986.0382531125929, "x": 168, "structure_id": "Chgp_9", "w": 165, "h": 37.61887227648113}, {"y": 796.03125, "x": 85, "structure_id": "Chgp_10", "w": 1523, "h": 345}, {"y": 131.03125, "x": 81, "structure_id": "Chgp_11", "w": 1531, "h": 1011}, {"y": 1241.03125, "x": 103, "structure_id": "Chgp_12", "w": 1508, "h": 558}, {"y": 1448.03125, "x": 178, "structure_id": "Chgp_13", "w": 221, "h": 75}, {"y": 1172.03125, "x": 84, "structure_id": "Chgp_14", "w": 1531, "h": 627}, {"y": 1835.03125, "x": 81, "structure_id": "Chgp_15", "w": 1504, "h": 75}, {"y": 1913.03125, "x": 87, "structure_id": "Chgp_16", "w": 1513, "h": 92}, {"y": 1999.03125, "x": 82, "structure_id": "Chgp_17", "w": 1481, "h": 88}, {"y": 2050.03125, "x": 259, "structure_id": "Chgp_18", "w": 1194, "h": 39}]}