{"Widget": [{"parent_Field": "Fi_1", "parent_Choice_Field": null, "parent_ChoiceGroup": null, "w": 140.50236220472442, "h": 46.83307086614173, "y": 51.1251968503937, "x": 511.1496062992126, "structure_id": "Wi_1"}, {"parent_Field": "Fi_1", "parent_Choice_Field": null, "parent_ChoiceGroup": null, "w": 88.94488188976378, "h": 46.83307086614173, "y": 51.1251968503937, "x": 705.1669291338583, "structure_id": "Wi_2"}, {"parent_Field": "Fi_1", "parent_Choice_Field": null, "parent_ChoiceGroup": null, "w": 188.88031496062993, "h": 46.83307086614173, "y": 51.1251968503937, "x": 836.3220472440945, "structure_id": "Wi_3"}, {"parent_Field": null, "parent_Choice_Field": "Chf_1", "parent_ChoiceGroup": "Chgp_1", "w": 25, "h": 25, "y": 354.16377952755903, "x": 416.6692913385827, "structure_id": "Wi_4"}, {"parent_Field": null, "parent_Choice_Field": "Chf_2", "parent_ChoiceGroup": "Chgp_1", "w": 25, "h": 25, "y": 354.16377952755903, "x": 550, "structure_id": "Wi_5"}, {"parent_Field": null, "parent_Choice_Field": "Chf_3", "parent_ChoiceGroup": "Chgp_2", "w": 25, "h": 25, "y": 387.4944881889764, "x": 750.0000000000001, "structure_id": "Wi_6"}, {"parent_Field": null, "parent_Choice_Field": "Chf_4", "parent_ChoiceGroup": "Chgp_2", "w": 25, "h": 25, "y": 387.4944881889764, "x": 816.6692913385828, "structure_id": "Wi_7"}, {"parent_Field": null, "parent_Choice_Field": "Chf_5", "parent_ChoiceGroup": "Chgp_2", "w": 25, "h": 25, "y": 387.4944881889764, "x": 916.6692913385826, "structure_id": "Wi_8"}, {"parent_Field": null, "parent_Choice_Field": "Chf_6", "parent_ChoiceGroup": "Chgp_3", "w": 25, "h": 25, "y": 454.1637795275591, "x": 100, "structure_id": "Wi_9"}, {"parent_Field": null, "parent_Choice_Field": "Chf_7", "parent_ChoiceGroup": "Chgp_3", "w": 25, "h": 25, "y": 454.1637795275591, "x": 200, "structure_id": "Wi_10"}, {"parent_Field": null, "parent_Choice_Field": "Chf_8", "parent_ChoiceGroup": "Chgp_3", "w": 25, "h": 25, "y": 454.1637795275591, "x": 316.66929133858264, "structure_id": "Wi_11"}, {"parent_Field": null, "parent_Choice_Field": "Chf_8", "parent_ChoiceGroup": "Chgp_3", "w": 583.3385826771654, "h": 33.33070866141732, "y": 450, "x": 483.33070866141736, "structure_id": "Wi_12"}, {"parent_Field": null, "parent_Choice_Field": "Chf_9", "parent_ChoiceGroup": "Chgp_4", "w": 25, "h": 25, "y": 173.06929133858267, "x": 100, "structure_id": "Wi_13"}, {"parent_Field": null, "parent_Choice_Field": "Chf_10", "parent_ChoiceGroup": "Chgp_4", "w": 25, "h": 25, "y": 173.41653543307086, "x": 341.3385826771654, "structure_id": "Wi_14"}, {"parent_Field": null, "parent_Choice_Field": "Chf_11", "parent_ChoiceGroup": "Chgp_4", "w": 25, "h": 25, "y": 173.41653543307086, "x": 474.67795275590555, "structure_id": "Wi_15"}, {"parent_Field": null, "parent_Choice_Field": "Chf_12", "parent_ChoiceGroup": "Chgp_4", "w": 25, "h": 25, "y": 173.41653543307086, "x": 608.007874015748, "structure_id": "Wi_16"}, {"parent_Field": null, "parent_Choice_Field": "Chf_13", "parent_ChoiceGroup": "Chgp_4", "w": 25, "h": 25, "y": 220.83307086614172, "x": 100, "structure_id": "Wi_17"}, {"parent_Field": null, "parent_Choice_Field": "Chf_14", "parent_ChoiceGroup": "Chgp_4", "w": 25, "h": 25, "y": 304.16377952755903, "x": 100, "structure_id": "Wi_18"}, {"parent_Field": null, "parent_Choice_Field": "Chf_14", "parent_ChoiceGroup": "Chgp_4", "w": 666.6692913385828, "h": 33.33070866141732, "y": 300, "x": 433.3307086614173, "structure_id": "Wi_19"}, {"parent_Field": "Fi_2", "parent_Choice_Field": null, "parent_ChoiceGroup": null, "w": 1491.6803149606299, "h": 66.66141732283464, "y": 733.3385826771654, "x": 108.31968503937009, "structure_id": "Wi_20"}, {"parent_Field": null, "parent_Choice_Field": "Chf_15", "parent_ChoiceGroup": "Chgp_5", "w": 25, "h": 25, "y": 570.8307086614174, "x": 102.77244094488188, "structure_id": "Wi_21"}, {"parent_Field": null, "parent_Choice_Field": "Chf_16", "parent_ChoiceGroup": "Chgp_5", "w": 25, "h": 25, "y": 570.8307086614174, "x": 219.44173228346457, "structure_id": "Wi_22"}, {"parent_Field": null, "parent_Choice_Field": "Chf_17", "parent_ChoiceGroup": "Chgp_6", "w": 25, "h": 25, "y": 654.1637795275591, "x": 100, "structure_id": "Wi_23"}, {"parent_Field": null, "parent_Choice_Field": "Chf_18", "parent_ChoiceGroup": "Chgp_6", "w": 25, "h": 25, "y": 654.1637795275591, "x": 216.6692913385827, "structure_id": "Wi_24"}, {"parent_Field": null, "parent_Choice_Field": "Chf_19", "parent_ChoiceGroup": "Chgp_6", "w": 25, "h": 25, "y": 654.1637795275591, "x": 366.6692913385827, "structure_id": "Wi_25"}, {"parent_Field": null, "parent_Choice_Field": "Chf_20", "parent_ChoiceGroup": "Chgp_6", "w": 25, "h": 25, "y": 654.1637795275591, "x": 483.33070866141736, "structure_id": "Wi_26"}, {"parent_Field": "Fi_3", "parent_Choice_Field": null, "parent_ChoiceGroup": null, "w": 1500, "h": 33.33070866141732, "y": 1050, "x": 100, "structure_id": "Wi_27"}, {"parent_Field": "Fi_4", "parent_Choice_Field": null, "parent_ChoiceGroup": null, "w": 200, "h": 33.33070866141732, "y": 1150, "x": 433.3307086614173, "structure_id": "Wi_28"}, {"parent_Field": null, "parent_Choice_Field": "Chf_21", "parent_ChoiceGroup": "Chgp_7", "w": 25, "h": 25, "y": 904.1614173228346, "x": 102.77244094488188, "structure_id": "Wi_29"}, {"parent_Field": null, "parent_Choice_Field": "Chf_22", "parent_ChoiceGroup": "Chgp_7", "w": 25, "h": 25, "y": 904.1614173228346, "x": 219.44173228346457, "structure_id": "Wi_30"}, {"parent_Field": null, "parent_Choice_Field": "Chf_23", "parent_ChoiceGroup": "Chgp_8", "w": 25, "h": 25, "y": 987.4913385826773, "x": 102.77244094488188, "structure_id": "Wi_31"}, {"parent_Field": null, "parent_Choice_Field": "Chf_24", "parent_ChoiceGroup": "Chgp_8", "w": 25, "h": 25, "y": 987.4913385826773, "x": 219.44173228346457, "structure_id": "Wi_32"}, {"parent_Field": null, "parent_Choice_Field": "Chf_25", "parent_ChoiceGroup": "Chgp_9", "w": 25, "h": 25, "y": 1120.8307086614172, "x": 102.77244094488188, "structure_id": "Wi_33"}, {"parent_Field": null, "parent_Choice_Field": "Chf_26", "parent_ChoiceGroup": "Chgp_9", "w": 25, "h": 25, "y": 1120.8307086614172, "x": 219.44173228346457, "structure_id": "Wi_34"}, {"parent_Field": null, "parent_Choice_Field": "Chf_27", "parent_ChoiceGroup": "Chgp_10", "w": 25, "h": 25, "y": 1237.5307086614173, "x": 102.77244094488188, "structure_id": "Wi_35"}, {"parent_Field": null, "parent_Choice_Field": "Chf_28", "parent_ChoiceGroup": "Chgp_10", "w": 25, "h": 25, "y": 1237.5307086614173, "x": 219.44173228346457, "structure_id": "Wi_36"}, {"parent_Field": null, "parent_Choice_Field": "Chf_29", "parent_ChoiceGroup": "Chgp_11", "w": 25, "h": 25, "y": 1354.1614173228347, "x": 102.77244094488188, "structure_id": "Wi_37"}, {"parent_Field": null, "parent_Choice_Field": "Chf_30", "parent_ChoiceGroup": "Chgp_11", "w": 25, "h": 25, "y": 1354.1614173228347, "x": 219.44173228346457, "structure_id": "Wi_38"}, {"parent_Field": null, "parent_Choice_Field": "Chf_31", "parent_ChoiceGroup": "Chgp_12", "w": 25, "h": 25, "y": 1437.4944881889764, "x": 100, "structure_id": "Wi_39"}, {"parent_Field": null, "parent_Choice_Field": "Chf_32", "parent_ChoiceGroup": "Chgp_12", "w": 25, "h": 25, "y": 1437.4944881889764, "x": 283.33070866141736, "structure_id": "Wi_40"}, {"parent_Field": null, "parent_Choice_Field": "Chf_33", "parent_ChoiceGroup": "Chgp_12", "w": 25, "h": 25, "y": 1437.4944881889764, "x": 550, "structure_id": "Wi_41"}, {"parent_Field": null, "parent_Choice_Field": "Chf_33", "parent_ChoiceGroup": "Chgp_12", "w": 850, "h": 33.33070866141732, "y": 1433.3307086614172, "x": 750.0000000000001, "structure_id": "Wi_42"}, {"parent_Field": "Fi_5", "parent_Choice_Field": null, "parent_ChoiceGroup": null, "w": 200, "h": 33.33070866141732, "y": 1900.007874015748, "x": 766.6692913385826, "structure_id": "Wi_43"}, {"parent_Field": "Fi_5", "parent_Choice_Field": null, "parent_ChoiceGroup": null, "w": 600, "h": 33.33070866141732, "y": 1900.007874015748, "x": 983.3307086614174, "structure_id": "Wi_44"}, {"parent_Field": "Fi_6", "parent_Choice_Field": null, "parent_ChoiceGroup": null, "w": 1016.6614173228348, "h": 33.33070866141732, "y": 1866.6779527559056, "x": 566.6692913385828, "structure_id": "Wi_45"}, {"parent_Field": "Fi_7", "parent_Choice_Field": null, "parent_ChoiceGroup": null, "w": 200, "h": 33.33070866141732, "y": 1666.6614173228347, "x": 1050, "structure_id": "Wi_46"}, {"parent_Field": "Fi_7", "parent_Choice_Field": null, "parent_ChoiceGroup": null, "w": 1100, "h": 33.33070866141732, "y": 1700.0000000000002, "x": 150, "structure_id": "Wi_47"}, {"parent_Field": "Fi_8", "parent_Choice_Field": null, "parent_ChoiceGroup": null, "w": 200, "h": 33.33070866141732, "y": 1783.3307086614175, "x": 766.6692913385826, "structure_id": "Wi_48"}, {"parent_Field": "Fi_8", "parent_Choice_Field": null, "parent_ChoiceGroup": null, "w": 600, "h": 33.33070866141732, "y": 1783.3307086614175, "x": 983.3307086614174, "structure_id": "Wi_49"}, {"parent_Field": "Fi_9", "parent_Choice_Field": null, "parent_ChoiceGroup": null, "w": 200, "h": 33.33070866141732, "y": 1983.3307086614172, "x": 766.6692913385826, "structure_id": "Wi_50"}, {"parent_Field": "Fi_9", "parent_Choice_Field": null, "parent_ChoiceGroup": null, "w": 600, "h": 33.33070866141732, "y": 1983.3307086614172, "x": 983.3307086614174, "structure_id": "Wi_51"}, {"parent_Field": "Fi_10", "parent_Choice_Field": null, "parent_ChoiceGroup": null, "w": 200, "h": 33.33070866141732, "y": 2066.669291338583, "x": 766.6692913385826, "structure_id": "Wi_52"}, {"parent_Field": "Fi_10", "parent_Choice_Field": null, "parent_ChoiceGroup": null, "w": 600, "h": 33.33070866141732, "y": 2066.669291338583, "x": 983.3307086614174, "structure_id": "Wi_53"}, {"parent_Field": null, "parent_Choice_Field": "Chf_34", "parent_ChoiceGroup": "Chgp_13", "w": 25, "h": 25, "y": 1554.1614173228347, "x": 102.77244094488188, "structure_id": "Wi_54"}, {"parent_Field": null, "parent_Choice_Field": "Chf_35", "parent_ChoiceGroup": "Chgp_13", "w": 25, "h": 25, "y": 1554.1614173228347, "x": 219.44173228346457, "structure_id": "Wi_55"}, {"parent_Field": null, "parent_Choice_Field": "Chf_36", "parent_ChoiceGroup": "Chgp_14", "w": 25, "h": 25, "y": 1640.272440944882, "x": 100, "structure_id": "Wi_56"}, {"parent_Field": null, "parent_Choice_Field": "Chf_37", "parent_ChoiceGroup": "Chgp_14", "w": 25, "h": 25, "y": 1756.9417322834645, "x": 100, "structure_id": "Wi_57"}, {"parent_Field": null, "parent_Choice_Field": "Chf_38", "parent_ChoiceGroup": "Chgp_14", "w": 25, "h": 25, "y": 1840.28031496063, "x": 101.36929133858268, "structure_id": "Wi_58"}, {"parent_Field": null, "parent_Choice_Field": "Chf_39", "parent_ChoiceGroup": "Chgp_14", "w": 25, "h": 25, "y": 1956.9417322834647, "x": 101.36141732283465, "structure_id": "Wi_59"}, {"parent_Field": null, "parent_Choice_Field": "Chf_40", "parent_ChoiceGroup": "Chgp_14", "w": 25, "h": 25, "y": 2040.28031496063, "x": 101.36929133858268, "structure_id": "Wi_60"}], "TextBlock": [{"parent_Field": "Fi_1", "parent_Choice_Field": null, "parent_ChoiceGroup": null, "w": 416, "h": 20, "y": 72, "x": 83, "structure_id": "Tb_1"}, {"parent_Field": null, "parent_Choice_Field": null, "parent_ChoiceGroup": null, "w": 420, "h": 25, "y": 108, "x": 642, "structure_id": "Tb_2"}, {"parent_Field": null, "parent_Choice_Field": null, "parent_ChoiceGroup": null, "w": 956, "h": 22, "y": 256, "x": 133, "structure_id": "Tb_3"}, {"parent_Field": null, "parent_Choice_Field": null, "parent_ChoiceGroup": "Chgp_1", "w": 289, "h": 22, "y": 356, "x": 100, "structure_id": "Tb_4"}, {"parent_Field": null, "parent_Choice_Field": "Chf_1", "parent_ChoiceGroup": "Chgp_1", "w": 78, "h": 19, "y": 357, "x": 453, "structure_id": "Tb_5"}, {"parent_Field": null, "parent_Choice_Field": "Chf_2", "parent_ChoiceGroup": "Chgp_1", "w": 215, "h": 19, "y": 357, "x": 586, "structure_id": "Tb_6"}, {"parent_Field": null, "parent_Choice_Field": null, "parent_ChoiceGroup": "Chgp_2", "w": 622, "h": 22, "y": 389, "x": 100, "structure_id": "Tb_7"}, {"parent_Field": null, "parent_Choice_Field": "Chf_3", "parent_ChoiceGroup": "Chgp_2", "w": 18, "h": 26.0, "y": 383.03125, "x": 781, "structure_id": "Tb_8"}, {"parent_Field": null, "parent_Choice_Field": "Chf_4", "parent_ChoiceGroup": "Chgp_2", "w": 39, "h": 20, "y": 390, "x": 854, "structure_id": "Tb_9"}, {"parent_Field": null, "parent_Choice_Field": "Chf_5", "parent_ChoiceGroup": "Chgp_2", "w": 104, "h": 20, "y": 390, "x": 953, "structure_id": "Tb_10"}, {"parent_Field": null, "parent_Choice_Field": null, "parent_ChoiceGroup": "Chgp_3", "w": 644, "h": 22, "y": 422, "x": 100, "structure_id": "Tb_11"}, {"parent_Field": null, "parent_Choice_Field": "Chf_6", "parent_ChoiceGroup": "Chgp_3", "w": 42, "h": 19, "y": 457, "x": 134, "structure_id": "Tb_12"}, {"parent_Field": null, "parent_Choice_Field": "Chf_7", "parent_ChoiceGroup": "Chgp_3", "w": 52, "h": 19, "y": 457, "x": 231, "structure_id": "Tb_13"}, {"parent_Field": null, "parent_Choice_Field": "Chf_8", "parent_ChoiceGroup": "Chgp_3", "w": 125, "h": 19, "y": 457, "x": 352, "structure_id": "Tb_14"}, {"parent_Field": null, "parent_Choice_Field": null, "parent_ChoiceGroup": "Chgp_4", "w": 646, "h": 22, "y": 141, "x": 105, "structure_id": "Tb_15"}, {"parent_Field": null, "parent_Choice_Field": "Chf_9", "parent_ChoiceGroup": "Chgp_4", "w": 180, "h": 19, "y": 176, "x": 137, "structure_id": "Tb_16"}, {"parent_Field": null, "parent_Choice_Field": "Chf_10", "parent_ChoiceGroup": "Chgp_4", "w": 71, "h": 20, "y": 176, "x": 383, "structure_id": "Tb_17"}, {"parent_Field": null, "parent_Choice_Field": "Chf_11", "parent_ChoiceGroup": "Chgp_4", "w": 77, "h": 20, "y": 176, "x": 516, "structure_id": "Tb_18"}, {"parent_Field": null, "parent_Choice_Field": "Chf_12", "parent_ChoiceGroup": "Chgp_4", "w": 82, "h": 20, "y": 176, "x": 650, "structure_id": "Tb_19"}, {"parent_Field": null, "parent_Choice_Field": "Chf_13", "parent_ChoiceGroup": "Chgp_4", "w": 292, "h": 19, "y": 224, "x": 135, "structure_id": "Tb_20"}, {"parent_Field": null, "parent_Choice_Field": "Chf_14", "parent_ChoiceGroup": "Chgp_4", "w": 291, "h": 19, "y": 307, "x": 134, "structure_id": "Tb_21"}, {"parent_Field": null, "parent_Choice_Field": null, "parent_ChoiceGroup": null, "w": 448, "h": 22, "y": 507, "x": 626, "structure_id": "Tb_22"}, {"parent_Field": null, "parent_Choice_Field": null, "parent_ChoiceGroup": null, "w": 250, "h": 22, "y": 572, "x": 317, "structure_id": "Tb_23"}, {"parent_Field": "Fi_2", "parent_Choice_Field": null, "parent_ChoiceGroup": null, "w": 757, "h": 19, "y": 707, "x": 100, "structure_id": "Tb_24"}, {"parent_Field": null, "parent_Choice_Field": null, "parent_ChoiceGroup": "Chgp_5", "w": 546, "h": 20, "y": 540, "x": 100, "structure_id": "Tb_25"}, {"parent_Field": null, "parent_Choice_Field": "Chf_15", "parent_ChoiceGroup": "Chgp_5", "w": 39, "h": 19, "y": 574, "x": 150, "structure_id": "Tb_26"}, {"parent_Field": null, "parent_Choice_Field": "Chf_16", "parent_ChoiceGroup": "Chgp_5", "w": 29, "h": 19, "y": 574, "x": 267, "structure_id": "Tb_27"}, {"parent_Field": null, "parent_Choice_Field": null, "parent_ChoiceGroup": "Chgp_6", "w": 578, "h": 22, "y": 622, "x": 100, "structure_id": "Tb_28"}, {"parent_Field": null, "parent_Choice_Field": "Chf_17", "parent_ChoiceGroup": "Chgp_6", "w": 48, "h": 19, "y": 657, "x": 134, "structure_id": "Tb_29"}, {"parent_Field": null, "parent_Choice_Field": "Chf_18", "parent_ChoiceGroup": "Chgp_6", "w": 79, "h": 19, "y": 657, "x": 256, "structure_id": "Tb_30"}, {"parent_Field": null, "parent_Choice_Field": "Chf_19", "parent_ChoiceGroup": "Chgp_6", "w": 49, "h": 19, "y": 657, "x": 403, "structure_id": "Tb_31"}, {"parent_Field": null, "parent_Choice_Field": "Chf_20", "parent_ChoiceGroup": "Chgp_6", "w": 93, "h": 19, "y": 657, "x": 521, "structure_id": "Tb_32"}, {"parent_Field": null, "parent_Choice_Field": null, "parent_ChoiceGroup": null, "w": 515, "h": 22, "y": 807, "x": 591, "structure_id": "Tb_33"}, {"parent_Field": null, "parent_Choice_Field": null, "parent_ChoiceGroup": null, "w": 992, "h": 22, "y": 1239, "x": 317, "structure_id": "Tb_34"}, {"parent_Field": "Fi_3", "parent_Choice_Field": null, "parent_ChoiceGroup": null, "w": 578, "h": 22, "y": 1022, "x": 100, "structure_id": "Tb_35"}, {"parent_Field": "Fi_4", "parent_Choice_Field": null, "parent_ChoiceGroup": null, "w": 316, "h": 22, "y": 1161, "x": 100, "structure_id": "Tb_36"}, {"parent_Field": null, "parent_Choice_Field": null, "parent_ChoiceGroup": null, "w": 250, "h": 22, "y": 906, "x": 317, "structure_id": "Tb_37"}, {"parent_Field": null, "parent_Choice_Field": null, "parent_ChoiceGroup": "Chgp_7", "w": 1475, "h": 43, "y": 845, "x": 100, "structure_id": "Tb_38"}, {"parent_Field": null, "parent_Choice_Field": "Chf_21", "parent_ChoiceGroup": "Chgp_7", "w": 39, "h": 19, "y": 907, "x": 150, "structure_id": "Tb_39"}, {"parent_Field": null, "parent_Choice_Field": "Chf_22", "parent_ChoiceGroup": "Chgp_7", "w": 29, "h": 19, "y": 907, "x": 267, "structure_id": "Tb_40"}, {"parent_Field": null, "parent_Choice_Field": null, "parent_ChoiceGroup": "Chgp_8", "w": 1224, "h": 19, "y": 957, "x": 100, "structure_id": "Tb_41"}, {"parent_Field": null, "parent_Choice_Field": "Chf_23", "parent_ChoiceGroup": "Chgp_8", "w": 39, "h": 20, "y": 990, "x": 150, "structure_id": "Tb_42"}, {"parent_Field": null, "parent_Choice_Field": "Chf_24", "parent_ChoiceGroup": "Chgp_8", "w": 29, "h": 20, "y": 990, "x": 267, "structure_id": "Tb_43"}, {"parent_Field": null, "parent_Choice_Field": null, "parent_ChoiceGroup": "Chgp_9", "w": 660, "h": 20, "y": 1090, "x": 100, "structure_id": "Tb_44"}, {"parent_Field": null, "parent_Choice_Field": "Chf_25", "parent_ChoiceGroup": "Chgp_9", "w": 39, "h": 19, "y": 1124, "x": 150, "structure_id": "Tb_45"}, {"parent_Field": null, "parent_Choice_Field": "Chf_26", "parent_ChoiceGroup": "Chgp_9", "w": 29, "h": 19, "y": 1124, "x": 267, "structure_id": "Tb_46"}, {"parent_Field": null, "parent_Choice_Field": null, "parent_ChoiceGroup": "Chgp_10", "w": 599, "h": 19, "y": 1207, "x": 100, "structure_id": "Tb_47"}, {"parent_Field": null, "parent_Choice_Field": "Chf_27", "parent_ChoiceGroup": "Chgp_10", "w": 39, "h": 20, "y": 1240, "x": 150, "structure_id": "Tb_48"}, {"parent_Field": null, "parent_Choice_Field": "Chf_28", "parent_ChoiceGroup": "Chgp_10", "w": 29, "h": 20, "y": 1240, "x": 267, "structure_id": "Tb_49"}, {"parent_Field": null, "parent_Choice_Field": null, "parent_ChoiceGroup": null, "w": 448, "h": 23, "y": 1290, "x": 624, "structure_id": "Tb_50"}, {"parent_Field": null, "parent_Choice_Field": null, "parent_ChoiceGroup": null, "w": 250, "h": 22, "y": 1356, "x": 317, "structure_id": "Tb_51"}, {"parent_Field": null, "parent_Choice_Field": null, "parent_ChoiceGroup": "Chgp_11", "w": 528, "h": 19, "y": 1324, "x": 100, "structure_id": "Tb_52"}, {"parent_Field": null, "parent_Choice_Field": "Chf_29", "parent_ChoiceGroup": "Chgp_11", "w": 39, "h": 19, "y": 1357, "x": 150, "structure_id": "Tb_53"}, {"parent_Field": null, "parent_Choice_Field": "Chf_30", "parent_ChoiceGroup": "Chgp_11", "w": 29, "h": 19, "y": 1357, "x": 267, "structure_id": "Tb_54"}, {"parent_Field": null, "parent_Choice_Field": null, "parent_ChoiceGroup": "Chgp_12", "w": 508, "h": 19, "y": 1407, "x": 100, "structure_id": "Tb_55"}, {"parent_Field": null, "parent_Choice_Field": "Chf_31", "parent_ChoiceGroup": "Chgp_12", "w": 97, "h": 20, "y": 1440, "x": 145, "structure_id": "Tb_56"}, {"parent_Field": null, "parent_Choice_Field": "Chf_32", "parent_ChoiceGroup": "Chgp_12", "w": 204, "h": 20, "y": 1440, "x": 327, "structure_id": "Tb_57"}, {"parent_Field": null, "parent_Choice_Field": "Chf_33", "parent_ChoiceGroup": "Chgp_12", "w": 139, "h": 20, "y": 1440, "x": 595, "structure_id": "Tb_58"}, {"parent_Field": null, "parent_Choice_Field": null, "parent_ChoiceGroup": null, "w": 302, "h": 22, "y": 1490, "x": 697, "structure_id": "Tb_59"}, {"parent_Field": "Fi_5", "parent_Choice_Field": null, "parent_ChoiceGroup": null, "w": 607, "h": 19, "y": 1914, "x": 150, "structure_id": "Tb_60"}, {"parent_Field": "Fi_6", "parent_Choice_Field": null, "parent_ChoiceGroup": null, "w": 398, "h": 19, "y": 1881, "x": 150, "structure_id": "Tb_61"}, {"parent_Field": "Fi_7", "parent_Choice_Field": null, "parent_ChoiceGroup": null, "w": 872, "h": 19, "y": 1681, "x": 150, "structure_id": "Tb_62"}, {"parent_Field": "Fi_8", "parent_Choice_Field": null, "parent_ChoiceGroup": null, "w": 607, "h": 20, "y": 1797, "x": 150, "structure_id": "Tb_63"}, {"parent_Field": null, "parent_Choice_Field": null, "parent_ChoiceGroup": null, "w": 250, "h": 22, "y": 1556, "x": 317, "structure_id": "Tb_64"}, {"parent_Field": "Fi_9", "parent_Choice_Field": null, "parent_ChoiceGroup": null, "w": 607, "h": 20, "y": 1997, "x": 150, "structure_id": "Tb_65"}, {"parent_Field": "Fi_10", "parent_Choice_Field": null, "parent_ChoiceGroup": null, "w": 607, "h": 19, "y": 2081, "x": 150, "structure_id": "Tb_66"}, {"parent_Field": null, "parent_Choice_Field": null, "parent_ChoiceGroup": "Chgp_13", "w": 1207, "h": 19, "y": 1524, "x": 100, "structure_id": "Tb_67"}, {"parent_Field": null, "parent_Choice_Field": "Chf_34", "parent_ChoiceGroup": "Chgp_13", "w": 39, "h": 19, "y": 1557, "x": 150, "structure_id": "Tb_68"}, {"parent_Field": null, "parent_Choice_Field": "Chf_35", "parent_ChoiceGroup": "Chgp_13", "w": 29, "h": 19, "y": 1557, "x": 267, "structure_id": "Tb_69"}, {"parent_Field": null, "parent_Choice_Field": null, "parent_ChoiceGroup": "Chgp_14", "w": 1492, "h": 22, "y": 1606, "x": 100, "structure_id": "Tb_70"}, {"parent_Field": null, "parent_Choice_Field": "Chf_36", "parent_ChoiceGroup": "Chgp_14", "w": 474, "h": 20, "y": 1647, "x": 150, "structure_id": "Tb_71"}, {"parent_Field": null, "parent_Choice_Field": "Chf_37", "parent_ChoiceGroup": "Chgp_14", "w": 273, "h": 19, "y": 1764, "x": 148, "structure_id": "Tb_72"}, {"parent_Field": null, "parent_Choice_Field": "Chf_38", "parent_ChoiceGroup": "Chgp_14", "w": 211, "h": 20, "y": 1847, "x": 150, "structure_id": "Tb_73"}, {"parent_Field": null, "parent_Choice_Field": "Chf_39", "parent_ChoiceGroup": "Chgp_14", "w": 148, "h": 19, "y": 1964, "x": 148, "structure_id": "Tb_74"}, {"parent_Field": null, "parent_Choice_Field": "Chf_40", "parent_ChoiceGroup": "Chgp_14", "w": 255, "h": 20, "y": 2047, "x": 148, "structure_id": "Tb_75"}, {"parent_Field": null, "parent_Choice_Field": null, "parent_ChoiceGroup": null, "w": 296, "h": 19, "y": 2124, "x": 83, "structure_id": "Tb_76"}, {"parent_Field": null, "parent_Choice_Field": null, "parent_ChoiceGroup": null, "w": 71, "h": 22, "y": 2122, "x": 1546, "structure_id": "Tb_77"}], "Choice_Field": [{"y": 354.16377952755903, "x": 416.6692913385827, "structure_id": "Chf_1", "w": 114.3307086614173, "h": 25}, {"y": 354.16377952755903, "x": 550, "structure_id": "Chf_2", "w": 251, "h": 25}, {"y": 383.03125, "x": 750.0000000000001, "structure_id": "Chf_3", "w": 48.999999999999886, "h": 29.46323818897639}, {"y": 387.4944881889764, "x": 816.6692913385828, "structure_id": "Chf_4", "w": 76.33070866141725, "h": 25}, {"y": 387.4944881889764, "x": 916.6692913385826, "structure_id": "Chf_5", "w": 140.33070866141736, "h": 25}, {"y": 454.1637795275591, "x": 100, "structure_id": "Chf_6", "w": 76, "h": 25}, {"y": 454.1637795275591, "x": 200, "structure_id": "Chf_7", "w": 83, "h": 25}, {"y": 450, "x": 316.66929133858264, "structure_id": "Chf_8", "w": 750.0000000000001, "h": 33.330708661417304}, {"y": 173.06929133858267, "x": 100, "structure_id": "Chf_9", "w": 217, "h": 25}, {"y": 173.41653543307086, "x": 341.3385826771654, "structure_id": "Chf_10", "w": 112.66141732283461, "h": 25}, {"y": 173.41653543307086, "x": 474.67795275590555, "structure_id": "Chf_11", "w": 118.32204724409445, "h": 25}, {"y": 173.41653543307086, "x": 608.007874015748, "structure_id": "Chf_12", "w": 123.99212598425197, "h": 25}, {"y": 220.83307086614172, "x": 100, "structure_id": "Chf_13", "w": 327, "h": 25}, {"y": 300, "x": 100, "structure_id": "Chf_14", "w": 1000, "h": 33.330708661417304}, {"y": 570.8307086614174, "x": 102.77244094488188, "structure_id": "Chf_15", "w": 86.22755905511812, "h": 25}, {"y": 570.8307086614174, "x": 219.44173228346457, "structure_id": "Chf_16", "w": 76.55826771653543, "h": 25}, {"y": 654.1637795275591, "x": 100, "structure_id": "Chf_17", "w": 82, "h": 25}, {"y": 654.1637795275591, "x": 216.6692913385827, "structure_id": "Chf_18", "w": 118.3307086614173, "h": 25}, {"y": 654.1637795275591, "x": 366.6692913385827, "structure_id": "Chf_19", "w": 85.3307086614173, "h": 25}, {"y": 654.1637795275591, "x": 483.33070866141736, "structure_id": "Chf_20", "w": 130.66929133858264, "h": 25}, {"y": 904.1614173228346, "x": 102.77244094488188, "structure_id": "Chf_21", "w": 86.22755905511812, "h": 25}, {"y": 904.1614173228346, "x": 219.44173228346457, "structure_id": "Chf_22", "w": 76.55826771653543, "h": 25}, {"y": 987.4913385826773, "x": 102.77244094488188, "structure_id": "Chf_23", "w": 86.22755905511812, "h": 25}, {"y": 987.4913385826773, "x": 219.44173228346457, "structure_id": "Chf_24", "w": 76.55826771653543, "h": 25}, {"y": 1120.8307086614172, "x": 102.77244094488188, "structure_id": "Chf_25", "w": 86.22755905511812, "h": 25}, {"y": 1120.8307086614172, "x": 219.44173228346457, "structure_id": "Chf_26", "w": 76.55826771653543, "h": 25}, {"y": 1237.5307086614173, "x": 102.77244094488188, "structure_id": "Chf_27", "w": 86.22755905511812, "h": 25}, {"y": 1237.5307086614173, "x": 219.44173228346457, "structure_id": "Chf_28", "w": 76.55826771653543, "h": 25}, {"y": 1354.1614173228347, "x": 102.77244094488188, "structure_id": "Chf_29", "w": 86.22755905511812, "h": 25}, {"y": 1354.1614173228347, "x": 219.44173228346457, "structure_id": "Chf_30", "w": 76.55826771653543, "h": 25}, {"y": 1437.4944881889764, "x": 100, "structure_id": "Chf_31", "w": 142, "h": 25}, {"y": 1437.4944881889764, "x": 283.33070866141736, "structure_id": "Chf_32", "w": 247.66929133858264, "h": 25}, {"y": 1433.3307086614172, "x": 550, "structure_id": "Chf_33", "w": 1050, "h": 33.33070866141725}, {"y": 1554.1614173228347, "x": 102.77244094488188, "structure_id": "Chf_34", "w": 86.22755905511812, "h": 25}, {"y": 1554.1614173228347, "x": 219.44173228346457, "structure_id": "Chf_35", "w": 76.55826771653543, "h": 25}, {"y": 1640.272440944882, "x": 100, "structure_id": "Chf_36", "w": 524, "h": 26.727559055118036}, {"y": 1756.9417322834645, "x": 100, "structure_id": "Chf_37", "w": 321, "h": 26.05826771653551}, {"y": 1840.28031496063, "x": 101.36929133858268, "structure_id": "Chf_38", "w": 259.6307086614173, "h": 26.719685039370006}, {"y": 1956.9417322834647, "x": 101.36141732283465, "structure_id": "Chf_39", "w": 194.63858267716535, "h": 26.058267716535283}, {"y": 2040.28031496063, "x": 101.36929133858268, "structure_id": "Chf_40", "w": 301.6307086614173, "h": 26.719685039370006}], "Field": [{"y": 51.1251968503937, "x": 83, "structure_id": "Fi_1", "w": 942.2023622047245, "h": 46.83307086614173}, {"y": 707, "x": 100, "structure_id": "Fi_2", "w": 1500, "h": 93}, {"y": 1022, "x": 100, "structure_id": "Fi_3", "w": 1500, "h": 61.33070866141725}, {"y": 1150, "x": 100, "structure_id": "Fi_4", "w": 533.3307086614172, "h": 33.33070866141725}, {"y": 1900.007874015748, "x": 150, "structure_id": "Fi_5", "w": 1433.3307086614172, "h": 33.33070866141725}, {"y": 1866.6779527559056, "x": 150, "structure_id": "Fi_6", "w": 1433.3307086614177, "h": 33.33070866141725}, {"y": 1666.6614173228347, "x": 150, "structure_id": "Fi_7", "w": 1100, "h": 66.66929133858275}, {"y": 1783.3307086614175, "x": 150, "structure_id": "Fi_8", "w": 1433.3307086614172, "h": 33.669291338582525}, {"y": 1983.3307086614172, "x": 150, "structure_id": "Fi_9", "w": 1433.3307086614172, "h": 33.66929133858275}, {"y": 2066.669291338583, "x": 150, "structure_id": "Fi_10", "w": 1433.3307086614172, "h": 33.33070866141725}], "TextRun": [{"parent_TextBlock": "Tb_1", "text": "PATIENT/VETERAN'S SOCIAL SECURITY NO.", "parent_Field": "Fi_1", "parent_Choice_Field": null, "parent_ChoiceGroup": null, "w": 416, "h": 20, "y": 72, "x": 83, "structure_id": "Tr_1"}, {"parent_TextBlock": "Tb_2", "text": "SECTION V - ARRHYTHMIA", "parent_Field": null, "parent_Choice_Field": null, "parent_ChoiceGroup": null, "w": 295, "h": 22, "y": 110, "x": 642, "structure_id": "Tr_2"}, {"parent_TextBlock": "Tb_2", "text": "(Continued)", "parent_Field": null, "parent_Choice_Field": null, "parent_ChoiceGroup": null, "w": 125, "h": 25, "y": 108, "x": 937, "structure_id": "Tr_3"}, {"parent_TextBlock": "Tb_3", "text": "(Indicate date of hospital admission for initial evaluation and medical treatment in Section IX, Procedures)", "parent_Field": null, "parent_Choice_Field": null, "parent_ChoiceGroup": null, "w": 956, "h": 22, "y": 256, "x": 133, "structure_id": "Tr_4"}, {"parent_TextBlock": "Tb_4", "text": "(If checked, indicate frequency):", "parent_Field": null, "parent_Choice_Field": null, "parent_ChoiceGroup": "Chgp_1", "w": 289, "h": 22, "y": 356, "x": 100, "structure_id": "Tr_5"}, {"parent_TextBlock": "Tb_5", "text": "Constant", "parent_Field": null, "parent_Choice_Field": "Chf_1", "parent_ChoiceGroup": "Chgp_1", "w": 78, "h": 19, "y": 357, "x": 453, "structure_id": "Tr_6"}, {"parent_TextBlock": "Tb_6", "text": "Intermittent (paroxysmal)", "parent_Field": null, "parent_Choice_Field": "Chf_2", "parent_ChoiceGroup": "Chgp_1", "w": 215, "h": 19, "y": 357, "x": 586, "structure_id": "Tr_7"}, {"parent_TextBlock": "Tb_7", "text": "(If \"Intermittent,\" indicate number of episodes in the past 12 months):", "parent_Field": null, "parent_Choice_Field": null, "parent_ChoiceGroup": "Chgp_2", "w": 622, "h": 22, "y": 389, "x": 100, "structure_id": "Tr_8"}, {"parent_TextBlock": "Tb_8", "parent_Field": null, "parent_Choice_Field": "Chf_3", "parent_ChoiceGroup": "Chgp_2", "w": 18, "h": 26, "y": 383.03125, "x": 781, "structure_id": "Tr_9"}, {"parent_TextBlock": "Tb_9", "text": "1 - 4", "parent_Field": null, "parent_Choice_Field": "Chf_4", "parent_ChoiceGroup": "Chgp_2", "w": 39, "h": 20, "y": 390, "x": 854, "structure_id": "Tr_10"}, {"parent_TextBlock": "Tb_10", "text": "More than 4", "parent_Field": null, "parent_Choice_Field": "Chf_5", "parent_ChoiceGroup": "Chgp_2", "w": 104, "h": 20, "y": 390, "x": 953, "structure_id": "Tr_11"}, {"parent_TextBlock": "Tb_11", "text": "(Indicate how these episodes were documented.)  (Check all that apply):", "parent_Field": null, "parent_Choice_Field": null, "parent_ChoiceGroup": "Chgp_3", "w": 644, "h": 22, "y": 422, "x": 100, "structure_id": "Tr_12"}, {"parent_TextBlock": "Tb_12", "text": "EKG", "parent_Field": null, "parent_Choice_Field": "Chf_6", "parent_ChoiceGroup": "Chgp_3", "w": 42, "h": 19, "y": 457, "x": 134, "structure_id": "Tr_13"}, {"parent_TextBlock": "Tb_13", "text": "Holter", "parent_Field": null, "parent_Choice_Field": "Chf_7", "parent_ChoiceGroup": "Chgp_3", "w": 52, "h": 19, "y": 457, "x": 231, "structure_id": "Tr_14"}, {"parent_TextBlock": "Tb_14", "text": "Other, specify:", "parent_Field": null, "parent_Choice_Field": "Chf_8", "parent_ChoiceGroup": "Chgp_3", "w": 125, "h": 19, "y": 457, "x": 352, "structure_id": "Tr_15"}, {"parent_TextBlock": "Tb_15", "text": "5B. SELECT TYPE OF ARRHYTHMIA", "parent_Field": null, "parent_Choice_Field": null, "parent_ChoiceGroup": "Chgp_4", "w": 333, "h": 20, "y": 143, "x": 105, "structure_id": "Tr_16"}, {"parent_TextBlock": "Tb_15", "text": "(Check all that apply) (Continued)", "parent_Field": null, "parent_Choice_Field": null, "parent_ChoiceGroup": "Chgp_4", "w": 308, "h": 22, "y": 141, "x": 443, "structure_id": "Tr_17"}, {"parent_TextBlock": "Tb_16", "text": "Atrioventricular block", "parent_Field": null, "parent_Choice_Field": "Chf_9", "parent_ChoiceGroup": "Chgp_4", "w": 180, "h": 19, "y": 176, "x": 137, "structure_id": "Tr_18"}, {"parent_TextBlock": "Tb_17", "text": "I degree", "parent_Field": null, "parent_Choice_Field": "Chf_10", "parent_ChoiceGroup": "Chgp_4", "w": 71, "h": 20, "y": 176, "x": 383, "structure_id": "Tr_19"}, {"parent_TextBlock": "Tb_18", "text": "II degree", "parent_Field": null, "parent_Choice_Field": "Chf_11", "parent_ChoiceGroup": "Chgp_4", "w": 77, "h": 20, "y": 176, "x": 516, "structure_id": "Tr_20"}, {"parent_TextBlock": "Tb_19", "text": "III degree", "parent_Field": null, "parent_Choice_Field": "Chf_12", "parent_ChoiceGroup": "Chgp_4", "w": 82, "h": 20, "y": 176, "x": 650, "structure_id": "Tr_21"}, {"parent_TextBlock": "Tb_20", "text": "Ventricular arrhythmia (sustained)", "parent_Field": null, "parent_Choice_Field": "Chf_13", "parent_ChoiceGroup": "Chgp_4", "w": 292, "h": 19, "y": 224, "x": 135, "structure_id": "Tr_22"}, {"parent_TextBlock": "Tb_21", "text": "Other cardiac arrhythmia, specify:", "parent_Field": null, "parent_Choice_Field": "Chf_14", "parent_ChoiceGroup": "Chgp_4", "w": 291, "h": 19, "y": 307, "x": 134, "structure_id": "Tr_23"}, {"parent_TextBlock": "Tb_22", "text": "SECTION VI - HEART VALVE CONDITIONS", "parent_Field": null, "parent_Choice_Field": null, "parent_ChoiceGroup": null, "w": 448, "h": 22, "y": 507, "x": 626, "structure_id": "Tr_24"}, {"parent_TextBlock": "Tb_23", "text": "(If \"Yes,\" complete Item 6B)", "parent_Field": null, "parent_Choice_Field": null, "parent_ChoiceGroup": null, "w": 250, "h": 22, "y": 572, "x": 317, "structure_id": "Tr_25"}, {"parent_TextBlock": "Tb_24", "text": "6C. DESCRIBE TYPE OF HEART VALVE CONDITION FOR EACH CHECKED VALVE:", "parent_Field": "Fi_2", "parent_Choice_Field": null, "parent_ChoiceGroup": null, "w": 757, "h": 19, "y": 707, "x": 100, "structure_id": "Tr_26"}, {"parent_TextBlock": "Tb_25", "text": "6A. HAS THE VETERAN HAD A HEART VALVE CONDITION?", "parent_Field": null, "parent_Choice_Field": null, "parent_ChoiceGroup": "Chgp_5", "w": 546, "h": 20, "y": 540, "x": 100, "structure_id": "Tr_27"}, {"parent_TextBlock": "Tb_26", "text": "YES", "parent_Field": null, "parent_Choice_Field": "Chf_15", "parent_ChoiceGroup": "Chgp_5", "w": 39, "h": 19, "y": 574, "x": 150, "structure_id": "Tr_28"}, {"parent_TextBlock": "Tb_27", "text": "NO", "parent_Field": null, "parent_Choice_Field": "Chf_16", "parent_ChoiceGroup": "Chgp_5", "w": 29, "h": 19, "y": 574, "x": 267, "structure_id": "Tr_29"}, {"parent_TextBlock": "Tb_28", "text": "6B. SELECT HEART VALVES AFFECTED", "parent_Field": null, "parent_Choice_Field": null, "parent_ChoiceGroup": "Chgp_6", "w": 376, "h": 20, "y": 624, "x": 100, "structure_id": "Tr_30"}, {"parent_TextBlock": "Tb_28", "text": "(Check all that apply):", "parent_Field": null, "parent_Choice_Field": null, "parent_ChoiceGroup": "Chgp_6", "w": 202, "h": 22, "y": 622, "x": 476, "structure_id": "Tr_31"}, {"parent_TextBlock": "Tb_29", "text": "Mitral", "parent_Field": null, "parent_Choice_Field": "Chf_17", "parent_ChoiceGroup": "Chgp_6", "w": 48, "h": 19, "y": 657, "x": 134, "structure_id": "Tr_32"}, {"parent_TextBlock": "Tb_30", "text": "Tricuspid", "parent_Field": null, "parent_Choice_Field": "Chf_18", "parent_ChoiceGroup": "Chgp_6", "w": 79, "h": 19, "y": 657, "x": 256, "structure_id": "Tr_33"}, {"parent_TextBlock": "Tb_31", "text": "Aortic", "parent_Field": null, "parent_Choice_Field": "Chf_19", "parent_ChoiceGroup": "Chgp_6", "w": 49, "h": 19, "y": 657, "x": 403, "structure_id": "Tr_34"}, {"parent_TextBlock": "Tb_32", "text": "Pulmonary", "parent_Field": null, "parent_Choice_Field": "Chf_20", "parent_ChoiceGroup": "Chgp_6", "w": 93, "h": 19, "y": 657, "x": 521, "structure_id": "Tr_35"}, {"parent_TextBlock": "Tb_33", "text": "SECTION VII - INFECTIOUS HEART CONDITIONS", "parent_Field": null, "parent_Choice_Field": null, "parent_ChoiceGroup": null, "w": 515, "h": 22, "y": 807, "x": 591, "structure_id": "Tr_36"}, {"parent_TextBlock": "Tb_34", "text": "(If \"Yes,\" ALSO complete VA Form 21-0960A-2, Artery and Vein Conditions Disability Benefits Questionnaire)", "parent_Field": null, "parent_Choice_Field": null, "parent_ChoiceGroup": null, "w": 992, "h": 22, "y": 1239, "x": 317, "structure_id": "Tr_37"}, {"parent_TextBlock": "Tb_35", "text": "(If, \"Yes,\" describe treatment and site of infection being treated):", "parent_Field": "Fi_3", "parent_Choice_Field": null, "parent_ChoiceGroup": null, "w": 578, "h": 22, "y": 1022, "x": 100, "structure_id": "Tr_38"}, {"parent_TextBlock": "Tb_36", "text": "(If, \"Yes,\" provide date completed):", "parent_Field": "Fi_4", "parent_Choice_Field": null, "parent_ChoiceGroup": null, "w": 316, "h": 22, "y": 1161, "x": 100, "structure_id": "Tr_39"}, {"parent_TextBlock": "Tb_37", "text": "(If \"Yes,\" complete Item 7B)", "parent_Field": null, "parent_Choice_Field": null, "parent_ChoiceGroup": null, "w": 250, "h": 22, "y": 906, "x": 317, "structure_id": "Tr_40"}, {"parent_TextBlock": "Tb_38", "text": "7A. HAS THE VETERAN HAD ANY INFECTIOUS CARDIAC CONDITIONS, INCLUDING ACTIVE VALVULAR INFECTION (INCLUDING RHEUMATIC HEART DISEASE),", "parent_Field": null, "parent_Choice_Field": null, "parent_ChoiceGroup": "Chgp_7", "w": 1475, "h": 20, "y": 845, "x": 100, "structure_id": "Tr_41"}, {"parent_TextBlock": "Tb_38", "text": "ENDOCARDITIS, PERICARDITIS OR SYPHILITIC HEART DISEASE?", "parent_Field": null, "parent_Choice_Field": null, "parent_ChoiceGroup": "Chgp_7", "w": 612, "h": 19, "y": 869, "x": 133, "structure_id": "Tr_42"}, {"parent_TextBlock": "Tb_39", "text": "YES", "parent_Field": null, "parent_Choice_Field": "Chf_21", "parent_ChoiceGroup": "Chgp_7", "w": 39, "h": 19, "y": 907, "x": 150, "structure_id": "Tr_43"}, {"parent_TextBlock": "Tb_40", "text": "NO", "parent_Field": null, "parent_Choice_Field": "Chf_22", "parent_ChoiceGroup": "Chgp_7", "w": 29, "h": 19, "y": 907, "x": 267, "structure_id": "Tr_44"}, {"parent_TextBlock": "Tb_41", "text": "7B. HAS THE VETERAN UNDERGONE OR IS THE VETERAN CURRENTLY UNDERGOING TREATMENT FOR ANY ACTIVE INFECTION?", "parent_Field": null, "parent_Choice_Field": null, "parent_ChoiceGroup": "Chgp_8", "w": 1224, "h": 19, "y": 957, "x": 100, "structure_id": "Tr_45"}, {"parent_TextBlock": "Tb_42", "text": "YES", "parent_Field": null, "parent_Choice_Field": "Chf_23", "parent_ChoiceGroup": "Chgp_8", "w": 39, "h": 20, "y": 990, "x": 150, "structure_id": "Tr_46"}, {"parent_TextBlock": "Tb_43", "text": "NO", "parent_Field": null, "parent_Choice_Field": "Chf_24", "parent_ChoiceGroup": "Chgp_8", "w": 29, "h": 20, "y": 990, "x": 267, "structure_id": "Tr_47"}, {"parent_TextBlock": "Tb_44", "text": "7C. HAS TREATMENT FOR AN ACTIVE INFECTION BEEN COMPLETED?", "parent_Field": null, "parent_Choice_Field": null, "parent_ChoiceGroup": "Chgp_9", "w": 660, "h": 20, "y": 1090, "x": 100, "structure_id": "Tr_48"}, {"parent_TextBlock": "Tb_45", "text": "YES", "parent_Field": null, "parent_Choice_Field": "Chf_25", "parent_ChoiceGroup": "Chgp_9", "w": 39, "h": 19, "y": 1124, "x": 150, "structure_id": "Tr_49"}, {"parent_TextBlock": "Tb_46", "text": "NO", "parent_Field": null, "parent_Choice_Field": "Chf_26", "parent_ChoiceGroup": "Chgp_9", "w": 29, "h": 19, "y": 1124, "x": 267, "structure_id": "Tr_50"}, {"parent_TextBlock": "Tb_47", "text": "7D. HAS THE VETERAN HAD A SYPHILITIC AORTIC ANEURYSM?", "parent_Field": null, "parent_Choice_Field": null, "parent_ChoiceGroup": "Chgp_10", "w": 599, "h": 19, "y": 1207, "x": 100, "structure_id": "Tr_51"}, {"parent_TextBlock": "Tb_48", "text": "YES", "parent_Field": null, "parent_Choice_Field": "Chf_27", "parent_ChoiceGroup": "Chgp_10", "w": 39, "h": 20, "y": 1240, "x": 150, "structure_id": "Tr_52"}, {"parent_TextBlock": "Tb_49", "text": "NO", "parent_Field": null, "parent_Choice_Field": "Chf_28", "parent_ChoiceGroup": "Chgp_10", "w": 29, "h": 20, "y": 1240, "x": 267, "structure_id": "Tr_53"}, {"parent_TextBlock": "Tb_50", "text": "SECTION VIII - PERICARDIAL ADHESIONS", "parent_Field": null, "parent_Choice_Field": null, "parent_ChoiceGroup": null, "w": 448, "h": 23, "y": 1290, "x": 624, "structure_id": "Tr_54"}, {"parent_TextBlock": "Tb_51", "text": "(If \"Yes,\" complete Item 8B)", "parent_Field": null, "parent_Choice_Field": null, "parent_ChoiceGroup": null, "w": 250, "h": 22, "y": 1356, "x": 317, "structure_id": "Tr_55"}, {"parent_TextBlock": "Tb_52", "text": "8A. HAS THE VETERAN HAD PERICARDIAL ADHESIONS?", "parent_Field": null, "parent_Choice_Field": null, "parent_ChoiceGroup": "Chgp_11", "w": 528, "h": 19, "y": 1324, "x": 100, "structure_id": "Tr_56"}, {"parent_TextBlock": "Tb_53", "text": "YES", "parent_Field": null, "parent_Choice_Field": "Chf_29", "parent_ChoiceGroup": "Chgp_11", "w": 39, "h": 19, "y": 1357, "x": 150, "structure_id": "Tr_57"}, {"parent_TextBlock": "Tb_54", "text": "NO", "parent_Field": null, "parent_Choice_Field": "Chf_30", "parent_ChoiceGroup": "Chgp_11", "w": 29, "h": 19, "y": 1357, "x": 267, "structure_id": "Tr_58"}, {"parent_TextBlock": "Tb_55", "text": "8B. SELECT ETIOLOGY OF PERICARDIAL ADHESIONS:", "parent_Field": null, "parent_Choice_Field": null, "parent_ChoiceGroup": "Chgp_12", "w": 508, "h": 19, "y": 1407, "x": 100, "structure_id": "Tr_59"}, {"parent_TextBlock": "Tb_56", "text": "Pericarditis", "parent_Field": null, "parent_Choice_Field": "Chf_31", "parent_ChoiceGroup": "Chgp_12", "w": 97, "h": 20, "y": 1440, "x": 145, "structure_id": "Tr_60"}, {"parent_TextBlock": "Tb_57", "text": "Cardiac surgery/bypass", "parent_Field": null, "parent_Choice_Field": "Chf_32", "parent_ChoiceGroup": "Chgp_12", "w": 204, "h": 20, "y": 1440, "x": 327, "structure_id": "Tr_61"}, {"parent_TextBlock": "Tb_58", "text": "Other, describe:", "parent_Field": null, "parent_Choice_Field": "Chf_33", "parent_ChoiceGroup": "Chgp_12", "w": 139, "h": 20, "y": 1440, "x": 595, "structure_id": "Tr_62"}, {"parent_TextBlock": "Tb_59", "text": "SECTION IX - PROCEDURES", "parent_Field": null, "parent_Choice_Field": null, "parent_ChoiceGroup": null, "w": 302, "h": 22, "y": 1490, "x": 697, "structure_id": "Tr_63"}, {"parent_TextBlock": "Tb_60", "text": "Indicate date of admission for treatment and name of treatment facility:", "parent_Field": "Fi_5", "parent_Choice_Field": null, "parent_ChoiceGroup": null, "w": 607, "h": 19, "y": 1914, "x": 150, "structure_id": "Tr_64"}, {"parent_TextBlock": "Tb_61", "text": "Specify valve(s) replaced and type of valve(s):", "parent_Field": "Fi_6", "parent_Choice_Field": null, "parent_ChoiceGroup": null, "w": 398, "h": 19, "y": 1881, "x": 150, "structure_id": "Tr_65"}, {"parent_TextBlock": "Tb_62", "text": "Indicate date of treatment or date of admission", "parent_Field": "Fi_7", "parent_Choice_Field": null, "parent_ChoiceGroup": null, "w": 401, "h": 19, "y": 1681, "x": 150, "structure_id": "Tr_66"}, {"parent_TextBlock": "Tb_62", "text": "if admitted for treatment and name of treatment facility", "parent_Field": "Fi_7", "parent_Choice_Field": null, "parent_ChoiceGroup": null, "w": 466, "h": 19, "y": 1681, "x": 556, "structure_id": "Tr_67"}, {"parent_TextBlock": "Tb_63", "text": "Indicate date of admission for treatment and name of treatment facility:", "parent_Field": "Fi_8", "parent_Choice_Field": null, "parent_ChoiceGroup": null, "w": 607, "h": 20, "y": 1797, "x": 150, "structure_id": "Tr_68"}, {"parent_TextBlock": "Tb_64", "text": "(If \"Yes,\" complete Item 9B)", "parent_Field": null, "parent_Choice_Field": null, "parent_ChoiceGroup": null, "w": 250, "h": 22, "y": 1556, "x": 317, "structure_id": "Tr_69"}, {"parent_TextBlock": "Tb_65", "text": "Indicate date of admission for treatment and name of treatment facility:", "parent_Field": "Fi_9", "parent_Choice_Field": null, "parent_ChoiceGroup": null, "w": 607, "h": 20, "y": 1997, "x": 150, "structure_id": "Tr_70"}, {"parent_TextBlock": "Tb_66", "text": "Indicate date of admission for treatment and name of treatment facility:", "parent_Field": "Fi_10", "parent_Choice_Field": null, "parent_ChoiceGroup": null, "w": 607, "h": 19, "y": 2081, "x": 150, "structure_id": "Tr_71"}, {"parent_TextBlock": "Tb_67", "text": "9A. HAS THE VETERAN HAD ANY NON-SURGICAL OR SURGICAL PROCEDURES FOR THE TREATMENT OF A HEART CONDITION?", "parent_Field": null, "parent_Choice_Field": null, "parent_ChoiceGroup": "Chgp_13", "w": 1207, "h": 19, "y": 1524, "x": 100, "structure_id": "Tr_72"}, {"parent_TextBlock": "Tb_68", "text": "YES", "parent_Field": null, "parent_Choice_Field": "Chf_34", "parent_ChoiceGroup": "Chgp_13", "w": 39, "h": 19, "y": 1557, "x": 150, "structure_id": "Tr_73"}, {"parent_TextBlock": "Tb_69", "text": "NO", "parent_Field": null, "parent_Choice_Field": "Chf_35", "parent_ChoiceGroup": "Chgp_13", "w": 29, "h": 19, "y": 1557, "x": 267, "structure_id": "Tr_74"}, {"parent_TextBlock": "Tb_70", "text": "9B. INDICATE THE NON-SURGICAL OR SURGICAL PROCEDURES THE VETERAN HAS HAD FOR THE TREATMENT OF HEART CONDITIONS", "parent_Field": null, "parent_Choice_Field": null, "parent_ChoiceGroup": "Chgp_14", "w": 1286, "h": 19, "y": 1608, "x": 100, "structure_id": "Tr_75"}, {"parent_TextBlock": "Tb_70", "text": "(Check all that apply):", "parent_Field": null, "parent_Choice_Field": null, "parent_ChoiceGroup": "Chgp_14", "w": 202, "h": 22, "y": 1606, "x": 1390, "structure_id": "Tr_76"}, {"parent_TextBlock": "Tb_71", "text": "Percutaneous coronary intervention (PCI) (angioplasty)", "parent_Field": null, "parent_Choice_Field": "Chf_36", "parent_ChoiceGroup": "Chgp_14", "w": 474, "h": 20, "y": 1647, "x": 150, "structure_id": "Tr_77"}, {"parent_TextBlock": "Tb_72", "text": "Coronary artery bypass surgery", "parent_Field": null, "parent_Choice_Field": "Chf_37", "parent_ChoiceGroup": "Chgp_14", "w": 273, "h": 19, "y": 1764, "x": 148, "structure_id": "Tr_78"}, {"parent_TextBlock": "Tb_73", "text": "Heart valve replacement", "parent_Field": null, "parent_Choice_Field": "Chf_38", "parent_ChoiceGroup": "Chgp_14", "w": 211, "h": 20, "y": 1847, "x": 150, "structure_id": "Tr_79"}, {"parent_TextBlock": "Tb_74", "text": "Heart transplants", "parent_Field": null, "parent_Choice_Field": "Chf_39", "parent_ChoiceGroup": "Chgp_14", "w": 148, "h": 19, "y": 1964, "x": 148, "structure_id": "Tr_80"}, {"parent_TextBlock": "Tb_75", "text": "Implanted cardiac pacemaker", "parent_Field": null, "parent_Choice_Field": "Chf_40", "parent_ChoiceGroup": "Chgp_14", "w": 255, "h": 20, "y": 2047, "x": 148, "structure_id": "Tr_81"}, {"parent_TextBlock": "Tb_76", "text": "VA FORM 21-0960A-4, DEC 2014", "parent_Field": null, "parent_Choice_Field": null, "parent_ChoiceGroup": null, "w": 296, "h": 19, "y": 2124, "x": 83, "structure_id": "Tr_82"}, {"parent_TextBlock": "Tb_77", "text": "Page 3", "parent_Field": null, "parent_Choice_Field": null, "parent_ChoiceGroup": null, "w": 71, "h": 22, "y": 2122, "x": 1546, "structure_id": "Tr_83"}], "ChoiceGroup": [{"y": 347.0337147280876, "x": 90.99999999999966, "structure_id": "Chgp_1", "w": 716.1702102369037, "h": 36.975697995018976}, {"y": 386.03125, "x": 90, "structure_id": "Chgp_2", "w": 976, "h": 33}, {"y": 415.03125, "x": 90, "structure_id": "Chgp_3", "w": 985, "h": 73}, {"y": 134.03125, "x": 91, "structure_id": "Chgp_4", "w": 1013, "h": 357}, {"y": 535.03125, "x": 91, "structure_id": "Chgp_5", "w": 561, "h": 69}, {"y": 617.03125, "x": 88, "structure_id": "Chgp_6", "w": 597, "h": 80}, {"y": 836.03125, "x": 94, "structure_id": "Chgp_7", "w": 1487, "h": 107}, {"y": 955.03125, "x": 93, "structure_id": "Chgp_8", "w": 1515, "h": 127}, {"y": 1084.03125, "x": 91, "structure_id": "Chgp_9", "w": 672, "h": 105}, {"y": 1196.03125, "x": 87, "structure_id": "Chgp_10", "w": 1227, "h": 83}, {"y": 1316.03125, "x": 91, "structure_id": "Chgp_11", "w": 543, "h": 78}, {"y": 1402.03125, "x": 91, "structure_id": "Chgp_12", "w": 1512, "h": 72}, {"y": 1522.03125, "x": 94, "structure_id": "Chgp_13", "w": 1230, "h": 63}, {"y": 1600.03125, "x": 91, "structure_id": "Chgp_14", "w": 1503.9966905379235, "h": 507}]}