{"Widget": [{"parent_Field": "Fi_1", "parent_Choice_Field": null, "parent_ChoiceGroup": null, "w": 1021.6974894205728, "h": 56.12776014539929, "y": 223.5777113172743, "x": 127.81639099121094, "structure_id": "Wi_1"}, {"parent_Field": "Fi_2", "parent_Choice_Field": null, "parent_ChoiceGroup": null, "w": 394.4972568088108, "h": 48.56109619140628, "y": 227.38054063585068, "x": 1170.0111389160156, "structure_id": "Wi_2"}, {"parent_Field": "Fi_3", "parent_Choice_Field": null, "parent_ChoiceGroup": null, "w": 1453.2068888346355, "h": 61.111111111111086, "y": 1785.7833438449436, "x": 120.91249889797633, "structure_id": "Wi_3"}, {"parent_Field": "Fi_4", "parent_Choice_Field": null, "parent_ChoiceGroup": null, "w": 1458.3738538953992, "h": 70.41166093614356, "y": 1896.3611178927952, "x": 117.81222025553384, "structure_id": "Wi_4"}, {"parent_Field": "Fi_5", "parent_Choice_Field": null, "parent_ChoiceGroup": null, "w": 292.3333062065972, "h": 80.00000847710498, "y": 1668.9999898274739, "x": 1299.6666802300347, "structure_id": "Wi_5"}, {"parent_Field": "Fi_6", "parent_Choice_Field": null, "parent_ChoiceGroup": null, "w": 1444.940185546875, "h": 61.111111111111086, "y": 2006.9388919406467, "x": 122.97916412353516, "structure_id": "Wi_6"}, {"parent_Field": "Fi_7", "parent_Choice_Field": null, "parent_ChoiceGroup": null, "w": 1133, "h": 62, "y": 1679.03125, "x": 116.0078125, "structure_id": "Wi_7"}, {"parent_Field": "Fi_8", "parent_Choice_Field": null, "parent_ChoiceGroup": null, "w": 292.3333062065972, "h": 79.99996609157984, "y": 1056.3333299424912, "x": 1299.6666802300347, "structure_id": "Wi_8"}, {"parent_Field": "Fi_9", "parent_Choice_Field": null, "parent_ChoiceGroup": null, "w": 1459.4072129991318, "h": 61.111111111111086, "y": 1172.9527791341145, "x": 117.81222025553384, "structure_id": "Wi_9"}, {"parent_Field": "Fi_10", "parent_Choice_Field": null, "parent_ChoiceGroup": null, "w": 1465.607198079427, "h": 77.64723036024316, "y": 1281.463877360026, "x": 118.8455581665039, "structure_id": "Wi_10"}, {"parent_Field": "Fi_11", "parent_Choice_Field": null, "parent_ChoiceGroup": null, "w": 1471.8075222439234, "h": 61.111111111111086, "y": 1397.2083197699653, "x": 115.74527952406142, "structure_id": "Wi_11"}, {"parent_Field": "Fi_12", "parent_Choice_Field": null, "parent_ChoiceGroup": null, "w": 1167, "h": 71, "y": 1055.03125, "x": 107.0078125, "structure_id": "Wi_12"}, {"parent_Field": "Fi_13", "parent_Choice_Field": null, "parent_ChoiceGroup": null, "w": 292.6666259765625, "h": 77.33340793185761, "y": 483.99997287326386, "x": 1299.3333604600693, "structure_id": "Wi_13"}, {"parent_Field": "Fi_14", "parent_Choice_Field": null, "parent_ChoiceGroup": null, "w": 720, "h": 57, "y": 502.03125, "x": 125.0078125, "structure_id": "Wi_14"}], "TextBlock": [{"parent_Field": "Fi_1", "parent_Choice_Field": null, "parent_ChoiceGroup": null, "w": 325.0581508906317, "h": 25.95133466534932, "y": 198.1919311493562, "x": 126.000001695421, "structure_id": "Tb_1"}, {"parent_Field": "Fi_2", "parent_Choice_Field": null, "parent_ChoiceGroup": null, "w": 374.5237277982055, "h": 25.95133466534935, "y": 198.52525091932148, "x": 1169.1944546169705, "structure_id": "Tb_2"}, {"parent_Field": null, "parent_Choice_Field": null, "parent_ChoiceGroup": null, "w": 90.14934348194382, "h": 18.13466762741109, "y": 2131.592000737841, "x": 103.99999618530273, "structure_id": "Tb_3"}, {"parent_Field": null, "parent_Choice_Field": null, "parent_ChoiceGroup": null, "w": 1461.021695679968, "h": 28.765334600219532, "y": 123.67465890172771, "x": 115.33333460489908, "structure_id": "Tb_4"}, {"parent_Field": null, "parent_Choice_Field": null, "parent_ChoiceGroup": null, "w": 142.02297073148978, "h": 36.58200163815809, "y": 2115.607999152449, "x": 245.40000491672092, "structure_id": "Tb_5"}, {"parent_Field": null, "parent_Choice_Field": null, "parent_ChoiceGroup": null, "w": 142.03604202219208, "h": 25.95133466534935, "y": 2117.8586664805734, "x": 1450.2777099609375, "structure_id": "Tb_6"}, {"parent_Field": null, "parent_Choice_Field": null, "parent_ChoiceGroup": null, "w": 316.0192549755003, "h": 25.95133466534935, "y": 300.2476291202763, "x": 687.8055572509766, "structure_id": "Tb_7"}, {"parent_Field": null, "parent_Choice_Field": null, "parent_ChoiceGroup": null, "w": 404.6377665993067, "h": 25.95133466534935, "y": 573.9141804983145, "x": 643.4722052680121, "structure_id": "Tb_8"}, {"parent_Field": null, "parent_Choice_Field": null, "parent_ChoiceGroup": null, "w": 1445.7895011039864, "h": 27.90666789573504, "y": 797.8562619749929, "x": 114.0000025431315, "structure_id": "Tb_9"}, {"parent_Field": null, "parent_Choice_Field": null, "parent_ChoiceGroup": null, "w": 1321.10302637645, "h": 28.76533460021949, "y": 622.3968200887937, "x": 105.33332824707031, "structure_id": "Tb_10"}, {"parent_Field": null, "parent_Choice_Field": null, "parent_ChoiceGroup": null, "w": 290.1020988615702, "h": 28.765334600219603, "y": 657.396921814054, "x": 164.0000025431315, "structure_id": "Tb_11"}, {"parent_Field": null, "parent_Choice_Field": null, "parent_ChoiceGroup": null, "w": 16.536686347584194, "h": 12.6406672070907, "y": 662.5032553944818, "x": 125.33333036634657, "structure_id": "Tb_12"}, {"parent_Field": null, "parent_Choice_Field": null, "parent_ChoiceGroup": null, "w": 332.0410077564269, "h": 28.76533460021949, "y": 692.8135884807208, "x": 164.0000025431315, "structure_id": "Tb_13"}, {"parent_Field": null, "parent_Choice_Field": null, "parent_ChoiceGroup": null, "w": 16.536686347584194, "h": 12.640667207090814, "y": 697.9199220611484, "x": 125.33333036634657, "structure_id": "Tb_14"}, {"parent_Field": null, "parent_Choice_Field": null, "parent_ChoiceGroup": null, "w": 1301.7577861681652, "h": 64.09867132439467, "y": 727.8135206638805, "x": 164.0000025431315, "structure_id": "Tb_15"}, {"parent_Field": null, "parent_Choice_Field": null, "parent_ChoiceGroup": null, "w": 16.536686347584194, "h": 12.6406672070907, "y": 732.9198542443082, "x": 125.33333036634657, "structure_id": "Tb_16"}, {"parent_Field": "Fi_3", "parent_Choice_Field": null, "parent_ChoiceGroup": null, "w": 303.1831296978691, "h": 25.951334665349577, "y": 1757.1364637556926, "x": 118.33332909478081, "structure_id": "Tb_17"}, {"parent_Field": "Fi_4", "parent_Choice_Field": null, "parent_ChoiceGroup": null, "w": 191.34876797968332, "h": 25.951334665349805, "y": 1868.4697809825263, "x": 118.33332909478081, "structure_id": "Tb_18"}, {"parent_Field": "Fi_5", "parent_Choice_Field": null, "parent_ChoiceGroup": null, "w": 81.69976675219846, "h": 25.951334665349805, "y": 1648.1364484969035, "x": 1326.9444783528645, "structure_id": "Tb_19"}, {"parent_Field": "Fi_6", "parent_Choice_Field": null, "parent_ChoiceGroup": null, "w": 189.62738583857004, "h": 25.951334665349577, "y": 1981.1253358599135, "x": 118.33332909478081, "structure_id": "Tb_20"}, {"parent_Field": null, "parent_Choice_Field": null, "parent_ChoiceGroup": null, "w": 1440.263101193433, "h": 99.09864589307949, "y": 1531.202455329137, "x": 105.33332824707031, "structure_id": "Tb_21"}, {"parent_Field": "Fi_7", "parent_Choice_Field": null, "parent_ChoiceGroup": null, "w": 169.40307952007507, "h": 25.951334665349577, "y": 1645.1364434106406, "x": 115.33333460489908, "structure_id": "Tb_22"}, {"parent_Field": "Fi_8", "parent_Choice_Field": null, "parent_ChoiceGroup": null, "w": 81.69976675219846, "h": 25.951334665349577, "y": 1022.9975511309099, "x": 1326.9444783528645, "structure_id": "Tb_23"}, {"parent_Field": "Fi_9", "parent_Choice_Field": null, "parent_ChoiceGroup": null, "w": 310.65334019105484, "h": 25.951334665349805, "y": 1145.3309082001372, "x": 118.33332909478081, "structure_id": "Tb_24"}, {"parent_Field": "Fi_10", "parent_Choice_Field": null, "parent_ChoiceGroup": null, "w": 191.20423333884133, "h": 25.951334665349805, "y": 1257.3864535831667, "x": 118.33332909478081, "structure_id": "Tb_25"}, {"parent_Field": "Fi_11", "parent_Choice_Field": null, "parent_ChoiceGroup": null, "w": 189.62738583857004, "h": 25.951334665349577, "y": 1370.3864332381147, "x": 118.33332909478081, "structure_id": "Tb_26"}, {"parent_Field": null, "parent_Choice_Field": null, "parent_ChoiceGroup": null, "w": 1440.263101193433, "h": 98.76536850863931, "y": 900.8135172730387, "x": 105.33332824707031, "structure_id": "Tb_27"}, {"parent_Field": "Fi_12", "parent_Choice_Field": null, "parent_ChoiceGroup": null, "w": 169.40307952007507, "h": 25.951334665349577, "y": 1024.997554521752, "x": 115.33333460489908, "structure_id": "Tb_28"}, {"parent_Field": null, "parent_Choice_Field": null, "parent_ChoiceGroup": null, "w": 158.7736220617112, "h": 28.765334600219262, "y": 847.8135545723007, "x": 766.4722018771702, "structure_id": "Tb_29"}, {"parent_Field": null, "parent_Choice_Field": null, "parent_ChoiceGroup": null, "w": 158.7736220617112, "h": 28.76533460021915, "y": 1486.5357835762072, "x": 766.4722018771702, "structure_id": "Tb_30"}, {"parent_Field": null, "parent_Choice_Field": null, "parent_ChoiceGroup": null, "w": 294.7091692550142, "h": 25.95133466534935, "y": 348.9141804983145, "x": 698.4722137451172, "structure_id": "Tb_31"}, {"parent_Field": null, "parent_Choice_Field": null, "parent_ChoiceGroup": null, "w": 1104.3148816000175, "h": 25.95133466534935, "y": 404.91427544189094, "x": 123.33333757188585, "structure_id": "Tb_32"}, {"parent_Field": "Fi_13", "parent_Choice_Field": null, "parent_ChoiceGroup": null, "w": 74.11900167960198, "h": 25.95133466534935, "y": 462.914289005259, "x": 1306.611124674479, "structure_id": "Tb_33"}, {"parent_Field": "Fi_14", "parent_Choice_Field": null, "parent_ChoiceGroup": null, "w": 161.71176240144428, "h": 25.951334665349293, "y": 465.24752739501594, "x": 123.33333757188585, "structure_id": "Tb_34"}, {"parent_Field": null, "parent_Choice_Field": null, "parent_ChoiceGroup": null, "w": 89.40066344407305, "h": 18.134667627411545, "y": 2103.925331316115, "x": 100, "structure_id": "Tb_35"}], "Choice_Field": [], "Field": [{"y": 198.1919311493562, "x": 126.000001695421, "structure_id": "Fi_1", "w": 1023.5138787163627, "h": 81.51354031331738}, {"y": 198.52525091932148, "x": 1169.1944546169705, "structure_id": "Fi_2", "w": 395.31394110785595, "h": 77.41638590793548}, {"y": 1757.1364637556926, "x": 118.33332909478081, "structure_id": "Fi_3", "w": 1455.786058637831, "h": 89.75799120036208}, {"y": 1868.4697809825263, "x": 117.81222025553384, "structure_id": "Fi_4", "w": 1458.3738538953992, "h": 98.30299784641238}, {"y": 1648.1364484969035, "x": 1299.6666802300347, "structure_id": "Fi_5", "w": 292.3333062065972, "h": 100.86354980767533}, {"y": 1981.1253358599135, "x": 118.33332909478081, "structure_id": "Fi_6", "w": 1449.5860205756294, "h": 86.92466719184426}, {"y": 1645.1364434106406, "x": 115.33333460489908, "structure_id": "Fi_7", "w": 1133.6744778951008, "h": 95.8948065893594}, {"y": 1022.9975511309099, "x": 1299.6666802300347, "structure_id": "Fi_8", "w": 292.3333062065972, "h": 113.33574490316118}, {"y": 1145.3309082001372, "x": 117.81222025553384, "structure_id": "Fi_9", "w": 1459.4072129991318, "h": 88.73298204508842}, {"y": 1257.3864535831667, "x": 118.33332909478081, "structure_id": "Fi_10", "w": 1466.1194271511501, "h": 101.72465413710233}, {"y": 1370.3864332381147, "x": 115.74527952406142, "structure_id": "Fi_11", "w": 1471.8075222439234, "h": 87.93299764296171}, {"y": 1024.997554521752, "x": 107.0078125, "structure_id": "Fi_12", "w": 1167, "h": 101.03369547824809}, {"y": 462.914289005259, "x": 1299.3333604600693, "structure_id": "Fi_13", "w": 292.6666259765625, "h": 98.41909179986249}, {"y": 465.24752739501594, "x": 123.33333757188585, "structure_id": "Fi_14", "w": 721.6744749281141, "h": 93.78372260498406}], "TextRun": [{"parent_TextBlock": "Tb_1", "text": "NAME", "parent_Field": "Fi_1", "parent_Choice_Field": null, "parent_ChoiceGroup": null, "w": 80.09512760869258, "h": 25.95133466534932, "y": 198.1919311493562, "x": 126.000001695421, "structure_id": "Tr_1"}, {"parent_TextBlock": "Tb_1", "text": "(Last, First, Middle)", "parent_Field": "Fi_1", "parent_Choice_Field": null, "parent_ChoiceGroup": null, "w": 237.32481857455096, "h": 25.896001329175846, "y": 198.1919311493562, "x": 213.73333401150174, "structure_id": "Tr_2"}, {"parent_TextBlock": "Tb_2", "text": "LAST FOUR DIGITS OF SSN:", "parent_Field": "Fi_2", "parent_Choice_Field": null, "parent_ChoiceGroup": null, "w": 374.5237277982055, "h": 25.95133466534935, "y": 198.52525091932148, "x": 1169.1944546169705, "structure_id": "Tr_3"}, {"parent_TextBlock": "Tb_3", "text": "NOV 2016", "parent_Field": null, "parent_Choice_Field": null, "parent_ChoiceGroup": null, "w": 90.14934348194382, "h": 18.13466762741109, "y": 2131.592000737841, "x": 103.99999618530273, "structure_id": "Tr_4"}, {"parent_TextBlock": "Tb_4", "text": "VA ADVANCE DIRECTIVE: DURABLE POWER OF ATTORNEY FOR HEALTH CARE AND LIVING WILL", "parent_Field": null, "parent_Choice_Field": null, "parent_ChoiceGroup": null, "w": 1461.021695679968, "h": 28.765334600219532, "y": 123.67465890172771, "x": 115.33333460489908, "structure_id": "Tr_5"}, {"parent_TextBlock": "Tb_5", "text": "10-0137", "parent_Field": null, "parent_Choice_Field": null, "parent_ChoiceGroup": null, "w": 142.02297073148978, "h": 36.58200163815809, "y": 2115.607999152449, "x": 245.40000491672092, "structure_id": "Tr_6"}, {"parent_TextBlock": "Tb_6", "text": "Page 6 of 7", "parent_Field": null, "parent_Choice_Field": null, "parent_ChoiceGroup": null, "w": 142.03604202219208, "h": 25.95133466534935, "y": 2117.8586664805734, "x": 1450.2777099609375, "structure_id": "Tr_7"}, {"parent_TextBlock": "Tb_7", "text": "PART IV:  SIGNATURES", "parent_Field": null, "parent_Choice_Field": null, "parent_ChoiceGroup": null, "w": 316.0192549755003, "h": 25.95133466534935, "y": 300.2476291202763, "x": 687.8055572509766, "structure_id": "Tr_8"}, {"parent_TextBlock": "Tb_8", "text": "B - WITNESSES' SIGNATURES", "parent_Field": null, "parent_Choice_Field": null, "parent_ChoiceGroup": null, "w": 404.6377665993067, "h": 25.95133466534935, "y": 573.9141804983145, "x": 643.4722052680121, "structure_id": "Tr_9"}, {"parent_TextBlock": "Tb_9", "text": "Other employees of your VA facility may sign as witnesses to your advance directive unless they\u00ef\u00bf\u00bdre in your family.", "parent_Field": null, "parent_Choice_Field": null, "parent_ChoiceGroup": null, "w": 1445.7895011039864, "h": 27.90666789573504, "y": 797.8562619749929, "x": 114.0000025431315, "structure_id": "Tr_10"}, {"parent_TextBlock": "Tb_9", "text": "not", "parent_Field": null, "parent_Choice_Field": null, "parent_ChoiceGroup": null, "w": 40.51076495609436, "h": 27.385334539441146, "y": 798.3775953312868, "x": 618.8055674235026, "structure_id": "Tr_11"}, {"parent_TextBlock": "Tb_10", "text": "Two people must witness your signature. VA employees may be witnesses if they are members of:", "parent_Field": null, "parent_Choice_Field": null, "parent_ChoiceGroup": null, "w": 1321.10302637645, "h": 28.76533460021949, "y": 622.3968200887937, "x": 105.33332824707031, "structure_id": "Tr_12"}, {"parent_TextBlock": "Tb_11", "text": "The Chaplain Service", "parent_Field": null, "parent_Choice_Field": null, "parent_ChoiceGroup": null, "w": 290.1020988615702, "h": 28.765334600219603, "y": 657.396921814054, "x": 164.0000025431315, "structure_id": "Tr_13"}, {"parent_TextBlock": "Tb_12", "text": "\u00ef\u0082\u009f", "parent_Field": null, "parent_Choice_Field": null, "parent_ChoiceGroup": null, "w": 16.536686347584194, "h": 12.6406672070907, "y": 662.5032553944818, "x": 125.33333036634657, "structure_id": "Tr_14"}, {"parent_TextBlock": "Tb_13", "text": "The Social Work Service", "parent_Field": null, "parent_Choice_Field": null, "parent_ChoiceGroup": null, "w": 332.0410077564269, "h": 28.76533460021949, "y": 692.8135884807208, "x": 164.0000025431315, "structure_id": "Tr_15"}, {"parent_TextBlock": "Tb_14", "text": "\u00ef\u0082\u009f", "parent_Field": null, "parent_Choice_Field": null, "parent_ChoiceGroup": null, "w": 16.536686347584194, "h": 12.640667207090814, "y": 697.9199220611484, "x": 125.33333036634657, "structure_id": "Tr_16"}, {"parent_TextBlock": "Tb_15", "text": "Nonclinical employees (e.g., Medical Administration Service, Voluntary Service, or Environmental", "parent_Field": null, "parent_Choice_Field": null, "parent_ChoiceGroup": null, "w": 1301.7577861681652, "h": 28.76533460021949, "y": 727.8135206638805, "x": 164.0000025431315, "structure_id": "Tr_17"}, {"parent_TextBlock": "Tb_15", "text": "Management Service)", "parent_Field": null, "parent_Choice_Field": null, "parent_ChoiceGroup": null, "w": 296.5208188430414, "h": 28.765334600219376, "y": 763.1468573880558, "x": 164.0000025431315, "structure_id": "Tr_18"}, {"parent_TextBlock": "Tb_16", "text": "\u00ef\u0082\u009f", "parent_Field": null, "parent_Choice_Field": null, "parent_ChoiceGroup": null, "w": 16.536686347584194, "h": 12.6406672070907, "y": 732.9198542443082, "x": 125.33333036634657, "structure_id": "Tr_19"}, {"parent_TextBlock": "Tb_17", "text": "Name", "parent_Field": "Fi_3", "parent_Choice_Field": null, "parent_ChoiceGroup": null, "w": 74.00838673858219, "h": 25.951334665349577, "y": 1757.1364637556926, "x": 118.33332909478081, "structure_id": "Tr_20"}, {"parent_TextBlock": "Tb_17", "text": "(Printed or Typed)", "parent_Field": "Fi_3", "parent_Choice_Field": null, "parent_ChoiceGroup": null, "w": 221.78312732427972, "h": 25.896001329176215, "y": 1757.1364637556926, "x": 199.7333314683702, "structure_id": "Tr_21"}, {"parent_TextBlock": "Tb_18", "text": "Street Address:", "parent_Field": "Fi_4", "parent_Choice_Field": null, "parent_ChoiceGroup": null, "w": 191.34876797968332, "h": 25.951334665349805, "y": 1868.4697809825263, "x": 118.33332909478081, "structure_id": "Tr_22"}, {"parent_TextBlock": "Tb_19", "text": "DATE:", "parent_Field": "Fi_5", "parent_Choice_Field": null, "parent_ChoiceGroup": null, "w": 81.69976675219846, "h": 25.951334665349805, "y": 1648.1364484969035, "x": 1326.9444783528645, "structure_id": "Tr_23"}, {"parent_TextBlock": "Tb_20", "text": "City, State, Zip:", "parent_Field": "Fi_6", "parent_Choice_Field": null, "parent_ChoiceGroup": null, "w": 189.62738583857004, "h": 25.951334665349577, "y": 1981.1253358599135, "x": 118.33332909478081, "structure_id": "Tr_24"}, {"parent_TextBlock": "Tb_21", "text": "I personally witnessed the signing of this advance directive. I am not appointed as Health Care Agent in this", "parent_Field": null, "parent_Choice_Field": null, "parent_ChoiceGroup": null, "w": 1440.263101193433, "h": 28.76533460021915, "y": 1531.202455329137, "x": 105.33332824707031, "structure_id": "Tr_25"}, {"parent_TextBlock": "Tb_21", "text": "advance directive. I am not financially responsible for the care of the person making this advance directive.", "parent_Field": null, "parent_Choice_Field": null, "parent_ChoiceGroup": null, "w": 1428.0736650754518, "h": 28.76533460021915, "y": 1566.5357920533122, "x": 105.33332824707031, "structure_id": "Tr_26"}, {"parent_TextBlock": "Tb_21", "text": "To the best of my knowledge, I am not named in the person's will.", "parent_Field": null, "parent_Choice_Field": null, "parent_ChoiceGroup": null, "w": 879.0316627154259, "h": 28.765334600219376, "y": 1601.535766621997, "x": 105.33332824707031, "structure_id": "Tr_27"}, {"parent_TextBlock": "Tb_22", "text": "SIGNATURE:", "parent_Field": "Fi_7", "parent_Choice_Field": null, "parent_ChoiceGroup": null, "w": 169.40307952007507, "h": 25.951334665349577, "y": 1645.1364434106406, "x": 115.33333460489908, "structure_id": "Tr_28"}, {"parent_TextBlock": "Tb_23", "text": "DATE:", "parent_Field": "Fi_8", "parent_Choice_Field": null, "parent_ChoiceGroup": null, "w": 81.69976675219846, "h": 25.951334665349577, "y": 1022.9975511309099, "x": 1326.9444783528645, "structure_id": "Tr_29"}, {"parent_TextBlock": "Tb_24", "text": "Name", "parent_Field": "Fi_9", "parent_Choice_Field": null, "parent_ChoiceGroup": null, "w": 74.00838673858219, "h": 25.951334665349805, "y": 1145.3309082001372, "x": 118.33332909478081, "structure_id": "Tr_30"}, {"parent_TextBlock": "Tb_24", "text": "(Printed or Typed):", "parent_Field": "Fi_9", "parent_Choice_Field": null, "parent_ChoiceGroup": null, "w": 229.25333781746545, "h": 25.896001329176215, "y": 1145.3309082001372, "x": 199.7333314683702, "structure_id": "Tr_31"}, {"parent_TextBlock": "Tb_25", "text": "Street Address:", "parent_Field": "Fi_10", "parent_Choice_Field": null, "parent_ChoiceGroup": null, "w": 191.20423333884133, "h": 25.951334665349805, "y": 1257.3864535831667, "x": 118.33332909478081, "structure_id": "Tr_32"}, {"parent_TextBlock": "Tb_26", "text": "City, State, Zip:", "parent_Field": "Fi_11", "parent_Choice_Field": null, "parent_ChoiceGroup": null, "w": 189.62738583857004, "h": 25.951334665349577, "y": 1370.3864332381147, "x": 118.33332909478081, "structure_id": "Tr_33"}, {"parent_TextBlock": "Tb_27", "text": "I personally witnessed the signing of this advance directive. I am not appointed as Health Care Agent in this", "parent_Field": null, "parent_Choice_Field": null, "parent_ChoiceGroup": null, "w": 1440.263101193433, "h": 28.76533460021915, "y": 900.8135172730387, "x": 105.33332824707031, "structure_id": "Tr_34"}, {"parent_TextBlock": "Tb_27", "text": "advance directive. I am not financially responsible for the care of the person making this advance directive.", "parent_Field": null, "parent_Choice_Field": null, "parent_ChoiceGroup": null, "w": 1428.0736650754518, "h": 28.765334600219262, "y": 935.8135342272486, "x": 105.33332824707031, "structure_id": "Tr_35"}, {"parent_TextBlock": "Tb_27", "text": "To the best of my knowledge, I am not named in the person\u00ef\u00bf\u00bds will.", "parent_Field": null, "parent_Choice_Field": null, "parent_ChoiceGroup": null, "w": 880.0317067963721, "h": 28.765334600219262, "y": 970.8135511814587, "x": 105.33332824707031, "structure_id": "Tr_36"}, {"parent_TextBlock": "Tb_28", "text": "SIGNATURE:", "parent_Field": "Fi_12", "parent_Choice_Field": null, "parent_ChoiceGroup": null, "w": 169.40307952007507, "h": 25.951334665349577, "y": 1024.997554521752, "x": 115.33333460489908, "structure_id": "Tr_37"}, {"parent_TextBlock": "Tb_29", "text": "Witness #1", "parent_Field": null, "parent_Choice_Field": null, "parent_ChoiceGroup": null, "w": 158.7736220617112, "h": 28.765334600219262, "y": 847.8135545723007, "x": 766.4722018771702, "structure_id": "Tr_38"}, {"parent_TextBlock": "Tb_30", "text": "Witness #2", "parent_Field": null, "parent_Choice_Field": null, "parent_ChoiceGroup": null, "w": 158.7736220617112, "h": 28.76533460021915, "y": 1486.5357835762072, "x": 766.4722018771702, "structure_id": "Tr_39"}, {"parent_TextBlock": "Tb_31", "text": "A - YOUR SIGNATURE", "parent_Field": null, "parent_Choice_Field": null, "parent_ChoiceGroup": null, "w": 294.7091692550142, "h": 25.95133466534935, "y": 348.9141804983145, "x": 698.4722137451172, "structure_id": "Tr_40"}, {"parent_TextBlock": "Tb_32", "text": "By my signature below, I certify that this form accurately describes my preferences.", "parent_Field": null, "parent_Choice_Field": null, "parent_ChoiceGroup": null, "w": 1104.3148816000175, "h": 25.95133466534935, "y": 404.91427544189094, "x": 123.33333757188585, "structure_id": "Tr_41"}, {"parent_TextBlock": "Tb_33", "text": "DATE", "parent_Field": "Fi_13", "parent_Choice_Field": null, "parent_ChoiceGroup": null, "w": 74.11900167960198, "h": 25.95133466534935, "y": 462.914289005259, "x": 1306.611124674479, "structure_id": "Tr_42"}, {"parent_TextBlock": "Tb_34", "text": "SIGNATURE", "parent_Field": "Fi_14", "parent_Choice_Field": null, "parent_ChoiceGroup": null, "w": 161.71176240144428, "h": 25.951334665349293, "y": 465.24752739501594, "x": 123.33333757188585, "structure_id": "Tr_43"}, {"parent_TextBlock": "Tb_35", "text": "VA  FORM", "parent_Field": null, "parent_Choice_Field": null, "parent_ChoiceGroup": null, "w": 89.40066344407305, "h": 18.134667627411545, "y": 2103.925331316115, "x": 100, "structure_id": "Tr_44"}], "ChoiceGroup": []}