{"Widget": [{"parent_Field": "Fi_1", "parent_Choice_Field": null, "parent_ChoiceGroup": null, "w": 181.25826771653544, "h": 35.43307086614173, "y": 1499.2141732283465, "x": 95.82755905511812, "structure_id": "Wi_1"}, {"parent_Field": "Fi_2", "parent_Choice_Field": null, "parent_ChoiceGroup": null, "w": 1514.5669291338584, "h": 35.43307086614173, "y": 1327.2440944881891, "x": 95.82755905511812, "structure_id": "Wi_2"}, {"parent_Field": "Fi_3", "parent_Choice_Field": null, "parent_ChoiceGroup": null, "w": 735.355905511811, "h": 35.43307086614173, "y": 1400, "x": 872.992125984252, "structure_id": "Wi_3"}, {"parent_Field": "Fi_4", "parent_Choice_Field": null, "parent_ChoiceGroup": null, "w": 193.65826771653545, "h": 35.43307086614173, "y": 1400, "x": 95.82755905511812, "structure_id": "Wi_4"}, {"parent_Field": "Fi_5", "parent_Choice_Field": null, "parent_ChoiceGroup": null, "w": 358.3472440944882, "h": 35.43307086614173, "y": 1499.2141732283465, "x": 493.7, "structure_id": "Wi_5"}, {"parent_Field": "Fi_6", "parent_Choice_Field": null, "parent_ChoiceGroup": null, "w": 358.3472440944882, "h": 35.43307086614173, "y": 1499.2141732283465, "x": 872.9141732283464, "structure_id": "Wi_6"}, {"parent_Field": "Fi_7", "parent_Choice_Field": null, "parent_ChoiceGroup": null, "w": 233.23070866141734, "h": 35.43307086614173, "y": 1499.2141732283465, "x": 1254.0944881889764, "structure_id": "Wi_7"}, {"parent_Field": null, "parent_Choice_Field": "Chf_1", "parent_ChoiceGroup": "Chgp_1", "w": 27.777952755905513, "h": 27.777952755905513, "y": 1227.1834645669292, "x": 126.08031496062992, "structure_id": "Wi_8"}, {"parent_Field": null, "parent_Choice_Field": "Chf_2", "parent_ChoiceGroup": "Chgp_1", "w": 27.777952755905513, "h": 27.777952755905513, "y": 1227.1834645669292, "x": 230.09763779527557, "structure_id": "Wi_9"}, {"parent_Field": "Fi_8", "parent_Choice_Field": null, "parent_ChoiceGroup": null, "w": 193.65826771653545, "h": 35.43307086614173, "y": 615.1968503937009, "x": 735.2748031496063, "structure_id": "Wi_10"}, {"parent_Field": "Fi_9", "parent_Choice_Field": null, "parent_ChoiceGroup": null, "w": 233.23070866141734, "h": 35.43307086614173, "y": 683.0724409448819, "x": 1254.0944881889764, "structure_id": "Wi_11"}, {"parent_Field": "Fi_10", "parent_Choice_Field": null, "parent_ChoiceGroup": null, "w": 1074.9614173228347, "h": 239.52755905511813, "y": 890.1582677165355, "x": 93.78031496062992, "structure_id": "Wi_12"}, {"parent_Field": "Fi_11", "parent_Choice_Field": null, "parent_ChoiceGroup": null, "w": 489.7637795275591, "h": 35.43307086614173, "y": 683.3086614173228, "x": 737.5582677165355, "structure_id": "Wi_13"}, {"parent_Field": "Fi_12", "parent_Choice_Field": null, "parent_ChoiceGroup": null, "w": 352.0472440944882, "h": 35.43307086614173, "y": 615.1968503937009, "x": 1254.172440944882, "structure_id": "Wi_14"}, {"parent_Field": "Fi_13", "parent_Choice_Field": null, "parent_ChoiceGroup": null, "w": 616.6141732283465, "h": 35.43307086614173, "y": 615.1968503937009, "x": 93.78031496062992, "structure_id": "Wi_15"}, {"parent_Field": null, "parent_Choice_Field": "Chf_3", "parent_ChoiceGroup": "Chgp_2", "w": 27.777952755905513, "h": 27.777952755905513, "y": 687.4803149606299, "x": 126.00314960629922, "structure_id": "Wi_16"}, {"parent_Field": null, "parent_Choice_Field": "Chf_4", "parent_ChoiceGroup": "Chgp_2", "w": 27.777952755905513, "h": 27.777952755905513, "y": 687.4803149606299, "x": 265.6858267716535, "structure_id": "Wi_17"}, {"parent_Field": null, "parent_Choice_Field": "Chf_5", "parent_ChoiceGroup": "Chgp_3", "w": 27.777952755905513, "h": 27.777952755905513, "y": 763.0078740157481, "x": 109.70236220472441, "structure_id": "Wi_18"}, {"parent_Field": null, "parent_Choice_Field": "Chf_6", "parent_ChoiceGroup": "Chgp_3", "w": 27.777952755905513, "h": 27.777952755905513, "y": 806.7086614173229, "x": 109.70236220472441, "structure_id": "Wi_19"}, {"parent_Field": null, "parent_Choice_Field": "Chf_7", "parent_ChoiceGroup": "Chgp_3", "w": 27.777952755905513, "h": 27.777952755905513, "y": 763.0078740157481, "x": 259.86141732283465, "structure_id": "Wi_20"}, {"parent_Field": null, "parent_Choice_Field": "Chf_8", "parent_ChoiceGroup": "Chgp_3", "w": 27.777952755905513, "h": 27.777952755905513, "y": 806.7086614173229, "x": 259.86141732283465, "structure_id": "Wi_21"}, {"parent_Field": null, "parent_Choice_Field": "Chf_9", "parent_ChoiceGroup": "Chgp_3", "w": 27.777952755905513, "h": 27.777952755905513, "y": 763.0078740157481, "x": 511.98582677165354, "structure_id": "Wi_22"}, {"parent_Field": null, "parent_Choice_Field": "Chf_10", "parent_ChoiceGroup": "Chgp_3", "w": 27.777952755905513, "h": 27.777952755905513, "y": 806.7086614173229, "x": 511.90866141732283, "structure_id": "Wi_23"}, {"parent_Field": null, "parent_Choice_Field": "Chf_11", "parent_ChoiceGroup": "Chgp_4", "w": 27.777952755905513, "h": 27.777952755905513, "y": 1227.1834645669292, "x": 665.5307086614173, "structure_id": "Wi_24"}, {"parent_Field": null, "parent_Choice_Field": "Chf_12", "parent_ChoiceGroup": "Chgp_4", "w": 27.777952755905513, "h": 27.777952755905513, "y": 1227.1834645669292, "x": 771.592125984252, "structure_id": "Wi_25"}, {"parent_Field": null, "parent_Choice_Field": "Chf_13", "parent_ChoiceGroup": "Chgp_5", "w": 27.777952755905513, "h": 27.777952755905513, "y": 1227.1834645669292, "x": 1123.9559055118111, "structure_id": "Wi_26"}, {"parent_Field": null, "parent_Choice_Field": "Chf_14", "parent_ChoiceGroup": "Chgp_5", "w": 27.777952755905513, "h": 27.777952755905513, "y": 1227.1834645669292, "x": 1236.633070866142, "structure_id": "Wi_27"}, {"parent_Field": "Fi_14", "parent_Choice_Field": null, "parent_ChoiceGroup": null, "w": 410.39448818897637, "h": 35.43307086614173, "y": 815.1196850393701, "x": 1195.8275590551182, "structure_id": "Wi_28"}, {"parent_Field": "Fi_15", "parent_Choice_Field": null, "parent_ChoiceGroup": null, "w": 435.43307086614175, "h": 35.43307086614173, "y": 815.1196850393701, "x": 731.2614173228346, "structure_id": "Wi_29"}, {"parent_Field": "Fi_16", "parent_Choice_Field": null, "parent_ChoiceGroup": null, "w": 629.1330708661418, "h": 35.43307086614173, "y": 1699.9220472440945, "x": 977.0858267716536, "structure_id": "Wi_30"}, {"parent_Field": null, "parent_Choice_Field": "Chf_15", "parent_ChoiceGroup": "Chgp_6", "w": 27.777952755905513, "h": 27.777952755905513, "y": 1606.1582677165356, "x": 123.95590551181103, "structure_id": "Wi_31"}, {"parent_Field": null, "parent_Choice_Field": "Chf_16", "parent_ChoiceGroup": "Chgp_6", "w": 27.777952755905513, "h": 27.777952755905513, "y": 1606.1582677165356, "x": 228.05039370078742, "structure_id": "Wi_32"}, {"parent_Field": null, "parent_Choice_Field": "Chf_17", "parent_ChoiceGroup": "Chgp_7", "w": 27.777952755905513, "h": 27.777952755905513, "y": 1700.0165354330709, "x": 136.16141732283467, "structure_id": "Wi_33"}, {"parent_Field": null, "parent_Choice_Field": "Chf_18", "parent_ChoiceGroup": "Chgp_7", "w": 27.777952755905513, "h": 27.777952755905513, "y": 1700.0165354330709, "x": 240.33307086614172, "structure_id": "Wi_34"}, {"parent_Field": null, "parent_Choice_Field": "Chf_19", "parent_ChoiceGroup": "Chgp_8", "w": 27.777952755905513, "h": 27.777952755905513, "y": 1785.2913385826773, "x": 118.12755905511811, "structure_id": "Wi_35"}, {"parent_Field": null, "parent_Choice_Field": "Chf_20", "parent_ChoiceGroup": "Chgp_9", "w": 27.777952755905513, "h": 27.777952755905513, "y": 1839.3858267716537, "x": 118.12755905511811, "structure_id": "Wi_36"}, {"parent_Field": null, "parent_Choice_Field": "Chf_20", "parent_ChoiceGroup": "Chgp_9", "w": 522.9141732283465, "h": 35.43307086614173, "y": 1839.4503937007873, "x": 995.8275590551181, "structure_id": "Wi_37"}, {"parent_Field": null, "parent_Choice_Field": "Chf_21", "parent_ChoiceGroup": "Chgp_10", "w": 27.777952755905513, "h": 27.777952755905513, "y": 1891.592125984252, "x": 118.12755905511811, "structure_id": "Wi_38"}, {"parent_Field": null, "parent_Choice_Field": "Chf_22", "parent_ChoiceGroup": "Chgp_11", "w": 27.777952755905513, "h": 27.777952755905513, "y": 1949.78031496063, "x": 118.12755905511811, "structure_id": "Wi_39"}, {"parent_Field": null, "parent_Choice_Field": "Chf_23", "parent_ChoiceGroup": "Chgp_12", "w": 27.777952755905513, "h": 27.777952755905513, "y": 2006.08031496063, "x": 118.20787401574803, "structure_id": "Wi_40"}, {"parent_Field": null, "parent_Choice_Field": "Chf_23", "parent_ChoiceGroup": "Chgp_12", "w": 695.8275590551181, "h": 35.43307086614173, "y": 2006.1417322834648, "x": 320.86692913385826, "structure_id": "Wi_41"}, {"parent_Field": null, "parent_Choice_Field": "Chf_24", "parent_ChoiceGroup": "Chgp_13", "w": 27.777952755905513, "h": 27.777952755905513, "y": 2056.1582677165356, "x": 118.12755905511811, "structure_id": "Wi_42"}], "TextBlock": [{"parent_Field": null, "parent_Choice_Field": null, "parent_ChoiceGroup": null, "w": 94, "h": 39, "y": 2109, "x": 81, "structure_id": "Tb_1"}, {"parent_Field": null, "parent_Choice_Field": null, "parent_ChoiceGroup": null, "w": 1182, "h": 23, "y": 1272, "x": 260, "structure_id": "Tb_2"}, {"parent_Field": "Fi_1", "parent_Choice_Field": null, "parent_ChoiceGroup": null, "w": 175, "h": 19, "y": 1448, "x": 85, "structure_id": "Tb_3"}, {"parent_Field": "Fi_2", "parent_Choice_Field": null, "parent_ChoiceGroup": null, "w": 1233, "h": 22, "y": 1303, "x": 85, "structure_id": "Tb_4"}, {"parent_Field": "Fi_3", "parent_Choice_Field": null, "parent_ChoiceGroup": null, "w": 300, "h": 22, "y": 1373, "x": 865, "structure_id": "Tb_5"}, {"parent_Field": "Fi_4", "parent_Choice_Field": null, "parent_ChoiceGroup": null, "w": 305, "h": 20, "y": 1376, "x": 85, "structure_id": "Tb_6"}, {"parent_Field": "Fi_5", "parent_Choice_Field": null, "parent_ChoiceGroup": null, "w": 232, "h": 19, "y": 1448, "x": 485, "structure_id": "Tb_7"}, {"parent_Field": "Fi_6", "parent_Choice_Field": null, "parent_ChoiceGroup": null, "w": 202, "h": 19, "y": 1448, "x": 865, "structure_id": "Tb_8"}, {"parent_Field": "Fi_7", "parent_Choice_Field": null, "parent_ChoiceGroup": null, "w": 359, "h": 39, "y": 1447, "x": 1245, "structure_id": "Tb_9"}, {"parent_Field": null, "parent_Choice_Field": null, "parent_ChoiceGroup": null, "w": 122, "h": 34, "y": 2118, "x": 201, "structure_id": "Tb_10"}, {"parent_Field": null, "parent_Choice_Field": null, "parent_ChoiceGroup": null, "w": 1044, "h": 22, "y": 519, "x": 105, "structure_id": "Tb_11"}, {"parent_Field": null, "parent_Choice_Field": null, "parent_ChoiceGroup": null, "w": 389, "h": 23, "y": 553, "x": 656, "structure_id": "Tb_12"}, {"parent_Field": null, "parent_Choice_Field": null, "parent_ChoiceGroup": "Chgp_1", "w": 470, "h": 79, "y": 1143, "x": 85, "structure_id": "Tb_13"}, {"parent_Field": null, "parent_Choice_Field": "Chf_1", "parent_ChoiceGroup": "Chgp_1", "w": 39, "h": 19, "y": 1236, "x": 163, "structure_id": "Tb_14"}, {"parent_Field": null, "parent_Choice_Field": "Chf_2", "parent_ChoiceGroup": "Chgp_1", "w": 29, "h": 20, "y": 1236, "x": 268, "structure_id": "Tb_15"}, {"parent_Field": "Fi_8", "parent_Choice_Field": null, "parent_ChoiceGroup": null, "w": 450, "h": 19, "y": 584, "x": 725, "structure_id": "Tb_16"}, {"parent_Field": "Fi_9", "parent_Choice_Field": null, "parent_ChoiceGroup": null, "w": 189, "h": 20, "y": 663, "x": 1245, "structure_id": "Tb_17"}, {"parent_Field": "Fi_10", "parent_Choice_Field": null, "parent_ChoiceGroup": null, "w": 981, "h": 23, "y": 863, "x": 85, "structure_id": "Tb_18"}, {"parent_Field": "Fi_11", "parent_Choice_Field": null, "parent_ChoiceGroup": null, "w": 329, "h": 20, "y": 663, "x": 731, "structure_id": "Tb_19"}, {"parent_Field": null, "parent_Choice_Field": null, "parent_ChoiceGroup": null, "w": 174, "h": 46, "y": 863, "x": 1314, "structure_id": "Tb_20"}, {"parent_Field": "Fi_12", "parent_Choice_Field": null, "parent_ChoiceGroup": null, "w": 301, "h": 22, "y": 584, "x": 1245, "structure_id": "Tb_21"}, {"parent_Field": "Fi_13", "parent_Choice_Field": null, "parent_ChoiceGroup": null, "w": 468, "h": 22, "y": 584, "x": 85, "structure_id": "Tb_22"}, {"parent_Field": null, "parent_Choice_Field": null, "parent_ChoiceGroup": "Chgp_2", "w": 230, "h": 20, "y": 663, "x": 85, "structure_id": "Tb_23"}, {"parent_Field": null, "parent_Choice_Field": "Chf_3", "parent_ChoiceGroup": "Chgp_2", "w": 53, "h": 16, "y": 697, "x": 164, "structure_id": "Tb_24"}, {"parent_Field": null, "parent_Choice_Field": "Chf_4", "parent_ChoiceGroup": "Chgp_2", "w": 78, "h": 16, "y": 697, "x": 303, "structure_id": "Tb_25"}, {"parent_Field": null, "parent_Choice_Field": null, "parent_ChoiceGroup": "Chgp_3", "w": 458, "h": 20, "y": 732, "x": 85, "structure_id": "Tb_26"}, {"parent_Field": null, "parent_Choice_Field": "Chf_5", "parent_ChoiceGroup": "Chgp_3", "w": 48, "h": 19, "y": 772, "x": 151, "structure_id": "Tb_27"}, {"parent_Field": null, "parent_Choice_Field": "Chf_6", "parent_ChoiceGroup": "Chgp_3", "w": 81, "h": 20, "y": 813, "x": 151, "structure_id": "Tb_28"}, {"parent_Field": null, "parent_Choice_Field": "Chf_7", "parent_ChoiceGroup": "Chgp_3", "w": 193, "h": 19, "y": 772, "x": 303, "structure_id": "Tb_29"}, {"parent_Field": null, "parent_Choice_Field": "Chf_8", "parent_ChoiceGroup": "Chgp_3", "w": 109, "h": 20, "y": 813, "x": 303, "structure_id": "Tb_30"}, {"parent_Field": null, "parent_Choice_Field": "Chf_9", "parent_ChoiceGroup": "Chgp_3", "w": 58, "h": 19, "y": 772, "x": 552, "structure_id": "Tb_31"}, {"parent_Field": null, "parent_Choice_Field": "Chf_10", "parent_ChoiceGroup": "Chgp_3", "w": 158, "h": 20, "y": 813, "x": 551, "structure_id": "Tb_32"}, {"parent_Field": null, "parent_Choice_Field": null, "parent_ChoiceGroup": "Chgp_4", "w": 457, "h": 59, "y": 1143, "x": 623, "structure_id": "Tb_33"}, {"parent_Field": null, "parent_Choice_Field": "Chf_11", "parent_ChoiceGroup": "Chgp_4", "w": 39, "h": 19, "y": 1236, "x": 704, "structure_id": "Tb_34"}, {"parent_Field": null, "parent_Choice_Field": "Chf_12", "parent_ChoiceGroup": "Chgp_4", "w": 29, "h": 20, "y": 1236, "x": 812, "structure_id": "Tb_35"}, {"parent_Field": null, "parent_Choice_Field": null, "parent_ChoiceGroup": "Chgp_5", "w": 522, "h": 58, "y": 1143, "x": 1094, "structure_id": "Tb_36"}, {"parent_Field": null, "parent_Choice_Field": "Chf_13", "parent_ChoiceGroup": "Chgp_5", "w": 39, "h": 19, "y": 1236, "x": 1167, "structure_id": "Tb_37"}, {"parent_Field": null, "parent_Choice_Field": "Chf_14", "parent_ChoiceGroup": "Chgp_5", "w": 29, "h": 20, "y": 1236, "x": 1278, "structure_id": "Tb_38"}, {"parent_Field": "Fi_14", "parent_Choice_Field": null, "parent_ChoiceGroup": null, "w": 232, "h": 20, "y": 763, "x": 1191, "structure_id": "Tb_39"}, {"parent_Field": "Fi_15", "parent_Choice_Field": null, "parent_ChoiceGroup": null, "w": 426, "h": 42, "y": 763, "x": 729, "structure_id": "Tb_40"}, {"parent_Field": null, "parent_Choice_Field": null, "parent_ChoiceGroup": null, "w": 584, "h": 22, "y": 731, "x": 879, "structure_id": "Tb_41"}, {"parent_Field": null, "parent_Choice_Field": null, "parent_ChoiceGroup": null, "w": 254, "h": 42, "y": 58, "x": 1341, "structure_id": "Tb_42"}, {"parent_Field": null, "parent_Choice_Field": null, "parent_ChoiceGroup": null, "w": 656, "h": 22, "y": 1549, "x": 524, "structure_id": "Tb_43"}, {"parent_Field": "Fi_16", "parent_Choice_Field": null, "parent_ChoiceGroup": null, "w": 558, "h": 20, "y": 1646, "x": 965, "structure_id": "Tb_44"}, {"parent_Field": null, "parent_Choice_Field": null, "parent_ChoiceGroup": null, "w": 964, "h": 23, "y": 1750, "x": 89, "structure_id": "Tb_45"}, {"parent_Field": null, "parent_Choice_Field": null, "parent_ChoiceGroup": "Chgp_6", "w": 946, "h": 20, "y": 1582, "x": 85, "structure_id": "Tb_46"}, {"parent_Field": null, "parent_Choice_Field": "Chf_15", "parent_ChoiceGroup": "Chgp_6", "w": 38, "h": 20, "y": 1614, "x": 162, "structure_id": "Tb_47"}, {"parent_Field": null, "parent_Choice_Field": "Chf_16", "parent_ChoiceGroup": "Chgp_6", "w": 29, "h": 20, "y": 1614, "x": 267, "structure_id": "Tb_48"}, {"parent_Field": null, "parent_Choice_Field": null, "parent_ChoiceGroup": "Chgp_7", "w": 794.9779539558467, "h": 39, "y": 1648, "x": 82.00037683996709, "structure_id": "Tb_49"}, {"parent_Field": null, "parent_Choice_Field": "Chf_17", "parent_ChoiceGroup": "Chgp_7", "w": 39, "h": 19, "y": 1710, "x": 174, "structure_id": "Tb_50"}, {"parent_Field": null, "parent_Choice_Field": "Chf_18", "parent_ChoiceGroup": "Chgp_7", "w": 29, "h": 20, "y": 1709, "x": 281, "structure_id": "Tb_51"}, {"parent_Field": null, "parent_Choice_Field": "Chf_19", "parent_ChoiceGroup": "Chgp_8", "w": 514.9993060629874, "h": 23, "y": 1791, "x": 151.00069393701256, "structure_id": "Tb_52"}, {"parent_Field": null, "parent_Choice_Field": "Chf_20", "parent_ChoiceGroup": "Chgp_9", "w": 827.9993106585968, "h": 23, "y": 1846, "x": 150.00068934140324, "structure_id": "Tb_53"}, {"parent_Field": null, "parent_Choice_Field": "Chf_21", "parent_ChoiceGroup": "Chgp_10", "w": 534.9993106585966, "h": 23, "y": 1900, "x": 150.00068934140333, "structure_id": "Tb_54"}, {"parent_Field": null, "parent_Choice_Field": "Chf_22", "parent_ChoiceGroup": "Chgp_11", "w": 966.9992830849408, "h": 22, "y": 1955, "x": 156.00071691505923, "structure_id": "Tb_55"}, {"parent_Field": null, "parent_Choice_Field": "Chf_23", "parent_ChoiceGroup": "Chgp_12", "w": 157.9992968717687, "h": 22, "y": 2013, "x": 153.0007031282313, "structure_id": "Tb_56"}, {"parent_Field": null, "parent_Choice_Field": "Chf_24", "parent_ChoiceGroup": "Chgp_13", "w": 64.41532720279048, "h": 19, "y": 2064, "x": 150.0006893414032, "structure_id": "Tb_57"}, {"parent_Field": null, "parent_Choice_Field": null, "parent_ChoiceGroup": null, "w": 27, "h": 28, "y": 1783.03125, "x": 84, "structure_id": "Tb_58"}, {"parent_Field": null, "parent_Choice_Field": null, "parent_ChoiceGroup": null, "w": 32, "h": 31, "y": 1840.03125, "x": 82, "structure_id": "Tb_59"}, {"parent_Field": null, "parent_Choice_Field": null, "parent_ChoiceGroup": null, "w": 31, "h": 33, "y": 1895.03125, "x": 84, "structure_id": "Tb_60"}, {"parent_Field": null, "parent_Choice_Field": null, "parent_ChoiceGroup": null, "w": 29, "h": 27, "y": 1952.03125, "x": 85, "structure_id": "Tb_61"}, {"parent_Field": null, "parent_Choice_Field": null, "parent_ChoiceGroup": null, "w": 26, "h": 25, "y": 2011.03125, "x": 85, "structure_id": "Tb_62"}, {"parent_Field": null, "parent_Choice_Field": null, "parent_ChoiceGroup": null, "w": 24, "h": 31, "y": 2056.03125, "x": 85, "structure_id": "Tb_63"}, {"parent_Field": null, "parent_Choice_Field": null, "parent_ChoiceGroup": null, "w": 1460, "h": 188, "y": 178, "x": 123, "structure_id": "Tb_64"}, {"parent_Field": null, "parent_Choice_Field": null, "parent_ChoiceGroup": null, "w": 1460, "h": 140, "y": 367, "x": 123, "structure_id": "Tb_65"}, {"parent_Field": null, "parent_Choice_Field": null, "parent_ChoiceGroup": null, "w": 939, "h": 33, "y": 125, "x": 669, "structure_id": "Tb_66"}, {"parent_Field": null, "parent_Choice_Field": null, "parent_ChoiceGroup": null, "w": 411, "h": 39, "y": 2109, "x": 661, "structure_id": "Tb_67"}], "Choice_Field": [{"y": 1227.1834645669292, "x": 126.08031496062992, "structure_id": "Chf_1", "w": 75.91968503937008, "h": 27.81653543307084}, {"y": 1227.1834645669292, "x": 230.09763779527557, "structure_id": "Chf_2", "w": 66.90236220472443, "h": 28.81653543307084}, {"y": 687.4803149606299, "x": 126.00314960629922, "structure_id": "Chf_3", "w": 90.99685039370078, "h": 27.777952755905517}, {"y": 687.4803149606299, "x": 265.6858267716535, "structure_id": "Chf_4", "w": 115.31417322834648, "h": 27.777952755905517}, {"y": 763.0078740157481, "x": 109.70236220472441, "structure_id": "Chf_5", "w": 89.29763779527559, "h": 27.992125984251857}, {"y": 806.7086614173229, "x": 109.70236220472441, "structure_id": "Chf_6", "w": 122.29763779527559, "h": 27.777952755905517}, {"y": 763.0078740157481, "x": 259.86141732283465, "structure_id": "Chf_7", "w": 236.13858267716535, "h": 27.992125984251857}, {"y": 806.7086614173229, "x": 259.86141732283465, "structure_id": "Chf_8", "w": 152.13858267716535, "h": 27.777952755905517}, {"y": 763.0078740157481, "x": 511.98582677165354, "structure_id": "Chf_9", "w": 98.01417322834646, "h": 27.992125984251857}, {"y": 806.7086614173229, "x": 511.90866141732283, "structure_id": "Chf_10", "w": 197.09133858267717, "h": 27.777952755905517}, {"y": 1227.1834645669292, "x": 665.5307086614173, "structure_id": "Chf_11", "w": 77.4692913385827, "h": 27.81653543307084}, {"y": 1227.1834645669292, "x": 771.592125984252, "structure_id": "Chf_12", "w": 69.407874015748, "h": 28.81653543307084}, {"y": 1227.1834645669292, "x": 1123.9559055118111, "structure_id": "Chf_13", "w": 82.04409448818888, "h": 27.81653543307084}, {"y": 1227.1834645669292, "x": 1236.633070866142, "structure_id": "Chf_14", "w": 70.3669291338581, "h": 28.81653543307084}, {"y": 1606.1582677165356, "x": 123.95590551181103, "structure_id": "Chf_15", "w": 76.04409448818897, "h": 27.841732283464353}, {"y": 1606.1582677165356, "x": 228.05039370078742, "structure_id": "Chf_16", "w": 67.94960629921258, "h": 27.841732283464353}, {"y": 1700.0165354330709, "x": 136.16141732283467, "structure_id": "Chf_17", "w": 76.83858267716533, "h": 28.983464566929115}, {"y": 1700.0165354330709, "x": 240.33307086614172, "structure_id": "Chf_18", "w": 69.66692913385828, "h": 28.983464566929115}, {"y": 1785.2913385826773, "x": 118.12755905511811, "structure_id": "Chf_19", "w": 547.8724409448819, "h": 28.708661417322674}, {"y": 1839.3858267716537, "x": 118.12755905511811, "structure_id": "Chf_20", "w": 1400.6141732283463, "h": 35.497637795275296}, {"y": 1891.592125984252, "x": 118.12755905511811, "structure_id": "Chf_21", "w": 566.8724409448819, "h": 31.407874015747893}, {"y": 1949.78031496063, "x": 118.12755905511811, "structure_id": "Chf_22", "w": 1004.8724409448819, "h": 27.777952755905517}, {"y": 2006.08031496063, "x": 118.20787401574803, "structure_id": "Chf_23", "w": 898.4866141732282, "h": 35.49448818897645}, {"y": 2056.1582677165356, "x": 118.12755905511811, "structure_id": "Chf_24", "w": 96.28845748907555, "h": 27.777952755905517}], "Field": [{"y": 1448, "x": 85, "structure_id": "Fi_1", "w": 192.08582677165356, "h": 86.64724409448809}, {"y": 1303, "x": 85, "structure_id": "Fi_2", "w": 1525.3944881889765, "h": 59.67716535433078}, {"y": 1373, "x": 865, "structure_id": "Fi_3", "w": 743.348031496063, "h": 62.433070866141634}, {"y": 1376, "x": 85, "structure_id": "Fi_4", "w": 305, "h": 59.433070866141634}, {"y": 1448, "x": 485, "structure_id": "Fi_5", "w": 367.0472440944882, "h": 86.64724409448809}, {"y": 1448, "x": 865, "structure_id": "Fi_6", "w": 366.26141732283463, "h": 86.64724409448809}, {"y": 1447, "x": 1245, "structure_id": "Fi_7", "w": 359, "h": 87.64724409448809}, {"y": 584, "x": 725, "structure_id": "Fi_8", "w": 450, "h": 66.6299212598426}, {"y": 663, "x": 1245, "structure_id": "Fi_9", "w": 242.3251968503937, "h": 55.505511811023666}, {"y": 863, "x": 85, "structure_id": "Fi_10", "w": 1083.7417322834647, "h": 266.68582677165364}, {"y": 663, "x": 731, "structure_id": "Fi_11", "w": 496.3220472440946, "h": 55.74173228346456}, {"y": 584, "x": 1245, "structure_id": "Fi_12", "w": 361.21968503937023, "h": 66.6299212598426}, {"y": 584, "x": 85, "structure_id": "Fi_13", "w": 625.3944881889764, "h": 66.6299212598426}, {"y": 763, "x": 1191, "structure_id": "Fi_14", "w": 415.2220472440945, "h": 87.55275590551184}, {"y": 763, "x": 729, "structure_id": "Fi_15", "w": 437.69448818897627, "h": 87.55275590551184}, {"y": 1646, "x": 965, "structure_id": "Fi_16", "w": 641.2188976377954, "h": 89.35511811023616}], "TextRun": [{"parent_TextBlock": "Tb_1", "text": "VA FORM", "parent_Field": null, "parent_Choice_Field": null, "parent_ChoiceGroup": null, "w": 94, "h": 19, "y": 2109, "x": 81, "structure_id": "Tr_1"}, {"parent_TextBlock": "Tb_1", "text": "DEC 2008", "parent_Field": null, "parent_Choice_Field": null, "parent_ChoiceGroup": null, "w": 90, "h": 20, "y": 2128, "x": 81, "structure_id": "Tr_2"}, {"parent_TextBlock": "Tb_2", "text": "PART II - INFORMATION CONCERNING DISABLED OR DECEASED VETERAN OR INDIVIDUAL ON ACTIVE DUTY", "parent_Field": null, "parent_Choice_Field": null, "parent_ChoiceGroup": null, "w": 1182, "h": 23, "y": 1272, "x": 260, "structure_id": "Tr_3"}, {"parent_TextBlock": "Tb_3", "text": "7. DATE OF BIRTH", "parent_Field": "Fi_1", "parent_Choice_Field": null, "parent_ChoiceGroup": null, "w": 175, "h": 19, "y": 1448, "x": 85, "structure_id": "Tr_4"}, {"parent_TextBlock": "Tb_4", "text": "6A. NAME OF VETERAN OR INDIVIDUAL ON ACTIVE DUTY ON WHOSE ACCOUNT BENEFITS ARE CLAIMED", "parent_Field": "Fi_2", "parent_Choice_Field": null, "parent_ChoiceGroup": null, "w": 1001, "h": 19, "y": 1305, "x": 85, "structure_id": "Tr_5"}, {"parent_TextBlock": "Tb_4", "text": "(FIRST- MIDDLE -LAST)", "parent_Field": "Fi_2", "parent_Choice_Field": null, "parent_ChoiceGroup": null, "w": 232, "h": 22, "y": 1303, "x": 1086, "structure_id": "Tr_6"}, {"parent_TextBlock": "Tb_5", "text": "\u00c2\u00a06C. VA FILE NUMBER", "parent_Field": "Fi_3", "parent_Choice_Field": null, "parent_ChoiceGroup": null, "w": 203, "h": 19, "y": 1375, "x": 865, "structure_id": "Tr_7"}, {"parent_TextBlock": "Tb_5", "text": "(If known)", "parent_Field": "Fi_3", "parent_Choice_Field": null, "parent_ChoiceGroup": null, "w": 92, "h": 22, "y": 1373, "x": 1073, "structure_id": "Tr_8"}, {"parent_TextBlock": "Tb_6", "text": "6B. SOCIAL SECURITY NUMBER", "parent_Field": "Fi_4", "parent_Choice_Field": null, "parent_ChoiceGroup": null, "w": 305, "h": 20, "y": 1376, "x": 85, "structure_id": "Tr_9"}, {"parent_TextBlock": "Tb_7", "text": "8. BRANCH OF SERVICE", "parent_Field": "Fi_5", "parent_Choice_Field": null, "parent_ChoiceGroup": null, "w": 232, "h": 19, "y": 1448, "x": 485, "structure_id": "Tr_10"}, {"parent_TextBlock": "Tb_8", "text": "9. SERVICE NUMBER", "parent_Field": "Fi_6", "parent_Choice_Field": null, "parent_ChoiceGroup": null, "w": 202, "h": 19, "y": 1448, "x": 865, "structure_id": "Tr_11"}, {"parent_TextBlock": "Tb_9", "text": "10. DATE OF DEATH OR DATE LISTED", "parent_Field": "Fi_7", "parent_Choice_Field": null, "parent_ChoiceGroup": null, "w": 359, "h": 20, "y": 1447, "x": 1245, "structure_id": "Tr_12"}, {"parent_TextBlock": "Tb_9", "text": "AS MISSING IN ACTION OR P.O.W.", "parent_Field": "Fi_7", "parent_Choice_Field": null, "parent_ChoiceGroup": null, "w": 352, "h": 19, "y": 1467, "x": 1245, "structure_id": "Tr_13"}, {"parent_TextBlock": "Tb_10", "text": "28-8832", "parent_Field": null, "parent_Choice_Field": null, "parent_ChoiceGroup": null, "w": 122, "h": 34, "y": 2118, "x": 201, "structure_id": "Tr_14"}, {"parent_TextBlock": "Tb_11", "text": "INTERNET VERSION AVAILABLE -You may download this application form at www.va.gov/vaforms", "parent_Field": null, "parent_Choice_Field": null, "parent_ChoiceGroup": null, "w": 1044, "h": 22, "y": 519, "x": 105, "structure_id": "Tr_15"}, {"parent_TextBlock": "Tb_12", "text": "PART I -  APPLICANT INFORMATION", "parent_Field": null, "parent_Choice_Field": null, "parent_ChoiceGroup": null, "w": 389, "h": 23, "y": 553, "x": 656, "structure_id": "Tr_16"}, {"parent_TextBlock": "Tb_13", "text": "\u00c2\u00a04A. ARE YOU A CHILD, 14 YEARS OR OLDER,", "parent_Field": null, "parent_Choice_Field": null, "parent_ChoiceGroup": "Chgp_1", "w": 431, "h": 19, "y": 1143, "x": 85, "structure_id": "Tr_17"}, {"parent_TextBlock": "Tb_13", "text": "SPOUSE, OR SURVIVING SPOUSE WITH A", "parent_Field": null, "parent_Choice_Field": null, "parent_ChoiceGroup": "Chgp_1", "w": 436, "h": 19, "y": 1163, "x": 85, "structure_id": "Tr_18"}, {"parent_TextBlock": "Tb_13", "text": "DISABILITY SEEKING SPECIAL RESTORATIVE", "parent_Field": null, "parent_Choice_Field": null, "parent_ChoiceGroup": "Chgp_1", "w": 470, "h": 19, "y": 1183, "x": 85, "structure_id": "Tr_19"}, {"parent_TextBlock": "Tb_13", "text": "TRAINING?\u00c2\u00a0", "parent_Field": null, "parent_Choice_Field": null, "parent_ChoiceGroup": "Chgp_1", "w": 147, "h": 19, "y": 1203, "x": 85, "structure_id": "Tr_20"}, {"parent_TextBlock": "Tb_14", "text": "YES", "parent_Field": null, "parent_Choice_Field": "Chf_1", "parent_ChoiceGroup": "Chgp_1", "w": 39, "h": 19, "y": 1236, "x": 163, "structure_id": "Tr_21"}, {"parent_TextBlock": "Tb_15", "text": "NO", "parent_Field": null, "parent_Choice_Field": "Chf_2", "parent_ChoiceGroup": "Chgp_1", "w": 29, "h": 20, "y": 1236, "x": 268, "structure_id": "Tr_22"}, {"parent_TextBlock": "Tb_16", "text": "1B. SOCIAL SECURITY NUMBER OF APPLICANT", "parent_Field": "Fi_8", "parent_Choice_Field": null, "parent_ChoiceGroup": null, "w": 450, "h": 19, "y": 584, "x": 725, "structure_id": "Tr_23"}, {"parent_TextBlock": "Tb_17", "text": "2C. DATE OF BIRTH", "parent_Field": "Fi_9", "parent_Choice_Field": null, "parent_ChoiceGroup": null, "w": 189, "h": 20, "y": 663, "x": 1245, "structure_id": "Tr_24"}, {"parent_TextBlock": "Tb_18", "text": "\u00c2\u00a03C. MAILING ADDRESS OF APPLICANT", "parent_Field": "Fi_10", "parent_Choice_Field": null, "parent_ChoiceGroup": null, "w": 372, "h": 20, "y": 865, "x": 85, "structure_id": "Tr_25"}, {"parent_TextBlock": "Tb_18", "text": "(Number and street or rural route, city or P.O., State and ZIP Code)", "parent_Field": "Fi_10", "parent_Choice_Field": null, "parent_ChoiceGroup": null, "w": 609, "h": 23, "y": 863, "x": 457, "structure_id": "Tr_26"}, {"parent_TextBlock": "Tb_19", "text": "2B. APPLICANT'S E-MAIL ADDRESS", "parent_Field": "Fi_11", "parent_Choice_Field": null, "parent_ChoiceGroup": null, "w": 329, "h": 20, "y": 663, "x": 731, "structure_id": "Tr_27"}, {"parent_TextBlock": "Tb_20", "text": "VA DATE STAMP", "parent_Field": null, "parent_Choice_Field": null, "parent_ChoiceGroup": null, "w": 165, "h": 20, "y": 863, "x": 1321, "structure_id": "Tr_28"}, {"parent_TextBlock": "Tb_20", "text": "(For VA Use Only)", "parent_Field": null, "parent_Choice_Field": null, "parent_ChoiceGroup": null, "w": 174, "h": 22, "y": 887, "x": 1314, "structure_id": "Tr_29"}, {"parent_TextBlock": "Tb_21", "text": "\u00c2\u00a01C. VA FILE NUMBER", "parent_Field": "Fi_12", "parent_Choice_Field": null, "parent_ChoiceGroup": null, "w": 203, "h": 19, "y": 586, "x": 1245, "structure_id": "Tr_30"}, {"parent_TextBlock": "Tb_21", "text": "(If known)", "parent_Field": "Fi_12", "parent_Choice_Field": null, "parent_ChoiceGroup": null, "w": 92, "h": 22, "y": 584, "x": 1454, "structure_id": "Tr_31"}, {"parent_TextBlock": "Tb_22", "text": "1A. NAME OF APPLICANT", "parent_Field": "Fi_13", "parent_Choice_Field": null, "parent_ChoiceGroup": null, "w": 242, "h": 19, "y": 586, "x": 85, "structure_id": "Tr_32"}, {"parent_TextBlock": "Tb_22", "text": "(FIRST-MIDDLE-LAST)", "parent_Field": "Fi_13", "parent_Choice_Field": null, "parent_ChoiceGroup": null, "w": 221, "h": 22, "y": 584, "x": 332, "structure_id": "Tr_33"}, {"parent_TextBlock": "Tb_23", "text": "2A. SEX OF APPLICANT\u00c2\u00a0", "parent_Field": null, "parent_Choice_Field": null, "parent_ChoiceGroup": "Chgp_2", "w": 230, "h": 20, "y": 663, "x": 85, "structure_id": "Tr_34"}, {"parent_TextBlock": "Tb_24", "text": "MALE", "parent_Field": null, "parent_Choice_Field": "Chf_3", "parent_ChoiceGroup": "Chgp_2", "w": 53, "h": 16, "y": 697, "x": 164, "structure_id": "Tr_35"}, {"parent_TextBlock": "Tb_25", "text": "FEMALE", "parent_Field": null, "parent_Choice_Field": "Chf_4", "parent_ChoiceGroup": "Chgp_2", "w": 78, "h": 16, "y": 697, "x": 303, "structure_id": "Tr_36"}, {"parent_TextBlock": "Tb_26", "text": "3A. RELATIONSHIP OF APPLICANT TO VETERAN", "parent_Field": null, "parent_Choice_Field": null, "parent_ChoiceGroup": "Chgp_3", "w": 458, "h": 20, "y": 732, "x": 85, "structure_id": "Tr_37"}, {"parent_TextBlock": "Tb_27", "text": "SELF", "parent_Field": null, "parent_Choice_Field": "Chf_5", "parent_ChoiceGroup": "Chgp_3", "w": 48, "h": 19, "y": 772, "x": 151, "structure_id": "Tr_38"}, {"parent_TextBlock": "Tb_28", "text": "SPOUSE", "parent_Field": null, "parent_Choice_Field": "Chf_6", "parent_ChoiceGroup": "Chgp_3", "w": 81, "h": 20, "y": 813, "x": 151, "structure_id": "Tr_39"}, {"parent_TextBlock": "Tb_29", "text": "SURVIVING SPOUSE", "parent_Field": null, "parent_Choice_Field": "Chf_7", "parent_ChoiceGroup": "Chgp_3", "w": 193, "h": 19, "y": 772, "x": 303, "structure_id": "Tr_40"}, {"parent_TextBlock": "Tb_30", "text": "STEPCHILD", "parent_Field": null, "parent_Choice_Field": "Chf_8", "parent_ChoiceGroup": "Chgp_3", "w": 109, "h": 20, "y": 813, "x": 303, "structure_id": "Tr_41"}, {"parent_TextBlock": "Tb_31", "text": "CHILD", "parent_Field": null, "parent_Choice_Field": "Chf_9", "parent_ChoiceGroup": "Chgp_3", "w": 58, "h": 19, "y": 772, "x": 552, "structure_id": "Tr_42"}, {"parent_TextBlock": "Tb_32", "text": "ADOPTED CHILD", "parent_Field": null, "parent_Choice_Field": "Chf_10", "parent_ChoiceGroup": "Chgp_3", "w": 158, "h": 20, "y": 813, "x": 551, "structure_id": "Tr_43"}, {"parent_TextBlock": "Tb_33", "text": "\u00c2\u00a04B. ARE YOU A CHILD, SPOUSE, OR", "parent_Field": null, "parent_Choice_Field": null, "parent_ChoiceGroup": "Chgp_4", "w": 352, "h": 19, "y": 1143, "x": 623, "structure_id": "Tr_44"}, {"parent_TextBlock": "Tb_33", "text": "SURVIVING SPOUSE WITH A DISABILITY", "parent_Field": null, "parent_Choice_Field": null, "parent_ChoiceGroup": "Chgp_4", "w": 420, "h": 19, "y": 1163, "x": 623, "structure_id": "Tr_45"}, {"parent_TextBlock": "Tb_33", "text": "SEEKING SPECIAL VOCATIONAL TRAINING?\u00c2\u00a0", "parent_Field": null, "parent_Choice_Field": null, "parent_ChoiceGroup": "Chgp_4", "w": 457, "h": 19, "y": 1183, "x": 623, "structure_id": "Tr_46"}, {"parent_TextBlock": "Tb_34", "text": "YES", "parent_Field": null, "parent_Choice_Field": "Chf_11", "parent_ChoiceGroup": "Chgp_4", "w": 39, "h": 19, "y": 1236, "x": 704, "structure_id": "Tr_47"}, {"parent_TextBlock": "Tb_35", "text": "NO", "parent_Field": null, "parent_Choice_Field": "Chf_12", "parent_ChoiceGroup": "Chgp_4", "w": 29, "h": 20, "y": 1236, "x": 812, "structure_id": "Tr_48"}, {"parent_TextBlock": "Tb_36", "text": "5. HAVE YOU RECEIVED AN INFORMATION PAMPHLET", "parent_Field": null, "parent_Choice_Field": null, "parent_ChoiceGroup": "Chgp_5", "w": 522, "h": 19, "y": 1143, "x": 1094, "structure_id": "Tr_49"}, {"parent_TextBlock": "Tb_36", "text": "EXPLAINING SURVIVORS' AND DEPENDENTS'", "parent_Field": null, "parent_Choice_Field": null, "parent_ChoiceGroup": "Chgp_5", "w": 462, "h": 20, "y": 1162, "x": 1094, "structure_id": "Tr_50"}, {"parent_TextBlock": "Tb_36", "text": "EDUCATIONAL ASSISTANCE BENEFITS?", "parent_Field": null, "parent_Choice_Field": null, "parent_ChoiceGroup": "Chgp_5", "w": 406, "h": 19, "y": 1182, "x": 1094, "structure_id": "Tr_51"}, {"parent_TextBlock": "Tb_37", "text": "YES", "parent_Field": null, "parent_Choice_Field": "Chf_13", "parent_ChoiceGroup": "Chgp_5", "w": 39, "h": 19, "y": 1236, "x": 1167, "structure_id": "Tr_52"}, {"parent_TextBlock": "Tb_38", "text": "NO", "parent_Field": null, "parent_Choice_Field": "Chf_14", "parent_ChoiceGroup": "Chgp_5", "w": 29, "h": 20, "y": 1236, "x": 1278, "structure_id": "Tr_53"}, {"parent_TextBlock": "Tb_39", "text": "OTHER PHONE NUMBER", "parent_Field": "Fi_14", "parent_Choice_Field": null, "parent_ChoiceGroup": null, "w": 232, "h": 20, "y": 763, "x": 1191, "structure_id": "Tr_54"}, {"parent_TextBlock": "Tb_40", "text": "PRIMARY PHONE NUMBER", "parent_Field": "Fi_15", "parent_Choice_Field": null, "parent_ChoiceGroup": null, "w": 258, "h": 19, "y": 766, "x": 729, "structure_id": "Tr_55"}, {"parent_TextBlock": "Tb_40", "text": "(Where a message", "parent_Field": "Fi_15", "parent_Choice_Field": null, "parent_ChoiceGroup": null, "w": 168, "h": 23, "y": 763, "x": 987, "structure_id": "Tr_56"}, {"parent_TextBlock": "Tb_40", "text": "can be left)", "parent_Field": "Fi_15", "parent_Choice_Field": null, "parent_ChoiceGroup": null, "w": 100, "h": 22, "y": 783, "x": 729, "structure_id": "Tr_57"}, {"parent_TextBlock": "Tb_41", "text": "\u00c2\u00a03B. APPLICANT'S TELEPHONE NUMBER\u00c2\u00a0", "parent_Field": null, "parent_Choice_Field": null, "parent_ChoiceGroup": null, "w": 383, "h": 19, "y": 733, "x": 879, "structure_id": "Tr_58"}, {"parent_TextBlock": "Tb_41", "text": "(Including Area Code)", "parent_Field": null, "parent_Choice_Field": null, "parent_ChoiceGroup": null, "w": 201, "h": 22, "y": 731, "x": 1262, "structure_id": "Tr_59"}, {"parent_TextBlock": "Tb_42", "text": "OMB Approved No. 2900-0265", "parent_Field": null, "parent_Choice_Field": null, "parent_ChoiceGroup": null, "w": 254, "h": 19, "y": 58, "x": 1341, "structure_id": "Tr_60"}, {"parent_TextBlock": "Tb_42", "text": "Respondent Burden: 30 minutes", "parent_Field": null, "parent_Choice_Field": null, "parent_ChoiceGroup": null, "w": 250, "h": 20, "y": 80, "x": 1341, "structure_id": "Tr_61"}, {"parent_TextBlock": "Tb_43", "text": "PART III - SPECIAL INFORMATION CONCERNING APPLICANT", "parent_Field": null, "parent_Choice_Field": null, "parent_ChoiceGroup": null, "w": 656, "h": 22, "y": 1549, "x": 524, "structure_id": "Tr_62"}, {"parent_TextBlock": "Tb_44", "text": "12B. SURVIVING SPOUSE'S AGE AT TIME OF REMARRIAGE", "parent_Field": "Fi_16", "parent_Choice_Field": null, "parent_ChoiceGroup": null, "w": 558, "h": 20, "y": 1646, "x": 965, "structure_id": "Tr_63"}, {"parent_TextBlock": "Tb_45", "text": "13. HAVE YOU EVER APPLIED FOR ANY OF THE FOLLOWING VA BENEFITS?\u00c2\u00a0", "parent_Field": null, "parent_Choice_Field": null, "parent_ChoiceGroup": null, "w": 718, "h": 20, "y": 1752, "x": 89, "structure_id": "Tr_64"}, {"parent_TextBlock": "Tb_45", "text": "Check applicable box(es))", "parent_Field": null, "parent_Choice_Field": null, "parent_ChoiceGroup": null, "w": 233, "h": 23, "y": 1750, "x": 820, "structure_id": "Tr_65"}, {"parent_TextBlock": "Tb_46", "text": "11. IF YOU ARE  THE  SPOUSE OF A DISABLED VETERAN, IS A DIVORCE OR ANNULMENT PENDING?", "parent_Field": null, "parent_Choice_Field": null, "parent_ChoiceGroup": "Chgp_6", "w": 946, "h": 20, "y": 1582, "x": 85, "structure_id": "Tr_66"}, {"parent_TextBlock": "Tb_47", "text": "YES", "parent_Field": null, "parent_Choice_Field": "Chf_15", "parent_ChoiceGroup": "Chgp_6", "w": 38, "h": 20, "y": 1614, "x": 162, "structure_id": "Tr_67"}, {"parent_TextBlock": "Tb_48", "text": "NO", "parent_Field": null, "parent_Choice_Field": "Chf_16", "parent_ChoiceGroup": "Chgp_6", "w": 29, "h": 20, "y": 1614, "x": 267, "structure_id": "Tr_68"}, {"parent_TextBlock": "Tb_49", "text": "12A. IF YOU ARE  THE  SURVIVING SPOUSE OF A DECEASED VETERAN, HAVE YOU", "parent_Field": null, "parent_Choice_Field": null, "parent_ChoiceGroup": "Chgp_7", "w": 794.9779539558467, "h": 20, "y": 1648, "x": 82.00037683996709, "structure_id": "Tr_69"}, {"parent_TextBlock": "Tb_49", "text": "REMARRIED SINCE HIS OR HER DEATH ?", "parent_Field": null, "parent_Choice_Field": null, "parent_ChoiceGroup": "Chgp_7", "w": 436, "h": 19, "y": 1668, "x": 85, "structure_id": "Tr_70"}, {"parent_TextBlock": "Tb_50", "text": "YES", "parent_Field": null, "parent_Choice_Field": "Chf_17", "parent_ChoiceGroup": "Chgp_7", "w": 39, "h": 19, "y": 1710, "x": 174, "structure_id": "Tr_71"}, {"parent_TextBlock": "Tb_51", "text": "NO", "parent_Field": null, "parent_Choice_Field": "Chf_18", "parent_ChoiceGroup": "Chgp_7", "w": 29, "h": 20, "y": 1709, "x": 281, "structure_id": "Tr_72"}, {"parent_TextBlock": "Tb_52", "text": "A.        VOCATIONAL REHABILITATION BENEFITS", "parent_Field": null, "parent_Choice_Field": "Chf_19", "parent_ChoiceGroup": "Chgp_8", "w": 400.3767509259181, "h": 20, "y": 1793, "x": 151.00069393701256, "structure_id": "Tr_73"}, {"parent_TextBlock": "Tb_52", "text": "(Chapter 31)", "parent_Field": null, "parent_Choice_Field": "Chf_19", "parent_ChoiceGroup": "Chgp_8", "w": 115, "h": 23, "y": 1791, "x": 551, "structure_id": "Tr_74"}, {"parent_TextBlock": "Tb_53", "text": "B.        VETERANS' EDUCATION ASSISTANCE BASED ON YOUR OWN SERVICE\u00c2\u00a0", "parent_Field": null, "parent_Choice_Field": "Chf_20", "parent_ChoiceGroup": "Chgp_9", "w": 683.2294614903924, "h": 19, "y": 1849, "x": 150.00068934140324, "structure_id": "Tr_75"}, {"parent_TextBlock": "Tb_53", "text": "(Specify benefit)", "parent_Field": null, "parent_Choice_Field": "Chf_20", "parent_ChoiceGroup": "Chgp_9", "w": 145, "h": 23, "y": 1846, "x": 833, "structure_id": "Tr_76"}, {"parent_TextBlock": "Tb_54", "text": "C.        DEPENDENTS' EDUCATIONAL ASSISTANCE", "parent_Field": null, "parent_Choice_Field": "Chf_21", "parent_ChoiceGroup": "Chgp_10", "w": 420.35556496698047, "h": 20, "y": 1902, "x": 150.00068934140333, "structure_id": "Tr_77"}, {"parent_TextBlock": "Tb_54", "text": "(Chapter 35)", "parent_Field": null, "parent_Choice_Field": "Chf_21", "parent_ChoiceGroup": "Chgp_10", "w": 115, "h": 23, "y": 1900, "x": 570, "structure_id": "Tr_78"}, {"parent_TextBlock": "Tb_55", "text": "D.        SURVIVORS' AND DEPENDENTS EDUCATIONAL ASSISTANCE \u00c2\u00a0", "parent_Field": null, "parent_Choice_Field": "Chf_22", "parent_ChoiceGroup": "Chgp_11", "w": 586.2891636842431, "h": 20, "y": 1957, "x": 156.00071691505923, "structure_id": "Tr_79"}, {"parent_TextBlock": "Tb_55", "text": "(Complete Items 14A and 14B)\u00c2\u00a0on reverse)", "parent_Field": null, "parent_Choice_Field": "Chf_22", "parent_ChoiceGroup": "Chgp_11", "w": 381, "h": 22, "y": 1955, "x": 742, "structure_id": "Tr_80"}, {"parent_TextBlock": "Tb_56", "text": "E.         OTHER", "parent_Field": null, "parent_Choice_Field": "Chf_23", "parent_ChoiceGroup": "Chgp_12", "w": 74.34713824412155, "h": 19, "y": 2015, "x": 153.0007031282313, "structure_id": "Tr_81"}, {"parent_TextBlock": "Tb_56", "text": "(Specify)", "parent_Field": null, "parent_Choice_Field": "Chf_23", "parent_ChoiceGroup": "Chgp_12", "w": 79, "h": 22, "y": 2013, "x": 232, "structure_id": "Tr_82"}, {"parent_TextBlock": "Tb_57", "text": "F.         NONE", "parent_Field": null, "parent_Choice_Field": "Chf_24", "parent_ChoiceGroup": "Chgp_13", "w": 64.41532720279046, "h": 19, "y": 2064, "x": 150.0006893414032, "structure_id": "Tr_83"}, {"parent_TextBlock": "Tb_58", "parent_Field": null, "parent_Choice_Field": null, "parent_ChoiceGroup": null, "w": 27, "h": 28, "y": 1783.03125, "x": 84, "structure_id": "Tr_84"}, {"parent_TextBlock": "Tb_59", "parent_Field": null, "parent_Choice_Field": null, "parent_ChoiceGroup": null, "w": 32, "h": 31, "y": 1840.03125, "x": 82, "structure_id": "Tr_85"}, {"parent_TextBlock": "Tb_60", "parent_Field": null, "parent_Choice_Field": null, "parent_ChoiceGroup": null, "w": 31, "h": 33, "y": 1895.03125, "x": 84, "structure_id": "Tr_86"}, {"parent_TextBlock": "Tb_61", "parent_Field": null, "parent_Choice_Field": null, "parent_ChoiceGroup": null, "w": 29, "h": 27, "y": 1952.03125, "x": 85, "structure_id": "Tr_87"}, {"parent_TextBlock": "Tb_62", "parent_Field": null, "parent_Choice_Field": null, "parent_ChoiceGroup": null, "w": 26, "h": 25, "y": 2011.03125, "x": 85, "structure_id": "Tr_88"}, {"parent_TextBlock": "Tb_63", "parent_Field": null, "parent_Choice_Field": null, "parent_ChoiceGroup": null, "w": 24, "h": 31, "y": 2056.03125, "x": 85, "structure_id": "Tr_89"}, {"parent_TextBlock": "Tb_64", "text": "PRIVACY  ACT  INFORMATION:  The  VA  will  not  disclose  information  collected  on  this  form  to  any  source  other  than  what  has  been  authorized  under  the", "parent_Field": null, "parent_Choice_Field": null, "parent_ChoiceGroup": null, "w": 1460, "h": 22, "y": 178, "x": 123, "structure_id": "Tr_90"}, {"parent_TextBlock": "Tb_64", "text": "Privacy  Act  of  1974  or  Title  38,  Code  of  Federal  Regulations  1.576  for  routine  uses  identified  in  the  VA  system  of  records,  58VA21/22/28,  Compensation,", "parent_Field": null, "parent_Choice_Field": null, "parent_ChoiceGroup": null, "w": 1460, "h": 22, "y": 202, "x": 123, "structure_id": "Tr_91"}, {"parent_TextBlock": "Tb_64", "text": "Pension,  Education,  and  Vocational  Rehabilitation  and  Employment  Records  VA,  published  in  the  Federal  Register.  Your  obligation  to  respond  is  required  to", "parent_Field": null, "parent_Choice_Field": null, "parent_ChoiceGroup": null, "w": 1460, "h": 23, "y": 225, "x": 123, "structure_id": "Tr_92"}, {"parent_TextBlock": "Tb_64", "text": "obtain  or  retain  benefits.  Giving  us  your  SSN  account  information  is  mandatory.  Applicants  are  required  to  provide  their  SSN  under  Title  38  USC  5101  (c)  (1).", "parent_Field": null, "parent_Choice_Field": null, "parent_ChoiceGroup": null, "w": 1460, "h": 22, "y": 249, "x": 123, "structure_id": "Tr_93"}, {"parent_TextBlock": "Tb_64", "text": "The  VA  will  not  deny  an  individual  benefits  for  refusing  to  provide  his  or  her  SSN  unless  the  disclosure  of  the  SSN  is  required  by  Federal  Statute  of  law  in  effect", "parent_Field": null, "parent_Choice_Field": null, "parent_ChoiceGroup": null, "w": 1460, "h": 22, "y": 273, "x": 123, "structure_id": "Tr_94"}, {"parent_TextBlock": "Tb_64", "text": "prior  to  January  1,  1975,  and  still  in  effect.  The  requested  information  is  considered  relevant  and  necessary  to  determine  maximum  benefits  under  the  law.  The", "parent_Field": null, "parent_Choice_Field": null, "parent_ChoiceGroup": null, "w": 1460, "h": 23, "y": 296, "x": 123, "structure_id": "Tr_95"}, {"parent_TextBlock": "Tb_64", "text": "responses  you  submit  are  considered  confidential  (38  U.S.C.  5701).  Any  information  provided  by  applicants,  recipients,  and  others  may  be  subject  to  verification", "parent_Field": null, "parent_Choice_Field": null, "parent_ChoiceGroup": null, "w": 1460, "h": 22, "y": 320, "x": 123, "structure_id": "Tr_96"}, {"parent_TextBlock": "Tb_64", "text": "through computer matching programs with other agencies.", "parent_Field": null, "parent_Choice_Field": null, "parent_ChoiceGroup": null, "w": 531, "h": 22, "y": 344, "x": 123, "structure_id": "Tr_97"}, {"parent_TextBlock": "Tb_65", "text": "RESPONDENT  BURDEN:  We  need  this  information  to  determine  if  the  veteran  and  other  beneficiaries  are  eligible  for  counseling  services  that  VR&E  services", "parent_Field": null, "parent_Choice_Field": null, "parent_ChoiceGroup": null, "w": 1460, "h": 22, "y": 367, "x": 123, "structure_id": "Tr_98"}, {"parent_TextBlock": "Tb_65", "text": "proivde.  Title  38,  United  States  Code,  allows  us  to  ask  for  this  information.  We  estimate  that  you  will  need  an  average  of  30  minutes  to  review  the  instructions,", "parent_Field": null, "parent_Choice_Field": null, "parent_ChoiceGroup": null, "w": 1460, "h": 22, "y": 391, "x": 123, "structure_id": "Tr_99"}, {"parent_TextBlock": "Tb_65", "text": "find  the  information,  and  complete  this  form.  VA  cannot  conduct  or  sponsor  collection  of  information  unless  valid  OMB  control  number  is  displayed.  You  are", "parent_Field": null, "parent_Choice_Field": null, "parent_ChoiceGroup": null, "w": 1460, "h": 23, "y": 414, "x": 123, "structure_id": "Tr_100"}, {"parent_TextBlock": "Tb_65", "text": "not  required  to  respond  to  collection  of  information  if  this  number  is  not  displayed.  Valid  OMB  control  numbers  can  be  located  on  the  OMB  Internet  Page  at", "parent_Field": null, "parent_Choice_Field": null, "parent_ChoiceGroup": null, "w": 1460, "h": 22, "y": 438, "x": 123, "structure_id": "Tr_101"}, {"parent_TextBlock": "Tb_65", "text": "www.whitehouse.gov/omb/library/OMBINV.VA.EPA.html#VA.  If  desired,  you  can  call  1-800-827-1000  to  get  information  on  where  to  send  comments  or", "parent_Field": null, "parent_Choice_Field": null, "parent_ChoiceGroup": null, "w": 1460, "h": 22, "y": 462, "x": 123, "structure_id": "Tr_102"}, {"parent_TextBlock": "Tb_65", "text": "suggestions about this form.", "parent_Field": null, "parent_Choice_Field": null, "parent_ChoiceGroup": null, "w": 250, "h": 22, "y": 485, "x": 123, "structure_id": "Tr_103"}, {"parent_TextBlock": "Tb_66", "text": "EDUCATIONAL/VOCATIONAL COUNSELING APPLICATION", "parent_Field": null, "parent_Choice_Field": null, "parent_ChoiceGroup": null, "w": 939, "h": 33, "y": 125, "x": 669, "structure_id": "Tr_104"}, {"parent_TextBlock": "Tb_67", "text": "SUPERSEDES VA FORM 28-8832, JAN 2007,", "parent_Field": null, "parent_Choice_Field": null, "parent_ChoiceGroup": null, "w": 411, "h": 19, "y": 2109, "x": 661, "structure_id": "Tr_105"}, {"parent_TextBlock": "Tb_67", "text": "WHICH WILL NOT BE USED.", "parent_Field": null, "parent_Choice_Field": null, "parent_ChoiceGroup": null, "w": 259, "h": 20, "y": 2128, "x": 661, "structure_id": "Tr_106"}], "ChoiceGroup": [{"y": 1138.03125, "x": 79, "structure_id": "Chgp_1", "w": 528, "h": 120}, {"y": 653.03125, "x": 81, "structure_id": "Chgp_2", "w": 363, "h": 65}, {"y": 727.03125, "x": 81, "structure_id": "Chgp_3", "w": 639, "h": 112}, {"y": 1135.03125, "x": 616, "structure_id": "Chgp_4", "w": 468, "h": 124}, {"y": 1138.03125, "x": 1087, "structure_id": "Chgp_5", "w": 534, "h": 123}, {"y": 1576.03125, "x": 82, "structure_id": "Chgp_6", "w": 1011, "h": 61}, {"y": 1640.03125, "x": 79, "structure_id": "Chgp_7", "w": 848, "h": 96}, {"y": 1781.03125, "x": 112, "structure_id": "Chgp_8", "w": 561, "h": 35}, {"y": 1835.03125, "x": 111, "structure_id": "Chgp_9", "w": 1417, "h": 41}, {"y": 1888.03125, "x": 114, "structure_id": "Chgp_10", "w": 573, "h": 39}, {"y": 1940.03125, "x": 112, "structure_id": "Chgp_11", "w": 1014, "h": 41}, {"y": 2002.03125, "x": 114, "structure_id": "Chgp_12", "w": 910, "h": 40}, {"y": 2050.03125, "x": 112, "structure_id": "Chgp_13", "w": 117, "h": 37}]}