{"Widget": [{"parent_Field": "Fi_1", "parent_Choice_Field": null, "parent_ChoiceGroup": null, "w": 140.50236220472442, "h": 46.83307086614173, "y": 50, "x": 507.8330708661417, "structure_id": "Wi_1"}, {"parent_Field": "Fi_1", "parent_Choice_Field": null, "parent_ChoiceGroup": null, "w": 88.94488188976378, "h": 46.83307086614173, "y": 50, "x": 698.18031496063, "structure_id": "Wi_2"}, {"parent_Field": "Fi_1", "parent_Choice_Field": null, "parent_ChoiceGroup": null, "w": 188.88031496062993, "h": 46.83307086614173, "y": 50, "x": 840.4417322834646, "structure_id": "Wi_3"}, {"parent_Field": "Fi_2", "parent_Choice_Field": null, "parent_ChoiceGroup": null, "w": 1500, "h": 66.66929133858268, "y": 255.48031496062993, "x": 99.99212598425197, "structure_id": "Wi_4"}, {"parent_Field": "Fi_3", "parent_Choice_Field": null, "parent_ChoiceGroup": null, "w": 1500, "h": 121.53622047244095, "y": 505.4803149606299, "x": 99.99212598425197, "structure_id": "Wi_5"}, {"parent_Field": "Fi_4", "parent_Choice_Field": null, "parent_ChoiceGroup": null, "w": 183.33070866141733, "h": 33.497637795275594, "y": 388.8196850393701, "x": 616.6614173228346, "structure_id": "Wi_6"}, {"parent_Field": "Fi_5", "parent_Choice_Field": null, "parent_ChoiceGroup": null, "w": 116.66929133858268, "h": 33.497637795275594, "y": 388.8196850393701, "x": 149.99212598425197, "structure_id": "Wi_7"}, {"parent_Field": "Fi_6", "parent_Choice_Field": null, "parent_ChoiceGroup": null, "w": 116.66929133858268, "h": 33.497637795275594, "y": 388.8196850393701, "x": 349.99212598425197, "structure_id": "Wi_8"}, {"parent_Field": null, "parent_Choice_Field": "Chf_1", "parent_ChoiceGroup": "Chgp_1", "w": 25, "h": 25, "y": 223.5330708661417, "x": 108.31968503937009, "structure_id": "Wi_9"}, {"parent_Field": null, "parent_Choice_Field": "Chf_2", "parent_ChoiceGroup": "Chgp_1", "w": 25, "h": 25, "y": 223.5330708661417, "x": 224.98897637795278, "structure_id": "Wi_10"}, {"parent_Field": null, "parent_Choice_Field": "Chf_3", "parent_ChoiceGroup": "Chgp_2", "w": 25, "h": 25, "y": 356.8803149606299, "x": 108.31968503937009, "structure_id": "Wi_11"}, {"parent_Field": null, "parent_Choice_Field": "Chf_4", "parent_ChoiceGroup": "Chgp_2", "w": 25, "h": 25, "y": 356.8803149606299, "x": 224.98897637795278, "structure_id": "Wi_12"}, {"parent_Field": null, "parent_Choice_Field": "Chf_5", "parent_ChoiceGroup": "Chgp_3", "w": 25, "h": 25, "y": 473.54173228346457, "x": 108.31968503937009, "structure_id": "Wi_13"}, {"parent_Field": null, "parent_Choice_Field": "Chf_6", "parent_ChoiceGroup": "Chgp_3", "w": 25, "h": 25, "y": 473.54173228346457, "x": 224.98897637795278, "structure_id": "Wi_14"}, {"parent_Field": "Fi_7", "parent_Choice_Field": null, "parent_ChoiceGroup": null, "w": 1500, "h": 208.3220472440945, "y": 724.5968503937008, "x": 99.99212598425197, "structure_id": "Wi_15"}, {"parent_Field": null, "parent_Choice_Field": "Chf_7", "parent_ChoiceGroup": "Chgp_4", "w": 25, "h": 25, "y": 693.1165354330708, "x": 108.31968503937009, "structure_id": "Wi_16"}, {"parent_Field": null, "parent_Choice_Field": "Chf_8", "parent_ChoiceGroup": "Chgp_4", "w": 25, "h": 25, "y": 693.1165354330708, "x": 224.98897637795278, "structure_id": "Wi_17"}, {"parent_Field": "Fi_8", "parent_Choice_Field": null, "parent_ChoiceGroup": null, "w": 1500, "h": 198.67795275590552, "y": 1001.3220472440945, "x": 100, "structure_id": "Wi_18"}, {"parent_Field": "Fi_9", "parent_Choice_Field": null, "parent_ChoiceGroup": null, "w": 450, "h": 33.33070866141732, "y": 1450.007874015748, "x": 600, "structure_id": "Wi_19"}, {"parent_Field": "Fi_10", "parent_Choice_Field": null, "parent_ChoiceGroup": null, "w": 486.8275590551181, "h": 61.483464566929136, "y": 1417.3614173228348, "x": 1115.2748031496062, "structure_id": "Wi_20"}, {"parent_Field": "Fi_11", "parent_Choice_Field": null, "parent_ChoiceGroup": null, "w": 466.6692913385827, "h": 61.516535433070864, "y": 1416.6692913385828, "x": 100, "structure_id": "Wi_21"}, {"parent_Field": "Fi_12", "parent_Choice_Field": null, "parent_ChoiceGroup": null, "w": 583.3307086614174, "h": 33.33070866141732, "y": 1350.007874015748, "x": 700, "structure_id": "Wi_22"}, {"parent_Field": "Fi_13", "parent_Choice_Field": null, "parent_ChoiceGroup": null, "w": 583.3385826771654, "h": 33.33070866141732, "y": 1350.007874015748, "x": 100, "structure_id": "Wi_23"}, {"parent_Field": "Fi_14", "parent_Choice_Field": null, "parent_ChoiceGroup": null, "w": 215.29133858267716, "h": 33.33070866141732, "y": 1350.007874015748, "x": 1316.6692913385825, "structure_id": "Wi_24"}, {"parent_Field": "Fi_15", "parent_Choice_Field": null, "parent_ChoiceGroup": null, "w": 466.6220472440945, "h": 33.519685039370074, "y": 1550.007874015748, "x": 733.3307086614174, "structure_id": "Wi_25"}], "TextBlock": [{"parent_Field": "Fi_1", "parent_Choice_Field": null, "parent_ChoiceGroup": null, "w": 416, "h": 19, "y": 79, "x": 83, "structure_id": "Tb_1"}, {"parent_Field": null, "parent_Choice_Field": null, "parent_ChoiceGroup": null, "w": 408, "h": 23, "y": 112, "x": 646, "structure_id": "Tb_2"}, {"parent_Field": null, "parent_Choice_Field": null, "parent_ChoiceGroup": null, "w": 358, "h": 22, "y": 361, "x": 317, "structure_id": "Tb_3"}, {"parent_Field": null, "parent_Choice_Field": null, "parent_ChoiceGroup": null, "w": 1309, "h": 25, "y": 151, "x": 100, "structure_id": "Tb_4"}, {"parent_Field": "Fi_2", "parent_Choice_Field": null, "parent_ChoiceGroup": null, "w": 556, "h": 22, "y": 228, "x": 317, "structure_id": "Tb_5"}, {"parent_Field": "Fi_3", "parent_Choice_Field": null, "parent_ChoiceGroup": null, "w": 675, "h": 22, "y": 478, "x": 317, "structure_id": "Tb_6"}, {"parent_Field": "Fi_4", "parent_Choice_Field": null, "parent_ChoiceGroup": null, "w": 105, "h": 19, "y": 403, "x": 500, "structure_id": "Tb_7"}, {"parent_Field": "Fi_5", "parent_Choice_Field": null, "parent_ChoiceGroup": null, "w": 41, "h": 19, "y": 403, "x": 100, "structure_id": "Tb_8"}, {"parent_Field": "Fi_6", "parent_Choice_Field": null, "parent_ChoiceGroup": null, "w": 35, "h": 19, "y": 403, "x": 300, "structure_id": "Tb_9"}, {"parent_Field": null, "parent_Choice_Field": null, "parent_ChoiceGroup": "Chgp_1", "w": 437, "h": 19, "y": 196, "x": 100, "structure_id": "Tb_10"}, {"parent_Field": null, "parent_Choice_Field": "Chf_1", "parent_ChoiceGroup": "Chgp_1", "w": 39, "h": 20, "y": 229, "x": 150, "structure_id": "Tb_11"}, {"parent_Field": null, "parent_Choice_Field": "Chf_2", "parent_ChoiceGroup": "Chgp_1", "w": 29, "h": 20, "y": 229, "x": 267, "structure_id": "Tb_12"}, {"parent_Field": null, "parent_Choice_Field": null, "parent_ChoiceGroup": "Chgp_2", "w": 1056, "h": 22, "y": 328, "x": 100, "structure_id": "Tb_13"}, {"parent_Field": null, "parent_Choice_Field": "Chf_3", "parent_ChoiceGroup": "Chgp_2", "w": 39, "h": 20, "y": 362, "x": 150, "structure_id": "Tb_14"}, {"parent_Field": null, "parent_Choice_Field": "Chf_4", "parent_ChoiceGroup": "Chgp_2", "w": 29, "h": 20, "y": 362, "x": 267, "structure_id": "Tb_15"}, {"parent_Field": null, "parent_Choice_Field": null, "parent_ChoiceGroup": "Chgp_3", "w": 1248, "h": 19, "y": 446, "x": 100, "structure_id": "Tb_16"}, {"parent_Field": null, "parent_Choice_Field": "Chf_5", "parent_ChoiceGroup": "Chgp_3", "w": 39, "h": 20, "y": 479, "x": 150, "structure_id": "Tb_17"}, {"parent_Field": null, "parent_Choice_Field": "Chf_6", "parent_ChoiceGroup": "Chgp_3", "w": 29, "h": 20, "y": 479, "x": 267, "structure_id": "Tb_18"}, {"parent_Field": null, "parent_Choice_Field": null, "parent_ChoiceGroup": null, "w": 408, "h": 22, "y": 632, "x": 646, "structure_id": "Tb_19"}, {"parent_Field": "Fi_7", "parent_Choice_Field": null, "parent_ChoiceGroup": null, "w": 962, "h": 23, "y": 697, "x": 317, "structure_id": "Tb_20"}, {"parent_Field": null, "parent_Choice_Field": null, "parent_ChoiceGroup": "Chgp_4", "w": 872, "h": 20, "y": 665, "x": 100, "structure_id": "Tb_21"}, {"parent_Field": null, "parent_Choice_Field": "Chf_7", "parent_ChoiceGroup": "Chgp_4", "w": 39, "h": 19, "y": 699, "x": 150, "structure_id": "Tb_22"}, {"parent_Field": null, "parent_Choice_Field": "Chf_8", "parent_ChoiceGroup": "Chgp_4", "w": 29, "h": 19, "y": 699, "x": 267, "structure_id": "Tb_23"}, {"parent_Field": null, "parent_Choice_Field": null, "parent_ChoiceGroup": null, "w": 272, "h": 22, "y": 940, "x": 714, "structure_id": "Tb_24"}, {"parent_Field": "Fi_8", "parent_Choice_Field": null, "parent_ChoiceGroup": null, "w": 200, "h": 22, "y": 972, "x": 100, "structure_id": "Tb_25"}, {"parent_Field": null, "parent_Choice_Field": null, "parent_ChoiceGroup": null, "w": 664, "h": 22, "y": 1207, "x": 518, "structure_id": "Tb_26"}, {"parent_Field": "Fi_9", "parent_Choice_Field": null, "parent_ChoiceGroup": null, "w": 503, "h": 20, "y": 1390, "x": 600, "structure_id": "Tb_27"}, {"parent_Field": "Fi_10", "parent_Choice_Field": null, "parent_ChoiceGroup": null, "w": 265, "h": 19, "y": 1391, "x": 1114, "structure_id": "Tb_28"}, {"parent_Field": null, "parent_Choice_Field": null, "parent_ChoiceGroup": null, "w": 1414, "h": 22, "y": 1497, "x": 100, "structure_id": "Tb_29"}, {"parent_Field": "Fi_11", "parent_Choice_Field": null, "parent_ChoiceGroup": null, "w": 435, "h": 20, "y": 1390, "x": 100, "structure_id": "Tb_30"}, {"parent_Field": "Fi_12", "parent_Choice_Field": null, "parent_ChoiceGroup": null, "w": 319, "h": 20, "y": 1290, "x": 700, "structure_id": "Tb_31"}, {"parent_Field": "Fi_13", "parent_Choice_Field": null, "parent_ChoiceGroup": null, "w": 286, "h": 20, "y": 1290, "x": 100, "structure_id": "Tb_32"}, {"parent_Field": "Fi_14", "parent_Choice_Field": null, "parent_ChoiceGroup": null, "w": 178, "h": 20, "y": 1290, "x": 1317, "structure_id": "Tb_33"}, {"parent_Field": null, "parent_Choice_Field": null, "parent_ChoiceGroup": null, "w": 1205, "h": 25, "y": 1246, "x": 100, "structure_id": "Tb_34"}, {"parent_Field": "Fi_15", "parent_Choice_Field": null, "parent_ChoiceGroup": null, "w": 615, "h": 25, "y": 1554, "x": 100, "structure_id": "Tb_35"}, {"parent_Field": "Fi_15", "parent_Choice_Field": null, "parent_ChoiceGroup": null, "w": 271, "h": 22, "y": 1589, "x": 831, "structure_id": "Tb_36"}, {"parent_Field": null, "parent_Choice_Field": null, "parent_ChoiceGroup": null, "w": 1506, "h": 247, "y": 1681, "x": 100, "structure_id": "Tb_37"}, {"parent_Field": null, "parent_Choice_Field": null, "parent_ChoiceGroup": null, "w": 1506, "h": 124, "y": 1956, "x": 100, "structure_id": "Tb_38"}, {"parent_Field": null, "parent_Choice_Field": null, "parent_ChoiceGroup": null, "w": 1341, "h": 23, "y": 1632, "x": 100, "structure_id": "Tb_39"}, {"parent_Field": null, "parent_Choice_Field": null, "parent_ChoiceGroup": null, "w": 294, "h": 19, "y": 2124, "x": 83, "structure_id": "Tb_40"}, {"parent_Field": null, "parent_Choice_Field": null, "parent_ChoiceGroup": null, "w": 71, "h": 22, "y": 2122, "x": 1546, "structure_id": "Tb_41"}], "Choice_Field": [{"y": 223.5330708661417, "x": 108.31968503937009, "structure_id": "Chf_1", "w": 80.68031496062991, "h": 25.466929133858287}, {"y": 223.5330708661417, "x": 224.98897637795278, "structure_id": "Chf_2", "w": 71.01102362204722, "h": 25.466929133858287}, {"y": 356.8803149606299, "x": 108.31968503937009, "structure_id": "Chf_3", "w": 80.68031496062991, "h": 25.119685039370097}, {"y": 356.8803149606299, "x": 224.98897637795278, "structure_id": "Chf_4", "w": 71.01102362204722, "h": 25.119685039370097}, {"y": 473.54173228346457, "x": 108.31968503937009, "structure_id": "Chf_5", "w": 80.68031496062991, "h": 25.45826771653543}, {"y": 473.54173228346457, "x": 224.98897637795278, "structure_id": "Chf_6", "w": 71.01102362204722, "h": 25.45826771653543}, {"y": 693.1165354330708, "x": 108.31968503937009, "structure_id": "Chf_7", "w": 80.68031496062991, "h": 25}, {"y": 693.1165354330708, "x": 224.98897637795278, "structure_id": "Chf_8", "w": 71.01102362204722, "h": 25}], "Field": [{"y": 50, "x": 83, "structure_id": "Fi_1", "w": 946.3220472440946, "h": 48}, {"y": 228, "x": 99.99212598425197, "structure_id": "Fi_2", "w": 1500, "h": 94.14960629921262}, {"y": 478, "x": 99.99212598425197, "structure_id": "Fi_3", "w": 1500, "h": 149.01653543307089}, {"y": 388.8196850393701, "x": 500, "structure_id": "Fi_4", "w": 299.99212598425197, "h": 33.49763779527558}, {"y": 388.8196850393701, "x": 100, "structure_id": "Fi_5", "w": 166.66141732283467, "h": 33.49763779527558}, {"y": 388.8196850393701, "x": 300, "structure_id": "Fi_6", "w": 166.66141732283467, "h": 33.49763779527558}, {"y": 697, "x": 99.99212598425197, "structure_id": "Fi_7", "w": 1500, "h": 235.91889763779534}, {"y": 972, "x": 100, "structure_id": "Fi_8", "w": 1500, "h": 228}, {"y": 1390, "x": 600, "structure_id": "Fi_9", "w": 503, "h": 93.33858267716528}, {"y": 1391, "x": 1114, "structure_id": "Fi_10", "w": 488.1023622047244, "h": 87.84488188976388}, {"y": 1390, "x": 100, "structure_id": "Fi_11", "w": 466.66929133858275, "h": 88.18582677165364}, {"y": 1290, "x": 700, "structure_id": "Fi_12", "w": 583.3307086614172, "h": 93.33858267716528}, {"y": 1290, "x": 100, "structure_id": "Fi_13", "w": 583.3385826771654, "h": 93.33858267716528}, {"y": 1290, "x": 1316.6692913385825, "structure_id": "Fi_14", "w": 215.2913385826771, "h": 93.33858267716528}, {"y": 1550.007874015748, "x": 100, "structure_id": "Fi_15", "w": 1099.9527559055118, "h": 60.99212598425197}], "TextRun": [{"parent_TextBlock": "Tb_1", "text": "PATIENT/VETERAN'S SOCIAL SECURITY NO.", "parent_Field": "Fi_1", "parent_Choice_Field": null, "parent_ChoiceGroup": null, "w": 416, "h": 19, "y": 79, "x": 83, "structure_id": "Tr_1"}, {"parent_TextBlock": "Tb_2", "text": "SECTION XVII - DIAGNOSTIC TESTING", "parent_Field": null, "parent_Choice_Field": null, "parent_ChoiceGroup": null, "w": 408, "h": 23, "y": 112, "x": 646, "structure_id": "Tr_2"}, {"parent_TextBlock": "Tb_3", "text": "(If yes, provide most recent test results):", "parent_Field": null, "parent_Choice_Field": null, "parent_ChoiceGroup": null, "w": 358, "h": 22, "y": 361, "x": 317, "structure_id": "Tr_3"}, {"parent_TextBlock": "Tb_4", "text": "NOTE -", "parent_Field": null, "parent_Choice_Field": null, "parent_ChoiceGroup": null, "w": 85, "h": 25, "y": 151, "x": 100, "structure_id": "Tr_4"}, {"parent_TextBlock": "Tb_4", "text": "If laboratory test results are in the medical record and reflect the veteran's current condition, repeat testing is not required.", "parent_Field": null, "parent_Choice_Field": null, "parent_ChoiceGroup": null, "w": 1224, "h": 25, "y": 151, "x": 185, "structure_id": "Tr_5"}, {"parent_TextBlock": "Tb_5", "text": "(If yes, provide date(s), facility where performed, and results):", "parent_Field": "Fi_2", "parent_Choice_Field": null, "parent_ChoiceGroup": null, "w": 556, "h": 22, "y": 228, "x": 317, "structure_id": "Tr_6"}, {"parent_TextBlock": "Tb_6", "text": "(If yes, provide type of test or procedure, date and results (brief summary)):", "parent_Field": "Fi_3", "parent_Choice_Field": null, "parent_ChoiceGroup": null, "w": 675, "h": 22, "y": 478, "x": 317, "structure_id": "Tr_7"}, {"parent_TextBlock": "Tb_7", "text": "Date of test:", "parent_Field": "Fi_4", "parent_Choice_Field": null, "parent_ChoiceGroup": null, "w": 105, "h": 19, "y": 403, "x": 500, "structure_id": "Tr_8"}, {"parent_TextBlock": "Tb_8", "text": "Hgb:", "parent_Field": "Fi_5", "parent_Choice_Field": null, "parent_ChoiceGroup": null, "w": 41, "h": 19, "y": 403, "x": 100, "structure_id": "Tr_9"}, {"parent_TextBlock": "Tb_9", "text": "Hct:", "parent_Field": "Fi_6", "parent_Choice_Field": null, "parent_ChoiceGroup": null, "w": 35, "h": 19, "y": 403, "x": 300, "structure_id": "Tr_10"}, {"parent_TextBlock": "Tb_10", "text": "17A. HAS THE VETERAN HAD LAPAROSCOPY?", "parent_Field": null, "parent_Choice_Field": null, "parent_ChoiceGroup": "Chgp_1", "w": 437, "h": 19, "y": 196, "x": 100, "structure_id": "Tr_11"}, {"parent_TextBlock": "Tb_11", "text": "YES", "parent_Field": null, "parent_Choice_Field": "Chf_1", "parent_ChoiceGroup": "Chgp_1", "w": 39, "h": 20, "y": 229, "x": 150, "structure_id": "Tr_12"}, {"parent_TextBlock": "Tb_12", "text": "NO", "parent_Field": null, "parent_Choice_Field": "Chf_2", "parent_ChoiceGroup": "Chgp_1", "w": 29, "h": 20, "y": 229, "x": 267, "structure_id": "Tr_13"}, {"parent_TextBlock": "Tb_13", "text": "17B. HAS THE VETERAN BEEN DIAGNOSED WITH ANEMIA?", "parent_Field": null, "parent_Choice_Field": null, "parent_ChoiceGroup": "Chgp_2", "w": 564, "h": 19, "y": 330, "x": 100, "structure_id": "Tr_14"}, {"parent_TextBlock": "Tb_13", "text": "(If due to a gynecological condition noted in Section I.)", "parent_Field": null, "parent_Choice_Field": null, "parent_ChoiceGroup": "Chgp_2", "w": 492, "h": 22, "y": 328, "x": 664, "structure_id": "Tr_15"}, {"parent_TextBlock": "Tb_14", "text": "YES", "parent_Field": null, "parent_Choice_Field": "Chf_3", "parent_ChoiceGroup": "Chgp_2", "w": 39, "h": 20, "y": 362, "x": 150, "structure_id": "Tr_16"}, {"parent_TextBlock": "Tb_15", "text": "NO", "parent_Field": null, "parent_Choice_Field": "Chf_4", "parent_ChoiceGroup": "Chgp_2", "w": 29, "h": 20, "y": 362, "x": 267, "structure_id": "Tr_17"}, {"parent_TextBlock": "Tb_16", "text": "17C. HAS THE VETERAN HAD ANY OTHER DIAGNOSTIC TESTING AND IF SO, ARE THERE SIGNIFICANT FINDINGS AND/OR RESULTS?", "parent_Field": null, "parent_Choice_Field": null, "parent_ChoiceGroup": "Chgp_3", "w": 1248, "h": 19, "y": 446, "x": 100, "structure_id": "Tr_18"}, {"parent_TextBlock": "Tb_17", "text": "YES", "parent_Field": null, "parent_Choice_Field": "Chf_5", "parent_ChoiceGroup": "Chgp_3", "w": 39, "h": 20, "y": 479, "x": 150, "structure_id": "Tr_19"}, {"parent_TextBlock": "Tb_18", "text": "NO", "parent_Field": null, "parent_Choice_Field": "Chf_6", "parent_ChoiceGroup": "Chgp_3", "w": 29, "h": 20, "y": 479, "x": 267, "structure_id": "Tr_20"}, {"parent_TextBlock": "Tb_19", "text": "SECTION XVIII - FUNCTIONAL IMPACT", "parent_Field": null, "parent_Choice_Field": null, "parent_ChoiceGroup": null, "w": 408, "h": 22, "y": 632, "x": 646, "structure_id": "Tr_21"}, {"parent_TextBlock": "Tb_20", "text": "(If yes, describe impact of each of the veteran's gynecological conditions, providing one or more examples):", "parent_Field": "Fi_7", "parent_Choice_Field": null, "parent_ChoiceGroup": null, "w": 962, "h": 23, "y": 697, "x": 317, "structure_id": "Tr_22"}, {"parent_TextBlock": "Tb_21", "text": "18. DOES THE VETERAN'S GYNECOLOGICAL CONDITION(S) IMPACT HER ABILITY TO WORK?", "parent_Field": null, "parent_Choice_Field": null, "parent_ChoiceGroup": "Chgp_4", "w": 872, "h": 20, "y": 665, "x": 100, "structure_id": "Tr_23"}, {"parent_TextBlock": "Tb_22", "text": "YES", "parent_Field": null, "parent_Choice_Field": "Chf_7", "parent_ChoiceGroup": "Chgp_4", "w": 39, "h": 19, "y": 699, "x": 150, "structure_id": "Tr_24"}, {"parent_TextBlock": "Tb_23", "text": "NO", "parent_Field": null, "parent_Choice_Field": "Chf_8", "parent_ChoiceGroup": "Chgp_4", "w": 29, "h": 19, "y": 699, "x": 267, "structure_id": "Tr_25"}, {"parent_TextBlock": "Tb_24", "text": "SECTION XIX - REMARKS", "parent_Field": null, "parent_Choice_Field": null, "parent_ChoiceGroup": null, "w": 272, "h": 22, "y": 940, "x": 714, "structure_id": "Tr_26"}, {"parent_TextBlock": "Tb_25", "text": "19. REMARKS", "parent_Field": "Fi_8", "parent_Choice_Field": null, "parent_ChoiceGroup": null, "w": 134, "h": 19, "y": 974, "x": 100, "structure_id": "Tr_27"}, {"parent_TextBlock": "Tb_25", "text": "(If any)", "parent_Field": "Fi_8", "parent_Choice_Field": null, "parent_ChoiceGroup": null, "w": 66, "h": 22, "y": 972, "x": 234, "structure_id": "Tr_28"}, {"parent_TextBlock": "Tb_26", "text": "SECTION XX - PHYSICIAN'S CERTIFICATION AND SIGNATURE", "parent_Field": null, "parent_Choice_Field": null, "parent_ChoiceGroup": null, "w": 664, "h": 22, "y": 1207, "x": 518, "structure_id": "Tr_29"}, {"parent_TextBlock": "Tb_27", "text": "20E. NATIONAL PROVIDER IDENTIFIER (NPI) NUMBER", "parent_Field": "Fi_9", "parent_Choice_Field": null, "parent_ChoiceGroup": null, "w": 503, "h": 20, "y": 1390, "x": 600, "structure_id": "Tr_30"}, {"parent_TextBlock": "Tb_28", "text": "20F. PHYSICIAN'S ADDRESS", "parent_Field": "Fi_10", "parent_Choice_Field": null, "parent_ChoiceGroup": null, "w": 265, "h": 19, "y": 1391, "x": 1114, "structure_id": "Tr_31"}, {"parent_TextBlock": "Tb_29", "text": "NOTE\u00c2\u00a0-", "parent_Field": null, "parent_Choice_Field": null, "parent_ChoiceGroup": null, "w": 76, "h": 22, "y": 1497, "x": 100, "structure_id": "Tr_32"}, {"parent_TextBlock": "Tb_29", "text": "VA may request additional medical information, including additional examinations, if necessary to complete VA's review of the veteran's application.", "parent_Field": null, "parent_Choice_Field": null, "parent_ChoiceGroup": null, "w": 1338, "h": 22, "y": 1497, "x": 176, "structure_id": "Tr_33"}, {"parent_TextBlock": "Tb_30", "text": "20D. PHYSICIAN'S PHONE AND FAX NUMBERS", "parent_Field": "Fi_11", "parent_Choice_Field": null, "parent_ChoiceGroup": null, "w": 435, "h": 20, "y": 1390, "x": 100, "structure_id": "Tr_34"}, {"parent_TextBlock": "Tb_31", "text": "20B. PHYSICIAN'S PRINTED NAME", "parent_Field": "Fi_12", "parent_Choice_Field": null, "parent_ChoiceGroup": null, "w": 319, "h": 20, "y": 1290, "x": 700, "structure_id": "Tr_35"}, {"parent_TextBlock": "Tb_32", "text": "20A. PHYSICIAN'S SIGNATURE", "parent_Field": "Fi_13", "parent_Choice_Field": null, "parent_ChoiceGroup": null, "w": 286, "h": 20, "y": 1290, "x": 100, "structure_id": "Tr_36"}, {"parent_TextBlock": "Tb_33", "text": "20C. DATE SIGNED", "parent_Field": "Fi_14", "parent_Choice_Field": null, "parent_ChoiceGroup": null, "w": 178, "h": 20, "y": 1290, "x": 1317, "structure_id": "Tr_37"}, {"parent_TextBlock": "Tb_34", "text": "CERTIFICATION\u00c2\u00a0-", "parent_Field": null, "parent_Choice_Field": null, "parent_ChoiceGroup": null, "w": 219, "h": 25, "y": 1246, "x": 100, "structure_id": "Tr_38"}, {"parent_TextBlock": "Tb_34", "text": "To the best of my knowledge, the information contained herein is accurate, complete and current.\u00c2\u00a0", "parent_Field": null, "parent_Choice_Field": null, "parent_ChoiceGroup": null, "w": 986, "h": 25, "y": 1246, "x": 319, "structure_id": "Tr_39"}, {"parent_TextBlock": "Tb_35", "text": "IMPORTANT\u00c2\u00a0-", "parent_Field": "Fi_15", "parent_Choice_Field": null, "parent_ChoiceGroup": null, "w": 170, "h": 25, "y": 1554, "x": 100, "structure_id": "Tr_40"}, {"parent_TextBlock": "Tb_35", "text": "Physician please fax the completed form to:", "parent_Field": "Fi_15", "parent_Choice_Field": null, "parent_ChoiceGroup": null, "w": 445, "h": 25, "y": 1554, "x": 270, "structure_id": "Tr_41"}, {"parent_TextBlock": "Tb_36", "text": "(VA Regional Office FAX No.)", "parent_Field": "Fi_15", "parent_Choice_Field": null, "parent_ChoiceGroup": null, "w": 271, "h": 22, "y": 1589, "x": 831, "structure_id": "Tr_42"}, {"parent_TextBlock": "Tb_37", "text": "PRIVACY  ACT  NOTICE:  VA  will  not  disclose  information  collected  on  this  form  to  any  source  other  than  what  has  been  authorized  under  the  Privacy  Act  of  1974", "parent_Field": null, "parent_Choice_Field": null, "parent_ChoiceGroup": null, "w": 1506, "h": 22, "y": 1681, "x": 100, "structure_id": "Tr_43"}, {"parent_TextBlock": "Tb_37", "text": "or  Title  38,  Code  of  Federal  Regulations  1.576  for  routine  uses  (i.e.,  civil  or  criminal  law  enforcement,  congressional  communications,  epidemiological  or  research", "parent_Field": null, "parent_Choice_Field": null, "parent_ChoiceGroup": null, "w": 1506, "h": 22, "y": 1706, "x": 100, "structure_id": "Tr_44"}, {"parent_TextBlock": "Tb_37", "text": "studies,  the  collection  of  money  owed  to  the  United  States,  litigation  in  which  the  United  States  is  party  or  has  an  interest,  the  administration  of  VA  programs  and", "parent_Field": null, "parent_Choice_Field": null, "parent_ChoiceGroup": null, "w": 1506, "h": 22, "y": 1731, "x": 100, "structure_id": "Tr_45"}, {"parent_TextBlock": "Tb_37", "text": "delivery  of  VA  benefits,  verification  of  identity  and  status,  and  personnel  administration)  as  identified  in  the  VA  system  of  records,  58/VA21/22/28,  Compensation,", "parent_Field": null, "parent_Choice_Field": null, "parent_ChoiceGroup": null, "w": 1506, "h": 22, "y": 1756, "x": 100, "structure_id": "Tr_46"}, {"parent_TextBlock": "Tb_37", "text": "Pension,  Education  and  Vocational  Rehabilitation  and  Employment  Records  VA,  published  in  the  Federal  Register.  Your  obligation  to  respond  is  voluntary.  VA  uses", "parent_Field": null, "parent_Choice_Field": null, "parent_ChoiceGroup": null, "w": 1506, "h": 22, "y": 1781, "x": 100, "structure_id": "Tr_47"}, {"parent_TextBlock": "Tb_37", "text": "your  SSN  to  identify  your  claim  file.  Providing  your  SSN  will  help  ensure  that  your  records  are  properly  associated  with  your  claim  file.  Giving  us  your  SSN  account", "parent_Field": null, "parent_Choice_Field": null, "parent_ChoiceGroup": null, "w": 1506, "h": 22, "y": 1806, "x": 100, "structure_id": "Tr_48"}, {"parent_TextBlock": "Tb_37", "text": "information  is  voluntary.  Refusal  to  provide  your  SSN  by  itself  will  not  result  in  the  denial  of  benefits.  VA  will  not  deny  an  individual  benefits  for  refusing  to  provide", "parent_Field": null, "parent_Choice_Field": null, "parent_ChoiceGroup": null, "w": 1506, "h": 22, "y": 1831, "x": 100, "structure_id": "Tr_49"}, {"parent_TextBlock": "Tb_37", "text": "his  or  her  SSN  unless  the  disclosure  of  the  SSN  is  required  by  Federal  Statute  of  law  in  effect  prior  to  January  1,  1975,  and  still  in  effect.  The  requested  information  is", "parent_Field": null, "parent_Choice_Field": null, "parent_ChoiceGroup": null, "w": 1506, "h": 22, "y": 1856, "x": 100, "structure_id": "Tr_50"}, {"parent_TextBlock": "Tb_37", "text": "considered  relevant  and  necessary  to  determine  maximum  benefits  under  the  law.  The  responses  you  submit  are  considered  confidential  (38  U.S.C.  5701).  Information", "parent_Field": null, "parent_Choice_Field": null, "parent_ChoiceGroup": null, "w": 1506, "h": 22, "y": 1881, "x": 100, "structure_id": "Tr_51"}, {"parent_TextBlock": "Tb_37", "text": "submitted is subject to verification through computer matching programs with other agencies.", "parent_Field": null, "parent_Choice_Field": null, "parent_ChoiceGroup": null, "w": 839, "h": 22, "y": 1906, "x": 100, "structure_id": "Tr_52"}, {"parent_TextBlock": "Tb_38", "text": "RESPONDENT  BURDEN: \u00c2 \u00a0We  need  this  information  to  determine  entitlement  to  benefits  (38  U.S.C.  501).  Title  38,  United  States  Code,  allows  us  to  ask  for  this", "parent_Field": null, "parent_Choice_Field": null, "parent_ChoiceGroup": null, "w": 1504, "h": 22, "y": 1956, "x": 100, "structure_id": "Tr_53"}, {"parent_TextBlock": "Tb_38", "text": "information.  We  estimate  that  you  will  need  an  average  of  15  minutes  to  review  the  instructions,  find  the  information,  and  complete  the  form.  VA  cannot  conduct  or", "parent_Field": null, "parent_Choice_Field": null, "parent_ChoiceGroup": null, "w": 1506, "h": 22, "y": 1981, "x": 100, "structure_id": "Tr_54"}, {"parent_TextBlock": "Tb_38", "text": "sponsor  collection  of  information  unless  valid  OMB  control  number  is  displayed.  You  are  not  required  to  respond  to  collection  of  information  if  this  number  is  not", "parent_Field": null, "parent_Choice_Field": null, "parent_ChoiceGroup": null, "w": 1506, "h": 22, "y": 2006, "x": 100, "structure_id": "Tr_55"}, {"parent_TextBlock": "Tb_38", "text": "www.reginfo.gov/public/do/PRAMain.", "parent_Field": null, "parent_Choice_Field": null, "parent_ChoiceGroup": null, "w": 363, "h": 23, "y": 2030, "x": 853, "structure_id": "Tr_56"}, {"parent_TextBlock": "Tb_38", "text": "If desired, you can call 1-800-827-1000 to", "parent_Field": null, "parent_Choice_Field": null, "parent_ChoiceGroup": null, "w": 381, "h": 23, "y": 2030, "x": 1222, "structure_id": "Tr_57"}, {"parent_TextBlock": "Tb_38", "text": "displayed. Valid OMB control numbers can be located on the OMB Internet Page at\u00c2\u00a0", "parent_Field": null, "parent_Choice_Field": null, "parent_ChoiceGroup": null, "w": 752, "h": 22, "y": 2031, "x": 100, "structure_id": "Tr_58"}, {"parent_TextBlock": "Tb_38", "text": "get information on where to send comments or suggestions about this form.", "parent_Field": null, "parent_Choice_Field": null, "parent_ChoiceGroup": null, "w": 671, "h": 22, "y": 2058, "x": 101, "structure_id": "Tr_59"}, {"parent_TextBlock": "Tb_39", "text": "NOTE - A list of VA Regional Office FAX Numbers can be found at\u00c2\u00a0", "parent_Field": null, "parent_Choice_Field": null, "parent_ChoiceGroup": null, "w": 625, "h": 23, "y": 1632, "x": 100, "structure_id": "Tr_60"}, {"parent_TextBlock": "Tb_39", "text": "www.benefits.va.gov/disabilityexams", "parent_Field": null, "parent_Choice_Field": null, "parent_ChoiceGroup": null, "w": 347, "h": 23, "y": 1632, "x": 734, "structure_id": "Tr_61"}, {"parent_TextBlock": "Tb_39", "text": "or obtained by calling 1-800-827-1000.", "parent_Field": null, "parent_Choice_Field": null, "parent_ChoiceGroup": null, "w": 350, "h": 23, "y": 1632, "x": 1091, "structure_id": "Tr_62"}, {"parent_TextBlock": "Tb_40", "text": "VA\u00c2\u00a0FORM 21-0960K-2, SEP 2016", "parent_Field": null, "parent_Choice_Field": null, "parent_ChoiceGroup": null, "w": 294, "h": 19, "y": 2124, "x": 83, "structure_id": "Tr_63"}, {"parent_TextBlock": "Tb_41", "text": "Page 6", "parent_Field": null, "parent_Choice_Field": null, "parent_ChoiceGroup": null, "w": 71, "h": 22, "y": 2122, "x": 1546, "structure_id": "Tr_64"}], "ChoiceGroup": [{"y": 184.03125, "x": 84, "structure_id": "Chgp_1", "w": 1525, "h": 139}, {"y": 319.03125, "x": 81, "structure_id": "Chgp_2", "w": 1146, "h": 115}, {"y": 439.03125, "x": 87, "structure_id": "Chgp_3", "w": 1518, "h": 184}, {"y": 658.03125, "x": 93, "structure_id": "Chgp_4", "w": 1518, "h": 274}]}