{"Widget": [{"parent_Field": "Fi_1", "parent_Choice_Field": null, "parent_ChoiceGroup": null, "w": 140.50236220472442, "h": 46.83307086614173, "y": 52.463779527559055, "x": 511.1496062992126, "structure_id": "Wi_1"}, {"parent_Field": "Fi_1", "parent_Choice_Field": null, "parent_ChoiceGroup": null, "w": 88.94488188976378, "h": 46.83307086614173, "y": 52.463779527559055, "x": 705.1669291338583, "structure_id": "Wi_2"}, {"parent_Field": "Fi_1", "parent_Choice_Field": null, "parent_ChoiceGroup": null, "w": 188.88031496062993, "h": 46.83307086614173, "y": 52.463779527559055, "x": 836.3220472440945, "structure_id": "Wi_3"}, {"parent_Field": null, "parent_Choice_Field": "Chf_1", "parent_ChoiceGroup": "Chgp_1", "w": 25, "h": 25, "y": 437.5, "x": 102.77244094488188, "structure_id": "Wi_4"}, {"parent_Field": null, "parent_Choice_Field": "Chf_2", "parent_ChoiceGroup": "Chgp_1", "w": 25, "h": 25, "y": 437.5, "x": 219.44173228346457, "structure_id": "Wi_5"}, {"parent_Field": "Fi_2", "parent_Choice_Field": null, "parent_ChoiceGroup": null, "w": 683.3385826771654, "h": 33.33070866141732, "y": 201.6913385826772, "x": 432.5582677165354, "structure_id": "Wi_6"}, {"parent_Field": "Fi_3", "parent_Choice_Field": null, "parent_ChoiceGroup": null, "w": 683.3385826771654, "h": 33.33070866141732, "y": 251.69133858267716, "x": 432.5582677165354, "structure_id": "Wi_7"}, {"parent_Field": "Fi_4", "parent_Choice_Field": null, "parent_ChoiceGroup": null, "w": 1492.3496062992126, "h": 67.09448818897638, "y": 332.90551181102364, "x": 107.6503937007874, "structure_id": "Wi_8"}, {"parent_Field": "Fi_5", "parent_Choice_Field": null, "parent_ChoiceGroup": null, "w": 1492.3496062992126, "h": 100, "y": 533.3307086614174, "x": 107.6503937007874, "structure_id": "Wi_9"}, {"parent_Field": "Fi_6", "parent_Choice_Field": null, "parent_ChoiceGroup": null, "w": 200, "h": 33.33070866141732, "y": 750.0000000000001, "x": 416.6692913385827, "structure_id": "Wi_10"}, {"parent_Field": "Fi_6", "parent_Choice_Field": null, "parent_ChoiceGroup": null, "w": 683.3307086614174, "h": 33.33070866141732, "y": 750.0000000000001, "x": 633.3307086614174, "structure_id": "Wi_11"}, {"parent_Field": "Fi_7", "parent_Choice_Field": null, "parent_ChoiceGroup": null, "w": 1492.3496062992126, "h": 100, "y": 883.3307086614174, "x": 107.6503937007874, "structure_id": "Wi_12"}, {"parent_Field": null, "parent_Choice_Field": "Chf_3", "parent_ChoiceGroup": "Chgp_2", "w": 25, "h": 25, "y": 704.1614173228347, "x": 102.77244094488188, "structure_id": "Wi_13"}, {"parent_Field": null, "parent_Choice_Field": "Chf_4", "parent_ChoiceGroup": "Chgp_2", "w": 25, "h": 25, "y": 704.1614173228347, "x": 219.44173228346457, "structure_id": "Wi_14"}, {"parent_Field": "Fi_8", "parent_Choice_Field": null, "parent_ChoiceGroup": null, "w": 200, "h": 33.33070866141732, "y": 800, "x": 416.6692913385827, "structure_id": "Wi_15"}, {"parent_Field": "Fi_8", "parent_Choice_Field": null, "parent_ChoiceGroup": null, "w": 683.3307086614174, "h": 33.33070866141732, "y": 800, "x": 633.3307086614174, "structure_id": "Wi_16"}, {"parent_Field": null, "parent_Choice_Field": "Chf_5", "parent_ChoiceGroup": "Chgp_3", "w": 25, "h": 25, "y": 1054.1614173228345, "x": 102.77244094488188, "structure_id": "Wi_17"}, {"parent_Field": null, "parent_Choice_Field": "Chf_6", "parent_ChoiceGroup": "Chgp_3", "w": 25, "h": 25, "y": 1054.1614173228345, "x": 219.44173228346457, "structure_id": "Wi_18"}, {"parent_Field": "Fi_9", "parent_Choice_Field": null, "parent_ChoiceGroup": null, "w": 200, "h": 33.33070866141732, "y": 1283.3307086614175, "x": 916.6692913385826, "structure_id": "Wi_19"}, {"parent_Field": null, "parent_Choice_Field": "Chf_7", "parent_ChoiceGroup": "Chgp_4", "w": 25, "h": 25, "y": 1220.8307086614175, "x": 102.77244094488188, "structure_id": "Wi_20"}, {"parent_Field": null, "parent_Choice_Field": "Chf_8", "parent_ChoiceGroup": "Chgp_4", "w": 25, "h": 25, "y": 1220.8307086614175, "x": 219.44173228346457, "structure_id": "Wi_21"}, {"parent_Field": "Fi_10", "parent_Choice_Field": null, "parent_ChoiceGroup": null, "w": 850, "h": 33.33070866141732, "y": 1366.6692913385828, "x": 750.0000000000001, "structure_id": "Wi_22"}, {"parent_Field": null, "parent_Choice_Field": "Chf_9", "parent_ChoiceGroup": "Chgp_5", "w": 25, "h": 25, "y": 1137.5000000000002, "x": 102.77244094488188, "structure_id": "Wi_23"}, {"parent_Field": null, "parent_Choice_Field": "Chf_10", "parent_ChoiceGroup": "Chgp_5", "w": 25, "h": 25, "y": 1137.5000000000002, "x": 219.44173228346457, "structure_id": "Wi_24"}, {"parent_Field": null, "parent_Choice_Field": "Chf_11", "parent_ChoiceGroup": "Chgp_6", "w": 25, "h": 25, "y": 1287.5, "x": 102.77244094488188, "structure_id": "Wi_25"}, {"parent_Field": null, "parent_Choice_Field": "Chf_12", "parent_ChoiceGroup": "Chgp_6", "w": 25, "h": 25, "y": 1287.5, "x": 186.11102362204727, "structure_id": "Wi_26"}, {"parent_Field": null, "parent_Choice_Field": "Chf_13", "parent_ChoiceGroup": "Chgp_6", "w": 25, "h": 25, "y": 1287.5, "x": 269.4417322834646, "structure_id": "Wi_27"}, {"parent_Field": null, "parent_Choice_Field": "Chf_14", "parent_ChoiceGroup": "Chgp_7", "w": 25, "h": 25, "y": 1370.8307086614172, "x": 102.77244094488188, "structure_id": "Wi_28"}, {"parent_Field": null, "parent_Choice_Field": "Chf_15", "parent_ChoiceGroup": "Chgp_7", "w": 25, "h": 25, "y": 1370.8307086614172, "x": 219.44173228346457, "structure_id": "Wi_29"}, {"parent_Field": null, "parent_Choice_Field": "Chf_16", "parent_ChoiceGroup": "Chgp_8", "w": 25, "h": 25, "y": 1787.4944881889764, "x": 416.6692913385827, "structure_id": "Wi_30"}, {"parent_Field": null, "parent_Choice_Field": "Chf_17", "parent_ChoiceGroup": "Chgp_8", "w": 25, "h": 25, "y": 1787.4944881889764, "x": 550, "structure_id": "Wi_31"}, {"parent_Field": null, "parent_Choice_Field": "Chf_18", "parent_ChoiceGroup": "Chgp_9", "w": 25, "h": 25, "y": 1604.1637795275592, "x": 416.6692913385827, "structure_id": "Wi_32"}, {"parent_Field": null, "parent_Choice_Field": "Chf_19", "parent_ChoiceGroup": "Chgp_9", "w": 25, "h": 25, "y": 1604.1637795275592, "x": 550, "structure_id": "Wi_33"}, {"parent_Field": null, "parent_Choice_Field": "Chf_20", "parent_ChoiceGroup": "Chgp_10", "w": 25, "h": 25, "y": 1637.4944881889762, "x": 750.0000000000001, "structure_id": "Wi_34"}, {"parent_Field": null, "parent_Choice_Field": "Chf_21", "parent_ChoiceGroup": "Chgp_10", "w": 25, "h": 25, "y": 1637.4944881889762, "x": 816.6692913385828, "structure_id": "Wi_35"}, {"parent_Field": null, "parent_Choice_Field": "Chf_22", "parent_ChoiceGroup": "Chgp_10", "w": 25, "h": 25, "y": 1637.4944881889762, "x": 916.6692913385826, "structure_id": "Wi_36"}, {"parent_Field": null, "parent_Choice_Field": "Chf_23", "parent_ChoiceGroup": "Chgp_11", "w": 25, "h": 25, "y": 1704.1637795275592, "x": 100, "structure_id": "Wi_37"}, {"parent_Field": null, "parent_Choice_Field": "Chf_24", "parent_ChoiceGroup": "Chgp_11", "w": 25, "h": 25, "y": 1704.1637795275592, "x": 200, "structure_id": "Wi_38"}, {"parent_Field": null, "parent_Choice_Field": "Chf_25", "parent_ChoiceGroup": "Chgp_11", "w": 25, "h": 25, "y": 1704.1637795275592, "x": 316.66929133858264, "structure_id": "Wi_39"}, {"parent_Field": null, "parent_Choice_Field": "Chf_25", "parent_ChoiceGroup": "Chgp_11", "w": 583.3385826771654, "h": 33.33070866141732, "y": 1700.0000000000002, "x": 483.33070866141736, "structure_id": "Wi_40"}, {"parent_Field": null, "parent_Choice_Field": "Chf_26", "parent_ChoiceGroup": "Chgp_12", "w": 25, "h": 25, "y": 1487.5, "x": 102.77244094488188, "structure_id": "Wi_41"}, {"parent_Field": null, "parent_Choice_Field": "Chf_27", "parent_ChoiceGroup": "Chgp_12", "w": 25, "h": 25, "y": 1487.5, "x": 219.44173228346457, "structure_id": "Wi_42"}, {"parent_Field": null, "parent_Choice_Field": "Chf_28", "parent_ChoiceGroup": "Chgp_13", "w": 25, "h": 25, "y": 1820.8251968503937, "x": 750.0000000000001, "structure_id": "Wi_43"}, {"parent_Field": null, "parent_Choice_Field": "Chf_29", "parent_ChoiceGroup": "Chgp_13", "w": 25, "h": 25, "y": 1820.8251968503937, "x": 816.6692913385828, "structure_id": "Wi_44"}, {"parent_Field": null, "parent_Choice_Field": "Chf_30", "parent_ChoiceGroup": "Chgp_13", "w": 25, "h": 25, "y": 1820.8251968503937, "x": 916.6692913385826, "structure_id": "Wi_45"}, {"parent_Field": null, "parent_Choice_Field": "Chf_31", "parent_ChoiceGroup": "Chgp_14", "w": 25, "h": 25, "y": 1887.4944881889764, "x": 100, "structure_id": "Wi_46"}, {"parent_Field": null, "parent_Choice_Field": "Chf_32", "parent_ChoiceGroup": "Chgp_14", "w": 25, "h": 25, "y": 1887.4944881889764, "x": 200, "structure_id": "Wi_47"}, {"parent_Field": null, "parent_Choice_Field": "Chf_33", "parent_ChoiceGroup": "Chgp_14", "w": 25, "h": 25, "y": 1887.4944881889764, "x": 316.66929133858264, "structure_id": "Wi_48"}, {"parent_Field": null, "parent_Choice_Field": "Chf_33", "parent_ChoiceGroup": "Chgp_14", "w": 583.3385826771654, "h": 33.33070866141732, "y": 1883.3307086614175, "x": 483.33070866141736, "structure_id": "Wi_49"}, {"parent_Field": null, "parent_Choice_Field": "Chf_34", "parent_ChoiceGroup": "Chgp_15", "w": 25, "h": 25, "y": 1970.8330708661417, "x": 416.6692913385827, "structure_id": "Wi_50"}, {"parent_Field": null, "parent_Choice_Field": "Chf_35", "parent_ChoiceGroup": "Chgp_15", "w": 25, "h": 25, "y": 1970.8330708661417, "x": 550, "structure_id": "Wi_51"}, {"parent_Field": null, "parent_Choice_Field": "Chf_36", "parent_ChoiceGroup": "Chgp_16", "w": 25, "h": 25, "y": 2004.163779527559, "x": 750.0000000000001, "structure_id": "Wi_52"}, {"parent_Field": null, "parent_Choice_Field": "Chf_37", "parent_ChoiceGroup": "Chgp_16", "w": 25, "h": 25, "y": 2004.163779527559, "x": 816.6692913385828, "structure_id": "Wi_53"}, {"parent_Field": null, "parent_Choice_Field": "Chf_38", "parent_ChoiceGroup": "Chgp_16", "w": 25, "h": 25, "y": 2004.163779527559, "x": 916.6692913385826, "structure_id": "Wi_54"}, {"parent_Field": null, "parent_Choice_Field": "Chf_39", "parent_ChoiceGroup": "Chgp_17", "w": 25, "h": 25, "y": 2070.833070866142, "x": 100, "structure_id": "Wi_55"}, {"parent_Field": null, "parent_Choice_Field": "Chf_40", "parent_ChoiceGroup": "Chgp_17", "w": 25, "h": 25, "y": 2070.833070866142, "x": 200, "structure_id": "Wi_56"}, {"parent_Field": null, "parent_Choice_Field": "Chf_41", "parent_ChoiceGroup": "Chgp_17", "w": 25, "h": 25, "y": 2070.833070866142, "x": 316.66929133858264, "structure_id": "Wi_57"}, {"parent_Field": null, "parent_Choice_Field": "Chf_41", "parent_ChoiceGroup": "Chgp_17", "w": 583.3385826771654, "h": 33.33070866141732, "y": 2066.669291338583, "x": 483.33070866141736, "structure_id": "Wi_58"}, {"parent_Field": null, "parent_Choice_Field": "Chf_42", "parent_ChoiceGroup": "Chgp_18", "w": 25, "h": 25, "y": 1570.833070866142, "x": 100, "structure_id": "Wi_59"}, {"parent_Field": null, "parent_Choice_Field": "Chf_43", "parent_ChoiceGroup": "Chgp_18", "w": 25, "h": 25, "y": 1754.163779527559, "x": 100, "structure_id": "Wi_60"}, {"parent_Field": null, "parent_Choice_Field": "Chf_44", "parent_ChoiceGroup": "Chgp_18", "w": 25, "h": 25, "y": 1937.4944881889764, "x": 100, "structure_id": "Wi_61"}], "TextBlock": [{"parent_Field": "Fi_1", "parent_Choice_Field": null, "parent_ChoiceGroup": null, "w": 416, "h": 20, "y": 74, "x": 88, "structure_id": "Tb_1"}, {"parent_Field": null, "parent_Choice_Field": null, "parent_ChoiceGroup": null, "w": 481, "h": 25, "y": 110, "x": 611, "structure_id": "Tb_2"}, {"parent_Field": null, "parent_Choice_Field": null, "parent_ChoiceGroup": "Chgp_1", "w": 959, "h": 19, "y": 407, "x": 100, "structure_id": "Tb_3"}, {"parent_Field": null, "parent_Choice_Field": "Chf_1", "parent_ChoiceGroup": "Chgp_1", "w": 39, "h": 20, "y": 440, "x": 150, "structure_id": "Tb_4"}, {"parent_Field": null, "parent_Choice_Field": "Chf_2", "parent_ChoiceGroup": "Chgp_1", "w": 29, "h": 20, "y": 440, "x": 267, "structure_id": "Tb_5"}, {"parent_Field": null, "parent_Choice_Field": null, "parent_ChoiceGroup": null, "w": 1509, "h": 43, "y": 152, "x": 102, "structure_id": "Tb_6"}, {"parent_Field": "Fi_2", "parent_Choice_Field": null, "parent_ChoiceGroup": null, "w": 318, "h": 19, "y": 216, "x": 99, "structure_id": "Tb_7"}, {"parent_Field": "Fi_3", "parent_Choice_Field": null, "parent_ChoiceGroup": null, "w": 318, "h": 19, "y": 266, "x": 99, "structure_id": "Tb_8"}, {"parent_Field": "Fi_4", "parent_Choice_Field": null, "parent_ChoiceGroup": null, "w": 1063, "h": 19, "y": 309, "x": 103, "structure_id": "Tb_9"}, {"parent_Field": "Fi_5", "parent_Choice_Field": null, "parent_ChoiceGroup": null, "w": 1462, "h": 48, "y": 476, "x": 100, "structure_id": "Tb_10"}, {"parent_Field": null, "parent_Choice_Field": null, "parent_ChoiceGroup": null, "w": 482, "h": 22, "y": 640, "x": 607, "structure_id": "Tb_11"}, {"parent_Field": "Fi_6", "parent_Choice_Field": null, "parent_ChoiceGroup": null, "w": 291, "h": 19, "y": 764, "x": 100, "structure_id": "Tb_12"}, {"parent_Field": null, "parent_Choice_Field": null, "parent_ChoiceGroup": null, "w": 310, "h": 22, "y": 706, "x": 317, "structure_id": "Tb_13"}, {"parent_Field": "Fi_7", "parent_Choice_Field": null, "parent_ChoiceGroup": null, "w": 734, "h": 19, "y": 857, "x": 100, "structure_id": "Tb_14"}, {"parent_Field": null, "parent_Choice_Field": null, "parent_ChoiceGroup": "Chgp_2", "w": 590, "h": 19, "y": 674, "x": 100, "structure_id": "Tb_15"}, {"parent_Field": null, "parent_Choice_Field": "Chf_3", "parent_ChoiceGroup": "Chgp_2", "w": 39, "h": 19, "y": 707, "x": 150, "structure_id": "Tb_16"}, {"parent_Field": null, "parent_Choice_Field": "Chf_4", "parent_ChoiceGroup": "Chgp_2", "w": 29, "h": 19, "y": 707, "x": 267, "structure_id": "Tb_17"}, {"parent_Field": "Fi_8", "parent_Choice_Field": null, "parent_ChoiceGroup": null, "w": 291, "h": 19, "y": 814, "x": 100, "structure_id": "Tb_18"}, {"parent_Field": null, "parent_Choice_Field": null, "parent_ChoiceGroup": null, "w": 544, "h": 22, "y": 990, "x": 576, "structure_id": "Tb_19"}, {"parent_Field": null, "parent_Choice_Field": null, "parent_ChoiceGroup": "Chgp_3", "w": 623, "h": 19, "y": 1024, "x": 100, "structure_id": "Tb_20"}, {"parent_Field": null, "parent_Choice_Field": "Chf_5", "parent_ChoiceGroup": "Chgp_3", "w": 39, "h": 19, "y": 1057, "x": 150, "structure_id": "Tb_21"}, {"parent_Field": null, "parent_Choice_Field": "Chf_6", "parent_ChoiceGroup": "Chgp_3", "w": 29, "h": 19, "y": 1057, "x": 269, "structure_id": "Tb_22"}, {"parent_Field": "Fi_9", "parent_Choice_Field": null, "parent_ChoiceGroup": null, "w": 453, "h": 22, "y": 1289, "x": 450, "structure_id": "Tb_23"}, {"parent_Field": null, "parent_Choice_Field": null, "parent_ChoiceGroup": "Chgp_4", "w": 757, "h": 19, "y": 1190, "x": 100, "structure_id": "Tb_24"}, {"parent_Field": null, "parent_Choice_Field": "Chf_7", "parent_ChoiceGroup": "Chgp_4", "w": 39, "h": 20, "y": 1223, "x": 150, "structure_id": "Tb_25"}, {"parent_Field": null, "parent_Choice_Field": "Chf_8", "parent_ChoiceGroup": "Chgp_4", "w": 29, "h": 20, "y": 1223, "x": 267, "structure_id": "Tb_26"}, {"parent_Field": "Fi_10", "parent_Choice_Field": null, "parent_ChoiceGroup": null, "w": 413, "h": 22, "y": 1372, "x": 317, "structure_id": "Tb_27"}, {"parent_Field": null, "parent_Choice_Field": null, "parent_ChoiceGroup": "Chgp_5", "w": 442, "h": 19, "y": 1107, "x": 100, "structure_id": "Tb_28"}, {"parent_Field": null, "parent_Choice_Field": "Chf_9", "parent_ChoiceGroup": "Chgp_5", "w": 39, "h": 20, "y": 1140, "x": 150, "structure_id": "Tb_29"}, {"parent_Field": null, "parent_Choice_Field": "Chf_10", "parent_ChoiceGroup": "Chgp_5", "w": 29, "h": 20, "y": 1140, "x": 267, "structure_id": "Tb_30"}, {"parent_Field": null, "parent_Choice_Field": null, "parent_ChoiceGroup": "Chgp_6", "w": 830, "h": 22, "y": 1256, "x": 100, "structure_id": "Tb_31"}, {"parent_Field": null, "parent_Choice_Field": "Chf_11", "parent_ChoiceGroup": "Chgp_6", "w": 24, "h": 31.0, "y": 1285.03125, "x": 141, "structure_id": "Tb_32"}, {"parent_Field": null, "parent_Choice_Field": "Chf_12", "parent_ChoiceGroup": "Chgp_6", "w": 25, "h": 34.0, "y": 1282.03125, "x": 225, "structure_id": "Tb_33"}, {"parent_Field": null, "parent_Choice_Field": "Chf_13", "parent_ChoiceGroup": "Chgp_6", "w": 103, "h": 20, "y": 1290, "x": 317, "structure_id": "Tb_34"}, {"parent_Field": null, "parent_Choice_Field": null, "parent_ChoiceGroup": "Chgp_7", "w": 657, "h": 20, "y": 1340, "x": 100, "structure_id": "Tb_35"}, {"parent_Field": null, "parent_Choice_Field": "Chf_14", "parent_ChoiceGroup": "Chgp_7", "w": 39, "h": 19, "y": 1374, "x": 150, "structure_id": "Tb_36"}, {"parent_Field": null, "parent_Choice_Field": "Chf_15", "parent_ChoiceGroup": "Chgp_7", "w": 29, "h": 19, "y": 1374, "x": 267, "structure_id": "Tb_37"}, {"parent_Field": null, "parent_Choice_Field": null, "parent_ChoiceGroup": null, "w": 250, "h": 22, "y": 1056, "x": 317, "structure_id": "Tb_38"}, {"parent_Field": null, "parent_Choice_Field": null, "parent_ChoiceGroup": null, "w": 289, "h": 22, "y": 1424, "x": 704, "structure_id": "Tb_39"}, {"parent_Field": null, "parent_Choice_Field": null, "parent_ChoiceGroup": null, "w": 250, "h": 22, "y": 1489, "x": 317, "structure_id": "Tb_40"}, {"parent_Field": null, "parent_Choice_Field": null, "parent_ChoiceGroup": "Chgp_8", "w": 289, "h": 22, "y": 1789, "x": 100, "structure_id": "Tb_41"}, {"parent_Field": null, "parent_Choice_Field": "Chf_16", "parent_ChoiceGroup": "Chgp_8", "w": 78, "h": 20, "y": 1790, "x": 453, "structure_id": "Tb_42"}, {"parent_Field": null, "parent_Choice_Field": "Chf_17", "parent_ChoiceGroup": "Chgp_8", "w": 215, "h": 20, "y": 1790, "x": 586, "structure_id": "Tb_43"}, {"parent_Field": null, "parent_Choice_Field": null, "parent_ChoiceGroup": "Chgp_9", "w": 289, "h": 22, "y": 1606, "x": 100, "structure_id": "Tb_44"}, {"parent_Field": null, "parent_Choice_Field": "Chf_18", "parent_ChoiceGroup": "Chgp_9", "w": 78, "h": 19, "y": 1607, "x": 453, "structure_id": "Tb_45"}, {"parent_Field": null, "parent_Choice_Field": "Chf_19", "parent_ChoiceGroup": "Chgp_9", "w": 215, "h": 19, "y": 1607, "x": 586, "structure_id": "Tb_46"}, {"parent_Field": null, "parent_Choice_Field": null, "parent_ChoiceGroup": "Chgp_10", "w": 622, "h": 22, "y": 1639, "x": 100, "structure_id": "Tb_47"}, {"parent_Field": null, "parent_Choice_Field": "Chf_20", "parent_ChoiceGroup": "Chgp_10", "w": 15, "h": 20.0, "y": 1637.03125, "x": 783, "structure_id": "Tb_48"}, {"parent_Field": null, "parent_Choice_Field": "Chf_21", "parent_ChoiceGroup": "Chgp_10", "w": 39, "h": 20, "y": 1640, "x": 853, "structure_id": "Tb_49"}, {"parent_Field": null, "parent_Choice_Field": "Chf_22", "parent_ChoiceGroup": "Chgp_10", "w": 103, "h": 20, "y": 1640, "x": 956, "structure_id": "Tb_50"}, {"parent_Field": null, "parent_Choice_Field": null, "parent_ChoiceGroup": "Chgp_11", "w": 644, "h": 22, "y": 1672, "x": 100, "structure_id": "Tb_51"}, {"parent_Field": null, "parent_Choice_Field": "Chf_23", "parent_ChoiceGroup": "Chgp_11", "w": 42, "h": 19, "y": 1707, "x": 134, "structure_id": "Tb_52"}, {"parent_Field": null, "parent_Choice_Field": "Chf_24", "parent_ChoiceGroup": "Chgp_11", "w": 52, "h": 19, "y": 1707, "x": 231, "structure_id": "Tb_53"}, {"parent_Field": null, "parent_Choice_Field": "Chf_25", "parent_ChoiceGroup": "Chgp_11", "w": 125, "h": 19, "y": 1707, "x": 352, "structure_id": "Tb_54"}, {"parent_Field": null, "parent_Choice_Field": null, "parent_ChoiceGroup": "Chgp_12", "w": 519, "h": 19, "y": 1457, "x": 100, "structure_id": "Tb_55"}, {"parent_Field": null, "parent_Choice_Field": "Chf_26", "parent_ChoiceGroup": "Chgp_12", "w": 39, "h": 20, "y": 1490, "x": 150, "structure_id": "Tb_56"}, {"parent_Field": null, "parent_Choice_Field": "Chf_27", "parent_ChoiceGroup": "Chgp_12", "w": 29, "h": 20, "y": 1490, "x": 267, "structure_id": "Tb_57"}, {"parent_Field": null, "parent_Choice_Field": null, "parent_ChoiceGroup": "Chgp_13", "w": 622, "h": 22, "y": 1822, "x": 100, "structure_id": "Tb_58"}, {"parent_Field": null, "parent_Choice_Field": "Chf_28", "parent_ChoiceGroup": "Chgp_13", "w": 21, "h": 24.0, "y": 1819.03125, "x": 781, "structure_id": "Tb_59"}, {"parent_Field": null, "parent_Choice_Field": "Chf_29", "parent_ChoiceGroup": "Chgp_13", "w": 39, "h": 19, "y": 1824, "x": 853, "structure_id": "Tb_60"}, {"parent_Field": null, "parent_Choice_Field": "Chf_30", "parent_ChoiceGroup": "Chgp_13", "w": 103, "h": 19, "y": 1824, "x": 956, "structure_id": "Tb_61"}, {"parent_Field": null, "parent_Choice_Field": null, "parent_ChoiceGroup": "Chgp_14", "w": 644, "h": 22, "y": 1856, "x": 100, "structure_id": "Tb_62"}, {"parent_Field": null, "parent_Choice_Field": "Chf_31", "parent_ChoiceGroup": "Chgp_14", "w": 42, "h": 20, "y": 1890, "x": 134, "structure_id": "Tb_63"}, {"parent_Field": null, "parent_Choice_Field": "Chf_32", "parent_ChoiceGroup": "Chgp_14", "w": 52, "h": 20, "y": 1890, "x": 231, "structure_id": "Tb_64"}, {"parent_Field": null, "parent_Choice_Field": "Chf_33", "parent_ChoiceGroup": "Chgp_14", "w": 125, "h": 20, "y": 1890, "x": 352, "structure_id": "Tb_65"}, {"parent_Field": null, "parent_Choice_Field": null, "parent_ChoiceGroup": "Chgp_15", "w": 289, "h": 22, "y": 1972, "x": 100, "structure_id": "Tb_66"}, {"parent_Field": null, "parent_Choice_Field": "Chf_34", "parent_ChoiceGroup": "Chgp_15", "w": 78, "h": 19, "y": 1974, "x": 453, "structure_id": "Tb_67"}, {"parent_Field": null, "parent_Choice_Field": "Chf_35", "parent_ChoiceGroup": "Chgp_15", "w": 215, "h": 19, "y": 1974, "x": 586, "structure_id": "Tb_68"}, {"parent_Field": null, "parent_Choice_Field": null, "parent_ChoiceGroup": "Chgp_16", "w": 622, "h": 22, "y": 2006, "x": 100, "structure_id": "Tb_69"}, {"parent_Field": null, "parent_Choice_Field": "Chf_36", "parent_ChoiceGroup": "Chgp_16", "w": 21, "h": 25.0, "y": 2002.03125, "x": 781, "structure_id": "Tb_70"}, {"parent_Field": null, "parent_Choice_Field": "Chf_37", "parent_ChoiceGroup": "Chgp_16", "w": 39, "h": 19, "y": 2007, "x": 853, "structure_id": "Tb_71"}, {"parent_Field": null, "parent_Choice_Field": "Chf_38", "parent_ChoiceGroup": "Chgp_16", "w": 103, "h": 19, "y": 2007, "x": 956, "structure_id": "Tb_72"}, {"parent_Field": null, "parent_Choice_Field": null, "parent_ChoiceGroup": "Chgp_17", "w": 644, "h": 22, "y": 2039, "x": 100, "structure_id": "Tb_73"}, {"parent_Field": null, "parent_Choice_Field": "Chf_39", "parent_ChoiceGroup": "Chgp_17", "w": 42, "h": 19, "y": 2074, "x": 134, "structure_id": "Tb_74"}, {"parent_Field": null, "parent_Choice_Field": "Chf_40", "parent_ChoiceGroup": "Chgp_17", "w": 52, "h": 19, "y": 2074, "x": 231, "structure_id": "Tb_75"}, {"parent_Field": null, "parent_Choice_Field": "Chf_41", "parent_ChoiceGroup": "Chgp_17", "w": 125, "h": 19, "y": 2074, "x": 352, "structure_id": "Tb_76"}, {"parent_Field": null, "parent_Choice_Field": null, "parent_ChoiceGroup": "Chgp_18", "w": 540, "h": 22, "y": 1539, "x": 100, "structure_id": "Tb_77"}, {"parent_Field": null, "parent_Choice_Field": "Chf_42", "parent_ChoiceGroup": "Chgp_18", "w": 132, "h": 19, "y": 1574, "x": 136, "structure_id": "Tb_78"}, {"parent_Field": null, "parent_Choice_Field": "Chf_43", "parent_ChoiceGroup": "Chgp_18", "w": 98, "h": 19, "y": 1757, "x": 136, "structure_id": "Tb_79"}, {"parent_Field": null, "parent_Choice_Field": "Chf_44", "parent_ChoiceGroup": "Chgp_18", "w": 247, "h": 20, "y": 1940, "x": 132, "structure_id": "Tb_80"}, {"parent_Field": null, "parent_Choice_Field": null, "parent_ChoiceGroup": null, "w": 296, "h": 19, "y": 2124, "x": 83, "structure_id": "Tb_81"}, {"parent_Field": null, "parent_Choice_Field": null, "parent_ChoiceGroup": null, "w": 71, "h": 22, "y": 2122, "x": 1546, "structure_id": "Tb_82"}], "Choice_Field": [{"y": 437.5, "x": 102.77244094488188, "structure_id": "Chf_1", "w": 86.22755905511812, "h": 25}, {"y": 437.5, "x": 219.44173228346457, "structure_id": "Chf_2", "w": 76.55826771653543, "h": 25}, {"y": 704.1614173228347, "x": 102.77244094488188, "structure_id": "Chf_3", "w": 86.22755905511812, "h": 25}, {"y": 704.1614173228347, "x": 219.44173228346457, "structure_id": "Chf_4", "w": 76.55826771653543, "h": 25}, {"y": 1054.1614173228345, "x": 102.77244094488188, "structure_id": "Chf_5", "w": 86.22755905511812, "h": 25}, {"y": 1054.1614173228345, "x": 219.44173228346457, "structure_id": "Chf_6", "w": 78.55826771653543, "h": 25}, {"y": 1220.8307086614175, "x": 102.77244094488188, "structure_id": "Chf_7", "w": 86.22755905511812, "h": 25}, {"y": 1220.8307086614175, "x": 219.44173228346457, "structure_id": "Chf_8", "w": 76.55826771653543, "h": 25}, {"y": 1137.5000000000002, "x": 102.77244094488188, "structure_id": "Chf_9", "w": 86.22755905511812, "h": 25}, {"y": 1137.5000000000002, "x": 219.44173228346457, "structure_id": "Chf_10", "w": 76.55826771653543, "h": 25}, {"y": 1285.03125, "x": 102.77244094488188, "structure_id": "Chf_11", "w": 62.22755905511812, "h": 31}, {"y": 1282.03125, "x": 186.11102362204727, "structure_id": "Chf_12", "w": 63.88897637795273, "h": 34}, {"y": 1287.5, "x": 269.4417322834646, "structure_id": "Chf_13", "w": 150.5582677165354, "h": 25}, {"y": 1370.8307086614172, "x": 102.77244094488188, "structure_id": "Chf_14", "w": 86.22755905511812, "h": 25}, {"y": 1370.8307086614172, "x": 219.44173228346457, "structure_id": "Chf_15", "w": 76.55826771653543, "h": 25}, {"y": 1787.4944881889764, "x": 416.6692913385827, "structure_id": "Chf_16", "w": 114.3307086614173, "h": 25}, {"y": 1787.4944881889764, "x": 550, "structure_id": "Chf_17", "w": 251, "h": 25}, {"y": 1604.1637795275592, "x": 416.6692913385827, "structure_id": "Chf_18", "w": 114.3307086614173, "h": 25}, {"y": 1604.1637795275592, "x": 550, "structure_id": "Chf_19", "w": 251, "h": 25}, {"y": 1637.03125, "x": 750.0000000000001, "structure_id": "Chf_20", "w": 47.999999999999886, "h": 25.46323818897622}, {"y": 1637.4944881889762, "x": 816.6692913385828, "structure_id": "Chf_21", "w": 75.33070866141725, "h": 25}, {"y": 1637.4944881889762, "x": 916.6692913385826, "structure_id": "Chf_22", "w": 142.33070866141736, "h": 25}, {"y": 1704.1637795275592, "x": 100, "structure_id": "Chf_23", "w": 76, "h": 25}, {"y": 1704.1637795275592, "x": 200, "structure_id": "Chf_24", "w": 83, "h": 25}, {"y": 1700.0000000000002, "x": 316.66929133858264, "structure_id": "Chf_25", "w": 750.0000000000001, "h": 33.33070866141725}, {"y": 1487.5, "x": 102.77244094488188, "structure_id": "Chf_26", "w": 86.22755905511812, "h": 25}, {"y": 1487.5, "x": 219.44173228346457, "structure_id": "Chf_27", "w": 76.55826771653543, "h": 25}, {"y": 1819.03125, "x": 750.0000000000001, "structure_id": "Chf_28", "w": 51.999999999999886, "h": 26.793946850393695}, {"y": 1820.8251968503937, "x": 816.6692913385828, "structure_id": "Chf_29", "w": 75.33070866141725, "h": 25}, {"y": 1820.8251968503937, "x": 916.6692913385826, "structure_id": "Chf_30", "w": 142.33070866141736, "h": 25}, {"y": 1887.4944881889764, "x": 100, "structure_id": "Chf_31", "w": 76, "h": 25}, {"y": 1887.4944881889764, "x": 200, "structure_id": "Chf_32", "w": 83, "h": 25}, {"y": 1883.3307086614175, "x": 316.66929133858264, "structure_id": "Chf_33", "w": 750.0000000000001, "h": 33.33070866141725}, {"y": 1970.8330708661417, "x": 416.6692913385827, "structure_id": "Chf_34", "w": 114.3307086614173, "h": 25}, {"y": 1970.8330708661417, "x": 550, "structure_id": "Chf_35", "w": 251, "h": 25}, {"y": 2002.03125, "x": 750.0000000000001, "structure_id": "Chf_36", "w": 51.999999999999886, "h": 27.132529527558972}, {"y": 2004.163779527559, "x": 816.6692913385828, "structure_id": "Chf_37", "w": 75.33070866141725, "h": 25}, {"y": 2004.163779527559, "x": 916.6692913385826, "structure_id": "Chf_38", "w": 142.33070866141736, "h": 25}, {"y": 2070.833070866142, "x": 100, "structure_id": "Chf_39", "w": 76, "h": 25}, {"y": 2070.833070866142, "x": 200, "structure_id": "Chf_40", "w": 83, "h": 25}, {"y": 2066.669291338583, "x": 316.66929133858264, "structure_id": "Chf_41", "w": 750.0000000000001, "h": 33.33070866141725}, {"y": 1570.833070866142, "x": 100, "structure_id": "Chf_42", "w": 168, "h": 25}, {"y": 1754.163779527559, "x": 100, "structure_id": "Chf_43", "w": 134, "h": 25}, {"y": 1937.4944881889764, "x": 100, "structure_id": "Chf_44", "w": 279, "h": 25}], "Field": [{"y": 52.463779527559055, "x": 88, "structure_id": "Fi_1", "w": 937.2023622047245, "h": 46.83307086614174}, {"y": 201.6913385826772, "x": 99, "structure_id": "Fi_2", "w": 1016.8968503937008, "h": 33.330708661417304}, {"y": 251.69133858267716, "x": 99, "structure_id": "Fi_3", "w": 1016.8968503937008, "h": 33.33070866141733}, {"y": 309, "x": 103, "structure_id": "Fi_4", "w": 1497, "h": 91}, {"y": 476, "x": 100, "structure_id": "Fi_5", "w": 1500, "h": 157.33070866141736}, {"y": 750.0000000000001, "x": 100, "structure_id": "Fi_6", "w": 1216.6614173228347, "h": 33.33070866141736}, {"y": 857, "x": 100, "structure_id": "Fi_7", "w": 1500, "h": 126.33070866141736}, {"y": 800, "x": 100, "structure_id": "Fi_8", "w": 1216.6614173228347, "h": 33.33070866141736}, {"y": 1283.3307086614175, "x": 450, "structure_id": "Fi_9", "w": 666.6692913385828, "h": 33.33070866141725}, {"y": 1366.6692913385828, "x": 317, "structure_id": "Fi_10", "w": 1283, "h": 33.33070866141725}], "TextRun": [{"parent_TextBlock": "Tb_1", "text": "PATIENT/VETERAN'S SOCIAL SECURITY NO.", "parent_Field": "Fi_1", "parent_Choice_Field": null, "parent_ChoiceGroup": null, "w": 416, "h": 20, "y": 74, "x": 88, "structure_id": "Tr_1"}, {"parent_TextBlock": "Tb_2", "text": "SECTION II - MEDICAL HISTORY\u00c2\u00a0", "parent_Field": null, "parent_Choice_Field": null, "parent_ChoiceGroup": null, "w": 350, "h": 23, "y": 112, "x": 611, "structure_id": "Tr_2"}, {"parent_TextBlock": "Tb_2", "text": "(Continued)", "parent_Field": null, "parent_Choice_Field": null, "parent_ChoiceGroup": null, "w": 131, "h": 25, "y": 110, "x": 961, "structure_id": "Tr_3"}, {"parent_TextBlock": "Tb_3", "text": "2E. IS CONTINUOUS MEDICATION REQUIRED FOR CONTROL OF THE VETERAN'S HEART CONDITION?", "parent_Field": null, "parent_Choice_Field": null, "parent_ChoiceGroup": "Chgp_1", "w": 959, "h": 19, "y": 407, "x": 100, "structure_id": "Tr_4"}, {"parent_TextBlock": "Tb_4", "text": "YES", "parent_Field": null, "parent_Choice_Field": "Chf_1", "parent_ChoiceGroup": "Chgp_1", "w": 39, "h": 20, "y": 440, "x": 150, "structure_id": "Tr_5"}, {"parent_TextBlock": "Tb_5", "text": "NO", "parent_Field": null, "parent_Choice_Field": "Chf_2", "parent_ChoiceGroup": "Chgp_1", "w": 29, "h": 20, "y": 440, "x": 267, "structure_id": "Tr_6"}, {"parent_TextBlock": "Tb_6", "text": "2C. PROVIDE THE ETIOLOGY, IF KNOWN, OF EACH OF THE VETERAN'S HEART CONDITIONS, INCLUDING THE RELATIONSHIP/CAUSALITY TO OTHER HEART", "parent_Field": null, "parent_Choice_Field": null, "parent_ChoiceGroup": null, "w": 1509, "h": 19, "y": 152, "x": 102, "structure_id": "Tr_7"}, {"parent_TextBlock": "Tb_6", "text": "CONDITIONS, PARTICULARLY THE RELATIONSHIP/CAUSALITY TO THE VETERAN'S IHD CONDITIONS, IF ANY:", "parent_Field": null, "parent_Choice_Field": null, "parent_ChoiceGroup": null, "w": 1022, "h": 20, "y": 175, "x": 135, "structure_id": "Tr_8"}, {"parent_TextBlock": "Tb_7", "text": "Heart condition #1 (provide etiology):", "parent_Field": "Fi_2", "parent_Choice_Field": null, "parent_ChoiceGroup": null, "w": 318, "h": 19, "y": 216, "x": 99, "structure_id": "Tr_9"}, {"parent_TextBlock": "Tb_8", "text": "Heart condition #2 (provide etiology):", "parent_Field": "Fi_3", "parent_Choice_Field": null, "parent_ChoiceGroup": null, "w": 318, "h": 19, "y": 266, "x": 99, "structure_id": "Tr_10"}, {"parent_TextBlock": "Tb_9", "text": "2D. IF THERE ARE ADDITIONAL HEART CONDITIONS, PROVIDE ETIOLOGY AND LIST USING THE ABOVE FORMAT:", "parent_Field": "Fi_4", "parent_Choice_Field": null, "parent_ChoiceGroup": null, "w": 1063, "h": 19, "y": 309, "x": 103, "structure_id": "Tr_11"}, {"parent_TextBlock": "Tb_10", "text": "(If, \"Yes,\" list medications required for the veteran's heart condition (include name of medication and heart condition it is used for, such as atenolol for myocardial", "parent_Field": "Fi_5", "parent_Choice_Field": null, "parent_ChoiceGroup": null, "w": 1462, "h": 22, "y": 476, "x": 100, "structure_id": "Tr_12"}, {"parent_TextBlock": "Tb_10", "text": "infarction or atrial fibrillation):", "parent_Field": "Fi_5", "parent_Choice_Field": null, "parent_ChoiceGroup": null, "w": 285, "h": 22, "y": 502, "x": 100, "structure_id": "Tr_13"}, {"parent_TextBlock": "Tb_11", "text": "SECTION III - MYOCARDIAL INFARCTION (MI)", "parent_Field": null, "parent_Choice_Field": null, "parent_ChoiceGroup": null, "w": 482, "h": 22, "y": 640, "x": 607, "structure_id": "Tr_14"}, {"parent_TextBlock": "Tb_12", "text": "MI #1: Date and treatment facility:", "parent_Field": "Fi_6", "parent_Choice_Field": null, "parent_ChoiceGroup": null, "w": 291, "h": 19, "y": 764, "x": 100, "structure_id": "Tr_15"}, {"parent_TextBlock": "Tb_13", "text": "(If, \"Yes,\" complete the following):", "parent_Field": null, "parent_Choice_Field": null, "parent_ChoiceGroup": null, "w": 310, "h": 22, "y": 706, "x": 317, "structure_id": "Tr_16"}, {"parent_TextBlock": "Tb_14", "text": "3B.  IF THE VETERAN HAS HAD ADDITIONAL MIs, LIST USING ABOVE FORMAT:", "parent_Field": "Fi_7", "parent_Choice_Field": null, "parent_ChoiceGroup": null, "w": 734, "h": 19, "y": 857, "x": 100, "structure_id": "Tr_17"}, {"parent_TextBlock": "Tb_15", "text": "3A. HAS THE VETERAN HAD A MYOCARDIAL INFARCTION (MI)?", "parent_Field": null, "parent_Choice_Field": null, "parent_ChoiceGroup": "Chgp_2", "w": 590, "h": 19, "y": 674, "x": 100, "structure_id": "Tr_18"}, {"parent_TextBlock": "Tb_16", "text": "YES", "parent_Field": null, "parent_Choice_Field": "Chf_3", "parent_ChoiceGroup": "Chgp_2", "w": 39, "h": 19, "y": 707, "x": 150, "structure_id": "Tr_19"}, {"parent_TextBlock": "Tb_17", "text": "NO", "parent_Field": null, "parent_Choice_Field": "Chf_4", "parent_ChoiceGroup": "Chgp_2", "w": 29, "h": 19, "y": 707, "x": 267, "structure_id": "Tr_20"}, {"parent_TextBlock": "Tb_18", "text": "MI #2: Date and treatment facility:", "parent_Field": "Fi_8", "parent_Choice_Field": null, "parent_ChoiceGroup": null, "w": 291, "h": 19, "y": 814, "x": 100, "structure_id": "Tr_21"}, {"parent_TextBlock": "Tb_19", "text": "SECTION IV - CONGESTIVE HEART FAILURE (CHF)", "parent_Field": null, "parent_Choice_Field": null, "parent_ChoiceGroup": null, "w": 544, "h": 22, "y": 990, "x": 576, "structure_id": "Tr_22"}, {"parent_TextBlock": "Tb_20", "text": "4A. HAS THE VETERAN HAD CONGESTIVE HEART FAILURE (CHF)?", "parent_Field": null, "parent_Choice_Field": null, "parent_ChoiceGroup": "Chgp_3", "w": 623, "h": 19, "y": 1024, "x": 100, "structure_id": "Tr_23"}, {"parent_TextBlock": "Tb_21", "text": "YES", "parent_Field": null, "parent_Choice_Field": "Chf_5", "parent_ChoiceGroup": "Chgp_3", "w": 39, "h": 19, "y": 1057, "x": 150, "structure_id": "Tr_24"}, {"parent_TextBlock": "Tb_22", "text": "NO", "parent_Field": null, "parent_Choice_Field": "Chf_6", "parent_ChoiceGroup": "Chgp_3", "w": 29, "h": 19, "y": 1057, "x": 269, "structure_id": "Tr_25"}, {"parent_TextBlock": "Tb_23", "text": "Provide date of most recent episode of acute CHF:", "parent_Field": "Fi_9", "parent_Choice_Field": null, "parent_ChoiceGroup": null, "w": 453, "h": 22, "y": 1289, "x": 450, "structure_id": "Tr_26"}, {"parent_TextBlock": "Tb_24", "text": "4C. HAS THE VETERAN HAD ANY EPISODES OF ACUTE CHF IN THE PAST YEAR?", "parent_Field": null, "parent_Choice_Field": null, "parent_ChoiceGroup": "Chgp_4", "w": 757, "h": 19, "y": 1190, "x": 100, "structure_id": "Tr_27"}, {"parent_TextBlock": "Tb_25", "text": "YES", "parent_Field": null, "parent_Choice_Field": "Chf_7", "parent_ChoiceGroup": "Chgp_4", "w": 39, "h": 20, "y": 1223, "x": 150, "structure_id": "Tr_28"}, {"parent_TextBlock": "Tb_26", "text": "NO", "parent_Field": null, "parent_Choice_Field": "Chf_8", "parent_ChoiceGroup": "Chgp_4", "w": 29, "h": 20, "y": 1223, "x": 267, "structure_id": "Tr_29"}, {"parent_TextBlock": "Tb_27", "text": "(If, \"Yes,\" indicate name of treatment facility):", "parent_Field": "Fi_10", "parent_Choice_Field": null, "parent_ChoiceGroup": null, "w": 413, "h": 22, "y": 1372, "x": 317, "structure_id": "Tr_30"}, {"parent_TextBlock": "Tb_28", "text": "4B. DOES THE VETERAN HAVE CHRONIC CHF?", "parent_Field": null, "parent_Choice_Field": null, "parent_ChoiceGroup": "Chgp_5", "w": 442, "h": 19, "y": 1107, "x": 100, "structure_id": "Tr_31"}, {"parent_TextBlock": "Tb_29", "text": "YES", "parent_Field": null, "parent_Choice_Field": "Chf_9", "parent_ChoiceGroup": "Chgp_5", "w": 39, "h": 20, "y": 1140, "x": 150, "structure_id": "Tr_32"}, {"parent_TextBlock": "Tb_30", "text": "NO", "parent_Field": null, "parent_Choice_Field": "Chf_10", "parent_ChoiceGroup": "Chgp_5", "w": 29, "h": 20, "y": 1140, "x": 267, "structure_id": "Tr_33"}, {"parent_TextBlock": "Tb_31", "text": "(If, \"Yes,\" specify the number of episodes of acute CHF the veteran has had in the past year):", "parent_Field": null, "parent_Choice_Field": null, "parent_ChoiceGroup": "Chgp_6", "w": 830, "h": 22, "y": 1256, "x": 100, "structure_id": "Tr_34"}, {"parent_TextBlock": "Tb_32", "parent_Field": null, "parent_Choice_Field": "Chf_11", "parent_ChoiceGroup": "Chgp_6", "w": 24, "h": 31, "y": 1285.03125, "x": 141, "structure_id": "Tr_35"}, {"parent_TextBlock": "Tb_33", "parent_Field": null, "parent_Choice_Field": "Chf_12", "parent_ChoiceGroup": "Chgp_6", "w": 25, "h": 34, "y": 1282.03125, "x": 225, "structure_id": "Tr_36"}, {"parent_TextBlock": "Tb_34", "text": "More than 1", "parent_Field": null, "parent_Choice_Field": "Chf_13", "parent_ChoiceGroup": "Chgp_6", "w": 103, "h": 20, "y": 1290, "x": 317, "structure_id": "Tr_37"}, {"parent_TextBlock": "Tb_35", "text": "4D. WAS THE VETERAN ADMITTED FOR TREATMENT OF ACUTE CHF?", "parent_Field": null, "parent_Choice_Field": null, "parent_ChoiceGroup": "Chgp_7", "w": 657, "h": 20, "y": 1340, "x": 100, "structure_id": "Tr_38"}, {"parent_TextBlock": "Tb_36", "text": "YES", "parent_Field": null, "parent_Choice_Field": "Chf_14", "parent_ChoiceGroup": "Chgp_7", "w": 39, "h": 19, "y": 1374, "x": 150, "structure_id": "Tr_39"}, {"parent_TextBlock": "Tb_37", "text": "NO", "parent_Field": null, "parent_Choice_Field": "Chf_15", "parent_ChoiceGroup": "Chgp_7", "w": 29, "h": 19, "y": 1374, "x": 267, "structure_id": "Tr_40"}, {"parent_TextBlock": "Tb_38", "text": "(If \"Yes,\" complete Item 4B)", "parent_Field": null, "parent_Choice_Field": null, "parent_ChoiceGroup": null, "w": 250, "h": 22, "y": 1056, "x": 317, "structure_id": "Tr_41"}, {"parent_TextBlock": "Tb_39", "text": "SECTION V - ARRHYTHMIA", "parent_Field": null, "parent_Choice_Field": null, "parent_ChoiceGroup": null, "w": 289, "h": 22, "y": 1424, "x": 704, "structure_id": "Tr_42"}, {"parent_TextBlock": "Tb_40", "text": "(If \"Yes,\" complete Item 5B)", "parent_Field": null, "parent_Choice_Field": null, "parent_ChoiceGroup": null, "w": 250, "h": 22, "y": 1489, "x": 317, "structure_id": "Tr_43"}, {"parent_TextBlock": "Tb_41", "text": "(If checked, indicate frequency):", "parent_Field": null, "parent_Choice_Field": null, "parent_ChoiceGroup": "Chgp_8", "w": 289, "h": 22, "y": 1789, "x": 100, "structure_id": "Tr_44"}, {"parent_TextBlock": "Tb_42", "text": "Constant", "parent_Field": null, "parent_Choice_Field": "Chf_16", "parent_ChoiceGroup": "Chgp_8", "w": 78, "h": 20, "y": 1790, "x": 453, "structure_id": "Tr_45"}, {"parent_TextBlock": "Tb_43", "text": "Intermittent (paroxysmal)", "parent_Field": null, "parent_Choice_Field": "Chf_17", "parent_ChoiceGroup": "Chgp_8", "w": 215, "h": 20, "y": 1790, "x": 586, "structure_id": "Tr_46"}, {"parent_TextBlock": "Tb_44", "text": "(If checked, indicate frequency):", "parent_Field": null, "parent_Choice_Field": null, "parent_ChoiceGroup": "Chgp_9", "w": 289, "h": 22, "y": 1606, "x": 100, "structure_id": "Tr_47"}, {"parent_TextBlock": "Tb_45", "text": "Constant", "parent_Field": null, "parent_Choice_Field": "Chf_18", "parent_ChoiceGroup": "Chgp_9", "w": 78, "h": 19, "y": 1607, "x": 453, "structure_id": "Tr_48"}, {"parent_TextBlock": "Tb_46", "text": "Intermittent (paroxysmal)", "parent_Field": null, "parent_Choice_Field": "Chf_19", "parent_ChoiceGroup": "Chgp_9", "w": 215, "h": 19, "y": 1607, "x": 586, "structure_id": "Tr_49"}, {"parent_TextBlock": "Tb_47", "text": "(If \"Intermittent,\" indicate number of episodes in the past 12 months):", "parent_Field": null, "parent_Choice_Field": null, "parent_ChoiceGroup": "Chgp_10", "w": 622, "h": 22, "y": 1639, "x": 100, "structure_id": "Tr_50"}, {"parent_TextBlock": "Tb_48", "parent_Field": null, "parent_Choice_Field": "Chf_20", "parent_ChoiceGroup": "Chgp_10", "w": 15, "h": 20, "y": 1637.03125, "x": 783, "structure_id": "Tr_51"}, {"parent_TextBlock": "Tb_49", "text": "1 - 4", "parent_Field": null, "parent_Choice_Field": "Chf_21", "parent_ChoiceGroup": "Chgp_10", "w": 39, "h": 20, "y": 1640, "x": 853, "structure_id": "Tr_52"}, {"parent_TextBlock": "Tb_50", "text": "More than 4", "parent_Field": null, "parent_Choice_Field": "Chf_22", "parent_ChoiceGroup": "Chgp_10", "w": 103, "h": 20, "y": 1640, "x": 956, "structure_id": "Tr_53"}, {"parent_TextBlock": "Tb_51", "text": "(Indicate how these episodes were documented.)  (Check all that apply):", "parent_Field": null, "parent_Choice_Field": null, "parent_ChoiceGroup": "Chgp_11", "w": 644, "h": 22, "y": 1672, "x": 100, "structure_id": "Tr_54"}, {"parent_TextBlock": "Tb_52", "text": "EKG", "parent_Field": null, "parent_Choice_Field": "Chf_23", "parent_ChoiceGroup": "Chgp_11", "w": 42, "h": 19, "y": 1707, "x": 134, "structure_id": "Tr_55"}, {"parent_TextBlock": "Tb_53", "text": "Holter", "parent_Field": null, "parent_Choice_Field": "Chf_24", "parent_ChoiceGroup": "Chgp_11", "w": 52, "h": 19, "y": 1707, "x": 231, "structure_id": "Tr_56"}, {"parent_TextBlock": "Tb_54", "text": "Other, specify:", "parent_Field": null, "parent_Choice_Field": "Chf_25", "parent_ChoiceGroup": "Chgp_11", "w": 125, "h": 19, "y": 1707, "x": 352, "structure_id": "Tr_57"}, {"parent_TextBlock": "Tb_55", "text": "5A. HAS THE VETERAN HAD A CARDIAC ARRHYTHMIA?", "parent_Field": null, "parent_Choice_Field": null, "parent_ChoiceGroup": "Chgp_12", "w": 519, "h": 19, "y": 1457, "x": 100, "structure_id": "Tr_58"}, {"parent_TextBlock": "Tb_56", "text": "YES", "parent_Field": null, "parent_Choice_Field": "Chf_26", "parent_ChoiceGroup": "Chgp_12", "w": 39, "h": 20, "y": 1490, "x": 150, "structure_id": "Tr_59"}, {"parent_TextBlock": "Tb_57", "text": "NO", "parent_Field": null, "parent_Choice_Field": "Chf_27", "parent_ChoiceGroup": "Chgp_12", "w": 29, "h": 20, "y": 1490, "x": 267, "structure_id": "Tr_60"}, {"parent_TextBlock": "Tb_58", "text": "(If \"Intermittent,\" indicate number of episodes in the past 12 months):", "parent_Field": null, "parent_Choice_Field": null, "parent_ChoiceGroup": "Chgp_13", "w": 622, "h": 22, "y": 1822, "x": 100, "structure_id": "Tr_61"}, {"parent_TextBlock": "Tb_59", "parent_Field": null, "parent_Choice_Field": "Chf_28", "parent_ChoiceGroup": "Chgp_13", "w": 21, "h": 24, "y": 1819.03125, "x": 781, "structure_id": "Tr_62"}, {"parent_TextBlock": "Tb_60", "text": "1 - 4", "parent_Field": null, "parent_Choice_Field": "Chf_29", "parent_ChoiceGroup": "Chgp_13", "w": 39, "h": 19, "y": 1824, "x": 853, "structure_id": "Tr_63"}, {"parent_TextBlock": "Tb_61", "text": "More than 4", "parent_Field": null, "parent_Choice_Field": "Chf_30", "parent_ChoiceGroup": "Chgp_13", "w": 103, "h": 19, "y": 1824, "x": 956, "structure_id": "Tr_64"}, {"parent_TextBlock": "Tb_62", "text": "(Indicate how these episodes were documented.)  (Check all that apply):", "parent_Field": null, "parent_Choice_Field": null, "parent_ChoiceGroup": "Chgp_14", "w": 644, "h": 22, "y": 1856, "x": 100, "structure_id": "Tr_65"}, {"parent_TextBlock": "Tb_63", "text": "EKG", "parent_Field": null, "parent_Choice_Field": "Chf_31", "parent_ChoiceGroup": "Chgp_14", "w": 42, "h": 20, "y": 1890, "x": 134, "structure_id": "Tr_66"}, {"parent_TextBlock": "Tb_64", "text": "Holter", "parent_Field": null, "parent_Choice_Field": "Chf_32", "parent_ChoiceGroup": "Chgp_14", "w": 52, "h": 20, "y": 1890, "x": 231, "structure_id": "Tr_67"}, {"parent_TextBlock": "Tb_65", "text": "Other, specify:", "parent_Field": null, "parent_Choice_Field": "Chf_33", "parent_ChoiceGroup": "Chgp_14", "w": 125, "h": 20, "y": 1890, "x": 352, "structure_id": "Tr_68"}, {"parent_TextBlock": "Tb_66", "text": "(If checked, indicate frequency):", "parent_Field": null, "parent_Choice_Field": null, "parent_ChoiceGroup": "Chgp_15", "w": 289, "h": 22, "y": 1972, "x": 100, "structure_id": "Tr_69"}, {"parent_TextBlock": "Tb_67", "text": "Constant", "parent_Field": null, "parent_Choice_Field": "Chf_34", "parent_ChoiceGroup": "Chgp_15", "w": 78, "h": 19, "y": 1974, "x": 453, "structure_id": "Tr_70"}, {"parent_TextBlock": "Tb_68", "text": "Intermittent (paroxysmal)", "parent_Field": null, "parent_Choice_Field": "Chf_35", "parent_ChoiceGroup": "Chgp_15", "w": 215, "h": 19, "y": 1974, "x": 586, "structure_id": "Tr_71"}, {"parent_TextBlock": "Tb_69", "text": "(If \"Intermittent,\" indicate number of episodes in the past 12 months):", "parent_Field": null, "parent_Choice_Field": null, "parent_ChoiceGroup": "Chgp_16", "w": 622, "h": 22, "y": 2006, "x": 100, "structure_id": "Tr_72"}, {"parent_TextBlock": "Tb_70", "parent_Field": null, "parent_Choice_Field": "Chf_36", "parent_ChoiceGroup": "Chgp_16", "w": 21, "h": 25, "y": 2002.03125, "x": 781, "structure_id": "Tr_73"}, {"parent_TextBlock": "Tb_71", "text": "1 - 4", "parent_Field": null, "parent_Choice_Field": "Chf_37", "parent_ChoiceGroup": "Chgp_16", "w": 39, "h": 19, "y": 2007, "x": 853, "structure_id": "Tr_74"}, {"parent_TextBlock": "Tb_72", "text": "More than 4", "parent_Field": null, "parent_Choice_Field": "Chf_38", "parent_ChoiceGroup": "Chgp_16", "w": 103, "h": 19, "y": 2007, "x": 956, "structure_id": "Tr_75"}, {"parent_TextBlock": "Tb_73", "text": "(Indicate how these episodes were documented.)  (Check all that apply):", "parent_Field": null, "parent_Choice_Field": null, "parent_ChoiceGroup": "Chgp_17", "w": 644, "h": 22, "y": 2039, "x": 100, "structure_id": "Tr_76"}, {"parent_TextBlock": "Tb_74", "text": "EKG", "parent_Field": null, "parent_Choice_Field": "Chf_39", "parent_ChoiceGroup": "Chgp_17", "w": 42, "h": 19, "y": 2074, "x": 134, "structure_id": "Tr_77"}, {"parent_TextBlock": "Tb_75", "text": "Holter", "parent_Field": null, "parent_Choice_Field": "Chf_40", "parent_ChoiceGroup": "Chgp_17", "w": 52, "h": 19, "y": 2074, "x": 231, "structure_id": "Tr_78"}, {"parent_TextBlock": "Tb_76", "text": "Other, specify:", "parent_Field": null, "parent_Choice_Field": "Chf_41", "parent_ChoiceGroup": "Chgp_17", "w": 125, "h": 19, "y": 2074, "x": 352, "structure_id": "Tr_79"}, {"parent_TextBlock": "Tb_77", "text": "5B. SELECT TYPE OF ARRHYTHMIA", "parent_Field": null, "parent_Choice_Field": null, "parent_ChoiceGroup": "Chgp_18", "w": 338, "h": 19, "y": 1541, "x": 100, "structure_id": "Tr_80"}, {"parent_TextBlock": "Tb_77", "text": "(Check all that apply):", "parent_Field": null, "parent_Choice_Field": null, "parent_ChoiceGroup": "Chgp_18", "w": 202, "h": 22, "y": 1539, "x": 438, "structure_id": "Tr_81"}, {"parent_TextBlock": "Tb_78", "text": "Atrial fibrillation", "parent_Field": null, "parent_Choice_Field": "Chf_42", "parent_ChoiceGroup": "Chgp_18", "w": 132, "h": 19, "y": 1574, "x": 136, "structure_id": "Tr_82"}, {"parent_TextBlock": "Tb_79", "text": "Atrial flutter", "parent_Field": null, "parent_Choice_Field": "Chf_43", "parent_ChoiceGroup": "Chgp_18", "w": 98, "h": 19, "y": 1757, "x": 136, "structure_id": "Tr_83"}, {"parent_TextBlock": "Tb_80", "text": "Supraventricular tachycardia", "parent_Field": null, "parent_Choice_Field": "Chf_44", "parent_ChoiceGroup": "Chgp_18", "w": 247, "h": 20, "y": 1940, "x": 132, "structure_id": "Tr_84"}, {"parent_TextBlock": "Tb_81", "text": "VA FORM 21-0960A-4, DEC 2014", "parent_Field": null, "parent_Choice_Field": null, "parent_ChoiceGroup": null, "w": 296, "h": 19, "y": 2124, "x": 83, "structure_id": "Tr_85"}, {"parent_TextBlock": "Tb_82", "text": "Page 2", "parent_Field": null, "parent_Choice_Field": null, "parent_ChoiceGroup": null, "w": 71, "h": 22, "y": 2122, "x": 1546, "structure_id": "Tr_86"}], "ChoiceGroup": [{"y": 397.03125, "x": 91, "structure_id": "Chgp_1", "w": 1514, "h": 237}, {"y": 670.03125, "x": 94, "structure_id": "Chgp_2", "w": 1230, "h": 166}, {"y": 1018.03125, "x": 91, "structure_id": "Chgp_3", "w": 635, "h": 69}, {"y": 1184.03125, "x": 93, "structure_id": "Chgp_4", "w": 768, "h": 62}, {"y": 1102.03125, "x": 93, "structure_id": "Chgp_5", "w": 453, "h": 69}, {"y": 1255.03125, "x": 90, "structure_id": "Chgp_6", "w": 1030, "h": 67}, {"y": 1334.03125, "x": 93, "structure_id": "Chgp_7", "w": 1513, "h": 72}, {"y": 1781.03125, "x": 91, "structure_id": "Chgp_8", "w": 713, "h": 36}, {"y": 1595.03125, "x": 90, "structure_id": "Chgp_9", "w": 717, "h": 38}, {"y": 1630.03125, "x": 91, "structure_id": "Chgp_10", "w": 972, "h": 39}, {"y": 1672.03125, "x": 88, "structure_id": "Chgp_11", "w": 983, "h": 64}, {"y": 1451.03125, "x": 93, "structure_id": "Chgp_12", "w": 532, "h": 66}, {"y": 1814.03125, "x": 90, "structure_id": "Chgp_13", "w": 975, "h": 33}, {"y": 1849.03125, "x": 90, "structure_id": "Chgp_14", "w": 982, "h": 73}, {"y": 1969.03125, "x": 94, "structure_id": "Chgp_15", "w": 713, "h": 33}, {"y": 1999.03125, "x": 91, "structure_id": "Chgp_16", "w": 971, "h": 36}, {"y": 2033.03125, "x": 93, "structure_id": "Chgp_17", "w": 979, "h": 72}, {"y": 1531.03125, "x": 82, "structure_id": "Chgp_18", "w": 996, "h": 583}]}