{"Widget": [{"parent_Field": "Fi_1", "parent_Choice_Field": null, "parent_ChoiceGroup": null, "w": 147.1417322834646, "h": 46.83307086614173, "y": 79.62204724409449, "x": 555.7559055118111, "structure_id": "Wi_1"}, {"parent_Field": "Fi_1", "parent_Choice_Field": null, "parent_ChoiceGroup": null, "w": 90.35590551181102, "h": 42.40787401574803, "y": 82.79448818897637, "x": 751.0078740157481, "structure_id": "Wi_2"}, {"parent_Field": "Fi_1", "parent_Choice_Field": null, "parent_ChoiceGroup": null, "w": 188.88031496062993, "h": 44.03858267716536, "y": 81.16692913385828, "x": 891.3614173228348, "structure_id": "Wi_3"}, {"parent_Field": null, "parent_Choice_Field": "Chf_1", "parent_ChoiceGroup": "Chgp_1", "w": 25, "h": 25, "y": 476.28031496062994, "x": 446.7220472440945, "structure_id": "Wi_4"}, {"parent_Field": null, "parent_Choice_Field": "Chf_2", "parent_ChoiceGroup": "Chgp_1", "w": 25, "h": 25, "y": 476.28031496062994, "x": 580.0527559055118, "structure_id": "Wi_5"}, {"parent_Field": null, "parent_Choice_Field": "Chf_3", "parent_ChoiceGroup": "Chgp_1", "w": 25, "h": 25, "y": 476.28031496062994, "x": 746.7220472440945, "structure_id": "Wi_6"}, {"parent_Field": null, "parent_Choice_Field": "Chf_4", "parent_ChoiceGroup": "Chgp_2", "w": 25, "h": 25, "y": 576.2803149606299, "x": 446.7220472440945, "structure_id": "Wi_7"}, {"parent_Field": null, "parent_Choice_Field": "Chf_5", "parent_ChoiceGroup": "Chgp_2", "w": 25, "h": 25, "y": 576.2803149606299, "x": 580.0527559055118, "structure_id": "Wi_8"}, {"parent_Field": null, "parent_Choice_Field": "Chf_6", "parent_ChoiceGroup": "Chgp_2", "w": 25, "h": 25, "y": 576.2803149606299, "x": 746.7220472440945, "structure_id": "Wi_9"}, {"parent_Field": null, "parent_Choice_Field": "Chf_7", "parent_ChoiceGroup": "Chgp_3", "w": 25, "h": 25, "y": 376.28031496062994, "x": 446.7220472440945, "structure_id": "Wi_10"}, {"parent_Field": null, "parent_Choice_Field": "Chf_8", "parent_ChoiceGroup": "Chgp_3", "w": 25, "h": 25, "y": 376.28031496062994, "x": 580.0527559055118, "structure_id": "Wi_11"}, {"parent_Field": null, "parent_Choice_Field": "Chf_9", "parent_ChoiceGroup": "Chgp_3", "w": 25, "h": 25, "y": 376.28031496062994, "x": 746.7220472440945, "structure_id": "Wi_12"}, {"parent_Field": null, "parent_Choice_Field": "Chf_10", "parent_ChoiceGroup": "Chgp_4", "w": 25, "h": 25, "y": 342.9417322834646, "x": 446.7220472440945, "structure_id": "Wi_13"}, {"parent_Field": null, "parent_Choice_Field": "Chf_11", "parent_ChoiceGroup": "Chgp_4", "w": 25, "h": 25, "y": 342.9417322834646, "x": 580.0527559055118, "structure_id": "Wi_14"}, {"parent_Field": null, "parent_Choice_Field": "Chf_12", "parent_ChoiceGroup": "Chgp_4", "w": 25, "h": 25, "y": 342.9417322834646, "x": 746.7220472440945, "structure_id": "Wi_15"}, {"parent_Field": null, "parent_Choice_Field": "Chf_13", "parent_ChoiceGroup": "Chgp_5", "w": 25, "h": 25, "y": 409.61102362204724, "x": 446.7220472440945, "structure_id": "Wi_16"}, {"parent_Field": null, "parent_Choice_Field": "Chf_14", "parent_ChoiceGroup": "Chgp_5", "w": 25, "h": 25, "y": 409.61102362204724, "x": 580.0527559055118, "structure_id": "Wi_17"}, {"parent_Field": null, "parent_Choice_Field": "Chf_15", "parent_ChoiceGroup": "Chgp_5", "w": 25, "h": 25, "y": 409.61102362204724, "x": 746.7220472440945, "structure_id": "Wi_18"}, {"parent_Field": null, "parent_Choice_Field": "Chf_16", "parent_ChoiceGroup": "Chgp_6", "w": 25, "h": 25, "y": 609.6110236220472, "x": 446.7220472440945, "structure_id": "Wi_19"}, {"parent_Field": null, "parent_Choice_Field": "Chf_17", "parent_ChoiceGroup": "Chgp_6", "w": 25, "h": 25, "y": 609.6110236220472, "x": 580.0527559055118, "structure_id": "Wi_20"}, {"parent_Field": null, "parent_Choice_Field": "Chf_18", "parent_ChoiceGroup": "Chgp_6", "w": 25, "h": 25, "y": 609.6110236220472, "x": 746.7220472440945, "structure_id": "Wi_21"}, {"parent_Field": "Fi_2", "parent_Choice_Field": null, "parent_ChoiceGroup": null, "w": 1493.7944881889766, "h": 40.158267716535434, "y": 1620.4251968503936, "x": 98.09448818897638, "structure_id": "Wi_22"}, {"parent_Field": null, "parent_Choice_Field": "Chf_19", "parent_ChoiceGroup": "Chgp_7", "w": 25, "h": 25, "y": 309.61102362204724, "x": 446.7220472440945, "structure_id": "Wi_23"}, {"parent_Field": null, "parent_Choice_Field": "Chf_20", "parent_ChoiceGroup": "Chgp_7", "w": 25, "h": 25, "y": 309.61102362204724, "x": 580.0527559055118, "structure_id": "Wi_24"}, {"parent_Field": null, "parent_Choice_Field": "Chf_21", "parent_ChoiceGroup": "Chgp_7", "w": 25, "h": 25, "y": 309.61102362204724, "x": 746.7220472440945, "structure_id": "Wi_25"}, {"parent_Field": null, "parent_Choice_Field": "Chf_22", "parent_ChoiceGroup": "Chgp_8", "w": 25, "h": 25, "y": 242.94173228346457, "x": 446.7220472440945, "structure_id": "Wi_26"}, {"parent_Field": null, "parent_Choice_Field": "Chf_23", "parent_ChoiceGroup": "Chgp_8", "w": 25, "h": 25, "y": 242.94173228346457, "x": 580.0527559055118, "structure_id": "Wi_27"}, {"parent_Field": null, "parent_Choice_Field": "Chf_24", "parent_ChoiceGroup": "Chgp_8", "w": 25, "h": 25, "y": 242.94173228346457, "x": 746.7220472440945, "structure_id": "Wi_28"}, {"parent_Field": "Fi_3", "parent_Choice_Field": null, "parent_ChoiceGroup": null, "w": 1066.6692913385828, "h": 33.33070866141732, "y": 1353.9275590551183, "x": 530.9275590551181, "structure_id": "Wi_29"}, {"parent_Field": "Fi_3", "parent_Choice_Field": null, "parent_ChoiceGroup": null, "w": 1500, "h": 33.33070866141732, "y": 1387.2614173228346, "x": 97.59685039370079, "structure_id": "Wi_30"}, {"parent_Field": "Fi_3", "parent_Choice_Field": null, "parent_ChoiceGroup": null, "w": 1500, "h": 33.33070866141732, "y": 1420.5968503937008, "x": 97.59685039370079, "structure_id": "Wi_31"}, {"parent_Field": null, "parent_Choice_Field": "Chf_25", "parent_ChoiceGroup": "Chgp_9", "w": 25, "h": 25, "y": 542.9417322834646, "x": 446.7220472440945, "structure_id": "Wi_32"}, {"parent_Field": null, "parent_Choice_Field": "Chf_26", "parent_ChoiceGroup": "Chgp_9", "w": 25, "h": 25, "y": 542.9417322834646, "x": 580.0527559055118, "structure_id": "Wi_33"}, {"parent_Field": null, "parent_Choice_Field": "Chf_27", "parent_ChoiceGroup": "Chgp_9", "w": 25, "h": 25, "y": 542.9417322834646, "x": 746.7220472440945, "structure_id": "Wi_34"}, {"parent_Field": null, "parent_Choice_Field": "Chf_28", "parent_ChoiceGroup": "Chgp_10", "w": 25, "h": 25, "y": 509.6110236220473, "x": 446.7220472440945, "structure_id": "Wi_35"}, {"parent_Field": null, "parent_Choice_Field": "Chf_29", "parent_ChoiceGroup": "Chgp_10", "w": 25, "h": 25, "y": 509.6110236220473, "x": 580.0527559055118, "structure_id": "Wi_36"}, {"parent_Field": null, "parent_Choice_Field": "Chf_30", "parent_ChoiceGroup": "Chgp_10", "w": 25, "h": 25, "y": 509.6110236220473, "x": 746.7220472440945, "structure_id": "Wi_37"}, {"parent_Field": null, "parent_Choice_Field": "Chf_31", "parent_ChoiceGroup": "Chgp_11", "w": 25, "h": 25, "y": 276.28031496062994, "x": 446.7220472440945, "structure_id": "Wi_38"}, {"parent_Field": null, "parent_Choice_Field": "Chf_32", "parent_ChoiceGroup": "Chgp_11", "w": 25, "h": 25, "y": 276.28031496062994, "x": 580.0527559055118, "structure_id": "Wi_39"}, {"parent_Field": null, "parent_Choice_Field": "Chf_33", "parent_ChoiceGroup": "Chgp_11", "w": 25, "h": 25, "y": 276.28031496062994, "x": 746.7220472440945, "structure_id": "Wi_40"}, {"parent_Field": "Fi_4", "parent_Choice_Field": null, "parent_ChoiceGroup": null, "w": 133.33858267716536, "h": 33.33070866141732, "y": 1470.592125984252, "x": 1346.063779527559, "structure_id": "Wi_41"}, {"parent_Field": null, "parent_Choice_Field": "Chf_34", "parent_ChoiceGroup": "Chgp_12", "w": 25, "h": 25, "y": 442.94173228346455, "x": 446.7220472440945, "structure_id": "Wi_42"}, {"parent_Field": null, "parent_Choice_Field": "Chf_35", "parent_ChoiceGroup": "Chgp_12", "w": 25, "h": 25, "y": 442.94173228346455, "x": 580.0527559055118, "structure_id": "Wi_43"}, {"parent_Field": null, "parent_Choice_Field": "Chf_36", "parent_ChoiceGroup": "Chgp_12", "w": 25, "h": 25, "y": 442.94173228346455, "x": 746.7220472440945, "structure_id": "Wi_44"}, {"parent_Field": null, "parent_Choice_Field": "Chf_37", "parent_ChoiceGroup": "Chgp_13", "w": 25, "h": 25, "y": 201.28897637795276, "x": 124.4, "structure_id": "Wi_45"}, {"parent_Field": null, "parent_Choice_Field": "Chf_38", "parent_ChoiceGroup": "Chgp_14", "w": 25, "h": 25, "y": 720.9417322834645, "x": 441.7448818897638, "structure_id": "Wi_46"}, {"parent_Field": null, "parent_Choice_Field": "Chf_39", "parent_ChoiceGroup": "Chgp_14", "w": 25, "h": 25, "y": 720.9417322834645, "x": 575.0748031496063, "structure_id": "Wi_47"}, {"parent_Field": null, "parent_Choice_Field": "Chf_40", "parent_ChoiceGroup": "Chgp_14", "w": 25, "h": 25, "y": 720.9417322834645, "x": 741.7448818897639, "structure_id": "Wi_48"}, {"parent_Field": null, "parent_Choice_Field": "Chf_41", "parent_ChoiceGroup": "Chgp_15", "w": 25, "h": 25, "y": 754.2724409448819, "x": 441.7448818897638, "structure_id": "Wi_49"}, {"parent_Field": null, "parent_Choice_Field": "Chf_42", "parent_ChoiceGroup": "Chgp_15", "w": 25, "h": 25, "y": 754.2724409448819, "x": 575.0748031496063, "structure_id": "Wi_50"}, {"parent_Field": null, "parent_Choice_Field": "Chf_43", "parent_ChoiceGroup": "Chgp_15", "w": 25, "h": 25, "y": 754.2724409448819, "x": 741.7448818897639, "structure_id": "Wi_51"}, {"parent_Field": null, "parent_Choice_Field": "Chf_44", "parent_ChoiceGroup": "Chgp_16", "w": 25, "h": 25, "y": 787.6110236220472, "x": 441.7448818897638, "structure_id": "Wi_52"}, {"parent_Field": null, "parent_Choice_Field": "Chf_45", "parent_ChoiceGroup": "Chgp_16", "w": 25, "h": 25, "y": 787.6110236220472, "x": 575.0748031496063, "structure_id": "Wi_53"}, {"parent_Field": null, "parent_Choice_Field": "Chf_46", "parent_ChoiceGroup": "Chgp_16", "w": 25, "h": 25, "y": 787.6110236220472, "x": 741.7448818897639, "structure_id": "Wi_54"}, {"parent_Field": null, "parent_Choice_Field": "Chf_47", "parent_ChoiceGroup": "Chgp_17", "w": 25, "h": 25, "y": 820.9417322834646, "x": 441.7448818897638, "structure_id": "Wi_55"}, {"parent_Field": null, "parent_Choice_Field": "Chf_48", "parent_ChoiceGroup": "Chgp_17", "w": 25, "h": 25, "y": 820.9417322834646, "x": 575.0748031496063, "structure_id": "Wi_56"}, {"parent_Field": null, "parent_Choice_Field": "Chf_49", "parent_ChoiceGroup": "Chgp_17", "w": 25, "h": 25, "y": 820.9417322834646, "x": 741.7448818897639, "structure_id": "Wi_57"}, {"parent_Field": null, "parent_Choice_Field": "Chf_50", "parent_ChoiceGroup": "Chgp_18", "w": 25, "h": 25, "y": 932.2803149606299, "x": 444.58897637795275, "structure_id": "Wi_58"}, {"parent_Field": null, "parent_Choice_Field": "Chf_51", "parent_ChoiceGroup": "Chgp_18", "w": 25, "h": 25, "y": 932.2803149606299, "x": 577.91968503937, "structure_id": "Wi_59"}, {"parent_Field": null, "parent_Choice_Field": "Chf_52", "parent_ChoiceGroup": "Chgp_18", "w": 25, "h": 25, "y": 932.2803149606299, "x": 744.5889763779528, "structure_id": "Wi_60"}, {"parent_Field": null, "parent_Choice_Field": "Chf_53", "parent_ChoiceGroup": "Chgp_19", "w": 25, "h": 25, "y": 965.6110236220472, "x": 444.58897637795275, "structure_id": "Wi_61"}, {"parent_Field": null, "parent_Choice_Field": "Chf_54", "parent_ChoiceGroup": "Chgp_19", "w": 25, "h": 25, "y": 965.6110236220472, "x": 577.91968503937, "structure_id": "Wi_62"}, {"parent_Field": null, "parent_Choice_Field": "Chf_55", "parent_ChoiceGroup": "Chgp_19", "w": 25, "h": 25, "y": 967.392125984252, "x": 744.5889763779528, "structure_id": "Wi_63"}, {"parent_Field": null, "parent_Choice_Field": "Chf_56", "parent_ChoiceGroup": "Chgp_20", "w": 25, "h": 25, "y": 1000.0692913385827, "x": 444.58897637795275, "structure_id": "Wi_64"}, {"parent_Field": null, "parent_Choice_Field": "Chf_57", "parent_ChoiceGroup": "Chgp_20", "w": 25, "h": 25, "y": 998.9496062992126, "x": 577.91968503937, "structure_id": "Wi_65"}, {"parent_Field": null, "parent_Choice_Field": "Chf_58", "parent_ChoiceGroup": "Chgp_20", "w": 25, "h": 25, "y": 998.9496062992126, "x": 744.5889763779528, "structure_id": "Wi_66"}, {"parent_Field": null, "parent_Choice_Field": "Chf_59", "parent_ChoiceGroup": "Chgp_21", "w": 25, "h": 25, "y": 1032.28031496063, "x": 444.58897637795275, "structure_id": "Wi_67"}, {"parent_Field": null, "parent_Choice_Field": "Chf_60", "parent_ChoiceGroup": "Chgp_21", "w": 25, "h": 25, "y": 1032.28031496063, "x": 577.91968503937, "structure_id": "Wi_68"}, {"parent_Field": null, "parent_Choice_Field": "Chf_61", "parent_ChoiceGroup": "Chgp_21", "w": 25, "h": 25, "y": 1032.28031496063, "x": 744.5889763779528, "structure_id": "Wi_69"}, {"parent_Field": null, "parent_Choice_Field": "Chf_62", "parent_ChoiceGroup": "Chgp_22", "w": 25, "h": 25, "y": 1141.2110236220472, "x": 441.73622047244095, "structure_id": "Wi_70"}, {"parent_Field": null, "parent_Choice_Field": "Chf_63", "parent_ChoiceGroup": "Chgp_22", "w": 25, "h": 25, "y": 1141.2110236220472, "x": 575.0692913385827, "structure_id": "Wi_71"}, {"parent_Field": null, "parent_Choice_Field": "Chf_64", "parent_ChoiceGroup": "Chgp_22", "w": 25, "h": 25, "y": 1141.2110236220472, "x": 741.7362204724409, "structure_id": "Wi_72"}, {"parent_Field": null, "parent_Choice_Field": "Chf_65", "parent_ChoiceGroup": "Chgp_23", "w": 25, "h": 25, "y": 1174.5417322834646, "x": 441.73622047244095, "structure_id": "Wi_73"}, {"parent_Field": null, "parent_Choice_Field": "Chf_66", "parent_ChoiceGroup": "Chgp_23", "w": 25, "h": 25, "y": 1174.5417322834646, "x": 575.0692913385827, "structure_id": "Wi_74"}, {"parent_Field": null, "parent_Choice_Field": "Chf_67", "parent_ChoiceGroup": "Chgp_23", "w": 25, "h": 25, "y": 1174.5417322834646, "x": 741.7362204724409, "structure_id": "Wi_75"}, {"parent_Field": null, "parent_Choice_Field": "Chf_68", "parent_ChoiceGroup": "Chgp_24", "w": 25, "h": 25, "y": 1207.8803149606301, "x": 441.73622047244095, "structure_id": "Wi_76"}, {"parent_Field": null, "parent_Choice_Field": "Chf_69", "parent_ChoiceGroup": "Chgp_24", "w": 25, "h": 25, "y": 1207.8803149606301, "x": 575.0692913385827, "structure_id": "Wi_77"}, {"parent_Field": null, "parent_Choice_Field": "Chf_70", "parent_ChoiceGroup": "Chgp_24", "w": 25, "h": 25, "y": 1207.8803149606301, "x": 741.7362204724409, "structure_id": "Wi_78"}, {"parent_Field": null, "parent_Choice_Field": "Chf_71", "parent_ChoiceGroup": "Chgp_25", "w": 25, "h": 25, "y": 1241.2110236220474, "x": 441.73622047244095, "structure_id": "Wi_79"}, {"parent_Field": null, "parent_Choice_Field": "Chf_72", "parent_ChoiceGroup": "Chgp_25", "w": 25, "h": 25, "y": 1241.2110236220474, "x": 575.0692913385827, "structure_id": "Wi_80"}, {"parent_Field": null, "parent_Choice_Field": "Chf_73", "parent_ChoiceGroup": "Chgp_25", "w": 25, "h": 25, "y": 1241.2110236220474, "x": 741.7362204724409, "structure_id": "Wi_81"}, {"parent_Field": null, "parent_Choice_Field": "Chf_74", "parent_ChoiceGroup": "Chgp_26", "w": 25, "h": 25, "y": 1321.7692913385827, "x": 102.17795275590552, "structure_id": "Wi_82"}, {"parent_Field": null, "parent_Choice_Field": "Chf_75", "parent_ChoiceGroup": "Chgp_26", "w": 25, "h": 25, "y": 1320.4307086614174, "x": 218.8472440944882, "structure_id": "Wi_83"}, {"parent_Field": null, "parent_Choice_Field": "Chf_76", "parent_ChoiceGroup": "Chgp_27", "w": 25, "h": 25, "y": 1581.7055118110236, "x": 108.25039370078741, "structure_id": "Wi_84"}, {"parent_Field": null, "parent_Choice_Field": "Chf_77", "parent_ChoiceGroup": "Chgp_27", "w": 25, "h": 25, "y": 1580.366929133858, "x": 224.91968503937008, "structure_id": "Wi_85"}, {"parent_Field": null, "parent_Choice_Field": "Chf_78", "parent_ChoiceGroup": "Chgp_28", "w": 25, "h": 25, "y": 687.6110236220474, "x": 102.85039370078741, "structure_id": "Wi_86"}, {"parent_Field": null, "parent_Choice_Field": "Chf_79", "parent_ChoiceGroup": "Chgp_29", "w": 25, "h": 25, "y": 898.9496062992125, "x": 103.76377952755905, "structure_id": "Wi_87"}, {"parent_Field": null, "parent_Choice_Field": "Chf_80", "parent_ChoiceGroup": "Chgp_30", "w": 25, "h": 25, "y": 1107.88031496063, "x": 99.05511811023622, "structure_id": "Wi_88"}, {"parent_Field": null, "parent_Choice_Field": "Chf_81", "parent_ChoiceGroup": "Chgp_31", "w": 25, "h": 25, "y": 2059.5330708661418, "x": 322.6307086614173, "structure_id": "Wi_89"}, {"parent_Field": null, "parent_Choice_Field": "Chf_82", "parent_ChoiceGroup": "Chgp_31", "w": 25, "h": 25, "y": 2059.5330708661418, "x": 419.4724409448819, "structure_id": "Wi_90"}, {"parent_Field": null, "parent_Choice_Field": "Chf_83", "parent_ChoiceGroup": "Chgp_31", "w": 25, "h": 25, "y": 2059.5330708661418, "x": 552.1110236220472, "structure_id": "Wi_91"}, {"parent_Field": null, "parent_Choice_Field": "Chf_84", "parent_ChoiceGroup": "Chgp_32", "w": 25, "h": 25, "y": 1981.9417322834645, "x": 195.43070866141733, "structure_id": "Wi_92"}, {"parent_Field": null, "parent_Choice_Field": "Chf_85", "parent_ChoiceGroup": "Chgp_32", "w": 25, "h": 25, "y": 1980.3834645669292, "x": 324.0913385826772, "structure_id": "Wi_93"}, {"parent_Field": null, "parent_Choice_Field": "Chf_86", "parent_ChoiceGroup": "Chgp_32", "w": 25, "h": 25, "y": 1982.2417322834647, "x": 445.4692913385827, "structure_id": "Wi_94"}, {"parent_Field": null, "parent_Choice_Field": "Chf_87", "parent_ChoiceGroup": "Chgp_32", "w": 25, "h": 25, "y": 1982.2417322834647, "x": 680.4472440944882, "structure_id": "Wi_95"}, {"parent_Field": null, "parent_Choice_Field": "Chf_88", "parent_ChoiceGroup": "Chgp_33", "w": 25, "h": 25, "y": 1895.807874015748, "x": 113.91102362204725, "structure_id": "Wi_96"}, {"parent_Field": null, "parent_Choice_Field": "Chf_89", "parent_ChoiceGroup": "Chgp_34", "w": 25, "h": 25, "y": 1861.7055118110236, "x": 113.91102362204725, "structure_id": "Wi_97"}, {"parent_Field": null, "parent_Choice_Field": "Chf_90", "parent_ChoiceGroup": "Chgp_34", "w": 25, "h": 25, "y": 1858.8165354330708, "x": 228.88582677165354, "structure_id": "Wi_98"}], "TextBlock": [{"parent_Field": "Fi_1", "parent_Choice_Field": null, "parent_ChoiceGroup": null, "w": 466, "h": 20, "y": 106, "x": 80, "structure_id": "Tb_1"}, {"parent_Field": null, "parent_Choice_Field": null, "parent_ChoiceGroup": null, "w": 504, "h": 25, "y": 135, "x": 600, "structure_id": "Tb_2"}, {"parent_Field": null, "parent_Choice_Field": null, "parent_ChoiceGroup": "Chgp_1", "w": 53, "h": 19, "y": 482, "x": 355, "structure_id": "Tb_3"}, {"parent_Field": null, "parent_Choice_Field": "Chf_1", "parent_ChoiceGroup": "Chgp_1", "w": 63, "h": 19, "y": 482, "x": 488, "structure_id": "Tb_4"}, {"parent_Field": null, "parent_Choice_Field": "Chf_2", "parent_ChoiceGroup": "Chgp_1", "w": 94, "h": 19, "y": 482, "x": 622, "structure_id": "Tb_5"}, {"parent_Field": null, "parent_Choice_Field": "Chf_3", "parent_ChoiceGroup": "Chgp_1", "w": 61, "h": 19, "y": 482, "x": 788, "structure_id": "Tb_6"}, {"parent_Field": null, "parent_Choice_Field": null, "parent_ChoiceGroup": "Chgp_2", "w": 66, "h": 19, "y": 582, "x": 355, "structure_id": "Tb_7"}, {"parent_Field": null, "parent_Choice_Field": "Chf_4", "parent_ChoiceGroup": "Chgp_2", "w": 63, "h": 19, "y": 582, "x": 488, "structure_id": "Tb_8"}, {"parent_Field": null, "parent_Choice_Field": "Chf_5", "parent_ChoiceGroup": "Chgp_2", "w": 94, "h": 19, "y": 582, "x": 622, "structure_id": "Tb_9"}, {"parent_Field": null, "parent_Choice_Field": "Chf_6", "parent_ChoiceGroup": "Chgp_2", "w": 61, "h": 19, "y": 582, "x": 788, "structure_id": "Tb_10"}, {"parent_Field": null, "parent_Choice_Field": null, "parent_ChoiceGroup": null, "w": 93, "h": 20, "y": 448, "x": 122, "structure_id": "Tb_11"}, {"parent_Field": null, "parent_Choice_Field": null, "parent_ChoiceGroup": null, "w": 122, "h": 20, "y": 248, "x": 122, "structure_id": "Tb_12"}, {"parent_Field": null, "parent_Choice_Field": null, "parent_ChoiceGroup": "Chgp_3", "w": 66, "h": 19, "y": 382, "x": 355, "structure_id": "Tb_13"}, {"parent_Field": null, "parent_Choice_Field": "Chf_7", "parent_ChoiceGroup": "Chgp_3", "w": 63, "h": 19, "y": 382, "x": 488, "structure_id": "Tb_14"}, {"parent_Field": null, "parent_Choice_Field": "Chf_8", "parent_ChoiceGroup": "Chgp_3", "w": 94, "h": 19, "y": 382, "x": 622, "structure_id": "Tb_15"}, {"parent_Field": null, "parent_Choice_Field": "Chf_9", "parent_ChoiceGroup": "Chgp_3", "w": 61, "h": 19, "y": 382, "x": 788, "structure_id": "Tb_16"}, {"parent_Field": null, "parent_Choice_Field": null, "parent_ChoiceGroup": null, "w": 166, "h": 20, "y": 315, "x": 122, "structure_id": "Tb_17"}, {"parent_Field": null, "parent_Choice_Field": null, "parent_ChoiceGroup": "Chgp_4", "w": 53, "h": 20, "y": 348, "x": 355, "structure_id": "Tb_18"}, {"parent_Field": null, "parent_Choice_Field": "Chf_10", "parent_ChoiceGroup": "Chgp_4", "w": 63, "h": 20, "y": 348, "x": 488, "structure_id": "Tb_19"}, {"parent_Field": null, "parent_Choice_Field": "Chf_11", "parent_ChoiceGroup": "Chgp_4", "w": 94, "h": 20, "y": 348, "x": 622, "structure_id": "Tb_20"}, {"parent_Field": null, "parent_Choice_Field": "Chf_12", "parent_ChoiceGroup": "Chgp_4", "w": 61, "h": 20, "y": 348, "x": 788, "structure_id": "Tb_21"}, {"parent_Field": null, "parent_Choice_Field": null, "parent_ChoiceGroup": "Chgp_5", "w": 53, "h": 20, "y": 415, "x": 355, "structure_id": "Tb_22"}, {"parent_Field": null, "parent_Choice_Field": "Chf_13", "parent_ChoiceGroup": "Chgp_5", "w": 63, "h": 20, "y": 415, "x": 488, "structure_id": "Tb_23"}, {"parent_Field": null, "parent_Choice_Field": "Chf_14", "parent_ChoiceGroup": "Chgp_5", "w": 94, "h": 20, "y": 415, "x": 622, "structure_id": "Tb_24"}, {"parent_Field": null, "parent_Choice_Field": "Chf_15", "parent_ChoiceGroup": "Chgp_5", "w": 61, "h": 20, "y": 415, "x": 788, "structure_id": "Tb_25"}, {"parent_Field": null, "parent_Choice_Field": null, "parent_ChoiceGroup": null, "w": 110, "h": 19, "y": 382, "x": 122, "structure_id": "Tb_26"}, {"parent_Field": null, "parent_Choice_Field": null, "parent_ChoiceGroup": "Chgp_6", "w": 53, "h": 20, "y": 615, "x": 355, "structure_id": "Tb_27"}, {"parent_Field": null, "parent_Choice_Field": "Chf_16", "parent_ChoiceGroup": "Chgp_6", "w": 63, "h": 20, "y": 615, "x": 488, "structure_id": "Tb_28"}, {"parent_Field": null, "parent_Choice_Field": "Chf_17", "parent_ChoiceGroup": "Chgp_6", "w": 94, "h": 20, "y": 615, "x": 622, "structure_id": "Tb_29"}, {"parent_Field": null, "parent_Choice_Field": "Chf_18", "parent_ChoiceGroup": "Chgp_6", "w": 61, "h": 20, "y": 615, "x": 788, "structure_id": "Tb_30"}, {"parent_Field": "Fi_2", "parent_Choice_Field": null, "parent_ChoiceGroup": null, "w": 177, "h": 22, "y": 1584, "x": 309, "structure_id": "Tb_31"}, {"parent_Field": null, "parent_Choice_Field": null, "parent_ChoiceGroup": "Chgp_7", "w": 66, "h": 20, "y": 315, "x": 355, "structure_id": "Tb_32"}, {"parent_Field": null, "parent_Choice_Field": "Chf_19", "parent_ChoiceGroup": "Chgp_7", "w": 63, "h": 20, "y": 315, "x": 488, "structure_id": "Tb_33"}, {"parent_Field": null, "parent_Choice_Field": "Chf_20", "parent_ChoiceGroup": "Chgp_7", "w": 94, "h": 20, "y": 315, "x": 622, "structure_id": "Tb_34"}, {"parent_Field": null, "parent_Choice_Field": "Chf_21", "parent_ChoiceGroup": "Chgp_7", "w": 61, "h": 20, "y": 315, "x": 788, "structure_id": "Tb_35"}, {"parent_Field": null, "parent_Choice_Field": null, "parent_ChoiceGroup": "Chgp_8", "w": 66, "h": 20, "y": 248, "x": 355, "structure_id": "Tb_36"}, {"parent_Field": null, "parent_Choice_Field": "Chf_22", "parent_ChoiceGroup": "Chgp_8", "w": 63, "h": 20, "y": 248, "x": 488, "structure_id": "Tb_37"}, {"parent_Field": null, "parent_Choice_Field": "Chf_23", "parent_ChoiceGroup": "Chgp_8", "w": 94, "h": 20, "y": 248, "x": 622, "structure_id": "Tb_38"}, {"parent_Field": null, "parent_Choice_Field": "Chf_24", "parent_ChoiceGroup": "Chgp_8", "w": 61, "h": 20, "y": 248, "x": 788, "structure_id": "Tb_39"}, {"parent_Field": "Fi_3", "parent_Choice_Field": null, "parent_ChoiceGroup": null, "w": 430, "h": 22, "y": 1365, "x": 98, "structure_id": "Tb_40"}, {"parent_Field": null, "parent_Choice_Field": null, "parent_ChoiceGroup": "Chgp_9", "w": 53, "h": 20, "y": 548, "x": 355, "structure_id": "Tb_41"}, {"parent_Field": null, "parent_Choice_Field": "Chf_25", "parent_ChoiceGroup": "Chgp_9", "w": 63, "h": 20, "y": 548, "x": 488, "structure_id": "Tb_42"}, {"parent_Field": null, "parent_Choice_Field": "Chf_26", "parent_ChoiceGroup": "Chgp_9", "w": 94, "h": 20, "y": 548, "x": 622, "structure_id": "Tb_43"}, {"parent_Field": null, "parent_Choice_Field": "Chf_27", "parent_ChoiceGroup": "Chgp_9", "w": 61, "h": 20, "y": 548, "x": 788, "structure_id": "Tb_44"}, {"parent_Field": null, "parent_Choice_Field": null, "parent_ChoiceGroup": "Chgp_10", "w": 66, "h": 20, "y": 515, "x": 355, "structure_id": "Tb_45"}, {"parent_Field": null, "parent_Choice_Field": "Chf_28", "parent_ChoiceGroup": "Chgp_10", "w": 63, "h": 20, "y": 515, "x": 488, "structure_id": "Tb_46"}, {"parent_Field": null, "parent_Choice_Field": "Chf_29", "parent_ChoiceGroup": "Chgp_10", "w": 94, "h": 20, "y": 515, "x": 622, "structure_id": "Tb_47"}, {"parent_Field": null, "parent_Choice_Field": "Chf_30", "parent_ChoiceGroup": "Chgp_10", "w": 61, "h": 20, "y": 515, "x": 788, "structure_id": "Tb_48"}, {"parent_Field": null, "parent_Choice_Field": null, "parent_ChoiceGroup": null, "w": 81, "h": 19, "y": 582, "x": 122, "structure_id": "Tb_49"}, {"parent_Field": null, "parent_Choice_Field": null, "parent_ChoiceGroup": "Chgp_11", "w": 53, "h": 19, "y": 282, "x": 355, "structure_id": "Tb_50"}, {"parent_Field": null, "parent_Choice_Field": "Chf_31", "parent_ChoiceGroup": "Chgp_11", "w": 63, "h": 19, "y": 282, "x": 488, "structure_id": "Tb_51"}, {"parent_Field": null, "parent_Choice_Field": "Chf_32", "parent_ChoiceGroup": "Chgp_11", "w": 94, "h": 19, "y": 282, "x": 622, "structure_id": "Tb_52"}, {"parent_Field": null, "parent_Choice_Field": "Chf_33", "parent_ChoiceGroup": "Chgp_11", "w": 61, "h": 19, "y": 282, "x": 788, "structure_id": "Tb_53"}, {"parent_Field": "Fi_4", "parent_Choice_Field": null, "parent_ChoiceGroup": null, "w": 1249, "h": 22, "y": 1481, "x": 100, "structure_id": "Tb_54"}, {"parent_Field": "Fi_4", "parent_Choice_Field": null, "parent_ChoiceGroup": null, "w": 39, "h": 22, "y": 1482, "x": 1485, "structure_id": "Tb_55"}, {"parent_Field": null, "parent_Choice_Field": null, "parent_ChoiceGroup": null, "w": 132, "h": 20, "y": 515, "x": 122, "structure_id": "Tb_56"}, {"parent_Field": null, "parent_Choice_Field": null, "parent_ChoiceGroup": "Chgp_12", "w": 66, "h": 20, "y": 448, "x": 355, "structure_id": "Tb_57"}, {"parent_Field": null, "parent_Choice_Field": "Chf_34", "parent_ChoiceGroup": "Chgp_12", "w": 63, "h": 20, "y": 448, "x": 488, "structure_id": "Tb_58"}, {"parent_Field": null, "parent_Choice_Field": "Chf_35", "parent_ChoiceGroup": "Chgp_12", "w": 94, "h": 20, "y": 448, "x": 622, "structure_id": "Tb_59"}, {"parent_Field": null, "parent_Choice_Field": "Chf_36", "parent_ChoiceGroup": "Chgp_12", "w": 61, "h": 20, "y": 448, "x": 788, "structure_id": "Tb_60"}, {"parent_Field": null, "parent_Choice_Field": null, "parent_ChoiceGroup": "Chgp_13", "w": 514, "h": 20, "y": 170, "x": 95, "structure_id": "Tb_61"}, {"parent_Field": null, "parent_Choice_Field": "Chf_37", "parent_ChoiceGroup": "Chgp_13", "w": 90, "h": 20, "y": 206, "x": 154, "structure_id": "Tb_62"}, {"parent_Field": null, "parent_Choice_Field": null, "parent_ChoiceGroup": "Chgp_14", "w": 250, "h": 20, "y": 726, "x": 100, "structure_id": "Tb_63"}, {"parent_Field": null, "parent_Choice_Field": "Chf_38", "parent_ChoiceGroup": "Chgp_14", "w": 63, "h": 20, "y": 726, "x": 483, "structure_id": "Tb_64"}, {"parent_Field": null, "parent_Choice_Field": "Chf_39", "parent_ChoiceGroup": "Chgp_14", "w": 94, "h": 20, "y": 726, "x": 617, "structure_id": "Tb_65"}, {"parent_Field": null, "parent_Choice_Field": "Chf_40", "parent_ChoiceGroup": "Chgp_14", "w": 61, "h": 20, "y": 726, "x": 783, "structure_id": "Tb_66"}, {"parent_Field": null, "parent_Choice_Field": null, "parent_ChoiceGroup": "Chgp_15", "w": 237, "h": 19, "y": 760, "x": 100, "structure_id": "Tb_67"}, {"parent_Field": null, "parent_Choice_Field": "Chf_41", "parent_ChoiceGroup": "Chgp_15", "w": 63, "h": 19, "y": 760, "x": 483, "structure_id": "Tb_68"}, {"parent_Field": null, "parent_Choice_Field": "Chf_42", "parent_ChoiceGroup": "Chgp_15", "w": 94, "h": 19, "y": 760, "x": 617, "structure_id": "Tb_69"}, {"parent_Field": null, "parent_Choice_Field": "Chf_43", "parent_ChoiceGroup": "Chgp_15", "w": 61, "h": 19, "y": 760, "x": 783, "structure_id": "Tb_70"}, {"parent_Field": null, "parent_Choice_Field": null, "parent_ChoiceGroup": "Chgp_16", "w": 254, "h": 20, "y": 793, "x": 100, "structure_id": "Tb_71"}, {"parent_Field": null, "parent_Choice_Field": "Chf_44", "parent_ChoiceGroup": "Chgp_16", "w": 63, "h": 20, "y": 793, "x": 483, "structure_id": "Tb_72"}, {"parent_Field": null, "parent_Choice_Field": "Chf_45", "parent_ChoiceGroup": "Chgp_16", "w": 94, "h": 20, "y": 793, "x": 617, "structure_id": "Tb_73"}, {"parent_Field": null, "parent_Choice_Field": "Chf_46", "parent_ChoiceGroup": "Chgp_16", "w": 61, "h": 20, "y": 793, "x": 783, "structure_id": "Tb_74"}, {"parent_Field": null, "parent_Choice_Field": null, "parent_ChoiceGroup": "Chgp_17", "w": 241, "h": 20, "y": 826, "x": 100, "structure_id": "Tb_75"}, {"parent_Field": null, "parent_Choice_Field": "Chf_47", "parent_ChoiceGroup": "Chgp_17", "w": 63, "h": 20, "y": 826, "x": 483, "structure_id": "Tb_76"}, {"parent_Field": null, "parent_Choice_Field": "Chf_48", "parent_ChoiceGroup": "Chgp_17", "w": 94, "h": 20, "y": 826, "x": 617, "structure_id": "Tb_77"}, {"parent_Field": null, "parent_Choice_Field": "Chf_49", "parent_ChoiceGroup": "Chgp_17", "w": 61, "h": 20, "y": 826, "x": 783, "structure_id": "Tb_78"}, {"parent_Field": null, "parent_Choice_Field": null, "parent_ChoiceGroup": "Chgp_18", "w": 250, "h": 19, "y": 938, "x": 101, "structure_id": "Tb_79"}, {"parent_Field": null, "parent_Choice_Field": "Chf_50", "parent_ChoiceGroup": "Chgp_18", "w": 63, "h": 19, "y": 938, "x": 486, "structure_id": "Tb_80"}, {"parent_Field": null, "parent_Choice_Field": "Chf_51", "parent_ChoiceGroup": "Chgp_18", "w": 94, "h": 19, "y": 938, "x": 620, "structure_id": "Tb_81"}, {"parent_Field": null, "parent_Choice_Field": "Chf_52", "parent_ChoiceGroup": "Chgp_18", "w": 61, "h": 19, "y": 938, "x": 786, "structure_id": "Tb_82"}, {"parent_Field": null, "parent_Choice_Field": null, "parent_ChoiceGroup": "Chgp_19", "w": 237, "h": 20, "y": 971, "x": 101, "structure_id": "Tb_83"}, {"parent_Field": null, "parent_Choice_Field": "Chf_53", "parent_ChoiceGroup": "Chgp_19", "w": 63, "h": 20, "y": 971, "x": 486, "structure_id": "Tb_84"}, {"parent_Field": null, "parent_Choice_Field": "Chf_54", "parent_ChoiceGroup": "Chgp_19", "w": 94, "h": 20, "y": 971, "x": 620, "structure_id": "Tb_85"}, {"parent_Field": null, "parent_Choice_Field": "Chf_55", "parent_ChoiceGroup": "Chgp_19", "w": 61, "h": 20, "y": 971, "x": 786, "structure_id": "Tb_86"}, {"parent_Field": null, "parent_Choice_Field": null, "parent_ChoiceGroup": "Chgp_20", "w": 254, "h": 19, "y": 1005, "x": 101, "structure_id": "Tb_87"}, {"parent_Field": null, "parent_Choice_Field": "Chf_56", "parent_ChoiceGroup": "Chgp_20", "w": 63, "h": 19, "y": 1005, "x": 486, "structure_id": "Tb_88"}, {"parent_Field": null, "parent_Choice_Field": "Chf_57", "parent_ChoiceGroup": "Chgp_20", "w": 94, "h": 19, "y": 1005, "x": 620, "structure_id": "Tb_89"}, {"parent_Field": null, "parent_Choice_Field": "Chf_58", "parent_ChoiceGroup": "Chgp_20", "w": 61, "h": 19, "y": 1005, "x": 786, "structure_id": "Tb_90"}, {"parent_Field": null, "parent_Choice_Field": null, "parent_ChoiceGroup": "Chgp_21", "w": 241, "h": 19, "y": 1038, "x": 101, "structure_id": "Tb_91"}, {"parent_Field": null, "parent_Choice_Field": "Chf_59", "parent_ChoiceGroup": "Chgp_21", "w": 63, "h": 19, "y": 1038, "x": 486, "structure_id": "Tb_92"}, {"parent_Field": null, "parent_Choice_Field": "Chf_60", "parent_ChoiceGroup": "Chgp_21", "w": 94, "h": 19, "y": 1038, "x": 620, "structure_id": "Tb_93"}, {"parent_Field": null, "parent_Choice_Field": "Chf_61", "parent_ChoiceGroup": "Chgp_21", "w": 61, "h": 19, "y": 1038, "x": 786, "structure_id": "Tb_94"}, {"parent_Field": null, "parent_Choice_Field": null, "parent_ChoiceGroup": "Chgp_22", "w": 250, "h": 19, "y": 1147, "x": 96, "structure_id": "Tb_95"}, {"parent_Field": null, "parent_Choice_Field": "Chf_62", "parent_ChoiceGroup": "Chgp_22", "w": 63, "h": 19, "y": 1147, "x": 483, "structure_id": "Tb_96"}, {"parent_Field": null, "parent_Choice_Field": "Chf_63", "parent_ChoiceGroup": "Chgp_22", "w": 94, "h": 19, "y": 1147, "x": 617, "structure_id": "Tb_97"}, {"parent_Field": null, "parent_Choice_Field": "Chf_64", "parent_ChoiceGroup": "Chgp_22", "w": 61, "h": 19, "y": 1147, "x": 783, "structure_id": "Tb_98"}, {"parent_Field": null, "parent_Choice_Field": null, "parent_ChoiceGroup": "Chgp_23", "w": 237, "h": 20, "y": 1180, "x": 96, "structure_id": "Tb_99"}, {"parent_Field": null, "parent_Choice_Field": "Chf_65", "parent_ChoiceGroup": "Chgp_23", "w": 63, "h": 20, "y": 1180, "x": 483, "structure_id": "Tb_100"}, {"parent_Field": null, "parent_Choice_Field": "Chf_66", "parent_ChoiceGroup": "Chgp_23", "w": 94, "h": 20, "y": 1180, "x": 617, "structure_id": "Tb_101"}, {"parent_Field": null, "parent_Choice_Field": "Chf_67", "parent_ChoiceGroup": "Chgp_23", "w": 61, "h": 20, "y": 1180, "x": 783, "structure_id": "Tb_102"}, {"parent_Field": null, "parent_Choice_Field": null, "parent_ChoiceGroup": "Chgp_24", "w": 254, "h": 20, "y": 1213, "x": 96, "structure_id": "Tb_103"}, {"parent_Field": null, "parent_Choice_Field": "Chf_68", "parent_ChoiceGroup": "Chgp_24", "w": 63, "h": 20, "y": 1213, "x": 483, "structure_id": "Tb_104"}, {"parent_Field": null, "parent_Choice_Field": "Chf_69", "parent_ChoiceGroup": "Chgp_24", "w": 94, "h": 20, "y": 1213, "x": 617, "structure_id": "Tb_105"}, {"parent_Field": null, "parent_Choice_Field": "Chf_70", "parent_ChoiceGroup": "Chgp_24", "w": 61, "h": 20, "y": 1213, "x": 783, "structure_id": "Tb_106"}, {"parent_Field": null, "parent_Choice_Field": null, "parent_ChoiceGroup": "Chgp_25", "w": 241, "h": 19, "y": 1247, "x": 96, "structure_id": "Tb_107"}, {"parent_Field": null, "parent_Choice_Field": "Chf_71", "parent_ChoiceGroup": "Chgp_25", "w": 63, "h": 19, "y": 1247, "x": 483, "structure_id": "Tb_108"}, {"parent_Field": null, "parent_Choice_Field": "Chf_72", "parent_ChoiceGroup": "Chgp_25", "w": 94, "h": 19, "y": 1247, "x": 617, "structure_id": "Tb_109"}, {"parent_Field": null, "parent_Choice_Field": "Chf_73", "parent_ChoiceGroup": "Chgp_25", "w": 61, "h": 19, "y": 1247, "x": 783, "structure_id": "Tb_110"}, {"parent_Field": null, "parent_Choice_Field": null, "parent_ChoiceGroup": "Chgp_26", "w": 488, "h": 20, "y": 1293, "x": 98, "structure_id": "Tb_111"}, {"parent_Field": null, "parent_Choice_Field": "Chf_74", "parent_ChoiceGroup": "Chgp_26", "w": 39, "h": 19, "y": 1326, "x": 144, "structure_id": "Tb_112"}, {"parent_Field": null, "parent_Choice_Field": "Chf_75", "parent_ChoiceGroup": "Chgp_26", "w": 29, "h": 19, "y": 1326, "x": 261, "structure_id": "Tb_113"}, {"parent_Field": null, "parent_Choice_Field": null, "parent_ChoiceGroup": "Chgp_27", "w": 1477, "h": 46, "y": 1521, "x": 94, "structure_id": "Tb_114"}, {"parent_Field": null, "parent_Choice_Field": "Chf_76", "parent_ChoiceGroup": "Chgp_27", "w": 39, "h": 19, "y": 1586, "x": 150, "structure_id": "Tb_115"}, {"parent_Field": null, "parent_Choice_Field": "Chf_77", "parent_ChoiceGroup": "Chgp_27", "w": 29, "h": 19, "y": 1586, "x": 267, "structure_id": "Tb_116"}, {"parent_Field": null, "parent_Choice_Field": null, "parent_ChoiceGroup": "Chgp_28", "w": 999, "h": 22, "y": 655, "x": 94, "structure_id": "Tb_117"}, {"parent_Field": null, "parent_Choice_Field": "Chf_78", "parent_ChoiceGroup": "Chgp_28", "w": 88, "h": 20, "y": 693, "x": 138, "structure_id": "Tb_118"}, {"parent_Field": null, "parent_Choice_Field": null, "parent_ChoiceGroup": "Chgp_29", "w": 991, "h": 22, "y": 870, "x": 95, "structure_id": "Tb_119"}, {"parent_Field": null, "parent_Choice_Field": "Chf_79", "parent_ChoiceGroup": "Chgp_29", "w": 89, "h": 19, "y": 905, "x": 138, "structure_id": "Tb_120"}, {"parent_Field": null, "parent_Choice_Field": null, "parent_ChoiceGroup": "Chgp_30", "w": 791, "h": 22, "y": 1079, "x": 91, "structure_id": "Tb_121"}, {"parent_Field": null, "parent_Choice_Field": "Chf_80", "parent_ChoiceGroup": "Chgp_30", "w": 88, "h": 20, "y": 1113, "x": 134, "structure_id": "Tb_122"}, {"parent_Field": null, "parent_Choice_Field": null, "parent_ChoiceGroup": null, "w": 250, "h": 22, "y": 1676, "x": 723, "structure_id": "Tb_123"}, {"parent_Field": null, "parent_Choice_Field": null, "parent_ChoiceGroup": null, "w": 1468, "h": 103, "y": 1709, "x": 94, "structure_id": "Tb_124"}, {"parent_Field": null, "parent_Choice_Field": null, "parent_ChoiceGroup": "Chgp_31", "w": 481, "h": 22, "y": 2024, "x": 231, "structure_id": "Tb_125"}, {"parent_Field": null, "parent_Choice_Field": "Chf_81", "parent_ChoiceGroup": "Chgp_31", "w": 36, "h": 20, "y": 2065, "x": 357, "structure_id": "Tb_126"}, {"parent_Field": null, "parent_Choice_Field": "Chf_82", "parent_ChoiceGroup": "Chgp_31", "w": 82, "h": 20, "y": 2065, "x": 454, "structure_id": "Tb_127"}, {"parent_Field": null, "parent_Choice_Field": "Chf_83", "parent_ChoiceGroup": "Chgp_31", "w": 62, "h": 20, "y": 2065, "x": 586, "structure_id": "Tb_128"}, {"parent_Field": null, "parent_Choice_Field": null, "parent_ChoiceGroup": "Chgp_32", "w": 1449, "h": 49, "y": 1928, "x": 155, "structure_id": "Tb_129"}, {"parent_Field": null, "parent_Choice_Field": "Chf_84", "parent_ChoiceGroup": "Chgp_32", "w": 71, "h": 19, "y": 1988, "x": 229, "structure_id": "Tb_130"}, {"parent_Field": null, "parent_Choice_Field": "Chf_85", "parent_ChoiceGroup": "Chgp_32", "w": 63, "h": 19, "y": 1986, "x": 356, "structure_id": "Tb_131"}, {"parent_Field": null, "parent_Choice_Field": "Chf_86", "parent_ChoiceGroup": "Chgp_32", "w": 178, "h": 19, "y": 1986, "x": 477, "structure_id": "Tb_132"}, {"parent_Field": null, "parent_Choice_Field": "Chf_87", "parent_ChoiceGroup": "Chgp_32", "w": 166, "h": 19, "y": 1986, "x": 712, "structure_id": "Tb_133"}, {"parent_Field": null, "parent_Choice_Field": null, "parent_ChoiceGroup": "Chgp_33", "w": 533, "h": 23, "y": 1863, "x": 307, "structure_id": "Tb_134"}, {"parent_Field": null, "parent_Choice_Field": "Chf_88", "parent_ChoiceGroup": "Chgp_33", "w": 334, "h": 19, "y": 1899, "x": 155, "structure_id": "Tb_135"}, {"parent_Field": null, "parent_Choice_Field": null, "parent_ChoiceGroup": "Chgp_34", "w": 886, "h": 19, "y": 1825, "x": 91, "structure_id": "Tb_136"}, {"parent_Field": null, "parent_Choice_Field": "Chf_89", "parent_ChoiceGroup": "Chgp_34", "w": 39, "h": 20, "y": 1864, "x": 154, "structure_id": "Tb_137"}, {"parent_Field": null, "parent_Choice_Field": "Chf_90", "parent_ChoiceGroup": "Chgp_34", "w": 29, "h": 20, "y": 1864, "x": 271, "structure_id": "Tb_138"}, {"parent_Field": null, "parent_Choice_Field": null, "parent_ChoiceGroup": null, "w": 297, "h": 20, "y": 2111, "x": 81, "structure_id": "Tb_139"}, {"parent_Field": null, "parent_Choice_Field": null, "parent_ChoiceGroup": null, "w": 71, "h": 22, "y": 2110, "x": 1545, "structure_id": "Tb_140"}], "Choice_Field": [{"y": 476.28031496062994, "x": 446.7220472440945, "structure_id": "Chf_1", "w": 104.27795275590552, "h": 25}, {"y": 476.28031496062994, "x": 580.0527559055118, "structure_id": "Chf_2", "w": 135.94724409448816, "h": 25}, {"y": 476.28031496062994, "x": 746.7220472440945, "structure_id": "Chf_3", "w": 102.27795275590552, "h": 25}, {"y": 576.2803149606299, "x": 446.7220472440945, "structure_id": "Chf_4", "w": 104.27795275590552, "h": 25}, {"y": 576.2803149606299, "x": 580.0527559055118, "structure_id": "Chf_5", "w": 135.94724409448816, "h": 25}, {"y": 576.2803149606299, "x": 746.7220472440945, "structure_id": "Chf_6", "w": 102.27795275590552, "h": 25}, {"y": 376.28031496062994, "x": 446.7220472440945, "structure_id": "Chf_7", "w": 104.27795275590552, "h": 25}, {"y": 376.28031496062994, "x": 580.0527559055118, "structure_id": "Chf_8", "w": 135.94724409448816, "h": 25}, {"y": 376.28031496062994, "x": 746.7220472440945, "structure_id": "Chf_9", "w": 102.27795275590552, "h": 25}, {"y": 342.9417322834646, "x": 446.7220472440945, "structure_id": "Chf_10", "w": 104.27795275590552, "h": 25.058267716535397}, {"y": 342.9417322834646, "x": 580.0527559055118, "structure_id": "Chf_11", "w": 135.94724409448816, "h": 25.058267716535397}, {"y": 342.9417322834646, "x": 746.7220472440945, "structure_id": "Chf_12", "w": 102.27795275590552, "h": 25.058267716535397}, {"y": 409.61102362204724, "x": 446.7220472440945, "structure_id": "Chf_13", "w": 104.27795275590552, "h": 25.38897637795276}, {"y": 409.61102362204724, "x": 580.0527559055118, "structure_id": "Chf_14", "w": 135.94724409448816, "h": 25.38897637795276}, {"y": 409.61102362204724, "x": 746.7220472440945, "structure_id": "Chf_15", "w": 102.27795275590552, "h": 25.38897637795276}, {"y": 609.6110236220472, "x": 446.7220472440945, "structure_id": "Chf_16", "w": 104.27795275590552, "h": 25.38897637795276}, {"y": 609.6110236220472, "x": 580.0527559055118, "structure_id": "Chf_17", "w": 135.94724409448816, "h": 25.38897637795276}, {"y": 609.6110236220472, "x": 746.7220472440945, "structure_id": "Chf_18", "w": 102.27795275590552, "h": 25.38897637795276}, {"y": 309.61102362204724, "x": 446.7220472440945, "structure_id": "Chf_19", "w": 104.27795275590552, "h": 25.38897637795276}, {"y": 309.61102362204724, "x": 580.0527559055118, "structure_id": "Chf_20", "w": 135.94724409448816, "h": 25.38897637795276}, {"y": 309.61102362204724, "x": 746.7220472440945, "structure_id": "Chf_21", "w": 102.27795275590552, "h": 25.38897637795276}, {"y": 242.94173228346457, "x": 446.7220472440945, "structure_id": "Chf_22", "w": 104.27795275590552, "h": 25.058267716535426}, {"y": 242.94173228346457, "x": 580.0527559055118, "structure_id": "Chf_23", "w": 135.94724409448816, "h": 25.058267716535426}, {"y": 242.94173228346457, "x": 746.7220472440945, "structure_id": "Chf_24", "w": 102.27795275590552, "h": 25.058267716535426}, {"y": 542.9417322834646, "x": 446.7220472440945, "structure_id": "Chf_25", "w": 104.27795275590552, "h": 25.058267716535397}, {"y": 542.9417322834646, "x": 580.0527559055118, "structure_id": "Chf_26", "w": 135.94724409448816, "h": 25.058267716535397}, {"y": 542.9417322834646, "x": 746.7220472440945, "structure_id": "Chf_27", "w": 102.27795275590552, "h": 25.058267716535397}, {"y": 509.6110236220473, "x": 446.7220472440945, "structure_id": "Chf_28", "w": 104.27795275590552, "h": 25.3889763779527}, {"y": 509.6110236220473, "x": 580.0527559055118, "structure_id": "Chf_29", "w": 135.94724409448816, "h": 25.3889763779527}, {"y": 509.6110236220473, "x": 746.7220472440945, "structure_id": "Chf_30", "w": 102.27795275590552, "h": 25.3889763779527}, {"y": 276.28031496062994, "x": 446.7220472440945, "structure_id": "Chf_31", "w": 104.27795275590552, "h": 25}, {"y": 276.28031496062994, "x": 580.0527559055118, "structure_id": "Chf_32", "w": 135.94724409448816, "h": 25}, {"y": 276.28031496062994, "x": 746.7220472440945, "structure_id": "Chf_33", "w": 102.27795275590552, "h": 25}, {"y": 442.94173228346455, "x": 446.7220472440945, "structure_id": "Chf_34", "w": 104.27795275590552, "h": 25.058267716535454}, {"y": 442.94173228346455, "x": 580.0527559055118, "structure_id": "Chf_35", "w": 135.94724409448816, "h": 25.058267716535454}, {"y": 442.94173228346455, "x": 746.7220472440945, "structure_id": "Chf_36", "w": 102.27795275590552, "h": 25.058267716535454}, {"y": 201.28897637795276, "x": 124.4, "structure_id": "Chf_37", "w": 119.6, "h": 25}, {"y": 720.9417322834645, "x": 441.7448818897638, "structure_id": "Chf_38", "w": 104.2551181102362, "h": 25.05826771653551}, {"y": 720.9417322834645, "x": 575.0748031496063, "structure_id": "Chf_39", "w": 135.92519685039372, "h": 25.05826771653551}, {"y": 720.9417322834645, "x": 741.7448818897639, "structure_id": "Chf_40", "w": 102.25511811023614, "h": 25.05826771653551}, {"y": 754.2724409448819, "x": 441.7448818897638, "structure_id": "Chf_41", "w": 104.2551181102362, "h": 25}, {"y": 754.2724409448819, "x": 575.0748031496063, "structure_id": "Chf_42", "w": 135.92519685039372, "h": 25}, {"y": 754.2724409448819, "x": 741.7448818897639, "structure_id": "Chf_43", "w": 102.25511811023614, "h": 25}, {"y": 787.6110236220472, "x": 441.7448818897638, "structure_id": "Chf_44", "w": 104.2551181102362, "h": 25.38897637795276}, {"y": 787.6110236220472, "x": 575.0748031496063, "structure_id": "Chf_45", "w": 135.92519685039372, "h": 25.38897637795276}, {"y": 787.6110236220472, "x": 741.7448818897639, "structure_id": "Chf_46", "w": 102.25511811023614, "h": 25.38897637795276}, {"y": 820.9417322834646, "x": 441.7448818897638, "structure_id": "Chf_47", "w": 104.2551181102362, "h": 25.058267716535397}, {"y": 820.9417322834646, "x": 575.0748031496063, "structure_id": "Chf_48", "w": 135.92519685039372, "h": 25.058267716535397}, {"y": 820.9417322834646, "x": 741.7448818897639, "structure_id": "Chf_49", "w": 102.25511811023614, "h": 25.058267716535397}, {"y": 932.2803149606299, "x": 444.58897637795275, "structure_id": "Chf_50", "w": 104.41102362204725, "h": 25}, {"y": 932.2803149606299, "x": 577.91968503937, "structure_id": "Chf_51", "w": 136.08031496062995, "h": 25}, {"y": 932.2803149606299, "x": 744.5889763779528, "structure_id": "Chf_52", "w": 102.4110236220472, "h": 25}, {"y": 965.6110236220472, "x": 444.58897637795275, "structure_id": "Chf_53", "w": 104.41102362204725, "h": 25.38897637795276}, {"y": 965.6110236220472, "x": 577.91968503937, "structure_id": "Chf_54", "w": 136.08031496062995, "h": 25.38897637795276}, {"y": 967.392125984252, "x": 744.5889763779528, "structure_id": "Chf_55", "w": 102.4110236220472, "h": 25}, {"y": 1000.0692913385827, "x": 444.58897637795275, "structure_id": "Chf_56", "w": 104.41102362204725, "h": 25.000000000000114}, {"y": 998.9496062992126, "x": 577.91968503937, "structure_id": "Chf_57", "w": 136.08031496062995, "h": 25.050393700787367}, {"y": 998.9496062992126, "x": 744.5889763779528, "structure_id": "Chf_58", "w": 102.4110236220472, "h": 25.050393700787367}, {"y": 1032.28031496063, "x": 444.58897637795275, "structure_id": "Chf_59", "w": 104.41102362204725, "h": 25}, {"y": 1032.28031496063, "x": 577.91968503937, "structure_id": "Chf_60", "w": 136.08031496062995, "h": 25}, {"y": 1032.28031496063, "x": 744.5889763779528, "structure_id": "Chf_61", "w": 102.4110236220472, "h": 25}, {"y": 1141.2110236220472, "x": 441.73622047244095, "structure_id": "Chf_62", "w": 104.26377952755905, "h": 25}, {"y": 1141.2110236220472, "x": 575.0692913385827, "structure_id": "Chf_63", "w": 135.93070866141727, "h": 25}, {"y": 1141.2110236220472, "x": 741.7362204724409, "structure_id": "Chf_64", "w": 102.26377952755911, "h": 25}, {"y": 1174.5417322834646, "x": 441.73622047244095, "structure_id": "Chf_65", "w": 104.26377952755905, "h": 25.458267716535374}, {"y": 1174.5417322834646, "x": 575.0692913385827, "structure_id": "Chf_66", "w": 135.93070866141727, "h": 25.458267716535374}, {"y": 1174.5417322834646, "x": 741.7362204724409, "structure_id": "Chf_67", "w": 102.26377952755911, "h": 25.458267716535374}, {"y": 1207.8803149606301, "x": 441.73622047244095, "structure_id": "Chf_68", "w": 104.26377952755905, "h": 25.11968503936987}, {"y": 1207.8803149606301, "x": 575.0692913385827, "structure_id": "Chf_69", "w": 135.93070866141727, "h": 25.11968503936987}, {"y": 1207.8803149606301, "x": 741.7362204724409, "structure_id": "Chf_70", "w": 102.26377952755911, "h": 25.11968503936987}, {"y": 1241.2110236220474, "x": 441.73622047244095, "structure_id": "Chf_71", "w": 104.26377952755905, "h": 25}, {"y": 1241.2110236220474, "x": 575.0692913385827, "structure_id": "Chf_72", "w": 135.93070866141727, "h": 25}, {"y": 1241.2110236220474, "x": 741.7362204724409, "structure_id": "Chf_73", "w": 102.26377952755911, "h": 25}, {"y": 1321.7692913385827, "x": 102.17795275590552, "structure_id": "Chf_74", "w": 80.82204724409448, "h": 25}, {"y": 1320.4307086614174, "x": 218.8472440944882, "structure_id": "Chf_75", "w": 71.15275590551181, "h": 25}, {"y": 1581.7055118110236, "x": 108.25039370078741, "structure_id": "Chf_76", "w": 80.74960629921259, "h": 25}, {"y": 1580.366929133858, "x": 224.91968503937008, "structure_id": "Chf_77", "w": 71.08031496062992, "h": 25}, {"y": 687.6110236220474, "x": 102.85039370078741, "structure_id": "Chf_78", "w": 123.14960629921259, "h": 25.388976377952645}, {"y": 898.9496062992125, "x": 103.76377952755905, "structure_id": "Chf_79", "w": 123.23622047244095, "h": 25.05039370078748}, {"y": 1107.88031496063, "x": 99.05511811023622, "structure_id": "Chf_80", "w": 122.94488188976378, "h": 25.119685039370097}, {"y": 2059.5330708661418, "x": 322.6307086614173, "structure_id": "Chf_81", "w": 70.36929133858268, "h": 25.46692913385823}, {"y": 2059.5330708661418, "x": 419.4724409448819, "structure_id": "Chf_82", "w": 116.5275590551181, "h": 25.46692913385823}, {"y": 2059.5330708661418, "x": 552.1110236220472, "structure_id": "Chf_83", "w": 95.88897637795276, "h": 25.46692913385823}, {"y": 1981.9417322834645, "x": 195.43070866141733, "structure_id": "Chf_84", "w": 104.56929133858267, "h": 25.05826771653551}, {"y": 1980.3834645669292, "x": 324.0913385826772, "structure_id": "Chf_85", "w": 94.90866141732278, "h": 25}, {"y": 1982.2417322834647, "x": 445.4692913385827, "structure_id": "Chf_86", "w": 209.5307086614173, "h": 25}, {"y": 1982.2417322834647, "x": 680.4472440944882, "structure_id": "Chf_87", "w": 197.55275590551184, "h": 25}, {"y": 1895.807874015748, "x": 113.91102362204725, "structure_id": "Chf_88", "w": 375.08897637795275, "h": 25}, {"y": 1861.7055118110236, "x": 113.91102362204725, "structure_id": "Chf_89", "w": 79.08897637795275, "h": 25}, {"y": 1858.8165354330708, "x": 228.88582677165354, "structure_id": "Chf_90", "w": 71.11417322834646, "h": 25.18346456692916}], "Field": [{"y": 79.62204724409449, "x": 80, "structure_id": "Fi_1", "w": 1000.2417322834647, "h": 46.833070866141725}, {"y": 1584, "x": 98.09448818897638, "structure_id": "Fi_2", "w": 1493.7944881889766, "h": 76.58346456692902}, {"y": 1353.9275590551183, "x": 97.59685039370079, "structure_id": "Fi_3", "w": 1500, "h": 99.99999999999977}, {"y": 1470.592125984252, "x": 100, "structure_id": "Fi_4", "w": 1424, "h": 33.40787401574789}], "TextRun": [{"parent_TextBlock": "Tb_1", "text": "PATIENT/VETERAN'S SOCIAL SECURITY NUMBER", "parent_Field": "Fi_1", "parent_Choice_Field": null, "parent_ChoiceGroup": null, "w": 466, "h": 20, "y": 106, "x": 80, "structure_id": "Tr_1"}, {"parent_TextBlock": "Tb_2", "text": "SECTION IV - NEUROLOGIC EXAM\u00c2\u00a0", "parent_Field": null, "parent_Choice_Field": null, "parent_ChoiceGroup": null, "w": 372, "h": 22, "y": 137, "x": 600, "structure_id": "Tr_2"}, {"parent_TextBlock": "Tb_2", "text": "(Continued)", "parent_Field": null, "parent_Choice_Field": null, "parent_ChoiceGroup": null, "w": 132, "h": 25, "y": 135, "x": 972, "structure_id": "Tr_3"}, {"parent_TextBlock": "Tb_3", "text": "LEFT:", "parent_Field": null, "parent_Choice_Field": null, "parent_ChoiceGroup": "Chgp_1", "w": 53, "h": 19, "y": 482, "x": 355, "structure_id": "Tr_4"}, {"parent_TextBlock": "Tb_4", "text": "Normal", "parent_Field": null, "parent_Choice_Field": "Chf_1", "parent_ChoiceGroup": "Chgp_1", "w": 63, "h": 19, "y": 482, "x": 488, "structure_id": "Tr_5"}, {"parent_TextBlock": "Tb_5", "text": "Decreased", "parent_Field": null, "parent_Choice_Field": "Chf_2", "parent_ChoiceGroup": "Chgp_1", "w": 94, "h": 19, "y": 482, "x": 622, "structure_id": "Tr_6"}, {"parent_TextBlock": "Tb_6", "text": "Absent", "parent_Field": null, "parent_Choice_Field": "Chf_3", "parent_ChoiceGroup": "Chgp_1", "w": 61, "h": 19, "y": 482, "x": 788, "structure_id": "Tr_7"}, {"parent_TextBlock": "Tb_7", "text": "RIGHT:", "parent_Field": null, "parent_Choice_Field": null, "parent_ChoiceGroup": "Chgp_2", "w": 66, "h": 19, "y": 582, "x": 355, "structure_id": "Tr_8"}, {"parent_TextBlock": "Tb_8", "text": "Normal", "parent_Field": null, "parent_Choice_Field": "Chf_4", "parent_ChoiceGroup": "Chgp_2", "w": 63, "h": 19, "y": 582, "x": 488, "structure_id": "Tr_9"}, {"parent_TextBlock": "Tb_9", "text": "Decreased", "parent_Field": null, "parent_Choice_Field": "Chf_5", "parent_ChoiceGroup": "Chgp_2", "w": 94, "h": 19, "y": 582, "x": 622, "structure_id": "Tr_10"}, {"parent_TextBlock": "Tb_10", "text": "Absent", "parent_Field": null, "parent_Choice_Field": "Chf_6", "parent_ChoiceGroup": "Chgp_2", "w": 61, "h": 19, "y": 582, "x": 788, "structure_id": "Tr_11"}, {"parent_TextBlock": "Tb_11", "text": "Knee/thigh", "parent_Field": null, "parent_Choice_Field": null, "parent_ChoiceGroup": null, "w": 93, "h": 20, "y": 448, "x": 122, "structure_id": "Tr_12"}, {"parent_TextBlock": "Tb_12", "text": "Shoulder area", "parent_Field": null, "parent_Choice_Field": null, "parent_ChoiceGroup": null, "w": 122, "h": 20, "y": 248, "x": 122, "structure_id": "Tr_13"}, {"parent_TextBlock": "Tb_13", "text": "RIGHT:", "parent_Field": null, "parent_Choice_Field": null, "parent_ChoiceGroup": "Chgp_3", "w": 66, "h": 19, "y": 382, "x": 355, "structure_id": "Tr_14"}, {"parent_TextBlock": "Tb_14", "text": "Normal", "parent_Field": null, "parent_Choice_Field": "Chf_7", "parent_ChoiceGroup": "Chgp_3", "w": 63, "h": 19, "y": 382, "x": 488, "structure_id": "Tr_15"}, {"parent_TextBlock": "Tb_15", "text": "Decreased", "parent_Field": null, "parent_Choice_Field": "Chf_8", "parent_ChoiceGroup": "Chgp_3", "w": 94, "h": 19, "y": 382, "x": 622, "structure_id": "Tr_16"}, {"parent_TextBlock": "Tb_16", "text": "Absent", "parent_Field": null, "parent_Choice_Field": "Chf_9", "parent_ChoiceGroup": "Chgp_3", "w": 61, "h": 19, "y": 382, "x": 788, "structure_id": "Tr_17"}, {"parent_TextBlock": "Tb_17", "text": "Inner/outer forearm", "parent_Field": null, "parent_Choice_Field": null, "parent_ChoiceGroup": null, "w": 166, "h": 20, "y": 315, "x": 122, "structure_id": "Tr_18"}, {"parent_TextBlock": "Tb_18", "text": "LEFT:", "parent_Field": null, "parent_Choice_Field": null, "parent_ChoiceGroup": "Chgp_4", "w": 53, "h": 20, "y": 348, "x": 355, "structure_id": "Tr_19"}, {"parent_TextBlock": "Tb_19", "text": "Normal", "parent_Field": null, "parent_Choice_Field": "Chf_10", "parent_ChoiceGroup": "Chgp_4", "w": 63, "h": 20, "y": 348, "x": 488, "structure_id": "Tr_20"}, {"parent_TextBlock": "Tb_20", "text": "Decreased", "parent_Field": null, "parent_Choice_Field": "Chf_11", "parent_ChoiceGroup": "Chgp_4", "w": 94, "h": 20, "y": 348, "x": 622, "structure_id": "Tr_21"}, {"parent_TextBlock": "Tb_21", "text": "Absent", "parent_Field": null, "parent_Choice_Field": "Chf_12", "parent_ChoiceGroup": "Chgp_4", "w": 61, "h": 20, "y": 348, "x": 788, "structure_id": "Tr_22"}, {"parent_TextBlock": "Tb_22", "text": "LEFT:", "parent_Field": null, "parent_Choice_Field": null, "parent_ChoiceGroup": "Chgp_5", "w": 53, "h": 20, "y": 415, "x": 355, "structure_id": "Tr_23"}, {"parent_TextBlock": "Tb_23", "text": "Normal", "parent_Field": null, "parent_Choice_Field": "Chf_13", "parent_ChoiceGroup": "Chgp_5", "w": 63, "h": 20, "y": 415, "x": 488, "structure_id": "Tr_24"}, {"parent_TextBlock": "Tb_24", "text": "Decreased", "parent_Field": null, "parent_Choice_Field": "Chf_14", "parent_ChoiceGroup": "Chgp_5", "w": 94, "h": 20, "y": 415, "x": 622, "structure_id": "Tr_25"}, {"parent_TextBlock": "Tb_25", "text": "Absent", "parent_Field": null, "parent_Choice_Field": "Chf_15", "parent_ChoiceGroup": "Chgp_5", "w": 61, "h": 20, "y": 415, "x": 788, "structure_id": "Tr_26"}, {"parent_TextBlock": "Tb_26", "text": "Hand/fingers", "parent_Field": null, "parent_Choice_Field": null, "parent_ChoiceGroup": null, "w": 110, "h": 19, "y": 382, "x": 122, "structure_id": "Tr_27"}, {"parent_TextBlock": "Tb_27", "text": "LEFT:", "parent_Field": null, "parent_Choice_Field": null, "parent_ChoiceGroup": "Chgp_6", "w": 53, "h": 20, "y": 615, "x": 355, "structure_id": "Tr_28"}, {"parent_TextBlock": "Tb_28", "text": "Normal", "parent_Field": null, "parent_Choice_Field": "Chf_16", "parent_ChoiceGroup": "Chgp_6", "w": 63, "h": 20, "y": 615, "x": 488, "structure_id": "Tr_29"}, {"parent_TextBlock": "Tb_29", "text": "Decreased", "parent_Field": null, "parent_Choice_Field": "Chf_17", "parent_ChoiceGroup": "Chgp_6", "w": 94, "h": 20, "y": 615, "x": 622, "structure_id": "Tr_30"}, {"parent_TextBlock": "Tb_30", "text": "Absent", "parent_Field": null, "parent_Choice_Field": "Chf_18", "parent_ChoiceGroup": "Chgp_6", "w": 61, "h": 20, "y": 615, "x": 788, "structure_id": "Tr_31"}, {"parent_TextBlock": "Tb_31", "text": "(If \"Yes,\" describe):", "parent_Field": "Fi_2", "parent_Choice_Field": null, "parent_ChoiceGroup": null, "w": 177, "h": 22, "y": 1584, "x": 309, "structure_id": "Tr_32"}, {"parent_TextBlock": "Tb_32", "text": "RIGHT:", "parent_Field": null, "parent_Choice_Field": null, "parent_ChoiceGroup": "Chgp_7", "w": 66, "h": 20, "y": 315, "x": 355, "structure_id": "Tr_33"}, {"parent_TextBlock": "Tb_33", "text": "Normal", "parent_Field": null, "parent_Choice_Field": "Chf_19", "parent_ChoiceGroup": "Chgp_7", "w": 63, "h": 20, "y": 315, "x": 488, "structure_id": "Tr_34"}, {"parent_TextBlock": "Tb_34", "text": "Decreased", "parent_Field": null, "parent_Choice_Field": "Chf_20", "parent_ChoiceGroup": "Chgp_7", "w": 94, "h": 20, "y": 315, "x": 622, "structure_id": "Tr_35"}, {"parent_TextBlock": "Tb_35", "text": "Absent", "parent_Field": null, "parent_Choice_Field": "Chf_21", "parent_ChoiceGroup": "Chgp_7", "w": 61, "h": 20, "y": 315, "x": 788, "structure_id": "Tr_36"}, {"parent_TextBlock": "Tb_36", "text": "RIGHT:", "parent_Field": null, "parent_Choice_Field": null, "parent_ChoiceGroup": "Chgp_8", "w": 66, "h": 20, "y": 248, "x": 355, "structure_id": "Tr_37"}, {"parent_TextBlock": "Tb_37", "text": "Normal", "parent_Field": null, "parent_Choice_Field": "Chf_22", "parent_ChoiceGroup": "Chgp_8", "w": 63, "h": 20, "y": 248, "x": 488, "structure_id": "Tr_38"}, {"parent_TextBlock": "Tb_38", "text": "Decreased", "parent_Field": null, "parent_Choice_Field": "Chf_23", "parent_ChoiceGroup": "Chgp_8", "w": 94, "h": 20, "y": 248, "x": 622, "structure_id": "Tr_39"}, {"parent_TextBlock": "Tb_39", "text": "Absent", "parent_Field": null, "parent_Choice_Field": "Chf_24", "parent_ChoiceGroup": "Chgp_8", "w": 61, "h": 20, "y": 248, "x": 788, "structure_id": "Tr_40"}, {"parent_TextBlock": "Tb_40", "text": "(If muscle atrophy is present, indicate location):", "parent_Field": "Fi_3", "parent_Choice_Field": null, "parent_ChoiceGroup": null, "w": 430, "h": 22, "y": 1365, "x": 98, "structure_id": "Tr_41"}, {"parent_TextBlock": "Tb_41", "text": "LEFT:", "parent_Field": null, "parent_Choice_Field": null, "parent_ChoiceGroup": "Chgp_9", "w": 53, "h": 20, "y": 548, "x": 355, "structure_id": "Tr_42"}, {"parent_TextBlock": "Tb_42", "text": "Normal", "parent_Field": null, "parent_Choice_Field": "Chf_25", "parent_ChoiceGroup": "Chgp_9", "w": 63, "h": 20, "y": 548, "x": 488, "structure_id": "Tr_43"}, {"parent_TextBlock": "Tb_43", "text": "Decreased", "parent_Field": null, "parent_Choice_Field": "Chf_26", "parent_ChoiceGroup": "Chgp_9", "w": 94, "h": 20, "y": 548, "x": 622, "structure_id": "Tr_44"}, {"parent_TextBlock": "Tb_44", "text": "Absent", "parent_Field": null, "parent_Choice_Field": "Chf_27", "parent_ChoiceGroup": "Chgp_9", "w": 61, "h": 20, "y": 548, "x": 788, "structure_id": "Tr_45"}, {"parent_TextBlock": "Tb_45", "text": "RIGHT:", "parent_Field": null, "parent_Choice_Field": null, "parent_ChoiceGroup": "Chgp_10", "w": 66, "h": 20, "y": 515, "x": 355, "structure_id": "Tr_46"}, {"parent_TextBlock": "Tb_46", "text": "Normal", "parent_Field": null, "parent_Choice_Field": "Chf_28", "parent_ChoiceGroup": "Chgp_10", "w": 63, "h": 20, "y": 515, "x": 488, "structure_id": "Tr_47"}, {"parent_TextBlock": "Tb_47", "text": "Decreased", "parent_Field": null, "parent_Choice_Field": "Chf_29", "parent_ChoiceGroup": "Chgp_10", "w": 94, "h": 20, "y": 515, "x": 622, "structure_id": "Tr_48"}, {"parent_TextBlock": "Tb_48", "text": "Absent", "parent_Field": null, "parent_Choice_Field": "Chf_30", "parent_ChoiceGroup": "Chgp_10", "w": 61, "h": 20, "y": 515, "x": 788, "structure_id": "Tr_49"}, {"parent_TextBlock": "Tb_49", "text": "Foot/toes", "parent_Field": null, "parent_Choice_Field": null, "parent_ChoiceGroup": null, "w": 81, "h": 19, "y": 582, "x": 122, "structure_id": "Tr_50"}, {"parent_TextBlock": "Tb_50", "text": "LEFT:", "parent_Field": null, "parent_Choice_Field": null, "parent_ChoiceGroup": "Chgp_11", "w": 53, "h": 19, "y": 282, "x": 355, "structure_id": "Tr_51"}, {"parent_TextBlock": "Tb_51", "text": "Normal", "parent_Field": null, "parent_Choice_Field": "Chf_31", "parent_ChoiceGroup": "Chgp_11", "w": 63, "h": 19, "y": 282, "x": 488, "structure_id": "Tr_52"}, {"parent_TextBlock": "Tb_52", "text": "Decreased", "parent_Field": null, "parent_Choice_Field": "Chf_32", "parent_ChoiceGroup": "Chgp_11", "w": 94, "h": 19, "y": 282, "x": 622, "structure_id": "Tr_53"}, {"parent_TextBlock": "Tb_53", "text": "Absent", "parent_Field": null, "parent_Choice_Field": "Chf_33", "parent_ChoiceGroup": "Chgp_11", "w": 61, "h": 19, "y": 282, "x": 788, "structure_id": "Tr_54"}, {"parent_TextBlock": "Tb_54", "text": "(For each instance of muscle atrophy, provide measurements in cm between normal and atrophied side, measured at maximum muscle bulk:", "parent_Field": "Fi_4", "parent_Choice_Field": null, "parent_ChoiceGroup": null, "w": 1249, "h": 22, "y": 1481, "x": 100, "structure_id": "Tr_55"}, {"parent_TextBlock": "Tb_55", "text": "cm.)", "parent_Field": "Fi_4", "parent_Choice_Field": null, "parent_ChoiceGroup": null, "w": 39, "h": 22, "y": 1482, "x": 1485, "structure_id": "Tr_56"}, {"parent_TextBlock": "Tb_56", "text": "Ankle/lower leg", "parent_Field": null, "parent_Choice_Field": null, "parent_ChoiceGroup": null, "w": 132, "h": 20, "y": 515, "x": 122, "structure_id": "Tr_57"}, {"parent_TextBlock": "Tb_57", "text": "RIGHT:", "parent_Field": null, "parent_Choice_Field": null, "parent_ChoiceGroup": "Chgp_12", "w": 66, "h": 20, "y": 448, "x": 355, "structure_id": "Tr_58"}, {"parent_TextBlock": "Tb_58", "text": "Normal", "parent_Field": null, "parent_Choice_Field": "Chf_34", "parent_ChoiceGroup": "Chgp_12", "w": 63, "h": 20, "y": 448, "x": 488, "structure_id": "Tr_59"}, {"parent_TextBlock": "Tb_59", "text": "Decreased", "parent_Field": null, "parent_Choice_Field": "Chf_35", "parent_ChoiceGroup": "Chgp_12", "w": 94, "h": 20, "y": 448, "x": 622, "structure_id": "Tr_60"}, {"parent_TextBlock": "Tb_60", "text": "Absent", "parent_Field": null, "parent_Choice_Field": "Chf_36", "parent_ChoiceGroup": "Chgp_12", "w": 61, "h": 20, "y": 448, "x": 788, "structure_id": "Tr_61"}, {"parent_TextBlock": "Tb_61", "text": "4C. LIGHT TOUCH/MONOFILAMENT TESTING RESULTS", "parent_Field": null, "parent_Choice_Field": null, "parent_ChoiceGroup": "Chgp_13", "w": 514, "h": 20, "y": 170, "x": 95, "structure_id": "Tr_62"}, {"parent_TextBlock": "Tb_62", "text": "All Normal", "parent_Field": null, "parent_Choice_Field": "Chf_37", "parent_ChoiceGroup": "Chgp_13", "w": 90, "h": 20, "y": 206, "x": 154, "structure_id": "Tr_63"}, {"parent_TextBlock": "Tb_63", "text": "RIGHT UPPER EXTREMITY", "parent_Field": null, "parent_Choice_Field": null, "parent_ChoiceGroup": "Chgp_14", "w": 250, "h": 20, "y": 726, "x": 100, "structure_id": "Tr_64"}, {"parent_TextBlock": "Tb_64", "text": "Normal", "parent_Field": null, "parent_Choice_Field": "Chf_38", "parent_ChoiceGroup": "Chgp_14", "w": 63, "h": 20, "y": 726, "x": 483, "structure_id": "Tr_65"}, {"parent_TextBlock": "Tb_65", "text": "Decreased", "parent_Field": null, "parent_Choice_Field": "Chf_39", "parent_ChoiceGroup": "Chgp_14", "w": 94, "h": 20, "y": 726, "x": 617, "structure_id": "Tr_66"}, {"parent_TextBlock": "Tb_66", "text": "Absent", "parent_Field": null, "parent_Choice_Field": "Chf_40", "parent_ChoiceGroup": "Chgp_14", "w": 61, "h": 20, "y": 726, "x": 783, "structure_id": "Tr_67"}, {"parent_TextBlock": "Tb_67", "text": "LEFT UPPER EXTREMITY", "parent_Field": null, "parent_Choice_Field": null, "parent_ChoiceGroup": "Chgp_15", "w": 237, "h": 19, "y": 760, "x": 100, "structure_id": "Tr_68"}, {"parent_TextBlock": "Tb_68", "text": "Normal", "parent_Field": null, "parent_Choice_Field": "Chf_41", "parent_ChoiceGroup": "Chgp_15", "w": 63, "h": 19, "y": 760, "x": 483, "structure_id": "Tr_69"}, {"parent_TextBlock": "Tb_69", "text": "Decreased", "parent_Field": null, "parent_Choice_Field": "Chf_42", "parent_ChoiceGroup": "Chgp_15", "w": 94, "h": 19, "y": 760, "x": 617, "structure_id": "Tr_70"}, {"parent_TextBlock": "Tb_70", "text": "Absent", "parent_Field": null, "parent_Choice_Field": "Chf_43", "parent_ChoiceGroup": "Chgp_15", "w": 61, "h": 19, "y": 760, "x": 783, "structure_id": "Tr_71"}, {"parent_TextBlock": "Tb_71", "text": "RIGHT LOWER EXTREMITY", "parent_Field": null, "parent_Choice_Field": null, "parent_ChoiceGroup": "Chgp_16", "w": 254, "h": 20, "y": 793, "x": 100, "structure_id": "Tr_72"}, {"parent_TextBlock": "Tb_72", "text": "Normal", "parent_Field": null, "parent_Choice_Field": "Chf_44", "parent_ChoiceGroup": "Chgp_16", "w": 63, "h": 20, "y": 793, "x": 483, "structure_id": "Tr_73"}, {"parent_TextBlock": "Tb_73", "text": "Decreased", "parent_Field": null, "parent_Choice_Field": "Chf_45", "parent_ChoiceGroup": "Chgp_16", "w": 94, "h": 20, "y": 793, "x": 617, "structure_id": "Tr_74"}, {"parent_TextBlock": "Tb_74", "text": "Absent", "parent_Field": null, "parent_Choice_Field": "Chf_46", "parent_ChoiceGroup": "Chgp_16", "w": 61, "h": 20, "y": 793, "x": 783, "structure_id": "Tr_75"}, {"parent_TextBlock": "Tb_75", "text": "LEFT LOWER EXTREMITY", "parent_Field": null, "parent_Choice_Field": null, "parent_ChoiceGroup": "Chgp_17", "w": 241, "h": 20, "y": 826, "x": 100, "structure_id": "Tr_76"}, {"parent_TextBlock": "Tb_76", "text": "Normal", "parent_Field": null, "parent_Choice_Field": "Chf_47", "parent_ChoiceGroup": "Chgp_17", "w": 63, "h": 20, "y": 826, "x": 483, "structure_id": "Tr_77"}, {"parent_TextBlock": "Tb_77", "text": "Decreased", "parent_Field": null, "parent_Choice_Field": "Chf_48", "parent_ChoiceGroup": "Chgp_17", "w": 94, "h": 20, "y": 826, "x": 617, "structure_id": "Tr_78"}, {"parent_TextBlock": "Tb_78", "text": "Absent", "parent_Field": null, "parent_Choice_Field": "Chf_49", "parent_ChoiceGroup": "Chgp_17", "w": 61, "h": 20, "y": 826, "x": 783, "structure_id": "Tr_79"}, {"parent_TextBlock": "Tb_79", "text": "RIGHT UPPER EXTREMITY", "parent_Field": null, "parent_Choice_Field": null, "parent_ChoiceGroup": "Chgp_18", "w": 250, "h": 19, "y": 938, "x": 101, "structure_id": "Tr_80"}, {"parent_TextBlock": "Tb_80", "text": "Normal", "parent_Field": null, "parent_Choice_Field": "Chf_50", "parent_ChoiceGroup": "Chgp_18", "w": 63, "h": 19, "y": 938, "x": 486, "structure_id": "Tr_81"}, {"parent_TextBlock": "Tb_81", "text": "Decreased", "parent_Field": null, "parent_Choice_Field": "Chf_51", "parent_ChoiceGroup": "Chgp_18", "w": 94, "h": 19, "y": 938, "x": 620, "structure_id": "Tr_82"}, {"parent_TextBlock": "Tb_82", "text": "Absent", "parent_Field": null, "parent_Choice_Field": "Chf_52", "parent_ChoiceGroup": "Chgp_18", "w": 61, "h": 19, "y": 938, "x": 786, "structure_id": "Tr_83"}, {"parent_TextBlock": "Tb_83", "text": "LEFT UPPER EXTREMITY", "parent_Field": null, "parent_Choice_Field": null, "parent_ChoiceGroup": "Chgp_19", "w": 237, "h": 20, "y": 971, "x": 101, "structure_id": "Tr_84"}, {"parent_TextBlock": "Tb_84", "text": "Normal", "parent_Field": null, "parent_Choice_Field": "Chf_53", "parent_ChoiceGroup": "Chgp_19", "w": 63, "h": 20, "y": 971, "x": 486, "structure_id": "Tr_85"}, {"parent_TextBlock": "Tb_85", "text": "Decreased", "parent_Field": null, "parent_Choice_Field": "Chf_54", "parent_ChoiceGroup": "Chgp_19", "w": 94, "h": 20, "y": 971, "x": 620, "structure_id": "Tr_86"}, {"parent_TextBlock": "Tb_86", "text": "Absent", "parent_Field": null, "parent_Choice_Field": "Chf_55", "parent_ChoiceGroup": "Chgp_19", "w": 61, "h": 20, "y": 971, "x": 786, "structure_id": "Tr_87"}, {"parent_TextBlock": "Tb_87", "text": "RIGHT LOWER EXTREMITY", "parent_Field": null, "parent_Choice_Field": null, "parent_ChoiceGroup": "Chgp_20", "w": 254, "h": 19, "y": 1005, "x": 101, "structure_id": "Tr_88"}, {"parent_TextBlock": "Tb_88", "text": "Normal", "parent_Field": null, "parent_Choice_Field": "Chf_56", "parent_ChoiceGroup": "Chgp_20", "w": 63, "h": 19, "y": 1005, "x": 486, "structure_id": "Tr_89"}, {"parent_TextBlock": "Tb_89", "text": "Decreased", "parent_Field": null, "parent_Choice_Field": "Chf_57", "parent_ChoiceGroup": "Chgp_20", "w": 94, "h": 19, "y": 1005, "x": 620, "structure_id": "Tr_90"}, {"parent_TextBlock": "Tb_90", "text": "Absent", "parent_Field": null, "parent_Choice_Field": "Chf_58", "parent_ChoiceGroup": "Chgp_20", "w": 61, "h": 19, "y": 1005, "x": 786, "structure_id": "Tr_91"}, {"parent_TextBlock": "Tb_91", "text": "LEFT LOWER EXTREMITY", "parent_Field": null, "parent_Choice_Field": null, "parent_ChoiceGroup": "Chgp_21", "w": 241, "h": 19, "y": 1038, "x": 101, "structure_id": "Tr_92"}, {"parent_TextBlock": "Tb_92", "text": "Normal", "parent_Field": null, "parent_Choice_Field": "Chf_59", "parent_ChoiceGroup": "Chgp_21", "w": 63, "h": 19, "y": 1038, "x": 486, "structure_id": "Tr_93"}, {"parent_TextBlock": "Tb_93", "text": "Decreased", "parent_Field": null, "parent_Choice_Field": "Chf_60", "parent_ChoiceGroup": "Chgp_21", "w": 94, "h": 19, "y": 1038, "x": 620, "structure_id": "Tr_94"}, {"parent_TextBlock": "Tb_94", "text": "Absent", "parent_Field": null, "parent_Choice_Field": "Chf_61", "parent_ChoiceGroup": "Chgp_21", "w": 61, "h": 19, "y": 1038, "x": 786, "structure_id": "Tr_95"}, {"parent_TextBlock": "Tb_95", "text": "RIGHT UPPER EXTREMITY", "parent_Field": null, "parent_Choice_Field": null, "parent_ChoiceGroup": "Chgp_22", "w": 250, "h": 19, "y": 1147, "x": 96, "structure_id": "Tr_96"}, {"parent_TextBlock": "Tb_96", "text": "Normal", "parent_Field": null, "parent_Choice_Field": "Chf_62", "parent_ChoiceGroup": "Chgp_22", "w": 63, "h": 19, "y": 1147, "x": 483, "structure_id": "Tr_97"}, {"parent_TextBlock": "Tb_97", "text": "Decreased", "parent_Field": null, "parent_Choice_Field": "Chf_63", "parent_ChoiceGroup": "Chgp_22", "w": 94, "h": 19, "y": 1147, "x": 617, "structure_id": "Tr_98"}, {"parent_TextBlock": "Tb_98", "text": "Absent", "parent_Field": null, "parent_Choice_Field": "Chf_64", "parent_ChoiceGroup": "Chgp_22", "w": 61, "h": 19, "y": 1147, "x": 783, "structure_id": "Tr_99"}, {"parent_TextBlock": "Tb_99", "text": "LEFT UPPER EXTREMITY", "parent_Field": null, "parent_Choice_Field": null, "parent_ChoiceGroup": "Chgp_23", "w": 237, "h": 20, "y": 1180, "x": 96, "structure_id": "Tr_100"}, {"parent_TextBlock": "Tb_100", "text": "Normal", "parent_Field": null, "parent_Choice_Field": "Chf_65", "parent_ChoiceGroup": "Chgp_23", "w": 63, "h": 20, "y": 1180, "x": 483, "structure_id": "Tr_101"}, {"parent_TextBlock": "Tb_101", "text": "Decreased", "parent_Field": null, "parent_Choice_Field": "Chf_66", "parent_ChoiceGroup": "Chgp_23", "w": 94, "h": 20, "y": 1180, "x": 617, "structure_id": "Tr_102"}, {"parent_TextBlock": "Tb_102", "text": "Absent", "parent_Field": null, "parent_Choice_Field": "Chf_67", "parent_ChoiceGroup": "Chgp_23", "w": 61, "h": 20, "y": 1180, "x": 783, "structure_id": "Tr_103"}, {"parent_TextBlock": "Tb_103", "text": "RIGHT LOWER EXTREMITY", "parent_Field": null, "parent_Choice_Field": null, "parent_ChoiceGroup": "Chgp_24", "w": 254, "h": 20, "y": 1213, "x": 96, "structure_id": "Tr_104"}, {"parent_TextBlock": "Tb_104", "text": "Normal", "parent_Field": null, "parent_Choice_Field": "Chf_68", "parent_ChoiceGroup": "Chgp_24", "w": 63, "h": 20, "y": 1213, "x": 483, "structure_id": "Tr_105"}, {"parent_TextBlock": "Tb_105", "text": "Decreased", "parent_Field": null, "parent_Choice_Field": "Chf_69", "parent_ChoiceGroup": "Chgp_24", "w": 94, "h": 20, "y": 1213, "x": 617, "structure_id": "Tr_106"}, {"parent_TextBlock": "Tb_106", "text": "Absent", "parent_Field": null, "parent_Choice_Field": "Chf_70", "parent_ChoiceGroup": "Chgp_24", "w": 61, "h": 20, "y": 1213, "x": 783, "structure_id": "Tr_107"}, {"parent_TextBlock": "Tb_107", "text": "LEFT LOWER EXTREMITY", "parent_Field": null, "parent_Choice_Field": null, "parent_ChoiceGroup": "Chgp_25", "w": 241, "h": 19, "y": 1247, "x": 96, "structure_id": "Tr_108"}, {"parent_TextBlock": "Tb_108", "text": "Normal", "parent_Field": null, "parent_Choice_Field": "Chf_71", "parent_ChoiceGroup": "Chgp_25", "w": 63, "h": 19, "y": 1247, "x": 483, "structure_id": "Tr_109"}, {"parent_TextBlock": "Tb_109", "text": "Decreased", "parent_Field": null, "parent_Choice_Field": "Chf_72", "parent_ChoiceGroup": "Chgp_25", "w": 94, "h": 19, "y": 1247, "x": 617, "structure_id": "Tr_110"}, {"parent_TextBlock": "Tb_110", "text": "Absent", "parent_Field": null, "parent_Choice_Field": "Chf_73", "parent_ChoiceGroup": "Chgp_25", "w": 61, "h": 19, "y": 1247, "x": 783, "structure_id": "Tr_111"}, {"parent_TextBlock": "Tb_111", "text": "4G. DOES THE VETERAN HAVE MUSCLE ATROPHY?", "parent_Field": null, "parent_Choice_Field": null, "parent_ChoiceGroup": "Chgp_26", "w": 488, "h": 20, "y": 1293, "x": 98, "structure_id": "Tr_112"}, {"parent_TextBlock": "Tb_112", "text": "YES", "parent_Field": null, "parent_Choice_Field": "Chf_74", "parent_ChoiceGroup": "Chgp_26", "w": 39, "h": 19, "y": 1326, "x": 144, "structure_id": "Tr_113"}, {"parent_TextBlock": "Tb_113", "text": "NO", "parent_Field": null, "parent_Choice_Field": "Chf_75", "parent_ChoiceGroup": "Chgp_26", "w": 29, "h": 19, "y": 1326, "x": 261, "structure_id": "Tr_114"}, {"parent_TextBlock": "Tb_114", "text": "4H. DOES THE VETERAN HAVE TROPHIC CHANGES", "parent_Field": null, "parent_Choice_Field": null, "parent_ChoiceGroup": "Chgp_27", "w": 491, "h": 19, "y": 1523, "x": 94, "structure_id": "Tr_115"}, {"parent_TextBlock": "Tb_114", "text": "(characterized by loss of extremity hair, smooth, shiny skin, etc.)", "parent_Field": null, "parent_Choice_Field": null, "parent_ChoiceGroup": "Chgp_27", "w": 574, "h": 22, "y": 1521, "x": 585, "structure_id": "Tr_116"}, {"parent_TextBlock": "Tb_114", "text": "ATTRIBUTABLE TO DIABETIC PERIPHERAL", "parent_Field": null, "parent_Choice_Field": null, "parent_ChoiceGroup": "Chgp_27", "w": 412, "h": 19, "y": 1523, "x": 1159, "structure_id": "Tr_117"}, {"parent_TextBlock": "Tb_114", "text": "NEUROPATHY?", "parent_Field": null, "parent_Choice_Field": null, "parent_ChoiceGroup": "Chgp_27", "w": 146, "h": 20, "y": 1547, "x": 130, "structure_id": "Tr_118"}, {"parent_TextBlock": "Tb_115", "text": "YES", "parent_Field": null, "parent_Choice_Field": "Chf_76", "parent_ChoiceGroup": "Chgp_27", "w": 39, "h": 19, "y": 1586, "x": 150, "structure_id": "Tr_119"}, {"parent_TextBlock": "Tb_116", "text": "NO", "parent_Field": null, "parent_Choice_Field": "Chf_77", "parent_ChoiceGroup": "Chgp_27", "w": 29, "h": 19, "y": 1586, "x": 267, "structure_id": "Tr_120"}, {"parent_TextBlock": "Tb_117", "text": "4D. POSITION SENSE", "parent_Field": null, "parent_Choice_Field": null, "parent_ChoiceGroup": "Chgp_28", "w": 205, "h": 20, "y": 657, "x": 94, "structure_id": "Tr_121"}, {"parent_TextBlock": "Tb_117", "text": "(grasp index finger/great toe on sides and ask patient to identify up and down movement)", "parent_Field": null, "parent_Choice_Field": null, "parent_ChoiceGroup": "Chgp_28", "w": 794, "h": 22, "y": 655, "x": 299, "structure_id": "Tr_122"}, {"parent_TextBlock": "Tb_118", "text": "Not tested", "parent_Field": null, "parent_Choice_Field": "Chf_78", "parent_ChoiceGroup": "Chgp_28", "w": 88, "h": 20, "y": 693, "x": 138, "structure_id": "Tr_123"}, {"parent_TextBlock": "Tb_119", "text": "4E. VIBRATION SENSATION", "parent_Field": null, "parent_Choice_Field": null, "parent_ChoiceGroup": "Chgp_29", "w": 258, "h": 19, "y": 872, "x": 95, "structure_id": "Tr_124"}, {"parent_TextBlock": "Tb_119", "text": "(place low-pitched tuning fork over DIP joint of index finger/IP joint of great toe)", "parent_Field": null, "parent_Choice_Field": null, "parent_ChoiceGroup": "Chgp_29", "w": 733, "h": 22, "y": 870, "x": 353, "structure_id": "Tr_125"}, {"parent_TextBlock": "Tb_120", "text": "Not tested", "parent_Field": null, "parent_Choice_Field": "Chf_79", "parent_ChoiceGroup": "Chgp_29", "w": 89, "h": 19, "y": 905, "x": 138, "structure_id": "Tr_126"}, {"parent_TextBlock": "Tb_121", "text": "4F. COLD SENSATION", "parent_Field": null, "parent_Choice_Field": null, "parent_ChoiceGroup": "Chgp_30", "w": 210, "h": 19, "y": 1081, "x": 91, "structure_id": "Tr_127"}, {"parent_TextBlock": "Tb_121", "text": "(test distal extremities for cold sensation with side of tuning fork)", "parent_Field": null, "parent_Choice_Field": null, "parent_ChoiceGroup": "Chgp_30", "w": 581, "h": 22, "y": 1079, "x": 301, "structure_id": "Tr_128"}, {"parent_TextBlock": "Tb_122", "text": "Not tested", "parent_Field": null, "parent_Choice_Field": "Chf_80", "parent_ChoiceGroup": "Chgp_30", "w": 88, "h": 20, "y": 1113, "x": 134, "structure_id": "Tr_129"}, {"parent_TextBlock": "Tb_123", "text": "SECTION V - SEVERITY", "parent_Field": null, "parent_Choice_Field": null, "parent_ChoiceGroup": null, "w": 250, "h": 22, "y": 1676, "x": 723, "structure_id": "Tr_130"}, {"parent_TextBlock": "Tb_124", "text": "NOTE: Based on symptoms and findings from Sections III and IV, complete Items 5a and 5b below to provide an evaluation of the severity of the veteran's diabetic peripheral neuropathy.", "parent_Field": null, "parent_Choice_Field": null, "parent_ChoiceGroup": null, "w": 1462, "h": 20, "y": 1709, "x": 94, "structure_id": "Tr_131"}, {"parent_TextBlock": "Tb_124", "text": "NOTE: For VA purposes, the term \"incomplete paralysis\" indicates a degree of lost or impaired function substantially less than the description of complete paralysis that is given with each", "parent_Field": null, "parent_Choice_Field": null, "parent_ChoiceGroup": null, "w": 1465, "h": 19, "y": 1737, "x": 94, "structure_id": "Tr_132"}, {"parent_TextBlock": "Tb_124", "text": "nerve. If the nerve is completely paralyzed, check the box for \"complete paralysis\". If the nerve is not completely paralyzed, check the box for \"incomplete paralysis\" and indicate severity.", "parent_Field": null, "parent_Choice_Field": null, "parent_ChoiceGroup": null, "w": 1468, "h": 19, "y": 1765, "x": 94, "structure_id": "Tr_133"}, {"parent_TextBlock": "Tb_124", "text": "For VA purposes, when nerve impairment is wholly sensory, the evaluation should be mild, or at most, moderate.", "parent_Field": null, "parent_Choice_Field": null, "parent_ChoiceGroup": null, "w": 883, "h": 19, "y": 1793, "x": 94, "structure_id": "Tr_134"}, {"parent_TextBlock": "Tb_125", "text": "(If incomplete paralysis is checked, indicate severity):", "parent_Field": null, "parent_Choice_Field": null, "parent_ChoiceGroup": "Chgp_31", "w": 481, "h": 22, "y": 2024, "x": 231, "structure_id": "Tr_135"}, {"parent_TextBlock": "Tb_126", "text": "Mild", "parent_Field": null, "parent_Choice_Field": "Chf_81", "parent_ChoiceGroup": "Chgp_31", "w": 36, "h": 20, "y": 2065, "x": 357, "structure_id": "Tr_136"}, {"parent_TextBlock": "Tb_127", "text": "Moderate", "parent_Field": null, "parent_Choice_Field": "Chf_82", "parent_ChoiceGroup": "Chgp_31", "w": 82, "h": 20, "y": 2065, "x": 454, "structure_id": "Tr_137"}, {"parent_TextBlock": "Tb_128", "text": "Severe", "parent_Field": null, "parent_Choice_Field": "Chf_83", "parent_ChoiceGroup": "Chgp_31", "w": 62, "h": 20, "y": 2065, "x": 586, "structure_id": "Tr_138"}, {"parent_TextBlock": "Tb_129", "text": "(NOTE:  Complete paralysis (hand and fingers drop, wrist and fingers flexed; cannot extend hand at wrist, extend proximal phalanges of fingers, extend thumb or", "parent_Field": null, "parent_Choice_Field": null, "parent_ChoiceGroup": "Chgp_32", "w": 1449, "h": 22, "y": 1928, "x": 155, "structure_id": "Tr_139"}, {"parent_TextBlock": "Tb_129", "text": "make lateral movement of wrist; supination of hand, elbow extension and flexion weak, hand grip impaired.)", "parent_Field": null, "parent_Choice_Field": null, "parent_ChoiceGroup": "Chgp_32", "w": 967, "h": 23, "y": 1954, "x": 155, "structure_id": "Tr_140"}, {"parent_TextBlock": "Tb_130", "text": "RIGHT:\u00c2\u00a0", "parent_Field": null, "parent_Choice_Field": "Chf_84", "parent_ChoiceGroup": "Chgp_32", "w": 71, "h": 19, "y": 1988, "x": 229, "structure_id": "Tr_141"}, {"parent_TextBlock": "Tb_131", "text": "Normal", "parent_Field": null, "parent_Choice_Field": "Chf_85", "parent_ChoiceGroup": "Chgp_32", "w": 63, "h": 19, "y": 1986, "x": 356, "structure_id": "Tr_142"}, {"parent_TextBlock": "Tb_132", "text": "Incomplete paralysis", "parent_Field": null, "parent_Choice_Field": "Chf_86", "parent_ChoiceGroup": "Chgp_32", "w": 178, "h": 19, "y": 1986, "x": 477, "structure_id": "Tr_143"}, {"parent_TextBlock": "Tb_133", "text": "Complete paralysis", "parent_Field": null, "parent_Choice_Field": "Chf_87", "parent_ChoiceGroup": "Chgp_32", "w": 166, "h": 19, "y": 1986, "x": 712, "structure_id": "Tr_144"}, {"parent_TextBlock": "Tb_134", "text": "(If \"Yes,\" indicate nerve affected, severity and side affected)", "parent_Field": null, "parent_Choice_Field": null, "parent_ChoiceGroup": "Chgp_33", "w": 533, "h": 23, "y": 1863, "x": 307, "structure_id": "Tr_145"}, {"parent_TextBlock": "Tb_135", "text": "RADIAL NERVE (musculospiral nerve)", "parent_Field": null, "parent_Choice_Field": "Chf_88", "parent_ChoiceGroup": "Chgp_33", "w": 334, "h": 19, "y": 1899, "x": 155, "structure_id": "Tr_146"}, {"parent_TextBlock": "Tb_136", "text": "5A. DOES THE VETERAN HAVE AN UPPER EXTREMITY DIABETIC PERIPHERAL NEUROPATHY?", "parent_Field": null, "parent_Choice_Field": null, "parent_ChoiceGroup": "Chgp_34", "w": 886, "h": 19, "y": 1825, "x": 91, "structure_id": "Tr_147"}, {"parent_TextBlock": "Tb_137", "text": "YES", "parent_Field": null, "parent_Choice_Field": "Chf_89", "parent_ChoiceGroup": "Chgp_34", "w": 39, "h": 20, "y": 1864, "x": 154, "structure_id": "Tr_148"}, {"parent_TextBlock": "Tb_138", "text": "NO", "parent_Field": null, "parent_Choice_Field": "Chf_90", "parent_ChoiceGroup": "Chgp_34", "w": 29, "h": 20, "y": 1864, "x": 271, "structure_id": "Tr_149"}, {"parent_TextBlock": "Tb_139", "text": "VA\u00c2\u00a0FORM 21-0960C-4, DEC 2014", "parent_Field": null, "parent_Choice_Field": null, "parent_ChoiceGroup": null, "w": 297, "h": 20, "y": 2111, "x": 81, "structure_id": "Tr_150"}, {"parent_TextBlock": "Tb_140", "text": "Page 3", "parent_Field": null, "parent_Choice_Field": null, "parent_ChoiceGroup": null, "w": 71, "h": 22, "y": 2110, "x": 1545, "structure_id": "Tr_151"}], "ChoiceGroup": [{"y": 467.03125, "x": 348, "structure_id": "Chgp_1", "w": 499, "h": 35}, {"y": 571.03125, "x": 348, "structure_id": "Chgp_2", "w": 507, "h": 34}, {"y": 365.03125, "x": 346, "structure_id": "Chgp_3", "w": 504, "h": 38}, {"y": 334.03125, "x": 348, "structure_id": "Chgp_4", "w": 510, "h": 33}, {"y": 401.03125, "x": 349, "structure_id": "Chgp_5", "w": 500, "h": 35}, {"y": 604.03125, "x": 352, "structure_id": "Chgp_6", "w": 500, "h": 36}, {"y": 305.03125, "x": 349, "structure_id": "Chgp_7", "w": 504, "h": 30}, {"y": 238.03294057486198, "x": 346, "structure_id": "Chgp_8", "w": 501, "h": 31.583840212929402}, {"y": 536.03125, "x": 349, "structure_id": "Chgp_9", "w": 506, "h": 35}, {"y": 502.03125, "x": 348, "structure_id": "Chgp_10", "w": 505, "h": 36}, {"y": 266.03125, "x": 348, "structure_id": "Chgp_11", "w": 504, "h": 39}, {"y": 437.03125, "x": 348, "structure_id": "Chgp_12", "w": 499, "h": 33}, {"y": 161.03125, "x": 88, "structure_id": "Chgp_13", "w": 773, "h": 486}, {"y": 718.03125, "x": 94, "structure_id": "Chgp_14", "w": 749, "h": 30}, {"y": 751.03125, "x": 96, "structure_id": "Chgp_15", "w": 751, "h": 31}, {"y": 784.03125, "x": 94, "structure_id": "Chgp_16", "w": 752, "h": 31}, {"y": 814.03125, "x": 93, "structure_id": "Chgp_17", "w": 756, "h": 33}, {"y": 925.03125, "x": 96, "structure_id": "Chgp_18", "w": 754, "h": 36}, {"y": 962.03125, "x": 94, "structure_id": "Chgp_19", "w": 759, "h": 32}, {"y": 989.03125, "x": 97, "structure_id": "Chgp_20", "w": 755, "h": 39}, {"y": 1028.03125, "x": 96, "structure_id": "Chgp_21", "w": 759, "h": 33}, {"y": 1138.03125, "x": 90, "structure_id": "Chgp_22", "w": 759, "h": 31}, {"y": 1171.03125, "x": 90, "structure_id": "Chgp_23", "w": 759, "h": 31}, {"y": 1202.03125, "x": 88, "structure_id": "Chgp_24", "w": 758, "h": 33}, {"y": 1235.03125, "x": 90, "structure_id": "Chgp_25", "w": 760, "h": 35}, {"y": 1286.03125, "x": 91, "structure_id": "Chgp_26", "w": 1511, "h": 219.92574354226258}, {"y": 1517.03125, "x": 84, "structure_id": "Chgp_27", "w": 1512, "h": 149}, {"y": 647.03125, "x": 82, "structure_id": "Chgp_28", "w": 1016, "h": 207}, {"y": 862.03125, "x": 85, "structure_id": "Chgp_29", "w": 1004, "h": 204}, {"y": 1075.03125, "x": 82, "structure_id": "Chgp_30", "w": 804, "h": 199}, {"y": 2015.03125, "x": 222, "structure_id": "Chgp_31", "w": 495, "h": 75}, {"y": 1924.03125, "x": 145, "structure_id": "Chgp_32", "w": 1464, "h": 174}, {"y": 1852.03125, "x": 102, "structure_id": "Chgp_33", "w": 1510, "h": 249}, {"y": 1820.03125, "x": 85, "structure_id": "Chgp_34", "w": 1527, "h": 279}]}