{"Widget": [{"parent_Field": "Fi_1", "parent_Choice_Field": null, "parent_ChoiceGroup": null, "w": 288.92755905511814, "h": 66.66141732283464, "y": 1906.644094488189, "x": 276.85039370078744, "structure_id": "Wi_1"}, {"parent_Field": "Fi_2", "parent_Choice_Field": null, "parent_ChoiceGroup": null, "w": 188.88897637795276, "h": 66.66141732283464, "y": 1973.3141732283464, "x": 810.4251968503937, "structure_id": "Wi_2"}, {"parent_Field": "Fi_3", "parent_Choice_Field": null, "parent_ChoiceGroup": null, "w": 288.92755905511814, "h": 66.66141732283464, "y": 1973.3141732283464, "x": 276.85039370078744, "structure_id": "Wi_3"}, {"parent_Field": "Fi_4", "parent_Choice_Field": null, "parent_ChoiceGroup": null, "w": 305.60551181102363, "h": 66.66141732283464, "y": 1589.9748031496063, "x": 760.4031496062992, "structure_id": "Wi_4"}, {"parent_Field": "Fi_5", "parent_Choice_Field": null, "parent_ChoiceGroup": null, "w": 305.55826771653545, "h": 66.66141732283464, "y": 1656.644094488189, "x": 260.43307086614175, "structure_id": "Wi_5"}, {"parent_Field": null, "parent_Choice_Field": "Chf_1", "parent_ChoiceGroup": null, "w": 25, "h": 25, "y": 1443.461417322835, "x": 224.31102362204723, "structure_id": "Wi_6"}, {"parent_Field": "Fi_6", "parent_Choice_Field": null, "parent_ChoiceGroup": null, "w": 188.9275590551181, "h": 66.66141732283464, "y": 1589.9748031496063, "x": 1310.41968503937, "structure_id": "Wi_7"}, {"parent_Field": "Fi_7", "parent_Choice_Field": null, "parent_ChoiceGroup": null, "w": 188.88897637795276, "h": 66.66141732283464, "y": 1904.9220472440945, "x": 810.4251968503937, "structure_id": "Wi_8"}, {"parent_Field": "Fi_8", "parent_Choice_Field": null, "parent_ChoiceGroup": null, "w": 305.60551181102363, "h": 66.66141732283464, "y": 1656.644094488189, "x": 760.4031496062992, "structure_id": "Wi_9"}, {"parent_Field": "Fi_9", "parent_Choice_Field": null, "parent_ChoiceGroup": null, "w": 188.88897637795276, "h": 66.66141732283464, "y": 2039.9834645669293, "x": 810.4251968503937, "structure_id": "Wi_10"}, {"parent_Field": "Fi_10", "parent_Choice_Field": null, "parent_ChoiceGroup": null, "w": 1488.0220472440947, "h": 95.80314960629921, "y": 1189.9748031496065, "x": 111.29133858267716, "structure_id": "Wi_11"}, {"parent_Field": "Fi_11", "parent_Choice_Field": null, "parent_ChoiceGroup": null, "w": 288.92755905511814, "h": 66.66141732283464, "y": 2039.9748031496063, "x": 276.85039370078744, "structure_id": "Wi_12"}, {"parent_Field": "Fi_12", "parent_Choice_Field": null, "parent_ChoiceGroup": null, "w": 305.55826771653545, "h": 66.66141732283464, "y": 1523.3141732283464, "x": 260.4251968503937, "structure_id": "Wi_13"}, {"parent_Field": "Fi_13", "parent_Choice_Field": null, "parent_ChoiceGroup": null, "w": 305.55826771653545, "h": 66.66141732283464, "y": 1589.9748031496063, "x": 260.43307086614175, "structure_id": "Wi_14"}, {"parent_Field": "Fi_14", "parent_Choice_Field": null, "parent_ChoiceGroup": null, "w": 305.60551181102363, "h": 66.66141732283464, "y": 1523.3141732283464, "x": 760.4031496062992, "structure_id": "Wi_15"}, {"parent_Field": "Fi_15", "parent_Choice_Field": null, "parent_ChoiceGroup": null, "w": 1484.716535433071, "h": 33.33070866141732, "y": 1356.644094488189, "x": 114.60000000000001, "structure_id": "Wi_16"}, {"parent_Field": "Fi_16", "parent_Choice_Field": null, "parent_ChoiceGroup": null, "w": 1484.716535433071, "h": 77.53622047244095, "y": 1789.9527559055118, "x": 110.4251968503937, "structure_id": "Wi_17"}, {"parent_Field": "Fi_17", "parent_Choice_Field": null, "parent_ChoiceGroup": null, "w": 188.9275590551181, "h": 66.66141732283464, "y": 1656.6385826771655, "x": 1310.41968503937, "structure_id": "Wi_18"}, {"parent_Field": "Fi_18", "parent_Choice_Field": null, "parent_ChoiceGroup": null, "w": 188.9275590551181, "h": 66.66141732283464, "y": 1523.3141732283464, "x": 1310.41968503937, "structure_id": "Wi_19"}, {"parent_Field": null, "parent_Choice_Field": "Chf_2", "parent_ChoiceGroup": "Chgp_1", "w": 25, "h": 25, "y": 1320.555905511811, "x": 109.6976377952756, "structure_id": "Wi_20"}, {"parent_Field": null, "parent_Choice_Field": "Chf_3", "parent_ChoiceGroup": "Chgp_1", "w": 25, "h": 25, "y": 1320.555905511811, "x": 226.36692913385826, "structure_id": "Wi_21"}, {"parent_Field": null, "parent_Choice_Field": "Chf_4", "parent_ChoiceGroup": "Chgp_2", "w": 25, "h": 25, "y": 1443.461417322835, "x": 107.64173228346456, "structure_id": "Wi_22"}, {"parent_Field": null, "parent_Choice_Field": "Chf_5", "parent_ChoiceGroup": "Chgp_2", "w": 25, "h": 25, "y": 1443.461417322835, "x": 324.31102362204723, "structure_id": "Wi_23"}, {"parent_Field": null, "parent_Choice_Field": "Chf_6", "parent_ChoiceGroup": "Chgp_3", "w": 25, "h": 25, "y": 1758.0307086614175, "x": 107.64173228346456, "structure_id": "Wi_24"}, {"parent_Field": null, "parent_Choice_Field": "Chf_7", "parent_ChoiceGroup": "Chgp_3", "w": 25, "h": 25, "y": 1758.0307086614175, "x": 224.31102362204723, "structure_id": "Wi_25"}, {"parent_Field": "Fi_19", "parent_Choice_Field": null, "parent_ChoiceGroup": null, "w": 200, "h": 33.33070866141732, "y": 899.8110236220473, "x": 1403.007874015748, "structure_id": "Wi_26"}, {"parent_Field": "Fi_20", "parent_Choice_Field": null, "parent_ChoiceGroup": null, "w": 200, "h": 33.33070866141732, "y": 766.4724409448819, "x": 1403.007874015748, "structure_id": "Wi_27"}, {"parent_Field": "Fi_21", "parent_Choice_Field": null, "parent_ChoiceGroup": null, "w": 333.3385826771654, "h": 33.33070866141732, "y": 799.8110236220473, "x": 886.3472440944882, "structure_id": "Wi_28"}, {"parent_Field": "Fi_22", "parent_Choice_Field": null, "parent_ChoiceGroup": null, "w": 1488.8889763779528, "h": 90.50236220472442, "y": 1032.8110236220473, "x": 110.4251968503937, "structure_id": "Wi_29"}, {"parent_Field": "Fi_23", "parent_Choice_Field": null, "parent_ChoiceGroup": null, "w": 333.3385826771654, "h": 33.33070866141732, "y": 899.8110236220473, "x": 886.3472440944882, "structure_id": "Wi_30"}, {"parent_Field": "Fi_24", "parent_Choice_Field": null, "parent_ChoiceGroup": null, "w": 200, "h": 33.33070866141732, "y": 799.8110236220473, "x": 1403.007874015748, "structure_id": "Wi_31"}, {"parent_Field": "Fi_25", "parent_Choice_Field": null, "parent_ChoiceGroup": null, "w": 333.3385826771654, "h": 33.33070866141732, "y": 866.4724409448819, "x": 886.3472440944882, "structure_id": "Wi_32"}, {"parent_Field": "Fi_26", "parent_Choice_Field": null, "parent_ChoiceGroup": null, "w": 200, "h": 33.33070866141732, "y": 866.4724409448819, "x": 1403.007874015748, "structure_id": "Wi_33"}, {"parent_Field": "Fi_27", "parent_Choice_Field": null, "parent_ChoiceGroup": null, "w": 333.3385826771654, "h": 33.33070866141732, "y": 766.4724409448819, "x": 886.3472440944882, "structure_id": "Wi_34"}, {"parent_Field": "Fi_28", "parent_Choice_Field": null, "parent_ChoiceGroup": null, "w": 383.3307086614173, "h": 33.33070866141732, "y": 866.4724409448819, "x": 353.0165354330709, "structure_id": "Wi_35"}, {"parent_Field": "Fi_29", "parent_Choice_Field": null, "parent_ChoiceGroup": null, "w": 383.3307086614173, "h": 33.33070866141732, "y": 899.8110236220473, "x": 353.0165354330709, "structure_id": "Wi_36"}, {"parent_Field": null, "parent_Choice_Field": "Chf_8", "parent_ChoiceGroup": "Chgp_4", "w": 25, "h": 25, "y": 767.8637795275591, "x": 111.34488188976378, "structure_id": "Wi_37"}, {"parent_Field": null, "parent_Choice_Field": "Chf_9", "parent_ChoiceGroup": "Chgp_4", "w": 25, "h": 25, "y": 801.2031496062992, "x": 111.34488188976378, "structure_id": "Wi_38"}, {"parent_Field": null, "parent_Choice_Field": "Chf_10", "parent_ChoiceGroup": "Chgp_4", "w": 25, "h": 25, "y": 834.5330708661418, "x": 111.34488188976378, "structure_id": "Wi_39"}, {"parent_Field": null, "parent_Choice_Field": "Chf_11", "parent_ChoiceGroup": "Chgp_5", "w": 25, "h": 25, "y": 717.8551181102363, "x": 108.4220472440945, "structure_id": "Wi_40"}, {"parent_Field": null, "parent_Choice_Field": "Chf_12", "parent_ChoiceGroup": "Chgp_5", "w": 25, "h": 25, "y": 717.8551181102363, "x": 225.09133858267717, "structure_id": "Wi_41"}, {"parent_Field": "Fi_30", "parent_Choice_Field": null, "parent_ChoiceGroup": null, "w": 571.3472440944881, "h": 45.79448818897638, "y": 283.1196850393701, "x": 92.05511811023622, "structure_id": "Wi_42"}, {"parent_Field": "Fi_30", "parent_Choice_Field": null, "parent_ChoiceGroup": null, "w": 48.36141732283465, "h": 45.79448818897638, "y": 283.1196850393701, "x": 679.6141732283464, "structure_id": "Wi_43"}, {"parent_Field": "Fi_30", "parent_Choice_Field": null, "parent_ChoiceGroup": null, "w": 856.5496062992127, "h": 45.79448818897638, "y": 283.1196850393701, "x": 750.4031496062993, "structure_id": "Wi_44"}, {"parent_Field": "Fi_31", "parent_Choice_Field": null, "parent_ChoiceGroup": null, "w": 147.1417322834646, "h": 46.83307086614173, "y": 372.21417322834645, "x": 93.03070866141732, "structure_id": "Wi_45"}, {"parent_Field": "Fi_31", "parent_Choice_Field": null, "parent_ChoiceGroup": null, "w": 90.35590551181102, "h": 46.83307086614173, "y": 372.21417322834645, "x": 281.3220472440945, "structure_id": "Wi_46"}, {"parent_Field": "Fi_31", "parent_Choice_Field": null, "parent_ChoiceGroup": null, "w": 188.88031496062993, "h": 46.83307086614173, "y": 372.21417322834645, "x": 420.21968503937006, "structure_id": "Wi_47"}], "TextBlock": [{"parent_Field": null, "parent_Choice_Field": null, "parent_ChoiceGroup": null, "w": 257, "h": 54, "y": 50, "x": 1353, "structure_id": "Tb_1"}, {"parent_Field": null, "parent_Choice_Field": null, "parent_ChoiceGroup": null, "w": 176, "h": 33, "y": 2112, "x": 191, "structure_id": "Tb_2"}, {"parent_Field": null, "parent_Choice_Field": null, "parent_ChoiceGroup": null, "w": 445, "h": 39, "y": 2111, "x": 625, "structure_id": "Tb_3"}, {"parent_Field": null, "parent_Choice_Field": null, "parent_ChoiceGroup": null, "w": 343, "h": 22, "y": 1132, "x": 678, "structure_id": "Tb_4"}, {"parent_Field": "Fi_1", "parent_Choice_Field": null, "parent_ChoiceGroup": null, "w": 132, "h": 20, "y": 1930, "x": 96, "structure_id": "Tb_5"}, {"parent_Field": "Fi_2", "parent_Choice_Field": null, "parent_ChoiceGroup": null, "w": 183, "h": 19, "y": 1997, "x": 594, "structure_id": "Tb_6"}, {"parent_Field": "Fi_3", "parent_Choice_Field": null, "parent_ChoiceGroup": null, "w": 126, "h": 19, "y": 1997, "x": 96, "structure_id": "Tb_7"}, {"parent_Field": "Fi_4", "parent_Choice_Field": null, "parent_ChoiceGroup": null, "w": 126, "h": 19, "y": 1614, "x": 594, "structure_id": "Tb_8"}, {"parent_Field": null, "parent_Choice_Field": null, "parent_ChoiceGroup": null, "w": 1249, "h": 20, "y": 1879, "x": 227, "structure_id": "Tb_9"}, {"parent_Field": "Fi_5", "parent_Choice_Field": null, "parent_ChoiceGroup": null, "w": 126, "h": 20, "y": 1680, "x": 94, "structure_id": "Tb_10"}, {"parent_Field": null, "parent_Choice_Field": "Chf_1", "parent_ChoiceGroup": null, "w": 29, "h": 19, "y": 1449, "x": 266, "structure_id": "Tb_11"}, {"parent_Field": "Fi_6", "parent_Choice_Field": null, "parent_ChoiceGroup": null, "w": 183, "h": 19, "y": 1614, "x": 1094, "structure_id": "Tb_12"}, {"parent_Field": "Fi_7", "parent_Choice_Field": null, "parent_ChoiceGroup": null, "w": 183, "h": 20, "y": 1930, "x": 594, "structure_id": "Tb_13"}, {"parent_Field": "Fi_8", "parent_Choice_Field": null, "parent_ChoiceGroup": null, "w": 126, "h": 20, "y": 1680, "x": 594, "structure_id": "Tb_14"}, {"parent_Field": "Fi_9", "parent_Choice_Field": null, "parent_ChoiceGroup": null, "w": 183, "h": 19, "y": 2064, "x": 594, "structure_id": "Tb_15"}, {"parent_Field": "Fi_10", "parent_Choice_Field": null, "parent_ChoiceGroup": null, "w": 1231, "h": 22, "y": 1162, "x": 94, "structure_id": "Tb_16"}, {"parent_Field": null, "parent_Choice_Field": null, "parent_ChoiceGroup": null, "w": 1108, "h": 76, "y": 1444, "x": 499, "structure_id": "Tb_17"}, {"parent_Field": "Fi_11", "parent_Choice_Field": null, "parent_ChoiceGroup": null, "w": 126, "h": 19, "y": 2064, "x": 96, "structure_id": "Tb_18"}, {"parent_Field": "Fi_12", "parent_Choice_Field": null, "parent_ChoiceGroup": null, "w": 137, "h": 19, "y": 1547, "x": 94, "structure_id": "Tb_19"}, {"parent_Field": "Fi_13", "parent_Choice_Field": null, "parent_ChoiceGroup": null, "w": 132, "h": 19, "y": 1614, "x": 94, "structure_id": "Tb_20"}, {"parent_Field": "Fi_14", "parent_Choice_Field": null, "parent_ChoiceGroup": null, "w": 132, "h": 19, "y": 1547, "x": 594, "structure_id": "Tb_21"}, {"parent_Field": "Fi_15", "parent_Choice_Field": null, "parent_ChoiceGroup": null, "w": 644, "h": 22, "y": 1324, "x": 319, "structure_id": "Tb_22"}, {"parent_Field": "Fi_16", "parent_Choice_Field": null, "parent_ChoiceGroup": null, "w": 608, "h": 22, "y": 1761, "x": 317, "structure_id": "Tb_23"}, {"parent_Field": "Fi_17", "parent_Choice_Field": null, "parent_ChoiceGroup": null, "w": 183, "h": 20, "y": 1680, "x": 1094, "structure_id": "Tb_24"}, {"parent_Field": "Fi_18", "parent_Choice_Field": null, "parent_ChoiceGroup": null, "w": 183, "h": 19, "y": 1547, "x": 1094, "structure_id": "Tb_25"}, {"parent_Field": null, "parent_Choice_Field": null, "parent_ChoiceGroup": "Chgp_1", "w": 1473, "h": 19, "y": 1297, "x": 96, "structure_id": "Tb_26"}, {"parent_Field": null, "parent_Choice_Field": "Chf_2", "parent_ChoiceGroup": "Chgp_1", "w": 39, "h": 20, "y": 1326, "x": 151, "structure_id": "Tb_27"}, {"parent_Field": null, "parent_Choice_Field": "Chf_3", "parent_ChoiceGroup": "Chgp_1", "w": 29, "h": 20, "y": 1326, "x": 268, "structure_id": "Tb_28"}, {"parent_Field": null, "parent_Choice_Field": null, "parent_ChoiceGroup": "Chgp_2", "w": 1469, "h": 42, "y": 1396, "x": 94, "structure_id": "Tb_29"}, {"parent_Field": null, "parent_Choice_Field": "Chf_4", "parent_ChoiceGroup": "Chgp_2", "w": 39, "h": 19, "y": 1449, "x": 149, "structure_id": "Tb_30"}, {"parent_Field": null, "parent_Choice_Field": "Chf_5", "parent_ChoiceGroup": "Chgp_2", "w": 103, "h": 19, "y": 1449, "x": 366, "structure_id": "Tb_31"}, {"parent_Field": null, "parent_Choice_Field": null, "parent_ChoiceGroup": "Chgp_3", "w": 1058, "h": 20, "y": 1730, "x": 94, "structure_id": "Tb_32"}, {"parent_Field": null, "parent_Choice_Field": "Chf_6", "parent_ChoiceGroup": "Chgp_3", "w": 39, "h": 19, "y": 1764, "x": 149, "structure_id": "Tb_33"}, {"parent_Field": null, "parent_Choice_Field": "Chf_7", "parent_ChoiceGroup": "Chgp_3", "w": 29, "h": 19, "y": 1764, "x": 266, "structure_id": "Tb_34"}, {"parent_Field": null, "parent_Choice_Field": null, "parent_ChoiceGroup": null, "w": 256, "h": 22, "y": 522, "x": 723, "structure_id": "Tb_35"}, {"parent_Field": null, "parent_Choice_Field": null, "parent_ChoiceGroup": null, "w": 1508, "h": 96, "y": 552, "x": 101, "structure_id": "Tb_36"}, {"parent_Field": "Fi_19", "parent_Choice_Field": null, "parent_ChoiceGroup": null, "w": 156, "h": 19, "y": 914, "x": 1236, "structure_id": "Tb_37"}, {"parent_Field": null, "parent_Choice_Field": null, "parent_ChoiceGroup": null, "w": 1467, "h": 48, "y": 944, "x": 95, "structure_id": "Tb_38"}, {"parent_Field": "Fi_20", "parent_Choice_Field": null, "parent_ChoiceGroup": null, "w": 156, "h": 20, "y": 780, "x": 1236, "structure_id": "Tb_39"}, {"parent_Field": "Fi_21", "parent_Choice_Field": null, "parent_ChoiceGroup": null, "w": 86, "h": 19, "y": 814, "x": 770, "structure_id": "Tb_40"}, {"parent_Field": "Fi_22", "parent_Choice_Field": null, "parent_ChoiceGroup": null, "w": 1435, "h": 20, "y": 1008, "x": 95, "structure_id": "Tb_41"}, {"parent_Field": "Fi_23", "parent_Choice_Field": null, "parent_ChoiceGroup": null, "w": 86, "h": 19, "y": 914, "x": 770, "structure_id": "Tb_42"}, {"parent_Field": "Fi_24", "parent_Choice_Field": null, "parent_ChoiceGroup": null, "w": 156, "h": 19, "y": 814, "x": 1236, "structure_id": "Tb_43"}, {"parent_Field": "Fi_25", "parent_Choice_Field": null, "parent_ChoiceGroup": null, "w": 86, "h": 20, "y": 880, "x": 770, "structure_id": "Tb_44"}, {"parent_Field": "Fi_26", "parent_Choice_Field": null, "parent_ChoiceGroup": null, "w": 156, "h": 20, "y": 880, "x": 1236, "structure_id": "Tb_45"}, {"parent_Field": "Fi_27", "parent_Choice_Field": null, "parent_ChoiceGroup": null, "w": 86, "h": 20, "y": 780, "x": 770, "structure_id": "Tb_46"}, {"parent_Field": "Fi_28", "parent_Choice_Field": null, "parent_ChoiceGroup": null, "w": 169, "h": 20, "y": 880, "x": 153, "structure_id": "Tb_47"}, {"parent_Field": "Fi_29", "parent_Choice_Field": null, "parent_ChoiceGroup": null, "w": 169, "h": 19, "y": 914, "x": 153, "structure_id": "Tb_48"}, {"parent_Field": null, "parent_Choice_Field": null, "parent_ChoiceGroup": "Chgp_4", "w": 562, "h": 22, "y": 722, "x": 315, "structure_id": "Tb_49"}, {"parent_Field": null, "parent_Choice_Field": "Chf_8", "parent_ChoiceGroup": "Chgp_4", "w": 115, "h": 20, "y": 773, "x": 153, "structure_id": "Tb_50"}, {"parent_Field": null, "parent_Choice_Field": "Chf_9", "parent_ChoiceGroup": "Chgp_4", "w": 254, "h": 19, "y": 807, "x": 153, "structure_id": "Tb_51"}, {"parent_Field": null, "parent_Choice_Field": "Chf_10", "parent_ChoiceGroup": "Chgp_4", "w": 125, "h": 20, "y": 840, "x": 153, "structure_id": "Tb_52"}, {"parent_Field": null, "parent_Choice_Field": null, "parent_ChoiceGroup": "Chgp_5", "w": 1495, "h": 43, "y": 664, "x": 98, "structure_id": "Tb_53"}, {"parent_Field": null, "parent_Choice_Field": "Chf_11", "parent_ChoiceGroup": "Chgp_5", "w": 39, "h": 20, "y": 723, "x": 150, "structure_id": "Tb_54"}, {"parent_Field": null, "parent_Choice_Field": "Chf_12", "parent_ChoiceGroup": "Chgp_5", "w": 29, "h": 20, "y": 723, "x": 267, "structure_id": "Tb_55"}, {"parent_Field": null, "parent_Choice_Field": null, "parent_ChoiceGroup": null, "w": 842, "h": 30, "y": 125, "x": 728, "structure_id": "Tb_56"}, {"parent_Field": null, "parent_Choice_Field": null, "parent_ChoiceGroup": null, "w": 94, "h": 39, "y": 2111, "x": 85, "structure_id": "Tb_57"}, {"parent_Field": null, "parent_Choice_Field": null, "parent_ChoiceGroup": null, "w": 70, "h": 22, "y": 2113, "x": 1548, "structure_id": "Tb_58"}, {"parent_Field": null, "parent_Choice_Field": null, "parent_ChoiceGroup": null, "w": 1513, "h": 72, "y": 176, "x": 94, "structure_id": "Tb_59"}, {"parent_Field": null, "parent_Choice_Field": null, "parent_ChoiceGroup": null, "w": 1505, "h": 75, "y": 432, "x": 95, "structure_id": "Tb_60"}, {"parent_Field": "Fi_30", "parent_Choice_Field": null, "parent_ChoiceGroup": null, "w": 273, "h": 20, "y": 257, "x": 94, "structure_id": "Tb_61"}, {"parent_Field": "Fi_31", "parent_Choice_Field": null, "parent_ChoiceGroup": null, "w": 466, "h": 19, "y": 344, "x": 95, "structure_id": "Tb_62"}], "Choice_Field": [{"y": 1443.461417322835, "x": 224.31102362204723, "structure_id": "Chf_1", "w": 70.68897637795277, "h": 25}, {"y": 1320.555905511811, "x": 109.6976377952756, "structure_id": "Chf_2", "w": 80.3023622047244, "h": 25.444094488188966}, {"y": 1320.555905511811, "x": 226.36692913385826, "structure_id": "Chf_3", "w": 70.63307086614174, "h": 25.444094488188966}, {"y": 1443.461417322835, "x": 107.64173228346456, "structure_id": "Chf_4", "w": 80.35826771653544, "h": 25}, {"y": 1443.461417322835, "x": 324.31102362204723, "structure_id": "Chf_5", "w": 144.68897637795277, "h": 25}, {"y": 1758.0307086614175, "x": 107.64173228346456, "structure_id": "Chf_6", "w": 80.35826771653544, "h": 25}, {"y": 1758.0307086614175, "x": 224.31102362204723, "structure_id": "Chf_7", "w": 70.68897637795277, "h": 25}, {"y": 767.8637795275591, "x": 111.34488188976378, "structure_id": "Chf_8", "w": 156.65511811023623, "h": 25.13622047244087}, {"y": 801.2031496062992, "x": 111.34488188976378, "structure_id": "Chf_9", "w": 295.65511811023623, "h": 25}, {"y": 834.5330708661418, "x": 111.34488188976378, "structure_id": "Chf_10", "w": 166.65511811023623, "h": 25.46692913385823}, {"y": 717.8551181102363, "x": 108.4220472440945, "structure_id": "Chf_11", "w": 80.5779527559055, "h": 25.144881889763724}, {"y": 717.8551181102363, "x": 225.09133858267717, "structure_id": "Chf_12", "w": 70.90866141732283, "h": 25.144881889763724}], "Field": [{"y": 1906.644094488189, "x": 96, "structure_id": "Fi_1", "w": 469.7779527559055, "h": 66.66141732283472}, {"y": 1973.3141732283464, "x": 594, "structure_id": "Fi_2", "w": 405.3141732283465, "h": 66.66141732283472}, {"y": 1973.3141732283464, "x": 96, "structure_id": "Fi_3", "w": 469.7779527559055, "h": 66.66141732283472}, {"y": 1589.9748031496063, "x": 594, "structure_id": "Fi_4", "w": 472.00866141732286, "h": 66.66141732283472}, {"y": 1656.644094488189, "x": 94, "structure_id": "Fi_5", "w": 471.99133858267714, "h": 66.66141732283472}, {"y": 1589.9748031496063, "x": 1094, "structure_id": "Fi_6", "w": 405.34724409448813, "h": 66.66141732283472}, {"y": 1904.9220472440945, "x": 594, "structure_id": "Fi_7", "w": 405.3141732283465, "h": 66.66141732283472}, {"y": 1656.644094488189, "x": 594, "structure_id": "Fi_8", "w": 472.00866141732286, "h": 66.66141732283472}, {"y": 2039.9834645669293, "x": 594, "structure_id": "Fi_9", "w": 405.3141732283465, "h": 66.6614173228345}, {"y": 1162, "x": 94, "structure_id": "Fi_10", "w": 1505.3133858267718, "h": 123.77795275590574}, {"y": 2039.9748031496063, "x": 96, "structure_id": "Fi_11", "w": 469.7779527559055, "h": 66.66141732283472}, {"y": 1523.3141732283464, "x": 94, "structure_id": "Fi_12", "w": 471.9834645669291, "h": 66.66141732283472}, {"y": 1589.9748031496063, "x": 94, "structure_id": "Fi_13", "w": 471.99133858267714, "h": 66.66141732283472}, {"y": 1523.3141732283464, "x": 594, "structure_id": "Fi_14", "w": 472.00866141732286, "h": 66.66141732283472}, {"y": 1324, "x": 114.60000000000001, "structure_id": "Fi_15", "w": 1484.716535433071, "h": 65.97480314960626}, {"y": 1761, "x": 110.4251968503937, "structure_id": "Fi_16", "w": 1484.716535433071, "h": 106.48897637795267}, {"y": 1656.6385826771655, "x": 1094, "structure_id": "Fi_17", "w": 405.34724409448813, "h": 66.66141732283472}, {"y": 1523.3141732283464, "x": 1094, "structure_id": "Fi_18", "w": 405.34724409448813, "h": 66.66141732283472}, {"y": 899.8110236220473, "x": 1236, "structure_id": "Fi_19", "w": 367.00787401574803, "h": 33.33070866141736}, {"y": 766.4724409448819, "x": 1236, "structure_id": "Fi_20", "w": 367.00787401574803, "h": 33.527559055118104}, {"y": 799.8110236220473, "x": 770, "structure_id": "Fi_21", "w": 449.68582677165364, "h": 33.33070866141736}, {"y": 1008, "x": 95, "structure_id": "Fi_22", "w": 1504.3141732283464, "h": 115.31338582677176}, {"y": 899.8110236220473, "x": 770, "structure_id": "Fi_23", "w": 449.68582677165364, "h": 33.33070866141736}, {"y": 799.8110236220473, "x": 1236, "structure_id": "Fi_24", "w": 367.00787401574803, "h": 33.33070866141736}, {"y": 866.4724409448819, "x": 770, "structure_id": "Fi_25", "w": 449.68582677165364, "h": 33.527559055118104}, {"y": 866.4724409448819, "x": 1236, "structure_id": "Fi_26", "w": 367.00787401574803, "h": 33.527559055118104}, {"y": 766.4724409448819, "x": 770, "structure_id": "Fi_27", "w": 449.68582677165364, "h": 33.527559055118104}, {"y": 866.4724409448819, "x": 153, "structure_id": "Fi_28", "w": 583.3472440944881, "h": 33.527559055118104}, {"y": 899.8110236220473, "x": 153, "structure_id": "Fi_29", "w": 583.3472440944881, "h": 33.33070866141736}, {"y": 257, "x": 92.05511811023622, "structure_id": "Fi_30", "w": 1514.8976377952756, "h": 71.9141732283465}, {"y": 344, "x": 93.03070866141732, "structure_id": "Fi_31", "w": 516.0692913385827, "h": 75.04724409448818}], "TextRun": [{"parent_TextBlock": "Tb_1", "text": "OMB Approved No. 2900-0776", "parent_Field": null, "parent_Choice_Field": null, "parent_ChoiceGroup": null, "w": 254, "h": 19, "y": 50, "x": 1353, "structure_id": "Tr_1"}, {"parent_TextBlock": "Tb_1", "text": "Respondent Burden: 15 Minutes", "parent_Field": null, "parent_Choice_Field": null, "parent_ChoiceGroup": null, "w": 257, "h": 20, "y": 69, "x": 1353, "structure_id": "Tr_2"}, {"parent_TextBlock": "Tb_1", "text": "Expiration Date:  11/30/2017", "parent_Field": null, "parent_Choice_Field": null, "parent_ChoiceGroup": null, "w": 227, "h": 15, "y": 89, "x": 1353, "structure_id": "Tr_3"}, {"parent_TextBlock": "Tb_2", "text": "21-0960A-3", "parent_Field": null, "parent_Choice_Field": null, "parent_ChoiceGroup": null, "w": 176, "h": 33, "y": 2112, "x": 191, "structure_id": "Tr_4"}, {"parent_TextBlock": "Tb_3", "text": "SUPERSEDES VA FORM 21-0960A-3, OCT 2012,", "parent_Field": null, "parent_Choice_Field": null, "parent_ChoiceGroup": null, "w": 445, "h": 20, "y": 2111, "x": 625, "structure_id": "Tr_5"}, {"parent_TextBlock": "Tb_3", "text": "WHICH WILL NOT BE USED.", "parent_Field": null, "parent_Choice_Field": null, "parent_ChoiceGroup": null, "w": 259, "h": 19, "y": 2131, "x": 625, "structure_id": "Tr_6"}, {"parent_TextBlock": "Tb_4", "text": "SECTION II - MEDICAL HISTORY", "parent_Field": null, "parent_Choice_Field": null, "parent_ChoiceGroup": null, "w": 343, "h": 22, "y": 1132, "x": 678, "structure_id": "Tr_7"}, {"parent_TextBlock": "Tb_5", "text": "READING # 1:", "parent_Field": "Fi_1", "parent_Choice_Field": null, "parent_ChoiceGroup": null, "w": 132, "h": 20, "y": 1930, "x": 96, "structure_id": "Tr_8"}, {"parent_TextBlock": "Tb_6", "text": "DATE OF READING:", "parent_Field": "Fi_2", "parent_Choice_Field": null, "parent_ChoiceGroup": null, "w": 183, "h": 19, "y": 1997, "x": 594, "structure_id": "Tr_9"}, {"parent_TextBlock": "Tb_7", "text": "READING # 2:", "parent_Field": "Fi_3", "parent_Choice_Field": null, "parent_ChoiceGroup": null, "w": 126, "h": 19, "y": 1997, "x": 96, "structure_id": "Tr_10"}, {"parent_TextBlock": "Tb_8", "text": "READING # 2:", "parent_Field": "Fi_4", "parent_Choice_Field": null, "parent_ChoiceGroup": null, "w": 126, "h": 19, "y": 1614, "x": 594, "structure_id": "Tr_11"}, {"parent_TextBlock": "Tb_9", "text": "2E. CURRENT BLOOD PRESSURE READINGS", "parent_Field": null, "parent_Choice_Field": null, "parent_ChoiceGroup": null, "w": 428, "h": 20, "y": 1879, "x": 227, "structure_id": "Tr_12"}, {"parent_TextBlock": "Tb_9", "text": "(SUFFICIENT IF VETERAN HAS A PREVIOUSLY ESTABLISHED DIAGNOSIS OF HYPERTENSION.)", "parent_Field": null, "parent_Choice_Field": null, "parent_ChoiceGroup": null, "w": 821, "h": 20, "y": 1879, "x": 655, "structure_id": "Tr_13"}, {"parent_TextBlock": "Tb_10", "text": "READING # 1:", "parent_Field": "Fi_5", "parent_Choice_Field": null, "parent_ChoiceGroup": null, "w": 126, "h": 20, "y": 1680, "x": 94, "structure_id": "Tr_14"}, {"parent_TextBlock": "Tb_11", "text": "NO", "parent_Field": null, "parent_Choice_Field": "Chf_1", "parent_ChoiceGroup": null, "w": 29, "h": 19, "y": 1449, "x": 266, "structure_id": "Tr_15"}, {"parent_TextBlock": "Tb_12", "text": "DATE OF READING:", "parent_Field": "Fi_6", "parent_Choice_Field": null, "parent_ChoiceGroup": null, "w": 183, "h": 19, "y": 1614, "x": 1094, "structure_id": "Tr_16"}, {"parent_TextBlock": "Tb_13", "text": "DATE OF READING:", "parent_Field": "Fi_7", "parent_Choice_Field": null, "parent_ChoiceGroup": null, "w": 183, "h": 20, "y": 1930, "x": 594, "structure_id": "Tr_17"}, {"parent_TextBlock": "Tb_14", "text": "READING # 2:", "parent_Field": "Fi_8", "parent_Choice_Field": null, "parent_ChoiceGroup": null, "w": 126, "h": 20, "y": 1680, "x": 594, "structure_id": "Tr_18"}, {"parent_TextBlock": "Tb_15", "text": "DATE OF READING:", "parent_Field": "Fi_9", "parent_Choice_Field": null, "parent_ChoiceGroup": null, "w": 183, "h": 19, "y": 2064, "x": 594, "structure_id": "Tr_19"}, {"parent_TextBlock": "Tb_16", "text": "2A. DESCRIBE THE HISTORY (INCLUDING  ONSET AND COURSE) OF THE VETERAN'S HYPERTENSION CONDITION", "parent_Field": "Fi_10", "parent_Choice_Field": null, "parent_ChoiceGroup": null, "w": 1077, "h": 20, "y": 1164, "x": 94, "structure_id": "Tr_20"}, {"parent_TextBlock": "Tb_16", "text": "(Brief summary):", "parent_Field": "Fi_10", "parent_Choice_Field": null, "parent_ChoiceGroup": null, "w": 154, "h": 22, "y": 1162, "x": 1171, "structure_id": "Tr_21"}, {"parent_TextBlock": "Tb_17", "text": "(If, \"Yes,\" provide BP readings used to establish initial diagnosis, if known.)", "parent_Field": null, "parent_Choice_Field": null, "parent_ChoiceGroup": null, "w": 686, "h": 22, "y": 1444, "x": 499, "structure_id": "Tr_22"}, {"parent_TextBlock": "Tb_17", "text": "(If \"No,\" report BP readings taken 2 or more times on at least 3 different days in order to confirm diagnosis (unless veteran", "parent_Field": null, "parent_Choice_Field": null, "parent_ChoiceGroup": null, "w": 1108, "h": 22, "y": 1471, "x": 499, "structure_id": "Tr_23"}, {"parent_TextBlock": "Tb_17", "text": "is on treatment for hypertension.)", "parent_Field": null, "parent_Choice_Field": null, "parent_ChoiceGroup": null, "w": 298, "h": 22, "y": 1498, "x": 499, "structure_id": "Tr_24"}, {"parent_TextBlock": "Tb_18", "text": "READING # 3:", "parent_Field": "Fi_11", "parent_Choice_Field": null, "parent_ChoiceGroup": null, "w": 126, "h": 19, "y": 2064, "x": 96, "structure_id": "Tr_25"}, {"parent_TextBlock": "Tb_19", "text": "READING # 1:", "parent_Field": "Fi_12", "parent_Choice_Field": null, "parent_ChoiceGroup": null, "w": 137, "h": 19, "y": 1547, "x": 94, "structure_id": "Tr_26"}, {"parent_TextBlock": "Tb_20", "text": "READING # 1:", "parent_Field": "Fi_13", "parent_Choice_Field": null, "parent_ChoiceGroup": null, "w": 132, "h": 19, "y": 1614, "x": 94, "structure_id": "Tr_27"}, {"parent_TextBlock": "Tb_21", "text": "READING # 2:", "parent_Field": "Fi_14", "parent_Choice_Field": null, "parent_ChoiceGroup": null, "w": 132, "h": 19, "y": 1547, "x": 594, "structure_id": "Tr_28"}, {"parent_TextBlock": "Tb_22", "text": "(If \"Yes,\" list only those medications used for the diagnosed conditions):", "parent_Field": "Fi_15", "parent_Choice_Field": null, "parent_ChoiceGroup": null, "w": 644, "h": 22, "y": 1324, "x": 319, "structure_id": "Tr_29"}, {"parent_TextBlock": "Tb_23", "text": "(If \"Yes,\" describe frequency and severity of diastolic BP elevation):", "parent_Field": "Fi_16", "parent_Choice_Field": null, "parent_ChoiceGroup": null, "w": 608, "h": 22, "y": 1761, "x": 317, "structure_id": "Tr_30"}, {"parent_TextBlock": "Tb_24", "text": "DATE OF READING:", "parent_Field": "Fi_17", "parent_Choice_Field": null, "parent_ChoiceGroup": null, "w": 183, "h": 20, "y": 1680, "x": 1094, "structure_id": "Tr_31"}, {"parent_TextBlock": "Tb_25", "text": "DATE OF READING:", "parent_Field": "Fi_18", "parent_Choice_Field": null, "parent_ChoiceGroup": null, "w": 183, "h": 19, "y": 1547, "x": 1094, "structure_id": "Tr_32"}, {"parent_TextBlock": "Tb_26", "text": "2B. DOES THE VETERAN'S TREATMENT PLAN INCLUDE TAKING CONTINUOUS MEDICATION FOR HYPERTENSION OR ISOLATED SYSTOLIC HYPERTENSION?", "parent_Field": null, "parent_Choice_Field": null, "parent_ChoiceGroup": "Chgp_1", "w": 1473, "h": 19, "y": 1297, "x": 96, "structure_id": "Tr_33"}, {"parent_TextBlock": "Tb_27", "text": "YES", "parent_Field": null, "parent_Choice_Field": "Chf_2", "parent_ChoiceGroup": "Chgp_1", "w": 39, "h": 20, "y": 1326, "x": 151, "structure_id": "Tr_34"}, {"parent_TextBlock": "Tb_28", "text": "NO", "parent_Field": null, "parent_Choice_Field": "Chf_3", "parent_ChoiceGroup": "Chgp_1", "w": 29, "h": 20, "y": 1326, "x": 268, "structure_id": "Tr_35"}, {"parent_TextBlock": "Tb_29", "text": "2C. WAS THE VETERAN'S INITIAL DIAGNOSIS OF HYPERTENSION OR ISOLATED SYSTOLIC HYPERTENSION CONFIRMED BY BLOOD PRESSURE READINGS", "parent_Field": null, "parent_Choice_Field": null, "parent_ChoiceGroup": "Chgp_2", "w": 1469, "h": 19, "y": 1396, "x": 94, "structure_id": "Tr_36"}, {"parent_TextBlock": "Tb_29", "text": "TAKEN 2 OR MORE TIMES ON AT LEAST 3 DIFFERENT DAYS?\u00c2\u00a0", "parent_Field": null, "parent_Choice_Field": null, "parent_ChoiceGroup": "Chgp_2", "w": 613, "h": 19, "y": 1419, "x": 94, "structure_id": "Tr_37"}, {"parent_TextBlock": "Tb_30", "text": "YES", "parent_Field": null, "parent_Choice_Field": "Chf_4", "parent_ChoiceGroup": "Chgp_2", "w": 39, "h": 19, "y": 1449, "x": 149, "structure_id": "Tr_38"}, {"parent_TextBlock": "Tb_31", "text": "UNKNOWN", "parent_Field": null, "parent_Choice_Field": "Chf_5", "parent_ChoiceGroup": "Chgp_2", "w": 103, "h": 19, "y": 1449, "x": 366, "structure_id": "Tr_39"}, {"parent_TextBlock": "Tb_32", "text": "2D. DOES THE VETERAN HAVE A HISTORY OF A DIASTOLIC BP ELEVATION TO PREDOMINANTLY 100 OR MORE?", "parent_Field": null, "parent_Choice_Field": null, "parent_ChoiceGroup": "Chgp_3", "w": 1058, "h": 20, "y": 1730, "x": 94, "structure_id": "Tr_40"}, {"parent_TextBlock": "Tb_33", "text": "YES", "parent_Field": null, "parent_Choice_Field": "Chf_6", "parent_ChoiceGroup": "Chgp_3", "w": 39, "h": 19, "y": 1764, "x": 149, "structure_id": "Tr_41"}, {"parent_TextBlock": "Tb_34", "text": "NO", "parent_Field": null, "parent_Choice_Field": "Chf_7", "parent_ChoiceGroup": "Chgp_3", "w": 29, "h": 19, "y": 1764, "x": 266, "structure_id": "Tr_42"}, {"parent_TextBlock": "Tb_35", "text": "SECTION I - DIAGNOSIS", "parent_Field": null, "parent_Choice_Field": null, "parent_ChoiceGroup": null, "w": 256, "h": 22, "y": 522, "x": 723, "structure_id": "Tr_43"}, {"parent_TextBlock": "Tb_36", "text": "NOTE", "parent_Field": null, "parent_Choice_Field": null, "parent_ChoiceGroup": null, "w": 63, "h": 22, "y": 552, "x": 101, "structure_id": "Tr_44"}, {"parent_TextBlock": "Tb_36", "text": "For", "parent_Field": null, "parent_Choice_Field": null, "parent_ChoiceGroup": null, "w": 37, "h": 22, "y": 552, "x": 179, "structure_id": "Tr_45"}, {"parent_TextBlock": "Tb_36", "text": "VA", "parent_Field": null, "parent_Choice_Field": null, "parent_ChoiceGroup": null, "w": 38, "h": 22, "y": 552, "x": 219, "structure_id": "Tr_46"}, {"parent_TextBlock": "Tb_36", "text": "disability", "parent_Field": null, "parent_Choice_Field": null, "parent_ChoiceGroup": null, "w": 88, "h": 22, "y": 552, "x": 260, "structure_id": "Tr_47"}, {"parent_TextBlock": "Tb_36", "text": "rating", "parent_Field": null, "parent_Choice_Field": null, "parent_ChoiceGroup": null, "w": 57, "h": 22, "y": 552, "x": 352, "structure_id": "Tr_48"}, {"parent_TextBlock": "Tb_36", "text": "purposes,", "parent_Field": null, "parent_Choice_Field": null, "parent_ChoiceGroup": null, "w": 90, "h": 22, "y": 552, "x": 412, "structure_id": "Tr_49"}, {"parent_TextBlock": "Tb_36", "text": "the", "parent_Field": null, "parent_Choice_Field": null, "parent_ChoiceGroup": null, "w": 32, "h": 22, "y": 552, "x": 506, "structure_id": "Tr_50"}, {"parent_TextBlock": "Tb_36", "text": "term", "parent_Field": null, "parent_Choice_Field": null, "parent_ChoiceGroup": null, "w": 46, "h": 22, "y": 552, "x": 542, "structure_id": "Tr_51"}, {"parent_TextBlock": "Tb_36", "text": "hypertension", "parent_Field": null, "parent_Choice_Field": null, "parent_ChoiceGroup": null, "w": 121, "h": 22, "y": 552, "x": 591, "structure_id": "Tr_52"}, {"parent_TextBlock": "Tb_36", "text": "means", "parent_Field": null, "parent_Choice_Field": null, "parent_ChoiceGroup": null, "w": 62, "h": 22, "y": 552, "x": 715, "structure_id": "Tr_53"}, {"parent_TextBlock": "Tb_36", "text": "that", "parent_Field": null, "parent_Choice_Field": null, "parent_ChoiceGroup": null, "w": 39, "h": 22, "y": 552, "x": 780, "structure_id": "Tr_54"}, {"parent_TextBlock": "Tb_36", "text": "the", "parent_Field": null, "parent_Choice_Field": null, "parent_ChoiceGroup": null, "w": 32, "h": 22, "y": 552, "x": 823, "structure_id": "Tr_55"}, {"parent_TextBlock": "Tb_36", "text": "diastolic", "parent_Field": null, "parent_Choice_Field": null, "parent_ChoiceGroup": null, "w": 80, "h": 22, "y": 552, "x": 859, "structure_id": "Tr_56"}, {"parent_TextBlock": "Tb_36", "text": "blood", "parent_Field": null, "parent_Choice_Field": null, "parent_ChoiceGroup": null, "w": 56, "h": 22, "y": 552, "x": 943, "structure_id": "Tr_57"}, {"parent_TextBlock": "Tb_36", "text": "pressure", "parent_Field": null, "parent_Choice_Field": null, "parent_ChoiceGroup": null, "w": 80, "h": 22, "y": 552, "x": 1002, "structure_id": "Tr_58"}, {"parent_TextBlock": "Tb_36", "text": "is", "parent_Field": null, "parent_Choice_Field": null, "parent_ChoiceGroup": null, "w": 20, "h": 22, "y": 552, "x": 1085, "structure_id": "Tr_59"}, {"parent_TextBlock": "Tb_36", "text": "predominantly", "parent_Field": null, "parent_Choice_Field": null, "parent_ChoiceGroup": null, "w": 135, "h": 22, "y": 552, "x": 1109, "structure_id": "Tr_60"}, {"parent_TextBlock": "Tb_36", "text": "90mm", "parent_Field": null, "parent_Choice_Field": null, "parent_ChoiceGroup": null, "w": 63, "h": 22, "y": 552, "x": 1247, "structure_id": "Tr_61"}, {"parent_TextBlock": "Tb_36", "text": "or", "parent_Field": null, "parent_Choice_Field": null, "parent_ChoiceGroup": null, "w": 24, "h": 22, "y": 552, "x": 1313, "structure_id": "Tr_62"}, {"parent_TextBlock": "Tb_36", "text": "greater,", "parent_Field": null, "parent_Choice_Field": null, "parent_ChoiceGroup": null, "w": 73, "h": 22, "y": 552, "x": 1340, "structure_id": "Tr_63"}, {"parent_TextBlock": "Tb_36", "text": "and", "parent_Field": null, "parent_Choice_Field": null, "parent_ChoiceGroup": null, "w": 38, "h": 22, "y": 552, "x": 1416, "structure_id": "Tr_64"}, {"parent_TextBlock": "Tb_36", "text": "isolated", "parent_Field": null, "parent_Choice_Field": null, "parent_ChoiceGroup": null, "w": 75, "h": 22, "y": 552, "x": 1457, "structure_id": "Tr_65"}, {"parent_TextBlock": "Tb_36", "text": "systolic", "parent_Field": null, "parent_Choice_Field": null, "parent_ChoiceGroup": null, "w": 74, "h": 22, "y": 552, "x": 1535, "structure_id": "Tr_66"}, {"parent_TextBlock": "Tb_36", "text": "hypertension", "parent_Field": null, "parent_Choice_Field": null, "parent_ChoiceGroup": null, "w": 121, "h": 22, "y": 577, "x": 101, "structure_id": "Tr_67"}, {"parent_TextBlock": "Tb_36", "text": "means", "parent_Field": null, "parent_Choice_Field": null, "parent_ChoiceGroup": null, "w": 63, "h": 22, "y": 577, "x": 224, "structure_id": "Tr_68"}, {"parent_TextBlock": "Tb_36", "text": "that", "parent_Field": null, "parent_Choice_Field": null, "parent_ChoiceGroup": null, "w": 38, "h": 22, "y": 577, "x": 290, "structure_id": "Tr_69"}, {"parent_TextBlock": "Tb_36", "text": "the", "parent_Field": null, "parent_Choice_Field": null, "parent_ChoiceGroup": null, "w": 33, "h": 22, "y": 577, "x": 331, "structure_id": "Tr_70"}, {"parent_TextBlock": "Tb_36", "text": "systolic", "parent_Field": null, "parent_Choice_Field": null, "parent_ChoiceGroup": null, "w": 73, "h": 22, "y": 577, "x": 367, "structure_id": "Tr_71"}, {"parent_TextBlock": "Tb_36", "text": "blood", "parent_Field": null, "parent_Choice_Field": null, "parent_ChoiceGroup": null, "w": 56, "h": 22, "y": 577, "x": 443, "structure_id": "Tr_72"}, {"parent_TextBlock": "Tb_36", "text": "pressure", "parent_Field": null, "parent_Choice_Field": null, "parent_ChoiceGroup": null, "w": 79, "h": 22, "y": 577, "x": 502, "structure_id": "Tr_73"}, {"parent_TextBlock": "Tb_36", "text": "is", "parent_Field": null, "parent_Choice_Field": null, "parent_ChoiceGroup": null, "w": 21, "h": 22, "y": 577, "x": 584, "structure_id": "Tr_74"}, {"parent_TextBlock": "Tb_36", "text": "predominantly", "parent_Field": null, "parent_Choice_Field": null, "parent_ChoiceGroup": null, "w": 136, "h": 22, "y": 577, "x": 607, "structure_id": "Tr_75"}, {"parent_TextBlock": "Tb_36", "text": "160mm", "parent_Field": null, "parent_Choice_Field": null, "parent_ChoiceGroup": null, "w": 74, "h": 22, "y": 577, "x": 745, "structure_id": "Tr_76"}, {"parent_TextBlock": "Tb_36", "text": "or", "parent_Field": null, "parent_Choice_Field": null, "parent_ChoiceGroup": null, "w": 24, "h": 22, "y": 577, "x": 822, "structure_id": "Tr_77"}, {"parent_TextBlock": "Tb_36", "text": "greater", "parent_Field": null, "parent_Choice_Field": null, "parent_ChoiceGroup": null, "w": 68, "h": 22, "y": 577, "x": 848, "structure_id": "Tr_78"}, {"parent_TextBlock": "Tb_36", "text": "with", "parent_Field": null, "parent_Choice_Field": null, "parent_ChoiceGroup": null, "w": 45, "h": 22, "y": 577, "x": 918, "structure_id": "Tr_79"}, {"parent_TextBlock": "Tb_36", "text": "diastolic", "parent_Field": null, "parent_Choice_Field": null, "parent_ChoiceGroup": null, "w": 81, "h": 22, "y": 577, "x": 984, "structure_id": "Tr_80"}, {"parent_TextBlock": "Tb_36", "text": "blood", "parent_Field": null, "parent_Choice_Field": null, "parent_ChoiceGroup": null, "w": 56, "h": 22, "y": 577, "x": 1068, "structure_id": "Tr_81"}, {"parent_TextBlock": "Tb_36", "text": "pressure", "parent_Field": null, "parent_Choice_Field": null, "parent_ChoiceGroup": null, "w": 80, "h": 22, "y": 577, "x": 1127, "structure_id": "Tr_82"}, {"parent_TextBlock": "Tb_36", "text": "of", "parent_Field": null, "parent_Choice_Field": null, "parent_ChoiceGroup": null, "w": 24, "h": 22, "y": 577, "x": 1209, "structure_id": "Tr_83"}, {"parent_TextBlock": "Tb_36", "text": "less", "parent_Field": null, "parent_Choice_Field": null, "parent_ChoiceGroup": null, "w": 39, "h": 22, "y": 577, "x": 1236, "structure_id": "Tr_84"}, {"parent_TextBlock": "Tb_36", "text": "than", "parent_Field": null, "parent_Choice_Field": null, "parent_ChoiceGroup": null, "w": 44, "h": 22, "y": 577, "x": 1278, "structure_id": "Tr_85"}, {"parent_TextBlock": "Tb_36", "text": "90mm.", "parent_Field": null, "parent_Choice_Field": null, "parent_ChoiceGroup": null, "w": 68, "h": 22, "y": 577, "x": 1324, "structure_id": "Tr_86"}, {"parent_TextBlock": "Tb_36", "text": "For", "parent_Field": null, "parent_Choice_Field": null, "parent_ChoiceGroup": null, "w": 37, "h": 22, "y": 577, "x": 1403, "structure_id": "Tr_87"}, {"parent_TextBlock": "Tb_36", "text": "VA", "parent_Field": null, "parent_Choice_Field": null, "parent_ChoiceGroup": null, "w": 37, "h": 22, "y": 577, "x": 1443, "structure_id": "Tr_88"}, {"parent_TextBlock": "Tb_36", "text": "purposes,", "parent_Field": null, "parent_Choice_Field": null, "parent_ChoiceGroup": null, "w": 90, "h": 22, "y": 577, "x": 1483, "structure_id": "Tr_89"}, {"parent_TextBlock": "Tb_36", "text": "the", "parent_Field": null, "parent_Choice_Field": null, "parent_ChoiceGroup": null, "w": 33, "h": 22, "y": 577, "x": 1576, "structure_id": "Tr_90"}, {"parent_TextBlock": "Tb_36", "text": "INITIAL", "parent_Field": null, "parent_Choice_Field": null, "parent_ChoiceGroup": null, "w": 87, "h": 22, "y": 602, "x": 101, "structure_id": "Tr_91"}, {"parent_TextBlock": "Tb_36", "text": "diagnosis", "parent_Field": null, "parent_Choice_Field": null, "parent_ChoiceGroup": null, "w": 90, "h": 22, "y": 602, "x": 189, "structure_id": "Tr_92"}, {"parent_TextBlock": "Tb_36", "text": "of", "parent_Field": null, "parent_Choice_Field": null, "parent_ChoiceGroup": null, "w": 24, "h": 22, "y": 602, "x": 280, "structure_id": "Tr_93"}, {"parent_TextBlock": "Tb_36", "text": "hypertension", "parent_Field": null, "parent_Choice_Field": null, "parent_ChoiceGroup": null, "w": 121, "h": 22, "y": 602, "x": 304, "structure_id": "Tr_94"}, {"parent_TextBlock": "Tb_36", "text": "or", "parent_Field": null, "parent_Choice_Field": null, "parent_ChoiceGroup": null, "w": 24, "h": 22, "y": 602, "x": 426, "structure_id": "Tr_95"}, {"parent_TextBlock": "Tb_36", "text": "isolated", "parent_Field": null, "parent_Choice_Field": null, "parent_ChoiceGroup": null, "w": 74, "h": 22, "y": 602, "x": 451, "structure_id": "Tr_96"}, {"parent_TextBlock": "Tb_36", "text": "systolic", "parent_Field": null, "parent_Choice_Field": null, "parent_ChoiceGroup": null, "w": 74, "h": 22, "y": 602, "x": 526, "structure_id": "Tr_97"}, {"parent_TextBlock": "Tb_36", "text": "hypertension", "parent_Field": null, "parent_Choice_Field": null, "parent_ChoiceGroup": null, "w": 121, "h": 22, "y": 602, "x": 600, "structure_id": "Tr_98"}, {"parent_TextBlock": "Tb_36", "text": "must", "parent_Field": null, "parent_Choice_Field": null, "parent_ChoiceGroup": null, "w": 48, "h": 22, "y": 602, "x": 722, "structure_id": "Tr_99"}, {"parent_TextBlock": "Tb_36", "text": "be", "parent_Field": null, "parent_Choice_Field": null, "parent_ChoiceGroup": null, "w": 27, "h": 22, "y": 602, "x": 771, "structure_id": "Tr_100"}, {"parent_TextBlock": "Tb_36", "text": "confirmed", "parent_Field": null, "parent_Choice_Field": null, "parent_ChoiceGroup": null, "w": 97, "h": 22, "y": 602, "x": 799, "structure_id": "Tr_101"}, {"parent_TextBlock": "Tb_36", "text": "by", "parent_Field": null, "parent_Choice_Field": null, "parent_ChoiceGroup": null, "w": 28, "h": 22, "y": 602, "x": 896, "structure_id": "Tr_102"}, {"parent_TextBlock": "Tb_36", "text": "readings", "parent_Field": null, "parent_Choice_Field": null, "parent_ChoiceGroup": null, "w": 81, "h": 22, "y": 602, "x": 925, "structure_id": "Tr_103"}, {"parent_TextBlock": "Tb_36", "text": "taken", "parent_Field": null, "parent_Choice_Field": null, "parent_ChoiceGroup": null, "w": 53, "h": 22, "y": 602, "x": 1007, "structure_id": "Tr_104"}, {"parent_TextBlock": "Tb_36", "text": "or", "parent_Field": null, "parent_Choice_Field": null, "parent_ChoiceGroup": null, "w": 24, "h": 22, "y": 602, "x": 1079, "structure_id": "Tr_105"}, {"parent_TextBlock": "Tb_36", "text": "more", "parent_Field": null, "parent_Choice_Field": null, "parent_ChoiceGroup": null, "w": 51, "h": 22, "y": 602, "x": 1104, "structure_id": "Tr_106"}, {"parent_TextBlock": "Tb_36", "text": "times", "parent_Field": null, "parent_Choice_Field": null, "parent_ChoiceGroup": null, "w": 54, "h": 22, "y": 602, "x": 1156, "structure_id": "Tr_107"}, {"parent_TextBlock": "Tb_36", "text": "on", "parent_Field": null, "parent_Choice_Field": null, "parent_ChoiceGroup": null, "w": 28, "h": 22, "y": 602, "x": 1210, "structure_id": "Tr_108"}, {"parent_TextBlock": "Tb_36", "text": "at", "parent_Field": null, "parent_Choice_Field": null, "parent_ChoiceGroup": null, "w": 22, "h": 22, "y": 602, "x": 1239, "structure_id": "Tr_109"}, {"parent_TextBlock": "Tb_36", "text": "least", "parent_Field": null, "parent_Choice_Field": null, "parent_ChoiceGroup": null, "w": 46, "h": 22, "y": 602, "x": 1262, "structure_id": "Tr_110"}, {"parent_TextBlock": "Tb_36", "text": "different", "parent_Field": null, "parent_Choice_Field": null, "parent_ChoiceGroup": null, "w": 82, "h": 22, "y": 602, "x": 1326, "structure_id": "Tr_111"}, {"parent_TextBlock": "Tb_36", "text": "days.", "parent_Field": null, "parent_Choice_Field": null, "parent_ChoiceGroup": null, "w": 52, "h": 22, "y": 602, "x": 1409, "structure_id": "Tr_112"}, {"parent_TextBlock": "Tb_36", "text": "Blood", "parent_Field": null, "parent_Choice_Field": null, "parent_ChoiceGroup": null, "w": 60, "h": 22, "y": 602, "x": 1468, "structure_id": "Tr_113"}, {"parent_TextBlock": "Tb_36", "text": "pressure", "parent_Field": null, "parent_Choice_Field": null, "parent_ChoiceGroup": null, "w": 80, "h": 22, "y": 602, "x": 1529, "structure_id": "Tr_114"}, {"parent_TextBlock": "Tb_36", "text": "results may be obtained from existing medical records or through scheduled visits for blood pressure measurements.", "parent_Field": null, "parent_Choice_Field": null, "parent_ChoiceGroup": null, "w": 1033, "h": 21, "y": 627, "x": 101, "structure_id": "Tr_115"}, {"parent_TextBlock": "Tb_37", "text": "Date of diagnosis:", "parent_Field": "Fi_19", "parent_Choice_Field": null, "parent_ChoiceGroup": null, "w": 156, "h": 19, "y": 914, "x": 1236, "structure_id": "Tr_116"}, {"parent_TextBlock": "Tb_38", "text": "NOTE:", "parent_Field": null, "parent_Choice_Field": null, "parent_ChoiceGroup": null, "w": 82, "h": 22, "y": 944, "x": 95, "structure_id": "Tr_117"}, {"parent_TextBlock": "Tb_38", "text": "ALSO complete appropriate questionnaires for hypertension-related complications, if any (such as VA Form 21-0960J-1, Kidney Conditions (Nephrology)", "parent_Field": null, "parent_Choice_Field": null, "parent_ChoiceGroup": null, "w": 1385, "h": 22, "y": 944, "x": 177, "structure_id": "Tr_118"}, {"parent_TextBlock": "Tb_38", "text": "Disability Benefits Questionnaire , if renal", "parent_Field": null, "parent_Choice_Field": null, "parent_ChoiceGroup": null, "w": 383, "h": 22, "y": 970, "x": 95, "structure_id": "Tr_119"}, {"parent_TextBlock": "Tb_38", "text": "insufficiency", "parent_Field": null, "parent_Choice_Field": null, "parent_ChoiceGroup": null, "w": 120, "h": 22, "y": 970, "x": 478, "structure_id": "Tr_120"}, {"parent_TextBlock": "Tb_38", "text": "is attributable to hypertension.)", "parent_Field": null, "parent_Choice_Field": null, "parent_ChoiceGroup": null, "w": 283, "h": 22, "y": 970, "x": 598, "structure_id": "Tr_121"}, {"parent_TextBlock": "Tb_39", "text": "Date of diagnosis:", "parent_Field": "Fi_20", "parent_Choice_Field": null, "parent_ChoiceGroup": null, "w": 156, "h": 20, "y": 780, "x": 1236, "structure_id": "Tr_122"}, {"parent_TextBlock": "Tb_40", "text": "ICD code:", "parent_Field": "Fi_21", "parent_Choice_Field": null, "parent_ChoiceGroup": null, "w": 86, "h": 19, "y": 814, "x": 770, "structure_id": "Tr_123"}, {"parent_TextBlock": "Tb_41", "text": "1B.  IF THERE ARE ADDITIONAL DIAGNOSES THAT PERTAIN TO HYPERTENSION OR ISOLATED SYSTOLIC HYPERTENSION, LIST USING ABOVE FORMAT:", "parent_Field": "Fi_22", "parent_Choice_Field": null, "parent_ChoiceGroup": null, "w": 1435, "h": 20, "y": 1008, "x": 95, "structure_id": "Tr_124"}, {"parent_TextBlock": "Tb_42", "text": "ICD code:", "parent_Field": "Fi_23", "parent_Choice_Field": null, "parent_ChoiceGroup": null, "w": 86, "h": 19, "y": 914, "x": 770, "structure_id": "Tr_125"}, {"parent_TextBlock": "Tb_43", "text": "Date of diagnosis:", "parent_Field": "Fi_24", "parent_Choice_Field": null, "parent_ChoiceGroup": null, "w": 156, "h": 19, "y": 814, "x": 1236, "structure_id": "Tr_126"}, {"parent_TextBlock": "Tb_44", "text": "ICD code:", "parent_Field": "Fi_25", "parent_Choice_Field": null, "parent_ChoiceGroup": null, "w": 86, "h": 20, "y": 880, "x": 770, "structure_id": "Tr_127"}, {"parent_TextBlock": "Tb_45", "text": "Date of diagnosis:", "parent_Field": "Fi_26", "parent_Choice_Field": null, "parent_ChoiceGroup": null, "w": 156, "h": 20, "y": 880, "x": 1236, "structure_id": "Tr_128"}, {"parent_TextBlock": "Tb_46", "text": "ICD code:", "parent_Field": "Fi_27", "parent_Choice_Field": null, "parent_ChoiceGroup": null, "w": 86, "h": 20, "y": 780, "x": 770, "structure_id": "Tr_129"}, {"parent_TextBlock": "Tb_47", "text": "Other diagnosis #1:", "parent_Field": "Fi_28", "parent_Choice_Field": null, "parent_ChoiceGroup": null, "w": 169, "h": 20, "y": 880, "x": 153, "structure_id": "Tr_130"}, {"parent_TextBlock": "Tb_48", "text": "Other diagnosis #2:", "parent_Field": "Fi_29", "parent_Choice_Field": null, "parent_ChoiceGroup": null, "w": 169, "h": 19, "y": 914, "x": 153, "structure_id": "Tr_131"}, {"parent_TextBlock": "Tb_49", "text": "(If \"Yes,\" provide only diagnoses that pertain to hypertension):", "parent_Field": null, "parent_Choice_Field": null, "parent_ChoiceGroup": "Chgp_4", "w": 562, "h": 22, "y": 722, "x": 315, "structure_id": "Tr_132"}, {"parent_TextBlock": "Tb_50", "text": "Hypertension", "parent_Field": null, "parent_Choice_Field": "Chf_8", "parent_ChoiceGroup": "Chgp_4", "w": 115, "h": 20, "y": 773, "x": 153, "structure_id": "Tr_133"}, {"parent_TextBlock": "Tb_51", "text": "Isolated systolic hypertension", "parent_Field": null, "parent_Choice_Field": "Chf_9", "parent_ChoiceGroup": "Chgp_4", "w": 254, "h": 19, "y": 807, "x": 153, "structure_id": "Tr_134"}, {"parent_TextBlock": "Tb_52", "text": "Other, specify:", "parent_Field": null, "parent_Choice_Field": "Chf_10", "parent_ChoiceGroup": "Chgp_4", "w": 125, "h": 20, "y": 840, "x": 153, "structure_id": "Tr_135"}, {"parent_TextBlock": "Tb_53", "text": "1A. DOES THE VETERAN NOW HAVE OR HAS HE OR SHE EVER BEEN DIAGNOSED WITH HYPERTENSION OR ISOLATED SYSTOLIC HYPERTENSION BASED ON", "parent_Field": null, "parent_Choice_Field": null, "parent_ChoiceGroup": "Chgp_5", "w": 1495, "h": 20, "y": 664, "x": 98, "structure_id": "Tr_136"}, {"parent_TextBlock": "Tb_53", "text": "THE FOLLOWING CRITERIA?", "parent_Field": null, "parent_Choice_Field": null, "parent_ChoiceGroup": "Chgp_5", "w": 268, "h": 19, "y": 688, "x": 98, "structure_id": "Tr_137"}, {"parent_TextBlock": "Tb_54", "text": "YES", "parent_Field": null, "parent_Choice_Field": "Chf_11", "parent_ChoiceGroup": "Chgp_5", "w": 39, "h": 20, "y": 723, "x": 150, "structure_id": "Tr_138"}, {"parent_TextBlock": "Tb_55", "text": "NO", "parent_Field": null, "parent_Choice_Field": "Chf_12", "parent_ChoiceGroup": "Chgp_5", "w": 29, "h": 20, "y": 723, "x": 267, "structure_id": "Tr_139"}, {"parent_TextBlock": "Tb_56", "text": "HYPERTENSION DISABILITY BENEFITS QUESTIONNAIRE", "parent_Field": null, "parent_Choice_Field": null, "parent_ChoiceGroup": null, "w": 842, "h": 30, "y": 125, "x": 728, "structure_id": "Tr_140"}, {"parent_TextBlock": "Tb_57", "text": "VA\u00c2\u00a0FORM", "parent_Field": null, "parent_Choice_Field": null, "parent_ChoiceGroup": null, "w": 94, "h": 20, "y": 2111, "x": 85, "structure_id": "Tr_141"}, {"parent_TextBlock": "Tb_57", "text": "DEC 2014", "parent_Field": null, "parent_Choice_Field": null, "parent_ChoiceGroup": null, "w": 90, "h": 19, "y": 2131, "x": 85, "structure_id": "Tr_142"}, {"parent_TextBlock": "Tb_58", "text": "Page 1", "parent_Field": null, "parent_Choice_Field": null, "parent_ChoiceGroup": null, "w": 70, "h": 22, "y": 2113, "x": 1548, "structure_id": "Tr_143"}, {"parent_TextBlock": "Tb_59", "text": "IMPORTANT", "parent_Field": null, "parent_Choice_Field": null, "parent_ChoiceGroup": null, "w": 138, "h": 22, "y": 176, "x": 94, "structure_id": "Tr_144"}, {"parent_TextBlock": "Tb_59", "text": "\u00c2\u00a0-", "parent_Field": null, "parent_Choice_Field": null, "parent_ChoiceGroup": null, "w": 19, "h": 22, "y": 176, "x": 232, "structure_id": "Tr_145"}, {"parent_TextBlock": "Tb_59", "text": "THE", "parent_Field": null, "parent_Choice_Field": null, "parent_ChoiceGroup": null, "w": 49, "h": 22, "y": 176, "x": 253, "structure_id": "Tr_146"}, {"parent_TextBlock": "Tb_59", "text": "DEPARTMENT", "parent_Field": null, "parent_Choice_Field": null, "parent_ChoiceGroup": null, "w": 155, "h": 22, "y": 176, "x": 305, "structure_id": "Tr_147"}, {"parent_TextBlock": "Tb_59", "text": "OF", "parent_Field": null, "parent_Choice_Field": null, "parent_ChoiceGroup": null, "w": 34, "h": 22, "y": 176, "x": 463, "structure_id": "Tr_148"}, {"parent_TextBlock": "Tb_59", "text": "VETERANS", "parent_Field": null, "parent_Choice_Field": null, "parent_ChoiceGroup": null, "w": 122, "h": 22, "y": 176, "x": 499, "structure_id": "Tr_149"}, {"parent_TextBlock": "Tb_59", "text": "AFFAIRS", "parent_Field": null, "parent_Choice_Field": null, "parent_ChoiceGroup": null, "w": 97, "h": 22, "y": 176, "x": 624, "structure_id": "Tr_150"}, {"parent_TextBlock": "Tb_59", "text": "(VA)\u00c2\u00a0", "parent_Field": null, "parent_Choice_Field": null, "parent_ChoiceGroup": null, "w": 52, "h": 22, "y": 176, "x": 724, "structure_id": "Tr_151"}, {"parent_TextBlock": "Tb_59", "text": "WILL", "parent_Field": null, "parent_Choice_Field": null, "parent_ChoiceGroup": null, "w": 61, "h": 22, "y": 176, "x": 776, "structure_id": "Tr_152"}, {"parent_TextBlock": "Tb_59", "text": "NOT", "parent_Field": null, "parent_Choice_Field": null, "parent_ChoiceGroup": null, "w": 51, "h": 22, "y": 176, "x": 840, "structure_id": "Tr_153"}, {"parent_TextBlock": "Tb_59", "text": "PAY", "parent_Field": null, "parent_Choice_Field": null, "parent_ChoiceGroup": null, "w": 42, "h": 22, "y": 176, "x": 894, "structure_id": "Tr_154"}, {"parent_TextBlock": "Tb_59", "text": "\u00c2\u00a0OR\u00c2\u00a0", "parent_Field": null, "parent_Choice_Field": null, "parent_ChoiceGroup": null, "w": 42, "h": 22, "y": 176, "x": 936, "structure_id": "Tr_155"}, {"parent_TextBlock": "Tb_59", "text": "REIMBURSE", "parent_Field": null, "parent_Choice_Field": null, "parent_ChoiceGroup": null, "w": 131, "h": 22, "y": 176, "x": 978, "structure_id": "Tr_156"}, {"parent_TextBlock": "Tb_59", "text": "\u00c2\u00a0ANY", "parent_Field": null, "parent_Choice_Field": null, "parent_ChoiceGroup": null, "w": 59, "h": 22, "y": 176, "x": 1109, "structure_id": "Tr_157"}, {"parent_TextBlock": "Tb_59", "text": "EXPENSES", "parent_Field": null, "parent_Choice_Field": null, "parent_ChoiceGroup": null, "w": 116, "h": 22, "y": 176, "x": 1171, "structure_id": "Tr_158"}, {"parent_TextBlock": "Tb_59", "text": "OR", "parent_Field": null, "parent_Choice_Field": null, "parent_ChoiceGroup": null, "w": 37, "h": 22, "y": 176, "x": 1289, "structure_id": "Tr_159"}, {"parent_TextBlock": "Tb_59", "text": "COST", "parent_Field": null, "parent_Choice_Field": null, "parent_ChoiceGroup": null, "w": 62, "h": 22, "y": 176, "x": 1329, "structure_id": "Tr_160"}, {"parent_TextBlock": "Tb_59", "text": "INCURRED", "parent_Field": null, "parent_Choice_Field": null, "parent_ChoiceGroup": null, "w": 119, "h": 22, "y": 176, "x": 1394, "structure_id": "Tr_161"}, {"parent_TextBlock": "Tb_59", "text": "IN", "parent_Field": null, "parent_Choice_Field": null, "parent_ChoiceGroup": null, "w": 29, "h": 22, "y": 176, "x": 1516, "structure_id": "Tr_162"}, {"parent_TextBlock": "Tb_59", "text": "THE", "parent_Field": null, "parent_Choice_Field": null, "parent_ChoiceGroup": null, "w": 48, "h": 22, "y": 176, "x": 1548, "structure_id": "Tr_163"}, {"parent_TextBlock": "Tb_59", "text": "PROCESS", "parent_Field": null, "parent_Choice_Field": null, "parent_ChoiceGroup": null, "w": 102, "h": 22, "y": 201, "x": 94, "structure_id": "Tr_164"}, {"parent_TextBlock": "Tb_59", "text": "OF\u00c2\u00a0COMPLETING", "parent_Field": null, "parent_Choice_Field": null, "parent_ChoiceGroup": null, "w": 183, "h": 22, "y": 201, "x": 199, "structure_id": "Tr_165"}, {"parent_TextBlock": "Tb_59", "text": "AND/OR", "parent_Field": null, "parent_Choice_Field": null, "parent_ChoiceGroup": null, "w": 91, "h": 22, "y": 201, "x": 385, "structure_id": "Tr_166"}, {"parent_TextBlock": "Tb_59", "text": "SUBMITTING", "parent_Field": null, "parent_Choice_Field": null, "parent_ChoiceGroup": null, "w": 142, "h": 22, "y": 201, "x": 480, "structure_id": "Tr_167"}, {"parent_TextBlock": "Tb_59", "text": "THIS", "parent_Field": null, "parent_Choice_Field": null, "parent_ChoiceGroup": null, "w": 55, "h": 22, "y": 201, "x": 626, "structure_id": "Tr_168"}, {"parent_TextBlock": "Tb_59", "text": "FORM.", "parent_Field": null, "parent_Choice_Field": null, "parent_ChoiceGroup": null, "w": 74, "h": 22, "y": 201, "x": 684, "structure_id": "Tr_169"}, {"parent_TextBlock": "Tb_59", "text": "PLEASE", "parent_Field": null, "parent_Choice_Field": null, "parent_ChoiceGroup": null, "w": 87, "h": 22, "y": 201, "x": 762, "structure_id": "Tr_170"}, {"parent_TextBlock": "Tb_59", "text": "READ", "parent_Field": null, "parent_Choice_Field": null, "parent_ChoiceGroup": null, "w": 66, "h": 22, "y": 201, "x": 853, "structure_id": "Tr_171"}, {"parent_TextBlock": "Tb_59", "text": "THE", "parent_Field": null, "parent_Choice_Field": null, "parent_ChoiceGroup": null, "w": 49, "h": 22, "y": 201, "x": 922, "structure_id": "Tr_172"}, {"parent_TextBlock": "Tb_59", "text": "PRIVACY", "parent_Field": null, "parent_Choice_Field": null, "parent_ChoiceGroup": null, "w": 103, "h": 22, "y": 201, "x": 974, "structure_id": "Tr_173"}, {"parent_TextBlock": "Tb_59", "text": "ACT", "parent_Field": null, "parent_Choice_Field": null, "parent_ChoiceGroup": null, "w": 50, "h": 22, "y": 201, "x": 1081, "structure_id": "Tr_174"}, {"parent_TextBlock": "Tb_59", "text": "AND", "parent_Field": null, "parent_Choice_Field": null, "parent_ChoiceGroup": null, "w": 53, "h": 22, "y": 201, "x": 1135, "structure_id": "Tr_175"}, {"parent_TextBlock": "Tb_59", "text": "RESPONDENT", "parent_Field": null, "parent_Choice_Field": null, "parent_ChoiceGroup": null, "w": 150, "h": 22, "y": 201, "x": 1192, "structure_id": "Tr_176"}, {"parent_TextBlock": "Tb_59", "text": "BURDEN", "parent_Field": null, "parent_Choice_Field": null, "parent_ChoiceGroup": null, "w": 97, "h": 22, "y": 201, "x": 1345, "structure_id": "Tr_177"}, {"parent_TextBlock": "Tb_59", "text": "INFORMATION", "parent_Field": null, "parent_Choice_Field": null, "parent_ChoiceGroup": null, "w": 161, "h": 22, "y": 201, "x": 1446, "structure_id": "Tr_178"}, {"parent_TextBlock": "Tb_59", "text": "BEFORE\u00c2\u00a0COMPLETING FORM.", "parent_Field": null, "parent_Choice_Field": null, "parent_ChoiceGroup": null, "w": 313, "h": 22, "y": 226, "x": 94, "structure_id": "Tr_179"}, {"parent_TextBlock": "Tb_60", "text": "NOTE TO PHYSICIAN", "parent_Field": null, "parent_Choice_Field": null, "parent_ChoiceGroup": null, "w": 231, "h": 22, "y": 432, "x": 95, "structure_id": "Tr_180"}, {"parent_TextBlock": "Tb_60", "text": "\u00c2\u00a0- Your patient is applying to the U.S. Department of Veterans Affairs (VA) for disability benefits. VA will consider the information you", "parent_Field": null, "parent_Choice_Field": null, "parent_ChoiceGroup": null, "w": 1222, "h": 22, "y": 432, "x": 326, "structure_id": "Tr_181"}, {"parent_TextBlock": "Tb_60", "text": "provide on this questionnaire as part of their evaluation in processing the veteran's claim. VA reserves the right to confirm the authenticity of ALL DBQ's completed by", "parent_Field": null, "parent_Choice_Field": null, "parent_ChoiceGroup": null, "w": 1505, "h": 22, "y": 459, "x": 95, "structure_id": "Tr_182"}, {"parent_TextBlock": "Tb_60", "text": "private health care providers.", "parent_Field": null, "parent_Choice_Field": null, "parent_ChoiceGroup": null, "w": 259, "h": 22, "y": 485, "x": 95, "structure_id": "Tr_183"}, {"parent_TextBlock": "Tb_61", "text": "NAME OF PATIENT/VETERAN", "parent_Field": "Fi_30", "parent_Choice_Field": null, "parent_ChoiceGroup": null, "w": 273, "h": 20, "y": 257, "x": 94, "structure_id": "Tr_184"}, {"parent_TextBlock": "Tb_62", "text": "PATIENT/VETERAN'S SOCIAL SECURITY NUMBER", "parent_Field": "Fi_31", "parent_Choice_Field": null, "parent_ChoiceGroup": null, "w": 466, "h": 19, "y": 344, "x": 95, "structure_id": "Tr_185"}], "ChoiceGroup": [{"y": 1289.03125, "x": 87, "structure_id": "Chgp_1", "w": 1516, "h": 101}, {"y": 1388.03125, "x": 87, "structure_id": "Chgp_2", "w": 1527, "h": 137}, {"y": 1724.03125, "x": 84, "structure_id": "Chgp_3", "w": 1516, "h": 147}, {"y": 715.036328383014, "x": 96, "structure_id": "Chgp_4", "w": 1515, "h": 219.8318730834117}, {"y": 653.03125, "x": 91, "structure_id": "Chgp_5", "w": 1523, "h": 281}]}