{"Widget": [{"parent_Field": "Fi_1", "parent_Choice_Field": null, "parent_ChoiceGroup": null, "w": 240, "h": 33.33070866141732, "y": 2000, "x": 1350, "structure_id": "Wi_1"}, {"parent_Field": "Fi_2", "parent_Choice_Field": null, "parent_ChoiceGroup": null, "w": 244, "h": 1717.751801538724, "y": 181.0312428976772, "x": 1347, "structure_id": "Wi_2"}, {"parent_Field": null, "parent_Choice_Field": null, "parent_ChoiceGroup": null, "w": 201, "h": 1729.0876320109787, "y": 185.03124999999977, "x": 100, "structure_id": "Wi_3"}, {"parent_Field": null, "parent_Choice_Field": null, "parent_ChoiceGroup": null, "w": 969, "h": 1726.7309722968162, "y": 181.03124999999943, "x": 328, "structure_id": "Wi_4"}], "TextBlock": [{"parent_Field": null, "parent_Choice_Field": null, "parent_ChoiceGroup": null, "w": 388, "h": 28, "y": 94, "x": 657, "structure_id": "Tb_1"}, {"parent_Field": null, "parent_Choice_Field": null, "parent_ChoiceGroup": null, "w": 282, "h": 25, "y": 2004, "x": 1018, "structure_id": "Tb_2"}, {"parent_Field": "Fi_1", "parent_Choice_Field": null, "parent_ChoiceGroup": null, "w": 18, "h": 30.0, "y": 2000.03125, "x": 1326, "structure_id": "Tb_3"}, {"parent_Field": "Fi_2", "parent_Choice_Field": null, "parent_ChoiceGroup": null, "w": 17, "h": 27.0, "y": 181.03125, "x": 1321, "structure_id": "Tb_4"}, {"parent_Field": null, "parent_Choice_Field": null, "parent_ChoiceGroup": null, "w": 66, "h": 25, "y": 141, "x": 167, "structure_id": "Tb_5"}, {"parent_Field": null, "parent_Choice_Field": null, "parent_ChoiceGroup": null, "w": 378, "h": 25, "y": 139, "x": 628, "structure_id": "Tb_6"}, {"parent_Field": null, "parent_Choice_Field": null, "parent_ChoiceGroup": null, "w": 108, "h": 25, "y": 139, "x": 1413, "structure_id": "Tb_7"}, {"parent_Field": null, "parent_Choice_Field": null, "parent_ChoiceGroup": null, "w": 282, "h": 19, "y": 2074, "x": 83, "structure_id": "Tb_8"}], "Choice_Field": [], "Field": [{"y": 2000, "x": 1326, "structure_id": "Fi_1", "w": 264, "h": 33.33070866141725}, {"y": 181.0312428976772, "x": 1321, "structure_id": "Fi_2", "w": 270, "h": 1717.751801538724}], "TextRun": [{"parent_TextBlock": "Tb_1", "text": "SECTION II - EXPENDITURES", "parent_Field": null, "parent_Choice_Field": null, "parent_ChoiceGroup": null, "w": 388, "h": 28, "y": 94, "x": 657, "structure_id": "Tr_1"}, {"parent_TextBlock": "Tb_2", "text": "TOTAL EXPENDITURES", "parent_Field": null, "parent_Choice_Field": null, "parent_ChoiceGroup": null, "w": 282, "h": 25, "y": 2004, "x": 1018, "structure_id": "Tr_2"}, {"parent_TextBlock": "Tb_3", "parent_Field": "Fi_1", "parent_Choice_Field": null, "parent_ChoiceGroup": null, "w": 18, "h": 30, "y": 2000.03125, "x": 1326, "structure_id": "Tr_3"}, {"parent_TextBlock": "Tb_4", "parent_Field": "Fi_2", "parent_Choice_Field": null, "parent_ChoiceGroup": null, "w": 17, "h": 27, "y": 181.03125, "x": 1321, "structure_id": "Tr_4"}, {"parent_TextBlock": "Tb_5", "text": "DATE", "parent_Field": null, "parent_Choice_Field": null, "parent_ChoiceGroup": null, "w": 66, "h": 25, "y": 141, "x": 167, "structure_id": "Tr_5"}, {"parent_TextBlock": "Tb_6", "text": "TO WHOM PAID AND PURPOSE", "parent_Field": null, "parent_Choice_Field": null, "parent_ChoiceGroup": null, "w": 378, "h": 25, "y": 139, "x": 628, "structure_id": "Tr_6"}, {"parent_TextBlock": "Tb_7", "text": "AMOUNT", "parent_Field": null, "parent_Choice_Field": null, "parent_ChoiceGroup": null, "w": 108, "h": 25, "y": 139, "x": 1413, "structure_id": "Tr_7"}, {"parent_TextBlock": "Tb_8", "text": "VA FORM 21P-4706c, JUL 2016", "parent_Field": null, "parent_Choice_Field": null, "parent_ChoiceGroup": null, "w": 282, "h": 19, "y": 2074, "x": 83, "structure_id": "Tr_8"}], "ChoiceGroup": []}