{"Widget": [{"parent_Field": "Fi_1", "parent_Choice_Field": null, "parent_ChoiceGroup": null, "w": 140.50236220472442, "h": 46.83307086614173, "y": 71.35590551181103, "x": 505.9748031496063, "structure_id": "Wi_1"}, {"parent_Field": "Fi_1", "parent_Choice_Field": null, "parent_ChoiceGroup": null, "w": 88.94488188976378, "h": 46.83307086614173, "y": 71.35590551181103, "x": 696.3220472440945, "structure_id": "Wi_2"}, {"parent_Field": "Fi_1", "parent_Choice_Field": null, "parent_ChoiceGroup": null, "w": 188.88031496062993, "h": 46.83307086614173, "y": 71.35590551181103, "x": 838.5834645669291, "structure_id": "Wi_3"}, {"parent_Field": null, "parent_Choice_Field": "Chf_1", "parent_ChoiceGroup": "Chgp_1", "w": 25, "h": 25, "y": 203.39212598425195, "x": 101, "structure_id": "Wi_4"}, {"parent_Field": null, "parent_Choice_Field": "Chf_2", "parent_ChoiceGroup": "Chgp_1", "w": 25, "h": 25, "y": 203.39212598425195, "x": 217.6692913385827, "structure_id": "Wi_5"}, {"parent_Field": null, "parent_Choice_Field": "Chf_3", "parent_ChoiceGroup": "Chgp_2", "w": 25, "h": 25, "y": 340.8637795275591, "x": 99.14173228346456, "structure_id": "Wi_6"}, {"parent_Field": null, "parent_Choice_Field": "Chf_4", "parent_ChoiceGroup": "Chgp_2", "w": 25, "h": 25, "y": 340.8637795275591, "x": 215.81102362204726, "structure_id": "Wi_7"}, {"parent_Field": null, "parent_Choice_Field": "Chf_5", "parent_ChoiceGroup": "Chgp_3", "w": 25, "h": 25, "y": 456.58897637795275, "x": 703.236220472441, "structure_id": "Wi_8"}, {"parent_Field": null, "parent_Choice_Field": "Chf_6", "parent_ChoiceGroup": "Chgp_3", "w": 25, "h": 25, "y": 456.58897637795275, "x": 869.6307086614174, "structure_id": "Wi_9"}, {"parent_Field": null, "parent_Choice_Field": "Chf_7", "parent_ChoiceGroup": "Chgp_3", "w": 25, "h": 25, "y": 456.58897637795275, "x": 1030.1023622047244, "structure_id": "Wi_10"}, {"parent_Field": null, "parent_Choice_Field": "Chf_8", "parent_ChoiceGroup": "Chgp_4", "w": 25, "h": 25, "y": 419.50866141732286, "x": 703.236220472441, "structure_id": "Wi_11"}, {"parent_Field": null, "parent_Choice_Field": "Chf_9", "parent_ChoiceGroup": "Chgp_4", "w": 25, "h": 25, "y": 419.5023622047244, "x": 869.6307086614174, "structure_id": "Wi_12"}, {"parent_Field": null, "parent_Choice_Field": "Chf_10", "parent_ChoiceGroup": "Chgp_4", "w": 25, "h": 25, "y": 419.5023622047244, "x": 1030.1023622047244, "structure_id": "Wi_13"}, {"parent_Field": "Fi_2", "parent_Choice_Field": null, "parent_ChoiceGroup": null, "w": 1518.4637795275592, "h": 208.87480314960632, "y": 754.1330708661417, "x": 94.10236220472441, "structure_id": "Wi_14"}, {"parent_Field": null, "parent_Choice_Field": "Chf_11", "parent_ChoiceGroup": "Chgp_5", "w": 25, "h": 25, "y": 493.68346456692916, "x": 703.236220472441, "structure_id": "Wi_15"}, {"parent_Field": null, "parent_Choice_Field": "Chf_12", "parent_ChoiceGroup": "Chgp_5", "w": 25, "h": 25, "y": 493.68346456692916, "x": 869.6307086614174, "structure_id": "Wi_16"}, {"parent_Field": null, "parent_Choice_Field": "Chf_13", "parent_ChoiceGroup": "Chgp_5", "w": 25, "h": 25, "y": 493.68346456692916, "x": 1030.1023622047244, "structure_id": "Wi_17"}, {"parent_Field": null, "parent_Choice_Field": "Chf_14", "parent_ChoiceGroup": "Chgp_6", "w": 25, "h": 25, "y": 530.7692913385827, "x": 703.236220472441, "structure_id": "Wi_18"}, {"parent_Field": null, "parent_Choice_Field": "Chf_15", "parent_ChoiceGroup": "Chgp_6", "w": 25, "h": 25, "y": 530.7692913385827, "x": 869.6307086614174, "structure_id": "Wi_19"}, {"parent_Field": null, "parent_Choice_Field": "Chf_16", "parent_ChoiceGroup": "Chgp_6", "w": 25, "h": 25, "y": 530.7692913385827, "x": 1030.1023622047244, "structure_id": "Wi_20"}, {"parent_Field": null, "parent_Choice_Field": "Chf_17", "parent_ChoiceGroup": "Chgp_7", "w": 25, "h": 25, "y": 567.8551181102363, "x": 703.236220472441, "structure_id": "Wi_21"}, {"parent_Field": null, "parent_Choice_Field": "Chf_18", "parent_ChoiceGroup": "Chgp_7", "w": 25, "h": 25, "y": 567.8551181102363, "x": 869.6307086614174, "structure_id": "Wi_22"}, {"parent_Field": null, "parent_Choice_Field": "Chf_19", "parent_ChoiceGroup": "Chgp_7", "w": 25, "h": 25, "y": 567.8551181102363, "x": 1030.1023622047244, "structure_id": "Wi_23"}, {"parent_Field": null, "parent_Choice_Field": "Chf_20", "parent_ChoiceGroup": "Chgp_8", "w": 25, "h": 25, "y": 606.1944881889764, "x": 703.236220472441, "structure_id": "Wi_24"}, {"parent_Field": null, "parent_Choice_Field": "Chf_21", "parent_ChoiceGroup": "Chgp_8", "w": 25, "h": 25, "y": 606.1944881889764, "x": 869.6307086614174, "structure_id": "Wi_25"}, {"parent_Field": null, "parent_Choice_Field": "Chf_22", "parent_ChoiceGroup": "Chgp_8", "w": 25, "h": 25, "y": 606.1944881889764, "x": 1030.1023622047244, "structure_id": "Wi_26"}, {"parent_Field": null, "parent_Choice_Field": "Chf_23", "parent_ChoiceGroup": "Chgp_9", "w": 25, "h": 25, "y": 419.50866141732286, "x": 139.56692913385825, "structure_id": "Wi_27"}, {"parent_Field": null, "parent_Choice_Field": "Chf_24", "parent_ChoiceGroup": "Chgp_9", "w": 25, "h": 25, "y": 456.5968503937008, "x": 139.56692913385825, "structure_id": "Wi_28"}, {"parent_Field": null, "parent_Choice_Field": "Chf_25", "parent_ChoiceGroup": "Chgp_9", "w": 25, "h": 25, "y": 493.69133858267713, "x": 139.56692913385825, "structure_id": "Wi_29"}, {"parent_Field": null, "parent_Choice_Field": "Chf_26", "parent_ChoiceGroup": "Chgp_9", "w": 25, "h": 25, "y": 530.7779527559055, "x": 139.56692913385825, "structure_id": "Wi_30"}, {"parent_Field": null, "parent_Choice_Field": "Chf_27", "parent_ChoiceGroup": "Chgp_9", "w": 25, "h": 25, "y": 567.863779527559, "x": 139.56692913385825, "structure_id": "Wi_31"}, {"parent_Field": null, "parent_Choice_Field": "Chf_28", "parent_ChoiceGroup": "Chgp_9", "w": 25, "h": 25, "y": 604.9669291338583, "x": 139.56692913385825, "structure_id": "Wi_32"}, {"parent_Field": null, "parent_Choice_Field": "Chf_28", "parent_ChoiceGroup": "Chgp_9", "w": 328.7559055118111, "h": 112.44173228346456, "y": 605.6858267716536, "x": 173.66141732283467, "structure_id": "Wi_33"}, {"parent_Field": "Fi_3", "parent_Choice_Field": null, "parent_ChoiceGroup": null, "w": 1507.3307086614175, "h": 335.9834645669291, "y": 1291.0307086614173, "x": 92.20551181102363, "structure_id": "Wi_34"}, {"parent_Field": null, "parent_Choice_Field": "Chf_29", "parent_ChoiceGroup": "Chgp_10", "w": 25, "h": 25, "y": 1227.192125984252, "x": 182.21102362204726, "structure_id": "Wi_35"}, {"parent_Field": null, "parent_Choice_Field": "Chf_30", "parent_ChoiceGroup": "Chgp_10", "w": 25, "h": 25, "y": 1227.192125984252, "x": 342.792125984252, "structure_id": "Wi_36"}, {"parent_Field": null, "parent_Choice_Field": "Chf_31", "parent_ChoiceGroup": "Chgp_10", "w": 25, "h": 25, "y": 1227.192125984252, "x": 493.4, "structure_id": "Wi_37"}, {"parent_Field": null, "parent_Choice_Field": "Chf_32", "parent_ChoiceGroup": "Chgp_10", "w": 25, "h": 25, "y": 1227.192125984252, "x": 661.4220472440945, "structure_id": "Wi_38"}, {"parent_Field": null, "parent_Choice_Field": "Chf_33", "parent_ChoiceGroup": "Chgp_11", "w": 25, "h": 25, "y": 1108.083464566929, "x": 99.30866141732284, "structure_id": "Wi_39"}, {"parent_Field": null, "parent_Choice_Field": "Chf_34", "parent_ChoiceGroup": "Chgp_11", "w": 25, "h": 25, "y": 1144.9496062992127, "x": 99.30866141732284, "structure_id": "Wi_40"}, {"parent_Field": "Fi_4", "parent_Choice_Field": null, "parent_ChoiceGroup": null, "w": 149.9448818897638, "h": 35.37795275590552, "y": 1975.5669291338584, "x": 350.9275590551181, "structure_id": "Wi_41"}, {"parent_Field": "Fi_4", "parent_Choice_Field": null, "parent_ChoiceGroup": null, "w": 146.03858267716535, "h": 35.37795275590552, "y": 1975.5669291338584, "x": 623.4503937007873, "structure_id": "Wi_42"}, {"parent_Field": "Fi_5", "parent_Choice_Field": null, "parent_ChoiceGroup": null, "w": 208.28346456692915, "h": 35.37795275590552, "y": 1920.6055118110237, "x": 234.16692913385828, "structure_id": "Wi_43"}, {"parent_Field": null, "parent_Choice_Field": "Chf_35", "parent_ChoiceGroup": "Chgp_12", "w": 25, "h": 25, "y": 1809.563779527559, "x": 145.68582677165355, "structure_id": "Wi_44"}, {"parent_Field": null, "parent_Choice_Field": "Chf_36", "parent_ChoiceGroup": "Chgp_12", "w": 25, "h": 25, "y": 1809.5559055118113, "x": 247.04724409448818, "structure_id": "Wi_45"}, {"parent_Field": null, "parent_Choice_Field": "Chf_37", "parent_ChoiceGroup": "Chgp_13", "w": 25, "h": 25, "y": 1728.8944881889765, "x": 107.31653543307087, "structure_id": "Wi_46"}, {"parent_Field": null, "parent_Choice_Field": "Chf_38", "parent_ChoiceGroup": "Chgp_13", "w": 25, "h": 25, "y": 1728.8889763779528, "x": 208.67795275590552, "structure_id": "Wi_47"}], "TextBlock": [{"parent_Field": "Fi_1", "parent_Choice_Field": null, "parent_ChoiceGroup": null, "w": 416, "h": 19, "y": 100, "x": 81, "structure_id": "Tb_1"}, {"parent_Field": null, "parent_Choice_Field": null, "parent_ChoiceGroup": null, "w": 287, "h": 23, "y": 137, "x": 710, "structure_id": "Tb_2"}, {"parent_Field": null, "parent_Choice_Field": null, "parent_ChoiceGroup": null, "w": 843, "h": 22, "y": 207, "x": 294, "structure_id": "Tb_3"}, {"parent_Field": null, "parent_Choice_Field": null, "parent_ChoiceGroup": "Chgp_1", "w": 667, "h": 20, "y": 173, "x": 98, "structure_id": "Tb_4"}, {"parent_Field": null, "parent_Choice_Field": "Chf_1", "parent_ChoiceGroup": "Chgp_1", "w": 39, "h": 19, "y": 209, "x": 138, "structure_id": "Tb_5"}, {"parent_Field": null, "parent_Choice_Field": "Chf_2", "parent_ChoiceGroup": "Chgp_1", "w": 29, "h": 19, "y": 209, "x": 257, "structure_id": "Tb_6"}, {"parent_Field": null, "parent_Choice_Field": null, "parent_ChoiceGroup": null, "w": 365, "h": 22, "y": 255, "x": 670, "structure_id": "Tb_7"}, {"parent_Field": null, "parent_Choice_Field": null, "parent_ChoiceGroup": "Chgp_2", "w": 1494, "h": 43, "y": 287, "x": 97, "structure_id": "Tb_8"}, {"parent_Field": null, "parent_Choice_Field": "Chf_3", "parent_ChoiceGroup": "Chgp_2", "w": 39, "h": 20, "y": 346, "x": 136, "structure_id": "Tb_9"}, {"parent_Field": null, "parent_Choice_Field": "Chf_4", "parent_ChoiceGroup": "Chgp_2", "w": 29, "h": 20, "y": 346, "x": 255, "structure_id": "Tb_10"}, {"parent_Field": null, "parent_Choice_Field": null, "parent_ChoiceGroup": "Chgp_3", "w": 156, "h": 20, "y": 462, "x": 520, "structure_id": "Tb_11"}, {"parent_Field": null, "parent_Choice_Field": "Chf_5", "parent_ChoiceGroup": "Chgp_3", "w": 96, "h": 20, "y": 462, "x": 738, "structure_id": "Tb_12"}, {"parent_Field": null, "parent_Choice_Field": "Chf_6", "parent_ChoiceGroup": "Chgp_3", "w": 68, "h": 20, "y": 462, "x": 904, "structure_id": "Tb_13"}, {"parent_Field": null, "parent_Choice_Field": "Chf_7", "parent_ChoiceGroup": "Chgp_3", "w": 78, "h": 20, "y": 462, "x": 1065, "structure_id": "Tb_14"}, {"parent_Field": null, "parent_Choice_Field": null, "parent_ChoiceGroup": "Chgp_4", "w": 156, "h": 20, "y": 425, "x": 520, "structure_id": "Tb_15"}, {"parent_Field": null, "parent_Choice_Field": "Chf_8", "parent_ChoiceGroup": "Chgp_4", "w": 96, "h": 20, "y": 425, "x": 738, "structure_id": "Tb_16"}, {"parent_Field": null, "parent_Choice_Field": "Chf_9", "parent_ChoiceGroup": "Chgp_4", "w": 68, "h": 20, "y": 425, "x": 904, "structure_id": "Tb_17"}, {"parent_Field": null, "parent_Choice_Field": "Chf_10", "parent_ChoiceGroup": "Chgp_4", "w": 78, "h": 20, "y": 425, "x": 1065, "structure_id": "Tb_18"}, {"parent_Field": "Fi_2", "parent_Choice_Field": null, "parent_ChoiceGroup": null, "w": 1068, "h": 22, "y": 728, "x": 94, "structure_id": "Tb_19"}, {"parent_Field": null, "parent_Choice_Field": null, "parent_ChoiceGroup": "Chgp_5", "w": 156, "h": 20, "y": 499, "x": 520, "structure_id": "Tb_20"}, {"parent_Field": null, "parent_Choice_Field": "Chf_11", "parent_ChoiceGroup": "Chgp_5", "w": 96, "h": 20, "y": 499, "x": 738, "structure_id": "Tb_21"}, {"parent_Field": null, "parent_Choice_Field": "Chf_12", "parent_ChoiceGroup": "Chgp_5", "w": 68, "h": 20, "y": 499, "x": 904, "structure_id": "Tb_22"}, {"parent_Field": null, "parent_Choice_Field": "Chf_13", "parent_ChoiceGroup": "Chgp_5", "w": 78, "h": 20, "y": 499, "x": 1065, "structure_id": "Tb_23"}, {"parent_Field": null, "parent_Choice_Field": null, "parent_ChoiceGroup": "Chgp_6", "w": 156, "h": 20, "y": 536, "x": 520, "structure_id": "Tb_24"}, {"parent_Field": null, "parent_Choice_Field": "Chf_14", "parent_ChoiceGroup": "Chgp_6", "w": 96, "h": 20, "y": 536, "x": 738, "structure_id": "Tb_25"}, {"parent_Field": null, "parent_Choice_Field": "Chf_15", "parent_ChoiceGroup": "Chgp_6", "w": 68, "h": 20, "y": 536, "x": 904, "structure_id": "Tb_26"}, {"parent_Field": null, "parent_Choice_Field": "Chf_16", "parent_ChoiceGroup": "Chgp_6", "w": 78, "h": 20, "y": 536, "x": 1065, "structure_id": "Tb_27"}, {"parent_Field": null, "parent_Choice_Field": null, "parent_ChoiceGroup": "Chgp_7", "w": 156, "h": 20, "y": 573, "x": 520, "structure_id": "Tb_28"}, {"parent_Field": null, "parent_Choice_Field": "Chf_17", "parent_ChoiceGroup": "Chgp_7", "w": 96, "h": 20, "y": 573, "x": 738, "structure_id": "Tb_29"}, {"parent_Field": null, "parent_Choice_Field": "Chf_18", "parent_ChoiceGroup": "Chgp_7", "w": 68, "h": 20, "y": 573, "x": 904, "structure_id": "Tb_30"}, {"parent_Field": null, "parent_Choice_Field": "Chf_19", "parent_ChoiceGroup": "Chgp_7", "w": 78, "h": 20, "y": 573, "x": 1065, "structure_id": "Tb_31"}, {"parent_Field": null, "parent_Choice_Field": null, "parent_ChoiceGroup": "Chgp_8", "w": 156, "h": 19, "y": 612, "x": 520, "structure_id": "Tb_32"}, {"parent_Field": null, "parent_Choice_Field": "Chf_20", "parent_ChoiceGroup": "Chgp_8", "w": 96, "h": 19, "y": 612, "x": 738, "structure_id": "Tb_33"}, {"parent_Field": null, "parent_Choice_Field": "Chf_21", "parent_ChoiceGroup": "Chgp_8", "w": 68, "h": 19, "y": 612, "x": 904, "structure_id": "Tb_34"}, {"parent_Field": null, "parent_Choice_Field": "Chf_22", "parent_ChoiceGroup": "Chgp_8", "w": 78, "h": 19, "y": 612, "x": 1065, "structure_id": "Tb_35"}, {"parent_Field": null, "parent_Choice_Field": null, "parent_ChoiceGroup": "Chgp_9", "w": 763, "h": 22, "y": 384, "x": 137, "structure_id": "Tb_36"}, {"parent_Field": null, "parent_Choice_Field": "Chf_23", "parent_ChoiceGroup": "Chgp_9", "w": 98, "h": 20, "y": 425, "x": 174, "structure_id": "Tb_37"}, {"parent_Field": null, "parent_Choice_Field": "Chf_24", "parent_ChoiceGroup": "Chgp_9", "w": 74, "h": 20, "y": 462, "x": 174, "structure_id": "Tb_38"}, {"parent_Field": null, "parent_Choice_Field": "Chf_25", "parent_ChoiceGroup": "Chgp_9", "w": 91, "h": 20, "y": 499, "x": 174, "structure_id": "Tb_39"}, {"parent_Field": null, "parent_Choice_Field": "Chf_26", "parent_ChoiceGroup": "Chgp_9", "w": 69, "h": 20, "y": 536, "x": 174, "structure_id": "Tb_40"}, {"parent_Field": null, "parent_Choice_Field": "Chf_27", "parent_ChoiceGroup": "Chgp_9", "w": 61, "h": 20, "y": 573, "x": 174, "structure_id": "Tb_41"}, {"parent_Field": null, "parent_Choice_Field": "Chf_28", "parent_ChoiceGroup": "Chgp_9", "w": 54, "h": 19, "y": 611, "x": 174, "structure_id": "Tb_42"}, {"parent_Field": null, "parent_Choice_Field": null, "parent_ChoiceGroup": null, "w": 770, "h": 22, "y": 981, "x": 467, "structure_id": "Tb_43"}, {"parent_Field": "Fi_3", "parent_Choice_Field": null, "parent_ChoiceGroup": null, "w": 1358, "h": 23, "y": 1264, "x": 92, "structure_id": "Tb_44"}, {"parent_Field": null, "parent_Choice_Field": null, "parent_ChoiceGroup": "Chgp_10", "w": 474, "h": 22, "y": 1198, "x": 92, "structure_id": "Tb_45"}, {"parent_Field": null, "parent_Choice_Field": "Chf_29", "parent_ChoiceGroup": "Chgp_10", "w": 101, "h": 19, "y": 1232, "x": 214, "structure_id": "Tb_46"}, {"parent_Field": null, "parent_Choice_Field": "Chf_30", "parent_ChoiceGroup": "Chgp_10", "w": 88, "h": 19, "y": 1232, "x": 376, "structure_id": "Tb_47"}, {"parent_Field": null, "parent_Choice_Field": "Chf_31", "parent_ChoiceGroup": "Chgp_10", "w": 98, "h": 19, "y": 1232, "x": 524, "structure_id": "Tb_48"}, {"parent_Field": null, "parent_Choice_Field": "Chf_32", "parent_ChoiceGroup": "Chgp_10", "w": 85, "h": 19, "y": 1232, "x": 694, "structure_id": "Tb_49"}, {"parent_Field": null, "parent_Choice_Field": null, "parent_ChoiceGroup": "Chgp_11", "w": 1470, "h": 72, "y": 1014, "x": 95, "structure_id": "Tb_50"}, {"parent_Field": null, "parent_Choice_Field": "Chf_33", "parent_ChoiceGroup": "Chgp_11", "w": 1123, "h": 19, "y": 1114, "x": 136, "structure_id": "Tb_51"}, {"parent_Field": null, "parent_Choice_Field": "Chf_34", "parent_ChoiceGroup": "Chgp_11", "w": 29, "h": 19, "y": 1151, "x": 136, "structure_id": "Tb_52"}, {"parent_Field": null, "parent_Choice_Field": null, "parent_ChoiceGroup": null, "w": 1258, "h": 22, "y": 1643, "x": 219, "structure_id": "Tb_53"}, {"parent_Field": null, "parent_Choice_Field": null, "parent_ChoiceGroup": null, "w": 611, "h": 22, "y": 1879, "x": 141, "structure_id": "Tb_54"}, {"parent_Field": null, "parent_Choice_Field": null, "parent_ChoiceGroup": null, "w": 1471, "h": 44, "y": 2029, "x": 127, "structure_id": "Tb_55"}, {"parent_Field": null, "parent_Choice_Field": null, "parent_ChoiceGroup": null, "w": 940, "h": 23, "y": 1850, "x": 141, "structure_id": "Tb_56"}, {"parent_Field": "Fi_4", "parent_Choice_Field": null, "parent_ChoiceGroup": null, "w": 68, "h": 24.0, "y": 1991.03125, "x": 283, "structure_id": "Tb_57"}, {"parent_Field": "Fi_4", "parent_Choice_Field": null, "parent_ChoiceGroup": null, "w": 111, "h": 21, "y": 1993.03125, "x": 502, "structure_id": "Tb_58"}, {"parent_Field": "Fi_4", "parent_Choice_Field": null, "parent_ChoiceGroup": null, "w": 39, "h": 24, "y": 1994.03125, "x": 771, "structure_id": "Tb_59"}, {"parent_Field": "Fi_5", "parent_Choice_Field": null, "parent_ChoiceGroup": null, "w": 85, "h": 22, "y": 1936, "x": 141, "structure_id": "Tb_60"}, {"parent_Field": null, "parent_Choice_Field": null, "parent_ChoiceGroup": null, "w": 138.3760935767486, "h": 23, "y": 1993, "x": 140.99999999999994, "structure_id": "Tb_61"}, {"parent_Field": null, "parent_Choice_Field": null, "parent_ChoiceGroup": "Chgp_12", "w": 1349, "h": 22, "y": 1777, "x": 143, "structure_id": "Tb_62"}, {"parent_Field": null, "parent_Choice_Field": "Chf_35", "parent_ChoiceGroup": "Chgp_12", "w": 39, "h": 19, "y": 1817, "x": 182, "structure_id": "Tb_63"}, {"parent_Field": null, "parent_Choice_Field": "Chf_36", "parent_ChoiceGroup": "Chgp_12", "w": 30, "h": 19, "y": 1817, "x": 282, "structure_id": "Tb_64"}, {"parent_Field": null, "parent_Choice_Field": null, "parent_ChoiceGroup": "Chgp_13", "w": 1510, "h": 43, "y": 1679, "x": 94, "structure_id": "Tb_65"}, {"parent_Field": null, "parent_Choice_Field": "Chf_37", "parent_ChoiceGroup": "Chgp_13", "w": 39, "h": 20, "y": 1736, "x": 144, "structure_id": "Tb_66"}, {"parent_Field": null, "parent_Choice_Field": "Chf_38", "parent_ChoiceGroup": "Chgp_13", "w": 29, "h": 20, "y": 1736, "x": 244, "structure_id": "Tb_67"}, {"parent_Field": null, "parent_Choice_Field": null, "parent_ChoiceGroup": null, "w": 308, "h": 19, "y": 2124, "x": 86, "structure_id": "Tb_68"}, {"parent_Field": null, "parent_Choice_Field": null, "parent_ChoiceGroup": null, "w": 70, "h": 22, "y": 2125, "x": 1548, "structure_id": "Tb_69"}], "Choice_Field": [{"y": 203.39212598425195, "x": 101, "structure_id": "Chf_1", "w": 76, "h": 25}, {"y": 203.39212598425195, "x": 217.6692913385827, "structure_id": "Chf_2", "w": 68.3307086614173, "h": 25}, {"y": 340.8637795275591, "x": 99.14173228346456, "structure_id": "Chf_3", "w": 75.85826771653544, "h": 25.136220472440925}, {"y": 340.8637795275591, "x": 215.81102362204726, "structure_id": "Chf_4", "w": 68.18897637795274, "h": 25.136220472440925}, {"y": 456.58897637795275, "x": 703.236220472441, "structure_id": "Chf_5", "w": 130.763779527559, "h": 25.411023622047253}, {"y": 456.58897637795275, "x": 869.6307086614174, "structure_id": "Chf_6", "w": 102.36929133858257, "h": 25.411023622047253}, {"y": 456.58897637795275, "x": 1030.1023622047244, "structure_id": "Chf_7", "w": 112.89763779527561, "h": 25.411023622047253}, {"y": 419.50866141732286, "x": 703.236220472441, "structure_id": "Chf_8", "w": 130.763779527559, "h": 25.491338582677145}, {"y": 419.5023622047244, "x": 869.6307086614174, "structure_id": "Chf_9", "w": 102.36929133858257, "h": 25.49763779527558}, {"y": 419.5023622047244, "x": 1030.1023622047244, "structure_id": "Chf_10", "w": 112.89763779527561, "h": 25.49763779527558}, {"y": 493.68346456692916, "x": 703.236220472441, "structure_id": "Chf_11", "w": 130.763779527559, "h": 25.31653543307084}, {"y": 493.68346456692916, "x": 869.6307086614174, "structure_id": "Chf_12", "w": 102.36929133858257, "h": 25.31653543307084}, {"y": 493.68346456692916, "x": 1030.1023622047244, "structure_id": "Chf_13", "w": 112.89763779527561, "h": 25.31653543307084}, {"y": 530.7692913385827, "x": 703.236220472441, "structure_id": "Chf_14", "w": 130.763779527559, "h": 25.23070866141734}, {"y": 530.7692913385827, "x": 869.6307086614174, "structure_id": "Chf_15", "w": 102.36929133858257, "h": 25.23070866141734}, {"y": 530.7692913385827, "x": 1030.1023622047244, "structure_id": "Chf_16", "w": 112.89763779527561, "h": 25.23070866141734}, {"y": 567.8551181102363, "x": 703.236220472441, "structure_id": "Chf_17", "w": 130.763779527559, "h": 25.144881889763724}, {"y": 567.8551181102363, "x": 869.6307086614174, "structure_id": "Chf_18", "w": 102.36929133858257, "h": 25.144881889763724}, {"y": 567.8551181102363, "x": 1030.1023622047244, "structure_id": "Chf_19", "w": 112.89763779527561, "h": 25.144881889763724}, {"y": 606.1944881889764, "x": 703.236220472441, "structure_id": "Chf_20", "w": 130.763779527559, "h": 25}, {"y": 606.1944881889764, "x": 869.6307086614174, "structure_id": "Chf_21", "w": 102.36929133858257, "h": 25}, {"y": 606.1944881889764, "x": 1030.1023622047244, "structure_id": "Chf_22", "w": 112.89763779527561, "h": 25}, {"y": 419.50866141732286, "x": 139.56692913385825, "structure_id": "Chf_23", "w": 132.43307086614175, "h": 25.491338582677145}, {"y": 456.5968503937008, "x": 139.56692913385825, "structure_id": "Chf_24", "w": 108.43307086614175, "h": 25.403149606299223}, {"y": 493.69133858267713, "x": 139.56692913385825, "structure_id": "Chf_25", "w": 125.43307086614175, "h": 25.308661417322867}, {"y": 530.7779527559055, "x": 139.56692913385825, "structure_id": "Chf_26", "w": 103.43307086614175, "h": 25.222047244094483}, {"y": 567.863779527559, "x": 139.56692913385825, "structure_id": "Chf_27", "w": 95.43307086614175, "h": 25.136220472440982}, {"y": 604.9669291338583, "x": 139.56692913385825, "structure_id": "Chf_28", "w": 362.8503937007875, "h": 113.1606299212599}, {"y": 1227.192125984252, "x": 182.21102362204726, "structure_id": "Chf_29", "w": 132.78897637795274, "h": 25}, {"y": 1227.192125984252, "x": 342.792125984252, "structure_id": "Chf_30", "w": 121.20787401574802, "h": 25}, {"y": 1227.192125984252, "x": 493.4, "structure_id": "Chf_31", "w": 128.60000000000002, "h": 25}, {"y": 1227.192125984252, "x": 661.4220472440945, "structure_id": "Chf_32", "w": 117.57795275590547, "h": 25}, {"y": 1108.083464566929, "x": 99.30866141732284, "structure_id": "Chf_33", "w": 1159.6913385826772, "h": 25}, {"y": 1144.9496062992127, "x": 99.30866141732284, "structure_id": "Chf_34", "w": 65.69133858267716, "h": 25.050393700787254}, {"y": 1809.563779527559, "x": 145.68582677165355, "structure_id": "Chf_35", "w": 75.31417322834645, "h": 26.436220472440937}, {"y": 1809.5559055118113, "x": 247.04724409448818, "structure_id": "Chf_36", "w": 64.95275590551182, "h": 26.44409448818874}, {"y": 1728.8944881889765, "x": 107.31653543307087, "structure_id": "Chf_37", "w": 75.68346456692913, "h": 27.10551181102346}, {"y": 1728.8889763779528, "x": 208.67795275590552, "structure_id": "Chf_38", "w": 64.32204724409448, "h": 27.11102362204724}], "Field": [{"y": 71.35590551181103, "x": 81, "structure_id": "Fi_1", "w": 946.4637795275592, "h": 47.64409448818897}, {"y": 728, "x": 94, "structure_id": "Fi_2", "w": 1518.5661417322835, "h": 235.00787401574803}, {"y": 1264, "x": 92, "structure_id": "Fi_3", "w": 1507.536220472441, "h": 363.0141732283464}, {"y": 1975.5669291338584, "x": 283, "structure_id": "Fi_4", "w": 527, "h": 42.464320866141634}, {"y": 1920.6055118110237, "x": 141, "structure_id": "Fi_5", "w": 301.45039370078746, "h": 37.39448818897631}], "TextRun": [{"parent_TextBlock": "Tb_1", "text": "PATIENT/VETERAN'S SOCIAL SECURITY NO.", "parent_Field": "Fi_1", "parent_Choice_Field": null, "parent_ChoiceGroup": null, "w": 416, "h": 19, "y": 100, "x": 81, "structure_id": "Tr_1"}, {"parent_TextBlock": "Tb_2", "text": "SECTION V - AMPUTATION", "parent_Field": null, "parent_Choice_Field": null, "parent_ChoiceGroup": null, "w": 287, "h": 23, "y": 137, "x": 710, "structure_id": "Tr_2"}, {"parent_TextBlock": "Tb_3", "text": "(If \"Yes,\" also complete VA Form 21-0960M-1 Amputations Disability Benefits Questionnaire)", "parent_Field": null, "parent_Choice_Field": null, "parent_ChoiceGroup": null, "w": 843, "h": 22, "y": 207, "x": 294, "structure_id": "Tr_3"}, {"parent_TextBlock": "Tb_4", "text": "5. HAS THE VETERAN HAD AN AMPUTATION DUE TO OSTEOMYELITIS?", "parent_Field": null, "parent_Choice_Field": null, "parent_ChoiceGroup": "Chgp_1", "w": 667, "h": 20, "y": 173, "x": 98, "structure_id": "Tr_4"}, {"parent_TextBlock": "Tb_5", "text": "YES", "parent_Field": null, "parent_Choice_Field": "Chf_1", "parent_ChoiceGroup": "Chgp_1", "w": 39, "h": 19, "y": 209, "x": 138, "structure_id": "Tr_5"}, {"parent_TextBlock": "Tb_6", "text": "NO", "parent_Field": null, "parent_Choice_Field": "Chf_2", "parent_ChoiceGroup": "Chgp_1", "w": 29, "h": 19, "y": 209, "x": 257, "structure_id": "Tr_6"}, {"parent_TextBlock": "Tb_7", "text": "SECTION VI - ASSISTIVE DEVICES", "parent_Field": null, "parent_Choice_Field": null, "parent_ChoiceGroup": null, "w": 365, "h": 22, "y": 255, "x": 670, "structure_id": "Tr_7"}, {"parent_TextBlock": "Tb_8", "text": "6A. DOES THE VETERAN USE ANY ASSISTIVE DEVICES AS A NORMAL MODE OF LOCOMOTION, ALTHOUGH OCCASIONAL LOCOMOTION BY OTHER METHODS", "parent_Field": null, "parent_Choice_Field": null, "parent_ChoiceGroup": "Chgp_2", "w": 1494, "h": 20, "y": 287, "x": 97, "structure_id": "Tr_8"}, {"parent_TextBlock": "Tb_8", "text": "MAY BE POSSIBLE?", "parent_Field": null, "parent_Choice_Field": null, "parent_ChoiceGroup": "Chgp_2", "w": 186, "h": 20, "y": 310, "x": 97, "structure_id": "Tr_9"}, {"parent_TextBlock": "Tb_9", "text": "YES", "parent_Field": null, "parent_Choice_Field": "Chf_3", "parent_ChoiceGroup": "Chgp_2", "w": 39, "h": 20, "y": 346, "x": 136, "structure_id": "Tr_10"}, {"parent_TextBlock": "Tb_10", "text": "NO", "parent_Field": null, "parent_Choice_Field": "Chf_4", "parent_ChoiceGroup": "Chgp_2", "w": 29, "h": 20, "y": 346, "x": 255, "structure_id": "Tr_11"}, {"parent_TextBlock": "Tb_11", "text": "Frequency of use:", "parent_Field": null, "parent_Choice_Field": null, "parent_ChoiceGroup": "Chgp_3", "w": 156, "h": 20, "y": 462, "x": 520, "structure_id": "Tr_12"}, {"parent_TextBlock": "Tb_12", "text": "Occasional", "parent_Field": null, "parent_Choice_Field": "Chf_5", "parent_ChoiceGroup": "Chgp_3", "w": 96, "h": 20, "y": 462, "x": 738, "structure_id": "Tr_13"}, {"parent_TextBlock": "Tb_13", "text": "Regular", "parent_Field": null, "parent_Choice_Field": "Chf_6", "parent_ChoiceGroup": "Chgp_3", "w": 68, "h": 20, "y": 462, "x": 904, "structure_id": "Tr_14"}, {"parent_TextBlock": "Tb_14", "text": "Constant", "parent_Field": null, "parent_Choice_Field": "Chf_7", "parent_ChoiceGroup": "Chgp_3", "w": 78, "h": 20, "y": 462, "x": 1065, "structure_id": "Tr_15"}, {"parent_TextBlock": "Tb_15", "text": "Frequency of use:", "parent_Field": null, "parent_Choice_Field": null, "parent_ChoiceGroup": "Chgp_4", "w": 156, "h": 20, "y": 425, "x": 520, "structure_id": "Tr_16"}, {"parent_TextBlock": "Tb_16", "text": "Occasional", "parent_Field": null, "parent_Choice_Field": "Chf_8", "parent_ChoiceGroup": "Chgp_4", "w": 96, "h": 20, "y": 425, "x": 738, "structure_id": "Tr_17"}, {"parent_TextBlock": "Tb_17", "text": "Regular", "parent_Field": null, "parent_Choice_Field": "Chf_9", "parent_ChoiceGroup": "Chgp_4", "w": 68, "h": 20, "y": 425, "x": 904, "structure_id": "Tr_18"}, {"parent_TextBlock": "Tb_18", "text": "Constant", "parent_Field": null, "parent_Choice_Field": "Chf_10", "parent_ChoiceGroup": "Chgp_4", "w": 78, "h": 20, "y": 425, "x": 1065, "structure_id": "Tr_19"}, {"parent_TextBlock": "Tb_19", "text": "(If  the veteran uses any assistive devices, specify the condition and identify the assitive device used for each condition):", "parent_Field": "Fi_2", "parent_Choice_Field": null, "parent_ChoiceGroup": null, "w": 1068, "h": 22, "y": 728, "x": 94, "structure_id": "Tr_20"}, {"parent_TextBlock": "Tb_20", "text": "Frequency of use:", "parent_Field": null, "parent_Choice_Field": null, "parent_ChoiceGroup": "Chgp_5", "w": 156, "h": 20, "y": 499, "x": 520, "structure_id": "Tr_21"}, {"parent_TextBlock": "Tb_21", "text": "Occasional", "parent_Field": null, "parent_Choice_Field": "Chf_11", "parent_ChoiceGroup": "Chgp_5", "w": 96, "h": 20, "y": 499, "x": 738, "structure_id": "Tr_22"}, {"parent_TextBlock": "Tb_22", "text": "Regular", "parent_Field": null, "parent_Choice_Field": "Chf_12", "parent_ChoiceGroup": "Chgp_5", "w": 68, "h": 20, "y": 499, "x": 904, "structure_id": "Tr_23"}, {"parent_TextBlock": "Tb_23", "text": "Constant", "parent_Field": null, "parent_Choice_Field": "Chf_13", "parent_ChoiceGroup": "Chgp_5", "w": 78, "h": 20, "y": 499, "x": 1065, "structure_id": "Tr_24"}, {"parent_TextBlock": "Tb_24", "text": "Frequency of use:", "parent_Field": null, "parent_Choice_Field": null, "parent_ChoiceGroup": "Chgp_6", "w": 156, "h": 20, "y": 536, "x": 520, "structure_id": "Tr_25"}, {"parent_TextBlock": "Tb_25", "text": "Occasional", "parent_Field": null, "parent_Choice_Field": "Chf_14", "parent_ChoiceGroup": "Chgp_6", "w": 96, "h": 20, "y": 536, "x": 738, "structure_id": "Tr_26"}, {"parent_TextBlock": "Tb_26", "text": "Regular", "parent_Field": null, "parent_Choice_Field": "Chf_15", "parent_ChoiceGroup": "Chgp_6", "w": 68, "h": 20, "y": 536, "x": 904, "structure_id": "Tr_27"}, {"parent_TextBlock": "Tb_27", "text": "Constant", "parent_Field": null, "parent_Choice_Field": "Chf_16", "parent_ChoiceGroup": "Chgp_6", "w": 78, "h": 20, "y": 536, "x": 1065, "structure_id": "Tr_28"}, {"parent_TextBlock": "Tb_28", "text": "Frequency of use:", "parent_Field": null, "parent_Choice_Field": null, "parent_ChoiceGroup": "Chgp_7", "w": 156, "h": 20, "y": 573, "x": 520, "structure_id": "Tr_29"}, {"parent_TextBlock": "Tb_29", "text": "Occasional", "parent_Field": null, "parent_Choice_Field": "Chf_17", "parent_ChoiceGroup": "Chgp_7", "w": 96, "h": 20, "y": 573, "x": 738, "structure_id": "Tr_30"}, {"parent_TextBlock": "Tb_30", "text": "Regular", "parent_Field": null, "parent_Choice_Field": "Chf_18", "parent_ChoiceGroup": "Chgp_7", "w": 68, "h": 20, "y": 573, "x": 904, "structure_id": "Tr_31"}, {"parent_TextBlock": "Tb_31", "text": "Constant", "parent_Field": null, "parent_Choice_Field": "Chf_19", "parent_ChoiceGroup": "Chgp_7", "w": 78, "h": 20, "y": 573, "x": 1065, "structure_id": "Tr_32"}, {"parent_TextBlock": "Tb_32", "text": "Frequency of use:", "parent_Field": null, "parent_Choice_Field": null, "parent_ChoiceGroup": "Chgp_8", "w": 156, "h": 19, "y": 612, "x": 520, "structure_id": "Tr_33"}, {"parent_TextBlock": "Tb_33", "text": "Occasional", "parent_Field": null, "parent_Choice_Field": "Chf_20", "parent_ChoiceGroup": "Chgp_8", "w": 96, "h": 19, "y": 612, "x": 738, "structure_id": "Tr_34"}, {"parent_TextBlock": "Tb_34", "text": "Regular", "parent_Field": null, "parent_Choice_Field": "Chf_21", "parent_ChoiceGroup": "Chgp_8", "w": 68, "h": 19, "y": 612, "x": 904, "structure_id": "Tr_35"}, {"parent_TextBlock": "Tb_35", "text": "Constant", "parent_Field": null, "parent_Choice_Field": "Chf_22", "parent_ChoiceGroup": "Chgp_8", "w": 78, "h": 19, "y": 612, "x": 1065, "structure_id": "Tr_36"}, {"parent_TextBlock": "Tb_36", "text": "(If \"Yes,\" identify assistive devices used (check all that apply and indicate frequency):", "parent_Field": null, "parent_Choice_Field": null, "parent_ChoiceGroup": "Chgp_9", "w": 763, "h": 22, "y": 384, "x": 137, "structure_id": "Tr_37"}, {"parent_TextBlock": "Tb_37", "text": "Wheelchair", "parent_Field": null, "parent_Choice_Field": "Chf_23", "parent_ChoiceGroup": "Chgp_9", "w": 98, "h": 20, "y": 425, "x": 174, "structure_id": "Tr_38"}, {"parent_TextBlock": "Tb_38", "text": "Brace(s)", "parent_Field": null, "parent_Choice_Field": "Chf_24", "parent_ChoiceGroup": "Chgp_9", "w": 74, "h": 20, "y": 462, "x": 174, "structure_id": "Tr_39"}, {"parent_TextBlock": "Tb_39", "text": "Crutch(es)", "parent_Field": null, "parent_Choice_Field": "Chf_25", "parent_ChoiceGroup": "Chgp_9", "w": 91, "h": 20, "y": 499, "x": 174, "structure_id": "Tr_40"}, {"parent_TextBlock": "Tb_40", "text": "Cane(s)", "parent_Field": null, "parent_Choice_Field": "Chf_26", "parent_ChoiceGroup": "Chgp_9", "w": 69, "h": 20, "y": 536, "x": 174, "structure_id": "Tr_41"}, {"parent_TextBlock": "Tb_41", "text": "Walker", "parent_Field": null, "parent_Choice_Field": "Chf_27", "parent_ChoiceGroup": "Chgp_9", "w": 61, "h": 20, "y": 573, "x": 174, "structure_id": "Tr_42"}, {"parent_TextBlock": "Tb_42", "text": "Other:", "parent_Field": null, "parent_Choice_Field": "Chf_28", "parent_ChoiceGroup": "Chgp_9", "w": 54, "h": 19, "y": 611, "x": 174, "structure_id": "Tr_43"}, {"parent_TextBlock": "Tb_43", "text": "SECTION VII - REMAINING EFFECTIVE FUNCTION OF THE EXTREMITIES", "parent_Field": null, "parent_Choice_Field": null, "parent_ChoiceGroup": null, "w": 770, "h": 22, "y": 981, "x": 467, "structure_id": "Tr_44"}, {"parent_TextBlock": "Tb_44", "text": "For each checked extremity, identify the condition causing loss of function, describe loss of effective function and provide specific examples", "parent_Field": "Fi_3", "parent_Choice_Field": null, "parent_ChoiceGroup": null, "w": 1198, "h": 19, "y": 1267, "x": 92, "structure_id": "Tr_45"}, {"parent_TextBlock": "Tb_44", "text": "(brief summary)", "parent_Field": "Fi_3", "parent_Choice_Field": null, "parent_ChoiceGroup": null, "w": 160, "h": 23, "y": 1264, "x": 1290, "structure_id": "Tr_46"}, {"parent_TextBlock": "Tb_45", "text": "(If \"Yes,\" indicate extremities for which this applies):", "parent_Field": null, "parent_Choice_Field": null, "parent_ChoiceGroup": "Chgp_10", "w": 474, "h": 22, "y": 1198, "x": 92, "structure_id": "Tr_47"}, {"parent_TextBlock": "Tb_46", "text": "Right upper", "parent_Field": null, "parent_Choice_Field": "Chf_29", "parent_ChoiceGroup": "Chgp_10", "w": 101, "h": 19, "y": 1232, "x": 214, "structure_id": "Tr_48"}, {"parent_TextBlock": "Tb_47", "text": "Left upper", "parent_Field": null, "parent_Choice_Field": "Chf_30", "parent_ChoiceGroup": "Chgp_10", "w": 88, "h": 19, "y": 1232, "x": 376, "structure_id": "Tr_49"}, {"parent_TextBlock": "Tb_48", "text": "Right lower", "parent_Field": null, "parent_Choice_Field": "Chf_31", "parent_ChoiceGroup": "Chgp_10", "w": 98, "h": 19, "y": 1232, "x": 524, "structure_id": "Tr_50"}, {"parent_TextBlock": "Tb_49", "text": "Left lower", "parent_Field": null, "parent_Choice_Field": "Chf_32", "parent_ChoiceGroup": "Chgp_10", "w": 85, "h": 19, "y": 1232, "x": 694, "structure_id": "Tr_51"}, {"parent_TextBlock": "Tb_50", "text": "7. DUE TO THE VETERAN'S OSTEOMYELITIS OR RESIDUALS OF TREATMENTS, IS THERE FUNCTIONAL IMPAIRMENT OF AN EXTREMITY SUCH THAT NO", "parent_Field": null, "parent_Choice_Field": null, "parent_ChoiceGroup": "Chgp_11", "w": 1430, "h": 20, "y": 1014, "x": 95, "structure_id": "Tr_52"}, {"parent_TextBlock": "Tb_50", "text": "EFFECTIVE FUNCTION REMAINS OTHER THAN THAT WHICH WOULD BE EQUALLY WELL SERVED BY AN AMPUTATION WITH PROSTHESIS?", "parent_Field": null, "parent_Choice_Field": null, "parent_ChoiceGroup": "Chgp_11", "w": 1307, "h": 19, "y": 1040, "x": 95, "structure_id": "Tr_53"}, {"parent_TextBlock": "Tb_50", "text": "(Functions of the", "parent_Field": null, "parent_Choice_Field": null, "parent_ChoiceGroup": "Chgp_11", "w": 163, "h": 23, "y": 1037, "x": 1402, "structure_id": "Tr_54"}, {"parent_TextBlock": "Tb_50", "text": "upper extremity include grasping, manipulation, etc., while functions for the lower extremity include balance and propulsion, etc.)", "parent_Field": null, "parent_Choice_Field": null, "parent_ChoiceGroup": "Chgp_11", "w": 1160, "h": 22, "y": 1064, "x": 95, "structure_id": "Tr_55"}, {"parent_TextBlock": "Tb_51", "text": "YES, FUNCTIONING IS SO DIMINISHED THAT AMPUTATION WITH PROSTHESIS WOULD EQUALLY SERVE THE VETERAN", "parent_Field": null, "parent_Choice_Field": "Chf_33", "parent_ChoiceGroup": "Chgp_11", "w": 1123, "h": 19, "y": 1114, "x": 136, "structure_id": "Tr_56"}, {"parent_TextBlock": "Tb_52", "text": "NO", "parent_Field": null, "parent_Choice_Field": "Chf_34", "parent_ChoiceGroup": "Chgp_11", "w": 29, "h": 19, "y": 1151, "x": 136, "structure_id": "Tr_57"}, {"parent_TextBlock": "Tb_53", "text": "SECTION VIII - OTHER PERTINENT PHYSICAL FINDINGS, COMPLICATIONS, CONDITIONS, SIGNS AND/OR SYMPTOMS", "parent_Field": null, "parent_Choice_Field": null, "parent_ChoiceGroup": null, "w": 1258, "h": 22, "y": 1643, "x": 219, "structure_id": "Tr_58"}, {"parent_TextBlock": "Tb_54", "text": "(If \"No,' provide location and measurements of scar in centimeters.)", "parent_Field": null, "parent_Choice_Field": null, "parent_ChoiceGroup": null, "w": 611, "h": 22, "y": 1879, "x": 141, "structure_id": "Tr_59"}, {"parent_TextBlock": "Tb_55", "text": "NOTE:", "parent_Field": null, "parent_Choice_Field": null, "parent_ChoiceGroup": null, "w": 72, "h": 19, "y": 2029, "x": 127, "structure_id": "Tr_60"}, {"parent_TextBlock": "Tb_55", "text": "An \"unstable scar\" is one where, for any reason, there is frequent loss of covering of the skin over the scar.  If there are multiple scars, enter additional locations and measurements", "parent_Field": null, "parent_Choice_Field": null, "parent_ChoiceGroup": null, "w": 1399, "h": 19, "y": 2029, "x": 199, "structure_id": "Tr_61"}, {"parent_TextBlock": "Tb_55", "text": "in the Remarks section below.  It is not necessary to also complete a Scars DBQ.", "parent_Field": null, "parent_Choice_Field": null, "parent_ChoiceGroup": null, "w": 628, "h": 19, "y": 2054, "x": 127, "structure_id": "Tr_62"}, {"parent_TextBlock": "Tb_56", "text": "(If \"Yes,\" ALSO complete VA Form 21-0960F-1, Scars/Disfigurement Disability Benefits Questionnaire.)", "parent_Field": null, "parent_Choice_Field": null, "parent_ChoiceGroup": null, "w": 940, "h": 23, "y": 1850, "x": 141, "structure_id": "Tr_63"}, {"parent_TextBlock": "Tb_57", "parent_Field": "Fi_4", "parent_Choice_Field": null, "parent_ChoiceGroup": null, "w": 68, "h": 24, "y": 1991.03125, "x": 283, "structure_id": "Tr_64"}, {"parent_TextBlock": "Tb_58", "text": "", "parent_Field": "Fi_4", "parent_Choice_Field": null, "parent_ChoiceGroup": null, "w": 111, "h": 21, "y": 1993.03125, "x": 502, "structure_id": "Tr_65"}, {"parent_TextBlock": "Tb_59", "text": "", "parent_Field": "Fi_4", "parent_Choice_Field": null, "parent_ChoiceGroup": null, "w": 39, "h": 24, "y": 1994.03125, "x": 771, "structure_id": "Tr_66"}, {"parent_TextBlock": "Tb_60", "text": "Location:", "parent_Field": "Fi_5", "parent_Choice_Field": null, "parent_ChoiceGroup": null, "w": 85, "h": 22, "y": 1936, "x": 141, "structure_id": "Tr_67"}, {"parent_TextBlock": "Tb_61", "text": "Measurements:  Length                            cm X width                             cm.", "parent_Field": null, "parent_Choice_Field": null, "parent_ChoiceGroup": null, "w": 138.37609357674856, "h": 23, "y": 1993, "x": 140.99999999999994, "structure_id": "Tr_68"}, {"parent_TextBlock": "Tb_62", "text": "(If \"Yes,\" are any of the scars painful and/or unstable, or is the total area of all related scars greater than or equal to 39 square cm (6 square inches)?)", "parent_Field": null, "parent_Choice_Field": null, "parent_ChoiceGroup": "Chgp_12", "w": 1349, "h": 22, "y": 1777, "x": 143, "structure_id": "Tr_69"}, {"parent_TextBlock": "Tb_63", "text": "YES", "parent_Field": null, "parent_Choice_Field": "Chf_35", "parent_ChoiceGroup": "Chgp_12", "w": 39, "h": 19, "y": 1817, "x": 182, "structure_id": "Tr_70"}, {"parent_TextBlock": "Tb_64", "text": "NO", "parent_Field": null, "parent_Choice_Field": "Chf_36", "parent_ChoiceGroup": "Chgp_12", "w": 30, "h": 19, "y": 1817, "x": 282, "structure_id": "Tr_71"}, {"parent_TextBlock": "Tb_65", "text": "8A. DOES THE VETERAN HAVE ANY SCARS", "parent_Field": null, "parent_Choice_Field": null, "parent_ChoiceGroup": "Chgp_13", "w": 413, "h": 19, "y": 1679, "x": 94, "structure_id": "Tr_72"}, {"parent_TextBlock": "Tb_65", "text": "(SURGICAL OR OTHERWISE)", "parent_Field": null, "parent_Choice_Field": null, "parent_ChoiceGroup": "Chgp_13", "w": 252, "h": 19, "y": 1679, "x": 507, "structure_id": "Tr_73"}, {"parent_TextBlock": "Tb_65", "text": "RELATED TO ANY CONDITIONS OR TO THE TREATMENT OF ANY CONDITIONS LISTED IN", "parent_Field": null, "parent_Choice_Field": null, "parent_ChoiceGroup": "Chgp_13", "w": 845, "h": 19, "y": 1679, "x": 759, "structure_id": "Tr_74"}, {"parent_TextBlock": "Tb_65", "text": "THE DIAGNOSIS SECTION?", "parent_Field": null, "parent_Choice_Field": null, "parent_ChoiceGroup": "Chgp_13", "w": 261, "h": 20, "y": 1702, "x": 94, "structure_id": "Tr_75"}, {"parent_TextBlock": "Tb_66", "text": "YES", "parent_Field": null, "parent_Choice_Field": "Chf_37", "parent_ChoiceGroup": "Chgp_13", "w": 39, "h": 20, "y": 1736, "x": 144, "structure_id": "Tr_76"}, {"parent_TextBlock": "Tb_67", "text": "NO", "parent_Field": null, "parent_Choice_Field": "Chf_38", "parent_ChoiceGroup": "Chgp_13", "w": 29, "h": 20, "y": 1736, "x": 244, "structure_id": "Tr_77"}, {"parent_TextBlock": "Tb_68", "text": "VA\u00c2\u00a0FORM 21-0960M-11, SEP 2016", "parent_Field": null, "parent_Choice_Field": null, "parent_ChoiceGroup": null, "w": 308, "h": 19, "y": 2124, "x": 86, "structure_id": "Tr_78"}, {"parent_TextBlock": "Tb_69", "text": "Page 3", "parent_Field": null, "parent_Choice_Field": null, "parent_ChoiceGroup": null, "w": 70, "h": 22, "y": 2125, "x": 1548, "structure_id": "Tr_79"}], "ChoiceGroup": [{"y": 169.03125, "x": 91, "structure_id": "Chgp_1", "w": 1115, "h": 64}, {"y": 280.03125000000006, "x": 79, "structure_id": "Chgp_2", "w": 1539, "h": 688.8321703559919}, {"y": 451.03125, "x": 505, "structure_id": "Chgp_3", "w": 648, "h": 34}, {"y": 415.03419768606307, "x": 511.00234835638025, "structure_id": "Chgp_4", "w": 649.497181263395, "h": 36.14353756691562}, {"y": 488.03471615565445, "x": 513, "structure_id": "Chgp_5", "w": 636, "h": 35.67258423955143}, {"y": 526.03125, "x": 513, "structure_id": "Chgp_6", "w": 640, "h": 36}, {"y": 563.03125, "x": 513, "structure_id": "Chgp_7", "w": 642, "h": 35}, {"y": 599.03125, "x": 511, "structure_id": "Chgp_8", "w": 650, "h": 42}, {"y": 374.03125, "x": 123, "structure_id": "Chgp_9", "w": 1057, "h": 350}, {"y": 1187.03125, "x": 87, "structure_id": "Chgp_10", "w": 1521, "h": 442.0733060568257}, {"y": 1004.03125, "x": 79, "structure_id": "Chgp_11", "w": 1539, "h": 630}, {"y": 1769.0438142316352, "x": 133, "structure_id": "Chgp_12", "w": 1367, "h": 71.64529658160129}, {"y": 1672.03125, "x": 79, "structure_id": "Chgp_13", "w": 1541, "h": 175}]}