{"Widget": [{"parent_Field": "Fi_1", "parent_Choice_Field": null, "parent_ChoiceGroup": null, "w": 833.3086614173229, "h": 35.43307086614173, "y": 195.82755905511812, "x": 95.82755905511812, "structure_id": "Wi_1"}, {"parent_Field": "Fi_2", "parent_Choice_Field": null, "parent_ChoiceGroup": null, "w": 652.1251968503938, "h": 35.43307086614173, "y": 195.82755905511812, "x": 956.2196850393701, "structure_id": "Wi_2"}, {"parent_Field": "Fi_3", "parent_Choice_Field": null, "parent_ChoiceGroup": null, "w": 1510.3944881889763, "h": 470.86692913385826, "y": 1014.5669291338583, "x": 95.82755905511812, "structure_id": "Wi_3"}, {"parent_Field": null, "parent_Choice_Field": "Chf_1", "parent_ChoiceGroup": "Chgp_1", "w": 27.777952755905513, "h": 27.777952755905513, "y": 372.85039370078744, "x": 123.95590551181103, "structure_id": "Wi_4"}, {"parent_Field": null, "parent_Choice_Field": "Chf_2", "parent_ChoiceGroup": "Chgp_1", "w": 27.777952755905513, "h": 27.777952755905513, "y": 372.85039370078744, "x": 223.8779527559055, "structure_id": "Wi_5"}, {"parent_Field": null, "parent_Choice_Field": null, "parent_ChoiceGroup": null, "w": 233.23070866141734, "h": 35.43307086614173, "y": 868.5023622047244, "x": 127.24409448818898, "structure_id": "Wi_6"}, {"parent_Field": null, "parent_Choice_Field": null, "parent_ChoiceGroup": null, "w": 233.23070866141734, "h": 35.43307086614173, "y": 868.5023622047244, "x": 455.9055118110236, "structure_id": "Wi_7"}, {"parent_Field": null, "parent_Choice_Field": null, "parent_ChoiceGroup": null, "w": 460.3944881889764, "h": 35.43307086614173, "y": 868.5023622047244, "x": 754.407874015748, "structure_id": "Wi_8"}, {"parent_Field": null, "parent_Choice_Field": null, "parent_ChoiceGroup": null, "w": 372.9141732283465, "h": 35.43307086614173, "y": 868.5023622047244, "x": 1235.7472440944882, "structure_id": "Wi_9"}, {"parent_Field": null, "parent_Choice_Field": null, "parent_ChoiceGroup": null, "w": 233.23070866141734, "h": 35.43307086614173, "y": 801.8889763779529, "x": 127.24409448818898, "structure_id": "Wi_10"}, {"parent_Field": null, "parent_Choice_Field": null, "parent_ChoiceGroup": null, "w": 233.23070866141734, "h": 35.43307086614173, "y": 801.8889763779529, "x": 455.9055118110236, "structure_id": "Wi_11"}, {"parent_Field": null, "parent_Choice_Field": null, "parent_ChoiceGroup": null, "w": 460.3944881889764, "h": 35.43307086614173, "y": 801.8889763779529, "x": 754.407874015748, "structure_id": "Wi_12"}, {"parent_Field": null, "parent_Choice_Field": null, "parent_ChoiceGroup": null, "w": 372.9141732283465, "h": 35.43307086614173, "y": 801.8889763779529, "x": 1235.7472440944882, "structure_id": "Wi_13"}, {"parent_Field": null, "parent_Choice_Field": null, "parent_ChoiceGroup": null, "w": 233.23070866141734, "h": 35.43307086614173, "y": 735.2748031496063, "x": 127.24409448818898, "structure_id": "Wi_14"}, {"parent_Field": null, "parent_Choice_Field": null, "parent_ChoiceGroup": null, "w": 233.23070866141734, "h": 35.43307086614173, "y": 735.2748031496063, "x": 455.9055118110236, "structure_id": "Wi_15"}, {"parent_Field": null, "parent_Choice_Field": null, "parent_ChoiceGroup": null, "w": 460.3944881889764, "h": 35.43307086614173, "y": 735.2748031496063, "x": 754.407874015748, "structure_id": "Wi_16"}, {"parent_Field": null, "parent_Choice_Field": null, "parent_ChoiceGroup": null, "w": 372.9141732283465, "h": 35.43307086614173, "y": 735.2748031496063, "x": 1235.7472440944882, "structure_id": "Wi_17"}, {"parent_Field": null, "parent_Choice_Field": null, "parent_ChoiceGroup": null, "w": 233.23070866141734, "h": 35.43307086614173, "y": 668.6614173228346, "x": 127.24409448818898, "structure_id": "Wi_18"}, {"parent_Field": null, "parent_Choice_Field": null, "parent_ChoiceGroup": null, "w": 233.23070866141734, "h": 35.43307086614173, "y": 668.6614173228346, "x": 455.9055118110236, "structure_id": "Wi_19"}, {"parent_Field": null, "parent_Choice_Field": null, "parent_ChoiceGroup": null, "w": 460.3944881889764, "h": 35.43307086614173, "y": 668.6614173228346, "x": 754.407874015748, "structure_id": "Wi_20"}, {"parent_Field": null, "parent_Choice_Field": null, "parent_ChoiceGroup": null, "w": 372.9141732283465, "h": 35.43307086614173, "y": 668.6614173228346, "x": 1235.7472440944882, "structure_id": "Wi_21"}, {"parent_Field": null, "parent_Choice_Field": null, "parent_ChoiceGroup": null, "w": 233.23070866141734, "h": 35.43307086614173, "y": 600, "x": 127.24409448818898, "structure_id": "Wi_22"}, {"parent_Field": null, "parent_Choice_Field": null, "parent_ChoiceGroup": null, "w": 233.23070866141734, "h": 35.43307086614173, "y": 600, "x": 455.9055118110236, "structure_id": "Wi_23"}, {"parent_Field": null, "parent_Choice_Field": null, "parent_ChoiceGroup": null, "w": 460.3944881889764, "h": 35.43307086614173, "y": 600, "x": 754.4, "structure_id": "Wi_24"}, {"parent_Field": null, "parent_Choice_Field": null, "parent_ChoiceGroup": null, "w": 372.9141732283465, "h": 35.43307086614173, "y": 600, "x": 1235.7472440944882, "structure_id": "Wi_25"}, {"parent_Field": "Fi_4", "parent_Choice_Field": null, "parent_ChoiceGroup": null, "w": 841.6503937007874, "h": 35.43307086614173, "y": 1733.308661417323, "x": 266.6913385826772, "structure_id": "Wi_26"}, {"parent_Field": "Fi_5", "parent_Choice_Field": null, "parent_ChoiceGroup": null, "w": 233.23070866141734, "h": 35.43307086614173, "y": 1733.308661417323, "x": 1137.48031496063, "structure_id": "Wi_27"}, {"parent_Field": "Fi_6", "parent_Choice_Field": null, "parent_ChoiceGroup": null, "w": 566.6913385826772, "h": 35.43307086614173, "y": 2029.2913385826773, "x": 272.91417322834644, "structure_id": "Wi_28"}, {"parent_Field": "Fi_7", "parent_Choice_Field": null, "parent_ChoiceGroup": null, "w": 750, "h": 35.43307086614173, "y": 1902.0472440944884, "x": 93.78031496062992, "structure_id": "Wi_29"}, {"parent_Field": "Fi_8", "parent_Choice_Field": null, "parent_ChoiceGroup": null, "w": 731.3385826771654, "h": 35.43307086614173, "y": 1902.0472440944884, "x": 881.2, "structure_id": "Wi_30"}, {"parent_Field": "Fi_9", "parent_Choice_Field": null, "parent_ChoiceGroup": null, "w": 233.23070866141734, "h": 35.43307086614173, "y": 2029.2913385826773, "x": 883.2275590551181, "structure_id": "Wi_31"}, {"parent_Field": "Fi_10", "parent_Choice_Field": null, "parent_ChoiceGroup": null, "w": 233.23070866141734, "h": 35.43307086614173, "y": 2029.2913385826773, "x": 1277.4031496062992, "structure_id": "Wi_32"}, {"parent_Field": null, "parent_Choice_Field": "Chf_3", "parent_ChoiceGroup": "Chgp_2", "w": 27.777952755905513, "h": 27.777952755905513, "y": 1974.9779527559056, "x": 99.38897637795276, "structure_id": "Wi_33"}, {"parent_Field": null, "parent_Choice_Field": "Chf_4", "parent_ChoiceGroup": "Chgp_2", "w": 27.777952755905513, "h": 27.777952755905513, "y": 1977.1023622047244, "x": 257.73307086614176, "structure_id": "Wi_34"}, {"parent_Field": null, "parent_Choice_Field": "Chf_5", "parent_ChoiceGroup": "Chgp_2", "w": 27.777952755905513, "h": 27.777952755905513, "y": 1977.1834645669292, "x": 436.5527559055118, "structure_id": "Wi_35"}], "TextBlock": [{"parent_Field": "Fi_1", "parent_Choice_Field": null, "parent_ChoiceGroup": null, "w": 816, "h": 20, "y": 150, "x": 93, "structure_id": "Tb_1"}, {"parent_Field": "Fi_2", "parent_Choice_Field": null, "parent_ChoiceGroup": null, "w": 591, "h": 19, "y": 153, "x": 953, "structure_id": "Tb_2"}, {"parent_Field": null, "parent_Choice_Field": null, "parent_ChoiceGroup": null, "w": 790, "h": 22, "y": 113, "x": 89, "structure_id": "Tb_3"}, {"parent_Field": null, "parent_Choice_Field": null, "parent_ChoiceGroup": null, "w": 587, "h": 27, "y": 263, "x": 560, "structure_id": "Tb_4"}, {"parent_Field": "Fi_3", "parent_Choice_Field": null, "parent_ChoiceGroup": null, "w": 1521, "h": 75, "y": 917, "x": 92, "structure_id": "Tb_5"}, {"parent_Field": null, "parent_Choice_Field": null, "parent_ChoiceGroup": "Chgp_1", "w": 1477, "h": 49, "y": 315, "x": 87, "structure_id": "Tb_6"}, {"parent_Field": null, "parent_Choice_Field": "Chf_1", "parent_ChoiceGroup": "Chgp_1", "w": 38, "h": 19, "y": 381, "x": 158, "structure_id": "Tb_7"}, {"parent_Field": null, "parent_Choice_Field": "Chf_2", "parent_ChoiceGroup": "Chgp_1", "w": 29, "h": 19, "y": 381, "x": 261, "structure_id": "Tb_8"}, {"parent_Field": null, "parent_Choice_Field": null, "parent_ChoiceGroup": null, "w": 953, "h": 81, "y": 418, "x": 380, "structure_id": "Tb_9"}, {"parent_Field": null, "parent_Choice_Field": null, "parent_ChoiceGroup": null, "w": 179, "h": 42, "y": 522, "x": 156, "structure_id": "Tb_10"}, {"parent_Field": null, "parent_Choice_Field": null, "parent_ChoiceGroup": null, "w": 369, "h": 42, "y": 522, "x": 801, "structure_id": "Tb_11"}, {"parent_Field": null, "parent_Choice_Field": null, "parent_ChoiceGroup": null, "w": 204, "h": 42, "y": 522, "x": 474, "structure_id": "Tb_12"}, {"parent_Field": null, "parent_Choice_Field": null, "parent_ChoiceGroup": null, "w": 183, "h": 42, "y": 522, "x": 1334, "structure_id": "Tb_13"}, {"parent_Field": null, "parent_Choice_Field": null, "parent_ChoiceGroup": null, "w": 801, "h": 58, "y": 1518, "x": 419, "structure_id": "Tb_14"}, {"parent_Field": null, "parent_Choice_Field": null, "parent_ChoiceGroup": null, "w": 461, "h": 22, "y": 1685, "x": 87, "structure_id": "Tb_15"}, {"parent_Field": null, "parent_Choice_Field": null, "parent_ChoiceGroup": null, "w": 1250, "h": 25, "y": 1581, "x": 99, "structure_id": "Tb_16"}, {"parent_Field": "Fi_4", "parent_Choice_Field": null, "parent_ChoiceGroup": null, "w": 111, "h": 39, "y": 1725, "x": 102, "structure_id": "Tb_17"}, {"parent_Field": null, "parent_Choice_Field": null, "parent_ChoiceGroup": null, "w": 1518, "h": 53, "y": 1615, "x": 88, "structure_id": "Tb_18"}, {"parent_Field": "Fi_5", "parent_Choice_Field": null, "parent_ChoiceGroup": null, "w": 183, "h": 19, "y": 1687, "x": 1127, "structure_id": "Tb_19"}, {"parent_Field": null, "parent_Choice_Field": null, "parent_ChoiceGroup": null, "w": 869, "h": 58, "y": 1784, "x": 420, "structure_id": "Tb_20"}, {"parent_Field": "Fi_6", "parent_Choice_Field": null, "parent_ChoiceGroup": null, "w": 106, "h": 39, "y": 2025, "x": 100, "structure_id": "Tb_21"}, {"parent_Field": "Fi_7", "parent_Choice_Field": null, "parent_ChoiceGroup": null, "w": 640, "h": 22, "y": 1852, "x": 87, "structure_id": "Tb_22"}, {"parent_Field": "Fi_8", "parent_Choice_Field": null, "parent_ChoiceGroup": null, "w": 696, "h": 45, "y": 1854, "x": 867, "structure_id": "Tb_23"}, {"parent_Field": "Fi_9", "parent_Choice_Field": null, "parent_ChoiceGroup": null, "w": 183, "h": 20, "y": 1951, "x": 869, "structure_id": "Tb_24"}, {"parent_Field": "Fi_10", "parent_Choice_Field": null, "parent_ChoiceGroup": null, "w": 318, "h": 20, "y": 1951, "x": 1267, "structure_id": "Tb_25"}, {"parent_Field": null, "parent_Choice_Field": null, "parent_ChoiceGroup": "Chgp_2", "w": 497, "h": 22, "y": 1950, "x": 87, "structure_id": "Tb_26"}, {"parent_Field": null, "parent_Choice_Field": "Chf_3", "parent_ChoiceGroup": "Chgp_2", "w": 79, "h": 20, "y": 1982, "x": 136, "structure_id": "Tb_27"}, {"parent_Field": null, "parent_Choice_Field": "Chf_4", "parent_ChoiceGroup": "Chgp_2", "w": 103, "h": 20, "y": 1984, "x": 294, "structure_id": "Tb_28"}, {"parent_Field": null, "parent_Choice_Field": "Chf_5", "parent_ChoiceGroup": "Chgp_2", "w": 115, "h": 20, "y": 1983, "x": 472, "structure_id": "Tb_29"}], "Choice_Field": [{"y": 372.85039370078744, "x": 123.95590551181103, "structure_id": "Chf_1", "w": 72.04409448818897, "h": 27.777952755905517}, {"y": 372.85039370078744, "x": 223.8779527559055, "structure_id": "Chf_2", "w": 66.12204724409449, "h": 27.777952755905517}, {"y": 1974.9779527559056, "x": 99.38897637795276, "structure_id": "Chf_3", "w": 115.61102362204724, "h": 27.777952755905517}, {"y": 1977.1023622047244, "x": 257.73307086614176, "structure_id": "Chf_4", "w": 139.26692913385824, "h": 27.777952755905517}, {"y": 1977.1834645669292, "x": 436.5527559055118, "structure_id": "Chf_5", "w": 150.4472440944882, "h": 27.777952755905517}], "Field": [{"y": 150, "x": 93, "structure_id": "Fi_1", "w": 836.136220472441, "h": 81.26062992125986}, {"y": 153, "x": 953, "structure_id": "Fi_2", "w": 655.3448818897639, "h": 78.26062992125986}, {"y": 917, "x": 92, "structure_id": "Fi_3", "w": 1521, "h": 568.4338582677165}, {"y": 1725, "x": 102, "structure_id": "Fi_4", "w": 1006.3417322834646, "h": 43.74173228346467}, {"y": 1687, "x": 1127, "structure_id": "Fi_5", "w": 243.71102362204738, "h": 81.74173228346467}, {"y": 2025, "x": 100, "structure_id": "Fi_6", "w": 739.6055118110237, "h": 39.72440944881919}, {"y": 1852, "x": 87, "structure_id": "Fi_7", "w": 756.7803149606299, "h": 85.48031496063004}, {"y": 1854, "x": 867, "structure_id": "Fi_8", "w": 745.5385826771653, "h": 83.48031496063004}, {"y": 1951, "x": 869, "structure_id": "Fi_9", "w": 247.45826771653537, "h": 113.72440944881919}, {"y": 1951, "x": 1267, "structure_id": "Fi_10", "w": 318, "h": 113.72440944881919}], "TextRun": [{"parent_TextBlock": "Tb_1", "text": "14A. NAME OF VETERAN ON WHOSE ACCOUNT YOU PREVIOUSLY CLAIMED BENEFITS", "parent_Field": "Fi_1", "parent_Choice_Field": null, "parent_ChoiceGroup": null, "w": 816, "h": 20, "y": 150, "x": 93, "structure_id": "Tr_1"}, {"parent_TextBlock": "Tb_2", "text": "14B. VETERANS FILE NUMBER OR SOCIAL SECURITY NUMBER", "parent_Field": "Fi_2", "parent_Choice_Field": null, "parent_ChoiceGroup": null, "w": 591, "h": 19, "y": 153, "x": 953, "structure_id": "Tr_2"}, {"parent_TextBlock": "Tb_3", "text": "\u00c2\u00a0NOTE:\u00c2\u00a0", "parent_Field": null, "parent_Choice_Field": null, "parent_ChoiceGroup": null, "w": 81, "h": 22, "y": 113, "x": 89, "structure_id": "Tr_3"}, {"parent_TextBlock": "Tb_3", "text": "COMPLETE ITEMS 14A AND 14B ONLY IF YOU CHECKED ITEM 13D", "parent_Field": null, "parent_Choice_Field": null, "parent_ChoiceGroup": null, "w": 709, "h": 22, "y": 113, "x": 170, "structure_id": "Tr_4"}, {"parent_TextBlock": "Tb_4", "text": "PART IV - APPLICANT'S MILITARY SERVICE", "parent_Field": null, "parent_Choice_Field": null, "parent_ChoiceGroup": null, "w": 587, "h": 27, "y": 263, "x": 560, "structure_id": "Tr_5"}, {"parent_TextBlock": "Tb_5", "text": "17.", "parent_Field": "Fi_3", "parent_Choice_Field": null, "parent_ChoiceGroup": null, "w": 32, "h": 19, "y": 919, "x": 92, "structure_id": "Tr_6"}, {"parent_TextBlock": "Tb_5", "text": "REMARKS", "parent_Field": "Fi_3", "parent_Choice_Field": null, "parent_ChoiceGroup": null, "w": 101, "h": 19, "y": 919, "x": 131, "structure_id": "Tr_7"}, {"parent_TextBlock": "Tb_5", "text": "(Use", "parent_Field": "Fi_3", "parent_Choice_Field": null, "parent_ChoiceGroup": null, "w": 47, "h": 22, "y": 917, "x": 233, "structure_id": "Tr_8"}, {"parent_TextBlock": "Tb_5", "text": "this", "parent_Field": "Fi_3", "parent_Choice_Field": null, "parent_ChoiceGroup": null, "w": 38, "h": 22, "y": 917, "x": 281, "structure_id": "Tr_9"}, {"parent_TextBlock": "Tb_5", "text": "space", "parent_Field": "Fi_3", "parent_Choice_Field": null, "parent_ChoiceGroup": null, "w": 56, "h": 22, "y": 917, "x": 319, "structure_id": "Tr_10"}, {"parent_TextBlock": "Tb_5", "text": "to", "parent_Field": "Fi_3", "parent_Choice_Field": null, "parent_ChoiceGroup": null, "w": 23, "h": 22, "y": 917, "x": 376, "structure_id": "Tr_11"}, {"parent_TextBlock": "Tb_5", "text": "provide", "parent_Field": "Fi_3", "parent_Choice_Field": null, "parent_ChoiceGroup": null, "w": 73, "h": 22, "y": 917, "x": 400, "structure_id": "Tr_12"}, {"parent_TextBlock": "Tb_5", "text": "information", "parent_Field": "Fi_3", "parent_Choice_Field": null, "parent_ChoiceGroup": null, "w": 110, "h": 22, "y": 917, "x": 474, "structure_id": "Tr_13"}, {"parent_TextBlock": "Tb_5", "text": "that", "parent_Field": "Fi_3", "parent_Choice_Field": null, "parent_ChoiceGroup": null, "w": 40, "h": 22, "y": 917, "x": 585, "structure_id": "Tr_14"}, {"parent_TextBlock": "Tb_5", "text": "does", "parent_Field": "Fi_3", "parent_Choice_Field": null, "parent_ChoiceGroup": null, "w": 47, "h": 22, "y": 917, "x": 625, "structure_id": "Tr_15"}, {"parent_TextBlock": "Tb_5", "text": "not", "parent_Field": "Fi_3", "parent_Choice_Field": null, "parent_ChoiceGroup": null, "w": 34, "h": 22, "y": 917, "x": 672, "structure_id": "Tr_16"}, {"parent_TextBlock": "Tb_5", "text": "fit", "parent_Field": "Fi_3", "parent_Choice_Field": null, "parent_ChoiceGroup": null, "w": 24, "h": 22, "y": 917, "x": 707, "structure_id": "Tr_17"}, {"parent_TextBlock": "Tb_5", "text": "elsewhere", "parent_Field": "Fi_3", "parent_Choice_Field": null, "parent_ChoiceGroup": null, "w": 94, "h": 22, "y": 917, "x": 732, "structure_id": "Tr_18"}, {"parent_TextBlock": "Tb_5", "text": "on", "parent_Field": "Fi_3", "parent_Choice_Field": null, "parent_ChoiceGroup": null, "w": 27, "h": 22, "y": 917, "x": 827, "structure_id": "Tr_19"}, {"parent_TextBlock": "Tb_5", "text": "this", "parent_Field": "Fi_3", "parent_Choice_Field": null, "parent_ChoiceGroup": null, "w": 38, "h": 22, "y": 917, "x": 855, "structure_id": "Tr_20"}, {"parent_TextBlock": "Tb_5", "text": "form", "parent_Field": "Fi_3", "parent_Choice_Field": null, "parent_ChoiceGroup": null, "w": 48, "h": 22, "y": 917, "x": 893, "structure_id": "Tr_21"}, {"parent_TextBlock": "Tb_5", "text": "or", "parent_Field": "Fi_3", "parent_Choice_Field": null, "parent_ChoiceGroup": null, "w": 25, "h": 22, "y": 917, "x": 942, "structure_id": "Tr_22"}, {"parent_TextBlock": "Tb_5", "text": "that", "parent_Field": "Fi_3", "parent_Choice_Field": null, "parent_ChoiceGroup": null, "w": 41, "h": 22, "y": 917, "x": 967, "structure_id": "Tr_23"}, {"parent_TextBlock": "Tb_5", "text": "will", "parent_Field": "Fi_3", "parent_Choice_Field": null, "parent_ChoiceGroup": null, "w": 39, "h": 22, "y": 917, "x": 1008, "structure_id": "Tr_24"}, {"parent_TextBlock": "Tb_5", "text": "help", "parent_Field": "Fi_3", "parent_Choice_Field": null, "parent_ChoiceGroup": null, "w": 44, "h": 22, "y": 917, "x": 1048, "structure_id": "Tr_25"}, {"parent_TextBlock": "Tb_5", "text": "VA", "parent_Field": "Fi_3", "parent_Choice_Field": null, "parent_ChoiceGroup": null, "w": 33, "h": 22, "y": 917, "x": 1092, "structure_id": "Tr_26"}, {"parent_TextBlock": "Tb_5", "text": "process", "parent_Field": "Fi_3", "parent_Choice_Field": null, "parent_ChoiceGroup": null, "w": 73, "h": 22, "y": 917, "x": 1126, "structure_id": "Tr_27"}, {"parent_TextBlock": "Tb_5", "text": "your", "parent_Field": "Fi_3", "parent_Choice_Field": null, "parent_ChoiceGroup": null, "w": 46, "h": 22, "y": 917, "x": 1200, "structure_id": "Tr_28"}, {"parent_TextBlock": "Tb_5", "text": "claim.", "parent_Field": "Fi_3", "parent_Choice_Field": null, "parent_ChoiceGroup": null, "w": 61, "h": 22, "y": 917, "x": 1246, "structure_id": "Tr_29"}, {"parent_TextBlock": "Tb_5", "text": "Refer", "parent_Field": "Fi_3", "parent_Choice_Field": null, "parent_ChoiceGroup": null, "w": 53, "h": 22, "y": 917, "x": 1314, "structure_id": "Tr_30"}, {"parent_TextBlock": "Tb_5", "text": "to", "parent_Field": "Fi_3", "parent_Choice_Field": null, "parent_ChoiceGroup": null, "w": 23, "h": 22, "y": 917, "x": 1368, "structure_id": "Tr_31"}, {"parent_TextBlock": "Tb_5", "text": "the", "parent_Field": "Fi_3", "parent_Choice_Field": null, "parent_ChoiceGroup": null, "w": 32, "h": 22, "y": 917, "x": 1392, "structure_id": "Tr_32"}, {"parent_TextBlock": "Tb_5", "text": "item", "parent_Field": "Fi_3", "parent_Choice_Field": null, "parent_ChoiceGroup": null, "w": 44, "h": 22, "y": 917, "x": 1425, "structure_id": "Tr_33"}, {"parent_TextBlock": "Tb_5", "text": "numbers", "parent_Field": "Fi_3", "parent_Choice_Field": null, "parent_ChoiceGroup": null, "w": 82, "h": 22, "y": 917, "x": 1469, "structure_id": "Tr_34"}, {"parent_TextBlock": "Tb_5", "text": "on", "parent_Field": "Fi_3", "parent_Choice_Field": null, "parent_ChoiceGroup": null, "w": 28, "h": 22, "y": 917, "x": 1552, "structure_id": "Tr_35"}, {"parent_TextBlock": "Tb_5", "text": "this", "parent_Field": "Fi_3", "parent_Choice_Field": null, "parent_ChoiceGroup": null, "w": 33, "h": 22, "y": 917, "x": 1580, "structure_id": "Tr_36"}, {"parent_TextBlock": "Tb_5", "text": "form", "parent_Field": "Fi_3", "parent_Choice_Field": null, "parent_ChoiceGroup": null, "w": 47, "h": 23, "y": 943, "x": 92, "structure_id": "Tr_37"}, {"parent_TextBlock": "Tb_5", "text": "to", "parent_Field": "Fi_3", "parent_Choice_Field": null, "parent_ChoiceGroup": null, "w": 23, "h": 23, "y": 943, "x": 141, "structure_id": "Tr_38"}, {"parent_TextBlock": "Tb_5", "text": "help", "parent_Field": "Fi_3", "parent_Choice_Field": null, "parent_ChoiceGroup": null, "w": 44, "h": 23, "y": 943, "x": 165, "structure_id": "Tr_39"}, {"parent_TextBlock": "Tb_5", "text": "us", "parent_Field": "Fi_3", "parent_Choice_Field": null, "parent_ChoiceGroup": null, "w": 25, "h": 23, "y": 943, "x": 211, "structure_id": "Tr_40"}, {"parent_TextBlock": "Tb_5", "text": "match", "parent_Field": "Fi_3", "parent_Choice_Field": null, "parent_ChoiceGroup": null, "w": 59, "h": 23, "y": 943, "x": 238, "structure_id": "Tr_41"}, {"parent_TextBlock": "Tb_5", "text": "your", "parent_Field": "Fi_3", "parent_Choice_Field": null, "parent_ChoiceGroup": null, "w": 46, "h": 23, "y": 943, "x": 299, "structure_id": "Tr_42"}, {"parent_TextBlock": "Tb_5", "text": "answers", "parent_Field": "Fi_3", "parent_Choice_Field": null, "parent_ChoiceGroup": null, "w": 78, "h": 23, "y": 943, "x": 347, "structure_id": "Tr_43"}, {"parent_TextBlock": "Tb_5", "text": "to", "parent_Field": "Fi_3", "parent_Choice_Field": null, "parent_ChoiceGroup": null, "w": 23, "h": 23, "y": 943, "x": 427, "structure_id": "Tr_44"}, {"parent_TextBlock": "Tb_5", "text": "the", "parent_Field": "Fi_3", "parent_Choice_Field": null, "parent_ChoiceGroup": null, "w": 33, "h": 23, "y": 943, "x": 451, "structure_id": "Tr_45"}, {"parent_TextBlock": "Tb_5", "text": "correct", "parent_Field": "Fi_3", "parent_Choice_Field": null, "parent_ChoiceGroup": null, "w": 69, "h": 23, "y": 943, "x": 486, "structure_id": "Tr_46"}, {"parent_TextBlock": "Tb_5", "text": "questions.", "parent_Field": "Fi_3", "parent_Choice_Field": null, "parent_ChoiceGroup": null, "w": 95, "h": 23, "y": 943, "x": 557, "structure_id": "Tr_47"}, {"parent_TextBlock": "Tb_5", "text": "If", "parent_Field": "Fi_3", "parent_Choice_Field": null, "parent_ChoiceGroup": null, "w": 19, "h": 23, "y": 943, "x": 661, "structure_id": "Tr_48"}, {"parent_TextBlock": "Tb_5", "text": "more", "parent_Field": "Fi_3", "parent_Choice_Field": null, "parent_ChoiceGroup": null, "w": 51, "h": 23, "y": 943, "x": 682, "structure_id": "Tr_49"}, {"parent_TextBlock": "Tb_5", "text": "space", "parent_Field": "Fi_3", "parent_Choice_Field": null, "parent_ChoiceGroup": null, "w": 56, "h": 23, "y": 943, "x": 734, "structure_id": "Tr_50"}, {"parent_TextBlock": "Tb_5", "text": "is", "parent_Field": "Fi_3", "parent_Choice_Field": null, "parent_ChoiceGroup": null, "w": 20, "h": 23, "y": 943, "x": 792, "structure_id": "Tr_51"}, {"parent_TextBlock": "Tb_5", "text": "needed,", "parent_Field": "Fi_3", "parent_Choice_Field": null, "parent_ChoiceGroup": null, "w": 74, "h": 23, "y": 943, "x": 814, "structure_id": "Tr_52"}, {"parent_TextBlock": "Tb_5", "text": "please", "parent_Field": "Fi_3", "parent_Choice_Field": null, "parent_ChoiceGroup": null, "w": 62, "h": 23, "y": 943, "x": 890, "structure_id": "Tr_53"}, {"parent_TextBlock": "Tb_5", "text": "attach", "parent_Field": "Fi_3", "parent_Choice_Field": null, "parent_ChoiceGroup": null, "w": 61, "h": 23, "y": 943, "x": 954, "structure_id": "Tr_54"}, {"parent_TextBlock": "Tb_5", "text": "separate", "parent_Field": "Fi_3", "parent_Choice_Field": null, "parent_ChoiceGroup": null, "w": 82, "h": 23, "y": 943, "x": 1016, "structure_id": "Tr_55"}, {"parent_TextBlock": "Tb_5", "text": "sheets", "parent_Field": "Fi_3", "parent_Choice_Field": null, "parent_ChoiceGroup": null, "w": 60, "h": 23, "y": 943, "x": 1100, "structure_id": "Tr_56"}, {"parent_TextBlock": "Tb_5", "text": "of", "parent_Field": "Fi_3", "parent_Choice_Field": null, "parent_ChoiceGroup": null, "w": 23, "h": 23, "y": 943, "x": 1161, "structure_id": "Tr_57"}, {"parent_TextBlock": "Tb_5", "text": "paper.", "parent_Field": "Fi_3", "parent_Choice_Field": null, "parent_ChoiceGroup": null, "w": 63, "h": 23, "y": 943, "x": 1186, "structure_id": "Tr_58"}, {"parent_TextBlock": "Tb_5", "text": "Be", "parent_Field": "Fi_3", "parent_Choice_Field": null, "parent_ChoiceGroup": null, "w": 29, "h": 23, "y": 943, "x": 1258, "structure_id": "Tr_59"}, {"parent_TextBlock": "Tb_5", "text": "sure", "parent_Field": "Fi_3", "parent_Choice_Field": null, "parent_ChoiceGroup": null, "w": 44, "h": 23, "y": 943, "x": 1288, "structure_id": "Tr_60"}, {"parent_TextBlock": "Tb_5", "text": "to", "parent_Field": "Fi_3", "parent_Choice_Field": null, "parent_ChoiceGroup": null, "w": 22, "h": 23, "y": 943, "x": 1334, "structure_id": "Tr_61"}, {"parent_TextBlock": "Tb_5", "text": "place", "parent_Field": "Fi_3", "parent_Choice_Field": null, "parent_ChoiceGroup": null, "w": 54, "h": 23, "y": 943, "x": 1358, "structure_id": "Tr_62"}, {"parent_TextBlock": "Tb_5", "text": "your", "parent_Field": "Fi_3", "parent_Choice_Field": null, "parent_ChoiceGroup": null, "w": 47, "h": 23, "y": 943, "x": 1413, "structure_id": "Tr_63"}, {"parent_TextBlock": "Tb_5", "text": "name", "parent_Field": "Fi_3", "parent_Choice_Field": null, "parent_ChoiceGroup": null, "w": 54, "h": 23, "y": 943, "x": 1461, "structure_id": "Tr_64"}, {"parent_TextBlock": "Tb_5", "text": "and", "parent_Field": "Fi_3", "parent_Choice_Field": null, "parent_ChoiceGroup": null, "w": 39, "h": 23, "y": 943, "x": 1516, "structure_id": "Tr_65"}, {"parent_TextBlock": "Tb_5", "text": "Social", "parent_Field": "Fi_3", "parent_Choice_Field": null, "parent_ChoiceGroup": null, "w": 56, "h": 23, "y": 943, "x": 1557, "structure_id": "Tr_66"}, {"parent_TextBlock": "Tb_5", "text": "Security Number on each additional page)", "parent_Field": "Fi_3", "parent_Choice_Field": null, "parent_ChoiceGroup": null, "w": 378, "h": 22, "y": 970, "x": 92, "structure_id": "Tr_67"}, {"parent_TextBlock": "Tb_6", "text": "\u00c2\u00a015.\u00c2\u00a0HAVE YOU EVER SERVED ON ACTIVE DUTY IN THE ARMED FORCES?", "parent_Field": null, "parent_Choice_Field": null, "parent_ChoiceGroup": "Chgp_1", "w": 698, "h": 20, "y": 317, "x": 87, "structure_id": "Tr_68"}, {"parent_TextBlock": "Tb_6", "text": "(Including an initial period of active duty for training for a period of 3 months or more", "parent_Field": null, "parent_Choice_Field": null, "parent_ChoiceGroup": "Chgp_1", "w": 774, "h": 22, "y": 315, "x": 790, "structure_id": "Tr_69"}, {"parent_TextBlock": "Tb_6", "text": "\u00c2\u00a0      OR subsequent periods of active duty for training of 6 months or more) (If \"NO,\" skip this part and continue to Part V)", "parent_Field": null, "parent_Choice_Field": null, "parent_ChoiceGroup": "Chgp_1", "w": 1096, "h": 22, "y": 342, "x": 87, "structure_id": "Tr_70"}, {"parent_TextBlock": "Tb_7", "text": "YES", "parent_Field": null, "parent_Choice_Field": "Chf_1", "parent_ChoiceGroup": "Chgp_1", "w": 38, "h": 19, "y": 381, "x": 158, "structure_id": "Tr_71"}, {"parent_TextBlock": "Tb_8", "text": "NO", "parent_Field": null, "parent_Choice_Field": "Chf_2", "parent_ChoiceGroup": "Chgp_1", "w": 29, "h": 19, "y": 381, "x": 261, "structure_id": "Tr_72"}, {"parent_TextBlock": "Tb_9", "text": "16. SERVICE INFORMATION", "parent_Field": null, "parent_Choice_Field": null, "parent_ChoiceGroup": null, "w": 303, "h": 22, "y": 418, "x": 705, "structure_id": "Tr_73"}, {"parent_TextBlock": "Tb_9", "text": "\u00c2\u00a0(Enter the following information for each period of active duty. Attach a copy of your DD214.", "parent_Field": null, "parent_Choice_Field": null, "parent_ChoiceGroup": null, "w": 953, "h": 25, "y": 444, "x": 380, "structure_id": "Tr_74"}, {"parent_TextBlock": "Tb_9", "text": "\u00c2\u00a0If you have already sent VA a DD214, do not send one with this application)", "parent_Field": null, "parent_Choice_Field": null, "parent_ChoiceGroup": null, "w": 779, "h": 25, "y": 474, "x": 467, "structure_id": "Tr_75"}, {"parent_TextBlock": "Tb_10", "text": "A. DATE ENTERED", "parent_Field": null, "parent_Choice_Field": null, "parent_ChoiceGroup": null, "w": 179, "h": 20, "y": 522, "x": 156, "structure_id": "Tr_76"}, {"parent_TextBlock": "Tb_10", "text": "ACTIVE DUTY", "parent_Field": null, "parent_Choice_Field": null, "parent_ChoiceGroup": null, "w": 128, "h": 20, "y": 544, "x": 179, "structure_id": "Tr_77"}, {"parent_TextBlock": "Tb_11", "text": "C. BRANCH OF SERVICE OR RESERVE", "parent_Field": null, "parent_Choice_Field": null, "parent_ChoiceGroup": null, "w": 369, "h": 20, "y": 522, "x": 801, "structure_id": "Tr_78"}, {"parent_TextBlock": "Tb_11", "text": "OR GUARD COMPONENT", "parent_Field": null, "parent_Choice_Field": null, "parent_ChoiceGroup": null, "w": 236, "h": 20, "y": 544, "x": 865, "structure_id": "Tr_79"}, {"parent_TextBlock": "Tb_12", "text": "B. DATE SEPARATED", "parent_Field": null, "parent_Choice_Field": null, "parent_ChoiceGroup": null, "w": 204, "h": 20, "y": 522, "x": 474, "structure_id": "Tr_80"}, {"parent_TextBlock": "Tb_12", "text": "FROM ACTIVE DUTY", "parent_Field": null, "parent_Choice_Field": null, "parent_ChoiceGroup": null, "w": 192, "h": 20, "y": 544, "x": 477, "structure_id": "Tr_81"}, {"parent_TextBlock": "Tb_13", "text": "D. CHARACTER OF", "parent_Field": null, "parent_Choice_Field": null, "parent_ChoiceGroup": null, "w": 183, "h": 20, "y": 522, "x": 1334, "structure_id": "Tr_82"}, {"parent_TextBlock": "Tb_13", "text": "DISCHARGE", "parent_Field": null, "parent_Choice_Field": null, "parent_ChoiceGroup": null, "w": 116, "h": 20, "y": 544, "x": 1365, "structure_id": "Tr_83"}, {"parent_TextBlock": "Tb_14", "text": "PART V - CERTIFICATION AND SIGNATURE OF APPLICANT", "parent_Field": null, "parent_Choice_Field": null, "parent_ChoiceGroup": null, "w": 801, "h": 27, "y": 1518, "x": 419, "structure_id": "Tr_84"}, {"parent_TextBlock": "Tb_14", "text": "(All Applicants Must Complete This Part)", "parent_Field": null, "parent_Choice_Field": null, "parent_ChoiceGroup": null, "w": 510, "h": 31, "y": 1545, "x": 560, "structure_id": "Tr_85"}, {"parent_TextBlock": "Tb_15", "text": "\u00c2\u00a018A.\u00c2\u00a0SIGNATURE OF APPLICANT", "parent_Field": null, "parent_Choice_Field": null, "parent_ChoiceGroup": null, "w": 315, "h": 19, "y": 1687, "x": 87, "structure_id": "Tr_86"}, {"parent_TextBlock": "Tb_15", "text": "Do NOT Print)", "parent_Field": null, "parent_Choice_Field": null, "parent_ChoiceGroup": null, "w": 138, "h": 22, "y": 1685, "x": 410, "structure_id": "Tr_87"}, {"parent_TextBlock": "Tb_16", "text": "I CERTIFY THAT", "parent_Field": null, "parent_Choice_Field": null, "parent_ChoiceGroup": null, "w": 217, "h": 25, "y": 1581, "x": 99, "structure_id": "Tr_88"}, {"parent_TextBlock": "Tb_16", "text": "\u00c2\u00a0all statements in my application are true and correct to the best of my knowledge and belief.", "parent_Field": null, "parent_Choice_Field": null, "parent_ChoiceGroup": null, "w": 1033, "h": 25, "y": 1581, "x": 316, "structure_id": "Tr_89"}, {"parent_TextBlock": "Tb_17", "text": "SIGN HERE", "parent_Field": "Fi_4", "parent_Choice_Field": null, "parent_ChoiceGroup": null, "w": 111, "h": 19, "y": 1725, "x": 102, "structure_id": "Tr_90"}, {"parent_TextBlock": "Tb_17", "text": "IN INK", "parent_Field": "Fi_4", "parent_Choice_Field": null, "parent_ChoiceGroup": null, "w": 60, "h": 20, "y": 1744, "x": 123, "structure_id": "Tr_91"}, {"parent_TextBlock": "Tb_18", "text": "PENALTY", "parent_Field": null, "parent_Choice_Field": null, "parent_ChoiceGroup": null, "w": 125, "h": 28, "y": 1615, "x": 94, "structure_id": "Tr_92"}, {"parent_TextBlock": "Tb_18", "text": ": Willfully false statements as to a material fact in a claim for counseling benefits is a punishable offense and may result in \u00c2\u00a0", "parent_Field": null, "parent_Choice_Field": null, "parent_ChoiceGroup": null, "w": 1387, "h": 28, "y": 1615, "x": 219, "structure_id": "Tr_93"}, {"parent_TextBlock": "Tb_18", "text": "\u00c2\u00a0in the forfeiture of these or other benefits and in criminal penalties.", "parent_Field": null, "parent_Choice_Field": null, "parent_ChoiceGroup": null, "w": 756, "h": 28, "y": 1640, "x": 88, "structure_id": "Tr_94"}, {"parent_TextBlock": "Tb_19", "text": "\u00c2\u00a018B. DATE SIGNED", "parent_Field": "Fi_5", "parent_Choice_Field": null, "parent_ChoiceGroup": null, "w": 183, "h": 19, "y": 1687, "x": 1127, "structure_id": "Tr_95"}, {"parent_TextBlock": "Tb_20", "text": "PART VI - SIGNATURE OF PARENT, GUARDIAN, OR CUSTODIAN", "parent_Field": null, "parent_Choice_Field": null, "parent_ChoiceGroup": null, "w": 869, "h": 28, "y": 1784, "x": 420, "structure_id": "Tr_96"}, {"parent_TextBlock": "Tb_20", "text": "(This section must be completed if you are a minor child)", "parent_Field": null, "parent_Choice_Field": null, "parent_ChoiceGroup": null, "w": 699, "h": 30, "y": 1812, "x": 501, "structure_id": "Tr_97"}, {"parent_TextBlock": "Tb_21", "text": "SIGN HERE", "parent_Field": "Fi_6", "parent_Choice_Field": null, "parent_ChoiceGroup": null, "w": 106, "h": 19, "y": 2025, "x": 100, "structure_id": "Tr_98"}, {"parent_TextBlock": "Tb_21", "text": "IN INK", "parent_Field": "Fi_6", "parent_Choice_Field": null, "parent_ChoiceGroup": null, "w": 60, "h": 20, "y": 2044, "x": 121, "structure_id": "Tr_99"}, {"parent_TextBlock": "Tb_22", "text": "\u00c2\u00a019A.\u00c2\u00a0NAME OF PARENT, GUARDIAN, OR CUSTODIAN\u00c2\u00a0", "parent_Field": "Fi_7", "parent_Choice_Field": null, "parent_ChoiceGroup": null, "w": 508, "h": 19, "y": 1854, "x": 87, "structure_id": "Tr_100"}, {"parent_TextBlock": "Tb_22", "text": "(Type or print)", "parent_Field": "Fi_7", "parent_Choice_Field": null, "parent_ChoiceGroup": null, "w": 132, "h": 22, "y": 1852, "x": 595, "structure_id": "Tr_101"}, {"parent_TextBlock": "Tb_23", "text": "\u00c2\u00a019B.\u00c2\u00a0TELEPHONE NUMBER AND MAIL ADDRESS OF PARENT, GUARDIAN,", "parent_Field": "Fi_8", "parent_Choice_Field": null, "parent_ChoiceGroup": null, "w": 696, "h": 20, "y": 1854, "x": 867, "structure_id": "Tr_102"}, {"parent_TextBlock": "Tb_23", "text": "\u00c2\u00a0 OR CUSTODIAN", "parent_Field": "Fi_8", "parent_Choice_Field": null, "parent_ChoiceGroup": null, "w": 165, "h": 19, "y": 1879, "x": 867, "structure_id": "Tr_103"}, {"parent_TextBlock": "Tb_23", "text": "(Include Area Code).", "parent_Field": "Fi_8", "parent_Choice_Field": null, "parent_ChoiceGroup": null, "w": 188, "h": 23, "y": 1876, "x": 1032, "structure_id": "Tr_104"}, {"parent_TextBlock": "Tb_24", "text": "\u00c2\u00a020B. DATE SIGNED", "parent_Field": "Fi_9", "parent_Choice_Field": null, "parent_ChoiceGroup": null, "w": 183, "h": 20, "y": 1951, "x": 869, "structure_id": "Tr_105"}, {"parent_TextBlock": "Tb_25", "text": "\u00c2\u00a020C. DATE REFERRED TO VR & E", "parent_Field": "Fi_10", "parent_Choice_Field": null, "parent_ChoiceGroup": null, "w": 318, "h": 20, "y": 1951, "x": 1267, "structure_id": "Tr_106"}, {"parent_TextBlock": "Tb_26", "text": "\u00c2\u00a020A.\u00c2\u00a0SIGNATURE OF", "parent_Field": null, "parent_Choice_Field": null, "parent_ChoiceGroup": "Chgp_2", "w": 202, "h": 20, "y": 1952, "x": 87, "structure_id": "Tr_107"}, {"parent_TextBlock": "Tb_26", "text": "(Check one)\u00c2\u00a0", "parent_Field": null, "parent_Choice_Field": null, "parent_ChoiceGroup": "Chgp_2", "w": 114, "h": 22, "y": 1950, "x": 294, "structure_id": "Tr_108"}, {"parent_TextBlock": "Tb_26", "text": "\u00c2\u00a0(", "parent_Field": null, "parent_Choice_Field": null, "parent_ChoiceGroup": "Chgp_2", "w": 13, "h": 22, "y": 1950, "x": 408, "structure_id": "Tr_109"}, {"parent_TextBlock": "Tb_26", "text": "DO NOT PRINT)", "parent_Field": null, "parent_Choice_Field": null, "parent_ChoiceGroup": "Chgp_2", "w": 163, "h": 22, "y": 1950, "x": 421, "structure_id": "Tr_110"}, {"parent_TextBlock": "Tb_27", "text": "PARENT", "parent_Field": null, "parent_Choice_Field": "Chf_3", "parent_ChoiceGroup": "Chgp_2", "w": 79, "h": 20, "y": 1982, "x": 136, "structure_id": "Tr_111"}, {"parent_TextBlock": "Tb_28", "text": "GUARDIAN", "parent_Field": null, "parent_Choice_Field": "Chf_4", "parent_ChoiceGroup": "Chgp_2", "w": 103, "h": 20, "y": 1984, "x": 294, "structure_id": "Tr_112"}, {"parent_TextBlock": "Tb_29", "text": "CUSTODIAN", "parent_Field": null, "parent_Choice_Field": "Chf_5", "parent_ChoiceGroup": "Chgp_2", "w": 115, "h": 20, "y": 1983, "x": 472, "structure_id": "Tr_113"}], "ChoiceGroup": [{"y": 307.03125, "x": 81, "structure_id": "Chgp_1", "w": 1507, "h": 97}, {"y": 1943.03125, "x": 78, "structure_id": "Chgp_2", "w": 771, "h": 126}]}