{"Widget": [{"parent_Field": "Fi_1", "parent_Choice_Field": null, "parent_ChoiceGroup": null, "w": 734.2503937007874, "h": 119.1220472440945, "y": 1807.8748031496064, "x": 882.8748031496062, "structure_id": "Wi_1"}, {"parent_Field": "Fi_2", "parent_Choice_Field": null, "parent_ChoiceGroup": null, "w": 359.2503937007874, "h": 48.2503937007874, "y": 1707.8748031496064, "x": 882.8748031496062, "structure_id": "Wi_2"}, {"parent_Field": "Fi_3", "parent_Choice_Field": null, "parent_ChoiceGroup": null, "w": 734.2503937007874, "h": 98.25039370078741, "y": 1557.8748031496064, "x": 882.8748031496062, "structure_id": "Wi_3"}, {"parent_Field": "Fi_4", "parent_Choice_Field": null, "parent_ChoiceGroup": null, "w": 734.2503937007874, "h": 48.81653543307087, "y": 1457.8748031496061, "x": 882.8748031496062, "structure_id": "Wi_4"}, {"parent_Field": "Fi_5", "parent_Choice_Field": null, "parent_ChoiceGroup": null, "w": 359.2503937007874, "h": 47.18897637795276, "y": 2007.8748031496064, "x": 882.8748031496062, "structure_id": "Wi_5"}, {"parent_Field": "Fi_6", "parent_Choice_Field": null, "parent_ChoiceGroup": null, "w": 734.2503937007874, "h": 48.2503937007874, "y": 1268.8748031496064, "x": 882.8748031496062, "structure_id": "Wi_6"}], "TextBlock": [{"parent_Field": null, "parent_Choice_Field": null, "parent_ChoiceGroup": null, "w": 90, "h": 19, "y": 2124, "x": 75, "structure_id": "Tb_1"}, {"parent_Field": null, "parent_Choice_Field": null, "parent_ChoiceGroup": null, "w": 90, "h": 19, "y": 2107, "x": 79, "structure_id": "Tb_2"}, {"parent_Field": null, "parent_Choice_Field": null, "parent_ChoiceGroup": null, "w": 1348, "h": 33, "y": 120, "x": 176, "structure_id": "Tb_3"}, {"parent_Field": null, "parent_Choice_Field": null, "parent_ChoiceGroup": null, "w": 167, "h": 38, "y": 2106, "x": 198, "structure_id": "Tb_4"}, {"parent_Field": null, "parent_Choice_Field": null, "parent_ChoiceGroup": null, "w": 113, "h": 25, "y": 2100, "x": 600, "structure_id": "Tb_5"}, {"parent_Field": null, "parent_Choice_Field": null, "parent_ChoiceGroup": null, "w": 675.515625, "h": 59.96875, "y": 1246.03125, "x": 103, "structure_id": "Tb_6"}, {"parent_Field": null, "parent_Choice_Field": null, "parent_ChoiceGroup": null, "w": 25, "h": 29, "y": 1247.03125, "x": 120.515625, "structure_id": "Tb_7"}, {"parent_Field": null, "parent_Choice_Field": null, "parent_ChoiceGroup": null, "w": 739, "h": 89.96875, "y": 1336.03125, "x": 103, "structure_id": "Tb_8"}, {"parent_Field": null, "parent_Choice_Field": null, "parent_ChoiceGroup": null, "w": 33, "h": 33.77392543973465, "y": 1333.0407176187327, "x": 118.515625, "structure_id": "Tb_9"}, {"parent_Field": null, "parent_Choice_Field": null, "parent_ChoiceGroup": null, "w": 265, "h": 28, "y": 1094, "x": 345, "structure_id": "Tb_10"}, {"parent_Field": null, "parent_Choice_Field": null, "parent_ChoiceGroup": null, "w": 771, "h": 85, "y": 184, "x": 79, "structure_id": "Tb_11"}, {"parent_Field": null, "parent_Choice_Field": null, "parent_ChoiceGroup": null, "w": 587.2978670735533, "h": 55, "y": 1161, "x": 96.51606854810916, "structure_id": "Tb_12"}, {"parent_Field": null, "parent_Choice_Field": null, "parent_ChoiceGroup": null, "w": 684, "h": 25, "y": 1911, "x": 79, "structure_id": "Tb_13"}, {"parent_Field": null, "parent_Choice_Field": null, "parent_ChoiceGroup": null, "w": 733.3544237888945, "h": 85, "y": 1461, "x": 90.51604097445306, "structure_id": "Tb_14"}, {"parent_Field": null, "parent_Choice_Field": null, "parent_ChoiceGroup": null, "w": 752.4839314518907, "h": 145, "y": 1581, "x": 96.51606854810927, "structure_id": "Tb_15"}, {"parent_Field": null, "parent_Choice_Field": null, "parent_ChoiceGroup": null, "w": 734, "h": 115, "y": 1761, "x": 103, "structure_id": "Tb_16"}, {"parent_Field": null, "parent_Choice_Field": null, "parent_ChoiceGroup": null, "w": 747, "h": 574.96875, "y": 304.03125, "x": 103, "structure_id": "Tb_17"}, {"parent_Field": null, "parent_Choice_Field": null, "parent_ChoiceGroup": null, "w": 26, "h": 37, "y": 304.03125, "x": 97.515625, "structure_id": "Tb_18"}, {"parent_Field": null, "parent_Choice_Field": null, "parent_ChoiceGroup": null, "w": 747, "h": 151.96875, "y": 907.03125, "x": 103, "structure_id": "Tb_19"}, {"parent_Field": null, "parent_Choice_Field": null, "parent_ChoiceGroup": null, "w": 33, "h": 35, "y": 905.03125, "x": 94.515625, "structure_id": "Tb_20"}, {"parent_Field": null, "parent_Choice_Field": null, "parent_ChoiceGroup": null, "w": 732.515625, "h": 59.96875, "y": 1966.03125, "x": 103, "structure_id": "Tb_21"}, {"parent_Field": null, "parent_Choice_Field": null, "parent_ChoiceGroup": null, "w": 27, "h": 31, "y": 1963.03125, "x": 97.515625, "structure_id": "Tb_22"}, {"parent_Field": "Fi_1", "parent_Choice_Field": null, "parent_ChoiceGroup": null, "w": 577, "h": 61, "y": 1929, "x": 883, "structure_id": "Tb_23"}, {"parent_Field": null, "parent_Choice_Field": null, "parent_ChoiceGroup": null, "w": 356, "h": 25, "y": 1019, "x": 879, "structure_id": "Tb_24"}, {"parent_Field": "Fi_2", "parent_Choice_Field": null, "parent_ChoiceGroup": null, "w": 52, "h": 28, "y": 1760, "x": 883, "structure_id": "Tb_25"}, {"parent_Field": null, "parent_Choice_Field": null, "parent_ChoiceGroup": null, "w": 727, "h": 295, "y": 694, "x": 898, "structure_id": "Tb_26"}, {"parent_Field": null, "parent_Choice_Field": null, "parent_ChoiceGroup": null, "w": 515, "h": 25, "y": 634, "x": 879, "structure_id": "Tb_27"}, {"parent_Field": "Fi_3", "parent_Choice_Field": null, "parent_ChoiceGroup": null, "w": 239, "h": 28, "y": 1660, "x": 883, "structure_id": "Tb_28"}, {"parent_Field": "Fi_4", "parent_Choice_Field": null, "parent_ChoiceGroup": null, "w": 278, "h": 27, "y": 1511, "x": 883, "structure_id": "Tb_29"}, {"parent_Field": null, "parent_Choice_Field": null, "parent_ChoiceGroup": null, "w": 733, "h": 115, "y": 1329, "x": 879, "structure_id": "Tb_30"}, {"parent_Field": "Fi_5", "parent_Choice_Field": null, "parent_ChoiceGroup": null, "w": 52, "h": 27, "y": 2060, "x": 883, "structure_id": "Tb_31"}, {"parent_Field": "Fi_6", "parent_Choice_Field": null, "parent_ChoiceGroup": null, "w": 645, "h": 25, "y": 1238, "x": 883, "structure_id": "Tb_32"}, {"parent_Field": null, "parent_Choice_Field": null, "parent_ChoiceGroup": null, "w": 716, "h": 145, "y": 1074, "x": 898, "structure_id": "Tb_33"}, {"parent_Field": null, "parent_Choice_Field": null, "parent_ChoiceGroup": null, "w": 641, "h": 93.96875, "y": 265.03125, "x": 961.515625, "structure_id": "Tb_34"}, {"parent_Field": null, "parent_Choice_Field": null, "parent_ChoiceGroup": null, "w": 26, "h": 36, "y": 266.03125, "x": 928.515625, "structure_id": "Tb_35"}, {"parent_Field": null, "parent_Choice_Field": null, "parent_ChoiceGroup": null, "w": 656.484375, "h": 90.96875, "y": 388.03125, "x": 961.515625, "structure_id": "Tb_36"}, {"parent_Field": null, "parent_Choice_Field": null, "parent_ChoiceGroup": null, "w": 27, "h": 29, "y": 389.03125, "x": 930.515625, "structure_id": "Tb_37"}, {"parent_Field": null, "parent_Choice_Field": null, "parent_ChoiceGroup": null, "w": 716.515625, "h": 60.96875, "y": 178.03125, "x": 899, "structure_id": "Tb_38"}, {"parent_Field": null, "parent_Choice_Field": null, "parent_ChoiceGroup": null, "w": 21, "h": 26, "y": 179.03125, "x": 895.515625, "structure_id": "Tb_39"}, {"parent_Field": null, "parent_Choice_Field": null, "parent_ChoiceGroup": null, "w": 726, "h": 95.96875, "y": 503.03125, "x": 899, "structure_id": "Tb_40"}, {"parent_Field": null, "parent_Choice_Field": null, "parent_ChoiceGroup": null, "w": 26, "h": 32, "y": 506.03125, "x": 898.515625, "structure_id": "Tb_41"}], "Choice_Field": [], "Field": [{"y": 1807.8748031496064, "x": 882.8748031496062, "structure_id": "Fi_1", "w": 734.2503937007874, "h": 182.12519685039365}, {"y": 1707.8748031496064, "x": 882.8748031496062, "structure_id": "Fi_2", "w": 359.2503937007874, "h": 80.12519685039365}, {"y": 1557.8748031496064, "x": 882.8748031496062, "structure_id": "Fi_3", "w": 734.2503937007874, "h": 130.12519685039365}, {"y": 1457.8748031496061, "x": 882.8748031496062, "structure_id": "Fi_4", "w": 734.2503937007874, "h": 80.12519685039388}, {"y": 2007.8748031496064, "x": 882.8748031496062, "structure_id": "Fi_5", "w": 359.2503937007874, "h": 79.12519685039365}, {"y": 1238, "x": 882.8748031496062, "structure_id": "Fi_6", "w": 734.2503937007874, "h": 79.12519685039365}], "TextRun": [{"parent_TextBlock": "Tb_1", "text": "DEC 2013", "parent_Field": null, "parent_Choice_Field": null, "parent_ChoiceGroup": null, "w": 90, "h": 19, "y": 2124, "x": 75, "structure_id": "Tr_1"}, {"parent_TextBlock": "Tb_2", "text": "VA FORM", "parent_Field": null, "parent_Choice_Field": null, "parent_ChoiceGroup": null, "w": 90, "h": 19, "y": 2107, "x": 79, "structure_id": "Tr_2"}, {"parent_TextBlock": "Tb_3", "text": "HEALTH PROFESSIONALS SCHOLARSHIP PROGRAM (HPSP) AGREEMENT", "parent_Field": null, "parent_Choice_Field": null, "parent_ChoiceGroup": null, "w": 1215, "h": 33, "y": 120, "x": 176, "structure_id": "Tr_3"}, {"parent_TextBlock": "Tb_3", "text": "(continued)", "parent_Field": null, "parent_Choice_Field": null, "parent_ChoiceGroup": null, "w": 133, "h": 28, "y": 124, "x": 1391, "structure_id": "Tr_4"}, {"parent_TextBlock": "Tb_4", "text": "10-0491F", "parent_Field": null, "parent_Choice_Field": null, "parent_ChoiceGroup": null, "w": 167, "h": 38, "y": 2106, "x": 198, "structure_id": "Tr_5"}, {"parent_TextBlock": "Tb_5", "text": "Page 2 of 2", "parent_Field": null, "parent_Choice_Field": null, "parent_ChoiceGroup": null, "w": 113, "h": 25, "y": 2100, "x": 600, "structure_id": "Tr_6"}, {"parent_TextBlock": "Tb_6", "parent_Field": null, "parent_Choice_Field": null, "parent_ChoiceGroup": null, "w": 628, "h": 30, "y": 1246.03125, "x": 150.515625, "structure_id": "Tr_7"}, {"parent_TextBlock": "Tb_6", "text": "participant; and", "parent_Field": null, "parent_Choice_Field": null, "parent_ChoiceGroup": null, "w": 169, "h": 25, "y": 1281, "x": 103, "structure_id": "Tr_8"}, {"parent_TextBlock": "Tb_7", "parent_Field": null, "parent_Choice_Field": null, "parent_ChoiceGroup": null, "w": 25, "h": 29, "y": 1247.03125, "x": 120.515625, "structure_id": "Tr_9"}, {"parent_TextBlock": "Tb_8", "parent_Field": null, "parent_Choice_Field": null, "parent_ChoiceGroup": null, "w": 685, "h": 34, "y": 1336.03125, "x": 156.515625, "structure_id": "Tr_10"}, {"parent_TextBlock": "Tb_8", "text": "the amounts were paid they were loans bearing interest at the maximum", "parent_Field": null, "parent_Choice_Field": null, "parent_ChoiceGroup": null, "w": 725, "h": 25, "y": 1371, "x": 103, "structure_id": "Tr_11"}, {"parent_TextBlock": "Tb_8", "text": "legal prevailing rate, as determined by the Treasurer of the United States.", "parent_Field": null, "parent_Choice_Field": null, "parent_ChoiceGroup": null, "w": 739, "h": 25, "y": 1401, "x": 103, "structure_id": "Tr_12"}, {"parent_TextBlock": "Tb_9", "parent_Field": null, "parent_Choice_Field": null, "parent_ChoiceGroup": null, "w": 33, "h": 33.77392543973465, "y": 1333.0407176187327, "x": 118.515625, "structure_id": "Tr_13"}, {"parent_TextBlock": "Tb_10", "text": "A=3P((t-s)/t) in which", "parent_Field": null, "parent_Choice_Field": null, "parent_ChoiceGroup": null, "w": 265, "h": 28, "y": 1094, "x": 345, "structure_id": "Tr_14"}, {"parent_TextBlock": "Tb_11", "text": "sum of $1,500 as liquidated damages. Payment of this amount must be", "parent_Field": null, "parent_Choice_Field": null, "parent_ChoiceGroup": null, "w": 737, "h": 25, "y": 184, "x": 79, "structure_id": "Tr_15"}, {"parent_TextBlock": "Tb_11", "text": "made within one year of the date on which the participant fails to accept", "parent_Field": null, "parent_Choice_Field": null, "parent_ChoiceGroup": null, "w": 727, "h": 25, "y": 214, "x": 103, "structure_id": "Tr_16"}, {"parent_TextBlock": "Tb_11", "text": "payment of the HPSP award or instructs the school not to accept payment.", "parent_Field": null, "parent_Choice_Field": null, "parent_ChoiceGroup": null, "w": 747, "h": 25, "y": 244, "x": 103, "structure_id": "Tr_17"}, {"parent_TextBlock": "Tb_12", "text": "\" is the amount the United States is entitled to recover;", "parent_Field": null, "parent_Choice_Field": null, "parent_ChoiceGroup": null, "w": 587.2978670735533, "h": 25, "y": 1161, "x": 96.51606854810916, "structure_id": "Tr_18"}, {"parent_TextBlock": "Tb_12", "text": "\"P\" is the sum of:", "parent_Field": null, "parent_Choice_Field": null, "parent_ChoiceGroup": null, "w": 182, "h": 25, "y": 1191, "x": 103, "structure_id": "Tr_19"}, {"parent_TextBlock": "Tb_13", "text": "SECTION E  - Cancellation, Suspension, and Waiver of Obligation.", "parent_Field": null, "parent_Choice_Field": null, "parent_ChoiceGroup": null, "w": 684, "h": 25, "y": 1911, "x": 79, "structure_id": "Tr_20"}, {"parent_TextBlock": "Tb_14", "text": "\" is the total number of months in the participant's period of obligated", "parent_Field": null, "parent_Choice_Field": null, "parent_ChoiceGroup": null, "w": 733.3544237888945, "h": 25, "y": 1461, "x": 90.51604097445306, "structure_id": "Tr_21"}, {"parent_TextBlock": "Tb_14", "text": "service, including any additional period of obligated service in", "parent_Field": null, "parent_Choice_Field": null, "parent_ChoiceGroup": null, "w": 632, "h": 25, "y": 1491, "x": 103, "structure_id": "Tr_22"}, {"parent_TextBlock": "Tb_14", "text": "accordance with Section 7616(b)(4), Title 38, United States Code.", "parent_Field": null, "parent_Choice_Field": null, "parent_ChoiceGroup": null, "w": 668, "h": 25, "y": 1521, "x": 103, "structure_id": "Tr_23"}, {"parent_TextBlock": "Tb_15", "text": "\" is the number of months of such period served by the participant in", "parent_Field": null, "parent_Choice_Field": null, "parent_ChoiceGroup": null, "w": 719.3697765749429, "h": 25, "y": 1581, "x": 96.51606854810927, "structure_id": "Tr_24"}, {"parent_TextBlock": "Tb_15", "text": "accordance with Section 7613, Title 38, United States Code. The amount", "parent_Field": null, "parent_Choice_Field": null, "parent_ChoiceGroup": null, "w": 736, "h": 25, "y": 1611, "x": 103, "structure_id": "Tr_25"}, {"parent_TextBlock": "Tb_15", "text": "the United States is entitled to recover shall be paid within one year of the", "parent_Field": null, "parent_Choice_Field": null, "parent_ChoiceGroup": null, "w": 746, "h": 25, "y": 1641, "x": 103, "structure_id": "Tr_26"}, {"parent_TextBlock": "Tb_15", "text": "date the USH determines that the participant has failed to begin or", "parent_Field": null, "parent_Choice_Field": null, "parent_ChoiceGroup": null, "w": 668, "h": 25, "y": 1671, "x": 103, "structure_id": "Tr_27"}, {"parent_TextBlock": "Tb_15", "text": "complete the period of obligated service.", "parent_Field": null, "parent_Choice_Field": null, "parent_ChoiceGroup": null, "w": 421, "h": 25, "y": 1701, "x": 103, "structure_id": "Tr_28"}, {"parent_TextBlock": "Tb_16", "text": "The amount the United States is entitled to recover may be offset against", "parent_Field": null, "parent_Choice_Field": null, "parent_ChoiceGroup": null, "w": 734, "h": 25, "y": 1761, "x": 103, "structure_id": "Tr_29"}, {"parent_TextBlock": "Tb_16", "text": "any salary, wages, accrued leave or retirement annuity which the", "parent_Field": null, "parent_Choice_Field": null, "parent_ChoiceGroup": null, "w": 654, "h": 25, "y": 1791, "x": 103, "structure_id": "Tr_30"}, {"parent_TextBlock": "Tb_16", "text": "participant is owed at the time the participant was terminated or failed to", "parent_Field": null, "parent_Choice_Field": null, "parent_ChoiceGroup": null, "w": 732, "h": 25, "y": 1821, "x": 103, "structure_id": "Tr_31"}, {"parent_TextBlock": "Tb_16", "text": "complete the required obligated service.", "parent_Field": null, "parent_Choice_Field": null, "parent_ChoiceGroup": null, "w": 407, "h": 25, "y": 1851, "x": 103, "structure_id": "Tr_32"}, {"parent_TextBlock": "Tb_17", "parent_Field": null, "parent_Choice_Field": null, "parent_ChoiceGroup": null, "w": 640, "h": 36, "y": 304.03125, "x": 126.515625, "structure_id": "Tr_33"}, {"parent_TextBlock": "Tb_17", "text": "maintain an acceptable level of academic standing in the course of study", "parent_Field": null, "parent_Choice_Field": null, "parent_ChoiceGroup": null, "w": 730, "h": 25, "y": 344, "x": 103, "structure_id": "Tr_34"}, {"parent_TextBlock": "Tb_17", "text": "for which the award is provided; is dismissed from the educational", "parent_Field": null, "parent_Choice_Field": null, "parent_ChoiceGroup": null, "w": 673, "h": 25, "y": 374, "x": 103, "structure_id": "Tr_35"}, {"parent_TextBlock": "Tb_17", "text": "institution for disciplinary reasons; voluntarily terminates, for any reason,", "parent_Field": null, "parent_Choice_Field": null, "parent_ChoiceGroup": null, "w": 744, "h": 25, "y": 404, "x": 103, "structure_id": "Tr_36"}, {"parent_TextBlock": "Tb_17", "text": "the course of study or program for which the award was granted including", "parent_Field": null, "parent_Choice_Field": null, "parent_ChoiceGroup": null, "w": 747, "h": 25, "y": 434, "x": 103, "structure_id": "Tr_37"}, {"parent_TextBlock": "Tb_17", "text": "a reduction  of course load from full-time to part-time before completing", "parent_Field": null, "parent_Choice_Field": null, "parent_ChoiceGroup": null, "w": 727, "h": 25, "y": 464, "x": 103, "structure_id": "Tr_38"}, {"parent_TextBlock": "Tb_17", "text": "the course of study; fails to become licensed and/or certified in", "parent_Field": null, "parent_Choice_Field": null, "parent_ChoiceGroup": null, "w": 635, "h": 25, "y": 494, "x": 103, "structure_id": "Tr_39"}, {"parent_TextBlock": "Tb_17", "text": "theoccupation for which the education and training was provided within", "parent_Field": null, "parent_Choice_Field": null, "parent_ChoiceGroup": null, "w": 726, "h": 25, "y": 524, "x": 103, "structure_id": "Tr_40"}, {"parent_TextBlock": "Tb_17", "text": "one year from the date such person becomes eligible to apply for the", "parent_Field": null, "parent_Choice_Field": null, "parent_ChoiceGroup": null, "w": 691, "h": 25, "y": 554, "x": 103, "structure_id": "Tr_41"}, {"parent_TextBlock": "Tb_17", "text": "licensure, or fails to meet any applicable licensure requirement in the case", "parent_Field": null, "parent_Choice_Field": null, "parent_ChoiceGroup": null, "w": 746, "h": 25, "y": 584, "x": 103, "structure_id": "Tr_42"}, {"parent_TextBlock": "Tb_17", "text": "of any other healthcare personnel who provide either direct patient-care", "parent_Field": null, "parent_Choice_Field": null, "parent_ChoiceGroup": null, "w": 722, "h": 25, "y": 614, "x": 103, "structure_id": "Tr_43"}, {"parent_TextBlock": "Tb_17", "text": "services or services incident to direct patient-care services, during a", "parent_Field": null, "parent_Choice_Field": null, "parent_ChoiceGroup": null, "w": 682, "h": 25, "y": 644, "x": 103, "structure_id": "Tr_44"}, {"parent_TextBlock": "Tb_17", "text": "period of time determined under regulations prescribed by the USH; or,", "parent_Field": null, "parent_Choice_Field": null, "parent_ChoiceGroup": null, "w": 722, "h": 25, "y": 674, "x": 103, "structure_id": "Tr_45"}, {"parent_TextBlock": "Tb_17", "text": "fails to maintain employment, while enrolled as a part-time student in the", "parent_Field": null, "parent_Choice_Field": null, "parent_ChoiceGroup": null, "w": 739, "h": 25, "y": 704, "x": 103, "structure_id": "Tr_46"}, {"parent_TextBlock": "Tb_17", "text": "course of training being pursued under the HPSP as a Department", "parent_Field": null, "parent_Choice_Field": null, "parent_ChoiceGroup": null, "w": 664, "h": 25, "y": 734, "x": 103, "structure_id": "Tr_47"}, {"parent_TextBlock": "Tb_17", "text": "employee.  In such cases the participant shall, instead of performing the", "parent_Field": null, "parent_Choice_Field": null, "parent_ChoiceGroup": null, "w": 723, "h": 25, "y": 764, "x": 103, "structure_id": "Tr_48"}, {"parent_TextBlock": "Tb_17", "text": "service obligation incurred under this agreement, repay to the United", "parent_Field": null, "parent_Choice_Field": null, "parent_ChoiceGroup": null, "w": 695, "h": 25, "y": 794, "x": 103, "structure_id": "Tr_49"}, {"parent_TextBlock": "Tb_17", "text": "States all funds paid to the participant under this agreement. Payment of", "parent_Field": null, "parent_Choice_Field": null, "parent_ChoiceGroup": null, "w": 727, "h": 25, "y": 824, "x": 103, "structure_id": "Tr_50"}, {"parent_TextBlock": "Tb_17", "text": "this amount must be made within one year from the date of breach.", "parent_Field": null, "parent_Choice_Field": null, "parent_ChoiceGroup": null, "w": 676, "h": 25, "y": 854, "x": 103, "structure_id": "Tr_51"}, {"parent_TextBlock": "Tb_18", "parent_Field": null, "parent_Choice_Field": null, "parent_ChoiceGroup": null, "w": 26, "h": 37, "y": 304.03125, "x": 97.515625, "structure_id": "Tr_52"}, {"parent_TextBlock": "Tb_19", "parent_Field": null, "parent_Choice_Field": null, "parent_ChoiceGroup": null, "w": 708, "h": 33, "y": 907.03125, "x": 132.515625, "structure_id": "Tr_53"}, {"parent_TextBlock": "Tb_19", "text": "such participant's period of obligated service, or by failure to comply with", "parent_Field": null, "parent_Choice_Field": null, "parent_ChoiceGroup": null, "w": 747, "h": 25, "y": 944, "x": 103, "structure_id": "Tr_54"}, {"parent_TextBlock": "Tb_19", "text": "the terms and conditions of deferment.  The United States shall be entitled", "parent_Field": null, "parent_Choice_Field": null, "parent_ChoiceGroup": null, "w": 747, "h": 25, "y": 974, "x": 103, "structure_id": "Tr_55"}, {"parent_TextBlock": "Tb_19", "text": "to recover from the participant an amount of triple damages determined in", "parent_Field": null, "parent_Choice_Field": null, "parent_ChoiceGroup": null, "w": 747, "h": 25, "y": 1004, "x": 103, "structure_id": "Tr_56"}, {"parent_TextBlock": "Tb_19", "text": "accordance with the following formula:", "parent_Field": null, "parent_Choice_Field": null, "parent_ChoiceGroup": null, "w": 402, "h": 25, "y": 1034, "x": 103, "structure_id": "Tr_57"}, {"parent_TextBlock": "Tb_20", "parent_Field": null, "parent_Choice_Field": null, "parent_ChoiceGroup": null, "w": 33, "h": 35, "y": 905.03125, "x": 94.515625, "structure_id": "Tr_58"}, {"parent_TextBlock": "Tb_21", "parent_Field": null, "parent_Choice_Field": null, "parent_ChoiceGroup": null, "w": 705, "h": 30, "y": 1966.03125, "x": 130.515625, "structure_id": "Tr_59"}, {"parent_TextBlock": "Tb_21", "text": "be cancelled upon the death of the participant.", "parent_Field": null, "parent_Choice_Field": null, "parent_ChoiceGroup": null, "w": 473, "h": 25, "y": 2001, "x": 103, "structure_id": "Tr_60"}, {"parent_TextBlock": "Tb_22", "parent_Field": null, "parent_Choice_Field": null, "parent_ChoiceGroup": null, "w": 27, "h": 31, "y": 1963.03125, "x": 97.515625, "structure_id": "Tr_61"}, {"parent_TextBlock": "Tb_23", "text": "Signature of Under Secretary for Health (USH) or,", "parent_Field": "Fi_1", "parent_Choice_Field": null, "parent_ChoiceGroup": null, "w": 577, "h": 28, "y": 1929, "x": 883, "structure_id": "Tr_62"}, {"parent_TextBlock": "Tb_23", "text": "Authorized Representative", "parent_Field": "Fi_1", "parent_Choice_Field": null, "parent_ChoiceGroup": null, "w": 297, "h": 28, "y": 1962, "x": 883, "structure_id": "Tr_63"}, {"parent_TextBlock": "Tb_24", "text": "SECTION G  - General Provisions.", "parent_Field": null, "parent_Choice_Field": null, "parent_ChoiceGroup": null, "w": 356, "h": 25, "y": 1019, "x": 879, "structure_id": "Tr_64"}, {"parent_TextBlock": "Tb_25", "text": "Date", "parent_Field": "Fi_2", "parent_Choice_Field": null, "parent_ChoiceGroup": null, "w": 52, "h": 28, "y": 1760, "x": 883, "structure_id": "Tr_65"}, {"parent_TextBlock": "Tb_26", "text": "The undersigned participant consents to allow the educational", "parent_Field": null, "parent_Choice_Field": null, "parent_ChoiceGroup": null, "w": 624, "h": 25, "y": 694, "x": 898, "structure_id": "Tr_66"}, {"parent_TextBlock": "Tb_26", "text": "institution to report status and academic standing including grade point", "parent_Field": null, "parent_Choice_Field": null, "parent_ChoiceGroup": null, "w": 716, "h": 25, "y": 724, "x": 903, "structure_id": "Tr_67"}, {"parent_TextBlock": "Tb_26", "text": "average at the time of application and, if selected, during the period of", "parent_Field": null, "parent_Choice_Field": null, "parent_ChoiceGroup": null, "w": 709, "h": 25, "y": 754, "x": 903, "structure_id": "Tr_68"}, {"parent_TextBlock": "Tb_26", "text": "award participation. The participant understands that this authorization", "parent_Field": null, "parent_Choice_Field": null, "parent_ChoiceGroup": null, "w": 714, "h": 25, "y": 784, "x": 903, "structure_id": "Tr_69"}, {"parent_TextBlock": "Tb_26", "text": "is voluntary and the participant may revoke the consent at any time.", "parent_Field": null, "parent_Choice_Field": null, "parent_ChoiceGroup": null, "w": 684, "h": 25, "y": 814, "x": 903, "structure_id": "Tr_70"}, {"parent_TextBlock": "Tb_26", "text": "However, the participant further understands that if this authorization is", "parent_Field": null, "parent_Choice_Field": null, "parent_ChoiceGroup": null, "w": 722, "h": 25, "y": 844, "x": 903, "structure_id": "Tr_71"}, {"parent_TextBlock": "Tb_26", "text": "voluntarily revoked after the award of the scholarship, the scholarship", "parent_Field": null, "parent_Choice_Field": null, "parent_ChoiceGroup": null, "w": 706, "h": 25, "y": 874, "x": 903, "structure_id": "Tr_72"}, {"parent_TextBlock": "Tb_26", "text": "award may be terminated and the participant may be liable for damages", "parent_Field": null, "parent_Choice_Field": null, "parent_ChoiceGroup": null, "w": 722, "h": 25, "y": 904, "x": 903, "structure_id": "Tr_73"}, {"parent_TextBlock": "Tb_26", "text": "in accordance with provisions of Section 7617, Title 38, United States", "parent_Field": null, "parent_Choice_Field": null, "parent_ChoiceGroup": null, "w": 707, "h": 25, "y": 934, "x": 903, "structure_id": "Tr_74"}, {"parent_TextBlock": "Tb_26", "text": "Code.", "parent_Field": null, "parent_Choice_Field": null, "parent_ChoiceGroup": null, "w": 59, "h": 25, "y": 964, "x": 903, "structure_id": "Tr_75"}, {"parent_TextBlock": "Tb_27", "text": "SECTION F  - Consent for Release of Information.", "parent_Field": null, "parent_Choice_Field": null, "parent_ChoiceGroup": null, "w": 515, "h": 25, "y": 634, "x": 879, "structure_id": "Tr_76"}, {"parent_TextBlock": "Tb_28", "text": "Applicant's Signature", "parent_Field": "Fi_3", "parent_Choice_Field": null, "parent_ChoiceGroup": null, "w": 239, "h": 28, "y": 1660, "x": 883, "structure_id": "Tr_77"}, {"parent_TextBlock": "Tb_29", "text": "Applicant's Name (Print)", "parent_Field": "Fi_4", "parent_Choice_Field": null, "parent_ChoiceGroup": null, "w": 278, "h": 27, "y": 1511, "x": 883, "structure_id": "Tr_78"}, {"parent_TextBlock": "Tb_30", "text": "I have read and understand the above agreement.  I agree to comply", "parent_Field": null, "parent_Choice_Field": null, "parent_ChoiceGroup": null, "w": 733, "h": 25, "y": 1329, "x": 879, "structure_id": "Tr_79"}, {"parent_TextBlock": "Tb_30", "text": "with the published statutes, regulations and policies governing the", "parent_Field": null, "parent_Choice_Field": null, "parent_ChoiceGroup": null, "w": 708, "h": 25, "y": 1359, "x": 879, "structure_id": "Tr_80"}, {"parent_TextBlock": "Tb_30", "text": "Health Professional Scholarship Program and to be subject to any", "parent_Field": null, "parent_Choice_Field": null, "parent_ChoiceGroup": null, "w": 710, "h": 25, "y": 1389, "x": 879, "structure_id": "Tr_81"}, {"parent_TextBlock": "Tb_30", "text": "changes in program policy.", "parent_Field": null, "parent_Choice_Field": null, "parent_ChoiceGroup": null, "w": 289, "h": 25, "y": 1419, "x": 879, "structure_id": "Tr_82"}, {"parent_TextBlock": "Tb_31", "text": "Date", "parent_Field": "Fi_5", "parent_Choice_Field": null, "parent_ChoiceGroup": null, "w": 52, "h": 27, "y": 2060, "x": 883, "structure_id": "Tr_83"}, {"parent_TextBlock": "Tb_32", "text": "I understand the period of obligated service for this agreement is", "parent_Field": "Fi_6", "parent_Choice_Field": null, "parent_ChoiceGroup": null, "w": 645, "h": 25, "y": 1238, "x": 883, "structure_id": "Tr_84"}, {"parent_TextBlock": "Tb_33", "text": "The Under Secretary for Health or authorized representative must", "parent_Field": null, "parent_Choice_Field": null, "parent_ChoiceGroup": null, "w": 663, "h": 25, "y": 1074, "x": 898, "structure_id": "Tr_85"}, {"parent_TextBlock": "Tb_33", "text": "accept this agreement before it becomes effective. The regulations and", "parent_Field": null, "parent_Choice_Field": null, "parent_ChoiceGroup": null, "w": 711, "h": 25, "y": 1104, "x": 903, "structure_id": "Tr_86"}, {"parent_TextBlock": "Tb_33", "text": "other documents issued by the Under Secretary for Health to", "parent_Field": null, "parent_Choice_Field": null, "parent_ChoiceGroup": null, "w": 612, "h": 25, "y": 1134, "x": 903, "structure_id": "Tr_87"}, {"parent_TextBlock": "Tb_33", "text": "implement the HPSP are incorporated into and made a part of this", "parent_Field": null, "parent_Choice_Field": null, "parent_ChoiceGroup": null, "w": 665, "h": 25, "y": 1164, "x": 903, "structure_id": "Tr_88"}, {"parent_TextBlock": "Tb_33", "text": "agreement.", "parent_Field": null, "parent_Choice_Field": null, "parent_ChoiceGroup": null, "w": 117, "h": 25, "y": 1194, "x": 903, "structure_id": "Tr_89"}, {"parent_TextBlock": "Tb_34", "parent_Field": null, "parent_Choice_Field": null, "parent_ChoiceGroup": null, "w": 641, "h": 34, "y": 265.03125, "x": 961.515625, "structure_id": "Tr_90"}, {"parent_TextBlock": "Tb_34", "text": "the agreement is impossible due to circumstances beyond the", "parent_Field": null, "parent_Choice_Field": null, "parent_ChoiceGroup": null, "w": 617, "h": 25, "y": 304, "x": 965, "structure_id": "Tr_91"}, {"parent_TextBlock": "Tb_34", "text": "control of the participant, or", "parent_Field": null, "parent_Choice_Field": null, "parent_ChoiceGroup": null, "w": 294, "h": 25, "y": 334, "x": 965, "structure_id": "Tr_92"}, {"parent_TextBlock": "Tb_35", "parent_Field": null, "parent_Choice_Field": null, "parent_ChoiceGroup": null, "w": 26, "h": 36, "y": 266.03125, "x": 928.515625, "structure_id": "Tr_93"}, {"parent_TextBlock": "Tb_36", "parent_Field": null, "parent_Choice_Field": null, "parent_ChoiceGroup": null, "w": 599, "h": 31, "y": 388.03125, "x": 961.515625, "structure_id": "Tr_94"}, {"parent_TextBlock": "Tb_36", "text": "considered in the best interest of the VA. Such decisions will be", "parent_Field": null, "parent_Choice_Field": null, "parent_ChoiceGroup": null, "w": 653, "h": 25, "y": 424, "x": 965, "structure_id": "Tr_95"}, {"parent_TextBlock": "Tb_36", "text": "made by the USH on an individual basis.", "parent_Field": null, "parent_Choice_Field": null, "parent_ChoiceGroup": null, "w": 422, "h": 25, "y": 454, "x": 965, "structure_id": "Tr_96"}, {"parent_TextBlock": "Tb_37", "parent_Field": null, "parent_Choice_Field": null, "parent_ChoiceGroup": null, "w": 27, "h": 29, "y": 389.03125, "x": 930.515625, "structure_id": "Tr_97"}, {"parent_TextBlock": "Tb_38", "parent_Field": null, "parent_Choice_Field": null, "parent_ChoiceGroup": null, "w": 691, "h": 34, "y": 178.03125, "x": 924.515625, "structure_id": "Tr_98"}, {"parent_TextBlock": "Tb_38", "text": "obligation incurred under this agreement if:", "parent_Field": null, "parent_Choice_Field": null, "parent_ChoiceGroup": null, "w": 441, "h": 25, "y": 214, "x": 899, "structure_id": "Tr_99"}, {"parent_TextBlock": "Tb_39", "parent_Field": null, "parent_Choice_Field": null, "parent_ChoiceGroup": null, "w": 21, "h": 26, "y": 179.03125, "x": 895.515625, "structure_id": "Tr_100"}, {"parent_TextBlock": "Tb_40", "parent_Field": null, "parent_Choice_Field": null, "parent_ChoiceGroup": null, "w": 660, "h": 36, "y": 503.03125, "x": 930.515625, "structure_id": "Tr_101"}, {"parent_TextBlock": "Tb_40", "text": "within one year of the date the participant is determined, by the USH, to", "parent_Field": null, "parent_Choice_Field": null, "parent_ChoiceGroup": null, "w": 726, "h": 25, "y": 544, "x": 899, "structure_id": "Tr_102"}, {"parent_TextBlock": "Tb_40", "text": "be in breach of the agreement.", "parent_Field": null, "parent_Choice_Field": null, "parent_ChoiceGroup": null, "w": 309, "h": 25, "y": 574, "x": 899, "structure_id": "Tr_103"}, {"parent_TextBlock": "Tb_41", "parent_Field": null, "parent_Choice_Field": null, "parent_ChoiceGroup": null, "w": 26, "h": 32, "y": 506.03125, "x": 898.515625, "structure_id": "Tr_104"}], "ChoiceGroup": []}