{"Widget": [{"parent_Field": "Fi_1", "parent_Choice_Field": null, "parent_ChoiceGroup": null, "w": 716.6692913385826, "h": 100, "y": 300, "x": 100, "structure_id": "Wi_1"}, {"parent_Field": "Fi_2", "parent_Choice_Field": null, "parent_ChoiceGroup": null, "w": 750, "h": 100, "y": 300, "x": 850, "structure_id": "Wi_2"}, {"parent_Field": "Fi_3", "parent_Choice_Field": null, "parent_ChoiceGroup": null, "w": 1500, "h": 566.6692913385826, "y": 1466.6614173228347, "x": 100, "structure_id": "Wi_3"}, {"parent_Field": null, "parent_Choice_Field": null, "parent_ChoiceGroup": null, "w": 27.777952755905513, "h": 27.777952755905513, "y": 1344.4417322834647, "x": 1452.78031496063, "structure_id": "Wi_4"}, {"parent_Field": null, "parent_Choice_Field": null, "parent_ChoiceGroup": null, "w": 27.777952755905513, "h": 27.777952755905513, "y": 1344.4417322834647, "x": 1552.78031496063, "structure_id": "Wi_5"}, {"parent_Field": null, "parent_Choice_Field": null, "parent_ChoiceGroup": null, "w": 27.777952755905513, "h": 27.777952755905513, "y": 1286.1055118110237, "x": 1552.78031496063, "structure_id": "Wi_6"}, {"parent_Field": null, "parent_Choice_Field": null, "parent_ChoiceGroup": null, "w": 27.777952755905513, "h": 27.777952755905513, "y": 1286.1055118110237, "x": 1452.78031496063, "structure_id": "Wi_7"}, {"parent_Field": null, "parent_Choice_Field": null, "parent_ChoiceGroup": null, "w": 27.777952755905513, "h": 27.777952755905513, "y": 1227.772440944882, "x": 1452.78031496063, "structure_id": "Wi_8"}, {"parent_Field": null, "parent_Choice_Field": null, "parent_ChoiceGroup": null, "w": 27.777952755905513, "h": 27.777952755905513, "y": 1227.772440944882, "x": 1552.78031496063, "structure_id": "Wi_9"}, {"parent_Field": null, "parent_Choice_Field": null, "parent_ChoiceGroup": null, "w": 27.777952755905513, "h": 27.777952755905513, "y": 1177.772440944882, "x": 1452.78031496063, "structure_id": "Wi_10"}, {"parent_Field": null, "parent_Choice_Field": null, "parent_ChoiceGroup": null, "w": 27.777952755905513, "h": 27.777952755905513, "y": 1177.772440944882, "x": 1552.78031496063, "structure_id": "Wi_11"}, {"parent_Field": null, "parent_Choice_Field": null, "parent_ChoiceGroup": null, "w": 27.777952755905513, "h": 27.777952755905513, "y": 1127.772440944882, "x": 1452.78031496063, "structure_id": "Wi_12"}, {"parent_Field": null, "parent_Choice_Field": null, "parent_ChoiceGroup": null, "w": 27.777952755905513, "h": 27.777952755905513, "y": 1127.772440944882, "x": 1552.78031496063, "structure_id": "Wi_13"}, {"parent_Field": null, "parent_Choice_Field": null, "parent_ChoiceGroup": null, "w": 27.777952755905513, "h": 27.777952755905513, "y": 1069.4417322834647, "x": 1552.78031496063, "structure_id": "Wi_14"}, {"parent_Field": null, "parent_Choice_Field": null, "parent_ChoiceGroup": null, "w": 27.777952755905513, "h": 27.777952755905513, "y": 1069.4417322834647, "x": 1452.78031496063, "structure_id": "Wi_15"}, {"parent_Field": null, "parent_Choice_Field": null, "parent_ChoiceGroup": null, "w": 27.777952755905513, "h": 27.777952755905513, "y": 986.1110236220472, "x": 1552.78031496063, "structure_id": "Wi_16"}, {"parent_Field": null, "parent_Choice_Field": null, "parent_ChoiceGroup": null, "w": 27.777952755905513, "h": 27.777952755905513, "y": 986.1110236220472, "x": 1452.78031496063, "structure_id": "Wi_17"}, {"parent_Field": null, "parent_Choice_Field": null, "parent_ChoiceGroup": null, "w": 27.777952755905513, "h": 27.777952755905513, "y": 911.1110236220472, "x": 1452.78031496063, "structure_id": "Wi_18"}, {"parent_Field": null, "parent_Choice_Field": null, "parent_ChoiceGroup": null, "w": 27.777952755905513, "h": 27.777952755905513, "y": 911.1110236220472, "x": 1552.78031496063, "structure_id": "Wi_19"}, {"parent_Field": null, "parent_Choice_Field": null, "parent_ChoiceGroup": null, "w": 27.777952755905513, "h": 27.777952755905513, "y": 861.1110236220472, "x": 1452.78031496063, "structure_id": "Wi_20"}, {"parent_Field": null, "parent_Choice_Field": null, "parent_ChoiceGroup": null, "w": 27.777952755905513, "h": 27.777952755905513, "y": 861.1110236220472, "x": 1552.78031496063, "structure_id": "Wi_21"}, {"parent_Field": null, "parent_Choice_Field": null, "parent_ChoiceGroup": null, "w": 27.777952755905513, "h": 27.777952755905513, "y": 811.1110236220474, "x": 1452.78031496063, "structure_id": "Wi_22"}, {"parent_Field": null, "parent_Choice_Field": null, "parent_ChoiceGroup": null, "w": 27.777952755905513, "h": 27.777952755905513, "y": 811.1110236220474, "x": 1552.78031496063, "structure_id": "Wi_23"}, {"parent_Field": null, "parent_Choice_Field": null, "parent_ChoiceGroup": null, "w": 27.777952755905513, "h": 27.777952755905513, "y": 727.7748031496063, "x": 1552.78031496063, "structure_id": "Wi_24"}, {"parent_Field": null, "parent_Choice_Field": null, "parent_ChoiceGroup": null, "w": 27.777952755905513, "h": 27.777952755905513, "y": 727.7748031496063, "x": 1452.78031496063, "structure_id": "Wi_25"}, {"parent_Field": null, "parent_Choice_Field": null, "parent_ChoiceGroup": null, "w": 27.777952755905513, "h": 27.777952755905513, "y": 644.4417322834646, "x": 1452.78031496063, "structure_id": "Wi_26"}, {"parent_Field": null, "parent_Choice_Field": null, "parent_ChoiceGroup": null, "w": 27.777952755905513, "h": 27.777952755905513, "y": 644.4417322834646, "x": 1552.78031496063, "structure_id": "Wi_27"}, {"parent_Field": "Fi_4", "parent_Choice_Field": null, "parent_ChoiceGroup": null, "w": 316.6692913385827, "h": 33.33070866141732, "y": 583.3307086614174, "x": 1066.6692913385828, "structure_id": "Wi_28"}, {"parent_Field": null, "parent_Choice_Field": null, "parent_ChoiceGroup": null, "w": 27.777952755905513, "h": 27.777952755905513, "y": 527.772440944882, "x": 1452.78031496063, "structure_id": "Wi_29"}, {"parent_Field": null, "parent_Choice_Field": null, "parent_ChoiceGroup": null, "w": 27.777952755905513, "h": 27.777952755905513, "y": 527.772440944882, "x": 1552.78031496063, "structure_id": "Wi_30"}, {"parent_Field": null, "parent_Choice_Field": null, "parent_ChoiceGroup": null, "w": 27.777952755905513, "h": 27.777952755905513, "y": 477.7724409448819, "x": 1552.78031496063, "structure_id": "Wi_31"}, {"parent_Field": null, "parent_Choice_Field": null, "parent_ChoiceGroup": null, "w": 27.777952755905513, "h": 27.777952755905513, "y": 477.7724409448819, "x": 1452.78031496063, "structure_id": "Wi_32"}], "TextBlock": [{"parent_Field": null, "parent_Choice_Field": null, "parent_ChoiceGroup": null, "w": 94, "h": 42, "y": 2054, "x": 83, "structure_id": "Tb_1"}, {"parent_Field": null, "parent_Choice_Field": null, "parent_ChoiceGroup": null, "w": 143, "h": 34, "y": 2058, "x": 200, "structure_id": "Tb_2"}, {"parent_Field": null, "parent_Choice_Field": null, "parent_ChoiceGroup": null, "w": 425, "h": 42, "y": 2054, "x": 600, "structure_id": "Tb_3"}, {"parent_Field": null, "parent_Choice_Field": null, "parent_ChoiceGroup": null, "w": 72, "h": 22, "y": 2064, "x": 1545, "structure_id": "Tb_4"}, {"parent_Field": "Fi_1", "parent_Choice_Field": null, "parent_ChoiceGroup": null, "w": 200, "h": 22, "y": 272, "x": 100, "structure_id": "Tb_5"}, {"parent_Field": "Fi_2", "parent_Choice_Field": null, "parent_ChoiceGroup": null, "w": 404, "h": 22, "y": 272, "x": 850, "structure_id": "Tb_6"}, {"parent_Field": null, "parent_Choice_Field": null, "parent_ChoiceGroup": null, "w": 400, "h": 25, "y": 1396, "x": 650, "structure_id": "Tb_7"}, {"parent_Field": "Fi_3", "parent_Choice_Field": null, "parent_ChoiceGroup": null, "w": 710, "h": 22, "y": 1439, "x": 100, "structure_id": "Tb_8"}, {"parent_Field": null, "parent_Choice_Field": null, "parent_ChoiceGroup": null, "w": 24, "h": 22, "y": 1347, "x": 113, "structure_id": "Tb_9"}, {"parent_Field": null, "parent_Choice_Field": null, "parent_ChoiceGroup": null, "w": 888, "h": 22, "y": 1347, "x": 183, "structure_id": "Tb_10"}, {"parent_Field": null, "parent_Choice_Field": null, "parent_ChoiceGroup": null, "w": 40, "h": 22, "y": 1289, "x": 105, "structure_id": "Tb_11"}, {"parent_Field": null, "parent_Choice_Field": null, "parent_ChoiceGroup": null, "w": 1197, "h": 48, "y": 1276, "x": 183, "structure_id": "Tb_12"}, {"parent_Field": null, "parent_Choice_Field": null, "parent_ChoiceGroup": null, "w": 40, "h": 22, "y": 1231, "x": 105, "structure_id": "Tb_13"}, {"parent_Field": null, "parent_Choice_Field": null, "parent_ChoiceGroup": null, "w": 628, "h": 22, "y": 1231, "x": 183, "structure_id": "Tb_14"}, {"parent_Field": null, "parent_Choice_Field": null, "parent_ChoiceGroup": null, "w": 24, "h": 22, "y": 1181, "x": 113, "structure_id": "Tb_15"}, {"parent_Field": null, "parent_Choice_Field": null, "parent_ChoiceGroup": null, "w": 494, "h": 22, "y": 1181, "x": 183, "structure_id": "Tb_16"}, {"parent_Field": null, "parent_Choice_Field": null, "parent_ChoiceGroup": null, "w": 29, "h": 33, "y": 1121.03125, "x": 106, "structure_id": "Tb_17"}, {"parent_Field": null, "parent_Choice_Field": null, "parent_ChoiceGroup": null, "w": 847, "h": 22, "y": 1131, "x": 183, "structure_id": "Tb_18"}, {"parent_Field": null, "parent_Choice_Field": null, "parent_ChoiceGroup": null, "w": 1223, "h": 49, "y": 1059, "x": 183, "structure_id": "Tb_19"}, {"parent_Field": null, "parent_Choice_Field": null, "parent_ChoiceGroup": null, "w": 28, "h": 33, "y": 1066.03125, "x": 105, "structure_id": "Tb_20"}, {"parent_Field": null, "parent_Choice_Field": null, "parent_ChoiceGroup": null, "w": 28, "h": 22, "y": 989, "x": 111, "structure_id": "Tb_21"}, {"parent_Field": null, "parent_Choice_Field": null, "parent_ChoiceGroup": null, "w": 1221, "h": 78, "y": 961, "x": 183, "structure_id": "Tb_22"}, {"parent_Field": null, "parent_Choice_Field": null, "parent_ChoiceGroup": null, "w": 28, "h": 22, "y": 914, "x": 111, "structure_id": "Tb_23"}, {"parent_Field": null, "parent_Choice_Field": null, "parent_ChoiceGroup": null, "w": 988, "h": 22, "y": 914, "x": 183, "structure_id": "Tb_24"}, {"parent_Field": null, "parent_Choice_Field": null, "parent_ChoiceGroup": null, "w": 29, "h": 27, "y": 860.03125, "x": 112, "structure_id": "Tb_25"}, {"parent_Field": null, "parent_Choice_Field": null, "parent_ChoiceGroup": null, "w": 1014, "h": 22, "y": 864, "x": 183, "structure_id": "Tb_26"}, {"parent_Field": null, "parent_Choice_Field": null, "parent_ChoiceGroup": null, "w": 26, "h": 27, "y": 808.03125, "x": 112, "structure_id": "Tb_27"}, {"parent_Field": null, "parent_Choice_Field": null, "parent_ChoiceGroup": null, "w": 1073, "h": 22, "y": 814, "x": 183, "structure_id": "Tb_28"}, {"parent_Field": null, "parent_Choice_Field": null, "parent_ChoiceGroup": null, "w": 1147, "h": 102, "y": 691, "x": 183, "structure_id": "Tb_29"}, {"parent_Field": null, "parent_Choice_Field": null, "parent_ChoiceGroup": null, "w": 28, "h": 37, "y": 724.03125, "x": 108, "structure_id": "Tb_30"}, {"parent_Field": null, "parent_Choice_Field": null, "parent_ChoiceGroup": null, "w": 30, "h": 25, "y": 643.03125, "x": 106, "structure_id": "Tb_31"}, {"parent_Field": null, "parent_Choice_Field": null, "parent_ChoiceGroup": null, "w": 635, "h": 22, "y": 647, "x": 183, "structure_id": "Tb_32"}, {"parent_Field": null, "parent_Choice_Field": null, "parent_ChoiceGroup": null, "w": 21, "h": 27, "y": 586.03125, "x": 112, "structure_id": "Tb_33"}, {"parent_Field": null, "parent_Choice_Field": null, "parent_ChoiceGroup": null, "w": 789, "h": 55, "y": 572, "x": 183, "structure_id": "Tb_34"}, {"parent_Field": "Fi_4", "parent_Choice_Field": null, "parent_ChoiceGroup": null, "w": 23, "h": 30.0, "y": 583.03125, "x": 1036, "structure_id": "Tb_35"}, {"parent_Field": null, "parent_Choice_Field": null, "parent_ChoiceGroup": null, "w": 28, "h": 22, "y": 531, "x": 111, "structure_id": "Tb_36"}, {"parent_Field": null, "parent_Choice_Field": null, "parent_ChoiceGroup": null, "w": 788, "h": 22, "y": 531, "x": 183, "structure_id": "Tb_37"}, {"parent_Field": null, "parent_Choice_Field": null, "parent_ChoiceGroup": null, "w": 28, "h": 22, "y": 481, "x": 111, "structure_id": "Tb_38"}, {"parent_Field": null, "parent_Choice_Field": null, "parent_ChoiceGroup": null, "w": 746, "h": 22, "y": 481, "x": 183, "structure_id": "Tb_39"}, {"parent_Field": null, "parent_Choice_Field": null, "parent_ChoiceGroup": null, "w": 33, "h": 22, "y": 422, "x": 1550, "structure_id": "Tb_40"}, {"parent_Field": null, "parent_Choice_Field": null, "parent_ChoiceGroup": null, "w": 45, "h": 22, "y": 422, "x": 1444, "structure_id": "Tb_41"}, {"parent_Field": null, "parent_Choice_Field": null, "parent_ChoiceGroup": null, "w": 745, "h": 25, "y": 421, "x": 419, "structure_id": "Tb_42"}, {"parent_Field": null, "parent_Choice_Field": null, "parent_ChoiceGroup": null, "w": 56, "h": 45, "y": 413, "x": 100, "structure_id": "Tb_43"}, {"parent_Field": null, "parent_Choice_Field": null, "parent_ChoiceGroup": null, "w": 1220, "h": 73, "y": 180, "x": 240, "structure_id": "Tb_44"}], "Choice_Field": [], "Field": [{"y": 272, "x": 100, "structure_id": "Fi_1", "w": 716.6692913385826, "h": 128}, {"y": 272, "x": 850, "structure_id": "Fi_2", "w": 750, "h": 128}, {"y": 1439, "x": 100, "structure_id": "Fi_3", "w": 1500, "h": 594.3307086614172}, {"y": 583.03125, "x": 1036, "structure_id": "Fi_4", "w": 347.3385826771655, "h": 33.63016732283472}], "TextRun": [{"parent_TextBlock": "Tb_1", "text": "VA FORM", "parent_Field": null, "parent_Choice_Field": null, "parent_ChoiceGroup": null, "w": 94, "h": 19, "y": 2054, "x": 83, "structure_id": "Tr_1"}, {"parent_TextBlock": "Tb_1", "text": "MAR 2014", "parent_Field": null, "parent_Choice_Field": null, "parent_ChoiceGroup": null, "w": 92, "h": 19, "y": 2077, "x": 83, "structure_id": "Tr_2"}, {"parent_TextBlock": "Tb_2", "text": "26-8736b", "parent_Field": null, "parent_Choice_Field": null, "parent_ChoiceGroup": null, "w": 143, "h": 34, "y": 2058, "x": 200, "structure_id": "Tr_3"}, {"parent_TextBlock": "Tb_3", "text": "SUPERSEDES VA FORM 26-8736b, APR 1989,", "parent_Field": null, "parent_Choice_Field": null, "parent_ChoiceGroup": null, "w": 425, "h": 19, "y": 2054, "x": 600, "structure_id": "Tr_4"}, {"parent_TextBlock": "Tb_3", "text": "WHICH WILL NOT BE USED.", "parent_Field": null, "parent_Choice_Field": null, "parent_ChoiceGroup": null, "w": 259, "h": 19, "y": 2077, "x": 600, "structure_id": "Tr_5"}, {"parent_TextBlock": "Tb_4", "text": "Page 1", "parent_Field": null, "parent_Choice_Field": null, "parent_ChoiceGroup": null, "w": 72, "h": 22, "y": 2064, "x": 1545, "structure_id": "Tr_6"}, {"parent_TextBlock": "Tb_5", "text": "NAME OF LENDER", "parent_Field": "Fi_1", "parent_Choice_Field": null, "parent_ChoiceGroup": null, "w": 200, "h": 22, "y": 272, "x": 100, "structure_id": "Tr_7"}, {"parent_TextBlock": "Tb_6", "text": "HOME OFFICE ADDRESS OF LENDER", "parent_Field": "Fi_2", "parent_Choice_Field": null, "parent_ChoiceGroup": null, "w": 404, "h": 22, "y": 272, "x": 850, "structure_id": "Tr_8"}, {"parent_TextBlock": "Tb_7", "text": "SECTION II - STATION SUMMARY", "parent_Field": null, "parent_Choice_Field": null, "parent_ChoiceGroup": null, "w": 400, "h": 25, "y": 1396, "x": 650, "structure_id": "Tr_9"}, {"parent_TextBlock": "Tb_8", "text": "13. QUALITY OF LOAN SUBMISSIONS ON PRIOR APPROVAL BASIS", "parent_Field": "Fi_3", "parent_Choice_Field": null, "parent_ChoiceGroup": null, "w": 710, "h": 22, "y": 1439, "x": 100, "structure_id": "Tr_10"}, {"parent_TextBlock": "Tb_9", "text": "12", "parent_Field": null, "parent_Choice_Field": null, "parent_ChoiceGroup": null, "w": 24, "h": 22, "y": 1347, "x": 113, "structure_id": "Tr_11"}, {"parent_TextBlock": "Tb_10", "text": "WAS INFORMATION REGARDING HUD, FNMA, AND GNMA APPROVAL SUBMITTED?", "parent_Field": null, "parent_Choice_Field": null, "parent_ChoiceGroup": null, "w": 888, "h": 22, "y": 1347, "x": 183, "structure_id": "Tr_12"}, {"parent_TextBlock": "Tb_11", "text": "11B", "parent_Field": null, "parent_Choice_Field": null, "parent_ChoiceGroup": null, "w": 40, "h": 22, "y": 1289, "x": 105, "structure_id": "Tr_13"}, {"parent_TextBlock": "Tb_12", "text": "DOES LIST OF INVESTORS SHOW EFFECTIVE DATES OF SERVICING CONTRACTS AND PROVIDE ADDRESSES,", "parent_Field": null, "parent_Choice_Field": null, "parent_ChoiceGroup": null, "w": 1197, "h": 22, "y": 1276, "x": 183, "structure_id": "Tr_14"}, {"parent_TextBlock": "Tb_12", "text": "TELEPHONE NUMBERS, AND NAMES OF PERSONS TO CONTACT?", "parent_Field": null, "parent_Choice_Field": null, "parent_ChoiceGroup": null, "w": 712, "h": 22, "y": 1302, "x": 183, "structure_id": "Tr_15"}, {"parent_TextBlock": "Tb_13", "text": "11A", "parent_Field": null, "parent_Choice_Field": null, "parent_ChoiceGroup": null, "w": 40, "h": 22, "y": 1231, "x": 105, "structure_id": "Tr_16"}, {"parent_TextBlock": "Tb_14", "text": "DOES THE LENDER HAVE TWO PERMANENT INVESTORS?", "parent_Field": null, "parent_Choice_Field": null, "parent_ChoiceGroup": null, "w": 628, "h": 22, "y": 1231, "x": 183, "structure_id": "Tr_17"}, {"parent_TextBlock": "Tb_15", "text": "10", "parent_Field": null, "parent_Choice_Field": null, "parent_ChoiceGroup": null, "w": 24, "h": 22, "y": 1181, "x": 113, "structure_id": "Tr_18"}, {"parent_TextBlock": "Tb_16", "text": "HAS A LIAISON OFFICER BEEN DESIGNATED?", "parent_Field": null, "parent_Choice_Field": null, "parent_ChoiceGroup": null, "w": 494, "h": 22, "y": 1181, "x": 183, "structure_id": "Tr_19"}, {"parent_TextBlock": "Tb_17", "parent_Field": null, "parent_Choice_Field": null, "parent_ChoiceGroup": null, "w": 29, "h": 33, "y": 1121.03125, "x": 106, "structure_id": "Tr_20"}, {"parent_TextBlock": "Tb_18", "text": "DOES LENDER HAVE REQUIRED LINE(S) OF CREDIT OF AT LEAST $1 MILLION?", "parent_Field": null, "parent_Choice_Field": null, "parent_ChoiceGroup": null, "w": 847, "h": 22, "y": 1131, "x": 183, "structure_id": "Tr_21"}, {"parent_TextBlock": "Tb_19", "text": "DO UNDERWRITERS HAVE 2 YEARS MINIMUM FULL-TIME EXPERIENCE UNDERWRITING VA LOANS AND 3 YEARS", "parent_Field": null, "parent_Choice_Field": null, "parent_ChoiceGroup": null, "w": 1223, "h": 22, "y": 1059, "x": 183, "structure_id": "Tr_22"}, {"parent_TextBlock": "Tb_19", "text": "UNDERWRITING EXPERIENCE IN MORTGAGE LENDING?", "parent_Field": null, "parent_Choice_Field": null, "parent_ChoiceGroup": null, "w": 607, "h": 22, "y": 1086, "x": 183, "structure_id": "Tr_23"}, {"parent_TextBlock": "Tb_20", "parent_Field": null, "parent_Choice_Field": null, "parent_ChoiceGroup": null, "w": 28, "h": 33, "y": 1066.03125, "x": 105, "structure_id": "Tr_24"}, {"parent_TextBlock": "Tb_21", "text": "7B", "parent_Field": null, "parent_Choice_Field": null, "parent_ChoiceGroup": null, "w": 28, "h": 22, "y": 989, "x": 111, "structure_id": "Tr_25"}, {"parent_TextBlock": "Tb_22", "text": "ARE THEY LOCATED IN LENDER'S HOME OFFICE OR, IF LENDER REQUESTS APPROVAL OF REGIONAL OR ZONE", "parent_Field": null, "parent_Choice_Field": null, "parent_ChoiceGroup": null, "w": 1221, "h": 22, "y": 961, "x": 183, "structure_id": "Tr_26"}, {"parent_TextBlock": "Tb_22", "text": "OFFICE UNDERWRITING, HAS ALL NECESSARY INFORMATION CONCERNING THE COMPANY'S LENDING", "parent_Field": null, "parent_Choice_Field": null, "parent_ChoiceGroup": null, "w": 1129, "h": 23, "y": 987, "x": 183, "structure_id": "Tr_27"}, {"parent_TextBlock": "Tb_22", "text": "OPERATION", "parent_Field": null, "parent_Choice_Field": null, "parent_ChoiceGroup": null, "w": 137, "h": 22, "y": 1016, "x": 183, "structure_id": "Tr_28"}, {"parent_TextBlock": "Tb_22", "text": "(including the location of regional office(s) and area(s) of jurisdiction)", "parent_Field": null, "parent_Choice_Field": null, "parent_ChoiceGroup": null, "w": 711, "h": 25, "y": 1014, "x": 320, "structure_id": "Tr_29"}, {"parent_TextBlock": "Tb_22", "text": "BEEN FURNISHED?", "parent_Field": null, "parent_Choice_Field": null, "parent_ChoiceGroup": null, "w": 208, "h": 22, "y": 1016, "x": 1042, "structure_id": "Tr_30"}, {"parent_TextBlock": "Tb_23", "text": "7A", "parent_Field": null, "parent_Choice_Field": null, "parent_ChoiceGroup": null, "w": 28, "h": 22, "y": 914, "x": 111, "structure_id": "Tr_31"}, {"parent_TextBlock": "Tb_24", "text": "HAVE UNDERWRITERS BEEN NOMINATED ON PROPERLY COMPLETED VA FORM 26-8736A?", "parent_Field": null, "parent_Choice_Field": null, "parent_ChoiceGroup": null, "w": 988, "h": 22, "y": 914, "x": 183, "structure_id": "Tr_32"}, {"parent_TextBlock": "Tb_25", "parent_Field": null, "parent_Choice_Field": null, "parent_ChoiceGroup": null, "w": 29, "h": 27, "y": 860.03125, "x": 112, "structure_id": "Tr_33"}, {"parent_TextBlock": "Tb_26", "text": "HAS THE LENDER/APPLICANT EVER HAD A SERVICING CONTRACT SUSPENDED FOR CAUSE?", "parent_Field": null, "parent_Choice_Field": null, "parent_ChoiceGroup": null, "w": 1014, "h": 22, "y": 864, "x": 183, "structure_id": "Tr_34"}, {"parent_TextBlock": "Tb_27", "parent_Field": null, "parent_Choice_Field": null, "parent_ChoiceGroup": null, "w": 26, "h": 27, "y": 808.03125, "x": 112, "structure_id": "Tr_35"}, {"parent_TextBlock": "Tb_28", "text": "HAS THE FIRM OR ANY OF ITS DIRECTORS OR OFFICERS EVER BEEN SUSPENDED BY VA OR FHA?", "parent_Field": null, "parent_Choice_Field": null, "parent_ChoiceGroup": null, "w": 1073, "h": 22, "y": 814, "x": 183, "structure_id": "Tr_36"}, {"parent_TextBlock": "Tb_29", "text": "HAS LENDER BEEN ACTIVELY ENGAGED IN ORIGINATING AND SERVICING VA LOANS FOR AT LEAST THE", "parent_Field": null, "parent_Choice_Field": null, "parent_ChoiceGroup": null, "w": 1141, "h": 22, "y": 691, "x": 183, "structure_id": "Tr_37"}, {"parent_TextBlock": "Tb_29", "text": "IMMEDIATELY PRECEDING 3 YEARS OR DOES EACH PRINCIPAL OFFICER WHO IS ACTIVELY INVOLVED IN", "parent_Field": null, "parent_Choice_Field": null, "parent_ChoiceGroup": null, "w": 1147, "h": 22, "y": 717, "x": 183, "structure_id": "Tr_38"}, {"parent_TextBlock": "Tb_29", "text": "MANAGING ORIGINATION FUNCTIONS HAVE 3 YEARS COMBINED EXPERIENCE IN VA MORTGAGES IN", "parent_Field": null, "parent_Choice_Field": null, "parent_ChoiceGroup": null, "w": 1102, "h": 22, "y": 744, "x": 183, "structure_id": "Tr_39"}, {"parent_TextBlock": "Tb_29", "text": "MANAGERIAL FUNCTIONS?", "parent_Field": null, "parent_Choice_Field": null, "parent_ChoiceGroup": null, "w": 344, "h": 22, "y": 771, "x": 183, "structure_id": "Tr_40"}, {"parent_TextBlock": "Tb_30", "parent_Field": null, "parent_Choice_Field": null, "parent_ChoiceGroup": null, "w": 28, "h": 37, "y": 724.03125, "x": 108, "structure_id": "Tr_41"}, {"parent_TextBlock": "Tb_31", "parent_Field": null, "parent_Choice_Field": null, "parent_ChoiceGroup": null, "w": 30, "h": 25, "y": 643.03125, "x": 106, "structure_id": "Tr_42"}, {"parent_TextBlock": "Tb_32", "text": "ARE RESUMES INCLUDED FOR ALL PRINCIPAL OFFICERS?", "parent_Field": null, "parent_Choice_Field": null, "parent_ChoiceGroup": null, "w": 635, "h": 22, "y": 647, "x": 183, "structure_id": "Tr_43"}, {"parent_TextBlock": "Tb_33", "parent_Field": null, "parent_Choice_Field": null, "parent_ChoiceGroup": null, "w": 21, "h": 27, "y": 586.03125, "x": 112, "structure_id": "Tr_44"}, {"parent_TextBlock": "Tb_34", "text": "WHAT IS THE AMOUNT OF WORKING CAPITAL?", "parent_Field": null, "parent_Choice_Field": null, "parent_ChoiceGroup": null, "w": 515, "h": 22, "y": 575, "x": 183, "structure_id": "Tr_45"}, {"parent_TextBlock": "Tb_34", "text": "(Subtract current liabilities", "parent_Field": null, "parent_Choice_Field": null, "parent_ChoiceGroup": null, "w": 274, "h": 25, "y": 572, "x": 698, "structure_id": "Tr_46"}, {"parent_TextBlock": "Tb_34", "text": "from current assets)", "parent_Field": null, "parent_Choice_Field": null, "parent_ChoiceGroup": null, "w": 202, "h": 25, "y": 602, "x": 183, "structure_id": "Tr_47"}, {"parent_TextBlock": "Tb_35", "parent_Field": "Fi_4", "parent_Choice_Field": null, "parent_ChoiceGroup": null, "w": 23, "h": 30, "y": 583.03125, "x": 1036, "structure_id": "Tr_48"}, {"parent_TextBlock": "Tb_36", "text": "1B", "parent_Field": null, "parent_Choice_Field": null, "parent_ChoiceGroup": null, "w": 28, "h": 22, "y": 531, "x": 111, "structure_id": "Tr_49"}, {"parent_TextBlock": "Tb_37", "text": "ARE THEY CURRENT TO WITHIN 6 MONTHS OF THE APPLICATION DATE?", "parent_Field": null, "parent_Choice_Field": null, "parent_ChoiceGroup": null, "w": 788, "h": 22, "y": 531, "x": 183, "structure_id": "Tr_50"}, {"parent_TextBlock": "Tb_38", "text": "1A", "parent_Field": null, "parent_Choice_Field": null, "parent_ChoiceGroup": null, "w": 28, "h": 22, "y": 481, "x": 111, "structure_id": "Tr_51"}, {"parent_TextBlock": "Tb_39", "text": "WERE FINANCIAL STATEMENTS AUDITED AND CERTIFIED BY A CPA?", "parent_Field": null, "parent_Choice_Field": null, "parent_ChoiceGroup": null, "w": 746, "h": 22, "y": 481, "x": 183, "structure_id": "Tr_52"}, {"parent_TextBlock": "Tb_40", "text": "NO", "parent_Field": null, "parent_Choice_Field": null, "parent_ChoiceGroup": null, "w": 33, "h": 22, "y": 422, "x": 1550, "structure_id": "Tr_53"}, {"parent_TextBlock": "Tb_41", "text": "YES", "parent_Field": null, "parent_Choice_Field": null, "parent_ChoiceGroup": null, "w": 45, "h": 22, "y": 422, "x": 1444, "structure_id": "Tr_54"}, {"parent_TextBlock": "Tb_42", "text": "SECTION I - VA REQUIREMENTS", "parent_Field": null, "parent_Choice_Field": null, "parent_ChoiceGroup": null, "w": 398, "h": 25, "y": 421, "x": 419, "structure_id": "Tr_55"}, {"parent_TextBlock": "Tb_42", "text": "(These must be met by the lender)", "parent_Field": null, "parent_Choice_Field": null, "parent_ChoiceGroup": null, "w": 347, "h": 25, "y": 421, "x": 817, "structure_id": "Tr_56"}, {"parent_TextBlock": "Tb_43", "text": "LINE", "parent_Field": null, "parent_Choice_Field": null, "parent_ChoiceGroup": null, "w": 56, "h": 23, "y": 413, "x": 100, "structure_id": "Tr_57"}, {"parent_TextBlock": "Tb_43", "text": "NO.", "parent_Field": null, "parent_Choice_Field": null, "parent_ChoiceGroup": null, "w": 40, "h": 22, "y": 436, "x": 105, "structure_id": "Tr_58"}, {"parent_TextBlock": "Tb_44", "text": "CHECKLIST/REQUEST FOR AUTHORITY", "parent_Field": null, "parent_Choice_Field": null, "parent_ChoiceGroup": null, "w": 653, "h": 33, "y": 180, "x": 528, "structure_id": "Tr_59"}, {"parent_TextBlock": "Tb_44", "text": "TO CLOSE LOANS ON AN AUTOMATIC BASIS - NONSUPERVISED LENDERS", "parent_Field": null, "parent_Choice_Field": null, "parent_ChoiceGroup": null, "w": 1220, "h": 33, "y": 220, "x": 240, "structure_id": "Tr_60"}], "ChoiceGroup": []}