{"Widget": [{"parent_Field": "Fi_1", "parent_Choice_Field": null, "parent_ChoiceGroup": null, "w": 140.50236220472442, "h": 46.83307086614173, "y": 53.7251968503937, "x": 513.8196850393701, "structure_id": "Wi_1"}, {"parent_Field": "Fi_1", "parent_Choice_Field": null, "parent_ChoiceGroup": null, "w": 88.94488188976378, "h": 46.83307086614173, "y": 53.7251968503937, "x": 707.8330708661417, "structure_id": "Wi_2"}, {"parent_Field": "Fi_1", "parent_Choice_Field": null, "parent_ChoiceGroup": null, "w": 188.88031496062993, "h": 46.83307086614173, "y": 53.7251968503937, "x": 838.992125984252, "structure_id": "Wi_3"}, {"parent_Field": "Fi_2", "parent_Choice_Field": null, "parent_ChoiceGroup": null, "w": 200, "h": 33.33070866141732, "y": 231.07795275590553, "x": 771.1724409448818, "structure_id": "Wi_4"}, {"parent_Field": "Fi_2", "parent_Choice_Field": null, "parent_ChoiceGroup": null, "w": 600, "h": 33.33070866141732, "y": 231.07795275590553, "x": 987.8330708661417, "structure_id": "Wi_5"}, {"parent_Field": "Fi_3", "parent_Choice_Field": null, "parent_ChoiceGroup": null, "w": 200, "h": 33.33070866141732, "y": 547.7472440944882, "x": 771.1724409448818, "structure_id": "Wi_6"}, {"parent_Field": "Fi_3", "parent_Choice_Field": null, "parent_ChoiceGroup": null, "w": 600, "h": 33.33070866141732, "y": 547.7472440944882, "x": 987.8330708661417, "structure_id": "Wi_7"}, {"parent_Field": null, "parent_Choice_Field": "Chf_1", "parent_ChoiceGroup": "Chgp_1", "w": 25, "h": 25, "y": 371.35826771653547, "x": 154.50236220472442, "structure_id": "Wi_8"}, {"parent_Field": null, "parent_Choice_Field": "Chf_2", "parent_ChoiceGroup": "Chgp_1", "w": 25, "h": 25, "y": 371.35826771653547, "x": 271.1724409448819, "structure_id": "Wi_9"}, {"parent_Field": null, "parent_Choice_Field": "Chf_3", "parent_ChoiceGroup": "Chgp_1", "w": 25, "h": 25, "y": 371.35826771653547, "x": 421.1724409448819, "structure_id": "Wi_10"}, {"parent_Field": null, "parent_Choice_Field": "Chf_4", "parent_ChoiceGroup": "Chgp_1", "w": 25, "h": 25, "y": 371.35826771653547, "x": 537.8330708661417, "structure_id": "Wi_11"}, {"parent_Field": "Fi_4", "parent_Choice_Field": null, "parent_ChoiceGroup": null, "w": 200, "h": 33.33070866141732, "y": 664.4165354330709, "x": 771.1724409448818, "structure_id": "Wi_12"}, {"parent_Field": "Fi_4", "parent_Choice_Field": null, "parent_ChoiceGroup": null, "w": 600, "h": 33.33070866141732, "y": 664.4165354330709, "x": 987.8330708661417, "structure_id": "Wi_13"}, {"parent_Field": "Fi_5", "parent_Choice_Field": null, "parent_ChoiceGroup": null, "w": 1433.3307086614172, "h": 33.338582677165356, "y": 447.7472440944882, "x": 154.50236220472442, "structure_id": "Wi_14"}, {"parent_Field": "Fi_6", "parent_Choice_Field": null, "parent_ChoiceGroup": null, "w": 766.6614173228346, "h": 33.33070866141732, "y": 714.4165354330709, "x": 821.1724409448819, "structure_id": "Wi_15"}, {"parent_Field": null, "parent_Choice_Field": "Chf_5", "parent_ChoiceGroup": "Chgp_2", "w": 25, "h": 25, "y": 204.68897637795274, "x": 104.50236220472442, "structure_id": "Wi_16"}, {"parent_Field": null, "parent_Choice_Field": "Chf_6", "parent_ChoiceGroup": "Chgp_2", "w": 25, "h": 25, "y": 304.68897637795277, "x": 106.5496062992126, "structure_id": "Wi_17"}, {"parent_Field": null, "parent_Choice_Field": "Chf_7", "parent_ChoiceGroup": "Chgp_2", "w": 25, "h": 25, "y": 521.3582677165355, "x": 104.50236220472442, "structure_id": "Wi_18"}, {"parent_Field": null, "parent_Choice_Field": "Chf_8", "parent_ChoiceGroup": "Chgp_2", "w": 25, "h": 25, "y": 621.363779527559, "x": 104.50236220472442, "structure_id": "Wi_19"}, {"parent_Field": null, "parent_Choice_Field": "Chf_8", "parent_ChoiceGroup": "Chgp_2", "w": 616.6614173228347, "h": 33.33070866141732, "y": 614.4165354330709, "x": 971.1724409448819, "structure_id": "Wi_20"}, {"parent_Field": null, "parent_Choice_Field": "Chf_9", "parent_ChoiceGroup": "Chgp_3", "w": 25, "h": 25, "y": 854.1692913385826, "x": 102.77244094488188, "structure_id": "Wi_21"}, {"parent_Field": null, "parent_Choice_Field": "Chf_10", "parent_ChoiceGroup": "Chgp_3", "w": 25, "h": 25, "y": 854.1692913385826, "x": 219.44173228346457, "structure_id": "Wi_22"}, {"parent_Field": "Fi_7", "parent_Choice_Field": null, "parent_ChoiceGroup": null, "w": 1016.6614173228348, "h": 33.33070866141732, "y": 933.3385826771654, "x": 566.6692913385828, "structure_id": "Wi_23"}, {"parent_Field": "Fi_8", "parent_Choice_Field": null, "parent_ChoiceGroup": null, "w": 200, "h": 33.33070866141732, "y": 883.3385826771654, "x": 650, "structure_id": "Wi_24"}, {"parent_Field": "Fi_8", "parent_Choice_Field": null, "parent_ChoiceGroup": null, "w": 716.6614173228347, "h": 33.33070866141732, "y": 883.3385826771654, "x": 866.6692913385826, "structure_id": "Wi_25"}, {"parent_Field": null, "parent_Choice_Field": "Chf_11", "parent_ChoiceGroup": "Chgp_4", "w": 25, "h": 25, "y": 1187.5023622047242, "x": 367.1251968503937, "structure_id": "Wi_26"}, {"parent_Field": null, "parent_Choice_Field": "Chf_12", "parent_ChoiceGroup": "Chgp_4", "w": 25, "h": 25, "y": 1187.5023622047242, "x": 533.3307086614174, "structure_id": "Wi_27"}, {"parent_Field": null, "parent_Choice_Field": "Chf_12", "parent_ChoiceGroup": "Chgp_4", "w": 333.3307086614173, "h": 33.33070866141732, "y": 1183.3385826771653, "x": 750.0000000000001, "structure_id": "Wi_28"}, {"parent_Field": "Fi_9", "parent_Choice_Field": null, "parent_ChoiceGroup": null, "w": 166.6692913385827, "h": 33.33070866141732, "y": 1066.6692913385828, "x": 200, "structure_id": "Wi_29"}, {"parent_Field": "Fi_10", "parent_Choice_Field": null, "parent_ChoiceGroup": null, "w": 166.6692913385827, "h": 33.33070866141732, "y": 1500, "x": 250, "structure_id": "Wi_30"}, {"parent_Field": null, "parent_Choice_Field": "Chf_13", "parent_ChoiceGroup": "Chgp_5", "w": 25, "h": 25, "y": 1120.8330708661417, "x": 366.6692913385827, "structure_id": "Wi_31"}, {"parent_Field": null, "parent_Choice_Field": "Chf_14", "parent_ChoiceGroup": "Chgp_5", "w": 25, "h": 25, "y": 1120.8330708661417, "x": 533.3307086614174, "structure_id": "Wi_32"}, {"parent_Field": null, "parent_Choice_Field": "Chf_15", "parent_ChoiceGroup": "Chgp_6", "w": 25, "h": 25, "y": 1154.1637795275592, "x": 366.6692913385827, "structure_id": "Wi_33"}, {"parent_Field": null, "parent_Choice_Field": "Chf_16", "parent_ChoiceGroup": "Chgp_6", "w": 25, "h": 25, "y": 1154.1637795275592, "x": 533.3307086614174, "structure_id": "Wi_34"}, {"parent_Field": null, "parent_Choice_Field": "Chf_17", "parent_ChoiceGroup": "Chgp_6", "w": 25, "h": 25, "y": 1154.1637795275592, "x": 783.3307086614174, "structure_id": "Wi_35"}, {"parent_Field": null, "parent_Choice_Field": "Chf_18", "parent_ChoiceGroup": "Chgp_6", "w": 25, "h": 25, "y": 1154.1637795275592, "x": 1033.3307086614172, "structure_id": "Wi_36"}, {"parent_Field": null, "parent_Choice_Field": "Chf_18", "parent_ChoiceGroup": "Chgp_6", "w": 333.3307086614173, "h": 33.33070866141732, "y": 1150, "x": 1216.6692913385828, "structure_id": "Wi_37"}, {"parent_Field": null, "parent_Choice_Field": "Chf_19", "parent_ChoiceGroup": "Chgp_7", "w": 25, "h": 25, "y": 1220.8330708661417, "x": 366.6692913385827, "structure_id": "Wi_38"}, {"parent_Field": null, "parent_Choice_Field": "Chf_20", "parent_ChoiceGroup": "Chgp_7", "w": 25, "h": 25, "y": 1220.8330708661417, "x": 533.3307086614174, "structure_id": "Wi_39"}, {"parent_Field": null, "parent_Choice_Field": "Chf_21", "parent_ChoiceGroup": "Chgp_8", "w": 25, "h": 25, "y": 1254.163779527559, "x": 366.6692913385827, "structure_id": "Wi_40"}, {"parent_Field": null, "parent_Choice_Field": "Chf_22", "parent_ChoiceGroup": "Chgp_8", "w": 25, "h": 25, "y": 1254.163779527559, "x": 533.3307086614174, "structure_id": "Wi_41"}, {"parent_Field": null, "parent_Choice_Field": "Chf_23", "parent_ChoiceGroup": "Chgp_8", "w": 25, "h": 25, "y": 1254.163779527559, "x": 733.3307086614174, "structure_id": "Wi_42"}, {"parent_Field": null, "parent_Choice_Field": "Chf_23", "parent_ChoiceGroup": "Chgp_8", "w": 383.33858267716533, "h": 33.33070866141732, "y": 1250, "x": 933.3307086614174, "structure_id": "Wi_43"}, {"parent_Field": null, "parent_Choice_Field": "Chf_24", "parent_ChoiceGroup": "Chgp_9", "w": 25, "h": 25, "y": 1320.8330708661417, "x": 366.6692913385827, "structure_id": "Wi_44"}, {"parent_Field": null, "parent_Choice_Field": "Chf_25", "parent_ChoiceGroup": "Chgp_9", "w": 25, "h": 25, "y": 1320.8330708661417, "x": 533.3307086614174, "structure_id": "Wi_45"}, {"parent_Field": null, "parent_Choice_Field": "Chf_26", "parent_ChoiceGroup": "Chgp_9", "w": 25, "h": 25, "y": 1320.8330708661417, "x": 733.3307086614174, "structure_id": "Wi_46"}, {"parent_Field": null, "parent_Choice_Field": "Chf_27", "parent_ChoiceGroup": "Chgp_10", "w": 25, "h": 25, "y": 1354.1637795275592, "x": 366.6692913385827, "structure_id": "Wi_47"}, {"parent_Field": null, "parent_Choice_Field": "Chf_28", "parent_ChoiceGroup": "Chgp_10", "w": 25, "h": 25, "y": 1354.1637795275592, "x": 533.3307086614174, "structure_id": "Wi_48"}, {"parent_Field": null, "parent_Choice_Field": "Chf_29", "parent_ChoiceGroup": "Chgp_10", "w": 25, "h": 25, "y": 1354.1637795275592, "x": 733.3307086614174, "structure_id": "Wi_49"}, {"parent_Field": null, "parent_Choice_Field": "Chf_30", "parent_ChoiceGroup": "Chgp_11", "w": 25, "h": 25, "y": 1420.8330708661417, "x": 366.6692913385827, "structure_id": "Wi_50"}, {"parent_Field": null, "parent_Choice_Field": "Chf_31", "parent_ChoiceGroup": "Chgp_11", "w": 25, "h": 25, "y": 1420.8330708661417, "x": 483.33070866141736, "structure_id": "Wi_51"}, {"parent_Field": null, "parent_Choice_Field": "Chf_32", "parent_ChoiceGroup": "Chgp_11", "w": 25, "h": 25, "y": 1420.8330708661417, "x": 600, "structure_id": "Wi_52"}, {"parent_Field": null, "parent_Choice_Field": "Chf_33", "parent_ChoiceGroup": "Chgp_11", "w": 25, "h": 25, "y": 1420.8330708661417, "x": 683.3307086614174, "structure_id": "Wi_53"}, {"parent_Field": null, "parent_Choice_Field": "Chf_34", "parent_ChoiceGroup": "Chgp_11", "w": 25, "h": 25, "y": 1420.8330708661417, "x": 766.6692913385826, "structure_id": "Wi_54"}, {"parent_Field": null, "parent_Choice_Field": "Chf_35", "parent_ChoiceGroup": "Chgp_11", "w": 25, "h": 25, "y": 1420.8330708661417, "x": 850, "structure_id": "Wi_55"}, {"parent_Field": null, "parent_Choice_Field": "Chf_36", "parent_ChoiceGroup": "Chgp_12", "w": 25, "h": 25, "y": 1454.1637795275592, "x": 366.6692913385827, "structure_id": "Wi_56"}, {"parent_Field": null, "parent_Choice_Field": "Chf_37", "parent_ChoiceGroup": "Chgp_12", "w": 25, "h": 25, "y": 1454.1637795275592, "x": 483.33070866141736, "structure_id": "Wi_57"}, {"parent_Field": null, "parent_Choice_Field": "Chf_38", "parent_ChoiceGroup": "Chgp_12", "w": 25, "h": 25, "y": 1454.1637795275592, "x": 600, "structure_id": "Wi_58"}, {"parent_Field": null, "parent_Choice_Field": "Chf_39", "parent_ChoiceGroup": "Chgp_12", "w": 25, "h": 25, "y": 1454.1637795275592, "x": 683.3307086614174, "structure_id": "Wi_59"}, {"parent_Field": null, "parent_Choice_Field": "Chf_40", "parent_ChoiceGroup": "Chgp_12", "w": 25, "h": 25, "y": 1454.1637795275592, "x": 766.6692913385826, "structure_id": "Wi_60"}, {"parent_Field": null, "parent_Choice_Field": "Chf_41", "parent_ChoiceGroup": "Chgp_12", "w": 25, "h": 25, "y": 1454.1637795275592, "x": 850, "structure_id": "Wi_61"}, {"parent_Field": null, "parent_Choice_Field": "Chf_42", "parent_ChoiceGroup": "Chgp_13", "w": 25, "h": 25, "y": 1670.8385826771653, "x": 102.77244094488188, "structure_id": "Wi_62"}, {"parent_Field": null, "parent_Choice_Field": "Chf_43", "parent_ChoiceGroup": "Chgp_13", "w": 25, "h": 25, "y": 1670.8385826771653, "x": 219.44173228346457, "structure_id": "Wi_63"}, {"parent_Field": "Fi_11", "parent_Choice_Field": null, "parent_ChoiceGroup": null, "w": 1500, "h": 200, "y": 1883.3307086614175, "x": 100, "structure_id": "Wi_64"}, {"parent_Field": null, "parent_Choice_Field": "Chf_44", "parent_ChoiceGroup": "Chgp_14", "w": 25, "h": 25, "y": 1737.5, "x": 102.77244094488188, "structure_id": "Wi_65"}, {"parent_Field": null, "parent_Choice_Field": "Chf_45", "parent_ChoiceGroup": "Chgp_14", "w": 25, "h": 25, "y": 1737.5, "x": 219.44173228346457, "structure_id": "Wi_66"}, {"parent_Field": null, "parent_Choice_Field": "Chf_46", "parent_ChoiceGroup": "Chgp_15", "w": 25, "h": 25, "y": 1854.1692913385828, "x": 102.77244094488188, "structure_id": "Wi_67"}, {"parent_Field": null, "parent_Choice_Field": "Chf_47", "parent_ChoiceGroup": "Chgp_15", "w": 25, "h": 25, "y": 1854.1692913385828, "x": 219.44173228346457, "structure_id": "Wi_68"}], "TextBlock": [{"parent_Field": "Fi_1", "parent_Choice_Field": null, "parent_ChoiceGroup": null, "w": 417, "h": 20, "y": 75, "x": 85, "structure_id": "Tb_1"}, {"parent_Field": null, "parent_Choice_Field": null, "parent_ChoiceGroup": null, "w": 434, "h": 25, "y": 108, "x": 632, "structure_id": "Tb_2"}, {"parent_Field": "Fi_2", "parent_Choice_Field": null, "parent_ChoiceGroup": null, "w": 607, "h": 19, "y": 245, "x": 155, "structure_id": "Tb_3"}, {"parent_Field": "Fi_3", "parent_Choice_Field": null, "parent_ChoiceGroup": null, "w": 607, "h": 19, "y": 562, "x": 155, "structure_id": "Tb_4"}, {"parent_Field": null, "parent_Choice_Field": null, "parent_ChoiceGroup": "Chgp_1", "w": 666, "h": 22, "y": 342, "x": 155, "structure_id": "Tb_5"}, {"parent_Field": null, "parent_Choice_Field": "Chf_1", "parent_ChoiceGroup": "Chgp_1", "w": 47, "h": 20, "y": 378, "x": 189, "structure_id": "Tb_6"}, {"parent_Field": null, "parent_Choice_Field": "Chf_2", "parent_ChoiceGroup": "Chgp_1", "w": 79, "h": 20, "y": 378, "x": 310, "structure_id": "Tb_7"}, {"parent_Field": null, "parent_Choice_Field": "Chf_3", "parent_ChoiceGroup": "Chgp_1", "w": 50, "h": 20, "y": 378, "x": 457, "structure_id": "Tb_8"}, {"parent_Field": null, "parent_Choice_Field": "Chf_4", "parent_ChoiceGroup": "Chgp_1", "w": 93, "h": 20, "y": 378, "x": 575, "structure_id": "Tb_9"}, {"parent_Field": "Fi_4", "parent_Choice_Field": null, "parent_ChoiceGroup": null, "w": 607, "h": 20, "y": 678, "x": 155, "structure_id": "Tb_10"}, {"parent_Field": "Fi_5", "parent_Choice_Field": null, "parent_ChoiceGroup": null, "w": 811, "h": 20, "y": 421, "x": 155, "structure_id": "Tb_11"}, {"parent_Field": "Fi_6", "parent_Choice_Field": null, "parent_ChoiceGroup": null, "w": 647, "h": 20, "y": 728, "x": 155, "structure_id": "Tb_12"}, {"parent_Field": null, "parent_Choice_Field": null, "parent_ChoiceGroup": "Chgp_2", "w": 1397, "h": 49, "y": 145, "x": 105, "structure_id": "Tb_13"}, {"parent_Field": null, "parent_Choice_Field": "Chf_5", "parent_ChoiceGroup": "Chgp_2", "w": 554, "h": 19, "y": 212, "x": 154, "structure_id": "Tb_14"}, {"parent_Field": null, "parent_Choice_Field": "Chf_6", "parent_ChoiceGroup": "Chgp_2", "w": 161, "h": 19, "y": 312, "x": 152, "structure_id": "Tb_15"}, {"parent_Field": null, "parent_Choice_Field": "Chf_7", "parent_ChoiceGroup": "Chgp_2", "w": 246, "h": 20, "y": 528, "x": 150, "structure_id": "Tb_16"}, {"parent_Field": null, "parent_Choice_Field": "Chf_8", "parent_ChoiceGroup": "Chgp_2", "w": 804, "h": 20, "y": 628, "x": 150, "structure_id": "Tb_17"}, {"parent_Field": null, "parent_Choice_Field": null, "parent_ChoiceGroup": null, "w": 361, "h": 22, "y": 757, "x": 672, "structure_id": "Tb_18"}, {"parent_Field": null, "parent_Choice_Field": null, "parent_ChoiceGroup": "Chgp_3", "w": 1512, "h": 43, "y": 795, "x": 100, "structure_id": "Tb_19"}, {"parent_Field": null, "parent_Choice_Field": "Chf_9", "parent_ChoiceGroup": "Chgp_3", "w": 39, "h": 19, "y": 857, "x": 150, "structure_id": "Tb_20"}, {"parent_Field": null, "parent_Choice_Field": "Chf_10", "parent_ChoiceGroup": "Chgp_3", "w": 29, "h": 19, "y": 857, "x": 267, "structure_id": "Tb_21"}, {"parent_Field": "Fi_7", "parent_Choice_Field": null, "parent_ChoiceGroup": null, "w": 458, "h": 20, "y": 947, "x": 100, "structure_id": "Tb_22"}, {"parent_Field": null, "parent_Choice_Field": null, "parent_ChoiceGroup": null, "w": 292, "h": 22, "y": 856, "x": 317, "structure_id": "Tb_23"}, {"parent_Field": "Fi_8", "parent_Choice_Field": null, "parent_ChoiceGroup": null, "w": 537, "h": 20, "y": 897, "x": 100, "structure_id": "Tb_24"}, {"parent_Field": null, "parent_Choice_Field": null, "parent_ChoiceGroup": null, "w": 328, "h": 22, "y": 1007, "x": 685, "structure_id": "Tb_25"}, {"parent_Field": null, "parent_Choice_Field": null, "parent_ChoiceGroup": null, "w": 195, "h": 20, "y": 1040, "x": 100, "structure_id": "Tb_26"}, {"parent_Field": null, "parent_Choice_Field": null, "parent_ChoiceGroup": "Chgp_4", "w": 121, "h": 20, "y": 1190, "x": 100, "structure_id": "Tb_27"}, {"parent_Field": null, "parent_Choice_Field": "Chf_11", "parent_ChoiceGroup": "Chgp_4", "w": 63, "h": 20, "y": 1190, "x": 414, "structure_id": "Tb_28"}, {"parent_Field": null, "parent_Choice_Field": "Chf_12", "parent_ChoiceGroup": "Chgp_4", "w": 160, "h": 20, "y": 1190, "x": 577, "structure_id": "Tb_29"}, {"parent_Field": null, "parent_Choice_Field": null, "parent_ChoiceGroup": null, "w": 159, "h": 20, "y": 1390, "x": 100, "structure_id": "Tb_30"}, {"parent_Field": "Fi_9", "parent_Choice_Field": null, "parent_ChoiceGroup": null, "w": 92, "h": 19, "y": 1081, "x": 100, "structure_id": "Tb_31"}, {"parent_Field": "Fi_10", "parent_Choice_Field": null, "parent_ChoiceGroup": null, "w": 136, "h": 19, "y": 1514, "x": 100, "structure_id": "Tb_32"}, {"parent_Field": null, "parent_Choice_Field": null, "parent_ChoiceGroup": "Chgp_5", "w": 72, "h": 19, "y": 1124, "x": 100, "structure_id": "Tb_33"}, {"parent_Field": null, "parent_Choice_Field": "Chf_13", "parent_ChoiceGroup": "Chgp_5", "w": 68, "h": 19, "y": 1124, "x": 412, "structure_id": "Tb_34"}, {"parent_Field": null, "parent_Choice_Field": "Chf_14", "parent_ChoiceGroup": "Chgp_5", "w": 72, "h": 19, "y": 1124, "x": 577, "structure_id": "Tb_35"}, {"parent_Field": null, "parent_Choice_Field": null, "parent_ChoiceGroup": "Chgp_6", "w": 212, "h": 19, "y": 1157, "x": 100, "structure_id": "Tb_36"}, {"parent_Field": null, "parent_Choice_Field": "Chf_15", "parent_ChoiceGroup": "Chgp_6", "w": 109, "h": 19, "y": 1157, "x": 412, "structure_id": "Tb_37"}, {"parent_Field": null, "parent_Choice_Field": "Chf_16", "parent_ChoiceGroup": "Chgp_6", "w": 178, "h": 19, "y": 1157, "x": 579, "structure_id": "Tb_38"}, {"parent_Field": null, "parent_Choice_Field": "Chf_17", "parent_ChoiceGroup": "Chgp_6", "w": 178, "h": 19, "y": 1157, "x": 829, "structure_id": "Tb_39"}, {"parent_Field": null, "parent_Choice_Field": "Chf_18", "parent_ChoiceGroup": "Chgp_6", "w": 125, "h": 19, "y": 1157, "x": 1079, "structure_id": "Tb_40"}, {"parent_Field": null, "parent_Choice_Field": null, "parent_ChoiceGroup": null, "w": 156, "h": 20, "y": 1290, "x": 100, "structure_id": "Tb_41"}, {"parent_Field": null, "parent_Choice_Field": null, "parent_ChoiceGroup": "Chgp_7", "w": 231, "h": 19, "y": 1224, "x": 100, "structure_id": "Tb_42"}, {"parent_Field": null, "parent_Choice_Field": "Chf_19", "parent_ChoiceGroup": "Chgp_7", "w": 34, "h": 19, "y": 1224, "x": 412, "structure_id": "Tb_43"}, {"parent_Field": null, "parent_Choice_Field": "Chf_20", "parent_ChoiceGroup": "Chgp_7", "w": 25, "h": 19, "y": 1224, "x": 577, "structure_id": "Tb_44"}, {"parent_Field": null, "parent_Choice_Field": null, "parent_ChoiceGroup": "Chgp_8", "w": 217, "h": 19, "y": 1257, "x": 100, "structure_id": "Tb_45"}, {"parent_Field": null, "parent_Choice_Field": "Chf_21", "parent_ChoiceGroup": "Chgp_8", "w": 47, "h": 19, "y": 1257, "x": 412, "structure_id": "Tb_46"}, {"parent_Field": null, "parent_Choice_Field": "Chf_22", "parent_ChoiceGroup": "Chgp_8", "w": 122, "h": 19, "y": 1257, "x": 577, "structure_id": "Tb_47"}, {"parent_Field": null, "parent_Choice_Field": "Chf_23", "parent_ChoiceGroup": "Chgp_8", "w": 138, "h": 19, "y": 1257, "x": 779, "structure_id": "Tb_48"}, {"parent_Field": null, "parent_Choice_Field": null, "parent_ChoiceGroup": "Chgp_9", "w": 127, "h": 19, "y": 1324, "x": 117, "structure_id": "Tb_49"}, {"parent_Field": null, "parent_Choice_Field": "Chf_24", "parent_ChoiceGroup": "Chgp_9", "w": 63, "h": 19, "y": 1324, "x": 412, "structure_id": "Tb_50"}, {"parent_Field": null, "parent_Choice_Field": "Chf_25", "parent_ChoiceGroup": "Chgp_9", "w": 96, "h": 19, "y": 1324, "x": 577, "structure_id": "Tb_51"}, {"parent_Field": null, "parent_Choice_Field": "Chf_26", "parent_ChoiceGroup": "Chgp_9", "w": 60, "h": 19, "y": 1324, "x": 779, "structure_id": "Tb_52"}, {"parent_Field": null, "parent_Choice_Field": null, "parent_ChoiceGroup": "Chgp_10", "w": 128, "h": 19, "y": 1357, "x": 117, "structure_id": "Tb_53"}, {"parent_Field": null, "parent_Choice_Field": "Chf_27", "parent_ChoiceGroup": "Chgp_10", "w": 63, "h": 19, "y": 1357, "x": 412, "structure_id": "Tb_54"}, {"parent_Field": null, "parent_Choice_Field": "Chf_28", "parent_ChoiceGroup": "Chgp_10", "w": 96, "h": 19, "y": 1357, "x": 577, "structure_id": "Tb_55"}, {"parent_Field": null, "parent_Choice_Field": "Chf_29", "parent_ChoiceGroup": "Chgp_10", "w": 60, "h": 19, "y": 1357, "x": 779, "structure_id": "Tb_56"}, {"parent_Field": null, "parent_Choice_Field": null, "parent_ChoiceGroup": "Chgp_11", "w": 192, "h": 19, "y": 1424, "x": 117, "structure_id": "Tb_57"}, {"parent_Field": null, "parent_Choice_Field": "Chf_30", "parent_ChoiceGroup": "Chgp_11", "w": 47, "h": 19, "y": 1424, "x": 412, "structure_id": "Tb_58"}, {"parent_Field": null, "parent_Choice_Field": "Chf_31", "parent_ChoiceGroup": "Chgp_11", "w": 50, "h": 19, "y": 1424, "x": 527, "structure_id": "Tb_59"}, {"parent_Field": null, "parent_Choice_Field": "Chf_32", "parent_ChoiceGroup": "Chgp_11", "w": 22, "h": 19, "y": 1424, "x": 636, "structure_id": "Tb_60"}, {"parent_Field": null, "parent_Choice_Field": "Chf_33", "parent_ChoiceGroup": "Chgp_11", "w": 23, "h": 19, "y": 1424, "x": 720, "structure_id": "Tb_61"}, {"parent_Field": null, "parent_Choice_Field": "Chf_34", "parent_ChoiceGroup": "Chgp_11", "w": 22, "h": 19, "y": 1424, "x": 806, "structure_id": "Tb_62"}, {"parent_Field": null, "parent_Choice_Field": "Chf_35", "parent_ChoiceGroup": "Chgp_11", "w": 22, "h": 19, "y": 1424, "x": 886, "structure_id": "Tb_63"}, {"parent_Field": null, "parent_Choice_Field": null, "parent_ChoiceGroup": "Chgp_12", "w": 179, "h": 19, "y": 1457, "x": 117, "structure_id": "Tb_64"}, {"parent_Field": null, "parent_Choice_Field": "Chf_36", "parent_ChoiceGroup": "Chgp_12", "w": 47, "h": 19, "y": 1457, "x": 412, "structure_id": "Tb_65"}, {"parent_Field": null, "parent_Choice_Field": "Chf_37", "parent_ChoiceGroup": "Chgp_12", "w": 50, "h": 19, "y": 1457, "x": 527, "structure_id": "Tb_66"}, {"parent_Field": null, "parent_Choice_Field": "Chf_38", "parent_ChoiceGroup": "Chgp_12", "w": 22, "h": 19, "y": 1457, "x": 636, "structure_id": "Tb_67"}, {"parent_Field": null, "parent_Choice_Field": "Chf_39", "parent_ChoiceGroup": "Chgp_12", "w": 23, "h": 19, "y": 1457, "x": 720, "structure_id": "Tb_68"}, {"parent_Field": null, "parent_Choice_Field": "Chf_40", "parent_ChoiceGroup": "Chgp_12", "w": 22, "h": 19, "y": 1457, "x": 806, "structure_id": "Tb_69"}, {"parent_Field": null, "parent_Choice_Field": "Chf_41", "parent_ChoiceGroup": "Chgp_12", "w": 22, "h": 19, "y": 1457, "x": 886, "structure_id": "Tb_70"}, {"parent_Field": null, "parent_Choice_Field": null, "parent_ChoiceGroup": null, "w": 1252, "h": 22, "y": 1574, "x": 222, "structure_id": "Tb_71"}, {"parent_Field": null, "parent_Choice_Field": null, "parent_ChoiceGroup": "Chgp_13", "w": 1473, "h": 46, "y": 1610, "x": 100, "structure_id": "Tb_72"}, {"parent_Field": null, "parent_Choice_Field": "Chf_42", "parent_ChoiceGroup": "Chgp_13", "w": 39, "h": 19, "y": 1674, "x": 150, "structure_id": "Tb_73"}, {"parent_Field": null, "parent_Choice_Field": "Chf_43", "parent_ChoiceGroup": "Chgp_13", "w": 29, "h": 19, "y": 1674, "x": 267, "structure_id": "Tb_74"}, {"parent_Field": "Fi_11", "parent_Choice_Field": null, "parent_ChoiceGroup": null, "w": 324, "h": 22, "y": 1856, "x": 317, "structure_id": "Tb_75"}, {"parent_Field": null, "parent_Choice_Field": null, "parent_ChoiceGroup": null, "w": 929, "h": 22, "y": 1739, "x": 317, "structure_id": "Tb_76"}, {"parent_Field": null, "parent_Choice_Field": null, "parent_ChoiceGroup": "Chgp_14", "w": 1349, "h": 22, "y": 1706, "x": 100, "structure_id": "Tb_77"}, {"parent_Field": null, "parent_Choice_Field": "Chf_44", "parent_ChoiceGroup": "Chgp_14", "w": 39, "h": 20, "y": 1740, "x": 150, "structure_id": "Tb_78"}, {"parent_Field": null, "parent_Choice_Field": "Chf_45", "parent_ChoiceGroup": "Chgp_14", "w": 29, "h": 20, "y": 1740, "x": 267, "structure_id": "Tb_79"}, {"parent_Field": null, "parent_Choice_Field": null, "parent_ChoiceGroup": "Chgp_15", "w": 1487, "h": 43, "y": 1795, "x": 100, "structure_id": "Tb_80"}, {"parent_Field": null, "parent_Choice_Field": "Chf_46", "parent_ChoiceGroup": "Chgp_15", "w": 39, "h": 19, "y": 1857, "x": 150, "structure_id": "Tb_81"}, {"parent_Field": null, "parent_Choice_Field": "Chf_47", "parent_ChoiceGroup": "Chgp_15", "w": 29, "h": 19, "y": 1857, "x": 267, "structure_id": "Tb_82"}, {"parent_Field": null, "parent_Choice_Field": null, "parent_ChoiceGroup": null, "w": 296, "h": 19, "y": 2124, "x": 83, "structure_id": "Tb_83"}, {"parent_Field": null, "parent_Choice_Field": null, "parent_ChoiceGroup": null, "w": 71, "h": 22, "y": 2122, "x": 1546, "structure_id": "Tb_84"}], "Choice_Field": [{"y": 371.35826771653547, "x": 154.50236220472442, "structure_id": "Chf_1", "w": 81.49763779527558, "h": 26.641732283464535}, {"y": 371.35826771653547, "x": 271.1724409448819, "structure_id": "Chf_2", "w": 117.82755905511812, "h": 26.641732283464535}, {"y": 371.35826771653547, "x": 421.1724409448819, "structure_id": "Chf_3", "w": 85.82755905511812, "h": 26.641732283464535}, {"y": 371.35826771653547, "x": 537.8330708661417, "structure_id": "Chf_4", "w": 130.16692913385828, "h": 26.641732283464535}, {"y": 204.68897637795274, "x": 104.50236220472442, "structure_id": "Chf_5", "w": 603.4976377952755, "h": 26.31102362204726}, {"y": 304.68897637795277, "x": 106.5496062992126, "structure_id": "Chf_6", "w": 206.4503937007874, "h": 26.31102362204723}, {"y": 521.3582677165355, "x": 104.50236220472442, "structure_id": "Chf_7", "w": 291.4976377952756, "h": 26.641732283464535}, {"y": 614.4165354330709, "x": 104.50236220472442, "structure_id": "Chf_8", "w": 1483.331496062992, "h": 33.58346456692914}, {"y": 854.1692913385826, "x": 102.77244094488188, "structure_id": "Chf_9", "w": 86.22755905511812, "h": 25}, {"y": 854.1692913385826, "x": 219.44173228346457, "structure_id": "Chf_10", "w": 76.55826771653543, "h": 25}, {"y": 1187.5023622047242, "x": 367.1251968503937, "structure_id": "Chf_11", "w": 109.8748031496063, "h": 25}, {"y": 1183.3385826771653, "x": 533.3307086614174, "structure_id": "Chf_12", "w": 550.0000000000001, "h": 33.33070866141725}, {"y": 1120.8330708661417, "x": 366.6692913385827, "structure_id": "Chf_13", "w": 113.3307086614173, "h": 25}, {"y": 1120.8330708661417, "x": 533.3307086614174, "structure_id": "Chf_14", "w": 115.66929133858264, "h": 25}, {"y": 1154.1637795275592, "x": 366.6692913385827, "structure_id": "Chf_15", "w": 154.3307086614173, "h": 25}, {"y": 1154.1637795275592, "x": 533.3307086614174, "structure_id": "Chf_16", "w": 223.66929133858264, "h": 25}, {"y": 1154.1637795275592, "x": 783.3307086614174, "structure_id": "Chf_17", "w": 223.66929133858264, "h": 25}, {"y": 1150, "x": 1033.3307086614172, "structure_id": "Chf_18", "w": 516.6692913385828, "h": 33.33070866141725}, {"y": 1220.8330708661417, "x": 366.6692913385827, "structure_id": "Chf_19", "w": 79.3307086614173, "h": 25}, {"y": 1220.8330708661417, "x": 533.3307086614174, "structure_id": "Chf_20", "w": 68.66929133858264, "h": 25}, {"y": 1254.163779527559, "x": 366.6692913385827, "structure_id": "Chf_21", "w": 92.3307086614173, "h": 25}, {"y": 1254.163779527559, "x": 533.3307086614174, "structure_id": "Chf_22", "w": 165.66929133858264, "h": 25}, {"y": 1250, "x": 733.3307086614174, "structure_id": "Chf_23", "w": 583.3385826771654, "h": 33.33070866141725}, {"y": 1320.8330708661417, "x": 366.6692913385827, "structure_id": "Chf_24", "w": 108.3307086614173, "h": 25}, {"y": 1320.8330708661417, "x": 533.3307086614174, "structure_id": "Chf_25", "w": 139.66929133858264, "h": 25}, {"y": 1320.8330708661417, "x": 733.3307086614174, "structure_id": "Chf_26", "w": 105.66929133858264, "h": 25}, {"y": 1354.1637795275592, "x": 366.6692913385827, "structure_id": "Chf_27", "w": 108.3307086614173, "h": 25}, {"y": 1354.1637795275592, "x": 533.3307086614174, "structure_id": "Chf_28", "w": 139.66929133858264, "h": 25}, {"y": 1354.1637795275592, "x": 733.3307086614174, "structure_id": "Chf_29", "w": 105.66929133858264, "h": 25}, {"y": 1420.8330708661417, "x": 366.6692913385827, "structure_id": "Chf_30", "w": 92.3307086614173, "h": 25}, {"y": 1420.8330708661417, "x": 483.33070866141736, "structure_id": "Chf_31", "w": 93.66929133858264, "h": 25}, {"y": 1420.8330708661417, "x": 600, "structure_id": "Chf_32", "w": 58, "h": 25}, {"y": 1420.8330708661417, "x": 683.3307086614174, "structure_id": "Chf_33", "w": 59.66929133858264, "h": 25}, {"y": 1420.8330708661417, "x": 766.6692913385826, "structure_id": "Chf_34", "w": 61.33070866141736, "h": 25}, {"y": 1420.8330708661417, "x": 850, "structure_id": "Chf_35", "w": 58, "h": 25}, {"y": 1454.1637795275592, "x": 366.6692913385827, "structure_id": "Chf_36", "w": 92.3307086614173, "h": 25}, {"y": 1454.1637795275592, "x": 483.33070866141736, "structure_id": "Chf_37", "w": 93.66929133858264, "h": 25}, {"y": 1454.1637795275592, "x": 600, "structure_id": "Chf_38", "w": 58, "h": 25}, {"y": 1454.1637795275592, "x": 683.3307086614174, "structure_id": "Chf_39", "w": 59.66929133858264, "h": 25}, {"y": 1454.1637795275592, "x": 766.6692913385826, "structure_id": "Chf_40", "w": 61.33070866141736, "h": 25}, {"y": 1454.1637795275592, "x": 850, "structure_id": "Chf_41", "w": 58, "h": 25}, {"y": 1670.8385826771653, "x": 102.77244094488188, "structure_id": "Chf_42", "w": 86.22755905511812, "h": 25}, {"y": 1670.8385826771653, "x": 219.44173228346457, "structure_id": "Chf_43", "w": 76.55826771653543, "h": 25}, {"y": 1737.5, "x": 102.77244094488188, "structure_id": "Chf_44", "w": 86.22755905511812, "h": 25}, {"y": 1737.5, "x": 219.44173228346457, "structure_id": "Chf_45", "w": 76.55826771653543, "h": 25}, {"y": 1854.1692913385828, "x": 102.77244094488188, "structure_id": "Chf_46", "w": 86.22755905511812, "h": 25}, {"y": 1854.1692913385828, "x": 219.44173228346457, "structure_id": "Chf_47", "w": 76.55826771653543, "h": 25}], "Field": [{"y": 53.7251968503937, "x": 85, "structure_id": "Fi_1", "w": 942.8724409448819, "h": 46.833070866141725}, {"y": 231.07795275590553, "x": 155, "structure_id": "Fi_2", "w": 1432.8330708661417, "h": 33.330708661417304}, {"y": 547.7472440944882, "x": 155, "structure_id": "Fi_3", "w": 1432.8330708661417, "h": 33.33070866141736}, {"y": 664.4165354330709, "x": 155, "structure_id": "Fi_4", "w": 1432.8330708661417, "h": 33.58346456692914}, {"y": 421, "x": 154.50236220472442, "structure_id": "Fi_5", "w": 1433.3307086614172, "h": 60.08582677165356}, {"y": 714.4165354330709, "x": 155, "structure_id": "Fi_6", "w": 1432.8338582677166, "h": 33.58346456692914}, {"y": 933.3385826771654, "x": 100, "structure_id": "Fi_7", "w": 1483.3307086614177, "h": 33.66141732283461}, {"y": 883.3385826771654, "x": 100, "structure_id": "Fi_8", "w": 1483.3307086614172, "h": 33.66141732283461}, {"y": 1066.6692913385828, "x": 100, "structure_id": "Fi_9", "w": 266.6692913385827, "h": 33.33070866141725}, {"y": 1500, "x": 100, "structure_id": "Fi_10", "w": 316.6692913385827, "h": 33.33070866141725}, {"y": 1856, "x": 100, "structure_id": "Fi_11", "w": 1500, "h": 227.3307086614177}], "TextRun": [{"parent_TextBlock": "Tb_1", "text": "PATIENT/VETERAN'S SOCIAL SECURITY NO.", "parent_Field": "Fi_1", "parent_Choice_Field": null, "parent_ChoiceGroup": null, "w": 417, "h": 20, "y": 75, "x": 85, "structure_id": "Tr_1"}, {"parent_TextBlock": "Tb_2", "text": "SECTION IX - PROCEDURES", "parent_Field": null, "parent_Choice_Field": null, "parent_ChoiceGroup": null, "w": 303, "h": 22, "y": 110, "x": 632, "structure_id": "Tr_2"}, {"parent_TextBlock": "Tb_2", "text": "(Continued)", "parent_Field": null, "parent_Choice_Field": null, "parent_ChoiceGroup": null, "w": 125, "h": 25, "y": 108, "x": 941, "structure_id": "Tr_3"}, {"parent_TextBlock": "Tb_3", "text": "Indicate date of admission for treatment and name of treatment facility:", "parent_Field": "Fi_2", "parent_Choice_Field": null, "parent_ChoiceGroup": null, "w": 607, "h": 19, "y": 245, "x": 155, "structure_id": "Tr_4"}, {"parent_TextBlock": "Tb_4", "text": "Indicate date of admission for treatment and name of treatment facility:", "parent_Field": "Fi_3", "parent_Choice_Field": null, "parent_ChoiceGroup": null, "w": 607, "h": 19, "y": 562, "x": 155, "structure_id": "Tr_5"}, {"parent_TextBlock": "Tb_5", "text": "If checked indicate valve(s) that have been replaced", "parent_Field": null, "parent_Choice_Field": null, "parent_ChoiceGroup": "Chgp_1", "w": 453, "h": 20, "y": 344, "x": 155, "structure_id": "Tr_6"}, {"parent_TextBlock": "Tb_5", "text": "(check all that apply):", "parent_Field": null, "parent_Choice_Field": null, "parent_ChoiceGroup": "Chgp_1", "w": 213, "h": 22, "y": 342, "x": 608, "structure_id": "Tr_7"}, {"parent_TextBlock": "Tb_6", "text": "Mitral", "parent_Field": null, "parent_Choice_Field": "Chf_1", "parent_ChoiceGroup": "Chgp_1", "w": 47, "h": 20, "y": 378, "x": 189, "structure_id": "Tr_8"}, {"parent_TextBlock": "Tb_7", "text": "Tricuspid", "parent_Field": null, "parent_Choice_Field": "Chf_2", "parent_ChoiceGroup": "Chgp_1", "w": 79, "h": 20, "y": 378, "x": 310, "structure_id": "Tr_9"}, {"parent_TextBlock": "Tb_8", "text": "Aortic", "parent_Field": null, "parent_Choice_Field": "Chf_3", "parent_ChoiceGroup": "Chgp_1", "w": 50, "h": 20, "y": 378, "x": 457, "structure_id": "Tr_10"}, {"parent_TextBlock": "Tb_9", "text": "Pulmonary", "parent_Field": null, "parent_Choice_Field": "Chf_4", "parent_ChoiceGroup": "Chgp_1", "w": 93, "h": 20, "y": 378, "x": 575, "structure_id": "Tr_11"}, {"parent_TextBlock": "Tb_10", "text": "Indicate date of admission for treatment and name of treatment facility:", "parent_Field": "Fi_4", "parent_Choice_Field": null, "parent_ChoiceGroup": null, "w": 607, "h": 20, "y": 678, "x": 155, "structure_id": "Tr_12"}, {"parent_TextBlock": "Tb_11", "text": "Indicate date of admission for treatment and name of treatment facility for each checked valve:", "parent_Field": "Fi_5", "parent_Choice_Field": null, "parent_ChoiceGroup": null, "w": 811, "h": 20, "y": 421, "x": 155, "structure_id": "Tr_13"}, {"parent_TextBlock": "Tb_12", "text": "Indicate the condition that resulted in the need for this procedure/treatment:", "parent_Field": "Fi_6", "parent_Choice_Field": null, "parent_ChoiceGroup": null, "w": 647, "h": 20, "y": 728, "x": 155, "structure_id": "Tr_14"}, {"parent_TextBlock": "Tb_13", "text": "9B. INDICATE THE NON-SURGICAL OR SURGICAL PROCEDURES THE VETERAN HAS HAD FOR THE TREATMENT OF HEART CONDITIONS", "parent_Field": null, "parent_Choice_Field": null, "parent_ChoiceGroup": "Chgp_2", "w": 1285, "h": 20, "y": 147, "x": 105, "structure_id": "Tr_15"}, {"parent_TextBlock": "Tb_13", "text": "(Continued)", "parent_Field": null, "parent_Choice_Field": null, "parent_ChoiceGroup": "Chgp_2", "w": 107, "h": 22, "y": 145, "x": 1395, "structure_id": "Tr_16"}, {"parent_TextBlock": "Tb_13", "text": "(Check all that apply):", "parent_Field": null, "parent_Choice_Field": null, "parent_ChoiceGroup": "Chgp_2", "w": 235, "h": 22, "y": 172, "x": 105, "structure_id": "Tr_17"}, {"parent_TextBlock": "Tb_14", "text": "Implanted automatic implantable cardioverter defibrillator (AICD)", "parent_Field": null, "parent_Choice_Field": "Chf_5", "parent_ChoiceGroup": "Chgp_2", "w": 554, "h": 19, "y": 212, "x": 154, "structure_id": "Tr_18"}, {"parent_TextBlock": "Tb_15", "text": "Valve replacement", "parent_Field": null, "parent_Choice_Field": "Chf_6", "parent_ChoiceGroup": "Chgp_2", "w": 161, "h": 19, "y": 312, "x": 152, "structure_id": "Tr_19"}, {"parent_TextBlock": "Tb_16", "text": "Ventricular aneurysmectomy", "parent_Field": null, "parent_Choice_Field": "Chf_7", "parent_ChoiceGroup": "Chgp_2", "w": 246, "h": 20, "y": 528, "x": 150, "structure_id": "Tr_20"}, {"parent_TextBlock": "Tb_17", "text": "Other surgical and/or non-surgical procedures for the treatment of a heart condition, describe:", "parent_Field": null, "parent_Choice_Field": "Chf_8", "parent_ChoiceGroup": "Chgp_2", "w": 804, "h": 20, "y": 628, "x": 150, "structure_id": "Tr_21"}, {"parent_TextBlock": "Tb_18", "text": "SECTION X - HOSPITALIZATIONS", "parent_Field": null, "parent_Choice_Field": null, "parent_ChoiceGroup": null, "w": 361, "h": 22, "y": 757, "x": 672, "structure_id": "Tr_22"}, {"parent_TextBlock": "Tb_19", "text": "10. HAS THE VETERAN HAD ANY OTHER HOSPITALIZATIONS FOR THE TREATMENT OF HEART CONDITIONS (OTHER THAN FOR NON-SURGICAL AND SURGICAL", "parent_Field": null, "parent_Choice_Field": null, "parent_ChoiceGroup": "Chgp_3", "w": 1512, "h": 20, "y": 795, "x": 100, "structure_id": "Tr_23"}, {"parent_TextBlock": "Tb_19", "text": "PROCEDURES DESCRIBED ABOVE)?", "parent_Field": null, "parent_Choice_Field": null, "parent_ChoiceGroup": "Chgp_3", "w": 378, "h": 19, "y": 819, "x": 100, "structure_id": "Tr_24"}, {"parent_TextBlock": "Tb_20", "text": "YES", "parent_Field": null, "parent_Choice_Field": "Chf_9", "parent_ChoiceGroup": "Chgp_3", "w": 39, "h": 19, "y": 857, "x": 150, "structure_id": "Tr_25"}, {"parent_TextBlock": "Tb_21", "text": "NO", "parent_Field": null, "parent_Choice_Field": "Chf_10", "parent_ChoiceGroup": "Chgp_3", "w": 29, "h": 19, "y": 857, "x": 267, "structure_id": "Tr_26"}, {"parent_TextBlock": "Tb_22", "text": "Condition that resulted in the need for hospitalization:", "parent_Field": "Fi_7", "parent_Choice_Field": null, "parent_ChoiceGroup": null, "w": 458, "h": 20, "y": 947, "x": 100, "structure_id": "Tr_27"}, {"parent_TextBlock": "Tb_23", "text": "(If \"Yes,\" provide the following):", "parent_Field": null, "parent_Choice_Field": null, "parent_ChoiceGroup": null, "w": 292, "h": 22, "y": 856, "x": 317, "structure_id": "Tr_28"}, {"parent_TextBlock": "Tb_24", "text": "Date of admission for treatment and name of treatment facility:", "parent_Field": "Fi_8", "parent_Choice_Field": null, "parent_ChoiceGroup": null, "w": 537, "h": 20, "y": 897, "x": 100, "structure_id": "Tr_29"}, {"parent_TextBlock": "Tb_25", "text": "SECTION XI - PHYSICAL EXAM", "parent_Field": null, "parent_Choice_Field": null, "parent_ChoiceGroup": null, "w": 328, "h": 22, "y": 1007, "x": 685, "structure_id": "Tr_30"}, {"parent_TextBlock": "Tb_26", "text": "11. PHYSICAL EXAM:", "parent_Field": null, "parent_Choice_Field": null, "parent_ChoiceGroup": null, "w": 195, "h": 20, "y": 1040, "x": 100, "structure_id": "Tr_31"}, {"parent_TextBlock": "Tb_27", "text": "Heart sounds:", "parent_Field": null, "parent_Choice_Field": null, "parent_ChoiceGroup": "Chgp_4", "w": 121, "h": 20, "y": 1190, "x": 100, "structure_id": "Tr_32"}, {"parent_TextBlock": "Tb_28", "text": "Normal", "parent_Field": null, "parent_Choice_Field": "Chf_11", "parent_ChoiceGroup": "Chgp_4", "w": 63, "h": 20, "y": 1190, "x": 414, "structure_id": "Tr_33"}, {"parent_TextBlock": "Tb_29", "text": "Abnormal, specify:", "parent_Field": null, "parent_Choice_Field": "Chf_12", "parent_ChoiceGroup": "Chgp_4", "w": 160, "h": 20, "y": 1190, "x": 577, "structure_id": "Tr_34"}, {"parent_TextBlock": "Tb_30", "text": "Peripheral edema:", "parent_Field": null, "parent_Choice_Field": null, "parent_ChoiceGroup": null, "w": 159, "h": 20, "y": 1390, "x": 100, "structure_id": "Tr_35"}, {"parent_TextBlock": "Tb_31", "text": "Heart rate:", "parent_Field": "Fi_9", "parent_Choice_Field": null, "parent_ChoiceGroup": null, "w": 92, "h": 19, "y": 1081, "x": 100, "structure_id": "Tr_36"}, {"parent_TextBlock": "Tb_32", "text": "Blood pressure:", "parent_Field": "Fi_10", "parent_Choice_Field": null, "parent_ChoiceGroup": null, "w": 136, "h": 19, "y": 1514, "x": 100, "structure_id": "Tr_37"}, {"parent_TextBlock": "Tb_33", "text": "Rhythm:", "parent_Field": null, "parent_Choice_Field": null, "parent_ChoiceGroup": "Chgp_5", "w": 72, "h": 19, "y": 1124, "x": 100, "structure_id": "Tr_38"}, {"parent_TextBlock": "Tb_34", "text": "Regular", "parent_Field": null, "parent_Choice_Field": "Chf_13", "parent_ChoiceGroup": "Chgp_5", "w": 68, "h": 19, "y": 1124, "x": 412, "structure_id": "Tr_39"}, {"parent_TextBlock": "Tb_35", "text": "Irregular", "parent_Field": null, "parent_Choice_Field": "Chf_14", "parent_ChoiceGroup": "Chgp_5", "w": 72, "h": 19, "y": 1124, "x": 577, "structure_id": "Tr_40"}, {"parent_TextBlock": "Tb_36", "text": "Point of maximal impact:", "parent_Field": null, "parent_Choice_Field": null, "parent_ChoiceGroup": "Chgp_6", "w": 212, "h": 19, "y": 1157, "x": 100, "structure_id": "Tr_41"}, {"parent_TextBlock": "Tb_37", "text": "Not palpable", "parent_Field": null, "parent_Choice_Field": "Chf_15", "parent_ChoiceGroup": "Chgp_6", "w": 109, "h": 19, "y": 1157, "x": 412, "structure_id": "Tr_42"}, {"parent_TextBlock": "Tb_38", "text": "4th intercostal space", "parent_Field": null, "parent_Choice_Field": "Chf_16", "parent_ChoiceGroup": "Chgp_6", "w": 178, "h": 19, "y": 1157, "x": 579, "structure_id": "Tr_43"}, {"parent_TextBlock": "Tb_39", "text": "5th intercostal space", "parent_Field": null, "parent_Choice_Field": "Chf_17", "parent_ChoiceGroup": "Chgp_6", "w": 178, "h": 19, "y": 1157, "x": 829, "structure_id": "Tr_44"}, {"parent_TextBlock": "Tb_40", "text": "Other, specify:", "parent_Field": null, "parent_Choice_Field": "Chf_18", "parent_ChoiceGroup": "Chgp_6", "w": 125, "h": 19, "y": 1157, "x": 1079, "structure_id": "Tr_45"}, {"parent_TextBlock": "Tb_41", "text": "Peripheral pulses:", "parent_Field": null, "parent_Choice_Field": null, "parent_ChoiceGroup": null, "w": 156, "h": 20, "y": 1290, "x": 100, "structure_id": "Tr_46"}, {"parent_TextBlock": "Tb_42", "text": "Jugular-venous distension:", "parent_Field": null, "parent_Choice_Field": null, "parent_ChoiceGroup": "Chgp_7", "w": 231, "h": 19, "y": 1224, "x": 100, "structure_id": "Tr_47"}, {"parent_TextBlock": "Tb_43", "text": "Yes", "parent_Field": null, "parent_Choice_Field": "Chf_19", "parent_ChoiceGroup": "Chgp_7", "w": 34, "h": 19, "y": 1224, "x": 412, "structure_id": "Tr_48"}, {"parent_TextBlock": "Tb_44", "text": "No", "parent_Field": null, "parent_Choice_Field": "Chf_20", "parent_ChoiceGroup": "Chgp_7", "w": 25, "h": 19, "y": 1224, "x": 577, "structure_id": "Tr_49"}, {"parent_TextBlock": "Tb_45", "text": "Auscultation of the lungs:", "parent_Field": null, "parent_Choice_Field": null, "parent_ChoiceGroup": "Chgp_8", "w": 217, "h": 19, "y": 1257, "x": 100, "structure_id": "Tr_50"}, {"parent_TextBlock": "Tb_46", "text": "Clear", "parent_Field": null, "parent_Choice_Field": "Chf_21", "parent_ChoiceGroup": "Chgp_8", "w": 47, "h": 19, "y": 1257, "x": 412, "structure_id": "Tr_51"}, {"parent_TextBlock": "Tb_47", "text": "Bibasilar rales", "parent_Field": null, "parent_Choice_Field": "Chf_22", "parent_ChoiceGroup": "Chgp_8", "w": 122, "h": 19, "y": 1257, "x": 577, "structure_id": "Tr_52"}, {"parent_TextBlock": "Tb_48", "text": "Other, describe:", "parent_Field": null, "parent_Choice_Field": "Chf_23", "parent_ChoiceGroup": "Chgp_8", "w": 138, "h": 19, "y": 1257, "x": 779, "structure_id": "Tr_53"}, {"parent_TextBlock": "Tb_49", "text": "Dorsalis pedis:", "parent_Field": null, "parent_Choice_Field": null, "parent_ChoiceGroup": "Chgp_9", "w": 127, "h": 19, "y": 1324, "x": 117, "structure_id": "Tr_54"}, {"parent_TextBlock": "Tb_50", "text": "Normal", "parent_Field": null, "parent_Choice_Field": "Chf_24", "parent_ChoiceGroup": "Chgp_9", "w": 63, "h": 19, "y": 1324, "x": 412, "structure_id": "Tr_55"}, {"parent_TextBlock": "Tb_51", "text": "Diminished", "parent_Field": null, "parent_Choice_Field": "Chf_25", "parent_ChoiceGroup": "Chgp_9", "w": 96, "h": 19, "y": 1324, "x": 577, "structure_id": "Tr_56"}, {"parent_TextBlock": "Tb_52", "text": "Absent", "parent_Field": null, "parent_Choice_Field": "Chf_26", "parent_ChoiceGroup": "Chgp_9", "w": 60, "h": 19, "y": 1324, "x": 779, "structure_id": "Tr_57"}, {"parent_TextBlock": "Tb_53", "text": "Posterior tibial:", "parent_Field": null, "parent_Choice_Field": null, "parent_ChoiceGroup": "Chgp_10", "w": 128, "h": 19, "y": 1357, "x": 117, "structure_id": "Tr_58"}, {"parent_TextBlock": "Tb_54", "text": "Normal", "parent_Field": null, "parent_Choice_Field": "Chf_27", "parent_ChoiceGroup": "Chgp_10", "w": 63, "h": 19, "y": 1357, "x": 412, "structure_id": "Tr_59"}, {"parent_TextBlock": "Tb_55", "text": "Diminished", "parent_Field": null, "parent_Choice_Field": "Chf_28", "parent_ChoiceGroup": "Chgp_10", "w": 96, "h": 19, "y": 1357, "x": 577, "structure_id": "Tr_60"}, {"parent_TextBlock": "Tb_56", "text": "Absent", "parent_Field": null, "parent_Choice_Field": "Chf_29", "parent_ChoiceGroup": "Chgp_10", "w": 60, "h": 19, "y": 1357, "x": 779, "structure_id": "Tr_61"}, {"parent_TextBlock": "Tb_57", "text": "Right lower extremity:", "parent_Field": null, "parent_Choice_Field": null, "parent_ChoiceGroup": "Chgp_11", "w": 192, "h": 19, "y": 1424, "x": 117, "structure_id": "Tr_62"}, {"parent_TextBlock": "Tb_58", "text": "None", "parent_Field": null, "parent_Choice_Field": "Chf_30", "parent_ChoiceGroup": "Chgp_11", "w": 47, "h": 19, "y": 1424, "x": 412, "structure_id": "Tr_63"}, {"parent_TextBlock": "Tb_59", "text": "Trace", "parent_Field": null, "parent_Choice_Field": "Chf_31", "parent_ChoiceGroup": "Chgp_11", "w": 50, "h": 19, "y": 1424, "x": 527, "structure_id": "Tr_64"}, {"parent_TextBlock": "Tb_60", "text": "1+", "parent_Field": null, "parent_Choice_Field": "Chf_32", "parent_ChoiceGroup": "Chgp_11", "w": 22, "h": 19, "y": 1424, "x": 636, "structure_id": "Tr_65"}, {"parent_TextBlock": "Tb_61", "text": "2+", "parent_Field": null, "parent_Choice_Field": "Chf_33", "parent_ChoiceGroup": "Chgp_11", "w": 23, "h": 19, "y": 1424, "x": 720, "structure_id": "Tr_66"}, {"parent_TextBlock": "Tb_62", "text": "3+", "parent_Field": null, "parent_Choice_Field": "Chf_34", "parent_ChoiceGroup": "Chgp_11", "w": 22, "h": 19, "y": 1424, "x": 806, "structure_id": "Tr_67"}, {"parent_TextBlock": "Tb_63", "text": "4+", "parent_Field": null, "parent_Choice_Field": "Chf_35", "parent_ChoiceGroup": "Chgp_11", "w": 22, "h": 19, "y": 1424, "x": 886, "structure_id": "Tr_68"}, {"parent_TextBlock": "Tb_64", "text": "Left lower extremity:", "parent_Field": null, "parent_Choice_Field": null, "parent_ChoiceGroup": "Chgp_12", "w": 179, "h": 19, "y": 1457, "x": 117, "structure_id": "Tr_69"}, {"parent_TextBlock": "Tb_65", "text": "None", "parent_Field": null, "parent_Choice_Field": "Chf_36", "parent_ChoiceGroup": "Chgp_12", "w": 47, "h": 19, "y": 1457, "x": 412, "structure_id": "Tr_70"}, {"parent_TextBlock": "Tb_66", "text": "Trace", "parent_Field": null, "parent_Choice_Field": "Chf_37", "parent_ChoiceGroup": "Chgp_12", "w": 50, "h": 19, "y": 1457, "x": 527, "structure_id": "Tr_71"}, {"parent_TextBlock": "Tb_67", "text": "1+", "parent_Field": null, "parent_Choice_Field": "Chf_38", "parent_ChoiceGroup": "Chgp_12", "w": 22, "h": 19, "y": 1457, "x": 636, "structure_id": "Tr_72"}, {"parent_TextBlock": "Tb_68", "text": "2+", "parent_Field": null, "parent_Choice_Field": "Chf_39", "parent_ChoiceGroup": "Chgp_12", "w": 23, "h": 19, "y": 1457, "x": 720, "structure_id": "Tr_73"}, {"parent_TextBlock": "Tb_69", "text": "3+", "parent_Field": null, "parent_Choice_Field": "Chf_40", "parent_ChoiceGroup": "Chgp_12", "w": 22, "h": 19, "y": 1457, "x": 806, "structure_id": "Tr_74"}, {"parent_TextBlock": "Tb_70", "text": "4+", "parent_Field": null, "parent_Choice_Field": "Chf_41", "parent_ChoiceGroup": "Chgp_12", "w": 22, "h": 19, "y": 1457, "x": 886, "structure_id": "Tr_75"}, {"parent_TextBlock": "Tb_71", "text": "SECTION XII - OTHER PERTINENT PHYSICAL FINDINGS, COMPLICATIONS, CONDITIONS, SIGNS AND/OR SYMPTOMS", "parent_Field": null, "parent_Choice_Field": null, "parent_ChoiceGroup": null, "w": 1252, "h": 22, "y": 1574, "x": 222, "structure_id": "Tr_76"}, {"parent_TextBlock": "Tb_72", "text": "12A. DOES THE VETERAN HAVE ANY SCARS", "parent_Field": null, "parent_Choice_Field": null, "parent_ChoiceGroup": "Chgp_13", "w": 424, "h": 20, "y": 1612, "x": 100, "structure_id": "Tr_77"}, {"parent_TextBlock": "Tb_72", "text": "(surgical or otherwise)", "parent_Field": null, "parent_Choice_Field": null, "parent_ChoiceGroup": "Chgp_13", "w": 205, "h": 22, "y": 1610, "x": 524, "structure_id": "Tr_78"}, {"parent_TextBlock": "Tb_72", "text": "RELATED TO ANY CONDITIONS OR TO THE TREATMENT OF ANY CONDITIONS LISTED IN", "parent_Field": null, "parent_Choice_Field": null, "parent_ChoiceGroup": "Chgp_13", "w": 844, "h": 20, "y": 1612, "x": 729, "structure_id": "Tr_79"}, {"parent_TextBlock": "Tb_72", "text": "SECTION I, DIAGNOSIS?", "parent_Field": null, "parent_Choice_Field": null, "parent_ChoiceGroup": "Chgp_13", "w": 227, "h": 19, "y": 1637, "x": 144, "structure_id": "Tr_80"}, {"parent_TextBlock": "Tb_73", "text": "YES", "parent_Field": null, "parent_Choice_Field": "Chf_42", "parent_ChoiceGroup": "Chgp_13", "w": 39, "h": 19, "y": 1674, "x": 150, "structure_id": "Tr_81"}, {"parent_TextBlock": "Tb_74", "text": "NO", "parent_Field": null, "parent_Choice_Field": "Chf_43", "parent_ChoiceGroup": "Chgp_13", "w": 29, "h": 19, "y": 1674, "x": 267, "structure_id": "Tr_82"}, {"parent_TextBlock": "Tb_75", "text": "(If \"Yes,\" describe - brief summary):", "parent_Field": "Fi_11", "parent_Choice_Field": null, "parent_ChoiceGroup": null, "w": 324, "h": 22, "y": 1856, "x": 317, "structure_id": "Tr_83"}, {"parent_TextBlock": "Tb_76", "text": "(If \"Yes,\" ALSO complete VA Form 21-0960F-1, Scars/Disfigurement Disability Benefits Questionnaire)", "parent_Field": null, "parent_Choice_Field": null, "parent_ChoiceGroup": null, "w": 929, "h": 22, "y": 1739, "x": 317, "structure_id": "Tr_84"}, {"parent_TextBlock": "Tb_77", "text": "(If \"Yes,\" are any of the scars painful and/or unstable, or is the total area of all related scars greater than or equal to 39 square cm (6 square inches)?)", "parent_Field": null, "parent_Choice_Field": null, "parent_ChoiceGroup": "Chgp_14", "w": 1349, "h": 22, "y": 1706, "x": 100, "structure_id": "Tr_85"}, {"parent_TextBlock": "Tb_78", "text": "YES", "parent_Field": null, "parent_Choice_Field": "Chf_44", "parent_ChoiceGroup": "Chgp_14", "w": 39, "h": 20, "y": 1740, "x": 150, "structure_id": "Tr_86"}, {"parent_TextBlock": "Tb_79", "text": "NO", "parent_Field": null, "parent_Choice_Field": "Chf_45", "parent_ChoiceGroup": "Chgp_14", "w": 29, "h": 20, "y": 1740, "x": 267, "structure_id": "Tr_87"}, {"parent_TextBlock": "Tb_80", "text": "12B. DOES THE VETERAN HAVE ANY OTHER PERTINENT PHYSICAL FINDINGS, COMPLICATIONS, CONDITIONS, SIGNS AND/OR SYMPTOMS RELATED TO ANY", "parent_Field": null, "parent_Choice_Field": null, "parent_ChoiceGroup": "Chgp_15", "w": 1487, "h": 20, "y": 1795, "x": 100, "structure_id": "Tr_88"}, {"parent_TextBlock": "Tb_80", "text": "CONDITIONS LISTED IN SECTION I, DIAGNOSIS?", "parent_Field": null, "parent_Choice_Field": null, "parent_ChoiceGroup": "Chgp_15", "w": 453, "h": 19, "y": 1819, "x": 144, "structure_id": "Tr_89"}, {"parent_TextBlock": "Tb_81", "text": "YES", "parent_Field": null, "parent_Choice_Field": "Chf_46", "parent_ChoiceGroup": "Chgp_15", "w": 39, "h": 19, "y": 1857, "x": 150, "structure_id": "Tr_90"}, {"parent_TextBlock": "Tb_82", "text": "NO", "parent_Field": null, "parent_Choice_Field": "Chf_47", "parent_ChoiceGroup": "Chgp_15", "w": 29, "h": 19, "y": 1857, "x": 267, "structure_id": "Tr_91"}, {"parent_TextBlock": "Tb_83", "text": "VA FORM 21-0960A-4, DEC 2014", "parent_Field": null, "parent_Choice_Field": null, "parent_ChoiceGroup": null, "w": 296, "h": 19, "y": 2124, "x": 83, "structure_id": "Tr_92"}, {"parent_TextBlock": "Tb_84", "text": "Page 4", "parent_Field": null, "parent_Choice_Field": null, "parent_ChoiceGroup": null, "w": 71, "h": 22, "y": 2122, "x": 1546, "structure_id": "Tr_93"}], "ChoiceGroup": [{"y": 332.03125, "x": 144, "structure_id": "Chgp_1", "w": 681, "h": 78}, {"y": 139.03125, "x": 93, "structure_id": "Chgp_2", "w": 1503, "h": 615}, {"y": 788.03125, "x": 91, "structure_id": "Chgp_3", "w": 1521, "h": 191}, {"y": 1187.03125, "x": 96, "structure_id": "Chgp_4", "w": 988, "h": 32}, {"y": 1111.03125, "x": 93, "structure_id": "Chgp_5", "w": 562, "h": 31}, {"y": 1148.03125, "x": 96, "structure_id": "Chgp_6", "w": 1458, "h": 35}, {"y": 1216.03125, "x": 94, "structure_id": "Chgp_7", "w": 509, "h": 31}, {"y": 1250.03125, "x": 91, "structure_id": "Chgp_8", "w": 1227, "h": 33}, {"y": 1318.03125, "x": 109, "structure_id": "Chgp_9", "w": 734, "h": 34}, {"y": 1346.03125, "x": 106, "structure_id": "Chgp_10", "w": 741, "h": 36}, {"y": 1414.03125, "x": 108, "structure_id": "Chgp_11", "w": 804, "h": 33}, {"y": 1450.03125, "x": 106, "structure_id": "Chgp_12", "w": 806, "h": 34}, {"y": 1603.03125, "x": 93, "structure_id": "Chgp_13", "w": 1483, "h": 100}, {"y": 1700.03125, "x": 91, "structure_id": "Chgp_14", "w": 1364, "h": 69}, {"y": 1790.03125, "x": 96, "structure_id": "Chgp_15", "w": 1509, "h": 297}]}