{"Widget": [{"parent_Field": "Fi_1", "parent_Choice_Field": null, "parent_ChoiceGroup": null, "w": 140.50236220472442, "h": 46.83307086614173, "y": 51.74724409448819, "x": 509.9692913385827, "structure_id": "Wi_1"}, {"parent_Field": "Fi_1", "parent_Choice_Field": null, "parent_ChoiceGroup": null, "w": 88.94488188976378, "h": 46.83307086614173, "y": 51.74724409448819, "x": 700.3141732283465, "structure_id": "Wi_2"}, {"parent_Field": "Fi_1", "parent_Choice_Field": null, "parent_ChoiceGroup": null, "w": 188.88031496062993, "h": 46.83307086614173, "y": 51.74724409448819, "x": 842.5748031496063, "structure_id": "Wi_3"}, {"parent_Field": "Fi_2", "parent_Choice_Field": null, "parent_ChoiceGroup": null, "w": 1500, "h": 63.566929133858274, "y": 657.5196850393701, "x": 91.63070866141732, "structure_id": "Wi_4"}, {"parent_Field": "Fi_3", "parent_Choice_Field": null, "parent_ChoiceGroup": null, "w": 229.96141732283468, "h": 35.37795275590552, "y": 373.61417322834643, "x": 206.03070866141732, "structure_id": "Wi_5"}, {"parent_Field": "Fi_4", "parent_Choice_Field": null, "parent_ChoiceGroup": null, "w": 154.86692913385826, "h": 35.37795275590552, "y": 432.3086614173228, "x": 340.85826771653547, "structure_id": "Wi_6"}, {"parent_Field": "Fi_4", "parent_Choice_Field": null, "parent_ChoiceGroup": null, "w": 148.10236220472441, "h": 35.37795275590552, "y": 430.244094488189, "x": 606.3614173228347, "structure_id": "Wi_7"}, {"parent_Field": null, "parent_Choice_Field": "Chf_1", "parent_ChoiceGroup": "Chgp_1", "w": 25, "h": 25, "y": 260.7527559055118, "x": 105.90236220472441, "structure_id": "Wi_8"}, {"parent_Field": null, "parent_Choice_Field": "Chf_2", "parent_ChoiceGroup": "Chgp_1", "w": 25, "h": 25, "y": 260.7527559055118, "x": 222.5724409448819, "structure_id": "Wi_9"}, {"parent_Field": null, "parent_Choice_Field": "Chf_3", "parent_ChoiceGroup": "Chgp_2", "w": 25, "h": 25, "y": 204.00314960629922, "x": 104.40551181102363, "structure_id": "Wi_10"}, {"parent_Field": null, "parent_Choice_Field": "Chf_4", "parent_ChoiceGroup": "Chgp_2", "w": 25, "h": 25, "y": 204.00314960629922, "x": 221.0748031496063, "structure_id": "Wi_11"}, {"parent_Field": null, "parent_Choice_Field": "Chf_5", "parent_ChoiceGroup": "Chgp_3", "w": 25, "h": 25, "y": 626.7748031496063, "x": 106.6976377952756, "structure_id": "Wi_12"}, {"parent_Field": null, "parent_Choice_Field": "Chf_6", "parent_ChoiceGroup": "Chgp_3", "w": 25, "h": 25, "y": 626.7748031496063, "x": 223.3669291338583, "structure_id": "Wi_13"}, {"parent_Field": "Fi_5", "parent_Choice_Field": null, "parent_ChoiceGroup": null, "w": 1500, "h": 75.20551181102363, "y": 828.6858267716536, "x": 98.36929133858268, "structure_id": "Wi_14"}, {"parent_Field": null, "parent_Choice_Field": "Chf_7", "parent_ChoiceGroup": "Chgp_4", "w": 25, "h": 25, "y": 794.036220472441, "x": 106.6976377952756, "structure_id": "Wi_15"}, {"parent_Field": null, "parent_Choice_Field": "Chf_8", "parent_ChoiceGroup": "Chgp_4", "w": 25, "h": 25, "y": 794.036220472441, "x": 223.3669291338583, "structure_id": "Wi_16"}, {"parent_Field": "Fi_6", "parent_Choice_Field": null, "parent_ChoiceGroup": null, "w": 1512.755905511811, "h": 79.06377952755906, "y": 1035.7330708661418, "x": 91.63070866141732, "structure_id": "Wi_17"}, {"parent_Field": null, "parent_Choice_Field": "Chf_9", "parent_ChoiceGroup": "Chgp_5", "w": 25, "h": 25, "y": 1008.0503937007874, "x": 106.6976377952756, "structure_id": "Wi_18"}, {"parent_Field": null, "parent_Choice_Field": "Chf_10", "parent_ChoiceGroup": "Chgp_5", "w": 25, "h": 25, "y": 1008.0503937007874, "x": 223.3669291338583, "structure_id": "Wi_19"}, {"parent_Field": "Fi_7", "parent_Choice_Field": null, "parent_ChoiceGroup": null, "w": 1512.755905511811, "h": 87.4503937007874, "y": 1179.063779527559, "x": 96.0779527559055, "structure_id": "Wi_20"}, {"parent_Field": "Fi_8", "parent_Choice_Field": null, "parent_ChoiceGroup": null, "w": 600, "h": 33.33070866141732, "y": 1383.172440944882, "x": 746.0779527559055, "structure_id": "Wi_21"}, {"parent_Field": "Fi_9", "parent_Choice_Field": null, "parent_ChoiceGroup": null, "w": 516.6692913385828, "h": 61.11417322834646, "y": 1449.8417322834646, "x": 1079.4078740157481, "structure_id": "Wi_22"}, {"parent_Field": "Fi_10", "parent_Choice_Field": null, "parent_ChoiceGroup": null, "w": 416.6692913385827, "h": 61.11417322834646, "y": 1449.8417322834646, "x": 96.0779527559055, "structure_id": "Wi_23"}, {"parent_Field": "Fi_11", "parent_Choice_Field": null, "parent_ChoiceGroup": null, "w": 500, "h": 33.33070866141732, "y": 1483.172440944882, "x": 546.0779527559055, "structure_id": "Wi_24"}, {"parent_Field": "Fi_12", "parent_Choice_Field": null, "parent_ChoiceGroup": null, "w": 466.9834645669291, "h": 33.33070866141732, "y": 1583.1724409448818, "x": 729.4165354330709, "structure_id": "Wi_25"}, {"parent_Field": "Fi_13", "parent_Choice_Field": null, "parent_ChoiceGroup": null, "w": 216.66929133858267, "h": 33.33070866141732, "y": 1383.172440944882, "x": 1379.4078740157481, "structure_id": "Wi_26"}, {"parent_Field": "Fi_14", "parent_Choice_Field": null, "parent_ChoiceGroup": null, "w": 616.6692913385826, "h": 33.33070866141732, "y": 1383.172440944882, "x": 96.0779527559055, "structure_id": "Wi_27"}], "TextBlock": [{"parent_Field": "Fi_1", "parent_Choice_Field": null, "parent_ChoiceGroup": null, "w": 416, "h": 20, "y": 80, "x": 85, "structure_id": "Tb_1"}, {"parent_Field": null, "parent_Choice_Field": null, "parent_ChoiceGroup": null, "w": 1246, "h": 22, "y": 107, "x": 223, "structure_id": "Tb_2"}, {"parent_Field": "Fi_2", "parent_Choice_Field": null, "parent_ChoiceGroup": null, "w": 325, "h": 22, "y": 628, "x": 315, "structure_id": "Tb_3"}, {"parent_Field": "Fi_3", "parent_Choice_Field": null, "parent_ChoiceGroup": null, "w": 115, "h": 19, "y": 389, "x": 96, "structure_id": "Tb_4"}, {"parent_Field": "Fi_4", "parent_Choice_Field": null, "parent_ChoiceGroup": null, "w": 695.0, "h": 19, "y": 446, "x": 96, "structure_id": "Tb_5"}, {"parent_Field": null, "parent_Choice_Field": null, "parent_ChoiceGroup": null, "w": 1470, "h": 44, "y": 484, "x": 88, "structure_id": "Tb_6"}, {"parent_Field": null, "parent_Choice_Field": null, "parent_ChoiceGroup": null, "w": 1074, "h": 20, "y": 303, "x": 96, "structure_id": "Tb_7"}, {"parent_Field": null, "parent_Choice_Field": null, "parent_ChoiceGroup": null, "w": 730, "h": 19, "y": 332, "x": 96, "structure_id": "Tb_8"}, {"parent_Field": null, "parent_Choice_Field": null, "parent_ChoiceGroup": "Chgp_1", "w": 1216, "h": 44, "y": 205, "x": 311, "structure_id": "Tb_9"}, {"parent_Field": null, "parent_Choice_Field": "Chf_1", "parent_ChoiceGroup": "Chgp_1", "w": 38, "h": 20, "y": 266, "x": 148, "structure_id": "Tb_10"}, {"parent_Field": null, "parent_Choice_Field": "Chf_2", "parent_ChoiceGroup": "Chgp_1", "w": 29, "h": 20, "y": 266, "x": 264, "structure_id": "Tb_11"}, {"parent_Field": null, "parent_Choice_Field": null, "parent_ChoiceGroup": "Chgp_2", "w": 1501, "h": 46, "y": 137, "x": 96, "structure_id": "Tb_12"}, {"parent_Field": null, "parent_Choice_Field": "Chf_3", "parent_ChoiceGroup": "Chgp_2", "w": 39, "h": 19, "y": 207, "x": 146, "structure_id": "Tb_13"}, {"parent_Field": null, "parent_Choice_Field": "Chf_4", "parent_ChoiceGroup": "Chgp_2", "w": 29, "h": 19, "y": 207, "x": 263, "structure_id": "Tb_14"}, {"parent_Field": null, "parent_Choice_Field": null, "parent_ChoiceGroup": "Chgp_3", "w": 1482, "h": 43, "y": 568, "x": 98, "structure_id": "Tb_15"}, {"parent_Field": null, "parent_Choice_Field": "Chf_5", "parent_ChoiceGroup": "Chgp_3", "w": 39, "h": 19, "y": 630, "x": 148, "structure_id": "Tb_16"}, {"parent_Field": null, "parent_Choice_Field": "Chf_6", "parent_ChoiceGroup": "Chgp_3", "w": 29, "h": 19, "y": 630, "x": 265, "structure_id": "Tb_17"}, {"parent_Field": null, "parent_Choice_Field": null, "parent_ChoiceGroup": null, "w": 381, "h": 22, "y": 730, "x": 658, "structure_id": "Tb_18"}, {"parent_Field": "Fi_5", "parent_Choice_Field": null, "parent_ChoiceGroup": null, "w": 695, "h": 23, "y": 795, "x": 315, "structure_id": "Tb_19"}, {"parent_Field": null, "parent_Choice_Field": null, "parent_ChoiceGroup": "Chgp_4", "w": 1194, "h": 20, "y": 763, "x": 98, "structure_id": "Tb_20"}, {"parent_Field": null, "parent_Choice_Field": "Chf_7", "parent_ChoiceGroup": "Chgp_4", "w": 39, "h": 19, "y": 797, "x": 148, "structure_id": "Tb_21"}, {"parent_Field": null, "parent_Choice_Field": "Chf_8", "parent_ChoiceGroup": "Chgp_4", "w": 29, "h": 19, "y": 797, "x": 265, "structure_id": "Tb_22"}, {"parent_Field": null, "parent_Choice_Field": null, "parent_ChoiceGroup": null, "w": 381, "h": 22, "y": 911, "x": 658, "structure_id": "Tb_23"}, {"parent_Field": "Fi_6", "parent_Choice_Field": null, "parent_ChoiceGroup": null, "w": 971, "h": 23, "y": 1009, "x": 315, "structure_id": "Tb_24"}, {"parent_Field": null, "parent_Choice_Field": null, "parent_ChoiceGroup": "Chgp_5", "w": 1459, "h": 43, "y": 949, "x": 98, "structure_id": "Tb_25"}, {"parent_Field": null, "parent_Choice_Field": "Chf_9", "parent_ChoiceGroup": "Chgp_5", "w": 39, "h": 19, "y": 1011, "x": 148, "structure_id": "Tb_26"}, {"parent_Field": null, "parent_Choice_Field": "Chf_10", "parent_ChoiceGroup": "Chgp_5", "w": 29, "h": 19, "y": 1011, "x": 265, "structure_id": "Tb_27"}, {"parent_Field": null, "parent_Choice_Field": null, "parent_ChoiceGroup": null, "w": 271, "h": 22, "y": 1122, "x": 711, "structure_id": "Tb_28"}, {"parent_Field": "Fi_7", "parent_Choice_Field": null, "parent_ChoiceGroup": null, "w": 190, "h": 22, "y": 1154, "x": 96, "structure_id": "Tb_29"}, {"parent_Field": null, "parent_Choice_Field": null, "parent_ChoiceGroup": null, "w": 668, "h": 23, "y": 1273, "x": 512, "structure_id": "Tb_30"}, {"parent_Field": null, "parent_Choice_Field": null, "parent_ChoiceGroup": null, "w": 1199, "h": 25, "y": 1312, "x": 96, "structure_id": "Tb_31"}, {"parent_Field": "Fi_8", "parent_Choice_Field": null, "parent_ChoiceGroup": null, "w": 308, "h": 19, "y": 1357, "x": 746, "structure_id": "Tb_32"}, {"parent_Field": "Fi_9", "parent_Choice_Field": null, "parent_ChoiceGroup": null, "w": 255, "h": 20, "y": 1423, "x": 1079, "structure_id": "Tb_33"}, {"parent_Field": "Fi_10", "parent_Choice_Field": null, "parent_ChoiceGroup": null, "w": 411, "h": 20, "y": 1423, "x": 96, "structure_id": "Tb_34"}, {"parent_Field": null, "parent_Choice_Field": null, "parent_ChoiceGroup": null, "w": 1328, "h": 22, "y": 1664, "x": 96, "structure_id": "Tb_35"}, {"parent_Field": "Fi_11", "parent_Choice_Field": null, "parent_ChoiceGroup": null, "w": 493, "h": 20, "y": 1423, "x": 546, "structure_id": "Tb_36"}, {"parent_Field": "Fi_12", "parent_Choice_Field": null, "parent_ChoiceGroup": null, "w": 621, "h": 25, "y": 1587, "x": 96, "structure_id": "Tb_37"}, {"parent_Field": "Fi_12", "parent_Choice_Field": null, "parent_ChoiceGroup": null, "w": 271, "h": 22, "y": 1622, "x": 827, "structure_id": "Tb_38"}, {"parent_Field": "Fi_13", "parent_Choice_Field": null, "parent_ChoiceGroup": null, "w": 168, "h": 19, "y": 1357, "x": 1379, "structure_id": "Tb_39"}, {"parent_Field": "Fi_14", "parent_Choice_Field": null, "parent_ChoiceGroup": null, "w": 275, "h": 19, "y": 1357, "x": 96, "structure_id": "Tb_40"}, {"parent_Field": null, "parent_Choice_Field": null, "parent_ChoiceGroup": null, "w": 1414, "h": 23, "y": 1530, "x": 96, "structure_id": "Tb_41"}, {"parent_Field": null, "parent_Choice_Field": null, "parent_ChoiceGroup": null, "w": 1500, "h": 248, "y": 1710, "x": 96, "structure_id": "Tb_42"}, {"parent_Field": null, "parent_Choice_Field": null, "parent_ChoiceGroup": null, "w": 1500, "h": 123, "y": 1985, "x": 96, "structure_id": "Tb_43"}, {"parent_Field": null, "parent_Choice_Field": null, "parent_ChoiceGroup": null, "w": 296, "h": 19, "y": 2124, "x": 81, "structure_id": "Tb_44"}, {"parent_Field": null, "parent_Choice_Field": null, "parent_ChoiceGroup": null, "w": 71, "h": 22, "y": 2122, "x": 1544, "structure_id": "Tb_45"}], "Choice_Field": [{"y": 260.7527559055118, "x": 105.90236220472441, "structure_id": "Chf_1", "w": 80.09763779527559, "h": 25.247244094488224}, {"y": 260.7527559055118, "x": 222.5724409448819, "structure_id": "Chf_2", "w": 70.42755905511811, "h": 25.247244094488224}, {"y": 204.00314960629922, "x": 104.40551181102363, "structure_id": "Chf_3", "w": 80.59448818897637, "h": 25}, {"y": 204.00314960629922, "x": 221.0748031496063, "structure_id": "Chf_4", "w": 70.92519685039369, "h": 25}, {"y": 626.7748031496063, "x": 106.6976377952756, "structure_id": "Chf_5", "w": 80.3023622047244, "h": 25}, {"y": 626.7748031496063, "x": 223.3669291338583, "structure_id": "Chf_6", "w": 70.63307086614171, "h": 25}, {"y": 794.036220472441, "x": 106.6976377952756, "structure_id": "Chf_7", "w": 80.3023622047244, "h": 25}, {"y": 794.036220472441, "x": 223.3669291338583, "structure_id": "Chf_8", "w": 70.63307086614171, "h": 25}, {"y": 1008.0503937007874, "x": 106.6976377952756, "structure_id": "Chf_9", "w": 80.3023622047244, "h": 25.000000000000114}, {"y": 1008.0503937007874, "x": 223.3669291338583, "structure_id": "Chf_10", "w": 70.63307086614171, "h": 25.000000000000114}], "Field": [{"y": 51.74724409448819, "x": 85, "structure_id": "Fi_1", "w": 946.4551181102363, "h": 48.25275590551181}, {"y": 628, "x": 91.63070866141732, "structure_id": "Fi_2", "w": 1500, "h": 93.08661417322833}, {"y": 373.61417322834643, "x": 96, "structure_id": "Fi_3", "w": 339.99212598425197, "h": 35.37795275590554}, {"y": 430.244094488189, "x": 96, "structure_id": "Fi_4", "w": 695, "h": 37.44251968503937}, {"y": 795, "x": 98.36929133858268, "structure_id": "Fi_5", "w": 1500, "h": 108.89133858267724}, {"y": 1009, "x": 91.63070866141732, "structure_id": "Fi_6", "w": 1512.7559055118109, "h": 105.79685039370088}, {"y": 1154, "x": 96, "structure_id": "Fi_7", "w": 1512.8338582677166, "h": 112.51417322834641}, {"y": 1357, "x": 746, "structure_id": "Fi_8", "w": 600.0779527559055, "h": 59.5031496062993}, {"y": 1423, "x": 1079, "structure_id": "Fi_9", "w": 517.0771653543309, "h": 87.95590551181112}, {"y": 1423, "x": 96, "structure_id": "Fi_10", "w": 416.7472440944882, "h": 87.95590551181112}, {"y": 1423, "x": 546, "structure_id": "Fi_11", "w": 500.07795275590547, "h": 93.5031496062993}, {"y": 1583.1724409448818, "x": 96, "structure_id": "Fi_12", "w": 1100.4, "h": 60.82755905511817}, {"y": 1357, "x": 1379, "structure_id": "Fi_13", "w": 217.07716535433087, "h": 59.5031496062993}, {"y": 1357, "x": 96, "structure_id": "Fi_14", "w": 616.7472440944881, "h": 59.5031496062993}], "TextRun": [{"parent_TextBlock": "Tb_1", "text": "PATIENT/VETERAN'S SOCIAL SECURITY NO.", "parent_Field": "Fi_1", "parent_Choice_Field": null, "parent_ChoiceGroup": null, "w": 416, "h": 20, "y": 80, "x": 85, "structure_id": "Tr_1"}, {"parent_TextBlock": "Tb_2", "text": "SECTION IV - OTHER PERTINENT PHYSICAL FINDINGS, COMPLICATIONS, CONDITIONS, SIGNS AND/OR SYMPTOMS", "parent_Field": null, "parent_Choice_Field": null, "parent_ChoiceGroup": null, "w": 1246, "h": 22, "y": 107, "x": 223, "structure_id": "Tr_2"}, {"parent_TextBlock": "Tb_3", "text": "(If \"Yes,\" describe - brief summary):", "parent_Field": "Fi_2", "parent_Choice_Field": null, "parent_ChoiceGroup": null, "w": 325, "h": 22, "y": 628, "x": 315, "structure_id": "Tr_3"}, {"parent_TextBlock": "Tb_4", "text": "LOCATION:", "parent_Field": "Fi_3", "parent_Choice_Field": null, "parent_ChoiceGroup": null, "w": 115, "h": 19, "y": 389, "x": 96, "structure_id": "Tr_4"}, {"parent_TextBlock": "Tb_5", "parent_Field": "Fi_4", "parent_Choice_Field": null, "parent_ChoiceGroup": null, "w": 244.85826771653547, "h": 19, "y": 446, "x": 96, "structure_id": "Tr_5"}, {"parent_TextBlock": "Tb_5", "parent_Field": "Fi_4", "parent_Choice_Field": null, "parent_ChoiceGroup": null, "w": 110.63622047244093, "h": 19, "y": 446, "x": 495.72519685039373, "structure_id": "Tr_6"}, {"parent_TextBlock": "Tb_5", "parent_Field": "Fi_4", "parent_Choice_Field": null, "parent_ChoiceGroup": null, "w": 36.53622047244096, "h": 19, "y": 446, "x": 754.463779527559, "structure_id": "Tr_7"}, {"parent_TextBlock": "Tb_6", "text": "NOTE:", "parent_Field": null, "parent_Choice_Field": null, "parent_ChoiceGroup": null, "w": 71, "h": 19, "y": 484, "x": 88, "structure_id": "Tr_8"}, {"parent_TextBlock": "Tb_6", "text": "An \"unstable scar\" is one where, for any reason, there is frequent loss of covering of the skin over the scar.  If there are multiple scars, enter additional locations and measurements", "parent_Field": null, "parent_Choice_Field": null, "parent_ChoiceGroup": null, "w": 1399, "h": 19, "y": 484, "x": 159, "structure_id": "Tr_9"}, {"parent_TextBlock": "Tb_6", "text": "in the Remarks section below.  It is not necessary to also complete a Scars DBQ.", "parent_Field": null, "parent_Choice_Field": null, "parent_ChoiceGroup": null, "w": 628, "h": 19, "y": 509, "x": 88, "structure_id": "Tr_10"}, {"parent_TextBlock": "Tb_7", "text": "IF YES, ALSO COMPLETE VA FORM 21-0960F-1, SCARS/DISFIGUREMENT DISABILITY BENEFITS QUESTIONNAIRE.", "parent_Field": null, "parent_Choice_Field": null, "parent_ChoiceGroup": null, "w": 1074, "h": 20, "y": 303, "x": 96, "structure_id": "Tr_11"}, {"parent_TextBlock": "Tb_8", "text": "IF NO, PROVIDE LOCATION AND MEASURMENTS OF SCAR IN CENTIMETERS.", "parent_Field": null, "parent_Choice_Field": null, "parent_ChoiceGroup": null, "w": 730, "h": 19, "y": 332, "x": 96, "structure_id": "Tr_12"}, {"parent_TextBlock": "Tb_9", "text": "IF YES, ARE ANY OF THE SCARS PAINFUL OR UNSTABLE; HAVE A TOTAL AREA EQUAL TO OR GREATER THAN 39 SQUARE cm", "parent_Field": null, "parent_Choice_Field": null, "parent_ChoiceGroup": "Chgp_1", "w": 1192, "h": 19, "y": 207, "x": 311, "structure_id": "Tr_13"}, {"parent_TextBlock": "Tb_9", "text": "(6", "parent_Field": null, "parent_Choice_Field": null, "parent_ChoiceGroup": "Chgp_1", "w": 24, "h": 22, "y": 205, "x": 1503, "structure_id": "Tr_14"}, {"parent_TextBlock": "Tb_9", "text": "square inches)", "parent_Field": null, "parent_Choice_Field": null, "parent_ChoiceGroup": "Chgp_1", "w": 135, "h": 22, "y": 227, "x": 311, "structure_id": "Tr_15"}, {"parent_TextBlock": "Tb_9", "text": "OR ARE LOCATED ON THE HEAD, FACE OR NECK?", "parent_Field": null, "parent_Choice_Field": null, "parent_ChoiceGroup": "Chgp_1", "w": 478, "h": 19, "y": 229, "x": 446, "structure_id": "Tr_16"}, {"parent_TextBlock": "Tb_10", "text": "YES", "parent_Field": null, "parent_Choice_Field": "Chf_1", "parent_ChoiceGroup": "Chgp_1", "w": 38, "h": 20, "y": 266, "x": 148, "structure_id": "Tr_17"}, {"parent_TextBlock": "Tb_11", "text": "NO", "parent_Field": null, "parent_Choice_Field": "Chf_2", "parent_ChoiceGroup": "Chgp_1", "w": 29, "h": 20, "y": 266, "x": 264, "structure_id": "Tr_18"}, {"parent_TextBlock": "Tb_12", "text": "4A. DOES THE VETERAN HAVE ANY SCARS", "parent_Field": null, "parent_Choice_Field": null, "parent_ChoiceGroup": "Chgp_2", "w": 413, "h": 20, "y": 139, "x": 96, "structure_id": "Tr_19"}, {"parent_TextBlock": "Tb_12", "text": "(surgical or otherwise)", "parent_Field": null, "parent_Choice_Field": null, "parent_ChoiceGroup": "Chgp_2", "w": 205, "h": 23, "y": 137, "x": 509, "structure_id": "Tr_20"}, {"parent_TextBlock": "Tb_12", "text": "RELATED TO ANY CONDITIONS OR TO THE TREATMENT OF ANY CONDITIONS LISTED IN THE", "parent_Field": null, "parent_Choice_Field": null, "parent_ChoiceGroup": "Chgp_2", "w": 883, "h": 20, "y": 139, "x": 714, "structure_id": "Tr_21"}, {"parent_TextBlock": "Tb_12", "text": "DIAGNOSIS SECTION?", "parent_Field": null, "parent_Choice_Field": null, "parent_ChoiceGroup": "Chgp_2", "w": 243, "h": 19, "y": 164, "x": 96, "structure_id": "Tr_22"}, {"parent_TextBlock": "Tb_13", "text": "YES", "parent_Field": null, "parent_Choice_Field": "Chf_3", "parent_ChoiceGroup": "Chgp_2", "w": 39, "h": 19, "y": 207, "x": 146, "structure_id": "Tr_23"}, {"parent_TextBlock": "Tb_14", "text": "NO", "parent_Field": null, "parent_Choice_Field": "Chf_4", "parent_ChoiceGroup": "Chgp_2", "w": 29, "h": 19, "y": 207, "x": 263, "structure_id": "Tr_24"}, {"parent_TextBlock": "Tb_15", "text": "4B. DOES THE VETERAN HAVE ANY OTHER PERTINENT PHYSICAL FINDINGS, COMPLICATIONS, CONDITIONS, SIGNS AND/OR SYMPTOMS RELATED TO ANY", "parent_Field": null, "parent_Choice_Field": null, "parent_ChoiceGroup": "Chgp_3", "w": 1482, "h": 19, "y": 568, "x": 98, "structure_id": "Tr_25"}, {"parent_TextBlock": "Tb_15", "text": "CONDITIONS LISTED IN THE DIAGNOSIS SECTION?", "parent_Field": null, "parent_Choice_Field": null, "parent_ChoiceGroup": "Chgp_3", "w": 514, "h": 20, "y": 591, "x": 98, "structure_id": "Tr_26"}, {"parent_TextBlock": "Tb_16", "text": "YES", "parent_Field": null, "parent_Choice_Field": "Chf_5", "parent_ChoiceGroup": "Chgp_3", "w": 39, "h": 19, "y": 630, "x": 148, "structure_id": "Tr_27"}, {"parent_TextBlock": "Tb_17", "text": "NO", "parent_Field": null, "parent_Choice_Field": "Chf_6", "parent_ChoiceGroup": "Chgp_3", "w": 29, "h": 19, "y": 630, "x": 265, "structure_id": "Tr_28"}, {"parent_TextBlock": "Tb_18", "text": "SECTION V - DIAGNOSTIC TESTING", "parent_Field": null, "parent_Choice_Field": null, "parent_ChoiceGroup": null, "w": 381, "h": 22, "y": 730, "x": 658, "structure_id": "Tr_29"}, {"parent_TextBlock": "Tb_19", "text": "(If \"Yes,\" provide type of test or procedure, date and results - brief summary):", "parent_Field": "Fi_5", "parent_Choice_Field": null, "parent_ChoiceGroup": null, "w": 695, "h": 23, "y": 795, "x": 315, "structure_id": "Tr_30"}, {"parent_TextBlock": "Tb_20", "text": "5. HAS THE VETERAN HAD LABORATORY OR OTHER DIAGNOSTIC STUDIES PERFORMED AND ARE THE RESULTS AVAILABLE?", "parent_Field": null, "parent_Choice_Field": null, "parent_ChoiceGroup": "Chgp_4", "w": 1194, "h": 20, "y": 763, "x": 98, "structure_id": "Tr_31"}, {"parent_TextBlock": "Tb_21", "text": "YES", "parent_Field": null, "parent_Choice_Field": "Chf_7", "parent_ChoiceGroup": "Chgp_4", "w": 39, "h": 19, "y": 797, "x": 148, "structure_id": "Tr_32"}, {"parent_TextBlock": "Tb_22", "text": "NO", "parent_Field": null, "parent_Choice_Field": "Chf_8", "parent_ChoiceGroup": "Chgp_4", "w": 29, "h": 19, "y": 797, "x": 265, "structure_id": "Tr_33"}, {"parent_TextBlock": "Tb_23", "text": "SECTION VI - FUNCTIONAL IMPACT", "parent_Field": null, "parent_Choice_Field": null, "parent_ChoiceGroup": null, "w": 381, "h": 22, "y": 911, "x": 658, "structure_id": "Tr_34"}, {"parent_TextBlock": "Tb_24", "text": "(If \"Yes,\" describe the impact of each of the veteran's peritoneal adhesions, providing one or more examples)", "parent_Field": "Fi_6", "parent_Choice_Field": null, "parent_ChoiceGroup": null, "w": 971, "h": 23, "y": 1009, "x": 315, "structure_id": "Tr_35"}, {"parent_TextBlock": "Tb_25", "text": "6. BASED ON YOUR EXAMINATION AND/OR THE VETERAN'S HISTORY, DOES THE VETERAN'S PERITONEAL ADHESION(S) IMPACT HIS OR HER ABILITY TO", "parent_Field": null, "parent_Choice_Field": null, "parent_ChoiceGroup": "Chgp_5", "w": 1459, "h": 20, "y": 949, "x": 98, "structure_id": "Tr_36"}, {"parent_TextBlock": "Tb_25", "text": "WORK?", "parent_Field": null, "parent_Choice_Field": null, "parent_ChoiceGroup": "Chgp_5", "w": 93, "h": 20, "y": 972, "x": 98, "structure_id": "Tr_37"}, {"parent_TextBlock": "Tb_26", "text": "YES", "parent_Field": null, "parent_Choice_Field": "Chf_9", "parent_ChoiceGroup": "Chgp_5", "w": 39, "h": 19, "y": 1011, "x": 148, "structure_id": "Tr_38"}, {"parent_TextBlock": "Tb_27", "text": "NO", "parent_Field": null, "parent_Choice_Field": "Chf_10", "parent_ChoiceGroup": "Chgp_5", "w": 29, "h": 19, "y": 1011, "x": 265, "structure_id": "Tr_39"}, {"parent_TextBlock": "Tb_28", "text": "SECTION VII -  REMARKS", "parent_Field": null, "parent_Choice_Field": null, "parent_ChoiceGroup": null, "w": 271, "h": 22, "y": 1122, "x": 711, "structure_id": "Tr_40"}, {"parent_TextBlock": "Tb_29", "text": "7. REMARKS", "parent_Field": "Fi_7", "parent_Choice_Field": null, "parent_ChoiceGroup": null, "w": 118, "h": 20, "y": 1156, "x": 96, "structure_id": "Tr_41"}, {"parent_TextBlock": "Tb_29", "text": "(If any)", "parent_Field": "Fi_7", "parent_Choice_Field": null, "parent_ChoiceGroup": null, "w": 72, "h": 22, "y": 1154, "x": 214, "structure_id": "Tr_42"}, {"parent_TextBlock": "Tb_30", "text": "SECTION VIII - PHYSICIAN'S CERTIFICATION AND SIGNATURE", "parent_Field": null, "parent_Choice_Field": null, "parent_ChoiceGroup": null, "w": 668, "h": 23, "y": 1273, "x": 512, "structure_id": "Tr_43"}, {"parent_TextBlock": "Tb_31", "text": "CERTIFICATION\u00c2\u00a0-", "parent_Field": null, "parent_Choice_Field": null, "parent_ChoiceGroup": null, "w": 219, "h": 25, "y": 1312, "x": 96, "structure_id": "Tr_44"}, {"parent_TextBlock": "Tb_31", "text": "To the best of my knowledge, the information contained herein is accurate, complete and current.", "parent_Field": null, "parent_Choice_Field": null, "parent_ChoiceGroup": null, "w": 980, "h": 25, "y": 1312, "x": 315, "structure_id": "Tr_45"}, {"parent_TextBlock": "Tb_32", "text": "8B. PHYSICIAN'S PRINTED NAME", "parent_Field": "Fi_8", "parent_Choice_Field": null, "parent_ChoiceGroup": null, "w": 308, "h": 19, "y": 1357, "x": 746, "structure_id": "Tr_46"}, {"parent_TextBlock": "Tb_33", "text": "8F. PHYSICIAN'S ADDRESS", "parent_Field": "Fi_9", "parent_Choice_Field": null, "parent_ChoiceGroup": null, "w": 255, "h": 20, "y": 1423, "x": 1079, "structure_id": "Tr_47"}, {"parent_TextBlock": "Tb_34", "text": "8D. PHYSICIAN'S PHONE AND FAX NUMBER", "parent_Field": "Fi_10", "parent_Choice_Field": null, "parent_ChoiceGroup": null, "w": 411, "h": 20, "y": 1423, "x": 96, "structure_id": "Tr_48"}, {"parent_TextBlock": "Tb_35", "text": "NOTE\u00c2\u00a0-", "parent_Field": null, "parent_Choice_Field": null, "parent_ChoiceGroup": null, "w": 76, "h": 22, "y": 1664, "x": 96, "structure_id": "Tr_49"}, {"parent_TextBlock": "Tb_35", "text": "A list of VA Regional Office FAX Numbers can be found at\u00c2\u00a0", "parent_Field": null, "parent_Choice_Field": null, "parent_ChoiceGroup": null, "w": 549, "h": 22, "y": 1664, "x": 172, "structure_id": "Tr_50"}, {"parent_TextBlock": "Tb_35", "text": "www.benefits.va.gov/disabilityexams", "parent_Field": null, "parent_Choice_Field": null, "parent_ChoiceGroup": null, "w": 347, "h": 22, "y": 1664, "x": 721, "structure_id": "Tr_51"}, {"parent_TextBlock": "Tb_35", "text": "\u00c2\u00a0or obtained by calling 1-800-827-1000.", "parent_Field": null, "parent_Choice_Field": null, "parent_ChoiceGroup": null, "w": 356, "h": 22, "y": 1664, "x": 1068, "structure_id": "Tr_52"}, {"parent_TextBlock": "Tb_36", "text": "8E. NATIONAL PROVIDER IDENTIFIER (NPI) NUMBER", "parent_Field": "Fi_11", "parent_Choice_Field": null, "parent_ChoiceGroup": null, "w": 493, "h": 20, "y": 1423, "x": 546, "structure_id": "Tr_53"}, {"parent_TextBlock": "Tb_37", "text": "IMPORTANT -", "parent_Field": "Fi_12", "parent_Choice_Field": null, "parent_ChoiceGroup": null, "w": 176, "h": 25, "y": 1587, "x": 96, "structure_id": "Tr_54"}, {"parent_TextBlock": "Tb_37", "text": "Physician please fax the completed form to:", "parent_Field": "Fi_12", "parent_Choice_Field": null, "parent_ChoiceGroup": null, "w": 445, "h": 25, "y": 1587, "x": 272, "structure_id": "Tr_55"}, {"parent_TextBlock": "Tb_38", "text": "(VA Regional Office FAX No.)", "parent_Field": "Fi_12", "parent_Choice_Field": null, "parent_ChoiceGroup": null, "w": 271, "h": 22, "y": 1622, "x": 827, "structure_id": "Tr_56"}, {"parent_TextBlock": "Tb_39", "text": "8C. DATE SIGNED", "parent_Field": "Fi_13", "parent_Choice_Field": null, "parent_ChoiceGroup": null, "w": 168, "h": 19, "y": 1357, "x": 1379, "structure_id": "Tr_57"}, {"parent_TextBlock": "Tb_40", "text": "8A. PHYSICIAN'S SIGNATURE", "parent_Field": "Fi_14", "parent_Choice_Field": null, "parent_ChoiceGroup": null, "w": 275, "h": 19, "y": 1357, "x": 96, "structure_id": "Tr_58"}, {"parent_TextBlock": "Tb_41", "text": "NOTE\u00c2\u00a0-", "parent_Field": null, "parent_Choice_Field": null, "parent_ChoiceGroup": null, "w": 76, "h": 23, "y": 1530, "x": 96, "structure_id": "Tr_59"}, {"parent_TextBlock": "Tb_41", "text": "VA may request additional medical information, including additional examinations, if necessary to complete VA's review of the veteran's application.", "parent_Field": null, "parent_Choice_Field": null, "parent_ChoiceGroup": null, "w": 1338, "h": 23, "y": 1530, "x": 172, "structure_id": "Tr_60"}, {"parent_TextBlock": "Tb_42", "text": "PRIVACY  ACT  NOTICE:  VA  will  not  disclose  information  collected  on  this  form  to  any  source  other  than  what  has  been  authorized  under  the  Privacy  Act  of  1974", "parent_Field": null, "parent_Choice_Field": null, "parent_ChoiceGroup": null, "w": 1500, "h": 23, "y": 1710, "x": 96, "structure_id": "Tr_61"}, {"parent_TextBlock": "Tb_42", "text": "or  Title  38,  Code  of  Federal  Regulations  1.576  for  routine  uses  (i.e.,  civil  or  criminal  law  enforcement,  congressional  communications,  epidemiological  or  research", "parent_Field": null, "parent_Choice_Field": null, "parent_ChoiceGroup": null, "w": 1500, "h": 23, "y": 1735, "x": 96, "structure_id": "Tr_62"}, {"parent_TextBlock": "Tb_42", "text": "studies,  the  collection  of  money  owed  to  the  United  States,  litigation  in  which  the  United  States  is  party  or  has  an  interest,  the  administration  of  VA  programs  and", "parent_Field": null, "parent_Choice_Field": null, "parent_ChoiceGroup": null, "w": 1500, "h": 23, "y": 1760, "x": 96, "structure_id": "Tr_63"}, {"parent_TextBlock": "Tb_42", "text": "delivery  of  VA  benefits,  verification  of  identity  and  status,  and  personnel  administration)  as  identified  in  the  VA  system  of  records,  58/VA21/22/28,  Compensation,", "parent_Field": null, "parent_Choice_Field": null, "parent_ChoiceGroup": null, "w": 1500, "h": 23, "y": 1785, "x": 96, "structure_id": "Tr_64"}, {"parent_TextBlock": "Tb_42", "text": "Pension,  Education  and  Vocational  Rehabilitation  and  Employment  Records  VA,  published  in  the  Federal  Register.  Your  obligation  to  respond  is  voluntary.  VA  uses", "parent_Field": null, "parent_Choice_Field": null, "parent_ChoiceGroup": null, "w": 1500, "h": 23, "y": 1810, "x": 96, "structure_id": "Tr_65"}, {"parent_TextBlock": "Tb_42", "text": "your  SSN  to  identify  your  claim  file.  Providing  your  SSN  will  help  ensure  that  your  records  are  properly  associated  with  your  claim  file.  Giving  us  your  SSN  account", "parent_Field": null, "parent_Choice_Field": null, "parent_ChoiceGroup": null, "w": 1500, "h": 23, "y": 1835, "x": 96, "structure_id": "Tr_66"}, {"parent_TextBlock": "Tb_42", "text": "information  is  voluntary.  Refusal  to  provide  your  SSN  by  itself  will  not  result  in  the  denial  of  benefits.  VA  will  not  deny  an  individual  benefits  for  refusing  to  provide", "parent_Field": null, "parent_Choice_Field": null, "parent_ChoiceGroup": null, "w": 1500, "h": 23, "y": 1860, "x": 96, "structure_id": "Tr_67"}, {"parent_TextBlock": "Tb_42", "text": "his  or  her  SSN  unless  the  disclosure  of  the  SSN  is  required  by  Federal  Statute  of  law  in  effect  prior  to  January  1,  1975,  and  still  in  effect.  The  requested  information  is", "parent_Field": null, "parent_Choice_Field": null, "parent_ChoiceGroup": null, "w": 1500, "h": 23, "y": 1885, "x": 96, "structure_id": "Tr_68"}, {"parent_TextBlock": "Tb_42", "text": "considered  relevant  and  necessary  to  determine  maximum  benefits  under  the  law.  The  responses  you  submit  are  considered  confidential  (38  U.S.C.  5701).  Information", "parent_Field": null, "parent_Choice_Field": null, "parent_ChoiceGroup": null, "w": 1500, "h": 23, "y": 1910, "x": 96, "structure_id": "Tr_69"}, {"parent_TextBlock": "Tb_42", "text": "submitted is subject to verification through computer matching programs with other agencies.", "parent_Field": null, "parent_Choice_Field": null, "parent_ChoiceGroup": null, "w": 839, "h": 23, "y": 1935, "x": 96, "structure_id": "Tr_70"}, {"parent_TextBlock": "Tb_43", "text": "RESPONDENT  BURDEN:  We  need  this  information  to  determine  entitlement  to  benefits  (38  U.S.C.  501).  Title  38,  United  States  Code,  allows  us  to  ask  for  this", "parent_Field": null, "parent_Choice_Field": null, "parent_ChoiceGroup": null, "w": 1500, "h": 23, "y": 1985, "x": 96, "structure_id": "Tr_71"}, {"parent_TextBlock": "Tb_43", "text": "information.  We  estimate  that  you  will  need  an  average  of  15  minutes  to  review  the  instructions,  find  the  information,  and  complete  the  form.  VA  cannot  conduct  or", "parent_Field": null, "parent_Choice_Field": null, "parent_ChoiceGroup": null, "w": 1500, "h": 23, "y": 2010, "x": 96, "structure_id": "Tr_72"}, {"parent_TextBlock": "Tb_43", "text": "sponsor  collection  of  information  unless  valid  OMB  control  number  is  displayed.  You  are  not  required  to  respond  to  collection  of  information  if  this  number  is  not", "parent_Field": null, "parent_Choice_Field": null, "parent_ChoiceGroup": null, "w": 1500, "h": 23, "y": 2035, "x": 96, "structure_id": "Tr_73"}, {"parent_TextBlock": "Tb_43", "text": "displayed.  Valid  OMB  control  numbers  can  be  located  on  the  OMB  Internet  Page at\u00c2\u00a0", "parent_Field": null, "parent_Choice_Field": null, "parent_ChoiceGroup": null, "w": 754, "h": 23, "y": 2060, "x": 96, "structure_id": "Tr_74"}, {"parent_TextBlock": "Tb_43", "text": "www.reginfo.gov/public/do/PRAMain", "parent_Field": null, "parent_Choice_Field": null, "parent_ChoiceGroup": null, "w": 358, "h": 23, "y": 2060, "x": 850, "structure_id": "Tr_75"}, {"parent_TextBlock": "Tb_43", "text": "If  desired,  you  can  call  1-800-827-1000  to", "parent_Field": null, "parent_Choice_Field": null, "parent_ChoiceGroup": null, "w": 377, "h": 23, "y": 2060, "x": 1219, "structure_id": "Tr_76"}, {"parent_TextBlock": "Tb_43", "text": "get information on where to send comments or suggestions about this form.", "parent_Field": null, "parent_Choice_Field": null, "parent_ChoiceGroup": null, "w": 672, "h": 23, "y": 2085, "x": 96, "structure_id": "Tr_77"}, {"parent_TextBlock": "Tb_44", "text": "VA FORM 21-0960G-6, SEP 2016", "parent_Field": null, "parent_Choice_Field": null, "parent_ChoiceGroup": null, "w": 296, "h": 19, "y": 2124, "x": 81, "structure_id": "Tr_78"}, {"parent_TextBlock": "Tb_45", "text": "Page 2", "parent_Field": null, "parent_Choice_Field": null, "parent_ChoiceGroup": null, "w": 71, "h": 22, "y": 2122, "x": 1544, "structure_id": "Tr_79"}], "ChoiceGroup": [{"y": 188.03125, "x": 91.00041820045135, "structure_id": "Chgp_1", "w": 1438.9912496278832, "h": 284}, {"y": 134.03125, "x": 87, "structure_id": "Chgp_2", "w": 1510.9127476738454, "h": 399}, {"y": 562.03125, "x": 90, "structure_id": "Chgp_3", "w": 1504, "h": 159}, {"y": 758.03125, "x": 90, "structure_id": "Chgp_4", "w": 1512, "h": 144}, {"y": 941.03125, "x": 88, "structure_id": "Chgp_5", "w": 1520, "h": 173}]}