{"Widget": [{"parent_Field": "Fi_1", "parent_Choice_Field": null, "parent_ChoiceGroup": null, "w": 1279.2330708661418, "h": 61.35275590551181, "y": 1319.9307086614174, "x": 52.04724409448819, "structure_id": "Wi_1"}, {"parent_Field": "Fi_2", "parent_Choice_Field": null, "parent_ChoiceGroup": null, "w": 279.2385826771653, "h": 61.35275590551181, "y": 1319.9307086614174, "x": 1335.3748031496066, "structure_id": "Wi_2"}, {"parent_Field": "Fi_3", "parent_Choice_Field": null, "parent_ChoiceGroup": null, "w": 429.23622047244095, "h": 44.68346456692914, "y": 1153.2637795275589, "x": 618.7110236220473, "structure_id": "Wi_3"}, {"parent_Field": "Fi_4", "parent_Choice_Field": null, "parent_ChoiceGroup": null, "w": 466.1944881889764, "h": 45.90551181102362, "y": 1118.708661417323, "x": 1148.4188976377955, "structure_id": "Wi_4"}, {"parent_Field": "Fi_5", "parent_Choice_Field": null, "parent_ChoiceGroup": null, "w": 1562.5669291338584, "h": 52.063779527559056, "y": 1229.2141732283465, "x": 52.04724409448819, "structure_id": "Wi_5"}, {"parent_Field": null, "parent_Choice_Field": "Chf_1", "parent_ChoiceGroup": "Chgp_1", "w": 27.777952755905513, "h": 27.777952755905513, "y": 1161.1055118110237, "x": 50, "structure_id": "Wi_6"}, {"parent_Field": null, "parent_Choice_Field": "Chf_2", "parent_ChoiceGroup": "Chgp_1", "w": 27.777952755905513, "h": 27.777952755905513, "y": 1161.1055118110237, "x": 316.6661417322835, "structure_id": "Wi_7"}, {"parent_Field": null, "parent_Choice_Field": "Chf_3", "parent_ChoiceGroup": "Chgp_2", "w": 27.777952755905513, "h": 27.777952755905513, "y": 1169.272440944882, "x": 1249.6834645669294, "structure_id": "Wi_8"}, {"parent_Field": null, "parent_Choice_Field": "Chf_4", "parent_ChoiceGroup": "Chgp_2", "w": 27.777952755905513, "h": 27.777952755905513, "y": 1169.272440944882, "x": 1350.5858267716535, "structure_id": "Wi_9"}, {"parent_Field": null, "parent_Choice_Field": "Chf_5", "parent_ChoiceGroup": "Chgp_3", "w": 27.777952755905513, "h": 27.777952755905513, "y": 1419.4417322834647, "x": 50, "structure_id": "Wi_10"}, {"parent_Field": null, "parent_Choice_Field": "Chf_6", "parent_ChoiceGroup": "Chgp_3", "w": 27.777952755905513, "h": 27.777952755905513, "y": 1452.7748031496062, "x": 50, "structure_id": "Wi_11"}, {"parent_Field": "Fi_6", "parent_Choice_Field": null, "parent_ChoiceGroup": null, "w": 316.6669291338583, "h": 41.536220472440945, "y": 125.13070866141733, "x": 1300.0000000000002, "structure_id": "Wi_12"}, {"parent_Field": "Fi_7", "parent_Choice_Field": null, "parent_ChoiceGroup": null, "w": 329.23858267716537, "h": 37.82204724409449, "y": 410.1275590551181, "x": 1285.3748031496066, "structure_id": "Wi_13"}, {"parent_Field": "Fi_8", "parent_Choice_Field": null, "parent_ChoiceGroup": null, "w": 995.9023622047245, "h": 307.0165354330709, "y": 507.59999999999997, "x": 52.04724409448819, "structure_id": "Wi_14"}, {"parent_Field": "Fi_9", "parent_Choice_Field": null, "parent_ChoiceGroup": null, "w": 362.56929133858273, "h": 65.64173228346456, "y": 849.5307086614173, "x": 52.04724409448819, "structure_id": "Wi_15"}, {"parent_Field": "Fi_10", "parent_Choice_Field": null, "parent_ChoiceGroup": null, "w": 279.2385826771653, "h": 62.57244094488189, "y": 852.044094488189, "x": 418.71102362204726, "structure_id": "Wi_16"}, {"parent_Field": "Fi_10", "parent_Choice_Field": null, "parent_ChoiceGroup": null, "w": 245.90551181102364, "h": 62.57244094488189, "y": 852.044094488189, "x": 702.044094488189, "structure_id": "Wi_17"}, {"parent_Field": "Fi_11", "parent_Choice_Field": null, "parent_ChoiceGroup": null, "w": 262.5692913385827, "h": 45.90551181102362, "y": 485.37795275590554, "x": 1052.044094488189, "structure_id": "Wi_18"}, {"parent_Field": "Fi_11", "parent_Choice_Field": null, "parent_ChoiceGroup": null, "w": 295.90551181102364, "h": 45.90551181102362, "y": 485.37795275590554, "x": 1318.707874015748, "structure_id": "Wi_19"}, {"parent_Field": "Fi_12", "parent_Choice_Field": null, "parent_ChoiceGroup": null, "w": 562.5724409448819, "h": 52.063779527559056, "y": 629.2196850393701, "x": 1052.0409448818898, "structure_id": "Wi_20"}, {"parent_Field": "Fi_13", "parent_Choice_Field": null, "parent_ChoiceGroup": null, "w": 562.5724409448819, "h": 52.063779527559056, "y": 712.5527559055118, "x": 1052.0409448818898, "structure_id": "Wi_21"}, {"parent_Field": "Fi_14", "parent_Choice_Field": null, "parent_ChoiceGroup": null, "w": 329.23858267716537, "h": 52.619685039370076, "y": 945.8834645669292, "x": 1285.3748031496066, "structure_id": "Wi_22"}, {"parent_Field": "Fi_15", "parent_Choice_Field": null, "parent_ChoiceGroup": null, "w": 1229.2330708661416, "h": 35.394488188976375, "y": 412.55590551181103, "x": 52.04724409448819, "structure_id": "Wi_23"}, {"parent_Field": "Fi_16", "parent_Choice_Field": null, "parent_ChoiceGroup": null, "w": 529.2362204724409, "h": 62.57244094488189, "y": 852.044094488189, "x": 952.044094488189, "structure_id": "Wi_24"}, {"parent_Field": "Fi_17", "parent_Choice_Field": null, "parent_ChoiceGroup": null, "w": 645.9023622047245, "h": 54.491338582677166, "y": 943.4614173228347, "x": 52.04724409448819, "structure_id": "Wi_25"}, {"parent_Field": "Fi_18", "parent_Choice_Field": null, "parent_ChoiceGroup": null, "w": 245.90551181102364, "h": 54.491338582677166, "y": 943.4551181102362, "x": 702.044094488189, "structure_id": "Wi_26"}, {"parent_Field": "Fi_19", "parent_Choice_Field": null, "parent_ChoiceGroup": null, "w": 329.23622047244095, "h": 54.48897637795275, "y": 943.4614173228347, "x": 952.044094488189, "structure_id": "Wi_27"}, {"parent_Field": "Fi_20", "parent_Choice_Field": null, "parent_ChoiceGroup": null, "w": 1279.2330708661418, "h": 45.90236220472441, "y": 1035.3779527559054, "x": 52.04724409448819, "structure_id": "Wi_28"}, {"parent_Field": "Fi_21", "parent_Choice_Field": null, "parent_ChoiceGroup": null, "w": 279.2385826771653, "h": 52.06141732283464, "y": 1029.2196850393702, "x": 1335.3748031496066, "structure_id": "Wi_29"}, {"parent_Field": null, "parent_Choice_Field": "Chf_7", "parent_ChoiceGroup": "Chgp_4", "w": 27.777952755905513, "h": 27.777952755905513, "y": 568.4000000000001, "x": 1049.996850393701, "structure_id": "Wi_30"}, {"parent_Field": null, "parent_Choice_Field": "Chf_8", "parent_ChoiceGroup": "Chgp_4", "w": 27.777952755905513, "h": 27.777952755905513, "y": 568.4000000000001, "x": 1316.6606299212601, "structure_id": "Wi_31"}, {"parent_Field": null, "parent_Choice_Field": "Chf_9", "parent_ChoiceGroup": "Chgp_5", "w": 27.777952755905513, "h": 27.777952755905513, "y": 777.7748031496063, "x": 1283.3275590551182, "structure_id": "Wi_32"}, {"parent_Field": null, "parent_Choice_Field": "Chf_10", "parent_ChoiceGroup": "Chgp_5", "w": 27.777952755905513, "h": 27.777952755905513, "y": 777.7748031496063, "x": 1383.3275590551184, "structure_id": "Wi_33"}, {"parent_Field": "Fi_22", "parent_Choice_Field": null, "parent_ChoiceGroup": null, "w": 1279.2330708661418, "h": 52.21653543307087, "y": 1612.396850393701, "x": 52.04724409448819, "structure_id": "Wi_34"}, {"parent_Field": "Fi_23", "parent_Choice_Field": null, "parent_ChoiceGroup": null, "w": 279.2385826771653, "h": 50.0503937007874, "y": 1614.563779527559, "x": 1335.3748031496066, "structure_id": "Wi_35"}, {"parent_Field": "Fi_24", "parent_Choice_Field": null, "parent_ChoiceGroup": null, "w": 462.5692913385827, "h": 48.41653543307087, "y": 1732.863779527559, "x": 52.04724409448819, "structure_id": "Wi_36"}, {"parent_Field": "Fi_25", "parent_Choice_Field": null, "parent_ChoiceGroup": null, "w": 429.23858267716537, "h": 47.11102362204725, "y": 1734.1692913385828, "x": 518.7110236220473, "structure_id": "Wi_37"}, {"parent_Field": "Fi_26", "parent_Choice_Field": null, "parent_ChoiceGroup": null, "w": 662.5692913385826, "h": 44.68031496062993, "y": 1736.6000000000001, "x": 952.044094488189, "structure_id": "Wi_38"}, {"parent_Field": "Fi_27", "parent_Choice_Field": null, "parent_ChoiceGroup": null, "w": 1562.5669291338584, "h": 132.8748031496063, "y": 1815.072440944882, "x": 52.04724409448819, "structure_id": "Wi_39"}, {"parent_Field": "Fi_28", "parent_Choice_Field": null, "parent_ChoiceGroup": null, "w": 262.57244094488186, "h": 45.89763779527559, "y": 2018.716535433071, "x": 1352.04094488189, "structure_id": "Wi_40"}, {"parent_Field": "Fi_28", "parent_Choice_Field": null, "parent_ChoiceGroup": null, "w": 262.57244094488186, "h": 45.90551181102362, "y": 2068.7086614173227, "x": 1352.04094488189, "structure_id": "Wi_41"}, {"parent_Field": "Fi_29", "parent_Choice_Field": null, "parent_ChoiceGroup": null, "w": 162.56929133858267, "h": 102.06141732283466, "y": 2012.5496062992127, "x": 268.7133858267716, "structure_id": "Wi_42"}, {"parent_Field": "Fi_30", "parent_Choice_Field": null, "parent_ChoiceGroup": null, "w": 179.23622047244098, "h": 62.57244094488189, "y": 1985.3748031496064, "x": 902.0440944881891, "structure_id": "Wi_43"}, {"parent_Field": "Fi_30", "parent_Choice_Field": null, "parent_ChoiceGroup": null, "w": 229.23858267716534, "h": 62.57244094488189, "y": 1985.3748031496064, "x": 1118.707874015748, "structure_id": "Wi_44"}, {"parent_Field": "Fi_31", "parent_Choice_Field": null, "parent_ChoiceGroup": null, "w": 212.5724409448819, "h": 102.06141732283466, "y": 2012.5496062992127, "x": 52.04724409448819, "structure_id": "Wi_45"}, {"parent_Field": "Fi_32", "parent_Choice_Field": null, "parent_ChoiceGroup": null, "w": 179.23858267716537, "h": 102.06141732283466, "y": 2012.5496062992127, "x": 435.3771653543307, "structure_id": "Wi_46"}, {"parent_Field": "Fi_33", "parent_Choice_Field": null, "parent_ChoiceGroup": null, "w": 162.5724409448819, "h": 102.06377952755905, "y": 2012.5496062992127, "x": 618.7110236220473, "structure_id": "Wi_47"}, {"parent_Field": "Fi_34", "parent_Choice_Field": null, "parent_ChoiceGroup": null, "w": 179.23622047244098, "h": 62.57244094488189, "y": 2052.0417322834646, "x": 902.0440944881891, "structure_id": "Wi_48"}, {"parent_Field": "Fi_34", "parent_Choice_Field": null, "parent_ChoiceGroup": null, "w": 229.23858267716534, "h": 62.57244094488189, "y": 2052.0417322834646, "x": 1118.7110236220474, "structure_id": "Wi_49"}], "TextBlock": [{"parent_Field": null, "parent_Choice_Field": null, "parent_ChoiceGroup": null, "w": 1485, "h": 49, "y": 287, "x": 54, "structure_id": "Tb_1"}, {"parent_Field": null, "parent_Choice_Field": null, "parent_ChoiceGroup": null, "w": 609, "h": 25, "y": 1087, "x": 529, "structure_id": "Tb_2"}, {"parent_Field": "Fi_1", "parent_Choice_Field": null, "parent_ChoiceGroup": null, "w": 290, "h": 19, "y": 1293, "x": 52, "structure_id": "Tb_3"}, {"parent_Field": "Fi_2", "parent_Choice_Field": null, "parent_ChoiceGroup": null, "w": 277, "h": 19, "y": 1293, "x": 1335, "structure_id": "Tb_4"}, {"parent_Field": "Fi_3", "parent_Choice_Field": null, "parent_ChoiceGroup": null, "w": 89, "h": 20, "y": 1126, "x": 619, "structure_id": "Tb_5"}, {"parent_Field": "Fi_4", "parent_Choice_Field": null, "parent_ChoiceGroup": null, "w": 72, "h": 19, "y": 1132, "x": 1052, "structure_id": "Tb_6"}, {"parent_Field": "Fi_5", "parent_Choice_Field": null, "parent_ChoiceGroup": null, "w": 337, "h": 19, "y": 1206, "x": 52, "structure_id": "Tb_7"}, {"parent_Field": null, "parent_Choice_Field": null, "parent_ChoiceGroup": "Chgp_1", "w": 237, "h": 19, "y": 1121, "x": 60, "structure_id": "Tb_8"}, {"parent_Field": null, "parent_Choice_Field": "Chf_1", "parent_ChoiceGroup": "Chgp_1", "w": 121, "h": 20, "y": 1165, "x": 86, "structure_id": "Tb_9"}, {"parent_Field": null, "parent_Choice_Field": "Chf_2", "parent_ChoiceGroup": "Chgp_1", "w": 222, "h": 20, "y": 1165, "x": 353, "structure_id": "Tb_10"}, {"parent_Field": null, "parent_Choice_Field": null, "parent_ChoiceGroup": "Chgp_2", "w": 127, "h": 19, "y": 1174, "x": 1060, "structure_id": "Tb_11"}, {"parent_Field": null, "parent_Choice_Field": "Chf_3", "parent_ChoiceGroup": "Chgp_2", "w": 39, "h": 20, "y": 1173, "x": 1286, "structure_id": "Tb_12"}, {"parent_Field": null, "parent_Choice_Field": "Chf_4", "parent_ChoiceGroup": "Chgp_2", "w": 29, "h": 20, "y": 1173, "x": 1387, "structure_id": "Tb_13"}, {"parent_Field": null, "parent_Choice_Field": null, "parent_ChoiceGroup": "Chgp_3", "w": 988, "h": 20, "y": 1387, "x": 60, "structure_id": "Tb_14"}, {"parent_Field": null, "parent_Choice_Field": "Chf_5", "parent_ChoiceGroup": "Chgp_3", "w": 770, "h": 19, "y": 1424, "x": 86, "structure_id": "Tb_15"}, {"parent_Field": null, "parent_Choice_Field": "Chf_6", "parent_ChoiceGroup": "Chgp_3", "w": 777, "h": 19, "y": 1457, "x": 86, "structure_id": "Tb_16"}, {"parent_Field": null, "parent_Choice_Field": null, "parent_ChoiceGroup": null, "w": 1552, "h": 111, "y": 167, "x": 60, "structure_id": "Tb_17"}, {"parent_Field": null, "parent_Choice_Field": null, "parent_ChoiceGroup": null, "w": 1082, "h": 27, "y": 67, "x": 50, "structure_id": "Tb_18"}, {"parent_Field": null, "parent_Choice_Field": null, "parent_ChoiceGroup": null, "w": 151, "h": 22, "y": 2154, "x": 54, "structure_id": "Tb_19"}, {"parent_Field": null, "parent_Choice_Field": null, "parent_ChoiceGroup": null, "w": 250, "h": 36, "y": 44, "x": 1316, "structure_id": "Tb_20"}, {"parent_Field": "Fi_6", "parent_Choice_Field": null, "parent_ChoiceGroup": null, "w": 168, "h": 17, "y": 104, "x": 1300, "structure_id": "Tb_21"}, {"parent_Field": null, "parent_Choice_Field": null, "parent_ChoiceGroup": null, "w": 662, "h": 61, "y": 106, "x": 619, "structure_id": "Tb_22"}, {"parent_Field": null, "parent_Choice_Field": null, "parent_ChoiceGroup": null, "w": 122, "h": 33, "y": 2125, "x": 200, "structure_id": "Tb_23"}, {"parent_Field": null, "parent_Choice_Field": null, "parent_ChoiceGroup": null, "w": 102, "h": 22, "y": 2121, "x": 50, "structure_id": "Tb_24"}, {"parent_Field": null, "parent_Choice_Field": null, "parent_ChoiceGroup": null, "w": 143, "h": 28, "y": 2141, "x": 1378, "structure_id": "Tb_25"}, {"parent_Field": null, "parent_Choice_Field": null, "parent_ChoiceGroup": null, "w": 487, "h": 25, "y": 354, "x": 590, "structure_id": "Tb_26"}, {"parent_Field": "Fi_7", "parent_Choice_Field": null, "parent_ChoiceGroup": null, "w": 287, "h": 19, "y": 388, "x": 1285, "structure_id": "Tb_27"}, {"parent_Field": "Fi_8", "parent_Choice_Field": null, "parent_ChoiceGroup": null, "w": 881, "h": 44, "y": 458, "x": 52, "structure_id": "Tb_28"}, {"parent_Field": "Fi_9", "parent_Choice_Field": null, "parent_ChoiceGroup": null, "w": 218, "h": 20, "y": 824, "x": 52, "structure_id": "Tb_29"}, {"parent_Field": "Fi_10", "parent_Choice_Field": null, "parent_ChoiceGroup": null, "w": 445, "h": 19, "y": 821, "x": 427, "structure_id": "Tb_30"}, {"parent_Field": "Fi_11", "parent_Choice_Field": null, "parent_ChoiceGroup": null, "w": 544, "h": 19, "y": 454, "x": 1060, "structure_id": "Tb_31"}, {"parent_Field": "Fi_12", "parent_Choice_Field": null, "parent_ChoiceGroup": null, "w": 92, "h": 19, "y": 606, "x": 1052, "structure_id": "Tb_32"}, {"parent_Field": "Fi_13", "parent_Choice_Field": null, "parent_ChoiceGroup": null, "w": 62, "h": 20, "y": 689, "x": 1052, "structure_id": "Tb_33"}, {"parent_Field": "Fi_14", "parent_Choice_Field": null, "parent_ChoiceGroup": null, "w": 317, "h": 19, "y": 923, "x": 1285, "structure_id": "Tb_34"}, {"parent_Field": "Fi_15", "parent_Choice_Field": null, "parent_ChoiceGroup": null, "w": 987, "h": 20, "y": 389, "x": 52, "structure_id": "Tb_35"}, {"parent_Field": "Fi_16", "parent_Choice_Field": null, "parent_ChoiceGroup": null, "w": 562, "h": 19, "y": 821, "x": 960, "structure_id": "Tb_36"}, {"parent_Field": "Fi_17", "parent_Choice_Field": null, "parent_ChoiceGroup": null, "w": 418, "h": 20, "y": 921, "x": 52, "structure_id": "Tb_37"}, {"parent_Field": "Fi_18", "parent_Choice_Field": null, "parent_ChoiceGroup": null, "w": 134, "h": 20, "y": 921, "x": 702, "structure_id": "Tb_38"}, {"parent_Field": "Fi_19", "parent_Choice_Field": null, "parent_ChoiceGroup": null, "w": 200, "h": 20, "y": 921, "x": 952, "structure_id": "Tb_39"}, {"parent_Field": "Fi_20", "parent_Choice_Field": null, "parent_ChoiceGroup": null, "w": 515, "h": 19, "y": 1004, "x": 60, "structure_id": "Tb_40"}, {"parent_Field": "Fi_21", "parent_Choice_Field": null, "parent_ChoiceGroup": null, "w": 201, "h": 19, "y": 1006, "x": 1335, "structure_id": "Tb_41"}, {"parent_Field": null, "parent_Choice_Field": null, "parent_ChoiceGroup": "Chgp_4", "w": 388, "h": 20, "y": 537, "x": 1060, "structure_id": "Tb_42"}, {"parent_Field": null, "parent_Choice_Field": "Chf_7", "parent_ChoiceGroup": "Chgp_4", "w": 121, "h": 19, "y": 573, "x": 1086, "structure_id": "Tb_43"}, {"parent_Field": null, "parent_Choice_Field": "Chf_8", "parent_ChoiceGroup": "Chgp_4", "w": 222, "h": 19, "y": 573, "x": 1353, "structure_id": "Tb_44"}, {"parent_Field": null, "parent_Choice_Field": null, "parent_ChoiceGroup": "Chgp_5", "w": 127, "h": 19, "y": 771, "x": 1060, "structure_id": "Tb_45"}, {"parent_Field": null, "parent_Choice_Field": "Chf_9", "parent_ChoiceGroup": "Chgp_5", "w": 39, "h": 19, "y": 782, "x": 1319, "structure_id": "Tb_46"}, {"parent_Field": null, "parent_Choice_Field": "Chf_10", "parent_ChoiceGroup": "Chgp_5", "w": 30, "h": 19, "y": 782, "x": 1419, "structure_id": "Tb_47"}, {"parent_Field": null, "parent_Choice_Field": null, "parent_ChoiceGroup": null, "w": 657, "h": 25, "y": 1487, "x": 505, "structure_id": "Tb_48"}, {"parent_Field": null, "parent_Choice_Field": null, "parent_ChoiceGroup": null, "w": 1565, "h": 47, "y": 1527, "x": 50, "structure_id": "Tb_49"}, {"parent_Field": "Fi_22", "parent_Choice_Field": null, "parent_ChoiceGroup": null, "w": 407, "h": 19, "y": 1593, "x": 52, "structure_id": "Tb_50"}, {"parent_Field": "Fi_23", "parent_Choice_Field": null, "parent_ChoiceGroup": null, "w": 201, "h": 20, "y": 1590, "x": 1335, "structure_id": "Tb_51"}, {"parent_Field": null, "parent_Choice_Field": null, "parent_ChoiceGroup": null, "w": 567, "h": 25, "y": 1671, "x": 550, "structure_id": "Tb_52"}, {"parent_Field": "Fi_24", "parent_Choice_Field": null, "parent_ChoiceGroup": null, "w": 163, "h": 19, "y": 1708, "x": 52, "structure_id": "Tb_53"}, {"parent_Field": "Fi_25", "parent_Choice_Field": null, "parent_ChoiceGroup": null, "w": 200, "h": 20, "y": 1708, "x": 519, "structure_id": "Tb_54"}, {"parent_Field": "Fi_26", "parent_Choice_Field": null, "parent_ChoiceGroup": null, "w": 223, "h": 19, "y": 1710, "x": 952, "structure_id": "Tb_55"}, {"parent_Field": "Fi_27", "parent_Choice_Field": null, "parent_ChoiceGroup": null, "w": 129, "h": 20, "y": 1790, "x": 52, "structure_id": "Tb_56"}, {"parent_Field": null, "parent_Choice_Field": null, "parent_ChoiceGroup": null, "w": 379, "h": 25, "y": 1954, "x": 644, "structure_id": "Tb_57"}, {"parent_Field": "Fi_28", "parent_Choice_Field": null, "parent_ChoiceGroup": null, "w": 187, "h": 20, "y": 1987, "x": 1360, "structure_id": "Tb_58"}, {"parent_Field": "Fi_29", "parent_Choice_Field": null, "parent_ChoiceGroup": null, "w": 103, "h": 20, "y": 1989, "x": 269, "structure_id": "Tb_59"}, {"parent_Field": "Fi_30", "parent_Choice_Field": null, "parent_ChoiceGroup": null, "w": 40, "h": 20, "y": 1987, "x": 793, "structure_id": "Tb_60"}, {"parent_Field": "Fi_30", "parent_Choice_Field": null, "parent_ChoiceGroup": null, "w": 73, "h": 19, "y": 2021, "x": 793, "structure_id": "Tb_61"}, {"parent_Field": "Fi_30", "parent_Choice_Field": null, "parent_ChoiceGroup": null, "w": 21, "h": 36, "y": 1997.03125, "x": 1087.0078125, "structure_id": "Tb_62"}, {"parent_Field": "Fi_31", "parent_Choice_Field": null, "parent_ChoiceGroup": null, "w": 156, "h": 20, "y": 1989, "x": 52, "structure_id": "Tb_63"}, {"parent_Field": "Fi_32", "parent_Choice_Field": null, "parent_ChoiceGroup": null, "w": 72, "h": 20, "y": 1989, "x": 435, "structure_id": "Tb_64"}, {"parent_Field": "Fi_33", "parent_Choice_Field": null, "parent_ChoiceGroup": null, "w": 120, "h": 20, "y": 1989, "x": 619, "structure_id": "Tb_65"}, {"parent_Field": "Fi_34", "parent_Choice_Field": null, "parent_ChoiceGroup": null, "w": 40, "h": 19, "y": 2054, "x": 793, "structure_id": "Tb_66"}, {"parent_Field": "Fi_34", "parent_Choice_Field": null, "parent_ChoiceGroup": null, "w": 76, "h": 20, "y": 2087, "x": 793, "structure_id": "Tb_67"}, {"parent_Field": "Fi_34", "parent_Choice_Field": null, "parent_ChoiceGroup": null, "w": 21, "h": 43, "y": 2056.03125, "x": 1087.0078125, "structure_id": "Tb_68"}], "Choice_Field": [{"y": 1161.1055118110237, "x": 50, "structure_id": "Chf_1", "w": 157, "h": 27.777952755905517}, {"y": 1161.1055118110237, "x": 316.6661417322835, "structure_id": "Chf_2", "w": 258.3338582677165, "h": 27.777952755905517}, {"y": 1169.272440944882, "x": 1249.6834645669294, "structure_id": "Chf_3", "w": 75.31653543307061, "h": 27.777952755905517}, {"y": 1169.272440944882, "x": 1350.5858267716535, "structure_id": "Chf_4", "w": 65.4141732283465, "h": 27.777952755905517}, {"y": 1419.4417322834647, "x": 50, "structure_id": "Chf_5", "w": 806, "h": 27.777952755905517}, {"y": 1452.7748031496062, "x": 50, "structure_id": "Chf_6", "w": 813, "h": 27.777952755905517}, {"y": 568.4000000000001, "x": 1049.996850393701, "structure_id": "Chf_7", "w": 157.00314960629908, "h": 27.777952755905517}, {"y": 568.4000000000001, "x": 1316.6606299212601, "structure_id": "Chf_8", "w": 258.3393700787399, "h": 27.777952755905517}, {"y": 777.7748031496063, "x": 1283.3275590551182, "structure_id": "Chf_9", "w": 74.67244094488183, "h": 27.777952755905517}, {"y": 777.7748031496063, "x": 1383.3275590551184, "structure_id": "Chf_10", "w": 65.6724409448816, "h": 27.777952755905517}], "Field": [{"y": 1293, "x": 52, "structure_id": "Fi_1", "w": 1279.28031496063, "h": 88.2834645669293}, {"y": 1293, "x": 1335, "structure_id": "Fi_2", "w": 279.61338582677195, "h": 88.2834645669293}, {"y": 1126, "x": 618.7110236220473, "structure_id": "Fi_3", "w": 429.236220472441, "h": 71.94724409448804}, {"y": 1118.708661417323, "x": 1052, "structure_id": "Fi_4", "w": 562.6133858267717, "h": 45.90551181102364}, {"y": 1206, "x": 52, "structure_id": "Fi_5", "w": 1562.6141732283465, "h": 75.27795275590552}, {"y": 104, "x": 1300, "structure_id": "Fi_6", "w": 316.6669291338585, "h": 62.666929133858275}, {"y": 388, "x": 1285, "structure_id": "Fi_7", "w": 329.61338582677195, "h": 59.94960629921263}, {"y": 458, "x": 52, "structure_id": "Fi_8", "w": 995.9496062992127, "h": 356.6165354330708}, {"y": 824, "x": 52, "structure_id": "Fi_9", "w": 362.6165354330709, "h": 91.17244094488183}, {"y": 821, "x": 418.71102362204726, "structure_id": "Fi_10", "w": 529.2385826771654, "h": 93.61653543307091}, {"y": 454, "x": 1052.044094488189, "structure_id": "Fi_11", "w": 562.5692913385826, "h": 77.28346456692918}, {"y": 606, "x": 1052, "structure_id": "Fi_12", "w": 562.6133858267717, "h": 75.28346456692918}, {"y": 689, "x": 1052, "structure_id": "Fi_13", "w": 562.6133858267717, "h": 75.61653543307091}, {"y": 923, "x": 1285, "structure_id": "Fi_14", "w": 329.61338582677195, "h": 75.5031496062993}, {"y": 389, "x": 52, "structure_id": "Fi_15", "w": 1229.2803149606298, "h": 58.9503937007874}, {"y": 821, "x": 952.044094488189, "structure_id": "Fi_16", "w": 569.955905511811, "h": 93.61653543307091}, {"y": 921, "x": 52, "structure_id": "Fi_17", "w": 645.9496062992126, "h": 76.95275590551182}, {"y": 921, "x": 702, "structure_id": "Fi_18", "w": 245.94960629921263, "h": 76.94645669291333}, {"y": 921, "x": 952, "structure_id": "Fi_19", "w": 329.28031496063, "h": 76.95039370078746}, {"y": 1004, "x": 52.04724409448819, "structure_id": "Fi_20", "w": 1279.2330708661418, "h": 77.28031496062977}, {"y": 1006, "x": 1335, "structure_id": "Fi_21", "w": 279.61338582677195, "h": 75.28110236220482}, {"y": 1593, "x": 52, "structure_id": "Fi_22", "w": 1279.28031496063, "h": 71.61338582677195}, {"y": 1590, "x": 1335, "structure_id": "Fi_23", "w": 279.61338582677195, "h": 74.61417322834654}, {"y": 1708, "x": 52, "structure_id": "Fi_24", "w": 462.6165354330709, "h": 73.28031496063}, {"y": 1708, "x": 518.7110236220473, "structure_id": "Fi_25", "w": 429.23858267716537, "h": 73.28031496063}, {"y": 1710, "x": 952, "structure_id": "Fi_26", "w": 662.6133858267717, "h": 71.28031496063}, {"y": 1790, "x": 52, "structure_id": "Fi_27", "w": 1562.6141732283465, "h": 157.94724409448827}, {"y": 1987, "x": 1352.04094488189, "structure_id": "Fi_28", "w": 262.5724409448819, "h": 127.61417322834632}, {"y": 1989, "x": 268.7133858267716, "structure_id": "Fi_29", "w": 162.56929133858267, "h": 125.61102362204747}, {"y": 1985.3748031496064, "x": 793, "structure_id": "Fi_30", "w": 554.9464566929134, "h": 62.57244094488192}, {"y": 1989, "x": 52, "structure_id": "Fi_31", "w": 212.6196850393701, "h": 125.61102362204747}, {"y": 1989, "x": 435, "structure_id": "Fi_32", "w": 179.61574803149608, "h": 125.61102362204747}, {"y": 1989, "x": 618.7110236220473, "structure_id": "Fi_33", "w": 162.57244094488192, "h": 125.61338582677172}, {"y": 2052.0417322834646, "x": 793, "structure_id": "Fi_34", "w": 554.9496062992127, "h": 62.57244094488169}], "TextRun": [{"parent_TextBlock": "Tb_1", "text": "Comments regarding this burden estimate or any other aspect of this collection, including suggestions for reducing the burden, may be addressed by calling the Health", "parent_Field": null, "parent_Choice_Field": null, "parent_ChoiceGroup": null, "w": 1485, "h": 22, "y": 287, "x": 54, "structure_id": "Tr_1"}, {"parent_TextBlock": "Tb_1", "text": "Benefits Contact Center at 1-877-222-8387.", "parent_Field": null, "parent_Choice_Field": null, "parent_ChoiceGroup": null, "w": 391, "h": 22, "y": 314, "x": 54, "structure_id": "Tr_2"}, {"parent_TextBlock": "Tb_2", "text": "PART II - INVOICE FOR SERVICE (See instructions)", "parent_Field": null, "parent_Choice_Field": null, "parent_ChoiceGroup": null, "w": 609, "h": 25, "y": 1087, "x": 529, "structure_id": "Tr_3"}, {"parent_TextBlock": "Tb_3", "text": "17. ITEMIZATION OF CHARGES", "parent_Field": "Fi_1", "parent_Choice_Field": null, "parent_ChoiceGroup": null, "w": 290, "h": 19, "y": 1293, "x": 52, "structure_id": "Tr_4"}, {"parent_TextBlock": "Tb_4", "text": "18. TOTAL AMOUNT CLAIMED", "parent_Field": "Fi_2", "parent_Choice_Field": null, "parent_ChoiceGroup": null, "w": 277, "h": 19, "y": 1293, "x": 1335, "structure_id": "Tr_5"}, {"parent_TextBlock": "Tb_5", "text": "15. FROM", "parent_Field": "Fi_3", "parent_Choice_Field": null, "parent_ChoiceGroup": null, "w": 89, "h": 20, "y": 1126, "x": 619, "structure_id": "Tr_6"}, {"parent_TextBlock": "Tb_6", "text": "15A. TO", "parent_Field": "Fi_4", "parent_Choice_Field": null, "parent_ChoiceGroup": null, "w": 72, "h": 19, "y": 1132, "x": 1052, "structure_id": "Tr_7"}, {"parent_TextBlock": "Tb_7", "text": "16. NAME AND ADDRESS OF PAYEE", "parent_Field": "Fi_5", "parent_Choice_Field": null, "parent_ChoiceGroup": null, "w": 337, "h": 19, "y": 1206, "x": 52, "structure_id": "Tr_8"}, {"parent_TextBlock": "Tb_8", "text": "14. SERVICE FURNISHED", "parent_Field": null, "parent_Choice_Field": null, "parent_ChoiceGroup": "Chgp_1", "w": 237, "h": 19, "y": 1121, "x": 60, "structure_id": "Tr_9"}, {"parent_TextBlock": "Tb_9", "text": "AMBULANCE", "parent_Field": null, "parent_Choice_Field": "Chf_1", "parent_ChoiceGroup": "Chgp_1", "w": 121, "h": 20, "y": 1165, "x": 86, "structure_id": "Tr_10"}, {"parent_TextBlock": "Tb_10", "text": "OTHER HIRED VEHICLE", "parent_Field": null, "parent_Choice_Field": "Chf_2", "parent_ChoiceGroup": "Chgp_1", "w": 222, "h": 20, "y": 1165, "x": 353, "structure_id": "Tr_11"}, {"parent_TextBlock": "Tb_11", "text": "AND RETURN", "parent_Field": null, "parent_Choice_Field": null, "parent_ChoiceGroup": "Chgp_2", "w": 127, "h": 19, "y": 1174, "x": 1060, "structure_id": "Tr_12"}, {"parent_TextBlock": "Tb_12", "text": "YES", "parent_Field": null, "parent_Choice_Field": "Chf_3", "parent_ChoiceGroup": "Chgp_2", "w": 39, "h": 20, "y": 1173, "x": 1286, "structure_id": "Tr_13"}, {"parent_TextBlock": "Tb_13", "text": "NO", "parent_Field": null, "parent_Choice_Field": "Chf_4", "parent_ChoiceGroup": "Chgp_2", "w": 29, "h": 20, "y": 1173, "x": 1387, "structure_id": "Tr_14"}, {"parent_TextBlock": "Tb_14", "text": "19. SELECT STATEMENT BELOW THAT PERTAINS TO THE SERVICE AND CHECK THE APPROPRIATE BOX", "parent_Field": null, "parent_Choice_Field": null, "parent_ChoiceGroup": "Chgp_3", "w": 988, "h": 20, "y": 1387, "x": 60, "structure_id": "Tr_15"}, {"parent_TextBlock": "Tb_15", "text": "NO CONTRACT (The rate charged does not exceed the prevailing rate in the community)", "parent_Field": null, "parent_Choice_Field": "Chf_5", "parent_ChoiceGroup": "Chgp_3", "w": 770, "h": 19, "y": 1424, "x": 86, "structure_id": "Tr_16"}, {"parent_TextBlock": "Tb_16", "text": "CONTRACT IN EFFECT (Service provided in accordance with current contract conditions)", "parent_Field": null, "parent_Choice_Field": "Chf_6", "parent_ChoiceGroup": "Chgp_3", "w": 777, "h": 19, "y": 1457, "x": 86, "structure_id": "Tr_17"}, {"parent_TextBlock": "Tb_17", "text": "This", "parent_Field": null, "parent_Choice_Field": null, "parent_ChoiceGroup": null, "w": 45, "h": 22, "y": 167, "x": 60, "structure_id": "Tr_18"}, {"parent_TextBlock": "Tb_17", "text": "information", "parent_Field": null, "parent_Choice_Field": null, "parent_ChoiceGroup": null, "w": 110, "h": 22, "y": 167, "x": 107, "structure_id": "Tr_19"}, {"parent_TextBlock": "Tb_17", "text": "is", "parent_Field": null, "parent_Choice_Field": null, "parent_ChoiceGroup": null, "w": 20, "h": 22, "y": 167, "x": 219, "structure_id": "Tr_20"}, {"parent_TextBlock": "Tb_17", "text": "collected", "parent_Field": null, "parent_Choice_Field": null, "parent_ChoiceGroup": null, "w": 86, "h": 22, "y": 167, "x": 241, "structure_id": "Tr_21"}, {"parent_TextBlock": "Tb_17", "text": "in", "parent_Field": null, "parent_Choice_Field": null, "parent_ChoiceGroup": null, "w": 23, "h": 22, "y": 167, "x": 328, "structure_id": "Tr_22"}, {"parent_TextBlock": "Tb_17", "text": "accordance", "parent_Field": null, "parent_Choice_Field": null, "parent_ChoiceGroup": null, "w": 105, "h": 22, "y": 167, "x": 353, "structure_id": "Tr_23"}, {"parent_TextBlock": "Tb_17", "text": "with", "parent_Field": null, "parent_Choice_Field": null, "parent_ChoiceGroup": null, "w": 45, "h": 22, "y": 167, "x": 460, "structure_id": "Tr_24"}, {"parent_TextBlock": "Tb_17", "text": "section", "parent_Field": null, "parent_Choice_Field": null, "parent_ChoiceGroup": null, "w": 68, "h": 22, "y": 167, "x": 507, "structure_id": "Tr_25"}, {"parent_TextBlock": "Tb_17", "text": "3507", "parent_Field": null, "parent_Choice_Field": null, "parent_ChoiceGroup": null, "w": 50, "h": 22, "y": 167, "x": 577, "structure_id": "Tr_26"}, {"parent_TextBlock": "Tb_17", "text": "of", "parent_Field": null, "parent_Choice_Field": null, "parent_ChoiceGroup": null, "w": 24, "h": 22, "y": 167, "x": 629, "structure_id": "Tr_27"}, {"parent_TextBlock": "Tb_17", "text": "the", "parent_Field": null, "parent_Choice_Field": null, "parent_ChoiceGroup": null, "w": 35, "h": 22, "y": 167, "x": 655, "structure_id": "Tr_28"}, {"parent_TextBlock": "Tb_17", "text": "Paperwork", "parent_Field": null, "parent_Choice_Field": null, "parent_ChoiceGroup": null, "w": 112, "h": 22, "y": 167, "x": 691, "structure_id": "Tr_29"}, {"parent_TextBlock": "Tb_17", "text": "Reduction", "parent_Field": null, "parent_Choice_Field": null, "parent_ChoiceGroup": null, "w": 103, "h": 22, "y": 167, "x": 805, "structure_id": "Tr_30"}, {"parent_TextBlock": "Tb_17", "text": "Act", "parent_Field": null, "parent_Choice_Field": null, "parent_ChoiceGroup": null, "w": 38, "h": 22, "y": 167, "x": 910, "structure_id": "Tr_31"}, {"parent_TextBlock": "Tb_17", "text": "of", "parent_Field": null, "parent_Choice_Field": null, "parent_ChoiceGroup": null, "w": 24, "h": 22, "y": 167, "x": 950, "structure_id": "Tr_32"}, {"parent_TextBlock": "Tb_17", "text": "1995", "parent_Field": null, "parent_Choice_Field": null, "parent_ChoiceGroup": null, "w": 44, "h": 22, "y": 167, "x": 976, "structure_id": "Tr_33"}, {"parent_TextBlock": "Tb_17", "text": "Accordingly,", "parent_Field": null, "parent_Choice_Field": null, "parent_ChoiceGroup": null, "w": 123, "h": 22, "y": 167, "x": 1040, "structure_id": "Tr_34"}, {"parent_TextBlock": "Tb_17", "text": "we", "parent_Field": null, "parent_Choice_Field": null, "parent_ChoiceGroup": null, "w": 32, "h": 22, "y": 167, "x": 1164, "structure_id": "Tr_35"}, {"parent_TextBlock": "Tb_17", "text": "may", "parent_Field": null, "parent_Choice_Field": null, "parent_ChoiceGroup": null, "w": 43, "h": 22, "y": 167, "x": 1198, "structure_id": "Tr_36"}, {"parent_TextBlock": "Tb_17", "text": "not", "parent_Field": null, "parent_Choice_Field": null, "parent_ChoiceGroup": null, "w": 34, "h": 22, "y": 167, "x": 1243, "structure_id": "Tr_37"}, {"parent_TextBlock": "Tb_17", "text": "conduct", "parent_Field": null, "parent_Choice_Field": null, "parent_ChoiceGroup": null, "w": 76, "h": 22, "y": 167, "x": 1279, "structure_id": "Tr_38"}, {"parent_TextBlock": "Tb_17", "text": "or", "parent_Field": null, "parent_Choice_Field": null, "parent_ChoiceGroup": null, "w": 24, "h": 22, "y": 167, "x": 1356, "structure_id": "Tr_39"}, {"parent_TextBlock": "Tb_17", "text": "sponsor,", "parent_Field": null, "parent_Choice_Field": null, "parent_ChoiceGroup": null, "w": 80, "h": 22, "y": 167, "x": 1382, "structure_id": "Tr_40"}, {"parent_TextBlock": "Tb_17", "text": "and", "parent_Field": null, "parent_Choice_Field": null, "parent_ChoiceGroup": null, "w": 38, "h": 22, "y": 167, "x": 1464, "structure_id": "Tr_41"}, {"parent_TextBlock": "Tb_17", "text": "you", "parent_Field": null, "parent_Choice_Field": null, "parent_ChoiceGroup": null, "w": 39, "h": 22, "y": 167, "x": 1503, "structure_id": "Tr_42"}, {"parent_TextBlock": "Tb_17", "text": "are", "parent_Field": null, "parent_Choice_Field": null, "parent_ChoiceGroup": null, "w": 33, "h": 22, "y": 167, "x": 1544, "structure_id": "Tr_43"}, {"parent_TextBlock": "Tb_17", "text": "not", "parent_Field": null, "parent_Choice_Field": null, "parent_ChoiceGroup": null, "w": 34, "h": 22, "y": 167, "x": 1578, "structure_id": "Tr_44"}, {"parent_TextBlock": "Tb_17", "text": "required", "parent_Field": null, "parent_Choice_Field": null, "parent_ChoiceGroup": null, "w": 80, "h": 22, "y": 189, "x": 60, "structure_id": "Tr_45"}, {"parent_TextBlock": "Tb_17", "text": "to", "parent_Field": null, "parent_Choice_Field": null, "parent_ChoiceGroup": null, "w": 23, "h": 22, "y": 189, "x": 141, "structure_id": "Tr_46"}, {"parent_TextBlock": "Tb_17", "text": "respond", "parent_Field": null, "parent_Choice_Field": null, "parent_ChoiceGroup": null, "w": 76, "h": 22, "y": 189, "x": 165, "structure_id": "Tr_47"}, {"parent_TextBlock": "Tb_17", "text": "to,", "parent_Field": null, "parent_Choice_Field": null, "parent_ChoiceGroup": null, "w": 28, "h": 22, "y": 189, "x": 243, "structure_id": "Tr_48"}, {"parent_TextBlock": "Tb_17", "text": "collection", "parent_Field": null, "parent_Choice_Field": null, "parent_ChoiceGroup": null, "w": 94, "h": 22, "y": 189, "x": 289, "structure_id": "Tr_49"}, {"parent_TextBlock": "Tb_17", "text": "of", "parent_Field": null, "parent_Choice_Field": null, "parent_ChoiceGroup": null, "w": 24, "h": 22, "y": 189, "x": 384, "structure_id": "Tr_50"}, {"parent_TextBlock": "Tb_17", "text": "information", "parent_Field": null, "parent_Choice_Field": null, "parent_ChoiceGroup": null, "w": 110, "h": 22, "y": 189, "x": 410, "structure_id": "Tr_51"}, {"parent_TextBlock": "Tb_17", "text": "unless", "parent_Field": null, "parent_Choice_Field": null, "parent_ChoiceGroup": null, "w": 61, "h": 22, "y": 189, "x": 522, "structure_id": "Tr_52"}, {"parent_TextBlock": "Tb_17", "text": "it", "parent_Field": null, "parent_Choice_Field": null, "parent_ChoiceGroup": null, "w": 18, "h": 22, "y": 189, "x": 584, "structure_id": "Tr_53"}, {"parent_TextBlock": "Tb_17", "text": "displays", "parent_Field": null, "parent_Choice_Field": null, "parent_ChoiceGroup": null, "w": 79, "h": 22, "y": 189, "x": 603, "structure_id": "Tr_54"}, {"parent_TextBlock": "Tb_17", "text": "valid", "parent_Field": null, "parent_Choice_Field": null, "parent_ChoiceGroup": null, "w": 50, "h": 22, "y": 189, "x": 700, "structure_id": "Tr_55"}, {"parent_TextBlock": "Tb_17", "text": "OMB", "parent_Field": null, "parent_Choice_Field": null, "parent_ChoiceGroup": null, "w": 56, "h": 22, "y": 189, "x": 752, "structure_id": "Tr_56"}, {"parent_TextBlock": "Tb_17", "text": "number.", "parent_Field": null, "parent_Choice_Field": null, "parent_ChoiceGroup": null, "w": 79, "h": 22, "y": 189, "x": 809, "structure_id": "Tr_57"}, {"parent_TextBlock": "Tb_17", "text": "We", "parent_Field": null, "parent_Choice_Field": null, "parent_ChoiceGroup": null, "w": 36, "h": 22, "y": 189, "x": 897, "structure_id": "Tr_58"}, {"parent_TextBlock": "Tb_17", "text": "anticipate", "parent_Field": null, "parent_Choice_Field": null, "parent_ChoiceGroup": null, "w": 92, "h": 22, "y": 189, "x": 935, "structure_id": "Tr_59"}, {"parent_TextBlock": "Tb_17", "text": "that", "parent_Field": null, "parent_Choice_Field": null, "parent_ChoiceGroup": null, "w": 39, "h": 22, "y": 189, "x": 1028, "structure_id": "Tr_60"}, {"parent_TextBlock": "Tb_17", "text": "the", "parent_Field": null, "parent_Choice_Field": null, "parent_ChoiceGroup": null, "w": 33, "h": 22, "y": 189, "x": 1068, "structure_id": "Tr_61"}, {"parent_TextBlock": "Tb_17", "text": "time", "parent_Field": null, "parent_Choice_Field": null, "parent_ChoiceGroup": null, "w": 45, "h": 22, "y": 189, "x": 1103, "structure_id": "Tr_62"}, {"parent_TextBlock": "Tb_17", "text": "expended", "parent_Field": null, "parent_Choice_Field": null, "parent_ChoiceGroup": null, "w": 91, "h": 22, "y": 189, "x": 1149, "structure_id": "Tr_63"}, {"parent_TextBlock": "Tb_17", "text": "by", "parent_Field": null, "parent_Choice_Field": null, "parent_ChoiceGroup": null, "w": 28, "h": 22, "y": 189, "x": 1241, "structure_id": "Tr_64"}, {"parent_TextBlock": "Tb_17", "text": "all", "parent_Field": null, "parent_Choice_Field": null, "parent_ChoiceGroup": null, "w": 28, "h": 22, "y": 189, "x": 1270, "structure_id": "Tr_65"}, {"parent_TextBlock": "Tb_17", "text": "providers", "parent_Field": null, "parent_Choice_Field": null, "parent_ChoiceGroup": null, "w": 89, "h": 22, "y": 189, "x": 1300, "structure_id": "Tr_66"}, {"parent_TextBlock": "Tb_17", "text": "who", "parent_Field": null, "parent_Choice_Field": null, "parent_ChoiceGroup": null, "w": 43, "h": 22, "y": 189, "x": 1391, "structure_id": "Tr_67"}, {"parent_TextBlock": "Tb_17", "text": "must", "parent_Field": null, "parent_Choice_Field": null, "parent_ChoiceGroup": null, "w": 49, "h": 22, "y": 189, "x": 1436, "structure_id": "Tr_68"}, {"parent_TextBlock": "Tb_17", "text": "complete", "parent_Field": null, "parent_Choice_Field": null, "parent_ChoiceGroup": null, "w": 87, "h": 22, "y": 189, "x": 1486, "structure_id": "Tr_69"}, {"parent_TextBlock": "Tb_17", "text": "this", "parent_Field": null, "parent_Choice_Field": null, "parent_ChoiceGroup": null, "w": 37, "h": 22, "y": 189, "x": 1575, "structure_id": "Tr_70"}, {"parent_TextBlock": "Tb_17", "text": "form", "parent_Field": null, "parent_Choice_Field": null, "parent_ChoiceGroup": null, "w": 49, "h": 22, "y": 211, "x": 60, "structure_id": "Tr_71"}, {"parent_TextBlock": "Tb_17", "text": "will", "parent_Field": null, "parent_Choice_Field": null, "parent_ChoiceGroup": null, "w": 40, "h": 22, "y": 211, "x": 109, "structure_id": "Tr_72"}, {"parent_TextBlock": "Tb_17", "text": "average", "parent_Field": null, "parent_Choice_Field": null, "parent_ChoiceGroup": null, "w": 74, "h": 22, "y": 211, "x": 150, "structure_id": "Tr_73"}, {"parent_TextBlock": "Tb_17", "text": "minutes.", "parent_Field": null, "parent_Choice_Field": null, "parent_ChoiceGroup": null, "w": 81, "h": 22, "y": 211, "x": 242, "structure_id": "Tr_74"}, {"parent_TextBlock": "Tb_17", "text": "This", "parent_Field": null, "parent_Choice_Field": null, "parent_ChoiceGroup": null, "w": 45, "h": 22, "y": 211, "x": 330, "structure_id": "Tr_75"}, {"parent_TextBlock": "Tb_17", "text": "includes", "parent_Field": null, "parent_Choice_Field": null, "parent_ChoiceGroup": null, "w": 80, "h": 22, "y": 211, "x": 375, "structure_id": "Tr_76"}, {"parent_TextBlock": "Tb_17", "text": "the", "parent_Field": null, "parent_Choice_Field": null, "parent_ChoiceGroup": null, "w": 33, "h": 22, "y": 211, "x": 455, "structure_id": "Tr_77"}, {"parent_TextBlock": "Tb_17", "text": "time", "parent_Field": null, "parent_Choice_Field": null, "parent_ChoiceGroup": null, "w": 45, "h": 22, "y": 211, "x": 488, "structure_id": "Tr_78"}, {"parent_TextBlock": "Tb_17", "text": "it", "parent_Field": null, "parent_Choice_Field": null, "parent_ChoiceGroup": null, "w": 18, "h": 22, "y": 211, "x": 534, "structure_id": "Tr_79"}, {"parent_TextBlock": "Tb_17", "text": "will", "parent_Field": null, "parent_Choice_Field": null, "parent_ChoiceGroup": null, "w": 40, "h": 22, "y": 211, "x": 552, "structure_id": "Tr_80"}, {"parent_TextBlock": "Tb_17", "text": "take", "parent_Field": null, "parent_Choice_Field": null, "parent_ChoiceGroup": null, "w": 42, "h": 22, "y": 211, "x": 593, "structure_id": "Tr_81"}, {"parent_TextBlock": "Tb_17", "text": "to", "parent_Field": null, "parent_Choice_Field": null, "parent_ChoiceGroup": null, "w": 22, "h": 22, "y": 211, "x": 636, "structure_id": "Tr_82"}, {"parent_TextBlock": "Tb_17", "text": "read", "parent_Field": null, "parent_Choice_Field": null, "parent_ChoiceGroup": null, "w": 44, "h": 22, "y": 211, "x": 659, "structure_id": "Tr_83"}, {"parent_TextBlock": "Tb_17", "text": "instructions,", "parent_Field": null, "parent_Choice_Field": null, "parent_ChoiceGroup": null, "w": 115, "h": 22, "y": 211, "x": 703, "structure_id": "Tr_84"}, {"parent_TextBlock": "Tb_17", "text": "gather", "parent_Field": null, "parent_Choice_Field": null, "parent_ChoiceGroup": null, "w": 61, "h": 22, "y": 211, "x": 818, "structure_id": "Tr_85"}, {"parent_TextBlock": "Tb_17", "text": "the", "parent_Field": null, "parent_Choice_Field": null, "parent_ChoiceGroup": null, "w": 33, "h": 22, "y": 211, "x": 880, "structure_id": "Tr_86"}, {"parent_TextBlock": "Tb_17", "text": "necessary", "parent_Field": null, "parent_Choice_Field": null, "parent_ChoiceGroup": null, "w": 92, "h": 22, "y": 211, "x": 913, "structure_id": "Tr_87"}, {"parent_TextBlock": "Tb_17", "text": "facts", "parent_Field": null, "parent_Choice_Field": null, "parent_ChoiceGroup": null, "w": 48, "h": 22, "y": 211, "x": 1005, "structure_id": "Tr_88"}, {"parent_TextBlock": "Tb_17", "text": "and", "parent_Field": null, "parent_Choice_Field": null, "parent_ChoiceGroup": null, "w": 38, "h": 22, "y": 211, "x": 1053, "structure_id": "Tr_89"}, {"parent_TextBlock": "Tb_17", "text": "fill", "parent_Field": null, "parent_Choice_Field": null, "parent_ChoiceGroup": null, "w": 32, "h": 22, "y": 211, "x": 1091, "structure_id": "Tr_90"}, {"parent_TextBlock": "Tb_17", "text": "out", "parent_Field": null, "parent_Choice_Field": null, "parent_ChoiceGroup": null, "w": 34, "h": 22, "y": 211, "x": 1123, "structure_id": "Tr_91"}, {"parent_TextBlock": "Tb_17", "text": "the", "parent_Field": null, "parent_Choice_Field": null, "parent_ChoiceGroup": null, "w": 32, "h": 22, "y": 211, "x": 1158, "structure_id": "Tr_92"}, {"parent_TextBlock": "Tb_17", "text": "form.", "parent_Field": null, "parent_Choice_Field": null, "parent_ChoiceGroup": null, "w": 54, "h": 22, "y": 211, "x": 1191, "structure_id": "Tr_93"}, {"parent_TextBlock": "Tb_17", "text": "The", "parent_Field": null, "parent_Choice_Field": null, "parent_ChoiceGroup": null, "w": 40, "h": 22, "y": 211, "x": 1251, "structure_id": "Tr_94"}, {"parent_TextBlock": "Tb_17", "text": "purpose", "parent_Field": null, "parent_Choice_Field": null, "parent_ChoiceGroup": null, "w": 76, "h": 22, "y": 211, "x": 1292, "structure_id": "Tr_95"}, {"parent_TextBlock": "Tb_17", "text": "of", "parent_Field": null, "parent_Choice_Field": null, "parent_ChoiceGroup": null, "w": 24, "h": 22, "y": 211, "x": 1368, "structure_id": "Tr_96"}, {"parent_TextBlock": "Tb_17", "text": "this", "parent_Field": null, "parent_Choice_Field": null, "parent_ChoiceGroup": null, "w": 37, "h": 22, "y": 211, "x": 1393, "structure_id": "Tr_97"}, {"parent_TextBlock": "Tb_17", "text": "form", "parent_Field": null, "parent_Choice_Field": null, "parent_ChoiceGroup": null, "w": 49, "h": 22, "y": 211, "x": 1431, "structure_id": "Tr_98"}, {"parent_TextBlock": "Tb_17", "text": "is", "parent_Field": null, "parent_Choice_Field": null, "parent_ChoiceGroup": null, "w": 20, "h": 22, "y": 211, "x": 1480, "structure_id": "Tr_99"}, {"parent_TextBlock": "Tb_17", "text": "to", "parent_Field": null, "parent_Choice_Field": null, "parent_ChoiceGroup": null, "w": 23, "h": 22, "y": 211, "x": 1501, "structure_id": "Tr_100"}, {"parent_TextBlock": "Tb_17", "text": "authorize", "parent_Field": null, "parent_Choice_Field": null, "parent_ChoiceGroup": null, "w": 88, "h": 22, "y": 211, "x": 1524, "structure_id": "Tr_101"}, {"parent_TextBlock": "Tb_17", "text": "treatment", "parent_Field": null, "parent_Choice_Field": null, "parent_ChoiceGroup": null, "w": 89, "h": 23, "y": 233, "x": 60, "structure_id": "Tr_102"}, {"parent_TextBlock": "Tb_17", "text": "and", "parent_Field": null, "parent_Choice_Field": null, "parent_ChoiceGroup": null, "w": 37, "h": 23, "y": 233, "x": 151, "structure_id": "Tr_103"}, {"parent_TextBlock": "Tb_17", "text": "provide", "parent_Field": null, "parent_Choice_Field": null, "parent_ChoiceGroup": null, "w": 73, "h": 23, "y": 233, "x": 190, "structure_id": "Tr_104"}, {"parent_TextBlock": "Tb_17", "text": "means", "parent_Field": null, "parent_Choice_Field": null, "parent_ChoiceGroup": null, "w": 63, "h": 23, "y": 233, "x": 281, "structure_id": "Tr_105"}, {"parent_TextBlock": "Tb_17", "text": "to", "parent_Field": null, "parent_Choice_Field": null, "parent_ChoiceGroup": null, "w": 23, "h": 23, "y": 233, "x": 345, "structure_id": "Tr_106"}, {"parent_TextBlock": "Tb_17", "text": "bill", "parent_Field": null, "parent_Choice_Field": null, "parent_ChoiceGroup": null, "w": 36, "h": 23, "y": 233, "x": 369, "structure_id": "Tr_107"}, {"parent_TextBlock": "Tb_17", "text": "for", "parent_Field": null, "parent_Choice_Field": null, "parent_ChoiceGroup": null, "w": 31, "h": 23, "y": 233, "x": 406, "structure_id": "Tr_108"}, {"parent_TextBlock": "Tb_17", "text": "this", "parent_Field": null, "parent_Choice_Field": null, "parent_ChoiceGroup": null, "w": 37, "h": 23, "y": 233, "x": 439, "structure_id": "Tr_109"}, {"parent_TextBlock": "Tb_17", "text": "service", "parent_Field": null, "parent_Choice_Field": null, "parent_ChoiceGroup": null, "w": 68, "h": 23, "y": 233, "x": 478, "structure_id": "Tr_110"}, {"parent_TextBlock": "Tb_17", "text": "(private", "parent_Field": null, "parent_Choice_Field": null, "parent_ChoiceGroup": null, "w": 74, "h": 23, "y": 233, "x": 548, "structure_id": "Tr_111"}, {"parent_TextBlock": "Tb_17", "text": "providers", "parent_Field": null, "parent_Choice_Field": null, "parent_ChoiceGroup": null, "w": 89, "h": 23, "y": 233, "x": 624, "structure_id": "Tr_112"}, {"parent_TextBlock": "Tb_17", "text": "may,", "parent_Field": null, "parent_Choice_Field": null, "parent_ChoiceGroup": null, "w": 50, "h": 23, "y": 233, "x": 714, "structure_id": "Tr_113"}, {"parent_TextBlock": "Tb_17", "text": "however,", "parent_Field": null, "parent_Choice_Field": null, "parent_ChoiceGroup": null, "w": 88, "h": 23, "y": 233, "x": 765, "structure_id": "Tr_114"}, {"parent_TextBlock": "Tb_17", "text": "use", "parent_Field": null, "parent_Choice_Field": null, "parent_ChoiceGroup": null, "w": 35, "h": 23, "y": 233, "x": 854, "structure_id": "Tr_115"}, {"parent_TextBlock": "Tb_17", "text": "any", "parent_Field": null, "parent_Choice_Field": null, "parent_ChoiceGroup": null, "w": 37, "h": 23, "y": 233, "x": 891, "structure_id": "Tr_116"}, {"parent_TextBlock": "Tb_17", "text": "local", "parent_Field": null, "parent_Choice_Field": null, "parent_ChoiceGroup": null, "w": 48, "h": 23, "y": 233, "x": 930, "structure_id": "Tr_117"}, {"parent_TextBlock": "Tb_17", "text": "billing", "parent_Field": null, "parent_Choice_Field": null, "parent_ChoiceGroup": null, "w": 63, "h": 23, "y": 233, "x": 980, "structure_id": "Tr_118"}, {"parent_TextBlock": "Tb_17", "text": "form", "parent_Field": null, "parent_Choice_Field": null, "parent_ChoiceGroup": null, "w": 49, "h": 23, "y": 233, "x": 1045, "structure_id": "Tr_119"}, {"parent_TextBlock": "Tb_17", "text": "or", "parent_Field": null, "parent_Choice_Field": null, "parent_ChoiceGroup": null, "w": 24, "h": 23, "y": 233, "x": 1095, "structure_id": "Tr_120"}, {"parent_TextBlock": "Tb_17", "text": "UB", "parent_Field": null, "parent_Choice_Field": null, "parent_ChoiceGroup": null, "w": 37, "h": 23, "y": 233, "x": 1120, "structure_id": "Tr_121"}, {"parent_TextBlock": "Tb_17", "text": "(Uniform", "parent_Field": null, "parent_Choice_Field": null, "parent_ChoiceGroup": null, "w": 90, "h": 23, "y": 233, "x": 1158, "structure_id": "Tr_122"}, {"parent_TextBlock": "Tb_17", "text": "Billing)", "parent_Field": null, "parent_Choice_Field": null, "parent_ChoiceGroup": null, "w": 75, "h": 23, "y": 233, "x": 1249, "structure_id": "Tr_123"}, {"parent_TextBlock": "Tb_17", "text": "92.", "parent_Field": null, "parent_Choice_Field": null, "parent_ChoiceGroup": null, "w": 33, "h": 23, "y": 233, "x": 1325, "structure_id": "Tr_124"}, {"parent_TextBlock": "Tb_17", "text": "Submission", "parent_Field": null, "parent_Choice_Field": null, "parent_ChoiceGroup": null, "w": 109, "h": 23, "y": 233, "x": 1367, "structure_id": "Tr_125"}, {"parent_TextBlock": "Tb_17", "text": "of", "parent_Field": null, "parent_Choice_Field": null, "parent_ChoiceGroup": null, "w": 24, "h": 23, "y": 233, "x": 1477, "structure_id": "Tr_126"}, {"parent_TextBlock": "Tb_17", "text": "this", "parent_Field": null, "parent_Choice_Field": null, "parent_ChoiceGroup": null, "w": 37, "h": 23, "y": 233, "x": 1503, "structure_id": "Tr_127"}, {"parent_TextBlock": "Tb_17", "text": "form", "parent_Field": null, "parent_Choice_Field": null, "parent_ChoiceGroup": null, "w": 48, "h": 23, "y": 233, "x": 1542, "structure_id": "Tr_128"}, {"parent_TextBlock": "Tb_17", "text": "is", "parent_Field": null, "parent_Choice_Field": null, "parent_ChoiceGroup": null, "w": 20, "h": 23, "y": 233, "x": 1592, "structure_id": "Tr_129"}, {"parent_TextBlock": "Tb_17", "text": "voluntary and failure to respond will have no adverse effect on benefits to which the provider might otherwise be entitled.", "parent_Field": null, "parent_Choice_Field": null, "parent_ChoiceGroup": null, "w": 1089, "h": 22, "y": 256, "x": 60, "structure_id": "Tr_130"}, {"parent_TextBlock": "Tb_18", "text": "Instructions are written for a multi-part paper form.  Print additional copies as necessary.", "parent_Field": null, "parent_Choice_Field": null, "parent_ChoiceGroup": null, "w": 1082, "h": 27, "y": 67, "x": 50, "structure_id": "Tr_131"}, {"parent_TextBlock": "Tb_19", "text": "JUNE 2007 (R)", "parent_Field": null, "parent_Choice_Field": null, "parent_ChoiceGroup": null, "w": 151, "h": 22, "y": 2154, "x": 54, "structure_id": "Tr_132"}, {"parent_TextBlock": "Tb_20", "text": "OMB NUMBER: 2900-0080", "parent_Field": null, "parent_Choice_Field": null, "parent_ChoiceGroup": null, "w": 244, "h": 19, "y": 44, "x": 1316, "structure_id": "Tr_133"}, {"parent_TextBlock": "Tb_20", "text": "Estimated Burden: 2 minutes", "parent_Field": null, "parent_Choice_Field": null, "parent_ChoiceGroup": null, "w": 250, "h": 20, "y": 60, "x": 1316, "structure_id": "Tr_134"}, {"parent_TextBlock": "Tb_21", "text": "SCHEDULE NUMBER", "parent_Field": "Fi_6", "parent_Choice_Field": null, "parent_ChoiceGroup": null, "w": 168, "h": 17, "y": 104, "x": 1300, "structure_id": "Tr_135"}, {"parent_TextBlock": "Tb_22", "text": "AUTHORITY AND INVOICE FOR TRAVEL", "parent_Field": null, "parent_Choice_Field": null, "parent_ChoiceGroup": null, "w": 599, "h": 31, "y": 106, "x": 655, "structure_id": "Tr_136"}, {"parent_TextBlock": "Tb_22", "text": "BY AMBULANCE OR OTHER HIRED VEHICLE", "parent_Field": null, "parent_Choice_Field": null, "parent_ChoiceGroup": null, "w": 662, "h": 31, "y": 136, "x": 619, "structure_id": "Tr_137"}, {"parent_TextBlock": "Tb_23", "text": "10-2511", "parent_Field": null, "parent_Choice_Field": null, "parent_ChoiceGroup": null, "w": 122, "h": 33, "y": 2125, "x": 200, "structure_id": "Tr_138"}, {"parent_TextBlock": "Tb_24", "text": "VA", "parent_Field": null, "parent_Choice_Field": null, "parent_ChoiceGroup": null, "w": 31, "h": 22, "y": 2121, "x": 50, "structure_id": "Tr_139"}, {"parent_TextBlock": "Tb_24", "text": "FORM", "parent_Field": null, "parent_Choice_Field": null, "parent_ChoiceGroup": null, "w": 71, "h": 22, "y": 2121, "x": 81, "structure_id": "Tr_140"}, {"parent_TextBlock": "Tb_25", "text": "Page 1 of 2", "parent_Field": null, "parent_Choice_Field": null, "parent_ChoiceGroup": null, "w": 143, "h": 28, "y": 2141, "x": 1378, "structure_id": "Tr_141"}, {"parent_TextBlock": "Tb_26", "text": "PART I - AUTHORIZATION FOR SERVICE", "parent_Field": null, "parent_Choice_Field": null, "parent_ChoiceGroup": null, "w": 487, "h": 25, "y": 354, "x": 590, "structure_id": "Tr_142"}, {"parent_TextBlock": "Tb_27", "text": "2. SOCIAL SECURITY NUMBER", "parent_Field": "Fi_7", "parent_Choice_Field": null, "parent_ChoiceGroup": null, "w": 287, "h": 19, "y": 388, "x": 1285, "structure_id": "Tr_143"}, {"parent_TextBlock": "Tb_28", "text": "NAME AND ADDRESS OF BENEFICIARY OR COMPANY TO WHOM AUTHORIZATION IS ISSUED", "parent_Field": "Fi_8", "parent_Choice_Field": null, "parent_ChoiceGroup": null, "w": 881, "h": 19, "y": 458, "x": 52, "structure_id": "Tr_144"}, {"parent_TextBlock": "Tb_28", "text": "(See reverse for instructions)", "parent_Field": "Fi_8", "parent_Choice_Field": null, "parent_ChoiceGroup": null, "w": 255, "h": 20, "y": 482, "x": 52, "structure_id": "Tr_145"}, {"parent_TextBlock": "Tb_29", "text": "5. RATES AUTHORIZED", "parent_Field": "Fi_9", "parent_Choice_Field": null, "parent_ChoiceGroup": null, "w": 218, "h": 20, "y": 824, "x": 52, "structure_id": "Tr_146"}, {"parent_TextBlock": "Tb_30", "text": "6. CONTRACT NUMBER AND DATE (If applicable)", "parent_Field": "Fi_10", "parent_Choice_Field": null, "parent_ChoiceGroup": null, "w": 445, "h": 19, "y": 821, "x": 427, "structure_id": "Tr_147"}, {"parent_TextBlock": "Tb_31", "text": "3. DATE AND HOUR AUTHORIZED TO REPORT", "parent_Field": "Fi_11", "parent_Choice_Field": null, "parent_ChoiceGroup": null, "w": 433, "h": 19, "y": 454, "x": 1060, "structure_id": "Tr_148"}, {"parent_TextBlock": "Tb_31", "text": "(mm/dd/yyyy)", "parent_Field": "Fi_11", "parent_Choice_Field": null, "parent_ChoiceGroup": null, "w": 106, "h": 19, "y": 454, "x": 1498, "structure_id": "Tr_149"}, {"parent_TextBlock": "Tb_32", "text": "4A. FROM", "parent_Field": "Fi_12", "parent_Choice_Field": null, "parent_ChoiceGroup": null, "w": 92, "h": 19, "y": 606, "x": 1052, "structure_id": "Tr_150"}, {"parent_TextBlock": "Tb_33", "text": "4B. TO", "parent_Field": "Fi_13", "parent_Choice_Field": null, "parent_ChoiceGroup": null, "w": 62, "h": 20, "y": 689, "x": 1052, "structure_id": "Tr_151"}, {"parent_TextBlock": "Tb_34", "text": "11. ESTIMATED COST OF TRAVEL", "parent_Field": "Fi_14", "parent_Choice_Field": null, "parent_ChoiceGroup": null, "w": 317, "h": 19, "y": 923, "x": 1285, "structure_id": "Tr_152"}, {"parent_TextBlock": "Tb_35", "text": "1. NAME AND ADDRESS OF BENEFICIARY (If authorization is issued to ambulance company or hired car owner)", "parent_Field": "Fi_15", "parent_Choice_Field": null, "parent_ChoiceGroup": null, "w": 987, "h": 20, "y": 389, "x": 52, "structure_id": "Tr_153"}, {"parent_TextBlock": "Tb_36", "text": "7. CONFIRMS PRIOR AUTHORIZATION (If applicable) DATED -", "parent_Field": "Fi_16", "parent_Choice_Field": null, "parent_ChoiceGroup": null, "w": 562, "h": 19, "y": 821, "x": 960, "structure_id": "Tr_154"}, {"parent_TextBlock": "Tb_37", "text": "8. NAME AND ADDRESS OF ISSUING OFFICE", "parent_Field": "Fi_17", "parent_Choice_Field": null, "parent_ChoiceGroup": null, "w": 418, "h": 20, "y": 921, "x": 52, "structure_id": "Tr_155"}, {"parent_TextBlock": "Tb_38", "text": "9. AUTHORITY", "parent_Field": "Fi_18", "parent_Choice_Field": null, "parent_ChoiceGroup": null, "w": 134, "h": 20, "y": 921, "x": 702, "structure_id": "Tr_156"}, {"parent_TextBlock": "Tb_39", "text": "10. FISCAL SYMBOLS", "parent_Field": "Fi_19", "parent_Choice_Field": null, "parent_ChoiceGroup": null, "w": 200, "h": 20, "y": 921, "x": 952, "structure_id": "Tr_157"}, {"parent_TextBlock": "Tb_40", "text": "12. SIGNATURE AND TITLE OF AUTHORIZING OFFICIAL", "parent_Field": "Fi_20", "parent_Choice_Field": null, "parent_ChoiceGroup": null, "w": 515, "h": 19, "y": 1004, "x": 60, "structure_id": "Tr_158"}, {"parent_TextBlock": "Tb_41", "text": "13. DATE", "parent_Field": "Fi_21", "parent_Choice_Field": null, "parent_ChoiceGroup": null, "w": 85, "h": 19, "y": 1006, "x": 1335, "structure_id": "Tr_159"}, {"parent_TextBlock": "Tb_41", "text": "(mm/dd/yyyy)", "parent_Field": "Fi_21", "parent_Choice_Field": null, "parent_ChoiceGroup": null, "w": 111, "h": 19, "y": 1006, "x": 1425, "structure_id": "Tr_160"}, {"parent_TextBlock": "Tb_42", "text": "4. TRANSPORTATION IS AUTHORIZED BY", "parent_Field": null, "parent_Choice_Field": null, "parent_ChoiceGroup": "Chgp_4", "w": 388, "h": 20, "y": 537, "x": 1060, "structure_id": "Tr_161"}, {"parent_TextBlock": "Tb_43", "text": "AMBULANCE", "parent_Field": null, "parent_Choice_Field": "Chf_7", "parent_ChoiceGroup": "Chgp_4", "w": 121, "h": 19, "y": 573, "x": 1086, "structure_id": "Tr_162"}, {"parent_TextBlock": "Tb_44", "text": "OTHER HIRED VEHICLE", "parent_Field": null, "parent_Choice_Field": "Chf_8", "parent_ChoiceGroup": "Chgp_4", "w": 222, "h": 19, "y": 573, "x": 1353, "structure_id": "Tr_163"}, {"parent_TextBlock": "Tb_45", "text": "AND RETURN", "parent_Field": null, "parent_Choice_Field": null, "parent_ChoiceGroup": "Chgp_5", "w": 127, "h": 19, "y": 771, "x": 1060, "structure_id": "Tr_164"}, {"parent_TextBlock": "Tb_46", "text": "YES", "parent_Field": null, "parent_Choice_Field": "Chf_9", "parent_ChoiceGroup": "Chgp_5", "w": 39, "h": 19, "y": 782, "x": 1319, "structure_id": "Tr_165"}, {"parent_TextBlock": "Tb_47", "text": "NO", "parent_Field": null, "parent_Choice_Field": "Chf_10", "parent_ChoiceGroup": "Chgp_5", "w": 30, "h": 19, "y": 782, "x": 1419, "structure_id": "Tr_166"}, {"parent_TextBlock": "Tb_48", "text": "PART III - STATEMENT BY VA OFFICIAL OR DESIGNEE", "parent_Field": null, "parent_Choice_Field": null, "parent_ChoiceGroup": null, "w": 657, "h": 25, "y": 1487, "x": 505, "structure_id": "Tr_167"}, {"parent_TextBlock": "Tb_49", "text": "I CERTIFY THAT the service, as specified above, has been accomplished and is approved in accordance with authority issued therefore, or as otherwise shown in statement in", "parent_Field": null, "parent_Choice_Field": null, "parent_ChoiceGroup": null, "w": 1565, "h": 22, "y": 1527, "x": 50, "structure_id": "Tr_168"}, {"parent_TextBlock": "Tb_49", "text": "remarks below, which is made a part hereof.", "parent_Field": null, "parent_Choice_Field": null, "parent_ChoiceGroup": null, "w": 394, "h": 22, "y": 1552, "x": 50, "structure_id": "Tr_169"}, {"parent_TextBlock": "Tb_50", "text": "20. SIGNATURE AND TITLE OF VA OFFICIAL", "parent_Field": "Fi_22", "parent_Choice_Field": null, "parent_ChoiceGroup": null, "w": 407, "h": 19, "y": 1593, "x": 52, "structure_id": "Tr_170"}, {"parent_TextBlock": "Tb_51", "text": "21. DATE", "parent_Field": "Fi_23", "parent_Choice_Field": null, "parent_ChoiceGroup": null, "w": 85, "h": 20, "y": 1590, "x": 1335, "structure_id": "Tr_171"}, {"parent_TextBlock": "Tb_51", "text": "(mm/dd/yyyy)", "parent_Field": "Fi_23", "parent_Choice_Field": null, "parent_ChoiceGroup": null, "w": 111, "h": 20, "y": 1590, "x": 1425, "structure_id": "Tr_172"}, {"parent_TextBlock": "Tb_52", "text": "PART IV - AUDIT BLOCK (For Finance use only)", "parent_Field": null, "parent_Choice_Field": null, "parent_ChoiceGroup": null, "w": 567, "h": 25, "y": 1671, "x": 550, "structure_id": "Tr_173"}, {"parent_TextBlock": "Tb_53", "text": "22. AMOUNT DUE", "parent_Field": "Fi_24", "parent_Choice_Field": null, "parent_ChoiceGroup": null, "w": 163, "h": 19, "y": 1708, "x": 52, "structure_id": "Tr_174"}, {"parent_TextBlock": "Tb_54", "text": "23. DATE", "parent_Field": "Fi_25", "parent_Choice_Field": null, "parent_ChoiceGroup": null, "w": 84, "h": 20, "y": 1708, "x": 519, "structure_id": "Tr_175"}, {"parent_TextBlock": "Tb_54", "text": "(mm/dd/yyyy)", "parent_Field": "Fi_25", "parent_Choice_Field": null, "parent_ChoiceGroup": null, "w": 111, "h": 20, "y": 1708, "x": 608, "structure_id": "Tr_176"}, {"parent_TextBlock": "Tb_55", "text": "24. VOUCHER AUDITOR", "parent_Field": "Fi_26", "parent_Choice_Field": null, "parent_ChoiceGroup": null, "w": 223, "h": 19, "y": 1710, "x": 952, "structure_id": "Tr_177"}, {"parent_TextBlock": "Tb_56", "text": "25. REMARKS", "parent_Field": "Fi_27", "parent_Choice_Field": null, "parent_ChoiceGroup": null, "w": 129, "h": 20, "y": 1790, "x": 52, "structure_id": "Tr_178"}, {"parent_TextBlock": "Tb_57", "text": "PART V - ACCOUNTING BLOCK", "parent_Field": null, "parent_Choice_Field": null, "parent_ChoiceGroup": null, "w": 379, "h": 25, "y": 1954, "x": 644, "structure_id": "Tr_179"}, {"parent_TextBlock": "Tb_58", "text": "31. DATE & INITIALS", "parent_Field": "Fi_28", "parent_Choice_Field": null, "parent_ChoiceGroup": null, "w": 187, "h": 20, "y": 1987, "x": 1360, "structure_id": "Tr_180"}, {"parent_TextBlock": "Tb_59", "text": "27. TC&S/C", "parent_Field": "Fi_29", "parent_Choice_Field": null, "parent_ChoiceGroup": null, "w": 103, "h": 20, "y": 1989, "x": 269, "structure_id": "Tr_181"}, {"parent_TextBlock": "Tb_60", "text": "30A.", "parent_Field": "Fi_30", "parent_Choice_Field": null, "parent_ChoiceGroup": null, "w": 40, "h": 20, "y": 1987, "x": 793, "structure_id": "Tr_182"}, {"parent_TextBlock": "Tb_61", "text": "1ST S/A", "parent_Field": "Fi_30", "parent_Choice_Field": null, "parent_ChoiceGroup": null, "w": 73, "h": 19, "y": 2021, "x": 793, "structure_id": "Tr_183"}, {"parent_TextBlock": "Tb_62", "text": "", "parent_Field": "Fi_30", "parent_Choice_Field": null, "parent_ChoiceGroup": null, "w": 21, "h": 36, "y": 1997.03125, "x": 1087.0078125, "structure_id": "Tr_184"}, {"parent_TextBlock": "Tb_63", "text": "26. ION/PAT. NO.", "parent_Field": "Fi_31", "parent_Choice_Field": null, "parent_ChoiceGroup": null, "w": 156, "h": 20, "y": 1989, "x": 52, "structure_id": "Tr_185"}, {"parent_TextBlock": "Tb_64", "text": "28. CPF", "parent_Field": "Fi_32", "parent_Choice_Field": null, "parent_ChoiceGroup": null, "w": 72, "h": 20, "y": 1989, "x": 435, "structure_id": "Tr_186"}, {"parent_TextBlock": "Tb_65", "text": "29. LlQ. AMT.", "parent_Field": "Fi_33", "parent_Choice_Field": null, "parent_ChoiceGroup": null, "w": 120, "h": 20, "y": 1989, "x": 619, "structure_id": "Tr_187"}, {"parent_TextBlock": "Tb_66", "text": "30B.", "parent_Field": "Fi_34", "parent_Choice_Field": null, "parent_ChoiceGroup": null, "w": 40, "h": 19, "y": 2054, "x": 793, "structure_id": "Tr_188"}, {"parent_TextBlock": "Tb_67", "text": "2ND S/A", "parent_Field": "Fi_34", "parent_Choice_Field": null, "parent_ChoiceGroup": null, "w": 76, "h": 20, "y": 2087, "x": 793, "structure_id": "Tr_189"}, {"parent_TextBlock": "Tb_68", "text": "", "parent_Field": "Fi_34", "parent_Choice_Field": null, "parent_ChoiceGroup": null, "w": 21, "h": 43, "y": 2056.03125, "x": 1087.0078125, "structure_id": "Tr_190"}], "ChoiceGroup": [{"y": 1112.0312357953537, "x": 47.00780330878138, "structure_id": "Chgp_1", "w": 565, "h": 85}, {"y": 1163.03125, "x": 1049.0078125, "structure_id": "Chgp_2", "w": 561, "h": 35}, {"y": 1379.03125, "x": 50.0078125, "structure_id": "Chgp_3", "w": 1068, "h": 99}, {"y": 530.03125, "x": 1049.0078125, "structure_id": "Chgp_4", "w": 569, "h": 68}, {"y": 769.03125, "x": 1049.0078125, "structure_id": "Chgp_5", "w": 561, "h": 46}]}