{"Widget": [{"parent_Field": "Fi_1", "parent_Choice_Field": null, "parent_ChoiceGroup": null, "w": 1497.5921259842519, "h": 1740.1251968503939, "y": 342.2913385826772, "x": 107.64409448818898, "structure_id": "Wi_1"}], "TextBlock": [{"parent_Field": "Fi_1", "parent_Choice_Field": null, "parent_ChoiceGroup": null, "w": 1441, "h": 140, "y": 197, "x": 96, "structure_id": "Tb_1"}, {"parent_Field": null, "parent_Choice_Field": null, "parent_ChoiceGroup": null, "w": 1150, "h": 30, "y": 130, "x": 282, "structure_id": "Tb_2"}, {"parent_Field": null, "parent_Choice_Field": null, "parent_ChoiceGroup": null, "w": 285, "h": 20, "y": 2104, "x": 95, "structure_id": "Tb_3"}, {"parent_Field": null, "parent_Choice_Field": null, "parent_ChoiceGroup": null, "w": 81, "h": 22, "y": 2114, "x": 1540, "structure_id": "Tb_4"}], "Choice_Field": [], "Field": [{"y": 197, "x": 96, "structure_id": "Fi_1", "w": 1509.236220472441, "h": 1885.4165354330712}], "TextRun": [{"parent_TextBlock": "Tb_1", "text": "(6)  Explain what uniquely positions the technology grant applicant in the marketplace.", "parent_Field": "Fi_1", "parent_Choice_Field": null, "parent_ChoiceGroup": null, "w": 957, "h": 25, "y": 197, "x": 96, "structure_id": "Tr_1"}, {"parent_TextBlock": "Tb_1", "text": "(Note - This can include a focus on the characteristics such as the economic reliability of the technology grant applicant, the", "parent_Field": "Fi_1", "parent_Choice_Field": null, "parent_ChoiceGroup": null, "w": 1413, "h": 25, "y": 226, "x": 96, "structure_id": "Tr_2"}, {"parent_TextBlock": "Tb_1", "text": "technology grant applicant's status as a minority or veteran-owned business, or other characteristics that the technology grant", "parent_Field": "Fi_1", "parent_Choice_Field": null, "parent_ChoiceGroup": null, "w": 1436, "h": 25, "y": 255, "x": 96, "structure_id": "Tr_3"}, {"parent_TextBlock": "Tb_1", "text": "applicant wants to include to show how it will help protect the interests of, or further the mission of the Department of Veterans", "parent_Field": "Fi_1", "parent_Choice_Field": null, "parent_ChoiceGroup": null, "w": 1441, "h": 25, "y": 284, "x": 96, "structure_id": "Tr_4"}, {"parent_TextBlock": "Tb_1", "text": "Affairs (VA)):", "parent_Field": "Fi_1", "parent_Choice_Field": null, "parent_ChoiceGroup": null, "w": 185, "h": 25, "y": 312, "x": 96, "structure_id": "Tr_5"}, {"parent_TextBlock": "Tb_2", "text": "SCORING CRITERIA FOR SAH ASSISTIVE TECHNOLOGY GRANTS", "parent_Field": null, "parent_Choice_Field": null, "parent_ChoiceGroup": null, "w": 979, "h": 30, "y": 130, "x": 282, "structure_id": "Tr_6"}, {"parent_TextBlock": "Tb_2", "text": "(Continued)", "parent_Field": null, "parent_Choice_Field": null, "parent_ChoiceGroup": null, "w": 171, "h": 30, "y": 130, "x": 1261, "structure_id": "Tr_7"}, {"parent_TextBlock": "Tb_3", "text": "VA", "parent_Field": null, "parent_Choice_Field": null, "parent_ChoiceGroup": null, "w": 28, "h": 20, "y": 2104, "x": 95, "structure_id": "Tr_8"}, {"parent_TextBlock": "Tb_3", "text": "FORM 26-0967a, DEC 2015", "parent_Field": null, "parent_Choice_Field": null, "parent_ChoiceGroup": null, "w": 257, "h": 20, "y": 2104, "x": 123, "structure_id": "Tr_9"}, {"parent_TextBlock": "Tb_4", "text": "PAGE 6", "parent_Field": null, "parent_Choice_Field": null, "parent_ChoiceGroup": null, "w": 81, "h": 22, "y": 2114, "x": 1540, "structure_id": "Tr_10"}], "ChoiceGroup": []}