{"Widget": [{"parent_Field": "Fi_1", "parent_Choice_Field": null, "parent_ChoiceGroup": null, "w": 450, "h": 33.33070866141732, "y": 733.3307086614174, "x": 1150, "structure_id": "Wi_1"}, {"parent_Field": "Fi_2", "parent_Choice_Field": null, "parent_ChoiceGroup": null, "w": 483.33070866141736, "h": 33.33070866141732, "y": 733.3307086614174, "x": 100, "structure_id": "Wi_2"}, {"parent_Field": "Fi_3", "parent_Choice_Field": null, "parent_ChoiceGroup": null, "w": 183.33070866141733, "h": 33.338582677165356, "y": 1449.992125984252, "x": 1333.3385826771655, "structure_id": "Wi_3"}, {"parent_Field": "Fi_4", "parent_Choice_Field": null, "parent_ChoiceGroup": null, "w": 200, "h": 33.33070866141732, "y": 933.3307086614174, "x": 1133.3307086614172, "structure_id": "Wi_4"}, {"parent_Field": "Fi_5", "parent_Choice_Field": null, "parent_ChoiceGroup": null, "w": 683.3307086614174, "h": 63.89133858267717, "y": 799.992125984252, "x": 100, "structure_id": "Wi_5"}, {"parent_Field": "Fi_6", "parent_Choice_Field": null, "parent_ChoiceGroup": null, "w": 466.66141732283467, "h": 33.33070866141732, "y": 733.3307086614174, "x": 616.6692913385826, "structure_id": "Wi_6"}, {"parent_Field": "Fi_7", "parent_Choice_Field": null, "parent_ChoiceGroup": null, "w": 1000, "h": 63.89133858267717, "y": 899.992125984252, "x": 100, "structure_id": "Wi_7"}, {"parent_Field": "Fi_8", "parent_Choice_Field": null, "parent_ChoiceGroup": null, "w": 783.3307086614174, "h": 63.89133858267717, "y": 799.992125984252, "x": 816.6692913385828, "structure_id": "Wi_8"}, {"parent_Field": "Fi_9", "parent_Choice_Field": null, "parent_ChoiceGroup": null, "w": 650, "h": 33.33070866141732, "y": 1449.992125984252, "x": 100, "structure_id": "Wi_9"}, {"parent_Field": "Fi_10", "parent_Choice_Field": null, "parent_ChoiceGroup": null, "w": 516.6614173228346, "h": 33.33070866141732, "y": 1449.992125984252, "x": 783.3385826771654, "structure_id": "Wi_10"}, {"parent_Field": "Fi_11", "parent_Choice_Field": null, "parent_ChoiceGroup": null, "w": 500, "h": 263, "y": 386.03125, "x": 1072, "structure_id": "Wi_11"}, {"parent_Field": null, "parent_Choice_Field": null, "parent_ChoiceGroup": null, "w": 166.66141732283467, "h": 33.33070866141732, "y": 1333.3307086614175, "x": 1266.6692913385828, "structure_id": "Wi_12"}, {"parent_Field": null, "parent_Choice_Field": null, "parent_ChoiceGroup": null, "w": 166.66141732283467, "h": 33.33070866141732, "y": 1333.3307086614175, "x": 1066.6692913385828, "structure_id": "Wi_13"}, {"parent_Field": null, "parent_Choice_Field": null, "parent_ChoiceGroup": null, "w": 272.21968503937006, "h": 63.89133858267717, "y": 1299.992125984252, "x": 222.2251968503937, "structure_id": "Wi_14"}, {"parent_Field": null, "parent_Choice_Field": null, "parent_ChoiceGroup": null, "w": 133.33070866141733, "h": 33.33070866141732, "y": 1333.3307086614175, "x": 1466.6692913385828, "structure_id": "Wi_15"}, {"parent_Field": null, "parent_Choice_Field": null, "parent_ChoiceGroup": null, "w": 216.66141732283464, "h": 33.33070866141732, "y": 1333.3307086614175, "x": 816.6692913385828, "structure_id": "Wi_16"}, {"parent_Field": null, "parent_Choice_Field": null, "parent_ChoiceGroup": null, "w": 288.88897637795276, "h": 63.89133858267717, "y": 1299.992125984252, "x": 505.55590551181103, "structure_id": "Wi_17"}, {"parent_Field": null, "parent_Choice_Field": null, "parent_ChoiceGroup": null, "w": 122.2275590551181, "h": 63.89133858267717, "y": 1299.992125984252, "x": 88.88582677165354, "structure_id": "Wi_18"}, {"parent_Field": null, "parent_Choice_Field": null, "parent_ChoiceGroup": null, "w": 122.2275590551181, "h": 63.89133858267717, "y": 1233.3307086614172, "x": 88.88582677165354, "structure_id": "Wi_19"}, {"parent_Field": null, "parent_Choice_Field": null, "parent_ChoiceGroup": null, "w": 272.21968503937006, "h": 63.89133858267717, "y": 1233.3307086614172, "x": 222.2251968503937, "structure_id": "Wi_20"}, {"parent_Field": null, "parent_Choice_Field": null, "parent_ChoiceGroup": null, "w": 288.88897637795276, "h": 63.89133858267717, "y": 1233.3307086614172, "x": 505.55590551181103, "structure_id": "Wi_21"}, {"parent_Field": null, "parent_Choice_Field": null, "parent_ChoiceGroup": null, "w": 216.66141732283464, "h": 33.33070866141732, "y": 1266.6614173228347, "x": 816.6692913385828, "structure_id": "Wi_22"}, {"parent_Field": null, "parent_Choice_Field": null, "parent_ChoiceGroup": null, "w": 166.66141732283467, "h": 33.33070866141732, "y": 1266.6614173228347, "x": 1066.6692913385828, "structure_id": "Wi_23"}, {"parent_Field": null, "parent_Choice_Field": null, "parent_ChoiceGroup": null, "w": 166.66141732283467, "h": 33.33070866141732, "y": 1266.6614173228347, "x": 1266.6692913385828, "structure_id": "Wi_24"}, {"parent_Field": null, "parent_Choice_Field": null, "parent_ChoiceGroup": null, "w": 133.33070866141733, "h": 33.33070866141732, "y": 1266.6614173228347, "x": 1466.6692913385828, "structure_id": "Wi_25"}, {"parent_Field": null, "parent_Choice_Field": null, "parent_ChoiceGroup": null, "w": 122.2275590551181, "h": 63.89133858267717, "y": 1166.6614173228347, "x": 88.88582677165354, "structure_id": "Wi_26"}, {"parent_Field": null, "parent_Choice_Field": null, "parent_ChoiceGroup": null, "w": 272.21968503937006, "h": 63.89133858267717, "y": 1166.6614173228347, "x": 222.2251968503937, "structure_id": "Wi_27"}, {"parent_Field": null, "parent_Choice_Field": null, "parent_ChoiceGroup": null, "w": 288.88897637795276, "h": 63.89133858267717, "y": 1166.6614173228347, "x": 505.55590551181103, "structure_id": "Wi_28"}, {"parent_Field": null, "parent_Choice_Field": null, "parent_ChoiceGroup": null, "w": 216.66141732283464, "h": 33.33070866141732, "y": 1199.992125984252, "x": 816.6692913385828, "structure_id": "Wi_29"}, {"parent_Field": null, "parent_Choice_Field": null, "parent_ChoiceGroup": null, "w": 166.66141732283467, "h": 33.33070866141732, "y": 1199.992125984252, "x": 1066.6692913385828, "structure_id": "Wi_30"}, {"parent_Field": null, "parent_Choice_Field": null, "parent_ChoiceGroup": null, "w": 166.66141732283467, "h": 33.33070866141732, "y": 1199.992125984252, "x": 1266.6692913385828, "structure_id": "Wi_31"}, {"parent_Field": null, "parent_Choice_Field": null, "parent_ChoiceGroup": null, "w": 133.33070866141733, "h": 33.33070866141732, "y": 1199.992125984252, "x": 1466.6692913385828, "structure_id": "Wi_32"}, {"parent_Field": null, "parent_Choice_Field": null, "parent_ChoiceGroup": null, "w": 122.2275590551181, "h": 63.89133858267717, "y": 1099.992125984252, "x": 88.88582677165354, "structure_id": "Wi_33"}, {"parent_Field": null, "parent_Choice_Field": null, "parent_ChoiceGroup": null, "w": 272.21968503937006, "h": 63.89133858267717, "y": 1099.992125984252, "x": 222.2251968503937, "structure_id": "Wi_34"}, {"parent_Field": null, "parent_Choice_Field": null, "parent_ChoiceGroup": null, "w": 288.88897637795276, "h": 63.89133858267717, "y": 1099.992125984252, "x": 505.55590551181103, "structure_id": "Wi_35"}, {"parent_Field": null, "parent_Choice_Field": null, "parent_ChoiceGroup": null, "w": 216.66141732283464, "h": 33.33070866141732, "y": 1133.3307086614172, "x": 816.6692913385828, "structure_id": "Wi_36"}, {"parent_Field": null, "parent_Choice_Field": null, "parent_ChoiceGroup": null, "w": 166.66141732283467, "h": 33.33070866141732, "y": 1133.3307086614172, "x": 1066.6692913385828, "structure_id": "Wi_37"}, {"parent_Field": null, "parent_Choice_Field": null, "parent_ChoiceGroup": null, "w": 166.66141732283467, "h": 33.33070866141732, "y": 1133.3307086614172, "x": 1266.6692913385828, "structure_id": "Wi_38"}, {"parent_Field": null, "parent_Choice_Field": null, "parent_ChoiceGroup": null, "w": 133.33070866141733, "h": 33.33070866141732, "y": 1133.3307086614172, "x": 1466.6692913385828, "structure_id": "Wi_39"}, {"parent_Field": "Fi_12", "parent_Choice_Field": null, "parent_ChoiceGroup": null, "w": 1033.3307086614175, "h": 33.33070866141732, "y": 2049.992125984252, "x": 100, "structure_id": "Wi_40"}, {"parent_Field": "Fi_13", "parent_Choice_Field": null, "parent_ChoiceGroup": null, "w": 183.59212598425196, "h": 33.338582677165356, "y": 2049.992125984252, "x": 1166.4078740157481, "structure_id": "Wi_41"}], "TextBlock": [{"parent_Field": null, "parent_Choice_Field": null, "parent_ChoiceGroup": null, "w": 247, "h": 59, "y": 64, "x": 1367, "structure_id": "Tb_1"}, {"parent_Field": null, "parent_Choice_Field": null, "parent_ChoiceGroup": null, "w": 249, "h": 25, "y": 2112, "x": 1368, "structure_id": "Tb_2"}, {"parent_Field": null, "parent_Choice_Field": null, "parent_ChoiceGroup": null, "w": 163, "h": 34, "y": 2108, "x": 200, "structure_id": "Tb_3"}, {"parent_Field": null, "parent_Choice_Field": null, "parent_ChoiceGroup": null, "w": 428, "h": 42, "y": 2104, "x": 567, "structure_id": "Tb_4"}, {"parent_Field": null, "parent_Choice_Field": null, "parent_ChoiceGroup": null, "w": 1110, "h": 25, "y": 273, "x": 100, "structure_id": "Tb_5"}, {"parent_Field": null, "parent_Choice_Field": null, "parent_ChoiceGroup": null, "w": 1040, "h": 28, "y": 304, "x": 330, "structure_id": "Tb_6"}, {"parent_Field": null, "parent_Choice_Field": null, "parent_ChoiceGroup": null, "w": 1395, "h": 22, "y": 1372, "x": 100, "structure_id": "Tb_7"}, {"parent_Field": "Fi_1", "parent_Choice_Field": null, "parent_ChoiceGroup": null, "w": 183, "h": 19, "y": 707, "x": 1117, "structure_id": "Tb_8"}, {"parent_Field": "Fi_1", "parent_Choice_Field": null, "parent_ChoiceGroup": null, "w": 23, "h": 22, "y": 739, "x": 1117, "structure_id": "Tb_9"}, {"parent_Field": "Fi_2", "parent_Choice_Field": null, "parent_ChoiceGroup": null, "w": 399, "h": 22, "y": 706, "x": 100, "structure_id": "Tb_10"}, {"parent_Field": null, "parent_Choice_Field": null, "parent_ChoiceGroup": null, "w": 302, "h": 22, "y": 972, "x": 699, "structure_id": "Tb_11"}, {"parent_Field": "Fi_3", "parent_Choice_Field": null, "parent_ChoiceGroup": null, "w": 168, "h": 19, "y": 1407, "x": 1333, "structure_id": "Tb_12"}, {"parent_Field": "Fi_4", "parent_Choice_Field": null, "parent_ChoiceGroup": null, "w": 398, "h": 46, "y": 877, "x": 1133, "structure_id": "Tb_13"}, {"parent_Field": "Fi_5", "parent_Choice_Field": null, "parent_ChoiceGroup": null, "w": 358, "h": 19, "y": 774, "x": 100, "structure_id": "Tb_14"}, {"parent_Field": "Fi_6", "parent_Choice_Field": null, "parent_ChoiceGroup": null, "w": 423, "h": 22, "y": 706, "x": 617, "structure_id": "Tb_15"}, {"parent_Field": "Fi_7", "parent_Choice_Field": null, "parent_ChoiceGroup": null, "w": 993, "h": 22, "y": 872, "x": 100, "structure_id": "Tb_16"}, {"parent_Field": "Fi_8", "parent_Choice_Field": null, "parent_ChoiceGroup": null, "w": 395, "h": 19, "y": 774, "x": 817, "structure_id": "Tb_17"}, {"parent_Field": "Fi_9", "parent_Choice_Field": null, "parent_ChoiceGroup": null, "w": 631, "h": 19, "y": 1407, "x": 100, "structure_id": "Tb_18"}, {"parent_Field": "Fi_10", "parent_Choice_Field": null, "parent_ChoiceGroup": null, "w": 336, "h": 19, "y": 1407, "x": 783, "structure_id": "Tb_19"}, {"parent_Field": null, "parent_Choice_Field": null, "parent_ChoiceGroup": null, "w": 933, "h": 184, "y": 344, "x": 100, "structure_id": "Tb_20"}, {"parent_Field": null, "parent_Choice_Field": null, "parent_ChoiceGroup": null, "w": 933, "h": 164, "y": 532, "x": 100, "structure_id": "Tb_21"}, {"parent_Field": "Fi_11", "parent_Choice_Field": null, "parent_ChoiceGroup": null, "w": 437, "h": 20, "y": 340, "x": 1115, "structure_id": "Tb_22"}, {"parent_Field": null, "parent_Choice_Field": null, "parent_ChoiceGroup": null, "w": 90, "h": 43, "y": 1045, "x": 1108, "structure_id": "Tb_23"}, {"parent_Field": null, "parent_Choice_Field": null, "parent_ChoiceGroup": null, "w": 57, "h": 43, "y": 1045, "x": 1324, "structure_id": "Tb_24"}, {"parent_Field": null, "parent_Choice_Field": null, "parent_ChoiceGroup": null, "w": 298, "h": 19, "y": 1007, "x": 1101, "structure_id": "Tb_25"}, {"parent_Field": null, "parent_Choice_Field": null, "parent_ChoiceGroup": null, "w": 221, "h": 66, "y": 1017, "x": 542, "structure_id": "Tb_26"}, {"parent_Field": null, "parent_Choice_Field": null, "parent_ChoiceGroup": null, "w": 220, "h": 70, "y": 1015, "x": 815, "structure_id": "Tb_27"}, {"parent_Field": null, "parent_Choice_Field": null, "parent_ChoiceGroup": null, "w": 101, "h": 66, "y": 1017, "x": 102, "structure_id": "Tb_28"}, {"parent_Field": null, "parent_Choice_Field": null, "parent_ChoiceGroup": null, "w": 265, "h": 70, "y": 1015, "x": 228, "structure_id": "Tb_29"}, {"parent_Field": null, "parent_Choice_Field": null, "parent_ChoiceGroup": null, "w": 158, "h": 66, "y": 1017, "x": 1457, "structure_id": "Tb_30"}, {"parent_Field": null, "parent_Choice_Field": null, "parent_ChoiceGroup": null, "w": 914, "h": 28, "y": 1487, "x": 393, "structure_id": "Tb_31"}, {"parent_Field": null, "parent_Choice_Field": null, "parent_ChoiceGroup": null, "w": 1452, "h": 55, "y": 1522, "x": 100, "structure_id": "Tb_32"}, {"parent_Field": "Fi_12", "parent_Choice_Field": null, "parent_ChoiceGroup": null, "w": 291, "h": 19, "y": 2007, "x": 100, "structure_id": "Tb_33"}, {"parent_Field": null, "parent_Choice_Field": null, "parent_ChoiceGroup": null, "w": 289, "h": 25, "y": 1588, "x": 100, "structure_id": "Tb_34"}, {"parent_Field": "Fi_13", "parent_Choice_Field": null, "parent_ChoiceGroup": null, "w": 166, "h": 19, "y": 2007, "x": 1167, "structure_id": "Tb_35"}, {"parent_Field": null, "parent_Choice_Field": null, "parent_ChoiceGroup": null, "w": 975, "h": 30, "y": 1630.03125, "x": 120, "structure_id": "Tb_36"}, {"parent_Field": null, "parent_Choice_Field": null, "parent_ChoiceGroup": null, "w": 18, "h": 22, "y": 1636.03125, "x": 97, "structure_id": "Tb_37"}, {"parent_Field": null, "parent_Choice_Field": null, "parent_ChoiceGroup": null, "w": 1495, "h": 69, "y": 1663.03125, "x": 90, "structure_id": "Tb_38"}, {"parent_Field": null, "parent_Choice_Field": null, "parent_ChoiceGroup": null, "w": 24, "h": 27, "y": 1664.03125, "x": 94, "structure_id": "Tb_39"}, {"parent_Field": null, "parent_Choice_Field": null, "parent_ChoiceGroup": null, "w": 1493, "h": 66, "y": 1736.03125, "x": 91, "structure_id": "Tb_40"}, {"parent_Field": null, "parent_Choice_Field": null, "parent_ChoiceGroup": null, "w": 15, "h": 21, "y": 1745.03125, "x": 99, "structure_id": "Tb_41"}, {"parent_Field": null, "parent_Choice_Field": null, "parent_ChoiceGroup": null, "w": 1246, "h": 66, "y": 1810.03125, "x": 90, "structure_id": "Tb_42"}, {"parent_Field": null, "parent_Choice_Field": null, "parent_ChoiceGroup": null, "w": 23, "h": 29, "y": 1811.03125, "x": 94, "structure_id": "Tb_43"}, {"parent_Field": null, "parent_Choice_Field": null, "parent_ChoiceGroup": null, "w": 589, "h": 31, "y": 1885.03125, "x": 120, "structure_id": "Tb_44"}, {"parent_Field": null, "parent_Choice_Field": null, "parent_ChoiceGroup": null, "w": 25, "h": 22, "y": 1891.03125, "x": 93, "structure_id": "Tb_45"}, {"parent_Field": null, "parent_Choice_Field": null, "parent_ChoiceGroup": null, "w": 1440, "h": 69, "y": 1918.03125, "x": 91, "structure_id": "Tb_46"}, {"parent_Field": null, "parent_Choice_Field": null, "parent_ChoiceGroup": null, "w": 21, "h": 28, "y": 1918.03125, "x": 94, "structure_id": "Tb_47"}, {"parent_Field": null, "parent_Choice_Field": null, "parent_ChoiceGroup": null, "w": 1374, "h": 52, "y": 211, "x": 167, "structure_id": "Tb_48"}, {"parent_Field": null, "parent_Choice_Field": null, "parent_ChoiceGroup": null, "w": 94, "h": 42, "y": 2104, "x": 83, "structure_id": "Tb_49"}], "Choice_Field": [], "Field": [{"y": 707, "x": 1117, "structure_id": "Fi_1", "w": 483, "h": 59.66141732283472}, {"y": 706, "x": 100, "structure_id": "Fi_2", "w": 483.33070866141736, "h": 60.66141732283472}, {"y": 1407, "x": 1333, "structure_id": "Fi_3", "w": 183.66929133858275, "h": 76.33070866141725}, {"y": 877, "x": 1133, "structure_id": "Fi_4", "w": 398, "h": 89.66141732283472}, {"y": 774, "x": 100, "structure_id": "Fi_5", "w": 683.3307086614174, "h": 89.88346456692909}, {"y": 706, "x": 616.6692913385826, "structure_id": "Fi_6", "w": 466.6614173228346, "h": 60.66141732283472}, {"y": 872, "x": 100, "structure_id": "Fi_7", "w": 1000, "h": 91.88346456692909}, {"y": 774, "x": 816.6692913385828, "structure_id": "Fi_8", "w": 783.3307086614172, "h": 89.88346456692909}, {"y": 1407, "x": 100, "structure_id": "Fi_9", "w": 650, "h": 76.32283464566922}, {"y": 1407, "x": 783, "structure_id": "Fi_10", "w": 517, "h": 76.32283464566922}, {"y": 340, "x": 1072, "structure_id": "Fi_11", "w": 500, "h": 309.03125}, {"y": 2007, "x": 100, "structure_id": "Fi_12", "w": 1033.3307086614175, "h": 76.32283464566945}, {"y": 2007, "x": 1166.4078740157481, "structure_id": "Fi_13", "w": 183.59212598425188, "h": 76.3307086614177}], "TextRun": [{"parent_TextBlock": "Tb_1", "text": "OMB Control No. 2900-0017", "parent_Field": null, "parent_Choice_Field": null, "parent_ChoiceGroup": null, "w": 236, "h": 19, "y": 64, "x": 1367, "structure_id": "Tr_1"}, {"parent_TextBlock": "Tb_1", "text": "Respondent Burden: 3 Minutes", "parent_Field": null, "parent_Choice_Field": null, "parent_ChoiceGroup": null, "w": 247, "h": 19, "y": 84, "x": 1367, "structure_id": "Tr_2"}, {"parent_TextBlock": "Tb_1", "text": "Expiration Date:  07/31/2019", "parent_Field": null, "parent_Choice_Field": null, "parent_ChoiceGroup": null, "w": 227, "h": 19, "y": 104, "x": 1367, "structure_id": "Tr_3"}, {"parent_TextBlock": "Tb_2", "text": "Continued on Reverse", "parent_Field": null, "parent_Choice_Field": null, "parent_ChoiceGroup": null, "w": 249, "h": 25, "y": 2112, "x": 1368, "structure_id": "Tr_4"}, {"parent_TextBlock": "Tb_3", "text": "21P-4718a", "parent_Field": null, "parent_Choice_Field": null, "parent_ChoiceGroup": null, "w": 163, "h": 34, "y": 2108, "x": 200, "structure_id": "Tr_5"}, {"parent_TextBlock": "Tb_4", "text": "SUPERSEDES VA FORM 21-4718a, FEB 2009,", "parent_Field": null, "parent_Choice_Field": null, "parent_ChoiceGroup": null, "w": 428, "h": 19, "y": 2104, "x": 567, "structure_id": "Tr_6"}, {"parent_TextBlock": "Tb_4", "text": "WHICH WILL NOT BE USED.", "parent_Field": null, "parent_Choice_Field": null, "parent_ChoiceGroup": null, "w": 259, "h": 19, "y": 2127, "x": 567, "structure_id": "Tr_7"}, {"parent_TextBlock": "Tb_5", "text": "NOTE: PLEASE READ THE INSTRUCTIONS ON THE REVERSE BEFORE COMPLETING THE FORM.", "parent_Field": null, "parent_Choice_Field": null, "parent_ChoiceGroup": null, "w": 1110, "h": 25, "y": 273, "x": 100, "structure_id": "Tr_8"}, {"parent_TextBlock": "Tb_6", "text": "I. CERTIFICATE  - TO BE COMPLETED BY THE FINANCIAL INSTITUTION ONLY", "parent_Field": null, "parent_Choice_Field": null, "parent_ChoiceGroup": null, "w": 1040, "h": 28, "y": 304, "x": 330, "structure_id": "Tr_9"}, {"parent_TextBlock": "Tb_7", "text": "I CERTIFY THAT the foregoing amount(s) were on deposit to the credit of the above named fiduciary as shown by the record(s) of this financial institution.", "parent_Field": null, "parent_Choice_Field": null, "parent_ChoiceGroup": null, "w": 1395, "h": 22, "y": 1372, "x": 100, "structure_id": "Tr_10"}, {"parent_TextBlock": "Tb_8", "text": "3. VA FILE NUMBER", "parent_Field": "Fi_1", "parent_Choice_Field": null, "parent_ChoiceGroup": null, "w": 183, "h": 19, "y": 707, "x": 1117, "structure_id": "Tr_11"}, {"parent_TextBlock": "Tb_9", "text": "C-", "parent_Field": "Fi_1", "parent_Choice_Field": null, "parent_ChoiceGroup": null, "w": 23, "h": 22, "y": 739, "x": 1117, "structure_id": "Tr_12"}, {"parent_TextBlock": "Tb_10", "text": "1. NAME OF FIDUCIARY", "parent_Field": "Fi_2", "parent_Choice_Field": null, "parent_ChoiceGroup": null, "w": 226, "h": 19, "y": 708, "x": 100, "structure_id": "Tr_13"}, {"parent_TextBlock": "Tb_10", "text": "(First, middle, last)", "parent_Field": "Fi_2", "parent_Choice_Field": null, "parent_ChoiceGroup": null, "w": 173, "h": 22, "y": 706, "x": 326, "structure_id": "Tr_14"}, {"parent_TextBlock": "Tb_11", "text": "6. ACCOUNT INFORMATION", "parent_Field": null, "parent_Choice_Field": null, "parent_ChoiceGroup": null, "w": 302, "h": 22, "y": 972, "x": 699, "structure_id": "Tr_15"}, {"parent_TextBlock": "Tb_12", "text": "7C. DATE SIGNED", "parent_Field": "Fi_3", "parent_Choice_Field": null, "parent_ChoiceGroup": null, "w": 168, "h": 19, "y": 1407, "x": 1333, "structure_id": "Tr_16"}, {"parent_TextBlock": "Tb_13", "text": "5. DATA IN ITEM 6 WAS ACCURATE AS OF", "parent_Field": "Fi_4", "parent_Choice_Field": null, "parent_ChoiceGroup": null, "w": 398, "h": 20, "y": 877, "x": 1133, "structure_id": "Tr_17"}, {"parent_TextBlock": "Tb_13", "text": "(Mo., day, yr.)", "parent_Field": "Fi_4", "parent_Choice_Field": null, "parent_ChoiceGroup": null, "w": 133, "h": 22, "y": 901, "x": 1150, "structure_id": "Tr_18"}, {"parent_TextBlock": "Tb_14", "text": "4A. NAME OF FINANCIAL INSTITUTION", "parent_Field": "Fi_5", "parent_Choice_Field": null, "parent_ChoiceGroup": null, "w": 358, "h": 19, "y": 774, "x": 100, "structure_id": "Tr_19"}, {"parent_TextBlock": "Tb_15", "text": "2. NAME OF BENEFICIARY", "parent_Field": "Fi_6", "parent_Choice_Field": null, "parent_ChoiceGroup": null, "w": 245, "h": 19, "y": 708, "x": 617, "structure_id": "Tr_20"}, {"parent_TextBlock": "Tb_15", "text": "(First, middle, last)", "parent_Field": "Fi_6", "parent_Choice_Field": null, "parent_ChoiceGroup": null, "w": 178, "h": 22, "y": 706, "x": 862, "structure_id": "Tr_21"}, {"parent_TextBlock": "Tb_16", "text": "4C. NAME AND TELEPHONE NUMBER OF FINANCIAL INSTITUTION CONTACT PERSON", "parent_Field": "Fi_7", "parent_Choice_Field": null, "parent_ChoiceGroup": null, "w": 810, "h": 20, "y": 874, "x": 100, "structure_id": "Tr_22"}, {"parent_TextBlock": "Tb_16", "text": "(Include Area Code)", "parent_Field": "Fi_7", "parent_Choice_Field": null, "parent_ChoiceGroup": null, "w": 183, "h": 22, "y": 872, "x": 910, "structure_id": "Tr_23"}, {"parent_TextBlock": "Tb_17", "text": "4B. ADDRESS OF FINANCIAL INSTITUTION", "parent_Field": "Fi_8", "parent_Choice_Field": null, "parent_ChoiceGroup": null, "w": 395, "h": 19, "y": 774, "x": 817, "structure_id": "Tr_24"}, {"parent_TextBlock": "Tb_18", "text": "7A. SIGNATURE OF CERTIFYING FINANCIAL INSTITUTION OFFICIAL", "parent_Field": "Fi_9", "parent_Choice_Field": null, "parent_ChoiceGroup": null, "w": 631, "h": 19, "y": 1407, "x": 100, "structure_id": "Tr_25"}, {"parent_TextBlock": "Tb_19", "text": "7B. TITLE OF CERTIFYING OFFICIAL", "parent_Field": "Fi_10", "parent_Choice_Field": null, "parent_ChoiceGroup": null, "w": 336, "h": 19, "y": 1407, "x": 783, "structure_id": "Tr_26"}, {"parent_TextBlock": "Tb_20", "text": "PRIVACY  ACT  INFORMATION: \u00c2 \u00a0VA  will  not  disclose  information  collected  on  this  form  to  any", "parent_Field": null, "parent_Choice_Field": null, "parent_ChoiceGroup": null, "w": 933, "h": 22, "y": 344, "x": 100, "structure_id": "Tr_27"}, {"parent_TextBlock": "Tb_20", "text": "source  other  than  what  has  been  authorized  by  the  Privacy  Act  of  1974  or  Title  Code  of  Federal", "parent_Field": null, "parent_Choice_Field": null, "parent_ChoiceGroup": null, "w": 933, "h": 22, "y": 364, "x": 100, "structure_id": "Tr_28"}, {"parent_TextBlock": "Tb_20", "text": "Regulations  1.526  for  routine  uses  (i.e.  request  from  Congressman  on  behalf  of  beneficiary)  as", "parent_Field": null, "parent_Choice_Field": null, "parent_ChoiceGroup": null, "w": 933, "h": 23, "y": 384, "x": 100, "structure_id": "Tr_29"}, {"parent_TextBlock": "Tb_20", "text": "identified  in  the  VA  system  of  records,  37VA27,  VA  Supervised  Fiduciary/Beneficiary  Records  VA,", "parent_Field": null, "parent_Choice_Field": null, "parent_ChoiceGroup": null, "w": 933, "h": 22, "y": 405, "x": 100, "structure_id": "Tr_30"}, {"parent_TextBlock": "Tb_20", "text": "published  in  the  Federal  Register.  Your  obligation  to  respond  is  required  to  obtain  or  retain  benefits.  The", "parent_Field": null, "parent_Choice_Field": null, "parent_ChoiceGroup": null, "w": 933, "h": 22, "y": 425, "x": 100, "structure_id": "Tr_31"}, {"parent_TextBlock": "Tb_20", "text": "information  will  be  used  by  VA  field  examiners  to  determine  whether  an  individual  fiduciary  is  properly", "parent_Field": null, "parent_Choice_Field": null, "parent_ChoiceGroup": null, "w": 933, "h": 22, "y": 445, "x": 100, "structure_id": "Tr_32"}, {"parent_TextBlock": "Tb_20", "text": "using  and  maintaining  an  accounting  of  the  VA  beneficiary's  compensation  or  pension  payments.  Failure", "parent_Field": null, "parent_Choice_Field": null, "parent_ChoiceGroup": null, "w": 933, "h": 23, "y": 465, "x": 100, "structure_id": "Tr_33"}, {"parent_TextBlock": "Tb_20", "text": "to  furnish  the  requested  information  may  result  in  the  suspension  of  payments  and/or  appointment  of", "parent_Field": null, "parent_Choice_Field": null, "parent_ChoiceGroup": null, "w": 922, "h": 22, "y": 486, "x": 100, "structure_id": "Tr_34"}, {"parent_TextBlock": "Tb_20", "text": "successor fiduciary.", "parent_Field": null, "parent_Choice_Field": null, "parent_ChoiceGroup": null, "w": 182, "h": 22, "y": 506, "x": 100, "structure_id": "Tr_35"}, {"parent_TextBlock": "Tb_21", "text": "RESPONDENT BURDEN:\u00c2\u00a0  We  need  this  information  to  ensure  proper  administration  of  the", "parent_Field": null, "parent_Choice_Field": null, "parent_ChoiceGroup": null, "w": 930, "h": 22, "y": 532, "x": 100, "structure_id": "Tr_36"}, {"parent_TextBlock": "Tb_21", "text": "beneficiary's  estate.  Title  38,  United  States  Code,  Chapter  55  allows  us  to  ask  for  this  information.  We", "parent_Field": null, "parent_Choice_Field": null, "parent_ChoiceGroup": null, "w": 933, "h": 22, "y": 552, "x": 100, "structure_id": "Tr_37"}, {"parent_TextBlock": "Tb_21", "text": "estimate  that  you  will  need  an  average  of  minutes  to  review  the  instructions,  find  the  information,  and", "parent_Field": null, "parent_Choice_Field": null, "parent_ChoiceGroup": null, "w": 933, "h": 23, "y": 572, "x": 100, "structure_id": "Tr_38"}, {"parent_TextBlock": "Tb_21", "text": "complete  this  form.  VA  cannot  conduct  or  sponsor  collection  of  information  unless  valid  OMB", "parent_Field": null, "parent_Choice_Field": null, "parent_ChoiceGroup": null, "w": 933, "h": 22, "y": 593, "x": 100, "structure_id": "Tr_39"}, {"parent_TextBlock": "Tb_21", "text": "control number is displayed. You are not required to respond to a collection of", "parent_Field": null, "parent_Choice_Field": null, "parent_ChoiceGroup": null, "w": 703, "h": 22, "y": 613, "x": 100, "structure_id": "Tr_40"}, {"parent_TextBlock": "Tb_21", "text": "information  if  this  number  is  not  displayed.  Valid  OMB  control  numbers  can  be  located  on  the  OMB", "parent_Field": null, "parent_Choice_Field": null, "parent_ChoiceGroup": null, "w": 933, "h": 22, "y": 633, "x": 100, "structure_id": "Tr_41"}, {"parent_TextBlock": "Tb_21", "text": "Internet  Page at:\u00c2\u00a0", "parent_Field": null, "parent_Choice_Field": null, "parent_ChoiceGroup": null, "w": 152, "h": 23, "y": 653, "x": 100, "structure_id": "Tr_42"}, {"parent_TextBlock": "Tb_21", "text": "www.reginfo.gov/public/do/PRAMain", "parent_Field": null, "parent_Choice_Field": null, "parent_ChoiceGroup": null, "w": 358, "h": 23, "y": 653, "x": 252, "structure_id": "Tr_43"}, {"parent_TextBlock": "Tb_21", "text": "If  desired,  you  can  call  1-800-827-1000  to  get", "parent_Field": null, "parent_Choice_Field": null, "parent_ChoiceGroup": null, "w": 411, "h": 23, "y": 653, "x": 622, "structure_id": "Tr_44"}, {"parent_TextBlock": "Tb_21", "text": "information on where to send comments or suggestions about this form.", "parent_Field": null, "parent_Choice_Field": null, "parent_ChoiceGroup": null, "w": 639, "h": 22, "y": 674, "x": 100, "structure_id": "Tr_45"}, {"parent_TextBlock": "Tb_22", "text": "(SEAL OR STAMP OF FINANCIAL INSTITUTION)", "parent_Field": "Fi_11", "parent_Choice_Field": null, "parent_ChoiceGroup": null, "w": 437, "h": 20, "y": 340, "x": 1115, "structure_id": "Tr_46"}, {"parent_TextBlock": "Tb_23", "text": "AMOUNT", "parent_Field": null, "parent_Choice_Field": null, "parent_ChoiceGroup": null, "w": 90, "h": 20, "y": 1045, "x": 1108, "structure_id": "Tr_47"}, {"parent_TextBlock": "Tb_23", "text": "(E)", "parent_Field": null, "parent_Choice_Field": null, "parent_ChoiceGroup": null, "w": 26, "h": 19, "y": 1069, "x": 1137, "structure_id": "Tr_48"}, {"parent_TextBlock": "Tb_24", "text": "DATE", "parent_Field": null, "parent_Choice_Field": null, "parent_ChoiceGroup": null, "w": 57, "h": 20, "y": 1045, "x": 1324, "structure_id": "Tr_49"}, {"parent_TextBlock": "Tb_24", "text": "(F)", "parent_Field": null, "parent_Choice_Field": null, "parent_ChoiceGroup": null, "w": 24, "h": 19, "y": 1069, "x": 1338, "structure_id": "Tr_50"}, {"parent_TextBlock": "Tb_25", "text": "INTEREST EARNED/PAID SINCE", "parent_Field": null, "parent_Choice_Field": null, "parent_ChoiceGroup": null, "w": 298, "h": 19, "y": 1007, "x": 1101, "structure_id": "Tr_51"}, {"parent_TextBlock": "Tb_26", "text": "DEPOSITOR ACCOUNT", "parent_Field": null, "parent_Choice_Field": null, "parent_ChoiceGroup": null, "w": 221, "h": 19, "y": 1017, "x": 542, "structure_id": "Tr_52"}, {"parent_TextBlock": "Tb_26", "text": "TITLE", "parent_Field": null, "parent_Choice_Field": null, "parent_ChoiceGroup": null, "w": 58, "h": 20, "y": 1040, "x": 624, "structure_id": "Tr_53"}, {"parent_TextBlock": "Tb_26", "text": "(C)", "parent_Field": null, "parent_Choice_Field": null, "parent_ChoiceGroup": null, "w": 26, "h": 19, "y": 1064, "x": 637, "structure_id": "Tr_54"}, {"parent_TextBlock": "Tb_27", "text": "BALANCE", "parent_Field": null, "parent_Choice_Field": null, "parent_ChoiceGroup": null, "w": 96, "h": 20, "y": 1015, "x": 880, "structure_id": "Tr_55"}, {"parent_TextBlock": "Tb_27", "text": "(Include interest earned)", "parent_Field": null, "parent_Choice_Field": null, "parent_ChoiceGroup": null, "w": 220, "h": 22, "y": 1039, "x": 815, "structure_id": "Tr_56"}, {"parent_TextBlock": "Tb_27", "text": "(D)", "parent_Field": null, "parent_Choice_Field": null, "parent_ChoiceGroup": null, "w": 26, "h": 20, "y": 1065, "x": 912, "structure_id": "Tr_57"}, {"parent_TextBlock": "Tb_28", "text": "TYPE OF", "parent_Field": null, "parent_Choice_Field": null, "parent_ChoiceGroup": null, "w": 89, "h": 19, "y": 1017, "x": 108, "structure_id": "Tr_58"}, {"parent_TextBlock": "Tb_28", "text": "ACCOUNT", "parent_Field": null, "parent_Choice_Field": null, "parent_ChoiceGroup": null, "w": 101, "h": 20, "y": 1040, "x": 102, "structure_id": "Tr_59"}, {"parent_TextBlock": "Tb_28", "text": "(A)", "parent_Field": null, "parent_Choice_Field": null, "parent_ChoiceGroup": null, "w": 26, "h": 19, "y": 1064, "x": 137, "structure_id": "Tr_60"}, {"parent_TextBlock": "Tb_29", "text": "ACCOUNT NUMBER", "parent_Field": null, "parent_Choice_Field": null, "parent_ChoiceGroup": null, "w": 191, "h": 20, "y": 1015, "x": 265, "structure_id": "Tr_61"}, {"parent_TextBlock": "Tb_29", "text": "(State \"None\" if appropriate)", "parent_Field": null, "parent_Choice_Field": null, "parent_ChoiceGroup": null, "w": 265, "h": 22, "y": 1039, "x": 228, "structure_id": "Tr_62"}, {"parent_TextBlock": "Tb_29", "text": "(B)", "parent_Field": null, "parent_Choice_Field": null, "parent_ChoiceGroup": null, "w": 25, "h": 20, "y": 1065, "x": 345, "structure_id": "Tr_63"}, {"parent_TextBlock": "Tb_30", "text": "CURRENT", "parent_Field": null, "parent_Choice_Field": null, "parent_ChoiceGroup": null, "w": 100, "h": 19, "y": 1017, "x": 1486, "structure_id": "Tr_64"}, {"parent_TextBlock": "Tb_30", "text": "INTEREST RATE", "parent_Field": null, "parent_Choice_Field": null, "parent_ChoiceGroup": null, "w": 158, "h": 20, "y": 1040, "x": 1457, "structure_id": "Tr_65"}, {"parent_TextBlock": "Tb_30", "text": "(G)", "parent_Field": null, "parent_Choice_Field": null, "parent_ChoiceGroup": null, "w": 28, "h": 19, "y": 1064, "x": 1519, "structure_id": "Tr_66"}, {"parent_TextBlock": "Tb_31", "text": "II. AUTHORIZATION -  TO BE COMPLETED BY THE FIDUCIARY ONLY", "parent_Field": null, "parent_Choice_Field": null, "parent_ChoiceGroup": null, "w": 914, "h": 28, "y": 1487, "x": 393, "structure_id": "Tr_67"}, {"parent_TextBlock": "Tb_32", "text": "I hereby authorize the financial institution named above to verify the above Certificate information to VA, and/or to provide copies of any of the", "parent_Field": null, "parent_Choice_Field": null, "parent_ChoiceGroup": null, "w": 1452, "h": 25, "y": 1522, "x": 100, "structure_id": "Tr_68"}, {"parent_TextBlock": "Tb_32", "text": "financial records described above to VA.\u00c2\u00a0", "parent_Field": null, "parent_Choice_Field": null, "parent_ChoiceGroup": null, "w": 416, "h": 25, "y": 1552, "x": 100, "structure_id": "Tr_69"}, {"parent_TextBlock": "Tb_33", "text": "9A. SIGNATURE OF FIDUCIARY", "parent_Field": "Fi_12", "parent_Choice_Field": null, "parent_ChoiceGroup": null, "w": 291, "h": 19, "y": 2007, "x": 100, "structure_id": "Tr_70"}, {"parent_TextBlock": "Tb_34", "text": "8. I UNDERSTAND THAT:", "parent_Field": null, "parent_Choice_Field": null, "parent_ChoiceGroup": null, "w": 289, "h": 25, "y": 1588, "x": 100, "structure_id": "Tr_71"}, {"parent_TextBlock": "Tb_35", "text": "9B. DATE SIGNED", "parent_Field": "Fi_13", "parent_Choice_Field": null, "parent_ChoiceGroup": null, "w": 166, "h": 19, "y": 2007, "x": 1167, "structure_id": "Tr_72"}, {"parent_TextBlock": "Tb_36", "parent_Field": null, "parent_Choice_Field": null, "parent_ChoiceGroup": null, "w": 975, "h": 30, "y": 1630.03125, "x": 120, "structure_id": "Tr_73"}, {"parent_TextBlock": "Tb_37", "parent_Field": null, "parent_Choice_Field": null, "parent_ChoiceGroup": null, "w": 18, "h": 22, "y": 1636.03125, "x": 97, "structure_id": "Tr_74"}, {"parent_TextBlock": "Tb_38", "parent_Field": null, "parent_Choice_Field": null, "parent_ChoiceGroup": null, "w": 1495, "h": 69, "y": 1663.03125, "x": 90, "structure_id": "Tr_75"}, {"parent_TextBlock": "Tb_39", "parent_Field": null, "parent_Choice_Field": null, "parent_ChoiceGroup": null, "w": 24, "h": 27, "y": 1664.03125, "x": 94, "structure_id": "Tr_76"}, {"parent_TextBlock": "Tb_40", "parent_Field": null, "parent_Choice_Field": null, "parent_ChoiceGroup": null, "w": 1493, "h": 66, "y": 1736.03125, "x": 91, "structure_id": "Tr_77"}, {"parent_TextBlock": "Tb_41", "parent_Field": null, "parent_Choice_Field": null, "parent_ChoiceGroup": null, "w": 15, "h": 21, "y": 1745.03125, "x": 99, "structure_id": "Tr_78"}, {"parent_TextBlock": "Tb_42", "parent_Field": null, "parent_Choice_Field": null, "parent_ChoiceGroup": null, "w": 1246, "h": 66, "y": 1810.03125, "x": 90, "structure_id": "Tr_79"}, {"parent_TextBlock": "Tb_43", "parent_Field": null, "parent_Choice_Field": null, "parent_ChoiceGroup": null, "w": 23, "h": 29, "y": 1811.03125, "x": 94, "structure_id": "Tr_80"}, {"parent_TextBlock": "Tb_44", "parent_Field": null, "parent_Choice_Field": null, "parent_ChoiceGroup": null, "w": 589, "h": 31, "y": 1885.03125, "x": 120, "structure_id": "Tr_81"}, {"parent_TextBlock": "Tb_45", "parent_Field": null, "parent_Choice_Field": null, "parent_ChoiceGroup": null, "w": 25, "h": 22, "y": 1891.03125, "x": 93, "structure_id": "Tr_82"}, {"parent_TextBlock": "Tb_46", "parent_Field": null, "parent_Choice_Field": null, "parent_ChoiceGroup": null, "w": 1440, "h": 69, "y": 1918.03125, "x": 91, "structure_id": "Tr_83"}, {"parent_TextBlock": "Tb_47", "parent_Field": null, "parent_Choice_Field": null, "parent_ChoiceGroup": null, "w": 21, "h": 28, "y": 1918.03125, "x": 94, "structure_id": "Tr_84"}, {"parent_TextBlock": "Tb_48", "text": "CERTIFICATE OF BALANCE ON DEPOSIT AND AUTHORIZATION TO DISCLOSE FINANCIAL RECORDS\u00c2\u00a0", "parent_Field": null, "parent_Choice_Field": null, "parent_ChoiceGroup": null, "w": 1374, "h": 28, "y": 211, "x": 167, "structure_id": "Tr_85"}, {"parent_TextBlock": "Tb_48", "text": "(Pursuant to Title 38, U.S.C., Chapter 55 and Title 12, U.S.C., Chapter 35)", "parent_Field": null, "parent_Choice_Field": null, "parent_ChoiceGroup": null, "w": 767, "h": 25, "y": 238, "x": 470, "structure_id": "Tr_86"}, {"parent_TextBlock": "Tb_49", "text": "VA FORM", "parent_Field": null, "parent_Choice_Field": null, "parent_ChoiceGroup": null, "w": 94, "h": 19, "y": 2104, "x": 83, "structure_id": "Tr_87"}, {"parent_TextBlock": "Tb_49", "text": "JUL 2016", "parent_Field": null, "parent_Choice_Field": null, "parent_ChoiceGroup": null, "w": 84, "h": 19, "y": 2127, "x": 83, "structure_id": "Tr_88"}], "ChoiceGroup": []}