{"Widget": [{"parent_Field": "Fi_1", "parent_Choice_Field": null, "parent_ChoiceGroup": null, "w": 897.1637795275591, "h": 48.63622047244095, "y": 968.5496062992125, "x": 641.4417322834646, "structure_id": "Wi_1"}, {"parent_Field": "Fi_2", "parent_Choice_Field": null, "parent_ChoiceGroup": null, "w": 777.1637795275591, "h": 128.5724409448819, "y": 724.0724409448819, "x": 100.02519685039371, "structure_id": "Wi_2"}, {"parent_Field": "Fi_3", "parent_Choice_Field": null, "parent_ChoiceGroup": null, "w": 621.4614173228347, "h": 48.63622047244095, "y": 642.2141732283465, "x": 979.9748031496064, "structure_id": "Wi_3"}, {"parent_Field": "Fi_4", "parent_Choice_Field": null, "parent_ChoiceGroup": null, "w": 283.30866141732287, "h": 48.63622047244095, "y": 1049.536220472441, "x": 141.46377952755907, "structure_id": "Wi_4"}, {"parent_Field": "Fi_5", "parent_Choice_Field": null, "parent_ChoiceGroup": null, "w": 621.4614173228347, "h": 48.63622047244095, "y": 722.6527559055119, "x": 979.9748031496064, "structure_id": "Wi_5"}, {"parent_Field": "Fi_6", "parent_Choice_Field": null, "parent_ChoiceGroup": null, "w": 621.4614173228347, "h": 48.63622047244095, "y": 804.0472440944883, "x": 979.9748031496064, "structure_id": "Wi_6"}, {"parent_Field": "Fi_7", "parent_Choice_Field": null, "parent_ChoiceGroup": null, "w": 259.9669291338583, "h": 48.63622047244095, "y": 475.2748031496063, "x": 620.0385826771654, "structure_id": "Wi_7"}, {"parent_Field": "Fi_8", "parent_Choice_Field": null, "parent_ChoiceGroup": null, "w": 621.4614173228347, "h": 48.63622047244095, "y": 557.9220472440945, "x": 979.9748031496064, "structure_id": "Wi_8"}, {"parent_Field": "Fi_9", "parent_Choice_Field": null, "parent_ChoiceGroup": null, "w": 489.9889763779528, "h": 48.63622047244095, "y": 886.3000000000001, "x": 640.0251968503936, "structure_id": "Wi_9"}, {"parent_Field": "Fi_10", "parent_Choice_Field": null, "parent_ChoiceGroup": null, "w": 294.6669291338583, "h": 48.63622047244095, "y": 475.2748031496063, "x": 979.9748031496064, "structure_id": "Wi_10"}, {"parent_Field": "Fi_11", "parent_Choice_Field": null, "parent_ChoiceGroup": null, "w": 294.6669291338583, "h": 48.63622047244095, "y": 886.3000000000001, "x": 1241.4417322834645, "structure_id": "Wi_11"}, {"parent_Field": "Fi_12", "parent_Choice_Field": null, "parent_ChoiceGroup": null, "w": 489.9889763779528, "h": 48.63622047244095, "y": 475.2748031496063, "x": 100.02519685039371, "structure_id": "Wi_12"}, {"parent_Field": "Fi_13", "parent_Choice_Field": null, "parent_ChoiceGroup": null, "w": 102.85826771653544, "h": 48.63622047244095, "y": 475.2748031496063, "x": 1341.4637795275592, "structure_id": "Wi_13"}, {"parent_Field": "Fi_14", "parent_Choice_Field": null, "parent_ChoiceGroup": null, "w": 777.1637795275591, "h": 128.5724409448819, "y": 560.992125984252, "x": 100.02519685039371, "structure_id": "Wi_14"}, {"parent_Field": null, "parent_Choice_Field": "Chf_1", "parent_ChoiceGroup": "Chgp_1", "w": 27.777952755905513, "h": 27.777952755905513, "y": 933.1275590551181, "x": 99.27795275590552, "structure_id": "Wi_15"}, {"parent_Field": null, "parent_Choice_Field": "Chf_2", "parent_ChoiceGroup": "Chgp_1", "w": 27.777952755905513, "h": 27.777952755905513, "y": 982.244094488189, "x": 99.27795275590552, "structure_id": "Wi_16"}, {"parent_Field": null, "parent_Choice_Field": "Chf_3", "parent_ChoiceGroup": "Chgp_2", "w": 27.777952755905513, "h": 27.777952755905513, "y": 933.1275590551181, "x": 338.0330708661417, "structure_id": "Wi_17"}, {"parent_Field": null, "parent_Choice_Field": "Chf_4", "parent_ChoiceGroup": "Chgp_2", "w": 27.777952755905513, "h": 27.777952755905513, "y": 982.244094488189, "x": 338.0330708661417, "structure_id": "Wi_18"}, {"parent_Field": "Fi_15", "parent_Choice_Field": null, "parent_ChoiceGroup": null, "w": 258.56141732283464, "h": 48.63622047244095, "y": 1607.9527559055118, "x": 891.4251968503937, "structure_id": "Wi_19"}, {"parent_Field": "Fi_16", "parent_Choice_Field": null, "parent_ChoiceGroup": null, "w": 245.73858267716537, "h": 48.63622047244095, "y": 1607.9527559055118, "x": 1241.4417322834645, "structure_id": "Wi_20"}, {"parent_Field": "Fi_17", "parent_Choice_Field": null, "parent_ChoiceGroup": null, "w": 489.9889763779528, "h": 48.63622047244095, "y": 1525.3086614173228, "x": 131.40787401574804, "structure_id": "Wi_21"}, {"parent_Field": "Fi_18", "parent_Choice_Field": null, "parent_ChoiceGroup": null, "w": 245.73858267716537, "h": 48.63622047244095, "y": 1525.3086614173228, "x": 1241.4417322834645, "structure_id": "Wi_22"}, {"parent_Field": "Fi_19", "parent_Choice_Field": null, "parent_ChoiceGroup": null, "w": 697.1889763779528, "h": 48.63622047244095, "y": 1607.9527559055118, "x": 131.40787401574804, "structure_id": "Wi_23"}, {"parent_Field": "Fi_20", "parent_Choice_Field": null, "parent_ChoiceGroup": null, "w": 245.73858267716537, "h": 48.63622047244095, "y": 1772.4637795275592, "x": 1241.4417322834645, "structure_id": "Wi_24"}, {"parent_Field": "Fi_21", "parent_Choice_Field": null, "parent_ChoiceGroup": null, "w": 347.1748031496063, "h": 48.63622047244095, "y": 1875.3220472440944, "x": 848.5748031496064, "structure_id": "Wi_25"}, {"parent_Field": "Fi_22", "parent_Choice_Field": null, "parent_ChoiceGroup": null, "w": 258.56141732283464, "h": 48.63622047244095, "y": 1875.3220472440944, "x": 1241.4417322834645, "structure_id": "Wi_26"}, {"parent_Field": "Fi_23", "parent_Choice_Field": null, "parent_ChoiceGroup": null, "w": 654.263779527559, "h": 128.5724409448819, "y": 1962.4551181102363, "x": 100.02519685039371, "structure_id": "Wi_27"}, {"parent_Field": "Fi_24", "parent_Choice_Field": null, "parent_ChoiceGroup": null, "w": 290.64409448818895, "h": 48.63622047244095, "y": 2041.1251968503936, "x": 775.3307086614174, "structure_id": "Wi_28"}, {"parent_Field": null, "parent_Choice_Field": "Chf_5", "parent_ChoiceGroup": "Chgp_3", "w": 27.777952755905513, "h": 27.777952755905513, "y": 1701.5944881889764, "x": 97.92204724409449, "structure_id": "Wi_29"}, {"parent_Field": null, "parent_Choice_Field": "Chf_6", "parent_ChoiceGroup": "Chgp_3", "w": 27.777952755905513, "h": 27.777952755905513, "y": 1737.9472440944883, "x": 97.92204724409449, "structure_id": "Wi_30"}, {"parent_Field": null, "parent_Choice_Field": "Chf_7", "parent_ChoiceGroup": "Chgp_3", "w": 27.777952755905513, "h": 27.777952755905513, "y": 1774.3023622047244, "x": 97.92204724409449, "structure_id": "Wi_31"}, {"parent_Field": null, "parent_Choice_Field": "Chf_8", "parent_ChoiceGroup": "Chgp_3", "w": 27.777952755905513, "h": 27.777952755905513, "y": 1701.5944881889764, "x": 587.7417322834646, "structure_id": "Wi_32"}, {"parent_Field": null, "parent_Choice_Field": "Chf_9", "parent_ChoiceGroup": "Chgp_3", "w": 27.777952755905513, "h": 27.777952755905513, "y": 1774.1724409448818, "x": 587.7417322834646, "structure_id": "Wi_33"}, {"parent_Field": null, "parent_Choice_Field": "Chf_10", "parent_ChoiceGroup": "Chgp_4", "w": 27.777952755905513, "h": 27.777952755905513, "y": 1889.3251968503937, "x": 97.93070866141733, "structure_id": "Wi_34"}, {"parent_Field": null, "parent_Choice_Field": "Chf_11", "parent_ChoiceGroup": "Chgp_4", "w": 27.777952755905513, "h": 27.777952755905513, "y": 1890.0503937007873, "x": 698.4724409448819, "structure_id": "Wi_35"}, {"parent_Field": null, "parent_Choice_Field": "Chf_12", "parent_ChoiceGroup": "Chgp_5", "w": 27.777952755905513, "h": 27.777952755905513, "y": 1975.4582677165354, "x": 1119.2141732283465, "structure_id": "Wi_36"}, {"parent_Field": null, "parent_Choice_Field": "Chf_13", "parent_ChoiceGroup": "Chgp_5", "w": 27.777952755905513, "h": 27.777952755905513, "y": 2017.111023622047, "x": 1119.2141732283465, "structure_id": "Wi_37"}, {"parent_Field": null, "parent_Choice_Field": "Chf_14", "parent_ChoiceGroup": "Chgp_5", "w": 27.777952755905513, "h": 27.777952755905513, "y": 2058.763779527559, "x": 1119.2141732283465, "structure_id": "Wi_38"}, {"parent_Field": null, "parent_Choice_Field": "Chf_14", "parent_ChoiceGroup": "Chgp_5", "w": 382.8141732283465, "h": 45.73307086614173, "y": 2046.747244094488, "x": 1231.4503937007876, "structure_id": "Wi_39"}, {"parent_Field": null, "parent_Choice_Field": "Chf_15", "parent_ChoiceGroup": "Chgp_5", "w": 27.777952755905513, "h": 27.777952755905513, "y": 1975.4582677165354, "x": 1399.5448818897637, "structure_id": "Wi_40"}, {"parent_Field": null, "parent_Choice_Field": "Chf_16", "parent_ChoiceGroup": "Chgp_5", "w": 27.777952755905513, "h": 27.777952755905513, "y": 2017.111023622047, "x": 1399.5448818897637, "structure_id": "Wi_41"}], "TextBlock": [{"parent_Field": null, "parent_Choice_Field": null, "parent_ChoiceGroup": null, "w": 279, "h": 43, "y": 32, "x": 1337, "structure_id": "Tb_1"}, {"parent_Field": null, "parent_Choice_Field": null, "parent_ChoiceGroup": null, "w": 1498, "h": 156, "y": 150, "x": 104, "structure_id": "Tb_2"}, {"parent_Field": null, "parent_Choice_Field": null, "parent_ChoiceGroup": null, "w": 94, "h": 39, "y": 2104, "x": 90, "structure_id": "Tb_3"}, {"parent_Field": null, "parent_Choice_Field": null, "parent_ChoiceGroup": null, "w": 108, "h": 39, "y": 2103, "x": 201, "structure_id": "Tb_4"}, {"parent_Field": null, "parent_Choice_Field": null, "parent_ChoiceGroup": null, "w": 593, "h": 22, "y": 320, "x": 554, "structure_id": "Tb_5"}, {"parent_Field": "Fi_1", "parent_Choice_Field": null, "parent_ChoiceGroup": null, "w": 355, "h": 19, "y": 949, "x": 608, "structure_id": "Tb_6"}, {"parent_Field": "Fi_2", "parent_Choice_Field": null, "parent_ChoiceGroup": null, "w": 567, "h": 19, "y": 702, "x": 91, "structure_id": "Tb_7"}, {"parent_Field": "Fi_3", "parent_Choice_Field": null, "parent_ChoiceGroup": null, "w": 412, "h": 20, "y": 617, "x": 969, "structure_id": "Tb_8"}, {"parent_Field": "Fi_4", "parent_Choice_Field": null, "parent_ChoiceGroup": null, "w": 1184, "h": 19, "y": 1027, "x": 91, "structure_id": "Tb_9"}, {"parent_Field": "Fi_4", "parent_Choice_Field": null, "parent_ChoiceGroup": null, "w": 18, "h": 31, "y": 1054.03125, "x": 120, "structure_id": "Tb_10"}, {"parent_Field": "Fi_5", "parent_Choice_Field": null, "parent_ChoiceGroup": null, "w": 249, "h": 19, "y": 702, "x": 969, "structure_id": "Tb_11"}, {"parent_Field": "Fi_6", "parent_Choice_Field": null, "parent_ChoiceGroup": null, "w": 303, "h": 20, "y": 785, "x": 969, "structure_id": "Tb_12"}, {"parent_Field": "Fi_7", "parent_Choice_Field": null, "parent_ChoiceGroup": null, "w": 292, "h": 19, "y": 433, "x": 608, "structure_id": "Tb_13"}, {"parent_Field": "Fi_8", "parent_Choice_Field": null, "parent_ChoiceGroup": null, "w": 251, "h": 20, "y": 535, "x": 969, "structure_id": "Tb_14"}, {"parent_Field": null, "parent_Choice_Field": null, "parent_ChoiceGroup": null, "w": 1498, "h": 67, "y": 352, "x": 104, "structure_id": "Tb_15"}, {"parent_Field": "Fi_9", "parent_Choice_Field": null, "parent_ChoiceGroup": null, "w": 414, "h": 20, "y": 864, "x": 610, "structure_id": "Tb_16"}, {"parent_Field": null, "parent_Choice_Field": null, "parent_ChoiceGroup": null, "w": 246, "h": 19, "y": 1113, "x": 94, "structure_id": "Tb_17"}, {"parent_Field": "Fi_10", "parent_Choice_Field": null, "parent_ChoiceGroup": null, "w": 211, "h": 19, "y": 433, "x": 968, "structure_id": "Tb_18"}, {"parent_Field": "Fi_11", "parent_Choice_Field": null, "parent_ChoiceGroup": null, "w": 220, "h": 20, "y": 864, "x": 1209, "structure_id": "Tb_19"}, {"parent_Field": "Fi_12", "parent_Choice_Field": null, "parent_ChoiceGroup": null, "w": 284, "h": 19, "y": 433, "x": 86, "structure_id": "Tb_20"}, {"parent_Field": "Fi_13", "parent_Choice_Field": null, "parent_ChoiceGroup": null, "w": 328, "h": 39, "y": 433, "x": 1289, "structure_id": "Tb_21"}, {"parent_Field": "Fi_14", "parent_Choice_Field": null, "parent_ChoiceGroup": null, "w": 569, "h": 20, "y": 535, "x": 91, "structure_id": "Tb_22"}, {"parent_Field": null, "parent_Choice_Field": null, "parent_ChoiceGroup": null, "w": 208, "h": 23, "y": 1140, "x": 204, "structure_id": "Tb_23"}, {"parent_Field": null, "parent_Choice_Field": null, "parent_ChoiceGroup": null, "w": 37, "h": 23, "y": 1140, "x": 104, "structure_id": "Tb_24"}, {"parent_Field": null, "parent_Choice_Field": null, "parent_ChoiceGroup": null, "w": 559, "h": 22, "y": 1163, "x": 204, "structure_id": "Tb_25"}, {"parent_Field": null, "parent_Choice_Field": null, "parent_ChoiceGroup": null, "w": 83, "h": 22, "y": 1163, "x": 104, "structure_id": "Tb_26"}, {"parent_Field": null, "parent_Choice_Field": null, "parent_ChoiceGroup": null, "w": 531, "h": 22, "y": 1185, "x": 204, "structure_id": "Tb_27"}, {"parent_Field": null, "parent_Choice_Field": null, "parent_ChoiceGroup": null, "w": 48, "h": 22, "y": 1207, "x": 104, "structure_id": "Tb_28"}, {"parent_Field": null, "parent_Choice_Field": null, "parent_ChoiceGroup": null, "w": 471, "h": 23, "y": 1229, "x": 204, "structure_id": "Tb_29"}, {"parent_Field": null, "parent_Choice_Field": null, "parent_ChoiceGroup": null, "w": 48, "h": 22, "y": 1185, "x": 104, "structure_id": "Tb_30"}, {"parent_Field": null, "parent_Choice_Field": null, "parent_ChoiceGroup": null, "w": 395, "h": 22, "y": 1252, "x": 204, "structure_id": "Tb_31"}, {"parent_Field": null, "parent_Choice_Field": null, "parent_ChoiceGroup": null, "w": 91, "h": 23, "y": 1229, "x": 104, "structure_id": "Tb_32"}, {"parent_Field": null, "parent_Choice_Field": null, "parent_ChoiceGroup": null, "w": 431, "h": 22, "y": 1207, "x": 204, "structure_id": "Tb_33"}, {"parent_Field": null, "parent_Choice_Field": null, "parent_ChoiceGroup": null, "w": 64, "h": 22, "y": 1252, "x": 104, "structure_id": "Tb_34"}, {"parent_Field": null, "parent_Choice_Field": null, "parent_ChoiceGroup": null, "w": 487, "h": 22, "y": 1274, "x": 204, "structure_id": "Tb_35"}, {"parent_Field": null, "parent_Choice_Field": null, "parent_ChoiceGroup": null, "w": 60, "h": 22, "y": 1274, "x": 104, "structure_id": "Tb_36"}, {"parent_Field": null, "parent_Choice_Field": null, "parent_ChoiceGroup": null, "w": 520, "h": 22, "y": 1296, "x": 204, "structure_id": "Tb_37"}, {"parent_Field": null, "parent_Choice_Field": null, "parent_ChoiceGroup": null, "w": 60, "h": 22, "y": 1318, "x": 104, "structure_id": "Tb_38"}, {"parent_Field": null, "parent_Choice_Field": null, "parent_ChoiceGroup": null, "w": 606, "h": 22, "y": 1318, "x": 204, "structure_id": "Tb_39"}, {"parent_Field": null, "parent_Choice_Field": null, "parent_ChoiceGroup": null, "w": 64, "h": 22, "y": 1296, "x": 104, "structure_id": "Tb_40"}, {"parent_Field": null, "parent_Choice_Field": null, "parent_ChoiceGroup": null, "w": 436, "h": 23, "y": 1340, "x": 204, "structure_id": "Tb_41"}, {"parent_Field": null, "parent_Choice_Field": null, "parent_ChoiceGroup": null, "w": 61, "h": 23, "y": 1340, "x": 104, "structure_id": "Tb_42"}, {"parent_Field": null, "parent_Choice_Field": null, "parent_ChoiceGroup": null, "w": 599, "h": 22, "y": 1363, "x": 204, "structure_id": "Tb_43"}, {"parent_Field": null, "parent_Choice_Field": null, "parent_ChoiceGroup": null, "w": 64, "h": 22, "y": 1363, "x": 104, "structure_id": "Tb_44"}, {"parent_Field": null, "parent_Choice_Field": null, "parent_ChoiceGroup": null, "w": 557, "h": 22, "y": 1106, "x": 962, "structure_id": "Tb_45"}, {"parent_Field": null, "parent_Choice_Field": null, "parent_ChoiceGroup": null, "w": 48, "h": 22, "y": 1106, "x": 862, "structure_id": "Tb_46"}, {"parent_Field": null, "parent_Choice_Field": null, "parent_ChoiceGroup": null, "w": 393, "h": 22, "y": 1128, "x": 962, "structure_id": "Tb_47"}, {"parent_Field": null, "parent_Choice_Field": null, "parent_ChoiceGroup": null, "w": 48, "h": 22, "y": 1128, "x": 862, "structure_id": "Tb_48"}, {"parent_Field": null, "parent_Choice_Field": null, "parent_ChoiceGroup": null, "w": 536, "h": 23, "y": 1150, "x": 962, "structure_id": "Tb_49"}, {"parent_Field": null, "parent_Choice_Field": null, "parent_ChoiceGroup": null, "w": 48, "h": 23, "y": 1150, "x": 862, "structure_id": "Tb_50"}, {"parent_Field": null, "parent_Choice_Field": null, "parent_ChoiceGroup": null, "w": 251, "h": 22, "y": 1173, "x": 962, "structure_id": "Tb_51"}, {"parent_Field": null, "parent_Choice_Field": null, "parent_ChoiceGroup": null, "w": 37, "h": 22, "y": 1173, "x": 862, "structure_id": "Tb_52"}, {"parent_Field": null, "parent_Choice_Field": null, "parent_ChoiceGroup": null, "w": 154, "h": 22, "y": 1195, "x": 962, "structure_id": "Tb_53"}, {"parent_Field": null, "parent_Choice_Field": null, "parent_ChoiceGroup": null, "w": 37, "h": 22, "y": 1195, "x": 862, "structure_id": "Tb_54"}, {"parent_Field": null, "parent_Choice_Field": null, "parent_ChoiceGroup": null, "w": 462, "h": 22, "y": 1217, "x": 962, "structure_id": "Tb_55"}, {"parent_Field": null, "parent_Choice_Field": null, "parent_ChoiceGroup": null, "w": 57, "h": 22, "y": 1217, "x": 862, "structure_id": "Tb_56"}, {"parent_Field": null, "parent_Choice_Field": null, "parent_ChoiceGroup": null, "w": 468, "h": 22, "y": 1239, "x": 962, "structure_id": "Tb_57"}, {"parent_Field": null, "parent_Choice_Field": null, "parent_ChoiceGroup": null, "w": 50, "h": 22, "y": 1239, "x": 862, "structure_id": "Tb_58"}, {"parent_Field": null, "parent_Choice_Field": null, "parent_ChoiceGroup": null, "w": 390, "h": 23, "y": 1261, "x": 962, "structure_id": "Tb_59"}, {"parent_Field": null, "parent_Choice_Field": null, "parent_ChoiceGroup": null, "w": 52, "h": 23, "y": 1261, "x": 862, "structure_id": "Tb_60"}, {"parent_Field": null, "parent_Choice_Field": null, "parent_ChoiceGroup": null, "w": 521, "h": 22, "y": 1284, "x": 962, "structure_id": "Tb_61"}, {"parent_Field": null, "parent_Choice_Field": null, "parent_ChoiceGroup": null, "w": 51, "h": 22, "y": 1284, "x": 862, "structure_id": "Tb_62"}, {"parent_Field": null, "parent_Choice_Field": null, "parent_ChoiceGroup": null, "w": 453, "h": 22, "y": 1306, "x": 962, "structure_id": "Tb_63"}, {"parent_Field": null, "parent_Choice_Field": null, "parent_ChoiceGroup": null, "w": 52, "h": 22, "y": 1306, "x": 862, "structure_id": "Tb_64"}, {"parent_Field": null, "parent_Choice_Field": null, "parent_ChoiceGroup": null, "w": 304, "h": 22, "y": 1328, "x": 962, "structure_id": "Tb_65"}, {"parent_Field": null, "parent_Choice_Field": null, "parent_ChoiceGroup": null, "w": 37, "h": 22, "y": 1328, "x": 862, "structure_id": "Tb_66"}, {"parent_Field": null, "parent_Choice_Field": null, "parent_ChoiceGroup": null, "w": 314, "h": 23, "y": 1350, "x": 962, "structure_id": "Tb_67"}, {"parent_Field": null, "parent_Choice_Field": null, "parent_ChoiceGroup": null, "w": 37, "h": 23, "y": 1350, "x": 862, "structure_id": "Tb_68"}, {"parent_Field": null, "parent_Choice_Field": null, "parent_ChoiceGroup": null, "w": 159, "h": 22, "y": 1373, "x": 962, "structure_id": "Tb_69"}, {"parent_Field": null, "parent_Choice_Field": null, "parent_ChoiceGroup": null, "w": 37, "h": 22, "y": 1373, "x": 862, "structure_id": "Tb_70"}, {"parent_Field": null, "parent_Choice_Field": null, "parent_ChoiceGroup": "Chgp_1", "w": 174, "h": 39, "y": 864, "x": 91, "structure_id": "Tb_71"}, {"parent_Field": null, "parent_Choice_Field": "Chf_1", "parent_ChoiceGroup": "Chgp_1", "w": 72, "h": 20, "y": 937, "x": 131, "structure_id": "Tb_72"}, {"parent_Field": null, "parent_Choice_Field": "Chf_2", "parent_ChoiceGroup": "Chgp_1", "w": 80, "h": 20, "y": 986, "x": 131, "structure_id": "Tb_73"}, {"parent_Field": null, "parent_Choice_Field": null, "parent_ChoiceGroup": "Chgp_2", "w": 246, "h": 39, "y": 864, "x": 327, "structure_id": "Tb_74"}, {"parent_Field": null, "parent_Choice_Field": "Chf_3", "parent_ChoiceGroup": "Chgp_2", "w": 39, "h": 20, "y": 937, "x": 370, "structure_id": "Tb_75"}, {"parent_Field": null, "parent_Choice_Field": "Chf_4", "parent_ChoiceGroup": "Chgp_2", "w": 29, "h": 20, "y": 986, "x": 370, "structure_id": "Tb_76"}, {"parent_Field": null, "parent_Choice_Field": null, "parent_ChoiceGroup": null, "w": 368, "h": 23, "y": 1404, "x": 668, "structure_id": "Tb_77"}, {"parent_Field": "Fi_15", "parent_Choice_Field": null, "parent_ChoiceGroup": null, "w": 305, "h": 19, "y": 1586, "x": 850, "structure_id": "Tb_78"}, {"parent_Field": "Fi_15", "parent_Choice_Field": null, "parent_ChoiceGroup": null, "w": 15, "h": 36, "y": 1612.03125, "x": 870, "structure_id": "Tb_79"}, {"parent_Field": "Fi_16", "parent_Choice_Field": null, "parent_ChoiceGroup": null, "w": 395, "h": 19, "y": 1586, "x": 1210, "structure_id": "Tb_80"}, {"parent_Field": "Fi_17", "parent_Choice_Field": null, "parent_ChoiceGroup": null, "w": 254, "h": 19, "y": 1501, "x": 91, "structure_id": "Tb_81"}, {"parent_Field": "Fi_18", "parent_Choice_Field": null, "parent_ChoiceGroup": null, "w": 321, "h": 20, "y": 1501, "x": 1210, "structure_id": "Tb_82"}, {"parent_Field": "Fi_19", "parent_Choice_Field": null, "parent_ChoiceGroup": null, "w": 360, "h": 19, "y": 1586, "x": 91, "structure_id": "Tb_83"}, {"parent_Field": "Fi_20", "parent_Choice_Field": null, "parent_ChoiceGroup": null, "w": 363, "h": 43, "y": 1669, "x": 1209, "structure_id": "Tb_84"}, {"parent_Field": "Fi_21", "parent_Choice_Field": null, "parent_ChoiceGroup": null, "w": 239, "h": 20, "y": 1833, "x": 850, "structure_id": "Tb_85"}, {"parent_Field": null, "parent_Choice_Field": null, "parent_ChoiceGroup": null, "w": 1440, "h": 44, "y": 1437, "x": 104, "structure_id": "Tb_86"}, {"parent_Field": "Fi_22", "parent_Choice_Field": null, "parent_ChoiceGroup": null, "w": 244, "h": 20, "y": 1833, "x": 1210, "structure_id": "Tb_87"}, {"parent_Field": "Fi_22", "parent_Choice_Field": null, "parent_ChoiceGroup": null, "w": 13, "h": 27, "y": 1880.03125, "x": 1222.5, "structure_id": "Tb_88"}, {"parent_Field": "Fi_23", "parent_Choice_Field": null, "parent_ChoiceGroup": null, "w": 661, "h": 20, "y": 1935, "x": 91, "structure_id": "Tb_89"}, {"parent_Field": "Fi_24", "parent_Choice_Field": null, "parent_ChoiceGroup": null, "w": 257, "h": 43, "y": 1935, "x": 774, "structure_id": "Tb_90"}, {"parent_Field": null, "parent_Choice_Field": null, "parent_ChoiceGroup": "Chgp_3", "w": 405, "h": 19, "y": 1669, "x": 91, "structure_id": "Tb_91"}, {"parent_Field": null, "parent_Choice_Field": "Chf_5", "parent_ChoiceGroup": "Chgp_3", "w": 121, "h": 19, "y": 1706, "x": 131, "structure_id": "Tb_92"}, {"parent_Field": null, "parent_Choice_Field": "Chf_6", "parent_ChoiceGroup": "Chgp_3", "w": 261, "h": 20, "y": 1742, "x": 131, "structure_id": "Tb_93"}, {"parent_Field": null, "parent_Choice_Field": "Chf_7", "parent_ChoiceGroup": "Chgp_3", "w": 403, "h": 20, "y": 1778, "x": 131, "structure_id": "Tb_94"}, {"parent_Field": null, "parent_Choice_Field": "Chf_8", "parent_ChoiceGroup": "Chgp_3", "w": 428, "h": 19, "y": 1706, "x": 621, "structure_id": "Tb_95"}, {"parent_Field": null, "parent_Choice_Field": "Chf_9", "parent_ChoiceGroup": "Chgp_3", "w": 430, "h": 66, "y": 1755, "x": 621, "structure_id": "Tb_96"}, {"parent_Field": null, "parent_Choice_Field": null, "parent_ChoiceGroup": "Chgp_4", "w": 706, "h": 39, "y": 1833, "x": 91, "structure_id": "Tb_97"}, {"parent_Field": null, "parent_Choice_Field": "Chf_10", "parent_ChoiceGroup": "Chgp_4", "w": 499, "h": 39, "y": 1886, "x": 129, "structure_id": "Tb_98"}, {"parent_Field": null, "parent_Choice_Field": "Chf_11", "parent_ChoiceGroup": "Chgp_4", "w": 29, "h": 20, "y": 1894, "x": 728, "structure_id": "Tb_99"}, {"parent_Field": null, "parent_Choice_Field": null, "parent_ChoiceGroup": "Chgp_5", "w": 286, "h": 20, "y": 1936, "x": 1109, "structure_id": "Tb_100"}, {"parent_Field": null, "parent_Choice_Field": "Chf_12", "parent_ChoiceGroup": "Chgp_5", "w": 158, "h": 19, "y": 1980, "x": 1151, "structure_id": "Tb_101"}, {"parent_Field": null, "parent_Choice_Field": "Chf_13", "parent_ChoiceGroup": "Chgp_5", "w": 212, "h": 20, "y": 2021, "x": 1152, "structure_id": "Tb_102"}, {"parent_Field": null, "parent_Choice_Field": "Chf_14", "parent_ChoiceGroup": "Chgp_5", "w": 68, "h": 19, "y": 2063, "x": 1154, "structure_id": "Tb_103"}, {"parent_Field": null, "parent_Choice_Field": "Chf_15", "parent_ChoiceGroup": "Chgp_5", "w": 98, "h": 19, "y": 1980, "x": 1431, "structure_id": "Tb_104"}, {"parent_Field": null, "parent_Choice_Field": "Chf_16", "parent_ChoiceGroup": "Chgp_5", "w": 154, "h": 20, "y": 2021, "x": 1431, "structure_id": "Tb_105"}, {"parent_Field": null, "parent_Choice_Field": null, "parent_ChoiceGroup": null, "w": 823, "h": 39, "y": 95, "x": 724, "structure_id": "Tb_106"}, {"parent_Field": null, "parent_Choice_Field": null, "parent_ChoiceGroup": null, "w": 537, "h": 38, "y": 2104, "x": 545, "structure_id": "Tb_107"}], "Choice_Field": [{"y": 933.1275590551181, "x": 99.27795275590552, "structure_id": "Chf_1", "w": 103.72204724409448, "h": 27.777952755905517}, {"y": 982.244094488189, "x": 99.27795275590552, "structure_id": "Chf_2", "w": 111.72204724409448, "h": 27.777952755905517}, {"y": 933.1275590551181, "x": 338.0330708661417, "structure_id": "Chf_3", "w": 70.96692913385829, "h": 27.777952755905517}, {"y": 982.244094488189, "x": 338.0330708661417, "structure_id": "Chf_4", "w": 60.96692913385829, "h": 27.777952755905517}, {"y": 1701.5944881889764, "x": 97.92204724409449, "structure_id": "Chf_5", "w": 154.07795275590553, "h": 27.777952755905517}, {"y": 1737.9472440944883, "x": 97.92204724409449, "structure_id": "Chf_6", "w": 294.0779527559055, "h": 27.777952755905517}, {"y": 1774.3023622047244, "x": 97.92204724409449, "structure_id": "Chf_7", "w": 436.0779527559055, "h": 27.777952755905517}, {"y": 1701.5944881889764, "x": 587.7417322834646, "structure_id": "Chf_8", "w": 461.25826771653544, "h": 27.777952755905517}, {"y": 1755, "x": 587.7417322834646, "structure_id": "Chf_9", "w": 463.25826771653544, "h": 66}, {"y": 1886, "x": 97.93070866141733, "structure_id": "Chf_10", "w": 530.0692913385826, "h": 39}, {"y": 1890.0503937007873, "x": 698.4724409448819, "structure_id": "Chf_11", "w": 58.527559055118104, "h": 27.777952755905517}, {"y": 1975.4582677165354, "x": 1119.2141732283465, "structure_id": "Chf_12", "w": 189.78582677165355, "h": 27.777952755905517}, {"y": 2017.111023622047, "x": 1119.2141732283465, "structure_id": "Chf_13", "w": 244.78582677165355, "h": 27.777952755905517}, {"y": 2046.747244094488, "x": 1119.2141732283465, "structure_id": "Chf_14", "w": 495.0503937007877, "h": 45.73307086614159}, {"y": 1975.4582677165354, "x": 1399.5448818897637, "structure_id": "Chf_15", "w": 129.4551181102363, "h": 27.777952755905517}, {"y": 2017.111023622047, "x": 1399.5448818897637, "structure_id": "Chf_16", "w": 185.4551181102363, "h": 27.777952755905517}], "Field": [{"y": 949, "x": 608, "structure_id": "Fi_1", "w": 930.6055118110237, "h": 68.18582677165352}, {"y": 702, "x": 91, "structure_id": "Fi_2", "w": 786.1889763779528, "h": 150.64488188976384}, {"y": 617, "x": 969, "structure_id": "Fi_3", "w": 632.4362204724412, "h": 73.85039370078744}, {"y": 1027, "x": 91, "structure_id": "Fi_4", "w": 1184, "h": 71.17244094488206}, {"y": 702, "x": 969, "structure_id": "Fi_5", "w": 632.4362204724412, "h": 69.28897637795285}, {"y": 785, "x": 969, "structure_id": "Fi_6", "w": 632.4362204724412, "h": 67.68346456692927}, {"y": 433, "x": 608, "structure_id": "Fi_7", "w": 292, "h": 90.91102362204731}, {"y": 535, "x": 969, "structure_id": "Fi_8", "w": 632.4362204724412, "h": 71.55826771653551}, {"y": 864, "x": 610, "structure_id": "Fi_9", "w": 520.0141732283464, "h": 70.93622047244105}, {"y": 433, "x": 968, "structure_id": "Fi_10", "w": 306.64173228346453, "h": 90.91102362204731}, {"y": 864, "x": 1209, "structure_id": "Fi_11", "w": 327.10866141732276, "h": 70.93622047244105}, {"y": 433, "x": 86, "structure_id": "Fi_12", "w": 504.0141732283465, "h": 90.91102362204731}, {"y": 433, "x": 1289, "structure_id": "Fi_13", "w": 328, "h": 90.91102362204731}, {"y": 535, "x": 91, "structure_id": "Fi_14", "w": 786.1889763779528, "h": 154.5645669291339}, {"y": 1586, "x": 850, "structure_id": "Fi_15", "w": 305, "h": 70.5889763779528}, {"y": 1586, "x": 1210, "structure_id": "Fi_16", "w": 395, "h": 70.5889763779528}, {"y": 1501, "x": 91, "structure_id": "Fi_17", "w": 530.3968503937008, "h": 72.94488188976379}, {"y": 1501, "x": 1210, "structure_id": "Fi_18", "w": 321, "h": 72.94488188976379}, {"y": 1586, "x": 91, "structure_id": "Fi_19", "w": 737.5968503937008, "h": 70.5889763779528}, {"y": 1669, "x": 1209, "structure_id": "Fi_20", "w": 363, "h": 152.10000000000014}, {"y": 1833, "x": 848.5748031496064, "structure_id": "Fi_21", "w": 347.1748031496063, "h": 90.95826771653537}, {"y": 1833, "x": 1210, "structure_id": "Fi_22", "w": 290.0031496062991, "h": 90.95826771653537}, {"y": 1935, "x": 91, "structure_id": "Fi_23", "w": 663.2889763779527, "h": 156.02755905511822}, {"y": 1935, "x": 774, "structure_id": "Fi_24", "w": 291.97480314960626, "h": 154.7614173228344}], "TextRun": [{"parent_TextBlock": "Tb_1", "text": "OMB Number:  2900-0717", "parent_Field": null, "parent_Choice_Field": null, "parent_ChoiceGroup": null, "w": 233, "h": 19, "y": 32, "x": 1337, "structure_id": "Tr_1"}, {"parent_TextBlock": "Tb_1", "text": "Respondent Burden: 20 minutes", "parent_Field": null, "parent_Choice_Field": null, "parent_ChoiceGroup": null, "w": 279, "h": 20, "y": 55, "x": 1337, "structure_id": "Tr_2"}, {"parent_TextBlock": "Tb_2", "text": "PRIVACY", "parent_Field": null, "parent_Choice_Field": null, "parent_ChoiceGroup": null, "w": 108, "h": 22, "y": 150, "x": 104, "structure_id": "Tr_3"}, {"parent_TextBlock": "Tb_2", "text": "ACT", "parent_Field": null, "parent_Choice_Field": null, "parent_ChoiceGroup": null, "w": 52, "h": 22, "y": 150, "x": 213, "structure_id": "Tr_4"}, {"parent_TextBlock": "Tb_2", "text": "STATEMENT", "parent_Field": null, "parent_Choice_Field": null, "parent_ChoiceGroup": null, "w": 140, "h": 22, "y": 150, "x": 266, "structure_id": "Tr_5"}, {"parent_TextBlock": "Tb_2", "text": "Public", "parent_Field": null, "parent_Choice_Field": null, "parent_ChoiceGroup": null, "w": 62, "h": 22, "y": 150, "x": 426, "structure_id": "Tr_6"}, {"parent_TextBlock": "Tb_2", "text": "Law", "parent_Field": null, "parent_Choice_Field": null, "parent_ChoiceGroup": null, "w": 45, "h": 22, "y": 150, "x": 489, "structure_id": "Tr_7"}, {"parent_TextBlock": "Tb_2", "text": "107-67,", "parent_Field": null, "parent_Choice_Field": null, "parent_ChoiceGroup": null, "w": 75, "h": 22, "y": 150, "x": 534, "structure_id": "Tr_8"}, {"parent_TextBlock": "Tb_2", "text": "630", "parent_Field": null, "parent_Choice_Field": null, "parent_ChoiceGroup": null, "w": 39, "h": 22, "y": 150, "x": 627, "structure_id": "Tr_9"}, {"parent_TextBlock": "Tb_2", "text": "(September", "parent_Field": null, "parent_Choice_Field": null, "parent_ChoiceGroup": null, "w": 108, "h": 22, "y": 150, "x": 666, "structure_id": "Tr_10"}, {"parent_TextBlock": "Tb_2", "text": "2001)", "parent_Field": null, "parent_Choice_Field": null, "parent_ChoiceGroup": null, "w": 58, "h": 22, "y": 150, "x": 775, "structure_id": "Tr_11"}, {"parent_TextBlock": "Tb_2", "text": "confers", "parent_Field": null, "parent_Choice_Field": null, "parent_ChoiceGroup": null, "w": 71, "h": 22, "y": 150, "x": 833, "structure_id": "Tr_12"}, {"parent_TextBlock": "Tb_2", "text": "regulatory", "parent_Field": null, "parent_Choice_Field": null, "parent_ChoiceGroup": null, "w": 97, "h": 22, "y": 150, "x": 905, "structure_id": "Tr_13"}, {"parent_TextBlock": "Tb_2", "text": "authority", "parent_Field": null, "parent_Choice_Field": null, "parent_ChoiceGroup": null, "w": 86, "h": 22, "y": 150, "x": 1003, "structure_id": "Tr_14"}, {"parent_TextBlock": "Tb_2", "text": "on", "parent_Field": null, "parent_Choice_Field": null, "parent_ChoiceGroup": null, "w": 28, "h": 22, "y": 150, "x": 1089, "structure_id": "Tr_15"}, {"parent_TextBlock": "Tb_2", "text": "the", "parent_Field": null, "parent_Choice_Field": null, "parent_ChoiceGroup": null, "w": 33, "h": 22, "y": 150, "x": 1118, "structure_id": "Tr_16"}, {"parent_TextBlock": "Tb_2", "text": "Department", "parent_Field": null, "parent_Choice_Field": null, "parent_ChoiceGroup": null, "w": 111, "h": 22, "y": 150, "x": 1151, "structure_id": "Tr_17"}, {"parent_TextBlock": "Tb_2", "text": "of", "parent_Field": null, "parent_Choice_Field": null, "parent_ChoiceGroup": null, "w": 24, "h": 22, "y": 150, "x": 1263, "structure_id": "Tr_18"}, {"parent_TextBlock": "Tb_2", "text": "Veterans", "parent_Field": null, "parent_Choice_Field": null, "parent_ChoiceGroup": null, "w": 85, "h": 22, "y": 150, "x": 1287, "structure_id": "Tr_19"}, {"parent_TextBlock": "Tb_2", "text": "Affairs", "parent_Field": null, "parent_Choice_Field": null, "parent_ChoiceGroup": null, "w": 68, "h": 22, "y": 150, "x": 1373, "structure_id": "Tr_20"}, {"parent_TextBlock": "Tb_2", "text": "for", "parent_Field": null, "parent_Choice_Field": null, "parent_ChoiceGroup": null, "w": 31, "h": 22, "y": 150, "x": 1442, "structure_id": "Tr_21"}, {"parent_TextBlock": "Tb_2", "text": "agency", "parent_Field": null, "parent_Choice_Field": null, "parent_ChoiceGroup": null, "w": 69, "h": 22, "y": 150, "x": 1474, "structure_id": "Tr_22"}, {"parent_TextBlock": "Tb_2", "text": "use", "parent_Field": null, "parent_Choice_Field": null, "parent_ChoiceGroup": null, "w": 36, "h": 22, "y": 150, "x": 1543, "structure_id": "Tr_23"}, {"parent_TextBlock": "Tb_2", "text": "of", "parent_Field": null, "parent_Choice_Field": null, "parent_ChoiceGroup": null, "w": 23, "h": 22, "y": 150, "x": 1579, "structure_id": "Tr_24"}, {"parent_TextBlock": "Tb_2", "text": "appropriated", "parent_Field": null, "parent_Choice_Field": null, "parent_ChoiceGroup": null, "w": 118, "h": 22, "y": 172, "x": 104, "structure_id": "Tr_25"}, {"parent_TextBlock": "Tb_2", "text": "funds", "parent_Field": null, "parent_Choice_Field": null, "parent_ChoiceGroup": null, "w": 55, "h": 22, "y": 172, "x": 223, "structure_id": "Tr_26"}, {"parent_TextBlock": "Tb_2", "text": "for", "parent_Field": null, "parent_Choice_Field": null, "parent_ChoiceGroup": null, "w": 31, "h": 22, "y": 172, "x": 280, "structure_id": "Tr_27"}, {"parent_TextBlock": "Tb_2", "text": "child", "parent_Field": null, "parent_Choice_Field": null, "parent_ChoiceGroup": null, "w": 50, "h": 22, "y": 172, "x": 313, "structure_id": "Tr_28"}, {"parent_TextBlock": "Tb_2", "text": "care", "parent_Field": null, "parent_Choice_Field": null, "parent_ChoiceGroup": null, "w": 43, "h": 22, "y": 172, "x": 364, "structure_id": "Tr_29"}, {"parent_TextBlock": "Tb_2", "text": "costs", "parent_Field": null, "parent_Choice_Field": null, "parent_ChoiceGroup": null, "w": 50, "h": 22, "y": 172, "x": 409, "structure_id": "Tr_30"}, {"parent_TextBlock": "Tb_2", "text": "for", "parent_Field": null, "parent_Choice_Field": null, "parent_ChoiceGroup": null, "w": 32, "h": 22, "y": 172, "x": 460, "structure_id": "Tr_31"}, {"parent_TextBlock": "Tb_2", "text": "lower", "parent_Field": null, "parent_Choice_Field": null, "parent_ChoiceGroup": null, "w": 56, "h": 22, "y": 172, "x": 493, "structure_id": "Tr_32"}, {"parent_TextBlock": "Tb_2", "text": "income", "parent_Field": null, "parent_Choice_Field": null, "parent_ChoiceGroup": null, "w": 71, "h": 22, "y": 172, "x": 551, "structure_id": "Tr_33"}, {"parent_TextBlock": "Tb_2", "text": "Federal", "parent_Field": null, "parent_Choice_Field": null, "parent_ChoiceGroup": null, "w": 73, "h": 22, "y": 172, "x": 623, "structure_id": "Tr_34"}, {"parent_TextBlock": "Tb_2", "text": "employees.", "parent_Field": null, "parent_Choice_Field": null, "parent_ChoiceGroup": null, "w": 106, "h": 22, "y": 172, "x": 697, "structure_id": "Tr_35"}, {"parent_TextBlock": "Tb_2", "text": "Public", "parent_Field": null, "parent_Choice_Field": null, "parent_ChoiceGroup": null, "w": 62, "h": 22, "y": 172, "x": 812, "structure_id": "Tr_36"}, {"parent_TextBlock": "Tb_2", "text": "Law", "parent_Field": null, "parent_Choice_Field": null, "parent_ChoiceGroup": null, "w": 45, "h": 22, "y": 172, "x": 876, "structure_id": "Tr_37"}, {"parent_TextBlock": "Tb_2", "text": "104-134", "parent_Field": null, "parent_Choice_Field": null, "parent_ChoiceGroup": null, "w": 79, "h": 22, "y": 172, "x": 923, "structure_id": "Tr_38"}, {"parent_TextBlock": "Tb_2", "text": "(April", "parent_Field": null, "parent_Choice_Field": null, "parent_ChoiceGroup": null, "w": 60, "h": 22, "y": 172, "x": 1004, "structure_id": "Tr_39"}, {"parent_TextBlock": "Tb_2", "text": "26,", "parent_Field": null, "parent_Choice_Field": null, "parent_ChoiceGroup": null, "w": 34, "h": 22, "y": 172, "x": 1065, "structure_id": "Tr_40"}, {"parent_TextBlock": "Tb_2", "text": "1996)", "parent_Field": null, "parent_Choice_Field": null, "parent_ChoiceGroup": null, "w": 58, "h": 22, "y": 172, "x": 1100, "structure_id": "Tr_41"}, {"parent_TextBlock": "Tb_2", "text": "requires", "parent_Field": null, "parent_Choice_Field": null, "parent_ChoiceGroup": null, "w": 77, "h": 22, "y": 172, "x": 1159, "structure_id": "Tr_42"}, {"parent_TextBlock": "Tb_2", "text": "that", "parent_Field": null, "parent_Choice_Field": null, "parent_ChoiceGroup": null, "w": 39, "h": 22, "y": 172, "x": 1238, "structure_id": "Tr_43"}, {"parent_TextBlock": "Tb_2", "text": "any", "parent_Field": null, "parent_Choice_Field": null, "parent_ChoiceGroup": null, "w": 38, "h": 22, "y": 172, "x": 1278, "structure_id": "Tr_44"}, {"parent_TextBlock": "Tb_2", "text": "person", "parent_Field": null, "parent_Choice_Field": null, "parent_ChoiceGroup": null, "w": 64, "h": 22, "y": 172, "x": 1318, "structure_id": "Tr_45"}, {"parent_TextBlock": "Tb_2", "text": "doing", "parent_Field": null, "parent_Choice_Field": null, "parent_ChoiceGroup": null, "w": 56, "h": 22, "y": 172, "x": 1384, "structure_id": "Tr_46"}, {"parent_TextBlock": "Tb_2", "text": "business", "parent_Field": null, "parent_Choice_Field": null, "parent_ChoiceGroup": null, "w": 80, "h": 22, "y": 172, "x": 1442, "structure_id": "Tr_47"}, {"parent_TextBlock": "Tb_2", "text": "with", "parent_Field": null, "parent_Choice_Field": null, "parent_ChoiceGroup": null, "w": 45, "h": 22, "y": 172, "x": 1524, "structure_id": "Tr_48"}, {"parent_TextBlock": "Tb_2", "text": "the", "parent_Field": null, "parent_Choice_Field": null, "parent_ChoiceGroup": null, "w": 31, "h": 22, "y": 172, "x": 1571, "structure_id": "Tr_49"}, {"parent_TextBlock": "Tb_2", "text": "Federal", "parent_Field": null, "parent_Choice_Field": null, "parent_ChoiceGroup": null, "w": 72, "h": 23, "y": 194, "x": 104, "structure_id": "Tr_50"}, {"parent_TextBlock": "Tb_2", "text": "Government", "parent_Field": null, "parent_Choice_Field": null, "parent_ChoiceGroup": null, "w": 117, "h": 23, "y": 194, "x": 177, "structure_id": "Tr_51"}, {"parent_TextBlock": "Tb_2", "text": "furnish", "parent_Field": null, "parent_Choice_Field": null, "parent_ChoiceGroup": null, "w": 68, "h": 23, "y": 194, "x": 295, "structure_id": "Tr_52"}, {"parent_TextBlock": "Tb_2", "text": "Social", "parent_Field": null, "parent_Choice_Field": null, "parent_ChoiceGroup": null, "w": 61, "h": 23, "y": 194, "x": 380, "structure_id": "Tr_53"}, {"parent_TextBlock": "Tb_2", "text": "Security", "parent_Field": null, "parent_Choice_Field": null, "parent_ChoiceGroup": null, "w": 80, "h": 23, "y": 194, "x": 442, "structure_id": "Tr_54"}, {"parent_TextBlock": "Tb_2", "text": "Number", "parent_Field": null, "parent_Choice_Field": null, "parent_ChoiceGroup": null, "w": 78, "h": 23, "y": 194, "x": 523, "structure_id": "Tr_55"}, {"parent_TextBlock": "Tb_2", "text": "or", "parent_Field": null, "parent_Choice_Field": null, "parent_ChoiceGroup": null, "w": 24, "h": 23, "y": 194, "x": 602, "structure_id": "Tr_56"}, {"parent_TextBlock": "Tb_2", "text": "tax", "parent_Field": null, "parent_Choice_Field": null, "parent_ChoiceGroup": null, "w": 33, "h": 23, "y": 194, "x": 627, "structure_id": "Tr_57"}, {"parent_TextBlock": "Tb_2", "text": "identification", "parent_Field": null, "parent_Choice_Field": null, "parent_ChoiceGroup": null, "w": 124, "h": 23, "y": 194, "x": 661, "structure_id": "Tr_58"}, {"parent_TextBlock": "Tb_2", "text": "number.", "parent_Field": null, "parent_Choice_Field": null, "parent_ChoiceGroup": null, "w": 79, "h": 23, "y": 194, "x": 785, "structure_id": "Tr_59"}, {"parent_TextBlock": "Tb_2", "text": "This", "parent_Field": null, "parent_Choice_Field": null, "parent_ChoiceGroup": null, "w": 45, "h": 23, "y": 194, "x": 872, "structure_id": "Tr_60"}, {"parent_TextBlock": "Tb_2", "text": "is", "parent_Field": null, "parent_Choice_Field": null, "parent_ChoiceGroup": null, "w": 20, "h": 23, "y": 194, "x": 918, "structure_id": "Tr_61"}, {"parent_TextBlock": "Tb_2", "text": "an", "parent_Field": null, "parent_Choice_Field": null, "parent_ChoiceGroup": null, "w": 26, "h": 23, "y": 194, "x": 939, "structure_id": "Tr_62"}, {"parent_TextBlock": "Tb_2", "text": "amendment", "parent_Field": null, "parent_Choice_Field": null, "parent_ChoiceGroup": null, "w": 110, "h": 23, "y": 194, "x": 966, "structure_id": "Tr_63"}, {"parent_TextBlock": "Tb_2", "text": "to", "parent_Field": null, "parent_Choice_Field": null, "parent_ChoiceGroup": null, "w": 23, "h": 23, "y": 194, "x": 1076, "structure_id": "Tr_64"}, {"parent_TextBlock": "Tb_2", "text": "title", "parent_Field": null, "parent_Choice_Field": null, "parent_ChoiceGroup": null, "w": 40, "h": 23, "y": 194, "x": 1100, "structure_id": "Tr_65"}, {"parent_TextBlock": "Tb_2", "text": "31,", "parent_Field": null, "parent_Choice_Field": null, "parent_ChoiceGroup": null, "w": 34, "h": 23, "y": 194, "x": 1141, "structure_id": "Tr_66"}, {"parent_TextBlock": "Tb_2", "text": "Section", "parent_Field": null, "parent_Choice_Field": null, "parent_ChoiceGroup": null, "w": 73, "h": 23, "y": 194, "x": 1175, "structure_id": "Tr_67"}, {"parent_TextBlock": "Tb_2", "text": "7701.", "parent_Field": null, "parent_Choice_Field": null, "parent_ChoiceGroup": null, "w": 55, "h": 23, "y": 194, "x": 1249, "structure_id": "Tr_68"}, {"parent_TextBlock": "Tb_2", "text": "The", "parent_Field": null, "parent_Choice_Field": null, "parent_ChoiceGroup": null, "w": 41, "h": 23, "y": 194, "x": 1311, "structure_id": "Tr_69"}, {"parent_TextBlock": "Tb_2", "text": "primary", "parent_Field": null, "parent_Choice_Field": null, "parent_ChoiceGroup": null, "w": 76, "h": 23, "y": 194, "x": 1352, "structure_id": "Tr_70"}, {"parent_TextBlock": "Tb_2", "text": "use", "parent_Field": null, "parent_Choice_Field": null, "parent_ChoiceGroup": null, "w": 35, "h": 23, "y": 194, "x": 1429, "structure_id": "Tr_71"}, {"parent_TextBlock": "Tb_2", "text": "of", "parent_Field": null, "parent_Choice_Field": null, "parent_ChoiceGroup": null, "w": 24, "h": 23, "y": 194, "x": 1465, "structure_id": "Tr_72"}, {"parent_TextBlock": "Tb_2", "text": "these", "parent_Field": null, "parent_Choice_Field": null, "parent_ChoiceGroup": null, "w": 51, "h": 23, "y": 194, "x": 1490, "structure_id": "Tr_73"}, {"parent_TextBlock": "Tb_2", "text": "Social", "parent_Field": null, "parent_Choice_Field": null, "parent_ChoiceGroup": null, "w": 60, "h": 23, "y": 194, "x": 1542, "structure_id": "Tr_74"}, {"parent_TextBlock": "Tb_2", "text": "Security", "parent_Field": null, "parent_Choice_Field": null, "parent_ChoiceGroup": null, "w": 80, "h": 22, "y": 217, "x": 104, "structure_id": "Tr_75"}, {"parent_TextBlock": "Tb_2", "text": "Numbers", "parent_Field": null, "parent_Choice_Field": null, "parent_ChoiceGroup": null, "w": 87, "h": 22, "y": 217, "x": 184, "structure_id": "Tr_76"}, {"parent_TextBlock": "Tb_2", "text": "will", "parent_Field": null, "parent_Choice_Field": null, "parent_ChoiceGroup": null, "w": 40, "h": 22, "y": 217, "x": 271, "structure_id": "Tr_77"}, {"parent_TextBlock": "Tb_2", "text": "be", "parent_Field": null, "parent_Choice_Field": null, "parent_ChoiceGroup": null, "w": 26, "h": 22, "y": 217, "x": 312, "structure_id": "Tr_78"}, {"parent_TextBlock": "Tb_2", "text": "for", "parent_Field": null, "parent_Choice_Field": null, "parent_ChoiceGroup": null, "w": 31, "h": 22, "y": 217, "x": 339, "structure_id": "Tr_79"}, {"parent_TextBlock": "Tb_2", "text": "identification", "parent_Field": null, "parent_Choice_Field": null, "parent_ChoiceGroup": null, "w": 124, "h": 22, "y": 217, "x": 371, "structure_id": "Tr_80"}, {"parent_TextBlock": "Tb_2", "text": "purposes", "parent_Field": null, "parent_Choice_Field": null, "parent_ChoiceGroup": null, "w": 85, "h": 22, "y": 217, "x": 495, "structure_id": "Tr_81"}, {"parent_TextBlock": "Tb_2", "text": "in", "parent_Field": null, "parent_Choice_Field": null, "parent_ChoiceGroup": null, "w": 23, "h": 22, "y": 217, "x": 580, "structure_id": "Tr_82"}, {"parent_TextBlock": "Tb_2", "text": "determining", "parent_Field": null, "parent_Choice_Field": null, "parent_ChoiceGroup": null, "w": 113, "h": 22, "y": 217, "x": 603, "structure_id": "Tr_83"}, {"parent_TextBlock": "Tb_2", "text": "eligibility", "parent_Field": null, "parent_Choice_Field": null, "parent_ChoiceGroup": null, "w": 92, "h": 22, "y": 217, "x": 717, "structure_id": "Tr_84"}, {"parent_TextBlock": "Tb_2", "text": "for", "parent_Field": null, "parent_Choice_Field": null, "parent_ChoiceGroup": null, "w": 31, "h": 22, "y": 217, "x": 809, "structure_id": "Tr_85"}, {"parent_TextBlock": "Tb_2", "text": "child", "parent_Field": null, "parent_Choice_Field": null, "parent_ChoiceGroup": null, "w": 50, "h": 22, "y": 217, "x": 841, "structure_id": "Tr_86"}, {"parent_TextBlock": "Tb_2", "text": "care", "parent_Field": null, "parent_Choice_Field": null, "parent_ChoiceGroup": null, "w": 43, "h": 22, "y": 217, "x": 891, "structure_id": "Tr_87"}, {"parent_TextBlock": "Tb_2", "text": "subsidy.", "parent_Field": null, "parent_Choice_Field": null, "parent_ChoiceGroup": null, "w": 79, "h": 22, "y": 217, "x": 934, "structure_id": "Tr_88"}, {"parent_TextBlock": "Tb_2", "text": "The", "parent_Field": null, "parent_Choice_Field": null, "parent_ChoiceGroup": null, "w": 40, "h": 22, "y": 217, "x": 1020, "structure_id": "Tr_89"}, {"parent_TextBlock": "Tb_2", "text": "primary", "parent_Field": null, "parent_Choice_Field": null, "parent_ChoiceGroup": null, "w": 76, "h": 22, "y": 217, "x": 1060, "structure_id": "Tr_90"}, {"parent_TextBlock": "Tb_2", "text": "use", "parent_Field": null, "parent_Choice_Field": null, "parent_ChoiceGroup": null, "w": 36, "h": 22, "y": 217, "x": 1136, "structure_id": "Tr_91"}, {"parent_TextBlock": "Tb_2", "text": "of", "parent_Field": null, "parent_Choice_Field": null, "parent_ChoiceGroup": null, "w": 24, "h": 22, "y": 217, "x": 1172, "structure_id": "Tr_92"}, {"parent_TextBlock": "Tb_2", "text": "information", "parent_Field": null, "parent_Choice_Field": null, "parent_ChoiceGroup": null, "w": 111, "h": 22, "y": 217, "x": 1196, "structure_id": "Tr_93"}, {"parent_TextBlock": "Tb_2", "text": "regarding", "parent_Field": null, "parent_Choice_Field": null, "parent_ChoiceGroup": null, "w": 91, "h": 22, "y": 217, "x": 1307, "structure_id": "Tr_94"}, {"parent_TextBlock": "Tb_2", "text": "family", "parent_Field": null, "parent_Choice_Field": null, "parent_ChoiceGroup": null, "w": 64, "h": 22, "y": 217, "x": 1398, "structure_id": "Tr_95"}, {"parent_TextBlock": "Tb_2", "text": "income", "parent_Field": null, "parent_Choice_Field": null, "parent_ChoiceGroup": null, "w": 71, "h": 22, "y": 217, "x": 1462, "structure_id": "Tr_96"}, {"parent_TextBlock": "Tb_2", "text": "(copies", "parent_Field": null, "parent_Choice_Field": null, "parent_ChoiceGroup": null, "w": 68, "h": 22, "y": 217, "x": 1534, "structure_id": "Tr_97"}, {"parent_TextBlock": "Tb_2", "text": "of", "parent_Field": null, "parent_Choice_Field": null, "parent_ChoiceGroup": null, "w": 24, "h": 22, "y": 239, "x": 104, "structure_id": "Tr_98"}, {"parent_TextBlock": "Tb_2", "text": "pay", "parent_Field": null, "parent_Choice_Field": null, "parent_ChoiceGroup": null, "w": 38, "h": 22, "y": 239, "x": 128, "structure_id": "Tr_99"}, {"parent_TextBlock": "Tb_2", "text": "statements", "parent_Field": null, "parent_Choice_Field": null, "parent_ChoiceGroup": null, "w": 99, "h": 22, "y": 239, "x": 166, "structure_id": "Tr_100"}, {"parent_TextBlock": "Tb_2", "text": "and", "parent_Field": null, "parent_Choice_Field": null, "parent_ChoiceGroup": null, "w": 38, "h": 22, "y": 239, "x": 265, "structure_id": "Tr_101"}, {"parent_TextBlock": "Tb_2", "text": "tax", "parent_Field": null, "parent_Choice_Field": null, "parent_ChoiceGroup": null, "w": 33, "h": 22, "y": 239, "x": 303, "structure_id": "Tr_102"}, {"parent_TextBlock": "Tb_2", "text": "returns),", "parent_Field": null, "parent_Choice_Field": null, "parent_ChoiceGroup": null, "w": 80, "h": 22, "y": 239, "x": 336, "structure_id": "Tr_103"}, {"parent_TextBlock": "Tb_2", "text": "name", "parent_Field": null, "parent_Choice_Field": null, "parent_ChoiceGroup": null, "w": 54, "h": 22, "y": 239, "x": 416, "structure_id": "Tr_104"}, {"parent_TextBlock": "Tb_2", "text": "of", "parent_Field": null, "parent_Choice_Field": null, "parent_ChoiceGroup": null, "w": 24, "h": 22, "y": 239, "x": 470, "structure_id": "Tr_105"}, {"parent_TextBlock": "Tb_2", "text": "current", "parent_Field": null, "parent_Choice_Field": null, "parent_ChoiceGroup": null, "w": 68, "h": 22, "y": 239, "x": 494, "structure_id": "Tr_106"}, {"parent_TextBlock": "Tb_2", "text": "child", "parent_Field": null, "parent_Choice_Field": null, "parent_ChoiceGroup": null, "w": 50, "h": 22, "y": 239, "x": 563, "structure_id": "Tr_107"}, {"parent_TextBlock": "Tb_2", "text": "care", "parent_Field": null, "parent_Choice_Field": null, "parent_ChoiceGroup": null, "w": 42, "h": 22, "y": 239, "x": 613, "structure_id": "Tr_108"}, {"parent_TextBlock": "Tb_2", "text": "provider,", "parent_Field": null, "parent_Choice_Field": null, "parent_ChoiceGroup": null, "w": 87, "h": 22, "y": 239, "x": 655, "structure_id": "Tr_109"}, {"parent_TextBlock": "Tb_2", "text": "copies", "parent_Field": null, "parent_Choice_Field": null, "parent_ChoiceGroup": null, "w": 62, "h": 22, "y": 239, "x": 742, "structure_id": "Tr_110"}, {"parent_TextBlock": "Tb_2", "text": "of", "parent_Field": null, "parent_Choice_Field": null, "parent_ChoiceGroup": null, "w": 24, "h": 22, "y": 239, "x": 804, "structure_id": "Tr_111"}, {"parent_TextBlock": "Tb_2", "text": "the", "parent_Field": null, "parent_Choice_Field": null, "parent_ChoiceGroup": null, "w": 33, "h": 22, "y": 239, "x": 828, "structure_id": "Tr_112"}, {"parent_TextBlock": "Tb_2", "text": "provider's", "parent_Field": null, "parent_Choice_Field": null, "parent_ChoiceGroup": null, "w": 94, "h": 22, "y": 239, "x": 861, "structure_id": "Tr_113"}, {"parent_TextBlock": "Tb_2", "text": "license,", "parent_Field": null, "parent_Choice_Field": null, "parent_ChoiceGroup": null, "w": 73, "h": 22, "y": 239, "x": 955, "structure_id": "Tr_114"}, {"parent_TextBlock": "Tb_2", "text": "statement", "parent_Field": null, "parent_Choice_Field": null, "parent_ChoiceGroup": null, "w": 90, "h": 22, "y": 239, "x": 1028, "structure_id": "Tr_115"}, {"parent_TextBlock": "Tb_2", "text": "of", "parent_Field": null, "parent_Choice_Field": null, "parent_ChoiceGroup": null, "w": 24, "h": 22, "y": 239, "x": 1118, "structure_id": "Tr_116"}, {"parent_TextBlock": "Tb_2", "text": "compliance,", "parent_Field": null, "parent_Choice_Field": null, "parent_ChoiceGroup": null, "w": 113, "h": 22, "y": 239, "x": 1143, "structure_id": "Tr_117"}, {"parent_TextBlock": "Tb_2", "text": "and", "parent_Field": null, "parent_Choice_Field": null, "parent_ChoiceGroup": null, "w": 38, "h": 22, "y": 239, "x": 1256, "structure_id": "Tr_118"}, {"parent_TextBlock": "Tb_2", "text": "information", "parent_Field": null, "parent_Choice_Field": null, "parent_ChoiceGroup": null, "w": 110, "h": 22, "y": 239, "x": 1294, "structure_id": "Tr_119"}, {"parent_TextBlock": "Tb_2", "text": "about", "parent_Field": null, "parent_Choice_Field": null, "parent_ChoiceGroup": null, "w": 55, "h": 22, "y": 239, "x": 1404, "structure_id": "Tr_120"}, {"parent_TextBlock": "Tb_2", "text": "other", "parent_Field": null, "parent_Choice_Field": null, "parent_ChoiceGroup": null, "w": 52, "h": 22, "y": 239, "x": 1459, "structure_id": "Tr_121"}, {"parent_TextBlock": "Tb_2", "text": "child", "parent_Field": null, "parent_Choice_Field": null, "parent_ChoiceGroup": null, "w": 50, "h": 22, "y": 239, "x": 1511, "structure_id": "Tr_122"}, {"parent_TextBlock": "Tb_2", "text": "care", "parent_Field": null, "parent_Choice_Field": null, "parent_ChoiceGroup": null, "w": 41, "h": 22, "y": 239, "x": 1561, "structure_id": "Tr_123"}, {"parent_TextBlock": "Tb_2", "text": "subsidies", "parent_Field": null, "parent_Choice_Field": null, "parent_ChoiceGroup": null, "w": 87, "h": 22, "y": 261, "x": 104, "structure_id": "Tr_124"}, {"parent_TextBlock": "Tb_2", "text": "is", "parent_Field": null, "parent_Choice_Field": null, "parent_ChoiceGroup": null, "w": 20, "h": 22, "y": 261, "x": 194, "structure_id": "Tr_125"}, {"parent_TextBlock": "Tb_2", "text": "also", "parent_Field": null, "parent_Choice_Field": null, "parent_ChoiceGroup": null, "w": 41, "h": 22, "y": 261, "x": 217, "structure_id": "Tr_126"}, {"parent_TextBlock": "Tb_2", "text": "used", "parent_Field": null, "parent_Choice_Field": null, "parent_ChoiceGroup": null, "w": 47, "h": 22, "y": 261, "x": 261, "structure_id": "Tr_127"}, {"parent_TextBlock": "Tb_2", "text": "to", "parent_Field": null, "parent_Choice_Field": null, "parent_ChoiceGroup": null, "w": 23, "h": 22, "y": 261, "x": 310, "structure_id": "Tr_128"}, {"parent_TextBlock": "Tb_2", "text": "determine", "parent_Field": null, "parent_Choice_Field": null, "parent_ChoiceGroup": null, "w": 95, "h": 22, "y": 261, "x": 336, "structure_id": "Tr_129"}, {"parent_TextBlock": "Tb_2", "text": "eligibility", "parent_Field": null, "parent_Choice_Field": null, "parent_ChoiceGroup": null, "w": 92, "h": 22, "y": 261, "x": 433, "structure_id": "Tr_130"}, {"parent_TextBlock": "Tb_2", "text": "for", "parent_Field": null, "parent_Choice_Field": null, "parent_ChoiceGroup": null, "w": 32, "h": 22, "y": 261, "x": 528, "structure_id": "Tr_131"}, {"parent_TextBlock": "Tb_2", "text": "child", "parent_Field": null, "parent_Choice_Field": null, "parent_ChoiceGroup": null, "w": 50, "h": 22, "y": 261, "x": 563, "structure_id": "Tr_132"}, {"parent_TextBlock": "Tb_2", "text": "care", "parent_Field": null, "parent_Choice_Field": null, "parent_ChoiceGroup": null, "w": 43, "h": 22, "y": 261, "x": 615, "structure_id": "Tr_133"}, {"parent_TextBlock": "Tb_2", "text": "subsidy.", "parent_Field": null, "parent_Choice_Field": null, "parent_ChoiceGroup": null, "w": 79, "h": 22, "y": 261, "x": 661, "structure_id": "Tr_134"}, {"parent_TextBlock": "Tb_2", "text": "Disclosure", "parent_Field": null, "parent_Choice_Field": null, "parent_ChoiceGroup": null, "w": 101, "h": 22, "y": 261, "x": 751, "structure_id": "Tr_135"}, {"parent_TextBlock": "Tb_2", "text": "of", "parent_Field": null, "parent_Choice_Field": null, "parent_ChoiceGroup": null, "w": 24, "h": 22, "y": 261, "x": 855, "structure_id": "Tr_136"}, {"parent_TextBlock": "Tb_2", "text": "the", "parent_Field": null, "parent_Choice_Field": null, "parent_ChoiceGroup": null, "w": 32, "h": 22, "y": 261, "x": 882, "structure_id": "Tr_137"}, {"parent_TextBlock": "Tb_2", "text": "above", "parent_Field": null, "parent_Choice_Field": null, "parent_ChoiceGroup": null, "w": 59, "h": 22, "y": 261, "x": 917, "structure_id": "Tr_138"}, {"parent_TextBlock": "Tb_2", "text": "information", "parent_Field": null, "parent_Choice_Field": null, "parent_ChoiceGroup": null, "w": 110, "h": 22, "y": 261, "x": 979, "structure_id": "Tr_139"}, {"parent_TextBlock": "Tb_2", "text": "is", "parent_Field": null, "parent_Choice_Field": null, "parent_ChoiceGroup": null, "w": 20, "h": 22, "y": 261, "x": 1092, "structure_id": "Tr_140"}, {"parent_TextBlock": "Tb_2", "text": "voluntary,", "parent_Field": null, "parent_Choice_Field": null, "parent_ChoiceGroup": null, "w": 96, "h": 22, "y": 261, "x": 1115, "structure_id": "Tr_141"}, {"parent_TextBlock": "Tb_2", "text": "but", "parent_Field": null, "parent_Choice_Field": null, "parent_ChoiceGroup": null, "w": 34, "h": 22, "y": 261, "x": 1214, "structure_id": "Tr_142"}, {"parent_TextBlock": "Tb_2", "text": "failure", "parent_Field": null, "parent_Choice_Field": null, "parent_ChoiceGroup": null, "w": 64, "h": 22, "y": 261, "x": 1251, "structure_id": "Tr_143"}, {"parent_TextBlock": "Tb_2", "text": "to", "parent_Field": null, "parent_Choice_Field": null, "parent_ChoiceGroup": null, "w": 22, "h": 22, "y": 261, "x": 1318, "structure_id": "Tr_144"}, {"parent_TextBlock": "Tb_2", "text": "provide", "parent_Field": null, "parent_Choice_Field": null, "parent_ChoiceGroup": null, "w": 74, "h": 22, "y": 261, "x": 1343, "structure_id": "Tr_145"}, {"parent_TextBlock": "Tb_2", "text": "all", "parent_Field": null, "parent_Choice_Field": null, "parent_ChoiceGroup": null, "w": 27, "h": 22, "y": 261, "x": 1420, "structure_id": "Tr_146"}, {"parent_TextBlock": "Tb_2", "text": "of", "parent_Field": null, "parent_Choice_Field": null, "parent_ChoiceGroup": null, "w": 24, "h": 22, "y": 261, "x": 1450, "structure_id": "Tr_147"}, {"parent_TextBlock": "Tb_2", "text": "the", "parent_Field": null, "parent_Choice_Field": null, "parent_ChoiceGroup": null, "w": 33, "h": 22, "y": 261, "x": 1477, "structure_id": "Tr_148"}, {"parent_TextBlock": "Tb_2", "text": "requested", "parent_Field": null, "parent_Choice_Field": null, "parent_ChoiceGroup": null, "w": 89, "h": 22, "y": 261, "x": 1513, "structure_id": "Tr_149"}, {"parent_TextBlock": "Tb_2", "text": "information may result in denial of your application.", "parent_Field": null, "parent_Choice_Field": null, "parent_ChoiceGroup": null, "w": 466, "h": 23, "y": 283, "x": 104, "structure_id": "Tr_150"}, {"parent_TextBlock": "Tb_3", "text": "VA FORM", "parent_Field": null, "parent_Choice_Field": null, "parent_ChoiceGroup": null, "w": 94, "h": 20, "y": 2104, "x": 90, "structure_id": "Tr_151"}, {"parent_TextBlock": "Tb_3", "text": "AUG 2012", "parent_Field": null, "parent_Choice_Field": null, "parent_ChoiceGroup": null, "w": 90, "h": 19, "y": 2124, "x": 90, "structure_id": "Tr_152"}, {"parent_TextBlock": "Tb_4", "text": "0730a", "parent_Field": null, "parent_Choice_Field": null, "parent_ChoiceGroup": null, "w": 108, "h": 39, "y": 2103, "x": 201, "structure_id": "Tr_153"}, {"parent_TextBlock": "Tb_5", "text": "SECTION I - PARENT/LEGAL GUARDIAN INFORMATION", "parent_Field": null, "parent_Choice_Field": null, "parent_ChoiceGroup": null, "w": 593, "h": 22, "y": 320, "x": 554, "structure_id": "Tr_154"}, {"parent_TextBlock": "Tb_6", "text": "15. EMPLOYING AGENCY OF SPOUSE", "parent_Field": "Fi_1", "parent_Choice_Field": null, "parent_ChoiceGroup": null, "w": 355, "h": 19, "y": 949, "x": 608, "structure_id": "Tr_155"}, {"parent_TextBlock": "Tb_7", "text": "8. HOME ADDRESS", "parent_Field": "Fi_2", "parent_Choice_Field": null, "parent_ChoiceGroup": null, "w": 185, "h": 19, "y": 702, "x": 91, "structure_id": "Tr_156"}, {"parent_TextBlock": "Tb_7", "text": "(Include street number, city, state and ZIP Code)", "parent_Field": "Fi_2", "parent_Choice_Field": null, "parent_ChoiceGroup": null, "w": 382, "h": 19, "y": 702, "x": 276, "structure_id": "Tr_157"}, {"parent_TextBlock": "Tb_8", "text": "7. WORK TELEPHONE NUMBER/EXTENSION", "parent_Field": "Fi_3", "parent_Choice_Field": null, "parent_ChoiceGroup": null, "w": 412, "h": 20, "y": 617, "x": 969, "structure_id": "Tr_158"}, {"parent_TextBlock": "Tb_9", "text": "16.  TOTAL FAMILY INCOME AS REPORTED ON ADJUSTED GROSS INCOME LINE OF MOST RECENT IRS FORM 1040 OR 1040A.", "parent_Field": "Fi_4", "parent_Choice_Field": null, "parent_ChoiceGroup": null, "w": 1184, "h": 19, "y": 1027, "x": 91, "structure_id": "Tr_159"}, {"parent_TextBlock": "Tb_10", "text": "", "parent_Field": "Fi_4", "parent_Choice_Field": null, "parent_ChoiceGroup": null, "w": 18, "h": 31, "y": 1054.03125, "x": 120, "structure_id": "Tr_160"}, {"parent_TextBlock": "Tb_11", "text": "9. HOME E-MAIL ADDRESS", "parent_Field": "Fi_5", "parent_Choice_Field": null, "parent_ChoiceGroup": null, "w": 249, "h": 19, "y": 702, "x": 969, "structure_id": "Tr_161"}, {"parent_TextBlock": "Tb_12", "text": "10. HOME TELEPHONE NUMBER", "parent_Field": "Fi_6", "parent_Choice_Field": null, "parent_ChoiceGroup": null, "w": 303, "h": 20, "y": 785, "x": 969, "structure_id": "Tr_162"}, {"parent_TextBlock": "Tb_13", "text": "2. SOCIAL SECURITY NUMBER", "parent_Field": "Fi_7", "parent_Choice_Field": null, "parent_ChoiceGroup": null, "w": 292, "h": 19, "y": 433, "x": 608, "structure_id": "Tr_163"}, {"parent_TextBlock": "Tb_14", "text": "6. WORK E-MAIL ADDRESS", "parent_Field": "Fi_8", "parent_Choice_Field": null, "parent_ChoiceGroup": null, "w": 251, "h": 20, "y": 535, "x": 969, "structure_id": "Tr_164"}, {"parent_TextBlock": "Tb_15", "text": "NOTE:", "parent_Field": null, "parent_Choice_Field": null, "parent_ChoiceGroup": null, "w": 70, "h": 22, "y": 352, "x": 104, "structure_id": "Tr_165"}, {"parent_TextBlock": "Tb_15", "text": "Applications", "parent_Field": null, "parent_Choice_Field": null, "parent_ChoiceGroup": null, "w": 119, "h": 22, "y": 352, "x": 186, "structure_id": "Tr_166"}, {"parent_TextBlock": "Tb_15", "text": "that", "parent_Field": null, "parent_Choice_Field": null, "parent_ChoiceGroup": null, "w": 39, "h": 22, "y": 352, "x": 305, "structure_id": "Tr_167"}, {"parent_TextBlock": "Tb_15", "text": "are", "parent_Field": null, "parent_Choice_Field": null, "parent_ChoiceGroup": null, "w": 33, "h": 22, "y": 352, "x": 344, "structure_id": "Tr_168"}, {"parent_TextBlock": "Tb_15", "text": "not", "parent_Field": null, "parent_Choice_Field": null, "parent_ChoiceGroup": null, "w": 34, "h": 22, "y": 352, "x": 377, "structure_id": "Tr_169"}, {"parent_TextBlock": "Tb_15", "text": "fully", "parent_Field": null, "parent_Choice_Field": null, "parent_ChoiceGroup": null, "w": 48, "h": 22, "y": 352, "x": 411, "structure_id": "Tr_170"}, {"parent_TextBlock": "Tb_15", "text": "completed", "parent_Field": null, "parent_Choice_Field": null, "parent_ChoiceGroup": null, "w": 98, "h": 22, "y": 352, "x": 459, "structure_id": "Tr_171"}, {"parent_TextBlock": "Tb_15", "text": "or", "parent_Field": null, "parent_Choice_Field": null, "parent_ChoiceGroup": null, "w": 24, "h": 22, "y": 352, "x": 558, "structure_id": "Tr_172"}, {"parent_TextBlock": "Tb_15", "text": "do", "parent_Field": null, "parent_Choice_Field": null, "parent_ChoiceGroup": null, "w": 28, "h": 22, "y": 352, "x": 582, "structure_id": "Tr_173"}, {"parent_TextBlock": "Tb_15", "text": "not", "parent_Field": null, "parent_Choice_Field": null, "parent_ChoiceGroup": null, "w": 34, "h": 22, "y": 352, "x": 610, "structure_id": "Tr_174"}, {"parent_TextBlock": "Tb_15", "text": "contain", "parent_Field": null, "parent_Choice_Field": null, "parent_ChoiceGroup": null, "w": 71, "h": 22, "y": 352, "x": 644, "structure_id": "Tr_175"}, {"parent_TextBlock": "Tb_15", "text": "the", "parent_Field": null, "parent_Choice_Field": null, "parent_ChoiceGroup": null, "w": 33, "h": 22, "y": 352, "x": 715, "structure_id": "Tr_176"}, {"parent_TextBlock": "Tb_15", "text": "information", "parent_Field": null, "parent_Choice_Field": null, "parent_ChoiceGroup": null, "w": 111, "h": 22, "y": 352, "x": 748, "structure_id": "Tr_177"}, {"parent_TextBlock": "Tb_15", "text": "listed", "parent_Field": null, "parent_Choice_Field": null, "parent_ChoiceGroup": null, "w": 54, "h": 22, "y": 352, "x": 859, "structure_id": "Tr_178"}, {"parent_TextBlock": "Tb_15", "text": "below", "parent_Field": null, "parent_Choice_Field": null, "parent_ChoiceGroup": null, "w": 60, "h": 22, "y": 352, "x": 913, "structure_id": "Tr_179"}, {"parent_TextBlock": "Tb_15", "text": "will", "parent_Field": null, "parent_Choice_Field": null, "parent_ChoiceGroup": null, "w": 40, "h": 22, "y": 352, "x": 973, "structure_id": "Tr_180"}, {"parent_TextBlock": "Tb_15", "text": "not", "parent_Field": null, "parent_Choice_Field": null, "parent_ChoiceGroup": null, "w": 34, "h": 22, "y": 352, "x": 1013, "structure_id": "Tr_181"}, {"parent_TextBlock": "Tb_15", "text": "be", "parent_Field": null, "parent_Choice_Field": null, "parent_ChoiceGroup": null, "w": 26, "h": 22, "y": 352, "x": 1048, "structure_id": "Tr_182"}, {"parent_TextBlock": "Tb_15", "text": "processed", "parent_Field": null, "parent_Choice_Field": null, "parent_ChoiceGroup": null, "w": 93, "h": 22, "y": 352, "x": 1074, "structure_id": "Tr_183"}, {"parent_TextBlock": "Tb_15", "text": "and", "parent_Field": null, "parent_Choice_Field": null, "parent_ChoiceGroup": null, "w": 37, "h": 22, "y": 352, "x": 1168, "structure_id": "Tr_184"}, {"parent_TextBlock": "Tb_15", "text": "will", "parent_Field": null, "parent_Choice_Field": null, "parent_ChoiceGroup": null, "w": 40, "h": 22, "y": 352, "x": 1206, "structure_id": "Tr_185"}, {"parent_TextBlock": "Tb_15", "text": "be", "parent_Field": null, "parent_Choice_Field": null, "parent_ChoiceGroup": null, "w": 26, "h": 22, "y": 352, "x": 1246, "structure_id": "Tr_186"}, {"parent_TextBlock": "Tb_15", "text": "returned", "parent_Field": null, "parent_Choice_Field": null, "parent_ChoiceGroup": null, "w": 79, "h": 22, "y": 352, "x": 1273, "structure_id": "Tr_187"}, {"parent_TextBlock": "Tb_15", "text": "to", "parent_Field": null, "parent_Choice_Field": null, "parent_ChoiceGroup": null, "w": 22, "h": 22, "y": 352, "x": 1353, "structure_id": "Tr_188"}, {"parent_TextBlock": "Tb_15", "text": "the", "parent_Field": null, "parent_Choice_Field": null, "parent_ChoiceGroup": null, "w": 32, "h": 22, "y": 352, "x": 1376, "structure_id": "Tr_189"}, {"parent_TextBlock": "Tb_15", "text": "applicant", "parent_Field": null, "parent_Choice_Field": null, "parent_ChoiceGroup": null, "w": 87, "h": 22, "y": 352, "x": 1409, "structure_id": "Tr_190"}, {"parent_TextBlock": "Tb_15", "text": "through", "parent_Field": null, "parent_Choice_Field": null, "parent_ChoiceGroup": null, "w": 74, "h": 22, "y": 352, "x": 1496, "structure_id": "Tr_191"}, {"parent_TextBlock": "Tb_15", "text": "the", "parent_Field": null, "parent_Choice_Field": null, "parent_ChoiceGroup": null, "w": 31, "h": 22, "y": 352, "x": 1571, "structure_id": "Tr_192"}, {"parent_TextBlock": "Tb_15", "text": "submitting", "parent_Field": null, "parent_Choice_Field": null, "parent_ChoiceGroup": null, "w": 101, "h": 23, "y": 374, "x": 104, "structure_id": "Tr_193"}, {"parent_TextBlock": "Tb_15", "text": "HR", "parent_Field": null, "parent_Choice_Field": null, "parent_ChoiceGroup": null, "w": 37, "h": 23, "y": 374, "x": 205, "structure_id": "Tr_194"}, {"parent_TextBlock": "Tb_15", "text": "office.", "parent_Field": null, "parent_Choice_Field": null, "parent_ChoiceGroup": null, "w": 63, "h": 23, "y": 374, "x": 242, "structure_id": "Tr_195"}, {"parent_TextBlock": "Tb_15", "text": "If", "parent_Field": null, "parent_Choice_Field": null, "parent_ChoiceGroup": null, "w": 20, "h": 23, "y": 374, "x": 312, "structure_id": "Tr_196"}, {"parent_TextBlock": "Tb_15", "text": "you", "parent_Field": null, "parent_Choice_Field": null, "parent_ChoiceGroup": null, "w": 39, "h": 23, "y": 374, "x": 333, "structure_id": "Tr_197"}, {"parent_TextBlock": "Tb_15", "text": "do", "parent_Field": null, "parent_Choice_Field": null, "parent_ChoiceGroup": null, "w": 28, "h": 23, "y": 374, "x": 372, "structure_id": "Tr_198"}, {"parent_TextBlock": "Tb_15", "text": "not", "parent_Field": null, "parent_Choice_Field": null, "parent_ChoiceGroup": null, "w": 34, "h": 23, "y": 374, "x": 400, "structure_id": "Tr_199"}, {"parent_TextBlock": "Tb_15", "text": "provide", "parent_Field": null, "parent_Choice_Field": null, "parent_ChoiceGroup": null, "w": 73, "h": 23, "y": 374, "x": 435, "structure_id": "Tr_200"}, {"parent_TextBlock": "Tb_15", "text": "all", "parent_Field": null, "parent_Choice_Field": null, "parent_ChoiceGroup": null, "w": 28, "h": 23, "y": 374, "x": 509, "structure_id": "Tr_201"}, {"parent_TextBlock": "Tb_15", "text": "of", "parent_Field": null, "parent_Choice_Field": null, "parent_ChoiceGroup": null, "w": 24, "h": 23, "y": 374, "x": 537, "structure_id": "Tr_202"}, {"parent_TextBlock": "Tb_15", "text": "the", "parent_Field": null, "parent_Choice_Field": null, "parent_ChoiceGroup": null, "w": 33, "h": 23, "y": 374, "x": 562, "structure_id": "Tr_203"}, {"parent_TextBlock": "Tb_15", "text": "information", "parent_Field": null, "parent_Choice_Field": null, "parent_ChoiceGroup": null, "w": 111, "h": 23, "y": 374, "x": 595, "structure_id": "Tr_204"}, {"parent_TextBlock": "Tb_15", "text": "requested,", "parent_Field": null, "parent_Choice_Field": null, "parent_ChoiceGroup": null, "w": 97, "h": 23, "y": 374, "x": 706, "structure_id": "Tr_205"}, {"parent_TextBlock": "Tb_15", "text": "you", "parent_Field": null, "parent_Choice_Field": null, "parent_ChoiceGroup": null, "w": 39, "h": 23, "y": 374, "x": 803, "structure_id": "Tr_206"}, {"parent_TextBlock": "Tb_15", "text": "will", "parent_Field": null, "parent_Choice_Field": null, "parent_ChoiceGroup": null, "w": 40, "h": 23, "y": 374, "x": 843, "structure_id": "Tr_207"}, {"parent_TextBlock": "Tb_15", "text": "not", "parent_Field": null, "parent_Choice_Field": null, "parent_ChoiceGroup": null, "w": 34, "h": 23, "y": 374, "x": 883, "structure_id": "Tr_208"}, {"parent_TextBlock": "Tb_15", "text": "receive", "parent_Field": null, "parent_Choice_Field": null, "parent_ChoiceGroup": null, "w": 70, "h": 23, "y": 374, "x": 918, "structure_id": "Tr_209"}, {"parent_TextBlock": "Tb_15", "text": "subsidy", "parent_Field": null, "parent_Choice_Field": null, "parent_ChoiceGroup": null, "w": 74, "h": 23, "y": 374, "x": 1004, "structure_id": "Tr_210"}, {"parent_TextBlock": "Tb_15", "text": "award.", "parent_Field": null, "parent_Choice_Field": null, "parent_ChoiceGroup": null, "w": 66, "h": 23, "y": 374, "x": 1078, "structure_id": "Tr_211"}, {"parent_TextBlock": "Tb_15", "text": "When", "parent_Field": null, "parent_Choice_Field": null, "parent_ChoiceGroup": null, "w": 59, "h": 23, "y": 374, "x": 1150, "structure_id": "Tr_212"}, {"parent_TextBlock": "Tb_15", "text": "more", "parent_Field": null, "parent_Choice_Field": null, "parent_ChoiceGroup": null, "w": 52, "h": 23, "y": 374, "x": 1209, "structure_id": "Tr_213"}, {"parent_TextBlock": "Tb_15", "text": "than", "parent_Field": null, "parent_Choice_Field": null, "parent_ChoiceGroup": null, "w": 44, "h": 23, "y": 374, "x": 1261, "structure_id": "Tr_214"}, {"parent_TextBlock": "Tb_15", "text": "one", "parent_Field": null, "parent_Choice_Field": null, "parent_ChoiceGroup": null, "w": 37, "h": 23, "y": 374, "x": 1306, "structure_id": "Tr_215"}, {"parent_TextBlock": "Tb_15", "text": "parent", "parent_Field": null, "parent_Choice_Field": null, "parent_ChoiceGroup": null, "w": 61, "h": 23, "y": 374, "x": 1344, "structure_id": "Tr_216"}, {"parent_TextBlock": "Tb_15", "text": "works", "parent_Field": null, "parent_Choice_Field": null, "parent_ChoiceGroup": null, "w": 60, "h": 23, "y": 374, "x": 1405, "structure_id": "Tr_217"}, {"parent_TextBlock": "Tb_15", "text": "for", "parent_Field": null, "parent_Choice_Field": null, "parent_ChoiceGroup": null, "w": 31, "h": 23, "y": 374, "x": 1466, "structure_id": "Tr_218"}, {"parent_TextBlock": "Tb_15", "text": "the", "parent_Field": null, "parent_Choice_Field": null, "parent_ChoiceGroup": null, "w": 33, "h": 23, "y": 374, "x": 1498, "structure_id": "Tr_219"}, {"parent_TextBlock": "Tb_15", "text": "Federal", "parent_Field": null, "parent_Choice_Field": null, "parent_ChoiceGroup": null, "w": 71, "h": 23, "y": 374, "x": 1531, "structure_id": "Tr_220"}, {"parent_TextBlock": "Tb_15", "text": "Government, subsidies cannot be awarded for the child/children by more than one Federal agency.", "parent_Field": null, "parent_Choice_Field": null, "parent_ChoiceGroup": null, "w": 876, "h": 22, "y": 397, "x": 104, "structure_id": "Tr_221"}, {"parent_TextBlock": "Tb_16", "text": "13. NAME OF SPOUSE", "parent_Field": "Fi_9", "parent_Choice_Field": null, "parent_ChoiceGroup": null, "w": 207, "h": 20, "y": 864, "x": 610, "structure_id": "Tr_222"}, {"parent_TextBlock": "Tb_16", "text": "(Last, first, middle initial)", "parent_Field": "Fi_9", "parent_Choice_Field": null, "parent_ChoiceGroup": null, "w": 207, "h": 20, "y": 864, "x": 817, "structure_id": "Tr_223"}, {"parent_TextBlock": "Tb_17", "text": "ORGANIZATIONAL CODES", "parent_Field": null, "parent_Choice_Field": null, "parent_ChoiceGroup": null, "w": 246, "h": 19, "y": 1113, "x": 94, "structure_id": "Tr_224"}, {"parent_TextBlock": "Tb_18", "text": "3. JOB SERIES/GRADE", "parent_Field": "Fi_10", "parent_Choice_Field": null, "parent_ChoiceGroup": null, "w": 211, "h": 19, "y": 433, "x": 968, "structure_id": "Tr_225"}, {"parent_TextBlock": "Tb_19", "text": "14. GRADE OF SPOUSE", "parent_Field": "Fi_11", "parent_Choice_Field": null, "parent_ChoiceGroup": null, "w": 220, "h": 20, "y": 864, "x": 1209, "structure_id": "Tr_226"}, {"parent_TextBlock": "Tb_20", "text": "1. NAME", "parent_Field": "Fi_12", "parent_Choice_Field": null, "parent_ChoiceGroup": null, "w": 78, "h": 19, "y": 433, "x": 86, "structure_id": "Tr_227"}, {"parent_TextBlock": "Tb_20", "text": "(Last, first, middle initial)", "parent_Field": "Fi_12", "parent_Choice_Field": null, "parent_ChoiceGroup": null, "w": 202, "h": 19, "y": 433, "x": 168, "structure_id": "Tr_228"}, {"parent_TextBlock": "Tb_21", "text": "4. ORGANIZATIONAL CODE", "parent_Field": "Fi_13", "parent_Choice_Field": null, "parent_ChoiceGroup": null, "w": 261, "h": 19, "y": 433, "x": 1289, "structure_id": "Tr_229"}, {"parent_TextBlock": "Tb_21", "text": "(See list", "parent_Field": "Fi_13", "parent_Choice_Field": null, "parent_ChoiceGroup": null, "w": 67, "h": 19, "y": 433, "x": 1550, "structure_id": "Tr_230"}, {"parent_TextBlock": "Tb_21", "text": "of codes at bottom of Section I)", "parent_Field": "Fi_13", "parent_Choice_Field": null, "parent_ChoiceGroup": null, "w": 268, "h": 20, "y": 452, "x": 1289, "structure_id": "Tr_231"}, {"parent_TextBlock": "Tb_22", "text": "5. WORK ADDRESS", "parent_Field": "Fi_14", "parent_Choice_Field": null, "parent_ChoiceGroup": null, "w": 187, "h": 20, "y": 535, "x": 91, "structure_id": "Tr_232"}, {"parent_TextBlock": "Tb_22", "text": "(Include street number, city, state and ZIP Code)", "parent_Field": "Fi_14", "parent_Choice_Field": null, "parent_ChoiceGroup": null, "w": 382, "h": 19, "y": 536, "x": 278, "structure_id": "Tr_233"}, {"parent_TextBlock": "Tb_23", "text": "Office of the Secretary", "parent_Field": null, "parent_Choice_Field": null, "parent_ChoiceGroup": null, "w": 208, "h": 23, "y": 1140, "x": 204, "structure_id": "Tr_234"}, {"parent_TextBlock": "Tb_24", "text": "(00)", "parent_Field": null, "parent_Choice_Field": null, "parent_ChoiceGroup": null, "w": 37, "h": 23, "y": 1140, "x": 104, "structure_id": "Tr_235"}, {"parent_TextBlock": "Tb_25", "text": "Assistant Secretary for Construction & Facilities Management", "parent_Field": null, "parent_Choice_Field": null, "parent_ChoiceGroup": null, "w": 559, "h": 22, "y": 1163, "x": 204, "structure_id": "Tr_236"}, {"parent_TextBlock": "Tb_26", "text": "(00CFM)", "parent_Field": null, "parent_Choice_Field": null, "parent_ChoiceGroup": null, "w": 83, "h": 22, "y": 1163, "x": 104, "structure_id": "Tr_237"}, {"parent_TextBlock": "Tb_27", "text": "Assistant Secretary for Public & Intergovernmental Affairs", "parent_Field": null, "parent_Choice_Field": null, "parent_ChoiceGroup": null, "w": 531, "h": 22, "y": 1185, "x": 204, "structure_id": "Tr_238"}, {"parent_TextBlock": "Tb_28", "text": "(003)", "parent_Field": null, "parent_Choice_Field": null, "parent_ChoiceGroup": null, "w": 48, "h": 22, "y": 1207, "x": 104, "structure_id": "Tr_239"}, {"parent_TextBlock": "Tb_29", "text": "Assistant Secretary for Management (Finance Fund)", "parent_Field": null, "parent_Choice_Field": null, "parent_ChoiceGroup": null, "w": 471, "h": 23, "y": 1229, "x": 204, "structure_id": "Tr_240"}, {"parent_TextBlock": "Tb_30", "text": "(002)", "parent_Field": null, "parent_Choice_Field": null, "parent_ChoiceGroup": null, "w": 48, "h": 22, "y": 1185, "x": 104, "structure_id": "Tr_241"}, {"parent_TextBlock": "Tb_31", "text": "Assistant Secretary for Management (GOE)", "parent_Field": null, "parent_Choice_Field": null, "parent_ChoiceGroup": null, "w": 395, "h": 22, "y": 1252, "x": 204, "structure_id": "Tr_242"}, {"parent_TextBlock": "Tb_32", "text": "(004A)", "parent_Field": null, "parent_Choice_Field": null, "parent_ChoiceGroup": null, "w": 91, "h": 23, "y": 1229, "x": 104, "structure_id": "Tr_243"}, {"parent_TextBlock": "Tb_33", "text": "Office of Acquisition, Logistics & Construction", "parent_Field": null, "parent_Choice_Field": null, "parent_ChoiceGroup": null, "w": 431, "h": 22, "y": 1207, "x": 204, "structure_id": "Tr_244"}, {"parent_TextBlock": "Tb_34", "text": "(004G)", "parent_Field": null, "parent_Choice_Field": null, "parent_ChoiceGroup": null, "w": 64, "h": 22, "y": 1252, "x": 104, "structure_id": "Tr_245"}, {"parent_TextBlock": "Tb_35", "text": "Assistant Secretary for Management (Franchise Fund)", "parent_Field": null, "parent_Choice_Field": null, "parent_ChoiceGroup": null, "w": 487, "h": 22, "y": 1274, "x": 204, "structure_id": "Tr_246"}, {"parent_TextBlock": "Tb_36", "text": "(004F)", "parent_Field": null, "parent_Choice_Field": null, "parent_ChoiceGroup": null, "w": 60, "h": 22, "y": 1274, "x": 104, "structure_id": "Tr_247"}, {"parent_TextBlock": "Tb_37", "text": "Assistant Secretary for Information & Technology (GOE)", "parent_Field": null, "parent_Choice_Field": null, "parent_ChoiceGroup": null, "w": 520, "h": 22, "y": 1296, "x": 204, "structure_id": "Tr_248"}, {"parent_TextBlock": "Tb_38", "text": "(005F)", "parent_Field": null, "parent_Choice_Field": null, "parent_ChoiceGroup": null, "w": 60, "h": 22, "y": 1318, "x": 104, "structure_id": "Tr_249"}, {"parent_TextBlock": "Tb_39", "text": "Assistant Secretary for Information & Technology (Franchise Fund)", "parent_Field": null, "parent_Choice_Field": null, "parent_ChoiceGroup": null, "w": 606, "h": 22, "y": 1318, "x": 204, "structure_id": "Tr_250"}, {"parent_TextBlock": "Tb_40", "text": "(005G)", "parent_Field": null, "parent_Choice_Field": null, "parent_ChoiceGroup": null, "w": 64, "h": 22, "y": 1296, "x": 104, "structure_id": "Tr_251"}, {"parent_TextBlock": "Tb_41", "text": "Corporate Senior Executive Management Office", "parent_Field": null, "parent_Choice_Field": null, "parent_ChoiceGroup": null, "w": 436, "h": 23, "y": 1340, "x": 204, "structure_id": "Tr_252"}, {"parent_TextBlock": "Tb_42", "text": "(006E)", "parent_Field": null, "parent_Choice_Field": null, "parent_ChoiceGroup": null, "w": 61, "h": 23, "y": 1340, "x": 104, "structure_id": "Tr_253"}, {"parent_TextBlock": "Tb_43", "text": "Assistant Secretary for Human Resources & Administration (GOE)", "parent_Field": null, "parent_Choice_Field": null, "parent_ChoiceGroup": null, "w": 599, "h": 22, "y": 1363, "x": 204, "structure_id": "Tr_254"}, {"parent_TextBlock": "Tb_44", "text": "(006G)", "parent_Field": null, "parent_Choice_Field": null, "parent_ChoiceGroup": null, "w": 64, "h": 22, "y": 1363, "x": 104, "structure_id": "Tr_255"}, {"parent_TextBlock": "Tb_45", "text": "Assistant Secretary for Operations, Security and Preparedness", "parent_Field": null, "parent_Choice_Field": null, "parent_ChoiceGroup": null, "w": 557, "h": 22, "y": 1106, "x": 962, "structure_id": "Tr_256"}, {"parent_TextBlock": "Tb_46", "text": "(007)", "parent_Field": null, "parent_Choice_Field": null, "parent_ChoiceGroup": null, "w": 48, "h": 22, "y": 1106, "x": 862, "structure_id": "Tr_257"}, {"parent_TextBlock": "Tb_47", "text": "Assistant Secretary for Policy and Planning", "parent_Field": null, "parent_Choice_Field": null, "parent_ChoiceGroup": null, "w": 393, "h": 22, "y": 1128, "x": 962, "structure_id": "Tr_258"}, {"parent_TextBlock": "Tb_48", "text": "(008)", "parent_Field": null, "parent_Choice_Field": null, "parent_ChoiceGroup": null, "w": 48, "h": 22, "y": 1128, "x": 862, "structure_id": "Tr_259"}, {"parent_TextBlock": "Tb_49", "text": "Assistant Secretary for Congressional & Legislative Affairs", "parent_Field": null, "parent_Choice_Field": null, "parent_ChoiceGroup": null, "w": 536, "h": 23, "y": 1150, "x": 962, "structure_id": "Tr_260"}, {"parent_TextBlock": "Tb_50", "text": "(009)", "parent_Field": null, "parent_Choice_Field": null, "parent_ChoiceGroup": null, "w": 48, "h": 23, "y": 1150, "x": 862, "structure_id": "Tr_261"}, {"parent_TextBlock": "Tb_51", "text": "Board of Veterans' Appeals", "parent_Field": null, "parent_Choice_Field": null, "parent_ChoiceGroup": null, "w": 251, "h": 22, "y": 1173, "x": 962, "structure_id": "Tr_262"}, {"parent_TextBlock": "Tb_52", "text": "(01)", "parent_Field": null, "parent_Choice_Field": null, "parent_ChoiceGroup": null, "w": 37, "h": 22, "y": 1173, "x": 862, "structure_id": "Tr_263"}, {"parent_TextBlock": "Tb_53", "text": "General Counsel", "parent_Field": null, "parent_Choice_Field": null, "parent_ChoiceGroup": null, "w": 154, "h": 22, "y": 1195, "x": 962, "structure_id": "Tr_264"}, {"parent_TextBlock": "Tb_54", "text": "(02)", "parent_Field": null, "parent_Choice_Field": null, "parent_ChoiceGroup": null, "w": 37, "h": 22, "y": 1195, "x": 862, "structure_id": "Tr_265"}, {"parent_TextBlock": "Tb_55", "text": "Veterans Health Administration - Medical Services", "parent_Field": null, "parent_Choice_Field": null, "parent_ChoiceGroup": null, "w": 462, "h": 22, "y": 1217, "x": 962, "structure_id": "Tr_266"}, {"parent_TextBlock": "Tb_56", "text": "(10M)", "parent_Field": null, "parent_Choice_Field": null, "parent_ChoiceGroup": null, "w": 57, "h": 22, "y": 1217, "x": 862, "structure_id": "Tr_267"}, {"parent_TextBlock": "Tb_57", "text": "Veterans Health Administration - Medical Facilities", "parent_Field": null, "parent_Choice_Field": null, "parent_ChoiceGroup": null, "w": 468, "h": 22, "y": 1239, "x": 962, "structure_id": "Tr_268"}, {"parent_TextBlock": "Tb_58", "text": "(10F)", "parent_Field": null, "parent_Choice_Field": null, "parent_ChoiceGroup": null, "w": 50, "h": 22, "y": 1239, "x": 862, "structure_id": "Tr_269"}, {"parent_TextBlock": "Tb_59", "text": "Veterans Health Administration - Research", "parent_Field": null, "parent_Choice_Field": null, "parent_ChoiceGroup": null, "w": 390, "h": 23, "y": 1261, "x": 962, "structure_id": "Tr_270"}, {"parent_TextBlock": "Tb_60", "text": "(10R)", "parent_Field": null, "parent_Choice_Field": null, "parent_ChoiceGroup": null, "w": 52, "h": 23, "y": 1261, "x": 862, "structure_id": "Tr_271"}, {"parent_TextBlock": "Tb_61", "text": "Veterans Health Administration - Medical Administration", "parent_Field": null, "parent_Choice_Field": null, "parent_ChoiceGroup": null, "w": 521, "h": 22, "y": 1284, "x": 962, "structure_id": "Tr_272"}, {"parent_TextBlock": "Tb_62", "text": "(10E)", "parent_Field": null, "parent_Choice_Field": null, "parent_ChoiceGroup": null, "w": 51, "h": 22, "y": 1284, "x": 862, "structure_id": "Tr_273"}, {"parent_TextBlock": "Tb_63", "text": "Veterans Health Administration - Canteen Service", "parent_Field": null, "parent_Choice_Field": null, "parent_ChoiceGroup": null, "w": 453, "h": 22, "y": 1306, "x": 962, "structure_id": "Tr_274"}, {"parent_TextBlock": "Tb_64", "text": "(10C)", "parent_Field": null, "parent_Choice_Field": null, "parent_ChoiceGroup": null, "w": 52, "h": 22, "y": 1306, "x": 862, "structure_id": "Tr_275"}, {"parent_TextBlock": "Tb_65", "text": "Veterans Benefits Administration", "parent_Field": null, "parent_Choice_Field": null, "parent_ChoiceGroup": null, "w": 304, "h": 22, "y": 1328, "x": 962, "structure_id": "Tr_276"}, {"parent_TextBlock": "Tb_66", "text": "(20)", "parent_Field": null, "parent_Choice_Field": null, "parent_ChoiceGroup": null, "w": 37, "h": 22, "y": 1328, "x": 862, "structure_id": "Tr_277"}, {"parent_TextBlock": "Tb_67", "text": "National Cemetery Administration", "parent_Field": null, "parent_Choice_Field": null, "parent_ChoiceGroup": null, "w": 314, "h": 23, "y": 1350, "x": 962, "structure_id": "Tr_278"}, {"parent_TextBlock": "Tb_68", "text": "(40)", "parent_Field": null, "parent_Choice_Field": null, "parent_ChoiceGroup": null, "w": 37, "h": 23, "y": 1350, "x": 862, "structure_id": "Tr_279"}, {"parent_TextBlock": "Tb_69", "text": "Inspector General", "parent_Field": null, "parent_Choice_Field": null, "parent_ChoiceGroup": null, "w": 159, "h": 22, "y": 1373, "x": 962, "structure_id": "Tr_280"}, {"parent_TextBlock": "Tb_70", "text": "(50)", "parent_Field": null, "parent_Choice_Field": null, "parent_ChoiceGroup": null, "w": 37, "h": 22, "y": 1373, "x": 862, "structure_id": "Tr_281"}, {"parent_TextBlock": "Tb_71", "text": "11. CATEGORY OF", "parent_Field": null, "parent_Choice_Field": null, "parent_ChoiceGroup": "Chgp_1", "w": 174, "h": 20, "y": 864, "x": 91, "structure_id": "Tr_282"}, {"parent_TextBlock": "Tb_71", "text": "PARENT", "parent_Field": null, "parent_Choice_Field": null, "parent_ChoiceGroup": "Chgp_1", "w": 112, "h": 19, "y": 884, "x": 91, "structure_id": "Tr_283"}, {"parent_TextBlock": "Tb_72", "text": "SINGLE", "parent_Field": null, "parent_Choice_Field": "Chf_1", "parent_ChoiceGroup": "Chgp_1", "w": 72, "h": 20, "y": 937, "x": 131, "structure_id": "Tr_284"}, {"parent_TextBlock": "Tb_73", "text": "COUPLE", "parent_Field": null, "parent_Choice_Field": "Chf_2", "parent_ChoiceGroup": "Chgp_1", "w": 80, "h": 20, "y": 986, "x": 131, "structure_id": "Tr_285"}, {"parent_TextBlock": "Tb_74", "text": "12. IS SPOUSE A", "parent_Field": null, "parent_Choice_Field": null, "parent_ChoiceGroup": "Chgp_2", "w": 167, "h": 20, "y": 864, "x": 327, "structure_id": "Tr_286"}, {"parent_TextBlock": "Tb_74", "text": "FEDERAL EMPLOYEE?", "parent_Field": null, "parent_Choice_Field": null, "parent_ChoiceGroup": "Chgp_2", "w": 246, "h": 19, "y": 884, "x": 327, "structure_id": "Tr_287"}, {"parent_TextBlock": "Tb_75", "text": "YES", "parent_Field": null, "parent_Choice_Field": "Chf_3", "parent_ChoiceGroup": "Chgp_2", "w": 39, "h": 20, "y": 937, "x": 370, "structure_id": "Tr_288"}, {"parent_TextBlock": "Tb_76", "text": "NO", "parent_Field": null, "parent_Choice_Field": "Chf_4", "parent_ChoiceGroup": "Chgp_2", "w": 29, "h": 20, "y": 986, "x": 370, "structure_id": "Tr_289"}, {"parent_TextBlock": "Tb_77", "text": "SECTION II - CHILD INFORMATION", "parent_Field": null, "parent_Choice_Field": null, "parent_ChoiceGroup": null, "w": 368, "h": 23, "y": 1404, "x": 668, "structure_id": "Tr_290"}, {"parent_TextBlock": "Tb_78", "text": "1D.  WEEKLY CHILD CARE COST", "parent_Field": "Fi_15", "parent_Choice_Field": null, "parent_ChoiceGroup": null, "w": 305, "h": 19, "y": 1586, "x": 850, "structure_id": "Tr_291"}, {"parent_TextBlock": "Tb_79", "text": "", "parent_Field": "Fi_15", "parent_Choice_Field": null, "parent_ChoiceGroup": null, "w": 15, "h": 36, "y": 1612.03125, "x": 870, "structure_id": "Tr_292"}, {"parent_TextBlock": "Tb_80", "text": "1E.  DATE OF ENROLLMENT", "parent_Field": "Fi_16", "parent_Choice_Field": null, "parent_ChoiceGroup": null, "w": 268, "h": 19, "y": 1586, "x": 1210, "structure_id": "Tr_293"}, {"parent_TextBlock": "Tb_80", "text": "(MM/DD/YYYY)", "parent_Field": "Fi_16", "parent_Choice_Field": null, "parent_ChoiceGroup": null, "w": 127, "h": 19, "y": 1586, "x": 1478, "structure_id": "Tr_294"}, {"parent_TextBlock": "Tb_81", "text": "1A.  NAME OF FIRST CHILD", "parent_Field": "Fi_17", "parent_Choice_Field": null, "parent_ChoiceGroup": null, "w": 254, "h": 19, "y": 1501, "x": 91, "structure_id": "Tr_295"}, {"parent_TextBlock": "Tb_82", "text": "1B.  DATE OF BIRTH", "parent_Field": "Fi_18", "parent_Choice_Field": null, "parent_ChoiceGroup": null, "w": 193, "h": 19, "y": 1501, "x": 1210, "structure_id": "Tr_296"}, {"parent_TextBlock": "Tb_82", "text": "(MM/DD/YYYY)", "parent_Field": "Fi_18", "parent_Choice_Field": null, "parent_ChoiceGroup": null, "w": 128, "h": 20, "y": 1501, "x": 1403, "structure_id": "Tr_297"}, {"parent_TextBlock": "Tb_83", "text": "1C.  NAME OF CHILD CARE PROVIDER", "parent_Field": "Fi_19", "parent_Choice_Field": null, "parent_ChoiceGroup": null, "w": 360, "h": 19, "y": 1586, "x": 91, "structure_id": "Tr_298"}, {"parent_TextBlock": "Tb_84", "text": "1G. ENTER LAST DAY WITH PREVIOUS", "parent_Field": "Fi_20", "parent_Choice_Field": null, "parent_ChoiceGroup": null, "w": 363, "h": 20, "y": 1669, "x": 1209, "structure_id": "Tr_299"}, {"parent_TextBlock": "Tb_84", "text": "PROVIDER", "parent_Field": "Fi_20", "parent_Choice_Field": null, "parent_ChoiceGroup": null, "w": 145, "h": 19, "y": 1693, "x": 1209, "structure_id": "Tr_300"}, {"parent_TextBlock": "Tb_84", "text": "(MM/DD/YYYY)", "parent_Field": "Fi_20", "parent_Choice_Field": null, "parent_ChoiceGroup": null, "w": 128, "h": 19, "y": 1693, "x": 1354, "structure_id": "Tr_301"}, {"parent_TextBlock": "Tb_85", "text": "1I.  SOURCE OF SUBSIDY", "parent_Field": "Fi_21", "parent_Choice_Field": null, "parent_ChoiceGroup": null, "w": 239, "h": 20, "y": 1833, "x": 850, "structure_id": "Tr_302"}, {"parent_TextBlock": "Tb_86", "text": "INSTRUCTION:", "parent_Field": null, "parent_Choice_Field": null, "parent_ChoiceGroup": null, "w": 164, "h": 22, "y": 1437, "x": 104, "structure_id": "Tr_303"}, {"parent_TextBlock": "Tb_86", "text": "List information for all children for whom you are applying for a subsidy.", "parent_Field": null, "parent_Choice_Field": null, "parent_ChoiceGroup": null, "w": 678, "h": 22, "y": 1437, "x": 268, "structure_id": "Tr_304"}, {"parent_TextBlock": "Tb_86", "text": "(If you are applying for more than three children please attach the", "parent_Field": null, "parent_Choice_Field": null, "parent_ChoiceGroup": null, "w": 598, "h": 22, "y": 1437, "x": 946, "structure_id": "Tr_305"}, {"parent_TextBlock": "Tb_86", "text": "pertinent information to this form.)", "parent_Field": null, "parent_Choice_Field": null, "parent_ChoiceGroup": null, "w": 312, "h": 22, "y": 1459, "x": 104, "structure_id": "Tr_306"}, {"parent_TextBlock": "Tb_87", "text": "1J.  AMOUNT OF SUBSIDY", "parent_Field": "Fi_22", "parent_Choice_Field": null, "parent_ChoiceGroup": null, "w": 244, "h": 20, "y": 1833, "x": 1210, "structure_id": "Tr_307"}, {"parent_TextBlock": "Tb_88", "text": "", "parent_Field": "Fi_22", "parent_Choice_Field": null, "parent_ChoiceGroup": null, "w": 13, "h": 27, "y": 1880.03125, "x": 1222.5, "structure_id": "Tr_308"}, {"parent_TextBlock": "Tb_89", "text": "1K.  ADDRESS OF PROVIDER", "parent_Field": "Fi_23", "parent_Choice_Field": null, "parent_ChoiceGroup": null, "w": 279, "h": 20, "y": 1935, "x": 91, "structure_id": "Tr_309"}, {"parent_TextBlock": "Tb_89", "text": "(Include street number, city, state and ZIP Code)", "parent_Field": "Fi_23", "parent_Choice_Field": null, "parent_ChoiceGroup": null, "w": 382, "h": 20, "y": 1935, "x": 370, "structure_id": "Tr_310"}, {"parent_TextBlock": "Tb_90", "text": "1L.  TELEPHONE NUMBER", "parent_Field": "Fi_24", "parent_Choice_Field": null, "parent_ChoiceGroup": null, "w": 256, "h": 20, "y": 1935, "x": 774, "structure_id": "Tr_311"}, {"parent_TextBlock": "Tb_90", "text": "OF CHILD CARE PROVIDER", "parent_Field": "Fi_24", "parent_Choice_Field": null, "parent_ChoiceGroup": null, "w": 257, "h": 19, "y": 1959, "x": 774, "structure_id": "Tr_312"}, {"parent_TextBlock": "Tb_91", "text": "1F.  TYPE OF APPLICATION?", "parent_Field": null, "parent_Choice_Field": null, "parent_ChoiceGroup": "Chgp_3", "w": 273, "h": 19, "y": 1669, "x": 91, "structure_id": "Tr_313"}, {"parent_TextBlock": "Tb_91", "text": "(Check only one)", "parent_Field": null, "parent_Choice_Field": null, "parent_ChoiceGroup": "Chgp_3", "w": 132, "h": 19, "y": 1669, "x": 364, "structure_id": "Tr_314"}, {"parent_TextBlock": "Tb_92", "text": "NEW FAMILY", "parent_Field": null, "parent_Choice_Field": "Chf_5", "parent_ChoiceGroup": "Chgp_3", "w": 121, "h": 19, "y": 1706, "x": 131, "structure_id": "Tr_315"}, {"parent_TextBlock": "Tb_93", "text": "ANNUAL RECERTIFICATION", "parent_Field": null, "parent_Choice_Field": "Chf_6", "parent_ChoiceGroup": "Chgp_3", "w": 261, "h": 20, "y": 1742, "x": 131, "structure_id": "Tr_316"}, {"parent_TextBlock": "Tb_94", "text": "ADDING/CHANGING FAMILY INFORMATION", "parent_Field": null, "parent_Choice_Field": "Chf_7", "parent_ChoiceGroup": "Chgp_3", "w": 403, "h": 20, "y": 1778, "x": 131, "structure_id": "Tr_317"}, {"parent_TextBlock": "Tb_95", "text": "REAPPLICATION", "parent_Field": null, "parent_Choice_Field": "Chf_8", "parent_ChoiceGroup": "Chgp_3", "w": 161, "h": 19, "y": 1706, "x": 621, "structure_id": "Tr_318"}, {"parent_TextBlock": "Tb_95", "text": "(Previously enrolled, not current.)", "parent_Field": null, "parent_Choice_Field": "Chf_8", "parent_ChoiceGroup": "Chgp_3", "w": 267, "h": 19, "y": 1706, "x": 782, "structure_id": "Tr_319"}, {"parent_TextBlock": "Tb_96", "text": "CHANGING PROVIDER INFORMATION", "parent_Field": null, "parent_Choice_Field": "Chf_9", "parent_ChoiceGroup": "Chgp_3", "w": 359, "h": 19, "y": 1755, "x": 621, "structure_id": "Tr_320"}, {"parent_TextBlock": "Tb_96", "text": "(Complete Item 1H)", "parent_Field": null, "parent_Choice_Field": "Chf_9", "parent_ChoiceGroup": "Chgp_3", "w": 160, "h": 20, "y": 1778, "x": 621, "structure_id": "Tr_321"}, {"parent_TextBlock": "Tb_96", "text": "(Attach license, schedule of fees, and VA Form 0730b.)", "parent_Field": null, "parent_Choice_Field": "Chf_9", "parent_ChoiceGroup": "Chgp_3", "w": 430, "h": 19, "y": 1802, "x": 621, "structure_id": "Tr_322"}, {"parent_TextBlock": "Tb_97", "text": "1H.  IS ANY OTHER FORM OF STATE, COUNTY OR LOCAL SUBSIDY BEING", "parent_Field": null, "parent_Choice_Field": null, "parent_ChoiceGroup": "Chgp_4", "w": 706, "h": 20, "y": 1833, "x": 91, "structure_id": "Tr_323"}, {"parent_TextBlock": "Tb_97", "text": "RECEIVED FOR THE CHILD(REN)?", "parent_Field": null, "parent_Choice_Field": null, "parent_ChoiceGroup": "Chgp_4", "w": 362, "h": 19, "y": 1853, "x": 91, "structure_id": "Tr_324"}, {"parent_TextBlock": "Tb_98", "text": "YES", "parent_Field": null, "parent_Choice_Field": "Chf_10", "parent_ChoiceGroup": "Chgp_4", "w": 45, "h": 19, "y": 1886, "x": 129, "structure_id": "Tr_325"}, {"parent_TextBlock": "Tb_98", "text": "(If \"YES,\" complete items 1J and 1K and submit a copy of", "parent_Field": null, "parent_Choice_Field": "Chf_10", "parent_ChoiceGroup": "Chgp_4", "w": 454, "h": 19, "y": 1886, "x": 174, "structure_id": "Tr_326"}, {"parent_TextBlock": "Tb_98", "text": "award letter.)", "parent_Field": null, "parent_Choice_Field": "Chf_10", "parent_ChoiceGroup": "Chgp_4", "w": 107, "h": 20, "y": 1905, "x": 129, "structure_id": "Tr_327"}, {"parent_TextBlock": "Tb_99", "text": "NO", "parent_Field": null, "parent_Choice_Field": "Chf_11", "parent_ChoiceGroup": "Chgp_4", "w": 29, "h": 20, "y": 1894, "x": 728, "structure_id": "Tr_328"}, {"parent_TextBlock": "Tb_100", "text": "1M.  TYPE OF CARE", "parent_Field": null, "parent_Choice_Field": null, "parent_ChoiceGroup": "Chgp_5", "w": 191, "h": 20, "y": 1936, "x": 1109, "structure_id": "Tr_329"}, {"parent_TextBlock": "Tb_100", "text": "(Check one)", "parent_Field": null, "parent_Choice_Field": null, "parent_ChoiceGroup": "Chgp_5", "w": 95, "h": 19, "y": 1937, "x": 1300, "structure_id": "Tr_330"}, {"parent_TextBlock": "Tb_101", "text": "CENTER-BASED", "parent_Field": null, "parent_Choice_Field": "Chf_12", "parent_ChoiceGroup": "Chgp_5", "w": 158, "h": 19, "y": 1980, "x": 1151, "structure_id": "Tr_331"}, {"parent_TextBlock": "Tb_102", "text": "FAMILY HOME-BASED", "parent_Field": null, "parent_Choice_Field": "Chf_13", "parent_ChoiceGroup": "Chgp_5", "w": 212, "h": 20, "y": 2021, "x": 1152, "structure_id": "Tr_332"}, {"parent_TextBlock": "Tb_103", "text": "OTHER", "parent_Field": null, "parent_Choice_Field": "Chf_14", "parent_ChoiceGroup": "Chgp_5", "w": 68, "h": 19, "y": 2063, "x": 1154, "structure_id": "Tr_333"}, {"parent_TextBlock": "Tb_104", "text": "VA-BASED", "parent_Field": null, "parent_Choice_Field": "Chf_15", "parent_ChoiceGroup": "Chgp_5", "w": 98, "h": 19, "y": 1980, "x": 1431, "structure_id": "Tr_334"}, {"parent_TextBlock": "Tb_105", "text": "SCHOOL-BASED", "parent_Field": null, "parent_Choice_Field": "Chf_16", "parent_ChoiceGroup": "Chgp_5", "w": 154, "h": 20, "y": 2021, "x": 1431, "structure_id": "Tr_335"}, {"parent_TextBlock": "Tb_106", "text": "CHILD CARE SUBSIDY APPLICATION FORM", "parent_Field": null, "parent_Choice_Field": null, "parent_ChoiceGroup": null, "w": 823, "h": 39, "y": 95, "x": 724, "structure_id": "Tr_336"}, {"parent_TextBlock": "Tb_107", "text": "SUPERSEDES VA FORM 0730a, DATED JUN 2010, WHICH", "parent_Field": null, "parent_Choice_Field": null, "parent_ChoiceGroup": null, "w": 537, "h": 19, "y": 2104, "x": 545, "structure_id": "Tr_337"}, {"parent_TextBlock": "Tb_107", "text": "MAY NOT BE USED.", "parent_Field": null, "parent_Choice_Field": null, "parent_ChoiceGroup": null, "w": 191, "h": 19, "y": 2123, "x": 545, "structure_id": "Tr_338"}], "ChoiceGroup": [{"y": 859.03125, "x": 82, "structure_id": "Chgp_1", "w": 198, "h": 159}, {"y": 857.03125, "x": 322, "structure_id": "Chgp_2", "w": 264, "h": 159}, {"y": 1667.03125, "x": 84, "structure_id": "Chgp_3", "w": 982, "h": 158}, {"y": 1828.03125, "x": 87, "structure_id": "Chgp_4", "w": 721, "h": 99}, {"y": 1931.03125, "x": 1104, "structure_id": "Chgp_5", "w": 513, "h": 164}]}