{"Widget": [{"parent_Field": "Fi_1", "parent_Choice_Field": null, "parent_ChoiceGroup": null, "w": 147.1417322834646, "h": 46.83307086614173, "y": 79.61417322834646, "x": 584.1724409448819, "structure_id": "Wi_1"}, {"parent_Field": "Fi_1", "parent_Choice_Field": null, "parent_ChoiceGroup": null, "w": 90.35590551181102, "h": 42.40787401574803, "y": 82.78582677165355, "x": 779.4251968503937, "structure_id": "Wi_2"}, {"parent_Field": "Fi_1", "parent_Choice_Field": null, "parent_ChoiceGroup": null, "w": 188.88031496062993, "h": 44.03858267716536, "y": 81.15826771653543, "x": 919.78031496063, "structure_id": "Wi_3"}, {"parent_Field": null, "parent_Choice_Field": "Chf_1", "parent_ChoiceGroup": "Chgp_1", "w": 27.777952755905513, "h": 27.777952755905513, "y": 220.48031496062993, "x": 102.38582677165354, "structure_id": "Wi_4"}, {"parent_Field": null, "parent_Choice_Field": "Chf_2", "parent_ChoiceGroup": "Chgp_1", "w": 27.777952755905513, "h": 27.777952755905513, "y": 220.48031496062993, "x": 219.70000000000002, "structure_id": "Wi_5"}, {"parent_Field": null, "parent_Choice_Field": "Chf_3", "parent_ChoiceGroup": "Chgp_2", "w": 27.777952755905513, "h": 27.777952755905513, "y": 553.8748031496064, "x": 109.2472440944882, "structure_id": "Wi_6"}, {"parent_Field": null, "parent_Choice_Field": "Chf_4", "parent_ChoiceGroup": "Chgp_2", "w": 27.777952755905513, "h": 27.777952755905513, "y": 553.8748031496064, "x": 228.08031496062992, "structure_id": "Wi_7"}, {"parent_Field": null, "parent_Choice_Field": "Chf_5", "parent_ChoiceGroup": "Chgp_3", "w": 27.777952755905513, "h": 27.777952755905513, "y": 302.6527559055118, "x": 155.10866141732285, "structure_id": "Wi_8"}, {"parent_Field": null, "parent_Choice_Field": "Chf_6", "parent_ChoiceGroup": "Chgp_3", "w": 27.777952755905513, "h": 27.777952755905513, "y": 336.4614173228347, "x": 155.10866141732285, "structure_id": "Wi_9"}, {"parent_Field": null, "parent_Choice_Field": "Chf_7", "parent_ChoiceGroup": "Chgp_3", "w": 27.777952755905513, "h": 27.777952755905513, "y": 370.2724409448819, "x": 155.10866141732285, "structure_id": "Wi_10"}, {"parent_Field": null, "parent_Choice_Field": "Chf_8", "parent_ChoiceGroup": "Chgp_4", "w": 27.777952755905513, "h": 27.777952755905513, "y": 633.2055118110236, "x": 109.2472440944882, "structure_id": "Wi_11"}, {"parent_Field": null, "parent_Choice_Field": "Chf_9", "parent_ChoiceGroup": "Chgp_4", "w": 27.777952755905513, "h": 27.777952755905513, "y": 665.472440944882, "x": 109.2472440944882, "structure_id": "Wi_12"}, {"parent_Field": null, "parent_Choice_Field": "Chf_10", "parent_ChoiceGroup": "Chgp_4", "w": 27.777952755905513, "h": 27.777952755905513, "y": 697.7559055118111, "x": 109.2472440944882, "structure_id": "Wi_13"}, {"parent_Field": null, "parent_Choice_Field": "Chf_11", "parent_ChoiceGroup": "Chgp_4", "w": 27.777952755905513, "h": 27.777952755905513, "y": 730.0330708661418, "x": 109.2472440944882, "structure_id": "Wi_14"}, {"parent_Field": null, "parent_Choice_Field": "Chf_12", "parent_ChoiceGroup": "Chgp_4", "w": 27.777952755905513, "h": 27.777952755905513, "y": 762.3086614173228, "x": 109.2472440944882, "structure_id": "Wi_15"}, {"parent_Field": null, "parent_Choice_Field": "Chf_13", "parent_ChoiceGroup": "Chgp_4", "w": 27.777952755905513, "h": 27.777952755905513, "y": 806.0330708661418, "x": 109.2472440944882, "structure_id": "Wi_16"}, {"parent_Field": null, "parent_Choice_Field": "Chf_14", "parent_ChoiceGroup": "Chgp_4", "w": 27.777952755905513, "h": 27.777952755905513, "y": 842.4031496062992, "x": 109.2472440944882, "structure_id": "Wi_17"}, {"parent_Field": null, "parent_Choice_Field": "Chf_15", "parent_ChoiceGroup": "Chgp_4", "w": 27.777952755905513, "h": 27.777952755905513, "y": 880.5834645669291, "x": 109.2472440944882, "structure_id": "Wi_18"}, {"parent_Field": null, "parent_Choice_Field": "Chf_15", "parent_ChoiceGroup": "Chgp_4", "w": 1476.7944881889764, "h": 130.10236220472441, "y": 922.463779527559, "x": 140.7, "structure_id": "Wi_19"}, {"parent_Field": null, "parent_Choice_Field": "Chf_16", "parent_ChoiceGroup": "Chgp_5", "w": 27.777952755905513, "h": 27.777952755905513, "y": 1189.6858267716536, "x": 106.99448818897638, "structure_id": "Wi_20"}, {"parent_Field": null, "parent_Choice_Field": "Chf_17", "parent_ChoiceGroup": "Chgp_5", "w": 27.777952755905513, "h": 27.777952755905513, "y": 1258.3307086614172, "x": 106.99448818897638, "structure_id": "Wi_21"}, {"parent_Field": null, "parent_Choice_Field": "Chf_18", "parent_ChoiceGroup": "Chgp_5", "w": 27.777952755905513, "h": 27.777952755905513, "y": 1224.0000000000002, "x": 106.99448818897638, "structure_id": "Wi_22"}, {"parent_Field": null, "parent_Choice_Field": "Chf_19", "parent_ChoiceGroup": "Chgp_5", "w": 27.777952755905513, "h": 27.777952755905513, "y": 1292.6551181102363, "x": 106.99448818897638, "structure_id": "Wi_23"}, {"parent_Field": null, "parent_Choice_Field": "Chf_20", "parent_ChoiceGroup": "Chgp_5", "w": 27.777952755905513, "h": 27.777952755905513, "y": 1347.0165354330709, "x": 107.01102362204725, "structure_id": "Wi_24"}, {"parent_Field": null, "parent_Choice_Field": "Chf_21", "parent_ChoiceGroup": "Chgp_5", "w": 27.777952755905513, "h": 27.777952755905513, "y": 1389.2913385826773, "x": 107.01102362204725, "structure_id": "Wi_25"}, {"parent_Field": null, "parent_Choice_Field": "Chf_21", "parent_ChoiceGroup": "Chgp_5", "w": 1476.7944881889764, "h": 133.23622047244095, "y": 1421.3858267716535, "x": 123.66929133858268, "structure_id": "Wi_26"}, {"parent_Field": null, "parent_Choice_Field": "Chf_22", "parent_ChoiceGroup": "Chgp_6", "w": 27.777952755905513, "h": 27.777952755905513, "y": 1122.2440944881891, "x": 106.86929133858268, "structure_id": "Wi_27"}, {"parent_Field": null, "parent_Choice_Field": "Chf_23", "parent_ChoiceGroup": "Chgp_6", "w": 27.777952755905513, "h": 27.777952755905513, "y": 1122.2440944881891, "x": 225.7023622047244, "structure_id": "Wi_28"}, {"parent_Field": "Fi_2", "parent_Choice_Field": null, "parent_ChoiceGroup": null, "w": 1521.2913385826773, "h": 191.58346456692914, "y": 1900.4330708661419, "x": 93.44173228346457, "structure_id": "Wi_29"}, {"parent_Field": null, "parent_Choice_Field": "Chf_24", "parent_ChoiceGroup": "Chgp_7", "w": 27.777952755905513, "h": 27.777952755905513, "y": 1736.236220472441, "x": 110.23858267716535, "structure_id": "Wi_30"}, {"parent_Field": null, "parent_Choice_Field": "Chf_25", "parent_ChoiceGroup": "Chgp_7", "w": 27.777952755905513, "h": 27.777952755905513, "y": 1736.236220472441, "x": 229.0748031496063, "structure_id": "Wi_31"}, {"parent_Field": null, "parent_Choice_Field": "Chf_26", "parent_ChoiceGroup": "Chgp_8", "w": 27.777952755905513, "h": 27.777952755905513, "y": 1652.5055118110238, "x": 106.99448818897638, "structure_id": "Wi_32"}, {"parent_Field": null, "parent_Choice_Field": "Chf_27", "parent_ChoiceGroup": "Chgp_8", "w": 27.777952755905513, "h": 27.777952755905513, "y": 1652.5055118110238, "x": 225.83070866141733, "structure_id": "Wi_33"}, {"parent_Field": null, "parent_Choice_Field": "Chf_28", "parent_ChoiceGroup": "Chgp_9", "w": 27.777952755905513, "h": 27.777952755905513, "y": 1855.7417322834644, "x": 106.99448818897638, "structure_id": "Wi_34"}, {"parent_Field": null, "parent_Choice_Field": "Chf_29", "parent_ChoiceGroup": "Chgp_9", "w": 27.777952755905513, "h": 27.777952755905513, "y": 1855.7417322834644, "x": 225.83070866141733, "structure_id": "Wi_35"}], "TextBlock": [{"parent_Field": "Fi_1", "parent_Choice_Field": null, "parent_ChoiceGroup": null, "w": 466, "h": 19, "y": 104, "x": 95, "structure_id": "Tb_1"}, {"parent_Field": "Fi_1", "parent_Choice_Field": null, "parent_ChoiceGroup": null, "w": 24, "h": 28, "y": 91.03125, "x": 739, "structure_id": "Tb_2"}, {"parent_Field": "Fi_1", "parent_Choice_Field": null, "parent_ChoiceGroup": null, "w": 33, "h": 22, "y": 94.03125, "x": 877, "structure_id": "Tb_3"}, {"parent_Field": null, "parent_Choice_Field": null, "parent_ChoiceGroup": null, "w": 603, "h": 22, "y": 141, "x": 549, "structure_id": "Tb_4"}, {"parent_Field": null, "parent_Choice_Field": null, "parent_ChoiceGroup": "Chgp_1", "w": 1080, "h": 19, "y": 185, "x": 94, "structure_id": "Tb_5"}, {"parent_Field": null, "parent_Choice_Field": "Chf_1", "parent_ChoiceGroup": "Chgp_1", "w": 39, "h": 19, "y": 225, "x": 147, "structure_id": "Tb_6"}, {"parent_Field": null, "parent_Choice_Field": "Chf_2", "parent_ChoiceGroup": "Chgp_1", "w": 29, "h": 19, "y": 225, "x": 264, "structure_id": "Tb_7"}, {"parent_Field": null, "parent_Choice_Field": null, "parent_ChoiceGroup": "Chgp_2", "w": 1478, "h": 46, "y": 479, "x": 98, "structure_id": "Tb_8"}, {"parent_Field": null, "parent_Choice_Field": "Chf_3", "parent_ChoiceGroup": "Chgp_2", "w": 39, "h": 19, "y": 558, "x": 154, "structure_id": "Tb_9"}, {"parent_Field": null, "parent_Choice_Field": "Chf_4", "parent_ChoiceGroup": "Chgp_2", "w": 29, "h": 19, "y": 558, "x": 273, "structure_id": "Tb_10"}, {"parent_Field": null, "parent_Choice_Field": null, "parent_ChoiceGroup": "Chgp_3", "w": 556, "h": 22, "y": 273, "x": 149, "structure_id": "Tb_11"}, {"parent_Field": null, "parent_Choice_Field": "Chf_5", "parent_ChoiceGroup": "Chgp_3", "w": 358, "h": 20, "y": 308, "x": 200, "structure_id": "Tb_12"}, {"parent_Field": null, "parent_Choice_Field": "Chf_6", "parent_ChoiceGroup": "Chgp_3", "w": 800, "h": 19, "y": 342, "x": 200, "structure_id": "Tb_13"}, {"parent_Field": null, "parent_Choice_Field": "Chf_7", "parent_ChoiceGroup": "Chgp_3", "w": 233, "h": 19, "y": 376, "x": 200, "structure_id": "Tb_14"}, {"parent_Field": null, "parent_Choice_Field": null, "parent_ChoiceGroup": null, "w": 1463, "h": 49, "y": 416, "x": 111, "structure_id": "Tb_15"}, {"parent_Field": null, "parent_Choice_Field": null, "parent_ChoiceGroup": "Chgp_4", "w": 556, "h": 22, "y": 599, "x": 103, "structure_id": "Tb_16"}, {"parent_Field": null, "parent_Choice_Field": "Chf_8", "parent_ChoiceGroup": "Chgp_4", "w": 1264, "h": 22, "y": 636, "x": 152, "structure_id": "Tb_17"}, {"parent_Field": null, "parent_Choice_Field": "Chf_9", "parent_ChoiceGroup": "Chgp_4", "w": 1163, "h": 22, "y": 668, "x": 152, "structure_id": "Tb_18"}, {"parent_Field": null, "parent_Choice_Field": "Chf_10", "parent_ChoiceGroup": "Chgp_4", "w": 1392, "h": 22, "y": 701, "x": 152, "structure_id": "Tb_19"}, {"parent_Field": null, "parent_Choice_Field": "Chf_11", "parent_ChoiceGroup": "Chgp_4", "w": 1241, "h": 22, "y": 733, "x": 152, "structure_id": "Tb_20"}, {"parent_Field": null, "parent_Choice_Field": "Chf_12", "parent_ChoiceGroup": "Chgp_4", "w": 1399, "h": 39, "y": 762, "x": 152, "structure_id": "Tb_21"}, {"parent_Field": null, "parent_Choice_Field": "Chf_13", "parent_ChoiceGroup": "Chgp_4", "w": 1067, "h": 22, "y": 811, "x": 152, "structure_id": "Tb_22"}, {"parent_Field": null, "parent_Choice_Field": "Chf_14", "parent_ChoiceGroup": "Chgp_4", "w": 1425, "h": 41, "y": 839, "x": 152, "structure_id": "Tb_23"}, {"parent_Field": null, "parent_Choice_Field": "Chf_15", "parent_ChoiceGroup": "Chgp_4", "w": 348, "h": 23, "y": 886, "x": 152, "structure_id": "Tb_24"}, {"parent_Field": null, "parent_Choice_Field": null, "parent_ChoiceGroup": "Chgp_5", "w": 555, "h": 22, "y": 1162, "x": 101, "structure_id": "Tb_25"}, {"parent_Field": null, "parent_Choice_Field": "Chf_16", "parent_ChoiceGroup": "Chgp_5", "w": 1176, "h": 23, "y": 1192, "x": 152, "structure_id": "Tb_26"}, {"parent_Field": null, "parent_Choice_Field": "Chf_17", "parent_ChoiceGroup": "Chgp_5", "w": 1195, "h": 22, "y": 1259, "x": 152, "structure_id": "Tb_27"}, {"parent_Field": null, "parent_Choice_Field": "Chf_18", "parent_ChoiceGroup": "Chgp_5", "w": 1026, "h": 22, "y": 1227, "x": 152, "structure_id": "Tb_28"}, {"parent_Field": null, "parent_Choice_Field": "Chf_19", "parent_ChoiceGroup": "Chgp_5", "w": 1431, "h": 49, "y": 1290, "x": 152, "structure_id": "Tb_29"}, {"parent_Field": null, "parent_Choice_Field": "Chf_20", "parent_ChoiceGroup": "Chgp_5", "w": 1444, "h": 42, "y": 1346, "x": 152, "structure_id": "Tb_30"}, {"parent_Field": null, "parent_Choice_Field": "Chf_21", "parent_ChoiceGroup": "Chgp_5", "w": 600, "h": 22, "y": 1396, "x": 152, "structure_id": "Tb_31"}, {"parent_Field": null, "parent_Choice_Field": null, "parent_ChoiceGroup": "Chgp_6", "w": 1512, "h": 49, "y": 1067, "x": 95, "structure_id": "Tb_32"}, {"parent_Field": null, "parent_Choice_Field": "Chf_22", "parent_ChoiceGroup": "Chgp_6", "w": 39, "h": 20, "y": 1126, "x": 152, "structure_id": "Tb_33"}, {"parent_Field": null, "parent_Choice_Field": "Chf_23", "parent_ChoiceGroup": "Chgp_6", "w": 30, "h": 20, "y": 1126, "x": 270, "structure_id": "Tb_34"}, {"parent_Field": null, "parent_Choice_Field": null, "parent_ChoiceGroup": null, "w": 1246, "h": 22, "y": 1560, "x": 225, "structure_id": "Tb_35"}, {"parent_Field": "Fi_2", "parent_Choice_Field": null, "parent_ChoiceGroup": null, "w": 326, "h": 22, "y": 1859, "x": 322, "structure_id": "Tb_36"}, {"parent_Field": null, "parent_Choice_Field": null, "parent_ChoiceGroup": null, "w": 913, "h": 22, "y": 1739, "x": 325, "structure_id": "Tb_37"}, {"parent_Field": null, "parent_Choice_Field": null, "parent_ChoiceGroup": "Chgp_7", "w": 1342, "h": 22, "y": 1700, "x": 108, "structure_id": "Tb_38"}, {"parent_Field": null, "parent_Choice_Field": "Chf_24", "parent_ChoiceGroup": "Chgp_7", "w": 39, "h": 20, "y": 1740, "x": 155, "structure_id": "Tb_39"}, {"parent_Field": null, "parent_Choice_Field": "Chf_25", "parent_ChoiceGroup": "Chgp_7", "w": 29, "h": 20, "y": 1740, "x": 274, "structure_id": "Tb_40"}, {"parent_Field": null, "parent_Choice_Field": null, "parent_ChoiceGroup": "Chgp_8", "w": 1449, "h": 43, "y": 1592, "x": 95, "structure_id": "Tb_41"}, {"parent_Field": null, "parent_Choice_Field": "Chf_26", "parent_ChoiceGroup": "Chgp_8", "w": 39, "h": 19, "y": 1657, "x": 152, "structure_id": "Tb_42"}, {"parent_Field": null, "parent_Choice_Field": "Chf_27", "parent_ChoiceGroup": "Chgp_8", "w": 29, "h": 19, "y": 1657, "x": 271, "structure_id": "Tb_43"}, {"parent_Field": null, "parent_Choice_Field": null, "parent_ChoiceGroup": "Chgp_9", "w": 1476, "h": 43, "y": 1793, "x": 95, "structure_id": "Tb_44"}, {"parent_Field": null, "parent_Choice_Field": "Chf_28", "parent_ChoiceGroup": "Chgp_9", "w": 39, "h": 19, "y": 1860, "x": 152, "structure_id": "Tb_45"}, {"parent_Field": null, "parent_Choice_Field": "Chf_29", "parent_ChoiceGroup": "Chgp_9", "w": 29, "h": 19, "y": 1860, "x": 271, "structure_id": "Tb_46"}, {"parent_Field": null, "parent_Choice_Field": null, "parent_ChoiceGroup": null, "w": 296, "h": 20, "y": 2111, "x": 90, "structure_id": "Tb_47"}, {"parent_Field": null, "parent_Choice_Field": null, "parent_ChoiceGroup": null, "w": 70, "h": 22, "y": 2111, "x": 1542, "structure_id": "Tb_48"}], "Choice_Field": [{"y": 220.48031496062993, "x": 102.38582677165354, "structure_id": "Chf_1", "w": 83.61417322834646, "h": 27.777952755905517}, {"y": 220.48031496062993, "x": 219.70000000000002, "structure_id": "Chf_2", "w": 73.29999999999998, "h": 27.777952755905517}, {"y": 553.8748031496064, "x": 109.2472440944882, "structure_id": "Chf_3", "w": 83.7527559055118, "h": 27.777952755905517}, {"y": 553.8748031496064, "x": 228.08031496062992, "structure_id": "Chf_4", "w": 73.91968503937008, "h": 27.777952755905517}, {"y": 302.6527559055118, "x": 155.10866141732285, "structure_id": "Chf_5", "w": 402.8913385826771, "h": 27.777952755905517}, {"y": 336.4614173228347, "x": 155.10866141732285, "structure_id": "Chf_6", "w": 844.8913385826771, "h": 27.777952755905517}, {"y": 370.2724409448819, "x": 155.10866141732285, "structure_id": "Chf_7", "w": 277.8913385826771, "h": 27.777952755905517}, {"y": 633.2055118110236, "x": 109.2472440944882, "structure_id": "Chf_8", "w": 1306.7527559055118, "h": 27.777952755905517}, {"y": 665.472440944882, "x": 109.2472440944882, "structure_id": "Chf_9", "w": 1205.7527559055118, "h": 27.777952755905517}, {"y": 697.7559055118111, "x": 109.2472440944882, "structure_id": "Chf_10", "w": 1434.7527559055118, "h": 27.777952755905517}, {"y": 730.0330708661418, "x": 109.2472440944882, "structure_id": "Chf_11", "w": 1283.7527559055118, "h": 27.777952755905517}, {"y": 762, "x": 109.2472440944882, "structure_id": "Chf_12", "w": 1441.7527559055118, "h": 39}, {"y": 806.0330708661418, "x": 109.2472440944882, "structure_id": "Chf_13", "w": 1109.7527559055118, "h": 27.777952755905517}, {"y": 839, "x": 109.2472440944882, "structure_id": "Chf_14", "w": 1467.7527559055118, "h": 41}, {"y": 880.5834645669291, "x": 109.2472440944882, "structure_id": "Chf_15", "w": 1508.2472440944882, "h": 171.9826771653544}, {"y": 1189.6858267716536, "x": 106.99448818897638, "structure_id": "Chf_16", "w": 1221.0055118110236, "h": 27.777952755905517}, {"y": 1258.3307086614172, "x": 106.99448818897638, "structure_id": "Chf_17", "w": 1240.0055118110236, "h": 27.777952755905517}, {"y": 1224.0000000000002, "x": 106.99448818897638, "structure_id": "Chf_18", "w": 1071.0055118110236, "h": 27.777952755905517}, {"y": 1290, "x": 106.99448818897638, "structure_id": "Chf_19", "w": 1476.0055118110236, "h": 49}, {"y": 1346, "x": 107.01102362204725, "structure_id": "Chf_20", "w": 1488.9889763779527, "h": 42}, {"y": 1389.2913385826773, "x": 107.01102362204725, "structure_id": "Chf_21", "w": 1493.4527559055118, "h": 165.33070866141702}, {"y": 1122.2440944881891, "x": 106.86929133858268, "structure_id": "Chf_22", "w": 84.13070866141732, "h": 27.777952755905517}, {"y": 1122.2440944881891, "x": 225.7023622047244, "structure_id": "Chf_23", "w": 74.29763779527559, "h": 27.777952755905517}, {"y": 1736.236220472441, "x": 110.23858267716535, "structure_id": "Chf_24", "w": 83.76141732283465, "h": 27.777952755905517}, {"y": 1736.236220472441, "x": 229.0748031496063, "structure_id": "Chf_25", "w": 73.92519685039369, "h": 27.777952755905517}, {"y": 1652.5055118110238, "x": 106.99448818897638, "structure_id": "Chf_26", "w": 84.00551181102362, "h": 27.777952755905517}, {"y": 1652.5055118110238, "x": 225.83070866141733, "structure_id": "Chf_27", "w": 74.16929133858267, "h": 27.777952755905517}, {"y": 1855.7417322834644, "x": 106.99448818897638, "structure_id": "Chf_28", "w": 84.00551181102362, "h": 27.777952755905517}, {"y": 1855.7417322834644, "x": 225.83070866141733, "structure_id": "Chf_29", "w": 74.16929133858267, "h": 27.777952755905517}], "Field": [{"y": 79.61417322834646, "x": 95, "structure_id": "Fi_1", "w": 1013.6606299212599, "h": 46.833070866141725}, {"y": 1859, "x": 93.44173228346457, "structure_id": "Fi_2", "w": 1521.2913385826773, "h": 233.0165354330711}], "TextRun": [{"parent_TextBlock": "Tb_1", "text": "PATIENT/VETERAN'S SOCIAL SECURITY NUMBER", "parent_Field": "Fi_1", "parent_Choice_Field": null, "parent_ChoiceGroup": null, "w": 466, "h": 19, "y": 104, "x": 95, "structure_id": "Tr_1"}, {"parent_TextBlock": "Tb_2", "text": "-", "parent_Field": "Fi_1", "parent_Choice_Field": null, "parent_ChoiceGroup": null, "w": 24, "h": 28, "y": 91.03125, "x": 739, "structure_id": "Tr_2"}, {"parent_TextBlock": "Tb_3", "text": "-", "parent_Field": "Fi_1", "parent_Choice_Field": null, "parent_ChoiceGroup": null, "w": 33, "h": 22, "y": 94.03125, "x": 877, "structure_id": "Tr_3"}, {"parent_TextBlock": "Tb_4", "text": "SECTION III - COMPLICATIONS OF DIABETES MELLITUS", "parent_Field": null, "parent_Choice_Field": null, "parent_ChoiceGroup": null, "w": 603, "h": 22, "y": 141, "x": 549, "structure_id": "Tr_4"}, {"parent_TextBlock": "Tb_5", "text": "3A. DOES THE VETERAN HAVE ANY OF THE FOLLOWING RECOGNIZED COMPLICATIONS OF DIABETES MELLITUS?", "parent_Field": null, "parent_Choice_Field": null, "parent_ChoiceGroup": "Chgp_1", "w": 1080, "h": 19, "y": 185, "x": 94, "structure_id": "Tr_5"}, {"parent_TextBlock": "Tb_6", "text": "YES", "parent_Field": null, "parent_Choice_Field": "Chf_1", "parent_ChoiceGroup": "Chgp_1", "w": 39, "h": 19, "y": 225, "x": 147, "structure_id": "Tr_6"}, {"parent_TextBlock": "Tb_7", "text": "NO", "parent_Field": null, "parent_Choice_Field": "Chf_2", "parent_ChoiceGroup": "Chgp_1", "w": 29, "h": 19, "y": 225, "x": 264, "structure_id": "Tr_7"}, {"parent_TextBlock": "Tb_8", "text": "3B. DOES THE VETERAN HAVE ANY OF THE FOLLOWING CONDITIONS THAT ARE AT LEAST AS LIKELY AS NOT", "parent_Field": null, "parent_Choice_Field": null, "parent_ChoiceGroup": "Chgp_2", "w": 1046, "h": 20, "y": 481, "x": 98, "structure_id": "Tr_8"}, {"parent_TextBlock": "Tb_8", "text": "(at least a 50% probability)", "parent_Field": null, "parent_Choice_Field": null, "parent_ChoiceGroup": "Chgp_2", "w": 247, "h": 22, "y": 479, "x": 1144, "structure_id": "Tr_9"}, {"parent_TextBlock": "Tb_8", "text": "DUE TO DIABETES", "parent_Field": null, "parent_Choice_Field": null, "parent_ChoiceGroup": "Chgp_2", "w": 185, "h": 20, "y": 481, "x": 1391, "structure_id": "Tr_10"}, {"parent_TextBlock": "Tb_8", "text": "MELLITUS?", "parent_Field": null, "parent_Choice_Field": null, "parent_ChoiceGroup": "Chgp_2", "w": 144, "h": 19, "y": 506, "x": 98, "structure_id": "Tr_11"}, {"parent_TextBlock": "Tb_9", "text": "YES", "parent_Field": null, "parent_Choice_Field": "Chf_3", "parent_ChoiceGroup": "Chgp_2", "w": 39, "h": 19, "y": 558, "x": 154, "structure_id": "Tr_12"}, {"parent_TextBlock": "Tb_10", "text": "NO", "parent_Field": null, "parent_Choice_Field": "Chf_4", "parent_ChoiceGroup": "Chgp_2", "w": 29, "h": 19, "y": 558, "x": 273, "structure_id": "Tr_13"}, {"parent_TextBlock": "Tb_11", "text": "(If \"Yes,\" indicate the conditions below) (Check all that apply)", "parent_Field": null, "parent_Choice_Field": null, "parent_ChoiceGroup": "Chgp_3", "w": 556, "h": 22, "y": 273, "x": 149, "structure_id": "Tr_14"}, {"parent_TextBlock": "Tb_12", "text": "DIABETIC PERIPHERAL NEUROPATHY", "parent_Field": null, "parent_Choice_Field": "Chf_5", "parent_ChoiceGroup": "Chgp_3", "w": 358, "h": 20, "y": 308, "x": 200, "structure_id": "Tr_15"}, {"parent_TextBlock": "Tb_13", "text": "DIABETIC NEUROPATHY OR RENAL DYSFUNCTION CAUSED BY DIABETES MELLITUS", "parent_Field": null, "parent_Choice_Field": "Chf_6", "parent_ChoiceGroup": "Chgp_3", "w": 800, "h": 19, "y": 342, "x": 200, "structure_id": "Tr_16"}, {"parent_TextBlock": "Tb_14", "text": "DIABETIC RETINOPATHY", "parent_Field": null, "parent_Choice_Field": "Chf_7", "parent_ChoiceGroup": "Chgp_3", "w": 233, "h": 19, "y": 376, "x": 200, "structure_id": "Tr_17"}, {"parent_TextBlock": "Tb_15", "text": "NOTE -", "parent_Field": null, "parent_Choice_Field": null, "parent_ChoiceGroup": null, "w": 76, "h": 23, "y": 416, "x": 111, "structure_id": "Tr_18"}, {"parent_TextBlock": "Tb_15", "text": "\u00c2\u00a0For\u00c2\u00a0all checked boxes, also complete appropriate Questionnaire(s). VA Form 21-0960N-2, Eye Disability Benefits Questionnaire must be completed by an", "parent_Field": null, "parent_Choice_Field": null, "parent_ChoiceGroup": null, "w": 1387, "h": 23, "y": 416, "x": 187, "structure_id": "Tr_19"}, {"parent_TextBlock": "Tb_15", "text": "ophthalmologist or optometrist.", "parent_Field": null, "parent_Choice_Field": null, "parent_ChoiceGroup": null, "w": 280, "h": 22, "y": 443, "x": 111, "structure_id": "Tr_20"}, {"parent_TextBlock": "Tb_16", "text": "(If \"Yes,\" indicate the conditions below) (Check all that apply)", "parent_Field": null, "parent_Choice_Field": null, "parent_ChoiceGroup": "Chgp_4", "w": 556, "h": 22, "y": 599, "x": 103, "structure_id": "Tr_21"}, {"parent_TextBlock": "Tb_17", "text": "ERECTILE DYSFUNCTION", "parent_Field": null, "parent_Choice_Field": "Chf_8", "parent_ChoiceGroup": "Chgp_4", "w": 246, "h": 19, "y": 638, "x": 152, "structure_id": "Tr_22"}, {"parent_TextBlock": "Tb_17", "text": "(If checked also complete the VA Form 21-0960J-2, Male Reproductive Organs Disability Benefits Questionnaire)", "parent_Field": null, "parent_Choice_Field": "Chf_8", "parent_ChoiceGroup": "Chgp_4", "w": 1018, "h": 22, "y": 636, "x": 398, "structure_id": "Tr_23"}, {"parent_TextBlock": "Tb_18", "text": "CARDIAC CONDITION(S)", "parent_Field": null, "parent_Choice_Field": "Chf_9", "parent_ChoiceGroup": "Chgp_4", "w": 233, "h": 20, "y": 670, "x": 152, "structure_id": "Tr_24"}, {"parent_TextBlock": "Tb_18", "text": "(If checked also complete appropriate cardiac Questionnaires (VA Forms 21-0960A-1 thru 21-0960A-4)", "parent_Field": null, "parent_Choice_Field": "Chf_9", "parent_ChoiceGroup": "Chgp_4", "w": 930, "h": 22, "y": 668, "x": 385, "structure_id": "Tr_25"}, {"parent_TextBlock": "Tb_19", "text": "HYPERTENSION (in the presence of diabetic renal disease)", "parent_Field": null, "parent_Choice_Field": "Chf_10", "parent_ChoiceGroup": "Chgp_4", "w": 525, "h": 19, "y": 703, "x": 152, "structure_id": "Tr_26"}, {"parent_TextBlock": "Tb_19", "text": "(If checked also complete VA Form 21-0960A-3, Hypertension Disability Benefits Questionnaire)", "parent_Field": null, "parent_Choice_Field": "Chf_10", "parent_ChoiceGroup": "Chgp_4", "w": 867, "h": 22, "y": 701, "x": 677, "structure_id": "Tr_27"}, {"parent_TextBlock": "Tb_20", "text": "PERIPHERAL VASCULAR DISEASE", "parent_Field": null, "parent_Choice_Field": "Chf_11", "parent_ChoiceGroup": "Chgp_4", "w": 328, "h": 19, "y": 735, "x": 152, "structure_id": "Tr_28"}, {"parent_TextBlock": "Tb_20", "text": "(If checked also complete VA Form 21-0960A-2, Arteries and Veins Disability Benefits Questionnaire)", "parent_Field": null, "parent_Choice_Field": "Chf_11", "parent_ChoiceGroup": "Chgp_4", "w": 913, "h": 22, "y": 733, "x": 480, "structure_id": "Tr_29"}, {"parent_TextBlock": "Tb_21", "text": "STROKE", "parent_Field": null, "parent_Choice_Field": "Chf_12", "parent_ChoiceGroup": "Chgp_4", "w": 85, "h": 19, "y": 764, "x": 152, "structure_id": "Tr_30"}, {"parent_TextBlock": "Tb_21", "text": "(If checked also complete VA Form 21-0960C-3, Cranial Nerve Conditions Disability Benefits Questionnaire and/or 21-0960C-5, Central Nervous", "parent_Field": null, "parent_Choice_Field": "Chf_12", "parent_ChoiceGroup": "Chgp_4", "w": 1314, "h": 22, "y": 762, "x": 237, "structure_id": "Tr_31"}, {"parent_TextBlock": "Tb_21", "text": "System and Neuromuscular Diseases Disability Benefits Questionnaire)", "parent_Field": null, "parent_Choice_Field": "Chf_12", "parent_ChoiceGroup": "Chgp_4", "w": 639, "h": 19, "y": 782, "x": 152, "structure_id": "Tr_32"}, {"parent_TextBlock": "Tb_22", "text": "SKIN CONDITIONS", "parent_Field": null, "parent_Choice_Field": "Chf_13", "parent_ChoiceGroup": "Chgp_4", "w": 178, "h": 19, "y": 813, "x": 152, "structure_id": "Tr_33"}, {"parent_TextBlock": "Tb_22", "text": "(If checked also complete VA Form 21-0960F-2, Skin Conditions Disability Benefits Questionnaire)", "parent_Field": null, "parent_Choice_Field": "Chf_13", "parent_ChoiceGroup": "Chgp_4", "w": 889, "h": 22, "y": 811, "x": 330, "structure_id": "Tr_34"}, {"parent_TextBlock": "Tb_23", "text": "EYE CONDITIONS OTHER THAN DIABETIC RETINOPATHY", "parent_Field": null, "parent_Choice_Field": "Chf_14", "parent_ChoiceGroup": "Chgp_4", "w": 542, "h": 19, "y": 841, "x": 152, "structure_id": "Tr_35"}, {"parent_TextBlock": "Tb_23", "text": "(If checked also complete VA Form 21-0960N-2, Eye Conditions Disability Benefits Questionnaire", "parent_Field": null, "parent_Choice_Field": "Chf_14", "parent_ChoiceGroup": "Chgp_4", "w": 883, "h": 22, "y": 839, "x": 694, "structure_id": "Tr_36"}, {"parent_TextBlock": "Tb_23", "text": "which must be completed by an ophthalmologist or optometrist)", "parent_Field": null, "parent_Choice_Field": "Chf_14", "parent_ChoiceGroup": "Chgp_4", "w": 568, "h": 22, "y": 858, "x": 152, "structure_id": "Tr_37"}, {"parent_TextBlock": "Tb_24", "text": "OTHER COMPLICATION(S)", "parent_Field": null, "parent_Choice_Field": "Chf_15", "parent_ChoiceGroup": "Chgp_4", "w": 253, "h": 20, "y": 888, "x": 152, "structure_id": "Tr_38"}, {"parent_TextBlock": "Tb_24", "text": "(Describe)", "parent_Field": null, "parent_Choice_Field": "Chf_15", "parent_ChoiceGroup": "Chgp_4", "w": 95, "h": 23, "y": 886, "x": 405, "structure_id": "Tr_39"}, {"parent_TextBlock": "Tb_25", "text": "(If \"Yes,\" indicate the conditions below) (Check all that apply)", "parent_Field": null, "parent_Choice_Field": null, "parent_ChoiceGroup": "Chgp_5", "w": 555, "h": 22, "y": 1162, "x": 101, "structure_id": "Tr_40"}, {"parent_TextBlock": "Tb_26", "text": "CARDIAC CONDITIONS(S)", "parent_Field": null, "parent_Choice_Field": "Chf_16", "parent_ChoiceGroup": "Chgp_5", "w": 246, "h": 19, "y": 1195, "x": 152, "structure_id": "Tr_41"}, {"parent_TextBlock": "Tb_26", "text": "(If checked also complete appropriate cardiac Questionnaires (VA Forms 21-0960A-1 thru 21-0960A-4)", "parent_Field": null, "parent_Choice_Field": "Chf_16", "parent_ChoiceGroup": "Chgp_5", "w": 930, "h": 23, "y": 1192, "x": 398, "structure_id": "Tr_42"}, {"parent_TextBlock": "Tb_27", "text": "RENAL DISEASE", "parent_Field": null, "parent_Choice_Field": "Chf_17", "parent_ChoiceGroup": "Chgp_5", "w": 160, "h": 20, "y": 1261, "x": 152, "structure_id": "Tr_43"}, {"parent_TextBlock": "Tb_27", "text": "(If checked also complete VA Form 21-0960J-1, Kidney Conditions (Nephrology) Disability Benefits Questionnaire)", "parent_Field": null, "parent_Choice_Field": "Chf_17", "parent_ChoiceGroup": "Chgp_5", "w": 1035, "h": 22, "y": 1259, "x": 312, "structure_id": "Tr_44"}, {"parent_TextBlock": "Tb_28", "text": "HYPERTENSION", "parent_Field": null, "parent_Choice_Field": "Chf_18", "parent_ChoiceGroup": "Chgp_5", "w": 159, "h": 19, "y": 1229, "x": 152, "structure_id": "Tr_45"}, {"parent_TextBlock": "Tb_28", "text": "(If checked also complete VA Form 21-0960A-3, Hypertension Disability Benefits Questionnaire)", "parent_Field": null, "parent_Choice_Field": "Chf_18", "parent_ChoiceGroup": "Chgp_5", "w": 867, "h": 22, "y": 1227, "x": 311, "structure_id": "Tr_46"}, {"parent_TextBlock": "Tb_29", "text": "PERIPHERAL VASCULAR DISEASE", "parent_Field": null, "parent_Choice_Field": "Chf_19", "parent_ChoiceGroup": "Chgp_5", "w": 328, "h": 20, "y": 1292, "x": 152, "structure_id": "Tr_47"}, {"parent_TextBlock": "Tb_29", "text": "(If checked also complete VA Form 21-0960A-2, Artery and Vein Conditions (Vascular Diseases Including Varicose Veins)", "parent_Field": null, "parent_Choice_Field": "Chf_19", "parent_ChoiceGroup": "Chgp_5", "w": 1103, "h": 22, "y": 1290, "x": 480, "structure_id": "Tr_48"}, {"parent_TextBlock": "Tb_29", "text": "Disability Benefits Questionnaire)", "parent_Field": null, "parent_Choice_Field": "Chf_19", "parent_ChoiceGroup": "Chgp_5", "w": 305, "h": 22, "y": 1317, "x": 152, "structure_id": "Tr_49"}, {"parent_TextBlock": "Tb_30", "text": "EYE CONDITION(S) OTHER THAN DIABETIC RETINOPATHY", "parent_Field": null, "parent_Choice_Field": "Chf_20", "parent_ChoiceGroup": "Chgp_5", "w": 555, "h": 19, "y": 1348, "x": 152, "structure_id": "Tr_50"}, {"parent_TextBlock": "Tb_30", "text": "(If checked also complete VA Form 21-0960N-2, Eye Conditions Disability Benefits Questionnaire,", "parent_Field": null, "parent_Choice_Field": "Chf_20", "parent_ChoiceGroup": "Chgp_5", "w": 889, "h": 22, "y": 1346, "x": 707, "structure_id": "Tr_51"}, {"parent_TextBlock": "Tb_30", "text": "which must be completed by an ophthalmologist or optometrist)", "parent_Field": null, "parent_Choice_Field": "Chf_20", "parent_ChoiceGroup": "Chgp_5", "w": 568, "h": 23, "y": 1365, "x": 152, "structure_id": "Tr_52"}, {"parent_TextBlock": "Tb_31", "text": "OTHER PERMANENTLY AGGRAVATED CONDITION(S)", "parent_Field": null, "parent_Choice_Field": "Chf_21", "parent_ChoiceGroup": "Chgp_5", "w": 505, "h": 20, "y": 1398, "x": 152, "structure_id": "Tr_53"}, {"parent_TextBlock": "Tb_31", "text": "(Describe)", "parent_Field": null, "parent_Choice_Field": "Chf_21", "parent_ChoiceGroup": "Chgp_5", "w": 95, "h": 22, "y": 1396, "x": 657, "structure_id": "Tr_54"}, {"parent_TextBlock": "Tb_32", "text": "3C. HAS THE VETERAN'S DIABETES MELLITUS AT LEAST AS LIKELY AS NOT", "parent_Field": null, "parent_Choice_Field": null, "parent_ChoiceGroup": "Chgp_6", "w": 719, "h": 19, "y": 1069, "x": 95, "structure_id": "Tr_55"}, {"parent_TextBlock": "Tb_32", "text": "(at least 50% probability)", "parent_Field": null, "parent_Choice_Field": null, "parent_ChoiceGroup": "Chgp_6", "w": 230, "h": 22, "y": 1067, "x": 814, "structure_id": "Tr_56"}, {"parent_TextBlock": "Tb_32", "text": "PERMANENTLY AGGRAVATED", "parent_Field": null, "parent_Choice_Field": null, "parent_ChoiceGroup": "Chgp_6", "w": 297, "h": 19, "y": 1069, "x": 1044, "structure_id": "Tr_57"}, {"parent_TextBlock": "Tb_32", "text": "(meaning that any worsening", "parent_Field": null, "parent_Choice_Field": null, "parent_ChoiceGroup": "Chgp_6", "w": 266, "h": 22, "y": 1067, "x": 1341, "structure_id": "Tr_58"}, {"parent_TextBlock": "Tb_32", "text": "of the condition is not due to natural progress)", "parent_Field": null, "parent_Choice_Field": null, "parent_ChoiceGroup": "Chgp_6", "w": 416, "h": 22, "y": 1094, "x": 128, "structure_id": "Tr_59"}, {"parent_TextBlock": "Tb_32", "text": "ANY OF THE FOLLOWING CONDITIONS?", "parent_Field": null, "parent_Choice_Field": null, "parent_ChoiceGroup": "Chgp_6", "w": 383, "h": 19, "y": 1096, "x": 544, "structure_id": "Tr_60"}, {"parent_TextBlock": "Tb_33", "text": "YES", "parent_Field": null, "parent_Choice_Field": "Chf_22", "parent_ChoiceGroup": "Chgp_6", "w": 39, "h": 20, "y": 1126, "x": 152, "structure_id": "Tr_61"}, {"parent_TextBlock": "Tb_34", "text": "NO", "parent_Field": null, "parent_Choice_Field": "Chf_23", "parent_ChoiceGroup": "Chgp_6", "w": 30, "h": 20, "y": 1126, "x": 270, "structure_id": "Tr_62"}, {"parent_TextBlock": "Tb_35", "text": "SECTION IV - OTHER PERTINENT PHYSICAL FINDINGS, COMPLICATIONS, CONDITIONS, SIGNS AND/OR SYMPTOMS", "parent_Field": null, "parent_Choice_Field": null, "parent_ChoiceGroup": null, "w": 1246, "h": 22, "y": 1560, "x": 225, "structure_id": "Tr_63"}, {"parent_TextBlock": "Tb_36", "text": "(If \"Yes,\" describe (brief summary)):", "parent_Field": "Fi_2", "parent_Choice_Field": null, "parent_ChoiceGroup": null, "w": 326, "h": 22, "y": 1859, "x": 322, "structure_id": "Tr_64"}, {"parent_TextBlock": "Tb_37", "text": "(If \"Yes,\" also complete VA Form 21-0960F-1, Scars/Disfigurement Disability Benefits Questionnaire)", "parent_Field": null, "parent_Choice_Field": null, "parent_ChoiceGroup": null, "w": 913, "h": 22, "y": 1739, "x": 325, "structure_id": "Tr_65"}, {"parent_TextBlock": "Tb_38", "text": "(If \"Yes,\" are any of the scars painful and/or unstable, or is the total area of all related scars greater than or equal to 39 square cm (6 square inches)?", "parent_Field": null, "parent_Choice_Field": null, "parent_ChoiceGroup": "Chgp_7", "w": 1342, "h": 22, "y": 1700, "x": 108, "structure_id": "Tr_66"}, {"parent_TextBlock": "Tb_39", "text": "YES", "parent_Field": null, "parent_Choice_Field": "Chf_24", "parent_ChoiceGroup": "Chgp_7", "w": 39, "h": 20, "y": 1740, "x": 155, "structure_id": "Tr_67"}, {"parent_TextBlock": "Tb_40", "text": "NO", "parent_Field": null, "parent_Choice_Field": "Chf_25", "parent_ChoiceGroup": "Chgp_7", "w": 29, "h": 20, "y": 1740, "x": 274, "structure_id": "Tr_68"}, {"parent_TextBlock": "Tb_41", "text": "4A. DOES THE VETERAN HAVE ANY SCARS (surgical or otherwise) RELATED TO ANY CONDITIONS OR TO THE TREATMENT OF ANY CONDITIONS LISTED IN", "parent_Field": null, "parent_Choice_Field": null, "parent_ChoiceGroup": "Chgp_8", "w": 1449, "h": 19, "y": 1592, "x": 95, "structure_id": "Tr_69"}, {"parent_TextBlock": "Tb_41", "text": "SECTION I, DIAGNOSIS?", "parent_Field": null, "parent_Choice_Field": null, "parent_ChoiceGroup": "Chgp_8", "w": 259, "h": 20, "y": 1615, "x": 95, "structure_id": "Tr_70"}, {"parent_TextBlock": "Tb_42", "text": "YES", "parent_Field": null, "parent_Choice_Field": "Chf_26", "parent_ChoiceGroup": "Chgp_8", "w": 39, "h": 19, "y": 1657, "x": 152, "structure_id": "Tr_71"}, {"parent_TextBlock": "Tb_43", "text": "NO", "parent_Field": null, "parent_Choice_Field": "Chf_27", "parent_ChoiceGroup": "Chgp_8", "w": 29, "h": 19, "y": 1657, "x": 271, "structure_id": "Tr_72"}, {"parent_TextBlock": "Tb_44", "text": "4B. DOES THE VETERAN HAVE ANY OTHER PERTINENT PHYSICAL FINDINGS, COMPLICATIONS, CONDITIONS, SIGNS AND/OR SYMPTOMS RELATED TO ANY", "parent_Field": null, "parent_Choice_Field": null, "parent_ChoiceGroup": "Chgp_9", "w": 1476, "h": 19, "y": 1793, "x": 95, "structure_id": "Tr_73"}, {"parent_TextBlock": "Tb_44", "text": "CONDITIONS LISTED IN SECTION I, DIAGNOSIS?", "parent_Field": null, "parent_Choice_Field": null, "parent_ChoiceGroup": "Chgp_9", "w": 485, "h": 20, "y": 1816, "x": 95, "structure_id": "Tr_74"}, {"parent_TextBlock": "Tb_45", "text": "YES", "parent_Field": null, "parent_Choice_Field": "Chf_28", "parent_ChoiceGroup": "Chgp_9", "w": 39, "h": 19, "y": 1860, "x": 152, "structure_id": "Tr_75"}, {"parent_TextBlock": "Tb_46", "text": "NO", "parent_Field": null, "parent_Choice_Field": "Chf_29", "parent_ChoiceGroup": "Chgp_9", "w": 29, "h": 19, "y": 1860, "x": 271, "structure_id": "Tr_76"}, {"parent_TextBlock": "Tb_47", "text": "VA\u00c2\u00a0FORM 21-0960E-1, DEC 2014", "parent_Field": null, "parent_Choice_Field": null, "parent_ChoiceGroup": null, "w": 296, "h": 20, "y": 2111, "x": 90, "structure_id": "Tr_77"}, {"parent_TextBlock": "Tb_48", "text": "Page 2", "parent_Field": null, "parent_Choice_Field": null, "parent_ChoiceGroup": null, "w": 70, "h": 22, "y": 2111, "x": 1542, "structure_id": "Tr_78"}], "ChoiceGroup": [{"y": 172.03125, "x": 85, "structure_id": "Chgp_1", "w": 1100, "h": 240}, {"y": 475.03125, "x": 90, "structure_id": "Chgp_2", "w": 1527, "h": 583}, {"y": 262.03125, "x": 135, "structure_id": "Chgp_3", "w": 877, "h": 144}, {"y": 587.03125, "x": 94, "structure_id": "Chgp_4", "w": 1520, "h": 470}, {"y": 1153.03125, "x": 91, "structure_id": "Chgp_5", "w": 1520, "h": 399}, {"y": 1060.03125, "x": 84, "structure_id": "Chgp_6", "w": 1531, "h": 490}, {"y": 1694.03125, "x": 102, "structure_id": "Chgp_7", "w": 1350, "h": 83}, {"y": 1586.03125, "x": 88, "structure_id": "Chgp_8", "w": 1461, "h": 198}, {"y": 1790.0312571023233, "x": 90.00000919121868, "structure_id": "Chgp_9", "w": 1527, "h": 309}]}