{"Widget": [{"parent_Field": "Fi_1", "parent_Choice_Field": null, "parent_ChoiceGroup": null, "w": 140.50236220472442, "h": 46.83307086614173, "y": 83.33070866141732, "x": 511.9220472440945, "structure_id": "Wi_1"}, {"parent_Field": "Fi_1", "parent_Choice_Field": null, "parent_ChoiceGroup": null, "w": 88.94488188976378, "h": 46.83307086614173, "y": 83.33070866141732, "x": 705.9362204724409, "structure_id": "Wi_2"}, {"parent_Field": "Fi_1", "parent_Choice_Field": null, "parent_ChoiceGroup": null, "w": 188.88031496062993, "h": 46.83307086614173, "y": 83.33070866141732, "x": 837.0944881889764, "structure_id": "Wi_3"}, {"parent_Field": "Fi_2", "parent_Choice_Field": null, "parent_ChoiceGroup": null, "w": 1499.4551181102363, "h": 1016.6692913385826, "y": 200, "x": 100, "structure_id": "Wi_4"}, {"parent_Field": "Fi_3", "parent_Choice_Field": null, "parent_ChoiceGroup": null, "w": 416.6692913385827, "h": 33.33070866141732, "y": 1599.992125984252, "x": 733.3307086614174, "structure_id": "Wi_5"}, {"parent_Field": "Fi_4", "parent_Choice_Field": null, "parent_ChoiceGroup": null, "w": 516.6692913385828, "h": 33.33070866141732, "y": 1483.3307086614172, "x": 550, "structure_id": "Wi_6"}, {"parent_Field": "Fi_5", "parent_Choice_Field": null, "parent_ChoiceGroup": null, "w": 600, "h": 33.33070866141732, "y": 1349.992125984252, "x": 716.6692913385828, "structure_id": "Wi_7"}, {"parent_Field": "Fi_6", "parent_Choice_Field": null, "parent_ChoiceGroup": null, "w": 500, "h": 80.56141732283464, "y": 1433.3307086614172, "x": 1100, "structure_id": "Wi_8"}, {"parent_Field": "Fi_7", "parent_Choice_Field": null, "parent_ChoiceGroup": null, "w": 216.66929133858267, "h": 33.33070866141732, "y": 1349.992125984252, "x": 1350, "structure_id": "Wi_9"}, {"parent_Field": "Fi_8", "parent_Choice_Field": null, "parent_ChoiceGroup": null, "w": 416.6692913385827, "h": 41.158267716535434, "y": 1434.1110236220475, "x": 100, "structure_id": "Wi_10"}, {"parent_Field": "Fi_8", "parent_Choice_Field": null, "parent_ChoiceGroup": null, "w": 416.6692913385827, "h": 41.158267716535434, "y": 1475.2669291338584, "x": 100, "structure_id": "Wi_11"}, {"parent_Field": "Fi_9", "parent_Choice_Field": null, "parent_ChoiceGroup": null, "w": 583.3385826771654, "h": 33.33070866141732, "y": 1349.992125984252, "x": 100, "structure_id": "Wi_12"}], "TextBlock": [{"parent_Field": "Fi_1", "parent_Choice_Field": null, "parent_ChoiceGroup": null, "w": 417, "h": 19, "y": 105, "x": 83, "structure_id": "Tb_1"}, {"parent_Field": null, "parent_Choice_Field": null, "parent_ChoiceGroup": null, "w": 686, "h": 22, "y": 140, "x": 507, "structure_id": "Tb_2"}, {"parent_Field": "Fi_2", "parent_Choice_Field": null, "parent_ChoiceGroup": null, "w": 189, "h": 22, "y": 172, "x": 100, "structure_id": "Tb_3"}, {"parent_Field": null, "parent_Choice_Field": null, "parent_ChoiceGroup": null, "w": 662, "h": 22, "y": 1240, "x": 519, "structure_id": "Tb_4"}, {"parent_Field": "Fi_3", "parent_Choice_Field": null, "parent_ChoiceGroup": null, "w": 614, "h": 25, "y": 1608, "x": 100, "structure_id": "Tb_5"}, {"parent_Field": "Fi_3", "parent_Choice_Field": null, "parent_ChoiceGroup": null, "w": 271, "h": 22, "y": 1639, "x": 806, "structure_id": "Tb_6"}, {"parent_Field": "Fi_4", "parent_Choice_Field": null, "parent_ChoiceGroup": null, "w": 493, "h": 20, "y": 1390, "x": 550, "structure_id": "Tb_7"}, {"parent_Field": null, "parent_Choice_Field": null, "parent_ChoiceGroup": null, "w": 1322, "h": 22, "y": 1681, "x": 100, "structure_id": "Tb_8"}, {"parent_Field": null, "parent_Choice_Field": null, "parent_ChoiceGroup": null, "w": 1205, "h": 25, "y": 1279, "x": 100, "structure_id": "Tb_9"}, {"parent_Field": "Fi_5", "parent_Choice_Field": null, "parent_ChoiceGroup": null, "w": 308, "h": 19, "y": 1324, "x": 717, "structure_id": "Tb_10"}, {"parent_Field": "Fi_6", "parent_Choice_Field": null, "parent_ChoiceGroup": null, "w": 254, "h": 20, "y": 1390, "x": 1100, "structure_id": "Tb_11"}, {"parent_Field": "Fi_7", "parent_Choice_Field": null, "parent_ChoiceGroup": null, "w": 167, "h": 19, "y": 1324, "x": 1350, "structure_id": "Tb_12"}, {"parent_Field": "Fi_8", "parent_Choice_Field": null, "parent_ChoiceGroup": null, "w": 411, "h": 20, "y": 1390, "x": 100, "structure_id": "Tb_13"}, {"parent_Field": "Fi_9", "parent_Choice_Field": null, "parent_ChoiceGroup": null, "w": 275, "h": 19, "y": 1324, "x": 100, "structure_id": "Tb_14"}, {"parent_Field": null, "parent_Choice_Field": null, "parent_ChoiceGroup": null, "w": 1500, "h": 235, "y": 1729, "x": 100, "structure_id": "Tb_15"}, {"parent_Field": null, "parent_Choice_Field": null, "parent_ChoiceGroup": null, "w": 1500, "h": 116, "y": 1974, "x": 100, "structure_id": "Tb_16"}, {"parent_Field": null, "parent_Choice_Field": null, "parent_ChoiceGroup": null, "w": 299, "h": 19, "y": 2124, "x": 83, "structure_id": "Tb_17"}, {"parent_Field": null, "parent_Choice_Field": null, "parent_ChoiceGroup": null, "w": 71, "h": 22, "y": 2122, "x": 1546, "structure_id": "Tb_18"}], "Choice_Field": [], "Field": [{"y": 83.33070866141732, "x": 83, "structure_id": "Fi_1", "w": 942.9748031496063, "h": 46.83307086614174}, {"y": 172, "x": 100, "structure_id": "Fi_2", "w": 1499.4551181102363, "h": 1044.6692913385828}, {"y": 1599.992125984252, "x": 100, "structure_id": "Fi_3", "w": 1050, "h": 61.00787401574803}, {"y": 1390, "x": 550, "structure_id": "Fi_4", "w": 516.6692913385828, "h": 126.6614173228345}, {"y": 1324, "x": 716.6692913385828, "structure_id": "Fi_5", "w": 600, "h": 59.32283464566922}, {"y": 1390, "x": 1100, "structure_id": "Fi_6", "w": 500, "h": 123.89212598425183}, {"y": 1324, "x": 1350, "structure_id": "Fi_7", "w": 216.66929133858275, "h": 59.32283464566922}, {"y": 1390, "x": 100, "structure_id": "Fi_8", "w": 416.66929133858275, "h": 126.42519685039383}, {"y": 1324, "x": 100, "structure_id": "Fi_9", "w": 583.3385826771654, "h": 59.32283464566922}], "TextRun": [{"parent_TextBlock": "Tb_1", "text": "PATIENT/VETERAN'S SOCIAL SECURITY NO.", "parent_Field": "Fi_1", "parent_Choice_Field": null, "parent_ChoiceGroup": null, "w": 417, "h": 19, "y": 105, "x": 83, "structure_id": "Tr_1"}, {"parent_TextBlock": "Tb_2", "text": "SECTION VI - FUNCTIONAL IMPACT AND REMARKS (Continued)", "parent_Field": null, "parent_Choice_Field": null, "parent_ChoiceGroup": null, "w": 686, "h": 22, "y": 140, "x": 507, "structure_id": "Tr_2"}, {"parent_TextBlock": "Tb_3", "text": "7. REMARKS", "parent_Field": "Fi_2", "parent_Choice_Field": null, "parent_ChoiceGroup": null, "w": 118, "h": 20, "y": 174, "x": 100, "structure_id": "Tr_3"}, {"parent_TextBlock": "Tb_3", "text": "(If any)", "parent_Field": "Fi_2", "parent_Choice_Field": null, "parent_ChoiceGroup": null, "w": 71, "h": 22, "y": 172, "x": 218, "structure_id": "Tr_4"}, {"parent_TextBlock": "Tb_4", "text": "SECTION VII - PHYSICIAN'S CERTIFICATION AND SIGNATURE", "parent_Field": null, "parent_Choice_Field": null, "parent_ChoiceGroup": null, "w": 662, "h": 22, "y": 1240, "x": 519, "structure_id": "Tr_5"}, {"parent_TextBlock": "Tb_5", "text": "IMPORTANT", "parent_Field": "Fi_3", "parent_Choice_Field": null, "parent_ChoiceGroup": null, "w": 156, "h": 25, "y": 1608, "x": 100, "structure_id": "Tr_6"}, {"parent_TextBlock": "Tb_5", "text": "\u00c2\u00a0- Physician please fax the completed form to", "parent_Field": "Fi_3", "parent_Choice_Field": null, "parent_ChoiceGroup": null, "w": 458, "h": 25, "y": 1608, "x": 256, "structure_id": "Tr_7"}, {"parent_TextBlock": "Tb_6", "text": "(VA Regional Office FAX No.)", "parent_Field": "Fi_3", "parent_Choice_Field": null, "parent_ChoiceGroup": null, "w": 271, "h": 22, "y": 1639, "x": 806, "structure_id": "Tr_8"}, {"parent_TextBlock": "Tb_7", "text": "8E. NATIONAL PROVIDER IDENTIFIER (NPI) NUMBER", "parent_Field": "Fi_4", "parent_Choice_Field": null, "parent_ChoiceGroup": null, "w": 493, "h": 20, "y": 1390, "x": 550, "structure_id": "Tr_9"}, {"parent_TextBlock": "Tb_8", "text": "NOTE:", "parent_Field": null, "parent_Choice_Field": null, "parent_ChoiceGroup": null, "w": 70, "h": 22, "y": 1681, "x": 100, "structure_id": "Tr_10"}, {"parent_TextBlock": "Tb_8", "text": "A list of VA Regional Office FAX Numbers can be found at\u00c2\u00a0", "parent_Field": null, "parent_Choice_Field": null, "parent_ChoiceGroup": null, "w": 549, "h": 22, "y": 1681, "x": 170, "structure_id": "Tr_11"}, {"parent_TextBlock": "Tb_8", "text": "www.benefits.va.gov/disabilityexams", "parent_Field": null, "parent_Choice_Field": null, "parent_ChoiceGroup": null, "w": 348, "h": 22, "y": 1681, "x": 719, "structure_id": "Tr_12"}, {"parent_TextBlock": "Tb_8", "text": "\u00c2\u00a0or obtained by calling 1-800-827-1000.", "parent_Field": null, "parent_Choice_Field": null, "parent_ChoiceGroup": null, "w": 355, "h": 22, "y": 1681, "x": 1067, "structure_id": "Tr_13"}, {"parent_TextBlock": "Tb_9", "text": "CERTIFICATION", "parent_Field": null, "parent_Choice_Field": null, "parent_ChoiceGroup": null, "w": 204, "h": 25, "y": 1279, "x": 100, "structure_id": "Tr_14"}, {"parent_TextBlock": "Tb_9", "text": "\u00c2\u00a0- To the best of my knowledge, the information contained herein is accurate, complete and current.\u00c2\u00a0", "parent_Field": null, "parent_Choice_Field": null, "parent_ChoiceGroup": null, "w": 1001, "h": 25, "y": 1279, "x": 304, "structure_id": "Tr_15"}, {"parent_TextBlock": "Tb_10", "text": "8B. PHYSICIAN'S PRINTED NAME", "parent_Field": "Fi_5", "parent_Choice_Field": null, "parent_ChoiceGroup": null, "w": 308, "h": 19, "y": 1324, "x": 717, "structure_id": "Tr_16"}, {"parent_TextBlock": "Tb_11", "text": "8F. PHYSICIAN'S ADDRESS", "parent_Field": "Fi_6", "parent_Choice_Field": null, "parent_ChoiceGroup": null, "w": 254, "h": 20, "y": 1390, "x": 1100, "structure_id": "Tr_17"}, {"parent_TextBlock": "Tb_12", "text": "8C. DATE SIGNED", "parent_Field": "Fi_7", "parent_Choice_Field": null, "parent_ChoiceGroup": null, "w": 167, "h": 19, "y": 1324, "x": 1350, "structure_id": "Tr_18"}, {"parent_TextBlock": "Tb_13", "text": "8D. PHYSICIAN'S PHONE AND FAX NUMBER", "parent_Field": "Fi_8", "parent_Choice_Field": null, "parent_ChoiceGroup": null, "w": 411, "h": 20, "y": 1390, "x": 100, "structure_id": "Tr_19"}, {"parent_TextBlock": "Tb_14", "text": "8A. PHYSICIAN'S SIGNATURE", "parent_Field": "Fi_9", "parent_Choice_Field": null, "parent_ChoiceGroup": null, "w": 275, "h": 19, "y": 1324, "x": 100, "structure_id": "Tr_20"}, {"parent_TextBlock": "Tb_15", "text": "PRIVACY  ACT  NOTICE  VA  will  not  disclose  information  collected  on  this  form  to  any  source  other  than  what  has  been  authorized  under  the  Privacy  Act  of  1974", "parent_Field": null, "parent_Choice_Field": null, "parent_ChoiceGroup": null, "w": 1500, "h": 23, "y": 1729, "x": 100, "structure_id": "Tr_21"}, {"parent_TextBlock": "Tb_15", "text": "or  Title  38,  Code  of  Federal  Regulations  1.576  for  routine  uses  (i.e.,  civil  or  criminal  law  enforcement,  congressional  communications,  epidemiological  or  research", "parent_Field": null, "parent_Choice_Field": null, "parent_ChoiceGroup": null, "w": 1500, "h": 22, "y": 1753, "x": 100, "structure_id": "Tr_22"}, {"parent_TextBlock": "Tb_15", "text": "studies,  the  collection  of  money  owed  to  the  United  States,  litigation  in  which  the  United  States  is  party  or  has  an  interest,  the  administration  of  VA  programs  and", "parent_Field": null, "parent_Choice_Field": null, "parent_ChoiceGroup": null, "w": 1500, "h": 22, "y": 1777, "x": 100, "structure_id": "Tr_23"}, {"parent_TextBlock": "Tb_15", "text": "delivery  of  VA  benefits,  verification  of  identity  and  status,  and  personnel  administration)  as  identified  in  the  VA  system  of  records,  58/VA21/22/28,  Compensation,", "parent_Field": null, "parent_Choice_Field": null, "parent_ChoiceGroup": null, "w": 1500, "h": 22, "y": 1800, "x": 100, "structure_id": "Tr_24"}, {"parent_TextBlock": "Tb_15", "text": "Pension,  Education  and  Vocational  Rehabilitation  and  Employment  Records  VA,  published  in  the  Federal  Register.  Your  obligation  to  respond  is  required  to  obtain  or", "parent_Field": null, "parent_Choice_Field": null, "parent_ChoiceGroup": null, "w": 1500, "h": 22, "y": 1824, "x": 100, "structure_id": "Tr_25"}, {"parent_TextBlock": "Tb_15", "text": "retain  benefits.  VA  uses  your  SSN  to  identify  your  claim  file.  Providing  your  SSN  will  help  ensure  that  your  records  are  properly  associated  with  your  claim  file.  Giving", "parent_Field": null, "parent_Choice_Field": null, "parent_ChoiceGroup": null, "w": 1500, "h": 23, "y": 1847, "x": 100, "structure_id": "Tr_26"}, {"parent_TextBlock": "Tb_15", "text": "us  your  SSN  account  information  is  voluntary.  Refusal  to  provide  your  SSN  by  itself  will  not  result  in  the  denial  of  benefits.  VA  will  not  deny  an  individual  benefits  for", "parent_Field": null, "parent_Choice_Field": null, "parent_ChoiceGroup": null, "w": 1500, "h": 22, "y": 1871, "x": 100, "structure_id": "Tr_27"}, {"parent_TextBlock": "Tb_15", "text": "refusing  to  provide  his  or  her  SSN  unless  the  disclosure  of  the  SSN  is  required  by  Federal  Statute  of  law  in  effect  prior  to  January  1,  1975,  and  still  in  effect.  The", "parent_Field": null, "parent_Choice_Field": null, "parent_ChoiceGroup": null, "w": 1500, "h": 22, "y": 1895, "x": 100, "structure_id": "Tr_28"}, {"parent_TextBlock": "Tb_15", "text": "requested  information  is  considered  relevant  and  necessary  to  determine  maximum  benefits  under  the  law.  The  responses  you  submit  are  considered  confidential  (38  U.", "parent_Field": null, "parent_Choice_Field": null, "parent_ChoiceGroup": null, "w": 1500, "h": 22, "y": 1918, "x": 100, "structure_id": "Tr_29"}, {"parent_TextBlock": "Tb_15", "text": "S.C. 5701). Information submitted is subject to verification through computer matching programs with other agencies.", "parent_Field": null, "parent_Choice_Field": null, "parent_ChoiceGroup": null, "w": 1057, "h": 22, "y": 1942, "x": 100, "structure_id": "Tr_30"}, {"parent_TextBlock": "Tb_16", "text": "RESPONDENT  BURDEN  We  need  this  information  to  determine  entitlement  to  benefits  (38  U.S.C.  501).  Title  38,  United  States  Code,  allows  us  to  ask  for  this", "parent_Field": null, "parent_Choice_Field": null, "parent_ChoiceGroup": null, "w": 1500, "h": 22, "y": 1974, "x": 100, "structure_id": "Tr_31"}, {"parent_TextBlock": "Tb_16", "text": "information.  We  estimate  that  you  will  need  an  average  of  15  minutes  to  review  the  instructions,  find  the  information,  and  complete  the  form.  VA  cannot  conduct  or", "parent_Field": null, "parent_Choice_Field": null, "parent_ChoiceGroup": null, "w": 1500, "h": 23, "y": 1997, "x": 100, "structure_id": "Tr_32"}, {"parent_TextBlock": "Tb_16", "text": "sponsor  collection  of  information  unless  valid  OMB  control  number  is  displayed.  You  are  not  required  to  respond  to  collection  of  information  if  this  number  is  not", "parent_Field": null, "parent_Choice_Field": null, "parent_ChoiceGroup": null, "w": 1500, "h": 22, "y": 2021, "x": 100, "structure_id": "Tr_33"}, {"parent_TextBlock": "Tb_16", "text": "displayed.  Valid  OMB  control  numbers  can  be  located  on  the  OMB  Internet  Page  at", "parent_Field": null, "parent_Choice_Field": null, "parent_ChoiceGroup": null, "w": 754, "h": 22, "y": 2045, "x": 100, "structure_id": "Tr_34"}, {"parent_TextBlock": "Tb_16", "text": "www.reginfo.gov/public/do/PRAMain", "parent_Field": null, "parent_Choice_Field": null, "parent_ChoiceGroup": null, "w": 358, "h": 22, "y": 2045, "x": 854, "structure_id": "Tr_35"}, {"parent_TextBlock": "Tb_16", "text": "If  desired,  you  can  call  1-800-827-1000  to", "parent_Field": null, "parent_Choice_Field": null, "parent_ChoiceGroup": null, "w": 377, "h": 22, "y": 2045, "x": 1223, "structure_id": "Tr_36"}, {"parent_TextBlock": "Tb_16", "text": "get information on where to send comments or suggestions about this form.", "parent_Field": null, "parent_Choice_Field": null, "parent_ChoiceGroup": null, "w": 671, "h": 22, "y": 2068, "x": 100, "structure_id": "Tr_37"}, {"parent_TextBlock": "Tb_17", "text": "VA\u00c2\u00a0FORM 21-0960A-1, JUN 2017", "parent_Field": null, "parent_Choice_Field": null, "parent_ChoiceGroup": null, "w": 299, "h": 19, "y": 2124, "x": 83, "structure_id": "Tr_38"}, {"parent_TextBlock": "Tb_18", "text": "Page 3", "parent_Field": null, "parent_Choice_Field": null, "parent_ChoiceGroup": null, "w": 71, "h": 22, "y": 2122, "x": 1546, "structure_id": "Tr_39"}], "ChoiceGroup": []}