{"Widget": [{"parent_Field": "Fi_1", "parent_Choice_Field": null, "parent_ChoiceGroup": null, "w": 659.2503937007874, "h": 47.18897637795276, "y": 2069.936220472441, "x": 332.8748031496063, "structure_id": "Wi_1"}, {"parent_Field": "Fi_2", "parent_Choice_Field": null, "parent_ChoiceGroup": null, "w": 434.2503937007874, "h": 47.18897637795276, "y": 2069.936220472441, "x": 1007.8748031496062, "structure_id": "Wi_2"}, {"parent_Field": null, "parent_Choice_Field": "Chf_1", "parent_ChoiceGroup": "Chgp_1", "w": 27.777952755905513, "h": 27.777952755905513, "y": 311.11102362204724, "x": 1547.4417322834645, "structure_id": "Wi_3"}, {"parent_Field": null, "parent_Choice_Field": "Chf_2", "parent_ChoiceGroup": "Chgp_1", "w": 27.777952755905513, "h": 27.777952755905513, "y": 361.11102362204724, "x": 1547.4417322834645, "structure_id": "Wi_4"}, {"parent_Field": null, "parent_Choice_Field": "Chf_3", "parent_ChoiceGroup": "Chgp_1", "w": 27.777952755905513, "h": 27.777952755905513, "y": 411.11102362204724, "x": 1547.4417322834645, "structure_id": "Wi_5"}, {"parent_Field": null, "parent_Choice_Field": "Chf_4", "parent_ChoiceGroup": "Chgp_1", "w": 27.777952755905513, "h": 27.777952755905513, "y": 461.1110236220473, "x": 1547.4417322834645, "structure_id": "Wi_6"}, {"parent_Field": null, "parent_Choice_Field": "Chf_5", "parent_ChoiceGroup": "Chgp_1", "w": 27.777952755905513, "h": 27.777952755905513, "y": 511.1110236220473, "x": 1547.4417322834645, "structure_id": "Wi_7"}, {"parent_Field": null, "parent_Choice_Field": "Chf_6", "parent_ChoiceGroup": "Chgp_1", "w": 359.2503937007874, "h": 55.116535433070865, "y": 587.007874015748, "x": 1232.8748031496064, "structure_id": "Wi_8"}, {"parent_Field": null, "parent_Choice_Field": "Chf_7", "parent_ChoiceGroup": "Chgp_2", "w": 27.777952755905513, "h": 27.777952755905513, "y": 286.11102362204724, "x": 801.8503937007874, "structure_id": "Wi_9"}, {"parent_Field": null, "parent_Choice_Field": "Chf_8", "parent_ChoiceGroup": "Chgp_2", "w": 27.777952755905513, "h": 27.777952755905513, "y": 336.11102362204724, "x": 799.5275590551181, "structure_id": "Wi_10"}, {"parent_Field": null, "parent_Choice_Field": "Chf_9", "parent_ChoiceGroup": "Chgp_2", "w": 27.777952755905513, "h": 27.777952755905513, "y": 386.1110236220473, "x": 797.48031496063, "structure_id": "Wi_11"}, {"parent_Field": null, "parent_Choice_Field": "Chf_10", "parent_ChoiceGroup": "Chgp_2", "w": 27.777952755905513, "h": 27.777952755905513, "y": 436.11102362204724, "x": 797.48031496063, "structure_id": "Wi_12"}, {"parent_Field": null, "parent_Choice_Field": "Chf_11", "parent_ChoiceGroup": "Chgp_2", "w": 27.777952755905513, "h": 27.777952755905513, "y": 486.11102362204724, "x": 797.48031496063, "structure_id": "Wi_13"}, {"parent_Field": null, "parent_Choice_Field": "Chf_12", "parent_ChoiceGroup": "Chgp_2", "w": 284.2503937007874, "h": 80.11653543307087, "y": 562.0078740157481, "x": 557.8748031496064, "structure_id": "Wi_14"}, {"parent_Field": null, "parent_Choice_Field": "Chf_13", "parent_ChoiceGroup": "Chgp_3", "w": 27.777952755905513, "h": 27.777952755905513, "y": 736.1110236220472, "x": 507.87480314960635, "structure_id": "Wi_15"}, {"parent_Field": null, "parent_Choice_Field": "Chf_14", "parent_ChoiceGroup": "Chgp_3", "w": 27.777952755905513, "h": 27.777952755905513, "y": 786.1110236220472, "x": 507.87480314960635, "structure_id": "Wi_16"}, {"parent_Field": null, "parent_Choice_Field": "Chf_15", "parent_ChoiceGroup": "Chgp_4", "w": 27.777952755905513, "h": 27.777952755905513, "y": 736.1110236220472, "x": 801.6551181102362, "structure_id": "Wi_17"}, {"parent_Field": null, "parent_Choice_Field": "Chf_16", "parent_ChoiceGroup": "Chgp_4", "w": 27.777952755905513, "h": 27.777952755905513, "y": 786.1110236220472, "x": 799.5275590551181, "structure_id": "Wi_18"}, {"parent_Field": null, "parent_Choice_Field": "Chf_17", "parent_ChoiceGroup": "Chgp_4", "w": 27.777952755905513, "h": 27.777952755905513, "y": 836.1110236220472, "x": 797.48031496063, "structure_id": "Wi_19"}, {"parent_Field": null, "parent_Choice_Field": "Chf_18", "parent_ChoiceGroup": "Chgp_4", "w": 27.777952755905513, "h": 27.777952755905513, "y": 886.1110236220472, "x": 797.48031496063, "structure_id": "Wi_20"}, {"parent_Field": null, "parent_Choice_Field": "Chf_19", "parent_ChoiceGroup": "Chgp_4", "w": 27.777952755905513, "h": 27.777952755905513, "y": 936.1110236220474, "x": 797.48031496063, "structure_id": "Wi_21"}, {"parent_Field": null, "parent_Choice_Field": "Chf_20", "parent_ChoiceGroup": "Chgp_4", "w": 284.2503937007874, "h": 80.11653543307087, "y": 1012.007874015748, "x": 557.8748031496064, "structure_id": "Wi_22"}, {"parent_Field": "Fi_3", "parent_Choice_Field": null, "parent_ChoiceGroup": null, "w": 363.88897637795276, "h": 38.88897637795276, "y": 1680.555905511811, "x": 855.555905511811, "structure_id": "Wi_23"}, {"parent_Field": "Fi_3", "parent_Choice_Field": null, "parent_ChoiceGroup": null, "w": 363.88897637795276, "h": 38.88897637795276, "y": 1730.555905511811, "x": 855.555905511811, "structure_id": "Wi_24"}, {"parent_Field": "Fi_3", "parent_Choice_Field": null, "parent_ChoiceGroup": null, "w": 363.88897637795276, "h": 38.88897637795276, "y": 1780.555905511811, "x": 855.555905511811, "structure_id": "Wi_25"}, {"parent_Field": "Fi_3", "parent_Choice_Field": null, "parent_ChoiceGroup": null, "w": 363.88897637795276, "h": 38.88897637795276, "y": 1830.555905511811, "x": 855.555905511811, "structure_id": "Wi_26"}, {"parent_Field": "Fi_3", "parent_Choice_Field": null, "parent_ChoiceGroup": null, "w": 363.88897637795276, "h": 38.88897637795276, "y": 1880.5559055118113, "x": 855.555905511811, "structure_id": "Wi_27"}, {"parent_Field": "Fi_3", "parent_Choice_Field": null, "parent_ChoiceGroup": null, "w": 363.88897637795276, "h": 38.88897637795276, "y": 1930.555905511811, "x": 855.555905511811, "structure_id": "Wi_28"}, {"parent_Field": "Fi_3", "parent_Choice_Field": null, "parent_ChoiceGroup": null, "w": 363.88897637795276, "h": 38.88897637795276, "y": 1980.555905511811, "x": 855.555905511811, "structure_id": "Wi_29"}, {"parent_Field": null, "parent_Choice_Field": "Chf_21", "parent_ChoiceGroup": "Chgp_5", "w": 27.777952755905513, "h": 27.777952755905513, "y": 734.7330708661418, "x": 1184.9614173228347, "structure_id": "Wi_30"}, {"parent_Field": null, "parent_Choice_Field": "Chf_22", "parent_ChoiceGroup": "Chgp_5", "w": 27.777952755905513, "h": 27.777952755905513, "y": 781.9779527559056, "x": 1184.9614173228347, "structure_id": "Wi_31"}, {"parent_Field": null, "parent_Choice_Field": "Chf_23", "parent_ChoiceGroup": "Chgp_5", "w": 27.777952755905513, "h": 27.777952755905513, "y": 833.355905511811, "x": 1184.9614173228347, "structure_id": "Wi_32"}, {"parent_Field": null, "parent_Choice_Field": "Chf_24", "parent_ChoiceGroup": "Chgp_5", "w": 27.777952755905513, "h": 27.777952755905513, "y": 886.1110236220472, "x": 1184.9614173228347, "structure_id": "Wi_33"}, {"parent_Field": null, "parent_Choice_Field": "Chf_25", "parent_ChoiceGroup": "Chgp_5", "w": 27.777952755905513, "h": 27.777952755905513, "y": 936.1110236220474, "x": 1184.9614173228347, "structure_id": "Wi_34"}, {"parent_Field": null, "parent_Choice_Field": "Chf_26", "parent_ChoiceGroup": "Chgp_5", "w": 27.777952755905513, "h": 27.777952755905513, "y": 986.1110236220472, "x": 1184.9614173228347, "structure_id": "Wi_35"}, {"parent_Field": null, "parent_Choice_Field": "Chf_27", "parent_ChoiceGroup": "Chgp_5", "w": 27.777952755905513, "h": 27.777952755905513, "y": 1048.6110236220472, "x": 1184.9614173228347, "structure_id": "Wi_36"}, {"parent_Field": null, "parent_Choice_Field": "Chf_28", "parent_ChoiceGroup": "Chgp_6", "w": 27.777952755905513, "h": 27.777952755905513, "y": 286.11102362204724, "x": 507.87480314960635, "structure_id": "Wi_37"}, {"parent_Field": null, "parent_Choice_Field": "Chf_29", "parent_ChoiceGroup": "Chgp_6", "w": 27.777952755905513, "h": 27.777952755905513, "y": 336.11102362204724, "x": 507.87480314960635, "structure_id": "Wi_38"}, {"parent_Field": null, "parent_Choice_Field": "Chf_30", "parent_ChoiceGroup": "Chgp_6", "w": 27.777952755905513, "h": 27.777952755905513, "y": 386.1110236220473, "x": 507.87480314960635, "structure_id": "Wi_39"}, {"parent_Field": null, "parent_Choice_Field": "Chf_31", "parent_ChoiceGroup": "Chgp_6", "w": 27.777952755905513, "h": 27.777952755905513, "y": 436.11102362204724, "x": 507.87480314960635, "structure_id": "Wi_40"}, {"parent_Field": null, "parent_Choice_Field": "Chf_32", "parent_ChoiceGroup": "Chgp_6", "w": 27.777952755905513, "h": 27.777952755905513, "y": 486.11102362204724, "x": 507.87480314960635, "structure_id": "Wi_41"}, {"parent_Field": null, "parent_Choice_Field": "Chf_33", "parent_ChoiceGroup": "Chgp_6", "w": 27.777952755905513, "h": 27.777952755905513, "y": 536.1110236220472, "x": 507.87480314960635, "structure_id": "Wi_42"}, {"parent_Field": null, "parent_Choice_Field": "Chf_34", "parent_ChoiceGroup": "Chgp_7", "w": 27.777952755905513, "h": 27.777952755905513, "y": 737.8913385826772, "x": 1547.4417322834645, "structure_id": "Wi_43"}, {"parent_Field": null, "parent_Choice_Field": "Chf_35", "parent_ChoiceGroup": "Chgp_7", "w": 27.777952755905513, "h": 27.777952755905513, "y": 787.8944881889763, "x": 1547.4417322834645, "structure_id": "Wi_44"}, {"parent_Field": null, "parent_Choice_Field": "Chf_36", "parent_ChoiceGroup": "Chgp_7", "w": 27.777952755905513, "h": 27.777952755905513, "y": 845.0220472440944, "x": 1547.4417322834645, "structure_id": "Wi_45"}, {"parent_Field": null, "parent_Choice_Field": "Chf_37", "parent_ChoiceGroup": "Chgp_7", "w": 27.777952755905513, "h": 27.777952755905513, "y": 898.5889763779527, "x": 1547.4417322834645, "structure_id": "Wi_46"}, {"parent_Field": null, "parent_Choice_Field": "Chf_38", "parent_ChoiceGroup": "Chgp_7", "w": 27.777952755905513, "h": 27.777952755905513, "y": 952.155905511811, "x": 1547.4417322834645, "structure_id": "Wi_47"}, {"parent_Field": null, "parent_Choice_Field": "Chf_39", "parent_ChoiceGroup": "Chgp_7", "w": 359.2503937007874, "h": 62.247244094488195, "y": 1029.8330708661417, "x": 1232.8748031496064, "structure_id": "Wi_48"}, {"parent_Field": null, "parent_Choice_Field": "Chf_40", "parent_ChoiceGroup": "Chgp_8", "w": 27.777952755905513, "h": 27.777952755905513, "y": 286.11102362204724, "x": 1184.9614173228347, "structure_id": "Wi_49"}, {"parent_Field": null, "parent_Choice_Field": "Chf_41", "parent_ChoiceGroup": "Chgp_8", "w": 27.777952755905513, "h": 27.777952755905513, "y": 336.11102362204724, "x": 1184.9614173228347, "structure_id": "Wi_50"}, {"parent_Field": null, "parent_Choice_Field": "Chf_42", "parent_ChoiceGroup": "Chgp_8", "w": 27.777952755905513, "h": 27.777952755905513, "y": 386.1110236220473, "x": 1184.9614173228347, "structure_id": "Wi_51"}, {"parent_Field": null, "parent_Choice_Field": "Chf_43", "parent_ChoiceGroup": "Chgp_9", "w": 27.777952755905513, "h": 27.777952755905513, "y": 1186.1110236220472, "x": 507.87480314960635, "structure_id": "Wi_52"}, {"parent_Field": null, "parent_Choice_Field": "Chf_44", "parent_ChoiceGroup": "Chgp_9", "w": 27.777952755905513, "h": 27.777952755905513, "y": 1236.1110236220472, "x": 507.87480314960635, "structure_id": "Wi_53"}, {"parent_Field": null, "parent_Choice_Field": "Chf_45", "parent_ChoiceGroup": "Chgp_9", "w": 27.777952755905513, "h": 27.777952755905513, "y": 1286.1110236220472, "x": 507.87480314960635, "structure_id": "Wi_54"}, {"parent_Field": null, "parent_Choice_Field": "Chf_46", "parent_ChoiceGroup": "Chgp_10", "w": 27.777952755905513, "h": 27.777952755905513, "y": 1186.1110236220472, "x": 801.6551181102362, "structure_id": "Wi_55"}, {"parent_Field": null, "parent_Choice_Field": "Chf_47", "parent_ChoiceGroup": "Chgp_10", "w": 27.777952755905513, "h": 27.777952755905513, "y": 1236.1110236220472, "x": 799.5275590551181, "structure_id": "Wi_56"}, {"parent_Field": null, "parent_Choice_Field": "Chf_48", "parent_ChoiceGroup": "Chgp_10", "w": 27.777952755905513, "h": 27.777952755905513, "y": 1286.1110236220472, "x": 797.48031496063, "structure_id": "Wi_57"}, {"parent_Field": null, "parent_Choice_Field": "Chf_49", "parent_ChoiceGroup": "Chgp_10", "w": 27.777952755905513, "h": 27.777952755905513, "y": 1336.1110236220472, "x": 797.48031496063, "structure_id": "Wi_58"}, {"parent_Field": null, "parent_Choice_Field": "Chf_50", "parent_ChoiceGroup": "Chgp_10", "w": 27.777952755905513, "h": 27.777952755905513, "y": 1386.1110236220475, "x": 797.48031496063, "structure_id": "Wi_59"}, {"parent_Field": null, "parent_Choice_Field": "Chf_51", "parent_ChoiceGroup": "Chgp_10", "w": 284.2503937007874, "h": 55.116535433070865, "y": 1462.007874015748, "x": 557.8748031496064, "structure_id": "Wi_60"}, {"parent_Field": null, "parent_Choice_Field": "Chf_52", "parent_ChoiceGroup": "Chgp_11", "w": 27.777952755905513, "h": 27.777952755905513, "y": 1184.7330708661418, "x": 1184.9614173228347, "structure_id": "Wi_61"}, {"parent_Field": null, "parent_Choice_Field": "Chf_53", "parent_ChoiceGroup": "Chgp_11", "w": 27.777952755905513, "h": 27.777952755905513, "y": 1231.9779527559056, "x": 1184.9614173228347, "structure_id": "Wi_62"}, {"parent_Field": null, "parent_Choice_Field": "Chf_54", "parent_ChoiceGroup": "Chgp_11", "w": 27.777952755905513, "h": 27.777952755905513, "y": 1283.355905511811, "x": 1184.9614173228347, "structure_id": "Wi_63"}, {"parent_Field": null, "parent_Choice_Field": "Chf_55", "parent_ChoiceGroup": "Chgp_12", "w": 27.777952755905513, "h": 27.777952755905513, "y": 1186.1110236220472, "x": 1547.4417322834645, "structure_id": "Wi_64"}, {"parent_Field": null, "parent_Choice_Field": "Chf_56", "parent_ChoiceGroup": "Chgp_12", "w": 27.777952755905513, "h": 27.777952755905513, "y": 1236.1110236220472, "x": 1547.4417322834645, "structure_id": "Wi_65"}, {"parent_Field": null, "parent_Choice_Field": "Chf_57", "parent_ChoiceGroup": "Chgp_12", "w": 27.777952755905513, "h": 27.777952755905513, "y": 1286.1110236220472, "x": 1547.4417322834645, "structure_id": "Wi_66"}, {"parent_Field": null, "parent_Choice_Field": "Chf_58", "parent_ChoiceGroup": "Chgp_12", "w": 27.777952755905513, "h": 27.777952755905513, "y": 1336.1110236220472, "x": 1547.4417322834645, "structure_id": "Wi_67"}, {"parent_Field": null, "parent_Choice_Field": "Chf_59", "parent_ChoiceGroup": "Chgp_12", "w": 27.777952755905513, "h": 27.777952755905513, "y": 1386.1110236220475, "x": 1547.4417322834645, "structure_id": "Wi_68"}, {"parent_Field": null, "parent_Choice_Field": "Chf_60", "parent_ChoiceGroup": "Chgp_12", "w": 359.2503937007874, "h": 55.116535433070865, "y": 1462.007874015748, "x": 1232.8748031496064, "structure_id": "Wi_69"}, {"parent_Field": null, "parent_Choice_Field": "Chf_61", "parent_ChoiceGroup": "Chgp_13", "w": 27.777952755905513, "h": 27.777952755905513, "y": 1686.1110236220472, "x": 507.87480314960635, "structure_id": "Wi_70"}, {"parent_Field": null, "parent_Choice_Field": "Chf_62", "parent_ChoiceGroup": "Chgp_14", "w": 27.777952755905513, "h": 27.777952755905513, "y": 1686.1110236220472, "x": 799.5275590551181, "structure_id": "Wi_71"}, {"parent_Field": null, "parent_Choice_Field": "Chf_63", "parent_ChoiceGroup": "Chgp_14", "w": 27.777952755905513, "h": 27.777952755905513, "y": 1736.1110236220472, "x": 799.5275590551181, "structure_id": "Wi_72"}, {"parent_Field": null, "parent_Choice_Field": "Chf_64", "parent_ChoiceGroup": "Chgp_14", "w": 27.777952755905513, "h": 27.777952755905513, "y": 1786.1110236220472, "x": 799.5275590551181, "structure_id": "Wi_73"}, {"parent_Field": null, "parent_Choice_Field": "Chf_65", "parent_ChoiceGroup": "Chgp_14", "w": 27.777952755905513, "h": 27.777952755905513, "y": 1836.1110236220472, "x": 799.5275590551181, "structure_id": "Wi_74"}, {"parent_Field": null, "parent_Choice_Field": "Chf_66", "parent_ChoiceGroup": "Chgp_14", "w": 27.777952755905513, "h": 27.777952755905513, "y": 1886.1110236220475, "x": 799.5275590551181, "structure_id": "Wi_75"}, {"parent_Field": null, "parent_Choice_Field": "Chf_67", "parent_ChoiceGroup": "Chgp_14", "w": 284.2503937007874, "h": 55.116535433070865, "y": 1962.007874015748, "x": 557.8748031496064, "structure_id": "Wi_76"}, {"parent_Field": null, "parent_Choice_Field": "Chf_68", "parent_ChoiceGroup": "Chgp_15", "w": 27.777952755905513, "h": 27.777952755905513, "y": 1686.1110236220472, "x": 1547.4417322834645, "structure_id": "Wi_77"}, {"parent_Field": null, "parent_Choice_Field": "Chf_69", "parent_ChoiceGroup": "Chgp_15", "w": 27.777952755905513, "h": 27.777952755905513, "y": 1736.1110236220472, "x": 1547.4417322834645, "structure_id": "Wi_78"}, {"parent_Field": null, "parent_Choice_Field": "Chf_70", "parent_ChoiceGroup": "Chgp_15", "w": 27.777952755905513, "h": 27.777952755905513, "y": 1786.1110236220472, "x": 1547.4417322834645, "structure_id": "Wi_79"}, {"parent_Field": null, "parent_Choice_Field": "Chf_71", "parent_ChoiceGroup": "Chgp_15", "w": 27.777952755905513, "h": 27.777952755905513, "y": 1836.1110236220472, "x": 1547.4417322834645, "structure_id": "Wi_80"}, {"parent_Field": null, "parent_Choice_Field": "Chf_72", "parent_ChoiceGroup": "Chgp_15", "w": 27.777952755905513, "h": 27.777952755905513, "y": 1886.1110236220475, "x": 1547.4417322834645, "structure_id": "Wi_81"}, {"parent_Field": null, "parent_Choice_Field": "Chf_73", "parent_ChoiceGroup": "Chgp_15", "w": 359.2503937007874, "h": 55.116535433070865, "y": 1962.007874015748, "x": 1232.8748031496064, "structure_id": "Wi_82"}], "TextBlock": [{"parent_Field": "Fi_1", "parent_Choice_Field": null, "parent_ChoiceGroup": null, "w": 576, "h": 23, "y": 2040, "x": 338, "structure_id": "Tb_1"}, {"parent_Field": "Fi_2", "parent_Choice_Field": null, "parent_ChoiceGroup": null, "w": 246, "h": 23, "y": 2040, "x": 1013, "structure_id": "Tb_2"}, {"parent_Field": null, "parent_Choice_Field": null, "parent_ChoiceGroup": null, "w": 104, "h": 22, "y": 2124, "x": 50, "structure_id": "Tb_3"}, {"parent_Field": null, "parent_Choice_Field": null, "parent_ChoiceGroup": null, "w": 101, "h": 22, "y": 2105, "x": 50, "structure_id": "Tb_4"}, {"parent_Field": null, "parent_Choice_Field": null, "parent_ChoiceGroup": null, "w": 550, "h": 32.570740798094825, "y": 107.03201017052677, "x": 147.515625, "structure_id": "Tb_5"}, {"parent_Field": null, "parent_Choice_Field": null, "parent_ChoiceGroup": null, "w": 470, "h": 28, "y": 158, "x": 615, "structure_id": "Tb_6"}, {"parent_Field": null, "parent_Choice_Field": null, "parent_ChoiceGroup": "Chgp_1", "w": 357, "h": 62, "y": 219, "x": 1234, "structure_id": "Tb_7"}, {"parent_Field": null, "parent_Choice_Field": "Chf_1", "parent_ChoiceGroup": "Chgp_1", "w": 30, "h": 22, "y": 314, "x": 1233, "structure_id": "Tb_8"}, {"parent_Field": null, "parent_Choice_Field": "Chf_2", "parent_ChoiceGroup": "Chgp_1", "w": 91, "h": 22, "y": 364, "x": 1233, "structure_id": "Tb_9"}, {"parent_Field": null, "parent_Choice_Field": "Chf_3", "parent_ChoiceGroup": "Chgp_1", "w": 89, "h": 22, "y": 414, "x": 1233, "structure_id": "Tb_10"}, {"parent_Field": null, "parent_Choice_Field": "Chf_4", "parent_ChoiceGroup": "Chgp_1", "w": 158, "h": 22, "y": 464, "x": 1233, "structure_id": "Tb_11"}, {"parent_Field": null, "parent_Choice_Field": "Chf_5", "parent_ChoiceGroup": "Chgp_1", "w": 114, "h": 22, "y": 514, "x": 1233, "structure_id": "Tb_12"}, {"parent_Field": null, "parent_Choice_Field": "Chf_6", "parent_ChoiceGroup": "Chgp_1", "w": 146, "h": 22, "y": 558, "x": 1238, "structure_id": "Tb_13"}, {"parent_Field": null, "parent_Choice_Field": null, "parent_ChoiceGroup": "Chgp_2", "w": 280, "h": 61, "y": 207, "x": 565, "structure_id": "Tb_14"}, {"parent_Field": null, "parent_Choice_Field": "Chf_7", "parent_ChoiceGroup": "Chgp_2", "w": 30, "h": 22, "y": 289, "x": 558, "structure_id": "Tb_15"}, {"parent_Field": null, "parent_Choice_Field": "Chf_8", "parent_ChoiceGroup": "Chgp_2", "w": 91, "h": 22, "y": 339, "x": 558, "structure_id": "Tb_16"}, {"parent_Field": null, "parent_Choice_Field": "Chf_9", "parent_ChoiceGroup": "Chgp_2", "w": 89, "h": 22, "y": 389, "x": 558, "structure_id": "Tb_17"}, {"parent_Field": null, "parent_Choice_Field": "Chf_10", "parent_ChoiceGroup": "Chgp_2", "w": 158, "h": 22, "y": 439, "x": 558, "structure_id": "Tb_18"}, {"parent_Field": null, "parent_Choice_Field": "Chf_11", "parent_ChoiceGroup": "Chgp_2", "w": 114, "h": 22, "y": 489, "x": 558, "structure_id": "Tb_19"}, {"parent_Field": null, "parent_Choice_Field": "Chf_12", "parent_ChoiceGroup": "Chgp_2", "w": 146, "h": 22, "y": 533, "x": 563, "structure_id": "Tb_20"}, {"parent_Field": null, "parent_Choice_Field": null, "parent_ChoiceGroup": "Chgp_3", "w": 150, "h": 27, "y": 674, "x": 250, "structure_id": "Tb_21"}, {"parent_Field": null, "parent_Choice_Field": "Chf_13", "parent_ChoiceGroup": "Chgp_3", "w": 144, "h": 22, "y": 739, "x": 108, "structure_id": "Tb_22"}, {"parent_Field": null, "parent_Choice_Field": "Chf_14", "parent_ChoiceGroup": "Chgp_3", "w": 232, "h": 22, "y": 789, "x": 108, "structure_id": "Tb_23"}, {"parent_Field": null, "parent_Choice_Field": null, "parent_ChoiceGroup": "Chgp_4", "w": 280, "h": 61, "y": 657, "x": 565, "structure_id": "Tb_24"}, {"parent_Field": null, "parent_Choice_Field": "Chf_15", "parent_ChoiceGroup": "Chgp_4", "w": 30, "h": 22, "y": 739, "x": 558, "structure_id": "Tb_25"}, {"parent_Field": null, "parent_Choice_Field": "Chf_16", "parent_ChoiceGroup": "Chgp_4", "w": 91, "h": 22, "y": 789, "x": 558, "structure_id": "Tb_26"}, {"parent_Field": null, "parent_Choice_Field": "Chf_17", "parent_ChoiceGroup": "Chgp_4", "w": 89, "h": 22, "y": 839, "x": 558, "structure_id": "Tb_27"}, {"parent_Field": null, "parent_Choice_Field": "Chf_18", "parent_ChoiceGroup": "Chgp_4", "w": 158, "h": 22, "y": 889, "x": 558, "structure_id": "Tb_28"}, {"parent_Field": null, "parent_Choice_Field": "Chf_19", "parent_ChoiceGroup": "Chgp_4", "w": 114, "h": 22, "y": 939, "x": 558, "structure_id": "Tb_29"}, {"parent_Field": null, "parent_Choice_Field": "Chf_20", "parent_ChoiceGroup": "Chgp_4", "w": 146, "h": 22, "y": 983, "x": 563, "structure_id": "Tb_30"}, {"parent_Field": "Fi_3", "parent_Choice_Field": null, "parent_ChoiceGroup": null, "w": 219, "h": 28, "y": 1586, "x": 928, "structure_id": "Tb_31"}, {"parent_Field": null, "parent_Choice_Field": null, "parent_ChoiceGroup": "Chgp_5", "w": 259, "h": 27, "y": 674, "x": 908, "structure_id": "Tb_32"}, {"parent_Field": null, "parent_Choice_Field": "Chf_21", "parent_ChoiceGroup": "Chgp_5", "w": 193, "h": 22, "y": 738, "x": 858, "structure_id": "Tb_33"}, {"parent_Field": null, "parent_Choice_Field": "Chf_22", "parent_ChoiceGroup": "Chgp_5", "w": 272, "h": 22, "y": 785, "x": 858, "structure_id": "Tb_34"}, {"parent_Field": null, "parent_Choice_Field": "Chf_23", "parent_ChoiceGroup": "Chgp_5", "w": 260, "h": 22, "y": 836, "x": 858, "structure_id": "Tb_35"}, {"parent_Field": null, "parent_Choice_Field": "Chf_24", "parent_ChoiceGroup": "Chgp_5", "w": 188, "h": 22, "y": 889, "x": 858, "structure_id": "Tb_36"}, {"parent_Field": null, "parent_Choice_Field": "Chf_25", "parent_ChoiceGroup": "Chgp_5", "w": 253, "h": 22, "y": 939, "x": 858, "structure_id": "Tb_37"}, {"parent_Field": null, "parent_Choice_Field": "Chf_26", "parent_ChoiceGroup": "Chgp_5", "w": 288, "h": 22, "y": 989, "x": 858, "structure_id": "Tb_38"}, {"parent_Field": null, "parent_Choice_Field": "Chf_27", "parent_ChoiceGroup": "Chgp_5", "w": 207, "h": 23, "y": 1051, "x": 858, "structure_id": "Tb_39"}, {"parent_Field": null, "parent_Choice_Field": null, "parent_ChoiceGroup": "Chgp_6", "w": 146, "h": 27, "y": 224, "x": 252, "structure_id": "Tb_40"}, {"parent_Field": null, "parent_Choice_Field": "Chf_28", "parent_ChoiceGroup": "Chgp_6", "w": 374, "h": 22, "y": 289, "x": 108, "structure_id": "Tb_41"}, {"parent_Field": null, "parent_Choice_Field": "Chf_29", "parent_ChoiceGroup": "Chgp_6", "w": 302, "h": 22, "y": 339, "x": 108, "structure_id": "Tb_42"}, {"parent_Field": null, "parent_Choice_Field": "Chf_30", "parent_ChoiceGroup": "Chgp_6", "w": 307, "h": 22, "y": 389, "x": 108, "structure_id": "Tb_43"}, {"parent_Field": null, "parent_Choice_Field": "Chf_31", "parent_ChoiceGroup": "Chgp_6", "w": 228, "h": 22, "y": 439, "x": 108, "structure_id": "Tb_44"}, {"parent_Field": null, "parent_Choice_Field": "Chf_32", "parent_ChoiceGroup": "Chgp_6", "w": 221, "h": 22, "y": 489, "x": 108, "structure_id": "Tb_45"}, {"parent_Field": null, "parent_Choice_Field": "Chf_33", "parent_ChoiceGroup": "Chgp_6", "w": 199, "h": 22, "y": 539, "x": 108, "structure_id": "Tb_46"}, {"parent_Field": null, "parent_Choice_Field": null, "parent_ChoiceGroup": "Chgp_7", "w": 279, "h": 61, "y": 657, "x": 1277, "structure_id": "Tb_47"}, {"parent_Field": null, "parent_Choice_Field": "Chf_34", "parent_ChoiceGroup": "Chgp_7", "w": 30, "h": 22, "y": 741, "x": 1233, "structure_id": "Tb_48"}, {"parent_Field": null, "parent_Choice_Field": "Chf_35", "parent_ChoiceGroup": "Chgp_7", "w": 91, "h": 22, "y": 791, "x": 1233, "structure_id": "Tb_49"}, {"parent_Field": null, "parent_Choice_Field": "Chf_36", "parent_ChoiceGroup": "Chgp_7", "w": 89, "h": 22, "y": 848, "x": 1233, "structure_id": "Tb_50"}, {"parent_Field": null, "parent_Choice_Field": "Chf_37", "parent_ChoiceGroup": "Chgp_7", "w": 158, "h": 23, "y": 901, "x": 1233, "structure_id": "Tb_51"}, {"parent_Field": null, "parent_Choice_Field": "Chf_38", "parent_ChoiceGroup": "Chgp_7", "w": 114, "h": 22, "y": 955, "x": 1233, "structure_id": "Tb_52"}, {"parent_Field": null, "parent_Choice_Field": "Chf_39", "parent_ChoiceGroup": "Chgp_7", "w": 146, "h": 22, "y": 1001, "x": 1238, "structure_id": "Tb_53"}, {"parent_Field": null, "parent_Choice_Field": null, "parent_ChoiceGroup": "Chgp_8", "w": 364, "h": 27, "y": 224, "x": 859, "structure_id": "Tb_54"}, {"parent_Field": null, "parent_Choice_Field": "Chf_40", "parent_ChoiceGroup": "Chgp_8", "w": 207, "h": 22, "y": 289, "x": 858, "structure_id": "Tb_55"}, {"parent_Field": null, "parent_Choice_Field": "Chf_41", "parent_ChoiceGroup": "Chgp_8", "w": 289, "h": 22, "y": 339, "x": 858, "structure_id": "Tb_56"}, {"parent_Field": null, "parent_Choice_Field": "Chf_42", "parent_ChoiceGroup": "Chgp_8", "w": 154, "h": 22, "y": 389, "x": 858, "structure_id": "Tb_57"}, {"parent_Field": null, "parent_Choice_Field": null, "parent_ChoiceGroup": "Chgp_9", "w": 178, "h": 27, "y": 1124, "x": 236, "structure_id": "Tb_58"}, {"parent_Field": null, "parent_Choice_Field": "Chf_43", "parent_ChoiceGroup": "Chgp_9", "w": 207, "h": 22, "y": 1189, "x": 108, "structure_id": "Tb_59"}, {"parent_Field": null, "parent_Choice_Field": "Chf_44", "parent_ChoiceGroup": "Chgp_9", "w": 221, "h": 22, "y": 1239, "x": 108, "structure_id": "Tb_60"}, {"parent_Field": null, "parent_Choice_Field": "Chf_45", "parent_ChoiceGroup": "Chgp_9", "w": 195, "h": 22, "y": 1289, "x": 108, "structure_id": "Tb_61"}, {"parent_Field": null, "parent_Choice_Field": null, "parent_ChoiceGroup": "Chgp_10", "w": 280, "h": 61, "y": 1107, "x": 565, "structure_id": "Tb_62"}, {"parent_Field": null, "parent_Choice_Field": "Chf_46", "parent_ChoiceGroup": "Chgp_10", "w": 30, "h": 22, "y": 1189, "x": 558, "structure_id": "Tb_63"}, {"parent_Field": null, "parent_Choice_Field": "Chf_47", "parent_ChoiceGroup": "Chgp_10", "w": 91, "h": 22, "y": 1239, "x": 558, "structure_id": "Tb_64"}, {"parent_Field": null, "parent_Choice_Field": "Chf_48", "parent_ChoiceGroup": "Chgp_10", "w": 89, "h": 22, "y": 1289, "x": 558, "structure_id": "Tb_65"}, {"parent_Field": null, "parent_Choice_Field": "Chf_49", "parent_ChoiceGroup": "Chgp_10", "w": 158, "h": 22, "y": 1339, "x": 558, "structure_id": "Tb_66"}, {"parent_Field": null, "parent_Choice_Field": "Chf_50", "parent_ChoiceGroup": "Chgp_10", "w": 114, "h": 22, "y": 1389, "x": 558, "structure_id": "Tb_67"}, {"parent_Field": null, "parent_Choice_Field": "Chf_51", "parent_ChoiceGroup": "Chgp_10", "w": 146, "h": 22, "y": 1433, "x": 563, "structure_id": "Tb_68"}, {"parent_Field": null, "parent_Choice_Field": null, "parent_ChoiceGroup": "Chgp_11", "w": 259, "h": 31, "y": 1122, "x": 908, "structure_id": "Tb_69"}, {"parent_Field": null, "parent_Choice_Field": "Chf_52", "parent_ChoiceGroup": "Chgp_11", "w": 111, "h": 22, "y": 1188, "x": 858, "structure_id": "Tb_70"}, {"parent_Field": null, "parent_Choice_Field": "Chf_53", "parent_ChoiceGroup": "Chgp_11", "w": 293, "h": 22, "y": 1235, "x": 858, "structure_id": "Tb_71"}, {"parent_Field": null, "parent_Choice_Field": "Chf_54", "parent_ChoiceGroup": "Chgp_11", "w": 219, "h": 22, "y": 1286, "x": 858, "structure_id": "Tb_72"}, {"parent_Field": null, "parent_Choice_Field": null, "parent_ChoiceGroup": "Chgp_12", "w": 279, "h": 61, "y": 1107, "x": 1277, "structure_id": "Tb_73"}, {"parent_Field": null, "parent_Choice_Field": "Chf_55", "parent_ChoiceGroup": "Chgp_12", "w": 30, "h": 22, "y": 1189, "x": 1233, "structure_id": "Tb_74"}, {"parent_Field": null, "parent_Choice_Field": "Chf_56", "parent_ChoiceGroup": "Chgp_12", "w": 91, "h": 22, "y": 1239, "x": 1233, "structure_id": "Tb_75"}, {"parent_Field": null, "parent_Choice_Field": "Chf_57", "parent_ChoiceGroup": "Chgp_12", "w": 89, "h": 22, "y": 1289, "x": 1233, "structure_id": "Tb_76"}, {"parent_Field": null, "parent_Choice_Field": "Chf_58", "parent_ChoiceGroup": "Chgp_12", "w": 158, "h": 22, "y": 1339, "x": 1233, "structure_id": "Tb_77"}, {"parent_Field": null, "parent_Choice_Field": "Chf_59", "parent_ChoiceGroup": "Chgp_12", "w": 114, "h": 22, "y": 1389, "x": 1233, "structure_id": "Tb_78"}, {"parent_Field": null, "parent_Choice_Field": "Chf_60", "parent_ChoiceGroup": "Chgp_12", "w": 146, "h": 22, "y": 1433, "x": 1238, "structure_id": "Tb_79"}, {"parent_Field": null, "parent_Choice_Field": null, "parent_ChoiceGroup": "Chgp_13", "w": 335, "h": 62, "y": 1569, "x": 161, "structure_id": "Tb_80"}, {"parent_Field": null, "parent_Choice_Field": "Chf_61", "parent_ChoiceGroup": "Chgp_13", "w": 356, "h": 22, "y": 1689, "x": 108, "structure_id": "Tb_81"}, {"parent_Field": null, "parent_Choice_Field": null, "parent_ChoiceGroup": "Chgp_14", "w": 280, "h": 94, "y": 1553, "x": 565, "structure_id": "Tb_82"}, {"parent_Field": null, "parent_Choice_Field": "Chf_62", "parent_ChoiceGroup": "Chgp_14", "w": 30, "h": 22, "y": 1689, "x": 558, "structure_id": "Tb_83"}, {"parent_Field": null, "parent_Choice_Field": "Chf_63", "parent_ChoiceGroup": "Chgp_14", "w": 91, "h": 22, "y": 1739, "x": 558, "structure_id": "Tb_84"}, {"parent_Field": null, "parent_Choice_Field": "Chf_64", "parent_ChoiceGroup": "Chgp_14", "w": 89, "h": 22, "y": 1789, "x": 558, "structure_id": "Tb_85"}, {"parent_Field": null, "parent_Choice_Field": "Chf_65", "parent_ChoiceGroup": "Chgp_14", "w": 158, "h": 22, "y": 1839, "x": 558, "structure_id": "Tb_86"}, {"parent_Field": null, "parent_Choice_Field": "Chf_66", "parent_ChoiceGroup": "Chgp_14", "w": 114, "h": 22, "y": 1889, "x": 558, "structure_id": "Tb_87"}, {"parent_Field": null, "parent_Choice_Field": "Chf_67", "parent_ChoiceGroup": "Chgp_14", "w": 146, "h": 22, "y": 1933, "x": 563, "structure_id": "Tb_88"}, {"parent_Field": null, "parent_Choice_Field": null, "parent_ChoiceGroup": "Chgp_15", "w": 279, "h": 62, "y": 1569, "x": 1277, "structure_id": "Tb_89"}, {"parent_Field": null, "parent_Choice_Field": "Chf_68", "parent_ChoiceGroup": "Chgp_15", "w": 30, "h": 22, "y": 1689, "x": 1233, "structure_id": "Tb_90"}, {"parent_Field": null, "parent_Choice_Field": "Chf_69", "parent_ChoiceGroup": "Chgp_15", "w": 91, "h": 22, "y": 1739, "x": 1233, "structure_id": "Tb_91"}, {"parent_Field": null, "parent_Choice_Field": "Chf_70", "parent_ChoiceGroup": "Chgp_15", "w": 89, "h": 22, "y": 1789, "x": 1233, "structure_id": "Tb_92"}, {"parent_Field": null, "parent_Choice_Field": "Chf_71", "parent_ChoiceGroup": "Chgp_15", "w": 158, "h": 22, "y": 1839, "x": 1233, "structure_id": "Tb_93"}, {"parent_Field": null, "parent_Choice_Field": "Chf_72", "parent_ChoiceGroup": "Chgp_15", "w": 114, "h": 22, "y": 1889, "x": 1233, "structure_id": "Tb_94"}, {"parent_Field": null, "parent_Choice_Field": "Chf_73", "parent_ChoiceGroup": "Chgp_15", "w": 146, "h": 22, "y": 1933, "x": 1238, "structure_id": "Tb_95"}, {"parent_Field": null, "parent_Choice_Field": null, "parent_ChoiceGroup": null, "w": 818, "h": 40.08982738691326, "y": 101.03125, "x": 727.515625, "structure_id": "Tb_96"}, {"parent_Field": null, "parent_Choice_Field": null, "parent_ChoiceGroup": null, "w": 143, "h": 39, "y": 2103, "x": 175, "structure_id": "Tb_97"}, {"parent_Field": null, "parent_Choice_Field": null, "parent_ChoiceGroup": null, "w": 142, "h": 28, "y": 2100, "x": 1450, "structure_id": "Tb_98"}], "Choice_Field": [{"y": 311.11102362204724, "x": 1233, "structure_id": "Chf_1", "w": 342.21968503937, "h": 27.777952755905517}, {"y": 361.11102362204724, "x": 1233, "structure_id": "Chf_2", "w": 342.21968503937, "h": 27.777952755905517}, {"y": 411.11102362204724, "x": 1233, "structure_id": "Chf_3", "w": 342.21968503937, "h": 27.777952755905517}, {"y": 461.1110236220473, "x": 1233, "structure_id": "Chf_4", "w": 342.21968503937, "h": 27.777952755905517}, {"y": 511.1110236220473, "x": 1233, "structure_id": "Chf_5", "w": 342.21968503937, "h": 27.77795275590546}, {"y": 558, "x": 1232.8748031496064, "structure_id": "Chf_6", "w": 359.2503937007875, "h": 84.12440944881894}, {"y": 286.11102362204724, "x": 558, "structure_id": "Chf_7", "w": 271.62834645669295, "h": 27.777952755905517}, {"y": 336.11102362204724, "x": 558, "structure_id": "Chf_8", "w": 269.3055118110236, "h": 27.777952755905517}, {"y": 386.1110236220473, "x": 558, "structure_id": "Chf_9", "w": 267.25826771653556, "h": 27.777952755905517}, {"y": 436.11102362204724, "x": 558, "structure_id": "Chf_10", "w": 267.25826771653556, "h": 27.777952755905517}, {"y": 486.11102362204724, "x": 558, "structure_id": "Chf_11", "w": 267.25826771653556, "h": 27.777952755905517}, {"y": 533, "x": 557.8748031496064, "structure_id": "Chf_12", "w": 284.2503937007874, "h": 109.12440944881905}, {"y": 736.1110236220472, "x": 108, "structure_id": "Chf_13", "w": 427.65275590551187, "h": 27.777952755905517}, {"y": 786.1110236220472, "x": 108, "structure_id": "Chf_14", "w": 427.65275590551187, "h": 27.777952755905517}, {"y": 736.1110236220472, "x": 558, "structure_id": "Chf_15", "w": 271.43307086614175, "h": 27.777952755905517}, {"y": 786.1110236220472, "x": 558, "structure_id": "Chf_16", "w": 269.3055118110236, "h": 27.777952755905517}, {"y": 836.1110236220472, "x": 558, "structure_id": "Chf_17", "w": 267.25826771653556, "h": 27.777952755905517}, {"y": 886.1110236220472, "x": 558, "structure_id": "Chf_18", "w": 267.25826771653556, "h": 27.777952755905517}, {"y": 936.1110236220474, "x": 558, "structure_id": "Chf_19", "w": 267.25826771653556, "h": 27.777952755905517}, {"y": 983, "x": 557.8748031496064, "structure_id": "Chf_20", "w": 284.2503937007874, "h": 109.12440944881882}, {"y": 734.7330708661418, "x": 858, "structure_id": "Chf_21", "w": 354.7393700787402, "h": 27.777952755905517}, {"y": 781.9779527559056, "x": 858, "structure_id": "Chf_22", "w": 354.7393700787402, "h": 27.777952755905517}, {"y": 833.355905511811, "x": 858, "structure_id": "Chf_23", "w": 354.7393700787402, "h": 27.777952755905517}, {"y": 886.1110236220472, "x": 858, "structure_id": "Chf_24", "w": 354.7393700787402, "h": 27.777952755905517}, {"y": 936.1110236220474, "x": 858, "structure_id": "Chf_25", "w": 354.7393700787402, "h": 27.777952755905517}, {"y": 986.1110236220472, "x": 858, "structure_id": "Chf_26", "w": 354.7393700787402, "h": 27.777952755905517}, {"y": 1048.6110236220472, "x": 858, "structure_id": "Chf_27", "w": 354.7393700787402, "h": 27.777952755905517}, {"y": 286.11102362204724, "x": 108, "structure_id": "Chf_28", "w": 427.65275590551187, "h": 27.777952755905517}, {"y": 336.11102362204724, "x": 108, "structure_id": "Chf_29", "w": 427.65275590551187, "h": 27.777952755905517}, {"y": 386.1110236220473, "x": 108, "structure_id": "Chf_30", "w": 427.65275590551187, "h": 27.777952755905517}, {"y": 436.11102362204724, "x": 108, "structure_id": "Chf_31", "w": 427.65275590551187, "h": 27.777952755905517}, {"y": 486.11102362204724, "x": 108, "structure_id": "Chf_32", "w": 427.65275590551187, "h": 27.777952755905517}, {"y": 536.1110236220472, "x": 108, "structure_id": "Chf_33", "w": 427.65275590551187, "h": 27.777952755905517}, {"y": 737.8913385826772, "x": 1233, "structure_id": "Chf_34", "w": 342.21968503937, "h": 27.777952755905517}, {"y": 787.8944881889763, "x": 1233, "structure_id": "Chf_35", "w": 342.21968503937, "h": 27.777952755905517}, {"y": 845.0220472440944, "x": 1233, "structure_id": "Chf_36", "w": 342.21968503937, "h": 27.777952755905517}, {"y": 898.5889763779527, "x": 1233, "structure_id": "Chf_37", "w": 342.21968503937, "h": 27.777952755905517}, {"y": 952.155905511811, "x": 1233, "structure_id": "Chf_38", "w": 342.21968503937, "h": 27.777952755905517}, {"y": 1001, "x": 1232.8748031496064, "structure_id": "Chf_39", "w": 359.2503937007875, "h": 91.08031496062995}, {"y": 286.11102362204724, "x": 858, "structure_id": "Chf_40", "w": 354.7393700787402, "h": 27.777952755905517}, {"y": 336.11102362204724, "x": 858, "structure_id": "Chf_41", "w": 354.7393700787402, "h": 27.777952755905517}, {"y": 386.1110236220473, "x": 858, "structure_id": "Chf_42", "w": 354.7393700787402, "h": 27.777952755905517}, {"y": 1186.1110236220472, "x": 108, "structure_id": "Chf_43", "w": 427.65275590551187, "h": 27.777952755905517}, {"y": 1236.1110236220472, "x": 108, "structure_id": "Chf_44", "w": 427.65275590551187, "h": 27.777952755905517}, {"y": 1286.1110236220472, "x": 108, "structure_id": "Chf_45", "w": 427.65275590551187, "h": 27.777952755905517}, {"y": 1186.1110236220472, "x": 558, "structure_id": "Chf_46", "w": 271.43307086614175, "h": 27.777952755905517}, {"y": 1236.1110236220472, "x": 558, "structure_id": "Chf_47", "w": 269.3055118110236, "h": 27.777952755905517}, {"y": 1286.1110236220472, "x": 558, "structure_id": "Chf_48", "w": 267.25826771653556, "h": 27.777952755905517}, {"y": 1336.1110236220472, "x": 558, "structure_id": "Chf_49", "w": 267.25826771653556, "h": 27.777952755905517}, {"y": 1386.1110236220475, "x": 558, "structure_id": "Chf_50", "w": 267.25826771653556, "h": 27.777952755905517}, {"y": 1433, "x": 557.8748031496064, "structure_id": "Chf_51", "w": 284.2503937007874, "h": 84.12440944881882}, {"y": 1184.7330708661418, "x": 858, "structure_id": "Chf_52", "w": 354.7393700787402, "h": 27.777952755905517}, {"y": 1231.9779527559056, "x": 858, "structure_id": "Chf_53", "w": 354.7393700787402, "h": 27.777952755905517}, {"y": 1283.355905511811, "x": 858, "structure_id": "Chf_54", "w": 354.7393700787402, "h": 27.777952755905517}, {"y": 1186.1110236220472, "x": 1233, "structure_id": "Chf_55", "w": 342.21968503937, "h": 27.777952755905517}, {"y": 1236.1110236220472, "x": 1233, "structure_id": "Chf_56", "w": 342.21968503937, "h": 27.777952755905517}, {"y": 1286.1110236220472, "x": 1233, "structure_id": "Chf_57", "w": 342.21968503937, "h": 27.777952755905517}, {"y": 1336.1110236220472, "x": 1233, "structure_id": "Chf_58", "w": 342.21968503937, "h": 27.777952755905517}, {"y": 1386.1110236220475, "x": 1233, "structure_id": "Chf_59", "w": 342.21968503937, "h": 27.777952755905517}, {"y": 1433, "x": 1232.8748031496064, "structure_id": "Chf_60", "w": 359.2503937007875, "h": 84.12440944881882}, {"y": 1686.1110236220472, "x": 108, "structure_id": "Chf_61", "w": 427.65275590551187, "h": 27.777952755905517}, {"y": 1686.1110236220472, "x": 558, "structure_id": "Chf_62", "w": 269.3055118110236, "h": 27.777952755905517}, {"y": 1736.1110236220472, "x": 558, "structure_id": "Chf_63", "w": 269.3055118110236, "h": 27.777952755905517}, {"y": 1786.1110236220472, "x": 558, "structure_id": "Chf_64", "w": 269.3055118110236, "h": 27.777952755905517}, {"y": 1836.1110236220472, "x": 558, "structure_id": "Chf_65", "w": 269.3055118110236, "h": 27.777952755905517}, {"y": 1886.1110236220475, "x": 558, "structure_id": "Chf_66", "w": 269.3055118110236, "h": 27.777952755905517}, {"y": 1933, "x": 557.8748031496064, "structure_id": "Chf_67", "w": 284.2503937007874, "h": 84.12440944881882}, {"y": 1686.1110236220472, "x": 1233, "structure_id": "Chf_68", "w": 342.21968503937, "h": 27.777952755905517}, {"y": 1736.1110236220472, "x": 1233, "structure_id": "Chf_69", "w": 342.21968503937, "h": 27.777952755905517}, {"y": 1786.1110236220472, "x": 1233, "structure_id": "Chf_70", "w": 342.21968503937, "h": 27.777952755905517}, {"y": 1836.1110236220472, "x": 1233, "structure_id": "Chf_71", "w": 342.21968503937, "h": 27.777952755905517}, {"y": 1886.1110236220475, "x": 1233, "structure_id": "Chf_72", "w": 342.21968503937, "h": 27.777952755905517}, {"y": 1933, "x": 1232.8748031496064, "structure_id": "Chf_73", "w": 359.2503937007875, "h": 84.12440944881882}], "Field": [{"y": 2040, "x": 332.8748031496063, "structure_id": "Fi_1", "w": 659.2503937007873, "h": 77.12519685039388}, {"y": 2040, "x": 1007.8748031496062, "structure_id": "Fi_2", "w": 434.2503937007874, "h": 77.12519685039388}, {"y": 1586, "x": 855.555905511811, "structure_id": "Fi_3", "w": 363.88897637795276, "h": 433.4448818897638}], "TextRun": [{"parent_TextBlock": "Tb_1", "text": "PATIENT'S  LAST NAME, FIRST NAME,  MIDDLE INTIAL", "parent_Field": "Fi_1", "parent_Choice_Field": null, "parent_ChoiceGroup": null, "w": 576, "h": 23, "y": 2040, "x": 338, "structure_id": "Tr_1"}, {"parent_TextBlock": "Tb_2", "text": "SOCIAL SECURITY NO.", "parent_Field": "Fi_2", "parent_Choice_Field": null, "parent_ChoiceGroup": null, "w": 246, "h": 23, "y": 2040, "x": 1013, "structure_id": "Tr_2"}, {"parent_TextBlock": "Tb_3", "text": "MAY 2006", "parent_Field": null, "parent_Choice_Field": null, "parent_ChoiceGroup": null, "w": 104, "h": 22, "y": 2124, "x": 50, "structure_id": "Tr_3"}, {"parent_TextBlock": "Tb_4", "text": "VA FORM", "parent_Field": null, "parent_Choice_Field": null, "parent_ChoiceGroup": null, "w": 101, "h": 22, "y": 2105, "x": 50, "structure_id": "Tr_4"}, {"parent_TextBlock": "Tb_5", "parent_Field": null, "parent_Choice_Field": null, "parent_ChoiceGroup": null, "w": 550, "h": 32.570740798094825, "y": 107.03201017052677, "x": 147.515625, "structure_id": "Tr_5"}, {"parent_TextBlock": "Tb_6", "text": "23. Where was the patient referred?", "parent_Field": null, "parent_Choice_Field": null, "parent_ChoiceGroup": null, "w": 470, "h": 28, "y": 158, "x": 615, "structure_id": "Tr_6"}, {"parent_TextBlock": "Tb_7", "text": "Funding Sources for", "parent_Field": null, "parent_Choice_Field": null, "parent_ChoiceGroup": "Chgp_1", "w": 279, "h": 28, "y": 219, "x": 1277, "structure_id": "Tr_7"}, {"parent_TextBlock": "Tb_7", "text": "Structured Living Situation", "parent_Field": null, "parent_Choice_Field": null, "parent_ChoiceGroup": "Chgp_1", "w": 357, "h": 28, "y": 253, "x": 1234, "structure_id": "Tr_8"}, {"parent_TextBlock": "Tb_8", "text": "VA", "parent_Field": null, "parent_Choice_Field": "Chf_1", "parent_ChoiceGroup": "Chgp_1", "w": 30, "h": 22, "y": 314, "x": 1233, "structure_id": "Tr_9"}, {"parent_TextBlock": "Tb_9", "text": "Medicare", "parent_Field": null, "parent_Choice_Field": "Chf_2", "parent_ChoiceGroup": "Chgp_1", "w": 91, "h": 22, "y": 364, "x": 1233, "structure_id": "Tr_10"}, {"parent_TextBlock": "Tb_10", "text": "Medicaid", "parent_Field": null, "parent_Choice_Field": "Chf_3", "parent_ChoiceGroup": "Chgp_1", "w": 89, "h": 22, "y": 414, "x": 1233, "structure_id": "Tr_11"}, {"parent_TextBlock": "Tb_11", "text": "Other insurance", "parent_Field": null, "parent_Choice_Field": "Chf_4", "parent_ChoiceGroup": "Chgp_1", "w": 158, "h": 22, "y": 464, "x": 1233, "structure_id": "Tr_12"}, {"parent_TextBlock": "Tb_12", "text": "Private Pay", "parent_Field": null, "parent_Choice_Field": "Chf_5", "parent_ChoiceGroup": "Chgp_1", "w": 114, "h": 22, "y": 514, "x": 1233, "structure_id": "Tr_13"}, {"parent_TextBlock": "Tb_13", "text": "Other (specify)", "parent_Field": null, "parent_Choice_Field": "Chf_6", "parent_ChoiceGroup": "Chgp_1", "w": 146, "h": 22, "y": 558, "x": 1238, "structure_id": "Tr_14"}, {"parent_TextBlock": "Tb_14", "text": "Funding Sources for", "parent_Field": null, "parent_Choice_Field": null, "parent_ChoiceGroup": "Chgp_2", "w": 280, "h": 28, "y": 207, "x": 565, "structure_id": "Tr_15"}, {"parent_TextBlock": "Tb_14", "text": "Home Care", "parent_Field": null, "parent_Choice_Field": null, "parent_ChoiceGroup": "Chgp_2", "w": 154, "h": 28, "y": 240, "x": 628, "structure_id": "Tr_16"}, {"parent_TextBlock": "Tb_15", "text": "VA", "parent_Field": null, "parent_Choice_Field": "Chf_7", "parent_ChoiceGroup": "Chgp_2", "w": 30, "h": 22, "y": 289, "x": 558, "structure_id": "Tr_17"}, {"parent_TextBlock": "Tb_16", "text": "Medicare", "parent_Field": null, "parent_Choice_Field": "Chf_8", "parent_ChoiceGroup": "Chgp_2", "w": 91, "h": 22, "y": 339, "x": 558, "structure_id": "Tr_18"}, {"parent_TextBlock": "Tb_17", "text": "Medicaid", "parent_Field": null, "parent_Choice_Field": "Chf_9", "parent_ChoiceGroup": "Chgp_2", "w": 89, "h": 22, "y": 389, "x": 558, "structure_id": "Tr_19"}, {"parent_TextBlock": "Tb_18", "text": "Other insurance", "parent_Field": null, "parent_Choice_Field": "Chf_10", "parent_ChoiceGroup": "Chgp_2", "w": 158, "h": 22, "y": 439, "x": 558, "structure_id": "Tr_20"}, {"parent_TextBlock": "Tb_19", "text": "Private Pay", "parent_Field": null, "parent_Choice_Field": "Chf_11", "parent_ChoiceGroup": "Chgp_2", "w": 114, "h": 22, "y": 489, "x": 558, "structure_id": "Tr_21"}, {"parent_TextBlock": "Tb_20", "text": "Other (specify)", "parent_Field": null, "parent_Choice_Field": "Chf_12", "parent_ChoiceGroup": "Chgp_2", "w": 146, "h": 22, "y": 533, "x": 563, "structure_id": "Tr_22"}, {"parent_TextBlock": "Tb_21", "text": "Domiciliary", "parent_Field": null, "parent_Choice_Field": null, "parent_ChoiceGroup": "Chgp_3", "w": 150, "h": 27, "y": 674, "x": 250, "structure_id": "Tr_23"}, {"parent_TextBlock": "Tb_22", "text": "VA Domiciliary", "parent_Field": null, "parent_Choice_Field": "Chf_13", "parent_ChoiceGroup": "Chgp_3", "w": 144, "h": 22, "y": 739, "x": 108, "structure_id": "Tr_24"}, {"parent_TextBlock": "Tb_23", "text": "State Home Domiciliary", "parent_Field": null, "parent_Choice_Field": "Chf_14", "parent_ChoiceGroup": "Chgp_3", "w": 232, "h": 22, "y": 789, "x": 108, "structure_id": "Tr_25"}, {"parent_TextBlock": "Tb_24", "text": "Funding Sources for", "parent_Field": null, "parent_Choice_Field": null, "parent_ChoiceGroup": "Chgp_4", "w": 280, "h": 28, "y": 657, "x": 565, "structure_id": "Tr_26"}, {"parent_TextBlock": "Tb_24", "text": "Domiciliary", "parent_Field": null, "parent_Choice_Field": null, "parent_ChoiceGroup": "Chgp_4", "w": 150, "h": 28, "y": 690, "x": 626, "structure_id": "Tr_27"}, {"parent_TextBlock": "Tb_25", "text": "VA", "parent_Field": null, "parent_Choice_Field": "Chf_15", "parent_ChoiceGroup": "Chgp_4", "w": 30, "h": 22, "y": 739, "x": 558, "structure_id": "Tr_28"}, {"parent_TextBlock": "Tb_26", "text": "Medicare", "parent_Field": null, "parent_Choice_Field": "Chf_16", "parent_ChoiceGroup": "Chgp_4", "w": 91, "h": 22, "y": 789, "x": 558, "structure_id": "Tr_29"}, {"parent_TextBlock": "Tb_27", "text": "Medicaid", "parent_Field": null, "parent_Choice_Field": "Chf_17", "parent_ChoiceGroup": "Chgp_4", "w": 89, "h": 22, "y": 839, "x": 558, "structure_id": "Tr_30"}, {"parent_TextBlock": "Tb_28", "text": "Other insurance", "parent_Field": null, "parent_Choice_Field": "Chf_18", "parent_ChoiceGroup": "Chgp_4", "w": 158, "h": 22, "y": 889, "x": 558, "structure_id": "Tr_31"}, {"parent_TextBlock": "Tb_29", "text": "Private Pay", "parent_Field": null, "parent_Choice_Field": "Chf_19", "parent_ChoiceGroup": "Chgp_4", "w": 114, "h": 22, "y": 939, "x": 558, "structure_id": "Tr_32"}, {"parent_TextBlock": "Tb_30", "text": "Other (specify)", "parent_Field": null, "parent_Choice_Field": "Chf_20", "parent_ChoiceGroup": "Chgp_4", "w": 146, "h": 22, "y": 983, "x": 563, "structure_id": "Tr_33"}, {"parent_TextBlock": "Tb_31", "text": "OTHER (specify)", "parent_Field": "Fi_3", "parent_Choice_Field": null, "parent_ChoiceGroup": null, "w": 219, "h": 28, "y": 1586, "x": 928, "structure_id": "Tr_34"}, {"parent_TextBlock": "Tb_32", "text": "Nursing Home Care", "parent_Field": null, "parent_Choice_Field": null, "parent_ChoiceGroup": "Chgp_5", "w": 259, "h": 27, "y": 674, "x": 908, "structure_id": "Tr_35"}, {"parent_TextBlock": "Tb_33", "text": "VA NHCU (Rehab)", "parent_Field": null, "parent_Choice_Field": "Chf_21", "parent_ChoiceGroup": "Chgp_5", "w": 193, "h": 22, "y": 738, "x": 858, "structure_id": "Tr_36"}, {"parent_TextBlock": "Tb_34", "text": "VA NHCU (Long-term care)", "parent_Field": null, "parent_Choice_Field": "Chf_22", "parent_ChoiceGroup": "Chgp_5", "w": 272, "h": 22, "y": 785, "x": 858, "structure_id": "Tr_37"}, {"parent_TextBlock": "Tb_35", "text": "VA NHCU (subacute care)", "parent_Field": null, "parent_Choice_Field": "Chf_23", "parent_ChoiceGroup": "Chgp_5", "w": 260, "h": 22, "y": 836, "x": 858, "structure_id": "Tr_38"}, {"parent_TextBlock": "Tb_36", "text": "VA NHCU (respite)", "parent_Field": null, "parent_Choice_Field": "Chf_24", "parent_ChoiceGroup": "Chgp_5", "w": 188, "h": 22, "y": 889, "x": 858, "structure_id": "Tr_39"}, {"parent_TextBlock": "Tb_37", "text": "Community nursing home", "parent_Field": null, "parent_Choice_Field": "Chf_25", "parent_ChoiceGroup": "Chgp_5", "w": 253, "h": 22, "y": 939, "x": 858, "structure_id": "Tr_40"}, {"parent_TextBlock": "Tb_38", "text": "State Veterans nursing home", "parent_Field": null, "parent_Choice_Field": "Chf_26", "parent_ChoiceGroup": "Chgp_5", "w": 288, "h": 22, "y": 989, "x": 858, "structure_id": "Tr_41"}, {"parent_TextBlock": "Tb_39", "text": "VA NHCU (Hospice)", "parent_Field": null, "parent_Choice_Field": "Chf_27", "parent_ChoiceGroup": "Chgp_5", "w": 207, "h": 23, "y": 1051, "x": 858, "structure_id": "Tr_42"}, {"parent_TextBlock": "Tb_40", "text": "Home Care", "parent_Field": null, "parent_Choice_Field": null, "parent_ChoiceGroup": "Chgp_6", "w": 146, "h": 27, "y": 224, "x": 252, "structure_id": "Tr_43"}, {"parent_TextBlock": "Tb_41", "text": "Community Skilled Home Health Care", "parent_Field": null, "parent_Choice_Field": "Chf_28", "parent_ChoiceGroup": "Chgp_6", "w": 374, "h": 22, "y": 289, "x": 108, "structure_id": "Tr_44"}, {"parent_TextBlock": "Tb_42", "text": "VA Home-Based Primary Care", "parent_Field": null, "parent_Choice_Field": "Chf_29", "parent_ChoiceGroup": "Chgp_6", "w": 302, "h": 22, "y": 339, "x": 108, "structure_id": "Tr_45"}, {"parent_TextBlock": "Tb_43", "text": "Homemaker/Home Health Aide", "parent_Field": null, "parent_Choice_Field": "Chf_30", "parent_ChoiceGroup": "Chgp_6", "w": 307, "h": 22, "y": 389, "x": 108, "structure_id": "Tr_46"}, {"parent_TextBlock": "Tb_44", "text": "VA Bowel and Bladder", "parent_Field": null, "parent_Choice_Field": "Chf_31", "parent_ChoiceGroup": "Chgp_6", "w": 228, "h": 22, "y": 439, "x": 108, "structure_id": "Tr_47"}, {"parent_TextBlock": "Tb_45", "text": "Adult Day Health Care", "parent_Field": null, "parent_Choice_Field": "Chf_32", "parent_ChoiceGroup": "Chgp_6", "w": 221, "h": 22, "y": 489, "x": 108, "structure_id": "Tr_48"}, {"parent_TextBlock": "Tb_46", "text": "VA In-home Respite", "parent_Field": null, "parent_Choice_Field": "Chf_33", "parent_ChoiceGroup": "Chgp_6", "w": 199, "h": 22, "y": 539, "x": 108, "structure_id": "Tr_49"}, {"parent_TextBlock": "Tb_47", "text": "Funding Sources for", "parent_Field": null, "parent_Choice_Field": null, "parent_ChoiceGroup": "Chgp_7", "w": 279, "h": 28, "y": 657, "x": 1277, "structure_id": "Tr_50"}, {"parent_TextBlock": "Tb_47", "text": "Nursing Home Care", "parent_Field": null, "parent_Choice_Field": null, "parent_ChoiceGroup": "Chgp_7", "w": 259, "h": 28, "y": 690, "x": 1283, "structure_id": "Tr_51"}, {"parent_TextBlock": "Tb_48", "text": "VA", "parent_Field": null, "parent_Choice_Field": "Chf_34", "parent_ChoiceGroup": "Chgp_7", "w": 30, "h": 22, "y": 741, "x": 1233, "structure_id": "Tr_52"}, {"parent_TextBlock": "Tb_49", "text": "Medicare", "parent_Field": null, "parent_Choice_Field": "Chf_35", "parent_ChoiceGroup": "Chgp_7", "w": 91, "h": 22, "y": 791, "x": 1233, "structure_id": "Tr_53"}, {"parent_TextBlock": "Tb_50", "text": "Medicaid", "parent_Field": null, "parent_Choice_Field": "Chf_36", "parent_ChoiceGroup": "Chgp_7", "w": 89, "h": 22, "y": 848, "x": 1233, "structure_id": "Tr_54"}, {"parent_TextBlock": "Tb_51", "text": "Other insurance", "parent_Field": null, "parent_Choice_Field": "Chf_37", "parent_ChoiceGroup": "Chgp_7", "w": 158, "h": 23, "y": 901, "x": 1233, "structure_id": "Tr_55"}, {"parent_TextBlock": "Tb_52", "text": "Private Pay", "parent_Field": null, "parent_Choice_Field": "Chf_38", "parent_ChoiceGroup": "Chgp_7", "w": 114, "h": 22, "y": 955, "x": 1233, "structure_id": "Tr_56"}, {"parent_TextBlock": "Tb_53", "text": "Other (specify)", "parent_Field": null, "parent_Choice_Field": "Chf_39", "parent_ChoiceGroup": "Chgp_7", "w": 146, "h": 22, "y": 1001, "x": 1238, "structure_id": "Tr_57"}, {"parent_TextBlock": "Tb_54", "text": "Structured Living Situation", "parent_Field": null, "parent_Choice_Field": null, "parent_ChoiceGroup": "Chgp_8", "w": 364, "h": 27, "y": 224, "x": 859, "structure_id": "Tr_58"}, {"parent_TextBlock": "Tb_55", "text": "Personal Care Home", "parent_Field": null, "parent_Choice_Field": "Chf_40", "parent_ChoiceGroup": "Chgp_8", "w": 207, "h": 22, "y": 289, "x": 858, "structure_id": "Tr_59"}, {"parent_TextBlock": "Tb_56", "text": "Community Residential Care", "parent_Field": null, "parent_Choice_Field": "Chf_41", "parent_ChoiceGroup": "Chgp_8", "w": 289, "h": 22, "y": 339, "x": 858, "structure_id": "Tr_60"}, {"parent_TextBlock": "Tb_57", "text": "Assisted Living", "parent_Field": null, "parent_Choice_Field": "Chf_42", "parent_ChoiceGroup": "Chgp_8", "w": 154, "h": 22, "y": 389, "x": 858, "structure_id": "Tr_61"}, {"parent_TextBlock": "Tb_58", "text": "Hospice Care", "parent_Field": null, "parent_Choice_Field": null, "parent_ChoiceGroup": "Chgp_9", "w": 178, "h": 27, "y": 1124, "x": 236, "structure_id": "Tr_62"}, {"parent_TextBlock": "Tb_59", "text": "VA NHCU (Hospice)", "parent_Field": null, "parent_Choice_Field": "Chf_43", "parent_ChoiceGroup": "Chgp_9", "w": 207, "h": 22, "y": 1189, "x": 108, "structure_id": "Tr_63"}, {"parent_TextBlock": "Tb_60", "text": "VA Outpatient hospice", "parent_Field": null, "parent_Choice_Field": "Chf_44", "parent_ChoiceGroup": "Chgp_9", "w": 221, "h": 22, "y": 1239, "x": 108, "structure_id": "Tr_64"}, {"parent_TextBlock": "Tb_61", "text": "Community hospice", "parent_Field": null, "parent_Choice_Field": "Chf_45", "parent_ChoiceGroup": "Chgp_9", "w": 195, "h": 22, "y": 1289, "x": 108, "structure_id": "Tr_65"}, {"parent_TextBlock": "Tb_62", "text": "Funding Sources for", "parent_Field": null, "parent_Choice_Field": null, "parent_ChoiceGroup": "Chgp_10", "w": 280, "h": 28, "y": 1107, "x": 565, "structure_id": "Tr_66"}, {"parent_TextBlock": "Tb_62", "text": "Hospice Care", "parent_Field": null, "parent_Choice_Field": null, "parent_ChoiceGroup": "Chgp_10", "w": 178, "h": 28, "y": 1140, "x": 612, "structure_id": "Tr_67"}, {"parent_TextBlock": "Tb_63", "text": "VA", "parent_Field": null, "parent_Choice_Field": "Chf_46", "parent_ChoiceGroup": "Chgp_10", "w": 30, "h": 22, "y": 1189, "x": 558, "structure_id": "Tr_68"}, {"parent_TextBlock": "Tb_64", "text": "Medicare", "parent_Field": null, "parent_Choice_Field": "Chf_47", "parent_ChoiceGroup": "Chgp_10", "w": 91, "h": 22, "y": 1239, "x": 558, "structure_id": "Tr_69"}, {"parent_TextBlock": "Tb_65", "text": "Medicaid", "parent_Field": null, "parent_Choice_Field": "Chf_48", "parent_ChoiceGroup": "Chgp_10", "w": 89, "h": 22, "y": 1289, "x": 558, "structure_id": "Tr_70"}, {"parent_TextBlock": "Tb_66", "text": "Other insurance", "parent_Field": null, "parent_Choice_Field": "Chf_49", "parent_ChoiceGroup": "Chgp_10", "w": 158, "h": 22, "y": 1339, "x": 558, "structure_id": "Tr_71"}, {"parent_TextBlock": "Tb_67", "text": "Private Pay", "parent_Field": null, "parent_Choice_Field": "Chf_50", "parent_ChoiceGroup": "Chgp_10", "w": 114, "h": 22, "y": 1389, "x": 558, "structure_id": "Tr_72"}, {"parent_TextBlock": "Tb_68", "text": "Other (specify)", "parent_Field": null, "parent_Choice_Field": "Chf_51", "parent_ChoiceGroup": "Chgp_10", "w": 146, "h": 22, "y": 1433, "x": 563, "structure_id": "Tr_73"}, {"parent_TextBlock": "Tb_69", "text": "Geriatric Services", "parent_Field": null, "parent_Choice_Field": null, "parent_ChoiceGroup": "Chgp_11", "w": 259, "h": 31, "y": 1122, "x": 908, "structure_id": "Tr_74"}, {"parent_TextBlock": "Tb_70", "text": "GEM Clinic", "parent_Field": null, "parent_Choice_Field": "Chf_52", "parent_ChoiceGroup": "Chgp_11", "w": 111, "h": 22, "y": 1188, "x": 858, "structure_id": "Tr_75"}, {"parent_TextBlock": "Tb_71", "text": "Geriatric Primary Care Clinics", "parent_Field": null, "parent_Choice_Field": "Chf_53", "parent_ChoiceGroup": "Chgp_11", "w": 293, "h": 22, "y": 1235, "x": 858, "structure_id": "Tr_76"}, {"parent_TextBlock": "Tb_72", "text": "VA GEM inpatient unit", "parent_Field": null, "parent_Choice_Field": "Chf_54", "parent_ChoiceGroup": "Chgp_11", "w": 219, "h": 22, "y": 1286, "x": 858, "structure_id": "Tr_77"}, {"parent_TextBlock": "Tb_73", "text": "Funding Sources for", "parent_Field": null, "parent_Choice_Field": null, "parent_ChoiceGroup": "Chgp_12", "w": 279, "h": 28, "y": 1107, "x": 1277, "structure_id": "Tr_78"}, {"parent_TextBlock": "Tb_73", "text": "Geriatric Services", "parent_Field": null, "parent_Choice_Field": null, "parent_ChoiceGroup": "Chgp_12", "w": 237, "h": 28, "y": 1140, "x": 1294, "structure_id": "Tr_79"}, {"parent_TextBlock": "Tb_74", "text": "VA", "parent_Field": null, "parent_Choice_Field": "Chf_55", "parent_ChoiceGroup": "Chgp_12", "w": 30, "h": 22, "y": 1189, "x": 1233, "structure_id": "Tr_80"}, {"parent_TextBlock": "Tb_75", "text": "Medicare", "parent_Field": null, "parent_Choice_Field": "Chf_56", "parent_ChoiceGroup": "Chgp_12", "w": 91, "h": 22, "y": 1239, "x": 1233, "structure_id": "Tr_81"}, {"parent_TextBlock": "Tb_76", "text": "Medicaid", "parent_Field": null, "parent_Choice_Field": "Chf_57", "parent_ChoiceGroup": "Chgp_12", "w": 89, "h": 22, "y": 1289, "x": 1233, "structure_id": "Tr_82"}, {"parent_TextBlock": "Tb_77", "text": "Other insurance", "parent_Field": null, "parent_Choice_Field": "Chf_58", "parent_ChoiceGroup": "Chgp_12", "w": 158, "h": 22, "y": 1339, "x": 1233, "structure_id": "Tr_83"}, {"parent_TextBlock": "Tb_78", "text": "Private Pay", "parent_Field": null, "parent_Choice_Field": "Chf_59", "parent_ChoiceGroup": "Chgp_12", "w": 114, "h": 22, "y": 1389, "x": 1233, "structure_id": "Tr_84"}, {"parent_TextBlock": "Tb_79", "text": "Other (specify)", "parent_Field": null, "parent_Choice_Field": "Chf_60", "parent_ChoiceGroup": "Chgp_12", "w": 146, "h": 22, "y": 1433, "x": 1238, "structure_id": "Tr_85"}, {"parent_TextBlock": "Tb_80", "text": "Care Coordination/Home", "parent_Field": null, "parent_Choice_Field": null, "parent_ChoiceGroup": "Chgp_13", "w": 335, "h": 28, "y": 1569, "x": 161, "structure_id": "Tr_86"}, {"parent_TextBlock": "Tb_80", "text": "Telehealth", "parent_Field": null, "parent_Choice_Field": null, "parent_ChoiceGroup": "Chgp_13", "w": 138, "h": 28, "y": 1603, "x": 256, "structure_id": "Tr_87"}, {"parent_TextBlock": "Tb_81", "text": "Care Coordination/Home Telehealth", "parent_Field": null, "parent_Choice_Field": "Chf_61", "parent_ChoiceGroup": "Chgp_13", "w": 356, "h": 22, "y": 1689, "x": 108, "structure_id": "Tr_88"}, {"parent_TextBlock": "Tb_82", "text": "Funding Sources for", "parent_Field": null, "parent_Choice_Field": null, "parent_ChoiceGroup": "Chgp_14", "w": 280, "h": 28, "y": 1553, "x": 565, "structure_id": "Tr_89"}, {"parent_TextBlock": "Tb_82", "text": "Care Coordination/", "parent_Field": null, "parent_Choice_Field": null, "parent_ChoiceGroup": "Chgp_14", "w": 250, "h": 28, "y": 1586, "x": 576, "structure_id": "Tr_90"}, {"parent_TextBlock": "Tb_82", "text": "Home Telehealth", "parent_Field": null, "parent_Choice_Field": null, "parent_ChoiceGroup": "Chgp_14", "w": 222, "h": 28, "y": 1619, "x": 590, "structure_id": "Tr_91"}, {"parent_TextBlock": "Tb_83", "text": "VA", "parent_Field": null, "parent_Choice_Field": "Chf_62", "parent_ChoiceGroup": "Chgp_14", "w": 30, "h": 22, "y": 1689, "x": 558, "structure_id": "Tr_92"}, {"parent_TextBlock": "Tb_84", "text": "Medicare", "parent_Field": null, "parent_Choice_Field": "Chf_63", "parent_ChoiceGroup": "Chgp_14", "w": 91, "h": 22, "y": 1739, "x": 558, "structure_id": "Tr_93"}, {"parent_TextBlock": "Tb_85", "text": "Medicaid", "parent_Field": null, "parent_Choice_Field": "Chf_64", "parent_ChoiceGroup": "Chgp_14", "w": 89, "h": 22, "y": 1789, "x": 558, "structure_id": "Tr_94"}, {"parent_TextBlock": "Tb_86", "text": "Other insurance", "parent_Field": null, "parent_Choice_Field": "Chf_65", "parent_ChoiceGroup": "Chgp_14", "w": 158, "h": 22, "y": 1839, "x": 558, "structure_id": "Tr_95"}, {"parent_TextBlock": "Tb_87", "text": "Private Pay", "parent_Field": null, "parent_Choice_Field": "Chf_66", "parent_ChoiceGroup": "Chgp_14", "w": 114, "h": 22, "y": 1889, "x": 558, "structure_id": "Tr_96"}, {"parent_TextBlock": "Tb_88", "text": "Other (specify)", "parent_Field": null, "parent_Choice_Field": "Chf_67", "parent_ChoiceGroup": "Chgp_14", "w": 146, "h": 22, "y": 1933, "x": 563, "structure_id": "Tr_97"}, {"parent_TextBlock": "Tb_89", "text": "Funding Sources for", "parent_Field": null, "parent_Choice_Field": null, "parent_ChoiceGroup": "Chgp_15", "w": 279, "h": 28, "y": 1569, "x": 1277, "structure_id": "Tr_98"}, {"parent_TextBlock": "Tb_89", "text": "OtherServices", "parent_Field": null, "parent_Choice_Field": null, "parent_ChoiceGroup": "Chgp_15", "w": 189, "h": 28, "y": 1603, "x": 1318, "structure_id": "Tr_99"}, {"parent_TextBlock": "Tb_90", "text": "VA", "parent_Field": null, "parent_Choice_Field": "Chf_68", "parent_ChoiceGroup": "Chgp_15", "w": 30, "h": 22, "y": 1689, "x": 1233, "structure_id": "Tr_100"}, {"parent_TextBlock": "Tb_91", "text": "Medicare", "parent_Field": null, "parent_Choice_Field": "Chf_69", "parent_ChoiceGroup": "Chgp_15", "w": 91, "h": 22, "y": 1739, "x": 1233, "structure_id": "Tr_101"}, {"parent_TextBlock": "Tb_92", "text": "Medicaid", "parent_Field": null, "parent_Choice_Field": "Chf_70", "parent_ChoiceGroup": "Chgp_15", "w": 89, "h": 22, "y": 1789, "x": 1233, "structure_id": "Tr_102"}, {"parent_TextBlock": "Tb_93", "text": "Other insurance", "parent_Field": null, "parent_Choice_Field": "Chf_71", "parent_ChoiceGroup": "Chgp_15", "w": 158, "h": 22, "y": 1839, "x": 1233, "structure_id": "Tr_103"}, {"parent_TextBlock": "Tb_94", "text": "Private Pay", "parent_Field": null, "parent_Choice_Field": "Chf_72", "parent_ChoiceGroup": "Chgp_15", "w": 114, "h": 22, "y": 1889, "x": 1233, "structure_id": "Tr_104"}, {"parent_TextBlock": "Tb_95", "text": "Other (specify)", "parent_Field": null, "parent_Choice_Field": "Chf_73", "parent_ChoiceGroup": "Chgp_15", "w": 146, "h": 22, "y": 1933, "x": 1238, "structure_id": "Tr_105"}, {"parent_TextBlock": "Tb_96", "parent_Field": null, "parent_Choice_Field": null, "parent_ChoiceGroup": null, "w": 818, "h": 40.08982738691326, "y": 101.03125, "x": 727.515625, "structure_id": "Tr_106"}, {"parent_TextBlock": "Tb_97", "text": "10-0415", "parent_Field": null, "parent_Choice_Field": null, "parent_ChoiceGroup": null, "w": 143, "h": 39, "y": 2103, "x": 175, "structure_id": "Tr_107"}, {"parent_TextBlock": "Tb_98", "text": "Page 5 of 5", "parent_Field": null, "parent_Choice_Field": null, "parent_ChoiceGroup": null, "w": 142, "h": 28, "y": 2100, "x": 1450, "structure_id": "Tr_108"}], "ChoiceGroup": [{"y": 199.0312500000003, "x": 1225.515625, "structure_id": "Chgp_1", "w": 372, "h": 447.7371352280883}, {"y": 197.0312500000001, "x": 546.515625, "structure_id": "Chgp_2", "w": 301, "h": 448.97385498537795}, {"y": 647.03125, "x": 99.515625, "structure_id": "Chgp_3", "w": 447, "h": 177}, {"y": 647.03125, "x": 546.515625, "structure_id": "Chgp_4", "w": 302.26254910509516, "h": 452}, {"y": 647.03125, "x": 847.515625, "structure_id": "Chgp_5", "w": 375, "h": 449.5910671370561}, {"y": 196.03125, "x": 99.515625, "structure_id": "Chgp_6", "w": 447, "h": 375}, {"y": 647.03125, "x": 1224.515625, "structure_id": "Chgp_7", "w": 373, "h": 448.9992002864169}, {"y": 197.03125, "x": 849.515625, "structure_id": "Chgp_8", "w": 375, "h": 224}, {"y": 1097.03125, "x": 97.515625, "structure_id": "Chgp_9", "w": 449, "h": 224}, {"y": 1097.03125, "x": 547.5181411679282, "structure_id": "Chgp_10", "w": 299.5502136166426, "h": 425}, {"y": 1096.03125, "x": 847.5156250000003, "structure_id": "Chgp_11", "w": 376.56243124987634, "h": 229}, {"y": 1096.03125, "x": 1224.515625, "structure_id": "Chgp_12", "w": 373.1084217519297, "h": 426}, {"y": 1523.03125, "x": 99.515625, "structure_id": "Chgp_13", "w": 450, "h": 201}, {"y": 1525.03125, "x": 549.515625, "structure_id": "Chgp_14", "w": 298.8513135697401, "h": 496}, {"y": 1522.03125, "x": 1225.515625, "structure_id": "Chgp_15", "w": 372, "h": 499.5540851965773}]}