{"Widget": [{"parent_Field": "Fi_1", "parent_Choice_Field": null, "parent_ChoiceGroup": null, "w": 1490.0000678168403, "h": 102.00000339084204, "y": 1347.3333570692273, "x": 101.000001695421, "structure_id": "Wi_1"}, {"parent_Field": "Fi_2", "parent_Choice_Field": null, "parent_ChoiceGroup": null, "w": 505.33328586154516, "h": 74.4638654920791, "y": 1500.8694542778862, "x": 574.6666802300347, "structure_id": "Wi_2"}, {"parent_Field": "Fi_3", "parent_Choice_Field": null, "parent_ChoiceGroup": null, "w": 1490.0000678168403, "h": 102.66664293077247, "y": 1208.6666531032986, "x": 101.000001695421, "structure_id": "Wi_3"}, {"parent_Field": "Fi_4", "parent_Choice_Field": null, "parent_ChoiceGroup": null, "w": 503.3333672417534, "h": 73.43054877387135, "y": 1502.9361300998264, "x": 1087.6666598849827, "structure_id": "Wi_4"}, {"parent_Field": "Fi_5", "parent_Choice_Field": null, "parent_ChoiceGroup": null, "w": 1013.4302775065104, "h": 47.86114162868921, "y": 1098.9000108506943, "x": 106.63083394368489, "structure_id": "Wi_5"}, {"parent_Field": "Fi_6", "parent_Choice_Field": null, "parent_ChoiceGroup": null, "w": 394.4943745930989, "h": 48.56109619140625, "y": 1099.8083326551648, "x": 1163.3499993218315, "structure_id": "Wi_6"}, {"parent_Field": "Fi_7", "parent_Choice_Field": null, "parent_ChoiceGroup": null, "w": 465.99998474121094, "h": 79.63057623969189, "y": 1499.8360951741536, "x": 101.000001695421, "structure_id": "Wi_7"}], "TextBlock": [{"parent_Field": null, "parent_Choice_Field": null, "parent_ChoiceGroup": null, "w": 90.14934348194382, "h": 18.13466762741109, "y": 2131.592000737841, "x": 103.99999618530273, "structure_id": "Tb_1"}, {"parent_Field": null, "parent_Choice_Field": null, "parent_ChoiceGroup": null, "w": 263.6230778699844, "h": 20.32333420221289, "y": 138.50067278571063, "x": 1262.9444546169705, "structure_id": "Tb_2"}, {"parent_Field": null, "parent_Choice_Field": null, "parent_ChoiceGroup": null, "w": 89.40066344407305, "h": 18.134667627411545, "y": 2103.925331316115, "x": 100, "structure_id": "Tb_3"}, {"parent_Field": null, "parent_Choice_Field": null, "parent_ChoiceGroup": null, "w": 1166.5000481000686, "h": 68.59983872467035, "y": 283.45563578315904, "x": 262.73333231608075, "structure_id": "Tb_4"}, {"parent_Field": null, "parent_Choice_Field": null, "parent_ChoiceGroup": null, "w": 142.02297073148978, "h": 36.58200163815809, "y": 2115.607999152449, "x": 245.40000491672092, "structure_id": "Tb_5"}, {"parent_Field": null, "parent_Choice_Field": null, "parent_ChoiceGroup": null, "w": 142.03604202219208, "h": 25.95133466534935, "y": 2117.8586664805734, "x": 1450.2777099609375, "structure_id": "Tb_6"}, {"parent_Field": null, "parent_Choice_Field": null, "parent_ChoiceGroup": null, "w": 800.5596887527919, "h": 28.76533460021949, "y": 572.3968200887937, "x": 173.99999830457898, "structure_id": "Tb_7"}, {"parent_Field": null, "parent_Choice_Field": null, "parent_ChoiceGroup": null, "w": 16.536686347584208, "h": 12.6406672070907, "y": 577.5031536692214, "x": 135.33333672417535, "structure_id": "Tb_8"}, {"parent_Field": null, "parent_Choice_Field": null, "parent_ChoiceGroup": null, "w": 771.7724573074794, "h": 28.76533460021949, "y": 607.7302415840194, "x": 173.99999830457898, "structure_id": "Tb_9"}, {"parent_Field": null, "parent_Choice_Field": null, "parent_ChoiceGroup": null, "w": 16.536686347584208, "h": 12.640667207090814, "y": 612.836575164447, "x": 135.33333672417535, "structure_id": "Tb_10"}, {"parent_Field": null, "parent_Choice_Field": null, "parent_ChoiceGroup": null, "w": 1384.6257830453264, "h": 64.18200126688623, "y": 642.730173767179, "x": 173.99999830457898, "structure_id": "Tb_11"}, {"parent_Field": null, "parent_Choice_Field": null, "parent_ChoiceGroup": null, "w": 16.536686347584208, "h": 12.6406672070907, "y": 647.8365073476068, "x": 135.33333672417535, "structure_id": "Tb_12"}, {"parent_Field": null, "parent_Choice_Field": null, "parent_ChoiceGroup": null, "w": 1456.3843923931997, "h": 99.09860350755423, "y": 853.4802449748615, "x": 109.33333502875433, "structure_id": "Tb_13"}, {"parent_Field": null, "parent_Choice_Field": null, "parent_ChoiceGroup": null, "w": 335.5474623437896, "h": 28.765334600219603, "y": 537.3968879056339, "x": 109.33333502875433, "structure_id": "Tb_14"}, {"parent_Field": null, "parent_Choice_Field": null, "parent_ChoiceGroup": null, "w": 1412.9468584847798, "h": 99.09868827860493, "y": 396.73018054886313, "x": 109.33333502875433, "structure_id": "Tb_15"}, {"parent_Field": null, "parent_Choice_Field": null, "parent_ChoiceGroup": null, "w": 1420.7643660303129, "h": 64.09867132439479, "y": 748.1468743422658, "x": 109.33333502875433, "structure_id": "Tb_16"}, {"parent_Field": null, "parent_Choice_Field": null, "parent_ChoiceGroup": null, "w": 315.82203891599147, "h": 20.323334202212905, "y": 87.5007134758148, "x": 1262.9444546169705, "structure_id": "Tb_17"}, {"parent_Field": null, "parent_Choice_Field": null, "parent_ChoiceGroup": null, "w": 315.54742520323634, "h": 20.323334202212905, "y": 112.83403324578008, "x": 1262.9444546169705, "structure_id": "Tb_18"}, {"parent_Field": null, "parent_Choice_Field": null, "parent_ChoiceGroup": null, "w": 512.5322390529504, "h": 28.76533460021915, "y": 991.8135443997747, "x": 589.4722408718533, "structure_id": "Tb_19"}, {"parent_Field": "Fi_1", "parent_Choice_Field": null, "parent_ChoiceGroup": null, "w": 234.30886073616662, "h": 25.951334665349805, "y": 1325.3864841007448, "x": 105.99999957614475, "structure_id": "Tb_20"}, {"parent_Field": "Fi_2", "parent_Choice_Field": null, "parent_ChoiceGroup": null, "w": 450.2755198582098, "h": 25.951334665349577, "y": 1462.3864196747465, "x": 581.4722273084852, "structure_id": "Tb_21"}, {"parent_Field": "Fi_3", "parent_Choice_Field": null, "parent_ChoiceGroup": null, "w": 259.0152985888142, "h": 25.951334665349577, "y": 1186.7197801348161, "x": 105.99999957614475, "structure_id": "Tb_22"}, {"parent_Field": "Fi_4", "parent_Choice_Field": null, "parent_ChoiceGroup": null, "w": 468.5075263550632, "h": 25.951334665349577, "y": 1462.3864196747465, "x": 1094.1944546169705, "structure_id": "Tb_23"}, {"parent_Field": "Fi_5", "parent_Choice_Field": null, "parent_ChoiceGroup": null, "w": 332.7494972650295, "h": 25.951334665349577, "y": 1048.3308709008752, "x": 105.99999957614475, "structure_id": "Tb_24"}, {"parent_Field": "Fi_6", "parent_Choice_Field": null, "parent_ChoiceGroup": null, "w": 374.5237277982055, "h": 25.951334665349805, "y": 1048.6641906708403, "x": 1156.5277947319878, "structure_id": "Tb_25"}, {"parent_Field": "Fi_7", "parent_Choice_Field": null, "parent_ChoiceGroup": null, "w": 447.2041057584105, "h": 25.951334665349577, "y": 1462.3864196747465, "x": 105.99999957614475, "structure_id": "Tb_26"}, {"parent_Field": null, "parent_Choice_Field": null, "parent_ChoiceGroup": null, "w": 888.076812504962, "h": 28.765334600219376, "y": 1606.535775099102, "x": 402.0555708143446, "structure_id": "Tb_27"}, {"parent_Field": null, "parent_Choice_Field": null, "parent_ChoiceGroup": null, "w": 1439.6743940314038, "h": 389.0339889602533, "y": 1674.1071162125163, "x": 115.33304850260416, "structure_id": "Tb_28"}], "Choice_Field": [], "Field": [{"y": 1325.3864841007448, "x": 101.000001695421, "structure_id": "Fi_1", "w": 1490.0000678168403, "h": 123.9468763593245}, {"y": 1462.3864196747465, "x": 574.6666802300347, "structure_id": "Fi_2", "w": 505.33328586154516, "h": 112.94690009521878}, {"y": 1186.7197801348161, "x": 101.000001695421, "structure_id": "Fi_3", "w": 1490.0000678168403, "h": 124.61351589925493}, {"y": 1462.3864196747465, "x": 1087.6666598849827, "structure_id": "Fi_4", "w": 503.3333672417534, "h": 113.98025919895122}, {"y": 1048.3308709008752, "x": 105.99999957614475, "structure_id": "Fi_5", "w": 1014.0611118740505, "h": 98.43028157850836}, {"y": 1048.6641906708403, "x": 1156.5277947319878, "structure_id": "Fi_6", "w": 401.31657918294263, "h": 99.70523817573076}, {"y": 1462.3864196747465, "x": 101.000001695421, "structure_id": "Fi_7", "w": 465.99998474121094, "h": 117.08025173909891}], "TextRun": [{"parent_TextBlock": "Tb_1", "text": "NOV 2016", "parent_Field": null, "parent_Choice_Field": null, "parent_ChoiceGroup": null, "w": 90.14934348194382, "h": 18.13466762741109, "y": 2131.592000737841, "x": 103.99999618530273, "structure_id": "Tr_1"}, {"parent_TextBlock": "Tb_2", "text": "Expiration Date:  10/31/2017", "parent_Field": null, "parent_Choice_Field": null, "parent_ChoiceGroup": null, "w": 263.6230778699844, "h": 20.32333420221289, "y": 138.50067278571063, "x": 1262.9444546169705, "structure_id": "Tr_2"}, {"parent_TextBlock": "Tb_3", "text": "VA  FORM", "parent_Field": null, "parent_Choice_Field": null, "parent_ChoiceGroup": null, "w": 89.40066344407305, "h": 18.134667627411545, "y": 2103.925331316115, "x": 100, "structure_id": "Tr_3"}, {"parent_TextBlock": "Tb_4", "text": "VA ADVANCE DIRECTIVE", "parent_Field": null, "parent_Choice_Field": null, "parent_ChoiceGroup": null, "w": 407.3664842781403, "h": 31.266668151753663, "y": 283.45563578315904, "x": 642.1388838026259, "structure_id": "Tr_4"}, {"parent_TextBlock": "Tb_4", "text": "DURABLE POWER OF ATTORNEY FOR HEALTH CARE AND LIVING WILL", "parent_Field": null, "parent_Choice_Field": null, "parent_ChoiceGroup": null, "w": 1166.5000481000686, "h": 31.266668151753663, "y": 320.7888063560757, "x": 262.73333231608075, "structure_id": "Tr_5"}, {"parent_TextBlock": "Tb_5", "text": "10-0137", "parent_Field": null, "parent_Choice_Field": null, "parent_ChoiceGroup": null, "w": 142.02297073148978, "h": 36.58200163815809, "y": 2115.607999152449, "x": 245.40000491672092, "structure_id": "Tr_6"}, {"parent_TextBlock": "Tb_6", "text": "Page 1 of 7", "parent_Field": null, "parent_Choice_Field": null, "parent_ChoiceGroup": null, "w": 142.03604202219208, "h": 25.95133466534935, "y": 2117.8586664805734, "x": 1450.2777099609375, "structure_id": "Tr_7"}, {"parent_TextBlock": "Tb_7", "text": "Name specific people to make health care decisions for you", "parent_Field": null, "parent_Choice_Field": null, "parent_ChoiceGroup": null, "w": 800.5596887527919, "h": 28.76533460021949, "y": 572.3968200887937, "x": 173.99999830457898, "structure_id": "Tr_8"}, {"parent_TextBlock": "Tb_8", "text": "\u00ef\u0082\u009f", "parent_Field": null, "parent_Choice_Field": null, "parent_ChoiceGroup": null, "w": 16.536686347584208, "h": 12.6406672070907, "y": 577.5031536692214, "x": 135.33333672417535, "structure_id": "Tr_9"}, {"parent_TextBlock": "Tb_9", "text": "Describe your preferences for how you want to be treated", "parent_Field": null, "parent_Choice_Field": null, "parent_ChoiceGroup": null, "w": 771.7724573074794, "h": 28.76533460021949, "y": 607.7302415840194, "x": 173.99999830457898, "structure_id": "Tr_10"}, {"parent_TextBlock": "Tb_10", "text": "\u00ef\u0082\u009f", "parent_Field": null, "parent_Choice_Field": null, "parent_ChoiceGroup": null, "w": 16.536686347584208, "h": 12.640667207090814, "y": 612.836575164447, "x": 135.33333672417535, "structure_id": "Tr_11"}, {"parent_TextBlock": "Tb_11", "text": "Describe your preferences for medical care, mental health care, long-term care, or other types of health", "parent_Field": null, "parent_Choice_Field": null, "parent_ChoiceGroup": null, "w": 1384.6257830453264, "h": 28.765334600219603, "y": 642.730173767179, "x": 173.99999830457898, "structure_id": "Tr_12"}, {"parent_TextBlock": "Tb_11", "text": "care", "parent_Field": null, "parent_Choice_Field": null, "parent_ChoiceGroup": null, "w": 59.33997744908103, "h": 28.76533460021949, "y": 678.1468404338458, "x": 173.99999830457898, "structure_id": "Tr_13"}, {"parent_TextBlock": "Tb_12", "text": "\u00ef\u0082\u009f", "parent_Field": null, "parent_Choice_Field": null, "parent_ChoiceGroup": null, "w": 16.536686347584208, "h": 12.6406672070907, "y": 647.8365073476068, "x": 135.33333672417535, "structure_id": "Tr_14"}, {"parent_TextBlock": "Tb_13", "text": "A health care professional can help you with this form and can answer any questions that you have. If you", "parent_Field": null, "parent_Choice_Field": null, "parent_ChoiceGroup": null, "w": 1417.3096853619497, "h": 28.765334600219262, "y": 853.4802449748615, "x": 109.33333502875433, "structure_id": "Tr_15"}, {"parent_TextBlock": "Tb_13", "text": "need more space for any part of the form, you may attach extra pages. Be sure to initial and date every page", "parent_Field": null, "parent_Choice_Field": null, "parent_ChoiceGroup": null, "w": 1456.3843923931997, "h": 28.765334600219262, "y": 888.8135816990368, "x": 109.33333502875433, "structure_id": "Tr_16"}, {"parent_TextBlock": "Tb_13", "text": "that you attach.", "parent_Field": null, "parent_Choice_Field": null, "parent_ChoiceGroup": null, "w": 209.17730785702747, "h": 28.76533460021915, "y": 923.8135138821966, "x": 109.33333502875433, "structure_id": "Tr_17"}, {"parent_TextBlock": "Tb_14", "text": "You can use this form to:", "parent_Field": null, "parent_Choice_Field": null, "parent_ChoiceGroup": null, "w": 335.5474623437896, "h": 28.765334600219603, "y": 537.3968879056339, "x": 109.33333502875433, "structure_id": "Tr_18"}, {"parent_TextBlock": "Tb_15", "text": "This advance directive form is an official document where you can write down your preferences for your", "parent_Field": null, "parent_Choice_Field": null, "parent_ChoiceGroup": null, "w": 1384.828453832462, "h": 28.765334600219546, "y": 396.73018054886313, "x": 109.33333502875433, "structure_id": "Tr_19"}, {"parent_TextBlock": "Tb_15", "text": "health care. If someday you can\u00ef\u00bf\u00bdt make health care decisions for yourself anymore, this advance directive", "parent_Field": null, "parent_Choice_Field": null, "parent_ChoiceGroup": null, "w": 1412.9468584847798, "h": 28.76533460021949, "y": 432.06360204408884, "x": 109.33333502875433, "structure_id": "Tr_20"}, {"parent_TextBlock": "Tb_15", "text": "can help guide the people who will make decisions for you.", "parent_Field": null, "parent_Choice_Field": null, "parent_ChoiceGroup": null, "w": 788.9988732731515, "h": 28.765334600219546, "y": 467.0635342272485, "x": 109.33333502875433, "structure_id": "Tr_21"}, {"parent_TextBlock": "Tb_16", "text": "When you complete this form, it\u00ef\u00bf\u00bds important that you also talk to your doctor, family, and other loved ones", "parent_Field": null, "parent_Choice_Field": null, "parent_ChoiceGroup": null, "w": 1417.9057539169573, "h": 28.765334600219603, "y": 748.1468743422658, "x": 109.33333502875433, "structure_id": "Tr_22"}, {"parent_TextBlock": "Tb_16", "text": "who may help to decide about your care. You should explain what you meant when you filled out the form.", "parent_Field": null, "parent_Choice_Field": null, "parent_ChoiceGroup": null, "w": 1420.7643660303129, "h": 28.765334600219262, "y": 783.4802110664414, "x": 109.33333502875433, "structure_id": "Tr_23"}, {"parent_TextBlock": "Tb_17", "text": "OMB Approval Number 2900-0556", "parent_Field": null, "parent_Choice_Field": null, "parent_ChoiceGroup": null, "w": 315.82203891599147, "h": 20.323334202212905, "y": 87.5007134758148, "x": 1262.9444546169705, "structure_id": "Tr_24"}, {"parent_TextBlock": "Tb_18", "text": "Estimated Burden Avg: 30 minutes", "parent_Field": null, "parent_Choice_Field": null, "parent_ChoiceGroup": null, "w": 315.54742520323634, "h": 20.323334202212905, "y": 112.83403324578008, "x": 1262.9444546169705, "structure_id": "Tr_25"}, {"parent_TextBlock": "Tb_19", "text": "PART I: PERSONAL INFORMATION", "parent_Field": null, "parent_Choice_Field": null, "parent_ChoiceGroup": null, "w": 512.5322390529504, "h": 28.76533460021915, "y": 991.8135443997747, "x": 589.4722408718533, "structure_id": "Tr_26"}, {"parent_TextBlock": "Tb_20", "text": "CITY, STATE, ZIP:", "parent_Field": "Fi_1", "parent_Choice_Field": null, "parent_ChoiceGroup": null, "w": 234.30886073616662, "h": 25.951334665349805, "y": 1325.3864841007448, "x": 105.99999957614475, "structure_id": "Tr_27"}, {"parent_TextBlock": "Tb_21", "text": "WORK PHONE WITH AREA CODE:", "parent_Field": "Fi_2", "parent_Choice_Field": null, "parent_ChoiceGroup": null, "w": 450.2755198582098, "h": 25.951334665349577, "y": 1462.3864196747465, "x": 581.4722273084852, "structure_id": "Tr_28"}, {"parent_TextBlock": "Tb_22", "text": "STREET ADDRESS:", "parent_Field": "Fi_3", "parent_Choice_Field": null, "parent_ChoiceGroup": null, "w": 259.0152985888142, "h": 25.951334665349577, "y": 1186.7197801348161, "x": 105.99999957614475, "structure_id": "Tr_29"}, {"parent_TextBlock": "Tb_23", "text": "MOBILE PHONE WITH AREA CODE:", "parent_Field": "Fi_4", "parent_Choice_Field": null, "parent_ChoiceGroup": null, "w": 468.5075263550632, "h": 25.951334665349577, "y": 1462.3864196747465, "x": 1094.1944546169705, "structure_id": "Tr_30"}, {"parent_TextBlock": "Tb_24", "text": "NAME", "parent_Field": "Fi_5", "parent_Choice_Field": null, "parent_ChoiceGroup": null, "w": 80.09510641592999, "h": 25.951334665349577, "y": 1048.3308709008752, "x": 105.99999957614475, "structure_id": "Tr_31"}, {"parent_TextBlock": "Tb_24", "text": "(Last, First, Middle):", "parent_Field": "Fi_5", "parent_Choice_Field": null, "parent_ChoiceGroup": null, "w": 245.01615435256747, "h": 25.896001329175988, "y": 1048.3308709008752, "x": 193.73334248860675, "structure_id": "Tr_32"}, {"parent_TextBlock": "Tb_25", "text": "LAST FOUR DIGITS OF SSN:", "parent_Field": "Fi_6", "parent_Choice_Field": null, "parent_ChoiceGroup": null, "w": 374.5237277982055, "h": 25.951334665349805, "y": 1048.6641906708403, "x": 1156.5277947319878, "structure_id": "Tr_33"}, {"parent_TextBlock": "Tb_26", "text": "HOME PHONE WITH AREA CODE:", "parent_Field": "Fi_7", "parent_Choice_Field": null, "parent_ChoiceGroup": null, "w": 447.2041057584105, "h": 25.951334665349577, "y": 1462.3864196747465, "x": 105.99999957614475, "structure_id": "Tr_34"}, {"parent_TextBlock": "Tb_27", "text": "Privacy Act Information and Paperwork Reduction Act Notice", "parent_Field": null, "parent_Choice_Field": null, "parent_ChoiceGroup": null, "w": 888.076812504962, "h": 28.765334600219376, "y": 1606.535775099102, "x": 402.0555708143446, "structure_id": "Tr_35"}, {"parent_TextBlock": "Tb_28", "text": "The information requested on this form is solicited under the authority of 38 C.F.R. \u00c2\u00a717.32. It is being collected to document", "parent_Field": null, "parent_Choice_Field": null, "parent_ChoiceGroup": null, "w": 1439.1873442630165, "h": 24.700666647156368, "y": 1674.1071162125163, "x": 115.33333460489908, "structure_id": "Tr_36"}, {"parent_TextBlock": "Tb_28", "text": "your preferences for your health care in the event that you can\u00ef\u00bf\u00bdt speak for yourself anymore. The information you provide", "parent_Field": null, "parent_Choice_Field": null, "parent_ChoiceGroup": null, "w": 1407.8991526034524, "h": 24.700666647156368, "y": 1704.4682493641005, "x": 115.33338758680556, "structure_id": "Tr_37"}, {"parent_TextBlock": "Tb_28", "text": "may be disclosed outside the VA as permitted by law. Possible disclosures include those that are described in the \u00ef\u00bf\u00bdroutine", "parent_Field": null, "parent_Choice_Field": null, "parent_ChoiceGroup": null, "w": 1418.41127147281, "h": 24.700666647156368, "y": 1734.8293401301596, "x": 115.33338758680556, "structure_id": "Tr_38"}, {"parent_TextBlock": "Tb_28", "text": "0P2  s", "parent_Field": null, "parent_Choice_Field": null, "parent_ChoiceGroup": null, "w": 347.1139967072652, "h": 35.049666638982444, "y": 1757.869764235334, "x": 708.0971611870659, "structure_id": "Tr_39"}, {"parent_TextBlock": "Tb_28", "text": "uses\u00ef\u00bf\u00bd identified in the VA system of records 24VA1  , Patient Medical Record  -VA, published in the Federal Register in", "parent_Field": null, "parent_Choice_Field": null, "parent_ChoiceGroup": null, "w": 1412.613609797463, "h": 24.700666647156595, "y": 1765.1904308962185, "x": 115.33338758680556, "structure_id": "Tr_40"}, {"parent_TextBlock": "Tb_28", "text": "accordance with the Privacy Act of 1974. This is also available in the Compilation of Privacy Act Issuances. You may", "parent_Field": null, "parent_Choice_Field": null, "parent_ChoiceGroup": null, "w": 1357.478020551666, "h": 24.700666647156368, "y": 1795.5515216622775, "x": 115.33338758680556, "structure_id": "Tr_41"}, {"parent_TextBlock": "Tb_28", "text": "choose to fill out this form or not.  But without this information, VA health care providers may not understand your", "parent_Field": null, "parent_Choice_Field": null, "parent_ChoiceGroup": null, "w": 1305.9069597912508, "h": 24.700666647156595, "y": 1825.912633621099, "x": 115.33338758680556, "structure_id": "Tr_42"}, {"parent_TextBlock": "Tb_28", "text": "preferences as well. If you don\u00ef\u00bf\u00bdt fill out this form, there won\u00ef\u00bf\u00bdt be any effect on the benefits you are entitled to receive. The", "parent_Field": null, "parent_Choice_Field": null, "parent_ChoiceGroup": null, "w": 1407.6548424363518, "h": 24.700666647156368, "y": 1856.2737455799208, "x": 115.33338758680556, "structure_id": "Tr_43"}, {"parent_TextBlock": "Tb_28", "text": "Paperwork Reduction Act of 1995 requires us to let you know that this information collection follows the clearance", "parent_Field": null, "parent_Choice_Field": null, "parent_ChoiceGroup": null, "w": 1322.446119156187, "h": 24.700687839919055, "y": 1886.6348575387424, "x": 115.3334723578559, "structure_id": "Tr_44"}, {"parent_TextBlock": "Tb_28", "text": "requirements of section 3507 of this Act. We estimate that it will take you about 30 minutes to fill out this form, including the", "parent_Field": null, "parent_Choice_Field": null, "parent_ChoiceGroup": null, "w": 1432.0177879929927, "h": 24.700666647156368, "y": 1916.9959906903266, "x": 115.3333028157552, "structure_id": "Tr_45"}, {"parent_TextBlock": "Tb_28", "text": "time for reviewing instructions, searching existing data sources, gathering and maintaining the data needed, and completing", "parent_Field": null, "parent_Choice_Field": null, "parent_ChoiceGroup": null, "w": 1439.6743092603535, "h": 24.700666647156595, "y": 1947.3571026491481, "x": 115.33313327365451, "structure_id": "Tr_46"}, {"parent_TextBlock": "Tb_28", "text": "and reviewing the information you write down. A Federal agency may not conduct or sponsor, and a person is not required", "parent_Field": null, "parent_Choice_Field": null, "parent_ChoiceGroup": null, "w": 1423.703443374937, "h": 24.700666647156368, "y": 1977.71821460797, "x": 115.33313327365451, "structure_id": "Tr_47"}, {"parent_TextBlock": "Tb_28", "text": "to respond to a collection of information, unless it displays a current valid OMB control number. The OMB Control No. for", "parent_Field": null, "parent_Choice_Field": null, "parent_ChoiceGroup": null, "w": 1403.4914087116065, "h": 24.700666647156368, "y": 2008.0793265667915, "x": 115.33313327365451, "structure_id": "Tr_48"}, {"parent_TextBlock": "Tb_28", "text": "this information collection is 2900-0556.", "parent_Field": null, "parent_Choice_Field": null, "parent_ChoiceGroup": null, "w": 462.59240873987744, "h": 24.700666647156595, "y": 2038.440438525613, "x": 115.33304850260416, "structure_id": "Tr_49"}], "ChoiceGroup": []}