{"Widget": [{"parent_Field": "Fi_1", "parent_Choice_Field": null, "parent_ChoiceGroup": null, "w": 140.50236220472442, "h": 46.83307086614173, "y": 68.40787401574804, "x": 511.85039370078744, "structure_id": "Wi_1"}, {"parent_Field": "Fi_1", "parent_Choice_Field": null, "parent_ChoiceGroup": null, "w": 88.94488188976378, "h": 46.83307086614173, "y": 68.40787401574804, "x": 705.8669291338583, "structure_id": "Wi_2"}, {"parent_Field": "Fi_1", "parent_Choice_Field": null, "parent_ChoiceGroup": null, "w": 188.88031496062993, "h": 46.83307086614173, "y": 68.40787401574804, "x": 848.1251968503938, "structure_id": "Wi_3"}, {"parent_Field": "Fi_2", "parent_Choice_Field": null, "parent_ChoiceGroup": null, "w": 134.48897637795278, "h": 35.37795275590552, "y": 477.6858267716535, "x": 289.02519685039374, "structure_id": "Wi_4"}, {"parent_Field": "Fi_2", "parent_Choice_Field": null, "parent_ChoiceGroup": null, "w": 134.4251968503937, "h": 35.37795275590552, "y": 477.6858267716535, "x": 527.8976377952756, "structure_id": "Wi_5"}, {"parent_Field": "Fi_3", "parent_Choice_Field": null, "parent_ChoiceGroup": null, "w": 235.11968503937007, "h": 35.37795275590552, "y": 427.53622047244096, "x": 180.6220472440945, "structure_id": "Wi_6"}, {"parent_Field": null, "parent_Choice_Field": "Chf_1", "parent_ChoiceGroup": "Chgp_1", "w": 25, "h": 25, "y": 306.4858267716536, "x": 108.32755905511812, "structure_id": "Wi_7"}, {"parent_Field": null, "parent_Choice_Field": "Chf_2", "parent_ChoiceGroup": "Chgp_1", "w": 25, "h": 25, "y": 306.4858267716536, "x": 224.99685039370078, "structure_id": "Wi_8"}, {"parent_Field": null, "parent_Choice_Field": "Chf_3", "parent_ChoiceGroup": "Chgp_2", "w": 25, "h": 25, "y": 219.39212598425198, "x": 108.32755905511812, "structure_id": "Wi_9"}, {"parent_Field": null, "parent_Choice_Field": "Chf_4", "parent_ChoiceGroup": "Chgp_2", "w": 25, "h": 25, "y": 218.05275590551182, "x": 224.99685039370078, "structure_id": "Wi_10"}, {"parent_Field": "Fi_4", "parent_Choice_Field": null, "parent_ChoiceGroup": null, "w": 483.33070866141736, "h": 33.33070866141732, "y": 1240.1110236220472, "x": 717.6141732283465, "structure_id": "Wi_11"}, {"parent_Field": "Fi_5", "parent_Choice_Field": null, "parent_ChoiceGroup": null, "w": 200, "h": 33.33070866141732, "y": 823.4330708661417, "x": 817.6307086614173, "structure_id": "Wi_12"}, {"parent_Field": "Fi_6", "parent_Choice_Field": null, "parent_ChoiceGroup": null, "w": 200, "h": 33.33070866141732, "y": 990.1023622047244, "x": 817.6307086614173, "structure_id": "Wi_13"}, {"parent_Field": "Fi_7", "parent_Choice_Field": null, "parent_ChoiceGroup": null, "w": 483.33070866141736, "h": 33.33070866141732, "y": 1306.7858267716535, "x": 1117.6141732283463, "structure_id": "Wi_14"}, {"parent_Field": "Fi_8", "parent_Choice_Field": null, "parent_ChoiceGroup": null, "w": 483.33070866141736, "h": 33.33070866141732, "y": 856.7724409448819, "x": 1117.6141732283463, "structure_id": "Wi_15"}, {"parent_Field": "Fi_9", "parent_Choice_Field": null, "parent_ChoiceGroup": null, "w": 200, "h": 33.33070866141732, "y": 923.4330708661417, "x": 817.6307086614173, "structure_id": "Wi_16"}, {"parent_Field": "Fi_10", "parent_Choice_Field": null, "parent_ChoiceGroup": null, "w": 483.33070866141736, "h": 33.33070866141732, "y": 823.4330708661417, "x": 1117.6141732283463, "structure_id": "Wi_17"}, {"parent_Field": "Fi_11", "parent_Choice_Field": null, "parent_ChoiceGroup": null, "w": 200, "h": 33.33070866141732, "y": 790.1023622047244, "x": 817.6307086614173, "structure_id": "Wi_18"}, {"parent_Field": "Fi_12", "parent_Choice_Field": null, "parent_ChoiceGroup": null, "w": 200, "h": 33.33070866141732, "y": 890.1023622047244, "x": 817.6307086614173, "structure_id": "Wi_19"}, {"parent_Field": "Fi_13", "parent_Choice_Field": null, "parent_ChoiceGroup": null, "w": 200, "h": 33.33070866141732, "y": 856.7724409448819, "x": 817.6307086614173, "structure_id": "Wi_20"}, {"parent_Field": "Fi_14", "parent_Choice_Field": null, "parent_ChoiceGroup": null, "w": 483.33070866141736, "h": 33.33070866141732, "y": 1140.1023622047246, "x": 717.6141732283465, "structure_id": "Wi_21"}, {"parent_Field": "Fi_15", "parent_Choice_Field": null, "parent_ChoiceGroup": null, "w": 200, "h": 33.33070866141732, "y": 956.7637795275591, "x": 817.6307086614173, "structure_id": "Wi_22"}, {"parent_Field": "Fi_16", "parent_Choice_Field": null, "parent_ChoiceGroup": null, "w": 483.33070866141736, "h": 33.33070866141732, "y": 1173.4330708661416, "x": 717.6141732283465, "structure_id": "Wi_23"}, {"parent_Field": "Fi_17", "parent_Choice_Field": null, "parent_ChoiceGroup": null, "w": 483.33070866141736, "h": 33.33070866141732, "y": 923.4330708661417, "x": 1117.6141732283463, "structure_id": "Wi_24"}, {"parent_Field": "Fi_18", "parent_Choice_Field": null, "parent_ChoiceGroup": null, "w": 200, "h": 33.33070866141732, "y": 1273.4503937007873, "x": 417.6307086614174, "structure_id": "Wi_25"}, {"parent_Field": "Fi_19", "parent_Choice_Field": null, "parent_ChoiceGroup": null, "w": 483.33070866141736, "h": 33.33070866141732, "y": 890.1023622047244, "x": 1117.6141732283463, "structure_id": "Wi_26"}, {"parent_Field": "Fi_20", "parent_Choice_Field": null, "parent_ChoiceGroup": null, "w": 483.33070866141736, "h": 33.33070866141732, "y": 790.1023622047244, "x": 1117.6141732283463, "structure_id": "Wi_27"}, {"parent_Field": "Fi_21", "parent_Choice_Field": null, "parent_ChoiceGroup": null, "w": 200, "h": 33.33070866141732, "y": 1173.4330708661416, "x": 417.6307086614174, "structure_id": "Wi_28"}, {"parent_Field": "Fi_22", "parent_Choice_Field": null, "parent_ChoiceGroup": null, "w": 483.33070866141736, "h": 33.33070866141732, "y": 956.7637795275591, "x": 1117.6141732283463, "structure_id": "Wi_29"}, {"parent_Field": "Fi_23", "parent_Choice_Field": null, "parent_ChoiceGroup": null, "w": 483.33070866141736, "h": 33.33070866141732, "y": 990.1023622047244, "x": 1117.6141732283463, "structure_id": "Wi_30"}, {"parent_Field": "Fi_24", "parent_Choice_Field": null, "parent_ChoiceGroup": null, "w": 200, "h": 33.33070866141732, "y": 1140.1023622047246, "x": 417.6307086614174, "structure_id": "Wi_31"}, {"parent_Field": "Fi_25", "parent_Choice_Field": null, "parent_ChoiceGroup": null, "w": 200, "h": 33.33070866141732, "y": 1306.763779527559, "x": 817.6307086614173, "structure_id": "Wi_32"}, {"parent_Field": "Fi_26", "parent_Choice_Field": null, "parent_ChoiceGroup": null, "w": 483.33070866141736, "h": 33.33070866141732, "y": 1273.4503937007873, "x": 717.6141732283465, "structure_id": "Wi_33"}, {"parent_Field": "Fi_27", "parent_Choice_Field": null, "parent_ChoiceGroup": null, "w": 200, "h": 33.33070866141732, "y": 1240.1110236220472, "x": 417.6307086614174, "structure_id": "Wi_34"}, {"parent_Field": "Fi_28", "parent_Choice_Field": null, "parent_ChoiceGroup": null, "w": 200, "h": 33.33070866141732, "y": 1206.772440944882, "x": 417.6307086614174, "structure_id": "Wi_35"}, {"parent_Field": "Fi_29", "parent_Choice_Field": null, "parent_ChoiceGroup": null, "w": 483.33070866141736, "h": 33.33070866141732, "y": 1206.772440944882, "x": 717.6141732283465, "structure_id": "Wi_36"}, {"parent_Field": "Fi_30", "parent_Choice_Field": null, "parent_ChoiceGroup": null, "w": 1505.5582677165355, "h": 633.355905511811, "y": 1461.1803149606299, "x": 99.41102362204725, "structure_id": "Wi_37"}, {"parent_Field": null, "parent_Choice_Field": "Chf_5", "parent_ChoiceGroup": "Chgp_3", "w": 25, "h": 25, "y": 797.0417322834646, "x": 109.27244094488188, "structure_id": "Wi_38"}, {"parent_Field": null, "parent_Choice_Field": "Chf_6", "parent_ChoiceGroup": "Chgp_3", "w": 25, "h": 25, "y": 830.3724409448819, "x": 109.27244094488188, "structure_id": "Wi_39"}, {"parent_Field": null, "parent_Choice_Field": "Chf_7", "parent_ChoiceGroup": "Chgp_3", "w": 25, "h": 25, "y": 863.7110236220473, "x": 109.27244094488188, "structure_id": "Wi_40"}, {"parent_Field": null, "parent_Choice_Field": "Chf_8", "parent_ChoiceGroup": "Chgp_3", "w": 25, "h": 25, "y": 897.0417322834645, "x": 109.27244094488188, "structure_id": "Wi_41"}, {"parent_Field": null, "parent_Choice_Field": "Chf_9", "parent_ChoiceGroup": "Chgp_3", "w": 25, "h": 25, "y": 930.3724409448819, "x": 109.27244094488188, "structure_id": "Wi_42"}, {"parent_Field": null, "parent_Choice_Field": "Chf_10", "parent_ChoiceGroup": "Chgp_3", "w": 25, "h": 25, "y": 963.7110236220474, "x": 109.27244094488188, "structure_id": "Wi_43"}, {"parent_Field": null, "parent_Choice_Field": "Chf_11", "parent_ChoiceGroup": "Chgp_3", "w": 25, "h": 25, "y": 997.0417322834645, "x": 109.27244094488188, "structure_id": "Wi_44"}, {"parent_Field": null, "parent_Choice_Field": "Chf_11", "parent_ChoiceGroup": "Chgp_3", "w": 466.6692913385827, "h": 33.33070866141732, "y": 990.1023622047244, "x": 284.2748031496063, "structure_id": "Wi_45"}, {"parent_Field": null, "parent_Choice_Field": "Chf_12", "parent_ChoiceGroup": "Chgp_4", "w": 25, "h": 25, "y": 726.1637795275591, "x": 109.27244094488188, "structure_id": "Wi_46"}, {"parent_Field": null, "parent_Choice_Field": "Chf_13", "parent_ChoiceGroup": "Chgp_4", "w": 25, "h": 25, "y": 724.8251968503937, "x": 225.94173228346457, "structure_id": "Wi_47"}, {"parent_Field": null, "parent_Choice_Field": "Chf_14", "parent_ChoiceGroup": "Chgp_5", "w": 25, "h": 25, "y": 1147.0417322834646, "x": 109.27244094488188, "structure_id": "Wi_48"}, {"parent_Field": null, "parent_Choice_Field": "Chf_15", "parent_ChoiceGroup": "Chgp_5", "w": 25, "h": 25, "y": 1180.3724409448819, "x": 109.27244094488188, "structure_id": "Wi_49"}, {"parent_Field": null, "parent_Choice_Field": "Chf_16", "parent_ChoiceGroup": "Chgp_5", "w": 25, "h": 25, "y": 1213.7110236220474, "x": 109.27244094488188, "structure_id": "Wi_50"}, {"parent_Field": null, "parent_Choice_Field": "Chf_17", "parent_ChoiceGroup": "Chgp_5", "w": 25, "h": 25, "y": 1247.0503937007873, "x": 109.27244094488188, "structure_id": "Wi_51"}, {"parent_Field": null, "parent_Choice_Field": "Chf_18", "parent_ChoiceGroup": "Chgp_5", "w": 25, "h": 25, "y": 1280.3889763779528, "x": 109.27244094488188, "structure_id": "Wi_52"}, {"parent_Field": null, "parent_Choice_Field": "Chf_19", "parent_ChoiceGroup": "Chgp_5", "w": 25, "h": 25, "y": 1313.7275590551183, "x": 109.27244094488188, "structure_id": "Wi_53"}, {"parent_Field": null, "parent_Choice_Field": "Chf_19", "parent_ChoiceGroup": "Chgp_5", "w": 466.6692913385827, "h": 33.33070866141732, "y": 1306.763779527559, "x": 284.2748031496063, "structure_id": "Wi_54"}, {"parent_Field": null, "parent_Choice_Field": "Chf_20", "parent_ChoiceGroup": "Chgp_6", "w": 25, "h": 25, "y": 1076.155905511811, "x": 109.27244094488188, "structure_id": "Wi_55"}, {"parent_Field": null, "parent_Choice_Field": "Chf_21", "parent_ChoiceGroup": "Chgp_6", "w": 25, "h": 25, "y": 1074.825196850394, "x": 225.94173228346457, "structure_id": "Wi_56"}, {"parent_Field": null, "parent_Choice_Field": "Chf_22", "parent_ChoiceGroup": "Chgp_7", "w": 25, "h": 25, "y": 1392.8165354330708, "x": 109.27244094488188, "structure_id": "Wi_57"}, {"parent_Field": null, "parent_Choice_Field": "Chf_23", "parent_ChoiceGroup": "Chgp_7", "w": 25, "h": 25, "y": 1391.4858267716536, "x": 225.94173228346457, "structure_id": "Wi_58"}], "TextBlock": [{"parent_Field": "Fi_1", "parent_Choice_Field": null, "parent_ChoiceGroup": null, "w": 416, "h": 20, "y": 95, "x": 85, "structure_id": "Tb_1"}, {"parent_Field": null, "parent_Choice_Field": null, "parent_ChoiceGroup": null, "w": 296, "h": 19, "y": 2124, "x": 83, "structure_id": "Tb_2"}, {"parent_Field": null, "parent_Choice_Field": null, "parent_ChoiceGroup": null, "w": 71, "h": 22, "y": 2122, "x": 1546, "structure_id": "Tb_3"}, {"parent_Field": null, "parent_Choice_Field": null, "parent_ChoiceGroup": null, "w": 1370, "h": 25, "y": 122, "x": 165, "structure_id": "Tb_4"}, {"parent_Field": "Fi_2", "parent_Choice_Field": null, "parent_ChoiceGroup": null, "w": 592.0, "h": 19, "y": 498, "x": 102, "structure_id": "Tb_5"}, {"parent_Field": null, "parent_Choice_Field": null, "parent_ChoiceGroup": null, "w": 1470, "h": 45, "y": 533, "x": 94, "structure_id": "Tb_6"}, {"parent_Field": "Fi_3", "parent_Choice_Field": null, "parent_ChoiceGroup": null, "w": 69, "h": 20, "y": 440, "x": 102, "structure_id": "Tb_7"}, {"parent_Field": null, "parent_Choice_Field": null, "parent_ChoiceGroup": null, "w": 931, "h": 22, "y": 353, "x": 102, "structure_id": "Tb_8"}, {"parent_Field": null, "parent_Choice_Field": null, "parent_ChoiceGroup": null, "w": 616, "h": 22, "y": 380, "x": 102, "structure_id": "Tb_9"}, {"parent_Field": null, "parent_Choice_Field": null, "parent_ChoiceGroup": "Chgp_1", "w": 1435, "h": 22, "y": 266, "x": 102, "structure_id": "Tb_10"}, {"parent_Field": null, "parent_Choice_Field": "Chf_1", "parent_ChoiceGroup": "Chgp_1", "w": 39, "h": 19, "y": 312, "x": 150, "structure_id": "Tb_11"}, {"parent_Field": null, "parent_Choice_Field": "Chf_2", "parent_ChoiceGroup": "Chgp_1", "w": 29, "h": 19, "y": 312, "x": 267, "structure_id": "Tb_12"}, {"parent_Field": null, "parent_Choice_Field": null, "parent_ChoiceGroup": "Chgp_2", "w": 1468, "h": 46, "y": 160, "x": 94, "structure_id": "Tb_13"}, {"parent_Field": null, "parent_Choice_Field": "Chf_3", "parent_ChoiceGroup": "Chgp_2", "w": 39, "h": 19, "y": 224, "x": 150, "structure_id": "Tb_14"}, {"parent_Field": null, "parent_Choice_Field": "Chf_4", "parent_ChoiceGroup": "Chgp_2", "w": 29, "h": 19, "y": 224, "x": 267, "structure_id": "Tb_15"}, {"parent_Field": null, "parent_Choice_Field": null, "parent_ChoiceGroup": null, "w": 387, "h": 22, "y": 597, "x": 654, "structure_id": "Tb_16"}, {"parent_Field": null, "parent_Choice_Field": null, "parent_ChoiceGroup": null, "w": 1506, "h": 49, "y": 632, "x": 95, "structure_id": "Tb_17"}, {"parent_Field": "Fi_4", "parent_Choice_Field": null, "parent_ChoiceGroup": null, "w": 71, "h": 19, "y": 1254, "x": 634, "structure_id": "Tb_18"}, {"parent_Field": "Fi_5", "parent_Choice_Field": null, "parent_ChoiceGroup": null, "w": 46, "h": 20, "y": 837, "x": 768, "structure_id": "Tb_19"}, {"parent_Field": "Fi_6", "parent_Choice_Field": null, "parent_ChoiceGroup": null, "w": 46, "h": 19, "y": 1004, "x": 768, "structure_id": "Tb_20"}, {"parent_Field": "Fi_7", "parent_Choice_Field": null, "parent_ChoiceGroup": null, "w": 71, "h": 19, "y": 1321, "x": 1034, "structure_id": "Tb_21"}, {"parent_Field": "Fi_8", "parent_Choice_Field": null, "parent_ChoiceGroup": null, "w": 71, "h": 19, "y": 871, "x": 1034, "structure_id": "Tb_22"}, {"parent_Field": "Fi_9", "parent_Choice_Field": null, "parent_ChoiceGroup": null, "w": 46, "h": 20, "y": 937, "x": 768, "structure_id": "Tb_23"}, {"parent_Field": "Fi_10", "parent_Choice_Field": null, "parent_ChoiceGroup": null, "w": 71, "h": 20, "y": 837, "x": 1034, "structure_id": "Tb_24"}, {"parent_Field": "Fi_11", "parent_Choice_Field": null, "parent_ChoiceGroup": null, "w": 46, "h": 19, "y": 804, "x": 768, "structure_id": "Tb_25"}, {"parent_Field": "Fi_12", "parent_Choice_Field": null, "parent_ChoiceGroup": null, "w": 46, "h": 19, "y": 904, "x": 768, "structure_id": "Tb_26"}, {"parent_Field": "Fi_13", "parent_Choice_Field": null, "parent_ChoiceGroup": null, "w": 46, "h": 19, "y": 871, "x": 768, "structure_id": "Tb_27"}, {"parent_Field": "Fi_14", "parent_Choice_Field": null, "parent_ChoiceGroup": null, "w": 71, "h": 19, "y": 1154, "x": 634, "structure_id": "Tb_28"}, {"parent_Field": "Fi_15", "parent_Choice_Field": null, "parent_ChoiceGroup": null, "w": 46, "h": 19, "y": 971, "x": 768, "structure_id": "Tb_29"}, {"parent_Field": "Fi_16", "parent_Choice_Field": null, "parent_ChoiceGroup": null, "w": 71, "h": 20, "y": 1187, "x": 634, "structure_id": "Tb_30"}, {"parent_Field": "Fi_17", "parent_Choice_Field": null, "parent_ChoiceGroup": null, "w": 71, "h": 20, "y": 937, "x": 1034, "structure_id": "Tb_31"}, {"parent_Field": "Fi_18", "parent_Choice_Field": null, "parent_ChoiceGroup": null, "w": 46, "h": 20, "y": 1287, "x": 368, "structure_id": "Tb_32"}, {"parent_Field": "Fi_19", "parent_Choice_Field": null, "parent_ChoiceGroup": null, "w": 71, "h": 19, "y": 904, "x": 1034, "structure_id": "Tb_33"}, {"parent_Field": "Fi_20", "parent_Choice_Field": null, "parent_ChoiceGroup": null, "w": 71, "h": 19, "y": 804, "x": 1034, "structure_id": "Tb_34"}, {"parent_Field": "Fi_21", "parent_Choice_Field": null, "parent_ChoiceGroup": null, "w": 46, "h": 20, "y": 1187, "x": 368, "structure_id": "Tb_35"}, {"parent_Field": "Fi_22", "parent_Choice_Field": null, "parent_ChoiceGroup": null, "w": 71, "h": 19, "y": 971, "x": 1034, "structure_id": "Tb_36"}, {"parent_Field": "Fi_23", "parent_Choice_Field": null, "parent_ChoiceGroup": null, "w": 71, "h": 19, "y": 1004, "x": 1034, "structure_id": "Tb_37"}, {"parent_Field": "Fi_24", "parent_Choice_Field": null, "parent_ChoiceGroup": null, "w": 46, "h": 19, "y": 1154, "x": 368, "structure_id": "Tb_38"}, {"parent_Field": "Fi_25", "parent_Choice_Field": null, "parent_ChoiceGroup": null, "w": 46, "h": 19, "y": 1321, "x": 768, "structure_id": "Tb_39"}, {"parent_Field": "Fi_26", "parent_Choice_Field": null, "parent_ChoiceGroup": null, "w": 71, "h": 20, "y": 1287, "x": 634, "structure_id": "Tb_40"}, {"parent_Field": "Fi_27", "parent_Choice_Field": null, "parent_ChoiceGroup": null, "w": 46, "h": 19, "y": 1254, "x": 368, "structure_id": "Tb_41"}, {"parent_Field": "Fi_28", "parent_Choice_Field": null, "parent_ChoiceGroup": null, "w": 46, "h": 19, "y": 1221, "x": 368, "structure_id": "Tb_42"}, {"parent_Field": "Fi_29", "parent_Choice_Field": null, "parent_ChoiceGroup": null, "w": 71, "h": 19, "y": 1221, "x": 634, "structure_id": "Tb_43"}, {"parent_Field": "Fi_30", "parent_Choice_Field": null, "parent_ChoiceGroup": null, "w": 721, "h": 22, "y": 1429, "x": 95, "structure_id": "Tb_44"}, {"parent_Field": null, "parent_Choice_Field": null, "parent_ChoiceGroup": "Chgp_3", "w": 277, "h": 23, "y": 762, "x": 95, "structure_id": "Tb_45"}, {"parent_Field": null, "parent_Choice_Field": "Chf_5", "parent_ChoiceGroup": "Chgp_3", "w": 266, "h": 22, "y": 801, "x": 151, "structure_id": "Tb_46"}, {"parent_Field": null, "parent_Choice_Field": "Chf_6", "parent_ChoiceGroup": "Chgp_3", "w": 527, "h": 22, "y": 835, "x": 151, "structure_id": "Tb_47"}, {"parent_Field": null, "parent_Choice_Field": "Chf_7", "parent_ChoiceGroup": "Chgp_3", "w": 245, "h": 19, "y": 871, "x": 151, "structure_id": "Tb_48"}, {"parent_Field": null, "parent_Choice_Field": "Chf_8", "parent_ChoiceGroup": "Chgp_3", "w": 567, "h": 22, "y": 901, "x": 151, "structure_id": "Tb_49"}, {"parent_Field": null, "parent_Choice_Field": "Chf_9", "parent_ChoiceGroup": "Chgp_3", "w": 456, "h": 22, "y": 935, "x": 151, "structure_id": "Tb_50"}, {"parent_Field": null, "parent_Choice_Field": "Chf_10", "parent_ChoiceGroup": "Chgp_3", "w": 26, "h": 19, "y": 971, "x": 151, "structure_id": "Tb_51"}, {"parent_Field": null, "parent_Choice_Field": "Chf_11", "parent_ChoiceGroup": "Chgp_3", "w": 125, "h": 19, "y": 1004, "x": 151, "structure_id": "Tb_52"}, {"parent_Field": null, "parent_Choice_Field": null, "parent_ChoiceGroup": "Chgp_4", "w": 808, "h": 19, "y": 697, "x": 95, "structure_id": "Tb_53"}, {"parent_Field": null, "parent_Choice_Field": "Chf_12", "parent_ChoiceGroup": "Chgp_4", "w": 39, "h": 20, "y": 730, "x": 151, "structure_id": "Tb_54"}, {"parent_Field": null, "parent_Choice_Field": "Chf_13", "parent_ChoiceGroup": "Chgp_4", "w": 29, "h": 20, "y": 730, "x": 268, "structure_id": "Tb_55"}, {"parent_Field": null, "parent_Choice_Field": null, "parent_ChoiceGroup": "Chgp_5", "w": 277, "h": 23, "y": 1112, "x": 95, "structure_id": "Tb_56"}, {"parent_Field": null, "parent_Choice_Field": "Chf_14", "parent_ChoiceGroup": "Chgp_5", "w": 185, "h": 19, "y": 1154, "x": 151, "structure_id": "Tb_57"}, {"parent_Field": null, "parent_Choice_Field": "Chf_15", "parent_ChoiceGroup": "Chgp_5", "w": 69, "h": 20, "y": 1187, "x": 151, "structure_id": "Tb_58"}, {"parent_Field": null, "parent_Choice_Field": "Chf_16", "parent_ChoiceGroup": "Chgp_5", "w": 45, "h": 19, "y": 1221, "x": 151, "structure_id": "Tb_59"}, {"parent_Field": null, "parent_Choice_Field": "Chf_17", "parent_ChoiceGroup": "Chgp_5", "w": 75, "h": 19, "y": 1254, "x": 151, "structure_id": "Tb_60"}, {"parent_Field": null, "parent_Choice_Field": "Chf_18", "parent_ChoiceGroup": "Chgp_5", "w": 57, "h": 20, "y": 1287, "x": 151, "structure_id": "Tb_61"}, {"parent_Field": null, "parent_Choice_Field": "Chf_19", "parent_ChoiceGroup": "Chgp_5", "w": 125, "h": 19, "y": 1321, "x": 151, "structure_id": "Tb_62"}, {"parent_Field": null, "parent_Choice_Field": null, "parent_ChoiceGroup": "Chgp_6", "w": 502, "h": 19, "y": 1047, "x": 95, "structure_id": "Tb_63"}, {"parent_Field": null, "parent_Choice_Field": "Chf_20", "parent_ChoiceGroup": "Chgp_6", "w": 39, "h": 20, "y": 1080, "x": 151, "structure_id": "Tb_64"}, {"parent_Field": null, "parent_Choice_Field": "Chf_21", "parent_ChoiceGroup": "Chgp_6", "w": 29, "h": 20, "y": 1080, "x": 268, "structure_id": "Tb_65"}, {"parent_Field": null, "parent_Choice_Field": null, "parent_ChoiceGroup": "Chgp_7", "w": 861, "h": 19, "y": 1364, "x": 95, "structure_id": "Tb_66"}, {"parent_Field": null, "parent_Choice_Field": "Chf_22", "parent_ChoiceGroup": "Chgp_7", "w": 39, "h": 19, "y": 1397, "x": 151, "structure_id": "Tb_67"}, {"parent_Field": null, "parent_Choice_Field": "Chf_23", "parent_ChoiceGroup": "Chgp_7", "w": 29, "h": 19, "y": 1397, "x": 268, "structure_id": "Tb_68"}], "Choice_Field": [{"y": 306.4858267716536, "x": 108.32755905511812, "structure_id": "Chf_1", "w": 80.67244094488188, "h": 25}, {"y": 306.4858267716536, "x": 224.99685039370078, "structure_id": "Chf_2", "w": 71.00314960629922, "h": 25}, {"y": 219.39212598425198, "x": 108.32755905511812, "structure_id": "Chf_3", "w": 80.67244094488188, "h": 25}, {"y": 218.05275590551182, "x": 224.99685039370078, "structure_id": "Chf_4", "w": 71.00314960629922, "h": 25}, {"y": 797.0417322834646, "x": 109.27244094488188, "structure_id": "Chf_5", "w": 307.72755905511815, "h": 25.958267716535374}, {"y": 830.3724409448819, "x": 109.27244094488188, "structure_id": "Chf_6", "w": 568.7275590551181, "h": 26.627559055118127}, {"y": 863.7110236220473, "x": 109.27244094488188, "structure_id": "Chf_7", "w": 286.72755905511815, "h": 26.288976377952736}, {"y": 897.0417322834645, "x": 109.27244094488188, "structure_id": "Chf_8", "w": 608.7275590551181, "h": 25.958267716535488}, {"y": 930.3724409448819, "x": 109.27244094488188, "structure_id": "Chf_9", "w": 497.72755905511815, "h": 26.627559055118127}, {"y": 963.7110236220474, "x": 109.27244094488188, "structure_id": "Chf_10", "w": 67.72755905511812, "h": 26.288976377952622}, {"y": 990.1023622047244, "x": 109.27244094488188, "structure_id": "Chf_11", "w": 641.6716535433071, "h": 33.33070866141736}, {"y": 726.1637795275591, "x": 109.27244094488188, "structure_id": "Chf_12", "w": 80.72755905511812, "h": 25}, {"y": 724.8251968503937, "x": 225.94173228346457, "structure_id": "Chf_13", "w": 71.05826771653543, "h": 25.174803149606305}, {"y": 1147.0417322834646, "x": 109.27244094488188, "structure_id": "Chf_14", "w": 226.72755905511812, "h": 25.958267716535374}, {"y": 1180.3724409448819, "x": 109.27244094488188, "structure_id": "Chf_15", "w": 110.72755905511812, "h": 26.627559055118127}, {"y": 1213.7110236220474, "x": 109.27244094488188, "structure_id": "Chf_16", "w": 86.72755905511812, "h": 26.288976377952622}, {"y": 1247.0503937007873, "x": 109.27244094488188, "structure_id": "Chf_17", "w": 116.72755905511812, "h": 25.949606299212746}, {"y": 1280.3889763779528, "x": 109.27244094488188, "structure_id": "Chf_18", "w": 98.72755905511812, "h": 26.61102362204724}, {"y": 1306.763779527559, "x": 109.27244094488188, "structure_id": "Chf_19", "w": 641.6716535433071, "h": 33.33070866141725}, {"y": 1076.155905511811, "x": 109.27244094488188, "structure_id": "Chf_20", "w": 80.72755905511812, "h": 25}, {"y": 1074.825196850394, "x": 225.94173228346457, "structure_id": "Chf_21", "w": 71.05826771653543, "h": 25.174803149606078}, {"y": 1392.8165354330708, "x": 109.27244094488188, "structure_id": "Chf_22", "w": 80.72755905511812, "h": 25}, {"y": 1391.4858267716536, "x": 225.94173228346457, "structure_id": "Chf_23", "w": 71.05826771653543, "h": 25}], "Field": [{"y": 68.40787401574804, "x": 85, "structure_id": "Fi_1", "w": 952.0055118110238, "h": 46.833070866141725}, {"y": 477.6858267716535, "x": 102, "structure_id": "Fi_2", "w": 592, "h": 39.314173228346476}, {"y": 427.53622047244096, "x": 102, "structure_id": "Fi_3", "w": 313.74173228346456, "h": 35.37795275590554}, {"y": 1240.1110236220472, "x": 634, "structure_id": "Fi_4", "w": 566.944881889764, "h": 33.33070866141725}, {"y": 823.4330708661417, "x": 768, "structure_id": "Fi_5", "w": 249.63070866141732, "h": 33.56692913385825}, {"y": 990.1023622047244, "x": 768, "structure_id": "Fi_6", "w": 249.63070866141732, "h": 33.33070866141736}, {"y": 1306.7858267716535, "x": 1034, "structure_id": "Fi_7", "w": 566.9448818897636, "h": 33.33070866141725}, {"y": 856.7724409448819, "x": 1034, "structure_id": "Fi_8", "w": 566.9448818897636, "h": 33.33070866141736}, {"y": 923.4330708661417, "x": 768, "structure_id": "Fi_9", "w": 249.63070866141732, "h": 33.56692913385825}, {"y": 823.4330708661417, "x": 1034, "structure_id": "Fi_10", "w": 566.9448818897636, "h": 33.56692913385825}, {"y": 790.1023622047244, "x": 768, "structure_id": "Fi_11", "w": 249.63070866141732, "h": 33.33070866141736}, {"y": 890.1023622047244, "x": 768, "structure_id": "Fi_12", "w": 249.63070866141732, "h": 33.33070866141736}, {"y": 856.7724409448819, "x": 768, "structure_id": "Fi_13", "w": 249.63070866141732, "h": 33.33070866141736}, {"y": 1140.1023622047246, "x": 634, "structure_id": "Fi_14", "w": 566.944881889764, "h": 33.33070866141725}, {"y": 956.7637795275591, "x": 768, "structure_id": "Fi_15", "w": 249.63070866141732, "h": 33.33070866141736}, {"y": 1173.4330708661416, "x": 634, "structure_id": "Fi_16", "w": 566.944881889764, "h": 33.566929133858366}, {"y": 923.4330708661417, "x": 1034, "structure_id": "Fi_17", "w": 566.9448818897636, "h": 33.56692913385825}, {"y": 1273.4503937007873, "x": 368, "structure_id": "Fi_18", "w": 249.63070866141743, "h": 33.549606299212655}, {"y": 890.1023622047244, "x": 1034, "structure_id": "Fi_19", "w": 566.9448818897636, "h": 33.33070866141736}, {"y": 790.1023622047244, "x": 1034, "structure_id": "Fi_20", "w": 566.9448818897636, "h": 33.33070866141736}, {"y": 1173.4330708661416, "x": 368, "structure_id": "Fi_21", "w": 249.63070866141743, "h": 33.566929133858366}, {"y": 956.7637795275591, "x": 1034, "structure_id": "Fi_22", "w": 566.9448818897636, "h": 33.33070866141736}, {"y": 990.1023622047244, "x": 1034, "structure_id": "Fi_23", "w": 566.9448818897636, "h": 33.33070866141736}, {"y": 1140.1023622047246, "x": 368, "structure_id": "Fi_24", "w": 249.63070866141743, "h": 33.33070866141725}, {"y": 1306.763779527559, "x": 768, "structure_id": "Fi_25", "w": 249.63070866141732, "h": 33.33070866141725}, {"y": 1273.4503937007873, "x": 634, "structure_id": "Fi_26", "w": 566.944881889764, "h": 33.549606299212655}, {"y": 1240.1110236220472, "x": 368, "structure_id": "Fi_27", "w": 249.63070866141743, "h": 33.33070866141725}, {"y": 1206.772440944882, "x": 368, "structure_id": "Fi_28", "w": 249.63070866141743, "h": 33.33070866141725}, {"y": 1206.772440944882, "x": 634, "structure_id": "Fi_29", "w": 566.944881889764, "h": 33.33070866141725}, {"y": 1429, "x": 95, "structure_id": "Fi_30", "w": 1509.9692913385827, "h": 665.5362204724406}], "TextRun": [{"parent_TextBlock": "Tb_1", "text": "PATIENT/VETERAN'S SOCIAL SECURITY NO.", "parent_Field": "Fi_1", "parent_Choice_Field": null, "parent_ChoiceGroup": null, "w": 416, "h": 20, "y": 95, "x": 85, "structure_id": "Tr_1"}, {"parent_TextBlock": "Tb_2", "text": "VA\u00c2\u00a0FORM 21-0960G-2, SEP 2016", "parent_Field": null, "parent_Choice_Field": null, "parent_ChoiceGroup": null, "w": 296, "h": 19, "y": 2124, "x": 83, "structure_id": "Tr_2"}, {"parent_TextBlock": "Tb_3", "text": "Page 3", "parent_Field": null, "parent_Choice_Field": null, "parent_ChoiceGroup": null, "w": 71, "h": 22, "y": 2122, "x": 1546, "structure_id": "Tr_3"}, {"parent_TextBlock": "Tb_4", "text": "SECTION V - OTHER PERTINENT PHYSICAL FINDINGS, COMPLICATIONS, CONDITIONS, SIGNS AND/OR SYMPTOMS", "parent_Field": null, "parent_Choice_Field": null, "parent_ChoiceGroup": null, "w": 1245, "h": 23, "y": 124, "x": 165, "structure_id": "Tr_4"}, {"parent_TextBlock": "Tb_4", "text": "(Continued)", "parent_Field": null, "parent_Choice_Field": null, "parent_ChoiceGroup": null, "w": 125, "h": 25, "y": 122, "x": 1410, "structure_id": "Tr_5"}, {"parent_TextBlock": "Tb_5", "text": "Measurements:", "parent_Field": "Fi_2", "parent_Choice_Field": null, "parent_ChoiceGroup": null, "w": 187.02519685039374, "h": 19, "y": 498, "x": 102, "structure_id": "Tr_6"}, {"parent_TextBlock": "Tb_5", "parent_Field": "Fi_2", "parent_Choice_Field": null, "parent_ChoiceGroup": null, "w": 104.38346456692909, "h": 19, "y": 498, "x": 423.5141732283465, "structure_id": "Tr_7"}, {"parent_TextBlock": "Tb_5", "parent_Field": "Fi_2", "parent_Choice_Field": null, "parent_ChoiceGroup": null, "w": 31.67716535433067, "h": 19, "y": 498, "x": 662.3228346456693, "structure_id": "Tr_8"}, {"parent_TextBlock": "Tb_6", "text": "NOTE:", "parent_Field": null, "parent_Choice_Field": null, "parent_ChoiceGroup": null, "w": 71, "h": 20, "y": 533, "x": 94, "structure_id": "Tr_9"}, {"parent_TextBlock": "Tb_6", "text": "An \"unstable scar\" is one where, for any reason, there is frequent loss of covering of the skin over the scar.  If there are multiple scars, enter additional locations and measurements", "parent_Field": null, "parent_Choice_Field": null, "parent_ChoiceGroup": null, "w": 1399, "h": 20, "y": 533, "x": 165, "structure_id": "Tr_10"}, {"parent_TextBlock": "Tb_6", "text": "in the Remarks section below.  It is not necessary to also complete a Scars DBQ.", "parent_Field": null, "parent_Choice_Field": null, "parent_ChoiceGroup": null, "w": 628, "h": 20, "y": 558, "x": 94, "structure_id": "Tr_11"}, {"parent_TextBlock": "Tb_7", "text": "Location", "parent_Field": "Fi_3", "parent_Choice_Field": null, "parent_ChoiceGroup": null, "w": 69, "h": 20, "y": 440, "x": 102, "structure_id": "Tr_12"}, {"parent_TextBlock": "Tb_8", "text": "(If \"Yes,\" also complete a VA Form 21-0960F-1 Scars/Disfigurement Disability Benefits Questionnaire.)", "parent_Field": null, "parent_Choice_Field": null, "parent_ChoiceGroup": null, "w": 931, "h": 22, "y": 353, "x": 102, "structure_id": "Tr_13"}, {"parent_TextBlock": "Tb_9", "text": "(If \"No,\" provide location and measurements of scar in centimeters.)", "parent_Field": null, "parent_Choice_Field": null, "parent_ChoiceGroup": null, "w": 616, "h": 22, "y": 380, "x": 102, "structure_id": "Tr_14"}, {"parent_TextBlock": "Tb_10", "text": "(If \"Yes,\" are any of the scars painful or unstable; have a total area equal to or greater than39 square cm (6 square inches)", "parent_Field": null, "parent_Choice_Field": null, "parent_ChoiceGroup": "Chgp_1", "w": 1106, "h": 22, "y": 266, "x": 102, "structure_id": "Tr_15"}, {"parent_TextBlock": "Tb_10", "text": "or are located on the head, face or neck", "parent_Field": null, "parent_Choice_Field": null, "parent_ChoiceGroup": "Chgp_1", "w": 310, "h": 20, "y": 268, "x": 1208, "structure_id": "Tr_16"}, {"parent_TextBlock": "Tb_10", "text": "?)", "parent_Field": null, "parent_Choice_Field": null, "parent_ChoiceGroup": "Chgp_1", "w": 19, "h": 22, "y": 266, "x": 1518, "structure_id": "Tr_17"}, {"parent_TextBlock": "Tb_11", "text": "YES", "parent_Field": null, "parent_Choice_Field": "Chf_1", "parent_ChoiceGroup": "Chgp_1", "w": 39, "h": 19, "y": 312, "x": 150, "structure_id": "Tr_18"}, {"parent_TextBlock": "Tb_12", "text": "NO", "parent_Field": null, "parent_Choice_Field": "Chf_2", "parent_ChoiceGroup": "Chgp_1", "w": 29, "h": 19, "y": 312, "x": 267, "structure_id": "Tr_19"}, {"parent_TextBlock": "Tb_13", "text": "5B. DOES THE VETERAN HAVE ANY SCARS", "parent_Field": null, "parent_Choice_Field": null, "parent_ChoiceGroup": "Chgp_2", "w": 413, "h": 20, "y": 162, "x": 94, "structure_id": "Tr_20"}, {"parent_TextBlock": "Tb_13", "text": "(surgical or otherwise)", "parent_Field": null, "parent_Choice_Field": null, "parent_ChoiceGroup": "Chgp_2", "w": 205, "h": 22, "y": 160, "x": 507, "structure_id": "Tr_21"}, {"parent_TextBlock": "Tb_13", "text": "RELATED TO ANY CONDITIONS OR TO THE TREATMENT OF ANY CONDITIONS LISTED IN", "parent_Field": null, "parent_Choice_Field": null, "parent_ChoiceGroup": "Chgp_2", "w": 850, "h": 20, "y": 162, "x": 712, "structure_id": "Tr_22"}, {"parent_TextBlock": "Tb_13", "text": "THE DIAGNOSIS SECTION?", "parent_Field": null, "parent_Choice_Field": null, "parent_ChoiceGroup": "Chgp_2", "w": 255, "h": 19, "y": 187, "x": 128, "structure_id": "Tr_23"}, {"parent_TextBlock": "Tb_14", "text": "YES", "parent_Field": null, "parent_Choice_Field": "Chf_3", "parent_ChoiceGroup": "Chgp_2", "w": 39, "h": 19, "y": 224, "x": 150, "structure_id": "Tr_24"}, {"parent_TextBlock": "Tb_15", "text": "NO", "parent_Field": null, "parent_Choice_Field": "Chf_4", "parent_ChoiceGroup": "Chgp_2", "w": 29, "h": 19, "y": 224, "x": 267, "structure_id": "Tr_25"}, {"parent_TextBlock": "Tb_16", "text": "SECTION VI - DIAGNOSTIC TESTING", "parent_Field": null, "parent_Choice_Field": null, "parent_ChoiceGroup": null, "w": 387, "h": 22, "y": 597, "x": 654, "structure_id": "Tr_26"}, {"parent_TextBlock": "Tb_17", "text": "NOTE:", "parent_Field": null, "parent_Choice_Field": null, "parent_ChoiceGroup": null, "w": 71, "h": 23, "y": 632, "x": 95, "structure_id": "Tr_27"}, {"parent_TextBlock": "Tb_17", "text": "Diagnosis of pancreatitis must be confirmed by appropriate laboratory and clinical studies. If testing has been performed and reflects veteran's current condition,", "parent_Field": null, "parent_Choice_Field": null, "parent_ChoiceGroup": null, "w": 1435, "h": 23, "y": 632, "x": 166, "structure_id": "Tr_28"}, {"parent_TextBlock": "Tb_17", "text": "no further testing is required for this examination report.", "parent_Field": null, "parent_Choice_Field": null, "parent_ChoiceGroup": null, "w": 502, "h": 22, "y": 659, "x": 95, "structure_id": "Tr_29"}, {"parent_TextBlock": "Tb_18", "text": "Results:", "parent_Field": "Fi_4", "parent_Choice_Field": null, "parent_ChoiceGroup": null, "w": 71, "h": 19, "y": 1254, "x": 634, "structure_id": "Tr_30"}, {"parent_TextBlock": "Tb_19", "text": "Date:", "parent_Field": "Fi_5", "parent_Choice_Field": null, "parent_ChoiceGroup": null, "w": 46, "h": 20, "y": 837, "x": 768, "structure_id": "Tr_31"}, {"parent_TextBlock": "Tb_20", "text": "Date:", "parent_Field": "Fi_6", "parent_Choice_Field": null, "parent_ChoiceGroup": null, "w": 46, "h": 19, "y": 1004, "x": 768, "structure_id": "Tr_32"}, {"parent_TextBlock": "Tb_21", "text": "Results:", "parent_Field": "Fi_7", "parent_Choice_Field": null, "parent_ChoiceGroup": null, "w": 71, "h": 19, "y": 1321, "x": 1034, "structure_id": "Tr_33"}, {"parent_TextBlock": "Tb_22", "text": "Results:", "parent_Field": "Fi_8", "parent_Choice_Field": null, "parent_ChoiceGroup": null, "w": 71, "h": 19, "y": 871, "x": 1034, "structure_id": "Tr_34"}, {"parent_TextBlock": "Tb_23", "text": "Date:", "parent_Field": "Fi_9", "parent_Choice_Field": null, "parent_ChoiceGroup": null, "w": 46, "h": 20, "y": 937, "x": 768, "structure_id": "Tr_35"}, {"parent_TextBlock": "Tb_24", "text": "Results:", "parent_Field": "Fi_10", "parent_Choice_Field": null, "parent_ChoiceGroup": null, "w": 71, "h": 20, "y": 837, "x": 1034, "structure_id": "Tr_36"}, {"parent_TextBlock": "Tb_25", "text": "Date:", "parent_Field": "Fi_11", "parent_Choice_Field": null, "parent_ChoiceGroup": null, "w": 46, "h": 19, "y": 804, "x": 768, "structure_id": "Tr_37"}, {"parent_TextBlock": "Tb_26", "text": "Date:", "parent_Field": "Fi_12", "parent_Choice_Field": null, "parent_ChoiceGroup": null, "w": 46, "h": 19, "y": 904, "x": 768, "structure_id": "Tr_38"}, {"parent_TextBlock": "Tb_27", "text": "Date:", "parent_Field": "Fi_13", "parent_Choice_Field": null, "parent_ChoiceGroup": null, "w": 46, "h": 19, "y": 871, "x": 768, "structure_id": "Tr_39"}, {"parent_TextBlock": "Tb_28", "text": "Results:", "parent_Field": "Fi_14", "parent_Choice_Field": null, "parent_ChoiceGroup": null, "w": 71, "h": 19, "y": 1154, "x": 634, "structure_id": "Tr_40"}, {"parent_TextBlock": "Tb_29", "text": "Date:", "parent_Field": "Fi_15", "parent_Choice_Field": null, "parent_ChoiceGroup": null, "w": 46, "h": 19, "y": 971, "x": 768, "structure_id": "Tr_41"}, {"parent_TextBlock": "Tb_30", "text": "Results:", "parent_Field": "Fi_16", "parent_Choice_Field": null, "parent_ChoiceGroup": null, "w": 71, "h": 20, "y": 1187, "x": 634, "structure_id": "Tr_42"}, {"parent_TextBlock": "Tb_31", "text": "Results:", "parent_Field": "Fi_17", "parent_Choice_Field": null, "parent_ChoiceGroup": null, "w": 71, "h": 20, "y": 937, "x": 1034, "structure_id": "Tr_43"}, {"parent_TextBlock": "Tb_32", "text": "Date:", "parent_Field": "Fi_18", "parent_Choice_Field": null, "parent_ChoiceGroup": null, "w": 46, "h": 20, "y": 1287, "x": 368, "structure_id": "Tr_44"}, {"parent_TextBlock": "Tb_33", "text": "Results:", "parent_Field": "Fi_19", "parent_Choice_Field": null, "parent_ChoiceGroup": null, "w": 71, "h": 19, "y": 904, "x": 1034, "structure_id": "Tr_45"}, {"parent_TextBlock": "Tb_34", "text": "Results:", "parent_Field": "Fi_20", "parent_Choice_Field": null, "parent_ChoiceGroup": null, "w": 71, "h": 19, "y": 804, "x": 1034, "structure_id": "Tr_46"}, {"parent_TextBlock": "Tb_35", "text": "Date:", "parent_Field": "Fi_21", "parent_Choice_Field": null, "parent_ChoiceGroup": null, "w": 46, "h": 20, "y": 1187, "x": 368, "structure_id": "Tr_47"}, {"parent_TextBlock": "Tb_36", "text": "Results:", "parent_Field": "Fi_22", "parent_Choice_Field": null, "parent_ChoiceGroup": null, "w": 71, "h": 19, "y": 971, "x": 1034, "structure_id": "Tr_48"}, {"parent_TextBlock": "Tb_37", "text": "Results:", "parent_Field": "Fi_23", "parent_Choice_Field": null, "parent_ChoiceGroup": null, "w": 71, "h": 19, "y": 1004, "x": 1034, "structure_id": "Tr_49"}, {"parent_TextBlock": "Tb_38", "text": "Date:", "parent_Field": "Fi_24", "parent_Choice_Field": null, "parent_ChoiceGroup": null, "w": 46, "h": 19, "y": 1154, "x": 368, "structure_id": "Tr_50"}, {"parent_TextBlock": "Tb_39", "text": "Date:", "parent_Field": "Fi_25", "parent_Choice_Field": null, "parent_ChoiceGroup": null, "w": 46, "h": 19, "y": 1321, "x": 768, "structure_id": "Tr_51"}, {"parent_TextBlock": "Tb_40", "text": "Results:", "parent_Field": "Fi_26", "parent_Choice_Field": null, "parent_ChoiceGroup": null, "w": 71, "h": 20, "y": 1287, "x": 634, "structure_id": "Tr_52"}, {"parent_TextBlock": "Tb_41", "text": "Date:", "parent_Field": "Fi_27", "parent_Choice_Field": null, "parent_ChoiceGroup": null, "w": 46, "h": 19, "y": 1254, "x": 368, "structure_id": "Tr_53"}, {"parent_TextBlock": "Tb_42", "text": "Date:", "parent_Field": "Fi_28", "parent_Choice_Field": null, "parent_ChoiceGroup": null, "w": 46, "h": 19, "y": 1221, "x": 368, "structure_id": "Tr_54"}, {"parent_TextBlock": "Tb_43", "text": "Results:", "parent_Field": "Fi_29", "parent_Choice_Field": null, "parent_ChoiceGroup": null, "w": 71, "h": 19, "y": 1221, "x": 634, "structure_id": "Tr_55"}, {"parent_TextBlock": "Tb_44", "text": "(If \"Yes,\" provide type of test or procedure, date and results in a brief summary):", "parent_Field": "Fi_30", "parent_Choice_Field": null, "parent_ChoiceGroup": null, "w": 721, "h": 22, "y": 1429, "x": 95, "structure_id": "Tr_56"}, {"parent_TextBlock": "Tb_45", "text": "(If \"Yes,\" check all that apply):", "parent_Field": null, "parent_Choice_Field": null, "parent_ChoiceGroup": "Chgp_3", "w": 277, "h": 23, "y": 762, "x": 95, "structure_id": "Tr_57"}, {"parent_TextBlock": "Tb_46", "text": "EUS", "parent_Field": null, "parent_Choice_Field": "Chf_5", "parent_ChoiceGroup": "Chgp_3", "w": 40, "h": 20, "y": 803, "x": 151, "structure_id": "Tr_58"}, {"parent_TextBlock": "Tb_46", "text": "(Endoscopic ultrasound)", "parent_Field": null, "parent_Choice_Field": "Chf_5", "parent_ChoiceGroup": "Chgp_3", "w": 226, "h": 22, "y": 801, "x": 191, "structure_id": "Tr_59"}, {"parent_TextBlock": "Tb_47", "text": "ERCP", "parent_Field": null, "parent_Choice_Field": "Chf_6", "parent_ChoiceGroup": "Chgp_3", "w": 59, "h": 19, "y": 837, "x": 151, "structure_id": "Tr_60"}, {"parent_TextBlock": "Tb_47", "text": "(Endoscopic retrograde cholangiopancreatography)", "parent_Field": null, "parent_Choice_Field": "Chf_6", "parent_ChoiceGroup": "Chgp_3", "w": 468, "h": 22, "y": 835, "x": 210, "structure_id": "Tr_61"}, {"parent_TextBlock": "Tb_48", "text": "Transhepatic cholangiogram", "parent_Field": null, "parent_Choice_Field": "Chf_7", "parent_ChoiceGroup": "Chgp_3", "w": 245, "h": 19, "y": 871, "x": 151, "structure_id": "Tr_62"}, {"parent_TextBlock": "Tb_49", "text": "MRI or MRCP", "parent_Field": null, "parent_Choice_Field": "Chf_8", "parent_ChoiceGroup": "Chgp_3", "w": 126, "h": 20, "y": 903, "x": 151, "structure_id": "Tr_63"}, {"parent_TextBlock": "Tb_49", "text": "(magnetic resonance cholangiopancreatography)", "parent_Field": null, "parent_Choice_Field": "Chf_8", "parent_ChoiceGroup": "Chgp_3", "w": 441, "h": 22, "y": 901, "x": 277, "structure_id": "Tr_64"}, {"parent_TextBlock": "Tb_50", "text": "Gallbladder scan", "parent_Field": null, "parent_Choice_Field": "Chf_9", "parent_ChoiceGroup": "Chgp_3", "w": 151, "h": 19, "y": 937, "x": 151, "structure_id": "Tr_65"}, {"parent_TextBlock": "Tb_50", "text": "(HIDA scan or cholescintigraphy)", "parent_Field": null, "parent_Choice_Field": "Chf_9", "parent_ChoiceGroup": "Chgp_3", "w": 305, "h": 22, "y": 935, "x": 302, "structure_id": "Tr_66"}, {"parent_TextBlock": "Tb_51", "text": "CT", "parent_Field": null, "parent_Choice_Field": "Chf_10", "parent_ChoiceGroup": "Chgp_3", "w": 26, "h": 19, "y": 971, "x": 151, "structure_id": "Tr_67"}, {"parent_TextBlock": "Tb_52", "text": "Other, specify:", "parent_Field": null, "parent_Choice_Field": "Chf_11", "parent_ChoiceGroup": "Chgp_3", "w": 125, "h": 19, "y": 1004, "x": 151, "structure_id": "Tr_68"}, {"parent_TextBlock": "Tb_53", "text": "6A. HAVE IMAGING STUDIES BEEN PERFORMED AND ARE THE RESULTS AVAILABLE?", "parent_Field": null, "parent_Choice_Field": null, "parent_ChoiceGroup": "Chgp_4", "w": 808, "h": 19, "y": 697, "x": 95, "structure_id": "Tr_69"}, {"parent_TextBlock": "Tb_54", "text": "YES", "parent_Field": null, "parent_Choice_Field": "Chf_12", "parent_ChoiceGroup": "Chgp_4", "w": 39, "h": 20, "y": 730, "x": 151, "structure_id": "Tr_70"}, {"parent_TextBlock": "Tb_55", "text": "NO", "parent_Field": null, "parent_Choice_Field": "Chf_13", "parent_ChoiceGroup": "Chgp_4", "w": 29, "h": 20, "y": 730, "x": 268, "structure_id": "Tr_71"}, {"parent_TextBlock": "Tb_56", "text": "(If \"Yes,\" check all that apply):", "parent_Field": null, "parent_Choice_Field": null, "parent_ChoiceGroup": "Chgp_5", "w": 277, "h": 23, "y": 1112, "x": 95, "structure_id": "Tr_72"}, {"parent_TextBlock": "Tb_57", "text": "Alkaline phosphatase", "parent_Field": null, "parent_Choice_Field": "Chf_14", "parent_ChoiceGroup": "Chgp_5", "w": 185, "h": 19, "y": 1154, "x": 151, "structure_id": "Tr_73"}, {"parent_TextBlock": "Tb_58", "text": "Bilirubin", "parent_Field": null, "parent_Choice_Field": "Chf_15", "parent_ChoiceGroup": "Chgp_5", "w": 69, "h": 20, "y": 1187, "x": 151, "structure_id": "Tr_74"}, {"parent_TextBlock": "Tb_59", "text": "WBC", "parent_Field": null, "parent_Choice_Field": "Chf_16", "parent_ChoiceGroup": "Chgp_5", "w": 45, "h": 19, "y": 1221, "x": 151, "structure_id": "Tr_75"}, {"parent_TextBlock": "Tb_60", "text": "Amylase", "parent_Field": null, "parent_Choice_Field": "Chf_17", "parent_ChoiceGroup": "Chgp_5", "w": 75, "h": 19, "y": 1254, "x": 151, "structure_id": "Tr_76"}, {"parent_TextBlock": "Tb_61", "text": "Lipase", "parent_Field": null, "parent_Choice_Field": "Chf_18", "parent_ChoiceGroup": "Chgp_5", "w": 57, "h": 20, "y": 1287, "x": 151, "structure_id": "Tr_77"}, {"parent_TextBlock": "Tb_62", "text": "Other, specify:", "parent_Field": null, "parent_Choice_Field": "Chf_19", "parent_ChoiceGroup": "Chgp_5", "w": 125, "h": 19, "y": 1321, "x": 151, "structure_id": "Tr_78"}, {"parent_TextBlock": "Tb_63", "text": "6B. HAS LABORATORY TESTING BEEN PERFORMED?", "parent_Field": null, "parent_Choice_Field": null, "parent_ChoiceGroup": "Chgp_6", "w": 502, "h": 19, "y": 1047, "x": 95, "structure_id": "Tr_79"}, {"parent_TextBlock": "Tb_64", "text": "YES", "parent_Field": null, "parent_Choice_Field": "Chf_20", "parent_ChoiceGroup": "Chgp_6", "w": 39, "h": 20, "y": 1080, "x": 151, "structure_id": "Tr_80"}, {"parent_TextBlock": "Tb_65", "text": "NO", "parent_Field": null, "parent_Choice_Field": "Chf_21", "parent_ChoiceGroup": "Chgp_6", "w": 29, "h": 20, "y": 1080, "x": 268, "structure_id": "Tr_81"}, {"parent_TextBlock": "Tb_66", "text": "6C. ARE THERE ANY OTHER SIGNIFICANT DIAGNOSTIC TEST FINDINGS AND/OR RESULTS?", "parent_Field": null, "parent_Choice_Field": null, "parent_ChoiceGroup": "Chgp_7", "w": 861, "h": 19, "y": 1364, "x": 95, "structure_id": "Tr_82"}, {"parent_TextBlock": "Tb_67", "text": "YES", "parent_Field": null, "parent_Choice_Field": "Chf_22", "parent_ChoiceGroup": "Chgp_7", "w": 39, "h": 19, "y": 1397, "x": 151, "structure_id": "Tr_83"}, {"parent_TextBlock": "Tb_68", "text": "NO", "parent_Field": null, "parent_Choice_Field": "Chf_23", "parent_ChoiceGroup": "Chgp_7", "w": 29, "h": 19, "y": 1397, "x": 268, "structure_id": "Tr_84"}], "ChoiceGroup": [{"y": 259.03125, "x": 94, "structure_id": "Chgp_1", "w": 1449, "h": 78}, {"y": 152.03125, "x": 84, "structure_id": "Chgp_2", "w": 1488, "h": 434}, {"y": 757.03125, "x": 90, "structure_id": "Chgp_3", "w": 1515, "h": 273}, {"y": 689.03125, "x": 87, "structure_id": "Chgp_4", "w": 1522, "h": 342}, {"y": 1106.03125, "x": 90, "structure_id": "Chgp_5", "w": 1518, "h": 239}, {"y": 1037.03125, "x": 87, "structure_id": "Chgp_6", "w": 1524, "h": 315}, {"y": 1357.03125, "x": 90, "structure_id": "Chgp_7", "w": 1521, "h": 741}]}