{"Widget": [{"parent_Field": "Fi_1", "parent_Choice_Field": null, "parent_ChoiceGroup": null, "w": 533.3307086614174, "h": 33.33070866141732, "y": 283.33070866141736, "x": 1066.6692913385828, "structure_id": "Wi_1"}, {"parent_Field": "Fi_2", "parent_Choice_Field": null, "parent_ChoiceGroup": null, "w": 516.6692913385828, "h": 97.2220472440945, "y": 650, "x": 100, "structure_id": "Wi_2"}, {"parent_Field": "Fi_3", "parent_Choice_Field": null, "parent_ChoiceGroup": null, "w": 533.3307086614174, "h": 33.33070866141732, "y": 200, "x": 1066.6692913385828, "structure_id": "Wi_3"}, {"parent_Field": "Fi_4", "parent_Choice_Field": null, "parent_ChoiceGroup": null, "w": 1500, "h": 33.338582677165356, "y": 866.6614173228346, "x": 100, "structure_id": "Wi_4"}, {"parent_Field": null, "parent_Choice_Field": "Chf_1", "parent_ChoiceGroup": "Chgp_1", "w": 25, "h": 25, "y": 604.1614173228347, "x": 652.7724409448819, "structure_id": "Wi_5"}, {"parent_Field": null, "parent_Choice_Field": "Chf_2", "parent_ChoiceGroup": "Chgp_1", "w": 25, "h": 25, "y": 604.1614173228347, "x": 769.4417322834646, "structure_id": "Wi_6"}, {"parent_Field": null, "parent_Choice_Field": "Chf_3", "parent_ChoiceGroup": "Chgp_2", "w": 25, "h": 25, "y": 720.8307086614174, "x": 652.7724409448819, "structure_id": "Wi_7"}, {"parent_Field": null, "parent_Choice_Field": "Chf_4", "parent_ChoiceGroup": "Chgp_2", "w": 25, "h": 25, "y": 720.8307086614174, "x": 769.4417322834646, "structure_id": "Wi_8"}, {"parent_Field": null, "parent_Choice_Field": null, "parent_ChoiceGroup": null, "w": 416.6692913385827, "h": 97.2220472440945, "y": 1066.661417322835, "x": 633.3307086614174, "structure_id": "Wi_9"}, {"parent_Field": null, "parent_Choice_Field": null, "parent_ChoiceGroup": null, "w": 383.3307086614173, "h": 33.33070866141732, "y": 1133.3307086614172, "x": 100, "structure_id": "Wi_10"}, {"parent_Field": null, "parent_Choice_Field": null, "parent_ChoiceGroup": null, "w": 75.45511811023623, "h": 33.338582677165356, "y": 1133.3307086614172, "x": 516.6692913385828, "structure_id": "Wi_11"}, {"parent_Field": null, "parent_Choice_Field": null, "parent_ChoiceGroup": null, "w": 216.66929133858267, "h": 33.33070866141732, "y": 1133.3307086614172, "x": 1083.3307086614175, "structure_id": "Wi_12"}, {"parent_Field": null, "parent_Choice_Field": null, "parent_ChoiceGroup": null, "w": 116.66929133858268, "h": 33.33070866141732, "y": 1133.3307086614172, "x": 1333.3307086614175, "structure_id": "Wi_13"}, {"parent_Field": null, "parent_Choice_Field": null, "parent_ChoiceGroup": null, "w": 300, "h": 33.338582677165356, "y": 1666.6614173228347, "x": 1300, "structure_id": "Wi_14"}, {"parent_Field": null, "parent_Choice_Field": null, "parent_ChoiceGroup": null, "w": 300, "h": 33.338582677165356, "y": 1616.6614173228347, "x": 1300, "structure_id": "Wi_15"}, {"parent_Field": null, "parent_Choice_Field": null, "parent_ChoiceGroup": null, "w": 366.6692913385827, "h": 97.2220472440945, "y": 1600, "x": 100, "structure_id": "Wi_16"}, {"parent_Field": null, "parent_Choice_Field": null, "parent_ChoiceGroup": null, "w": 66.66929133858268, "h": 33.338582677165356, "y": 1666.6614173228347, "x": 500, "structure_id": "Wi_17"}, {"parent_Field": null, "parent_Choice_Field": null, "parent_ChoiceGroup": null, "w": 433.33070866141736, "h": 97.2220472440945, "y": 1600, "x": 600, "structure_id": "Wi_18"}, {"parent_Field": null, "parent_Choice_Field": null, "parent_ChoiceGroup": null, "w": 200, "h": 33.338582677165356, "y": 1666.6614173228347, "x": 1066.6692913385828, "structure_id": "Wi_19"}, {"parent_Field": null, "parent_Choice_Field": null, "parent_ChoiceGroup": null, "w": 300, "h": 33.338582677165356, "y": 1566.6614173228347, "x": 1300, "structure_id": "Wi_20"}, {"parent_Field": null, "parent_Choice_Field": null, "parent_ChoiceGroup": null, "w": 200, "h": 33.338582677165356, "y": 1566.6614173228347, "x": 1066.6692913385828, "structure_id": "Wi_21"}, {"parent_Field": null, "parent_Choice_Field": null, "parent_ChoiceGroup": null, "w": 366.6692913385827, "h": 97.2220472440945, "y": 1500, "x": 100, "structure_id": "Wi_22"}, {"parent_Field": null, "parent_Choice_Field": null, "parent_ChoiceGroup": null, "w": 66.66929133858268, "h": 33.338582677165356, "y": 1566.6614173228347, "x": 500, "structure_id": "Wi_23"}, {"parent_Field": null, "parent_Choice_Field": null, "parent_ChoiceGroup": null, "w": 433.33070866141736, "h": 97.2220472440945, "y": 1500, "x": 600, "structure_id": "Wi_24"}, {"parent_Field": null, "parent_Choice_Field": null, "parent_ChoiceGroup": null, "w": 300, "h": 33.338582677165356, "y": 1516.6614173228347, "x": 1300, "structure_id": "Wi_25"}, {"parent_Field": null, "parent_Choice_Field": null, "parent_ChoiceGroup": null, "w": 300, "h": 33.338582677165356, "y": 1466.6614173228347, "x": 1300, "structure_id": "Wi_26"}, {"parent_Field": null, "parent_Choice_Field": null, "parent_ChoiceGroup": null, "w": 300, "h": 33.338582677165356, "y": 1416.6614173228347, "x": 1300, "structure_id": "Wi_27"}, {"parent_Field": null, "parent_Choice_Field": null, "parent_ChoiceGroup": null, "w": 366.6692913385827, "h": 97.2220472440945, "y": 1400, "x": 100, "structure_id": "Wi_28"}, {"parent_Field": null, "parent_Choice_Field": null, "parent_ChoiceGroup": null, "w": 66.66929133858268, "h": 33.338582677165356, "y": 1466.6614173228347, "x": 500, "structure_id": "Wi_29"}, {"parent_Field": null, "parent_Choice_Field": null, "parent_ChoiceGroup": null, "w": 433.33070866141736, "h": 97.2220472440945, "y": 1400, "x": 600, "structure_id": "Wi_30"}, {"parent_Field": null, "parent_Choice_Field": null, "parent_ChoiceGroup": null, "w": 200, "h": 33.338582677165356, "y": 1466.6614173228347, "x": 1066.6692913385828, "structure_id": "Wi_31"}, {"parent_Field": null, "parent_Choice_Field": null, "parent_ChoiceGroup": null, "w": 300, "h": 33.338582677165356, "y": 1366.6614173228347, "x": 1300, "structure_id": "Wi_32"}, {"parent_Field": null, "parent_Choice_Field": null, "parent_ChoiceGroup": null, "w": 200, "h": 33.338582677165356, "y": 1366.6614173228347, "x": 1066.6692913385828, "structure_id": "Wi_33"}, {"parent_Field": null, "parent_Choice_Field": null, "parent_ChoiceGroup": null, "w": 300, "h": 33.33070866141732, "y": 1316.6614173228347, "x": 1300, "structure_id": "Wi_34"}, {"parent_Field": null, "parent_Choice_Field": null, "parent_ChoiceGroup": null, "w": 433.33070866141736, "h": 97.2220472440945, "y": 1300, "x": 600, "structure_id": "Wi_35"}, {"parent_Field": null, "parent_Choice_Field": null, "parent_ChoiceGroup": null, "w": 66.66929133858268, "h": 33.338582677165356, "y": 1366.6614173228347, "x": 500, "structure_id": "Wi_36"}, {"parent_Field": null, "parent_Choice_Field": null, "parent_ChoiceGroup": null, "w": 366.6692913385827, "h": 97.2220472440945, "y": 1300, "x": 100, "structure_id": "Wi_37"}, {"parent_Field": null, "parent_Choice_Field": null, "parent_ChoiceGroup": null, "w": 366.6692913385827, "h": 63.89133858267717, "y": 1900, "x": 100, "structure_id": "Wi_38"}, {"parent_Field": null, "parent_Choice_Field": null, "parent_ChoiceGroup": null, "w": 75.45511811023623, "h": 33.33070866141732, "y": 1933.3307086614172, "x": 500, "structure_id": "Wi_39"}, {"parent_Field": null, "parent_Choice_Field": null, "parent_ChoiceGroup": null, "w": 533.3307086614174, "h": 97.2220472440945, "y": 1866.6614173228347, "x": 616.6692913385826, "structure_id": "Wi_40"}, {"parent_Field": null, "parent_Choice_Field": null, "parent_ChoiceGroup": null, "w": 250, "h": 33.338582677165356, "y": 1933.3307086614172, "x": 1266.6692913385828, "structure_id": "Wi_41"}, {"parent_Field": null, "parent_Choice_Field": null, "parent_ChoiceGroup": null, "w": 366.6692913385827, "h": 63.89133858267717, "y": 1800, "x": 100, "structure_id": "Wi_42"}, {"parent_Field": null, "parent_Choice_Field": null, "parent_ChoiceGroup": null, "w": 75.45511811023623, "h": 33.33070866141732, "y": 1833.3307086614175, "x": 500, "structure_id": "Wi_43"}, {"parent_Field": null, "parent_Choice_Field": null, "parent_ChoiceGroup": null, "w": 533.3307086614174, "h": 97.2220472440945, "y": 1766.6614173228347, "x": 616.6692913385826, "structure_id": "Wi_44"}, {"parent_Field": null, "parent_Choice_Field": null, "parent_ChoiceGroup": null, "w": 250, "h": 33.338582677165356, "y": 1833.3307086614175, "x": 1266.6692913385828, "structure_id": "Wi_45"}], "TextBlock": [{"parent_Field": null, "parent_Choice_Field": null, "parent_ChoiceGroup": null, "w": 262, "h": 59, "y": 87, "x": 1333, "structure_id": "Tb_1"}, {"parent_Field": null, "parent_Choice_Field": null, "parent_ChoiceGroup": null, "w": 609, "h": 25, "y": 721, "x": 889, "structure_id": "Tb_2"}, {"parent_Field": null, "parent_Choice_Field": null, "parent_ChoiceGroup": null, "w": 94, "h": 42, "y": 2054, "x": 83, "structure_id": "Tb_3"}, {"parent_Field": null, "parent_Choice_Field": null, "parent_ChoiceGroup": null, "w": 104, "h": 34, "y": 2058, "x": 200, "structure_id": "Tb_4"}, {"parent_Field": "Fi_1", "parent_Choice_Field": null, "parent_ChoiceGroup": null, "w": 442, "h": 25, "y": 237, "x": 1067, "structure_id": "Tb_5"}, {"parent_Field": "Fi_2", "parent_Choice_Field": null, "parent_ChoiceGroup": null, "w": 517, "h": 52, "y": 574, "x": 100, "structure_id": "Tb_6"}, {"parent_Field": null, "parent_Choice_Field": null, "parent_ChoiceGroup": null, "w": 1133, "h": 28, "y": 1978, "x": 100, "structure_id": "Tb_7"}, {"parent_Field": "Fi_3", "parent_Choice_Field": null, "parent_ChoiceGroup": null, "w": 311, "h": 22, "y": 156, "x": 1067, "structure_id": "Tb_8"}, {"parent_Field": null, "parent_Choice_Field": null, "parent_ChoiceGroup": null, "w": 1500, "h": 85, "y": 908, "x": 100, "structure_id": "Tb_9"}, {"parent_Field": null, "parent_Choice_Field": null, "parent_ChoiceGroup": null, "w": 1400, "h": 55, "y": 764, "x": 100, "structure_id": "Tb_10"}, {"parent_Field": "Fi_4", "parent_Choice_Field": null, "parent_ChoiceGroup": null, "w": 845, "h": 22, "y": 839, "x": 100, "structure_id": "Tb_11"}, {"parent_Field": null, "parent_Choice_Field": null, "parent_ChoiceGroup": null, "w": 264, "h": 28, "y": 2061, "x": 1353, "structure_id": "Tb_12"}, {"parent_Field": null, "parent_Choice_Field": null, "parent_ChoiceGroup": null, "w": 1500, "h": 76, "y": 330, "x": 100, "structure_id": "Tb_13"}, {"parent_Field": null, "parent_Choice_Field": null, "parent_ChoiceGroup": null, "w": 1500, "h": 129, "y": 424, "x": 100, "structure_id": "Tb_14"}, {"parent_Field": null, "parent_Choice_Field": null, "parent_ChoiceGroup": "Chgp_1", "w": 440, "h": 22, "y": 572, "x": 650, "structure_id": "Tb_15"}, {"parent_Field": null, "parent_Choice_Field": "Chf_1", "parent_ChoiceGroup": "Chgp_1", "w": 44, "h": 22, "y": 606, "x": 700, "structure_id": "Tb_16"}, {"parent_Field": null, "parent_Choice_Field": "Chf_2", "parent_ChoiceGroup": "Chgp_1", "w": 33, "h": 22, "y": 606, "x": 817, "structure_id": "Tb_17"}, {"parent_Field": null, "parent_Choice_Field": null, "parent_ChoiceGroup": "Chgp_2", "w": 866, "h": 49, "y": 659, "x": 650, "structure_id": "Tb_18"}, {"parent_Field": null, "parent_Choice_Field": "Chf_3", "parent_ChoiceGroup": "Chgp_2", "w": 44, "h": 22, "y": 722, "x": 700, "structure_id": "Tb_19"}, {"parent_Field": null, "parent_Choice_Field": "Chf_4", "parent_ChoiceGroup": "Chgp_2", "w": 33, "h": 22, "y": 722, "x": 817, "structure_id": "Tb_20"}, {"parent_Field": null, "parent_Choice_Field": null, "parent_ChoiceGroup": null, "w": 616, "h": 25, "y": 1004, "x": 542, "structure_id": "Tb_21"}, {"parent_Field": null, "parent_Choice_Field": null, "parent_ChoiceGroup": null, "w": 136, "h": 22, "y": 1039, "x": 633, "structure_id": "Tb_22"}, {"parent_Field": null, "parent_Choice_Field": null, "parent_ChoiceGroup": null, "w": 227, "h": 22, "y": 1039, "x": 100, "structure_id": "Tb_23"}, {"parent_Field": null, "parent_Choice_Field": null, "parent_ChoiceGroup": null, "w": 74, "h": 22, "y": 1039, "x": 517, "structure_id": "Tb_24"}, {"parent_Field": null, "parent_Choice_Field": null, "parent_ChoiceGroup": null, "w": 213, "h": 51, "y": 1041, "x": 1083, "structure_id": "Tb_25"}, {"parent_Field": null, "parent_Choice_Field": null, "parent_ChoiceGroup": null, "w": 250, "h": 22, "y": 1039, "x": 1333, "structure_id": "Tb_26"}, {"parent_Field": null, "parent_Choice_Field": null, "parent_ChoiceGroup": null, "w": 658, "h": 25, "y": 1171, "x": 521, "structure_id": "Tb_27"}, {"parent_Field": null, "parent_Choice_Field": null, "parent_ChoiceGroup": null, "w": 197, "h": 55, "y": 1222, "x": 1355, "structure_id": "Tb_28"}, {"parent_Field": null, "parent_Choice_Field": null, "parent_ChoiceGroup": null, "w": 154, "h": 86, "y": 1207, "x": 1097, "structure_id": "Tb_29"}, {"parent_Field": null, "parent_Choice_Field": null, "parent_ChoiceGroup": null, "w": 153, "h": 25, "y": 1237, "x": 740, "structure_id": "Tb_30"}, {"parent_Field": null, "parent_Choice_Field": null, "parent_ChoiceGroup": null, "w": 83, "h": 25, "y": 1237, "x": 492, "structure_id": "Tb_31"}, {"parent_Field": null, "parent_Choice_Field": null, "parent_ChoiceGroup": null, "w": 336, "h": 86, "y": 1207, "x": 119, "structure_id": "Tb_32"}, {"parent_Field": null, "parent_Choice_Field": null, "parent_ChoiceGroup": null, "w": 630, "h": 25, "y": 1704, "x": 535, "structure_id": "Tb_33"}, {"parent_Field": null, "parent_Choice_Field": null, "parent_ChoiceGroup": null, "w": 120, "h": 22, "y": 1872, "x": 104, "structure_id": "Tb_34"}, {"parent_Field": null, "parent_Choice_Field": null, "parent_ChoiceGroup": null, "w": 120, "h": 22, "y": 1772, "x": 104, "structure_id": "Tb_35"}, {"parent_Field": null, "parent_Choice_Field": null, "parent_ChoiceGroup": null, "w": 153, "h": 25, "y": 1737, "x": 807, "structure_id": "Tb_36"}, {"parent_Field": null, "parent_Choice_Field": null, "parent_ChoiceGroup": null, "w": 83, "h": 25, "y": 1737, "x": 500, "structure_id": "Tb_37"}, {"parent_Field": null, "parent_Choice_Field": null, "parent_ChoiceGroup": null, "w": 369, "h": 26, "y": 1737, "x": 1207, "structure_id": "Tb_38"}, {"parent_Field": null, "parent_Choice_Field": null, "parent_ChoiceGroup": null, "w": 253, "h": 25, "y": 1737, "x": 157, "structure_id": "Tb_39"}, {"parent_Field": null, "parent_Choice_Field": null, "parent_ChoiceGroup": null, "w": 854, "h": 73, "y": 230, "x": 144, "structure_id": "Tb_40"}, {"parent_Field": null, "parent_Choice_Field": null, "parent_ChoiceGroup": null, "w": 402, "h": 42, "y": 2054, "x": 604, "structure_id": "Tb_41"}], "Choice_Field": [{"y": 604.1614173228347, "x": 652.7724409448819, "structure_id": "Chf_1", "w": 91.22755905511815, "h": 25}, {"y": 604.1614173228347, "x": 769.4417322834646, "structure_id": "Chf_2", "w": 80.5582677165354, "h": 25}, {"y": 720.8307086614174, "x": 652.7724409448819, "structure_id": "Chf_3", "w": 91.22755905511815, "h": 25}, {"y": 720.8307086614174, "x": 769.4417322834646, "structure_id": "Chf_4", "w": 80.5582677165354, "h": 25}], "Field": [{"y": 237, "x": 1066.6692913385828, "structure_id": "Fi_1", "w": 533.3307086614172, "h": 79.66141732283467}, {"y": 574, "x": 100, "structure_id": "Fi_2", "w": 517, "h": 173.22204724409448}, {"y": 156, "x": 1066.6692913385828, "structure_id": "Fi_3", "w": 533.3307086614172, "h": 77.3307086614173}, {"y": 839, "x": 100, "structure_id": "Fi_4", "w": 1500, "h": 61}], "TextRun": [{"parent_TextBlock": "Tb_1", "text": "OMB Control No. 2900-0469", "parent_Field": null, "parent_Choice_Field": null, "parent_ChoiceGroup": null, "w": 236, "h": 20, "y": 87, "x": 1333, "structure_id": "Tr_1"}, {"parent_TextBlock": "Tb_1", "text": "Respondent Burden:\u00c2\u00a0 30 Minutes", "parent_Field": null, "parent_Choice_Field": null, "parent_ChoiceGroup": null, "w": 262, "h": 19, "y": 107, "x": 1333, "structure_id": "Tr_2"}, {"parent_TextBlock": "Tb_1", "text": "Expiration Date:  09/30/2014", "parent_Field": null, "parent_Choice_Field": null, "parent_ChoiceGroup": null, "w": 228, "h": 20, "y": 126, "x": 1333, "structure_id": "Tr_3"}, {"parent_TextBlock": "Tb_2", "text": "(If \"Yes,\" see note below. If \"No,\" complete remaining items)", "parent_Field": null, "parent_Choice_Field": null, "parent_ChoiceGroup": null, "w": 609, "h": 25, "y": 721, "x": 889, "structure_id": "Tr_4"}, {"parent_TextBlock": "Tb_3", "text": "VA FORM", "parent_Field": null, "parent_Choice_Field": null, "parent_ChoiceGroup": null, "w": 94, "h": 19, "y": 2054, "x": 83, "structure_id": "Tr_5"}, {"parent_TextBlock": "Tb_3", "text": "JUN 2014", "parent_Field": null, "parent_Choice_Field": null, "parent_ChoiceGroup": null, "w": 87, "h": 19, "y": 2077, "x": 83, "structure_id": "Tr_6"}, {"parent_TextBlock": "Tb_4", "text": "29-541", "parent_Field": null, "parent_Choice_Field": null, "parent_ChoiceGroup": null, "w": 104, "h": 34, "y": 2058, "x": 200, "structure_id": "Tr_7"}, {"parent_TextBlock": "Tb_5", "text": "2. NAME OF INSURED\u00c2\u00a0", "parent_Field": "Fi_1", "parent_Choice_Field": null, "parent_ChoiceGroup": null, "w": 238, "h": 22, "y": 240, "x": 1067, "structure_id": "Tr_8"}, {"parent_TextBlock": "Tb_5", "text": "(First, Middle, Last)", "parent_Field": "Fi_1", "parent_Choice_Field": null, "parent_ChoiceGroup": null, "w": 204, "h": 25, "y": 237, "x": 1305, "structure_id": "Tr_9"}, {"parent_TextBlock": "Tb_6", "text": "3. THE QUESTIONS REFER TO THE ESTATE OF:", "parent_Field": "Fi_2", "parent_Choice_Field": null, "parent_ChoiceGroup": null, "w": 517, "h": 22, "y": 574, "x": 100, "structure_id": "Tr_10"}, {"parent_TextBlock": "Tb_6", "text": "\u00c2\u00a0\u00c2\u00a0\u00c2\u00a0", "parent_Field": "Fi_2", "parent_Choice_Field": null, "parent_ChoiceGroup": null, "w": 17, "h": 22, "y": 603, "x": 100, "structure_id": "Tr_11"}, {"parent_TextBlock": "Tb_6", "text": "(Give first, middle, last name)", "parent_Field": "Fi_2", "parent_Choice_Field": null, "parent_ChoiceGroup": null, "w": 306, "h": 25, "y": 601, "x": 117, "structure_id": "Tr_12"}, {"parent_TextBlock": "Tb_7", "text": "IMPORTANT: If spouse, child(ren), or parent(s) survive the insured, skip to Item 11A on the reverse.", "parent_Field": null, "parent_Choice_Field": null, "parent_ChoiceGroup": null, "w": 1133, "h": 28, "y": 1978, "x": 100, "structure_id": "Tr_13"}, {"parent_TextBlock": "Tb_8", "text": "1. INSURANCE FILE NUMBER", "parent_Field": "Fi_3", "parent_Choice_Field": null, "parent_ChoiceGroup": null, "w": 311, "h": 22, "y": 156, "x": 1067, "structure_id": "Tr_14"}, {"parent_TextBlock": "Tb_9", "text": "IMPORTANT:", "parent_Field": null, "parent_Choice_Field": null, "parent_ChoiceGroup": null, "w": 159, "h": 25, "y": 908, "x": 100, "structure_id": "Tr_15"}, {"parent_TextBlock": "Tb_9", "text": "Items", "parent_Field": null, "parent_Choice_Field": null, "parent_ChoiceGroup": null, "w": 61, "h": 25, "y": 908, "x": 263, "structure_id": "Tr_16"}, {"parent_TextBlock": "Tb_9", "text": "through", "parent_Field": null, "parent_Choice_Field": null, "parent_ChoiceGroup": null, "w": 84, "h": 25, "y": 908, "x": 350, "structure_id": "Tr_17"}, {"parent_TextBlock": "Tb_9", "text": "Write", "parent_Field": null, "parent_Choice_Field": null, "parent_ChoiceGroup": null, "w": 63, "h": 25, "y": 908, "x": 478, "structure_id": "Tr_18"}, {"parent_TextBlock": "Tb_9", "text": "the", "parent_Field": null, "parent_Choice_Field": null, "parent_ChoiceGroup": null, "w": 37, "h": 25, "y": 908, "x": 544, "structure_id": "Tr_19"}, {"parent_TextBlock": "Tb_9", "text": "word", "parent_Field": null, "parent_Choice_Field": null, "parent_ChoiceGroup": null, "w": 57, "h": 25, "y": 908, "x": 585, "structure_id": "Tr_20"}, {"parent_TextBlock": "Tb_9", "text": "\"NONE\"", "parent_Field": null, "parent_Choice_Field": null, "parent_ChoiceGroup": null, "w": 96, "h": 25, "y": 908, "x": 646, "structure_id": "Tr_21"}, {"parent_TextBlock": "Tb_9", "text": "in", "parent_Field": null, "parent_Choice_Field": null, "parent_ChoiceGroup": null, "w": 26, "h": 25, "y": 908, "x": 745, "structure_id": "Tr_22"}, {"parent_TextBlock": "Tb_9", "text": "each", "parent_Field": null, "parent_Choice_Field": null, "parent_ChoiceGroup": null, "w": 52, "h": 25, "y": 908, "x": 775, "structure_id": "Tr_23"}, {"parent_TextBlock": "Tb_9", "text": "item", "parent_Field": null, "parent_Choice_Field": null, "parent_ChoiceGroup": null, "w": 51, "h": 25, "y": 908, "x": 830, "structure_id": "Tr_24"}, {"parent_TextBlock": "Tb_9", "text": "where", "parent_Field": null, "parent_Choice_Field": null, "parent_ChoiceGroup": null, "w": 68, "h": 25, "y": 908, "x": 884, "structure_id": "Tr_25"}, {"parent_TextBlock": "Tb_9", "text": "there", "parent_Field": null, "parent_Choice_Field": null, "parent_ChoiceGroup": null, "w": 56, "h": 25, "y": 908, "x": 955, "structure_id": "Tr_26"}, {"parent_TextBlock": "Tb_9", "text": "is", "parent_Field": null, "parent_Choice_Field": null, "parent_ChoiceGroup": null, "w": 23, "h": 25, "y": 908, "x": 1015, "structure_id": "Tr_27"}, {"parent_TextBlock": "Tb_9", "text": "no", "parent_Field": null, "parent_Choice_Field": null, "parent_ChoiceGroup": null, "w": 31, "h": 25, "y": 908, "x": 1041, "structure_id": "Tr_28"}, {"parent_TextBlock": "Tb_9", "text": "next", "parent_Field": null, "parent_Choice_Field": null, "parent_ChoiceGroup": null, "w": 49, "h": 25, "y": 908, "x": 1076, "structure_id": "Tr_29"}, {"parent_TextBlock": "Tb_9", "text": "of", "parent_Field": null, "parent_Choice_Field": null, "parent_ChoiceGroup": null, "w": 27, "h": 25, "y": 908, "x": 1129, "structure_id": "Tr_30"}, {"parent_TextBlock": "Tb_9", "text": "kin.", "parent_Field": null, "parent_Choice_Field": null, "parent_ChoiceGroup": null, "w": 45, "h": 25, "y": 908, "x": 1159, "structure_id": "Tr_31"}, {"parent_TextBlock": "Tb_9", "text": "If", "parent_Field": null, "parent_Choice_Field": null, "parent_ChoiceGroup": null, "w": 23, "h": 25, "y": 908, "x": 1207, "structure_id": "Tr_32"}, {"parent_TextBlock": "Tb_9", "text": "any", "parent_Field": null, "parent_Choice_Field": null, "parent_ChoiceGroup": null, "w": 42, "h": 25, "y": 908, "x": 1234, "structure_id": "Tr_33"}, {"parent_TextBlock": "Tb_9", "text": "information", "parent_Field": null, "parent_Choice_Field": null, "parent_ChoiceGroup": null, "w": 125, "h": 25, "y": 908, "x": 1279, "structure_id": "Tr_34"}, {"parent_TextBlock": "Tb_9", "text": "is", "parent_Field": null, "parent_Choice_Field": null, "parent_ChoiceGroup": null, "w": 23, "h": 25, "y": 908, "x": 1407, "structure_id": "Tr_35"}, {"parent_TextBlock": "Tb_9", "text": "unknown", "parent_Field": null, "parent_Choice_Field": null, "parent_ChoiceGroup": null, "w": 99, "h": 25, "y": 908, "x": 1434, "structure_id": "Tr_36"}, {"parent_TextBlock": "Tb_9", "text": "to", "parent_Field": null, "parent_Choice_Field": null, "parent_ChoiceGroup": null, "w": 26, "h": 25, "y": 908, "x": 1536, "structure_id": "Tr_37"}, {"parent_TextBlock": "Tb_9", "text": "the", "parent_Field": null, "parent_Choice_Field": null, "parent_ChoiceGroup": null, "w": 35, "h": 25, "y": 908, "x": 1565, "structure_id": "Tr_38"}, {"parent_TextBlock": "Tb_9", "text": "witnesses,", "parent_Field": null, "parent_Choice_Field": null, "parent_ChoiceGroup": null, "w": 108, "h": 25, "y": 938, "x": 100, "structure_id": "Tr_39"}, {"parent_TextBlock": "Tb_9", "text": "the", "parent_Field": null, "parent_Choice_Field": null, "parent_ChoiceGroup": null, "w": 37, "h": 25, "y": 938, "x": 209, "structure_id": "Tr_40"}, {"parent_TextBlock": "Tb_9", "text": "words", "parent_Field": null, "parent_Choice_Field": null, "parent_ChoiceGroup": null, "w": 68, "h": 25, "y": 938, "x": 247, "structure_id": "Tr_41"}, {"parent_TextBlock": "Tb_9", "text": "\"DO", "parent_Field": null, "parent_Choice_Field": null, "parent_ChoiceGroup": null, "w": 52, "h": 25, "y": 938, "x": 316, "structure_id": "Tr_42"}, {"parent_TextBlock": "Tb_9", "text": "NOT", "parent_Field": null, "parent_Choice_Field": null, "parent_ChoiceGroup": null, "w": 58, "h": 25, "y": 938, "x": 369, "structure_id": "Tr_43"}, {"parent_TextBlock": "Tb_9", "text": "KNOW\"", "parent_Field": null, "parent_Choice_Field": null, "parent_ChoiceGroup": null, "w": 94, "h": 25, "y": 938, "x": 428, "structure_id": "Tr_44"}, {"parent_TextBlock": "Tb_9", "text": "should", "parent_Field": null, "parent_Choice_Field": null, "parent_ChoiceGroup": null, "w": 73, "h": 25, "y": 938, "x": 523, "structure_id": "Tr_45"}, {"parent_TextBlock": "Tb_9", "text": "be", "parent_Field": null, "parent_Choice_Field": null, "parent_ChoiceGroup": null, "w": 30, "h": 25, "y": 938, "x": 597, "structure_id": "Tr_46"}, {"parent_TextBlock": "Tb_9", "text": "written", "parent_Field": null, "parent_Choice_Field": null, "parent_ChoiceGroup": null, "w": 77, "h": 25, "y": 938, "x": 628, "structure_id": "Tr_47"}, {"parent_TextBlock": "Tb_9", "text": "in", "parent_Field": null, "parent_Choice_Field": null, "parent_ChoiceGroup": null, "w": 26, "h": 25, "y": 938, "x": 706, "structure_id": "Tr_48"}, {"parent_TextBlock": "Tb_9", "text": "the", "parent_Field": null, "parent_Choice_Field": null, "parent_ChoiceGroup": null, "w": 37, "h": 25, "y": 938, "x": 733, "structure_id": "Tr_49"}, {"parent_TextBlock": "Tb_9", "text": "space", "parent_Field": null, "parent_Choice_Field": null, "parent_ChoiceGroup": null, "w": 61, "h": 25, "y": 938, "x": 771, "structure_id": "Tr_50"}, {"parent_TextBlock": "Tb_9", "text": "provided.", "parent_Field": null, "parent_Choice_Field": null, "parent_ChoiceGroup": null, "w": 102, "h": 25, "y": 938, "x": 833, "structure_id": "Tr_51"}, {"parent_TextBlock": "Tb_9", "text": "If", "parent_Field": null, "parent_Choice_Field": null, "parent_ChoiceGroup": null, "w": 23, "h": 25, "y": 938, "x": 936, "structure_id": "Tr_52"}, {"parent_TextBlock": "Tb_9", "text": "additional", "parent_Field": null, "parent_Choice_Field": null, "parent_ChoiceGroup": null, "w": 106, "h": 25, "y": 938, "x": 960, "structure_id": "Tr_53"}, {"parent_TextBlock": "Tb_9", "text": "space", "parent_Field": null, "parent_Choice_Field": null, "parent_ChoiceGroup": null, "w": 62, "h": 25, "y": 938, "x": 1067, "structure_id": "Tr_54"}, {"parent_TextBlock": "Tb_9", "text": "is", "parent_Field": null, "parent_Choice_Field": null, "parent_ChoiceGroup": null, "w": 23, "h": 25, "y": 938, "x": 1130, "structure_id": "Tr_55"}, {"parent_TextBlock": "Tb_9", "text": "required,", "parent_Field": null, "parent_Choice_Field": null, "parent_ChoiceGroup": null, "w": 96, "h": 25, "y": 938, "x": 1154, "structure_id": "Tr_56"}, {"parent_TextBlock": "Tb_9", "text": "attach", "parent_Field": null, "parent_Choice_Field": null, "parent_ChoiceGroup": null, "w": 66, "h": 25, "y": 938, "x": 1251, "structure_id": "Tr_57"}, {"parent_TextBlock": "Tb_9", "text": "separate", "parent_Field": null, "parent_Choice_Field": null, "parent_ChoiceGroup": null, "w": 88, "h": 25, "y": 938, "x": 1336, "structure_id": "Tr_58"}, {"parent_TextBlock": "Tb_9", "text": "sheet.", "parent_Field": null, "parent_Choice_Field": null, "parent_ChoiceGroup": null, "w": 64, "h": 25, "y": 938, "x": 1425, "structure_id": "Tr_59"}, {"parent_TextBlock": "Tb_9", "text": "If", "parent_Field": null, "parent_Choice_Field": null, "parent_ChoiceGroup": null, "w": 23, "h": 25, "y": 938, "x": 1490, "structure_id": "Tr_60"}, {"parent_TextBlock": "Tb_9", "text": "separate", "parent_Field": null, "parent_Choice_Field": null, "parent_ChoiceGroup": null, "w": 86, "h": 25, "y": 938, "x": 1514, "structure_id": "Tr_61"}, {"parent_TextBlock": "Tb_9", "text": "sheets are necessary, each sheet must be signed.", "parent_Field": null, "parent_Choice_Field": null, "parent_ChoiceGroup": null, "w": 480, "h": 25, "y": 968, "x": 100, "structure_id": "Tr_62"}, {"parent_TextBlock": "Tb_10", "text": "NOTE: If there has been or will be an executor or administrator appointed, furnish letters testamentary or letters of administration. Skip the", "parent_Field": null, "parent_Choice_Field": null, "parent_ChoiceGroup": null, "w": 1400, "h": 25, "y": 764, "x": 100, "structure_id": "Tr_63"}, {"parent_TextBlock": "Tb_10", "text": "remaining items, sign on reverse, and return this form with your letters.", "parent_Field": null, "parent_Choice_Field": null, "parent_ChoiceGroup": null, "w": 714, "h": 25, "y": 794, "x": 100, "structure_id": "Tr_64"}, {"parent_TextBlock": "Tb_11", "text": "5. STATE OF RESIDENCE AT TIME OF DEATH (EXCLUDING MILITARY SERVICE)", "parent_Field": "Fi_4", "parent_Choice_Field": null, "parent_ChoiceGroup": null, "w": 845, "h": 22, "y": 839, "x": 100, "structure_id": "Tr_65"}, {"parent_TextBlock": "Tb_12", "text": "(Continued on Reverse)", "parent_Field": null, "parent_Choice_Field": null, "parent_ChoiceGroup": null, "w": 264, "h": 28, "y": 2061, "x": 1353, "structure_id": "Tr_66"}, {"parent_TextBlock": "Tb_13", "text": "PRIVACY  ACT  INFORMATION:  VA  will  not  disclose  information  collected  on  this  form  to  any  source  other  than  what  has  been  authorized  under  the  Privacy  Act", "parent_Field": null, "parent_Choice_Field": null, "parent_ChoiceGroup": null, "w": 1500, "h": 22, "y": 330, "x": 100, "structure_id": "Tr_67"}, {"parent_TextBlock": "Tb_13", "text": "of  1974  or  Title  38,  Code  of  Federal  Regulations  1.576  for  routine  uses  identified  in  the  VA  system  of  records,  36VA00,  Veterans  and  Armed  Forces  Personnel  U.S.", "parent_Field": null, "parent_Choice_Field": null, "parent_ChoiceGroup": null, "w": 1500, "h": 22, "y": 357, "x": 100, "structure_id": "Tr_68"}, {"parent_TextBlock": "Tb_13", "text": "Government Life Insurance Records - VA, and published in the Federal Register. Your obligation to respond is required to obtain this benefit.", "parent_Field": null, "parent_Choice_Field": null, "parent_ChoiceGroup": null, "w": 1263, "h": 22, "y": 384, "x": 100, "structure_id": "Tr_69"}, {"parent_TextBlock": "Tb_14", "text": "RESPONDENT  BURDEN:  We  need  this  information  to  determine  your  eligibility  for  death  benefit.  Title  38,  United  States  Code,  allows  us  to  ask  for  this", "parent_Field": null, "parent_Choice_Field": null, "parent_ChoiceGroup": null, "w": 1500, "h": 22, "y": 424, "x": 100, "structure_id": "Tr_70"}, {"parent_TextBlock": "Tb_14", "text": "information.  We  estimate  that  you  will  need  an  average  of  30  minutes  to  review  the  instructions,  find  the  information,  and  complete  this  form.  VA  cannot  conduct  or", "parent_Field": null, "parent_Choice_Field": null, "parent_ChoiceGroup": null, "w": 1500, "h": 22, "y": 451, "x": 100, "structure_id": "Tr_71"}, {"parent_TextBlock": "Tb_14", "text": "sponsor  collection  of  information  unless  valid  OMB  control  number  is  displayed.  You  are  not  required  to  respond  to  collection  of  information  if  this  number  is  not", "parent_Field": null, "parent_Choice_Field": null, "parent_ChoiceGroup": null, "w": 1500, "h": 23, "y": 477, "x": 100, "structure_id": "Tr_72"}, {"parent_TextBlock": "Tb_14", "text": "displayed.  Valid  OMB  control  numbers  can  be  located  on  the  OMB  Internet  page  at", "parent_Field": null, "parent_Choice_Field": null, "parent_ChoiceGroup": null, "w": 831, "h": 22, "y": 504, "x": 100, "structure_id": "Tr_73"}, {"parent_TextBlock": "Tb_14", "text": "http://www.reginfo.gov/public/do/PRAMain", "parent_Field": null, "parent_Choice_Field": null, "parent_ChoiceGroup": null, "w": 417, "h": 22, "y": 504, "x": 938, "structure_id": "Tr_74"}, {"parent_TextBlock": "Tb_14", "text": "If  desired,  you  can  call", "parent_Field": null, "parent_Choice_Field": null, "parent_ChoiceGroup": null, "w": 228, "h": 22, "y": 504, "x": 1372, "structure_id": "Tr_75"}, {"parent_TextBlock": "Tb_14", "text": "1-800-827-1000 to get information on where to send comments or suggestions about this form.", "parent_Field": null, "parent_Choice_Field": null, "parent_ChoiceGroup": null, "w": 844, "h": 22, "y": 531, "x": 100, "structure_id": "Tr_76"}, {"parent_TextBlock": "Tb_15", "text": "4A. ARE THERE HEIRS TO THIS ESTATE?", "parent_Field": null, "parent_Choice_Field": null, "parent_ChoiceGroup": "Chgp_1", "w": 440, "h": 22, "y": 572, "x": 650, "structure_id": "Tr_77"}, {"parent_TextBlock": "Tb_16", "text": "YES", "parent_Field": null, "parent_Choice_Field": "Chf_1", "parent_ChoiceGroup": "Chgp_1", "w": 44, "h": 22, "y": 606, "x": 700, "structure_id": "Tr_78"}, {"parent_TextBlock": "Tb_17", "text": "NO", "parent_Field": null, "parent_Choice_Field": "Chf_2", "parent_ChoiceGroup": "Chgp_1", "w": 33, "h": 22, "y": 606, "x": 817, "structure_id": "Tr_79"}, {"parent_TextBlock": "Tb_18", "text": "4B. HAS THERE BEEN OR WILL THERE BE A COURT-APPOINTED EXECUTOR OR", "parent_Field": null, "parent_Choice_Field": null, "parent_ChoiceGroup": "Chgp_2", "w": 866, "h": 22, "y": 659, "x": 650, "structure_id": "Tr_80"}, {"parent_TextBlock": "Tb_18", "text": "ADMINISTRATOR APPOINTED FOR THIS ESTATE?", "parent_Field": null, "parent_Choice_Field": null, "parent_ChoiceGroup": "Chgp_2", "w": 533, "h": 22, "y": 686, "x": 689, "structure_id": "Tr_81"}, {"parent_TextBlock": "Tb_19", "text": "YES", "parent_Field": null, "parent_Choice_Field": "Chf_3", "parent_ChoiceGroup": "Chgp_2", "w": 44, "h": 22, "y": 722, "x": 700, "structure_id": "Tr_82"}, {"parent_TextBlock": "Tb_20", "text": "NO", "parent_Field": null, "parent_Choice_Field": "Chf_4", "parent_ChoiceGroup": "Chgp_2", "w": 33, "h": 22, "y": 722, "x": 817, "structure_id": "Tr_83"}, {"parent_TextBlock": "Tb_21", "text": "6. SPOUSE OF DECEASED VETERAN/BENEFICIARY", "parent_Field": null, "parent_Choice_Field": null, "parent_ChoiceGroup": null, "w": 616, "h": 25, "y": 1004, "x": 542, "structure_id": "Tr_84"}, {"parent_TextBlock": "Tb_22", "text": "C. ADDRESS", "parent_Field": null, "parent_Choice_Field": null, "parent_ChoiceGroup": null, "w": 136, "h": 22, "y": 1039, "x": 633, "structure_id": "Tr_85"}, {"parent_TextBlock": "Tb_23", "text": "A. NAME OF SPOUSE", "parent_Field": null, "parent_Choice_Field": null, "parent_ChoiceGroup": null, "w": 227, "h": 22, "y": 1039, "x": 100, "structure_id": "Tr_86"}, {"parent_TextBlock": "Tb_24", "text": "B. AGE", "parent_Field": null, "parent_Choice_Field": null, "parent_ChoiceGroup": null, "w": 74, "h": 22, "y": 1039, "x": 517, "structure_id": "Tr_87"}, {"parent_TextBlock": "Tb_25", "text": "D. DATE OF DEATH", "parent_Field": null, "parent_Choice_Field": null, "parent_ChoiceGroup": null, "w": 213, "h": 22, "y": 1041, "x": 1083, "structure_id": "Tr_88"}, {"parent_TextBlock": "Tb_25", "text": "\u00c2\u00a0\u00c2\u00a0\u00c2\u00a0", "parent_Field": null, "parent_Choice_Field": null, "parent_ChoiceGroup": null, "w": 17, "h": 22, "y": 1070, "x": 1083, "structure_id": "Tr_89"}, {"parent_TextBlock": "Tb_25", "text": "(If deceased)", "parent_Field": null, "parent_Choice_Field": null, "parent_ChoiceGroup": null, "w": 136, "h": 25, "y": 1067, "x": 1100, "structure_id": "Tr_90"}, {"parent_TextBlock": "Tb_26", "text": "E. YEAR OF MARRIAGE", "parent_Field": null, "parent_Choice_Field": null, "parent_ChoiceGroup": null, "w": 250, "h": 22, "y": 1039, "x": 1333, "structure_id": "Tr_91"}, {"parent_TextBlock": "Tb_27", "text": "7. CHILD(REN) OF DECEASED VETERAN/BENEFICIARY", "parent_Field": null, "parent_Choice_Field": null, "parent_ChoiceGroup": null, "w": 658, "h": 25, "y": 1171, "x": 521, "structure_id": "Tr_92"}, {"parent_TextBlock": "Tb_28", "text": "E. PARENTS OF", "parent_Field": null, "parent_Choice_Field": null, "parent_ChoiceGroup": null, "w": 197, "h": 25, "y": 1222, "x": 1355, "structure_id": "Tr_93"}, {"parent_TextBlock": "Tb_28", "text": "CHILD(REN)", "parent_Field": null, "parent_Choice_Field": null, "parent_ChoiceGroup": null, "w": 152, "h": 25, "y": 1252, "x": 1374, "structure_id": "Tr_94"}, {"parent_TextBlock": "Tb_29", "text": "D. DATE OF", "parent_Field": null, "parent_Choice_Field": null, "parent_ChoiceGroup": null, "w": 154, "h": 25, "y": 1207, "x": 1097, "structure_id": "Tr_95"}, {"parent_TextBlock": "Tb_29", "text": "DEATH", "parent_Field": null, "parent_Choice_Field": null, "parent_ChoiceGroup": null, "w": 92, "h": 25, "y": 1237, "x": 1124, "structure_id": "Tr_96"}, {"parent_TextBlock": "Tb_29", "text": "(If deceased)", "parent_Field": null, "parent_Choice_Field": null, "parent_ChoiceGroup": null, "w": 130, "h": 25, "y": 1268, "x": 1102, "structure_id": "Tr_97"}, {"parent_TextBlock": "Tb_30", "text": "C. ADDRESS", "parent_Field": null, "parent_Choice_Field": null, "parent_ChoiceGroup": null, "w": 153, "h": 25, "y": 1237, "x": 740, "structure_id": "Tr_98"}, {"parent_TextBlock": "Tb_31", "text": "B. AGE", "parent_Field": null, "parent_Choice_Field": null, "parent_ChoiceGroup": null, "w": 83, "h": 25, "y": 1237, "x": 492, "structure_id": "Tr_99"}, {"parent_TextBlock": "Tb_32", "text": "A. NAME(S) OF CHILD(REN)", "parent_Field": null, "parent_Choice_Field": null, "parent_ChoiceGroup": null, "w": 336, "h": 25, "y": 1207, "x": 119, "structure_id": "Tr_100"}, {"parent_TextBlock": "Tb_32", "text": "(Include illegitimate, adopted", "parent_Field": null, "parent_Choice_Field": null, "parent_ChoiceGroup": null, "w": 303, "h": 25, "y": 1238, "x": 135, "structure_id": "Tr_101"}, {"parent_TextBlock": "Tb_32", "text": "and unborn child(ren))", "parent_Field": null, "parent_Choice_Field": null, "parent_ChoiceGroup": null, "w": 231, "h": 25, "y": 1268, "x": 168, "structure_id": "Tr_102"}, {"parent_TextBlock": "Tb_33", "text": "8. PARENTS OF DECEASED VETERAN/BENEFICIARY", "parent_Field": null, "parent_Choice_Field": null, "parent_ChoiceGroup": null, "w": 630, "h": 25, "y": 1704, "x": 535, "structure_id": "Tr_103"}, {"parent_TextBlock": "Tb_34", "text": "PARENT(S)", "parent_Field": null, "parent_Choice_Field": null, "parent_ChoiceGroup": null, "w": 120, "h": 22, "y": 1872, "x": 104, "structure_id": "Tr_104"}, {"parent_TextBlock": "Tb_35", "text": "PARENT(S)", "parent_Field": null, "parent_Choice_Field": null, "parent_ChoiceGroup": null, "w": 120, "h": 22, "y": 1772, "x": 104, "structure_id": "Tr_105"}, {"parent_TextBlock": "Tb_36", "text": "C. ADDRESS", "parent_Field": null, "parent_Choice_Field": null, "parent_ChoiceGroup": null, "w": 153, "h": 25, "y": 1737, "x": 807, "structure_id": "Tr_106"}, {"parent_TextBlock": "Tb_37", "text": "B. AGE", "parent_Field": null, "parent_Choice_Field": null, "parent_ChoiceGroup": null, "w": 83, "h": 25, "y": 1737, "x": 500, "structure_id": "Tr_107"}, {"parent_TextBlock": "Tb_38", "text": "D. DATE OF DEATH", "parent_Field": null, "parent_Choice_Field": null, "parent_ChoiceGroup": null, "w": 239, "h": 25, "y": 1737, "x": 1207, "structure_id": "Tr_108"}, {"parent_TextBlock": "Tb_38", "text": "(If deceased)", "parent_Field": null, "parent_Choice_Field": null, "parent_ChoiceGroup": null, "w": 130, "h": 25, "y": 1738, "x": 1446, "structure_id": "Tr_109"}, {"parent_TextBlock": "Tb_39", "text": "A. NAME OF PARENT", "parent_Field": null, "parent_Choice_Field": null, "parent_ChoiceGroup": null, "w": 253, "h": 25, "y": 1737, "x": 157, "structure_id": "Tr_110"}, {"parent_TextBlock": "Tb_40", "text": "CERTIFICATE SHOWING RESIDENCE AND HEIRS OF", "parent_Field": null, "parent_Choice_Field": null, "parent_ChoiceGroup": null, "w": 854, "h": 33, "y": 230, "x": 144, "structure_id": "Tr_111"}, {"parent_TextBlock": "Tb_40", "text": "DECEASED VETERAN OR BENEFICIARY", "parent_Field": null, "parent_Choice_Field": null, "parent_ChoiceGroup": null, "w": 648, "h": 33, "y": 270, "x": 243, "structure_id": "Tr_112"}, {"parent_TextBlock": "Tb_41", "text": "SUPERSEDES VA FORM 29-541, SEP 2006,", "parent_Field": null, "parent_Choice_Field": null, "parent_ChoiceGroup": null, "w": 402, "h": 19, "y": 2054, "x": 604, "structure_id": "Tr_113"}, {"parent_TextBlock": "Tb_41", "text": "WHICH WILL NOT BE USED.", "parent_Field": null, "parent_Choice_Field": null, "parent_ChoiceGroup": null, "w": 259, "h": 19, "y": 2077, "x": 604, "structure_id": "Tr_114"}], "ChoiceGroup": [{"y": 569.03125, "x": 640, "structure_id": "Chgp_1", "w": 522, "h": 68}, {"y": 653.03125, "x": 642, "structure_id": "Chgp_2", "w": 883, "h": 96}]}