{"Widget": [{"parent_Field": "Fi_1", "parent_Choice_Field": null, "parent_ChoiceGroup": null, "w": 140.50236220472442, "h": 46.83307086614173, "y": 53.78031496062992, "x": 513.4803149606299, "structure_id": "Wi_1"}, {"parent_Field": "Fi_1", "parent_Choice_Field": null, "parent_ChoiceGroup": null, "w": 88.94488188976378, "h": 46.83307086614173, "y": 53.78031496062992, "x": 707.4976377952756, "structure_id": "Wi_2"}, {"parent_Field": "Fi_1", "parent_Choice_Field": null, "parent_ChoiceGroup": null, "w": 188.88031496062993, "h": 46.83307086614173, "y": 53.78031496062992, "x": 838.6527559055119, "structure_id": "Wi_3"}, {"parent_Field": "Fi_2", "parent_Choice_Field": null, "parent_ChoiceGroup": null, "w": 1500, "h": 100, "y": 933.3307086614174, "x": 100, "structure_id": "Wi_4"}, {"parent_Field": "Fi_3", "parent_Choice_Field": null, "parent_ChoiceGroup": null, "w": 1033.3307086614175, "h": 33.33070866141732, "y": 316.66929133858264, "x": 350, "structure_id": "Wi_5"}, {"parent_Field": "Fi_4", "parent_Choice_Field": null, "parent_ChoiceGroup": null, "w": 1050, "h": 33.33070866141732, "y": 716.6692913385828, "x": 433.3307086614173, "structure_id": "Wi_6"}, {"parent_Field": "Fi_5", "parent_Choice_Field": null, "parent_ChoiceGroup": null, "w": 216.66929133858267, "h": 33.33070866141732, "y": 433.33858267716533, "x": 433.3307086614173, "structure_id": "Wi_7"}, {"parent_Field": "Fi_6", "parent_Choice_Field": null, "parent_ChoiceGroup": null, "w": 1050, "h": 33.33070866141732, "y": 600, "x": 433.3307086614173, "structure_id": "Wi_8"}, {"parent_Field": "Fi_7", "parent_Choice_Field": null, "parent_ChoiceGroup": null, "w": 1050, "h": 33.33070866141732, "y": 350, "x": 333.3307086614173, "structure_id": "Wi_9"}, {"parent_Field": "Fi_8", "parent_Choice_Field": null, "parent_ChoiceGroup": null, "w": 1500, "h": 100, "y": 1100, "x": 100, "structure_id": "Wi_10"}, {"parent_Field": null, "parent_Choice_Field": "Chf_1", "parent_ChoiceGroup": "Chgp_1", "w": 25, "h": 25, "y": 240.27795275590552, "x": 108.32755905511812, "structure_id": "Wi_11"}, {"parent_Field": null, "parent_Choice_Field": "Chf_2", "parent_ChoiceGroup": "Chgp_1", "w": 25, "h": 25, "y": 290.2779527559055, "x": 108.32755905511812, "structure_id": "Wi_12"}, {"parent_Field": null, "parent_Choice_Field": "Chf_3", "parent_ChoiceGroup": "Chgp_1", "w": 25, "h": 25, "y": 406.94724409448816, "x": 108.32755905511812, "structure_id": "Wi_13"}, {"parent_Field": null, "parent_Choice_Field": "Chf_4", "parent_ChoiceGroup": "Chgp_1", "w": 25, "h": 25, "y": 490.2779527559055, "x": 108.32755905511812, "structure_id": "Wi_14"}, {"parent_Field": null, "parent_Choice_Field": "Chf_5", "parent_ChoiceGroup": "Chgp_1", "w": 25, "h": 25, "y": 573.607874015748, "x": 108.32755905511812, "structure_id": "Wi_15"}, {"parent_Field": null, "parent_Choice_Field": "Chf_6", "parent_ChoiceGroup": "Chgp_1", "w": 25, "h": 25, "y": 690.2779527559055, "x": 108.32755905511812, "structure_id": "Wi_16"}, {"parent_Field": null, "parent_Choice_Field": "Chf_7", "parent_ChoiceGroup": "Chgp_2", "w": 25, "h": 25, "y": 887.5, "x": 108.32755905511812, "structure_id": "Wi_17"}, {"parent_Field": null, "parent_Choice_Field": "Chf_8", "parent_ChoiceGroup": "Chgp_2", "w": 25, "h": 25, "y": 887.5, "x": 208.32755905511812, "structure_id": "Wi_18"}, {"parent_Field": "Fi_9", "parent_Choice_Field": null, "parent_ChoiceGroup": null, "w": 216.66929133858267, "h": 33.33070866141732, "y": 516.6692913385828, "x": 433.3307086614173, "structure_id": "Wi_19"}, {"parent_Field": "Fi_10", "parent_Choice_Field": null, "parent_ChoiceGroup": null, "w": 216.66929133858267, "h": 33.33070866141732, "y": 633.3307086614174, "x": 433.3307086614173, "structure_id": "Wi_20"}, {"parent_Field": "Fi_11", "parent_Choice_Field": null, "parent_ChoiceGroup": null, "w": 216.66929133858267, "h": 33.33070866141732, "y": 750.007874015748, "x": 733.3307086614174, "structure_id": "Wi_21"}, {"parent_Field": "Fi_12", "parent_Choice_Field": null, "parent_ChoiceGroup": null, "w": 216.66929133858267, "h": 33.33070866141732, "y": 433.33858267716533, "x": 1250, "structure_id": "Wi_22"}, {"parent_Field": "Fi_13", "parent_Choice_Field": null, "parent_ChoiceGroup": null, "w": 216.66929133858267, "h": 33.33070866141732, "y": 516.6692913385828, "x": 1250, "structure_id": "Wi_23"}, {"parent_Field": "Fi_14", "parent_Choice_Field": null, "parent_ChoiceGroup": null, "w": 1500, "h": 100, "y": 1533.3307086614175, "x": 100, "structure_id": "Wi_24"}, {"parent_Field": null, "parent_Choice_Field": "Chf_9", "parent_ChoiceGroup": "Chgp_3", "w": 25, "h": 25, "y": 1370.8307086614172, "x": 108.32755905511812, "structure_id": "Wi_25"}, {"parent_Field": null, "parent_Choice_Field": "Chf_10", "parent_ChoiceGroup": "Chgp_3", "w": 25, "h": 25, "y": 1370.8307086614172, "x": 208.32755905511812, "structure_id": "Wi_26"}, {"parent_Field": null, "parent_Choice_Field": "Chf_11", "parent_ChoiceGroup": "Chgp_4", "w": 25, "h": 25, "y": 1304.1614173228347, "x": 108.32755905511812, "structure_id": "Wi_27"}, {"parent_Field": null, "parent_Choice_Field": "Chf_12", "parent_ChoiceGroup": "Chgp_4", "w": 25, "h": 25, "y": 1304.1614173228347, "x": 208.32755905511812, "structure_id": "Wi_28"}, {"parent_Field": null, "parent_Choice_Field": "Chf_13", "parent_ChoiceGroup": "Chgp_5", "w": 25, "h": 25, "y": 1487.4913385826771, "x": 108.32755905511812, "structure_id": "Wi_29"}, {"parent_Field": null, "parent_Choice_Field": "Chf_14", "parent_ChoiceGroup": "Chgp_5", "w": 25, "h": 25, "y": 1487.4913385826771, "x": 208.32755905511812, "structure_id": "Wi_30"}, {"parent_Field": "Fi_15", "parent_Choice_Field": null, "parent_ChoiceGroup": null, "w": 1500, "h": 100, "y": 1833.3307086614175, "x": 100, "structure_id": "Wi_31"}, {"parent_Field": "Fi_16", "parent_Choice_Field": null, "parent_ChoiceGroup": null, "w": 200, "h": 33.33070866141732, "y": 2000, "x": 366.6692913385827, "structure_id": "Wi_32"}, {"parent_Field": "Fi_17", "parent_Choice_Field": null, "parent_ChoiceGroup": null, "w": 633.3307086614174, "h": 33.33070866141732, "y": 2033.3307086614175, "x": 683.3385826771654, "structure_id": "Wi_33"}, {"parent_Field": "Fi_18", "parent_Choice_Field": null, "parent_ChoiceGroup": null, "w": 200, "h": 33.33070866141732, "y": 1966.6614173228347, "x": 366.6692913385827, "structure_id": "Wi_34"}, {"parent_Field": "Fi_19", "parent_Choice_Field": null, "parent_ChoiceGroup": null, "w": 200, "h": 33.33070866141732, "y": 2033.3307086614175, "x": 366.6692913385827, "structure_id": "Wi_35"}, {"parent_Field": "Fi_20", "parent_Choice_Field": null, "parent_ChoiceGroup": null, "w": 633.3307086614174, "h": 33.33070866141732, "y": 1966.6614173228347, "x": 683.3385826771654, "structure_id": "Wi_36"}, {"parent_Field": "Fi_21", "parent_Choice_Field": null, "parent_ChoiceGroup": null, "w": 633.3307086614174, "h": 33.33070866141732, "y": 2000, "x": 683.3385826771654, "structure_id": "Wi_37"}, {"parent_Field": null, "parent_Choice_Field": "Chf_15", "parent_ChoiceGroup": "Chgp_6", "w": 25, "h": 25, "y": 1770.8307086614175, "x": 108.32755905511812, "structure_id": "Wi_38"}, {"parent_Field": null, "parent_Choice_Field": "Chf_16", "parent_ChoiceGroup": "Chgp_6", "w": 25, "h": 25, "y": 1770.8307086614175, "x": 208.32755905511812, "structure_id": "Wi_39"}, {"parent_Field": null, "parent_Choice_Field": "Chf_17", "parent_ChoiceGroup": "Chgp_7", "w": 25, "h": 25, "y": 1973.6078740157482, "x": 108.32755905511812, "structure_id": "Wi_40"}, {"parent_Field": null, "parent_Choice_Field": "Chf_18", "parent_ChoiceGroup": "Chgp_7", "w": 25, "h": 25, "y": 2006.9385826771654, "x": 108.32755905511812, "structure_id": "Wi_41"}, {"parent_Field": null, "parent_Choice_Field": "Chf_19", "parent_ChoiceGroup": "Chgp_7", "w": 25, "h": 25, "y": 2040.2692913385827, "x": 108.32755905511812, "structure_id": "Wi_42"}], "TextBlock": [{"parent_Field": "Fi_1", "parent_Choice_Field": null, "parent_ChoiceGroup": null, "w": 416, "h": 20, "y": 75, "x": 85, "structure_id": "Tb_1"}, {"parent_Field": null, "parent_Choice_Field": null, "parent_ChoiceGroup": null, "w": 586, "h": 25, "y": 106, "x": 557, "structure_id": "Tb_2"}, {"parent_Field": "Fi_2", "parent_Choice_Field": null, "parent_ChoiceGroup": null, "w": 603, "h": 22, "y": 889, "x": 300, "structure_id": "Tb_3"}, {"parent_Field": "Fi_3", "parent_Choice_Field": null, "parent_ChoiceGroup": null, "w": 178, "h": 19, "y": 331, "x": 150, "structure_id": "Tb_4"}, {"parent_Field": "Fi_4", "parent_Choice_Field": null, "parent_ChoiceGroup": null, "w": 266, "h": 19, "y": 731, "x": 150, "structure_id": "Tb_5"}, {"parent_Field": "Fi_5", "parent_Choice_Field": null, "parent_ChoiceGroup": null, "w": 263, "h": 20, "y": 447, "x": 150, "structure_id": "Tb_6"}, {"parent_Field": "Fi_6", "parent_Choice_Field": null, "parent_ChoiceGroup": null, "w": 271, "h": 19, "y": 614, "x": 150, "structure_id": "Tb_7"}, {"parent_Field": "Fi_7", "parent_Choice_Field": null, "parent_ChoiceGroup": null, "w": 161, "h": 19, "y": 364, "x": 150, "structure_id": "Tb_8"}, {"parent_Field": "Fi_8", "parent_Choice_Field": null, "parent_ChoiceGroup": null, "w": 1470, "h": 43, "y": 1045, "x": 100, "structure_id": "Tb_9"}, {"parent_Field": null, "parent_Choice_Field": null, "parent_ChoiceGroup": "Chgp_1", "w": 1473, "h": 45, "y": 144, "x": 100, "structure_id": "Tb_10"}, {"parent_Field": null, "parent_Choice_Field": "Chf_1", "parent_ChoiceGroup": "Chgp_1", "w": 490, "h": 20, "y": 247, "x": 150, "structure_id": "Tb_11"}, {"parent_Field": null, "parent_Choice_Field": "Chf_2", "parent_ChoiceGroup": "Chgp_1", "w": 68, "h": 20, "y": 297, "x": 150, "structure_id": "Tb_12"}, {"parent_Field": null, "parent_Choice_Field": "Chf_3", "parent_ChoiceGroup": "Chgp_1", "w": 152, "h": 19, "y": 414, "x": 150, "structure_id": "Tb_13"}, {"parent_Field": null, "parent_Choice_Field": "Chf_4", "parent_ChoiceGroup": "Chgp_1", "w": 250, "h": 20, "y": 497, "x": 150, "structure_id": "Tb_14"}, {"parent_Field": null, "parent_Choice_Field": "Chf_5", "parent_ChoiceGroup": "Chgp_1", "w": 243, "h": 19, "y": 581, "x": 150, "structure_id": "Tb_15"}, {"parent_Field": null, "parent_Choice_Field": "Chf_6", "parent_ChoiceGroup": "Chgp_1", "w": 238, "h": 20, "y": 697, "x": 150, "structure_id": "Tb_16"}, {"parent_Field": null, "parent_Choice_Field": null, "parent_ChoiceGroup": "Chgp_2", "w": 1481, "h": 42, "y": 829, "x": 100, "structure_id": "Tb_17"}, {"parent_Field": null, "parent_Choice_Field": "Chf_7", "parent_ChoiceGroup": "Chgp_2", "w": 39, "h": 20, "y": 890, "x": 150, "structure_id": "Tb_18"}, {"parent_Field": null, "parent_Choice_Field": "Chf_8", "parent_ChoiceGroup": "Chgp_2", "w": 29, "h": 20, "y": 890, "x": 250, "structure_id": "Tb_19"}, {"parent_Field": null, "parent_Choice_Field": null, "parent_ChoiceGroup": null, "w": 963, "h": 22, "y": 206, "x": 100, "structure_id": "Tb_20"}, {"parent_Field": "Fi_9", "parent_Choice_Field": null, "parent_ChoiceGroup": null, "w": 263, "h": 19, "y": 531, "x": 150, "structure_id": "Tb_21"}, {"parent_Field": "Fi_10", "parent_Choice_Field": null, "parent_ChoiceGroup": null, "w": 273, "h": 20, "y": 647, "x": 150, "structure_id": "Tb_22"}, {"parent_Field": "Fi_11", "parent_Choice_Field": null, "parent_ChoiceGroup": null, "w": 569, "h": 19, "y": 764, "x": 150, "structure_id": "Tb_23"}, {"parent_Field": "Fi_12", "parent_Choice_Field": null, "parent_ChoiceGroup": null, "w": 568, "h": 20, "y": 447, "x": 667, "structure_id": "Tb_24"}, {"parent_Field": "Fi_13", "parent_Choice_Field": null, "parent_ChoiceGroup": null, "w": 568, "h": 19, "y": 531, "x": 667, "structure_id": "Tb_25"}, {"parent_Field": null, "parent_Choice_Field": null, "parent_ChoiceGroup": null, "w": 1264, "h": 22, "y": 1207, "x": 218, "structure_id": "Tb_26"}, {"parent_Field": null, "parent_Choice_Field": null, "parent_ChoiceGroup": null, "w": 898, "h": 22, "y": 1406, "x": 100, "structure_id": "Tb_27"}, {"parent_Field": "Fi_14", "parent_Choice_Field": null, "parent_ChoiceGroup": null, "w": 305, "h": 22, "y": 1489, "x": 300, "structure_id": "Tb_28"}, {"parent_Field": null, "parent_Choice_Field": null, "parent_ChoiceGroup": "Chgp_3", "w": 1328, "h": 22, "y": 1339, "x": 100, "structure_id": "Tb_29"}, {"parent_Field": null, "parent_Choice_Field": "Chf_9", "parent_ChoiceGroup": "Chgp_3", "w": 39, "h": 19, "y": 1374, "x": 150, "structure_id": "Tb_30"}, {"parent_Field": null, "parent_Choice_Field": "Chf_10", "parent_ChoiceGroup": "Chgp_3", "w": 29, "h": 19, "y": 1374, "x": 250, "structure_id": "Tb_31"}, {"parent_Field": null, "parent_Choice_Field": null, "parent_ChoiceGroup": "Chgp_4", "w": 1490, "h": 43, "y": 1245, "x": 100, "structure_id": "Tb_32"}, {"parent_Field": null, "parent_Choice_Field": "Chf_11", "parent_ChoiceGroup": "Chgp_4", "w": 39, "h": 19, "y": 1307, "x": 150, "structure_id": "Tb_33"}, {"parent_Field": null, "parent_Choice_Field": "Chf_12", "parent_ChoiceGroup": "Chgp_4", "w": 29, "h": 19, "y": 1307, "x": 250, "structure_id": "Tb_34"}, {"parent_Field": null, "parent_Choice_Field": null, "parent_ChoiceGroup": "Chgp_5", "w": 1262, "h": 19, "y": 1457, "x": 100, "structure_id": "Tb_35"}, {"parent_Field": null, "parent_Choice_Field": "Chf_13", "parent_ChoiceGroup": "Chgp_5", "w": 39, "h": 20, "y": 1490, "x": 150, "structure_id": "Tb_36"}, {"parent_Field": null, "parent_Choice_Field": "Chf_14", "parent_ChoiceGroup": "Chgp_5", "w": 29, "h": 20, "y": 1490, "x": 250, "structure_id": "Tb_37"}, {"parent_Field": null, "parent_Choice_Field": null, "parent_ChoiceGroup": null, "w": 388, "h": 22, "y": 1640, "x": 656, "structure_id": "Tb_38"}, {"parent_Field": "Fi_15", "parent_Choice_Field": null, "parent_ChoiceGroup": null, "w": 443, "h": 22, "y": 1806, "x": 100, "structure_id": "Tb_39"}, {"parent_Field": null, "parent_Choice_Field": null, "parent_ChoiceGroup": null, "w": 1436, "h": 47, "y": 1677, "x": 100, "structure_id": "Tb_40"}, {"parent_Field": "Fi_16", "parent_Choice_Field": null, "parent_ChoiceGroup": null, "w": 46, "h": 19, "y": 2014, "x": 300, "structure_id": "Tb_41"}, {"parent_Field": "Fi_17", "parent_Choice_Field": null, "parent_ChoiceGroup": null, "w": 61, "h": 20, "y": 2047, "x": 600, "structure_id": "Tb_42"}, {"parent_Field": "Fi_18", "parent_Choice_Field": null, "parent_ChoiceGroup": null, "w": 46, "h": 19, "y": 1981, "x": 300, "structure_id": "Tb_43"}, {"parent_Field": "Fi_19", "parent_Choice_Field": null, "parent_ChoiceGroup": null, "w": 46, "h": 20, "y": 2047, "x": 300, "structure_id": "Tb_44"}, {"parent_Field": "Fi_20", "parent_Choice_Field": null, "parent_ChoiceGroup": null, "w": 61, "h": 19, "y": 1981, "x": 600, "structure_id": "Tb_45"}, {"parent_Field": "Fi_21", "parent_Choice_Field": null, "parent_ChoiceGroup": null, "w": 61, "h": 19, "y": 2014, "x": 600, "structure_id": "Tb_46"}, {"parent_Field": null, "parent_Choice_Field": null, "parent_ChoiceGroup": "Chgp_6", "w": 865, "h": 20, "y": 1740, "x": 100, "structure_id": "Tb_47"}, {"parent_Field": null, "parent_Choice_Field": "Chf_15", "parent_ChoiceGroup": "Chgp_6", "w": 39, "h": 19, "y": 1774, "x": 150, "structure_id": "Tb_48"}, {"parent_Field": null, "parent_Choice_Field": "Chf_16", "parent_ChoiceGroup": "Chgp_6", "w": 29, "h": 19, "y": 1774, "x": 250, "structure_id": "Tb_49"}, {"parent_Field": null, "parent_Choice_Field": null, "parent_ChoiceGroup": "Chgp_7", "w": 257, "h": 20, "y": 1940, "x": 100, "structure_id": "Tb_50"}, {"parent_Field": null, "parent_Choice_Field": "Chf_17", "parent_ChoiceGroup": "Chgp_7", "w": 41, "h": 19, "y": 1981, "x": 150, "structure_id": "Tb_51"}, {"parent_Field": null, "parent_Choice_Field": "Chf_18", "parent_ChoiceGroup": "Chgp_7", "w": 89, "h": 19, "y": 2014, "x": 150, "structure_id": "Tb_52"}, {"parent_Field": null, "parent_Choice_Field": "Chf_19", "parent_ChoiceGroup": "Chgp_7", "w": 54, "h": 20, "y": 2047, "x": 150, "structure_id": "Tb_53"}, {"parent_Field": null, "parent_Choice_Field": null, "parent_ChoiceGroup": null, "w": 290, "h": 19, "y": 2124, "x": 83, "structure_id": "Tb_54"}, {"parent_Field": null, "parent_Choice_Field": null, "parent_ChoiceGroup": null, "w": 71, "h": 22, "y": 2122, "x": 1546, "structure_id": "Tb_55"}], "Choice_Field": [{"y": 240.27795275590552, "x": 108.32755905511812, "structure_id": "Chf_1", "w": 531.6724409448818, "h": 26.722047244094483}, {"y": 290.2779527559055, "x": 108.32755905511812, "structure_id": "Chf_2", "w": 109.67244094488188, "h": 26.722047244094483}, {"y": 406.94724409448816, "x": 108.32755905511812, "structure_id": "Chf_3", "w": 193.67244094488188, "h": 26.052755905511845}, {"y": 490.2779527559055, "x": 108.32755905511812, "structure_id": "Chf_4", "w": 291.6724409448819, "h": 26.722047244094483}, {"y": 573.607874015748, "x": 108.32755905511812, "structure_id": "Chf_5", "w": 284.6724409448819, "h": 26.392125984251948}, {"y": 690.2779527559055, "x": 108.32755905511812, "structure_id": "Chf_6", "w": 279.6724409448819, "h": 26.722047244094483}, {"y": 887.5, "x": 108.32755905511812, "structure_id": "Chf_7", "w": 80.67244094488188, "h": 25}, {"y": 887.5, "x": 208.32755905511812, "structure_id": "Chf_8", "w": 70.67244094488188, "h": 25}, {"y": 1370.8307086614172, "x": 108.32755905511812, "structure_id": "Chf_9", "w": 80.67244094488188, "h": 25}, {"y": 1370.8307086614172, "x": 208.32755905511812, "structure_id": "Chf_10", "w": 70.67244094488188, "h": 25}, {"y": 1304.1614173228347, "x": 108.32755905511812, "structure_id": "Chf_11", "w": 80.67244094488188, "h": 25}, {"y": 1304.1614173228347, "x": 208.32755905511812, "structure_id": "Chf_12", "w": 70.67244094488188, "h": 25}, {"y": 1487.4913385826771, "x": 108.32755905511812, "structure_id": "Chf_13", "w": 80.67244094488188, "h": 25}, {"y": 1487.4913385826771, "x": 208.32755905511812, "structure_id": "Chf_14", "w": 70.67244094488188, "h": 25}, {"y": 1770.8307086614175, "x": 108.32755905511812, "structure_id": "Chf_15", "w": 80.67244094488188, "h": 25}, {"y": 1770.8307086614175, "x": 208.32755905511812, "structure_id": "Chf_16", "w": 70.67244094488188, "h": 25}, {"y": 1973.6078740157482, "x": 108.32755905511812, "structure_id": "Chf_17", "w": 82.67244094488188, "h": 26.392125984251834}, {"y": 2006.9385826771654, "x": 108.32755905511812, "structure_id": "Chf_18", "w": 130.67244094488188, "h": 26.061417322834586}, {"y": 2040.2692913385827, "x": 108.32755905511812, "structure_id": "Chf_19", "w": 95.67244094488188, "h": 26.73070866141734}], "Field": [{"y": 53.78031496062992, "x": 85, "structure_id": "Fi_1", "w": 942.5330708661418, "h": 46.83307086614174}, {"y": 889, "x": 100, "structure_id": "Fi_2", "w": 1500, "h": 144.33070866141725}, {"y": 316.66929133858264, "x": 150, "structure_id": "Fi_3", "w": 1233.3307086614175, "h": 33.33070866141736}, {"y": 716.6692913385828, "x": 150, "structure_id": "Fi_4", "w": 1333.3307086614172, "h": 33.33070866141736}, {"y": 433.33858267716533, "x": 150, "structure_id": "Fi_5", "w": 500, "h": 33.661417322834666}, {"y": 600, "x": 150, "structure_id": "Fi_6", "w": 1333.3307086614172, "h": 33.33070866141736}, {"y": 350, "x": 150, "structure_id": "Fi_7", "w": 1233.3307086614172, "h": 33.330708661417304}, {"y": 1045, "x": 100, "structure_id": "Fi_8", "w": 1500, "h": 155}, {"y": 516.6692913385828, "x": 150, "structure_id": "Fi_9", "w": 500, "h": 33.33070866141736}, {"y": 633.3307086614174, "x": 150, "structure_id": "Fi_10", "w": 500, "h": 33.66929133858264}, {"y": 750.007874015748, "x": 150, "structure_id": "Fi_11", "w": 800, "h": 33.33070866141736}, {"y": 433.33858267716533, "x": 667, "structure_id": "Fi_12", "w": 799.6692913385828, "h": 33.661417322834666}, {"y": 516.6692913385828, "x": 667, "structure_id": "Fi_13", "w": 799.6692913385828, "h": 33.33070866141736}, {"y": 1489, "x": 100, "structure_id": "Fi_14", "w": 1500, "h": 144.33070866141748}, {"y": 1806, "x": 100, "structure_id": "Fi_15", "w": 1500, "h": 127.33070866141748}, {"y": 2000, "x": 300, "structure_id": "Fi_16", "w": 266.66929133858275, "h": 33.33070866141725}, {"y": 2033.3307086614175, "x": 600, "structure_id": "Fi_17", "w": 716.6692913385828, "h": 33.669291338582525}, {"y": 1966.6614173228347, "x": 300, "structure_id": "Fi_18", "w": 266.66929133858275, "h": 33.33858267716528}, {"y": 2033.3307086614175, "x": 300, "structure_id": "Fi_19", "w": 266.66929133858275, "h": 33.669291338582525}, {"y": 1966.6614173228347, "x": 600, "structure_id": "Fi_20", "w": 716.6692913385828, "h": 33.33858267716528}, {"y": 2000, "x": 600, "structure_id": "Fi_21", "w": 716.6692913385828, "h": 33.33070866141725}], "TextRun": [{"parent_TextBlock": "Tb_1", "text": "PATIENT/VETERAN'S SOCIAL SECURITY NO.", "parent_Field": "Fi_1", "parent_Choice_Field": null, "parent_ChoiceGroup": null, "w": 416, "h": 20, "y": 75, "x": 85, "structure_id": "Tr_1"}, {"parent_TextBlock": "Tb_2", "text": "SECTION VII - TUMORS AND NEOPLASMS", "parent_Field": null, "parent_Choice_Field": null, "parent_ChoiceGroup": null, "w": 461, "h": 22, "y": 108, "x": 557, "structure_id": "Tr_2"}, {"parent_TextBlock": "Tb_2", "text": "(Continued)", "parent_Field": null, "parent_Choice_Field": null, "parent_ChoiceGroup": null, "w": 125, "h": 25, "y": 106, "x": 1018, "structure_id": "Tr_3"}, {"parent_TextBlock": "Tb_3", "text": "(If yes, list residual conditions and complications (brief summary)):", "parent_Field": "Fi_2", "parent_Choice_Field": null, "parent_ChoiceGroup": null, "w": 603, "h": 22, "y": 889, "x": 300, "structure_id": "Tr_4"}, {"parent_TextBlock": "Tb_4", "text": "If checked, describe:", "parent_Field": "Fi_3", "parent_Choice_Field": null, "parent_ChoiceGroup": null, "w": 178, "h": 19, "y": 331, "x": 150, "structure_id": "Tr_5"}, {"parent_TextBlock": "Tb_5", "text": "If checked, describe treatment:", "parent_Field": "Fi_4", "parent_Choice_Field": null, "parent_ChoiceGroup": null, "w": 266, "h": 19, "y": 731, "x": 150, "structure_id": "Tr_6"}, {"parent_TextBlock": "Tb_6", "text": "Date of most recent treatment:", "parent_Field": "Fi_5", "parent_Choice_Field": null, "parent_ChoiceGroup": null, "w": 263, "h": 20, "y": 447, "x": 150, "structure_id": "Tr_7"}, {"parent_TextBlock": "Tb_7", "text": "If checked, describe procedure:", "parent_Field": "Fi_6", "parent_Choice_Field": null, "parent_ChoiceGroup": null, "w": 271, "h": 19, "y": 614, "x": 150, "structure_id": "Tr_8"}, {"parent_TextBlock": "Tb_8", "text": "Date(s) of surgery:", "parent_Field": "Fi_7", "parent_Choice_Field": null, "parent_ChoiceGroup": null, "w": 161, "h": 19, "y": 364, "x": 150, "structure_id": "Tr_9"}, {"parent_TextBlock": "Tb_9", "text": "7E. IF THERE ARE ADDITIONAL BENIGN OR MALIGNANT NEOPLASMS OR METASTASES RELATED TO ANY OF THE DIAGNOSES IN SECTION I, DIAGNOSIS,", "parent_Field": "Fi_8", "parent_Choice_Field": null, "parent_ChoiceGroup": null, "w": 1470, "h": 20, "y": 1045, "x": 100, "structure_id": "Tr_10"}, {"parent_TextBlock": "Tb_9", "text": "DESCRIBE USING THE ABOVE FORMAT:", "parent_Field": "Fi_8", "parent_Choice_Field": null, "parent_ChoiceGroup": null, "w": 376, "h": 19, "y": 1069, "x": 136, "structure_id": "Tr_11"}, {"parent_TextBlock": "Tb_10", "text": "7C. HAS THE VETERAN COMPLETED TREATMENT OR IS THE VETERAN CURRENTLY UNDERGOING TREATMENT FOR A BENIGN OR MALIGNANT NEOPLASM", "parent_Field": null, "parent_Choice_Field": null, "parent_ChoiceGroup": "Chgp_1", "w": 1473, "h": 19, "y": 144, "x": 100, "structure_id": "Tr_12"}, {"parent_TextBlock": "Tb_10", "text": "OR METASTASES?", "parent_Field": null, "parent_Choice_Field": null, "parent_ChoiceGroup": "Chgp_1", "w": 182, "h": 20, "y": 169, "x": 133, "structure_id": "Tr_13"}, {"parent_TextBlock": "Tb_10", "text": "(Continued)", "parent_Field": null, "parent_Choice_Field": null, "parent_ChoiceGroup": "Chgp_1", "w": 107, "h": 22, "y": 167, "x": 315, "structure_id": "Tr_14"}, {"parent_TextBlock": "Tb_11", "text": "Treatment completed; currently in watchful waiting status", "parent_Field": null, "parent_Choice_Field": "Chf_1", "parent_ChoiceGroup": "Chgp_1", "w": 490, "h": 20, "y": 247, "x": 150, "structure_id": "Tr_15"}, {"parent_TextBlock": "Tb_12", "text": "Surgery", "parent_Field": null, "parent_Choice_Field": "Chf_2", "parent_ChoiceGroup": "Chgp_1", "w": 68, "h": 20, "y": 297, "x": 150, "structure_id": "Tr_16"}, {"parent_TextBlock": "Tb_13", "text": "Radiation therapy", "parent_Field": null, "parent_Choice_Field": "Chf_3", "parent_ChoiceGroup": "Chgp_1", "w": 152, "h": 19, "y": 414, "x": 150, "structure_id": "Tr_17"}, {"parent_TextBlock": "Tb_14", "text": "Antineoplastic chemotherapy", "parent_Field": null, "parent_Choice_Field": "Chf_4", "parent_ChoiceGroup": "Chgp_1", "w": 250, "h": 20, "y": 497, "x": 150, "structure_id": "Tr_18"}, {"parent_TextBlock": "Tb_15", "text": "Other therapeutic procedure", "parent_Field": null, "parent_Choice_Field": "Chf_5", "parent_ChoiceGroup": "Chgp_1", "w": 243, "h": 19, "y": 581, "x": 150, "structure_id": "Tr_19"}, {"parent_TextBlock": "Tb_16", "text": "Other therapeutic treatment", "parent_Field": null, "parent_Choice_Field": "Chf_6", "parent_ChoiceGroup": "Chgp_1", "w": 238, "h": 20, "y": 697, "x": 150, "structure_id": "Tr_20"}, {"parent_TextBlock": "Tb_17", "text": "7D. DOES THE VETERAN CURRENTLY HAVE ANY RESIDUAL CONDITIONS OR COMPLICATIONS DUE TO THE NEOPLASM (INCLUDING METASTASES) OR ITS", "parent_Field": null, "parent_Choice_Field": null, "parent_ChoiceGroup": "Chgp_2", "w": 1481, "h": 19, "y": 829, "x": 100, "structure_id": "Tr_21"}, {"parent_TextBlock": "Tb_17", "text": "TREATMENT, OTHER THAN THOSE ALREADY DOCUMENTED IN THE REPORT ABOVE?", "parent_Field": null, "parent_Choice_Field": null, "parent_ChoiceGroup": "Chgp_2", "w": 808, "h": 19, "y": 852, "x": 136, "structure_id": "Tr_22"}, {"parent_TextBlock": "Tb_18", "text": "YES", "parent_Field": null, "parent_Choice_Field": "Chf_7", "parent_ChoiceGroup": "Chgp_2", "w": 39, "h": 20, "y": 890, "x": 150, "structure_id": "Tr_23"}, {"parent_TextBlock": "Tb_19", "text": "NO", "parent_Field": null, "parent_Choice_Field": "Chf_8", "parent_ChoiceGroup": "Chgp_2", "w": 29, "h": 20, "y": 890, "x": 250, "structure_id": "Tr_24"}, {"parent_TextBlock": "Tb_20", "text": "If \"Yes,\"  indicate type of treatment the Veteran is currently undergoing or has completed", "parent_Field": null, "parent_Choice_Field": null, "parent_ChoiceGroup": null, "w": 766, "h": 19, "y": 208, "x": 100, "structure_id": "Tr_25"}, {"parent_TextBlock": "Tb_20", "text": "(check all that apply):", "parent_Field": null, "parent_Choice_Field": null, "parent_ChoiceGroup": null, "w": 197, "h": 22, "y": 206, "x": 866, "structure_id": "Tr_26"}, {"parent_TextBlock": "Tb_21", "text": "Date of most recent treatment:", "parent_Field": "Fi_9", "parent_Choice_Field": null, "parent_ChoiceGroup": null, "w": 263, "h": 19, "y": 531, "x": 150, "structure_id": "Tr_27"}, {"parent_TextBlock": "Tb_22", "text": "Date of most recent procedure:", "parent_Field": "Fi_10", "parent_Choice_Field": null, "parent_ChoiceGroup": null, "w": 273, "h": 20, "y": 647, "x": 150, "structure_id": "Tr_28"}, {"parent_TextBlock": "Tb_23", "text": "Date of completion of treatment or anticipated date of completion:", "parent_Field": "Fi_11", "parent_Choice_Field": null, "parent_ChoiceGroup": null, "w": 569, "h": 19, "y": 764, "x": 150, "structure_id": "Tr_29"}, {"parent_TextBlock": "Tb_24", "text": "Date of completion of treatment or anticipated date of completion:", "parent_Field": "Fi_12", "parent_Choice_Field": null, "parent_ChoiceGroup": null, "w": 568, "h": 20, "y": 447, "x": 667, "structure_id": "Tr_30"}, {"parent_TextBlock": "Tb_25", "text": "Date of completion of treatment or anticipated date of completion:", "parent_Field": "Fi_13", "parent_Choice_Field": null, "parent_ChoiceGroup": null, "w": 568, "h": 19, "y": 531, "x": 667, "structure_id": "Tr_31"}, {"parent_TextBlock": "Tb_26", "text": "SECTION VIII - OTHER PERTINENT PHYSICAL FINDINGS, COMPLICATIONS, CONDITIONS, SIGNS AND/OR SYMPTOMS", "parent_Field": null, "parent_Choice_Field": null, "parent_ChoiceGroup": null, "w": 1264, "h": 22, "y": 1207, "x": 218, "structure_id": "Tr_32"}, {"parent_TextBlock": "Tb_27", "text": "(If yes, also complete VA Form 21-0960F-1, Scars/Disfigurement Disability Benefits Questionnaire.)", "parent_Field": null, "parent_Choice_Field": null, "parent_ChoiceGroup": null, "w": 898, "h": 22, "y": 1406, "x": 100, "structure_id": "Tr_33"}, {"parent_TextBlock": "Tb_28", "text": "(If yes, describe (brief summary)):", "parent_Field": "Fi_14", "parent_Choice_Field": null, "parent_ChoiceGroup": null, "w": 305, "h": 22, "y": 1489, "x": 300, "structure_id": "Tr_34"}, {"parent_TextBlock": "Tb_29", "text": "(If yes, are any of the scars painful and/or unstable, or is the total area of all related scars greater than or equal to 39 square cm (6 square inches)?)", "parent_Field": null, "parent_Choice_Field": null, "parent_ChoiceGroup": "Chgp_3", "w": 1328, "h": 22, "y": 1339, "x": 100, "structure_id": "Tr_35"}, {"parent_TextBlock": "Tb_30", "text": "YES", "parent_Field": null, "parent_Choice_Field": "Chf_9", "parent_ChoiceGroup": "Chgp_3", "w": 39, "h": 19, "y": 1374, "x": 150, "structure_id": "Tr_36"}, {"parent_TextBlock": "Tb_31", "text": "NO", "parent_Field": null, "parent_Choice_Field": "Chf_10", "parent_ChoiceGroup": "Chgp_3", "w": 29, "h": 19, "y": 1374, "x": 250, "structure_id": "Tr_37"}, {"parent_TextBlock": "Tb_32", "text": "8A. DOES THE VETERAN HAVE ANY SCARS (SURGICAL OR OTHERWISE) RELATED TO ANY CONDITION OR TO THE TREATMENT OF ANY CONDITIONS LISTED", "parent_Field": null, "parent_Choice_Field": null, "parent_ChoiceGroup": "Chgp_4", "w": 1490, "h": 20, "y": 1245, "x": 100, "structure_id": "Tr_38"}, {"parent_TextBlock": "Tb_32", "text": "IN SECTION I, DIAGNOSIS?", "parent_Field": null, "parent_Choice_Field": null, "parent_ChoiceGroup": "Chgp_4", "w": 252, "h": 19, "y": 1269, "x": 136, "structure_id": "Tr_39"}, {"parent_TextBlock": "Tb_33", "text": "YES", "parent_Field": null, "parent_Choice_Field": "Chf_11", "parent_ChoiceGroup": "Chgp_4", "w": 39, "h": 19, "y": 1307, "x": 150, "structure_id": "Tr_40"}, {"parent_TextBlock": "Tb_34", "text": "NO", "parent_Field": null, "parent_Choice_Field": "Chf_12", "parent_ChoiceGroup": "Chgp_4", "w": 29, "h": 19, "y": 1307, "x": 250, "structure_id": "Tr_41"}, {"parent_TextBlock": "Tb_35", "text": "8B. DOES THE VETERAN HAVE ANY OTHER PERTINENT PHYSICAL FINDINGS, COMPLICATIONS, CONDITIONS, SIGNS OR SYMPTOMS?", "parent_Field": null, "parent_Choice_Field": null, "parent_ChoiceGroup": "Chgp_5", "w": 1262, "h": 19, "y": 1457, "x": 100, "structure_id": "Tr_42"}, {"parent_TextBlock": "Tb_36", "text": "YES", "parent_Field": null, "parent_Choice_Field": "Chf_13", "parent_ChoiceGroup": "Chgp_5", "w": 39, "h": 20, "y": 1490, "x": 150, "structure_id": "Tr_43"}, {"parent_TextBlock": "Tb_37", "text": "NO", "parent_Field": null, "parent_Choice_Field": "Chf_14", "parent_ChoiceGroup": "Chgp_5", "w": 29, "h": 20, "y": 1490, "x": 250, "structure_id": "Tr_44"}, {"parent_TextBlock": "Tb_38", "text": "SECTION IX - DIAGNOSTIC TESTING", "parent_Field": null, "parent_Choice_Field": null, "parent_ChoiceGroup": null, "w": 388, "h": 22, "y": 1640, "x": 656, "structure_id": "Tr_45"}, {"parent_TextBlock": "Tb_39", "text": "(If yes, provide most recent results (if available)):", "parent_Field": "Fi_15", "parent_Choice_Field": null, "parent_ChoiceGroup": null, "w": 443, "h": 22, "y": 1806, "x": 100, "structure_id": "Tr_46"}, {"parent_TextBlock": "Tb_40", "text": "NOTE: If laboratory test results are in the medical record and reflect the veteran's current renal function, repeat testing is not required. Provide testing completed", "parent_Field": null, "parent_Choice_Field": null, "parent_ChoiceGroup": null, "w": 1436, "h": 22, "y": 1677, "x": 100, "structure_id": "Tr_47"}, {"parent_TextBlock": "Tb_40", "text": "appropriate to veteran's condition; testing indicated below is not indicated for every kidney condition.", "parent_Field": null, "parent_Choice_Field": null, "parent_ChoiceGroup": null, "w": 904, "h": 22, "y": 1702, "x": 100, "structure_id": "Tr_48"}, {"parent_TextBlock": "Tb_41", "text": "Date:", "parent_Field": "Fi_16", "parent_Choice_Field": null, "parent_ChoiceGroup": null, "w": 46, "h": 19, "y": 2014, "x": 300, "structure_id": "Tr_49"}, {"parent_TextBlock": "Tb_42", "text": "Result:", "parent_Field": "Fi_17", "parent_Choice_Field": null, "parent_ChoiceGroup": null, "w": 61, "h": 20, "y": 2047, "x": 600, "structure_id": "Tr_50"}, {"parent_TextBlock": "Tb_43", "text": "Date:", "parent_Field": "Fi_18", "parent_Choice_Field": null, "parent_ChoiceGroup": null, "w": 46, "h": 19, "y": 1981, "x": 300, "structure_id": "Tr_51"}, {"parent_TextBlock": "Tb_44", "text": "Date:", "parent_Field": "Fi_19", "parent_Choice_Field": null, "parent_ChoiceGroup": null, "w": 46, "h": 20, "y": 2047, "x": 300, "structure_id": "Tr_52"}, {"parent_TextBlock": "Tb_45", "text": "Result:", "parent_Field": "Fi_20", "parent_Choice_Field": null, "parent_ChoiceGroup": null, "w": 61, "h": 19, "y": 1981, "x": 600, "structure_id": "Tr_53"}, {"parent_TextBlock": "Tb_46", "text": "Result:", "parent_Field": "Fi_21", "parent_Choice_Field": null, "parent_ChoiceGroup": null, "w": 61, "h": 19, "y": 2014, "x": 600, "structure_id": "Tr_54"}, {"parent_TextBlock": "Tb_47", "text": "9A. HAS THE VETERAN HAD LABORATORY OR OTHER DIAGNOSTIC STUDIES PERFORMED?", "parent_Field": null, "parent_Choice_Field": null, "parent_ChoiceGroup": "Chgp_6", "w": 865, "h": 20, "y": 1740, "x": 100, "structure_id": "Tr_55"}, {"parent_TextBlock": "Tb_48", "text": "YES", "parent_Field": null, "parent_Choice_Field": "Chf_15", "parent_ChoiceGroup": "Chgp_6", "w": 39, "h": 19, "y": 1774, "x": 150, "structure_id": "Tr_56"}, {"parent_TextBlock": "Tb_49", "text": "NO", "parent_Field": null, "parent_Choice_Field": "Chf_16", "parent_ChoiceGroup": "Chgp_6", "w": 29, "h": 19, "y": 1774, "x": 250, "structure_id": "Tr_57"}, {"parent_TextBlock": "Tb_50", "text": "9B. LABORATORY STUDIES", "parent_Field": null, "parent_Choice_Field": null, "parent_ChoiceGroup": "Chgp_7", "w": 257, "h": 20, "y": 1940, "x": 100, "structure_id": "Tr_58"}, {"parent_TextBlock": "Tb_51", "text": "BUN", "parent_Field": null, "parent_Choice_Field": "Chf_17", "parent_ChoiceGroup": "Chgp_7", "w": 41, "h": 19, "y": 1981, "x": 150, "structure_id": "Tr_59"}, {"parent_TextBlock": "Tb_52", "text": "Creatinine", "parent_Field": null, "parent_Choice_Field": "Chf_18", "parent_ChoiceGroup": "Chgp_7", "w": 89, "h": 19, "y": 2014, "x": 150, "structure_id": "Tr_60"}, {"parent_TextBlock": "Tb_53", "text": "EGFR", "parent_Field": null, "parent_Choice_Field": "Chf_19", "parent_ChoiceGroup": "Chgp_7", "w": 54, "h": 20, "y": 2047, "x": 150, "structure_id": "Tr_61"}, {"parent_TextBlock": "Tb_54", "text": "VA FORM 21-0960J-1, FEB 2015", "parent_Field": null, "parent_Choice_Field": null, "parent_ChoiceGroup": null, "w": 290, "h": 19, "y": 2124, "x": 83, "structure_id": "Tr_62"}, {"parent_TextBlock": "Tb_55", "text": "Page 4", "parent_Field": null, "parent_Choice_Field": null, "parent_ChoiceGroup": null, "w": 71, "h": 22, "y": 2122, "x": 1546, "structure_id": "Tr_63"}], "ChoiceGroup": [{"y": 136.03125, "x": 91, "structure_id": "Chgp_1", "w": 1486.7624096981162, "h": 652}, {"y": 823.03125, "x": 90, "structure_id": "Chgp_2", "w": 1510, "h": 210}, {"y": 1333.03125, "x": 91, "structure_id": "Chgp_3", "w": 1343, "h": 103}, {"y": 1238.03125, "x": 90, "structure_id": "Chgp_4", "w": 1506, "h": 204}, {"y": 1453.03125, "x": 90, "structure_id": "Chgp_5", "w": 1512, "h": 180}, {"y": 1735.03125, "x": 91, "structure_id": "Chgp_6", "w": 1512, "h": 196}, {"y": 1936.03125, "x": 90, "structure_id": "Chgp_7", "w": 1231, "h": 135}]}