{"Widget": [{"parent_Field": "Fi_1", "parent_Choice_Field": null, "parent_ChoiceGroup": null, "w": 200, "h": 33.29133858267716, "y": 896.8889763779528, "x": 1352.0779527559055, "structure_id": "Wi_1"}, {"parent_Field": "Fi_2", "parent_Choice_Field": null, "parent_ChoiceGroup": null, "w": 200, "h": 33.29133858267716, "y": 930.18031496063, "x": 1352.0779527559055, "structure_id": "Wi_2"}, {"parent_Field": "Fi_3", "parent_Choice_Field": null, "parent_ChoiceGroup": null, "w": 200, "h": 33.29133858267716, "y": 1129.9055118110236, "x": 1352.0779527559055, "structure_id": "Wi_3"}, {"parent_Field": "Fi_4", "parent_Choice_Field": null, "parent_ChoiceGroup": null, "w": 400, "h": 33.29133858267716, "y": 1229.8031496062993, "x": 768.7472440944882, "structure_id": "Wi_4"}, {"parent_Field": "Fi_5", "parent_Choice_Field": null, "parent_ChoiceGroup": null, "w": 200, "h": 33.29133858267716, "y": 1030.0385826771653, "x": 1352.0779527559055, "structure_id": "Wi_5"}, {"parent_Field": "Fi_6", "parent_Choice_Field": null, "parent_ChoiceGroup": null, "w": 200, "h": 33.29133858267716, "y": 1063.3220472440944, "x": 1352.0779527559055, "structure_id": "Wi_6"}, {"parent_Field": "Fi_7", "parent_Choice_Field": null, "parent_ChoiceGroup": null, "w": 400, "h": 33.29133858267716, "y": 863.6055118110237, "x": 768.7472440944882, "structure_id": "Wi_7"}, {"parent_Field": "Fi_8", "parent_Choice_Field": null, "parent_ChoiceGroup": null, "w": 200, "h": 33.29133858267716, "y": 1229.8031496062993, "x": 1352.0779527559055, "structure_id": "Wi_8"}, {"parent_Field": "Fi_9", "parent_Choice_Field": null, "parent_ChoiceGroup": null, "w": 400, "h": 33.29133858267716, "y": 1296.3614173228348, "x": 768.7472440944882, "structure_id": "Wi_9"}, {"parent_Field": "Fi_10", "parent_Choice_Field": null, "parent_ChoiceGroup": null, "w": 200, "h": 33.29133858267716, "y": 963.4551181102362, "x": 1352.0779527559055, "structure_id": "Wi_10"}, {"parent_Field": "Fi_11", "parent_Choice_Field": null, "parent_ChoiceGroup": null, "w": 400, "h": 33.29133858267716, "y": 1129.9055118110236, "x": 768.7472440944882, "structure_id": "Wi_11"}, {"parent_Field": "Fi_12", "parent_Choice_Field": null, "parent_ChoiceGroup": null, "w": 400, "h": 33.29133858267716, "y": 996.7472440944882, "x": 768.7472440944882, "structure_id": "Wi_12"}, {"parent_Field": "Fi_13", "parent_Choice_Field": null, "parent_ChoiceGroup": null, "w": 400, "h": 33.29133858267716, "y": 830.3086614173228, "x": 768.7472440944882, "structure_id": "Wi_13"}, {"parent_Field": "Fi_14", "parent_Choice_Field": null, "parent_ChoiceGroup": null, "w": 400, "h": 33.29133858267716, "y": 1030.0385826771653, "x": 768.7472440944882, "structure_id": "Wi_14"}, {"parent_Field": "Fi_15", "parent_Choice_Field": null, "parent_ChoiceGroup": null, "w": 200, "h": 33.29133858267716, "y": 863.6055118110237, "x": 1352.0779527559055, "structure_id": "Wi_15"}, {"parent_Field": "Fi_16", "parent_Choice_Field": null, "parent_ChoiceGroup": null, "w": 400, "h": 33.29133858267716, "y": 896.8889763779528, "x": 768.7472440944882, "structure_id": "Wi_16"}, {"parent_Field": "Fi_17", "parent_Choice_Field": null, "parent_ChoiceGroup": null, "w": 200, "h": 33.29133858267716, "y": 797.0385826771654, "x": 1352.0779527559055, "structure_id": "Wi_17"}, {"parent_Field": "Fi_18", "parent_Choice_Field": null, "parent_ChoiceGroup": null, "w": 400, "h": 33.29133858267716, "y": 963.4551181102362, "x": 768.7472440944882, "structure_id": "Wi_18"}, {"parent_Field": "Fi_19", "parent_Choice_Field": null, "parent_ChoiceGroup": null, "w": 200, "h": 33.29133858267716, "y": 996.7472440944882, "x": 1352.0779527559055, "structure_id": "Wi_19"}, {"parent_Field": "Fi_20", "parent_Choice_Field": null, "parent_ChoiceGroup": null, "w": 200, "h": 33.29133858267716, "y": 1296.3614173228348, "x": 1352.0779527559055, "structure_id": "Wi_20"}, {"parent_Field": "Fi_21", "parent_Choice_Field": null, "parent_ChoiceGroup": null, "w": 400, "h": 33.29133858267716, "y": 1096.6141732283463, "x": 768.7472440944882, "structure_id": "Wi_21"}, {"parent_Field": "Fi_22", "parent_Choice_Field": null, "parent_ChoiceGroup": null, "w": 200, "h": 33.29133858267716, "y": 1096.6141732283463, "x": 1352.0779527559055, "structure_id": "Wi_22"}, {"parent_Field": "Fi_23", "parent_Choice_Field": null, "parent_ChoiceGroup": null, "w": 400, "h": 33.29133858267716, "y": 1063.3220472440944, "x": 768.7472440944882, "structure_id": "Wi_23"}, {"parent_Field": "Fi_24", "parent_Choice_Field": null, "parent_ChoiceGroup": null, "w": 400, "h": 33.29133858267716, "y": 930.18031496063, "x": 768.7472440944882, "structure_id": "Wi_24"}, {"parent_Field": "Fi_25", "parent_Choice_Field": null, "parent_ChoiceGroup": null, "w": 200, "h": 33.29133858267716, "y": 830.3086614173228, "x": 1352.0779527559055, "structure_id": "Wi_25"}, {"parent_Field": "Fi_26", "parent_Choice_Field": null, "parent_ChoiceGroup": null, "w": 400, "h": 33.29133858267716, "y": 797.0385826771654, "x": 768.7472440944882, "structure_id": "Wi_26"}, {"parent_Field": "Fi_27", "parent_Choice_Field": null, "parent_ChoiceGroup": null, "w": 400, "h": 33.29133858267716, "y": 763.7385826771654, "x": 768.7472440944882, "structure_id": "Wi_27"}, {"parent_Field": "Fi_28", "parent_Choice_Field": null, "parent_ChoiceGroup": null, "w": 200, "h": 33.29133858267716, "y": 763.7385826771654, "x": 1352.0779527559055, "structure_id": "Wi_28"}, {"parent_Field": "Fi_29", "parent_Choice_Field": null, "parent_ChoiceGroup": null, "w": 1500, "h": 50.04724409448819, "y": 1376.644094488189, "x": 100.01653543307087, "structure_id": "Wi_29"}, {"parent_Field": "Fi_30", "parent_Choice_Field": null, "parent_ChoiceGroup": null, "w": 466.6692913385827, "h": 33.29133858267716, "y": 1229.8031496062993, "x": 152.07795275590553, "structure_id": "Wi_30"}, {"parent_Field": "Fi_31", "parent_Choice_Field": null, "parent_ChoiceGroup": null, "w": 466.6692913385827, "h": 33.29133858267716, "y": 1296.3614173228348, "x": 152.07795275590553, "structure_id": "Wi_31"}, {"parent_Field": null, "parent_Choice_Field": "Chf_1", "parent_ChoiceGroup": "Chgp_1", "w": 25, "h": 25, "y": 598.9803149606299, "x": 108.88031496062993, "structure_id": "Wi_32"}, {"parent_Field": null, "parent_Choice_Field": "Chf_2", "parent_ChoiceGroup": "Chgp_1", "w": 25, "h": 25, "y": 598.9803149606299, "x": 225.54724409448818, "structure_id": "Wi_33"}, {"parent_Field": null, "parent_Choice_Field": "Chf_3", "parent_ChoiceGroup": "Chgp_2", "w": 25, "h": 25, "y": 770.6551181102362, "x": 110.40551181102362, "structure_id": "Wi_34"}, {"parent_Field": null, "parent_Choice_Field": "Chf_4", "parent_ChoiceGroup": "Chgp_2", "w": 25, "h": 25, "y": 803.955905511811, "x": 110.40551181102362, "structure_id": "Wi_35"}, {"parent_Field": null, "parent_Choice_Field": "Chf_5", "parent_ChoiceGroup": "Chgp_2", "w": 25, "h": 25, "y": 837.2472440944882, "x": 110.40551181102362, "structure_id": "Wi_36"}, {"parent_Field": null, "parent_Choice_Field": "Chf_6", "parent_ChoiceGroup": "Chgp_2", "w": 25, "h": 25, "y": 870.5385826771653, "x": 110.40551181102362, "structure_id": "Wi_37"}, {"parent_Field": null, "parent_Choice_Field": "Chf_7", "parent_ChoiceGroup": "Chgp_2", "w": 25, "h": 25, "y": 903.8220472440945, "x": 110.40551181102362, "structure_id": "Wi_38"}, {"parent_Field": null, "parent_Choice_Field": "Chf_8", "parent_ChoiceGroup": "Chgp_2", "w": 25, "h": 25, "y": 937.1110236220472, "x": 110.40551181102362, "structure_id": "Wi_39"}, {"parent_Field": null, "parent_Choice_Field": "Chf_9", "parent_ChoiceGroup": "Chgp_2", "w": 25, "h": 25, "y": 970.4031496062992, "x": 110.40551181102362, "structure_id": "Wi_40"}, {"parent_Field": null, "parent_Choice_Field": "Chf_10", "parent_ChoiceGroup": "Chgp_2", "w": 25, "h": 25, "y": 1003.6858267716535, "x": 110.40551181102362, "structure_id": "Wi_41"}, {"parent_Field": null, "parent_Choice_Field": "Chf_11", "parent_ChoiceGroup": "Chgp_2", "w": 25, "h": 25, "y": 1036.9779527559056, "x": 110.40551181102362, "structure_id": "Wi_42"}, {"parent_Field": null, "parent_Choice_Field": "Chf_12", "parent_ChoiceGroup": "Chgp_2", "w": 25, "h": 25, "y": 1070.2779527559055, "x": 110.40551181102362, "structure_id": "Wi_43"}, {"parent_Field": null, "parent_Choice_Field": "Chf_13", "parent_ChoiceGroup": "Chgp_2", "w": 25, "h": 25, "y": 1103.5692913385828, "x": 110.40551181102362, "structure_id": "Wi_44"}, {"parent_Field": null, "parent_Choice_Field": "Chf_14", "parent_ChoiceGroup": "Chgp_2", "w": 25, "h": 25, "y": 1136.852755905512, "x": 110.40551181102362, "structure_id": "Wi_45"}, {"parent_Field": null, "parent_Choice_Field": "Chf_15", "parent_ChoiceGroup": "Chgp_2", "w": 25, "h": 25, "y": 1170.1448818897638, "x": 110.40551181102362, "structure_id": "Wi_46"}, {"parent_Field": null, "parent_Choice_Field": "Chf_16", "parent_ChoiceGroup": "Chgp_3", "w": 25, "h": 25, "y": 1504.1385826771655, "x": 110.28897637795276, "structure_id": "Wi_47"}, {"parent_Field": null, "parent_Choice_Field": "Chf_17", "parent_ChoiceGroup": "Chgp_3", "w": 25, "h": 25, "y": 1537.4220472440945, "x": 110.28897637795276, "structure_id": "Wi_48"}, {"parent_Field": null, "parent_Choice_Field": "Chf_17", "parent_ChoiceGroup": "Chgp_3", "w": 816.1496062992126, "h": 33.29133858267716, "y": 1533.2834645669293, "x": 351.9614173228347, "structure_id": "Wi_49"}, {"parent_Field": "Fi_32", "parent_Choice_Field": null, "parent_ChoiceGroup": null, "w": 200, "h": 33.29133858267716, "y": 1851.4551181102363, "x": 500.0251968503937, "structure_id": "Wi_50"}, {"parent_Field": "Fi_33", "parent_Choice_Field": null, "parent_ChoiceGroup": null, "w": 800, "h": 33.29133858267716, "y": 1923.755905511811, "x": 800.0251968503937, "structure_id": "Wi_51"}, {"parent_Field": "Fi_34", "parent_Choice_Field": null, "parent_ChoiceGroup": null, "w": 200, "h": 33.29133858267716, "y": 2058.536220472441, "x": 500.0251968503937, "structure_id": "Wi_52"}, {"parent_Field": "Fi_35", "parent_Choice_Field": null, "parent_ChoiceGroup": null, "w": 1496.0472440944882, "h": 46.596850393700784, "y": 1633, "x": 103.44173228346457, "structure_id": "Wi_53"}, {"parent_Field": "Fi_36", "parent_Choice_Field": null, "parent_ChoiceGroup": null, "w": 783.3307086614174, "h": 33.29133858267716, "y": 1822.2669291338584, "x": 816.6913385826772, "structure_id": "Wi_54"}, {"parent_Field": "Fi_37", "parent_Choice_Field": null, "parent_ChoiceGroup": null, "w": 783.3307086614174, "h": 33.29133858267716, "y": 2025.244094488189, "x": 816.6913385826772, "structure_id": "Wi_55"}, {"parent_Field": "Fi_38", "parent_Choice_Field": null, "parent_ChoiceGroup": null, "w": 1500, "h": 38.07795275590551, "y": 1749.5196850393702, "x": 100.02519685039371, "structure_id": "Wi_56"}, {"parent_Field": "Fi_39", "parent_Choice_Field": null, "parent_ChoiceGroup": null, "w": 200, "h": 33.29133858267716, "y": 1950.8976377952756, "x": 500.0251968503937, "structure_id": "Wi_57"}, {"parent_Field": null, "parent_Choice_Field": "Chf_18", "parent_ChoiceGroup": "Chgp_4", "w": 25, "h": 25, "y": 1721.4220472440945, "x": 109.63622047244095, "structure_id": "Wi_58"}, {"parent_Field": null, "parent_Choice_Field": "Chf_19", "parent_ChoiceGroup": "Chgp_4", "w": 25, "h": 25, "y": 1721.4220472440945, "x": 226.30551181102362, "structure_id": "Wi_59"}, {"parent_Field": null, "parent_Choice_Field": "Chf_20", "parent_ChoiceGroup": "Chgp_5", "w": 25, "h": 25, "y": 1826.4141732283465, "x": 108.35275590551181, "structure_id": "Wi_60"}, {"parent_Field": null, "parent_Choice_Field": "Chf_21", "parent_ChoiceGroup": "Chgp_5", "w": 25, "h": 25, "y": 1826.4141732283465, "x": 225.0220472440945, "structure_id": "Wi_61"}, {"parent_Field": null, "parent_Choice_Field": "Chf_22", "parent_ChoiceGroup": "Chgp_6", "w": 25, "h": 25, "y": 1927.8944881889765, "x": 108.35275590551181, "structure_id": "Wi_62"}, {"parent_Field": null, "parent_Choice_Field": "Chf_23", "parent_ChoiceGroup": "Chgp_6", "w": 25, "h": 25, "y": 1927.8944881889765, "x": 225.0220472440945, "structure_id": "Wi_63"}, {"parent_Field": null, "parent_Choice_Field": "Chf_24", "parent_ChoiceGroup": "Chgp_7", "w": 25, "h": 25, "y": 2029.3889763779528, "x": 108.35275590551181, "structure_id": "Wi_64"}, {"parent_Field": null, "parent_Choice_Field": "Chf_25", "parent_ChoiceGroup": "Chgp_7", "w": 25, "h": 25, "y": 2029.3889763779528, "x": 225.0220472440945, "structure_id": "Wi_65"}, {"parent_Field": "Fi_40", "parent_Choice_Field": null, "parent_ChoiceGroup": null, "w": 571.3472440944881, "h": 45.79448818897638, "y": 303.99212598425197, "x": 93.48031496062993, "structure_id": "Wi_66"}, {"parent_Field": "Fi_40", "parent_Choice_Field": null, "parent_ChoiceGroup": null, "w": 48.36141732283465, "h": 47.300000000000004, "y": 301.14173228346453, "x": 687.5110236220472, "structure_id": "Wi_67"}, {"parent_Field": "Fi_40", "parent_Choice_Field": null, "parent_ChoiceGroup": null, "w": 856.5496062992127, "h": 48.2748031496063, "y": 301.5110236220472, "x": 748.6913385826772, "structure_id": "Wi_68"}, {"parent_Field": "Fi_41", "parent_Choice_Field": null, "parent_ChoiceGroup": null, "w": 147.1417322834646, "h": 46.83307086614173, "y": 383.66141732283467, "x": 90.26141732283465, "structure_id": "Wi_69"}, {"parent_Field": "Fi_41", "parent_Choice_Field": null, "parent_ChoiceGroup": null, "w": 90.35590551181102, "h": 42.40787401574803, "y": 386.8330708661417, "x": 285.5110236220472, "structure_id": "Wi_70"}, {"parent_Field": "Fi_41", "parent_Choice_Field": null, "parent_ChoiceGroup": null, "w": 188.88031496062993, "h": 44.03858267716536, "y": 385.20551181102365, "x": 425.8669291338583, "structure_id": "Wi_71"}], "TextBlock": [{"parent_Field": null, "parent_Choice_Field": null, "parent_ChoiceGroup": null, "w": 71, "h": 22, "y": 2106, "x": 1546, "structure_id": "Tb_1"}, {"parent_Field": null, "parent_Choice_Field": null, "parent_ChoiceGroup": null, "w": 294, "h": 58, "y": 55, "x": 1302, "structure_id": "Tb_2"}, {"parent_Field": null, "parent_Choice_Field": null, "parent_ChoiceGroup": null, "w": 174, "h": 34, "y": 2108, "x": 200, "structure_id": "Tb_3"}, {"parent_Field": null, "parent_Choice_Field": null, "parent_ChoiceGroup": null, "w": 94, "h": 42, "y": 2106, "x": 83, "structure_id": "Tb_4"}, {"parent_Field": null, "parent_Choice_Field": null, "parent_ChoiceGroup": null, "w": 445, "h": 42, "y": 2104, "x": 650, "structure_id": "Tb_5"}, {"parent_Field": null, "parent_Choice_Field": null, "parent_ChoiceGroup": null, "w": 256, "h": 22, "y": 512, "x": 722, "structure_id": "Tb_6"}, {"parent_Field": "Fi_1", "parent_Choice_Field": null, "parent_ChoiceGroup": null, "w": 156, "h": 19, "y": 911, "x": 1185, "structure_id": "Tb_7"}, {"parent_Field": "Fi_2", "parent_Choice_Field": null, "parent_ChoiceGroup": null, "w": 156, "h": 19, "y": 944, "x": 1185, "structure_id": "Tb_8"}, {"parent_Field": "Fi_3", "parent_Choice_Field": null, "parent_ChoiceGroup": null, "w": 156, "h": 19, "y": 1144, "x": 1185, "structure_id": "Tb_9"}, {"parent_Field": "Fi_4", "parent_Choice_Field": null, "parent_ChoiceGroup": null, "w": 92, "h": 19, "y": 1244, "x": 669, "structure_id": "Tb_10"}, {"parent_Field": "Fi_5", "parent_Choice_Field": null, "parent_ChoiceGroup": null, "w": 156, "h": 19, "y": 1044, "x": 1185, "structure_id": "Tb_11"}, {"parent_Field": "Fi_6", "parent_Choice_Field": null, "parent_ChoiceGroup": null, "w": 156, "h": 20, "y": 1077, "x": 1185, "structure_id": "Tb_12"}, {"parent_Field": "Fi_7", "parent_Choice_Field": null, "parent_ChoiceGroup": null, "w": 92, "h": 20, "y": 877, "x": 669, "structure_id": "Tb_13"}, {"parent_Field": "Fi_8", "parent_Choice_Field": null, "parent_ChoiceGroup": null, "w": 156, "h": 19, "y": 1244, "x": 1185, "structure_id": "Tb_14"}, {"parent_Field": "Fi_9", "parent_Choice_Field": null, "parent_ChoiceGroup": null, "w": 92, "h": 20, "y": 1310, "x": 669, "structure_id": "Tb_15"}, {"parent_Field": "Fi_10", "parent_Choice_Field": null, "parent_ChoiceGroup": null, "w": 156, "h": 20, "y": 977, "x": 1185, "structure_id": "Tb_16"}, {"parent_Field": "Fi_11", "parent_Choice_Field": null, "parent_ChoiceGroup": null, "w": 92, "h": 19, "y": 1144, "x": 669, "structure_id": "Tb_17"}, {"parent_Field": "Fi_12", "parent_Choice_Field": null, "parent_ChoiceGroup": null, "w": 92, "h": 19, "y": 1011, "x": 669, "structure_id": "Tb_18"}, {"parent_Field": "Fi_13", "parent_Choice_Field": null, "parent_ChoiceGroup": null, "w": 92, "h": 20, "y": 844, "x": 669, "structure_id": "Tb_19"}, {"parent_Field": "Fi_14", "parent_Choice_Field": null, "parent_ChoiceGroup": null, "w": 92, "h": 19, "y": 1044, "x": 669, "structure_id": "Tb_20"}, {"parent_Field": "Fi_15", "parent_Choice_Field": null, "parent_ChoiceGroup": null, "w": 156, "h": 20, "y": 877, "x": 1185, "structure_id": "Tb_21"}, {"parent_Field": "Fi_16", "parent_Choice_Field": null, "parent_ChoiceGroup": null, "w": 92, "h": 19, "y": 911, "x": 669, "structure_id": "Tb_22"}, {"parent_Field": "Fi_17", "parent_Choice_Field": null, "parent_ChoiceGroup": null, "w": 156, "h": 19, "y": 811, "x": 1185, "structure_id": "Tb_23"}, {"parent_Field": "Fi_18", "parent_Choice_Field": null, "parent_ChoiceGroup": null, "w": 92, "h": 20, "y": 977, "x": 669, "structure_id": "Tb_24"}, {"parent_Field": "Fi_19", "parent_Choice_Field": null, "parent_ChoiceGroup": null, "w": 156, "h": 19, "y": 1011, "x": 1185, "structure_id": "Tb_25"}, {"parent_Field": "Fi_20", "parent_Choice_Field": null, "parent_ChoiceGroup": null, "w": 156, "h": 20, "y": 1310, "x": 1185, "structure_id": "Tb_26"}, {"parent_Field": "Fi_21", "parent_Choice_Field": null, "parent_ChoiceGroup": null, "w": 92, "h": 20, "y": 1110, "x": 669, "structure_id": "Tb_27"}, {"parent_Field": "Fi_22", "parent_Choice_Field": null, "parent_ChoiceGroup": null, "w": 156, "h": 20, "y": 1110, "x": 1185, "structure_id": "Tb_28"}, {"parent_Field": "Fi_23", "parent_Choice_Field": null, "parent_ChoiceGroup": null, "w": 92, "h": 20, "y": 1077, "x": 669, "structure_id": "Tb_29"}, {"parent_Field": "Fi_24", "parent_Choice_Field": null, "parent_ChoiceGroup": null, "w": 92, "h": 19, "y": 944, "x": 669, "structure_id": "Tb_30"}, {"parent_Field": "Fi_25", "parent_Choice_Field": null, "parent_ChoiceGroup": null, "w": 156, "h": 20, "y": 844, "x": 1185, "structure_id": "Tb_31"}, {"parent_Field": "Fi_26", "parent_Choice_Field": null, "parent_ChoiceGroup": null, "w": 92, "h": 19, "y": 811, "x": 669, "structure_id": "Tb_32"}, {"parent_Field": null, "parent_Choice_Field": null, "parent_ChoiceGroup": null, "w": 250, "h": 22, "y": 599, "x": 316, "structure_id": "Tb_33"}, {"parent_Field": "Fi_27", "parent_Choice_Field": null, "parent_ChoiceGroup": null, "w": 92, "h": 19, "y": 778, "x": 669, "structure_id": "Tb_34"}, {"parent_Field": "Fi_28", "parent_Choice_Field": null, "parent_ChoiceGroup": null, "w": 156, "h": 19, "y": 778, "x": 1185, "structure_id": "Tb_35"}, {"parent_Field": "Fi_29", "parent_Choice_Field": null, "parent_ChoiceGroup": null, "w": 1284, "h": 19, "y": 1340, "x": 103, "structure_id": "Tb_36"}, {"parent_Field": "Fi_30", "parent_Choice_Field": null, "parent_ChoiceGroup": null, "w": 219, "h": 20, "y": 1210, "x": 152, "structure_id": "Tb_37"}, {"parent_Field": "Fi_31", "parent_Choice_Field": null, "parent_ChoiceGroup": null, "w": 214, "h": 19, "y": 1277, "x": 152, "structure_id": "Tb_38"}, {"parent_Field": null, "parent_Choice_Field": null, "parent_ChoiceGroup": null, "w": 1508, "h": 88, "y": 636, "x": 98, "structure_id": "Tb_39"}, {"parent_Field": null, "parent_Choice_Field": null, "parent_ChoiceGroup": "Chgp_1", "w": 1469, "h": 42, "y": 545, "x": 100, "structure_id": "Tb_40"}, {"parent_Field": null, "parent_Choice_Field": "Chf_1", "parent_ChoiceGroup": "Chgp_1", "w": 38, "h": 19, "y": 602, "x": 151, "structure_id": "Tb_41"}, {"parent_Field": null, "parent_Choice_Field": "Chf_2", "parent_ChoiceGroup": "Chgp_1", "w": 29, "h": 19, "y": 602, "x": 267, "structure_id": "Tb_42"}, {"parent_Field": null, "parent_Choice_Field": null, "parent_ChoiceGroup": "Chgp_2", "w": 590, "h": 22, "y": 728, "x": 102, "structure_id": "Tb_43"}, {"parent_Field": null, "parent_Choice_Field": "Chf_3", "parent_ChoiceGroup": "Chgp_2", "w": 189, "h": 19, "y": 778, "x": 152, "structure_id": "Tb_44"}, {"parent_Field": null, "parent_Choice_Field": "Chf_4", "parent_ChoiceGroup": "Chgp_2", "w": 289, "h": 19, "y": 811, "x": 152, "structure_id": "Tb_45"}, {"parent_Field": null, "parent_Choice_Field": "Chf_5", "parent_ChoiceGroup": "Chgp_2", "w": 444, "h": 23, "y": 841, "x": 152, "structure_id": "Tb_46"}, {"parent_Field": null, "parent_Choice_Field": "Chf_6", "parent_ChoiceGroup": "Chgp_2", "w": 353, "h": 20, "y": 877, "x": 152, "structure_id": "Tb_47"}, {"parent_Field": null, "parent_Choice_Field": "Chf_7", "parent_ChoiceGroup": "Chgp_2", "w": 177, "h": 19, "y": 911, "x": 152, "structure_id": "Tb_48"}, {"parent_Field": null, "parent_Choice_Field": "Chf_8", "parent_ChoiceGroup": "Chgp_2", "w": 242, "h": 19, "y": 944, "x": 152, "structure_id": "Tb_49"}, {"parent_Field": null, "parent_Choice_Field": "Chf_9", "parent_ChoiceGroup": "Chgp_2", "w": 230, "h": 20, "y": 977, "x": 152, "structure_id": "Tb_50"}, {"parent_Field": null, "parent_Choice_Field": "Chf_10", "parent_ChoiceGroup": "Chgp_2", "w": 210, "h": 19, "y": 1011, "x": 152, "structure_id": "Tb_51"}, {"parent_Field": null, "parent_Choice_Field": "Chf_11", "parent_ChoiceGroup": "Chgp_2", "w": 358, "h": 19, "y": 1044, "x": 152, "structure_id": "Tb_52"}, {"parent_Field": null, "parent_Choice_Field": "Chf_12", "parent_ChoiceGroup": "Chgp_2", "w": 397, "h": 20, "y": 1077, "x": 152, "structure_id": "Tb_53"}, {"parent_Field": null, "parent_Choice_Field": "Chf_13", "parent_ChoiceGroup": "Chgp_2", "w": 334, "h": 20, "y": 1110, "x": 152, "structure_id": "Tb_54"}, {"parent_Field": null, "parent_Choice_Field": "Chf_14", "parent_ChoiceGroup": "Chgp_2", "w": 373, "h": 19, "y": 1144, "x": 152, "structure_id": "Tb_55"}, {"parent_Field": null, "parent_Choice_Field": "Chf_15", "parent_ChoiceGroup": "Chgp_2", "w": 160, "h": 22, "y": 1174, "x": 152, "structure_id": "Tb_56"}, {"parent_Field": null, "parent_Choice_Field": null, "parent_ChoiceGroup": null, "w": 435, "h": 23, "y": 1440, "x": 631, "structure_id": "Tb_57"}, {"parent_Field": null, "parent_Choice_Field": null, "parent_ChoiceGroup": "Chgp_3", "w": 760, "h": 19, "y": 1474, "x": 100, "structure_id": "Tb_58"}, {"parent_Field": null, "parent_Choice_Field": "Chf_16", "parent_ChoiceGroup": "Chgp_3", "w": 165, "h": 19, "y": 1509, "x": 150, "structure_id": "Tb_59"}, {"parent_Field": null, "parent_Choice_Field": "Chf_17", "parent_ChoiceGroup": "Chgp_3", "w": 184, "h": 19, "y": 1542, "x": 150, "structure_id": "Tb_60"}, {"parent_Field": null, "parent_Choice_Field": null, "parent_ChoiceGroup": null, "w": 362, "h": 23, "y": 1574, "x": 668, "structure_id": "Tb_61"}, {"parent_Field": "Fi_32", "parent_Choice_Field": null, "parent_ChoiceGroup": null, "w": 179, "h": 22, "y": 1861, "x": 317, "structure_id": "Tb_62"}, {"parent_Field": "Fi_33", "parent_Choice_Field": null, "parent_ChoiceGroup": null, "w": 463, "h": 22, "y": 1929, "x": 317, "structure_id": "Tb_63"}, {"parent_Field": "Fi_34", "parent_Choice_Field": null, "parent_ChoiceGroup": null, "w": 179, "h": 22, "y": 2064, "x": 317, "structure_id": "Tb_64"}, {"parent_Field": "Fi_35", "parent_Choice_Field": null, "parent_ChoiceGroup": null, "w": 1338, "h": 22, "y": 1606, "x": 102, "structure_id": "Tb_65"}, {"parent_Field": "Fi_36", "parent_Choice_Field": null, "parent_ChoiceGroup": null, "w": 481, "h": 22, "y": 1828, "x": 317, "structure_id": "Tb_66"}, {"parent_Field": "Fi_37", "parent_Choice_Field": null, "parent_ChoiceGroup": null, "w": 481, "h": 22, "y": 2031, "x": 317, "structure_id": "Tb_67"}, {"parent_Field": "Fi_38", "parent_Choice_Field": null, "parent_ChoiceGroup": null, "w": 849, "h": 22, "y": 1723, "x": 318, "structure_id": "Tb_68"}, {"parent_Field": "Fi_39", "parent_Choice_Field": null, "parent_ChoiceGroup": null, "w": 161, "h": 22, "y": 1963, "x": 317, "structure_id": "Tb_69"}, {"parent_Field": null, "parent_Choice_Field": null, "parent_ChoiceGroup": "Chgp_4", "w": 1021, "h": 19, "y": 1691, "x": 101, "structure_id": "Tb_70"}, {"parent_Field": null, "parent_Choice_Field": "Chf_18", "parent_ChoiceGroup": "Chgp_4", "w": 39, "h": 20, "y": 1724, "x": 151, "structure_id": "Tb_71"}, {"parent_Field": null, "parent_Choice_Field": "Chf_19", "parent_ChoiceGroup": "Chgp_4", "w": 29, "h": 20, "y": 1724, "x": 268, "structure_id": "Tb_72"}, {"parent_Field": null, "parent_Choice_Field": null, "parent_ChoiceGroup": "Chgp_5", "w": 881, "h": 19, "y": 1796, "x": 100, "structure_id": "Tb_73"}, {"parent_Field": null, "parent_Choice_Field": "Chf_20", "parent_ChoiceGroup": "Chgp_5", "w": 39, "h": 20, "y": 1829, "x": 150, "structure_id": "Tb_74"}, {"parent_Field": null, "parent_Choice_Field": "Chf_21", "parent_ChoiceGroup": "Chgp_5", "w": 29, "h": 20, "y": 1829, "x": 267, "structure_id": "Tb_75"}, {"parent_Field": null, "parent_Choice_Field": null, "parent_ChoiceGroup": "Chgp_6", "w": 829, "h": 20, "y": 1897, "x": 100, "structure_id": "Tb_76"}, {"parent_Field": null, "parent_Choice_Field": "Chf_22", "parent_ChoiceGroup": "Chgp_6", "w": 39, "h": 19, "y": 1931, "x": 150, "structure_id": "Tb_77"}, {"parent_Field": null, "parent_Choice_Field": "Chf_23", "parent_ChoiceGroup": "Chgp_6", "w": 29, "h": 19, "y": 1931, "x": 267, "structure_id": "Tb_78"}, {"parent_Field": null, "parent_Choice_Field": null, "parent_ChoiceGroup": "Chgp_7", "w": 1058, "h": 19, "y": 1999, "x": 100, "structure_id": "Tb_79"}, {"parent_Field": null, "parent_Choice_Field": "Chf_24", "parent_ChoiceGroup": "Chgp_7", "w": 39, "h": 20, "y": 2032, "x": 150, "structure_id": "Tb_80"}, {"parent_Field": null, "parent_Choice_Field": "Chf_25", "parent_ChoiceGroup": "Chgp_7", "w": 29, "h": 20, "y": 2032, "x": 267, "structure_id": "Tb_81"}, {"parent_Field": null, "parent_Choice_Field": null, "parent_ChoiceGroup": null, "w": 594, "h": 55, "y": 126, "x": 838, "structure_id": "Tb_82"}, {"parent_Field": null, "parent_Choice_Field": null, "parent_ChoiceGroup": null, "w": 1457, "h": 66, "y": 195, "x": 95, "structure_id": "Tb_83"}, {"parent_Field": null, "parent_Choice_Field": null, "parent_ChoiceGroup": null, "w": 1495, "h": 65, "y": 437, "x": 98, "structure_id": "Tb_84"}, {"parent_Field": "Fi_40", "parent_Choice_Field": null, "parent_ChoiceGroup": null, "w": 520, "h": 22, "y": 274, "x": 98, "structure_id": "Tb_85"}, {"parent_Field": "Fi_41", "parent_Choice_Field": null, "parent_ChoiceGroup": null, "w": 466, "h": 19, "y": 358, "x": 95, "structure_id": "Tb_86"}], "Choice_Field": [{"y": 598.9803149606299, "x": 108.88031496062993, "structure_id": "Chf_1", "w": 80.11968503937007, "h": 25}, {"y": 598.9803149606299, "x": 225.54724409448818, "structure_id": "Chf_2", "w": 70.45275590551182, "h": 25}, {"y": 770.6551181102362, "x": 110.40551181102362, "structure_id": "Chf_3", "w": 230.59448818897638, "h": 26.34488188976377}, {"y": 803.955905511811, "x": 110.40551181102362, "structure_id": "Chf_4", "w": 330.59448818897636, "h": 26.04409448818899}, {"y": 837.2472440944882, "x": 110.40551181102362, "structure_id": "Chf_5", "w": 485.59448818897636, "h": 26.752755905511776}, {"y": 870.5385826771653, "x": 110.40551181102362, "structure_id": "Chf_6", "w": 394.59448818897636, "h": 26.461417322834677}, {"y": 903.8220472440945, "x": 110.40551181102362, "structure_id": "Chf_7", "w": 218.59448818897638, "h": 26.177952755905494}, {"y": 937.1110236220472, "x": 110.40551181102362, "structure_id": "Chf_8", "w": 283.59448818897636, "h": 25.88897637795276}, {"y": 970.4031496062992, "x": 110.40551181102362, "structure_id": "Chf_9", "w": 271.59448818897636, "h": 26.596850393700834}, {"y": 1003.6858267716535, "x": 110.40551181102362, "structure_id": "Chf_10", "w": 251.59448818897638, "h": 26.314173228346476}, {"y": 1036.9779527559056, "x": 110.40551181102362, "structure_id": "Chf_11", "w": 399.59448818897636, "h": 26.022047244094438}, {"y": 1070.2779527559055, "x": 110.40551181102362, "structure_id": "Chf_12", "w": 438.59448818897636, "h": 26.722047244094483}, {"y": 1103.5692913385828, "x": 110.40551181102362, "structure_id": "Chf_13", "w": 375.59448818897636, "h": 26.430708661417157}, {"y": 1136.852755905512, "x": 110.40551181102362, "structure_id": "Chf_14", "w": 414.59448818897636, "h": 26.147244094488087}, {"y": 1170.1448818897638, "x": 110.40551181102362, "structure_id": "Chf_15", "w": 201.59448818897638, "h": 25.855118110236162}, {"y": 1504.1385826771655, "x": 110.28897637795276, "structure_id": "Chf_16", "w": 204.71102362204724, "h": 25}, {"y": 1533.2834645669293, "x": 110.28897637795276, "structure_id": "Chf_17", "w": 1057.8220472440944, "h": 33.2913385826771}, {"y": 1721.4220472440945, "x": 109.63622047244095, "structure_id": "Chf_18", "w": 80.36377952755905, "h": 25}, {"y": 1721.4220472440945, "x": 226.30551181102362, "structure_id": "Chf_19", "w": 70.69448818897638, "h": 25}, {"y": 1826.4141732283465, "x": 108.35275590551181, "structure_id": "Chf_20", "w": 80.64724409448819, "h": 25}, {"y": 1826.4141732283465, "x": 225.0220472440945, "structure_id": "Chf_21", "w": 70.9779527559055, "h": 25}, {"y": 1927.8944881889765, "x": 108.35275590551181, "structure_id": "Chf_22", "w": 80.64724409448819, "h": 25}, {"y": 1927.8944881889765, "x": 225.0220472440945, "structure_id": "Chf_23", "w": 70.9779527559055, "h": 25}, {"y": 2029.3889763779528, "x": 108.35275590551181, "structure_id": "Chf_24", "w": 80.64724409448819, "h": 24.999999999999773}, {"y": 2029.3889763779528, "x": 225.0220472440945, "structure_id": "Chf_25", "w": 70.9779527559055, "h": 24.999999999999773}], "Field": [{"y": 896.8889763779528, "x": 1185, "structure_id": "Fi_1", "w": 367.07795275590547, "h": 33.29133858267721}, {"y": 930.18031496063, "x": 1185, "structure_id": "Fi_2", "w": 367.07795275590547, "h": 33.29133858267721}, {"y": 1129.9055118110236, "x": 1185, "structure_id": "Fi_3", "w": 367.07795275590547, "h": 33.2913385826771}, {"y": 1229.8031496062993, "x": 669, "structure_id": "Fi_4", "w": 499.7472440944882, "h": 33.2913385826771}, {"y": 1030.0385826771653, "x": 1185, "structure_id": "Fi_5", "w": 367.07795275590547, "h": 33.2913385826771}, {"y": 1063.3220472440944, "x": 1185, "structure_id": "Fi_6", "w": 367.07795275590547, "h": 33.67795275590561}, {"y": 863.6055118110237, "x": 669, "structure_id": "Fi_7", "w": 499.7472440944882, "h": 33.39448818897631}, {"y": 1229.8031496062993, "x": 1185, "structure_id": "Fi_8", "w": 367.07795275590547, "h": 33.2913385826771}, {"y": 1296.3614173228348, "x": 669, "structure_id": "Fi_9", "w": 499.7472440944882, "h": 33.63858267716523}, {"y": 963.4551181102362, "x": 1185, "structure_id": "Fi_10", "w": 367.07795275590547, "h": 33.544881889763815}, {"y": 1129.9055118110236, "x": 669, "structure_id": "Fi_11", "w": 499.7472440944882, "h": 33.2913385826771}, {"y": 996.7472440944882, "x": 669, "structure_id": "Fi_12", "w": 499.7472440944882, "h": 33.2913385826771}, {"y": 830.3086614173228, "x": 669, "structure_id": "Fi_13", "w": 499.7472440944882, "h": 33.69133858267719}, {"y": 1030.0385826771653, "x": 669, "structure_id": "Fi_14", "w": 499.7472440944882, "h": 33.2913385826771}, {"y": 863.6055118110237, "x": 1185, "structure_id": "Fi_15", "w": 367.07795275590547, "h": 33.39448818897631}, {"y": 896.8889763779528, "x": 669, "structure_id": "Fi_16", "w": 499.7472440944882, "h": 33.29133858267721}, {"y": 797.0385826771654, "x": 1185, "structure_id": "Fi_17", "w": 367.07795275590547, "h": 33.29133858267721}, {"y": 963.4551181102362, "x": 669, "structure_id": "Fi_18", "w": 499.7472440944882, "h": 33.544881889763815}, {"y": 996.7472440944882, "x": 1185, "structure_id": "Fi_19", "w": 367.07795275590547, "h": 33.2913385826771}, {"y": 1296.3614173228348, "x": 1185, "structure_id": "Fi_20", "w": 367.07795275590547, "h": 33.63858267716523}, {"y": 1096.6141732283463, "x": 669, "structure_id": "Fi_21", "w": 499.7472440944882, "h": 33.38582677165368}, {"y": 1096.6141732283463, "x": 1185, "structure_id": "Fi_22", "w": 367.07795275590547, "h": 33.38582677165368}, {"y": 1063.3220472440944, "x": 669, "structure_id": "Fi_23", "w": 499.7472440944882, "h": 33.67795275590561}, {"y": 930.18031496063, "x": 669, "structure_id": "Fi_24", "w": 499.7472440944882, "h": 33.29133858267721}, {"y": 830.3086614173228, "x": 1185, "structure_id": "Fi_25", "w": 367.07795275590547, "h": 33.69133858267719}, {"y": 797.0385826771654, "x": 669, "structure_id": "Fi_26", "w": 499.7472440944882, "h": 33.29133858267721}, {"y": 763.7385826771654, "x": 669, "structure_id": "Fi_27", "w": 499.7472440944882, "h": 33.29133858267721}, {"y": 763.7385826771654, "x": 1185, "structure_id": "Fi_28", "w": 367.07795275590547, "h": 33.29133858267721}, {"y": 1340, "x": 100.01653543307087, "structure_id": "Fi_29", "w": 1500, "h": 86.69133858267719}, {"y": 1210, "x": 152, "structure_id": "Fi_30", "w": 466.7472440944882, "h": 53.09448818897636}, {"y": 1277, "x": 152, "structure_id": "Fi_31", "w": 466.7472440944882, "h": 52.65275590551187}, {"y": 1851.4551181102363, "x": 317, "structure_id": "Fi_32", "w": 383.02519685039374, "h": 33.2913385826771}, {"y": 1923.755905511811, "x": 317, "structure_id": "Fi_33", "w": 1283.0251968503937, "h": 33.2913385826771}, {"y": 2058.536220472441, "x": 317, "structure_id": "Fi_34", "w": 383.02519685039374, "h": 33.29133858267733}, {"y": 1606, "x": 102, "structure_id": "Fi_35", "w": 1497.4889763779527, "h": 73.59685039370083}, {"y": 1822.2669291338584, "x": 317, "structure_id": "Fi_36", "w": 1283.0220472440947, "h": 33.2913385826771}, {"y": 2025.244094488189, "x": 317, "structure_id": "Fi_37", "w": 1283.0220472440947, "h": 33.2913385826771}, {"y": 1723, "x": 100.02519685039371, "structure_id": "Fi_38", "w": 1500, "h": 64.59763779527566}, {"y": 1950.8976377952756, "x": 317, "structure_id": "Fi_39", "w": 383.02519685039374, "h": 34.102362204724386}, {"y": 274, "x": 93.48031496062993, "structure_id": "Fi_40", "w": 1511.7606299212598, "h": 75.78661417322837}, {"y": 358, "x": 90.26141732283465, "structure_id": "Fi_41", "w": 524.4858267716536, "h": 72.49448818897639}], "TextRun": [{"parent_TextBlock": "Tb_1", "text": "Page 1", "parent_Field": null, "parent_Choice_Field": null, "parent_ChoiceGroup": null, "w": 71, "h": 22, "y": 2106, "x": 1546, "structure_id": "Tr_1"}, {"parent_TextBlock": "Tb_2", "text": "OMB Control No. 2900-0781", "parent_Field": null, "parent_Choice_Field": null, "parent_ChoiceGroup": null, "w": 269, "h": 22, "y": 55, "x": 1302, "structure_id": "Tr_2"}, {"parent_TextBlock": "Tb_2", "text": "Respondent Burden: 15 Minutes", "parent_Field": null, "parent_Choice_Field": null, "parent_ChoiceGroup": null, "w": 294, "h": 22, "y": 75, "x": 1302, "structure_id": "Tr_3"}, {"parent_TextBlock": "Tb_2", "text": "Expiration Date:  09/30/2019", "parent_Field": null, "parent_Choice_Field": null, "parent_ChoiceGroup": null, "w": 260, "h": 18, "y": 95, "x": 1302, "structure_id": "Tr_4"}, {"parent_TextBlock": "Tb_3", "text": "21-0960E-3", "parent_Field": null, "parent_Choice_Field": null, "parent_ChoiceGroup": null, "w": 174, "h": 34, "y": 2108, "x": 200, "structure_id": "Tr_5"}, {"parent_TextBlock": "Tb_4", "text": "VA\u00c2\u00a0FORM", "parent_Field": null, "parent_Choice_Field": null, "parent_ChoiceGroup": null, "w": 94, "h": 19, "y": 2106, "x": 83, "structure_id": "Tr_6"}, {"parent_TextBlock": "Tb_4", "text": "SEP 2016", "parent_Field": null, "parent_Choice_Field": null, "parent_ChoiceGroup": null, "w": 88, "h": 19, "y": 2129, "x": 83, "structure_id": "Tr_7"}, {"parent_TextBlock": "Tb_5", "text": "SUPERSEDES VA FORM 21-0960E-3, OCT 2012,", "parent_Field": null, "parent_Choice_Field": null, "parent_ChoiceGroup": null, "w": 445, "h": 19, "y": 2104, "x": 650, "structure_id": "Tr_8"}, {"parent_TextBlock": "Tb_5", "text": "WHICH WILL NOT BE USED.", "parent_Field": null, "parent_Choice_Field": null, "parent_ChoiceGroup": null, "w": 259, "h": 19, "y": 2127, "x": 650, "structure_id": "Tr_9"}, {"parent_TextBlock": "Tb_6", "text": "SECTION I - DIAGNOSIS", "parent_Field": null, "parent_Choice_Field": null, "parent_ChoiceGroup": null, "w": 256, "h": 22, "y": 512, "x": 722, "structure_id": "Tr_10"}, {"parent_TextBlock": "Tb_7", "text": "Date of diagnosis:", "parent_Field": "Fi_1", "parent_Choice_Field": null, "parent_ChoiceGroup": null, "w": 156, "h": 19, "y": 911, "x": 1185, "structure_id": "Tr_11"}, {"parent_TextBlock": "Tb_8", "text": "Date of diagnosis:", "parent_Field": "Fi_2", "parent_Choice_Field": null, "parent_ChoiceGroup": null, "w": 156, "h": 19, "y": 944, "x": 1185, "structure_id": "Tr_12"}, {"parent_TextBlock": "Tb_9", "text": "Date of diagnosis:", "parent_Field": "Fi_3", "parent_Choice_Field": null, "parent_ChoiceGroup": null, "w": 156, "h": 19, "y": 1144, "x": 1185, "structure_id": "Tr_13"}, {"parent_TextBlock": "Tb_10", "text": "ICD code:", "parent_Field": "Fi_4", "parent_Choice_Field": null, "parent_ChoiceGroup": null, "w": 92, "h": 19, "y": 1244, "x": 669, "structure_id": "Tr_14"}, {"parent_TextBlock": "Tb_11", "text": "Date of diagnosis:", "parent_Field": "Fi_5", "parent_Choice_Field": null, "parent_ChoiceGroup": null, "w": 156, "h": 19, "y": 1044, "x": 1185, "structure_id": "Tr_15"}, {"parent_TextBlock": "Tb_12", "text": "Date of diagnosis:", "parent_Field": "Fi_6", "parent_Choice_Field": null, "parent_ChoiceGroup": null, "w": 156, "h": 20, "y": 1077, "x": 1185, "structure_id": "Tr_16"}, {"parent_TextBlock": "Tb_13", "text": "ICD code:", "parent_Field": "Fi_7", "parent_Choice_Field": null, "parent_ChoiceGroup": null, "w": 92, "h": 20, "y": 877, "x": 669, "structure_id": "Tr_17"}, {"parent_TextBlock": "Tb_14", "text": "Date of diagnosis:", "parent_Field": "Fi_8", "parent_Choice_Field": null, "parent_ChoiceGroup": null, "w": 156, "h": 19, "y": 1244, "x": 1185, "structure_id": "Tr_18"}, {"parent_TextBlock": "Tb_15", "text": "ICD code:", "parent_Field": "Fi_9", "parent_Choice_Field": null, "parent_ChoiceGroup": null, "w": 92, "h": 20, "y": 1310, "x": 669, "structure_id": "Tr_19"}, {"parent_TextBlock": "Tb_16", "text": "Date of diagnosis:", "parent_Field": "Fi_10", "parent_Choice_Field": null, "parent_ChoiceGroup": null, "w": 156, "h": 20, "y": 977, "x": 1185, "structure_id": "Tr_20"}, {"parent_TextBlock": "Tb_17", "text": "ICD code:", "parent_Field": "Fi_11", "parent_Choice_Field": null, "parent_ChoiceGroup": null, "w": 92, "h": 19, "y": 1144, "x": 669, "structure_id": "Tr_21"}, {"parent_TextBlock": "Tb_18", "text": "ICD code:", "parent_Field": "Fi_12", "parent_Choice_Field": null, "parent_ChoiceGroup": null, "w": 92, "h": 19, "y": 1011, "x": 669, "structure_id": "Tr_22"}, {"parent_TextBlock": "Tb_19", "text": "ICD code:", "parent_Field": "Fi_13", "parent_Choice_Field": null, "parent_ChoiceGroup": null, "w": 92, "h": 20, "y": 844, "x": 669, "structure_id": "Tr_23"}, {"parent_TextBlock": "Tb_20", "text": "ICD code:", "parent_Field": "Fi_14", "parent_Choice_Field": null, "parent_ChoiceGroup": null, "w": 92, "h": 19, "y": 1044, "x": 669, "structure_id": "Tr_24"}, {"parent_TextBlock": "Tb_21", "text": "Date of diagnosis:", "parent_Field": "Fi_15", "parent_Choice_Field": null, "parent_ChoiceGroup": null, "w": 156, "h": 20, "y": 877, "x": 1185, "structure_id": "Tr_25"}, {"parent_TextBlock": "Tb_22", "text": "ICD code:", "parent_Field": "Fi_16", "parent_Choice_Field": null, "parent_ChoiceGroup": null, "w": 92, "h": 19, "y": 911, "x": 669, "structure_id": "Tr_26"}, {"parent_TextBlock": "Tb_23", "text": "Date of diagnosis:", "parent_Field": "Fi_17", "parent_Choice_Field": null, "parent_ChoiceGroup": null, "w": 156, "h": 19, "y": 811, "x": 1185, "structure_id": "Tr_27"}, {"parent_TextBlock": "Tb_24", "text": "ICD code:", "parent_Field": "Fi_18", "parent_Choice_Field": null, "parent_ChoiceGroup": null, "w": 92, "h": 20, "y": 977, "x": 669, "structure_id": "Tr_28"}, {"parent_TextBlock": "Tb_25", "text": "Date of diagnosis:", "parent_Field": "Fi_19", "parent_Choice_Field": null, "parent_ChoiceGroup": null, "w": 156, "h": 19, "y": 1011, "x": 1185, "structure_id": "Tr_29"}, {"parent_TextBlock": "Tb_26", "text": "Date of diagnosis:", "parent_Field": "Fi_20", "parent_Choice_Field": null, "parent_ChoiceGroup": null, "w": 156, "h": 20, "y": 1310, "x": 1185, "structure_id": "Tr_30"}, {"parent_TextBlock": "Tb_27", "text": "ICD code:", "parent_Field": "Fi_21", "parent_Choice_Field": null, "parent_ChoiceGroup": null, "w": 92, "h": 20, "y": 1110, "x": 669, "structure_id": "Tr_31"}, {"parent_TextBlock": "Tb_28", "text": "Date of diagnosis:", "parent_Field": "Fi_22", "parent_Choice_Field": null, "parent_ChoiceGroup": null, "w": 156, "h": 20, "y": 1110, "x": 1185, "structure_id": "Tr_32"}, {"parent_TextBlock": "Tb_29", "text": "ICD code:", "parent_Field": "Fi_23", "parent_Choice_Field": null, "parent_ChoiceGroup": null, "w": 92, "h": 20, "y": 1077, "x": 669, "structure_id": "Tr_33"}, {"parent_TextBlock": "Tb_30", "text": "ICD code:", "parent_Field": "Fi_24", "parent_Choice_Field": null, "parent_ChoiceGroup": null, "w": 92, "h": 19, "y": 944, "x": 669, "structure_id": "Tr_34"}, {"parent_TextBlock": "Tb_31", "text": "Date of diagnosis:", "parent_Field": "Fi_25", "parent_Choice_Field": null, "parent_ChoiceGroup": null, "w": 156, "h": 20, "y": 844, "x": 1185, "structure_id": "Tr_35"}, {"parent_TextBlock": "Tb_32", "text": "ICD code:", "parent_Field": "Fi_26", "parent_Choice_Field": null, "parent_ChoiceGroup": null, "w": 92, "h": 19, "y": 811, "x": 669, "structure_id": "Tr_36"}, {"parent_TextBlock": "Tb_33", "text": "(If \"Yes,\" complete Item 1B)", "parent_Field": null, "parent_Choice_Field": null, "parent_ChoiceGroup": null, "w": 250, "h": 22, "y": 599, "x": 316, "structure_id": "Tr_37"}, {"parent_TextBlock": "Tb_34", "text": "ICD code:", "parent_Field": "Fi_27", "parent_Choice_Field": null, "parent_ChoiceGroup": null, "w": 92, "h": 19, "y": 778, "x": 669, "structure_id": "Tr_38"}, {"parent_TextBlock": "Tb_35", "text": "Date of diagnosis:", "parent_Field": "Fi_28", "parent_Choice_Field": null, "parent_ChoiceGroup": null, "w": 156, "h": 19, "y": 778, "x": 1185, "structure_id": "Tr_39"}, {"parent_TextBlock": "Tb_36", "text": "1C. IF THERE ARE ADDITIONAL DIAGNOSES THAT PERTAIN TO THYROID OR PARATHYROID CONDITION(S) LIST USING ABOVE FORMAT:", "parent_Field": "Fi_29", "parent_Choice_Field": null, "parent_ChoiceGroup": null, "w": 1284, "h": 19, "y": 1340, "x": 103, "structure_id": "Tr_40"}, {"parent_TextBlock": "Tb_37", "text": "OTHER DIAGNOSIS #1:", "parent_Field": "Fi_30", "parent_Choice_Field": null, "parent_ChoiceGroup": null, "w": 219, "h": 20, "y": 1210, "x": 152, "structure_id": "Tr_41"}, {"parent_TextBlock": "Tb_38", "text": "OTHER DIAGNOSIS #2:", "parent_Field": "Fi_31", "parent_Choice_Field": null, "parent_ChoiceGroup": null, "w": 214, "h": 19, "y": 1277, "x": 152, "structure_id": "Tr_42"}, {"parent_TextBlock": "Tb_39", "text": "NOTE", "parent_Field": null, "parent_Choice_Field": null, "parent_ChoiceGroup": null, "w": 63, "h": 22, "y": 636, "x": 98, "structure_id": "Tr_43"}, {"parent_TextBlock": "Tb_39", "text": ": These are the diagnoses determined during this current evaluation of the claimed condition(s) listed above. If there is no diagnosis, if the diagnosis is different", "parent_Field": null, "parent_Choice_Field": null, "parent_ChoiceGroup": null, "w": 1423, "h": 22, "y": 636, "x": 161, "structure_id": "Tr_44"}, {"parent_TextBlock": "Tb_39", "text": "from a previous diagnosis for this condition, or if there is a diagnosis of a complication due to the claimed condition, explain your findings and reasons in the \"Remarks\"", "parent_Field": null, "parent_Choice_Field": null, "parent_ChoiceGroup": null, "w": 1508, "h": 22, "y": 658, "x": 98, "structure_id": "Tr_45"}, {"parent_TextBlock": "Tb_39", "text": "section. Date of diagnosis can be the date of the evaluation if the clinician is making the initial diagnosis, or an appropriate date determined through record review or", "parent_Field": null, "parent_Choice_Field": null, "parent_ChoiceGroup": null, "w": 1473, "h": 23, "y": 680, "x": 98, "structure_id": "Tr_46"}, {"parent_TextBlock": "Tb_39", "text": "reported history.", "parent_Field": null, "parent_Choice_Field": null, "parent_ChoiceGroup": null, "w": 147, "h": 21, "y": 703, "x": 98, "structure_id": "Tr_47"}, {"parent_TextBlock": "Tb_40", "text": "1A. DOES THE VETERAN HAVE OR HAS HE OR SHE EVER HAD A THYROID OR PARATHYROID CONDITION?", "parent_Field": null, "parent_Choice_Field": null, "parent_ChoiceGroup": "Chgp_1", "w": 1004, "h": 20, "y": 547, "x": 100, "structure_id": "Tr_48"}, {"parent_TextBlock": "Tb_40", "text": "(This is the condition the veteran is claiming or for", "parent_Field": null, "parent_Choice_Field": null, "parent_ChoiceGroup": "Chgp_1", "w": 465, "h": 23, "y": 545, "x": 1104, "structure_id": "Tr_49"}, {"parent_TextBlock": "Tb_40", "text": "which an exam has been requested)", "parent_Field": null, "parent_Choice_Field": null, "parent_ChoiceGroup": "Chgp_1", "w": 317, "h": 22, "y": 565, "x": 133, "structure_id": "Tr_50"}, {"parent_TextBlock": "Tb_41", "text": "YES", "parent_Field": null, "parent_Choice_Field": "Chf_1", "parent_ChoiceGroup": "Chgp_1", "w": 38, "h": 19, "y": 602, "x": 151, "structure_id": "Tr_51"}, {"parent_TextBlock": "Tb_42", "text": "NO", "parent_Field": null, "parent_Choice_Field": "Chf_2", "parent_ChoiceGroup": "Chgp_1", "w": 29, "h": 19, "y": 602, "x": 267, "structure_id": "Tr_52"}, {"parent_TextBlock": "Tb_43", "text": "1B. SELECT THE VETERAN'S CONDITION", "parent_Field": null, "parent_Choice_Field": null, "parent_ChoiceGroup": "Chgp_2", "w": 388, "h": 20, "y": 730, "x": 102, "structure_id": "Tr_53"}, {"parent_TextBlock": "Tb_43", "text": "(Check all that apply):", "parent_Field": null, "parent_Choice_Field": null, "parent_ChoiceGroup": "Chgp_2", "w": 202, "h": 22, "y": 728, "x": 490, "structure_id": "Tr_54"}, {"parent_TextBlock": "Tb_44", "text": "HYPERTHYROIDISM", "parent_Field": null, "parent_Choice_Field": "Chf_3", "parent_ChoiceGroup": "Chgp_2", "w": 189, "h": 19, "y": 778, "x": 152, "structure_id": "Tr_55"}, {"parent_TextBlock": "Tb_45", "text": "TOXIC ADENOMA OF THYROID", "parent_Field": null, "parent_Choice_Field": "Chf_4", "parent_ChoiceGroup": "Chgp_2", "w": 289, "h": 19, "y": 811, "x": 152, "structure_id": "Tr_56"}, {"parent_TextBlock": "Tb_46", "text": "NON-TOXIC ADENOMA OF THYROID", "parent_Field": null, "parent_Choice_Field": "Chf_5", "parent_ChoiceGroup": "Chgp_2", "w": 344, "h": 20, "y": 843, "x": 152, "structure_id": "Tr_57"}, {"parent_TextBlock": "Tb_46", "text": "(euthyroid)", "parent_Field": null, "parent_Choice_Field": "Chf_5", "parent_ChoiceGroup": "Chgp_2", "w": 100, "h": 23, "y": 841, "x": 496, "structure_id": "Tr_58"}, {"parent_TextBlock": "Tb_47", "text": "EUTHYROID MULTINODULAR GOITER", "parent_Field": null, "parent_Choice_Field": "Chf_6", "parent_ChoiceGroup": "Chgp_2", "w": 353, "h": 20, "y": 877, "x": 152, "structure_id": "Tr_59"}, {"parent_TextBlock": "Tb_48", "text": "HYPOTHYROIDISM", "parent_Field": null, "parent_Choice_Field": "Chf_7", "parent_ChoiceGroup": "Chgp_2", "w": 177, "h": 19, "y": 911, "x": 152, "structure_id": "Tr_60"}, {"parent_TextBlock": "Tb_49", "text": "HYPERPARATHYROIDISM", "parent_Field": null, "parent_Choice_Field": "Chf_8", "parent_ChoiceGroup": "Chgp_2", "w": 242, "h": 19, "y": 944, "x": 152, "structure_id": "Tr_61"}, {"parent_TextBlock": "Tb_50", "text": "HYPOPARATHYROIDISM", "parent_Field": null, "parent_Choice_Field": "Chf_9", "parent_ChoiceGroup": "Chgp_2", "w": 230, "h": 20, "y": 977, "x": 152, "structure_id": "Tr_62"}, {"parent_TextBlock": "Tb_51", "text": "C-CELL HYPERPLASIA", "parent_Field": null, "parent_Choice_Field": "Chf_10", "parent_ChoiceGroup": "Chgp_2", "w": 210, "h": 19, "y": 1011, "x": 152, "structure_id": "Tr_63"}, {"parent_TextBlock": "Tb_52", "text": "BENIGN NEOPLASM OF THE THYROID", "parent_Field": null, "parent_Choice_Field": "Chf_11", "parent_ChoiceGroup": "Chgp_2", "w": 358, "h": 19, "y": 1044, "x": 152, "structure_id": "Tr_64"}, {"parent_TextBlock": "Tb_53", "text": "MALIGNANT NEOPLASM OF THE THYROID", "parent_Field": null, "parent_Choice_Field": "Chf_12", "parent_ChoiceGroup": "Chgp_2", "w": 397, "h": 20, "y": 1077, "x": 152, "structure_id": "Tr_65"}, {"parent_TextBlock": "Tb_54", "text": "BENIGN NEOPLASM PARATHYROID", "parent_Field": null, "parent_Choice_Field": "Chf_13", "parent_ChoiceGroup": "Chgp_2", "w": 334, "h": 20, "y": 1110, "x": 152, "structure_id": "Tr_66"}, {"parent_TextBlock": "Tb_55", "text": "MALIGNANT NEOPLASM PARATHYROID", "parent_Field": null, "parent_Choice_Field": "Chf_14", "parent_ChoiceGroup": "Chgp_2", "w": 373, "h": 19, "y": 1144, "x": 152, "structure_id": "Tr_67"}, {"parent_TextBlock": "Tb_56", "text": "OTHER", "parent_Field": null, "parent_Choice_Field": "Chf_15", "parent_ChoiceGroup": "Chgp_2", "w": 74, "h": 20, "y": 1176, "x": 152, "structure_id": "Tr_68"}, {"parent_TextBlock": "Tb_56", "text": "(Specify):", "parent_Field": null, "parent_Choice_Field": "Chf_15", "parent_ChoiceGroup": "Chgp_2", "w": 86, "h": 22, "y": 1174, "x": 226, "structure_id": "Tr_69"}, {"parent_TextBlock": "Tb_57", "text": "SECTION II - MEDICAL RECORD REVIEW", "parent_Field": null, "parent_Choice_Field": null, "parent_ChoiceGroup": null, "w": 435, "h": 23, "y": 1440, "x": 631, "structure_id": "Tr_70"}, {"parent_TextBlock": "Tb_58", "text": "2. INDICATE MEDICAL RECORDS REVIEWED IN PREPARATION OF THIS REPORT:", "parent_Field": null, "parent_Choice_Field": null, "parent_ChoiceGroup": "Chgp_3", "w": 760, "h": 19, "y": 1474, "x": 100, "structure_id": "Tr_71"}, {"parent_TextBlock": "Tb_59", "text": "C-FILE (VA ONLY)", "parent_Field": null, "parent_Choice_Field": "Chf_16", "parent_ChoiceGroup": "Chgp_3", "w": 165, "h": 19, "y": 1509, "x": 150, "structure_id": "Tr_72"}, {"parent_TextBlock": "Tb_60", "text": "OTHER, DESCRIBE:", "parent_Field": null, "parent_Choice_Field": "Chf_17", "parent_ChoiceGroup": "Chgp_3", "w": 184, "h": 19, "y": 1542, "x": 150, "structure_id": "Tr_73"}, {"parent_TextBlock": "Tb_61", "text": "SECTION III - MEDICAL HISTORY", "parent_Field": null, "parent_Choice_Field": null, "parent_ChoiceGroup": null, "w": 362, "h": 23, "y": 1574, "x": 668, "structure_id": "Tr_74"}, {"parent_TextBlock": "Tb_62", "text": "(Date of treatment):", "parent_Field": "Fi_32", "parent_Choice_Field": null, "parent_ChoiceGroup": null, "w": 179, "h": 22, "y": 1861, "x": 317, "structure_id": "Tr_75"}, {"parent_TextBlock": "Tb_63", "text": "(If \"Yes,\" specify the condition and type of surgery):", "parent_Field": "Fi_33", "parent_Choice_Field": null, "parent_ChoiceGroup": null, "w": 463, "h": 22, "y": 1929, "x": 317, "structure_id": "Tr_76"}, {"parent_TextBlock": "Tb_64", "text": "(Date of treatment):", "parent_Field": "Fi_34", "parent_Choice_Field": null, "parent_ChoiceGroup": null, "w": 179, "h": 22, "y": 2064, "x": 317, "structure_id": "Tr_77"}, {"parent_TextBlock": "Tb_65", "text": "3A. DESCRIBE THE HISTORY", "parent_Field": "Fi_35", "parent_Choice_Field": null, "parent_ChoiceGroup": null, "w": 275, "h": 19, "y": 1608, "x": 102, "structure_id": "Tr_78"}, {"parent_TextBlock": "Tb_65", "text": "(including onset and course)", "parent_Field": "Fi_35", "parent_Choice_Field": null, "parent_ChoiceGroup": null, "w": 255, "h": 22, "y": 1606, "x": 377, "structure_id": "Tr_79"}, {"parent_TextBlock": "Tb_65", "text": "OF THE VETERAN'S THYROID AND/OR PARATHYROID CONDITION(S)", "parent_Field": "Fi_35", "parent_Choice_Field": null, "parent_ChoiceGroup": null, "w": 651, "h": 19, "y": 1608, "x": 632, "structure_id": "Tr_80"}, {"parent_TextBlock": "Tb_65", "text": "(brief summary):", "parent_Field": "Fi_35", "parent_Choice_Field": null, "parent_ChoiceGroup": null, "w": 157, "h": 22, "y": 1606, "x": 1283, "structure_id": "Tr_81"}, {"parent_TextBlock": "Tb_66", "text": "(If \"Yes,\" specify the condition and type of treatment):", "parent_Field": "Fi_36", "parent_Choice_Field": null, "parent_ChoiceGroup": null, "w": 481, "h": 22, "y": 1828, "x": 317, "structure_id": "Tr_82"}, {"parent_TextBlock": "Tb_67", "text": "(If \"Yes,\" specify the condition and type of treatment):", "parent_Field": "Fi_37", "parent_Choice_Field": null, "parent_ChoiceGroup": null, "w": 481, "h": 22, "y": 2031, "x": 317, "structure_id": "Tr_83"}, {"parent_TextBlock": "Tb_68", "text": "(If \"Yes,\" specify the condition(s) and list only those medications required for the condition(s)):", "parent_Field": "Fi_38", "parent_Choice_Field": null, "parent_ChoiceGroup": null, "w": 849, "h": 22, "y": 1723, "x": 318, "structure_id": "Tr_84"}, {"parent_TextBlock": "Tb_69", "text": "(Date of surgery):", "parent_Field": "Fi_39", "parent_Choice_Field": null, "parent_ChoiceGroup": null, "w": 161, "h": 22, "y": 1963, "x": 317, "structure_id": "Tr_85"}, {"parent_TextBlock": "Tb_70", "text": "3B. IS CONTINUOUS MEDICATION REQUIRED FOR CONTROL OF A THYROID OR PARATHYROID CONDITION?", "parent_Field": null, "parent_Choice_Field": null, "parent_ChoiceGroup": "Chgp_4", "w": 1021, "h": 19, "y": 1691, "x": 101, "structure_id": "Tr_86"}, {"parent_TextBlock": "Tb_71", "text": "YES", "parent_Field": null, "parent_Choice_Field": "Chf_18", "parent_ChoiceGroup": "Chgp_4", "w": 39, "h": 20, "y": 1724, "x": 151, "structure_id": "Tr_87"}, {"parent_TextBlock": "Tb_72", "text": "NO", "parent_Field": null, "parent_Choice_Field": "Chf_19", "parent_ChoiceGroup": "Chgp_4", "w": 29, "h": 20, "y": 1724, "x": 268, "structure_id": "Tr_88"}, {"parent_TextBlock": "Tb_73", "text": "3C. HAS THE VETERAN HAD RADIOACTIVE IODINE TREATMENT FOR A THYROID CONDITION?", "parent_Field": null, "parent_Choice_Field": null, "parent_ChoiceGroup": "Chgp_5", "w": 881, "h": 19, "y": 1796, "x": 100, "structure_id": "Tr_89"}, {"parent_TextBlock": "Tb_74", "text": "YES", "parent_Field": null, "parent_Choice_Field": "Chf_20", "parent_ChoiceGroup": "Chgp_5", "w": 39, "h": 20, "y": 1829, "x": 150, "structure_id": "Tr_90"}, {"parent_TextBlock": "Tb_75", "text": "NO", "parent_Field": null, "parent_Choice_Field": "Chf_21", "parent_ChoiceGroup": "Chgp_5", "w": 29, "h": 20, "y": 1829, "x": 267, "structure_id": "Tr_91"}, {"parent_TextBlock": "Tb_76", "text": "3D. HAS THE VETERAN HAD SURGERY FOR A THYROID OR PARATHYROID CONDITION?", "parent_Field": null, "parent_Choice_Field": null, "parent_ChoiceGroup": "Chgp_6", "w": 829, "h": 20, "y": 1897, "x": 100, "structure_id": "Tr_92"}, {"parent_TextBlock": "Tb_77", "text": "YES", "parent_Field": null, "parent_Choice_Field": "Chf_22", "parent_ChoiceGroup": "Chgp_6", "w": 39, "h": 19, "y": 1931, "x": 150, "structure_id": "Tr_93"}, {"parent_TextBlock": "Tb_78", "text": "NO", "parent_Field": null, "parent_Choice_Field": "Chf_23", "parent_ChoiceGroup": "Chgp_6", "w": 29, "h": 19, "y": 1931, "x": 267, "structure_id": "Tr_94"}, {"parent_TextBlock": "Tb_79", "text": "3E. HAS THE VETERAN HAD ANY OTHER TYPE OF TREATMENT FOR A THYROID OR PARATHYROID CONDITION?", "parent_Field": null, "parent_Choice_Field": null, "parent_ChoiceGroup": "Chgp_7", "w": 1058, "h": 19, "y": 1999, "x": 100, "structure_id": "Tr_95"}, {"parent_TextBlock": "Tb_80", "text": "YES", "parent_Field": null, "parent_Choice_Field": "Chf_24", "parent_ChoiceGroup": "Chgp_7", "w": 39, "h": 20, "y": 2032, "x": 150, "structure_id": "Tr_96"}, {"parent_TextBlock": "Tb_81", "text": "NO", "parent_Field": null, "parent_Choice_Field": "Chf_25", "parent_ChoiceGroup": "Chgp_7", "w": 29, "h": 20, "y": 2032, "x": 267, "structure_id": "Tr_97"}, {"parent_TextBlock": "Tb_82", "text": "THYROID AND PARATHYROID CONDITIONS", "parent_Field": null, "parent_Choice_Field": null, "parent_ChoiceGroup": null, "w": 594, "h": 28, "y": 126, "x": 838, "structure_id": "Tr_98"}, {"parent_TextBlock": "Tb_82", "text": "DISABILITY BENEFITS QUESTIONNAIRE", "parent_Field": null, "parent_Choice_Field": null, "parent_ChoiceGroup": null, "w": 546, "h": 27, "y": 154, "x": 858, "structure_id": "Tr_99"}, {"parent_TextBlock": "Tb_83", "text": "IMPORTANT", "parent_Field": null, "parent_Choice_Field": null, "parent_ChoiceGroup": null, "w": 138, "h": 22, "y": 195, "x": 95, "structure_id": "Tr_100"}, {"parent_TextBlock": "Tb_83", "text": "- THE DEPARTMENT OF VETERANS AFFAIRS (VA)", "parent_Field": null, "parent_Choice_Field": null, "parent_ChoiceGroup": null, "w": 522, "h": 22, "y": 195, "x": 233, "structure_id": "Tr_101"}, {"parent_TextBlock": "Tb_83", "text": "WILL NOT PAY", "parent_Field": null, "parent_Choice_Field": null, "parent_ChoiceGroup": null, "w": 154, "h": 22, "y": 195, "x": 755, "structure_id": "Tr_102"}, {"parent_TextBlock": "Tb_83", "text": "OR", "parent_Field": null, "parent_Choice_Field": null, "parent_ChoiceGroup": null, "w": 36, "h": 22, "y": 195, "x": 909, "structure_id": "Tr_103"}, {"parent_TextBlock": "Tb_83", "text": "REIMBURSE", "parent_Field": null, "parent_Choice_Field": null, "parent_ChoiceGroup": null, "w": 131, "h": 22, "y": 195, "x": 951, "structure_id": "Tr_104"}, {"parent_TextBlock": "Tb_83", "text": "ANY EXPENSES OR COST INCURRED IN THE", "parent_Field": null, "parent_Choice_Field": null, "parent_ChoiceGroup": null, "w": 470, "h": 22, "y": 195, "x": 1082, "structure_id": "Tr_105"}, {"parent_TextBlock": "Tb_83", "text": "PROCESS OF COMPLETING AND/OR SUBMITTING THIS FORM. PLEASE READ THE PRIVACY ACT AND RESPONDENT BURDEN BEFORE", "parent_Field": null, "parent_Choice_Field": null, "parent_ChoiceGroup": null, "w": 1393, "h": 22, "y": 217, "x": 95, "structure_id": "Tr_106"}, {"parent_TextBlock": "Tb_83", "text": "COMPLETING THIS FORM.", "parent_Field": null, "parent_Choice_Field": null, "parent_ChoiceGroup": null, "w": 272, "h": 22, "y": 239, "x": 95, "structure_id": "Tr_107"}, {"parent_TextBlock": "Tb_84", "text": "NOTE TO PHYSICIAN", "parent_Field": null, "parent_Choice_Field": null, "parent_ChoiceGroup": null, "w": 231, "h": 22, "y": 437, "x": 98, "structure_id": "Tr_108"}, {"parent_TextBlock": "Tb_84", "text": "\u00c2\u00a0- Your patient is applying to the U.S. Department of Veterans Affairs (VA) for disability benefits. VA will consider the information you", "parent_Field": null, "parent_Choice_Field": null, "parent_ChoiceGroup": null, "w": 1222, "h": 22, "y": 437, "x": 329, "structure_id": "Tr_109"}, {"parent_TextBlock": "Tb_84", "text": "provide on this questionnaire as part of their evaluation in processing the veteran's claim. VA reserves the right to confirm the authenticity of ALL DBQs completed by", "parent_Field": null, "parent_Choice_Field": null, "parent_ChoiceGroup": null, "w": 1495, "h": 22, "y": 459, "x": 98, "structure_id": "Tr_110"}, {"parent_TextBlock": "Tb_84", "text": "private health care providers.", "parent_Field": null, "parent_Choice_Field": null, "parent_ChoiceGroup": null, "w": 259, "h": 21, "y": 481, "x": 98, "structure_id": "Tr_111"}, {"parent_TextBlock": "Tb_85", "text": "NAME OF PATIENT/VETERAN", "parent_Field": "Fi_40", "parent_Choice_Field": null, "parent_ChoiceGroup": null, "w": 278, "h": 19, "y": 276, "x": 98, "structure_id": "Tr_112"}, {"parent_TextBlock": "Tb_85", "text": "(First, Middle Initial, Last)", "parent_Field": "Fi_40", "parent_Choice_Field": null, "parent_ChoiceGroup": null, "w": 242, "h": 22, "y": 274, "x": 376, "structure_id": "Tr_113"}, {"parent_TextBlock": "Tb_86", "text": "PATIENT/VETERAN'S SOCIAL SECURITY NUMBER", "parent_Field": "Fi_41", "parent_Choice_Field": null, "parent_ChoiceGroup": null, "w": 466, "h": 19, "y": 358, "x": 95, "structure_id": "Tr_114"}], "ChoiceGroup": [{"y": 538.03125, "x": 94, "structure_id": "Chgp_1", "w": 1488, "h": 93}, {"y": 727.03125, "x": 94, "structure_id": "Chgp_2", "w": 1472, "h": 604}, {"y": 1471.03125, "x": 94, "structure_id": "Chgp_3", "w": 1080, "h": 94}, {"y": 1684.03125, "x": 93, "structure_id": "Chgp_4", "w": 1515, "h": 106}, {"y": 1792.03125, "x": 90, "structure_id": "Chgp_5", "w": 925, "h": 96}, {"y": 1894.03125, "x": 91, "structure_id": "Chgp_6", "w": 933, "h": 94}, {"y": 1999.03125, "x": 91, "structure_id": "Chgp_7", "w": 1181, "h": 96}]}