{"Widget": [{"parent_Field": "Fi_1", "parent_Choice_Field": null, "parent_ChoiceGroup": null, "w": 1508.2669291338584, "h": 128.00787401574806, "y": 922.1110236220472, "x": 97.63858267716535, "structure_id": "Wi_1"}, {"parent_Field": null, "parent_Choice_Field": "Chf_1", "parent_ChoiceGroup": "Chgp_1", "w": 25, "h": 25, "y": 884.6669291338583, "x": 112.54724409448819, "structure_id": "Wi_2"}, {"parent_Field": null, "parent_Choice_Field": "Chf_2", "parent_ChoiceGroup": "Chgp_1", "w": 25, "h": 25, "y": 883.3275590551182, "x": 229.21653543307087, "structure_id": "Wi_3"}, {"parent_Field": "Fi_2", "parent_Choice_Field": null, "parent_ChoiceGroup": null, "w": 147.1417322834646, "h": 46.83307086614173, "y": 72.4724409448819, "x": 555.8110236220473, "structure_id": "Wi_4"}, {"parent_Field": "Fi_2", "parent_Choice_Field": null, "parent_ChoiceGroup": null, "w": 90.35590551181102, "h": 42.40787401574803, "y": 75.64409448818898, "x": 751.0637795275591, "structure_id": "Wi_5"}, {"parent_Field": "Fi_2", "parent_Choice_Field": null, "parent_ChoiceGroup": null, "w": 188.88031496062993, "h": 44.03858267716536, "y": 74.01653543307087, "x": 891.4165354330709, "structure_id": "Wi_6"}, {"parent_Field": null, "parent_Choice_Field": "Chf_3", "parent_ChoiceGroup": "Chgp_2", "w": 25, "h": 25, "y": 513.0165354330709, "x": 545.044094488189, "structure_id": "Wi_7"}, {"parent_Field": null, "parent_Choice_Field": "Chf_4", "parent_ChoiceGroup": "Chgp_2", "w": 25, "h": 25, "y": 513.0165354330709, "x": 678.3748031496064, "structure_id": "Wi_8"}, {"parent_Field": "Fi_3", "parent_Choice_Field": null, "parent_ChoiceGroup": null, "w": 1283.3307086614175, "h": 33.33070866141732, "y": 556.0779527559055, "x": 320.0472440944882, "structure_id": "Wi_9"}, {"parent_Field": "Fi_3", "parent_Choice_Field": null, "parent_ChoiceGroup": null, "w": 1500, "h": 33.33070866141732, "y": 589.4078740157481, "x": 103.37795275590551, "structure_id": "Wi_10"}, {"parent_Field": "Fi_4", "parent_Choice_Field": null, "parent_ChoiceGroup": null, "w": 1510.3944881889763, "h": 133.33070866141733, "y": 671.5496062992127, "x": 93.33858267716536, "structure_id": "Wi_11"}, {"parent_Field": "Fi_5", "parent_Choice_Field": null, "parent_ChoiceGroup": null, "w": 200.00787401574803, "h": 33.33070866141732, "y": 506.0724409448819, "x": 903.3692913385827, "structure_id": "Wi_12"}, {"parent_Field": "Fi_6", "parent_Choice_Field": null, "parent_ChoiceGroup": null, "w": 200.00787401574803, "h": 33.33070866141732, "y": 439.407874015748, "x": 903.3692913385827, "structure_id": "Wi_13"}, {"parent_Field": "Fi_7", "parent_Choice_Field": null, "parent_ChoiceGroup": null, "w": 200.00787401574803, "h": 33.33070866141732, "y": 406.0779527559055, "x": 903.3692913385827, "structure_id": "Wi_14"}, {"parent_Field": "Fi_8", "parent_Choice_Field": null, "parent_ChoiceGroup": null, "w": 200.00787401574803, "h": 33.33070866141732, "y": 472.73858267716537, "x": 903.3692913385827, "structure_id": "Wi_15"}, {"parent_Field": null, "parent_Choice_Field": "Chf_5", "parent_ChoiceGroup": "Chgp_3", "w": 25, "h": 25, "y": 413.0165354330709, "x": 545.044094488189, "structure_id": "Wi_16"}, {"parent_Field": null, "parent_Choice_Field": "Chf_6", "parent_ChoiceGroup": "Chgp_3", "w": 25, "h": 25, "y": 413.0165354330709, "x": 678.3748031496064, "structure_id": "Wi_17"}, {"parent_Field": null, "parent_Choice_Field": "Chf_7", "parent_ChoiceGroup": "Chgp_4", "w": 25, "h": 25, "y": 446.3472440944882, "x": 545.044094488189, "structure_id": "Wi_18"}, {"parent_Field": null, "parent_Choice_Field": "Chf_8", "parent_ChoiceGroup": "Chgp_4", "w": 25, "h": 25, "y": 446.3472440944882, "x": 678.3748031496064, "structure_id": "Wi_19"}, {"parent_Field": null, "parent_Choice_Field": "Chf_9", "parent_ChoiceGroup": "Chgp_5", "w": 25, "h": 25, "y": 479.6858267716535, "x": 545.044094488189, "structure_id": "Wi_20"}, {"parent_Field": null, "parent_Choice_Field": "Chf_10", "parent_ChoiceGroup": "Chgp_5", "w": 25, "h": 25, "y": 479.6858267716535, "x": 678.3748031496064, "structure_id": "Wi_21"}, {"parent_Field": null, "parent_Choice_Field": "Chf_11", "parent_ChoiceGroup": "Chgp_6", "w": 25, "h": 25, "y": 413.0165354330709, "x": 111.70551181102363, "structure_id": "Wi_22"}, {"parent_Field": null, "parent_Choice_Field": "Chf_12", "parent_ChoiceGroup": "Chgp_6", "w": 25, "h": 25, "y": 446.3472440944882, "x": 111.70551181102363, "structure_id": "Wi_23"}, {"parent_Field": null, "parent_Choice_Field": "Chf_13", "parent_ChoiceGroup": "Chgp_6", "w": 25, "h": 25, "y": 479.6858267716535, "x": 111.70551181102363, "structure_id": "Wi_24"}, {"parent_Field": null, "parent_Choice_Field": "Chf_14", "parent_ChoiceGroup": "Chgp_6", "w": 25, "h": 25, "y": 513.0165354330709, "x": 111.70551181102363, "structure_id": "Wi_25"}, {"parent_Field": null, "parent_Choice_Field": "Chf_15", "parent_ChoiceGroup": "Chgp_7", "w": 25, "h": 25, "y": 331.0779527559055, "x": 112.06929133858267, "structure_id": "Wi_26"}, {"parent_Field": null, "parent_Choice_Field": "Chf_16", "parent_ChoiceGroup": "Chgp_7", "w": 25, "h": 25, "y": 329.73858267716537, "x": 228.73622047244095, "structure_id": "Wi_27"}, {"parent_Field": "Fi_9", "parent_Choice_Field": null, "parent_ChoiceGroup": null, "w": 1510.3944881889763, "h": 125.11968503937008, "y": 1139.992125984252, "x": 95.2527559055118, "structure_id": "Wi_28"}, {"parent_Field": "Fi_10", "parent_Choice_Field": null, "parent_ChoiceGroup": null, "w": 216.66929133858267, "h": 33.33070866141732, "y": 1409.072440944882, "x": 1314.7944881889764, "structure_id": "Wi_29"}, {"parent_Field": "Fi_11", "parent_Choice_Field": null, "parent_ChoiceGroup": null, "w": 418.4724409448819, "h": 68.63858267716536, "y": 1476.8196850393701, "x": 94.43307086614173, "structure_id": "Wi_30"}, {"parent_Field": "Fi_12", "parent_Choice_Field": null, "parent_ChoiceGroup": null, "w": 550, "h": 69.48031496062993, "y": 1472.9275590551183, "x": 1064.7944881889762, "structure_id": "Wi_31"}, {"parent_Field": "Fi_13", "parent_Choice_Field": null, "parent_ChoiceGroup": null, "w": 656.2196850393701, "h": 33.33070866141732, "y": 1592.4031496062992, "x": 725.2527559055118, "structure_id": "Wi_32"}, {"parent_Field": "Fi_14", "parent_Choice_Field": null, "parent_ChoiceGroup": null, "w": 633.3385826771654, "h": 33.33070866141732, "y": 1409.072440944882, "x": 681.4551181102363, "structure_id": "Wi_33"}, {"parent_Field": "Fi_15", "parent_Choice_Field": null, "parent_ChoiceGroup": null, "w": 450, "h": 33.33070866141732, "y": 1503.8503937007874, "x": 538.7330708661418, "structure_id": "Wi_34"}, {"parent_Field": "Fi_16", "parent_Choice_Field": null, "parent_ChoiceGroup": null, "w": 577.936220472441, "h": 33.33070866141732, "y": 1408.188976377953, "x": 94.43307086614173, "structure_id": "Wi_35"}], "TextBlock": [{"parent_Field": null, "parent_Choice_Field": null, "parent_ChoiceGroup": null, "w": 394, "h": 23, "y": 821, "x": 655, "structure_id": "Tb_1"}, {"parent_Field": "Fi_1", "parent_Choice_Field": null, "parent_ChoiceGroup": null, "w": 953, "h": 23, "y": 887, "x": 354, "structure_id": "Tb_2"}, {"parent_Field": null, "parent_Choice_Field": null, "parent_ChoiceGroup": "Chgp_1", "w": 984, "h": 19, "y": 855, "x": 96, "structure_id": "Tb_3"}, {"parent_Field": null, "parent_Choice_Field": "Chf_1", "parent_ChoiceGroup": "Chgp_1", "w": 39, "h": 19, "y": 889, "x": 154, "structure_id": "Tb_4"}, {"parent_Field": null, "parent_Choice_Field": "Chf_2", "parent_ChoiceGroup": "Chgp_1", "w": 29, "h": 19, "y": 889, "x": 271, "structure_id": "Tb_5"}, {"parent_Field": "Fi_2", "parent_Choice_Field": null, "parent_ChoiceGroup": null, "w": 466, "h": 20, "y": 99, "x": 85, "structure_id": "Tb_6"}, {"parent_Field": null, "parent_Choice_Field": null, "parent_ChoiceGroup": null, "w": 394, "h": 22, "y": 139, "x": 656, "structure_id": "Tb_7"}, {"parent_Field": null, "parent_Choice_Field": null, "parent_ChoiceGroup": "Chgp_2", "w": 70, "h": 19, "y": 520, "x": 437, "structure_id": "Tb_8"}, {"parent_Field": null, "parent_Choice_Field": "Chf_3", "parent_ChoiceGroup": "Chgp_2", "w": 62, "h": 19, "y": 520, "x": 587, "structure_id": "Tb_9"}, {"parent_Field": null, "parent_Choice_Field": "Chf_4", "parent_ChoiceGroup": "Chgp_2", "w": 83, "h": 19, "y": 520, "x": 720, "structure_id": "Tb_10"}, {"parent_Field": "Fi_3", "parent_Choice_Field": null, "parent_ChoiceGroup": null, "w": 215, "h": 22, "y": 567, "x": 103, "structure_id": "Tb_11"}, {"parent_Field": "Fi_4", "parent_Choice_Field": null, "parent_ChoiceGroup": null, "w": 1100, "h": 19, "y": 647, "x": 96, "structure_id": "Tb_12"}, {"parent_Field": "Fi_5", "parent_Choice_Field": null, "parent_ChoiceGroup": null, "w": 46, "h": 19, "y": 520, "x": 837, "structure_id": "Tb_13"}, {"parent_Field": "Fi_6", "parent_Choice_Field": null, "parent_ChoiceGroup": null, "w": 46, "h": 20, "y": 453, "x": 837, "structure_id": "Tb_14"}, {"parent_Field": "Fi_7", "parent_Choice_Field": null, "parent_ChoiceGroup": null, "w": 46, "h": 19, "y": 420, "x": 837, "structure_id": "Tb_15"}, {"parent_Field": null, "parent_Choice_Field": null, "parent_ChoiceGroup": null, "w": 1506, "h": 89, "y": 178, "x": 96, "structure_id": "Tb_16"}, {"parent_Field": "Fi_8", "parent_Choice_Field": null, "parent_ChoiceGroup": null, "w": 46, "h": 19, "y": 487, "x": 837, "structure_id": "Tb_17"}, {"parent_Field": null, "parent_Choice_Field": null, "parent_ChoiceGroup": "Chgp_3", "w": 70, "h": 19, "y": 420, "x": 437, "structure_id": "Tb_18"}, {"parent_Field": null, "parent_Choice_Field": "Chf_5", "parent_ChoiceGroup": "Chgp_3", "w": 62, "h": 19, "y": 420, "x": 587, "structure_id": "Tb_19"}, {"parent_Field": null, "parent_Choice_Field": "Chf_6", "parent_ChoiceGroup": "Chgp_3", "w": 83, "h": 19, "y": 420, "x": 720, "structure_id": "Tb_20"}, {"parent_Field": null, "parent_Choice_Field": null, "parent_ChoiceGroup": "Chgp_4", "w": 70, "h": 20, "y": 453, "x": 437, "structure_id": "Tb_21"}, {"parent_Field": null, "parent_Choice_Field": "Chf_7", "parent_ChoiceGroup": "Chgp_4", "w": 62, "h": 20, "y": 453, "x": 587, "structure_id": "Tb_22"}, {"parent_Field": null, "parent_Choice_Field": "Chf_8", "parent_ChoiceGroup": "Chgp_4", "w": 83, "h": 20, "y": 453, "x": 720, "structure_id": "Tb_23"}, {"parent_Field": null, "parent_Choice_Field": null, "parent_ChoiceGroup": "Chgp_5", "w": 70, "h": 19, "y": 487, "x": 437, "structure_id": "Tb_24"}, {"parent_Field": null, "parent_Choice_Field": "Chf_9", "parent_ChoiceGroup": "Chgp_5", "w": 62, "h": 19, "y": 487, "x": 587, "structure_id": "Tb_25"}, {"parent_Field": null, "parent_Choice_Field": "Chf_10", "parent_ChoiceGroup": "Chgp_5", "w": 83, "h": 19, "y": 487, "x": 720, "structure_id": "Tb_26"}, {"parent_Field": null, "parent_Choice_Field": null, "parent_ChoiceGroup": "Chgp_6", "w": 181, "h": 23, "y": 378, "x": 103, "structure_id": "Tb_27"}, {"parent_Field": null, "parent_Choice_Field": "Chf_11", "parent_ChoiceGroup": "Chgp_6", "w": 255, "h": 19, "y": 420, "x": 153, "structure_id": "Tb_28"}, {"parent_Field": null, "parent_Choice_Field": "Chf_12", "parent_ChoiceGroup": "Chgp_6", "w": 237, "h": 20, "y": 453, "x": 153, "structure_id": "Tb_29"}, {"parent_Field": null, "parent_Choice_Field": "Chf_13", "parent_ChoiceGroup": "Chgp_6", "w": 260, "h": 19, "y": 487, "x": 153, "structure_id": "Tb_30"}, {"parent_Field": null, "parent_Choice_Field": "Chf_14", "parent_ChoiceGroup": "Chgp_6", "w": 241, "h": 19, "y": 520, "x": 153, "structure_id": "Tb_31"}, {"parent_Field": null, "parent_Choice_Field": null, "parent_ChoiceGroup": "Chgp_7", "w": 426, "h": 19, "y": 286, "x": 98, "structure_id": "Tb_32"}, {"parent_Field": null, "parent_Choice_Field": "Chf_15", "parent_ChoiceGroup": "Chgp_7", "w": 39, "h": 20, "y": 335, "x": 154, "structure_id": "Tb_33"}, {"parent_Field": null, "parent_Choice_Field": "Chf_16", "parent_ChoiceGroup": "Chgp_7", "w": 30, "h": 20, "y": 335, "x": 270, "structure_id": "Tb_34"}, {"parent_Field": null, "parent_Choice_Field": null, "parent_ChoiceGroup": null, "w": 258, "h": 23, "y": 1064, "x": 724, "structure_id": "Tb_35"}, {"parent_Field": "Fi_9", "parent_Choice_Field": null, "parent_ChoiceGroup": null, "w": 175, "h": 20, "y": 1102, "x": 106, "structure_id": "Tb_36"}, {"parent_Field": null, "parent_Choice_Field": null, "parent_ChoiceGroup": null, "w": 649, "h": 22, "y": 1278, "x": 526, "structure_id": "Tb_37"}, {"parent_Field": "Fi_10", "parent_Choice_Field": null, "parent_ChoiceGroup": null, "w": 178, "h": 20, "y": 1349, "x": 1326, "structure_id": "Tb_38"}, {"parent_Field": null, "parent_Choice_Field": null, "parent_ChoiceGroup": null, "w": 1205, "h": 25, "y": 1312, "x": 112, "structure_id": "Tb_39"}, {"parent_Field": null, "parent_Choice_Field": null, "parent_ChoiceGroup": null, "w": 1334, "h": 22, "y": 1673, "x": 96, "structure_id": "Tb_40"}, {"parent_Field": "Fi_11", "parent_Choice_Field": null, "parent_ChoiceGroup": null, "w": 422, "h": 20, "y": 1449, "x": 96, "structure_id": "Tb_41"}, {"parent_Field": "Fi_12", "parent_Choice_Field": null, "parent_ChoiceGroup": null, "w": 265, "h": 20, "y": 1449, "x": 1076, "structure_id": "Tb_42"}, {"parent_Field": "Fi_13", "parent_Choice_Field": null, "parent_ChoiceGroup": null, "w": 615, "h": 25, "y": 1597, "x": 96, "structure_id": "Tb_43"}, {"parent_Field": "Fi_13", "parent_Choice_Field": null, "parent_ChoiceGroup": null, "w": 237, "h": 19, "y": 1633, "x": 935, "structure_id": "Tb_44"}, {"parent_Field": null, "parent_Choice_Field": null, "parent_ChoiceGroup": null, "w": 1414, "h": 22, "y": 1551, "x": 98, "structure_id": "Tb_45"}, {"parent_Field": "Fi_14", "parent_Choice_Field": null, "parent_ChoiceGroup": null, "w": 319, "h": 20, "y": 1349, "x": 693, "structure_id": "Tb_46"}, {"parent_Field": "Fi_15", "parent_Choice_Field": null, "parent_ChoiceGroup": null, "w": 504, "h": 20, "y": 1451, "x": 537, "structure_id": "Tb_47"}, {"parent_Field": "Fi_16", "parent_Choice_Field": null, "parent_ChoiceGroup": null, "w": 401, "h": 22, "y": 1352, "x": 100, "structure_id": "Tb_48"}, {"parent_Field": null, "parent_Choice_Field": null, "parent_ChoiceGroup": null, "w": 1506, "h": 206, "y": 1763, "x": 99, "structure_id": "Tb_49"}, {"parent_Field": null, "parent_Choice_Field": null, "parent_ChoiceGroup": null, "w": 1506, "h": 89, "y": 1997, "x": 99, "structure_id": "Tb_50"}, {"parent_Field": null, "parent_Choice_Field": null, "parent_ChoiceGroup": null, "w": 298, "h": 19, "y": 2124, "x": 85, "structure_id": "Tb_51"}, {"parent_Field": null, "parent_Choice_Field": null, "parent_ChoiceGroup": null, "w": 71, "h": 22, "y": 2122, "x": 1545, "structure_id": "Tb_52"}], "Choice_Field": [{"y": 884.6669291338583, "x": 112.54724409448819, "structure_id": "Chf_1", "w": 80.45275590551181, "h": 25}, {"y": 883.3275590551182, "x": 229.21653543307087, "structure_id": "Chf_2", "w": 70.78346456692913, "h": 25}, {"y": 513.0165354330709, "x": 545.044094488189, "structure_id": "Chf_3", "w": 103.95590551181101, "h": 25.983464566929115}, {"y": 513.0165354330709, "x": 678.3748031496064, "structure_id": "Chf_4", "w": 124.62519685039365, "h": 25.983464566929115}, {"y": 413.0165354330709, "x": 545.044094488189, "structure_id": "Chf_5", "w": 103.95590551181101, "h": 25.983464566929115}, {"y": 413.0165354330709, "x": 678.3748031496064, "structure_id": "Chf_6", "w": 124.62519685039365, "h": 25.983464566929115}, {"y": 446.3472440944882, "x": 545.044094488189, "structure_id": "Chf_7", "w": 103.95590551181101, "h": 26.65275590551181}, {"y": 446.3472440944882, "x": 678.3748031496064, "structure_id": "Chf_8", "w": 124.62519685039365, "h": 26.65275590551181}, {"y": 479.6858267716535, "x": 545.044094488189, "structure_id": "Chf_9", "w": 103.95590551181101, "h": 26.314173228346476}, {"y": 479.6858267716535, "x": 678.3748031496064, "structure_id": "Chf_10", "w": 124.62519685039365, "h": 26.314173228346476}, {"y": 413.0165354330709, "x": 111.70551181102363, "structure_id": "Chf_11", "w": 296.2944881889764, "h": 25.983464566929115}, {"y": 446.3472440944882, "x": 111.70551181102363, "structure_id": "Chf_12", "w": 278.2944881889764, "h": 26.65275590551181}, {"y": 479.6858267716535, "x": 111.70551181102363, "structure_id": "Chf_13", "w": 301.2944881889764, "h": 26.314173228346476}, {"y": 513.0165354330709, "x": 111.70551181102363, "structure_id": "Chf_14", "w": 282.2944881889764, "h": 25.983464566929115}, {"y": 331.0779527559055, "x": 112.06929133858267, "structure_id": "Chf_15", "w": 80.93070866141733, "h": 25}, {"y": 329.73858267716537, "x": 228.73622047244095, "structure_id": "Chf_16", "w": 71.26377952755905, "h": 25.26141732283463}], "Field": [{"y": 887, "x": 97.63858267716535, "structure_id": "Fi_1", "w": 1508.2669291338584, "h": 163.11889763779527}, {"y": 72.4724409448819, "x": 85, "structure_id": "Fi_2", "w": 995.2968503937009, "h": 46.833070866141725}, {"y": 556.0779527559055, "x": 103, "structure_id": "Fi_3", "w": 1500.3779527559057, "h": 66.66062992126001}, {"y": 647, "x": 93.33858267716536, "structure_id": "Fi_4", "w": 1510.3944881889763, "h": 157.88031496063002}, {"y": 506.0724409448819, "x": 837, "structure_id": "Fi_5", "w": 266.3771653543308, "h": 33.33070866141736}, {"y": 439.407874015748, "x": 837, "structure_id": "Fi_6", "w": 266.3771653543308, "h": 33.59212598425199}, {"y": 406.0779527559055, "x": 837, "structure_id": "Fi_7", "w": 266.3771653543308, "h": 33.330708661417304}, {"y": 472.73858267716537, "x": 837, "structure_id": "Fi_8", "w": 266.3771653543308, "h": 33.330708661417304}, {"y": 1102, "x": 95.2527559055118, "structure_id": "Fi_9", "w": 1510.3944881889763, "h": 163.11181102362207}, {"y": 1349, "x": 1314.7944881889764, "structure_id": "Fi_10", "w": 216.66929133858275, "h": 93.40314960629917}, {"y": 1449, "x": 94.43307086614173, "structure_id": "Fi_11", "w": 423.56692913385825, "h": 96.4582677165356}, {"y": 1449, "x": 1064.7944881889762, "structure_id": "Fi_12", "w": 550, "h": 93.40787401574835}, {"y": 1592.4031496062992, "x": 96, "structure_id": "Fi_13", "w": 1285.4724409448818, "h": 59.596850393700834}, {"y": 1349, "x": 681.4551181102363, "structure_id": "Fi_14", "w": 633.3385826771653, "h": 93.40314960629917}, {"y": 1451, "x": 537, "structure_id": "Fi_15", "w": 504, "h": 86.18110236220468}, {"y": 1352, "x": 94.43307086614173, "structure_id": "Fi_16", "w": 577.936220472441, "h": 89.51968503937019}], "TextRun": [{"parent_TextBlock": "Tb_1", "text": "SECTION VIII - FUNCTIONAL IMPACT", "parent_Field": null, "parent_Choice_Field": null, "parent_ChoiceGroup": null, "w": 394, "h": 23, "y": 821, "x": 655, "structure_id": "Tr_1"}, {"parent_TextBlock": "Tb_2", "text": "If \"Yes,\" describe impact of the veteran's diabetic peripheral neuropathy, providing one or more examples:", "parent_Field": "Fi_1", "parent_Choice_Field": null, "parent_ChoiceGroup": null, "w": 953, "h": 23, "y": 887, "x": 354, "structure_id": "Tr_2"}, {"parent_TextBlock": "Tb_3", "text": "8. DOES THE VETERAN'S DIABETIC PERIPHERAL NEUROPATHY IMPACT HIS OR HER ABILITY TO WORK?", "parent_Field": null, "parent_Choice_Field": null, "parent_ChoiceGroup": "Chgp_1", "w": 984, "h": 19, "y": 855, "x": 96, "structure_id": "Tr_3"}, {"parent_TextBlock": "Tb_4", "text": "YES", "parent_Field": null, "parent_Choice_Field": "Chf_1", "parent_ChoiceGroup": "Chgp_1", "w": 39, "h": 19, "y": 889, "x": 154, "structure_id": "Tr_4"}, {"parent_TextBlock": "Tb_5", "text": "NO", "parent_Field": null, "parent_Choice_Field": "Chf_2", "parent_ChoiceGroup": "Chgp_1", "w": 29, "h": 19, "y": 889, "x": 271, "structure_id": "Tr_5"}, {"parent_TextBlock": "Tb_6", "text": "PATIENT/VETERAN'S SOCIAL SECURITY NUMBER", "parent_Field": "Fi_2", "parent_Choice_Field": null, "parent_ChoiceGroup": null, "w": 466, "h": 20, "y": 99, "x": 85, "structure_id": "Tr_6"}, {"parent_TextBlock": "Tb_7", "text": "SECTION VII - DIAGNOSTIC TESTING", "parent_Field": null, "parent_Choice_Field": null, "parent_ChoiceGroup": null, "w": 394, "h": 22, "y": 139, "x": 656, "structure_id": "Tr_7"}, {"parent_TextBlock": "Tb_8", "text": "Results:", "parent_Field": null, "parent_Choice_Field": null, "parent_ChoiceGroup": "Chgp_2", "w": 70, "h": 19, "y": 520, "x": 437, "structure_id": "Tr_8"}, {"parent_TextBlock": "Tb_9", "text": "Normal", "parent_Field": null, "parent_Choice_Field": "Chf_3", "parent_ChoiceGroup": "Chgp_2", "w": 62, "h": 19, "y": 520, "x": 587, "structure_id": "Tr_9"}, {"parent_TextBlock": "Tb_10", "text": "Abnormal", "parent_Field": null, "parent_Choice_Field": "Chf_4", "parent_ChoiceGroup": "Chgp_2", "w": 83, "h": 19, "y": 520, "x": 720, "structure_id": "Tr_10"}, {"parent_TextBlock": "Tb_11", "text": "(If abnormal, describe):", "parent_Field": "Fi_3", "parent_Choice_Field": null, "parent_ChoiceGroup": null, "w": 215, "h": 22, "y": 567, "x": 103, "structure_id": "Tr_11"}, {"parent_TextBlock": "Tb_12", "text": "7B. IF THERE ARE OTHER SIGNIFICANT FINDINGS OR DIAGNOSTIC TEST RESULTS, PROVIDE DATES AND DESCRIBE", "parent_Field": "Fi_4", "parent_Choice_Field": null, "parent_ChoiceGroup": null, "w": 1100, "h": 19, "y": 647, "x": 96, "structure_id": "Tr_12"}, {"parent_TextBlock": "Tb_13", "text": "Date:", "parent_Field": "Fi_5", "parent_Choice_Field": null, "parent_ChoiceGroup": null, "w": 46, "h": 19, "y": 520, "x": 837, "structure_id": "Tr_13"}, {"parent_TextBlock": "Tb_14", "text": "Date:", "parent_Field": "Fi_6", "parent_Choice_Field": null, "parent_ChoiceGroup": null, "w": 46, "h": 20, "y": 453, "x": 837, "structure_id": "Tr_14"}, {"parent_TextBlock": "Tb_15", "text": "Date:", "parent_Field": "Fi_7", "parent_Choice_Field": null, "parent_ChoiceGroup": null, "w": 46, "h": 19, "y": 420, "x": 837, "structure_id": "Tr_15"}, {"parent_TextBlock": "Tb_16", "text": "NOTE:", "parent_Field": null, "parent_Choice_Field": null, "parent_ChoiceGroup": null, "w": 71, "h": 22, "y": 178, "x": 96, "structure_id": "Tr_16"}, {"parent_TextBlock": "Tb_16", "text": "For", "parent_Field": null, "parent_Choice_Field": null, "parent_ChoiceGroup": null, "w": 37, "h": 22, "y": 178, "x": 174, "structure_id": "Tr_17"}, {"parent_TextBlock": "Tb_16", "text": "purposes", "parent_Field": null, "parent_Choice_Field": null, "parent_ChoiceGroup": null, "w": 84, "h": 22, "y": 178, "x": 213, "structure_id": "Tr_18"}, {"parent_TextBlock": "Tb_16", "text": "of", "parent_Field": null, "parent_Choice_Field": null, "parent_ChoiceGroup": null, "w": 24, "h": 22, "y": 178, "x": 299, "structure_id": "Tr_19"}, {"parent_TextBlock": "Tb_16", "text": "this", "parent_Field": null, "parent_Choice_Field": null, "parent_ChoiceGroup": null, "w": 38, "h": 22, "y": 178, "x": 325, "structure_id": "Tr_20"}, {"parent_TextBlock": "Tb_16", "text": "examination,", "parent_Field": null, "parent_Choice_Field": null, "parent_ChoiceGroup": null, "w": 121, "h": 22, "y": 178, "x": 365, "structure_id": "Tr_21"}, {"parent_TextBlock": "Tb_16", "text": "electromyography", "parent_Field": null, "parent_Choice_Field": null, "parent_ChoiceGroup": null, "w": 168, "h": 22, "y": 178, "x": 487, "structure_id": "Tr_22"}, {"parent_TextBlock": "Tb_16", "text": "(EMG)", "parent_Field": null, "parent_Choice_Field": null, "parent_ChoiceGroup": null, "w": 69, "h": 22, "y": 178, "x": 657, "structure_id": "Tr_23"}, {"parent_TextBlock": "Tb_16", "text": "studies", "parent_Field": null, "parent_Choice_Field": null, "parent_ChoiceGroup": null, "w": 68, "h": 22, "y": 178, "x": 728, "structure_id": "Tr_24"}, {"parent_TextBlock": "Tb_16", "text": "are", "parent_Field": null, "parent_Choice_Field": null, "parent_ChoiceGroup": null, "w": 33, "h": 22, "y": 178, "x": 797, "structure_id": "Tr_25"}, {"parent_TextBlock": "Tb_16", "text": "rarely", "parent_Field": null, "parent_Choice_Field": null, "parent_ChoiceGroup": null, "w": 57, "h": 22, "y": 178, "x": 832, "structure_id": "Tr_26"}, {"parent_TextBlock": "Tb_16", "text": "required", "parent_Field": null, "parent_Choice_Field": null, "parent_ChoiceGroup": null, "w": 80, "h": 22, "y": 178, "x": 891, "structure_id": "Tr_27"}, {"parent_TextBlock": "Tb_16", "text": "to", "parent_Field": null, "parent_Choice_Field": null, "parent_ChoiceGroup": null, "w": 23, "h": 22, "y": 178, "x": 973, "structure_id": "Tr_28"}, {"parent_TextBlock": "Tb_16", "text": "diagnose", "parent_Field": null, "parent_Choice_Field": null, "parent_ChoiceGroup": null, "w": 84, "h": 22, "y": 178, "x": 998, "structure_id": "Tr_29"}, {"parent_TextBlock": "Tb_16", "text": "diabetic", "parent_Field": null, "parent_Choice_Field": null, "parent_ChoiceGroup": null, "w": 76, "h": 22, "y": 178, "x": 1084, "structure_id": "Tr_30"}, {"parent_TextBlock": "Tb_16", "text": "peripheral", "parent_Field": null, "parent_Choice_Field": null, "parent_ChoiceGroup": null, "w": 95, "h": 22, "y": 178, "x": 1162, "structure_id": "Tr_31"}, {"parent_TextBlock": "Tb_16", "text": "neuropathy.", "parent_Field": null, "parent_Choice_Field": null, "parent_ChoiceGroup": null, "w": 111, "h": 22, "y": 178, "x": 1259, "structure_id": "Tr_32"}, {"parent_TextBlock": "Tb_16", "text": "The", "parent_Field": null, "parent_Choice_Field": null, "parent_ChoiceGroup": null, "w": 40, "h": 22, "y": 178, "x": 1372, "structure_id": "Tr_33"}, {"parent_TextBlock": "Tb_16", "text": "diagnosis", "parent_Field": null, "parent_Choice_Field": null, "parent_ChoiceGroup": null, "w": 90, "h": 22, "y": 178, "x": 1414, "structure_id": "Tr_34"}, {"parent_TextBlock": "Tb_16", "text": "of", "parent_Field": null, "parent_Choice_Field": null, "parent_ChoiceGroup": null, "w": 24, "h": 22, "y": 178, "x": 1506, "structure_id": "Tr_35"}, {"parent_TextBlock": "Tb_16", "text": "diabetic", "parent_Field": null, "parent_Choice_Field": null, "parent_ChoiceGroup": null, "w": 70, "h": 22, "y": 178, "x": 1532, "structure_id": "Tr_36"}, {"parent_TextBlock": "Tb_16", "text": "peripheral", "parent_Field": null, "parent_Choice_Field": null, "parent_ChoiceGroup": null, "w": 96, "h": 23, "y": 200, "x": 96, "structure_id": "Tr_37"}, {"parent_TextBlock": "Tb_16", "text": "neuropathy", "parent_Field": null, "parent_Choice_Field": null, "parent_ChoiceGroup": null, "w": 105, "h": 23, "y": 200, "x": 195, "structure_id": "Tr_38"}, {"parent_TextBlock": "Tb_16", "text": "can", "parent_Field": null, "parent_Choice_Field": null, "parent_ChoiceGroup": null, "w": 36, "h": 23, "y": 200, "x": 303, "structure_id": "Tr_39"}, {"parent_TextBlock": "Tb_16", "text": "be", "parent_Field": null, "parent_Choice_Field": null, "parent_ChoiceGroup": null, "w": 26, "h": 23, "y": 200, "x": 342, "structure_id": "Tr_40"}, {"parent_TextBlock": "Tb_16", "text": "made", "parent_Field": null, "parent_Choice_Field": null, "parent_ChoiceGroup": null, "w": 54, "h": 23, "y": 200, "x": 371, "structure_id": "Tr_41"}, {"parent_TextBlock": "Tb_16", "text": "in", "parent_Field": null, "parent_Choice_Field": null, "parent_ChoiceGroup": null, "w": 23, "h": 23, "y": 200, "x": 427, "structure_id": "Tr_42"}, {"parent_TextBlock": "Tb_16", "text": "the", "parent_Field": null, "parent_Choice_Field": null, "parent_ChoiceGroup": null, "w": 32, "h": 23, "y": 200, "x": 453, "structure_id": "Tr_43"}, {"parent_TextBlock": "Tb_16", "text": "appropriate", "parent_Field": null, "parent_Choice_Field": null, "parent_ChoiceGroup": null, "w": 107, "h": 23, "y": 200, "x": 488, "structure_id": "Tr_44"}, {"parent_TextBlock": "Tb_16", "text": "clinical", "parent_Field": null, "parent_Choice_Field": null, "parent_ChoiceGroup": null, "w": 71, "h": 23, "y": 200, "x": 597, "structure_id": "Tr_45"}, {"parent_TextBlock": "Tb_16", "text": "setting", "parent_Field": null, "parent_Choice_Field": null, "parent_ChoiceGroup": null, "w": 65, "h": 23, "y": 200, "x": 671, "structure_id": "Tr_46"}, {"parent_TextBlock": "Tb_16", "text": "by", "parent_Field": null, "parent_Choice_Field": null, "parent_ChoiceGroup": null, "w": 28, "h": 23, "y": 200, "x": 738, "structure_id": "Tr_47"}, {"parent_TextBlock": "Tb_16", "text": "history", "parent_Field": null, "parent_Choice_Field": null, "parent_ChoiceGroup": null, "w": 67, "h": 23, "y": 200, "x": 787, "structure_id": "Tr_48"}, {"parent_TextBlock": "Tb_16", "text": "of", "parent_Field": null, "parent_Choice_Field": null, "parent_ChoiceGroup": null, "w": 25, "h": 23, "y": 200, "x": 856, "structure_id": "Tr_49"}, {"parent_TextBlock": "Tb_16", "text": "characteristic", "parent_Field": null, "parent_Choice_Field": null, "parent_ChoiceGroup": null, "w": 124, "h": 23, "y": 200, "x": 883, "structure_id": "Tr_50"}, {"parent_TextBlock": "Tb_16", "text": "pain", "parent_Field": null, "parent_Choice_Field": null, "parent_ChoiceGroup": null, "w": 44, "h": 23, "y": 200, "x": 1010, "structure_id": "Tr_51"}, {"parent_TextBlock": "Tb_16", "text": "and/or", "parent_Field": null, "parent_Choice_Field": null, "parent_ChoiceGroup": null, "w": 62, "h": 23, "y": 200, "x": 1056, "structure_id": "Tr_52"}, {"parent_TextBlock": "Tb_16", "text": "sensory", "parent_Field": null, "parent_Choice_Field": null, "parent_ChoiceGroup": null, "w": 73, "h": 23, "y": 200, "x": 1121, "structure_id": "Tr_53"}, {"parent_TextBlock": "Tb_16", "text": "changes", "parent_Field": null, "parent_Choice_Field": null, "parent_ChoiceGroup": null, "w": 77, "h": 23, "y": 200, "x": 1197, "structure_id": "Tr_54"}, {"parent_TextBlock": "Tb_16", "text": "in", "parent_Field": null, "parent_Choice_Field": null, "parent_ChoiceGroup": null, "w": 23, "h": 23, "y": 200, "x": 1277, "structure_id": "Tr_55"}, {"parent_TextBlock": "Tb_16", "text": "stocking/glove", "parent_Field": null, "parent_Choice_Field": null, "parent_ChoiceGroup": null, "w": 137, "h": 23, "y": 200, "x": 1320, "structure_id": "Tr_56"}, {"parent_TextBlock": "Tb_16", "text": "distribution", "parent_Field": null, "parent_Choice_Field": null, "parent_ChoiceGroup": null, "w": 108, "h": 23, "y": 200, "x": 1459, "structure_id": "Tr_57"}, {"parent_TextBlock": "Tb_16", "text": "and", "parent_Field": null, "parent_Choice_Field": null, "parent_ChoiceGroup": null, "w": 32, "h": 23, "y": 200, "x": 1570, "structure_id": "Tr_58"}, {"parent_TextBlock": "Tb_16", "text": "objective", "parent_Field": null, "parent_Choice_Field": null, "parent_ChoiceGroup": null, "w": 87, "h": 22, "y": 223, "x": 96, "structure_id": "Tr_59"}, {"parent_TextBlock": "Tb_16", "text": "clinical", "parent_Field": null, "parent_Choice_Field": null, "parent_ChoiceGroup": null, "w": 71, "h": 22, "y": 223, "x": 184, "structure_id": "Tr_60"}, {"parent_TextBlock": "Tb_16", "text": "findings,", "parent_Field": null, "parent_Choice_Field": null, "parent_ChoiceGroup": null, "w": 84, "h": 22, "y": 223, "x": 255, "structure_id": "Tr_61"}, {"parent_TextBlock": "Tb_16", "text": "which", "parent_Field": null, "parent_Choice_Field": null, "parent_ChoiceGroup": null, "w": 60, "h": 22, "y": 223, "x": 339, "structure_id": "Tr_62"}, {"parent_TextBlock": "Tb_16", "text": "may", "parent_Field": null, "parent_Choice_Field": null, "parent_ChoiceGroup": null, "w": 44, "h": 22, "y": 223, "x": 399, "structure_id": "Tr_63"}, {"parent_TextBlock": "Tb_16", "text": "include", "parent_Field": null, "parent_Choice_Field": null, "parent_ChoiceGroup": null, "w": 70, "h": 22, "y": 223, "x": 444, "structure_id": "Tr_64"}, {"parent_TextBlock": "Tb_16", "text": "symmetrical", "parent_Field": null, "parent_Choice_Field": null, "parent_ChoiceGroup": null, "w": 115, "h": 22, "y": 223, "x": 515, "structure_id": "Tr_65"}, {"parent_TextBlock": "Tb_16", "text": "lost/decreased", "parent_Field": null, "parent_Choice_Field": null, "parent_ChoiceGroup": null, "w": 132, "h": 22, "y": 223, "x": 630, "structure_id": "Tr_66"}, {"parent_TextBlock": "Tb_16", "text": "reflexes,", "parent_Field": null, "parent_Choice_Field": null, "parent_ChoiceGroup": null, "w": 82, "h": 22, "y": 223, "x": 762, "structure_id": "Tr_67"}, {"parent_TextBlock": "Tb_16", "text": "decreased", "parent_Field": null, "parent_Choice_Field": null, "parent_ChoiceGroup": null, "w": 93, "h": 22, "y": 223, "x": 844, "structure_id": "Tr_68"}, {"parent_TextBlock": "Tb_16", "text": "strength,", "parent_Field": null, "parent_Choice_Field": null, "parent_ChoiceGroup": null, "w": 83, "h": 22, "y": 223, "x": 937, "structure_id": "Tr_69"}, {"parent_TextBlock": "Tb_16", "text": "lost/decreased", "parent_Field": null, "parent_Choice_Field": null, "parent_ChoiceGroup": null, "w": 132, "h": 22, "y": 223, "x": 1020, "structure_id": "Tr_70"}, {"parent_TextBlock": "Tb_16", "text": "sensation", "parent_Field": null, "parent_Choice_Field": null, "parent_ChoiceGroup": null, "w": 88, "h": 22, "y": 223, "x": 1152, "structure_id": "Tr_71"}, {"parent_TextBlock": "Tb_16", "text": "for", "parent_Field": null, "parent_Choice_Field": null, "parent_ChoiceGroup": null, "w": 31, "h": 22, "y": 223, "x": 1241, "structure_id": "Tr_72"}, {"parent_TextBlock": "Tb_16", "text": "cold,", "parent_Field": null, "parent_Choice_Field": null, "parent_ChoiceGroup": null, "w": 50, "h": 22, "y": 223, "x": 1272, "structure_id": "Tr_73"}, {"parent_TextBlock": "Tb_16", "text": "vibration", "parent_Field": null, "parent_Choice_Field": null, "parent_ChoiceGroup": null, "w": 86, "h": 22, "y": 223, "x": 1322, "structure_id": "Tr_74"}, {"parent_TextBlock": "Tb_16", "text": "and/or", "parent_Field": null, "parent_Choice_Field": null, "parent_ChoiceGroup": null, "w": 63, "h": 22, "y": 223, "x": 1408, "structure_id": "Tr_75"}, {"parent_TextBlock": "Tb_16", "text": "position", "parent_Field": null, "parent_Choice_Field": null, "parent_ChoiceGroup": null, "w": 77, "h": 22, "y": 223, "x": 1471, "structure_id": "Tr_76"}, {"parent_TextBlock": "Tb_16", "text": "sense,", "parent_Field": null, "parent_Choice_Field": null, "parent_ChoiceGroup": null, "w": 54, "h": 22, "y": 223, "x": 1548, "structure_id": "Tr_77"}, {"parent_TextBlock": "Tb_16", "text": "and/or lost/decreased sensation to monofilament testing.", "parent_Field": null, "parent_Choice_Field": null, "parent_ChoiceGroup": null, "w": 500, "h": 22, "y": 245, "x": 96, "structure_id": "Tr_78"}, {"parent_TextBlock": "Tb_17", "text": "Date:", "parent_Field": "Fi_8", "parent_Choice_Field": null, "parent_ChoiceGroup": null, "w": 46, "h": 19, "y": 487, "x": 837, "structure_id": "Tr_79"}, {"parent_TextBlock": "Tb_18", "text": "Results:", "parent_Field": null, "parent_Choice_Field": null, "parent_ChoiceGroup": "Chgp_3", "w": 70, "h": 19, "y": 420, "x": 437, "structure_id": "Tr_80"}, {"parent_TextBlock": "Tb_19", "text": "Normal", "parent_Field": null, "parent_Choice_Field": "Chf_5", "parent_ChoiceGroup": "Chgp_3", "w": 62, "h": 19, "y": 420, "x": 587, "structure_id": "Tr_81"}, {"parent_TextBlock": "Tb_20", "text": "Abnormal", "parent_Field": null, "parent_Choice_Field": "Chf_6", "parent_ChoiceGroup": "Chgp_3", "w": 83, "h": 19, "y": 420, "x": 720, "structure_id": "Tr_82"}, {"parent_TextBlock": "Tb_21", "text": "Results:", "parent_Field": null, "parent_Choice_Field": null, "parent_ChoiceGroup": "Chgp_4", "w": 70, "h": 20, "y": 453, "x": 437, "structure_id": "Tr_83"}, {"parent_TextBlock": "Tb_22", "text": "Normal", "parent_Field": null, "parent_Choice_Field": "Chf_7", "parent_ChoiceGroup": "Chgp_4", "w": 62, "h": 20, "y": 453, "x": 587, "structure_id": "Tr_84"}, {"parent_TextBlock": "Tb_23", "text": "Abnormal", "parent_Field": null, "parent_Choice_Field": "Chf_8", "parent_ChoiceGroup": "Chgp_4", "w": 83, "h": 20, "y": 453, "x": 720, "structure_id": "Tr_85"}, {"parent_TextBlock": "Tb_24", "text": "Results:", "parent_Field": null, "parent_Choice_Field": null, "parent_ChoiceGroup": "Chgp_5", "w": 70, "h": 19, "y": 487, "x": 437, "structure_id": "Tr_86"}, {"parent_TextBlock": "Tb_25", "text": "Normal", "parent_Field": null, "parent_Choice_Field": "Chf_9", "parent_ChoiceGroup": "Chgp_5", "w": 62, "h": 19, "y": 487, "x": 587, "structure_id": "Tr_87"}, {"parent_TextBlock": "Tb_26", "text": "Abnormal", "parent_Field": null, "parent_Choice_Field": "Chf_10", "parent_ChoiceGroup": "Chgp_5", "w": 83, "h": 19, "y": 487, "x": 720, "structure_id": "Tr_88"}, {"parent_TextBlock": "Tb_27", "text": "(Extremities tested):", "parent_Field": null, "parent_Choice_Field": null, "parent_ChoiceGroup": "Chgp_6", "w": 181, "h": 23, "y": 378, "x": 103, "structure_id": "Tr_89"}, {"parent_TextBlock": "Tb_28", "text": "RIGHT UPPER EXTREMITY\u00c2\u00a0", "parent_Field": null, "parent_Choice_Field": "Chf_11", "parent_ChoiceGroup": "Chgp_6", "w": 255, "h": 19, "y": 420, "x": 153, "structure_id": "Tr_90"}, {"parent_TextBlock": "Tb_29", "text": "LEFT UPPER EXTREMITY", "parent_Field": null, "parent_Choice_Field": "Chf_12", "parent_ChoiceGroup": "Chgp_6", "w": 237, "h": 20, "y": 453, "x": 153, "structure_id": "Tr_91"}, {"parent_TextBlock": "Tb_30", "text": "RIGHT LOWER EXTREMITY\u00c2\u00a0", "parent_Field": null, "parent_Choice_Field": "Chf_13", "parent_ChoiceGroup": "Chgp_6", "w": 260, "h": 19, "y": 487, "x": 153, "structure_id": "Tr_92"}, {"parent_TextBlock": "Tb_31", "text": "LEFT LOWER EXTREMITY", "parent_Field": null, "parent_Choice_Field": "Chf_14", "parent_ChoiceGroup": "Chgp_6", "w": 241, "h": 19, "y": 520, "x": 153, "structure_id": "Tr_93"}, {"parent_TextBlock": "Tb_32", "text": "7A. HAVE EMG STUDIES BEEN PERFORMED?", "parent_Field": null, "parent_Choice_Field": null, "parent_ChoiceGroup": "Chgp_7", "w": 426, "h": 19, "y": 286, "x": 98, "structure_id": "Tr_94"}, {"parent_TextBlock": "Tb_33", "text": "YES", "parent_Field": null, "parent_Choice_Field": "Chf_15", "parent_ChoiceGroup": "Chgp_7", "w": 39, "h": 20, "y": 335, "x": 154, "structure_id": "Tr_95"}, {"parent_TextBlock": "Tb_34", "text": "NO", "parent_Field": null, "parent_Choice_Field": "Chf_16", "parent_ChoiceGroup": "Chgp_7", "w": 30, "h": 20, "y": 335, "x": 270, "structure_id": "Tr_96"}, {"parent_TextBlock": "Tb_35", "text": "SECTION IX - REMARKS", "parent_Field": null, "parent_Choice_Field": null, "parent_ChoiceGroup": null, "w": 258, "h": 23, "y": 1064, "x": 724, "structure_id": "Tr_97"}, {"parent_TextBlock": "Tb_36", "text": "9. REMARKS, if any", "parent_Field": "Fi_9", "parent_Choice_Field": null, "parent_ChoiceGroup": null, "w": 175, "h": 20, "y": 1102, "x": 106, "structure_id": "Tr_98"}, {"parent_TextBlock": "Tb_37", "text": "SECTION X - PHYSICIAN'S CERTIFICATION AND SIGNATURE", "parent_Field": null, "parent_Choice_Field": null, "parent_ChoiceGroup": null, "w": 649, "h": 22, "y": 1278, "x": 526, "structure_id": "Tr_99"}, {"parent_TextBlock": "Tb_38", "text": "10C. DATE SIGNED", "parent_Field": "Fi_10", "parent_Choice_Field": null, "parent_ChoiceGroup": null, "w": 178, "h": 20, "y": 1349, "x": 1326, "structure_id": "Tr_100"}, {"parent_TextBlock": "Tb_39", "text": "CERTIFICATION -", "parent_Field": null, "parent_Choice_Field": null, "parent_ChoiceGroup": null, "w": 225, "h": 25, "y": 1312, "x": 112, "structure_id": "Tr_101"}, {"parent_TextBlock": "Tb_39", "text": "To the best of my knowledge, the information contained herein is accurate, complete and current.\u00c2\u00a0", "parent_Field": null, "parent_Choice_Field": null, "parent_ChoiceGroup": null, "w": 980, "h": 25, "y": 1312, "x": 337, "structure_id": "Tr_102"}, {"parent_TextBlock": "Tb_40", "text": "NOTE -", "parent_Field": null, "parent_Choice_Field": null, "parent_ChoiceGroup": null, "w": 76, "h": 22, "y": 1673, "x": 96, "structure_id": "Tr_103"}, {"parent_TextBlock": "Tb_40", "text": "A list of VA Regional Office FAX Numbers can be found at\u00c2\u00a0", "parent_Field": null, "parent_Choice_Field": null, "parent_ChoiceGroup": null, "w": 549, "h": 22, "y": 1673, "x": 172, "structure_id": "Tr_104"}, {"parent_TextBlock": "Tb_40", "text": "www.benefits.va.gov/disabilityexams", "parent_Field": null, "parent_Choice_Field": null, "parent_ChoiceGroup": null, "w": 348, "h": 22, "y": 1673, "x": 721, "structure_id": "Tr_105"}, {"parent_TextBlock": "Tb_40", "text": "or obtained by calling 1-800-827-1000.", "parent_Field": null, "parent_Choice_Field": null, "parent_ChoiceGroup": null, "w": 356, "h": 22, "y": 1673, "x": 1074, "structure_id": "Tr_106"}, {"parent_TextBlock": "Tb_41", "text": "10D. PHYSICIAN'S PHONE AND FAX NUMBER", "parent_Field": "Fi_11", "parent_Choice_Field": null, "parent_ChoiceGroup": null, "w": 422, "h": 20, "y": 1449, "x": 96, "structure_id": "Tr_107"}, {"parent_TextBlock": "Tb_42", "text": "10F. PHYSICIAN'S ADDRESS", "parent_Field": "Fi_12", "parent_Choice_Field": null, "parent_ChoiceGroup": null, "w": 265, "h": 20, "y": 1449, "x": 1076, "structure_id": "Tr_108"}, {"parent_TextBlock": "Tb_43", "text": "IMPORTANT\u00c2\u00a0-", "parent_Field": "Fi_13", "parent_Choice_Field": null, "parent_ChoiceGroup": null, "w": 171, "h": 25, "y": 1597, "x": 96, "structure_id": "Tr_109"}, {"parent_TextBlock": "Tb_43", "text": "Physician please fax the completed form to", "parent_Field": "Fi_13", "parent_Choice_Field": null, "parent_ChoiceGroup": null, "w": 444, "h": 25, "y": 1597, "x": 267, "structure_id": "Tr_110"}, {"parent_TextBlock": "Tb_44", "text": "(VA Regional Office FAX No.)", "parent_Field": "Fi_13", "parent_Choice_Field": null, "parent_ChoiceGroup": null, "w": 237, "h": 19, "y": 1633, "x": 935, "structure_id": "Tr_111"}, {"parent_TextBlock": "Tb_45", "text": "NOTE\u00c2\u00a0-", "parent_Field": null, "parent_Choice_Field": null, "parent_ChoiceGroup": null, "w": 76, "h": 22, "y": 1551, "x": 98, "structure_id": "Tr_112"}, {"parent_TextBlock": "Tb_45", "text": "VA may request additional medical information, including additional examinations, if necessary to complete VA's review of the veteran's application.", "parent_Field": null, "parent_Choice_Field": null, "parent_ChoiceGroup": null, "w": 1338, "h": 22, "y": 1551, "x": 174, "structure_id": "Tr_113"}, {"parent_TextBlock": "Tb_46", "text": "10B. PHYSICIAN'S PRINTED NAME", "parent_Field": "Fi_14", "parent_Choice_Field": null, "parent_ChoiceGroup": null, "w": 319, "h": 20, "y": 1349, "x": 693, "structure_id": "Tr_114"}, {"parent_TextBlock": "Tb_47", "text": "10E. NATIONAL PROVIDER IDENTIFIER (NPI) NUMBER", "parent_Field": "Fi_15", "parent_Choice_Field": null, "parent_ChoiceGroup": null, "w": 504, "h": 20, "y": 1451, "x": 537, "structure_id": "Tr_115"}, {"parent_TextBlock": "Tb_48", "text": "10A. PHYSICIAN'S SIGNATURE", "parent_Field": "Fi_16", "parent_Choice_Field": null, "parent_ChoiceGroup": null, "w": 285, "h": 20, "y": 1354, "x": 100, "structure_id": "Tr_116"}, {"parent_TextBlock": "Tb_48", "text": "(Sign in ink)", "parent_Field": "Fi_16", "parent_Choice_Field": null, "parent_ChoiceGroup": null, "w": 110, "h": 22, "y": 1352, "x": 391, "structure_id": "Tr_117"}, {"parent_TextBlock": "Tb_49", "text": "PRIVACY  ACT  NOTICE: \u00c2 \u00a0VA  will  not  disclose informati on\u00c2\u00a0collected on  this  form  to  any  source  other  than  what  has  been  authorized  under  the  Privacy  Act  of  1974  or  Title  38,  Code  of", "parent_Field": null, "parent_Choice_Field": null, "parent_ChoiceGroup": null, "w": 1506, "h": 20, "y": 1763, "x": 99, "structure_id": "Tr_118"}, {"parent_TextBlock": "Tb_49", "text": "Federal  Regulations  1.576  for  routine  uses  (i.e.,  civil  or  criminal  law  enforcement,  congressional  communications,  epidemiological  or  research  studies,  the  collection  of  money  owed  to  the", "parent_Field": null, "parent_Choice_Field": null, "parent_ChoiceGroup": null, "w": 1506, "h": 19, "y": 1787, "x": 99, "structure_id": "Tr_119"}, {"parent_TextBlock": "Tb_49", "text": "United  States,  litigation  in  which  the  United  States  is  party  or  has  an  interest,  the  administration  of  VA  programs  and  delivery  of  VA  benefits,  verification  of  identity  and  status,  and  personnel", "parent_Field": null, "parent_Choice_Field": null, "parent_ChoiceGroup": null, "w": 1506, "h": 19, "y": 1810, "x": 99, "structure_id": "Tr_120"}, {"parent_TextBlock": "Tb_49", "text": "administration)  as  identified  in  the  VA  system  of  records,  58VA21/22/28,  Compensation,  Pension,  Education  and  Vocational  Rehabilitation  and  Employment  Records  VA,  published  in  the", "parent_Field": null, "parent_Choice_Field": null, "parent_ChoiceGroup": null, "w": 1506, "h": 20, "y": 1833, "x": 99, "structure_id": "Tr_121"}, {"parent_TextBlock": "Tb_49", "text": "Federal  Register.  Your  obligation  to  respond  is  voluntary.  VA  uses  your  SSN  to  identify  your  claim  file.  Providing  your  SSN  will  help  ensure  that  your  records  are  properly  associated  with  your", "parent_Field": null, "parent_Choice_Field": null, "parent_ChoiceGroup": null, "w": 1506, "h": 19, "y": 1857, "x": 99, "structure_id": "Tr_122"}, {"parent_TextBlock": "Tb_49", "text": "claim  file.  Giving  us  your  SSN  account  information  is  voluntary.  Refusal  to  provide  your  SSN  by  itself  will  not  result  in  the  denial  of  benefits.  VA  will  not  deny  an  individual  benefits  for", "parent_Field": null, "parent_Choice_Field": null, "parent_ChoiceGroup": null, "w": 1506, "h": 19, "y": 1880, "x": 99, "structure_id": "Tr_123"}, {"parent_TextBlock": "Tb_49", "text": "refusing  to  provide  his  or  her  SSN  unless  the  disclosure  of  the  SSN  is  required  by  Federal  Statute  of  law  in  effect  prior  to  January  1,  1975,  and  still  in  effect.  The  requested  information  is", "parent_Field": null, "parent_Choice_Field": null, "parent_ChoiceGroup": null, "w": 1506, "h": 20, "y": 1903, "x": 99, "structure_id": "Tr_124"}, {"parent_TextBlock": "Tb_49", "text": "considered  relevant  and  necessary  to  determine  maximum  benefits  under  the  law.  The  responses  you  submit  are  considered  confidential  (38  U.S.C.  5701).  Information  submitted  is  subject  to", "parent_Field": null, "parent_Choice_Field": null, "parent_ChoiceGroup": null, "w": 1506, "h": 19, "y": 1927, "x": 99, "structure_id": "Tr_125"}, {"parent_TextBlock": "Tb_49", "text": "verification through computer matching programs with other agencies.", "parent_Field": null, "parent_Choice_Field": null, "parent_ChoiceGroup": null, "w": 559, "h": 19, "y": 1950, "x": 99, "structure_id": "Tr_126"}, {"parent_TextBlock": "Tb_50", "text": "RESPONDENT  BURDEN:  We  need  this  information  to  determine  entitlement  to  benefits  (38  U.S.C.  501).  Title  38,  United  States  Code,  allows  us  to  ask  for  this  information.  We  estimate  that", "parent_Field": null, "parent_Choice_Field": null, "parent_ChoiceGroup": null, "w": 1506, "h": 19, "y": 1997, "x": 99, "structure_id": "Tr_127"}, {"parent_TextBlock": "Tb_50", "text": "you  will  need  an  average  of  30  minutes  to  review  the  instructions,  find  the  information,  and  complete  form.  VA  cannot  conduct  or  sponsor  collection  of  information  unless  valid  OMB", "parent_Field": null, "parent_Choice_Field": null, "parent_ChoiceGroup": null, "w": 1506, "h": 19, "y": 2020, "x": 99, "structure_id": "Tr_128"}, {"parent_TextBlock": "Tb_50", "text": "control  number  is  displayed.  You  are  not  required  to  respond  to  collection  of  information  if  this  number  is  not  displayed.  Valid  OMB  control  numbers  can  be  located  on  the  OMB  Internet", "parent_Field": null, "parent_Choice_Field": null, "parent_ChoiceGroup": null, "w": 1506, "h": 20, "y": 2043, "x": 99, "structure_id": "Tr_129"}, {"parent_TextBlock": "Tb_50", "text": "Page at\u00c2\u00a0", "parent_Field": null, "parent_Choice_Field": null, "parent_ChoiceGroup": null, "w": 66, "h": 19, "y": 2067, "x": 99, "structure_id": "Tr_130"}, {"parent_TextBlock": "Tb_50", "text": "www.reginfo.gov/public/do/PRAMain", "parent_Field": null, "parent_Choice_Field": null, "parent_ChoiceGroup": null, "w": 314, "h": 19, "y": 2067, "x": 165, "structure_id": "Tr_131"}, {"parent_TextBlock": "Tb_50", "text": ". If desired, you can call 1-800-827-1000 to get information on where to send comments or suggestions about this form.", "parent_Field": null, "parent_Choice_Field": null, "parent_ChoiceGroup": null, "w": 936, "h": 19, "y": 2067, "x": 479, "structure_id": "Tr_132"}, {"parent_TextBlock": "Tb_51", "text": "VA\u00c2\u00a0FORM 21-0960C-4, DEC 2014", "parent_Field": null, "parent_Choice_Field": null, "parent_ChoiceGroup": null, "w": 298, "h": 19, "y": 2124, "x": 85, "structure_id": "Tr_133"}, {"parent_TextBlock": "Tb_52", "text": "Page 5", "parent_Field": null, "parent_Choice_Field": null, "parent_ChoiceGroup": null, "w": 71, "h": 22, "y": 2122, "x": 1545, "structure_id": "Tr_134"}], "ChoiceGroup": [{"y": 847.03125, "x": 85, "structure_id": "Chgp_1", "w": 1526, "h": 205}, {"y": 505.0348368951484, "x": 432, "structure_id": "Chgp_2", "w": 679, "h": 34.76267581933234}, {"y": 403.03411245818506, "x": 430, "structure_id": "Chgp_3", "w": 678, "h": 34.693627665463495}, {"y": 437.03125, "x": 430, "structure_id": "Chgp_4", "w": 678, "h": 35}, {"y": 469.03125, "x": 432, "structure_id": "Chgp_5", "w": 676, "h": 34}, {"y": 370.03125, "x": 97, "structure_id": "Chgp_6", "w": 1016, "h": 172}, {"y": 280.03125, "x": 91, "structure_id": "Chgp_7", "w": 1028, "h": 268}]}