{"Widget": [{"parent_Field": "Fi_1", "parent_Choice_Field": null, "parent_ChoiceGroup": null, "w": 483.33070866141736, "h": 50, "y": 916.6614173228347, "x": 300, "structure_id": "Wi_1"}, {"parent_Field": "Fi_2", "parent_Choice_Field": null, "parent_ChoiceGroup": null, "w": 483.33070866141736, "h": 50, "y": 966.6614173228346, "x": 300, "structure_id": "Wi_2"}, {"parent_Field": "Fi_3", "parent_Choice_Field": null, "parent_ChoiceGroup": null, "w": 250, "h": 50, "y": 866.6614173228346, "x": 916.6692913385826, "structure_id": "Wi_3"}, {"parent_Field": "Fi_4", "parent_Choice_Field": null, "parent_ChoiceGroup": null, "w": 250, "h": 50, "y": 916.6614173228347, "x": 916.6692913385826, "structure_id": "Wi_4"}, {"parent_Field": "Fi_5", "parent_Choice_Field": null, "parent_ChoiceGroup": null, "w": 183.33070866141733, "h": 50, "y": 866.6614173228346, "x": 1416.6692913385828, "structure_id": "Wi_5"}, {"parent_Field": "Fi_6", "parent_Choice_Field": null, "parent_ChoiceGroup": null, "w": 183.33070866141733, "h": 50, "y": 966.6614173228346, "x": 1416.6692913385828, "structure_id": "Wi_6"}, {"parent_Field": "Fi_7", "parent_Choice_Field": null, "parent_ChoiceGroup": null, "w": 250, "h": 50, "y": 966.6614173228346, "x": 916.6692913385826, "structure_id": "Wi_7"}, {"parent_Field": "Fi_8", "parent_Choice_Field": null, "parent_ChoiceGroup": null, "w": 183.33070866141733, "h": 50, "y": 916.6614173228347, "x": 1416.6692913385828, "structure_id": "Wi_8"}, {"parent_Field": "Fi_9", "parent_Choice_Field": null, "parent_ChoiceGroup": null, "w": 483.33070866141736, "h": 50, "y": 866.6614173228346, "x": 300, "structure_id": "Wi_9"}, {"parent_Field": "Fi_10", "parent_Choice_Field": null, "parent_ChoiceGroup": null, "w": 766.4551181102362, "h": 33.33070866141732, "y": 1049.992125984252, "x": 100, "structure_id": "Wi_10"}, {"parent_Field": null, "parent_Choice_Field": "Chf_1", "parent_ChoiceGroup": "Chgp_1", "w": 25, "h": 25, "y": 787.5, "x": 102.77244094488188, "structure_id": "Wi_11"}, {"parent_Field": null, "parent_Choice_Field": "Chf_2", "parent_ChoiceGroup": "Chgp_1", "w": 25, "h": 25, "y": 787.5, "x": 219.44173228346457, "structure_id": "Wi_12"}, {"parent_Field": "Fi_11", "parent_Choice_Field": null, "parent_ChoiceGroup": null, "w": 1500, "h": 33.33070866141732, "y": 1233.3307086614172, "x": 100, "structure_id": "Wi_13"}, {"parent_Field": null, "parent_Choice_Field": "Chf_3", "parent_ChoiceGroup": "Chgp_2", "w": 25, "h": 25, "y": 1154.1614173228347, "x": 102.77244094488188, "structure_id": "Wi_14"}, {"parent_Field": null, "parent_Choice_Field": "Chf_4", "parent_ChoiceGroup": "Chgp_2", "w": 25, "h": 25, "y": 1154.1614173228347, "x": 219.44173228346457, "structure_id": "Wi_15"}, {"parent_Field": null, "parent_Choice_Field": null, "parent_ChoiceGroup": null, "w": 25, "h": 25, "y": 1770.8220472440944, "x": 741.6669291338583, "structure_id": "Wi_16"}, {"parent_Field": null, "parent_Choice_Field": null, "parent_ChoiceGroup": null, "w": 233.33070866141733, "h": 33.338582677165356, "y": 1783.3307086614175, "x": 1366.6692913385828, "structure_id": "Wi_17"}, {"parent_Field": null, "parent_Choice_Field": null, "parent_ChoiceGroup": null, "w": 500.00787401574803, "h": 116.66141732283465, "y": 1733.3307086614172, "x": 833.3307086614174, "structure_id": "Wi_18"}, {"parent_Field": null, "parent_Choice_Field": null, "parent_ChoiceGroup": null, "w": 25, "h": 25, "y": 1770.8220472440944, "x": 608.3275590551182, "structure_id": "Wi_19"}, {"parent_Field": null, "parent_Choice_Field": "Chf_5", "parent_ChoiceGroup": "Chgp_3", "w": 25, "h": 25, "y": 1820.8220472440944, "x": 308.3275590551181, "structure_id": "Wi_20"}, {"parent_Field": null, "parent_Choice_Field": "Chf_6", "parent_ChoiceGroup": "Chgp_3", "w": 25, "h": 25, "y": 1820.8220472440944, "x": 391.6669291338583, "structure_id": "Wi_21"}, {"parent_Field": null, "parent_Choice_Field": "Chf_7", "parent_ChoiceGroup": "Chgp_4", "w": 25, "h": 25, "y": 1697.7275590551183, "x": 358.3275590551181, "structure_id": "Wi_22"}, {"parent_Field": null, "parent_Choice_Field": "Chf_8", "parent_ChoiceGroup": "Chgp_4", "w": 25, "h": 25, "y": 1697.7275590551183, "x": 441.6669291338583, "structure_id": "Wi_23"}, {"parent_Field": null, "parent_Choice_Field": null, "parent_ChoiceGroup": null, "w": 25, "h": 25, "y": 1670.8220472440946, "x": 608.3275590551182, "structure_id": "Wi_24"}, {"parent_Field": null, "parent_Choice_Field": null, "parent_ChoiceGroup": null, "w": 25, "h": 25, "y": 1670.8220472440946, "x": 741.6669291338583, "structure_id": "Wi_25"}, {"parent_Field": null, "parent_Choice_Field": null, "parent_ChoiceGroup": null, "w": 500.00787401574803, "h": 100, "y": 1633.3307086614172, "x": 833.3307086614174, "structure_id": "Wi_26"}, {"parent_Field": null, "parent_Choice_Field": null, "parent_ChoiceGroup": null, "w": 233.33070866141733, "h": 33.338582677165356, "y": 1666.6614173228347, "x": 1366.6692913385828, "structure_id": "Wi_27"}, {"parent_Field": null, "parent_Choice_Field": "Chf_9", "parent_ChoiceGroup": "Chgp_5", "w": 25, "h": 25, "y": 1597.727559055118, "x": 391.6669291338583, "structure_id": "Wi_28"}, {"parent_Field": null, "parent_Choice_Field": "Chf_10", "parent_ChoiceGroup": "Chgp_5", "w": 25, "h": 25, "y": 1597.727559055118, "x": 474.9968503937008, "structure_id": "Wi_29"}, {"parent_Field": null, "parent_Choice_Field": null, "parent_ChoiceGroup": null, "w": 25, "h": 25, "y": 1570.8220472440944, "x": 608.3362204724409, "structure_id": "Wi_30"}, {"parent_Field": null, "parent_Choice_Field": null, "parent_ChoiceGroup": null, "w": 25, "h": 25, "y": 1570.8220472440944, "x": 741.6669291338583, "structure_id": "Wi_31"}, {"parent_Field": null, "parent_Choice_Field": null, "parent_ChoiceGroup": null, "w": 500.00787401574803, "h": 100, "y": 1533.3307086614175, "x": 833.3307086614174, "structure_id": "Wi_32"}, {"parent_Field": null, "parent_Choice_Field": null, "parent_ChoiceGroup": null, "w": 233.33070866141733, "h": 33.338582677165356, "y": 1566.6614173228347, "x": 1366.6692913385828, "structure_id": "Wi_33"}, {"parent_Field": null, "parent_Choice_Field": null, "parent_ChoiceGroup": null, "w": 233.33070866141733, "h": 33.338582677165356, "y": 1483.3307086614172, "x": 1366.6692913385828, "structure_id": "Wi_34"}, {"parent_Field": null, "parent_Choice_Field": null, "parent_ChoiceGroup": null, "w": 500.00787401574803, "h": 66.66141732283464, "y": 1466.6614173228347, "x": 833.3141732283465, "structure_id": "Wi_35"}, {"parent_Field": null, "parent_Choice_Field": null, "parent_ChoiceGroup": null, "w": 25, "h": 25, "y": 1487.4913385826771, "x": 608.3275590551182, "structure_id": "Wi_36"}, {"parent_Field": null, "parent_Choice_Field": null, "parent_ChoiceGroup": null, "w": 25, "h": 25, "y": 1487.4913385826771, "x": 741.6669291338583, "structure_id": "Wi_37"}, {"parent_Field": null, "parent_Choice_Field": null, "parent_ChoiceGroup": null, "w": 25, "h": 25, "y": 1420.8220472440946, "x": 608.3275590551182, "structure_id": "Wi_38"}, {"parent_Field": null, "parent_Choice_Field": null, "parent_ChoiceGroup": null, "w": 25, "h": 25, "y": 1420.8220472440946, "x": 741.6669291338583, "structure_id": "Wi_39"}, {"parent_Field": null, "parent_Choice_Field": null, "parent_ChoiceGroup": null, "w": 500.00787401574803, "h": 66.66141732283464, "y": 1399.9921259842522, "x": 833.3141732283465, "structure_id": "Wi_40"}, {"parent_Field": null, "parent_Choice_Field": null, "parent_ChoiceGroup": null, "w": 233.33070866141733, "h": 33.338582677165356, "y": 1416.6614173228347, "x": 1366.6692913385828, "structure_id": "Wi_41"}, {"parent_Field": null, "parent_Choice_Field": null, "parent_ChoiceGroup": null, "w": 25, "h": 25, "y": 1354.1614173228347, "x": 608.3275590551182, "structure_id": "Wi_42"}, {"parent_Field": null, "parent_Choice_Field": null, "parent_ChoiceGroup": null, "w": 25, "h": 25, "y": 1354.1614173228347, "x": 741.6669291338583, "structure_id": "Wi_43"}, {"parent_Field": null, "parent_Choice_Field": null, "parent_ChoiceGroup": null, "w": 500.00787401574803, "h": 66.66141732283464, "y": 1333.3307086614175, "x": 833.3141732283465, "structure_id": "Wi_44"}, {"parent_Field": null, "parent_Choice_Field": null, "parent_ChoiceGroup": null, "w": 233.33070866141733, "h": 33.338582677165356, "y": 1349.992125984252, "x": 1366.6692913385828, "structure_id": "Wi_45"}, {"parent_Field": null, "parent_Choice_Field": "Chf_11", "parent_ChoiceGroup": "Chgp_6", "w": 25, "h": 25, "y": 1895.8307086614175, "x": 491.66692913385833, "structure_id": "Wi_46"}, {"parent_Field": null, "parent_Choice_Field": "Chf_12", "parent_ChoiceGroup": "Chgp_6", "w": 25, "h": 25, "y": 1895.8307086614175, "x": 608.3362204724409, "structure_id": "Wi_47"}, {"parent_Field": null, "parent_Choice_Field": "Chf_13", "parent_ChoiceGroup": "Chgp_7", "w": 25, "h": 25, "y": 1945.8307086614175, "x": 491.66692913385833, "structure_id": "Wi_48"}, {"parent_Field": null, "parent_Choice_Field": "Chf_14", "parent_ChoiceGroup": "Chgp_7", "w": 25, "h": 25, "y": 1945.8307086614175, "x": 608.3362204724409, "structure_id": "Wi_49"}, {"parent_Field": "Fi_12", "parent_Choice_Field": null, "parent_ChoiceGroup": null, "w": 571.3472440944881, "h": 45.79448818897638, "y": 316.66929133858264, "x": 100, "structure_id": "Wi_50"}, {"parent_Field": "Fi_12", "parent_Choice_Field": null, "parent_ChoiceGroup": null, "w": 48.36141732283465, "h": 45.79448818897638, "y": 316.66929133858264, "x": 687.5582677165354, "structure_id": "Wi_51"}, {"parent_Field": "Fi_12", "parent_Choice_Field": null, "parent_ChoiceGroup": null, "w": 856.5496062992127, "h": 45.79448818897638, "y": 316.66929133858264, "x": 750.0000000000001, "structure_id": "Wi_52"}, {"parent_Field": "Fi_13", "parent_Choice_Field": null, "parent_ChoiceGroup": null, "w": 147.1417322834646, "h": 46.83307086614173, "y": 433.3307086614173, "x": 100, "structure_id": "Wi_53"}, {"parent_Field": "Fi_13", "parent_Choice_Field": null, "parent_ChoiceGroup": null, "w": 90.35590551181102, "h": 46.83307086614173, "y": 433.3307086614173, "x": 287.5582677165354, "structure_id": "Wi_54"}, {"parent_Field": "Fi_13", "parent_Choice_Field": null, "parent_ChoiceGroup": null, "w": 188.88031496062993, "h": 46.83307086614173, "y": 433.3307086614173, "x": 426.45511811023624, "structure_id": "Wi_55"}], "TextBlock": [{"parent_Field": null, "parent_Choice_Field": null, "parent_ChoiceGroup": null, "w": 441, "h": 43, "y": 2020, "x": 633, "structure_id": "Tb_1"}, {"parent_Field": null, "parent_Choice_Field": null, "parent_ChoiceGroup": null, "w": 176, "h": 33, "y": 2025, "x": 200, "structure_id": "Tb_2"}, {"parent_Field": null, "parent_Choice_Field": null, "parent_ChoiceGroup": null, "w": 291, "h": 64, "y": 53, "x": 1300, "structure_id": "Tb_3"}, {"parent_Field": null, "parent_Choice_Field": null, "parent_ChoiceGroup": null, "w": 256, "h": 22, "y": 574, "x": 722, "structure_id": "Tb_4"}, {"parent_Field": "Fi_1", "parent_Choice_Field": null, "parent_ChoiceGroup": null, "w": 188, "h": 19, "y": 932, "x": 100, "structure_id": "Tb_5"}, {"parent_Field": "Fi_2", "parent_Choice_Field": null, "parent_ChoiceGroup": null, "w": 188, "h": 19, "y": 982, "x": 100, "structure_id": "Tb_6"}, {"parent_Field": "Fi_3", "parent_Choice_Field": null, "parent_ChoiceGroup": null, "w": 107, "h": 19, "y": 882, "x": 800, "structure_id": "Tb_7"}, {"parent_Field": null, "parent_Choice_Field": null, "parent_ChoiceGroup": null, "w": 1504, "h": 128, "y": 611, "x": 96, "structure_id": "Tb_8"}, {"parent_Field": "Fi_4", "parent_Choice_Field": null, "parent_ChoiceGroup": null, "w": 107, "h": 19, "y": 932, "x": 800, "structure_id": "Tb_9"}, {"parent_Field": "Fi_5", "parent_Choice_Field": null, "parent_ChoiceGroup": null, "w": 210, "h": 19, "y": 882, "x": 1183, "structure_id": "Tb_10"}, {"parent_Field": "Fi_6", "parent_Choice_Field": null, "parent_ChoiceGroup": null, "w": 210, "h": 19, "y": 982, "x": 1183, "structure_id": "Tb_11"}, {"parent_Field": "Fi_7", "parent_Choice_Field": null, "parent_ChoiceGroup": null, "w": 107, "h": 19, "y": 982, "x": 800, "structure_id": "Tb_12"}, {"parent_Field": null, "parent_Choice_Field": null, "parent_ChoiceGroup": null, "w": 483, "h": 22, "y": 838, "x": 100, "structure_id": "Tb_13"}, {"parent_Field": "Fi_8", "parent_Choice_Field": null, "parent_ChoiceGroup": null, "w": 210, "h": 19, "y": 932, "x": 1183, "structure_id": "Tb_14"}, {"parent_Field": "Fi_9", "parent_Choice_Field": null, "parent_ChoiceGroup": null, "w": 187, "h": 19, "y": 882, "x": 100, "structure_id": "Tb_15"}, {"parent_Field": "Fi_10", "parent_Choice_Field": null, "parent_ChoiceGroup": null, "w": 791, "h": 20, "y": 1024, "x": 100, "structure_id": "Tb_16"}, {"parent_Field": null, "parent_Choice_Field": null, "parent_ChoiceGroup": "Chgp_1", "w": 611, "h": 22, "y": 756, "x": 100, "structure_id": "Tb_17"}, {"parent_Field": null, "parent_Choice_Field": "Chf_1", "parent_ChoiceGroup": "Chgp_1", "w": 39, "h": 20, "y": 790, "x": 150, "structure_id": "Tb_18"}, {"parent_Field": null, "parent_Choice_Field": "Chf_2", "parent_ChoiceGroup": "Chgp_1", "w": 29, "h": 20, "y": 790, "x": 267, "structure_id": "Tb_19"}, {"parent_Field": null, "parent_Choice_Field": null, "parent_ChoiceGroup": null, "w": 344, "h": 22, "y": 1090, "x": 678, "structure_id": "Tb_20"}, {"parent_Field": "Fi_11", "parent_Choice_Field": null, "parent_ChoiceGroup": null, "w": 662, "h": 19, "y": 1207, "x": 100, "structure_id": "Tb_21"}, {"parent_Field": null, "parent_Choice_Field": null, "parent_ChoiceGroup": "Chgp_2", "w": 1199, "h": 19, "y": 1124, "x": 100, "structure_id": "Tb_22"}, {"parent_Field": null, "parent_Choice_Field": "Chf_3", "parent_ChoiceGroup": "Chgp_2", "w": 39, "h": 19, "y": 1157, "x": 150, "structure_id": "Tb_23"}, {"parent_Field": null, "parent_Choice_Field": "Chf_4", "parent_ChoiceGroup": "Chgp_2", "w": 29, "h": 19, "y": 1157, "x": 267, "structure_id": "Tb_24"}, {"parent_Field": null, "parent_Choice_Field": null, "parent_ChoiceGroup": null, "w": 922, "h": 22, "y": 1272, "x": 389, "structure_id": "Tb_25"}, {"parent_Field": null, "parent_Choice_Field": null, "parent_ChoiceGroup": "Chgp_3", "w": 412, "h": 106, "y": 1736.53125, "x": 93, "structure_id": "Tb_26"}, {"parent_Field": null, "parent_Choice_Field": "Chf_5", "parent_ChoiceGroup": "Chgp_3", "w": 39, "h": 19, "y": 1824, "x": 339, "structure_id": "Tb_27"}, {"parent_Field": null, "parent_Choice_Field": "Chf_6", "parent_ChoiceGroup": "Chgp_3", "w": 29, "h": 19, "y": 1824, "x": 424, "structure_id": "Tb_28"}, {"parent_Field": null, "parent_Choice_Field": null, "parent_ChoiceGroup": "Chgp_4", "w": 428, "h": 72, "y": 1647, "x": 100, "structure_id": "Tb_29"}, {"parent_Field": null, "parent_Choice_Field": "Chf_7", "parent_ChoiceGroup": "Chgp_4", "w": 39, "h": 19, "y": 1701, "x": 389, "structure_id": "Tb_30"}, {"parent_Field": null, "parent_Choice_Field": "Chf_8", "parent_ChoiceGroup": "Chgp_4", "w": 29, "h": 19, "y": 1701, "x": 473, "structure_id": "Tb_31"}, {"parent_Field": null, "parent_Choice_Field": null, "parent_ChoiceGroup": "Chgp_5", "w": 418, "h": 88, "y": 1538.53125, "x": 93, "structure_id": "Tb_32"}, {"parent_Field": null, "parent_Choice_Field": "Chf_9", "parent_ChoiceGroup": "Chgp_5", "w": 39, "h": 19, "y": 1601, "x": 422, "structure_id": "Tb_33"}, {"parent_Field": null, "parent_Choice_Field": "Chf_10", "parent_ChoiceGroup": "Chgp_5", "w": 30, "h": 19, "y": 1601, "x": 510, "structure_id": "Tb_34"}, {"parent_Field": null, "parent_Choice_Field": null, "parent_ChoiceGroup": null, "w": 297, "h": 20, "y": 1490, "x": 100, "structure_id": "Tb_35"}, {"parent_Field": null, "parent_Choice_Field": null, "parent_ChoiceGroup": null, "w": 253, "h": 19, "y": 1424, "x": 100, "structure_id": "Tb_36"}, {"parent_Field": null, "parent_Choice_Field": null, "parent_ChoiceGroup": null, "w": 435, "h": 43, "y": 1345, "x": 100, "structure_id": "Tb_37"}, {"parent_Field": null, "parent_Choice_Field": null, "parent_ChoiceGroup": null, "w": 209, "h": 19, "y": 1307, "x": 979, "structure_id": "Tb_38"}, {"parent_Field": null, "parent_Choice_Field": null, "parent_ChoiceGroup": null, "w": 115, "h": 22, "y": 1306, "x": 559, "structure_id": "Tb_39"}, {"parent_Field": null, "parent_Choice_Field": null, "parent_ChoiceGroup": null, "w": 109, "h": 19, "y": 1307, "x": 262, "structure_id": "Tb_40"}, {"parent_Field": null, "parent_Choice_Field": null, "parent_ChoiceGroup": null, "w": 209, "h": 19, "y": 1307, "x": 1379, "structure_id": "Tb_41"}, {"parent_Field": null, "parent_Choice_Field": null, "parent_ChoiceGroup": null, "w": 104, "h": 22, "y": 1306, "x": 698, "structure_id": "Tb_42"}, {"parent_Field": null, "parent_Choice_Field": null, "parent_ChoiceGroup": null, "w": 540, "h": 22, "y": 1857, "x": 580, "structure_id": "Tb_43"}, {"parent_Field": null, "parent_Choice_Field": null, "parent_ChoiceGroup": "Chgp_6", "w": 346, "h": 19, "y": 1899, "x": 100, "structure_id": "Tb_44"}, {"parent_Field": null, "parent_Choice_Field": "Chf_11", "parent_ChoiceGroup": "Chgp_6", "w": 39, "h": 19, "y": 1899, "x": 533, "structure_id": "Tb_45"}, {"parent_Field": null, "parent_Choice_Field": "Chf_12", "parent_ChoiceGroup": "Chgp_6", "w": 29, "h": 19, "y": 1899, "x": 650, "structure_id": "Tb_46"}, {"parent_Field": null, "parent_Choice_Field": null, "parent_ChoiceGroup": "Chgp_7", "w": 363, "h": 19, "y": 1949, "x": 100, "structure_id": "Tb_47"}, {"parent_Field": null, "parent_Choice_Field": "Chf_13", "parent_ChoiceGroup": "Chgp_7", "w": 39, "h": 19, "y": 1949, "x": 533, "structure_id": "Tb_48"}, {"parent_Field": null, "parent_Choice_Field": "Chf_14", "parent_ChoiceGroup": "Chgp_7", "w": 29, "h": 19, "y": 1949, "x": 650, "structure_id": "Tb_49"}, {"parent_Field": null, "parent_Choice_Field": null, "parent_ChoiceGroup": null, "w": 989, "h": 28, "y": 136, "x": 589, "structure_id": "Tb_50"}, {"parent_Field": null, "parent_Choice_Field": null, "parent_ChoiceGroup": null, "w": 94, "h": 43, "y": 2020, "x": 83, "structure_id": "Tb_51"}, {"parent_Field": null, "parent_Choice_Field": null, "parent_ChoiceGroup": null, "w": 71, "h": 22, "y": 2039, "x": 1546, "structure_id": "Tb_52"}, {"parent_Field": null, "parent_Choice_Field": null, "parent_ChoiceGroup": null, "w": 1506, "h": 75, "y": 196, "x": 100, "structure_id": "Tb_53"}, {"parent_Field": null, "parent_Choice_Field": null, "parent_ChoiceGroup": null, "w": 1481, "h": 49, "y": 509, "x": 100, "structure_id": "Tb_54"}, {"parent_Field": "Fi_12", "parent_Choice_Field": null, "parent_ChoiceGroup": null, "w": 273, "h": 20, "y": 290, "x": 100, "structure_id": "Tb_55"}, {"parent_Field": "Fi_13", "parent_Choice_Field": null, "parent_ChoiceGroup": null, "w": 466, "h": 19, "y": 407, "x": 100, "structure_id": "Tb_56"}], "Choice_Field": [{"y": 787.5, "x": 102.77244094488188, "structure_id": "Chf_1", "w": 86.22755905511812, "h": 25}, {"y": 787.5, "x": 219.44173228346457, "structure_id": "Chf_2", "w": 76.55826771653543, "h": 25}, {"y": 1154.1614173228347, "x": 102.77244094488188, "structure_id": "Chf_3", "w": 86.22755905511812, "h": 25}, {"y": 1154.1614173228347, "x": 219.44173228346457, "structure_id": "Chf_4", "w": 76.55826771653543, "h": 25}, {"y": 1820.8220472440944, "x": 308.3275590551181, "structure_id": "Chf_5", "w": 69.67244094488188, "h": 25}, {"y": 1820.8220472440944, "x": 391.6669291338583, "structure_id": "Chf_6", "w": 61.333070866141725, "h": 25}, {"y": 1697.7275590551183, "x": 358.3275590551181, "structure_id": "Chf_7", "w": 69.67244094488188, "h": 25}, {"y": 1697.7275590551183, "x": 441.6669291338583, "structure_id": "Chf_8", "w": 60.333070866141725, "h": 25}, {"y": 1597.727559055118, "x": 391.6669291338583, "structure_id": "Chf_9", "w": 69.33307086614172, "h": 25}, {"y": 1597.727559055118, "x": 474.9968503937008, "structure_id": "Chf_10", "w": 65.00314960629919, "h": 25}, {"y": 1895.8307086614175, "x": 491.66692913385833, "structure_id": "Chf_11", "w": 80.33307086614167, "h": 25}, {"y": 1895.8307086614175, "x": 608.3362204724409, "structure_id": "Chf_12", "w": 70.66377952755909, "h": 25}, {"y": 1945.8307086614175, "x": 491.66692913385833, "structure_id": "Chf_13", "w": 80.33307086614167, "h": 25}, {"y": 1945.8307086614175, "x": 608.3362204724409, "structure_id": "Chf_14", "w": 70.66377952755909, "h": 25}], "Field": [{"y": 916.6614173228347, "x": 100, "structure_id": "Fi_1", "w": 683.3307086614174, "h": 50}, {"y": 966.6614173228346, "x": 100, "structure_id": "Fi_2", "w": 683.3307086614174, "h": 50}, {"y": 866.6614173228346, "x": 800, "structure_id": "Fi_3", "w": 366.66929133858275, "h": 50}, {"y": 916.6614173228347, "x": 800, "structure_id": "Fi_4", "w": 366.66929133858275, "h": 50}, {"y": 866.6614173228346, "x": 1183, "structure_id": "Fi_5", "w": 417, "h": 50}, {"y": 966.6614173228346, "x": 1183, "structure_id": "Fi_6", "w": 417, "h": 50}, {"y": 966.6614173228346, "x": 800, "structure_id": "Fi_7", "w": 366.66929133858275, "h": 50}, {"y": 916.6614173228347, "x": 1183, "structure_id": "Fi_8", "w": 417, "h": 50}, {"y": 866.6614173228346, "x": 100, "structure_id": "Fi_9", "w": 683.3307086614174, "h": 50}, {"y": 1024, "x": 100, "structure_id": "Fi_10", "w": 791, "h": 59.32283464566922}, {"y": 1207, "x": 100, "structure_id": "Fi_11", "w": 1500, "h": 59.661417322834495}, {"y": 290, "x": 100, "structure_id": "Fi_12", "w": 1506.5496062992129, "h": 72.46377952755904}, {"y": 407, "x": 100, "structure_id": "Fi_13", "w": 515.3354330708662, "h": 73.16377952755903}], "TextRun": [{"parent_TextBlock": "Tb_1", "text": "SUPERSEDES VA FORM 21-0960A-1, JAN 2014,", "parent_Field": null, "parent_Choice_Field": null, "parent_ChoiceGroup": null, "w": 441, "h": 20, "y": 2020, "x": 633, "structure_id": "Tr_1"}, {"parent_TextBlock": "Tb_1", "text": "WHICH WILL NOT BE USED.", "parent_Field": null, "parent_Choice_Field": null, "parent_ChoiceGroup": null, "w": 260, "h": 19, "y": 2044, "x": 633, "structure_id": "Tr_2"}, {"parent_TextBlock": "Tb_2", "text": "21-0960A-1", "parent_Field": null, "parent_Choice_Field": null, "parent_ChoiceGroup": null, "w": 176, "h": 33, "y": 2025, "x": 200, "structure_id": "Tr_3"}, {"parent_TextBlock": "Tb_3", "text": "OMB Approved No. 2900-0749", "parent_Field": null, "parent_Choice_Field": null, "parent_ChoiceGroup": null, "w": 291, "h": 22, "y": 53, "x": 1300, "structure_id": "Tr_4"}, {"parent_TextBlock": "Tb_3", "text": "Respondent Burden: 15 minutes", "parent_Field": null, "parent_Choice_Field": null, "parent_ChoiceGroup": null, "w": 291, "h": 22, "y": 72, "x": 1300, "structure_id": "Tr_5"}, {"parent_TextBlock": "Tb_3", "text": "Expiration Date:  06/30/2020", "parent_Field": null, "parent_Choice_Field": null, "parent_ChoiceGroup": null, "w": 260, "h": 23, "y": 94, "x": 1300, "structure_id": "Tr_6"}, {"parent_TextBlock": "Tb_4", "text": "SECTION I - DIAGNOSIS", "parent_Field": null, "parent_Choice_Field": null, "parent_ChoiceGroup": null, "w": 256, "h": 22, "y": 574, "x": 722, "structure_id": "Tr_7"}, {"parent_TextBlock": "Tb_5", "text": "1C. DIAGNOSIS # 2 -", "parent_Field": "Fi_1", "parent_Choice_Field": null, "parent_ChoiceGroup": null, "w": 188, "h": 19, "y": 932, "x": 100, "structure_id": "Tr_8"}, {"parent_TextBlock": "Tb_6", "text": "1D. DIAGNOSIS # 3 -", "parent_Field": "Fi_2", "parent_Choice_Field": null, "parent_ChoiceGroup": null, "w": 188, "h": 19, "y": 982, "x": 100, "structure_id": "Tr_9"}, {"parent_TextBlock": "Tb_7", "text": "ICD CODE -", "parent_Field": "Fi_3", "parent_Choice_Field": null, "parent_ChoiceGroup": null, "w": 107, "h": 19, "y": 882, "x": 800, "structure_id": "Tr_10"}, {"parent_TextBlock": "Tb_8", "text": "NOTE", "parent_Field": null, "parent_Choice_Field": null, "parent_ChoiceGroup": null, "w": 63, "h": 22, "y": 611, "x": 96, "structure_id": "Tr_11"}, {"parent_TextBlock": "Tb_8", "text": ": IHD includes, but is not limited to, acute, sub-acute and old myocardial infarction; atherosclerotic cardiovascular disease including coronary artery disease", "parent_Field": null, "parent_Choice_Field": null, "parent_ChoiceGroup": null, "w": 1394, "h": 22, "y": 611, "x": 159, "structure_id": "Tr_12"}, {"parent_TextBlock": "Tb_8", "text": "(including", "parent_Field": null, "parent_Choice_Field": null, "parent_ChoiceGroup": null, "w": 97, "h": 22, "y": 637, "x": 96, "structure_id": "Tr_13"}, {"parent_TextBlock": "Tb_8", "text": "coronary", "parent_Field": null, "parent_Choice_Field": null, "parent_ChoiceGroup": null, "w": 85, "h": 22, "y": 637, "x": 194, "structure_id": "Tr_14"}, {"parent_TextBlock": "Tb_8", "text": "spasm)", "parent_Field": null, "parent_Choice_Field": null, "parent_ChoiceGroup": null, "w": 68, "h": 22, "y": 637, "x": 280, "structure_id": "Tr_15"}, {"parent_TextBlock": "Tb_8", "text": "and", "parent_Field": null, "parent_Choice_Field": null, "parent_ChoiceGroup": null, "w": 38, "h": 22, "y": 637, "x": 349, "structure_id": "Tr_16"}, {"parent_TextBlock": "Tb_8", "text": "coronary", "parent_Field": null, "parent_Choice_Field": null, "parent_ChoiceGroup": null, "w": 84, "h": 22, "y": 637, "x": 388, "structure_id": "Tr_17"}, {"parent_TextBlock": "Tb_8", "text": "bypass", "parent_Field": null, "parent_Choice_Field": null, "parent_ChoiceGroup": null, "w": 66, "h": 22, "y": 637, "x": 473, "structure_id": "Tr_18"}, {"parent_TextBlock": "Tb_8", "text": "surgery;", "parent_Field": null, "parent_Choice_Field": null, "parent_ChoiceGroup": null, "w": 78, "h": 22, "y": 637, "x": 540, "structure_id": "Tr_19"}, {"parent_TextBlock": "Tb_8", "text": "and", "parent_Field": null, "parent_Choice_Field": null, "parent_ChoiceGroup": null, "w": 38, "h": 22, "y": 637, "x": 619, "structure_id": "Tr_20"}, {"parent_TextBlock": "Tb_8", "text": "stable,", "parent_Field": null, "parent_Choice_Field": null, "parent_ChoiceGroup": null, "w": 63, "h": 22, "y": 637, "x": 658, "structure_id": "Tr_21"}, {"parent_TextBlock": "Tb_8", "text": "unstable", "parent_Field": null, "parent_Choice_Field": null, "parent_ChoiceGroup": null, "w": 79, "h": 22, "y": 637, "x": 722, "structure_id": "Tr_22"}, {"parent_TextBlock": "Tb_8", "text": "and", "parent_Field": null, "parent_Choice_Field": null, "parent_ChoiceGroup": null, "w": 38, "h": 22, "y": 637, "x": 802, "structure_id": "Tr_23"}, {"parent_TextBlock": "Tb_8", "text": "Prinzmetal's", "parent_Field": null, "parent_Choice_Field": null, "parent_ChoiceGroup": null, "w": 114, "h": 22, "y": 637, "x": 841, "structure_id": "Tr_24"}, {"parent_TextBlock": "Tb_8", "text": "angina.", "parent_Field": null, "parent_Choice_Field": null, "parent_ChoiceGroup": null, "w": 71, "h": 22, "y": 637, "x": 956, "structure_id": "Tr_25"}, {"parent_TextBlock": "Tb_8", "text": "IHD", "parent_Field": null, "parent_Choice_Field": null, "parent_ChoiceGroup": null, "w": 45, "h": 22, "y": 637, "x": 1028, "structure_id": "Tr_26"}, {"parent_TextBlock": "Tb_8", "text": "does", "parent_Field": null, "parent_Choice_Field": null, "parent_ChoiceGroup": null, "w": 46, "h": 22, "y": 637, "x": 1074, "structure_id": "Tr_27"}, {"parent_TextBlock": "Tb_8", "text": "not", "parent_Field": null, "parent_Choice_Field": null, "parent_ChoiceGroup": null, "w": 34, "h": 22, "y": 637, "x": 1121, "structure_id": "Tr_28"}, {"parent_TextBlock": "Tb_8", "text": "include", "parent_Field": null, "parent_Choice_Field": null, "parent_ChoiceGroup": null, "w": 71, "h": 22, "y": 637, "x": 1156, "structure_id": "Tr_29"}, {"parent_TextBlock": "Tb_8", "text": "hypertension", "parent_Field": null, "parent_Choice_Field": null, "parent_ChoiceGroup": null, "w": 120, "h": 22, "y": 637, "x": 1228, "structure_id": "Tr_30"}, {"parent_TextBlock": "Tb_8", "text": "or", "parent_Field": null, "parent_Choice_Field": null, "parent_ChoiceGroup": null, "w": 24, "h": 22, "y": 637, "x": 1349, "structure_id": "Tr_31"}, {"parent_TextBlock": "Tb_8", "text": "peripheral", "parent_Field": null, "parent_Choice_Field": null, "parent_ChoiceGroup": null, "w": 95, "h": 22, "y": 637, "x": 1374, "structure_id": "Tr_32"}, {"parent_TextBlock": "Tb_8", "text": "manifestations", "parent_Field": null, "parent_Choice_Field": null, "parent_ChoiceGroup": null, "w": 130, "h": 22, "y": 637, "x": 1470, "structure_id": "Tr_33"}, {"parent_TextBlock": "Tb_8", "text": "of", "parent_Field": null, "parent_Choice_Field": null, "parent_ChoiceGroup": null, "w": 24, "h": 22, "y": 664, "x": 96, "structure_id": "Tr_34"}, {"parent_TextBlock": "Tb_8", "text": "arteriosclerosis", "parent_Field": null, "parent_Choice_Field": null, "parent_ChoiceGroup": null, "w": 141, "h": 22, "y": 664, "x": 124, "structure_id": "Tr_35"}, {"parent_TextBlock": "Tb_8", "text": "such", "parent_Field": null, "parent_Choice_Field": null, "parent_ChoiceGroup": null, "w": 46, "h": 22, "y": 664, "x": 269, "structure_id": "Tr_36"}, {"parent_TextBlock": "Tb_8", "text": "as", "parent_Field": null, "parent_Choice_Field": null, "parent_ChoiceGroup": null, "w": 24, "h": 22, "y": 664, "x": 319, "structure_id": "Tr_37"}, {"parent_TextBlock": "Tb_8", "text": "peripheral", "parent_Field": null, "parent_Choice_Field": null, "parent_ChoiceGroup": null, "w": 95, "h": 22, "y": 664, "x": 347, "structure_id": "Tr_38"}, {"parent_TextBlock": "Tb_8", "text": "vascular", "parent_Field": null, "parent_Choice_Field": null, "parent_ChoiceGroup": null, "w": 80, "h": 22, "y": 664, "x": 446, "structure_id": "Tr_39"}, {"parent_TextBlock": "Tb_8", "text": "disease", "parent_Field": null, "parent_Choice_Field": null, "parent_ChoiceGroup": null, "w": 70, "h": 22, "y": 664, "x": 530, "structure_id": "Tr_40"}, {"parent_TextBlock": "Tb_8", "text": "or", "parent_Field": null, "parent_Choice_Field": null, "parent_ChoiceGroup": null, "w": 24, "h": 22, "y": 664, "x": 604, "structure_id": "Tr_41"}, {"parent_TextBlock": "Tb_8", "text": "stroke,", "parent_Field": null, "parent_Choice_Field": null, "parent_ChoiceGroup": null, "w": 65, "h": 22, "y": 664, "x": 632, "structure_id": "Tr_42"}, {"parent_TextBlock": "Tb_8", "text": "or", "parent_Field": null, "parent_Choice_Field": null, "parent_ChoiceGroup": null, "w": 24, "h": 22, "y": 664, "x": 701, "structure_id": "Tr_43"}, {"parent_TextBlock": "Tb_8", "text": "any", "parent_Field": null, "parent_Choice_Field": null, "parent_ChoiceGroup": null, "w": 38, "h": 22, "y": 664, "x": 729, "structure_id": "Tr_44"}, {"parent_TextBlock": "Tb_8", "text": "other", "parent_Field": null, "parent_Choice_Field": null, "parent_ChoiceGroup": null, "w": 51, "h": 22, "y": 664, "x": 771, "structure_id": "Tr_45"}, {"parent_TextBlock": "Tb_8", "text": "condition", "parent_Field": null, "parent_Choice_Field": null, "parent_ChoiceGroup": null, "w": 90, "h": 22, "y": 664, "x": 826, "structure_id": "Tr_46"}, {"parent_TextBlock": "Tb_8", "text": "that", "parent_Field": null, "parent_Choice_Field": null, "parent_ChoiceGroup": null, "w": 38, "h": 22, "y": 664, "x": 920, "structure_id": "Tr_47"}, {"parent_TextBlock": "Tb_8", "text": "does", "parent_Field": null, "parent_Choice_Field": null, "parent_ChoiceGroup": null, "w": 47, "h": 22, "y": 664, "x": 962, "structure_id": "Tr_48"}, {"parent_TextBlock": "Tb_8", "text": "not", "parent_Field": null, "parent_Choice_Field": null, "parent_ChoiceGroup": null, "w": 34, "h": 22, "y": 664, "x": 1013, "structure_id": "Tr_49"}, {"parent_TextBlock": "Tb_8", "text": "qualify", "parent_Field": null, "parent_Choice_Field": null, "parent_ChoiceGroup": null, "w": 68, "h": 22, "y": 664, "x": 1051, "structure_id": "Tr_50"}, {"parent_TextBlock": "Tb_8", "text": "within", "parent_Field": null, "parent_Choice_Field": null, "parent_ChoiceGroup": null, "w": 63, "h": 22, "y": 664, "x": 1123, "structure_id": "Tr_51"}, {"parent_TextBlock": "Tb_8", "text": "the", "parent_Field": null, "parent_Choice_Field": null, "parent_ChoiceGroup": null, "w": 33, "h": 22, "y": 664, "x": 1189, "structure_id": "Tr_52"}, {"parent_TextBlock": "Tb_8", "text": "generally", "parent_Field": null, "parent_Choice_Field": null, "parent_ChoiceGroup": null, "w": 88, "h": 22, "y": 664, "x": 1226, "structure_id": "Tr_53"}, {"parent_TextBlock": "Tb_8", "text": "accepted", "parent_Field": null, "parent_Choice_Field": null, "parent_ChoiceGroup": null, "w": 84, "h": 22, "y": 664, "x": 1318, "structure_id": "Tr_54"}, {"parent_TextBlock": "Tb_8", "text": "medical", "parent_Field": null, "parent_Choice_Field": null, "parent_ChoiceGroup": null, "w": 76, "h": 22, "y": 664, "x": 1406, "structure_id": "Tr_55"}, {"parent_TextBlock": "Tb_8", "text": "definition", "parent_Field": null, "parent_Choice_Field": null, "parent_ChoiceGroup": null, "w": 91, "h": 22, "y": 664, "x": 1486, "structure_id": "Tr_56"}, {"parent_TextBlock": "Tb_8", "text": "of", "parent_Field": null, "parent_Choice_Field": null, "parent_ChoiceGroup": null, "w": 19, "h": 22, "y": 664, "x": 1581, "structure_id": "Tr_57"}, {"parent_TextBlock": "Tb_8", "text": "ischemic heart disease.", "parent_Field": null, "parent_Choice_Field": null, "parent_ChoiceGroup": null, "w": 210, "h": 22, "y": 691, "x": 96, "structure_id": "Tr_58"}, {"parent_TextBlock": "Tb_8", "text": "IHD encompasses any atherosclerotic heart disease resulting in clinically significant ischemia or requiring coronary revascularization.", "parent_Field": null, "parent_Choice_Field": null, "parent_ChoiceGroup": null, "w": 1192, "h": 22, "y": 717, "x": 96, "structure_id": "Tr_59"}, {"parent_TextBlock": "Tb_9", "text": "ICD CODE -", "parent_Field": "Fi_4", "parent_Choice_Field": null, "parent_ChoiceGroup": null, "w": 107, "h": 19, "y": 932, "x": 800, "structure_id": "Tr_60"}, {"parent_TextBlock": "Tb_10", "text": "DATE OF DIAGNOSIS -", "parent_Field": "Fi_5", "parent_Choice_Field": null, "parent_ChoiceGroup": null, "w": 210, "h": 19, "y": 882, "x": 1183, "structure_id": "Tr_61"}, {"parent_TextBlock": "Tb_11", "text": "DATE OF DIAGNOSIS -", "parent_Field": "Fi_6", "parent_Choice_Field": null, "parent_ChoiceGroup": null, "w": 210, "h": 19, "y": 982, "x": 1183, "structure_id": "Tr_62"}, {"parent_TextBlock": "Tb_12", "text": "ICD CODE -", "parent_Field": "Fi_7", "parent_Choice_Field": null, "parent_ChoiceGroup": null, "w": 107, "h": 19, "y": 982, "x": 800, "structure_id": "Tr_63"}, {"parent_TextBlock": "Tb_13", "text": "NOTE: Provide only diagnoses that pertain to IHD", "parent_Field": null, "parent_Choice_Field": null, "parent_ChoiceGroup": null, "w": 483, "h": 22, "y": 838, "x": 100, "structure_id": "Tr_64"}, {"parent_TextBlock": "Tb_14", "text": "DATE OF DIAGNOSIS -", "parent_Field": "Fi_8", "parent_Choice_Field": null, "parent_ChoiceGroup": null, "w": 210, "h": 19, "y": 932, "x": 1183, "structure_id": "Tr_65"}, {"parent_TextBlock": "Tb_15", "text": "1B. DIAGNOSIS # 1 -", "parent_Field": "Fi_9", "parent_Choice_Field": null, "parent_ChoiceGroup": null, "w": 187, "h": 19, "y": 882, "x": 100, "structure_id": "Tr_66"}, {"parent_TextBlock": "Tb_16", "text": "1E. IF ADDITIONAL DIAGNOSES THAT PERTAIN TO IHD, LIST USING ABOVE FORMAT", "parent_Field": "Fi_10", "parent_Choice_Field": null, "parent_ChoiceGroup": null, "w": 791, "h": 20, "y": 1024, "x": 100, "structure_id": "Tr_67"}, {"parent_TextBlock": "Tb_17", "text": "1A. DOES THE VETERAN HAVE ISCHEMIC HEART DISEASE", "parent_Field": null, "parent_Choice_Field": null, "parent_ChoiceGroup": "Chgp_1", "w": 551, "h": 19, "y": 758, "x": 100, "structure_id": "Tr_68"}, {"parent_TextBlock": "Tb_17", "text": "(IHD)", "parent_Field": null, "parent_Choice_Field": null, "parent_ChoiceGroup": "Chgp_1", "w": 60, "h": 22, "y": 756, "x": 651, "structure_id": "Tr_69"}, {"parent_TextBlock": "Tb_18", "text": "YES", "parent_Field": null, "parent_Choice_Field": "Chf_1", "parent_ChoiceGroup": "Chgp_1", "w": 39, "h": 20, "y": 790, "x": 150, "structure_id": "Tr_70"}, {"parent_TextBlock": "Tb_19", "text": "NO", "parent_Field": null, "parent_Choice_Field": "Chf_2", "parent_ChoiceGroup": "Chgp_1", "w": 29, "h": 20, "y": 790, "x": 267, "structure_id": "Tr_71"}, {"parent_TextBlock": "Tb_20", "text": "SECTION II - MEDICAL HISTORY", "parent_Field": null, "parent_Choice_Field": null, "parent_ChoiceGroup": null, "w": 344, "h": 22, "y": 1090, "x": 678, "structure_id": "Tr_72"}, {"parent_TextBlock": "Tb_21", "text": "2B. LIST MEDICATIONS PRESCRIBED FOR IHD-RELATED CONDITIONS:", "parent_Field": "Fi_11", "parent_Choice_Field": null, "parent_ChoiceGroup": null, "w": 662, "h": 19, "y": 1207, "x": 100, "structure_id": "Tr_73"}, {"parent_TextBlock": "Tb_22", "text": "2A. DOES THE VETERAN'S TREATMENT PLAN INCLUDE TAKING CONTINUOUS MEDICATION FOR THE DIAGNOSED CONDITION?", "parent_Field": null, "parent_Choice_Field": null, "parent_ChoiceGroup": "Chgp_2", "w": 1199, "h": 19, "y": 1124, "x": 100, "structure_id": "Tr_74"}, {"parent_TextBlock": "Tb_23", "text": "YES", "parent_Field": null, "parent_Choice_Field": "Chf_3", "parent_ChoiceGroup": "Chgp_2", "w": 39, "h": 19, "y": 1157, "x": 150, "structure_id": "Tr_75"}, {"parent_TextBlock": "Tb_24", "text": "NO", "parent_Field": null, "parent_Choice_Field": "Chf_4", "parent_ChoiceGroup": "Chgp_2", "w": 29, "h": 19, "y": 1157, "x": 267, "structure_id": "Tr_76"}, {"parent_TextBlock": "Tb_25", "text": "2C. IS THERE A HISTORY OF:", "parent_Field": null, "parent_Choice_Field": null, "parent_ChoiceGroup": null, "w": 284, "h": 20, "y": 1274, "x": 389, "structure_id": "Tr_77"}, {"parent_TextBlock": "Tb_25", "text": "(Check all that apply and provide treatment facility and treatment date)", "parent_Field": null, "parent_Choice_Field": null, "parent_ChoiceGroup": null, "w": 638, "h": 22, "y": 1272, "x": 673, "structure_id": "Tr_78"}, {"parent_TextBlock": "Tb_26", "parent_Field": null, "parent_Choice_Field": null, "parent_ChoiceGroup": "Chgp_3", "w": 412, "h": 106, "y": 1736.53125, "x": 93, "structure_id": "Tr_79"}, {"parent_TextBlock": "Tb_27", "text": "YES", "parent_Field": null, "parent_Choice_Field": "Chf_5", "parent_ChoiceGroup": "Chgp_3", "w": 39, "h": 19, "y": 1824, "x": 339, "structure_id": "Tr_80"}, {"parent_TextBlock": "Tb_28", "text": "NO", "parent_Field": null, "parent_Choice_Field": "Chf_6", "parent_ChoiceGroup": "Chgp_3", "w": 29, "h": 19, "y": 1824, "x": 424, "structure_id": "Tr_81"}, {"parent_TextBlock": "Tb_29", "text": "IMPLANTED CARDIAC PACEMAKER", "parent_Field": null, "parent_Choice_Field": null, "parent_ChoiceGroup": "Chgp_4", "w": 337, "h": 20, "y": 1647, "x": 100, "structure_id": "Tr_82"}, {"parent_TextBlock": "Tb_29", "text": "(If \"Yes,\" is it as likely as not that the veteran's", "parent_Field": null, "parent_Choice_Field": null, "parent_ChoiceGroup": "Chgp_4", "w": 428, "h": 22, "y": 1671, "x": 100, "structure_id": "Tr_83"}, {"parent_TextBlock": "Tb_29", "text": "pacemaker is due to IHD?)", "parent_Field": null, "parent_Choice_Field": null, "parent_ChoiceGroup": "Chgp_4", "w": 242, "h": 22, "y": 1697, "x": 100, "structure_id": "Tr_84"}, {"parent_TextBlock": "Tb_30", "text": "YES", "parent_Field": null, "parent_Choice_Field": "Chf_7", "parent_ChoiceGroup": "Chgp_4", "w": 39, "h": 19, "y": 1701, "x": 389, "structure_id": "Tr_85"}, {"parent_TextBlock": "Tb_31", "text": "NO", "parent_Field": null, "parent_Choice_Field": "Chf_8", "parent_ChoiceGroup": "Chgp_4", "w": 29, "h": 19, "y": 1701, "x": 473, "structure_id": "Tr_86"}, {"parent_TextBlock": "Tb_32", "parent_Field": null, "parent_Choice_Field": null, "parent_ChoiceGroup": "Chgp_5", "w": 418, "h": 88, "y": 1538.53125, "x": 93, "structure_id": "Tr_87"}, {"parent_TextBlock": "Tb_33", "text": "YES", "parent_Field": null, "parent_Choice_Field": "Chf_9", "parent_ChoiceGroup": "Chgp_5", "w": 39, "h": 19, "y": 1601, "x": 422, "structure_id": "Tr_88"}, {"parent_TextBlock": "Tb_34", "text": "NO", "parent_Field": null, "parent_Choice_Field": "Chf_10", "parent_ChoiceGroup": "Chgp_5", "w": 30, "h": 19, "y": 1601, "x": 510, "structure_id": "Tr_89"}, {"parent_TextBlock": "Tb_35", "text": "CORONARY BYPASS SURGERY", "parent_Field": null, "parent_Choice_Field": null, "parent_ChoiceGroup": null, "w": 297, "h": 20, "y": 1490, "x": 100, "structure_id": "Tr_90"}, {"parent_TextBlock": "Tb_36", "text": "MYOCARDIAL INFARCTION", "parent_Field": null, "parent_Choice_Field": null, "parent_ChoiceGroup": null, "w": 253, "h": 19, "y": 1424, "x": 100, "structure_id": "Tr_91"}, {"parent_TextBlock": "Tb_37", "text": "PERCUTANEOUS CORONARY INTERVENTION", "parent_Field": null, "parent_Choice_Field": null, "parent_ChoiceGroup": null, "w": 435, "h": 20, "y": 1345, "x": 100, "structure_id": "Tr_92"}, {"parent_TextBlock": "Tb_37", "text": "(PCI)", "parent_Field": null, "parent_Choice_Field": null, "parent_ChoiceGroup": null, "w": 45, "h": 19, "y": 1369, "x": 100, "structure_id": "Tr_93"}, {"parent_TextBlock": "Tb_38", "text": "TREATMENT FACILITY", "parent_Field": null, "parent_Choice_Field": null, "parent_ChoiceGroup": null, "w": 209, "h": 19, "y": 1307, "x": 979, "structure_id": "Tr_94"}, {"parent_TextBlock": "Tb_39", "text": "YES", "parent_Field": null, "parent_Choice_Field": null, "parent_ChoiceGroup": null, "w": 45, "h": 19, "y": 1308, "x": 559, "structure_id": "Tr_95"}, {"parent_TextBlock": "Tb_39", "text": "(Check)", "parent_Field": null, "parent_Choice_Field": null, "parent_ChoiceGroup": null, "w": 70, "h": 22, "y": 1306, "x": 604, "structure_id": "Tr_96"}, {"parent_TextBlock": "Tb_40", "text": "CONDITION", "parent_Field": null, "parent_Choice_Field": null, "parent_ChoiceGroup": null, "w": 109, "h": 19, "y": 1307, "x": 262, "structure_id": "Tr_97"}, {"parent_TextBlock": "Tb_41", "text": "DATE OF TREATMENT", "parent_Field": null, "parent_Choice_Field": null, "parent_ChoiceGroup": null, "w": 209, "h": 19, "y": 1307, "x": 1379, "structure_id": "Tr_98"}, {"parent_TextBlock": "Tb_42", "text": "NO", "parent_Field": null, "parent_Choice_Field": null, "parent_ChoiceGroup": null, "w": 34, "h": 19, "y": 1308, "x": 698, "structure_id": "Tr_99"}, {"parent_TextBlock": "Tb_42", "text": "(Check)", "parent_Field": null, "parent_Choice_Field": null, "parent_ChoiceGroup": null, "w": 70, "h": 22, "y": 1306, "x": 732, "structure_id": "Tr_100"}, {"parent_TextBlock": "Tb_43", "text": "SECTION III - CONGESTIVE HEART FAILURE (CHF)", "parent_Field": null, "parent_Choice_Field": null, "parent_ChoiceGroup": null, "w": 540, "h": 22, "y": 1857, "x": 580, "structure_id": "Tr_101"}, {"parent_TextBlock": "Tb_44", "text": "3A. DOES THE VETERAN HAVE CHF?", "parent_Field": null, "parent_Choice_Field": null, "parent_ChoiceGroup": "Chgp_6", "w": 346, "h": 19, "y": 1899, "x": 100, "structure_id": "Tr_102"}, {"parent_TextBlock": "Tb_45", "text": "YES", "parent_Field": null, "parent_Choice_Field": "Chf_11", "parent_ChoiceGroup": "Chgp_6", "w": 39, "h": 19, "y": 1899, "x": 533, "structure_id": "Tr_103"}, {"parent_TextBlock": "Tb_46", "text": "NO", "parent_Field": null, "parent_Choice_Field": "Chf_12", "parent_ChoiceGroup": "Chgp_6", "w": 29, "h": 19, "y": 1899, "x": 650, "structure_id": "Tr_104"}, {"parent_TextBlock": "Tb_47", "text": "3B. IS THE VETERAN'S CHF CHRONIC?", "parent_Field": null, "parent_Choice_Field": null, "parent_ChoiceGroup": "Chgp_7", "w": 363, "h": 19, "y": 1949, "x": 100, "structure_id": "Tr_105"}, {"parent_TextBlock": "Tb_48", "text": "YES", "parent_Field": null, "parent_Choice_Field": "Chf_13", "parent_ChoiceGroup": "Chgp_7", "w": 39, "h": 19, "y": 1949, "x": 533, "structure_id": "Tr_106"}, {"parent_TextBlock": "Tb_49", "text": "NO", "parent_Field": null, "parent_Choice_Field": "Chf_14", "parent_ChoiceGroup": "Chgp_7", "w": 29, "h": 19, "y": 1949, "x": 650, "structure_id": "Tr_107"}, {"parent_TextBlock": "Tb_50", "text": "ISCHEMIC HEART DISEASE (IHD) DISABILITY BENEFITS QUESTIONNAIRE", "parent_Field": null, "parent_Choice_Field": null, "parent_ChoiceGroup": null, "w": 989, "h": 28, "y": 136, "x": 589, "structure_id": "Tr_108"}, {"parent_TextBlock": "Tb_51", "text": "VA FORM", "parent_Field": null, "parent_Choice_Field": null, "parent_ChoiceGroup": null, "w": 94, "h": 20, "y": 2020, "x": 83, "structure_id": "Tr_109"}, {"parent_TextBlock": "Tb_51", "text": "JUN 2017", "parent_Field": null, "parent_Choice_Field": null, "parent_ChoiceGroup": null, "w": 87, "h": 19, "y": 2044, "x": 83, "structure_id": "Tr_110"}, {"parent_TextBlock": "Tb_52", "text": "Page 1", "parent_Field": null, "parent_Choice_Field": null, "parent_ChoiceGroup": null, "w": 71, "h": 22, "y": 2039, "x": 1546, "structure_id": "Tr_111"}, {"parent_TextBlock": "Tb_53", "text": "IMPORTANT", "parent_Field": null, "parent_Choice_Field": null, "parent_ChoiceGroup": null, "w": 144, "h": 22, "y": 196, "x": 100, "structure_id": "Tr_112"}, {"parent_TextBlock": "Tb_53", "text": "THE", "parent_Field": null, "parent_Choice_Field": null, "parent_ChoiceGroup": null, "w": 49, "h": 22, "y": 196, "x": 261, "structure_id": "Tr_113"}, {"parent_TextBlock": "Tb_53", "text": "DEPARTMENT", "parent_Field": null, "parent_Choice_Field": null, "parent_ChoiceGroup": null, "w": 155, "h": 22, "y": 196, "x": 312, "structure_id": "Tr_114"}, {"parent_TextBlock": "Tb_53", "text": "OF", "parent_Field": null, "parent_Choice_Field": null, "parent_ChoiceGroup": null, "w": 34, "h": 22, "y": 196, "x": 469, "structure_id": "Tr_115"}, {"parent_TextBlock": "Tb_53", "text": "VETERANS", "parent_Field": null, "parent_Choice_Field": null, "parent_ChoiceGroup": null, "w": 121, "h": 22, "y": 196, "x": 506, "structure_id": "Tr_116"}, {"parent_TextBlock": "Tb_53", "text": "AFFAIRS", "parent_Field": null, "parent_Choice_Field": null, "parent_ChoiceGroup": null, "w": 97, "h": 22, "y": 196, "x": 629, "structure_id": "Tr_117"}, {"parent_TextBlock": "Tb_53", "text": "(VA)", "parent_Field": null, "parent_Choice_Field": null, "parent_ChoiceGroup": null, "w": 52, "h": 22, "y": 196, "x": 729, "structure_id": "Tr_118"}, {"parent_TextBlock": "Tb_53", "text": "WILL", "parent_Field": null, "parent_Choice_Field": null, "parent_ChoiceGroup": null, "w": 61, "h": 22, "y": 196, "x": 783, "structure_id": "Tr_119"}, {"parent_TextBlock": "Tb_53", "text": "NOT", "parent_Field": null, "parent_Choice_Field": null, "parent_ChoiceGroup": null, "w": 51, "h": 22, "y": 196, "x": 847, "structure_id": "Tr_120"}, {"parent_TextBlock": "Tb_53", "text": "PAY", "parent_Field": null, "parent_Choice_Field": null, "parent_ChoiceGroup": null, "w": 42, "h": 22, "y": 196, "x": 900, "structure_id": "Tr_121"}, {"parent_TextBlock": "Tb_53", "text": "OR", "parent_Field": null, "parent_Choice_Field": null, "parent_ChoiceGroup": null, "w": 36, "h": 22, "y": 196, "x": 950, "structure_id": "Tr_122"}, {"parent_TextBlock": "Tb_53", "text": "REIMBURSE", "parent_Field": null, "parent_Choice_Field": null, "parent_ChoiceGroup": null, "w": 131, "h": 22, "y": 196, "x": 989, "structure_id": "Tr_123"}, {"parent_TextBlock": "Tb_53", "text": "ANY", "parent_Field": null, "parent_Choice_Field": null, "parent_ChoiceGroup": null, "w": 54, "h": 22, "y": 196, "x": 1127, "structure_id": "Tr_124"}, {"parent_TextBlock": "Tb_53", "text": "EXPENSES", "parent_Field": null, "parent_Choice_Field": null, "parent_ChoiceGroup": null, "w": 116, "h": 22, "y": 196, "x": 1183, "structure_id": "Tr_125"}, {"parent_TextBlock": "Tb_53", "text": "OR", "parent_Field": null, "parent_Choice_Field": null, "parent_ChoiceGroup": null, "w": 36, "h": 22, "y": 196, "x": 1301, "structure_id": "Tr_126"}, {"parent_TextBlock": "Tb_53", "text": "COST", "parent_Field": null, "parent_Choice_Field": null, "parent_ChoiceGroup": null, "w": 62, "h": 22, "y": 196, "x": 1340, "structure_id": "Tr_127"}, {"parent_TextBlock": "Tb_53", "text": "INCURRED", "parent_Field": null, "parent_Choice_Field": null, "parent_ChoiceGroup": null, "w": 119, "h": 22, "y": 196, "x": 1404, "structure_id": "Tr_128"}, {"parent_TextBlock": "Tb_53", "text": "IN", "parent_Field": null, "parent_Choice_Field": null, "parent_ChoiceGroup": null, "w": 29, "h": 22, "y": 196, "x": 1526, "structure_id": "Tr_129"}, {"parent_TextBlock": "Tb_53", "text": "THE", "parent_Field": null, "parent_Choice_Field": null, "parent_ChoiceGroup": null, "w": 49, "h": 22, "y": 196, "x": 1557, "structure_id": "Tr_130"}, {"parent_TextBlock": "Tb_53", "text": "PROCESS", "parent_Field": null, "parent_Choice_Field": null, "parent_ChoiceGroup": null, "w": 102, "h": 22, "y": 222, "x": 100, "structure_id": "Tr_131"}, {"parent_TextBlock": "Tb_53", "text": "OF", "parent_Field": null, "parent_Choice_Field": null, "parent_ChoiceGroup": null, "w": 34, "h": 22, "y": 222, "x": 202, "structure_id": "Tr_132"}, {"parent_TextBlock": "Tb_53", "text": "COMPLETING", "parent_Field": null, "parent_Choice_Field": null, "parent_ChoiceGroup": null, "w": 149, "h": 22, "y": 222, "x": 236, "structure_id": "Tr_133"}, {"parent_TextBlock": "Tb_53", "text": "AND/OR", "parent_Field": null, "parent_Choice_Field": null, "parent_ChoiceGroup": null, "w": 91, "h": 22, "y": 222, "x": 385, "structure_id": "Tr_134"}, {"parent_TextBlock": "Tb_53", "text": "SUBMITTING", "parent_Field": null, "parent_Choice_Field": null, "parent_ChoiceGroup": null, "w": 143, "h": 22, "y": 222, "x": 476, "structure_id": "Tr_135"}, {"parent_TextBlock": "Tb_53", "text": "THIS", "parent_Field": null, "parent_Choice_Field": null, "parent_ChoiceGroup": null, "w": 55, "h": 22, "y": 222, "x": 619, "structure_id": "Tr_136"}, {"parent_TextBlock": "Tb_53", "text": "FORM.", "parent_Field": null, "parent_Choice_Field": null, "parent_ChoiceGroup": null, "w": 75, "h": 22, "y": 222, "x": 674, "structure_id": "Tr_137"}, {"parent_TextBlock": "Tb_53", "text": "PLEASE", "parent_Field": null, "parent_Choice_Field": null, "parent_ChoiceGroup": null, "w": 87, "h": 22, "y": 222, "x": 749, "structure_id": "Tr_138"}, {"parent_TextBlock": "Tb_53", "text": "READ", "parent_Field": null, "parent_Choice_Field": null, "parent_ChoiceGroup": null, "w": 66, "h": 22, "y": 222, "x": 836, "structure_id": "Tr_139"}, {"parent_TextBlock": "Tb_53", "text": "THE", "parent_Field": null, "parent_Choice_Field": null, "parent_ChoiceGroup": null, "w": 49, "h": 22, "y": 222, "x": 902, "structure_id": "Tr_140"}, {"parent_TextBlock": "Tb_53", "text": "PRIVACY", "parent_Field": null, "parent_Choice_Field": null, "parent_ChoiceGroup": null, "w": 104, "h": 22, "y": 222, "x": 951, "structure_id": "Tr_141"}, {"parent_TextBlock": "Tb_53", "text": "ACT", "parent_Field": null, "parent_Choice_Field": null, "parent_ChoiceGroup": null, "w": 50, "h": 22, "y": 222, "x": 1055, "structure_id": "Tr_142"}, {"parent_TextBlock": "Tb_53", "text": "AND", "parent_Field": null, "parent_Choice_Field": null, "parent_ChoiceGroup": null, "w": 54, "h": 22, "y": 222, "x": 1105, "structure_id": "Tr_143"}, {"parent_TextBlock": "Tb_53", "text": "RESPONDENT", "parent_Field": null, "parent_Choice_Field": null, "parent_ChoiceGroup": null, "w": 150, "h": 22, "y": 222, "x": 1159, "structure_id": "Tr_144"}, {"parent_TextBlock": "Tb_53", "text": "BURDEN", "parent_Field": null, "parent_Choice_Field": null, "parent_ChoiceGroup": null, "w": 97, "h": 22, "y": 222, "x": 1309, "structure_id": "Tr_145"}, {"parent_TextBlock": "Tb_53", "text": "INFORMATION", "parent_Field": null, "parent_Choice_Field": null, "parent_ChoiceGroup": null, "w": 161, "h": 22, "y": 222, "x": 1407, "structure_id": "Tr_146"}, {"parent_TextBlock": "Tb_53", "text": "ON", "parent_Field": null, "parent_Choice_Field": null, "parent_ChoiceGroup": null, "w": 38, "h": 22, "y": 222, "x": 1568, "structure_id": "Tr_147"}, {"parent_TextBlock": "Tb_53", "text": "REVERSE BEFORE COMPLETING FORM.", "parent_Field": null, "parent_Choice_Field": null, "parent_ChoiceGroup": null, "w": 412, "h": 22, "y": 249, "x": 100, "structure_id": "Tr_148"}, {"parent_TextBlock": "Tb_54", "text": "NOTE TO PHYSICIAN", "parent_Field": null, "parent_Choice_Field": null, "parent_ChoiceGroup": null, "w": 231, "h": 22, "y": 509, "x": 100, "structure_id": "Tr_149"}, {"parent_TextBlock": "Tb_54", "text": "\u00c2\u00a0- Your patient is applying to the U.S. Department of Veterans Affairs (VA) for disability benefits. VA will use the information you provide", "parent_Field": null, "parent_Choice_Field": null, "parent_ChoiceGroup": null, "w": 1250, "h": 22, "y": 509, "x": 331, "structure_id": "Tr_150"}, {"parent_TextBlock": "Tb_54", "text": "on this questionnaire to process the Veteran's claim. VA reserves the right to confirm the authenticity of ALL DBQ's completed by private health care providers.", "parent_Field": null, "parent_Choice_Field": null, "parent_ChoiceGroup": null, "w": 1429, "h": 22, "y": 536, "x": 100, "structure_id": "Tr_151"}, {"parent_TextBlock": "Tb_55", "text": "NAME OF PATIENT/VETERAN", "parent_Field": "Fi_12", "parent_Choice_Field": null, "parent_ChoiceGroup": null, "w": 273, "h": 20, "y": 290, "x": 100, "structure_id": "Tr_152"}, {"parent_TextBlock": "Tb_56", "text": "PATIENT/VETERAN'S SOCIAL SECURITY NUMBER", "parent_Field": "Fi_13", "parent_Choice_Field": null, "parent_ChoiceGroup": null, "w": 466, "h": 19, "y": 407, "x": 100, "structure_id": "Tr_153"}], "ChoiceGroup": [{"y": 749.03125, "x": 94, "structure_id": "Chgp_1", "w": 629, "h": 69}, {"y": 1118.03125, "x": 93, "structure_id": "Chgp_2", "w": 1213, "h": 66}, {"y": 1730.03125, "x": 88, "structure_id": "Chgp_3", "w": 420, "h": 119}, {"y": 1637.03125, "x": 91, "structure_id": "Chgp_4", "w": 441, "h": 89}, {"y": 1532.03125, "x": 91, "structure_id": "Chgp_5", "w": 450, "h": 98}, {"y": 1889.03125, "x": 94, "structure_id": "Chgp_6", "w": 588, "h": 36}, {"y": 1939.03125, "x": 93, "structure_id": "Chgp_7", "w": 591, "h": 36}]}