{"Widget": [{"parent_Field": "Fi_1", "parent_Choice_Field": null, "parent_ChoiceGroup": null, "w": 362, "h": 288, "y": 202.03125, "x": 1273, "structure_id": "Wi_1"}, {"parent_Field": "Fi_2", "parent_Choice_Field": null, "parent_ChoiceGroup": null, "w": 867.0724409448819, "h": 42.14173228346457, "y": 815.355905511811, "x": 697.5448818897638, "structure_id": "Wi_2"}, {"parent_Field": "Fi_3", "parent_Choice_Field": null, "parent_ChoiceGroup": null, "w": 582.7944881889764, "h": 45.20551181102363, "y": 610.2614173228346, "x": 92.81968503937009, "structure_id": "Wi_3"}, {"parent_Field": "Fi_3", "parent_Choice_Field": null, "parent_ChoiceGroup": null, "w": 44.73307086614173, "h": 45.20551181102363, "y": 610.2614173228346, "x": 695.007874015748, "structure_id": "Wi_4"}, {"parent_Field": "Fi_3", "parent_Choice_Field": null, "parent_ChoiceGroup": null, "w": 873.3779527559055, "h": 45.20551181102363, "y": 610.2614173228346, "x": 756.4078740157481, "structure_id": "Wi_5"}, {"parent_Field": "Fi_4", "parent_Choice_Field": null, "parent_ChoiceGroup": null, "w": 94.21417322834645, "h": 46.0724409448819, "y": 725.2527559055118, "x": 1136.5748031496064, "structure_id": "Wi_6"}, {"parent_Field": "Fi_4", "parent_Choice_Field": null, "parent_ChoiceGroup": null, "w": 94.21968503937008, "h": 46.0724409448819, "y": 725.2527559055118, "x": 1285.5110236220473, "structure_id": "Wi_7"}, {"parent_Field": "Fi_4", "parent_Choice_Field": null, "parent_ChoiceGroup": null, "w": 190.9448818897638, "h": 46.0724409448819, "y": 725.2527559055118, "x": 1422.6779527559054, "structure_id": "Wi_8"}, {"parent_Field": "Fi_5", "parent_Choice_Field": null, "parent_ChoiceGroup": null, "w": 434.2748031496063, "h": 44.322047244094485, "y": 815.355905511811, "x": 100.51968503937007, "structure_id": "Wi_9"}, {"parent_Field": "Fi_6", "parent_Choice_Field": null, "parent_ChoiceGroup": null, "w": 432.7724409448819, "h": 46.0724409448819, "y": 725.2527559055118, "x": 654.5748031496064, "structure_id": "Wi_10"}, {"parent_Field": "Fi_7", "parent_Choice_Field": null, "parent_ChoiceGroup": null, "w": 146.88031496062993, "h": 45.28346456692914, "y": 726.4889763779528, "x": 82.36141732283465, "structure_id": "Wi_11"}, {"parent_Field": "Fi_7", "parent_Choice_Field": null, "parent_ChoiceGroup": null, "w": 94.21968503937008, "h": 46.82755905511811, "y": 726.4889763779528, "x": 276.9834645669291, "structure_id": "Wi_12"}, {"parent_Field": "Fi_7", "parent_Choice_Field": null, "parent_ChoiceGroup": null, "w": 191.61417322834646, "h": 45.28346456692914, "y": 726.4889763779528, "x": 416.7559055118111, "structure_id": "Wi_13"}, {"parent_Field": "Fi_8", "parent_Choice_Field": null, "parent_ChoiceGroup": null, "w": 627.6913385826772, "h": 42.14173228346457, "y": 902.3692913385827, "x": 95.88031496062993, "structure_id": "Wi_14"}, {"parent_Field": "Fi_9", "parent_Choice_Field": null, "parent_ChoiceGroup": null, "w": 627.6913385826772, "h": 42.14173228346457, "y": 902.3692913385827, "x": 797.7165354330708, "structure_id": "Wi_15"}, {"parent_Field": "Fi_10", "parent_Choice_Field": null, "parent_ChoiceGroup": null, "w": 1536.196850393701, "h": 219.56692913385828, "y": 1680.8582677165355, "x": 88.0779527559055, "structure_id": "Wi_16"}, {"parent_Field": "Fi_11", "parent_Choice_Field": null, "parent_ChoiceGroup": null, "w": 94.21417322834645, "h": 43.73307086614173, "y": 1070.133070866142, "x": 78.81968503937009, "structure_id": "Wi_17"}, {"parent_Field": "Fi_11", "parent_Choice_Field": null, "parent_ChoiceGroup": null, "w": 94.21968503937008, "h": 43.73307086614173, "y": 1070.133070866142, "x": 227.75590551181102, "structure_id": "Wi_18"}, {"parent_Field": "Fi_11", "parent_Choice_Field": null, "parent_ChoiceGroup": null, "w": 190.9448818897638, "h": 43.73307086614173, "y": 1070.133070866142, "x": 364.92204724409453, "structure_id": "Wi_19"}, {"parent_Field": "Fi_12", "parent_Choice_Field": null, "parent_ChoiceGroup": null, "w": 94.25275590551182, "h": 43.73307086614173, "y": 1070.133070866142, "x": 655.8803149606299, "structure_id": "Wi_20"}, {"parent_Field": "Fi_12", "parent_Choice_Field": null, "parent_ChoiceGroup": null, "w": 94.26141732283465, "h": 43.73307086614173, "y": 1070.133070866142, "x": 786.5582677165355, "structure_id": "Wi_21"}, {"parent_Field": "Fi_12", "parent_Choice_Field": null, "parent_ChoiceGroup": null, "w": 191.01653543307089, "h": 43.73307086614173, "y": 1070.133070866142, "x": 920.2196850393701, "structure_id": "Wi_22"}, {"parent_Field": "Fi_13", "parent_Choice_Field": null, "parent_ChoiceGroup": null, "w": 94.25275590551182, "h": 43.73307086614173, "y": 1070.133070866142, "x": 1181.5362204724408, "structure_id": "Wi_23"}, {"parent_Field": "Fi_13", "parent_Choice_Field": null, "parent_ChoiceGroup": null, "w": 94.26141732283465, "h": 43.73307086614173, "y": 1070.133070866142, "x": 1312.2913385826773, "structure_id": "Wi_24"}, {"parent_Field": "Fi_13", "parent_Choice_Field": null, "parent_ChoiceGroup": null, "w": 191.01653543307089, "h": 43.73307086614173, "y": 1070.133070866142, "x": 1443.0472440944882, "structure_id": "Wi_25"}, {"parent_Field": "Fi_14", "parent_Choice_Field": null, "parent_ChoiceGroup": null, "w": 1487.352755905512, "h": 45.57244094488189, "y": 1165.363779527559, "x": 81.27795275590552, "structure_id": "Wi_26"}, {"parent_Field": "Fi_14", "parent_Choice_Field": null, "parent_ChoiceGroup": null, "w": 1487.352755905512, "h": 45.57244094488189, "y": 1239.3779527559054, "x": 81.27795275590552, "structure_id": "Wi_27"}, {"parent_Field": "Fi_14", "parent_Choice_Field": null, "parent_ChoiceGroup": null, "w": 1487.352755905512, "h": 45.57244094488189, "y": 1311.9055118110236, "x": 81.27795275590552, "structure_id": "Wi_28"}, {"parent_Field": "Fi_15", "parent_Choice_Field": null, "parent_ChoiceGroup": null, "w": 1487.352755905512, "h": 45.57244094488189, "y": 1439.9944881889764, "x": 81.27795275590552, "structure_id": "Wi_29"}, {"parent_Field": "Fi_15", "parent_Choice_Field": null, "parent_ChoiceGroup": null, "w": 1487.352755905512, "h": 45.57244094488189, "y": 1511.0330708661418, "x": 81.27795275590552, "structure_id": "Wi_30"}, {"parent_Field": "Fi_15", "parent_Choice_Field": null, "parent_ChoiceGroup": null, "w": 1487.352755905512, "h": 45.57244094488189, "y": 1581.9858267716536, "x": 81.27795275590552, "structure_id": "Wi_31"}], "TextBlock": [{"parent_Field": null, "parent_Choice_Field": null, "parent_ChoiceGroup": null, "w": 310, "h": 66, "y": 67, "x": 1316, "structure_id": "Tb_1"}, {"parent_Field": null, "parent_Choice_Field": null, "parent_ChoiceGroup": null, "w": 141, "h": 33, "y": 2081, "x": 165, "structure_id": "Tb_2"}, {"parent_Field": null, "parent_Choice_Field": null, "parent_ChoiceGroup": null, "w": 429, "h": 43, "y": 2070, "x": 522, "structure_id": "Tb_3"}, {"parent_Field": null, "parent_Choice_Field": null, "parent_ChoiceGroup": null, "w": 461, "h": 39, "y": 154.03125, "x": 142, "structure_id": "Tb_4"}, {"parent_Field": null, "parent_Choice_Field": null, "parent_ChoiceGroup": null, "w": 1193, "h": 108, "y": 382, "x": 66, "structure_id": "Tb_5"}, {"parent_Field": null, "parent_Choice_Field": null, "parent_ChoiceGroup": null, "w": 1187, "h": 75, "y": 290, "x": 63, "structure_id": "Tb_6"}, {"parent_Field": "Fi_1", "parent_Choice_Field": null, "parent_ChoiceGroup": null, "w": 294, "h": 43, "y": 145, "x": 1306, "structure_id": "Tb_7"}, {"parent_Field": null, "parent_Choice_Field": null, "parent_ChoiceGroup": null, "w": 604, "h": 22, "y": 507, "x": 546, "structure_id": "Tb_8"}, {"parent_Field": "Fi_2", "parent_Choice_Field": null, "parent_ChoiceGroup": null, "w": 398, "h": 19, "y": 783, "x": 705, "structure_id": "Tb_9"}, {"parent_Field": "Fi_3", "parent_Choice_Field": null, "parent_ChoiceGroup": null, "w": 522, "h": 19, "y": 579, "x": 70, "structure_id": "Tb_10"}, {"parent_Field": "Fi_4", "parent_Choice_Field": null, "parent_ChoiceGroup": null, "w": 303, "h": 20, "y": 663, "x": 1124, "structure_id": "Tb_11"}, {"parent_Field": "Fi_4", "parent_Choice_Field": null, "parent_ChoiceGroup": null, "w": 54, "h": 20, "y": 694, "x": 1157, "structure_id": "Tb_12"}, {"parent_Field": "Fi_4", "parent_Choice_Field": null, "parent_ChoiceGroup": null, "w": 35, "h": 20, "y": 694, "x": 1309, "structure_id": "Tb_13"}, {"parent_Field": "Fi_4", "parent_Choice_Field": null, "parent_ChoiceGroup": null, "w": 41, "h": 20, "y": 694, "x": 1490, "structure_id": "Tb_14"}, {"parent_Field": "Fi_5", "parent_Choice_Field": null, "parent_ChoiceGroup": null, "w": 428, "h": 19, "y": 783, "x": 70, "structure_id": "Tb_15"}, {"parent_Field": "Fi_6", "parent_Choice_Field": null, "parent_ChoiceGroup": null, "w": 301, "h": 20, "y": 666, "x": 642, "structure_id": "Tb_16"}, {"parent_Field": null, "parent_Choice_Field": null, "parent_ChoiceGroup": null, "w": 1430, "h": 24, "y": 545, "x": 70, "structure_id": "Tb_17"}, {"parent_Field": "Fi_7", "parent_Choice_Field": null, "parent_ChoiceGroup": null, "w": 287, "h": 19, "y": 664, "x": 70, "structure_id": "Tb_18"}, {"parent_Field": "Fi_8", "parent_Choice_Field": null, "parent_ChoiceGroup": null, "w": 502, "h": 20, "y": 872, "x": 70, "structure_id": "Tb_19"}, {"parent_Field": "Fi_9", "parent_Choice_Field": null, "parent_ChoiceGroup": null, "w": 536, "h": 20, "y": 872, "x": 765, "structure_id": "Tb_20"}, {"parent_Field": null, "parent_Choice_Field": null, "parent_ChoiceGroup": null, "w": 410, "h": 22, "y": 961, "x": 643, "structure_id": "Tb_21"}, {"parent_Field": null, "parent_Choice_Field": null, "parent_ChoiceGroup": null, "w": 449, "h": 20, "y": 995, "x": 906, "structure_id": "Tb_22"}, {"parent_Field": null, "parent_Choice_Field": null, "parent_ChoiceGroup": null, "w": 1556, "h": 133, "y": 1924, "x": 72, "structure_id": "Tb_23"}, {"parent_Field": "Fi_10", "parent_Choice_Field": null, "parent_ChoiceGroup": null, "w": 341, "h": 20, "y": 1652, "x": 64, "structure_id": "Tb_24"}, {"parent_Field": "Fi_11", "parent_Choice_Field": null, "parent_ChoiceGroup": null, "w": 495, "h": 19, "y": 994, "x": 63, "structure_id": "Tb_25"}, {"parent_Field": "Fi_11", "parent_Choice_Field": null, "parent_ChoiceGroup": null, "w": 54, "h": 20, "y": 1035, "x": 99, "structure_id": "Tb_26"}, {"parent_Field": "Fi_11", "parent_Choice_Field": null, "parent_ChoiceGroup": null, "w": 34, "h": 20, "y": 1035, "x": 252, "structure_id": "Tb_27"}, {"parent_Field": "Fi_11", "parent_Choice_Field": null, "parent_ChoiceGroup": null, "w": 41, "h": 20, "y": 1035, "x": 433, "structure_id": "Tb_28"}, {"parent_Field": "Fi_12", "parent_Choice_Field": null, "parent_ChoiceGroup": null, "w": 64, "h": 20, "y": 1030, "x": 568, "structure_id": "Tb_29"}, {"parent_Field": "Fi_12", "parent_Choice_Field": null, "parent_ChoiceGroup": null, "w": 54, "h": 19, "y": 1029, "x": 677, "structure_id": "Tb_30"}, {"parent_Field": "Fi_12", "parent_Choice_Field": null, "parent_ChoiceGroup": null, "w": 34, "h": 19, "y": 1029, "x": 816, "structure_id": "Tb_31"}, {"parent_Field": "Fi_12", "parent_Choice_Field": null, "parent_ChoiceGroup": null, "w": 42, "h": 19, "y": 1029, "x": 992, "structure_id": "Tb_32"}, {"parent_Field": "Fi_13", "parent_Choice_Field": null, "parent_ChoiceGroup": null, "w": 33, "h": 20, "y": 1030, "x": 1124, "structure_id": "Tb_33"}, {"parent_Field": "Fi_13", "parent_Choice_Field": null, "parent_ChoiceGroup": null, "w": 54, "h": 19, "y": 1029, "x": 1198, "structure_id": "Tb_34"}, {"parent_Field": "Fi_13", "parent_Choice_Field": null, "parent_ChoiceGroup": null, "w": 35, "h": 19, "y": 1029, "x": 1340, "structure_id": "Tb_35"}, {"parent_Field": "Fi_13", "parent_Choice_Field": null, "parent_ChoiceGroup": null, "w": 41, "h": 19, "y": 1029, "x": 1512, "structure_id": "Tb_36"}, {"parent_Field": "Fi_14", "parent_Choice_Field": null, "parent_ChoiceGroup": null, "w": 767, "h": 19, "y": 1128, "x": 64, "structure_id": "Tb_37"}, {"parent_Field": "Fi_15", "parent_Choice_Field": null, "parent_ChoiceGroup": null, "w": 879, "h": 20, "y": 1389, "x": 64, "structure_id": "Tb_38"}, {"parent_Field": null, "parent_Choice_Field": null, "parent_ChoiceGroup": null, "w": 94, "h": 43, "y": 2073, "x": 57, "structure_id": "Tb_39"}, {"parent_Field": null, "parent_Choice_Field": null, "parent_ChoiceGroup": null, "w": 80, "h": 23, "y": 2083, "x": 1562, "structure_id": "Tb_40"}, {"parent_Field": null, "parent_Choice_Field": null, "parent_ChoiceGroup": null, "w": 1071, "h": 61, "y": 210, "x": 125, "structure_id": "Tb_41"}], "Choice_Field": [], "Field": [{"y": 145, "x": 1273, "structure_id": "Fi_1", "w": 362, "h": 345.03125}, {"y": 783, "x": 697.5448818897638, "structure_id": "Fi_2", "w": 867.0724409448818, "h": 74.49763779527552}, {"y": 579, "x": 70, "structure_id": "Fi_3", "w": 1559.7858267716538, "h": 76.46692913385823}, {"y": 663, "x": 1124, "structure_id": "Fi_4", "w": 489.6228346456692, "h": 108.3251968503937}, {"y": 783, "x": 70, "structure_id": "Fi_5", "w": 464.7944881889764, "h": 76.6779527559055}, {"y": 666, "x": 642, "structure_id": "Fi_6", "w": 445.34724409448836, "h": 105.3251968503937}, {"y": 664, "x": 70, "structure_id": "Fi_7", "w": 538.3700787401575, "h": 109.31653543307084}, {"y": 872, "x": 70, "structure_id": "Fi_8", "w": 653.5716535433071, "h": 72.51102362204722}, {"y": 872, "x": 765, "structure_id": "Fi_9", "w": 660.4078740157479, "h": 72.51102362204722}, {"y": 1652, "x": 64, "structure_id": "Fi_10", "w": 1560.2748031496064, "h": 248.42519685039383}, {"y": 994, "x": 63, "structure_id": "Fi_11", "w": 495, "h": 119.86614173228372}, {"y": 1029, "x": 568, "structure_id": "Fi_12", "w": 543.2362204724409, "h": 84.86614173228372}, {"y": 1029, "x": 1124, "structure_id": "Fi_13", "w": 510.06377952755906, "h": 84.86614173228372}, {"y": 1128, "x": 64, "structure_id": "Fi_14", "w": 1504.6307086614174, "h": 229.47795275590556}, {"y": 1389, "x": 64, "structure_id": "Fi_15", "w": 1504.6307086614174, "h": 238.5582677165355}], "TextRun": [{"parent_TextBlock": "Tb_1", "text": "OMB Approved No. 2900-0659", "parent_Field": null, "parent_Choice_Field": null, "parent_ChoiceGroup": null, "w": 255, "h": 20, "y": 67, "x": 1316, "structure_id": "Tr_1"}, {"parent_TextBlock": "Tb_1", "text": "Respondent Burden: 1 hour 10 minutes", "parent_Field": null, "parent_Choice_Field": null, "parent_ChoiceGroup": null, "w": 310, "h": 19, "y": 91, "x": 1316, "structure_id": "Tr_2"}, {"parent_TextBlock": "Tb_1", "text": "Expiration Date: 07/31/2020", "parent_Field": null, "parent_Choice_Field": null, "parent_ChoiceGroup": null, "w": 223, "h": 19, "y": 114, "x": 1316, "structure_id": "Tr_3"}, {"parent_TextBlock": "Tb_2", "text": "21-0781a", "parent_Field": null, "parent_Choice_Field": null, "parent_ChoiceGroup": null, "w": 141, "h": 33, "y": 2081, "x": 165, "structure_id": "Tr_4"}, {"parent_TextBlock": "Tb_3", "text": "SUPERSEDES VA FORM 21-0781A, AUG 2014,", "parent_Field": null, "parent_Choice_Field": null, "parent_ChoiceGroup": null, "w": 429, "h": 20, "y": 2070, "x": 522, "structure_id": "Tr_5"}, {"parent_TextBlock": "Tb_3", "text": "WHICH WILL NOT BE USED.", "parent_Field": null, "parent_Choice_Field": null, "parent_ChoiceGroup": null, "w": 259, "h": 19, "y": 2094, "x": 522, "structure_id": "Tr_6"}, {"parent_TextBlock": "Tb_4", "parent_Field": null, "parent_Choice_Field": null, "parent_ChoiceGroup": null, "w": 461, "h": 39, "y": 154.03125, "x": 142, "structure_id": "Tr_7"}, {"parent_TextBlock": "Tb_5", "text": "INSTRUCTIONS:", "parent_Field": null, "parent_Choice_Field": null, "parent_ChoiceGroup": null, "w": 176, "h": 22, "y": 382, "x": 66, "structure_id": "Tr_8"}, {"parent_TextBlock": "Tb_5", "text": "List", "parent_Field": null, "parent_Choice_Field": null, "parent_ChoiceGroup": null, "w": 40, "h": 22, "y": 382, "x": 248, "structure_id": "Tr_9"}, {"parent_TextBlock": "Tb_5", "text": "the", "parent_Field": null, "parent_Choice_Field": null, "parent_ChoiceGroup": null, "w": 33, "h": 22, "y": 382, "x": 289, "structure_id": "Tr_10"}, {"parent_TextBlock": "Tb_5", "text": "stressful", "parent_Field": null, "parent_Choice_Field": null, "parent_ChoiceGroup": null, "w": 80, "h": 22, "y": 382, "x": 322, "structure_id": "Tr_11"}, {"parent_TextBlock": "Tb_5", "text": "incident", "parent_Field": null, "parent_Choice_Field": null, "parent_ChoiceGroup": null, "w": 77, "h": 22, "y": 382, "x": 402, "structure_id": "Tr_12"}, {"parent_TextBlock": "Tb_5", "text": "or", "parent_Field": null, "parent_Choice_Field": null, "parent_ChoiceGroup": null, "w": 25, "h": 22, "y": 382, "x": 479, "structure_id": "Tr_13"}, {"parent_TextBlock": "Tb_5", "text": "incidents", "parent_Field": null, "parent_Choice_Field": null, "parent_ChoiceGroup": null, "w": 86, "h": 22, "y": 382, "x": 504, "structure_id": "Tr_14"}, {"parent_TextBlock": "Tb_5", "text": "that", "parent_Field": null, "parent_Choice_Field": null, "parent_ChoiceGroup": null, "w": 39, "h": 22, "y": 382, "x": 590, "structure_id": "Tr_15"}, {"parent_TextBlock": "Tb_5", "text": "occurred", "parent_Field": null, "parent_Choice_Field": null, "parent_ChoiceGroup": null, "w": 84, "h": 22, "y": 382, "x": 629, "structure_id": "Tr_16"}, {"parent_TextBlock": "Tb_5", "text": "in", "parent_Field": null, "parent_Choice_Field": null, "parent_ChoiceGroup": null, "w": 23, "h": 22, "y": 382, "x": 713, "structure_id": "Tr_17"}, {"parent_TextBlock": "Tb_5", "text": "service", "parent_Field": null, "parent_Choice_Field": null, "parent_ChoiceGroup": null, "w": 69, "h": 22, "y": 382, "x": 736, "structure_id": "Tr_18"}, {"parent_TextBlock": "Tb_5", "text": "that", "parent_Field": null, "parent_Choice_Field": null, "parent_ChoiceGroup": null, "w": 39, "h": 22, "y": 382, "x": 805, "structure_id": "Tr_19"}, {"parent_TextBlock": "Tb_5", "text": "you", "parent_Field": null, "parent_Choice_Field": null, "parent_ChoiceGroup": null, "w": 38, "h": 22, "y": 382, "x": 845, "structure_id": "Tr_20"}, {"parent_TextBlock": "Tb_5", "text": "feel", "parent_Field": null, "parent_Choice_Field": null, "parent_ChoiceGroup": null, "w": 39, "h": 22, "y": 382, "x": 884, "structure_id": "Tr_21"}, {"parent_TextBlock": "Tb_5", "text": "contributed", "parent_Field": null, "parent_Choice_Field": null, "parent_ChoiceGroup": null, "w": 107, "h": 22, "y": 382, "x": 923, "structure_id": "Tr_22"}, {"parent_TextBlock": "Tb_5", "text": "to", "parent_Field": null, "parent_Choice_Field": null, "parent_ChoiceGroup": null, "w": 23, "h": 22, "y": 382, "x": 1030, "structure_id": "Tr_23"}, {"parent_TextBlock": "Tb_5", "text": "your", "parent_Field": null, "parent_Choice_Field": null, "parent_ChoiceGroup": null, "w": 47, "h": 22, "y": 382, "x": 1053, "structure_id": "Tr_24"}, {"parent_TextBlock": "Tb_5", "text": "current", "parent_Field": null, "parent_Choice_Field": null, "parent_ChoiceGroup": null, "w": 69, "h": 22, "y": 382, "x": 1100, "structure_id": "Tr_25"}, {"parent_TextBlock": "Tb_5", "text": "condition.", "parent_Field": null, "parent_Choice_Field": null, "parent_ChoiceGroup": null, "w": 90, "h": 22, "y": 382, "x": 1169, "structure_id": "Tr_26"}, {"parent_TextBlock": "Tb_5", "text": "For", "parent_Field": null, "parent_Choice_Field": null, "parent_ChoiceGroup": null, "w": 36, "h": 23, "y": 404, "x": 66, "structure_id": "Tr_27"}, {"parent_TextBlock": "Tb_5", "text": "each", "parent_Field": null, "parent_Choice_Field": null, "parent_ChoiceGroup": null, "w": 46, "h": 23, "y": 404, "x": 106, "structure_id": "Tr_28"}, {"parent_TextBlock": "Tb_5", "text": "incident,", "parent_Field": null, "parent_Choice_Field": null, "parent_ChoiceGroup": null, "w": 83, "h": 23, "y": 404, "x": 155, "structure_id": "Tr_29"}, {"parent_TextBlock": "Tb_5", "text": "provide", "parent_Field": null, "parent_Choice_Field": null, "parent_ChoiceGroup": null, "w": 74, "h": 23, "y": 404, "x": 241, "structure_id": "Tr_30"}, {"parent_TextBlock": "Tb_5", "text": "description", "parent_Field": null, "parent_Choice_Field": null, "parent_ChoiceGroup": null, "w": 104, "h": 23, "y": 404, "x": 337, "structure_id": "Tr_31"}, {"parent_TextBlock": "Tb_5", "text": "of", "parent_Field": null, "parent_Choice_Field": null, "parent_ChoiceGroup": null, "w": 24, "h": 23, "y": 404, "x": 445, "structure_id": "Tr_32"}, {"parent_TextBlock": "Tb_5", "text": "what", "parent_Field": null, "parent_Choice_Field": null, "parent_ChoiceGroup": null, "w": 49, "h": 23, "y": 404, "x": 472, "structure_id": "Tr_33"}, {"parent_TextBlock": "Tb_5", "text": "happened,", "parent_Field": null, "parent_Choice_Field": null, "parent_ChoiceGroup": null, "w": 96, "h": 23, "y": 404, "x": 525, "structure_id": "Tr_34"}, {"parent_TextBlock": "Tb_5", "text": "the", "parent_Field": null, "parent_Choice_Field": null, "parent_ChoiceGroup": null, "w": 33, "h": 23, "y": 404, "x": 624, "structure_id": "Tr_35"}, {"parent_TextBlock": "Tb_5", "text": "date,", "parent_Field": null, "parent_Choice_Field": null, "parent_ChoiceGroup": null, "w": 49, "h": 23, "y": 404, "x": 660, "structure_id": "Tr_36"}, {"parent_TextBlock": "Tb_5", "text": "the", "parent_Field": null, "parent_Choice_Field": null, "parent_ChoiceGroup": null, "w": 33, "h": 23, "y": 404, "x": 712, "structure_id": "Tr_37"}, {"parent_TextBlock": "Tb_5", "text": "geographic", "parent_Field": null, "parent_Choice_Field": null, "parent_ChoiceGroup": null, "w": 104, "h": 23, "y": 404, "x": 748, "structure_id": "Tr_38"}, {"parent_TextBlock": "Tb_5", "text": "location,", "parent_Field": null, "parent_Choice_Field": null, "parent_ChoiceGroup": null, "w": 83, "h": 23, "y": 404, "x": 856, "structure_id": "Tr_39"}, {"parent_TextBlock": "Tb_5", "text": "your", "parent_Field": null, "parent_Choice_Field": null, "parent_ChoiceGroup": null, "w": 46, "h": 23, "y": 404, "x": 942, "structure_id": "Tr_40"}, {"parent_TextBlock": "Tb_5", "text": "unit", "parent_Field": null, "parent_Choice_Field": null, "parent_ChoiceGroup": null, "w": 40, "h": 23, "y": 404, "x": 992, "structure_id": "Tr_41"}, {"parent_TextBlock": "Tb_5", "text": "assignment", "parent_Field": null, "parent_Choice_Field": null, "parent_ChoiceGroup": null, "w": 106, "h": 23, "y": 404, "x": 1035, "structure_id": "Tr_42"}, {"parent_TextBlock": "Tb_5", "text": "and", "parent_Field": null, "parent_Choice_Field": null, "parent_ChoiceGroup": null, "w": 38, "h": 23, "y": 404, "x": 1144, "structure_id": "Tr_43"}, {"parent_TextBlock": "Tb_5", "text": "dates", "parent_Field": null, "parent_Choice_Field": null, "parent_ChoiceGroup": null, "w": 52, "h": 23, "y": 404, "x": 1185, "structure_id": "Tr_44"}, {"parent_TextBlock": "Tb_5", "text": "of", "parent_Field": null, "parent_Choice_Field": null, "parent_ChoiceGroup": null, "w": 19, "h": 23, "y": 404, "x": 1240, "structure_id": "Tr_45"}, {"parent_TextBlock": "Tb_5", "text": "assignment.", "parent_Field": null, "parent_Choice_Field": null, "parent_ChoiceGroup": null, "w": 111, "h": 22, "y": 427, "x": 66, "structure_id": "Tr_46"}, {"parent_TextBlock": "Tb_5", "text": "Please", "parent_Field": null, "parent_Choice_Field": null, "parent_ChoiceGroup": null, "w": 62, "h": 22, "y": 427, "x": 179, "structure_id": "Tr_47"}, {"parent_TextBlock": "Tb_5", "text": "complete", "parent_Field": null, "parent_Choice_Field": null, "parent_ChoiceGroup": null, "w": 87, "h": 22, "y": 427, "x": 243, "structure_id": "Tr_48"}, {"parent_TextBlock": "Tb_5", "text": "the", "parent_Field": null, "parent_Choice_Field": null, "parent_ChoiceGroup": null, "w": 32, "h": 22, "y": 427, "x": 332, "structure_id": "Tr_49"}, {"parent_TextBlock": "Tb_5", "text": "form", "parent_Field": null, "parent_Choice_Field": null, "parent_ChoiceGroup": null, "w": 49, "h": 22, "y": 427, "x": 366, "structure_id": "Tr_50"}, {"parent_TextBlock": "Tb_5", "text": "in", "parent_Field": null, "parent_Choice_Field": null, "parent_ChoiceGroup": null, "w": 22, "h": 22, "y": 427, "x": 417, "structure_id": "Tr_51"}, {"parent_TextBlock": "Tb_5", "text": "detail", "parent_Field": null, "parent_Choice_Field": null, "parent_ChoiceGroup": null, "w": 55, "h": 22, "y": 427, "x": 441, "structure_id": "Tr_52"}, {"parent_TextBlock": "Tb_5", "text": "and", "parent_Field": null, "parent_Choice_Field": null, "parent_ChoiceGroup": null, "w": 38, "h": 22, "y": 427, "x": 498, "structure_id": "Tr_53"}, {"parent_TextBlock": "Tb_5", "text": "be", "parent_Field": null, "parent_Choice_Field": null, "parent_ChoiceGroup": null, "w": 27, "h": 22, "y": 427, "x": 537, "structure_id": "Tr_54"}, {"parent_TextBlock": "Tb_5", "text": "as", "parent_Field": null, "parent_Choice_Field": null, "parent_ChoiceGroup": null, "w": 24, "h": 22, "y": 427, "x": 566, "structure_id": "Tr_55"}, {"parent_TextBlock": "Tb_5", "text": "specific", "parent_Field": null, "parent_Choice_Field": null, "parent_ChoiceGroup": null, "w": 74, "h": 22, "y": 427, "x": 592, "structure_id": "Tr_56"}, {"parent_TextBlock": "Tb_5", "text": "as", "parent_Field": null, "parent_Choice_Field": null, "parent_ChoiceGroup": null, "w": 24, "h": 22, "y": 427, "x": 668, "structure_id": "Tr_57"}, {"parent_TextBlock": "Tb_5", "text": "possible", "parent_Field": null, "parent_Choice_Field": null, "parent_ChoiceGroup": null, "w": 78, "h": 22, "y": 427, "x": 694, "structure_id": "Tr_58"}, {"parent_TextBlock": "Tb_5", "text": "so", "parent_Field": null, "parent_Choice_Field": null, "parent_ChoiceGroup": null, "w": 25, "h": 22, "y": 427, "x": 774, "structure_id": "Tr_59"}, {"parent_TextBlock": "Tb_5", "text": "that", "parent_Field": null, "parent_Choice_Field": null, "parent_ChoiceGroup": null, "w": 39, "h": 22, "y": 427, "x": 801, "structure_id": "Tr_60"}, {"parent_TextBlock": "Tb_5", "text": "research", "parent_Field": null, "parent_Choice_Field": null, "parent_ChoiceGroup": null, "w": 79, "h": 22, "y": 427, "x": 842, "structure_id": "Tr_61"}, {"parent_TextBlock": "Tb_5", "text": "of", "parent_Field": null, "parent_Choice_Field": null, "parent_ChoiceGroup": null, "w": 24, "h": 22, "y": 427, "x": 923, "structure_id": "Tr_62"}, {"parent_TextBlock": "Tb_5", "text": "military", "parent_Field": null, "parent_Choice_Field": null, "parent_ChoiceGroup": null, "w": 76, "h": 22, "y": 427, "x": 949, "structure_id": "Tr_63"}, {"parent_TextBlock": "Tb_5", "text": "records", "parent_Field": null, "parent_Choice_Field": null, "parent_ChoiceGroup": null, "w": 71, "h": 22, "y": 427, "x": 1027, "structure_id": "Tr_64"}, {"parent_TextBlock": "Tb_5", "text": "and", "parent_Field": null, "parent_Choice_Field": null, "parent_ChoiceGroup": null, "w": 38, "h": 22, "y": 427, "x": 1099, "structure_id": "Tr_65"}, {"parent_TextBlock": "Tb_5", "text": "other", "parent_Field": null, "parent_Choice_Field": null, "parent_ChoiceGroup": null, "w": 51, "h": 22, "y": 427, "x": 1139, "structure_id": "Tr_66"}, {"parent_TextBlock": "Tb_5", "text": "sources", "parent_Field": null, "parent_Choice_Field": null, "parent_ChoiceGroup": null, "w": 67, "h": 22, "y": 427, "x": 1192, "structure_id": "Tr_67"}, {"parent_TextBlock": "Tb_5", "text": "you", "parent_Field": null, "parent_Choice_Field": null, "parent_ChoiceGroup": null, "w": 39, "h": 22, "y": 449, "x": 66, "structure_id": "Tr_68"}, {"parent_TextBlock": "Tb_5", "text": "identify", "parent_Field": null, "parent_Choice_Field": null, "parent_ChoiceGroup": null, "w": 75, "h": 22, "y": 449, "x": 106, "structure_id": "Tr_69"}, {"parent_TextBlock": "Tb_5", "text": "can", "parent_Field": null, "parent_Choice_Field": null, "parent_ChoiceGroup": null, "w": 36, "h": 22, "y": 449, "x": 182, "structure_id": "Tr_70"}, {"parent_TextBlock": "Tb_5", "text": "be", "parent_Field": null, "parent_Choice_Field": null, "parent_ChoiceGroup": null, "w": 27, "h": 22, "y": 449, "x": 219, "structure_id": "Tr_71"}, {"parent_TextBlock": "Tb_5", "text": "thoroughly", "parent_Field": null, "parent_Choice_Field": null, "parent_ChoiceGroup": null, "w": 103, "h": 22, "y": 449, "x": 247, "structure_id": "Tr_72"}, {"parent_TextBlock": "Tb_5", "text": "conducted.", "parent_Field": null, "parent_Choice_Field": null, "parent_ChoiceGroup": null, "w": 103, "h": 22, "y": 449, "x": 351, "structure_id": "Tr_73"}, {"parent_TextBlock": "Tb_5", "text": "If", "parent_Field": null, "parent_Choice_Field": null, "parent_ChoiceGroup": null, "w": 20, "h": 22, "y": 449, "x": 455, "structure_id": "Tr_74"}, {"parent_TextBlock": "Tb_5", "text": "more", "parent_Field": null, "parent_Choice_Field": null, "parent_ChoiceGroup": null, "w": 51, "h": 22, "y": 449, "x": 477, "structure_id": "Tr_75"}, {"parent_TextBlock": "Tb_5", "text": "space", "parent_Field": null, "parent_Choice_Field": null, "parent_ChoiceGroup": null, "w": 55, "h": 22, "y": 449, "x": 529, "structure_id": "Tr_76"}, {"parent_TextBlock": "Tb_5", "text": "is", "parent_Field": null, "parent_Choice_Field": null, "parent_ChoiceGroup": null, "w": 20, "h": 22, "y": 449, "x": 585, "structure_id": "Tr_77"}, {"parent_TextBlock": "Tb_5", "text": "needed,", "parent_Field": null, "parent_Choice_Field": null, "parent_ChoiceGroup": null, "w": 74, "h": 22, "y": 449, "x": 607, "structure_id": "Tr_78"}, {"parent_TextBlock": "Tb_5", "text": "attach", "parent_Field": null, "parent_Choice_Field": null, "parent_ChoiceGroup": null, "w": 58, "h": 22, "y": 449, "x": 682, "structure_id": "Tr_79"}, {"parent_TextBlock": "Tb_5", "text": "separate", "parent_Field": null, "parent_Choice_Field": null, "parent_ChoiceGroup": null, "w": 79, "h": 22, "y": 449, "x": 758, "structure_id": "Tr_80"}, {"parent_TextBlock": "Tb_5", "text": "sheet,", "parent_Field": null, "parent_Choice_Field": null, "parent_ChoiceGroup": null, "w": 57, "h": 22, "y": 449, "x": 838, "structure_id": "Tr_81"}, {"parent_TextBlock": "Tb_5", "text": "indicating", "parent_Field": null, "parent_Choice_Field": null, "parent_ChoiceGroup": null, "w": 94, "h": 22, "y": 449, "x": 896, "structure_id": "Tr_82"}, {"parent_TextBlock": "Tb_5", "text": "the", "parent_Field": null, "parent_Choice_Field": null, "parent_ChoiceGroup": null, "w": 33, "h": 22, "y": 449, "x": 991, "structure_id": "Tr_83"}, {"parent_TextBlock": "Tb_5", "text": "item", "parent_Field": null, "parent_Choice_Field": null, "parent_ChoiceGroup": null, "w": 45, "h": 22, "y": 449, "x": 1025, "structure_id": "Tr_84"}, {"parent_TextBlock": "Tb_5", "text": "number", "parent_Field": null, "parent_Choice_Field": null, "parent_ChoiceGroup": null, "w": 73, "h": 22, "y": 449, "x": 1072, "structure_id": "Tr_85"}, {"parent_TextBlock": "Tb_5", "text": "to", "parent_Field": null, "parent_Choice_Field": null, "parent_ChoiceGroup": null, "w": 23, "h": 22, "y": 449, "x": 1146, "structure_id": "Tr_86"}, {"parent_TextBlock": "Tb_5", "text": "which", "parent_Field": null, "parent_Choice_Field": null, "parent_ChoiceGroup": null, "w": 60, "h": 22, "y": 449, "x": 1170, "structure_id": "Tr_87"}, {"parent_TextBlock": "Tb_5", "text": "the", "parent_Field": null, "parent_Choice_Field": null, "parent_ChoiceGroup": null, "w": 28, "h": 22, "y": 449, "x": 1231, "structure_id": "Tr_88"}, {"parent_TextBlock": "Tb_5", "text": "answers apply.", "parent_Field": null, "parent_Choice_Field": null, "parent_ChoiceGroup": null, "w": 132, "h": 19, "y": 471, "x": 66, "structure_id": "Tr_89"}, {"parent_TextBlock": "Tb_6", "text": "IMPORTANT:", "parent_Field": null, "parent_Choice_Field": null, "parent_ChoiceGroup": null, "w": 170, "h": 25, "y": 290, "x": 63, "structure_id": "Tr_90"}, {"parent_TextBlock": "Tb_6", "text": "If you or someone you know is in crisis, call the Veterans Crisis Line at 1-800-273-8255 and press 1,", "parent_Field": null, "parent_Choice_Field": null, "parent_ChoiceGroup": null, "w": 1017, "h": 25, "y": 290, "x": 233, "structure_id": "Tr_91"}, {"parent_TextBlock": "Tb_6", "text": "or visit", "parent_Field": null, "parent_Choice_Field": null, "parent_ChoiceGroup": null, "w": 76, "h": 25, "y": 315, "x": 63, "structure_id": "Tr_92"}, {"parent_TextBlock": "Tb_6", "text": "https://www.veteranscrisisline.net/", "parent_Field": null, "parent_Choice_Field": null, "parent_ChoiceGroup": null, "w": 347, "h": 25, "y": 315, "x": 139, "structure_id": "Tr_93"}, {"parent_TextBlock": "Tb_6", "text": "to chat online, or send a text message to", "parent_Field": null, "parent_Choice_Field": null, "parent_ChoiceGroup": null, "w": 418, "h": 25, "y": 315, "x": 486, "structure_id": "Tr_94"}, {"parent_TextBlock": "Tb_6", "text": "838255", "parent_Field": null, "parent_Choice_Field": null, "parent_ChoiceGroup": null, "w": 75, "h": 25, "y": 315, "x": 904, "structure_id": "Tr_95"}, {"parent_TextBlock": "Tb_6", "text": "to receive confidential", "parent_Field": null, "parent_Choice_Field": null, "parent_ChoiceGroup": null, "w": 236, "h": 25, "y": 315, "x": 979, "structure_id": "Tr_96"}, {"parent_TextBlock": "Tb_6", "text": "support 24 hours a day, 7 days a week, 365 days a year. Support for", "parent_Field": null, "parent_Choice_Field": null, "parent_ChoiceGroup": null, "w": 683, "h": 25, "y": 340, "x": 63, "structure_id": "Tr_97"}, {"parent_TextBlock": "Tb_6", "text": "deaf and hard of hearing", "parent_Field": null, "parent_Choice_Field": null, "parent_ChoiceGroup": null, "w": 244, "h": 25, "y": 340, "x": 746, "structure_id": "Tr_98"}, {"parent_TextBlock": "Tb_6", "text": "individuals is available.", "parent_Field": null, "parent_Choice_Field": null, "parent_ChoiceGroup": null, "w": 243, "h": 25, "y": 340, "x": 990, "structure_id": "Tr_99"}, {"parent_TextBlock": "Tb_7", "text": "VA DATE STAMP", "parent_Field": "Fi_1", "parent_Choice_Field": null, "parent_ChoiceGroup": null, "w": 165, "h": 20, "y": 145, "x": 1373, "structure_id": "Tr_100"}, {"parent_TextBlock": "Tb_7", "text": "DO NOT WRITE IN THIS SPACE", "parent_Field": "Fi_1", "parent_Choice_Field": null, "parent_ChoiceGroup": null, "w": 294, "h": 19, "y": 169, "x": 1306, "structure_id": "Tr_101"}, {"parent_TextBlock": "Tb_8", "text": "SECTION I:  VETERAN'S IDENTIFICATION INFORMATION", "parent_Field": null, "parent_Choice_Field": null, "parent_ChoiceGroup": null, "w": 604, "h": 22, "y": 507, "x": 546, "structure_id": "Tr_102"}, {"parent_TextBlock": "Tb_9", "text": "6. PREFERRED E-MAIL ADDRESS", "parent_Field": "Fi_2", "parent_Choice_Field": null, "parent_ChoiceGroup": null, "w": 311, "h": 19, "y": 783, "x": 705, "structure_id": "Tr_103"}, {"parent_TextBlock": "Tb_9", "text": "\u00c2\u00a0(Optional)", "parent_Field": "Fi_2", "parent_Choice_Field": null, "parent_ChoiceGroup": null, "w": 87, "h": 19, "y": 783, "x": 1016, "structure_id": "Tr_104"}, {"parent_TextBlock": "Tb_10", "text": "1. VETERAN/BENEFICARY NAME", "parent_Field": "Fi_3", "parent_Choice_Field": null, "parent_ChoiceGroup": null, "w": 311, "h": 19, "y": 579, "x": 70, "structure_id": "Tr_105"}, {"parent_TextBlock": "Tb_10", "text": "(First, Middle Initial, Last)", "parent_Field": "Fi_3", "parent_Choice_Field": null, "parent_ChoiceGroup": null, "w": 211, "h": 19, "y": 579, "x": 381, "structure_id": "Tr_106"}, {"parent_TextBlock": "Tb_11", "text": "4. DATE OF BIRTH", "parent_Field": "Fi_4", "parent_Choice_Field": null, "parent_ChoiceGroup": null, "w": 175, "h": 20, "y": 663, "x": 1124, "structure_id": "Tr_107"}, {"parent_TextBlock": "Tb_11", "text": "(MM/DD/YYYY)", "parent_Field": "Fi_4", "parent_Choice_Field": null, "parent_ChoiceGroup": null, "w": 128, "h": 19, "y": 664, "x": 1299, "structure_id": "Tr_108"}, {"parent_TextBlock": "Tb_12", "text": "Month", "parent_Field": "Fi_4", "parent_Choice_Field": null, "parent_ChoiceGroup": null, "w": 54, "h": 20, "y": 694, "x": 1157, "structure_id": "Tr_109"}, {"parent_TextBlock": "Tb_13", "text": "Day", "parent_Field": "Fi_4", "parent_Choice_Field": null, "parent_ChoiceGroup": null, "w": 35, "h": 20, "y": 694, "x": 1309, "structure_id": "Tr_110"}, {"parent_TextBlock": "Tb_14", "text": "Year", "parent_Field": "Fi_4", "parent_Choice_Field": null, "parent_ChoiceGroup": null, "w": 41, "h": 20, "y": 694, "x": 1490, "structure_id": "Tr_111"}, {"parent_TextBlock": "Tb_15", "text": "5. VETERAN'S SERVICE NUMBER", "parent_Field": "Fi_5", "parent_Choice_Field": null, "parent_ChoiceGroup": null, "w": 316, "h": 19, "y": 783, "x": 70, "structure_id": "Tr_112"}, {"parent_TextBlock": "Tb_15", "text": "(If applicable)", "parent_Field": "Fi_5", "parent_Choice_Field": null, "parent_ChoiceGroup": null, "w": 112, "h": 19, "y": 783, "x": 386, "structure_id": "Tr_113"}, {"parent_TextBlock": "Tb_16", "text": "3. VA FILE NUMBER", "parent_Field": "Fi_6", "parent_Choice_Field": null, "parent_ChoiceGroup": null, "w": 184, "h": 19, "y": 666, "x": 642, "structure_id": "Tr_114"}, {"parent_TextBlock": "Tb_16", "text": "(If applicable)", "parent_Field": "Fi_6", "parent_Choice_Field": null, "parent_ChoiceGroup": null, "w": 112, "h": 20, "y": 666, "x": 831, "structure_id": "Tr_115"}, {"parent_TextBlock": "Tb_17", "text": "NOTE:", "parent_Field": null, "parent_Choice_Field": null, "parent_ChoiceGroup": null, "w": 81, "h": 24, "y": 545, "x": 70, "structure_id": "Tr_116"}, {"parent_TextBlock": "Tb_17", "text": "You can", "parent_Field": null, "parent_Choice_Field": null, "parent_ChoiceGroup": null, "w": 85, "h": 24, "y": 545, "x": 151, "structure_id": "Tr_117"}, {"parent_TextBlock": "Tb_17", "text": "either", "parent_Field": null, "parent_Choice_Field": null, "parent_ChoiceGroup": null, "w": 55, "h": 24, "y": 545, "x": 236, "structure_id": "Tr_118"}, {"parent_TextBlock": "Tb_17", "text": "complete the form online or by hand.  Please print the information requested in ink, neatly and legibly to help process the form.", "parent_Field": null, "parent_Choice_Field": null, "parent_ChoiceGroup": null, "w": 1209, "h": 24, "y": 545, "x": 291, "structure_id": "Tr_119"}, {"parent_TextBlock": "Tb_18", "text": "2. SOCIAL SECURITY NUMBER", "parent_Field": "Fi_7", "parent_Choice_Field": null, "parent_ChoiceGroup": null, "w": 287, "h": 19, "y": 664, "x": 70, "structure_id": "Tr_120"}, {"parent_TextBlock": "Tb_19", "text": "7A. PRIMARY TELEPHONE NUMBER", "parent_Field": "Fi_8", "parent_Choice_Field": null, "parent_ChoiceGroup": null, "w": 342, "h": 20, "y": 872, "x": 70, "structure_id": "Tr_121"}, {"parent_TextBlock": "Tb_19", "text": "(Include Area Code)", "parent_Field": "Fi_8", "parent_Choice_Field": null, "parent_ChoiceGroup": null, "w": 160, "h": 19, "y": 873, "x": 412, "structure_id": "Tr_122"}, {"parent_TextBlock": "Tb_20", "text": "7B. SECONDARY TELEPHONE NUMBER", "parent_Field": "Fi_9", "parent_Choice_Field": null, "parent_ChoiceGroup": null, "w": 376, "h": 20, "y": 872, "x": 765, "structure_id": "Tr_123"}, {"parent_TextBlock": "Tb_20", "text": "(Include Area Code)", "parent_Field": "Fi_9", "parent_Choice_Field": null, "parent_ChoiceGroup": null, "w": 160, "h": 19, "y": 873, "x": 1141, "structure_id": "Tr_124"}, {"parent_TextBlock": "Tb_21", "text": "SECTION II:  STRESSFUL INCIDENT(S)", "parent_Field": null, "parent_Choice_Field": null, "parent_ChoiceGroup": null, "w": 410, "h": 22, "y": 961, "x": 643, "structure_id": "Tr_125"}, {"parent_TextBlock": "Tb_22", "text": "8B. DATES OF UNIT ASSIGNMENT", "parent_Field": null, "parent_Choice_Field": null, "parent_ChoiceGroup": null, "w": 316, "h": 20, "y": 995, "x": 906, "structure_id": "Tr_126"}, {"parent_TextBlock": "Tb_22", "text": "(MM/DD/YYYY)", "parent_Field": null, "parent_Choice_Field": null, "parent_ChoiceGroup": null, "w": 127, "h": 20, "y": 995, "x": 1228, "structure_id": "Tr_127"}, {"parent_TextBlock": "Tb_23", "text": "OTHER", "parent_Field": null, "parent_Choice_Field": null, "parent_ChoiceGroup": null, "w": 86, "h": 22, "y": 1924, "x": 72, "structure_id": "Tr_128"}, {"parent_TextBlock": "Tb_23", "text": "SOURCES", "parent_Field": null, "parent_Choice_Field": null, "parent_ChoiceGroup": null, "w": 111, "h": 22, "y": 1924, "x": 159, "structure_id": "Tr_129"}, {"parent_TextBlock": "Tb_23", "text": "OF", "parent_Field": null, "parent_Choice_Field": null, "parent_ChoiceGroup": null, "w": 36, "h": 22, "y": 1924, "x": 271, "structure_id": "Tr_130"}, {"parent_TextBlock": "Tb_23", "text": "INFORMATION:", "parent_Field": null, "parent_Choice_Field": null, "parent_ChoiceGroup": null, "w": 173, "h": 22, "y": 1924, "x": 308, "structure_id": "Tr_131"}, {"parent_TextBlock": "Tb_23", "text": "Identify", "parent_Field": null, "parent_Choice_Field": null, "parent_ChoiceGroup": null, "w": 76, "h": 22, "y": 1924, "x": 488, "structure_id": "Tr_132"}, {"parent_TextBlock": "Tb_23", "text": "any", "parent_Field": null, "parent_Choice_Field": null, "parent_ChoiceGroup": null, "w": 37, "h": 22, "y": 1924, "x": 565, "structure_id": "Tr_133"}, {"parent_TextBlock": "Tb_23", "text": "other", "parent_Field": null, "parent_Choice_Field": null, "parent_ChoiceGroup": null, "w": 51, "h": 22, "y": 1924, "x": 604, "structure_id": "Tr_134"}, {"parent_TextBlock": "Tb_23", "text": "sources", "parent_Field": null, "parent_Choice_Field": null, "parent_ChoiceGroup": null, "w": 72, "h": 22, "y": 1924, "x": 656, "structure_id": "Tr_135"}, {"parent_TextBlock": "Tb_23", "text": "(military", "parent_Field": null, "parent_Choice_Field": null, "parent_ChoiceGroup": null, "w": 84, "h": 22, "y": 1924, "x": 729, "structure_id": "Tr_136"}, {"parent_TextBlock": "Tb_23", "text": "or", "parent_Field": null, "parent_Choice_Field": null, "parent_ChoiceGroup": null, "w": 24, "h": 22, "y": 1924, "x": 814, "structure_id": "Tr_137"}, {"parent_TextBlock": "Tb_23", "text": "non-military)", "parent_Field": null, "parent_Choice_Field": null, "parent_ChoiceGroup": null, "w": 124, "h": 22, "y": 1924, "x": 839, "structure_id": "Tr_138"}, {"parent_TextBlock": "Tb_23", "text": "that", "parent_Field": null, "parent_Choice_Field": null, "parent_ChoiceGroup": null, "w": 39, "h": 22, "y": 1924, "x": 964, "structure_id": "Tr_139"}, {"parent_TextBlock": "Tb_23", "text": "may", "parent_Field": null, "parent_Choice_Field": null, "parent_ChoiceGroup": null, "w": 44, "h": 22, "y": 1924, "x": 1004, "structure_id": "Tr_140"}, {"parent_TextBlock": "Tb_23", "text": "provide", "parent_Field": null, "parent_Choice_Field": null, "parent_ChoiceGroup": null, "w": 73, "h": 22, "y": 1924, "x": 1049, "structure_id": "Tr_141"}, {"parent_TextBlock": "Tb_23", "text": "information", "parent_Field": null, "parent_Choice_Field": null, "parent_ChoiceGroup": null, "w": 110, "h": 22, "y": 1924, "x": 1124, "structure_id": "Tr_142"}, {"parent_TextBlock": "Tb_23", "text": "concerning", "parent_Field": null, "parent_Choice_Field": null, "parent_ChoiceGroup": null, "w": 104, "h": 22, "y": 1924, "x": 1235, "structure_id": "Tr_143"}, {"parent_TextBlock": "Tb_23", "text": "the", "parent_Field": null, "parent_Choice_Field": null, "parent_ChoiceGroup": null, "w": 32, "h": 22, "y": 1924, "x": 1341, "structure_id": "Tr_144"}, {"parent_TextBlock": "Tb_23", "text": "incident.", "parent_Field": null, "parent_Choice_Field": null, "parent_ChoiceGroup": null, "w": 83, "h": 22, "y": 1924, "x": 1374, "structure_id": "Tr_145"}, {"parent_TextBlock": "Tb_23", "text": "If", "parent_Field": null, "parent_Choice_Field": null, "parent_ChoiceGroup": null, "w": 21, "h": 22, "y": 1924, "x": 1458, "structure_id": "Tr_146"}, {"parent_TextBlock": "Tb_23", "text": "you", "parent_Field": null, "parent_Choice_Field": null, "parent_ChoiceGroup": null, "w": 39, "h": 22, "y": 1924, "x": 1480, "structure_id": "Tr_147"}, {"parent_TextBlock": "Tb_23", "text": "reported", "parent_Field": null, "parent_Choice_Field": null, "parent_ChoiceGroup": null, "w": 79, "h": 22, "y": 1924, "x": 1520, "structure_id": "Tr_148"}, {"parent_TextBlock": "Tb_23", "text": "the", "parent_Field": null, "parent_Choice_Field": null, "parent_ChoiceGroup": null, "w": 27, "h": 22, "y": 1924, "x": 1601, "structure_id": "Tr_149"}, {"parent_TextBlock": "Tb_23", "text": "incident", "parent_Field": null, "parent_Choice_Field": null, "parent_ChoiceGroup": null, "w": 77, "h": 22, "y": 1946, "x": 72, "structure_id": "Tr_150"}, {"parent_TextBlock": "Tb_23", "text": "to", "parent_Field": null, "parent_Choice_Field": null, "parent_ChoiceGroup": null, "w": 23, "h": 22, "y": 1946, "x": 149, "structure_id": "Tr_151"}, {"parent_TextBlock": "Tb_23", "text": "military", "parent_Field": null, "parent_Choice_Field": null, "parent_ChoiceGroup": null, "w": 76, "h": 22, "y": 1946, "x": 172, "structure_id": "Tr_152"}, {"parent_TextBlock": "Tb_23", "text": "or", "parent_Field": null, "parent_Choice_Field": null, "parent_ChoiceGroup": null, "w": 24, "h": 22, "y": 1946, "x": 248, "structure_id": "Tr_153"}, {"parent_TextBlock": "Tb_23", "text": "civilian", "parent_Field": null, "parent_Choice_Field": null, "parent_ChoiceGroup": null, "w": 72, "h": 22, "y": 1946, "x": 272, "structure_id": "Tr_154"}, {"parent_TextBlock": "Tb_23", "text": "authorities", "parent_Field": null, "parent_Choice_Field": null, "parent_ChoiceGroup": null, "w": 100, "h": 22, "y": 1946, "x": 344, "structure_id": "Tr_155"}, {"parent_TextBlock": "Tb_23", "text": "or", "parent_Field": null, "parent_Choice_Field": null, "parent_ChoiceGroup": null, "w": 24, "h": 22, "y": 1946, "x": 444, "structure_id": "Tr_156"}, {"parent_TextBlock": "Tb_23", "text": "sought", "parent_Field": null, "parent_Choice_Field": null, "parent_ChoiceGroup": null, "w": 65, "h": 22, "y": 1946, "x": 468, "structure_id": "Tr_157"}, {"parent_TextBlock": "Tb_23", "text": "help", "parent_Field": null, "parent_Choice_Field": null, "parent_ChoiceGroup": null, "w": 44, "h": 22, "y": 1946, "x": 533, "structure_id": "Tr_158"}, {"parent_TextBlock": "Tb_23", "text": "from", "parent_Field": null, "parent_Choice_Field": null, "parent_ChoiceGroup": null, "w": 48, "h": 22, "y": 1946, "x": 577, "structure_id": "Tr_159"}, {"parent_TextBlock": "Tb_23", "text": "rape", "parent_Field": null, "parent_Choice_Field": null, "parent_ChoiceGroup": null, "w": 44, "h": 22, "y": 1946, "x": 641, "structure_id": "Tr_160"}, {"parent_TextBlock": "Tb_23", "text": "crisis", "parent_Field": null, "parent_Choice_Field": null, "parent_ChoiceGroup": null, "w": 52, "h": 22, "y": 1946, "x": 685, "structure_id": "Tr_161"}, {"parent_TextBlock": "Tb_23", "text": "center,", "parent_Field": null, "parent_Choice_Field": null, "parent_ChoiceGroup": null, "w": 66, "h": 22, "y": 1946, "x": 737, "structure_id": "Tr_162"}, {"parent_TextBlock": "Tb_23", "text": "counseling", "parent_Field": null, "parent_Choice_Field": null, "parent_ChoiceGroup": null, "w": 102, "h": 22, "y": 1946, "x": 803, "structure_id": "Tr_163"}, {"parent_TextBlock": "Tb_23", "text": "facility,", "parent_Field": null, "parent_Choice_Field": null, "parent_ChoiceGroup": null, "w": 74, "h": 22, "y": 1946, "x": 905, "structure_id": "Tr_164"}, {"parent_TextBlock": "Tb_23", "text": "or", "parent_Field": null, "parent_Choice_Field": null, "parent_ChoiceGroup": null, "w": 24, "h": 22, "y": 1946, "x": 979, "structure_id": "Tr_165"}, {"parent_TextBlock": "Tb_23", "text": "health", "parent_Field": null, "parent_Choice_Field": null, "parent_ChoiceGroup": null, "w": 60, "h": 22, "y": 1946, "x": 1003, "structure_id": "Tr_166"}, {"parent_TextBlock": "Tb_23", "text": "clinic,", "parent_Field": null, "parent_Choice_Field": null, "parent_ChoiceGroup": null, "w": 60, "h": 22, "y": 1946, "x": 1063, "structure_id": "Tr_167"}, {"parent_TextBlock": "Tb_23", "text": "etc.,", "parent_Field": null, "parent_Choice_Field": null, "parent_ChoiceGroup": null, "w": 43, "h": 22, "y": 1946, "x": 1123, "structure_id": "Tr_168"}, {"parent_TextBlock": "Tb_23", "text": "please", "parent_Field": null, "parent_Choice_Field": null, "parent_ChoiceGroup": null, "w": 61, "h": 22, "y": 1946, "x": 1166, "structure_id": "Tr_169"}, {"parent_TextBlock": "Tb_23", "text": "provide", "parent_Field": null, "parent_Choice_Field": null, "parent_ChoiceGroup": null, "w": 73, "h": 22, "y": 1946, "x": 1227, "structure_id": "Tr_170"}, {"parent_TextBlock": "Tb_23", "text": "the", "parent_Field": null, "parent_Choice_Field": null, "parent_ChoiceGroup": null, "w": 33, "h": 22, "y": 1946, "x": 1300, "structure_id": "Tr_171"}, {"parent_TextBlock": "Tb_23", "text": "names", "parent_Field": null, "parent_Choice_Field": null, "parent_ChoiceGroup": null, "w": 62, "h": 22, "y": 1946, "x": 1333, "structure_id": "Tr_172"}, {"parent_TextBlock": "Tb_23", "text": "and", "parent_Field": null, "parent_Choice_Field": null, "parent_ChoiceGroup": null, "w": 38, "h": 22, "y": 1946, "x": 1395, "structure_id": "Tr_173"}, {"parent_TextBlock": "Tb_23", "text": "addresses", "parent_Field": null, "parent_Choice_Field": null, "parent_ChoiceGroup": null, "w": 91, "h": 22, "y": 1946, "x": 1433, "structure_id": "Tr_174"}, {"parent_TextBlock": "Tb_23", "text": "and", "parent_Field": null, "parent_Choice_Field": null, "parent_ChoiceGroup": null, "w": 38, "h": 22, "y": 1946, "x": 1524, "structure_id": "Tr_175"}, {"parent_TextBlock": "Tb_23", "text": "we", "parent_Field": null, "parent_Choice_Field": null, "parent_ChoiceGroup": null, "w": 31, "h": 22, "y": 1946, "x": 1562, "structure_id": "Tr_176"}, {"parent_TextBlock": "Tb_23", "text": "will", "parent_Field": null, "parent_Choice_Field": null, "parent_ChoiceGroup": null, "w": 35, "h": 22, "y": 1946, "x": 1593, "structure_id": "Tr_177"}, {"parent_TextBlock": "Tb_23", "text": "assist", "parent_Field": null, "parent_Choice_Field": null, "parent_ChoiceGroup": null, "w": 54, "h": 23, "y": 1968, "x": 72, "structure_id": "Tr_178"}, {"parent_TextBlock": "Tb_23", "text": "you", "parent_Field": null, "parent_Choice_Field": null, "parent_ChoiceGroup": null, "w": 39, "h": 23, "y": 1968, "x": 127, "structure_id": "Tr_179"}, {"parent_TextBlock": "Tb_23", "text": "in", "parent_Field": null, "parent_Choice_Field": null, "parent_ChoiceGroup": null, "w": 22, "h": 23, "y": 1968, "x": 167, "structure_id": "Tr_180"}, {"parent_TextBlock": "Tb_23", "text": "getting", "parent_Field": null, "parent_Choice_Field": null, "parent_ChoiceGroup": null, "w": 68, "h": 23, "y": 1968, "x": 190, "structure_id": "Tr_181"}, {"parent_TextBlock": "Tb_23", "text": "the", "parent_Field": null, "parent_Choice_Field": null, "parent_ChoiceGroup": null, "w": 32, "h": 23, "y": 1968, "x": 259, "structure_id": "Tr_182"}, {"parent_TextBlock": "Tb_23", "text": "information.", "parent_Field": null, "parent_Choice_Field": null, "parent_ChoiceGroup": null, "w": 116, "h": 23, "y": 1968, "x": 292, "structure_id": "Tr_183"}, {"parent_TextBlock": "Tb_23", "text": "If", "parent_Field": null, "parent_Choice_Field": null, "parent_ChoiceGroup": null, "w": 21, "h": 23, "y": 1968, "x": 409, "structure_id": "Tr_184"}, {"parent_TextBlock": "Tb_23", "text": "the", "parent_Field": null, "parent_Choice_Field": null, "parent_ChoiceGroup": null, "w": 33, "h": 23, "y": 1968, "x": 430, "structure_id": "Tr_185"}, {"parent_TextBlock": "Tb_23", "text": "source", "parent_Field": null, "parent_Choice_Field": null, "parent_ChoiceGroup": null, "w": 64, "h": 23, "y": 1968, "x": 464, "structure_id": "Tr_186"}, {"parent_TextBlock": "Tb_23", "text": "provided", "parent_Field": null, "parent_Choice_Field": null, "parent_ChoiceGroup": null, "w": 84, "h": 23, "y": 1968, "x": 529, "structure_id": "Tr_187"}, {"parent_TextBlock": "Tb_23", "text": "treatment", "parent_Field": null, "parent_Choice_Field": null, "parent_ChoiceGroup": null, "w": 90, "h": 23, "y": 1968, "x": 614, "structure_id": "Tr_188"}, {"parent_TextBlock": "Tb_23", "text": "and", "parent_Field": null, "parent_Choice_Field": null, "parent_ChoiceGroup": null, "w": 37, "h": 23, "y": 1968, "x": 705, "structure_id": "Tr_189"}, {"parent_TextBlock": "Tb_23", "text": "you", "parent_Field": null, "parent_Choice_Field": null, "parent_ChoiceGroup": null, "w": 39, "h": 23, "y": 1968, "x": 743, "structure_id": "Tr_190"}, {"parent_TextBlock": "Tb_23", "text": "would", "parent_Field": null, "parent_Choice_Field": null, "parent_ChoiceGroup": null, "w": 61, "h": 23, "y": 1968, "x": 783, "structure_id": "Tr_191"}, {"parent_TextBlock": "Tb_23", "text": "like", "parent_Field": null, "parent_Choice_Field": null, "parent_ChoiceGroup": null, "w": 39, "h": 23, "y": 1968, "x": 845, "structure_id": "Tr_192"}, {"parent_TextBlock": "Tb_23", "text": "us", "parent_Field": null, "parent_Choice_Field": null, "parent_ChoiceGroup": null, "w": 25, "h": 23, "y": 1968, "x": 885, "structure_id": "Tr_193"}, {"parent_TextBlock": "Tb_23", "text": "to", "parent_Field": null, "parent_Choice_Field": null, "parent_ChoiceGroup": null, "w": 23, "h": 23, "y": 1968, "x": 911, "structure_id": "Tr_194"}, {"parent_TextBlock": "Tb_23", "text": "obtain", "parent_Field": null, "parent_Choice_Field": null, "parent_ChoiceGroup": null, "w": 61, "h": 23, "y": 1968, "x": 935, "structure_id": "Tr_195"}, {"parent_TextBlock": "Tb_23", "text": "the", "parent_Field": null, "parent_Choice_Field": null, "parent_ChoiceGroup": null, "w": 33, "h": 23, "y": 1968, "x": 997, "structure_id": "Tr_196"}, {"parent_TextBlock": "Tb_23", "text": "treatment", "parent_Field": null, "parent_Choice_Field": null, "parent_ChoiceGroup": null, "w": 89, "h": 23, "y": 1968, "x": 1031, "structure_id": "Tr_197"}, {"parent_TextBlock": "Tb_23", "text": "records,", "parent_Field": null, "parent_Choice_Field": null, "parent_ChoiceGroup": null, "w": 76, "h": 23, "y": 1968, "x": 1121, "structure_id": "Tr_198"}, {"parent_TextBlock": "Tb_23", "text": "complete", "parent_Field": null, "parent_Choice_Field": null, "parent_ChoiceGroup": null, "w": 87, "h": 23, "y": 1968, "x": 1198, "structure_id": "Tr_199"}, {"parent_TextBlock": "Tb_23", "text": "VA", "parent_Field": null, "parent_Choice_Field": null, "parent_ChoiceGroup": null, "w": 38, "h": 23, "y": 1968, "x": 1286, "structure_id": "Tr_200"}, {"parent_TextBlock": "Tb_23", "text": "Form", "parent_Field": null, "parent_Choice_Field": null, "parent_ChoiceGroup": null, "w": 54, "h": 23, "y": 1968, "x": 1325, "structure_id": "Tr_201"}, {"parent_TextBlock": "Tb_23", "text": "21-4142,", "parent_Field": null, "parent_Choice_Field": null, "parent_ChoiceGroup": null, "w": 85, "h": 23, "y": 1968, "x": 1380, "structure_id": "Tr_202"}, {"parent_TextBlock": "Tb_23", "text": "Authorization", "parent_Field": null, "parent_Choice_Field": null, "parent_ChoiceGroup": null, "w": 129, "h": 23, "y": 1968, "x": 1466, "structure_id": "Tr_203"}, {"parent_TextBlock": "Tb_23", "text": "and", "parent_Field": null, "parent_Choice_Field": null, "parent_ChoiceGroup": null, "w": 32, "h": 23, "y": 1968, "x": 1596, "structure_id": "Tr_204"}, {"parent_TextBlock": "Tb_23", "text": "Consent", "parent_Field": null, "parent_Choice_Field": null, "parent_ChoiceGroup": null, "w": 78, "h": 22, "y": 1991, "x": 72, "structure_id": "Tr_205"}, {"parent_TextBlock": "Tb_23", "text": "to", "parent_Field": null, "parent_Choice_Field": null, "parent_ChoiceGroup": null, "w": 23, "h": 22, "y": 1991, "x": 152, "structure_id": "Tr_206"}, {"parent_TextBlock": "Tb_23", "text": "Release", "parent_Field": null, "parent_Choice_Field": null, "parent_ChoiceGroup": null, "w": 74, "h": 22, "y": 1991, "x": 176, "structure_id": "Tr_207"}, {"parent_TextBlock": "Tb_23", "text": "Information", "parent_Field": null, "parent_Choice_Field": null, "parent_ChoiceGroup": null, "w": 111, "h": 22, "y": 1991, "x": 252, "structure_id": "Tr_208"}, {"parent_TextBlock": "Tb_23", "text": "to", "parent_Field": null, "parent_Choice_Field": null, "parent_ChoiceGroup": null, "w": 23, "h": 22, "y": 1991, "x": 364, "structure_id": "Tr_209"}, {"parent_TextBlock": "Tb_23", "text": "the", "parent_Field": null, "parent_Choice_Field": null, "parent_ChoiceGroup": null, "w": 32, "h": 22, "y": 1991, "x": 389, "structure_id": "Tr_210"}, {"parent_TextBlock": "Tb_23", "text": "Department", "parent_Field": null, "parent_Choice_Field": null, "parent_ChoiceGroup": null, "w": 111, "h": 22, "y": 1991, "x": 422, "structure_id": "Tr_211"}, {"parent_TextBlock": "Tb_23", "text": "of", "parent_Field": null, "parent_Choice_Field": null, "parent_ChoiceGroup": null, "w": 24, "h": 22, "y": 1991, "x": 534, "structure_id": "Tr_212"}, {"parent_TextBlock": "Tb_23", "text": "Veterans", "parent_Field": null, "parent_Choice_Field": null, "parent_ChoiceGroup": null, "w": 85, "h": 22, "y": 1991, "x": 559, "structure_id": "Tr_213"}, {"parent_TextBlock": "Tb_23", "text": "Affairs", "parent_Field": null, "parent_Choice_Field": null, "parent_ChoiceGroup": null, "w": 69, "h": 22, "y": 1991, "x": 645, "structure_id": "Tr_214"}, {"parent_TextBlock": "Tb_23", "text": "(VA),", "parent_Field": null, "parent_Choice_Field": null, "parent_ChoiceGroup": null, "w": 58, "h": 22, "y": 1991, "x": 715, "structure_id": "Tr_215"}, {"parent_TextBlock": "Tb_23", "text": "for", "parent_Field": null, "parent_Choice_Field": null, "parent_ChoiceGroup": null, "w": 31, "h": 22, "y": 1991, "x": 774, "structure_id": "Tr_216"}, {"parent_TextBlock": "Tb_23", "text": "each", "parent_Field": null, "parent_Choice_Field": null, "parent_ChoiceGroup": null, "w": 46, "h": 22, "y": 1991, "x": 807, "structure_id": "Tr_217"}, {"parent_TextBlock": "Tb_23", "text": "provider.", "parent_Field": null, "parent_Choice_Field": null, "parent_ChoiceGroup": null, "w": 87, "h": 22, "y": 1991, "x": 854, "structure_id": "Tr_218"}, {"parent_TextBlock": "Tb_23", "text": "If", "parent_Field": null, "parent_Choice_Field": null, "parent_ChoiceGroup": null, "w": 20, "h": 22, "y": 1991, "x": 942, "structure_id": "Tr_219"}, {"parent_TextBlock": "Tb_23", "text": "you", "parent_Field": null, "parent_Choice_Field": null, "parent_ChoiceGroup": null, "w": 39, "h": 22, "y": 1991, "x": 963, "structure_id": "Tr_220"}, {"parent_TextBlock": "Tb_23", "text": "confided", "parent_Field": null, "parent_Choice_Field": null, "parent_ChoiceGroup": null, "w": 84, "h": 22, "y": 1991, "x": 1003, "structure_id": "Tr_221"}, {"parent_TextBlock": "Tb_23", "text": "in", "parent_Field": null, "parent_Choice_Field": null, "parent_ChoiceGroup": null, "w": 23, "h": 22, "y": 1991, "x": 1088, "structure_id": "Tr_222"}, {"parent_TextBlock": "Tb_23", "text": "roommates,", "parent_Field": null, "parent_Choice_Field": null, "parent_ChoiceGroup": null, "w": 110, "h": 22, "y": 1991, "x": 1112, "structure_id": "Tr_223"}, {"parent_TextBlock": "Tb_23", "text": "family", "parent_Field": null, "parent_Choice_Field": null, "parent_ChoiceGroup": null, "w": 64, "h": 22, "y": 1991, "x": 1223, "structure_id": "Tr_224"}, {"parent_TextBlock": "Tb_23", "text": "members,", "parent_Field": null, "parent_Choice_Field": null, "parent_ChoiceGroup": null, "w": 92, "h": 22, "y": 1991, "x": 1288, "structure_id": "Tr_225"}, {"parent_TextBlock": "Tb_23", "text": "chaplains,", "parent_Field": null, "parent_Choice_Field": null, "parent_ChoiceGroup": null, "w": 95, "h": 22, "y": 1991, "x": 1382, "structure_id": "Tr_226"}, {"parent_TextBlock": "Tb_23", "text": "clergy,", "parent_Field": null, "parent_Choice_Field": null, "parent_ChoiceGroup": null, "w": 66, "h": 22, "y": 1991, "x": 1478, "structure_id": "Tr_227"}, {"parent_TextBlock": "Tb_23", "text": "or", "parent_Field": null, "parent_Choice_Field": null, "parent_ChoiceGroup": null, "w": 24, "h": 22, "y": 1991, "x": 1546, "structure_id": "Tr_228"}, {"parent_TextBlock": "Tb_23", "text": "fellow", "parent_Field": null, "parent_Choice_Field": null, "parent_ChoiceGroup": null, "w": 57, "h": 22, "y": 1991, "x": 1571, "structure_id": "Tr_229"}, {"parent_TextBlock": "Tb_23", "text": "service", "parent_Field": null, "parent_Choice_Field": null, "parent_ChoiceGroup": null, "w": 69, "h": 22, "y": 2013, "x": 72, "structure_id": "Tr_230"}, {"parent_TextBlock": "Tb_23", "text": "persons,", "parent_Field": null, "parent_Choice_Field": null, "parent_ChoiceGroup": null, "w": 79, "h": 22, "y": 2013, "x": 141, "structure_id": "Tr_231"}, {"parent_TextBlock": "Tb_23", "text": "you", "parent_Field": null, "parent_Choice_Field": null, "parent_ChoiceGroup": null, "w": 39, "h": 22, "y": 2013, "x": 220, "structure_id": "Tr_232"}, {"parent_TextBlock": "Tb_23", "text": "may", "parent_Field": null, "parent_Choice_Field": null, "parent_ChoiceGroup": null, "w": 44, "h": 22, "y": 2013, "x": 259, "structure_id": "Tr_233"}, {"parent_TextBlock": "Tb_23", "text": "want", "parent_Field": null, "parent_Choice_Field": null, "parent_ChoiceGroup": null, "w": 49, "h": 22, "y": 2013, "x": 303, "structure_id": "Tr_234"}, {"parent_TextBlock": "Tb_23", "text": "to", "parent_Field": null, "parent_Choice_Field": null, "parent_ChoiceGroup": null, "w": 23, "h": 22, "y": 2013, "x": 352, "structure_id": "Tr_235"}, {"parent_TextBlock": "Tb_23", "text": "ask", "parent_Field": null, "parent_Choice_Field": null, "parent_ChoiceGroup": null, "w": 35, "h": 22, "y": 2013, "x": 375, "structure_id": "Tr_236"}, {"parent_TextBlock": "Tb_23", "text": "them", "parent_Field": null, "parent_Choice_Field": null, "parent_ChoiceGroup": null, "w": 50, "h": 22, "y": 2013, "x": 411, "structure_id": "Tr_237"}, {"parent_TextBlock": "Tb_23", "text": "for", "parent_Field": null, "parent_Choice_Field": null, "parent_ChoiceGroup": null, "w": 31, "h": 22, "y": 2013, "x": 461, "structure_id": "Tr_238"}, {"parent_TextBlock": "Tb_23", "text": "statement", "parent_Field": null, "parent_Choice_Field": null, "parent_ChoiceGroup": null, "w": 91, "h": 22, "y": 2013, "x": 508, "structure_id": "Tr_239"}, {"parent_TextBlock": "Tb_23", "text": "concerning", "parent_Field": null, "parent_Choice_Field": null, "parent_ChoiceGroup": null, "w": 104, "h": 22, "y": 2013, "x": 599, "structure_id": "Tr_240"}, {"parent_TextBlock": "Tb_23", "text": "their", "parent_Field": null, "parent_Choice_Field": null, "parent_ChoiceGroup": null, "w": 46, "h": 22, "y": 2013, "x": 704, "structure_id": "Tr_241"}, {"parent_TextBlock": "Tb_23", "text": "knowledge", "parent_Field": null, "parent_Choice_Field": null, "parent_ChoiceGroup": null, "w": 103, "h": 22, "y": 2013, "x": 750, "structure_id": "Tr_242"}, {"parent_TextBlock": "Tb_23", "text": "of", "parent_Field": null, "parent_Choice_Field": null, "parent_ChoiceGroup": null, "w": 25, "h": 22, "y": 2013, "x": 853, "structure_id": "Tr_243"}, {"parent_TextBlock": "Tb_23", "text": "the", "parent_Field": null, "parent_Choice_Field": null, "parent_ChoiceGroup": null, "w": 32, "h": 22, "y": 2013, "x": 878, "structure_id": "Tr_244"}, {"parent_TextBlock": "Tb_23", "text": "incident.", "parent_Field": null, "parent_Choice_Field": null, "parent_ChoiceGroup": null, "w": 82, "h": 22, "y": 2013, "x": 911, "structure_id": "Tr_245"}, {"parent_TextBlock": "Tb_23", "text": "These", "parent_Field": null, "parent_Choice_Field": null, "parent_ChoiceGroup": null, "w": 58, "h": 22, "y": 2013, "x": 994, "structure_id": "Tr_246"}, {"parent_TextBlock": "Tb_23", "text": "statements", "parent_Field": null, "parent_Choice_Field": null, "parent_ChoiceGroup": null, "w": 100, "h": 22, "y": 2013, "x": 1052, "structure_id": "Tr_247"}, {"parent_TextBlock": "Tb_23", "text": "will", "parent_Field": null, "parent_Choice_Field": null, "parent_ChoiceGroup": null, "w": 40, "h": 22, "y": 2013, "x": 1152, "structure_id": "Tr_248"}, {"parent_TextBlock": "Tb_23", "text": "help", "parent_Field": null, "parent_Choice_Field": null, "parent_ChoiceGroup": null, "w": 44, "h": 22, "y": 2013, "x": 1192, "structure_id": "Tr_249"}, {"parent_TextBlock": "Tb_23", "text": "us", "parent_Field": null, "parent_Choice_Field": null, "parent_ChoiceGroup": null, "w": 26, "h": 22, "y": 2013, "x": 1236, "structure_id": "Tr_250"}, {"parent_TextBlock": "Tb_23", "text": "in", "parent_Field": null, "parent_Choice_Field": null, "parent_ChoiceGroup": null, "w": 23, "h": 22, "y": 2013, "x": 1262, "structure_id": "Tr_251"}, {"parent_TextBlock": "Tb_23", "text": "deciding", "parent_Field": null, "parent_Choice_Field": null, "parent_ChoiceGroup": null, "w": 82, "h": 22, "y": 2013, "x": 1285, "structure_id": "Tr_252"}, {"parent_TextBlock": "Tb_23", "text": "your", "parent_Field": null, "parent_Choice_Field": null, "parent_ChoiceGroup": null, "w": 47, "h": 22, "y": 2013, "x": 1367, "structure_id": "Tr_253"}, {"parent_TextBlock": "Tb_23", "text": "claim.", "parent_Field": null, "parent_Choice_Field": null, "parent_ChoiceGroup": null, "w": 60, "h": 22, "y": 2013, "x": 1414, "structure_id": "Tr_254"}, {"parent_TextBlock": "Tb_23", "text": "Other", "parent_Field": null, "parent_Choice_Field": null, "parent_ChoiceGroup": null, "w": 57, "h": 22, "y": 2013, "x": 1480, "structure_id": "Tr_255"}, {"parent_TextBlock": "Tb_23", "text": "sources", "parent_Field": null, "parent_Choice_Field": null, "parent_ChoiceGroup": null, "w": 72, "h": 22, "y": 2013, "x": 1537, "structure_id": "Tr_256"}, {"parent_TextBlock": "Tb_23", "text": "of", "parent_Field": null, "parent_Choice_Field": null, "parent_ChoiceGroup": null, "w": 19, "h": 22, "y": 2013, "x": 1609, "structure_id": "Tr_257"}, {"parent_TextBlock": "Tb_23", "text": "information also include personal diaries or journals.", "parent_Field": null, "parent_Choice_Field": null, "parent_ChoiceGroup": null, "w": 470, "h": 22, "y": 2035, "x": 72, "structure_id": "Tr_258"}, {"parent_TextBlock": "Tb_24", "text": "8E. DESCRIPTION OF THE INCIDENT", "parent_Field": "Fi_10", "parent_Choice_Field": null, "parent_ChoiceGroup": null, "w": 341, "h": 20, "y": 1652, "x": 64, "structure_id": "Tr_259"}, {"parent_TextBlock": "Tb_25", "text": "8A. DATE", "parent_Field": "Fi_11", "parent_Choice_Field": null, "parent_ChoiceGroup": null, "w": 92, "h": 19, "y": 994, "x": 63, "structure_id": "Tr_260"}, {"parent_TextBlock": "Tb_25", "text": "FIRST", "parent_Field": "Fi_11", "parent_Choice_Field": null, "parent_ChoiceGroup": null, "w": 56, "h": 19, "y": 994, "x": 155, "structure_id": "Tr_261"}, {"parent_TextBlock": "Tb_25", "text": "INCIDENT OCCURRED", "parent_Field": "Fi_11", "parent_Choice_Field": null, "parent_ChoiceGroup": null, "w": 215, "h": 19, "y": 994, "x": 211, "structure_id": "Tr_262"}, {"parent_TextBlock": "Tb_25", "text": "(MM/DD/YYYY)", "parent_Field": "Fi_11", "parent_Choice_Field": null, "parent_ChoiceGroup": null, "w": 127, "h": 19, "y": 994, "x": 431, "structure_id": "Tr_263"}, {"parent_TextBlock": "Tb_26", "text": "Month", "parent_Field": "Fi_11", "parent_Choice_Field": null, "parent_ChoiceGroup": null, "w": 54, "h": 20, "y": 1035, "x": 99, "structure_id": "Tr_264"}, {"parent_TextBlock": "Tb_27", "text": "Day", "parent_Field": "Fi_11", "parent_Choice_Field": null, "parent_ChoiceGroup": null, "w": 34, "h": 20, "y": 1035, "x": 252, "structure_id": "Tr_265"}, {"parent_TextBlock": "Tb_28", "text": "Year", "parent_Field": "Fi_11", "parent_Choice_Field": null, "parent_ChoiceGroup": null, "w": 41, "h": 20, "y": 1035, "x": 433, "structure_id": "Tr_266"}, {"parent_TextBlock": "Tb_29", "text": "FROM:", "parent_Field": "Fi_12", "parent_Choice_Field": null, "parent_ChoiceGroup": null, "w": 64, "h": 20, "y": 1030, "x": 568, "structure_id": "Tr_267"}, {"parent_TextBlock": "Tb_30", "text": "Month", "parent_Field": "Fi_12", "parent_Choice_Field": null, "parent_ChoiceGroup": null, "w": 54, "h": 19, "y": 1029, "x": 677, "structure_id": "Tr_268"}, {"parent_TextBlock": "Tb_31", "text": "Day", "parent_Field": "Fi_12", "parent_Choice_Field": null, "parent_ChoiceGroup": null, "w": 34, "h": 19, "y": 1029, "x": 816, "structure_id": "Tr_269"}, {"parent_TextBlock": "Tb_32", "text": "Year", "parent_Field": "Fi_12", "parent_Choice_Field": null, "parent_ChoiceGroup": null, "w": 42, "h": 19, "y": 1029, "x": 992, "structure_id": "Tr_270"}, {"parent_TextBlock": "Tb_33", "text": "TO:", "parent_Field": "Fi_13", "parent_Choice_Field": null, "parent_ChoiceGroup": null, "w": 33, "h": 20, "y": 1030, "x": 1124, "structure_id": "Tr_271"}, {"parent_TextBlock": "Tb_34", "text": "Month", "parent_Field": "Fi_13", "parent_Choice_Field": null, "parent_ChoiceGroup": null, "w": 54, "h": 19, "y": 1029, "x": 1198, "structure_id": "Tr_272"}, {"parent_TextBlock": "Tb_35", "text": "Day", "parent_Field": "Fi_13", "parent_Choice_Field": null, "parent_ChoiceGroup": null, "w": 35, "h": 19, "y": 1029, "x": 1340, "structure_id": "Tr_273"}, {"parent_TextBlock": "Tb_36", "text": "Year", "parent_Field": "Fi_13", "parent_Choice_Field": null, "parent_ChoiceGroup": null, "w": 41, "h": 19, "y": 1029, "x": 1512, "structure_id": "Tr_274"}, {"parent_TextBlock": "Tb_37", "text": "8C. LOCATION OF INCIDENT", "parent_Field": "Fi_14", "parent_Choice_Field": null, "parent_ChoiceGroup": null, "w": 259, "h": 19, "y": 1128, "x": 64, "structure_id": "Tr_275"}, {"parent_TextBlock": "Tb_37", "text": "(City, State, Country, Province, landmark or military installation)", "parent_Field": "Fi_14", "parent_Choice_Field": null, "parent_ChoiceGroup": null, "w": 503, "h": 19, "y": 1128, "x": 328, "structure_id": "Tr_276"}, {"parent_TextBlock": "Tb_38", "text": "8D. UNIT ASSIGNMENT DURING INCIDENT", "parent_Field": "Fi_15", "parent_Choice_Field": null, "parent_ChoiceGroup": null, "w": 400, "h": 19, "y": 1389, "x": 64, "structure_id": "Tr_277"}, {"parent_TextBlock": "Tb_38", "text": "(Such as, DIVISION, WING, BATTALION, CAVALRY, SHIP)", "parent_Field": "Fi_15", "parent_Choice_Field": null, "parent_ChoiceGroup": null, "w": 479, "h": 20, "y": 1389, "x": 464, "structure_id": "Tr_278"}, {"parent_TextBlock": "Tb_39", "text": "VA FORM", "parent_Field": null, "parent_Choice_Field": null, "parent_ChoiceGroup": null, "w": 94, "h": 20, "y": 2073, "x": 57, "structure_id": "Tr_279"}, {"parent_TextBlock": "Tb_39", "text": "JUL 2017", "parent_Field": null, "parent_Choice_Field": null, "parent_ChoiceGroup": null, "w": 83, "h": 20, "y": 2096, "x": 57, "structure_id": "Tr_280"}, {"parent_TextBlock": "Tb_40", "text": "PAGE 1", "parent_Field": null, "parent_Choice_Field": null, "parent_ChoiceGroup": null, "w": 80, "h": 23, "y": 2083, "x": 1562, "structure_id": "Tr_281"}, {"parent_TextBlock": "Tb_41", "text": "STATEMENT IN SUPPORT OF CLAIM FOR SERVICE CONNECTION FOR POST-", "parent_Field": null, "parent_Choice_Field": null, "parent_ChoiceGroup": null, "w": 1039, "h": 28, "y": 210, "x": 141, "structure_id": "Tr_282"}, {"parent_TextBlock": "Tb_41", "text": "TRAUMATIC STRESS DISORDER (PTSD) SECONDARY TO PERSONAL ASSAULT", "parent_Field": null, "parent_Choice_Field": null, "parent_ChoiceGroup": null, "w": 1071, "h": 28, "y": 243, "x": 125, "structure_id": "Tr_283"}], "ChoiceGroup": []}