{"Widget": [{"parent_Field": "Fi_1", "parent_Choice_Field": null, "parent_ChoiceGroup": null, "w": 140.50236220472442, "h": 46.83307086614173, "y": 66.51968503937007, "x": 509.9692913385827, "structure_id": "Wi_1"}, {"parent_Field": "Fi_1", "parent_Choice_Field": null, "parent_ChoiceGroup": null, "w": 88.94488188976378, "h": 46.83307086614173, "y": 66.51968503937007, "x": 700.3141732283465, "structure_id": "Wi_2"}, {"parent_Field": "Fi_1", "parent_Choice_Field": null, "parent_ChoiceGroup": null, "w": 188.88031496062993, "h": 46.83307086614173, "y": 66.51968503937007, "x": 842.5748031496063, "structure_id": "Wi_3"}, {"parent_Field": "Fi_2", "parent_Choice_Field": null, "parent_ChoiceGroup": null, "w": 1498.5196850393702, "h": 325.4889763779528, "y": 220.46377952755907, "x": 100.45826771653543, "structure_id": "Wi_4"}, {"parent_Field": null, "parent_Choice_Field": "Chf_1", "parent_ChoiceGroup": "Chgp_1", "w": 25, "h": 25, "y": 189.85511811023625, "x": 107.30551181102362, "structure_id": "Wi_5"}, {"parent_Field": null, "parent_Choice_Field": "Chf_2", "parent_ChoiceGroup": "Chgp_1", "w": 25, "h": 25, "y": 188.51653543307086, "x": 223.9748031496063, "structure_id": "Wi_6"}, {"parent_Field": "Fi_3", "parent_Choice_Field": null, "parent_ChoiceGroup": null, "w": 1498.3999999999999, "h": 531.8330708661417, "y": 618.1724409448819, "x": 101.6, "structure_id": "Wi_7"}, {"parent_Field": "Fi_4", "parent_Choice_Field": null, "parent_ChoiceGroup": null, "w": 455.55826771653545, "h": 33.33070866141732, "y": 1416.6692913385828, "x": 594.4417322834645, "structure_id": "Wi_8"}, {"parent_Field": "Fi_5", "parent_Choice_Field": null, "parent_ChoiceGroup": null, "w": 450.0251968503937, "h": 33.33070866141732, "y": 1516.6692913385828, "x": 716.6692913385828, "structure_id": "Wi_9"}, {"parent_Field": "Fi_6", "parent_Choice_Field": null, "parent_ChoiceGroup": null, "w": 205.55826771653543, "h": 33.33070866141732, "y": 1316.6692913385825, "x": 1327.78031496063, "structure_id": "Wi_10"}, {"parent_Field": "Fi_7", "parent_Choice_Field": null, "parent_ChoiceGroup": null, "w": 494.43858267716536, "h": 61.11417322834646, "y": 1383.3385826771655, "x": 1105.5614173228346, "structure_id": "Wi_11"}, {"parent_Field": "Fi_8", "parent_Choice_Field": null, "parent_ChoiceGroup": null, "w": 605.5582677165355, "h": 33.33070866141732, "y": 1316.6692913385825, "x": 694.4417322834646, "structure_id": "Wi_12"}, {"parent_Field": "Fi_9", "parent_Choice_Field": null, "parent_ChoiceGroup": null, "w": 569.5669291338583, "h": 33.33070866141732, "y": 1316.6692913385825, "x": 97.10236220472441, "structure_id": "Wi_13"}, {"parent_Field": "Fi_10", "parent_Choice_Field": null, "parent_ChoiceGroup": null, "w": 468.4251968503937, "h": 61.11417322834646, "y": 1383.3307086614172, "x": 98.24409448818898, "structure_id": "Wi_14"}], "TextBlock": [{"parent_Field": "Fi_1", "parent_Choice_Field": null, "parent_ChoiceGroup": null, "w": 416, "h": 20, "y": 93, "x": 85, "structure_id": "Tb_1"}, {"parent_Field": null, "parent_Choice_Field": null, "parent_ChoiceGroup": null, "w": 296, "h": 19, "y": 2124, "x": 83, "structure_id": "Tb_2"}, {"parent_Field": null, "parent_Choice_Field": null, "parent_ChoiceGroup": null, "w": 71, "h": 22, "y": 2122, "x": 1546, "structure_id": "Tb_3"}, {"parent_Field": null, "parent_Choice_Field": null, "parent_ChoiceGroup": null, "w": 388, "h": 23, "y": 127, "x": 658, "structure_id": "Tb_4"}, {"parent_Field": "Fi_2", "parent_Choice_Field": null, "parent_ChoiceGroup": null, "w": 1146, "h": 22, "y": 193, "x": 316, "structure_id": "Tb_5"}, {"parent_Field": null, "parent_Choice_Field": null, "parent_ChoiceGroup": "Chgp_1", "w": 1134, "h": 19, "y": 161, "x": 98, "structure_id": "Tb_6"}, {"parent_Field": null, "parent_Choice_Field": "Chf_1", "parent_ChoiceGroup": "Chgp_1", "w": 39, "h": 20, "y": 194, "x": 149, "structure_id": "Tb_7"}, {"parent_Field": null, "parent_Choice_Field": "Chf_2", "parent_ChoiceGroup": "Chgp_1", "w": 29, "h": 20, "y": 194, "x": 266, "structure_id": "Tb_8"}, {"parent_Field": null, "parent_Choice_Field": null, "parent_ChoiceGroup": null, "w": 271, "h": 22, "y": 557, "x": 714, "structure_id": "Tb_9"}, {"parent_Field": "Fi_3", "parent_Choice_Field": null, "parent_ChoiceGroup": null, "w": 190, "h": 22, "y": 589, "x": 97, "structure_id": "Tb_10"}, {"parent_Field": null, "parent_Choice_Field": null, "parent_ChoiceGroup": null, "w": 656, "h": 22, "y": 1174, "x": 522, "structure_id": "Tb_11"}, {"parent_Field": "Fi_4", "parent_Choice_Field": null, "parent_ChoiceGroup": null, "w": 493, "h": 19, "y": 1357, "x": 594, "structure_id": "Tb_12"}, {"parent_Field": null, "parent_Choice_Field": null, "parent_ChoiceGroup": null, "w": 1409, "h": 22, "y": 1464, "x": 94, "structure_id": "Tb_13"}, {"parent_Field": "Fi_5", "parent_Choice_Field": null, "parent_ChoiceGroup": null, "w": 615, "h": 25, "y": 1521, "x": 94, "structure_id": "Tb_14"}, {"parent_Field": "Fi_5", "parent_Choice_Field": null, "parent_ChoiceGroup": null, "w": 237, "h": 19, "y": 1557, "x": 823, "structure_id": "Tb_15"}, {"parent_Field": null, "parent_Choice_Field": null, "parent_ChoiceGroup": null, "w": 1206, "h": 25, "y": 1213, "x": 94, "structure_id": "Tb_16"}, {"parent_Field": "Fi_6", "parent_Choice_Field": null, "parent_ChoiceGroup": null, "w": 167, "h": 19, "y": 1257, "x": 1328, "structure_id": "Tb_17"}, {"parent_Field": null, "parent_Choice_Field": null, "parent_ChoiceGroup": null, "w": 1328, "h": 22, "y": 1614, "x": 94, "structure_id": "Tb_18"}, {"parent_Field": "Fi_7", "parent_Choice_Field": null, "parent_ChoiceGroup": null, "w": 254, "h": 19, "y": 1358, "x": 1106, "structure_id": "Tb_19"}, {"parent_Field": "Fi_8", "parent_Choice_Field": null, "parent_ChoiceGroup": null, "w": 309, "h": 19, "y": 1257, "x": 694, "structure_id": "Tb_20"}, {"parent_Field": "Fi_9", "parent_Choice_Field": null, "parent_ChoiceGroup": null, "w": 275, "h": 19, "y": 1257, "x": 94, "structure_id": "Tb_21"}, {"parent_Field": "Fi_10", "parent_Choice_Field": null, "parent_ChoiceGroup": null, "w": 411, "h": 19, "y": 1357, "x": 94, "structure_id": "Tb_22"}, {"parent_Field": null, "parent_Choice_Field": null, "parent_ChoiceGroup": null, "w": 1506, "h": 262, "y": 1664, "x": 94, "structure_id": "Tb_23"}, {"parent_Field": null, "parent_Choice_Field": null, "parent_ChoiceGroup": null, "w": 1506, "h": 129, "y": 1957, "x": 94, "structure_id": "Tb_24"}], "Choice_Field": [{"y": 189.85511811023625, "x": 107.30551181102362, "structure_id": "Chf_1", "w": 80.69448818897638, "h": 25}, {"y": 188.51653543307086, "x": 223.9748031496063, "structure_id": "Chf_2", "w": 71.02519685039371, "h": 25.483464566929143}], "Field": [{"y": 66.51968503937007, "x": 85, "structure_id": "Fi_1", "w": 946.4551181102363, "h": 46.833070866141725}, {"y": 193, "x": 100.45826771653543, "structure_id": "Fi_2", "w": 1498.5196850393702, "h": 352.9527559055118}, {"y": 589, "x": 97, "structure_id": "Fi_3", "w": 1502.9999999999998, "h": 561.0055118110236}, {"y": 1357, "x": 594, "structure_id": "Fi_4", "w": 493, "h": 93}, {"y": 1516.6692913385828, "x": 94, "structure_id": "Fi_5", "w": 1072.6944881889765, "h": 59.33070866141725}, {"y": 1257, "x": 1327.78031496063, "structure_id": "Fi_6", "w": 205.5582677165355, "h": 92.99999999999977}, {"y": 1358, "x": 1105.5614173228346, "structure_id": "Fi_7", "w": 494.4385826771654, "h": 86.45275590551205}, {"y": 1257, "x": 694, "structure_id": "Fi_8", "w": 606, "h": 92.99999999999977}, {"y": 1257, "x": 94, "structure_id": "Fi_9", "w": 572.6692913385826, "h": 92.99999999999977}, {"y": 1357, "x": 94, "structure_id": "Fi_10", "w": 472.66929133858275, "h": 87.44488188976379}], "TextRun": [{"parent_TextBlock": "Tb_1", "text": "PATIENT/VETERAN'S SOCIAL SECURITY NO.", "parent_Field": "Fi_1", "parent_Choice_Field": null, "parent_ChoiceGroup": null, "w": 416, "h": 20, "y": 93, "x": 85, "structure_id": "Tr_1"}, {"parent_TextBlock": "Tb_2", "text": "VA\u00c2\u00a0FORM 21-0960G-2, SEP 2016", "parent_Field": null, "parent_Choice_Field": null, "parent_ChoiceGroup": null, "w": 296, "h": 19, "y": 2124, "x": 83, "structure_id": "Tr_2"}, {"parent_TextBlock": "Tb_3", "text": "Page 4", "parent_Field": null, "parent_Choice_Field": null, "parent_ChoiceGroup": null, "w": 71, "h": 22, "y": 2122, "x": 1546, "structure_id": "Tr_3"}, {"parent_TextBlock": "Tb_4", "text": "SECTION VII - FUNCTIONAL IMPACT", "parent_Field": null, "parent_Choice_Field": null, "parent_ChoiceGroup": null, "w": 388, "h": 23, "y": 127, "x": 658, "structure_id": "Tr_4"}, {"parent_TextBlock": "Tb_5", "text": "(If \"Yes,\" describe the impact of each of the veteran's gallbladder and/or pancreas conditions, providing one or more examples):", "parent_Field": "Fi_2", "parent_Choice_Field": null, "parent_ChoiceGroup": null, "w": 1146, "h": 22, "y": 193, "x": 316, "structure_id": "Tr_5"}, {"parent_TextBlock": "Tb_6", "text": "7. DOES THE VETERAN'S GALLBLADDER AND/OR PANCREAS CONDITION(S) IMPACT ON HIS OR HER ABILITY TO WORK?", "parent_Field": null, "parent_Choice_Field": null, "parent_ChoiceGroup": "Chgp_1", "w": 1134, "h": 19, "y": 161, "x": 98, "structure_id": "Tr_6"}, {"parent_TextBlock": "Tb_7", "text": "YES", "parent_Field": null, "parent_Choice_Field": "Chf_1", "parent_ChoiceGroup": "Chgp_1", "w": 39, "h": 20, "y": 194, "x": 149, "structure_id": "Tr_7"}, {"parent_TextBlock": "Tb_8", "text": "NO", "parent_Field": null, "parent_Choice_Field": "Chf_2", "parent_ChoiceGroup": "Chgp_1", "w": 29, "h": 20, "y": 194, "x": 266, "structure_id": "Tr_8"}, {"parent_TextBlock": "Tb_9", "text": "SECTION VIII - REMARKS", "parent_Field": null, "parent_Choice_Field": null, "parent_ChoiceGroup": null, "w": 271, "h": 22, "y": 557, "x": 714, "structure_id": "Tr_9"}, {"parent_TextBlock": "Tb_10", "text": "8. REMARKS", "parent_Field": "Fi_3", "parent_Choice_Field": null, "parent_ChoiceGroup": null, "w": 124, "h": 19, "y": 591, "x": 97, "structure_id": "Tr_10"}, {"parent_TextBlock": "Tb_10", "text": "(If any)", "parent_Field": "Fi_3", "parent_Choice_Field": null, "parent_ChoiceGroup": null, "w": 66, "h": 22, "y": 589, "x": 221, "structure_id": "Tr_11"}, {"parent_TextBlock": "Tb_11", "text": "SECTION IX - PHYSICIAN'S CERTIFICATION AND SIGNATURE", "parent_Field": null, "parent_Choice_Field": null, "parent_ChoiceGroup": null, "w": 656, "h": 22, "y": 1174, "x": 522, "structure_id": "Tr_12"}, {"parent_TextBlock": "Tb_12", "text": "9E. NATIONAL PROVIDER IDENTIFIER (NPI) NUMBER", "parent_Field": "Fi_4", "parent_Choice_Field": null, "parent_ChoiceGroup": null, "w": 493, "h": 19, "y": 1357, "x": 594, "structure_id": "Tr_13"}, {"parent_TextBlock": "Tb_13", "text": "NOTE\u00c2\u00a0-", "parent_Field": null, "parent_Choice_Field": null, "parent_ChoiceGroup": null, "w": 76, "h": 22, "y": 1464, "x": 94, "structure_id": "Tr_14"}, {"parent_TextBlock": "Tb_13", "text": "VA may request additional medical information, including additional examinations if necessary to complete VA's review of the veteran's application.", "parent_Field": null, "parent_Choice_Field": null, "parent_ChoiceGroup": null, "w": 1333, "h": 22, "y": 1464, "x": 170, "structure_id": "Tr_15"}, {"parent_TextBlock": "Tb_14", "text": "IMPORTANT\u00c2\u00a0-", "parent_Field": "Fi_5", "parent_Choice_Field": null, "parent_ChoiceGroup": null, "w": 171, "h": 25, "y": 1521, "x": 94, "structure_id": "Tr_16"}, {"parent_TextBlock": "Tb_14", "text": "Physician please fax the completed form to", "parent_Field": "Fi_5", "parent_Choice_Field": null, "parent_ChoiceGroup": null, "w": 444, "h": 25, "y": 1521, "x": 265, "structure_id": "Tr_17"}, {"parent_TextBlock": "Tb_15", "text": "(VA Regional Office FAX No.)", "parent_Field": "Fi_5", "parent_Choice_Field": null, "parent_ChoiceGroup": null, "w": 237, "h": 19, "y": 1557, "x": 823, "structure_id": "Tr_18"}, {"parent_TextBlock": "Tb_16", "text": "CERTIFICATION -", "parent_Field": null, "parent_Choice_Field": null, "parent_ChoiceGroup": null, "w": 225, "h": 25, "y": 1213, "x": 94, "structure_id": "Tr_19"}, {"parent_TextBlock": "Tb_16", "text": "To the best of my knowledge, the information contained herein is accurate, complete and current.\u00c2\u00a0", "parent_Field": null, "parent_Choice_Field": null, "parent_ChoiceGroup": null, "w": 981, "h": 25, "y": 1213, "x": 319, "structure_id": "Tr_20"}, {"parent_TextBlock": "Tb_17", "text": "9C. DATE SIGNED", "parent_Field": "Fi_6", "parent_Choice_Field": null, "parent_ChoiceGroup": null, "w": 167, "h": 19, "y": 1257, "x": 1328, "structure_id": "Tr_21"}, {"parent_TextBlock": "Tb_18", "text": "NOTE -", "parent_Field": null, "parent_Choice_Field": null, "parent_ChoiceGroup": null, "w": 76, "h": 22, "y": 1614, "x": 94, "structure_id": "Tr_22"}, {"parent_TextBlock": "Tb_18", "text": "A list of VA Regional Office FAX Numbers can be found at\u00c2\u00a0", "parent_Field": null, "parent_Choice_Field": null, "parent_ChoiceGroup": null, "w": 549, "h": 22, "y": 1614, "x": 170, "structure_id": "Tr_23"}, {"parent_TextBlock": "Tb_18", "text": "www.benefits.va.gov/disabilityexams", "parent_Field": null, "parent_Choice_Field": null, "parent_ChoiceGroup": null, "w": 348, "h": 22, "y": 1614, "x": 719, "structure_id": "Tr_24"}, {"parent_TextBlock": "Tb_18", "text": "\u00c2\u00a0or obtained by calling 1-800-827-1000.", "parent_Field": null, "parent_Choice_Field": null, "parent_ChoiceGroup": null, "w": 355, "h": 22, "y": 1614, "x": 1067, "structure_id": "Tr_25"}, {"parent_TextBlock": "Tb_19", "text": "9F. PHYSICIAN'S ADDRESS", "parent_Field": "Fi_7", "parent_Choice_Field": null, "parent_ChoiceGroup": null, "w": 254, "h": 19, "y": 1358, "x": 1106, "structure_id": "Tr_26"}, {"parent_TextBlock": "Tb_20", "text": "9B. PHYSICIAN'S PRINTED NAME", "parent_Field": "Fi_8", "parent_Choice_Field": null, "parent_ChoiceGroup": null, "w": 309, "h": 19, "y": 1257, "x": 694, "structure_id": "Tr_27"}, {"parent_TextBlock": "Tb_21", "text": "9A. PHYSICIAN'S SIGNATURE", "parent_Field": "Fi_9", "parent_Choice_Field": null, "parent_ChoiceGroup": null, "w": 275, "h": 19, "y": 1257, "x": 94, "structure_id": "Tr_28"}, {"parent_TextBlock": "Tb_22", "text": "9D. PHYSICIAN'S PHONE AND FAX NUMBER", "parent_Field": "Fi_10", "parent_Choice_Field": null, "parent_ChoiceGroup": null, "w": 411, "h": 19, "y": 1357, "x": 94, "structure_id": "Tr_29"}, {"parent_TextBlock": "Tb_23", "text": "PRIVACY  ACT  NOTICE: \u00c2 \u00a0VA  will  not  disclose informati on\u00c2\u00a0collected on  this  form  to  any  source  other  than  what  has  been  authorized  under  the  Privacy  Act  of  1974  or", "parent_Field": null, "parent_Choice_Field": null, "parent_ChoiceGroup": null, "w": 1506, "h": 22, "y": 1664, "x": 94, "structure_id": "Tr_30"}, {"parent_TextBlock": "Tb_23", "text": "Title  38,  Code  of  Federal  Regulations  1.576  for  routine  uses  (i.e.,  civil  or  criminal  law  enforcement,  congressional  communications,  epidemiological  or  research  studies,", "parent_Field": null, "parent_Choice_Field": null, "parent_ChoiceGroup": null, "w": 1506, "h": 22, "y": 1691, "x": 94, "structure_id": "Tr_31"}, {"parent_TextBlock": "Tb_23", "text": "the  collection  of  money  owed  to  the  United  States,  litigation  in  which  the  United  States  is  party  or  has  an  interest,  the  administration  of  VA  programs  and  delivery  of", "parent_Field": null, "parent_Choice_Field": null, "parent_ChoiceGroup": null, "w": 1506, "h": 22, "y": 1717, "x": 94, "structure_id": "Tr_32"}, {"parent_TextBlock": "Tb_23", "text": "VA  benefits,  verification  of  identity  and  status,  and  personnel  administration)  as  identified  in  the  VA  system  of  records,  58VA21/22/28,  Compensation,  Pension,", "parent_Field": null, "parent_Choice_Field": null, "parent_ChoiceGroup": null, "w": 1506, "h": 22, "y": 1744, "x": 94, "structure_id": "Tr_33"}, {"parent_TextBlock": "Tb_23", "text": "Education  and  Vocational  Rehabilitation  and  Employment  Records  VA,  published  in  the  Federal  Register.  Your  obligation  to  respond  is  voluntary.  VA  uses  your  SSN", "parent_Field": null, "parent_Choice_Field": null, "parent_ChoiceGroup": null, "w": 1506, "h": 22, "y": 1771, "x": 94, "structure_id": "Tr_34"}, {"parent_TextBlock": "Tb_23", "text": "to  identify  your  claim  file.  Providing  your  SSN  will  help  ensure  that  your  records  are  properly  associated  with  your  claim  file.  Giving  us  your  SSN  account  information", "parent_Field": null, "parent_Choice_Field": null, "parent_ChoiceGroup": null, "w": 1506, "h": 22, "y": 1797, "x": 94, "structure_id": "Tr_35"}, {"parent_TextBlock": "Tb_23", "text": "is  voluntary.  Refusal  to  provide  your  SSN  by  itself  will  not  result  in  the  denial  of  benefits.  VA  will  not  deny  an  individual  benefits  for  refusing  to  provide  his  or  her  SSN", "parent_Field": null, "parent_Choice_Field": null, "parent_ChoiceGroup": null, "w": 1506, "h": 22, "y": 1824, "x": 94, "structure_id": "Tr_36"}, {"parent_TextBlock": "Tb_23", "text": "unless  the  disclosure  of  the  SSN  is  required  by  Federal  Statute  of  law  in  effect  prior  to  January  1,  1975,  and  still  in  effect.  The  requested  information  is  considered", "parent_Field": null, "parent_Choice_Field": null, "parent_ChoiceGroup": null, "w": 1506, "h": 22, "y": 1851, "x": 94, "structure_id": "Tr_37"}, {"parent_TextBlock": "Tb_23", "text": "relevant  and  necessary  to  determine  maximum  benefits  under  the  law.  The  responses  you  submit  are  considered  confidential  (38  U.S.C.  5701).  Information  submitted  is", "parent_Field": null, "parent_Choice_Field": null, "parent_ChoiceGroup": null, "w": 1506, "h": 22, "y": 1877, "x": 94, "structure_id": "Tr_38"}, {"parent_TextBlock": "Tb_23", "text": "subject to verification through computer matching programs with other agencies.", "parent_Field": null, "parent_Choice_Field": null, "parent_ChoiceGroup": null, "w": 731, "h": 22, "y": 1904, "x": 94, "structure_id": "Tr_39"}, {"parent_TextBlock": "Tb_24", "text": "RESPONDENT  BURDEN:  We  need  this  information  to  determine  entitlement  to  benefits  (38  U.S.C.  501).  Title  38,  United  States  Code,  allows  us  to  ask  for  this", "parent_Field": null, "parent_Choice_Field": null, "parent_ChoiceGroup": null, "w": 1506, "h": 22, "y": 1957, "x": 94, "structure_id": "Tr_40"}, {"parent_TextBlock": "Tb_24", "text": "information.  We  estimate  that  you  will  need  an  average  of  15  minutes  to  review  the  instructions,  find  the  information,  and  complete  form.  VA  cannot  conduct  or", "parent_Field": null, "parent_Choice_Field": null, "parent_ChoiceGroup": null, "w": 1506, "h": 22, "y": 1984, "x": 94, "structure_id": "Tr_41"}, {"parent_TextBlock": "Tb_24", "text": "sponsor  collection  of  information  unless  valid  OMB  control  number  is  displayed.  You  are  not  required  to  respond  to  collection  of  information  if  this  number  is  not", "parent_Field": null, "parent_Choice_Field": null, "parent_ChoiceGroup": null, "w": 1506, "h": 22, "y": 2011, "x": 94, "structure_id": "Tr_42"}, {"parent_TextBlock": "Tb_24", "text": "displayed.  Valid  OMB  control  numbers  can  be  located  on  the  OMB  Internet  Page at\u00c2\u00a0", "parent_Field": null, "parent_Choice_Field": null, "parent_ChoiceGroup": null, "w": 758, "h": 22, "y": 2037, "x": 94, "structure_id": "Tr_43"}, {"parent_TextBlock": "Tb_24", "text": "www.reginfo.gov/public/do/PRAMain", "parent_Field": null, "parent_Choice_Field": null, "parent_ChoiceGroup": null, "w": 358, "h": 22, "y": 2037, "x": 852, "structure_id": "Tr_44"}, {"parent_TextBlock": "Tb_24", "text": "If  desired,  you  can  call  1-800-827-1000  to", "parent_Field": null, "parent_Choice_Field": null, "parent_ChoiceGroup": null, "w": 379, "h": 22, "y": 2037, "x": 1221, "structure_id": "Tr_45"}, {"parent_TextBlock": "Tb_24", "text": "get information on where to send comments or suggestions about this form.", "parent_Field": null, "parent_Choice_Field": null, "parent_ChoiceGroup": null, "w": 672, "h": 22, "y": 2064, "x": 94, "structure_id": "Tr_46"}], "ChoiceGroup": [{"y": 154.03125, "x": 91, "structure_id": "Chgp_1", "w": 1515, "h": 394}]}