{"Widget": [{"parent_Field": "Fi_1", "parent_Choice_Field": null, "parent_ChoiceGroup": null, "w": 1506.2440944881891, "h": 1808.5582677165355, "y": 254.25275590551183, "x": 107.1968503937008, "structure_id": "Wi_1"}], "TextBlock": [{"parent_Field": "Fi_1", "parent_Choice_Field": null, "parent_ChoiceGroup": null, "w": 1383, "h": 54, "y": 203, "x": 102, "structure_id": "Tb_1"}, {"parent_Field": null, "parent_Choice_Field": null, "parent_ChoiceGroup": null, "w": 1150, "h": 30, "y": 130, "x": 287, "structure_id": "Tb_2"}, {"parent_Field": null, "parent_Choice_Field": null, "parent_ChoiceGroup": null, "w": 286, "h": 20, "y": 2104, "x": 100, "structure_id": "Tb_3"}, {"parent_Field": null, "parent_Choice_Field": null, "parent_ChoiceGroup": null, "w": 82, "h": 22, "y": 2109, "x": 1538, "structure_id": "Tb_4"}], "Choice_Field": [], "Field": [{"y": 203, "x": 102, "structure_id": "Fi_1", "w": 1511.44094488189, "h": 1859.8110236220473}], "TextRun": [{"parent_TextBlock": "Tb_1", "text": "(3)  Explain how the new assistive technology is specifically designed to promote the ability of eligible individuals to live more", "parent_Field": "Fi_1", "parent_Choice_Field": null, "parent_ChoiceGroup": null, "w": 1383, "h": 25, "y": 203, "x": 102, "structure_id": "Tr_1"}, {"parent_TextBlock": "Tb_1", "text": "independently:", "parent_Field": "Fi_1", "parent_Choice_Field": null, "parent_ChoiceGroup": null, "w": 204, "h": 25, "y": 232, "x": 102, "structure_id": "Tr_2"}, {"parent_TextBlock": "Tb_2", "text": "SCORING CRITERIA FOR SAH ASSISTIVE TECHNOLOGY GRANTS", "parent_Field": null, "parent_Choice_Field": null, "parent_ChoiceGroup": null, "w": 979, "h": 30, "y": 130, "x": 287, "structure_id": "Tr_3"}, {"parent_TextBlock": "Tb_2", "text": "(Continued)", "parent_Field": null, "parent_Choice_Field": null, "parent_ChoiceGroup": null, "w": 171, "h": 30, "y": 130, "x": 1266, "structure_id": "Tr_4"}, {"parent_TextBlock": "Tb_3", "text": "VA", "parent_Field": null, "parent_Choice_Field": null, "parent_ChoiceGroup": null, "w": 28, "h": 20, "y": 2104, "x": 100, "structure_id": "Tr_5"}, {"parent_TextBlock": "Tb_3", "text": "FORM 26-0967a, DEC 2015", "parent_Field": null, "parent_Choice_Field": null, "parent_ChoiceGroup": null, "w": 258, "h": 20, "y": 2104, "x": 128, "structure_id": "Tr_6"}, {"parent_TextBlock": "Tb_4", "text": "PAGE 3", "parent_Field": null, "parent_Choice_Field": null, "parent_ChoiceGroup": null, "w": 82, "h": 22, "y": 2109, "x": 1538, "structure_id": "Tr_7"}], "ChoiceGroup": []}