{"Widget": [{"parent_Field": "Fi_1", "parent_Choice_Field": null, "parent_ChoiceGroup": null, "w": 593.9834645669292, "h": 76.2275590551181, "y": 491.9692913385827, "x": 68.73858267716535, "structure_id": "Wi_1"}, {"parent_Field": "Fi_2", "parent_Choice_Field": null, "parent_ChoiceGroup": null, "w": 449.4889763779527, "h": 76.2275590551181, "y": 491.9692913385827, "x": 1183.51968503937, "structure_id": "Wi_2"}, {"parent_Field": "Fi_3", "parent_Choice_Field": null, "parent_ChoiceGroup": null, "w": 1095.6913385826772, "h": 47.8748031496063, "y": 214.48897637795278, "x": 68.73858267716535, "structure_id": "Wi_3"}, {"parent_Field": "Fi_4", "parent_Choice_Field": null, "parent_ChoiceGroup": null, "w": 418.1196850393701, "h": 47.8748031496063, "y": 416.8417322834646, "x": 68.73858267716535, "structure_id": "Wi_4"}, {"parent_Field": "Fi_5", "parent_Choice_Field": null, "parent_ChoiceGroup": null, "w": 418.1196850393701, "h": 47.8748031496063, "y": 214.48897637795278, "x": 1185.5669291338584, "structure_id": "Wi_5"}, {"parent_Field": "Fi_6", "parent_Choice_Field": null, "parent_ChoiceGroup": null, "w": 638.2055118110236, "h": 47.8748031496063, "y": 416.8417322834646, "x": 992.8582677165355, "structure_id": "Wi_6"}, {"parent_Field": "Fi_7", "parent_Choice_Field": null, "parent_ChoiceGroup": null, "w": 771.1330708661417, "h": 102.41653543307086, "y": 287.3220472440945, "x": 68.73858267716535, "structure_id": "Wi_7"}, {"parent_Field": "Fi_8", "parent_Choice_Field": null, "parent_ChoiceGroup": null, "w": 772.5496062992127, "h": 102.41653543307086, "y": 287.3220472440945, "x": 860.7385826771654, "structure_id": "Wi_8"}, {"parent_Field": "Fi_9", "parent_Choice_Field": null, "parent_ChoiceGroup": null, "w": 415.755905511811, "h": 47.8748031496063, "y": 416.8417322834646, "x": 551.9362204724409, "structure_id": "Wi_9"}, {"parent_Field": null, "parent_Choice_Field": "Chf_1", "parent_ChoiceGroup": "Chgp_1", "w": 25, "h": 25, "y": 499.2165354330709, "x": 685.6858267716535, "structure_id": "Wi_10"}, {"parent_Field": null, "parent_Choice_Field": "Chf_2", "parent_ChoiceGroup": "Chgp_1", "w": 25, "h": 25, "y": 537.3944881889764, "x": 685.6858267716535, "structure_id": "Wi_11"}, {"parent_Field": null, "parent_Choice_Field": "Chf_3", "parent_ChoiceGroup": "Chgp_1", "w": 25, "h": 25, "y": 499.2165354330709, "x": 956.592125984252, "structure_id": "Wi_12"}, {"parent_Field": null, "parent_Choice_Field": "Chf_4", "parent_ChoiceGroup": "Chgp_1", "w": 25, "h": 25, "y": 540.7669291338583, "x": 956.592125984252, "structure_id": "Wi_13"}, {"parent_Field": "Fi_10", "parent_Choice_Field": null, "parent_ChoiceGroup": null, "w": 418.1196850393701, "h": 47.8748031496063, "y": 758.5669291338583, "x": 1185.5669291338584, "structure_id": "Wi_14"}, {"parent_Field": "Fi_11", "parent_Choice_Field": null, "parent_ChoiceGroup": null, "w": 608.4330708661417, "h": 76.2275590551181, "y": 730.2141732283465, "x": 551.9362204724409, "structure_id": "Wi_15"}, {"parent_Field": "Fi_12", "parent_Choice_Field": null, "parent_ChoiceGroup": null, "w": 461.8275590551181, "h": 76.2275590551181, "y": 730.2141732283465, "x": 69.66929133858268, "structure_id": "Wi_16"}, {"parent_Field": null, "parent_Choice_Field": "Chf_5", "parent_ChoiceGroup": "Chgp_2", "w": 25, "h": 25, "y": 678.8307086614174, "x": 73.09448818897637, "structure_id": "Wi_17"}, {"parent_Field": null, "parent_Choice_Field": "Chf_6", "parent_ChoiceGroup": "Chgp_2", "w": 25, "h": 25, "y": 674.2141732283466, "x": 211.0251968503937, "structure_id": "Wi_18"}, {"parent_Field": null, "parent_Choice_Field": "Chf_7", "parent_ChoiceGroup": "Chgp_2", "w": 25, "h": 25, "y": 673.1999999999999, "x": 361.1669291338583, "structure_id": "Wi_19"}, {"parent_Field": null, "parent_Choice_Field": "Chf_8", "parent_ChoiceGroup": "Chgp_3", "w": 25, "h": 25, "y": 634.7448818897637, "x": 563.236220472441, "structure_id": "Wi_20"}, {"parent_Field": null, "parent_Choice_Field": "Chf_9", "parent_ChoiceGroup": "Chgp_3", "w": 25, "h": 25, "y": 673.1999999999999, "x": 563.772440944882, "structure_id": "Wi_21"}, {"parent_Field": null, "parent_Choice_Field": "Chf_10", "parent_ChoiceGroup": "Chgp_4", "w": 25, "h": 25, "y": 634.7448818897637, "x": 751.7165354330709, "structure_id": "Wi_22"}, {"parent_Field": null, "parent_Choice_Field": "Chf_11", "parent_ChoiceGroup": "Chgp_4", "w": 25, "h": 25, "y": 673.1999999999999, "x": 753.7086614173229, "structure_id": "Wi_23"}, {"parent_Field": null, "parent_Choice_Field": "Chf_12", "parent_ChoiceGroup": "Chgp_4", "w": 25, "h": 25, "y": 634.7448818897637, "x": 861.1330708661418, "structure_id": "Wi_24"}, {"parent_Field": null, "parent_Choice_Field": "Chf_13", "parent_ChoiceGroup": "Chgp_4", "w": 25, "h": 25, "y": 673.1999999999999, "x": 861.1330708661418, "structure_id": "Wi_25"}, {"parent_Field": null, "parent_Choice_Field": "Chf_14", "parent_ChoiceGroup": "Chgp_4", "w": 25, "h": 25, "y": 634.6637795275591, "x": 972.5496062992127, "structure_id": "Wi_26"}, {"parent_Field": null, "parent_Choice_Field": "Chf_15", "parent_ChoiceGroup": "Chgp_4", "w": 25, "h": 25, "y": 673.1999999999999, "x": 972.5496062992127, "structure_id": "Wi_27"}, {"parent_Field": null, "parent_Choice_Field": "Chf_15", "parent_ChoiceGroup": "Chgp_4", "w": 229.5496062992126, "h": 47.8748031496063, "y": 653.4251968503937, "x": 1090.3779527559057, "structure_id": "Wi_28"}, {"parent_Field": null, "parent_Choice_Field": "Chf_16", "parent_ChoiceGroup": "Chgp_5", "w": 25, "h": 25, "y": 673.1999999999999, "x": 1339.8196850393701, "structure_id": "Wi_29"}, {"parent_Field": null, "parent_Choice_Field": "Chf_17", "parent_ChoiceGroup": "Chgp_5", "w": 25, "h": 25, "y": 673.1999999999999, "x": 1455.5196850393702, "structure_id": "Wi_30"}, {"parent_Field": null, "parent_Choice_Field": "Chf_18", "parent_ChoiceGroup": "Chgp_6", "w": 25, "h": 25, "y": 880.8220472440945, "x": 71, "structure_id": "Wi_31"}, {"parent_Field": null, "parent_Choice_Field": "Chf_19", "parent_ChoiceGroup": "Chgp_6", "w": 25, "h": 25, "y": 880.8220472440945, "x": 192.7251968503937, "structure_id": "Wi_32"}, {"parent_Field": null, "parent_Choice_Field": "Chf_20", "parent_ChoiceGroup": "Chgp_7", "w": 25, "h": 25, "y": 880.8220472440945, "x": 570.2913385826772, "structure_id": "Wi_33"}, {"parent_Field": null, "parent_Choice_Field": "Chf_21", "parent_ChoiceGroup": "Chgp_7", "w": 25, "h": 25, "y": 880.8220472440945, "x": 692.0165354330709, "structure_id": "Wi_34"}, {"parent_Field": "Fi_13", "parent_Choice_Field": null, "parent_ChoiceGroup": null, "w": 115.73858267716535, "h": 47.8748031496063, "y": 981.472440944882, "x": 580.0724409448819, "structure_id": "Wi_35"}, {"parent_Field": "Fi_14", "parent_Choice_Field": null, "parent_ChoiceGroup": null, "w": 75.06377952755905, "h": 47.8748031496063, "y": 981.472440944882, "x": 495, "structure_id": "Wi_36"}, {"parent_Field": "Fi_15", "parent_Choice_Field": null, "parent_ChoiceGroup": null, "w": 377.3086614173228, "h": 47.8748031496063, "y": 981.472440944882, "x": 105.50629921259844, "structure_id": "Wi_37"}, {"parent_Field": "Fi_16", "parent_Choice_Field": null, "parent_ChoiceGroup": null, "w": 1556.283464566929, "h": 94.43307086614173, "y": 2017.9055118110236, "x": 73.85826771653544, "structure_id": "Wi_38"}], "TextBlock": [{"parent_Field": null, "parent_Choice_Field": null, "parent_ChoiceGroup": null, "w": 92, "h": 33, "y": 2136, "x": 167, "structure_id": "Tb_1"}, {"parent_Field": null, "parent_Choice_Field": null, "parent_ChoiceGroup": null, "w": 257, "h": 58, "y": 27, "x": 1379, "structure_id": "Tb_2"}, {"parent_Field": null, "parent_Choice_Field": null, "parent_ChoiceGroup": null, "w": 328, "h": 22, "y": 164, "x": 687, "structure_id": "Tb_3"}, {"parent_Field": "Fi_1", "parent_Choice_Field": null, "parent_ChoiceGroup": null, "w": 247, "h": 19, "y": 473, "x": 67, "structure_id": "Tb_4"}, {"parent_Field": "Fi_2", "parent_Choice_Field": null, "parent_ChoiceGroup": null, "w": 322, "h": 19, "y": 473, "x": 1181, "structure_id": "Tb_5"}, {"parent_Field": "Fi_3", "parent_Choice_Field": null, "parent_ChoiceGroup": null, "w": 209, "h": 20, "y": 195, "x": 67, "structure_id": "Tb_6"}, {"parent_Field": "Fi_4", "parent_Choice_Field": null, "parent_ChoiceGroup": null, "w": 332, "h": 19, "y": 398, "x": 67, "structure_id": "Tb_7"}, {"parent_Field": "Fi_5", "parent_Choice_Field": null, "parent_ChoiceGroup": null, "w": 384, "h": 20, "y": 195, "x": 1181, "structure_id": "Tb_8"}, {"parent_Field": "Fi_6", "parent_Choice_Field": null, "parent_ChoiceGroup": null, "w": 185, "h": 19, "y": 398, "x": 983, "structure_id": "Tb_9"}, {"parent_Field": "Fi_7", "parent_Choice_Field": null, "parent_ChoiceGroup": null, "w": 521, "h": 20, "y": 268, "x": 67, "structure_id": "Tb_10"}, {"parent_Field": "Fi_8", "parent_Choice_Field": null, "parent_ChoiceGroup": null, "w": 442, "h": 20, "y": 268, "x": 860, "structure_id": "Tb_11"}, {"parent_Field": "Fi_9", "parent_Choice_Field": null, "parent_ChoiceGroup": null, "w": 211, "h": 19, "y": 398, "x": 554, "structure_id": "Tb_12"}, {"parent_Field": null, "parent_Choice_Field": null, "parent_ChoiceGroup": "Chgp_1", "w": 339, "h": 19, "y": 473, "x": 686, "structure_id": "Tb_13"}, {"parent_Field": null, "parent_Choice_Field": "Chf_1", "parent_ChoiceGroup": "Chgp_1", "w": 107, "h": 19, "y": 502, "x": 724, "structure_id": "Tb_14"}, {"parent_Field": null, "parent_Choice_Field": "Chf_2", "parent_ChoiceGroup": "Chgp_1", "w": 197, "h": 20, "y": 540, "x": 724, "structure_id": "Tb_15"}, {"parent_Field": null, "parent_Choice_Field": "Chf_3", "parent_ChoiceGroup": "Chgp_1", "w": 108, "h": 19, "y": 502, "x": 995, "structure_id": "Tb_16"}, {"parent_Field": null, "parent_Choice_Field": "Chf_4", "parent_ChoiceGroup": "Chgp_1", "w": 68, "h": 19, "y": 544, "x": 995, "structure_id": "Tb_17"}, {"parent_Field": null, "parent_Choice_Field": null, "parent_ChoiceGroup": null, "w": 498, "h": 22, "y": 580, "x": 602, "structure_id": "Tb_18"}, {"parent_Field": "Fi_10", "parent_Choice_Field": null, "parent_ChoiceGroup": null, "w": 319, "h": 19, "y": 711, "x": 1181, "structure_id": "Tb_19"}, {"parent_Field": "Fi_11", "parent_Choice_Field": null, "parent_ChoiceGroup": null, "w": 206, "h": 19, "y": 711, "x": 554, "structure_id": "Tb_20"}, {"parent_Field": "Fi_12", "parent_Choice_Field": null, "parent_ChoiceGroup": null, "w": 201, "h": 19, "y": 711, "x": 69, "structure_id": "Tb_21"}, {"parent_Field": null, "parent_Choice_Field": null, "parent_ChoiceGroup": "Chgp_2", "w": 251, "h": 19, "y": 609, "x": 67, "structure_id": "Tb_22"}, {"parent_Field": null, "parent_Choice_Field": "Chf_5", "parent_ChoiceGroup": "Chgp_2", "w": 69, "h": 19, "y": 682, "x": 113, "structure_id": "Tb_23"}, {"parent_Field": null, "parent_Choice_Field": "Chf_6", "parent_ChoiceGroup": "Chgp_2", "w": 80, "h": 19, "y": 677, "x": 251, "structure_id": "Tb_24"}, {"parent_Field": null, "parent_Choice_Field": "Chf_7", "parent_ChoiceGroup": "Chgp_2", "w": 100, "h": 19, "y": 676, "x": 401, "structure_id": "Tb_25"}, {"parent_Field": null, "parent_Choice_Field": null, "parent_ChoiceGroup": "Chgp_3", "w": 158, "h": 19, "y": 609, "x": 553, "structure_id": "Tb_26"}, {"parent_Field": null, "parent_Choice_Field": "Chf_8", "parent_ChoiceGroup": "Chgp_3", "w": 99, "h": 19, "y": 638, "x": 603, "structure_id": "Tb_27"}, {"parent_Field": null, "parent_Choice_Field": "Chf_9", "parent_ChoiceGroup": "Chgp_3", "w": 105, "h": 19, "y": 676, "x": 603, "structure_id": "Tb_28"}, {"parent_Field": null, "parent_Choice_Field": null, "parent_ChoiceGroup": "Chgp_4", "w": 170, "h": 19, "y": 609, "x": 750, "structure_id": "Tb_29"}, {"parent_Field": null, "parent_Choice_Field": "Chf_10", "parent_ChoiceGroup": "Chgp_4", "w": 40, "h": 19, "y": 638, "x": 794, "structure_id": "Tb_30"}, {"parent_Field": null, "parent_Choice_Field": "Chf_11", "parent_ChoiceGroup": "Chgp_4", "w": 39, "h": 19, "y": 676, "x": 793, "structure_id": "Tb_31"}, {"parent_Field": null, "parent_Choice_Field": "Chf_12", "parent_ChoiceGroup": "Chgp_4", "w": 41, "h": 19, "y": 638, "x": 901, "structure_id": "Tb_32"}, {"parent_Field": null, "parent_Choice_Field": "Chf_13", "parent_ChoiceGroup": "Chgp_4", "w": 32, "h": 19, "y": 676, "x": 901, "structure_id": "Tb_33"}, {"parent_Field": null, "parent_Choice_Field": "Chf_14", "parent_ChoiceGroup": "Chgp_4", "w": 93, "h": 20, "y": 637, "x": 1012, "structure_id": "Tb_34"}, {"parent_Field": null, "parent_Choice_Field": "Chf_15", "parent_ChoiceGroup": "Chgp_4", "w": 68, "h": 19, "y": 676, "x": 1012, "structure_id": "Tb_35"}, {"parent_Field": null, "parent_Choice_Field": null, "parent_ChoiceGroup": "Chgp_5", "w": 293, "h": 19, "y": 609, "x": 1333, "structure_id": "Tb_36"}, {"parent_Field": null, "parent_Choice_Field": "Chf_16", "parent_ChoiceGroup": "Chgp_5", "w": 38, "h": 19, "y": 676, "x": 1380, "structure_id": "Tb_37"}, {"parent_Field": null, "parent_Choice_Field": "Chf_17", "parent_ChoiceGroup": "Chgp_5", "w": 29, "h": 19, "y": 676, "x": 1495, "structure_id": "Tb_38"}, {"parent_Field": null, "parent_Choice_Field": null, "parent_ChoiceGroup": null, "w": 418, "h": 22, "y": 823, "x": 642, "structure_id": "Tb_39"}, {"parent_Field": null, "parent_Choice_Field": null, "parent_ChoiceGroup": "Chgp_6", "w": 164, "h": 19, "y": 852, "x": 69, "structure_id": "Tb_40"}, {"parent_Field": null, "parent_Choice_Field": "Chf_18", "parent_ChoiceGroup": "Chgp_6", "w": 39, "h": 19, "y": 884, "x": 111, "structure_id": "Tb_41"}, {"parent_Field": null, "parent_Choice_Field": "Chf_19", "parent_ChoiceGroup": "Chgp_6", "w": 30, "h": 19, "y": 884, "x": 232, "structure_id": "Tb_42"}, {"parent_Field": null, "parent_Choice_Field": null, "parent_ChoiceGroup": "Chgp_7", "w": 341, "h": 19, "y": 852, "x": 554, "structure_id": "Tb_43"}, {"parent_Field": null, "parent_Choice_Field": "Chf_20", "parent_ChoiceGroup": "Chgp_7", "w": 39, "h": 19, "y": 884, "x": 610, "structure_id": "Tb_44"}, {"parent_Field": null, "parent_Choice_Field": "Chf_21", "parent_ChoiceGroup": "Chgp_7", "w": 29, "h": 19, "y": 884, "x": 732, "structure_id": "Tb_45"}, {"parent_Field": null, "parent_Choice_Field": null, "parent_ChoiceGroup": null, "w": 430, "h": 23, "y": 922, "x": 636, "structure_id": "Tb_46"}, {"parent_Field": null, "parent_Choice_Field": null, "parent_ChoiceGroup": null, "w": 1376, "h": 19, "y": 951, "x": 71, "structure_id": "Tb_47"}, {"parent_Field": "Fi_13", "parent_Choice_Field": null, "parent_ChoiceGroup": null, "w": 57, "h": 22, "y": 1030, "x": 609, "structure_id": "Tb_48"}, {"parent_Field": "Fi_14", "parent_Choice_Field": null, "parent_ChoiceGroup": null, "w": 52, "h": 22, "y": 1030, "x": 505, "structure_id": "Tb_49"}, {"parent_Field": "Fi_15", "parent_Choice_Field": null, "parent_ChoiceGroup": null, "w": 73, "h": 22, "y": 1030, "x": 257, "structure_id": "Tb_50"}, {"parent_Field": "Fi_15", "parent_Choice_Field": null, "parent_ChoiceGroup": null, "w": 30, "h": 41, "y": 986.03125, "x": 70, "structure_id": "Tb_51"}, {"parent_Field": null, "parent_Choice_Field": null, "parent_ChoiceGroup": null, "w": 460, "h": 22, "y": 1901, "x": 621, "structure_id": "Tb_52"}, {"parent_Field": null, "parent_Choice_Field": null, "parent_ChoiceGroup": null, "w": 1543, "h": 49, "y": 1933, "x": 71, "structure_id": "Tb_53"}, {"parent_Field": "Fi_16", "parent_Choice_Field": null, "parent_ChoiceGroup": null, "w": 1102, "h": 20, "y": 1992, "x": 69, "structure_id": "Tb_54"}, {"parent_Field": null, "parent_Choice_Field": null, "parent_ChoiceGroup": null, "w": 834, "h": 34, "y": 108, "x": 710, "structure_id": "Tb_55"}, {"parent_Field": null, "parent_Choice_Field": null, "parent_ChoiceGroup": null, "w": 90, "h": 43, "y": 2127, "x": 61, "structure_id": "Tb_56"}], "Choice_Field": [{"y": 499.2165354330709, "x": 685.6858267716535, "structure_id": "Chf_1", "w": 145.31417322834648, "h": 25.000000000000057}, {"y": 537.3944881889764, "x": 685.6858267716535, "structure_id": "Chf_2", "w": 235.31417322834648, "h": 25}, {"y": 499.2165354330709, "x": 956.592125984252, "structure_id": "Chf_3", "w": 146.407874015748, "h": 25.000000000000057}, {"y": 540.7669291338583, "x": 956.592125984252, "structure_id": "Chf_4", "w": 106.407874015748, "h": 25}, {"y": 678.8307086614174, "x": 73.09448818897637, "structure_id": "Chf_5", "w": 108.90551181102363, "h": 25}, {"y": 674.2141732283466, "x": 211.0251968503937, "structure_id": "Chf_6", "w": 119.97480314960629, "h": 25}, {"y": 673.1999999999999, "x": 361.1669291338583, "structure_id": "Chf_7", "w": 139.83307086614172, "h": 25}, {"y": 634.7448818897637, "x": 563.236220472441, "structure_id": "Chf_8", "w": 138.763779527559, "h": 25}, {"y": 673.1999999999999, "x": 563.772440944882, "structure_id": "Chf_9", "w": 144.22755905511804, "h": 25}, {"y": 634.7448818897637, "x": 751.7165354330709, "structure_id": "Chf_10", "w": 82.28346456692907, "h": 25}, {"y": 673.1999999999999, "x": 753.7086614173229, "structure_id": "Chf_11", "w": 78.2913385826771, "h": 25}, {"y": 634.7448818897637, "x": 861.1330708661418, "structure_id": "Chf_12", "w": 80.8669291338582, "h": 25}, {"y": 673.1999999999999, "x": 861.1330708661418, "structure_id": "Chf_13", "w": 71.8669291338582, "h": 25}, {"y": 634.6637795275591, "x": 972.5496062992127, "structure_id": "Chf_14", "w": 132.45039370078734, "h": 25}, {"y": 653.4251968503937, "x": 972.5496062992127, "structure_id": "Chf_15", "w": 347.37795275590565, "h": 47.87480314960635}, {"y": 673.1999999999999, "x": 1339.8196850393701, "structure_id": "Chf_16", "w": 78.18031496062986, "h": 25}, {"y": 673.1999999999999, "x": 1455.5196850393702, "structure_id": "Chf_17", "w": 68.48031496062981, "h": 25}, {"y": 880.8220472440945, "x": 71, "structure_id": "Chf_18", "w": 79, "h": 25}, {"y": 880.8220472440945, "x": 192.7251968503937, "structure_id": "Chf_19", "w": 69.2748031496063, "h": 25}, {"y": 880.8220472440945, "x": 570.2913385826772, "structure_id": "Chf_20", "w": 78.70866141732279, "h": 25}, {"y": 880.8220472440945, "x": 692.0165354330709, "structure_id": "Chf_21", "w": 68.98346456692911, "h": 25}], "Field": [{"y": 473, "x": 67, "structure_id": "Fi_1", "w": 595.7220472440946, "h": 95.19685039370086}, {"y": 473, "x": 1181, "structure_id": "Fi_2", "w": 452.0086614173226, "h": 95.19685039370086}, {"y": 195, "x": 67, "structure_id": "Fi_3", "w": 1097.4299212598426, "h": 67.36377952755907}, {"y": 398, "x": 67, "structure_id": "Fi_4", "w": 419.85826771653547, "h": 66.71653543307087}, {"y": 195, "x": 1181, "structure_id": "Fi_5", "w": 422.68661417322846, "h": 67.36377952755907}, {"y": 398, "x": 983, "structure_id": "Fi_6", "w": 648.0637795275591, "h": 66.71653543307087}, {"y": 268, "x": 67, "structure_id": "Fi_7", "w": 772.871653543307, "h": 121.73858267716537}, {"y": 268, "x": 860, "structure_id": "Fi_8", "w": 773.288188976378, "h": 121.73858267716537}, {"y": 398, "x": 551.9362204724409, "structure_id": "Fi_9", "w": 415.7559055118111, "h": 66.71653543307087}, {"y": 711, "x": 1181, "structure_id": "Fi_10", "w": 422.68661417322846, "h": 95.4417322834646}, {"y": 711, "x": 551.9362204724409, "structure_id": "Fi_11", "w": 608.4330708661416, "h": 95.4417322834646}, {"y": 711, "x": 69, "structure_id": "Fi_12", "w": 462.4968503937008, "h": 95.4417322834646}, {"y": 981.472440944882, "x": 580.0724409448819, "structure_id": "Fi_13", "w": 115.73858267716537, "h": 70.52755905511799}, {"y": 981.472440944882, "x": 495, "structure_id": "Fi_14", "w": 75.06377952755906, "h": 70.52755905511799}, {"y": 981.472440944882, "x": 70, "structure_id": "Fi_15", "w": 412.81496062992125, "h": 70.52755905511799}, {"y": 1992, "x": 69, "structure_id": "Fi_16", "w": 1561.1417322834645, "h": 120.3385826771655}], "TextRun": [{"parent_TextBlock": "Tb_1", "text": "10192", "parent_Field": null, "parent_Choice_Field": null, "parent_ChoiceGroup": null, "w": 92, "h": 33, "y": 2136, "x": 167, "structure_id": "Tr_1"}, {"parent_TextBlock": "Tb_2", "text": "OMB Approved No. 2900-0716", "parent_Field": null, "parent_Choice_Field": null, "parent_ChoiceGroup": null, "w": 254, "h": 19, "y": 27, "x": 1379, "structure_id": "Tr_2"}, {"parent_TextBlock": "Tb_2", "text": "Respondent Burden: 30 Minutes", "parent_Field": null, "parent_Choice_Field": null, "parent_ChoiceGroup": null, "w": 257, "h": 19, "y": 46, "x": 1379, "structure_id": "Tr_3"}, {"parent_TextBlock": "Tb_2", "text": "Expiration Date:  12/31/2019", "parent_Field": null, "parent_Choice_Field": null, "parent_ChoiceGroup": null, "w": 227, "h": 20, "y": 65, "x": 1379, "structure_id": "Tr_4"}, {"parent_TextBlock": "Tb_3", "text": "I.  REQUESTOR INFORMATION", "parent_Field": null, "parent_Choice_Field": null, "parent_ChoiceGroup": null, "w": 328, "h": 22, "y": 164, "x": 687, "structure_id": "Tr_5"}, {"parent_TextBlock": "Tb_4", "text": "8. POSITION TITLE/GRADE", "parent_Field": "Fi_1", "parent_Choice_Field": null, "parent_ChoiceGroup": null, "w": 247, "h": 19, "y": 473, "x": 67, "structure_id": "Tr_6"}, {"parent_TextBlock": "Tb_5", "text": "10. SERVICE/SECTION/MAIL CODE", "parent_Field": "Fi_2", "parent_Choice_Field": null, "parent_ChoiceGroup": null, "w": 322, "h": 19, "y": 473, "x": 1181, "structure_id": "Tr_7"}, {"parent_TextBlock": "Tb_6", "text": "1. NAME", "parent_Field": "Fi_3", "parent_Choice_Field": null, "parent_ChoiceGroup": null, "w": 83, "h": 20, "y": 195, "x": 67, "structure_id": "Tr_8"}, {"parent_TextBlock": "Tb_6", "text": "(Last, First, MI)", "parent_Field": "Fi_3", "parent_Choice_Field": null, "parent_ChoiceGroup": null, "w": 126, "h": 20, "y": 195, "x": 150, "structure_id": "Tr_9"}, {"parent_TextBlock": "Tb_7", "text": "5. BUSINESS TELEPHONE NUMBER", "parent_Field": "Fi_4", "parent_Choice_Field": null, "parent_ChoiceGroup": null, "w": 332, "h": 19, "y": 398, "x": 67, "structure_id": "Tr_10"}, {"parent_TextBlock": "Tb_8", "text": "2. BEST CONTACT TELEPHONE NUMBER", "parent_Field": "Fi_5", "parent_Choice_Field": null, "parent_ChoiceGroup": null, "w": 384, "h": 20, "y": 195, "x": 1181, "structure_id": "Tr_11"}, {"parent_TextBlock": "Tb_9", "text": "7. E-MAIL ADDRESS", "parent_Field": "Fi_6", "parent_Choice_Field": null, "parent_ChoiceGroup": null, "w": 185, "h": 19, "y": 398, "x": 983, "structure_id": "Tr_12"}, {"parent_TextBlock": "Tb_10", "text": "3. MAILING ADDRESS", "parent_Field": "Fi_7", "parent_Choice_Field": null, "parent_ChoiceGroup": null, "w": 206, "h": 20, "y": 268, "x": 67, "structure_id": "Tr_13"}, {"parent_TextBlock": "Tb_10", "text": "(Street or P.O. Box, City, State, Zip + 4)", "parent_Field": "Fi_7", "parent_Choice_Field": null, "parent_ChoiceGroup": null, "w": 315, "h": 19, "y": 269, "x": 273, "structure_id": "Tr_14"}, {"parent_TextBlock": "Tb_11", "text": "4. BUSINESS ADDRESS", "parent_Field": "Fi_8", "parent_Choice_Field": null, "parent_ChoiceGroup": null, "w": 225, "h": 20, "y": 268, "x": 860, "structure_id": "Tr_15"}, {"parent_TextBlock": "Tb_11", "text": "(Street, City, State, Zip + 4)", "parent_Field": "Fi_8", "parent_Choice_Field": null, "parent_ChoiceGroup": null, "w": 217, "h": 19, "y": 269, "x": 1085, "structure_id": "Tr_16"}, {"parent_TextBlock": "Tb_12", "text": "6. BEST TIME TO CALL", "parent_Field": "Fi_9", "parent_Choice_Field": null, "parent_ChoiceGroup": null, "w": 211, "h": 19, "y": 398, "x": 554, "structure_id": "Tr_17"}, {"parent_TextBlock": "Tb_13", "text": "9. EMPLOYMENT STATUS", "parent_Field": null, "parent_Choice_Field": null, "parent_ChoiceGroup": "Chgp_1", "w": 245, "h": 19, "y": 473, "x": 686, "structure_id": "Tr_18"}, {"parent_TextBlock": "Tb_13", "text": "(Check one)", "parent_Field": null, "parent_Choice_Field": null, "parent_ChoiceGroup": "Chgp_1", "w": 94, "h": 19, "y": 473, "x": 931, "structure_id": "Tr_19"}, {"parent_TextBlock": "Tb_14", "text": "EMPLOYEE", "parent_Field": null, "parent_Choice_Field": "Chf_1", "parent_ChoiceGroup": "Chgp_1", "w": 107, "h": 19, "y": 502, "x": 724, "structure_id": "Tr_20"}, {"parent_TextBlock": "Tb_15", "text": "FORMER EMPLOYEE", "parent_Field": null, "parent_Choice_Field": "Chf_2", "parent_ChoiceGroup": "Chgp_1", "w": 197, "h": 20, "y": 540, "x": 724, "structure_id": "Tr_21"}, {"parent_TextBlock": "Tb_16", "text": "APPLICANT", "parent_Field": null, "parent_Choice_Field": "Chf_3", "parent_ChoiceGroup": "Chgp_1", "w": 108, "h": 19, "y": 502, "x": 995, "structure_id": "Tr_22"}, {"parent_TextBlock": "Tb_17", "text": "OTHER", "parent_Field": null, "parent_Choice_Field": "Chf_4", "parent_ChoiceGroup": "Chgp_1", "w": 68, "h": 19, "y": 544, "x": 995, "structure_id": "Tr_23"}, {"parent_TextBlock": "Tb_18", "text": "II. TYPE OF EMPLOYMENT/VA ORGANIZATION", "parent_Field": null, "parent_Choice_Field": null, "parent_ChoiceGroup": null, "w": 498, "h": 22, "y": 580, "x": 602, "structure_id": "Tr_24"}, {"parent_TextBlock": "Tb_19", "text": "7. FACILITY TELEPHONE NUMBER", "parent_Field": "Fi_10", "parent_Choice_Field": null, "parent_ChoiceGroup": null, "w": 319, "h": 19, "y": 711, "x": 1181, "structure_id": "Tr_25"}, {"parent_TextBlock": "Tb_20", "text": "6. FACILITY ADDRESS", "parent_Field": "Fi_11", "parent_Choice_Field": null, "parent_ChoiceGroup": null, "w": 206, "h": 19, "y": 711, "x": 554, "structure_id": "Tr_26"}, {"parent_TextBlock": "Tb_21", "text": "5. NAME OF FACILITY", "parent_Field": "Fi_12", "parent_Choice_Field": null, "parent_ChoiceGroup": null, "w": 201, "h": 19, "y": 711, "x": 69, "structure_id": "Tr_27"}, {"parent_TextBlock": "Tb_22", "text": "1a.TYPE OF EMPLOYMENT", "parent_Field": null, "parent_Choice_Field": null, "parent_ChoiceGroup": "Chgp_2", "w": 251, "h": 19, "y": 609, "x": 67, "structure_id": "Tr_28"}, {"parent_TextBlock": "Tb_23", "text": "TITLE 5", "parent_Field": null, "parent_Choice_Field": "Chf_5", "parent_ChoiceGroup": "Chgp_2", "w": 69, "h": 19, "y": 682, "x": 113, "structure_id": "Tr_29"}, {"parent_TextBlock": "Tb_24", "text": "TITLE 38", "parent_Field": null, "parent_Choice_Field": "Chf_6", "parent_ChoiceGroup": "Chgp_2", "w": 80, "h": 19, "y": 677, "x": 251, "structure_id": "Tr_30"}, {"parent_TextBlock": "Tb_25", "text": "HYBRID 38", "parent_Field": null, "parent_Choice_Field": "Chf_7", "parent_ChoiceGroup": "Chgp_2", "w": 100, "h": 19, "y": 676, "x": 401, "structure_id": "Tr_31"}, {"parent_TextBlock": "Tb_26", "text": "2. EMPLOYMENT", "parent_Field": null, "parent_Choice_Field": null, "parent_ChoiceGroup": "Chgp_3", "w": 158, "h": 19, "y": 609, "x": 553, "structure_id": "Tr_32"}, {"parent_TextBlock": "Tb_27", "text": "FULL TIME", "parent_Field": null, "parent_Choice_Field": "Chf_8", "parent_ChoiceGroup": "Chgp_3", "w": 99, "h": 19, "y": 638, "x": 603, "structure_id": "Tr_33"}, {"parent_TextBlock": "Tb_28", "text": "PART-TIME", "parent_Field": null, "parent_Choice_Field": "Chf_9", "parent_ChoiceGroup": "Chgp_3", "w": 105, "h": 19, "y": 676, "x": 603, "structure_id": "Tr_34"}, {"parent_TextBlock": "Tb_29", "text": "3. ORGANIZATION", "parent_Field": null, "parent_Choice_Field": null, "parent_ChoiceGroup": "Chgp_4", "w": 170, "h": 19, "y": 609, "x": 750, "structure_id": "Tr_35"}, {"parent_TextBlock": "Tb_30", "text": "VHA", "parent_Field": null, "parent_Choice_Field": "Chf_10", "parent_ChoiceGroup": "Chgp_4", "w": 40, "h": 19, "y": 638, "x": 794, "structure_id": "Tr_36"}, {"parent_TextBlock": "Tb_31", "text": "VBA", "parent_Field": null, "parent_Choice_Field": "Chf_11", "parent_ChoiceGroup": "Chgp_4", "w": 39, "h": 19, "y": 676, "x": 793, "structure_id": "Tr_37"}, {"parent_TextBlock": "Tb_32", "text": "NCA", "parent_Field": null, "parent_Choice_Field": "Chf_12", "parent_ChoiceGroup": "Chgp_4", "w": 41, "h": 19, "y": 638, "x": 901, "structure_id": "Tr_38"}, {"parent_TextBlock": "Tb_33", "text": "OIT", "parent_Field": null, "parent_Choice_Field": "Chf_13", "parent_ChoiceGroup": "Chgp_4", "w": 32, "h": 19, "y": 676, "x": 901, "structure_id": "Tr_39"}, {"parent_TextBlock": "Tb_34", "text": "CANTEEN", "parent_Field": null, "parent_Choice_Field": "Chf_14", "parent_ChoiceGroup": "Chgp_4", "w": 93, "h": 20, "y": 637, "x": 1012, "structure_id": "Tr_40"}, {"parent_TextBlock": "Tb_35", "text": "OTHER", "parent_Field": null, "parent_Choice_Field": "Chf_15", "parent_ChoiceGroup": "Chgp_4", "w": 68, "h": 19, "y": 676, "x": 1012, "structure_id": "Tr_41"}, {"parent_TextBlock": "Tb_36", "text": "4. BARGAINING UNIT EMPLOYE", "parent_Field": null, "parent_Choice_Field": null, "parent_ChoiceGroup": "Chgp_5", "w": 293, "h": 19, "y": 609, "x": 1333, "structure_id": "Tr_42"}, {"parent_TextBlock": "Tb_37", "text": "YES", "parent_Field": null, "parent_Choice_Field": "Chf_16", "parent_ChoiceGroup": "Chgp_5", "w": 38, "h": 19, "y": 676, "x": 1380, "structure_id": "Tr_43"}, {"parent_TextBlock": "Tb_38", "text": "NO", "parent_Field": null, "parent_Choice_Field": "Chf_17", "parent_ChoiceGroup": "Chgp_5", "w": 29, "h": 19, "y": 676, "x": 1495, "structure_id": "Tr_44"}, {"parent_TextBlock": "Tb_39", "text": "III. SENIOR EXECUTIVE SERVICE (SES)", "parent_Field": null, "parent_Choice_Field": null, "parent_ChoiceGroup": null, "w": 418, "h": 22, "y": 823, "x": 642, "structure_id": "Tr_45"}, {"parent_TextBlock": "Tb_40", "text": "1. ARE YOU SES?", "parent_Field": null, "parent_Choice_Field": null, "parent_ChoiceGroup": "Chgp_6", "w": 164, "h": 19, "y": 852, "x": 69, "structure_id": "Tr_46"}, {"parent_TextBlock": "Tb_41", "text": "YES", "parent_Field": null, "parent_Choice_Field": "Chf_18", "parent_ChoiceGroup": "Chgp_6", "w": 39, "h": 19, "y": 884, "x": 111, "structure_id": "Tr_47"}, {"parent_TextBlock": "Tb_42", "text": "NO", "parent_Field": null, "parent_Choice_Field": "Chf_19", "parent_ChoiceGroup": "Chgp_6", "w": 30, "h": 19, "y": 884, "x": 232, "structure_id": "Tr_48"}, {"parent_TextBlock": "Tb_43", "text": "2. ARE YOU FILING AGAINST A SES?", "parent_Field": null, "parent_Choice_Field": null, "parent_ChoiceGroup": "Chgp_7", "w": 341, "h": 19, "y": 852, "x": 554, "structure_id": "Tr_49"}, {"parent_TextBlock": "Tb_44", "text": "YES", "parent_Field": null, "parent_Choice_Field": "Chf_20", "parent_ChoiceGroup": "Chgp_7", "w": 39, "h": 19, "y": 884, "x": 610, "structure_id": "Tr_50"}, {"parent_TextBlock": "Tb_45", "text": "NO", "parent_Field": null, "parent_Choice_Field": "Chf_21", "parent_ChoiceGroup": "Chgp_7", "w": 29, "h": 19, "y": 884, "x": 732, "structure_id": "Tr_51"}, {"parent_TextBlock": "Tb_46", "text": "IV. DESCRIPTION OF ISSUE(S)/CLAIM(S)", "parent_Field": null, "parent_Choice_Field": null, "parent_ChoiceGroup": null, "w": 430, "h": 23, "y": 922, "x": 636, "structure_id": "Tr_52"}, {"parent_TextBlock": "Tb_47", "text": "1. USE THE SPACE BELOW TO BRIEFLY DESCRIBE THE ISSUE(S) OR ACTION(S) THAT PROMPTED YOU TO SEEK EEO COUNSELING AT THIS TIME.", "parent_Field": null, "parent_Choice_Field": null, "parent_ChoiceGroup": null, "w": 1376, "h": 19, "y": 951, "x": 71, "structure_id": "Tr_53"}, {"parent_TextBlock": "Tb_48", "text": "(Year)", "parent_Field": "Fi_13", "parent_Choice_Field": null, "parent_ChoiceGroup": null, "w": 57, "h": 22, "y": 1030, "x": 609, "structure_id": "Tr_54"}, {"parent_TextBlock": "Tb_49", "text": "(Day)", "parent_Field": "Fi_14", "parent_Choice_Field": null, "parent_ChoiceGroup": null, "w": 52, "h": 22, "y": 1030, "x": 505, "structure_id": "Tr_55"}, {"parent_TextBlock": "Tb_50", "text": "(Month)", "parent_Field": "Fi_15", "parent_Choice_Field": null, "parent_ChoiceGroup": null, "w": 73, "h": 22, "y": 1030, "x": 257, "structure_id": "Tr_56"}, {"parent_TextBlock": "Tb_51", "text": "", "parent_Field": "Fi_15", "parent_Choice_Field": null, "parent_ChoiceGroup": null, "w": 30, "h": 41, "y": 986.03125, "x": 70, "structure_id": "Tr_57"}, {"parent_TextBlock": "Tb_52", "text": "V. DISCRIMINATION FACTORS (BASIS(ES))", "parent_Field": null, "parent_Choice_Field": null, "parent_ChoiceGroup": null, "w": 460, "h": 22, "y": 1901, "x": 621, "structure_id": "Tr_58"}, {"parent_TextBlock": "Tb_53", "text": "Prohibited discrimination includes actions taken based on your", "parent_Field": null, "parent_Choice_Field": null, "parent_ChoiceGroup": null, "w": 564, "h": 22, "y": 1933, "x": 71, "structure_id": "Tr_59"}, {"parent_TextBlock": "Tb_53", "text": "Race, Color, Religion, Sex, Age (", "parent_Field": null, "parent_Choice_Field": null, "parent_ChoiceGroup": null, "w": 302, "h": 22, "y": 1933, "x": 635, "structure_id": "Tr_60"}, {"parent_TextBlock": "Tb_53", "text": "40 and over", "parent_Field": null, "parent_Choice_Field": null, "parent_ChoiceGroup": null, "w": 106, "h": 22, "y": 1933, "x": 937, "structure_id": "Tr_61"}, {"parent_TextBlock": "Tb_53", "text": "), National Origin, Physical and/or Mental Disability, Genetic", "parent_Field": null, "parent_Choice_Field": null, "parent_ChoiceGroup": null, "w": 571, "h": 22, "y": 1933, "x": 1043, "structure_id": "Tr_62"}, {"parent_TextBlock": "Tb_53", "text": "Information and/or Retaliation for participating in the EEO process or opposing unlawful discrimination.", "parent_Field": null, "parent_Choice_Field": null, "parent_ChoiceGroup": null, "w": 970, "h": 22, "y": 1960, "x": 71, "structure_id": "Tr_63"}, {"parent_TextBlock": "Tb_53", "text": "These categories are referred to on this form as basis(es).", "parent_Field": null, "parent_Choice_Field": null, "parent_ChoiceGroup": null, "w": 508, "h": 22, "y": 1960, "x": 1046, "structure_id": "Tr_64"}, {"parent_TextBlock": "Tb_54", "text": "1. WHAT BASIS(ES) OF DISCRIMINATION ARE YOU ALLEGING?", "parent_Field": "Fi_16", "parent_Choice_Field": null, "parent_ChoiceGroup": null, "w": 596, "h": 19, "y": 1992, "x": 69, "structure_id": "Tr_65"}, {"parent_TextBlock": "Tb_54", "text": "(Please be specific, i.e., Race - African American, Sex - Female.)", "parent_Field": "Fi_16", "parent_Choice_Field": null, "parent_ChoiceGroup": null, "w": 506, "h": 20, "y": 1992, "x": 665, "structure_id": "Tr_66"}, {"parent_TextBlock": "Tb_55", "text": "INFORMATION FOR PRE-COMPLAINT PROCESSING", "parent_Field": null, "parent_Choice_Field": null, "parent_ChoiceGroup": null, "w": 834, "h": 34, "y": 108, "x": 710, "structure_id": "Tr_67"}, {"parent_TextBlock": "Tb_56", "text": "VA\u00c2\u00a0", "parent_Field": null, "parent_Choice_Field": null, "parent_ChoiceGroup": null, "w": 33, "h": 20, "y": 2127, "x": 61, "structure_id": "Tr_68"}, {"parent_TextBlock": "Tb_56", "text": "FORM", "parent_Field": null, "parent_Choice_Field": null, "parent_ChoiceGroup": null, "w": 57, "h": 20, "y": 2127, "x": 94, "structure_id": "Tr_69"}, {"parent_TextBlock": "Tb_56", "text": "DEC 2016", "parent_Field": null, "parent_Choice_Field": null, "parent_ChoiceGroup": null, "w": 90, "h": 19, "y": 2151, "x": 61, "structure_id": "Tr_70"}], "ChoiceGroup": [{"y": 469.03125, "x": 681, "structure_id": "Chgp_1", "w": 430, "h": 97}, {"y": 601.03125, "x": 63, "structure_id": "Chgp_2", "w": 453, "h": 102}, {"y": 605.03125, "x": 550, "structure_id": "Chgp_3", "w": 174, "h": 99}, {"y": 604.03125, "x": 742, "structure_id": "Chgp_4", "w": 581, "h": 100}, {"y": 607.03125, "x": 1329, "structure_id": "Chgp_5", "w": 304, "h": 94}, {"y": 850.03125, "x": 63, "structure_id": "Chgp_6", "w": 214, "h": 64}, {"y": 848.03125, "x": 546, "structure_id": "Chgp_7", "w": 355, "h": 66}]}