{"Widget": [{"parent_Field": "Fi_1", "parent_Choice_Field": null, "parent_ChoiceGroup": null, "w": 489.9889763779528, "h": 48.63622047244095, "y": 815.7023622047244, "x": 129.98897637795278, "structure_id": "Wi_1"}, {"parent_Field": "Fi_2", "parent_Choice_Field": null, "parent_ChoiceGroup": null, "w": 245.73858267716537, "h": 48.63622047244095, "y": 815.7023622047244, "x": 1252.844094488189, "structure_id": "Wi_2"}, {"parent_Field": "Fi_3", "parent_Choice_Field": null, "parent_ChoiceGroup": null, "w": 245.73858267716537, "h": 48.63622047244095, "y": 378.55826771653545, "x": 1252.844094488189, "structure_id": "Wi_3"}, {"parent_Field": "Fi_4", "parent_Choice_Field": null, "parent_ChoiceGroup": null, "w": 245.73858267716537, "h": 48.63622047244095, "y": 1062.8551181102362, "x": 1255.7472440944882, "structure_id": "Wi_4"}, {"parent_Field": "Fi_5", "parent_Choice_Field": null, "parent_ChoiceGroup": null, "w": 697.1889763779528, "h": 48.63622047244095, "y": 898.5834645669291, "x": 131.40551181102364, "structure_id": "Wi_5"}, {"parent_Field": "Fi_6", "parent_Choice_Field": null, "parent_ChoiceGroup": null, "w": 258.56141732283464, "h": 48.63622047244095, "y": 214.28582677165357, "x": 880.0220472440946, "structure_id": "Wi_6"}, {"parent_Field": "Fi_7", "parent_Choice_Field": null, "parent_ChoiceGroup": null, "w": 245.73858267716537, "h": 48.63622047244095, "y": 898.5834645669291, "x": 1254.2614173228346, "structure_id": "Wi_7"}, {"parent_Field": "Fi_8", "parent_Choice_Field": null, "parent_ChoiceGroup": null, "w": 347.1748031496063, "h": 48.63622047244095, "y": 481.41653543307086, "x": 847.155905511811, "structure_id": "Wi_8"}, {"parent_Field": "Fi_9", "parent_Choice_Field": null, "parent_ChoiceGroup": null, "w": 245.73858267716537, "h": 48.63622047244095, "y": 214.28582677165357, "x": 1252.844094488189, "structure_id": "Wi_9"}, {"parent_Field": "Fi_10", "parent_Choice_Field": null, "parent_ChoiceGroup": null, "w": 489.9889763779528, "h": 48.63622047244095, "y": 131.40787401574804, "x": 132.89133858267715, "structure_id": "Wi_10"}, {"parent_Field": "Fi_11", "parent_Choice_Field": null, "parent_ChoiceGroup": null, "w": 258.56141732283464, "h": 48.63622047244095, "y": 481.41653543307086, "x": 1252.844094488189, "structure_id": "Wi_11"}, {"parent_Field": "Fi_12", "parent_Choice_Field": null, "parent_ChoiceGroup": null, "w": 654.263779527559, "h": 205.71417322834645, "y": 570.0330708661418, "x": 100, "structure_id": "Wi_12"}, {"parent_Field": "Fi_13", "parent_Choice_Field": null, "parent_ChoiceGroup": null, "w": 697.1889763779528, "h": 48.63622047244095, "y": 214.28582677165357, "x": 134.30866141732284, "structure_id": "Wi_13"}, {"parent_Field": "Fi_14", "parent_Choice_Field": null, "parent_ChoiceGroup": null, "w": 347.1748031496063, "h": 48.63622047244095, "y": 1164.0614173228348, "x": 847.1527559055118, "structure_id": "Wi_14"}, {"parent_Field": "Fi_15", "parent_Choice_Field": null, "parent_ChoiceGroup": null, "w": 258.56141732283464, "h": 48.63622047244095, "y": 898.5834645669291, "x": 880.0220472440946, "structure_id": "Wi_15"}, {"parent_Field": "Fi_16", "parent_Choice_Field": null, "parent_ChoiceGroup": null, "w": 245.73858267716537, "h": 48.63622047244095, "y": 132.88897637795276, "x": 1251.427559055118, "structure_id": "Wi_16"}, {"parent_Field": "Fi_17", "parent_Choice_Field": null, "parent_ChoiceGroup": null, "w": 314.53307086614177, "h": 44.54173228346456, "y": 729.1582677165354, "x": 769.2196850393701, "structure_id": "Wi_17"}, {"parent_Field": "Fi_18", "parent_Choice_Field": null, "parent_ChoiceGroup": null, "w": 258.56141732283464, "h": 48.63622047244095, "y": 1164.0614173228348, "x": 1252.844094488189, "structure_id": "Wi_18"}, {"parent_Field": "Fi_19", "parent_Choice_Field": null, "parent_ChoiceGroup": null, "w": 654.263779527559, "h": 205.71417322834645, "y": 1268.7362204724411, "x": 100, "structure_id": "Wi_19"}, {"parent_Field": "Fi_20", "parent_Choice_Field": null, "parent_ChoiceGroup": null, "w": 318.6275590551181, "h": 48.63622047244095, "y": 1425.8196850393701, "x": 767.18031496063, "structure_id": "Wi_20"}, {"parent_Field": null, "parent_Choice_Field": "Chf_1", "parent_ChoiceGroup": "Chgp_1", "w": 27.777952755905513, "h": 27.777952755905513, "y": 307.74173228346456, "x": 98.01417322834646, "structure_id": "Wi_21"}, {"parent_Field": null, "parent_Choice_Field": "Chf_2", "parent_ChoiceGroup": "Chgp_1", "w": 27.777952755905513, "h": 27.777952755905513, "y": 344.0976377952756, "x": 98.01417322834646, "structure_id": "Wi_22"}, {"parent_Field": null, "parent_Choice_Field": "Chf_3", "parent_ChoiceGroup": "Chgp_1", "w": 27.777952755905513, "h": 27.777952755905513, "y": 380.45511811023624, "x": 98.01417322834646, "structure_id": "Wi_23"}, {"parent_Field": null, "parent_Choice_Field": "Chf_4", "parent_ChoiceGroup": "Chgp_1", "w": 27.777952755905513, "h": 27.777952755905513, "y": 307.74488188976375, "x": 587.8307086614174, "structure_id": "Wi_24"}, {"parent_Field": null, "parent_Choice_Field": "Chf_5", "parent_ChoiceGroup": "Chgp_1", "w": 27.777952755905513, "h": 27.777952755905513, "y": 380.3251968503937, "x": 587.8307086614174, "structure_id": "Wi_25"}, {"parent_Field": null, "parent_Choice_Field": "Chf_6", "parent_ChoiceGroup": "Chgp_2", "w": 27.777952755905513, "h": 27.777952755905513, "y": 493.82519685039375, "x": 98.01417322834646, "structure_id": "Wi_26"}, {"parent_Field": null, "parent_Choice_Field": "Chf_7", "parent_ChoiceGroup": "Chgp_2", "w": 27.777952755905513, "h": 27.777952755905513, "y": 496.1968503937008, "x": 698.4779527559056, "structure_id": "Wi_27"}, {"parent_Field": null, "parent_Choice_Field": "Chf_8", "parent_ChoiceGroup": "Chgp_3", "w": 27.777952755905513, "h": 27.777952755905513, "y": 583.2110236220473, "x": 1116.7921259842522, "structure_id": "Wi_28"}, {"parent_Field": null, "parent_Choice_Field": "Chf_9", "parent_ChoiceGroup": "Chgp_3", "w": 27.777952755905513, "h": 27.777952755905513, "y": 633.1307086614173, "x": 1116.7921259842522, "structure_id": "Wi_29"}, {"parent_Field": null, "parent_Choice_Field": "Chf_10", "parent_ChoiceGroup": "Chgp_3", "w": 27.777952755905513, "h": 27.777952755905513, "y": 683.044094488189, "x": 1116.7921259842522, "structure_id": "Wi_30"}, {"parent_Field": null, "parent_Choice_Field": "Chf_10", "parent_ChoiceGroup": "Chgp_3", "w": 485.6692913385827, "h": 48.63622047244095, "y": 727.1110236220474, "x": 1118.6055118110237, "structure_id": "Wi_31"}, {"parent_Field": null, "parent_Choice_Field": "Chf_11", "parent_ChoiceGroup": "Chgp_3", "w": 27.777952755905513, "h": 27.777952755905513, "y": 583.2110236220473, "x": 1397.1251968503936, "structure_id": "Wi_32"}, {"parent_Field": null, "parent_Choice_Field": "Chf_12", "parent_ChoiceGroup": "Chgp_3", "w": 27.777952755905513, "h": 27.777952755905513, "y": 633.1307086614173, "x": 1397.1251968503936, "structure_id": "Wi_33"}, {"parent_Field": null, "parent_Choice_Field": "Chf_13", "parent_ChoiceGroup": "Chgp_4", "w": 27.777952755905513, "h": 27.777952755905513, "y": 991.0724409448819, "x": 98.01417322834646, "structure_id": "Wi_34"}, {"parent_Field": null, "parent_Choice_Field": "Chf_14", "parent_ChoiceGroup": "Chgp_4", "w": 27.777952755905513, "h": 27.777952755905513, "y": 1027.4275590551183, "x": 98.01417322834646, "structure_id": "Wi_35"}, {"parent_Field": null, "parent_Choice_Field": "Chf_15", "parent_ChoiceGroup": "Chgp_4", "w": 27.777952755905513, "h": 27.777952755905513, "y": 1063.7858267716535, "x": 98.01417322834646, "structure_id": "Wi_36"}, {"parent_Field": null, "parent_Choice_Field": "Chf_16", "parent_ChoiceGroup": "Chgp_4", "w": 27.777952755905513, "h": 27.777952755905513, "y": 991.0748031496064, "x": 587.8307086614174, "structure_id": "Wi_37"}, {"parent_Field": null, "parent_Choice_Field": "Chf_17", "parent_ChoiceGroup": "Chgp_4", "w": 27.777952755905513, "h": 27.777952755905513, "y": 1063.6551181102363, "x": 587.8307086614174, "structure_id": "Wi_38"}, {"parent_Field": null, "parent_Choice_Field": "Chf_18", "parent_ChoiceGroup": "Chgp_5", "w": 27.777952755905513, "h": 27.777952755905513, "y": 1180.4614173228347, "x": 98.01417322834646, "structure_id": "Wi_39"}, {"parent_Field": null, "parent_Choice_Field": "Chf_19", "parent_ChoiceGroup": "Chgp_5", "w": 27.777952755905513, "h": 27.777952755905513, "y": 1179.5275590551182, "x": 698.4779527559056, "structure_id": "Wi_40"}, {"parent_Field": null, "parent_Choice_Field": "Chf_20", "parent_ChoiceGroup": "Chgp_6", "w": 27.777952755905513, "h": 27.777952755905513, "y": 1272.592125984252, "x": 1116.7921259842522, "structure_id": "Wi_41"}, {"parent_Field": null, "parent_Choice_Field": "Chf_21", "parent_ChoiceGroup": "Chgp_6", "w": 27.777952755905513, "h": 27.777952755905513, "y": 1322.592125984252, "x": 1116.7921259842522, "structure_id": "Wi_42"}, {"parent_Field": null, "parent_Choice_Field": "Chf_22", "parent_ChoiceGroup": "Chgp_6", "w": 27.777952755905513, "h": 27.777952755905513, "y": 1372.5921259842519, "x": 1116.7921259842522, "structure_id": "Wi_43"}, {"parent_Field": null, "parent_Choice_Field": "Chf_22", "parent_ChoiceGroup": "Chgp_6", "w": 485.6692913385827, "h": 48.63622047244095, "y": 1425.8141732283464, "x": 1118.6055118110237, "structure_id": "Wi_44"}, {"parent_Field": null, "parent_Choice_Field": "Chf_23", "parent_ChoiceGroup": "Chgp_6", "w": 27.777952755905513, "h": 27.777952755905513, "y": 1272.592125984252, "x": 1397.1251968503936, "structure_id": "Wi_45"}, {"parent_Field": null, "parent_Choice_Field": "Chf_24", "parent_ChoiceGroup": "Chgp_6", "w": 27.777952755905513, "h": 27.777952755905513, "y": 1322.592125984252, "x": 1397.1251968503936, "structure_id": "Wi_46"}, {"parent_Field": "Fi_21", "parent_Choice_Field": null, "parent_ChoiceGroup": null, "w": 620, "h": 50, "y": 1833, "x": 144, "structure_id": "Wi_47"}, {"parent_Field": "Fi_22", "parent_Choice_Field": null, "parent_ChoiceGroup": null, "w": 368, "h": 46, "y": 1837, "x": 880, "structure_id": "Wi_48"}], "TextBlock": [{"parent_Field": null, "parent_Choice_Field": null, "parent_ChoiceGroup": null, "w": 485, "h": 22, "y": 78, "x": 606, "structure_id": "Tb_1"}, {"parent_Field": "Fi_1", "parent_Choice_Field": null, "parent_ChoiceGroup": null, "w": 257, "h": 19, "y": 791, "x": 91, "structure_id": "Tb_2"}, {"parent_Field": "Fi_2", "parent_Choice_Field": null, "parent_ChoiceGroup": null, "w": 321, "h": 19, "y": 791, "x": 1210, "structure_id": "Tb_3"}, {"parent_Field": "Fi_3", "parent_Choice_Field": null, "parent_ChoiceGroup": null, "w": 363, "h": 43, "y": 275, "x": 1209, "structure_id": "Tb_4"}, {"parent_Field": "Fi_4", "parent_Choice_Field": null, "parent_ChoiceGroup": null, "w": 363, "h": 43, "y": 959, "x": 1209, "structure_id": "Tb_5"}, {"parent_Field": "Fi_5", "parent_Choice_Field": null, "parent_ChoiceGroup": null, "w": 360, "h": 20, "y": 875, "x": 91, "structure_id": "Tb_6"}, {"parent_Field": "Fi_6", "parent_Choice_Field": null, "parent_ChoiceGroup": null, "w": 305, "h": 19, "y": 192, "x": 850, "structure_id": "Tb_7"}, {"parent_Field": "Fi_6", "parent_Choice_Field": null, "parent_ChoiceGroup": null, "w": 18, "h": 38, "y": 219, "x": 856, "structure_id": "Tb_8"}, {"parent_Field": "Fi_7", "parent_Choice_Field": null, "parent_ChoiceGroup": null, "w": 395, "h": 20, "y": 875, "x": 1210, "structure_id": "Tb_9"}, {"parent_Field": "Fi_8", "parent_Choice_Field": null, "parent_ChoiceGroup": null, "w": 239, "h": 20, "y": 439, "x": 850, "structure_id": "Tb_10"}, {"parent_Field": "Fi_9", "parent_Choice_Field": null, "parent_ChoiceGroup": null, "w": 395, "h": 19, "y": 192, "x": 1210, "structure_id": "Tb_11"}, {"parent_Field": "Fi_10", "parent_Choice_Field": null, "parent_ChoiceGroup": null, "w": 281, "h": 20, "y": 107, "x": 91, "structure_id": "Tb_12"}, {"parent_Field": "Fi_11", "parent_Choice_Field": null, "parent_ChoiceGroup": null, "w": 244, "h": 20, "y": 439, "x": 1210, "structure_id": "Tb_13"}, {"parent_Field": "Fi_11", "parent_Choice_Field": null, "parent_ChoiceGroup": null, "w": 18, "h": 32, "y": 485, "x": 1232, "structure_id": "Tb_14"}, {"parent_Field": "Fi_12", "parent_Choice_Field": null, "parent_ChoiceGroup": null, "w": 661, "h": 20, "y": 541, "x": 91, "structure_id": "Tb_15"}, {"parent_Field": "Fi_13", "parent_Choice_Field": null, "parent_ChoiceGroup": null, "w": 360, "h": 19, "y": 192, "x": 91, "structure_id": "Tb_16"}, {"parent_Field": "Fi_14", "parent_Choice_Field": null, "parent_ChoiceGroup": null, "w": 239, "h": 19, "y": 1123, "x": 850, "structure_id": "Tb_17"}, {"parent_Field": "Fi_15", "parent_Choice_Field": null, "parent_ChoiceGroup": null, "w": 305, "h": 20, "y": 875, "x": 850, "structure_id": "Tb_18"}, {"parent_Field": "Fi_15", "parent_Choice_Field": null, "parent_ChoiceGroup": null, "w": 16, "h": 40, "y": 901, "x": 858, "structure_id": "Tb_19"}, {"parent_Field": "Fi_16", "parent_Choice_Field": null, "parent_ChoiceGroup": null, "w": 321, "h": 20, "y": 107, "x": 1210, "structure_id": "Tb_20"}, {"parent_Field": "Fi_17", "parent_Choice_Field": null, "parent_ChoiceGroup": null, "w": 288, "h": 43, "y": 541, "x": 769, "structure_id": "Tb_21"}, {"parent_Field": "Fi_18", "parent_Choice_Field": null, "parent_ChoiceGroup": null, "w": 244, "h": 19, "y": 1123, "x": 1210, "structure_id": "Tb_22"}, {"parent_Field": "Fi_18", "parent_Choice_Field": null, "parent_ChoiceGroup": null, "w": 20, "h": 44, "y": 1161, "x": 1230, "structure_id": "Tb_23"}, {"parent_Field": "Fi_19", "parent_Choice_Field": null, "parent_ChoiceGroup": null, "w": 661, "h": 19, "y": 1225, "x": 91, "structure_id": "Tb_24"}, {"parent_Field": "Fi_20", "parent_Choice_Field": null, "parent_ChoiceGroup": null, "w": 288, "h": 42, "y": 1225, "x": 769, "structure_id": "Tb_25"}, {"parent_Field": null, "parent_Choice_Field": null, "parent_ChoiceGroup": "Chgp_1", "w": 405, "h": 20, "y": 275, "x": 91, "structure_id": "Tb_26"}, {"parent_Field": null, "parent_Choice_Field": "Chf_1", "parent_ChoiceGroup": "Chgp_1", "w": 121, "h": 19, "y": 312, "x": 131, "structure_id": "Tb_27"}, {"parent_Field": null, "parent_Choice_Field": "Chf_2", "parent_ChoiceGroup": "Chgp_1", "w": 261, "h": 20, "y": 348, "x": 131, "structure_id": "Tb_28"}, {"parent_Field": null, "parent_Choice_Field": "Chf_3", "parent_ChoiceGroup": "Chgp_1", "w": 403, "h": 19, "y": 385, "x": 131, "structure_id": "Tb_29"}, {"parent_Field": null, "parent_Choice_Field": "Chf_4", "parent_ChoiceGroup": "Chgp_1", "w": 428, "h": 19, "y": 312, "x": 621, "structure_id": "Tb_30"}, {"parent_Field": null, "parent_Choice_Field": "Chf_5", "parent_ChoiceGroup": "Chgp_1", "w": 430, "h": 66, "y": 361, "x": 621, "structure_id": "Tb_31"}, {"parent_Field": null, "parent_Choice_Field": null, "parent_ChoiceGroup": "Chgp_2", "w": 706, "h": 39, "y": 439, "x": 91, "structure_id": "Tb_32"}, {"parent_Field": null, "parent_Choice_Field": "Chf_6", "parent_ChoiceGroup": "Chgp_2", "w": 499, "h": 39, "y": 490, "x": 129, "structure_id": "Tb_33"}, {"parent_Field": null, "parent_Choice_Field": "Chf_7", "parent_ChoiceGroup": "Chgp_2", "w": 29, "h": 20, "y": 500, "x": 731, "structure_id": "Tb_34"}, {"parent_Field": null, "parent_Choice_Field": null, "parent_ChoiceGroup": "Chgp_3", "w": 285, "h": 20, "y": 541, "x": 1106, "structure_id": "Tb_35"}, {"parent_Field": null, "parent_Choice_Field": "Chf_8", "parent_ChoiceGroup": "Chgp_3", "w": 158, "h": 20, "y": 587, "x": 1149, "structure_id": "Tb_36"}, {"parent_Field": null, "parent_Choice_Field": "Chf_9", "parent_ChoiceGroup": "Chgp_3", "w": 212, "h": 20, "y": 637, "x": 1150, "structure_id": "Tb_37"}, {"parent_Field": null, "parent_Choice_Field": "Chf_10", "parent_ChoiceGroup": "Chgp_3", "w": 68, "h": 20, "y": 687, "x": 1152, "structure_id": "Tb_38"}, {"parent_Field": null, "parent_Choice_Field": "Chf_11", "parent_ChoiceGroup": "Chgp_3", "w": 98, "h": 20, "y": 587, "x": 1429, "structure_id": "Tb_39"}, {"parent_Field": null, "parent_Choice_Field": "Chf_12", "parent_ChoiceGroup": "Chgp_3", "w": 155, "h": 20, "y": 637, "x": 1428, "structure_id": "Tb_40"}, {"parent_Field": null, "parent_Choice_Field": null, "parent_ChoiceGroup": "Chgp_4", "w": 405, "h": 20, "y": 958, "x": 91, "structure_id": "Tb_41"}, {"parent_Field": null, "parent_Choice_Field": "Chf_13", "parent_ChoiceGroup": "Chgp_4", "w": 121, "h": 20, "y": 995, "x": 131, "structure_id": "Tb_42"}, {"parent_Field": null, "parent_Choice_Field": "Chf_14", "parent_ChoiceGroup": "Chgp_4", "w": 261, "h": 19, "y": 1032, "x": 131, "structure_id": "Tb_43"}, {"parent_Field": null, "parent_Choice_Field": "Chf_15", "parent_ChoiceGroup": "Chgp_4", "w": 403, "h": 19, "y": 1068, "x": 131, "structure_id": "Tb_44"}, {"parent_Field": null, "parent_Choice_Field": "Chf_16", "parent_ChoiceGroup": "Chgp_4", "w": 428, "h": 20, "y": 995, "x": 621, "structure_id": "Tb_45"}, {"parent_Field": null, "parent_Choice_Field": "Chf_17", "parent_ChoiceGroup": "Chgp_4", "w": 430, "h": 67, "y": 1044, "x": 621, "structure_id": "Tb_46"}, {"parent_Field": null, "parent_Choice_Field": null, "parent_ChoiceGroup": "Chgp_5", "w": 706, "h": 39, "y": 1123, "x": 91, "structure_id": "Tb_47"}, {"parent_Field": null, "parent_Choice_Field": "Chf_18", "parent_ChoiceGroup": "Chgp_5", "w": 499, "h": 39, "y": 1177, "x": 129, "structure_id": "Tb_48"}, {"parent_Field": null, "parent_Choice_Field": "Chf_19", "parent_ChoiceGroup": "Chgp_5", "w": 29, "h": 19, "y": 1184, "x": 731, "structure_id": "Tb_49"}, {"parent_Field": null, "parent_Choice_Field": null, "parent_ChoiceGroup": "Chgp_6", "w": 285, "h": 19, "y": 1225, "x": 1106, "structure_id": "Tb_50"}, {"parent_Field": null, "parent_Choice_Field": "Chf_20", "parent_ChoiceGroup": "Chgp_6", "w": 158, "h": 19, "y": 1277, "x": 1149, "structure_id": "Tb_51"}, {"parent_Field": null, "parent_Choice_Field": "Chf_21", "parent_ChoiceGroup": "Chgp_6", "w": 212, "h": 19, "y": 1327, "x": 1150, "structure_id": "Tb_52"}, {"parent_Field": null, "parent_Choice_Field": "Chf_22", "parent_ChoiceGroup": "Chgp_6", "w": 68, "h": 19, "y": 1377, "x": 1152, "structure_id": "Tb_53"}, {"parent_Field": null, "parent_Choice_Field": "Chf_23", "parent_ChoiceGroup": "Chgp_6", "w": 98, "h": 19, "y": 1277, "x": 1429, "structure_id": "Tb_54"}, {"parent_Field": null, "parent_Choice_Field": "Chf_24", "parent_ChoiceGroup": "Chgp_6", "w": 155, "h": 19, "y": 1327, "x": 1428, "structure_id": "Tb_55"}, {"parent_Field": null, "parent_Choice_Field": null, "parent_ChoiceGroup": null, "w": 849, "h": 23, "y": 1494, "x": 424, "structure_id": "Tb_56"}, {"parent_Field": null, "parent_Choice_Field": null, "parent_ChoiceGroup": null, "w": 1496, "h": 102, "y": 1987, "x": 104, "structure_id": "Tb_57"}, {"parent_Field": null, "parent_Choice_Field": null, "parent_ChoiceGroup": null, "w": 1486, "h": 28, "y": 1735, "x": 104, "structure_id": "Tb_58"}, {"parent_Field": null, "parent_Choice_Field": null, "parent_ChoiceGroup": null, "w": 1490, "h": 162, "y": 1535, "x": 104, "structure_id": "Tb_59"}, {"parent_Field": "Fi_21", "parent_Choice_Field": null, "parent_ChoiceGroup": null, "w": 101, "h": 22, "y": 1890, "x": 412, "structure_id": "Tb_60"}, {"parent_Field": "Fi_22", "parent_Choice_Field": null, "parent_ChoiceGroup": null, "w": 322, "h": 22, "y": 1890, "x": 911, "structure_id": "Tb_61"}, {"parent_Field": null, "parent_Choice_Field": null, "parent_ChoiceGroup": null, "w": 331, "h": 20, "y": 2109, "x": 87, "structure_id": "Tb_62"}], "Choice_Field": [{"y": 307.74173228346456, "x": 98.01417322834646, "structure_id": "Chf_1", "w": 153.98582677165354, "h": 27.777952755905517}, {"y": 344.0976377952756, "x": 98.01417322834646, "structure_id": "Chf_2", "w": 293.98582677165354, "h": 27.777952755905517}, {"y": 380.45511811023624, "x": 98.01417322834646, "structure_id": "Chf_3", "w": 435.98582677165354, "h": 27.777952755905517}, {"y": 307.74488188976375, "x": 587.8307086614174, "structure_id": "Chf_4", "w": 461.16929133858264, "h": 27.777952755905517}, {"y": 361, "x": 587.8307086614174, "structure_id": "Chf_5", "w": 463.16929133858264, "h": 66}, {"y": 490, "x": 98.01417322834646, "structure_id": "Chf_6", "w": 529.9858267716536, "h": 39}, {"y": 496.1968503937008, "x": 698.4779527559056, "structure_id": "Chf_7", "w": 61.52204724409444, "h": 27.77795275590546}, {"y": 583.2110236220473, "x": 1116.7921259842522, "structure_id": "Chf_8", "w": 190.20787401574785, "h": 27.777952755905517}, {"y": 633.1307086614173, "x": 1116.7921259842522, "structure_id": "Chf_9", "w": 245.20787401574785, "h": 27.777952755905517}, {"y": 683.044094488189, "x": 1116.7921259842522, "structure_id": "Chf_10", "w": 487.4826771653543, "h": 92.70314960629935}, {"y": 583.2110236220473, "x": 1397.1251968503936, "structure_id": "Chf_11", "w": 129.87480314960635, "h": 27.777952755905517}, {"y": 633.1307086614173, "x": 1397.1251968503936, "structure_id": "Chf_12", "w": 185.87480314960635, "h": 27.777952755905517}, {"y": 991.0724409448819, "x": 98.01417322834646, "structure_id": "Chf_13", "w": 153.98582677165354, "h": 27.777952755905517}, {"y": 1027.4275590551183, "x": 98.01417322834646, "structure_id": "Chf_14", "w": 293.98582677165354, "h": 27.777952755905517}, {"y": 1063.7858267716535, "x": 98.01417322834646, "structure_id": "Chf_15", "w": 435.98582677165354, "h": 27.777952755905517}, {"y": 991.0748031496064, "x": 587.8307086614174, "structure_id": "Chf_16", "w": 461.16929133858264, "h": 27.777952755905517}, {"y": 1044, "x": 587.8307086614174, "structure_id": "Chf_17", "w": 463.16929133858264, "h": 67}, {"y": 1177, "x": 98.01417322834646, "structure_id": "Chf_18", "w": 529.9858267716536, "h": 39}, {"y": 1179.5275590551182, "x": 698.4779527559056, "structure_id": "Chf_19", "w": 61.52204724409444, "h": 27.777952755905517}, {"y": 1272.592125984252, "x": 1116.7921259842522, "structure_id": "Chf_20", "w": 190.20787401574785, "h": 27.777952755905517}, {"y": 1322.592125984252, "x": 1116.7921259842522, "structure_id": "Chf_21", "w": 245.20787401574785, "h": 27.777952755905517}, {"y": 1372.5921259842519, "x": 1116.7921259842522, "structure_id": "Chf_22", "w": 487.4826771653543, "h": 101.85826771653547}, {"y": 1272.592125984252, "x": 1397.1251968503936, "structure_id": "Chf_23", "w": 129.87480314960635, "h": 27.777952755905517}, {"y": 1322.592125984252, "x": 1397.1251968503936, "structure_id": "Chf_24", "w": 185.87480314960635, "h": 27.777952755905517}], "Field": [{"y": 791, "x": 91, "structure_id": "Fi_1", "w": 528.9779527559056, "h": 73.33858267716539}, {"y": 791, "x": 1210, "structure_id": "Fi_2", "w": 321, "h": 73.33858267716539}, {"y": 275, "x": 1209, "structure_id": "Fi_3", "w": 363, "h": 152.19448818897638}, {"y": 959, "x": 1209, "structure_id": "Fi_4", "w": 363, "h": 152.49133858267714}, {"y": 875, "x": 91, "structure_id": "Fi_5", "w": 737.5944881889765, "h": 72.21968503937012}, {"y": 192, "x": 850, "structure_id": "Fi_6", "w": 305, "h": 70.92204724409453}, {"y": 875, "x": 1210, "structure_id": "Fi_7", "w": 395, "h": 72.21968503937012}, {"y": 439, "x": 847.155905511811, "structure_id": "Fi_8", "w": 347.1748031496062, "h": 91.05275590551184}, {"y": 192, "x": 1210, "structure_id": "Fi_9", "w": 395, "h": 70.92204724409453}, {"y": 107, "x": 91, "structure_id": "Fi_10", "w": 531.8803149606299, "h": 73.04409448818899}, {"y": 439, "x": 1210, "structure_id": "Fi_11", "w": 301.40551181102364, "h": 91.05275590551184}, {"y": 541, "x": 91, "structure_id": "Fi_12", "w": 663.263779527559, "h": 234.74724409448822}, {"y": 192, "x": 91, "structure_id": "Fi_13", "w": 740.4976377952756, "h": 70.92204724409453}, {"y": 1123, "x": 847.1527559055118, "structure_id": "Fi_14", "w": 347.1748031496062, "h": 89.6976377952758}, {"y": 875, "x": 850, "structure_id": "Fi_15", "w": 305, "h": 72.21968503937012}, {"y": 107, "x": 1210, "structure_id": "Fi_16", "w": 321, "h": 74.52519685039371}, {"y": 541, "x": 769, "structure_id": "Fi_17", "w": 314.752755905512, "h": 232.69999999999993}, {"y": 1123, "x": 1210, "structure_id": "Fi_18", "w": 301.40551181102364, "h": 89.6976377952758}, {"y": 1225, "x": 91, "structure_id": "Fi_19", "w": 663.263779527559, "h": 249.45039370078757}, {"y": 1225, "x": 767.18031496063, "structure_id": "Fi_20", "w": 318.627559055118, "h": 249.45590551181112}, {"y": 1833, "x": 144, "structure_id": "Fi_21", "w": 620, "h": 79}, {"y": 1837, "x": 880, "structure_id": "Fi_22", "w": 368, "h": 75}], "TextRun": [{"parent_TextBlock": "Tb_1", "text": "SECTION II - CHILD INFORMATION", "parent_Field": null, "parent_Choice_Field": null, "parent_ChoiceGroup": null, "w": 374, "h": 22, "y": 78, "x": 606, "structure_id": "Tr_1"}, {"parent_TextBlock": "Tb_1", "text": "(Continued)", "parent_Field": null, "parent_Choice_Field": null, "parent_ChoiceGroup": null, "w": 111, "h": 22, "y": 78, "x": 980, "structure_id": "Tr_2"}, {"parent_TextBlock": "Tb_2", "text": "3A.  NAME OF THIRD CHILD", "parent_Field": "Fi_1", "parent_Choice_Field": null, "parent_ChoiceGroup": null, "w": 257, "h": 19, "y": 791, "x": 91, "structure_id": "Tr_3"}, {"parent_TextBlock": "Tb_3", "text": "3B.  DATE OF BIRTH", "parent_Field": "Fi_2", "parent_Choice_Field": null, "parent_ChoiceGroup": null, "w": 193, "h": 19, "y": 791, "x": 1210, "structure_id": "Tr_4"}, {"parent_TextBlock": "Tb_3", "text": "(MM/DD/YYYY)", "parent_Field": "Fi_2", "parent_Choice_Field": null, "parent_ChoiceGroup": null, "w": 128, "h": 19, "y": 791, "x": 1403, "structure_id": "Tr_5"}, {"parent_TextBlock": "Tb_4", "text": "2G. ENTER LAST DAY WITH PREVIOUS", "parent_Field": "Fi_3", "parent_Choice_Field": null, "parent_ChoiceGroup": null, "w": 363, "h": 20, "y": 275, "x": 1209, "structure_id": "Tr_6"}, {"parent_TextBlock": "Tb_4", "text": "PROVIDER", "parent_Field": "Fi_3", "parent_Choice_Field": null, "parent_ChoiceGroup": null, "w": 145, "h": 19, "y": 299, "x": 1209, "structure_id": "Tr_7"}, {"parent_TextBlock": "Tb_4", "text": "(MM/DD/YYYY)", "parent_Field": "Fi_3", "parent_Choice_Field": null, "parent_ChoiceGroup": null, "w": 128, "h": 19, "y": 299, "x": 1354, "structure_id": "Tr_8"}, {"parent_TextBlock": "Tb_5", "text": "3G. ENTER LAST DAY WITH PREVIOUS", "parent_Field": "Fi_4", "parent_Choice_Field": null, "parent_ChoiceGroup": null, "w": 363, "h": 19, "y": 959, "x": 1209, "structure_id": "Tr_9"}, {"parent_TextBlock": "Tb_5", "text": "PROVIDER", "parent_Field": "Fi_4", "parent_Choice_Field": null, "parent_ChoiceGroup": null, "w": 145, "h": 20, "y": 982, "x": 1209, "structure_id": "Tr_10"}, {"parent_TextBlock": "Tb_5", "text": "(MM/DD/YYYY)", "parent_Field": "Fi_4", "parent_Choice_Field": null, "parent_ChoiceGroup": null, "w": 128, "h": 20, "y": 982, "x": 1354, "structure_id": "Tr_11"}, {"parent_TextBlock": "Tb_6", "text": "3C.  NAME OF CHILD CARE PROVIDER", "parent_Field": "Fi_5", "parent_Choice_Field": null, "parent_ChoiceGroup": null, "w": 360, "h": 20, "y": 875, "x": 91, "structure_id": "Tr_12"}, {"parent_TextBlock": "Tb_7", "text": "2D.  WEEKLY CHILD CARE COST", "parent_Field": "Fi_6", "parent_Choice_Field": null, "parent_ChoiceGroup": null, "w": 305, "h": 19, "y": 192, "x": 850, "structure_id": "Tr_13"}, {"parent_TextBlock": "Tb_8", "text": "", "parent_Field": "Fi_6", "parent_Choice_Field": null, "parent_ChoiceGroup": null, "w": 18, "h": 38, "y": 219, "x": 856, "structure_id": "Tr_14"}, {"parent_TextBlock": "Tb_9", "text": "3E.  DATE OF ENROLLMENT", "parent_Field": "Fi_7", "parent_Choice_Field": null, "parent_ChoiceGroup": null, "w": 268, "h": 20, "y": 875, "x": 1210, "structure_id": "Tr_15"}, {"parent_TextBlock": "Tb_9", "text": "(MM/DD/YYYY)", "parent_Field": "Fi_7", "parent_Choice_Field": null, "parent_ChoiceGroup": null, "w": 127, "h": 20, "y": 875, "x": 1478, "structure_id": "Tr_16"}, {"parent_TextBlock": "Tb_10", "text": "2I.  SOURCE OF SUBSIDY", "parent_Field": "Fi_8", "parent_Choice_Field": null, "parent_ChoiceGroup": null, "w": 239, "h": 20, "y": 439, "x": 850, "structure_id": "Tr_17"}, {"parent_TextBlock": "Tb_11", "text": "2E.  DATE OF ENROLLMENT", "parent_Field": "Fi_9", "parent_Choice_Field": null, "parent_ChoiceGroup": null, "w": 268, "h": 19, "y": 192, "x": 1210, "structure_id": "Tr_18"}, {"parent_TextBlock": "Tb_11", "text": "(MM/DD/YYYY)", "parent_Field": "Fi_9", "parent_Choice_Field": null, "parent_ChoiceGroup": null, "w": 127, "h": 19, "y": 192, "x": 1478, "structure_id": "Tr_19"}, {"parent_TextBlock": "Tb_12", "text": "2A.  NAME OF SECOND CHILD", "parent_Field": "Fi_10", "parent_Choice_Field": null, "parent_ChoiceGroup": null, "w": 281, "h": 20, "y": 107, "x": 91, "structure_id": "Tr_20"}, {"parent_TextBlock": "Tb_13", "text": "2J.  AMOUNT OF SUBSIDY", "parent_Field": "Fi_11", "parent_Choice_Field": null, "parent_ChoiceGroup": null, "w": 244, "h": 20, "y": 439, "x": 1210, "structure_id": "Tr_21"}, {"parent_TextBlock": "Tb_14", "text": "", "parent_Field": "Fi_11", "parent_Choice_Field": null, "parent_ChoiceGroup": null, "w": 18, "h": 32, "y": 485, "x": 1232, "structure_id": "Tr_22"}, {"parent_TextBlock": "Tb_15", "text": "2K.  ADDRESS OF PROVIDER", "parent_Field": "Fi_12", "parent_Choice_Field": null, "parent_ChoiceGroup": null, "w": 279, "h": 20, "y": 541, "x": 91, "structure_id": "Tr_23"}, {"parent_TextBlock": "Tb_15", "text": "(Include street number, city, state and ZIP Code)", "parent_Field": "Fi_12", "parent_Choice_Field": null, "parent_ChoiceGroup": null, "w": 382, "h": 20, "y": 541, "x": 370, "structure_id": "Tr_24"}, {"parent_TextBlock": "Tb_16", "text": "2C.  NAME OF CHILD CARE PROVIDER", "parent_Field": "Fi_13", "parent_Choice_Field": null, "parent_ChoiceGroup": null, "w": 360, "h": 19, "y": 192, "x": 91, "structure_id": "Tr_25"}, {"parent_TextBlock": "Tb_17", "text": "3I.  SOURCE OF SUBSIDY", "parent_Field": "Fi_14", "parent_Choice_Field": null, "parent_ChoiceGroup": null, "w": 239, "h": 19, "y": 1123, "x": 850, "structure_id": "Tr_26"}, {"parent_TextBlock": "Tb_18", "text": "3D.  WEEKLY CHILD CARE COST", "parent_Field": "Fi_15", "parent_Choice_Field": null, "parent_ChoiceGroup": null, "w": 305, "h": 20, "y": 875, "x": 850, "structure_id": "Tr_27"}, {"parent_TextBlock": "Tb_19", "text": "", "parent_Field": "Fi_15", "parent_Choice_Field": null, "parent_ChoiceGroup": null, "w": 16, "h": 40, "y": 901, "x": 858, "structure_id": "Tr_28"}, {"parent_TextBlock": "Tb_20", "text": "2B.  DATE OF BIRTH", "parent_Field": "Fi_16", "parent_Choice_Field": null, "parent_ChoiceGroup": null, "w": 193, "h": 20, "y": 107, "x": 1210, "structure_id": "Tr_29"}, {"parent_TextBlock": "Tb_20", "text": "(MM/DD/YYYY)", "parent_Field": "Fi_16", "parent_Choice_Field": null, "parent_ChoiceGroup": null, "w": 128, "h": 20, "y": 107, "x": 1403, "structure_id": "Tr_30"}, {"parent_TextBlock": "Tb_21", "text": "2L.  TELEPHONE NUMBER OF", "parent_Field": "Fi_17", "parent_Choice_Field": null, "parent_ChoiceGroup": null, "w": 288, "h": 20, "y": 541, "x": 769, "structure_id": "Tr_31"}, {"parent_TextBlock": "Tb_21", "text": "CHILD CARE PROVIDER", "parent_Field": "Fi_17", "parent_Choice_Field": null, "parent_ChoiceGroup": null, "w": 268, "h": 19, "y": 565, "x": 769, "structure_id": "Tr_32"}, {"parent_TextBlock": "Tb_22", "text": "3J.  AMOUNT OF SUBSIDY", "parent_Field": "Fi_18", "parent_Choice_Field": null, "parent_ChoiceGroup": null, "w": 244, "h": 19, "y": 1123, "x": 1210, "structure_id": "Tr_33"}, {"parent_TextBlock": "Tb_23", "text": "", "parent_Field": "Fi_18", "parent_Choice_Field": null, "parent_ChoiceGroup": null, "w": 20, "h": 44, "y": 1161, "x": 1230, "structure_id": "Tr_34"}, {"parent_TextBlock": "Tb_24", "text": "3K.  ADDRESS OF PROVIDER", "parent_Field": "Fi_19", "parent_Choice_Field": null, "parent_ChoiceGroup": null, "w": 279, "h": 19, "y": 1225, "x": 91, "structure_id": "Tr_35"}, {"parent_TextBlock": "Tb_24", "text": "(Include street number, city, state and ZIP Code)", "parent_Field": "Fi_19", "parent_Choice_Field": null, "parent_ChoiceGroup": null, "w": 382, "h": 19, "y": 1225, "x": 370, "structure_id": "Tr_36"}, {"parent_TextBlock": "Tb_25", "text": "3L.  TELEPHONE NUMBER OF", "parent_Field": "Fi_20", "parent_Choice_Field": null, "parent_ChoiceGroup": null, "w": 288, "h": 19, "y": 1225, "x": 769, "structure_id": "Tr_37"}, {"parent_TextBlock": "Tb_25", "text": "CHILD CARE PROVIDER", "parent_Field": "Fi_20", "parent_Choice_Field": null, "parent_ChoiceGroup": null, "w": 268, "h": 19, "y": 1248, "x": 769, "structure_id": "Tr_38"}, {"parent_TextBlock": "Tb_26", "text": "2F.  TYPE OF APPLICATION?", "parent_Field": null, "parent_Choice_Field": null, "parent_ChoiceGroup": "Chgp_1", "w": 273, "h": 19, "y": 275, "x": 91, "structure_id": "Tr_39"}, {"parent_TextBlock": "Tb_26", "text": "(Check only one)", "parent_Field": null, "parent_Choice_Field": null, "parent_ChoiceGroup": "Chgp_1", "w": 132, "h": 20, "y": 275, "x": 364, "structure_id": "Tr_40"}, {"parent_TextBlock": "Tb_27", "text": "NEW FAMILY", "parent_Field": null, "parent_Choice_Field": "Chf_1", "parent_ChoiceGroup": "Chgp_1", "w": 121, "h": 19, "y": 312, "x": 131, "structure_id": "Tr_41"}, {"parent_TextBlock": "Tb_28", "text": "ANNUAL RECERTIFICATION", "parent_Field": null, "parent_Choice_Field": "Chf_2", "parent_ChoiceGroup": "Chgp_1", "w": 261, "h": 20, "y": 348, "x": 131, "structure_id": "Tr_42"}, {"parent_TextBlock": "Tb_29", "text": "ADDING/CHANGING FAMILY INFORMATION", "parent_Field": null, "parent_Choice_Field": "Chf_3", "parent_ChoiceGroup": "Chgp_1", "w": 403, "h": 19, "y": 385, "x": 131, "structure_id": "Tr_43"}, {"parent_TextBlock": "Tb_30", "text": "REAPPLICATION", "parent_Field": null, "parent_Choice_Field": "Chf_4", "parent_ChoiceGroup": "Chgp_1", "w": 161, "h": 19, "y": 312, "x": 621, "structure_id": "Tr_44"}, {"parent_TextBlock": "Tb_30", "text": "(Previously enrolled, not current.)", "parent_Field": null, "parent_Choice_Field": "Chf_4", "parent_ChoiceGroup": "Chgp_1", "w": 267, "h": 19, "y": 312, "x": 782, "structure_id": "Tr_45"}, {"parent_TextBlock": "Tb_31", "text": "CHANGING PROVIDER INFORMATION", "parent_Field": null, "parent_Choice_Field": "Chf_5", "parent_ChoiceGroup": "Chgp_1", "w": 359, "h": 20, "y": 361, "x": 621, "structure_id": "Tr_46"}, {"parent_TextBlock": "Tb_31", "text": "(Complete Item 1H)", "parent_Field": null, "parent_Choice_Field": "Chf_5", "parent_ChoiceGroup": "Chgp_1", "w": 160, "h": 19, "y": 385, "x": 621, "structure_id": "Tr_47"}, {"parent_TextBlock": "Tb_31", "text": "(Attach license, schedule of fees, and VA Form 0730b.)", "parent_Field": null, "parent_Choice_Field": "Chf_5", "parent_ChoiceGroup": "Chgp_1", "w": 430, "h": 19, "y": 408, "x": 621, "structure_id": "Tr_48"}, {"parent_TextBlock": "Tb_32", "text": "2H.  IS ANY OTHER FORM OF STATE, COUNTY OR LOCAL SUBSIDY BEING", "parent_Field": null, "parent_Choice_Field": null, "parent_ChoiceGroup": "Chgp_2", "w": 706, "h": 20, "y": 439, "x": 91, "structure_id": "Tr_49"}, {"parent_TextBlock": "Tb_32", "text": "RECEIVED FOR THE CHILD(REN)?", "parent_Field": null, "parent_Choice_Field": null, "parent_ChoiceGroup": "Chgp_2", "w": 362, "h": 19, "y": 459, "x": 91, "structure_id": "Tr_50"}, {"parent_TextBlock": "Tb_33", "text": "YES", "parent_Field": null, "parent_Choice_Field": "Chf_6", "parent_ChoiceGroup": "Chgp_2", "w": 45, "h": 20, "y": 490, "x": 129, "structure_id": "Tr_51"}, {"parent_TextBlock": "Tb_33", "text": "(If \"YES,\" complete items 2J and 2K and submit a copy of", "parent_Field": null, "parent_Choice_Field": "Chf_6", "parent_ChoiceGroup": "Chgp_2", "w": 454, "h": 20, "y": 490, "x": 174, "structure_id": "Tr_52"}, {"parent_TextBlock": "Tb_33", "text": "award letter.)", "parent_Field": null, "parent_Choice_Field": "Chf_6", "parent_ChoiceGroup": "Chgp_2", "w": 107, "h": 19, "y": 510, "x": 129, "structure_id": "Tr_53"}, {"parent_TextBlock": "Tb_34", "text": "NO", "parent_Field": null, "parent_Choice_Field": "Chf_7", "parent_ChoiceGroup": "Chgp_2", "w": 29, "h": 20, "y": 500, "x": 731, "structure_id": "Tr_54"}, {"parent_TextBlock": "Tb_35", "text": "2M.  TYPE OF CARE", "parent_Field": null, "parent_Choice_Field": null, "parent_ChoiceGroup": "Chgp_3", "w": 191, "h": 20, "y": 541, "x": 1106, "structure_id": "Tr_55"}, {"parent_TextBlock": "Tb_35", "text": "(Check one)", "parent_Field": null, "parent_Choice_Field": null, "parent_ChoiceGroup": "Chgp_3", "w": 94, "h": 20, "y": 541, "x": 1297, "structure_id": "Tr_56"}, {"parent_TextBlock": "Tb_36", "text": "CENTER-BASED", "parent_Field": null, "parent_Choice_Field": "Chf_8", "parent_ChoiceGroup": "Chgp_3", "w": 158, "h": 20, "y": 587, "x": 1149, "structure_id": "Tr_57"}, {"parent_TextBlock": "Tb_37", "text": "FAMILY HOME-BASED", "parent_Field": null, "parent_Choice_Field": "Chf_9", "parent_ChoiceGroup": "Chgp_3", "w": 212, "h": 20, "y": 637, "x": 1150, "structure_id": "Tr_58"}, {"parent_TextBlock": "Tb_38", "text": "OTHER", "parent_Field": null, "parent_Choice_Field": "Chf_10", "parent_ChoiceGroup": "Chgp_3", "w": 68, "h": 20, "y": 687, "x": 1152, "structure_id": "Tr_59"}, {"parent_TextBlock": "Tb_39", "text": "VA-BASED", "parent_Field": null, "parent_Choice_Field": "Chf_11", "parent_ChoiceGroup": "Chgp_3", "w": 98, "h": 20, "y": 587, "x": 1429, "structure_id": "Tr_60"}, {"parent_TextBlock": "Tb_40", "text": "SCHOOL-BASED", "parent_Field": null, "parent_Choice_Field": "Chf_12", "parent_ChoiceGroup": "Chgp_3", "w": 155, "h": 20, "y": 637, "x": 1428, "structure_id": "Tr_61"}, {"parent_TextBlock": "Tb_41", "text": "3F.  TYPE OF APPLICATION?", "parent_Field": null, "parent_Choice_Field": null, "parent_ChoiceGroup": "Chgp_4", "w": 273, "h": 20, "y": 958, "x": 91, "structure_id": "Tr_62"}, {"parent_TextBlock": "Tb_41", "text": "(Check only one)", "parent_Field": null, "parent_Choice_Field": null, "parent_ChoiceGroup": "Chgp_4", "w": 132, "h": 20, "y": 958, "x": 364, "structure_id": "Tr_63"}, {"parent_TextBlock": "Tb_42", "text": "NEW FAMILY", "parent_Field": null, "parent_Choice_Field": "Chf_13", "parent_ChoiceGroup": "Chgp_4", "w": 121, "h": 20, "y": 995, "x": 131, "structure_id": "Tr_64"}, {"parent_TextBlock": "Tb_43", "text": "ANNUAL RECERTIFICATION", "parent_Field": null, "parent_Choice_Field": "Chf_14", "parent_ChoiceGroup": "Chgp_4", "w": 261, "h": 19, "y": 1032, "x": 131, "structure_id": "Tr_65"}, {"parent_TextBlock": "Tb_44", "text": "ADDING/CHANGING FAMILY INFORMATION", "parent_Field": null, "parent_Choice_Field": "Chf_15", "parent_ChoiceGroup": "Chgp_4", "w": 403, "h": 19, "y": 1068, "x": 131, "structure_id": "Tr_66"}, {"parent_TextBlock": "Tb_45", "text": "REAPPLICATION", "parent_Field": null, "parent_Choice_Field": "Chf_16", "parent_ChoiceGroup": "Chgp_4", "w": 161, "h": 20, "y": 995, "x": 621, "structure_id": "Tr_67"}, {"parent_TextBlock": "Tb_45", "text": "(Previously enrolled, not current.)", "parent_Field": null, "parent_Choice_Field": "Chf_16", "parent_ChoiceGroup": "Chgp_4", "w": 267, "h": 20, "y": 995, "x": 782, "structure_id": "Tr_68"}, {"parent_TextBlock": "Tb_46", "text": "CHANGING PROVIDER INFORMATION", "parent_Field": null, "parent_Choice_Field": "Chf_17", "parent_ChoiceGroup": "Chgp_4", "w": 359, "h": 20, "y": 1044, "x": 621, "structure_id": "Tr_69"}, {"parent_TextBlock": "Tb_46", "text": "(Complete Item 1H)", "parent_Field": null, "parent_Choice_Field": "Chf_17", "parent_ChoiceGroup": "Chgp_4", "w": 160, "h": 19, "y": 1068, "x": 621, "structure_id": "Tr_70"}, {"parent_TextBlock": "Tb_46", "text": "(Attach license, schedule of fees, and VA Form 0730b.)", "parent_Field": null, "parent_Choice_Field": "Chf_17", "parent_ChoiceGroup": "Chgp_4", "w": 430, "h": 20, "y": 1091, "x": 621, "structure_id": "Tr_71"}, {"parent_TextBlock": "Tb_47", "text": "3H.  IS ANY OTHER FORM OF STATE, COUNTY OR LOCAL SUBSIDY BEING", "parent_Field": null, "parent_Choice_Field": null, "parent_ChoiceGroup": "Chgp_5", "w": 706, "h": 19, "y": 1123, "x": 91, "structure_id": "Tr_72"}, {"parent_TextBlock": "Tb_47", "text": "RECEIVED FOR THE CHILD(REN)?", "parent_Field": null, "parent_Choice_Field": null, "parent_ChoiceGroup": "Chgp_5", "w": 362, "h": 20, "y": 1142, "x": 91, "structure_id": "Tr_73"}, {"parent_TextBlock": "Tb_48", "text": "YES", "parent_Field": null, "parent_Choice_Field": "Chf_18", "parent_ChoiceGroup": "Chgp_5", "w": 45, "h": 19, "y": 1177, "x": 129, "structure_id": "Tr_74"}, {"parent_TextBlock": "Tb_48", "text": "(If \"YES,\" complete items 3J and 3K and submit a copy of", "parent_Field": null, "parent_Choice_Field": "Chf_18", "parent_ChoiceGroup": "Chgp_5", "w": 454, "h": 19, "y": 1177, "x": 174, "structure_id": "Tr_75"}, {"parent_TextBlock": "Tb_48", "text": "award letter.)", "parent_Field": null, "parent_Choice_Field": "Chf_18", "parent_ChoiceGroup": "Chgp_5", "w": 107, "h": 20, "y": 1196, "x": 129, "structure_id": "Tr_76"}, {"parent_TextBlock": "Tb_49", "text": "NO", "parent_Field": null, "parent_Choice_Field": "Chf_19", "parent_ChoiceGroup": "Chgp_5", "w": 29, "h": 19, "y": 1184, "x": 731, "structure_id": "Tr_77"}, {"parent_TextBlock": "Tb_50", "text": "3M.  TYPE OF CARE", "parent_Field": null, "parent_Choice_Field": null, "parent_ChoiceGroup": "Chgp_6", "w": 191, "h": 19, "y": 1225, "x": 1106, "structure_id": "Tr_78"}, {"parent_TextBlock": "Tb_50", "text": "(Check one)", "parent_Field": null, "parent_Choice_Field": null, "parent_ChoiceGroup": "Chgp_6", "w": 94, "h": 19, "y": 1225, "x": 1297, "structure_id": "Tr_79"}, {"parent_TextBlock": "Tb_51", "text": "CENTER-BASED", "parent_Field": null, "parent_Choice_Field": "Chf_20", "parent_ChoiceGroup": "Chgp_6", "w": 158, "h": 19, "y": 1277, "x": 1149, "structure_id": "Tr_80"}, {"parent_TextBlock": "Tb_52", "text": "FAMILY HOME-BASED", "parent_Field": null, "parent_Choice_Field": "Chf_21", "parent_ChoiceGroup": "Chgp_6", "w": 212, "h": 19, "y": 1327, "x": 1150, "structure_id": "Tr_81"}, {"parent_TextBlock": "Tb_53", "text": "OTHER", "parent_Field": null, "parent_Choice_Field": "Chf_22", "parent_ChoiceGroup": "Chgp_6", "w": 68, "h": 19, "y": 1377, "x": 1152, "structure_id": "Tr_82"}, {"parent_TextBlock": "Tb_54", "text": "VA-BASED", "parent_Field": null, "parent_Choice_Field": "Chf_23", "parent_ChoiceGroup": "Chgp_6", "w": 98, "h": 19, "y": 1277, "x": 1429, "structure_id": "Tr_83"}, {"parent_TextBlock": "Tb_55", "text": "SCHOOL-BASED", "parent_Field": null, "parent_Choice_Field": "Chf_24", "parent_ChoiceGroup": "Chgp_6", "w": 155, "h": 19, "y": 1327, "x": 1428, "structure_id": "Tr_84"}, {"parent_TextBlock": "Tb_56", "text": "SECTION III - SIGNATURE AND CERTIFICATION OF PARENT/LEGAL GUARDIAN", "parent_Field": null, "parent_Choice_Field": null, "parent_ChoiceGroup": null, "w": 849, "h": 23, "y": 1494, "x": 424, "structure_id": "Tr_85"}, {"parent_TextBlock": "Tb_57", "text": "RESPONDENT BURDEN", "parent_Field": null, "parent_Choice_Field": null, "parent_ChoiceGroup": null, "w": 251, "h": 22, "y": 1987, "x": 104, "structure_id": "Tr_86"}, {"parent_TextBlock": "Tb_57", "text": "-\u00c2\u00a0Public reporting burden for this collection of information is estimated to average 20 minutes per response, including the time for", "parent_Field": null, "parent_Choice_Field": null, "parent_ChoiceGroup": null, "w": 1166, "h": 22, "y": 1987, "x": 355, "structure_id": "Tr_87"}, {"parent_TextBlock": "Tb_57", "text": "reviewing instructions, searching existing data sources, gathering and maintaining the data needed, and completing and reviewing the collection of information. Send", "parent_Field": null, "parent_Choice_Field": null, "parent_ChoiceGroup": null, "w": 1475, "h": 22, "y": 2014, "x": 104, "structure_id": "Tr_88"}, {"parent_TextBlock": "Tb_57", "text": "comments regarding this burden estimate or any other aspects of this collection, including suggestions for reducing this burden, to the VA Clearance Officer (005R1B),", "parent_Field": null, "parent_Choice_Field": null, "parent_ChoiceGroup": null, "w": 1496, "h": 22, "y": 2041, "x": 104, "structure_id": "Tr_89"}, {"parent_TextBlock": "Tb_57", "text": "810 Vermont Avenue, NW, Washington, DC  20420.  DO NOT send requests for benefits to this address.", "parent_Field": null, "parent_Choice_Field": null, "parent_ChoiceGroup": null, "w": 938, "h": 22, "y": 2067, "x": 104, "structure_id": "Tr_90"}, {"parent_TextBlock": "Tb_58", "text": "If I answered \"YES,\" in Part I, block 12, I certify that my spouse has not applied for a child care subsidy from his/her Federal agency.", "parent_Field": null, "parent_Choice_Field": null, "parent_ChoiceGroup": null, "w": 1486, "h": 28, "y": 1735, "x": 104, "structure_id": "Tr_91"}, {"parent_TextBlock": "Tb_59", "text": "certify  that  the  above  information  is  true  and  complete  to  the  best  of  my  knowledge.  understand  that  failure  to  truthfully  set  forth", "parent_Field": null, "parent_Choice_Field": null, "parent_ChoiceGroup": null, "w": 1472, "h": 28, "y": 1535, "x": 122, "structure_id": "Tr_92"}, {"parent_TextBlock": "Tb_59", "text": "this  information  could  result  in  loss  of  child  care  subsidy  from  the  Department  of  Veterans  Affairs.  further  agree  to  inform  my", "parent_Field": null, "parent_Choice_Field": null, "parent_ChoiceGroup": null, "w": 1490, "h": 28, "y": 1569, "x": 104, "structure_id": "Tr_93"}, {"parent_TextBlock": "Tb_59", "text": "local  Human  Resources  (HR)  office  within  10  days  if  any  of  the  above  information  changes.  understand  that  awards  for  child  care", "parent_Field": null, "parent_Choice_Field": null, "parent_ChoiceGroup": null, "w": 1490, "h": 28, "y": 1602, "x": 104, "structure_id": "Tr_94"}, {"parent_TextBlock": "Tb_59", "text": "subsidy  are  made  on  first-come,  first-served  basis.  understand  that  failure  to  inform  my  local  HR  office  of  any  changes  in  status", "parent_Field": null, "parent_Choice_Field": null, "parent_ChoiceGroup": null, "w": 1490, "h": 28, "y": 1635, "x": 104, "structure_id": "Tr_95"}, {"parent_TextBlock": "Tb_59", "text": "may jeopardize my chances of receiving child care subsidy through the Department of Veterans Affairs Child Care Subsidy Program.", "parent_Field": null, "parent_Choice_Field": null, "parent_ChoiceGroup": null, "w": 1483, "h": 28, "y": 1669, "x": 104, "structure_id": "Tr_96"}, {"parent_TextBlock": "Tb_60", "text": "(Signature)", "parent_Field": "Fi_21", "parent_Choice_Field": null, "parent_ChoiceGroup": null, "w": 101, "h": 22, "y": 1890, "x": 412, "structure_id": "Tr_97"}, {"parent_TextBlock": "Tb_61", "text": "(Date of signature (MM/DD/YYYY))", "parent_Field": "Fi_22", "parent_Choice_Field": null, "parent_ChoiceGroup": null, "w": 322, "h": 22, "y": 1890, "x": 911, "structure_id": "Tr_98"}, {"parent_TextBlock": "Tb_62", "text": "VA FORM 0730a, AUG 2012, PAGE 2", "parent_Field": null, "parent_Choice_Field": null, "parent_ChoiceGroup": null, "w": 331, "h": 20, "y": 2109, "x": 87, "structure_id": "Tr_99"}], "ChoiceGroup": [{"y": 267, "x": 80, "structure_id": "Chgp_1", "w": 990, "h": 164}, {"y": 435, "x": 84, "structure_id": "Chgp_2", "w": 728, "h": 98}, {"y": 537, "x": 1104, "structure_id": "Chgp_3", "w": 510, "h": 242}, {"y": 949, "x": 82, "structure_id": "Chgp_4", "w": 992, "h": 164}, {"y": 1117, "x": 82, "structure_id": "Chgp_5", "w": 738, "h": 100}, {"y": 1221, "x": 1100, "structure_id": "Chgp_6", "w": 514, "h": 258}]}