{"Widget": [{"parent_Field": "Fi_1", "parent_Choice_Field": null, "parent_ChoiceGroup": null, "w": 183.30866141732284, "h": 33.33070866141732, "y": 937.1330708661417, "x": 1421.2275590551183, "structure_id": "Wi_1"}, {"parent_Field": "Fi_2", "parent_Choice_Field": null, "parent_ChoiceGroup": null, "w": 183.30866141732284, "h": 33.33070866141732, "y": 970.463779527559, "x": 1421.2275590551183, "structure_id": "Wi_2"}, {"parent_Field": "Fi_3", "parent_Choice_Field": null, "parent_ChoiceGroup": null, "w": 183.30866141732284, "h": 33.33070866141732, "y": 870.4724409448819, "x": 1421.2275590551183, "structure_id": "Wi_3"}, {"parent_Field": "Fi_4", "parent_Choice_Field": null, "parent_ChoiceGroup": null, "w": 183.30866141732284, "h": 33.33070866141732, "y": 1003.8031496062993, "x": 1421.2275590551183, "structure_id": "Wi_4"}, {"parent_Field": "Fi_5", "parent_Choice_Field": null, "parent_ChoiceGroup": null, "w": 311.1220472440945, "h": 33.33070866141732, "y": 1003.8031496062993, "x": 921.236220472441, "structure_id": "Wi_5"}, {"parent_Field": "Fi_6", "parent_Choice_Field": null, "parent_ChoiceGroup": null, "w": 183.30866141732284, "h": 33.33070866141732, "y": 1037.1330708661417, "x": 1421.2275590551183, "structure_id": "Wi_6"}, {"parent_Field": "Fi_7", "parent_Choice_Field": null, "parent_ChoiceGroup": null, "w": 183.30866141732284, "h": 33.33070866141732, "y": 1153.7944881889764, "x": 1421.2275590551183, "structure_id": "Wi_7"}, {"parent_Field": "Fi_8", "parent_Choice_Field": null, "parent_ChoiceGroup": null, "w": 183.30866141732284, "h": 33.33070866141732, "y": 1187.1251968503936, "x": 1421.2275590551183, "structure_id": "Wi_8"}, {"parent_Field": "Fi_9", "parent_Choice_Field": null, "parent_ChoiceGroup": null, "w": 183.30866141732284, "h": 33.33070866141732, "y": 903.8031496062993, "x": 1421.2275590551183, "structure_id": "Wi_9"}, {"parent_Field": "Fi_10", "parent_Choice_Field": null, "parent_ChoiceGroup": null, "w": 311.1220472440945, "h": 33.33070866141732, "y": 870.4724409448819, "x": 921.236220472441, "structure_id": "Wi_10"}, {"parent_Field": "Fi_11", "parent_Choice_Field": null, "parent_ChoiceGroup": null, "w": 183.30866141732284, "h": 33.33070866141732, "y": 837.1417322834645, "x": 1421.2275590551183, "structure_id": "Wi_11"}, {"parent_Field": "Fi_12", "parent_Choice_Field": null, "parent_ChoiceGroup": null, "w": 311.1220472440945, "h": 33.33070866141732, "y": 1037.1330708661417, "x": 921.236220472441, "structure_id": "Wi_12"}, {"parent_Field": "Fi_13", "parent_Choice_Field": null, "parent_ChoiceGroup": null, "w": 311.1220472440945, "h": 33.33070866141732, "y": 937.1330708661417, "x": 921.236220472441, "structure_id": "Wi_13"}, {"parent_Field": "Fi_14", "parent_Choice_Field": null, "parent_ChoiceGroup": null, "w": 311.1220472440945, "h": 33.33070866141732, "y": 970.463779527559, "x": 921.236220472441, "structure_id": "Wi_14"}, {"parent_Field": "Fi_15", "parent_Choice_Field": null, "parent_ChoiceGroup": null, "w": 311.1220472440945, "h": 33.33070866141732, "y": 903.8031496062993, "x": 921.236220472441, "structure_id": "Wi_15"}, {"parent_Field": "Fi_16", "parent_Choice_Field": null, "parent_ChoiceGroup": null, "w": 311.1220472440945, "h": 33.33070866141732, "y": 1187.1251968503936, "x": 921.236220472441, "structure_id": "Wi_16"}, {"parent_Field": "Fi_17", "parent_Choice_Field": null, "parent_ChoiceGroup": null, "w": 311.1220472440945, "h": 33.33070866141732, "y": 1153.7944881889764, "x": 921.236220472441, "structure_id": "Wi_17"}, {"parent_Field": "Fi_18", "parent_Choice_Field": null, "parent_ChoiceGroup": null, "w": 461.1141732283465, "h": 33.33070866141732, "y": 1187.1251968503936, "x": 337.88897637795276, "structure_id": "Wi_18"}, {"parent_Field": "Fi_19", "parent_Choice_Field": null, "parent_ChoiceGroup": null, "w": 183.30866141732284, "h": 33.33070866141732, "y": 803.8031496062993, "x": 1421.2275590551183, "structure_id": "Wi_19"}, {"parent_Field": "Fi_20", "parent_Choice_Field": null, "parent_ChoiceGroup": null, "w": 183.30866141732284, "h": 33.33070866141732, "y": 770.4637795275592, "x": 1421.2275590551183, "structure_id": "Wi_20"}, {"parent_Field": "Fi_21", "parent_Choice_Field": null, "parent_ChoiceGroup": null, "w": 311.1220472440945, "h": 33.33070866141732, "y": 837.1417322834645, "x": 921.236220472441, "structure_id": "Wi_21"}, {"parent_Field": "Fi_22", "parent_Choice_Field": null, "parent_ChoiceGroup": null, "w": 311.1220472440945, "h": 33.33070866141732, "y": 803.8031496062993, "x": 921.236220472441, "structure_id": "Wi_22"}, {"parent_Field": "Fi_23", "parent_Choice_Field": null, "parent_ChoiceGroup": null, "w": 311.1220472440945, "h": 33.33070866141732, "y": 770.4637795275592, "x": 921.236220472441, "structure_id": "Wi_23"}, {"parent_Field": "Fi_24", "parent_Choice_Field": null, "parent_ChoiceGroup": null, "w": 461.1141732283465, "h": 33.33070866141732, "y": 1153.7944881889764, "x": 337.88897637795276, "structure_id": "Wi_24"}, {"parent_Field": "Fi_25", "parent_Choice_Field": null, "parent_ChoiceGroup": null, "w": 1505.5582677165355, "h": 233.9220472440945, "y": 1271.4417322834645, "x": 99.50551181102362, "structure_id": "Wi_25"}, {"parent_Field": null, "parent_Choice_Field": "Chf_1", "parent_ChoiceGroup": "Chgp_1", "w": 25, "h": 25, "y": 595.0141732283465, "x": 111.94173228346457, "structure_id": "Wi_26"}, {"parent_Field": null, "parent_Choice_Field": "Chf_2", "parent_ChoiceGroup": "Chgp_1", "w": 25, "h": 25, "y": 593.6748031496063, "x": 228.61102362204724, "structure_id": "Wi_27"}, {"parent_Field": null, "parent_Choice_Field": "Chf_3", "parent_ChoiceGroup": "Chgp_2", "w": 25, "h": 25, "y": 777.4110236220473, "x": 112.88582677165354, "structure_id": "Wi_28"}, {"parent_Field": null, "parent_Choice_Field": "Chf_4", "parent_ChoiceGroup": "Chgp_2", "w": 25, "h": 25, "y": 810.7496062992126, "x": 112.88582677165354, "structure_id": "Wi_29"}, {"parent_Field": null, "parent_Choice_Field": "Chf_5", "parent_ChoiceGroup": "Chgp_2", "w": 25, "h": 25, "y": 844.08031496063, "x": 112.88582677165354, "structure_id": "Wi_30"}, {"parent_Field": null, "parent_Choice_Field": "Chf_6", "parent_ChoiceGroup": "Chgp_2", "w": 25, "h": 25, "y": 877.4110236220472, "x": 112.88582677165354, "structure_id": "Wi_31"}, {"parent_Field": null, "parent_Choice_Field": "Chf_7", "parent_ChoiceGroup": "Chgp_2", "w": 25, "h": 25, "y": 910.7417322834646, "x": 112.88582677165354, "structure_id": "Wi_32"}, {"parent_Field": null, "parent_Choice_Field": "Chf_8", "parent_ChoiceGroup": "Chgp_2", "w": 25, "h": 25, "y": 944.0724409448819, "x": 112.88582677165354, "structure_id": "Wi_33"}, {"parent_Field": null, "parent_Choice_Field": "Chf_9", "parent_ChoiceGroup": "Chgp_2", "w": 25, "h": 25, "y": 977.4110236220473, "x": 112.88582677165354, "structure_id": "Wi_34"}, {"parent_Field": null, "parent_Choice_Field": "Chf_10", "parent_ChoiceGroup": "Chgp_2", "w": 25, "h": 25, "y": 1010.7417322834646, "x": 112.88582677165354, "structure_id": "Wi_35"}, {"parent_Field": null, "parent_Choice_Field": "Chf_11", "parent_ChoiceGroup": "Chgp_2", "w": 25, "h": 25, "y": 1044.072440944882, "x": 112.88582677165354, "structure_id": "Wi_36"}, {"parent_Field": null, "parent_Choice_Field": "Chf_12", "parent_ChoiceGroup": "Chgp_2", "w": 25, "h": 25, "y": 1127.4031496062992, "x": 112.88582677165354, "structure_id": "Wi_37"}, {"parent_Field": "Fi_26", "parent_Choice_Field": null, "parent_ChoiceGroup": null, "w": 1505.5582677165355, "h": 201.6527559055118, "y": 1580.708661417323, "x": 97.44173228346457, "structure_id": "Wi_38"}, {"parent_Field": "Fi_27", "parent_Choice_Field": null, "parent_ChoiceGroup": null, "w": 1505.5582677165355, "h": 208.1417322834646, "y": 1858.5275590551182, "x": 94.44173228346457, "structure_id": "Wi_39"}, {"parent_Field": null, "parent_Choice_Field": "Chf_13", "parent_ChoiceGroup": "Chgp_3", "w": 25, "h": 25, "y": 1820.9748031496065, "x": 113.29763779527559, "structure_id": "Wi_40"}, {"parent_Field": null, "parent_Choice_Field": "Chf_14", "parent_ChoiceGroup": "Chgp_3", "w": 25, "h": 25, "y": 1820.9748031496065, "x": 229.95826771653546, "structure_id": "Wi_41"}, {"parent_Field": "Fi_28", "parent_Choice_Field": null, "parent_ChoiceGroup": null, "w": 147.1417322834646, "h": 46.83307086614173, "y": 392.13307086614174, "x": 96.68582677165355, "structure_id": "Wi_42"}, {"parent_Field": "Fi_28", "parent_Choice_Field": null, "parent_ChoiceGroup": null, "w": 90.35590551181102, "h": 46.83307086614173, "y": 392.13307086614174, "x": 284.8803149606299, "structure_id": "Wi_43"}, {"parent_Field": "Fi_28", "parent_Choice_Field": null, "parent_ChoiceGroup": null, "w": 188.88031496062993, "h": 46.83307086614173, "y": 392.13307086614174, "x": 425.0165354330709, "structure_id": "Wi_44"}, {"parent_Field": "Fi_29", "parent_Choice_Field": null, "parent_ChoiceGroup": null, "w": 571.3472440944881, "h": 45.79448818897638, "y": 304.64409448818895, "x": 94.82755905511812, "structure_id": "Wi_45"}, {"parent_Field": "Fi_29", "parent_Choice_Field": null, "parent_ChoiceGroup": null, "w": 48.36141732283465, "h": 45.79448818897638, "y": 304.64409448818895, "x": 693.1582677165354, "structure_id": "Wi_46"}, {"parent_Field": "Fi_29", "parent_Choice_Field": null, "parent_ChoiceGroup": null, "w": 856.5496062992127, "h": 45.79448818897638, "y": 304.64409448818895, "x": 751.4803149606299, "structure_id": "Wi_47"}], "TextBlock": [{"parent_Field": null, "parent_Choice_Field": null, "parent_ChoiceGroup": null, "w": 447, "h": 43, "y": 2087, "x": 599, "structure_id": "Tb_1"}, {"parent_Field": null, "parent_Choice_Field": null, "parent_ChoiceGroup": null, "w": 288, "h": 64, "y": 52, "x": 1326, "structure_id": "Tb_2"}, {"parent_Field": null, "parent_Choice_Field": null, "parent_ChoiceGroup": null, "w": 178, "h": 33, "y": 2092, "x": 199, "structure_id": "Tb_3"}, {"parent_Field": null, "parent_Choice_Field": null, "parent_ChoiceGroup": null, "w": 256, "h": 22, "y": 537, "x": 719, "structure_id": "Tb_4"}, {"parent_Field": "Fi_1", "parent_Choice_Field": null, "parent_ChoiceGroup": null, "w": 158, "h": 19, "y": 951, "x": 1255, "structure_id": "Tb_5"}, {"parent_Field": "Fi_2", "parent_Choice_Field": null, "parent_ChoiceGroup": null, "w": 158, "h": 20, "y": 984, "x": 1255, "structure_id": "Tb_6"}, {"parent_Field": "Fi_3", "parent_Choice_Field": null, "parent_ChoiceGroup": null, "w": 158, "h": 20, "y": 884, "x": 1255, "structure_id": "Tb_7"}, {"parent_Field": "Fi_4", "parent_Choice_Field": null, "parent_ChoiceGroup": null, "w": 158, "h": 19, "y": 1018, "x": 1255, "structure_id": "Tb_8"}, {"parent_Field": "Fi_5", "parent_Choice_Field": null, "parent_ChoiceGroup": null, "w": 91, "h": 19, "y": 1018, "x": 821, "structure_id": "Tb_9"}, {"parent_Field": "Fi_6", "parent_Choice_Field": null, "parent_ChoiceGroup": null, "w": 158, "h": 19, "y": 1051, "x": 1255, "structure_id": "Tb_10"}, {"parent_Field": "Fi_7", "parent_Choice_Field": null, "parent_ChoiceGroup": null, "w": 158, "h": 19, "y": 1168, "x": 1255, "structure_id": "Tb_11"}, {"parent_Field": "Fi_8", "parent_Choice_Field": null, "parent_ChoiceGroup": null, "w": 158, "h": 19, "y": 1201, "x": 1255, "structure_id": "Tb_12"}, {"parent_Field": "Fi_9", "parent_Choice_Field": null, "parent_ChoiceGroup": null, "w": 158, "h": 19, "y": 918, "x": 1255, "structure_id": "Tb_13"}, {"parent_Field": "Fi_10", "parent_Choice_Field": null, "parent_ChoiceGroup": null, "w": 91, "h": 20, "y": 884, "x": 821, "structure_id": "Tb_14"}, {"parent_Field": "Fi_11", "parent_Choice_Field": null, "parent_ChoiceGroup": null, "w": 158, "h": 19, "y": 851, "x": 1255, "structure_id": "Tb_15"}, {"parent_Field": "Fi_12", "parent_Choice_Field": null, "parent_ChoiceGroup": null, "w": 91, "h": 19, "y": 1051, "x": 821, "structure_id": "Tb_16"}, {"parent_Field": "Fi_13", "parent_Choice_Field": null, "parent_ChoiceGroup": null, "w": 91, "h": 19, "y": 951, "x": 821, "structure_id": "Tb_17"}, {"parent_Field": "Fi_14", "parent_Choice_Field": null, "parent_ChoiceGroup": null, "w": 91, "h": 20, "y": 984, "x": 821, "structure_id": "Tb_18"}, {"parent_Field": "Fi_15", "parent_Choice_Field": null, "parent_ChoiceGroup": null, "w": 91, "h": 19, "y": 918, "x": 821, "structure_id": "Tb_19"}, {"parent_Field": "Fi_16", "parent_Choice_Field": null, "parent_ChoiceGroup": null, "w": 91, "h": 19, "y": 1201, "x": 821, "structure_id": "Tb_20"}, {"parent_Field": "Fi_17", "parent_Choice_Field": null, "parent_ChoiceGroup": null, "w": 91, "h": 19, "y": 1168, "x": 821, "structure_id": "Tb_21"}, {"parent_Field": "Fi_18", "parent_Choice_Field": null, "parent_ChoiceGroup": null, "w": 171, "h": 19, "y": 1201, "x": 155, "structure_id": "Tb_22"}, {"parent_Field": "Fi_19", "parent_Choice_Field": null, "parent_ChoiceGroup": null, "w": 158, "h": 19, "y": 818, "x": 1255, "structure_id": "Tb_23"}, {"parent_Field": "Fi_20", "parent_Choice_Field": null, "parent_ChoiceGroup": null, "w": 158, "h": 20, "y": 784, "x": 1255, "structure_id": "Tb_24"}, {"parent_Field": "Fi_21", "parent_Choice_Field": null, "parent_ChoiceGroup": null, "w": 91, "h": 19, "y": 851, "x": 821, "structure_id": "Tb_25"}, {"parent_Field": "Fi_22", "parent_Choice_Field": null, "parent_ChoiceGroup": null, "w": 91, "h": 19, "y": 818, "x": 821, "structure_id": "Tb_26"}, {"parent_Field": "Fi_23", "parent_Choice_Field": null, "parent_ChoiceGroup": null, "w": 91, "h": 20, "y": 784, "x": 821, "structure_id": "Tb_27"}, {"parent_Field": null, "parent_Choice_Field": null, "parent_ChoiceGroup": null, "w": 967, "h": 22, "y": 1098, "x": 155, "structure_id": "Tb_28"}, {"parent_Field": "Fi_24", "parent_Choice_Field": null, "parent_ChoiceGroup": null, "w": 171, "h": 19, "y": 1168, "x": 155, "structure_id": "Tb_29"}, {"parent_Field": "Fi_25", "parent_Choice_Field": null, "parent_ChoiceGroup": null, "w": 1297, "h": 20, "y": 1244, "x": 99, "structure_id": "Tb_30"}, {"parent_Field": null, "parent_Choice_Field": null, "parent_ChoiceGroup": null, "w": 250, "h": 22, "y": 598, "x": 320, "structure_id": "Tb_31"}, {"parent_Field": null, "parent_Choice_Field": null, "parent_ChoiceGroup": null, "w": 1508, "h": 95, "y": 638, "x": 92, "structure_id": "Tb_32"}, {"parent_Field": null, "parent_Choice_Field": null, "parent_ChoiceGroup": "Chgp_1", "w": 1266, "h": 20, "y": 568, "x": 98, "structure_id": "Tb_33"}, {"parent_Field": null, "parent_Choice_Field": "Chf_1", "parent_ChoiceGroup": "Chgp_1", "w": 39, "h": 20, "y": 599, "x": 154, "structure_id": "Tb_34"}, {"parent_Field": null, "parent_Choice_Field": "Chf_2", "parent_ChoiceGroup": "Chgp_1", "w": 29, "h": 20, "y": 599, "x": 270, "structure_id": "Tb_35"}, {"parent_Field": null, "parent_Choice_Field": null, "parent_ChoiceGroup": "Chgp_2", "w": 585, "h": 22, "y": 743, "x": 99, "structure_id": "Tb_36"}, {"parent_Field": null, "parent_Choice_Field": "Chf_3", "parent_ChoiceGroup": "Chgp_2", "w": 177, "h": 20, "y": 784, "x": 155, "structure_id": "Tb_37"}, {"parent_Field": null, "parent_Choice_Field": "Chf_4", "parent_ChoiceGroup": "Chgp_2", "w": 182, "h": 19, "y": 818, "x": 155, "structure_id": "Tb_38"}, {"parent_Field": null, "parent_Choice_Field": "Chf_5", "parent_ChoiceGroup": "Chgp_2", "w": 164, "h": 19, "y": 851, "x": 155, "structure_id": "Tb_39"}, {"parent_Field": null, "parent_Choice_Field": "Chf_6", "parent_ChoiceGroup": "Chgp_2", "w": 148, "h": 20, "y": 884, "x": 155, "structure_id": "Tb_40"}, {"parent_Field": null, "parent_Choice_Field": "Chf_7", "parent_ChoiceGroup": "Chgp_2", "w": 101, "h": 19, "y": 918, "x": 155, "structure_id": "Tb_41"}, {"parent_Field": null, "parent_Choice_Field": "Chf_8", "parent_ChoiceGroup": "Chgp_2", "w": 268, "h": 19, "y": 951, "x": 155, "structure_id": "Tb_42"}, {"parent_Field": null, "parent_Choice_Field": "Chf_9", "parent_ChoiceGroup": "Chgp_2", "w": 189, "h": 20, "y": 984, "x": 155, "structure_id": "Tb_43"}, {"parent_Field": null, "parent_Choice_Field": "Chf_10", "parent_ChoiceGroup": "Chgp_2", "w": 181, "h": 19, "y": 1018, "x": 155, "structure_id": "Tb_44"}, {"parent_Field": null, "parent_Choice_Field": "Chf_11", "parent_ChoiceGroup": "Chgp_2", "w": 573, "h": 43, "y": 1044, "x": 155, "structure_id": "Tb_45"}, {"parent_Field": null, "parent_Choice_Field": "Chf_12", "parent_ChoiceGroup": "Chgp_2", "w": 247, "h": 20, "y": 1134, "x": 155, "structure_id": "Tb_46"}, {"parent_Field": null, "parent_Choice_Field": null, "parent_ChoiceGroup": null, "w": 344, "h": 22, "y": 1517, "x": 678, "structure_id": "Tb_47"}, {"parent_Field": "Fi_26", "parent_Choice_Field": null, "parent_ChoiceGroup": null, "w": 1332, "h": 22, "y": 1549, "x": 100, "structure_id": "Tb_48"}, {"parent_Field": "Fi_27", "parent_Choice_Field": null, "parent_ChoiceGroup": null, "w": 795, "h": 22, "y": 1825, "x": 322, "structure_id": "Tb_49"}, {"parent_Field": null, "parent_Choice_Field": null, "parent_ChoiceGroup": "Chgp_3", "w": 1182, "h": 20, "y": 1793, "x": 99, "structure_id": "Tb_50"}, {"parent_Field": null, "parent_Choice_Field": "Chf_13", "parent_ChoiceGroup": "Chgp_3", "w": 39, "h": 19, "y": 1827, "x": 155, "structure_id": "Tb_51"}, {"parent_Field": null, "parent_Choice_Field": "Chf_14", "parent_ChoiceGroup": "Chgp_3", "w": 29, "h": 19, "y": 1827, "x": 272, "structure_id": "Tb_52"}, {"parent_Field": null, "parent_Choice_Field": null, "parent_ChoiceGroup": null, "w": 633, "h": 56, "y": 125, "x": 816, "structure_id": "Tb_53"}, {"parent_Field": null, "parent_Choice_Field": null, "parent_ChoiceGroup": null, "w": 94, "h": 43, "y": 2088, "x": 82, "structure_id": "Tb_54"}, {"parent_Field": null, "parent_Choice_Field": null, "parent_ChoiceGroup": null, "w": 71, "h": 22, "y": 2106, "x": 1545, "structure_id": "Tb_55"}, {"parent_Field": null, "parent_Choice_Field": null, "parent_ChoiceGroup": null, "w": 1464, "h": 47, "y": 213, "x": 94, "structure_id": "Tb_56"}, {"parent_Field": null, "parent_Choice_Field": null, "parent_ChoiceGroup": null, "w": 1495, "h": 66, "y": 458, "x": 98, "structure_id": "Tb_57"}, {"parent_Field": "Fi_28", "parent_Choice_Field": null, "parent_ChoiceGroup": null, "w": 477, "h": 19, "y": 361, "x": 95, "structure_id": "Tb_58"}, {"parent_Field": "Fi_29", "parent_Choice_Field": null, "parent_ChoiceGroup": null, "w": 526, "h": 22, "y": 275, "x": 94, "structure_id": "Tb_59"}], "Choice_Field": [{"y": 595.0141732283465, "x": 111.94173228346457, "structure_id": "Chf_1", "w": 81.05826771653543, "h": 25}, {"y": 593.6748031496063, "x": 228.61102362204724, "structure_id": "Chf_2", "w": 70.38897637795276, "h": 25.325196850393695}, {"y": 777.4110236220473, "x": 112.88582677165354, "structure_id": "Chf_3", "w": 219.11417322834646, "h": 26.58897637795269}, {"y": 810.7496062992126, "x": 112.88582677165354, "structure_id": "Chf_4", "w": 224.11417322834646, "h": 26.250393700787413}, {"y": 844.08031496063, "x": 112.88582677165354, "structure_id": "Chf_5", "w": 206.11417322834646, "h": 25.91968503937005}, {"y": 877.4110236220472, "x": 112.88582677165354, "structure_id": "Chf_6", "w": 190.11417322834646, "h": 26.588976377952804}, {"y": 910.7417322834646, "x": 112.88582677165354, "structure_id": "Chf_7", "w": 143.11417322834646, "h": 26.258267716535443}, {"y": 944.0724409448819, "x": 112.88582677165354, "structure_id": "Chf_8", "w": 310.11417322834643, "h": 25.92755905511808}, {"y": 977.4110236220473, "x": 112.88582677165354, "structure_id": "Chf_9", "w": 231.11417322834646, "h": 26.58897637795269}, {"y": 1010.7417322834646, "x": 112.88582677165354, "structure_id": "Chf_10", "w": 223.11417322834646, "h": 26.258267716535443}, {"y": 1044, "x": 112.88582677165354, "structure_id": "Chf_11", "w": 615.1141732283464, "h": 43}, {"y": 1127.4031496062992, "x": 112.88582677165354, "structure_id": "Chf_12", "w": 289.11417322834643, "h": 26.596850393700834}, {"y": 1820.9748031496065, "x": 113.29763779527559, "structure_id": "Chf_13", "w": 80.70236220472441, "h": 25.025196850393513}, {"y": 1820.9748031496065, "x": 229.95826771653546, "structure_id": "Chf_14", "w": 71.04173228346454, "h": 25.025196850393513}], "Field": [{"y": 937.1330708661417, "x": 1255, "structure_id": "Fi_1", "w": 349.5362204724411, "h": 33.33070866141736}, {"y": 970.463779527559, "x": 1255, "structure_id": "Fi_2", "w": 349.5362204724411, "h": 33.53622047244096}, {"y": 870.4724409448819, "x": 1255, "structure_id": "Fi_3", "w": 349.5362204724411, "h": 33.527559055118104}, {"y": 1003.8031496062993, "x": 1255, "structure_id": "Fi_4", "w": 349.5362204724411, "h": 33.33070866141725}, {"y": 1003.8031496062993, "x": 821, "structure_id": "Fi_5", "w": 411.35826771653547, "h": 33.33070866141725}, {"y": 1037.1330708661417, "x": 1255, "structure_id": "Fi_6", "w": 349.5362204724411, "h": 33.33070866141725}, {"y": 1153.7944881889764, "x": 1255, "structure_id": "Fi_7", "w": 349.5362204724411, "h": 33.33070866141725}, {"y": 1187.1251968503936, "x": 1255, "structure_id": "Fi_8", "w": 349.5362204724411, "h": 33.33070866141725}, {"y": 903.8031496062993, "x": 1255, "structure_id": "Fi_9", "w": 349.5362204724411, "h": 33.33070866141736}, {"y": 870.4724409448819, "x": 821, "structure_id": "Fi_10", "w": 411.35826771653547, "h": 33.527559055118104}, {"y": 837.1417322834645, "x": 1255, "structure_id": "Fi_11", "w": 349.5362204724411, "h": 33.33070866141736}, {"y": 1037.1330708661417, "x": 821, "structure_id": "Fi_12", "w": 411.35826771653547, "h": 33.33070866141725}, {"y": 937.1330708661417, "x": 821, "structure_id": "Fi_13", "w": 411.35826771653547, "h": 33.33070866141736}, {"y": 970.463779527559, "x": 821, "structure_id": "Fi_14", "w": 411.35826771653547, "h": 33.53622047244096}, {"y": 903.8031496062993, "x": 821, "structure_id": "Fi_15", "w": 411.35826771653547, "h": 33.33070866141736}, {"y": 1187.1251968503936, "x": 821, "structure_id": "Fi_16", "w": 411.35826771653547, "h": 33.33070866141725}, {"y": 1153.7944881889764, "x": 821, "structure_id": "Fi_17", "w": 411.35826771653547, "h": 33.33070866141725}, {"y": 1187.1251968503936, "x": 155, "structure_id": "Fi_18", "w": 644.0031496062993, "h": 33.33070866141725}, {"y": 803.8031496062993, "x": 1255, "structure_id": "Fi_19", "w": 349.5362204724411, "h": 33.33070866141736}, {"y": 770.4637795275592, "x": 1255, "structure_id": "Fi_20", "w": 349.5362204724411, "h": 33.536220472440846}, {"y": 837.1417322834645, "x": 821, "structure_id": "Fi_21", "w": 411.35826771653547, "h": 33.33070866141736}, {"y": 803.8031496062993, "x": 821, "structure_id": "Fi_22", "w": 411.35826771653547, "h": 33.33070866141736}, {"y": 770.4637795275592, "x": 821, "structure_id": "Fi_23", "w": 411.35826771653547, "h": 33.536220472440846}, {"y": 1153.7944881889764, "x": 155, "structure_id": "Fi_24", "w": 644.0031496062993, "h": 33.33070866141725}, {"y": 1244, "x": 99, "structure_id": "Fi_25", "w": 1506.063779527559, "h": 261.363779527559}, {"y": 1549, "x": 97.44173228346457, "structure_id": "Fi_26", "w": 1505.5582677165355, "h": 233.36141732283477}, {"y": 1825, "x": 94.44173228346457, "structure_id": "Fi_27", "w": 1505.5582677165355, "h": 241.66929133858275}, {"y": 361, "x": 95, "structure_id": "Fi_28", "w": 518.8968503937008, "h": 77.96614173228346}, {"y": 275, "x": 94, "structure_id": "Fi_29", "w": 1514.0299212598425, "h": 75.43858267716536}], "TextRun": [{"parent_TextBlock": "Tb_1", "text": "SUPERSEDES VA FORM 21-0960G-2, OCT 2012,", "parent_Field": null, "parent_Choice_Field": null, "parent_ChoiceGroup": null, "w": 447, "h": 19, "y": 2087, "x": 599, "structure_id": "Tr_1"}, {"parent_TextBlock": "Tb_1", "text": "WHICH WILL NOT BE USED.", "parent_Field": null, "parent_Choice_Field": null, "parent_ChoiceGroup": null, "w": 259, "h": 20, "y": 2110, "x": 599, "structure_id": "Tr_2"}, {"parent_TextBlock": "Tb_2", "text": "OMB Control No. 2900-0778", "parent_Field": null, "parent_Choice_Field": null, "parent_ChoiceGroup": null, "w": 270, "h": 22, "y": 52, "x": 1326, "structure_id": "Tr_3"}, {"parent_TextBlock": "Tb_2", "text": "Respondent Burden: 15 Minutes", "parent_Field": null, "parent_Choice_Field": null, "parent_ChoiceGroup": null, "w": 288, "h": 22, "y": 73, "x": 1326, "structure_id": "Tr_4"}, {"parent_TextBlock": "Tb_2", "text": "Expiration Date:  09/30/2019", "parent_Field": null, "parent_Choice_Field": null, "parent_ChoiceGroup": null, "w": 260, "h": 23, "y": 93, "x": 1326, "structure_id": "Tr_5"}, {"parent_TextBlock": "Tb_3", "text": "21-0960G-2", "parent_Field": null, "parent_Choice_Field": null, "parent_ChoiceGroup": null, "w": 178, "h": 33, "y": 2092, "x": 199, "structure_id": "Tr_6"}, {"parent_TextBlock": "Tb_4", "text": "SECTION I - DIAGNOSIS", "parent_Field": null, "parent_Choice_Field": null, "parent_ChoiceGroup": null, "w": 256, "h": 22, "y": 537, "x": 719, "structure_id": "Tr_7"}, {"parent_TextBlock": "Tb_5", "text": "Date of Diagnosis:", "parent_Field": "Fi_1", "parent_Choice_Field": null, "parent_ChoiceGroup": null, "w": 158, "h": 19, "y": 951, "x": 1255, "structure_id": "Tr_8"}, {"parent_TextBlock": "Tb_6", "text": "Date of Diagnosis:", "parent_Field": "Fi_2", "parent_Choice_Field": null, "parent_ChoiceGroup": null, "w": 158, "h": 20, "y": 984, "x": 1255, "structure_id": "Tr_9"}, {"parent_TextBlock": "Tb_7", "text": "Date of Diagnosis:", "parent_Field": "Fi_3", "parent_Choice_Field": null, "parent_ChoiceGroup": null, "w": 158, "h": 20, "y": 884, "x": 1255, "structure_id": "Tr_10"}, {"parent_TextBlock": "Tb_8", "text": "Date of Diagnosis:", "parent_Field": "Fi_4", "parent_Choice_Field": null, "parent_ChoiceGroup": null, "w": 158, "h": 19, "y": 1018, "x": 1255, "structure_id": "Tr_11"}, {"parent_TextBlock": "Tb_9", "text": "ICD Code:", "parent_Field": "Fi_5", "parent_Choice_Field": null, "parent_ChoiceGroup": null, "w": 91, "h": 19, "y": 1018, "x": 821, "structure_id": "Tr_12"}, {"parent_TextBlock": "Tb_10", "text": "Date of Diagnosis:", "parent_Field": "Fi_6", "parent_Choice_Field": null, "parent_ChoiceGroup": null, "w": 158, "h": 19, "y": 1051, "x": 1255, "structure_id": "Tr_13"}, {"parent_TextBlock": "Tb_11", "text": "Date of Diagnosis:", "parent_Field": "Fi_7", "parent_Choice_Field": null, "parent_ChoiceGroup": null, "w": 158, "h": 19, "y": 1168, "x": 1255, "structure_id": "Tr_14"}, {"parent_TextBlock": "Tb_12", "text": "Date of Diagnosis:", "parent_Field": "Fi_8", "parent_Choice_Field": null, "parent_ChoiceGroup": null, "w": 158, "h": 19, "y": 1201, "x": 1255, "structure_id": "Tr_15"}, {"parent_TextBlock": "Tb_13", "text": "Date of Diagnosis:", "parent_Field": "Fi_9", "parent_Choice_Field": null, "parent_ChoiceGroup": null, "w": 158, "h": 19, "y": 918, "x": 1255, "structure_id": "Tr_16"}, {"parent_TextBlock": "Tb_14", "text": "ICD Code:", "parent_Field": "Fi_10", "parent_Choice_Field": null, "parent_ChoiceGroup": null, "w": 91, "h": 20, "y": 884, "x": 821, "structure_id": "Tr_17"}, {"parent_TextBlock": "Tb_15", "text": "Date of Diagnosis:", "parent_Field": "Fi_11", "parent_Choice_Field": null, "parent_ChoiceGroup": null, "w": 158, "h": 19, "y": 851, "x": 1255, "structure_id": "Tr_18"}, {"parent_TextBlock": "Tb_16", "text": "ICD Code:", "parent_Field": "Fi_12", "parent_Choice_Field": null, "parent_ChoiceGroup": null, "w": 91, "h": 19, "y": 1051, "x": 821, "structure_id": "Tr_19"}, {"parent_TextBlock": "Tb_17", "text": "ICD Code:", "parent_Field": "Fi_13", "parent_Choice_Field": null, "parent_ChoiceGroup": null, "w": 91, "h": 19, "y": 951, "x": 821, "structure_id": "Tr_20"}, {"parent_TextBlock": "Tb_18", "text": "ICD Code:", "parent_Field": "Fi_14", "parent_Choice_Field": null, "parent_ChoiceGroup": null, "w": 91, "h": 20, "y": 984, "x": 821, "structure_id": "Tr_21"}, {"parent_TextBlock": "Tb_19", "text": "ICD Code:", "parent_Field": "Fi_15", "parent_Choice_Field": null, "parent_ChoiceGroup": null, "w": 91, "h": 19, "y": 918, "x": 821, "structure_id": "Tr_22"}, {"parent_TextBlock": "Tb_20", "text": "ICD Code:", "parent_Field": "Fi_16", "parent_Choice_Field": null, "parent_ChoiceGroup": null, "w": 91, "h": 19, "y": 1201, "x": 821, "structure_id": "Tr_23"}, {"parent_TextBlock": "Tb_21", "text": "ICD Code:", "parent_Field": "Fi_17", "parent_Choice_Field": null, "parent_ChoiceGroup": null, "w": 91, "h": 19, "y": 1168, "x": 821, "structure_id": "Tr_24"}, {"parent_TextBlock": "Tb_22", "text": "Other Diagnosis #2:", "parent_Field": "Fi_18", "parent_Choice_Field": null, "parent_ChoiceGroup": null, "w": 171, "h": 19, "y": 1201, "x": 155, "structure_id": "Tr_25"}, {"parent_TextBlock": "Tb_23", "text": "Date of Diagnosis:", "parent_Field": "Fi_19", "parent_Choice_Field": null, "parent_ChoiceGroup": null, "w": 158, "h": 19, "y": 818, "x": 1255, "structure_id": "Tr_26"}, {"parent_TextBlock": "Tb_24", "text": "Date of Diagnosis:", "parent_Field": "Fi_20", "parent_Choice_Field": null, "parent_ChoiceGroup": null, "w": 158, "h": 20, "y": 784, "x": 1255, "structure_id": "Tr_27"}, {"parent_TextBlock": "Tb_25", "text": "ICD Code:", "parent_Field": "Fi_21", "parent_Choice_Field": null, "parent_ChoiceGroup": null, "w": 91, "h": 19, "y": 851, "x": 821, "structure_id": "Tr_28"}, {"parent_TextBlock": "Tb_26", "text": "ICD Code:", "parent_Field": "Fi_22", "parent_Choice_Field": null, "parent_ChoiceGroup": null, "w": 91, "h": 19, "y": 818, "x": 821, "structure_id": "Tr_29"}, {"parent_TextBlock": "Tb_27", "text": "ICD Code:", "parent_Field": "Fi_23", "parent_Choice_Field": null, "parent_ChoiceGroup": null, "w": 91, "h": 20, "y": 784, "x": 821, "structure_id": "Tr_30"}, {"parent_TextBlock": "Tb_28", "text": "(If checked, ALSO complete VA Form 21-0960G-6, Peritoneal Adhesions Disability Benefits Questionnaire)", "parent_Field": null, "parent_Choice_Field": null, "parent_ChoiceGroup": null, "w": 967, "h": 22, "y": 1098, "x": 155, "structure_id": "Tr_31"}, {"parent_TextBlock": "Tb_29", "text": "Other Diagnosis #1:", "parent_Field": "Fi_24", "parent_Choice_Field": null, "parent_ChoiceGroup": null, "w": 171, "h": 19, "y": 1168, "x": 155, "structure_id": "Tr_32"}, {"parent_TextBlock": "Tb_30", "text": "1C. IF THERE ARE ADDITIONAL DIAGNOSES THAT PERTAIN TO GALLBLADDER OR PANCREAS CONDITIONS, LIST USING ABOVE FORMAT:", "parent_Field": "Fi_25", "parent_Choice_Field": null, "parent_ChoiceGroup": null, "w": 1297, "h": 20, "y": 1244, "x": 99, "structure_id": "Tr_33"}, {"parent_TextBlock": "Tb_31", "text": "(If \"Yes,\" complete Item 1B)", "parent_Field": null, "parent_Choice_Field": null, "parent_ChoiceGroup": null, "w": 250, "h": 22, "y": 598, "x": 320, "structure_id": "Tr_34"}, {"parent_TextBlock": "Tb_32", "text": "NOTE:", "parent_Field": null, "parent_Choice_Field": null, "parent_ChoiceGroup": null, "w": 81, "h": 22, "y": 638, "x": 92, "structure_id": "Tr_35"}, {"parent_TextBlock": "Tb_32", "text": "These are the diagnoses determined during this current evaluation of the claimed condition(s) listed below.  If there is no diagnosis, if the diagnosis is different", "parent_Field": null, "parent_Choice_Field": null, "parent_ChoiceGroup": null, "w": 1418, "h": 22, "y": 638, "x": 173, "structure_id": "Tr_36"}, {"parent_TextBlock": "Tb_32", "text": "from a previous diagnosis for this condition, or if there is a diagnosis of a complication due to the claimed condition, explain your findings and reasons in the Remarks", "parent_Field": null, "parent_Choice_Field": null, "parent_ChoiceGroup": null, "w": 1489, "h": 22, "y": 663, "x": 92, "structure_id": "Tr_37"}, {"parent_TextBlock": "Tb_32", "text": "section.  Date of diagnosis can be the date of the evaluation if the clinician is making the initial diagnosis, or an approximate date is determined through record review or", "parent_Field": null, "parent_Choice_Field": null, "parent_ChoiceGroup": null, "w": 1508, "h": 22, "y": 688, "x": 92, "structure_id": "Tr_38"}, {"parent_TextBlock": "Tb_32", "text": "reported history.", "parent_Field": null, "parent_Choice_Field": null, "parent_ChoiceGroup": null, "w": 146, "h": 20, "y": 713, "x": 92, "structure_id": "Tr_39"}, {"parent_TextBlock": "Tb_33", "text": "1A. DOES THE VETERAN NOW HAVE OR HAS HE OR SHE EVER BEEN DIAGNOSED WITH A GALLBLADDER OR PANCREAS CONDITION?", "parent_Field": null, "parent_Choice_Field": null, "parent_ChoiceGroup": "Chgp_1", "w": 1266, "h": 20, "y": 568, "x": 98, "structure_id": "Tr_40"}, {"parent_TextBlock": "Tb_34", "text": "YES", "parent_Field": null, "parent_Choice_Field": "Chf_1", "parent_ChoiceGroup": "Chgp_1", "w": 39, "h": 20, "y": 599, "x": 154, "structure_id": "Tr_41"}, {"parent_TextBlock": "Tb_35", "text": "NO", "parent_Field": null, "parent_Choice_Field": "Chf_2", "parent_ChoiceGroup": "Chgp_1", "w": 29, "h": 20, "y": 599, "x": 270, "structure_id": "Tr_42"}, {"parent_TextBlock": "Tb_36", "text": "1B. SELECT THE VETERAN'S CONDITION", "parent_Field": null, "parent_Choice_Field": null, "parent_ChoiceGroup": "Chgp_2", "w": 388, "h": 19, "y": 745, "x": 99, "structure_id": "Tr_43"}, {"parent_TextBlock": "Tb_36", "text": "(check all that apply):", "parent_Field": null, "parent_Choice_Field": null, "parent_ChoiceGroup": "Chgp_2", "w": 197, "h": 22, "y": 743, "x": 487, "structure_id": "Tr_44"}, {"parent_TextBlock": "Tb_37", "text": "Chronic cholecystitis", "parent_Field": null, "parent_Choice_Field": "Chf_3", "parent_ChoiceGroup": "Chgp_2", "w": 177, "h": 20, "y": 784, "x": 155, "structure_id": "Tr_45"}, {"parent_TextBlock": "Tb_38", "text": "Chronic cholelithiasis", "parent_Field": null, "parent_Choice_Field": "Chf_4", "parent_ChoiceGroup": "Chgp_2", "w": 182, "h": 19, "y": 818, "x": 155, "structure_id": "Tr_46"}, {"parent_TextBlock": "Tb_39", "text": "Chronic cholangitis", "parent_Field": null, "parent_Choice_Field": "Chf_5", "parent_ChoiceGroup": "Chgp_2", "w": 164, "h": 19, "y": 851, "x": 155, "structure_id": "Tr_47"}, {"parent_TextBlock": "Tb_40", "text": "Cholecystectomy", "parent_Field": null, "parent_Choice_Field": "Chf_6", "parent_ChoiceGroup": "Chgp_2", "w": 148, "h": 20, "y": 884, "x": 155, "structure_id": "Tr_48"}, {"parent_TextBlock": "Tb_41", "text": "Pancreatitis", "parent_Field": null, "parent_Choice_Field": "Chf_7", "parent_ChoiceGroup": "Chgp_2", "w": 101, "h": 19, "y": 918, "x": 155, "structure_id": "Tr_49"}, {"parent_TextBlock": "Tb_42", "text": "Total or partial pancreatectomy", "parent_Field": null, "parent_Choice_Field": "Chf_8", "parent_ChoiceGroup": "Chgp_2", "w": 268, "h": 19, "y": 951, "x": 155, "structure_id": "Tr_50"}, {"parent_TextBlock": "Tb_43", "text": "Gallbladder neoplasm", "parent_Field": null, "parent_Choice_Field": "Chf_9", "parent_ChoiceGroup": "Chgp_2", "w": 189, "h": 20, "y": 984, "x": 155, "structure_id": "Tr_51"}, {"parent_TextBlock": "Tb_44", "text": "Pancreatic neoplasm", "parent_Field": null, "parent_Choice_Field": "Chf_10", "parent_ChoiceGroup": "Chgp_2", "w": 181, "h": 19, "y": 1018, "x": 155, "structure_id": "Tr_52"}, {"parent_TextBlock": "Tb_45", "text": "Gallbladder or pancreas injury, with peritoneal adhesions resulting", "parent_Field": null, "parent_Choice_Field": "Chf_11", "parent_ChoiceGroup": "Chgp_2", "w": 573, "h": 20, "y": 1044, "x": 155, "structure_id": "Tr_53"}, {"parent_TextBlock": "Tb_45", "text": "from this injury", "parent_Field": null, "parent_Choice_Field": "Chf_11", "parent_ChoiceGroup": "Chgp_2", "w": 126, "h": 19, "y": 1068, "x": 155, "structure_id": "Tr_54"}, {"parent_TextBlock": "Tb_46", "text": "Other gallbladder conditions:", "parent_Field": null, "parent_Choice_Field": "Chf_12", "parent_ChoiceGroup": "Chgp_2", "w": 247, "h": 20, "y": 1134, "x": 155, "structure_id": "Tr_55"}, {"parent_TextBlock": "Tb_47", "text": "SECTION II - MEDICAL HISTORY", "parent_Field": null, "parent_Choice_Field": null, "parent_ChoiceGroup": null, "w": 344, "h": 22, "y": 1517, "x": 678, "structure_id": "Tr_56"}, {"parent_TextBlock": "Tb_48", "text": "2A. DESCRIBE THE HISTORY", "parent_Field": "Fi_26", "parent_Choice_Field": null, "parent_ChoiceGroup": null, "w": 275, "h": 19, "y": 1551, "x": 100, "structure_id": "Tr_57"}, {"parent_TextBlock": "Tb_48", "text": "(including onset and course)", "parent_Field": "Fi_26", "parent_Choice_Field": null, "parent_ChoiceGroup": null, "w": 255, "h": 22, "y": 1549, "x": 375, "structure_id": "Tr_58"}, {"parent_TextBlock": "Tb_48", "text": "OF THE VETERAN'S GALLBLADDER AND/OR PANCREAS CONDITION", "parent_Field": "Fi_26", "parent_Choice_Field": null, "parent_ChoiceGroup": null, "w": 651, "h": 19, "y": 1551, "x": 630, "structure_id": "Tr_59"}, {"parent_TextBlock": "Tb_48", "text": "(brief summary):", "parent_Field": "Fi_26", "parent_Choice_Field": null, "parent_ChoiceGroup": null, "w": 151, "h": 22, "y": 1549, "x": 1281, "structure_id": "Tr_60"}, {"parent_TextBlock": "Tb_49", "text": "(If \"Yes,\" list only those medications required for the gallbladder or pancreas condition):", "parent_Field": "Fi_27", "parent_Choice_Field": null, "parent_ChoiceGroup": null, "w": 795, "h": 22, "y": 1825, "x": 322, "structure_id": "Tr_61"}, {"parent_TextBlock": "Tb_50", "text": "2B. IS CONTINUOUS MEDICATION REQUIRED FOR CONTROL OF THE VETERAN'S GALLBLADDER OR PANCREAS CONDITION?", "parent_Field": null, "parent_Choice_Field": null, "parent_ChoiceGroup": "Chgp_3", "w": 1182, "h": 20, "y": 1793, "x": 99, "structure_id": "Tr_62"}, {"parent_TextBlock": "Tb_51", "text": "YES", "parent_Field": null, "parent_Choice_Field": "Chf_13", "parent_ChoiceGroup": "Chgp_3", "w": 39, "h": 19, "y": 1827, "x": 155, "structure_id": "Tr_63"}, {"parent_TextBlock": "Tb_52", "text": "NO", "parent_Field": null, "parent_Choice_Field": "Chf_14", "parent_ChoiceGroup": "Chgp_3", "w": 29, "h": 19, "y": 1827, "x": 272, "structure_id": "Tr_64"}, {"parent_TextBlock": "Tb_53", "text": "GALLBLADDER AND PANCREAS CONDITIONS", "parent_Field": null, "parent_Choice_Field": null, "parent_ChoiceGroup": null, "w": 633, "h": 28, "y": 125, "x": 816, "structure_id": "Tr_65"}, {"parent_TextBlock": "Tb_53", "text": "DISABILITY BENEFITS QUESTIONNAIRE", "parent_Field": null, "parent_Choice_Field": null, "parent_ChoiceGroup": null, "w": 539, "h": 28, "y": 153, "x": 859, "structure_id": "Tr_66"}, {"parent_TextBlock": "Tb_54", "text": "VA\u00c2\u00a0FORM", "parent_Field": null, "parent_Choice_Field": null, "parent_ChoiceGroup": null, "w": 94, "h": 20, "y": 2088, "x": 82, "structure_id": "Tr_67"}, {"parent_TextBlock": "Tb_54", "text": "SEP 2016", "parent_Field": null, "parent_Choice_Field": null, "parent_ChoiceGroup": null, "w": 88, "h": 19, "y": 2112, "x": 82, "structure_id": "Tr_68"}, {"parent_TextBlock": "Tb_55", "text": "Page 1", "parent_Field": null, "parent_Choice_Field": null, "parent_ChoiceGroup": null, "w": 71, "h": 22, "y": 2106, "x": 1545, "structure_id": "Tr_69"}, {"parent_TextBlock": "Tb_56", "text": "PROCESS OF COMPLETING AND/OR SUBMITTING THIS FORM. PLEASE READ THE PRIVACY ACT AND RESPONDENT BURDEN INFORMATION", "parent_Field": null, "parent_Choice_Field": null, "parent_ChoiceGroup": null, "w": 1464, "h": 22, "y": 213, "x": 94, "structure_id": "Tr_70"}, {"parent_TextBlock": "Tb_56", "text": "BEFORE COMPLETING THIS FORM.", "parent_Field": null, "parent_Choice_Field": null, "parent_ChoiceGroup": null, "w": 369, "h": 22, "y": 238, "x": 94, "structure_id": "Tr_71"}, {"parent_TextBlock": "Tb_57", "text": "NOTE TO PHYSICIAN", "parent_Field": null, "parent_Choice_Field": null, "parent_ChoiceGroup": null, "w": 231, "h": 22, "y": 458, "x": 98, "structure_id": "Tr_72"}, {"parent_TextBlock": "Tb_57", "text": "\u00c2\u00a0- Your patient is applying to the U.S. Department of Veterans Affairs (VA) for disability benefits. VA will consider the information you", "parent_Field": null, "parent_Choice_Field": null, "parent_ChoiceGroup": null, "w": 1227, "h": 22, "y": 458, "x": 329, "structure_id": "Tr_73"}, {"parent_TextBlock": "Tb_57", "text": "provide on this questionnaire as part of their evaluation in processing the veteran's claim. VA reserves the right to confirm the authenticity of ALL DBQs completed by", "parent_Field": null, "parent_Choice_Field": null, "parent_ChoiceGroup": null, "w": 1495, "h": 22, "y": 480, "x": 98, "structure_id": "Tr_74"}, {"parent_TextBlock": "Tb_57", "text": "private health care providers.", "parent_Field": null, "parent_Choice_Field": null, "parent_ChoiceGroup": null, "w": 259, "h": 22, "y": 502, "x": 98, "structure_id": "Tr_75"}, {"parent_TextBlock": "Tb_58", "text": "PATIENT/VETERAN'S SOCIAL SECURITY NUMBER", "parent_Field": "Fi_28", "parent_Choice_Field": null, "parent_ChoiceGroup": null, "w": 477, "h": 19, "y": 361, "x": 95, "structure_id": "Tr_76"}, {"parent_TextBlock": "Tb_59", "text": "NAME OF PATIENT/VETERAN", "parent_Field": "Fi_29", "parent_Choice_Field": null, "parent_ChoiceGroup": null, "w": 284, "h": 19, "y": 277, "x": 94, "structure_id": "Tr_77"}, {"parent_TextBlock": "Tb_59", "text": "(First, Middle Initial, Last)", "parent_Field": "Fi_29", "parent_Choice_Field": null, "parent_ChoiceGroup": null, "w": 242, "h": 22, "y": 275, "x": 378, "structure_id": "Tr_78"}], "ChoiceGroup": [{"y": 562.03125, "x": 84, "structure_id": "Chgp_1", "w": 1522, "h": 174}, {"y": 736.03125, "x": 90, "structure_id": "Chgp_2", "w": 1518, "h": 492}, {"y": 1789.03125, "x": 84, "structure_id": "Chgp_3", "w": 1522, "h": 283}]}