{"Widget": [{"parent_Field": "Fi_1", "parent_Choice_Field": null, "parent_ChoiceGroup": null, "w": 629, "h": 44, "y": 404.03125, "x": 152.0078125, "structure_id": "Wi_1"}, {"parent_Field": "Fi_2", "parent_Choice_Field": null, "parent_ChoiceGroup": null, "w": 649.3944881889764, "h": 40.41653543307087, "y": 1280.5968503937008, "x": 149.08582677165356, "structure_id": "Wi_2"}, {"parent_Field": "Fi_3", "parent_Choice_Field": null, "parent_ChoiceGroup": null, "w": 645.2110236220473, "h": 40.414173228346456, "y": 536.2834645669292, "x": 152.4551181102362, "structure_id": "Wi_3"}, {"parent_Field": "Fi_4", "parent_Choice_Field": null, "parent_ChoiceGroup": null, "w": 645.2110236220473, "h": 40.414173228346456, "y": 641.9748031496063, "x": 152.4551181102362, "structure_id": "Wi_4"}, {"parent_Field": "Fi_5", "parent_Choice_Field": null, "parent_ChoiceGroup": null, "w": 649.3944881889764, "h": 40.41653543307087, "y": 1174.9055118110236, "x": 149.08582677165356, "structure_id": "Wi_5"}, {"parent_Field": "Fi_6", "parent_Choice_Field": null, "parent_ChoiceGroup": null, "w": 645, "h": 38, "y": 1046.03125, "x": 155.0078125, "structure_id": "Wi_6"}, {"parent_Field": "Fi_7", "parent_Choice_Field": null, "parent_ChoiceGroup": null, "w": 645.2110236220473, "h": 40.414173228346456, "y": 747.4976377952755, "x": 153.3220472440945, "structure_id": "Wi_7"}, {"parent_Field": "Fi_8", "parent_Choice_Field": null, "parent_ChoiceGroup": null, "w": 649.3944881889764, "h": 40.41653543307087, "y": 1384.763779527559, "x": 149.08582677165356, "structure_id": "Wi_8"}, {"parent_Field": "Fi_9", "parent_Choice_Field": null, "parent_ChoiceGroup": null, "w": 656, "h": 60, "y": 392.03125, "x": 890.0078125, "structure_id": "Wi_9"}, {"parent_Field": "Fi_10", "parent_Choice_Field": null, "parent_ChoiceGroup": null, "w": 651.4078740157481, "h": 40.41653543307087, "y": 1280.5968503937008, "x": 899.88031496063, "structure_id": "Wi_10"}, {"parent_Field": "Fi_11", "parent_Choice_Field": null, "parent_ChoiceGroup": null, "w": 651.4078740157481, "h": 40.41653543307087, "y": 536.2834645669292, "x": 899.0724409448819, "structure_id": "Wi_11"}, {"parent_Field": "Fi_12", "parent_Choice_Field": null, "parent_ChoiceGroup": null, "w": 651.4078740157481, "h": 40.41653543307087, "y": 1174.9055118110236, "x": 899.88031496063, "structure_id": "Wi_12"}, {"parent_Field": "Fi_13", "parent_Choice_Field": null, "parent_ChoiceGroup": null, "w": 660, "h": 51, "y": 1031.03125, "x": 890.0078125, "structure_id": "Wi_13"}, {"parent_Field": "Fi_14", "parent_Choice_Field": null, "parent_ChoiceGroup": null, "w": 651.4078740157481, "h": 40.41653543307087, "y": 1384.763779527559, "x": 899.88031496063, "structure_id": "Wi_14"}, {"parent_Field": "Fi_15", "parent_Choice_Field": null, "parent_ChoiceGroup": null, "w": 651.4078740157481, "h": 40.41653543307087, "y": 641.9748031496063, "x": 899.0724409448819, "structure_id": "Wi_15"}, {"parent_Field": "Fi_16", "parent_Choice_Field": null, "parent_ChoiceGroup": null, "w": 651.4078740157481, "h": 40.41653543307087, "y": 746.1417322834646, "x": 899.0724409448819, "structure_id": "Wi_16"}], "TextBlock": [{"parent_Field": null, "parent_Choice_Field": null, "parent_ChoiceGroup": null, "w": 950, "h": 33, "y": 156, "x": 371, "structure_id": "Tb_1"}, {"parent_Field": null, "parent_Choice_Field": null, "parent_ChoiceGroup": null, "w": 201, "h": 23, "y": 2074, "x": 150, "structure_id": "Tb_2"}, {"parent_Field": null, "parent_Choice_Field": null, "parent_ChoiceGroup": null, "w": 136, "h": 22, "y": 2074, "x": 1398, "structure_id": "Tb_3"}, {"parent_Field": "Fi_1", "parent_Choice_Field": null, "parent_ChoiceGroup": null, "w": 638, "h": 49, "y": 458, "x": 151, "structure_id": "Tb_4"}, {"parent_Field": "Fi_2", "parent_Choice_Field": null, "parent_ChoiceGroup": null, "w": 372, "h": 22, "y": 1332, "x": 151, "structure_id": "Tb_5"}, {"parent_Field": "Fi_3", "parent_Choice_Field": null, "parent_ChoiceGroup": null, "w": 164, "h": 22, "y": 589, "x": 151, "structure_id": "Tb_6"}, {"parent_Field": "Fi_4", "parent_Choice_Field": null, "parent_ChoiceGroup": null, "w": 372, "h": 23, "y": 694, "x": 151, "structure_id": "Tb_7"}, {"parent_Field": "Fi_5", "parent_Choice_Field": null, "parent_ChoiceGroup": null, "w": 164, "h": 22, "y": 1227, "x": 151, "structure_id": "Tb_8"}, {"parent_Field": "Fi_6", "parent_Choice_Field": null, "parent_ChoiceGroup": null, "w": 607, "h": 48, "y": 1096, "x": 151, "structure_id": "Tb_9"}, {"parent_Field": "Fi_7", "parent_Choice_Field": null, "parent_ChoiceGroup": null, "w": 360, "h": 22, "y": 800, "x": 151, "structure_id": "Tb_10"}, {"parent_Field": "Fi_8", "parent_Choice_Field": null, "parent_ChoiceGroup": null, "w": 360, "h": 23, "y": 1437, "x": 151, "structure_id": "Tb_11"}, {"parent_Field": "Fi_9", "parent_Choice_Field": null, "parent_ChoiceGroup": null, "w": 602, "h": 22, "y": 461, "x": 901, "structure_id": "Tb_12"}, {"parent_Field": "Fi_10", "parent_Choice_Field": null, "parent_ChoiceGroup": null, "w": 372, "h": 22, "y": 1332, "x": 901, "structure_id": "Tb_13"}, {"parent_Field": "Fi_11", "parent_Choice_Field": null, "parent_ChoiceGroup": null, "w": 163, "h": 22, "y": 589, "x": 901, "structure_id": "Tb_14"}, {"parent_Field": "Fi_12", "parent_Choice_Field": null, "parent_ChoiceGroup": null, "w": 163, "h": 22, "y": 1227, "x": 901, "structure_id": "Tb_15"}, {"parent_Field": "Fi_13", "parent_Choice_Field": null, "parent_ChoiceGroup": null, "w": 613, "h": 48, "y": 1096, "x": 901, "structure_id": "Tb_16"}, {"parent_Field": "Fi_14", "parent_Choice_Field": null, "parent_ChoiceGroup": null, "w": 360, "h": 23, "y": 1437, "x": 901, "structure_id": "Tb_17"}, {"parent_Field": "Fi_15", "parent_Choice_Field": null, "parent_ChoiceGroup": null, "w": 372, "h": 23, "y": 694, "x": 901, "structure_id": "Tb_18"}, {"parent_Field": "Fi_16", "parent_Choice_Field": null, "parent_ChoiceGroup": null, "w": 360, "h": 22, "y": 800, "x": 901, "structure_id": "Tb_19"}], "Choice_Field": [], "Field": [{"y": 404.03125, "x": 151, "structure_id": "Fi_1", "w": 638, "h": 102.96875}, {"y": 1280.5968503937008, "x": 149.08582677165356, "structure_id": "Fi_2", "w": 649.3944881889765, "h": 73.40314960629917}, {"y": 536.2834645669292, "x": 151, "structure_id": "Fi_3", "w": 646.6661417322834, "h": 74.71653543307082}, {"y": 641.9748031496063, "x": 151, "structure_id": "Fi_4", "w": 646.6661417322834, "h": 75.02519685039374}, {"y": 1174.9055118110236, "x": 149.08582677165356, "structure_id": "Fi_5", "w": 649.3944881889765, "h": 74.09448818897636}, {"y": 1046.03125, "x": 151, "structure_id": "Fi_6", "w": 649.0078125, "h": 97.96875}, {"y": 747.4976377952755, "x": 151, "structure_id": "Fi_7", "w": 647.5330708661418, "h": 74.50236220472448}, {"y": 1384.763779527559, "x": 149.08582677165356, "structure_id": "Fi_8", "w": 649.3944881889765, "h": 75.23622047244089}, {"y": 392.03125, "x": 890.0078125, "structure_id": "Fi_9", "w": 656, "h": 90.96875}, {"y": 1280.5968503937008, "x": 899.88031496063, "structure_id": "Fi_10", "w": 651.407874015748, "h": 73.40314960629917}, {"y": 536.2834645669292, "x": 899.0724409448819, "structure_id": "Fi_11", "w": 651.4078740157481, "h": 74.71653543307082}, {"y": 1174.9055118110236, "x": 899.88031496063, "structure_id": "Fi_12", "w": 651.407874015748, "h": 74.09448818897636}, {"y": 1031.03125, "x": 890.0078125, "structure_id": "Fi_13", "w": 660, "h": 112.96875}, {"y": 1384.763779527559, "x": 899.88031496063, "structure_id": "Fi_14", "w": 651.407874015748, "h": 75.23622047244089}, {"y": 641.9748031496063, "x": 899.0724409448819, "structure_id": "Fi_15", "w": 651.4078740157481, "h": 75.02519685039374}, {"y": 746.1417322834646, "x": 899.0724409448819, "structure_id": "Fi_16", "w": 651.4078740157481, "h": 75.85826771653535}], "TextRun": [{"parent_TextBlock": "Tb_1", "text": "DEPARTMENT OF VETERANS AFFAIRS SIGNATURE PAGE", "parent_Field": null, "parent_Choice_Field": null, "parent_ChoiceGroup": null, "w": 950, "h": 33, "y": 156, "x": 371, "structure_id": "Tr_1"}, {"parent_TextBlock": "Tb_2", "text": "VA FORM 10-0094f", "parent_Field": null, "parent_Choice_Field": null, "parent_ChoiceGroup": null, "w": 201, "h": 23, "y": 2074, "x": 150, "structure_id": "Tr_2"}, {"parent_TextBlock": "Tb_3", "text": "PAGE 5 OF 5", "parent_Field": null, "parent_Choice_Field": null, "parent_ChoiceGroup": null, "w": 136, "h": 22, "y": 2074, "x": 1398, "structure_id": "Tr_3"}, {"parent_TextBlock": "Tb_4", "text": "Signature of Responsible VA Official for Educational Program (Please", "parent_Field": "Fi_1", "parent_Choice_Field": null, "parent_ChoiceGroup": null, "w": 638, "h": 22, "y": 458, "x": 151, "structure_id": "Tr_4"}, {"parent_TextBlock": "Tb_4", "text": "sign in ink.)", "parent_Field": "Fi_1", "parent_Choice_Field": null, "parent_ChoiceGroup": null, "w": 106, "h": 23, "y": 484, "x": 151, "structure_id": "Tr_5"}, {"parent_TextBlock": "Tb_5", "text": "Typed Name of Individual Signing Above", "parent_Field": "Fi_2", "parent_Choice_Field": null, "parent_ChoiceGroup": null, "w": 372, "h": 22, "y": 1332, "x": 151, "structure_id": "Tr_6"}, {"parent_TextBlock": "Tb_6", "text": "Date of Signature", "parent_Field": "Fi_3", "parent_Choice_Field": null, "parent_ChoiceGroup": null, "w": 164, "h": 22, "y": 589, "x": 151, "structure_id": "Tr_7"}, {"parent_TextBlock": "Tb_7", "text": "Typed Name of Individual Signing Above", "parent_Field": "Fi_4", "parent_Choice_Field": null, "parent_ChoiceGroup": null, "w": 372, "h": 23, "y": 694, "x": 151, "structure_id": "Tr_8"}, {"parent_TextBlock": "Tb_8", "text": "Date of Signature", "parent_Field": "Fi_5", "parent_Choice_Field": null, "parent_ChoiceGroup": null, "w": 164, "h": 22, "y": 1227, "x": 151, "structure_id": "Tr_9"}, {"parent_TextBlock": "Tb_9", "text": "Signature of Director or Equivalent Responsible Official for the VA", "parent_Field": "Fi_6", "parent_Choice_Field": null, "parent_ChoiceGroup": null, "w": 607, "h": 22, "y": 1096, "x": 151, "structure_id": "Tr_10"}, {"parent_TextBlock": "Tb_9", "text": "Healthcare Facility (Please sign in ink.)", "parent_Field": "Fi_6", "parent_Choice_Field": null, "parent_ChoiceGroup": null, "w": 358, "h": 22, "y": 1122, "x": 151, "structure_id": "Tr_11"}, {"parent_TextBlock": "Tb_10", "text": "Typed Title of Individual Signing Above", "parent_Field": "Fi_7", "parent_Choice_Field": null, "parent_ChoiceGroup": null, "w": 360, "h": 22, "y": 800, "x": 151, "structure_id": "Tr_12"}, {"parent_TextBlock": "Tb_11", "text": "Typed Title of Individual Signing Above", "parent_Field": "Fi_8", "parent_Choice_Field": null, "parent_ChoiceGroup": null, "w": 360, "h": 23, "y": 1437, "x": 151, "structure_id": "Tr_13"}, {"parent_TextBlock": "Tb_12", "text": "Signature of VA Designated Education Official (Please sign in ink.)", "parent_Field": "Fi_9", "parent_Choice_Field": null, "parent_ChoiceGroup": null, "w": 602, "h": 22, "y": 461, "x": 901, "structure_id": "Tr_14"}, {"parent_TextBlock": "Tb_13", "text": "Typed Name of Individual Signing Above", "parent_Field": "Fi_10", "parent_Choice_Field": null, "parent_ChoiceGroup": null, "w": 372, "h": 22, "y": 1332, "x": 901, "structure_id": "Tr_15"}, {"parent_TextBlock": "Tb_14", "text": "Date of Signature", "parent_Field": "Fi_11", "parent_Choice_Field": null, "parent_ChoiceGroup": null, "w": 163, "h": 22, "y": 589, "x": 901, "structure_id": "Tr_16"}, {"parent_TextBlock": "Tb_15", "text": "Date of Signature", "parent_Field": "Fi_12", "parent_Choice_Field": null, "parent_ChoiceGroup": null, "w": 163, "h": 22, "y": 1227, "x": 901, "structure_id": "Tr_17"}, {"parent_TextBlock": "Tb_16", "text": "Signature of VISN Director or Designee for Department of Veterans", "parent_Field": "Fi_13", "parent_Choice_Field": null, "parent_ChoiceGroup": null, "w": 613, "h": 22, "y": 1096, "x": 901, "structure_id": "Tr_18"}, {"parent_TextBlock": "Tb_16", "text": "Affairs (Please sign in ink.)", "parent_Field": "Fi_13", "parent_Choice_Field": null, "parent_ChoiceGroup": null, "w": 244, "h": 22, "y": 1122, "x": 901, "structure_id": "Tr_19"}, {"parent_TextBlock": "Tb_17", "text": "Typed Title of Individual Signing Above", "parent_Field": "Fi_14", "parent_Choice_Field": null, "parent_ChoiceGroup": null, "w": 360, "h": 23, "y": 1437, "x": 901, "structure_id": "Tr_20"}, {"parent_TextBlock": "Tb_18", "text": "Typed Name of Individual Signing Above", "parent_Field": "Fi_15", "parent_Choice_Field": null, "parent_ChoiceGroup": null, "w": 372, "h": 23, "y": 694, "x": 901, "structure_id": "Tr_21"}, {"parent_TextBlock": "Tb_19", "text": "Typed Title of Individual Signing Above", "parent_Field": "Fi_16", "parent_Choice_Field": null, "parent_ChoiceGroup": null, "w": 360, "h": 22, "y": 800, "x": 901, "structure_id": "Tr_22"}], "ChoiceGroup": []}