{"Widget": [{"parent_Field": "Fi_1", "parent_Choice_Field": null, "parent_ChoiceGroup": null, "w": 140.50236220472442, "h": 46.83307086614173, "y": 64.20551181102363, "x": 512.4803149606299, "structure_id": "Wi_1"}, {"parent_Field": "Fi_1", "parent_Choice_Field": null, "parent_ChoiceGroup": null, "w": 88.94488188976378, "h": 46.83307086614173, "y": 64.20551181102363, "x": 706.4976377952756, "structure_id": "Wi_2"}, {"parent_Field": "Fi_1", "parent_Choice_Field": null, "parent_ChoiceGroup": null, "w": 188.88031496062993, "h": 46.83307086614173, "y": 64.20551181102363, "x": 837.6527559055118, "structure_id": "Wi_3"}, {"parent_Field": "Fi_2", "parent_Choice_Field": null, "parent_ChoiceGroup": null, "w": 600, "h": 33.33070866141732, "y": 1618, "x": 350.56692913385825, "structure_id": "Wi_4"}, {"parent_Field": "Fi_3", "parent_Choice_Field": null, "parent_ChoiceGroup": null, "w": 783.3307086614174, "h": 33.33070866141732, "y": 451.33070866141736, "x": 483.89763779527556, "structure_id": "Wi_5"}, {"parent_Field": "Fi_4", "parent_Choice_Field": null, "parent_ChoiceGroup": null, "w": 600, "h": 33.33070866141732, "y": 1651.3307086614175, "x": 350.56692913385825, "structure_id": "Wi_6"}, {"parent_Field": "Fi_5", "parent_Choice_Field": null, "parent_ChoiceGroup": null, "w": 200, "h": 33.33070866141732, "y": 418, "x": 767.2275590551181, "structure_id": "Wi_7"}, {"parent_Field": "Fi_6", "parent_Choice_Field": null, "parent_ChoiceGroup": null, "w": 1491.6803149606299, "h": 330.91417322834644, "y": 1752.4165354330707, "x": 108.31968503937009, "structure_id": "Wi_8"}, {"parent_Field": "Fi_7", "parent_Choice_Field": null, "parent_ChoiceGroup": null, "w": 200, "h": 33.33070866141732, "y": 534.6614173228347, "x": 717.236220472441, "structure_id": "Wi_9"}, {"parent_Field": "Fi_8", "parent_Choice_Field": null, "parent_ChoiceGroup": null, "w": 450, "h": 33.33070866141732, "y": 484.66141732283467, "x": 817.2275590551181, "structure_id": "Wi_10"}, {"parent_Field": "Fi_9", "parent_Choice_Field": null, "parent_ChoiceGroup": null, "w": 433.33070866141736, "h": 33.33070866141732, "y": 1651.3307086614175, "x": 1167.2362204724411, "structure_id": "Wi_11"}, {"parent_Field": "Fi_10", "parent_Choice_Field": null, "parent_ChoiceGroup": null, "w": 433.33070866141736, "h": 33.33070866141732, "y": 1618, "x": 1167.2362204724411, "structure_id": "Wi_12"}, {"parent_Field": null, "parent_Choice_Field": "Chf_1", "parent_ChoiceGroup": "Chgp_1", "w": 25, "h": 25, "y": 655.4913385826773, "x": 403.34724409448825, "structure_id": "Wi_13"}, {"parent_Field": null, "parent_Choice_Field": "Chf_2", "parent_ChoiceGroup": "Chgp_1", "w": 25, "h": 25, "y": 655.4913385826773, "x": 553.3472440944881, "structure_id": "Wi_14"}, {"parent_Field": null, "parent_Choice_Field": "Chf_3", "parent_ChoiceGroup": "Chgp_1", "w": 25, "h": 25, "y": 655.4913385826773, "x": 686.6779527559055, "structure_id": "Wi_15"}, {"parent_Field": null, "parent_Choice_Field": "Chf_4", "parent_ChoiceGroup": "Chgp_1", "w": 25, "h": 25, "y": 655.4913385826773, "x": 820.007874015748, "structure_id": "Wi_16"}, {"parent_Field": null, "parent_Choice_Field": "Chf_5", "parent_ChoiceGroup": "Chgp_1", "w": 25, "h": 25, "y": 655.4913385826773, "x": 970.007874015748, "structure_id": "Wi_17"}, {"parent_Field": null, "parent_Choice_Field": "Chf_6", "parent_ChoiceGroup": "Chgp_1", "w": 25, "h": 25, "y": 708.2692913385827, "x": 403.34724409448825, "structure_id": "Wi_18"}, {"parent_Field": null, "parent_Choice_Field": "Chf_6", "parent_ChoiceGroup": "Chgp_1", "w": 733.3307086614174, "h": 33.33070866141732, "y": 701.3307086614172, "x": 600.5669291338583, "structure_id": "Wi_19"}, {"parent_Field": null, "parent_Choice_Field": "Chf_7", "parent_ChoiceGroup": "Chgp_2", "w": 25, "h": 25, "y": 838.8307086614174, "x": 403.34724409448825, "structure_id": "Wi_20"}, {"parent_Field": null, "parent_Choice_Field": "Chf_8", "parent_ChoiceGroup": "Chgp_2", "w": 25, "h": 25, "y": 905.5, "x": 403.34724409448825, "structure_id": "Wi_21"}, {"parent_Field": null, "parent_Choice_Field": "Chf_9", "parent_ChoiceGroup": "Chgp_2", "w": 25, "h": 25, "y": 972.1692913385826, "x": 403.34724409448825, "structure_id": "Wi_22"}, {"parent_Field": null, "parent_Choice_Field": "Chf_10", "parent_ChoiceGroup": "Chgp_2", "w": 25, "h": 25, "y": 1038.8307086614172, "x": 403.34724409448825, "structure_id": "Wi_23"}, {"parent_Field": null, "parent_Choice_Field": "Chf_11", "parent_ChoiceGroup": "Chgp_2", "w": 25, "h": 25, "y": 1105.5, "x": 403.34724409448825, "structure_id": "Wi_24"}, {"parent_Field": null, "parent_Choice_Field": "Chf_12", "parent_ChoiceGroup": "Chgp_3", "w": 25, "h": 25, "y": 1238.8251968503937, "x": 100.56692913385827, "structure_id": "Wi_25"}, {"parent_Field": null, "parent_Choice_Field": "Chf_13", "parent_ChoiceGroup": "Chgp_3", "w": 25, "h": 25, "y": 1238.8251968503937, "x": 350.56692913385825, "structure_id": "Wi_26"}, {"parent_Field": null, "parent_Choice_Field": "Chf_14", "parent_ChoiceGroup": "Chgp_3", "w": 25, "h": 25, "y": 1238.8251968503937, "x": 650.5669291338584, "structure_id": "Wi_27"}, {"parent_Field": null, "parent_Choice_Field": "Chf_15", "parent_ChoiceGroup": "Chgp_4", "w": 25, "h": 25, "y": 1388.8251968503937, "x": 100.56692913385827, "structure_id": "Wi_28"}, {"parent_Field": null, "parent_Choice_Field": "Chf_16", "parent_ChoiceGroup": "Chgp_4", "w": 25, "h": 25, "y": 1388.8251968503937, "x": 200.56692913385828, "structure_id": "Wi_29"}, {"parent_Field": null, "parent_Choice_Field": "Chf_17", "parent_ChoiceGroup": "Chgp_4", "w": 25, "h": 25, "y": 1388.8251968503937, "x": 300.56692913385825, "structure_id": "Wi_30"}, {"parent_Field": null, "parent_Choice_Field": "Chf_18", "parent_ChoiceGroup": "Chgp_4", "w": 25, "h": 25, "y": 1388.8251968503937, "x": 400.56692913385825, "structure_id": "Wi_31"}, {"parent_Field": null, "parent_Choice_Field": "Chf_19", "parent_ChoiceGroup": "Chgp_4", "w": 25, "h": 25, "y": 1388.8251968503937, "x": 500.5669291338583, "structure_id": "Wi_32"}, {"parent_Field": null, "parent_Choice_Field": "Chf_20", "parent_ChoiceGroup": "Chgp_4", "w": 25, "h": 25, "y": 1388.8251968503937, "x": 600.5669291338583, "structure_id": "Wi_33"}, {"parent_Field": null, "parent_Choice_Field": "Chf_21", "parent_ChoiceGroup": "Chgp_4", "w": 25, "h": 25, "y": 1388.8251968503937, "x": 700.5669291338583, "structure_id": "Wi_34"}, {"parent_Field": null, "parent_Choice_Field": "Chf_22", "parent_ChoiceGroup": "Chgp_4", "w": 25, "h": 25, "y": 1388.8251968503937, "x": 800.5669291338584, "structure_id": "Wi_35"}, {"parent_Field": null, "parent_Choice_Field": "Chf_23", "parent_ChoiceGroup": "Chgp_4", "w": 25, "h": 25, "y": 1388.8251968503937, "x": 900.5669291338584, "structure_id": "Wi_36"}, {"parent_Field": null, "parent_Choice_Field": "Chf_24", "parent_ChoiceGroup": "Chgp_4", "w": 25, "h": 25, "y": 1388.8251968503937, "x": 1000.5669291338583, "structure_id": "Wi_37"}, {"parent_Field": null, "parent_Choice_Field": "Chf_25", "parent_ChoiceGroup": "Chgp_4", "w": 25, "h": 25, "y": 1438.8251968503937, "x": 100.56692913385827, "structure_id": "Wi_38"}, {"parent_Field": null, "parent_Choice_Field": "Chf_26", "parent_ChoiceGroup": "Chgp_5", "w": 25, "h": 25, "y": 1322.1614173228347, "x": 103.33858267716536, "structure_id": "Wi_39"}, {"parent_Field": null, "parent_Choice_Field": "Chf_27", "parent_ChoiceGroup": "Chgp_5", "w": 25, "h": 25, "y": 1322.1614173228347, "x": 220.00787401574806, "structure_id": "Wi_40"}, {"parent_Field": null, "parent_Choice_Field": "Chf_28", "parent_ChoiceGroup": "Chgp_6", "w": 25, "h": 25, "y": 1555.4913385826771, "x": 103.33858267716536, "structure_id": "Wi_41"}, {"parent_Field": null, "parent_Choice_Field": "Chf_29", "parent_ChoiceGroup": "Chgp_6", "w": 25, "h": 25, "y": 1555.4913385826771, "x": 220.00787401574806, "structure_id": "Wi_42"}, {"parent_Field": null, "parent_Choice_Field": "Chf_30", "parent_ChoiceGroup": "Chgp_7", "w": 25, "h": 25, "y": 424.9417322834646, "x": 100.56692913385827, "structure_id": "Wi_43"}, {"parent_Field": null, "parent_Choice_Field": "Chf_31", "parent_ChoiceGroup": "Chgp_7", "w": 25, "h": 25, "y": 541.6031496062992, "x": 100.56692913385827, "structure_id": "Wi_44"}], "TextBlock": [{"parent_Field": "Fi_1", "parent_Choice_Field": null, "parent_ChoiceGroup": null, "w": 416, "h": 19, "y": 86, "x": 84, "structure_id": "Tb_1"}, {"parent_Field": null, "parent_Choice_Field": null, "parent_ChoiceGroup": null, "w": 323, "h": 22, "y": 125, "x": 689, "structure_id": "Tb_2"}, {"parent_Field": null, "parent_Choice_Field": null, "parent_ChoiceGroup": null, "w": 70, "h": 20, "y": 765, "x": 401, "structure_id": "Tb_3"}, {"parent_Field": "Fi_2", "parent_Choice_Field": null, "parent_ChoiceGroup": null, "w": 236, "h": 19, "y": 1632, "x": 101, "structure_id": "Tb_4"}, {"parent_Field": "Fi_3", "parent_Choice_Field": null, "parent_ChoiceGroup": null, "w": 70, "h": 20, "y": 465, "x": 401, "structure_id": "Tb_5"}, {"parent_Field": "Fi_4", "parent_Choice_Field": null, "parent_ChoiceGroup": null, "w": 236, "h": 20, "y": 1665, "x": 101, "structure_id": "Tb_6"}, {"parent_Field": "Fi_5", "parent_Choice_Field": null, "parent_ChoiceGroup": null, "w": 346, "h": 19, "y": 432, "x": 401, "structure_id": "Tb_7"}, {"parent_Field": "Fi_6", "parent_Choice_Field": null, "parent_ChoiceGroup": null, "w": 1042, "h": 19, "y": 1725, "x": 101, "structure_id": "Tb_8"}, {"parent_Field": "Fi_7", "parent_Choice_Field": null, "parent_ChoiceGroup": null, "w": 302, "h": 19, "y": 549, "x": 401, "structure_id": "Tb_9"}, {"parent_Field": "Fi_8", "parent_Choice_Field": null, "parent_ChoiceGroup": null, "w": 398, "h": 19, "y": 499, "x": 401, "structure_id": "Tb_10"}, {"parent_Field": "Fi_9", "parent_Choice_Field": null, "parent_ChoiceGroup": null, "w": 184, "h": 20, "y": 1665, "x": 967, "structure_id": "Tb_11"}, {"parent_Field": null, "parent_Choice_Field": null, "parent_ChoiceGroup": null, "w": 1074, "h": 22, "y": 1590, "x": 101, "structure_id": "Tb_12"}, {"parent_Field": "Fi_10", "parent_Choice_Field": null, "parent_ChoiceGroup": null, "w": 184, "h": 19, "y": 1632, "x": 967, "structure_id": "Tb_13"}, {"parent_Field": null, "parent_Choice_Field": null, "parent_ChoiceGroup": null, "w": 1467, "h": 49, "y": 160, "x": 101, "structure_id": "Tb_14"}, {"parent_Field": null, "parent_Choice_Field": null, "parent_ChoiceGroup": null, "w": 1498, "h": 102, "y": 240, "x": 101, "structure_id": "Tb_15"}, {"parent_Field": null, "parent_Choice_Field": null, "parent_ChoiceGroup": "Chgp_1", "w": 921, "h": 69, "y": 575, "x": 401, "structure_id": "Tb_16"}, {"parent_Field": null, "parent_Choice_Field": "Chf_1", "parent_ChoiceGroup": "Chgp_1", "w": 76, "h": 20, "y": 658, "x": 451, "structure_id": "Tb_17"}, {"parent_Field": null, "parent_Choice_Field": "Chf_2", "parent_ChoiceGroup": "Chgp_1", "w": 64, "h": 20, "y": 658, "x": 601, "structure_id": "Tb_18"}, {"parent_Field": null, "parent_Choice_Field": "Chf_3", "parent_ChoiceGroup": "Chgp_1", "w": 60, "h": 20, "y": 658, "x": 734, "structure_id": "Tb_19"}, {"parent_Field": null, "parent_Choice_Field": "Chf_4", "parent_ChoiceGroup": "Chgp_1", "w": 83, "h": 20, "y": 658, "x": 867, "structure_id": "Tb_20"}, {"parent_Field": null, "parent_Choice_Field": "Chf_5", "parent_ChoiceGroup": "Chgp_1", "w": 76, "h": 20, "y": 658, "x": 1017, "structure_id": "Tb_21"}, {"parent_Field": null, "parent_Choice_Field": "Chf_6", "parent_ChoiceGroup": "Chgp_1", "w": 138, "h": 20, "y": 715, "x": 451, "structure_id": "Tb_22"}, {"parent_Field": null, "parent_Choice_Field": null, "parent_ChoiceGroup": "Chgp_2", "w": 470, "h": 19, "y": 799, "x": 401, "structure_id": "Tb_23"}, {"parent_Field": null, "parent_Choice_Field": "Chf_7", "parent_ChoiceGroup": "Chgp_2", "w": 97, "h": 19, "y": 842, "x": 451, "structure_id": "Tb_24"}, {"parent_Field": null, "parent_Choice_Field": "Chf_7", "parent_ChoiceGroup": "Chgp_2", "w": 956, "h": 43, "y": 838, "x": 601, "structure_id": "Tb_25"}, {"parent_Field": null, "parent_Choice_Field": "Chf_8", "parent_ChoiceGroup": "Chgp_2", "w": 108, "h": 20, "y": 908, "x": 451, "structure_id": "Tb_26"}, {"parent_Field": null, "parent_Choice_Field": "Chf_8", "parent_ChoiceGroup": "Chgp_2", "w": 961, "h": 43, "y": 905, "x": 601, "structure_id": "Tb_27"}, {"parent_Field": null, "parent_Choice_Field": "Chf_9", "parent_ChoiceGroup": "Chgp_2", "w": 108, "h": 19, "y": 975, "x": 451, "structure_id": "Tb_28"}, {"parent_Field": null, "parent_Choice_Field": "Chf_9", "parent_ChoiceGroup": "Chgp_2", "w": 965, "h": 42, "y": 972, "x": 601, "structure_id": "Tb_29"}, {"parent_Field": null, "parent_Choice_Field": "Chf_10", "parent_ChoiceGroup": "Chgp_2", "w": 119, "h": 19, "y": 1042, "x": 451, "structure_id": "Tb_30"}, {"parent_Field": null, "parent_Choice_Field": "Chf_10", "parent_ChoiceGroup": "Chgp_2", "w": 903, "h": 43, "y": 1038, "x": 601, "structure_id": "Tb_31"}, {"parent_Field": null, "parent_Choice_Field": "Chf_11", "parent_ChoiceGroup": "Chgp_2", "w": 718, "h": 20, "y": 1108, "x": 451, "structure_id": "Tb_32"}, {"parent_Field": null, "parent_Choice_Field": null, "parent_ChoiceGroup": "Chgp_3", "w": 1444, "h": 43, "y": 1180, "x": 101, "structure_id": "Tb_33"}, {"parent_Field": null, "parent_Choice_Field": "Chf_12", "parent_ChoiceGroup": "Chgp_3", "w": 169, "h": 19, "y": 1242, "x": 146, "structure_id": "Tb_34"}, {"parent_Field": null, "parent_Choice_Field": "Chf_13", "parent_ChoiceGroup": "Chgp_3", "w": 230, "h": 19, "y": 1242, "x": 394, "structure_id": "Tb_35"}, {"parent_Field": null, "parent_Choice_Field": "Chf_14", "parent_ChoiceGroup": "Chgp_3", "w": 31, "h": 19, "y": 1242, "x": 696, "structure_id": "Tb_36"}, {"parent_Field": null, "parent_Choice_Field": null, "parent_ChoiceGroup": "Chgp_4", "w": 938, "h": 22, "y": 1357, "x": 101, "structure_id": "Tb_37"}, {"parent_Field": null, "parent_Choice_Field": "Chf_15", "parent_ChoiceGroup": "Chgp_4", "w": 28, "h": 19, "y": 1392, "x": 146, "structure_id": "Tb_38"}, {"parent_Field": null, "parent_Choice_Field": "Chf_16", "parent_ChoiceGroup": "Chgp_4", "w": 39, "h": 19, "y": 1392, "x": 238, "structure_id": "Tb_39"}, {"parent_Field": null, "parent_Choice_Field": "Chf_17", "parent_ChoiceGroup": "Chgp_4", "w": 38, "h": 19, "y": 1392, "x": 346, "structure_id": "Tb_40"}, {"parent_Field": null, "parent_Choice_Field": "Chf_18", "parent_ChoiceGroup": "Chgp_4", "w": 39, "h": 19, "y": 1392, "x": 444, "structure_id": "Tb_41"}, {"parent_Field": null, "parent_Choice_Field": "Chf_19", "parent_ChoiceGroup": "Chgp_4", "w": 38, "h": 19, "y": 1392, "x": 546, "structure_id": "Tb_42"}, {"parent_Field": null, "parent_Choice_Field": "Chf_20", "parent_ChoiceGroup": "Chgp_4", "w": 39, "h": 19, "y": 1392, "x": 644, "structure_id": "Tb_43"}, {"parent_Field": null, "parent_Choice_Field": "Chf_21", "parent_ChoiceGroup": "Chgp_4", "w": 39, "h": 19, "y": 1392, "x": 747, "structure_id": "Tb_44"}, {"parent_Field": null, "parent_Choice_Field": "Chf_22", "parent_ChoiceGroup": "Chgp_4", "w": 39, "h": 19, "y": 1392, "x": 844, "structure_id": "Tb_45"}, {"parent_Field": null, "parent_Choice_Field": "Chf_23", "parent_ChoiceGroup": "Chgp_4", "w": 38, "h": 19, "y": 1392, "x": 946, "structure_id": "Tb_46"}, {"parent_Field": null, "parent_Choice_Field": "Chf_24", "parent_ChoiceGroup": "Chgp_4", "w": 39, "h": 19, "y": 1392, "x": 1044, "structure_id": "Tb_47"}, {"parent_Field": null, "parent_Choice_Field": "Chf_25", "parent_ChoiceGroup": "Chgp_4", "w": 940, "h": 19, "y": 1442, "x": 146, "structure_id": "Tb_48"}, {"parent_Field": null, "parent_Choice_Field": null, "parent_ChoiceGroup": "Chgp_5", "w": 759, "h": 19, "y": 1292, "x": 101, "structure_id": "Tb_49"}, {"parent_Field": null, "parent_Choice_Field": "Chf_26", "parent_ChoiceGroup": "Chgp_5", "w": 38, "h": 19, "y": 1325, "x": 151, "structure_id": "Tb_50"}, {"parent_Field": null, "parent_Choice_Field": "Chf_27", "parent_ChoiceGroup": "Chgp_5", "w": 29, "h": 19, "y": 1325, "x": 267, "structure_id": "Tb_51"}, {"parent_Field": null, "parent_Choice_Field": null, "parent_ChoiceGroup": "Chgp_6", "w": 1411, "h": 48, "y": 1494, "x": 101, "structure_id": "Tb_52"}, {"parent_Field": null, "parent_Choice_Field": "Chf_28", "parent_ChoiceGroup": "Chgp_6", "w": 38, "h": 20, "y": 1558, "x": 151, "structure_id": "Tb_53"}, {"parent_Field": null, "parent_Choice_Field": "Chf_29", "parent_ChoiceGroup": "Chgp_6", "w": 29, "h": 20, "y": 1558, "x": 267, "structure_id": "Tb_54"}, {"parent_Field": null, "parent_Choice_Field": null, "parent_ChoiceGroup": "Chgp_7", "w": 1453, "h": 45, "y": 362, "x": 101, "structure_id": "Tb_55"}, {"parent_Field": null, "parent_Choice_Field": "Chf_30", "parent_ChoiceGroup": "Chgp_7", "w": 169, "h": 19, "y": 432, "x": 146, "structure_id": "Tb_56"}, {"parent_Field": null, "parent_Choice_Field": "Chf_31", "parent_ChoiceGroup": "Chgp_7", "w": 230, "h": 19, "y": 549, "x": 146, "structure_id": "Tb_57"}, {"parent_Field": null, "parent_Choice_Field": null, "parent_ChoiceGroup": null, "w": 296, "h": 19, "y": 2124, "x": 83, "structure_id": "Tb_58"}, {"parent_Field": null, "parent_Choice_Field": null, "parent_ChoiceGroup": null, "w": 71, "h": 22, "y": 2122, "x": 1546, "structure_id": "Tb_59"}], "Choice_Field": [{"y": 655.4913385826773, "x": 403.34724409448825, "structure_id": "Chf_1", "w": 123.65275590551175, "h": 25}, {"y": 655.4913385826773, "x": 553.3472440944881, "structure_id": "Chf_2", "w": 111.65275590551187, "h": 25}, {"y": 655.4913385826773, "x": 686.6779527559055, "structure_id": "Chf_3", "w": 107.3220472440945, "h": 25}, {"y": 655.4913385826773, "x": 820.007874015748, "structure_id": "Chf_4", "w": 129.99212598425197, "h": 25}, {"y": 655.4913385826773, "x": 970.007874015748, "structure_id": "Chf_5", "w": 122.99212598425197, "h": 25}, {"y": 701.3307086614172, "x": 403.34724409448825, "structure_id": "Chf_6", "w": 930.5503937007874, "h": 33.66929133858275}, {"y": 838, "x": 403.34724409448825, "structure_id": "Chf_7", "w": 1153.6527559055116, "h": 43}, {"y": 905, "x": 403.34724409448825, "structure_id": "Chf_8", "w": 1158.6527559055116, "h": 43}, {"y": 972, "x": 403.34724409448825, "structure_id": "Chf_9", "w": 1162.6527559055116, "h": 42}, {"y": 1038, "x": 403.34724409448825, "structure_id": "Chf_10", "w": 1100.6527559055116, "h": 43}, {"y": 1105.5, "x": 403.34724409448825, "structure_id": "Chf_11", "w": 765.6527559055118, "h": 25}, {"y": 1238.8251968503937, "x": 100.56692913385827, "structure_id": "Chf_12", "w": 214.43307086614175, "h": 25}, {"y": 1238.8251968503937, "x": 350.56692913385825, "structure_id": "Chf_13", "w": 273.43307086614175, "h": 25}, {"y": 1238.8251968503937, "x": 650.5669291338584, "structure_id": "Chf_14", "w": 76.43307086614163, "h": 25}, {"y": 1388.8251968503937, "x": 100.56692913385827, "structure_id": "Chf_15", "w": 73.43307086614173, "h": 25}, {"y": 1388.8251968503937, "x": 200.56692913385828, "structure_id": "Chf_16", "w": 76.43307086614172, "h": 25}, {"y": 1388.8251968503937, "x": 300.56692913385825, "structure_id": "Chf_17", "w": 83.43307086614175, "h": 25}, {"y": 1388.8251968503937, "x": 400.56692913385825, "structure_id": "Chf_18", "w": 82.43307086614175, "h": 25}, {"y": 1388.8251968503937, "x": 500.5669291338583, "structure_id": "Chf_19", "w": 83.43307086614169, "h": 25}, {"y": 1388.8251968503937, "x": 600.5669291338583, "structure_id": "Chf_20", "w": 82.43307086614175, "h": 25}, {"y": 1388.8251968503937, "x": 700.5669291338583, "structure_id": "Chf_21", "w": 85.43307086614175, "h": 25}, {"y": 1388.8251968503937, "x": 800.5669291338584, "structure_id": "Chf_22", "w": 82.43307086614163, "h": 25}, {"y": 1388.8251968503937, "x": 900.5669291338584, "structure_id": "Chf_23", "w": 83.43307086614163, "h": 25}, {"y": 1388.8251968503937, "x": 1000.5669291338583, "structure_id": "Chf_24", "w": 82.43307086614175, "h": 25}, {"y": 1438.8251968503937, "x": 100.56692913385827, "structure_id": "Chf_25", "w": 985.4330708661417, "h": 25}, {"y": 1322.1614173228347, "x": 103.33858267716536, "structure_id": "Chf_26", "w": 85.66141732283464, "h": 25}, {"y": 1322.1614173228347, "x": 220.00787401574806, "structure_id": "Chf_27", "w": 75.99212598425194, "h": 25}, {"y": 1555.4913385826771, "x": 103.33858267716536, "structure_id": "Chf_28", "w": 85.66141732283464, "h": 25}, {"y": 1555.4913385826771, "x": 220.00787401574806, "structure_id": "Chf_29", "w": 75.99212598425194, "h": 25}, {"y": 424.9417322834646, "x": 100.56692913385827, "structure_id": "Chf_30", "w": 214.43307086614175, "h": 26.058267716535397}, {"y": 541.6031496062992, "x": 100.56692913385827, "structure_id": "Chf_31", "w": 275.43307086614175, "h": 26.396850393700788}], "Field": [{"y": 64.20551181102363, "x": 84, "structure_id": "Fi_1", "w": 942.5330708661418, "h": 46.833070866141725}, {"y": 1618, "x": 101, "structure_id": "Fi_2", "w": 849.5669291338583, "h": 33.33070866141725}, {"y": 451.33070866141736, "x": 401, "structure_id": "Fi_3", "w": 866.2283464566929, "h": 33.66929133858264}, {"y": 1651.3307086614175, "x": 101, "structure_id": "Fi_4", "w": 849.5669291338583, "h": 33.669291338582525}, {"y": 418, "x": 401, "structure_id": "Fi_5", "w": 566.2275590551181, "h": 33.330708661417304}, {"y": 1725, "x": 101, "structure_id": "Fi_6", "w": 1499, "h": 358.33070866141725}, {"y": 534.6614173228347, "x": 401, "structure_id": "Fi_7", "w": 516.236220472441, "h": 33.33858267716528}, {"y": 484.66141732283467, "x": 401, "structure_id": "Fi_8", "w": 866.227559055118, "h": 33.338582677165334}, {"y": 1651.3307086614175, "x": 967, "structure_id": "Fi_9", "w": 633.5669291338586, "h": 33.669291338582525}, {"y": 1618, "x": 967, "structure_id": "Fi_10", "w": 633.5669291338586, "h": 33.33070866141725}], "TextRun": [{"parent_TextBlock": "Tb_1", "text": "PATIENT/VETERAN'S SOCIAL SECURITY NO.", "parent_Field": "Fi_1", "parent_Choice_Field": null, "parent_ChoiceGroup": null, "w": 416, "h": 19, "y": 86, "x": 84, "structure_id": "Tr_1"}, {"parent_TextBlock": "Tb_2", "text": "SECTION XIV - METs TESTING", "parent_Field": null, "parent_Choice_Field": null, "parent_ChoiceGroup": null, "w": 323, "h": 22, "y": 125, "x": 689, "structure_id": "Tr_2"}, {"parent_TextBlock": "Tb_3", "text": "Results:", "parent_Field": null, "parent_Choice_Field": null, "parent_ChoiceGroup": null, "w": 70, "h": 20, "y": 765, "x": 401, "structure_id": "Tr_3"}, {"parent_TextBlock": "Tb_4", "text": "Other medical condition #1:", "parent_Field": "Fi_2", "parent_Choice_Field": null, "parent_ChoiceGroup": null, "w": 236, "h": 19, "y": 1632, "x": 101, "structure_id": "Tr_4"}, {"parent_TextBlock": "Tb_5", "text": "Results:", "parent_Field": "Fi_3", "parent_Choice_Field": null, "parent_ChoiceGroup": null, "w": 70, "h": 20, "y": 465, "x": 401, "structure_id": "Tr_5"}, {"parent_TextBlock": "Tb_6", "text": "Other medical condition #2:", "parent_Field": "Fi_4", "parent_Choice_Field": null, "parent_ChoiceGroup": null, "w": 236, "h": 20, "y": 1665, "x": 101, "structure_id": "Tr_6"}, {"parent_TextBlock": "Tb_7", "text": "Date of most recent exercise stress test:", "parent_Field": "Fi_5", "parent_Choice_Field": null, "parent_ChoiceGroup": null, "w": 346, "h": 19, "y": 432, "x": 401, "structure_id": "Tr_7"}, {"parent_TextBlock": "Tb_8", "text": "14E. IF THERE ARE ADDITIONAL MEDICAL CONDITIONS AFFECTING METs LEVEL, LIST USING ABOVE FORMAT:", "parent_Field": "Fi_6", "parent_Choice_Field": null, "parent_ChoiceGroup": null, "w": 1042, "h": 19, "y": 1725, "x": 101, "structure_id": "Tr_8"}, {"parent_TextBlock": "Tb_9", "text": "Date of interview-based METs test:", "parent_Field": "Fi_7", "parent_Choice_Field": null, "parent_ChoiceGroup": null, "w": 302, "h": 19, "y": 549, "x": 401, "structure_id": "Tr_9"}, {"parent_TextBlock": "Tb_10", "text": "METs level the veteran performed, if provided:", "parent_Field": "Fi_8", "parent_Choice_Field": null, "parent_ChoiceGroup": null, "w": 398, "h": 19, "y": 499, "x": 401, "structure_id": "Tr_10"}, {"parent_TextBlock": "Tb_11", "text": "Effect on METs level:", "parent_Field": "Fi_9", "parent_Choice_Field": null, "parent_ChoiceGroup": null, "w": 184, "h": 20, "y": 1665, "x": 967, "structure_id": "Tr_11"}, {"parent_TextBlock": "Tb_12", "text": "(If \"Yes,\" identify each condition and describe how each non-cardiac medical condition limits the veteran's METs level):", "parent_Field": null, "parent_Choice_Field": null, "parent_ChoiceGroup": null, "w": 1074, "h": 22, "y": 1590, "x": 101, "structure_id": "Tr_12"}, {"parent_TextBlock": "Tb_13", "text": "Effect on METs level:", "parent_Field": "Fi_10", "parent_Choice_Field": null, "parent_ChoiceGroup": null, "w": 184, "h": 19, "y": 1632, "x": 967, "structure_id": "Tr_13"}, {"parent_TextBlock": "Tb_14", "text": "NOTE: \u00c2 \u00a0For VA purposes, all heart exams require METs testing (either exercise-based or interview-based) to determine the activity level at which symptoms such as", "parent_Field": null, "parent_Choice_Field": null, "parent_ChoiceGroup": null, "w": 1467, "h": 22, "y": 160, "x": 101, "structure_id": "Tr_14"}, {"parent_TextBlock": "Tb_14", "text": "dyspnea, fatigue, angina, dizziness, or syncope develop (except exams for supraventricular arrhythmias.)", "parent_Field": null, "parent_Choice_Field": null, "parent_ChoiceGroup": null, "w": 948, "h": 22, "y": 187, "x": 101, "structure_id": "Tr_15"}, {"parent_TextBlock": "Tb_15", "text": "If a laboratory determination of METs by exercise testing cannot be done for medical reasons (e.g. chronic CHF or multiple episodes of acute CHF within the past 12", "parent_Field": null, "parent_Choice_Field": null, "parent_ChoiceGroup": null, "w": 1484, "h": 22, "y": 240, "x": 101, "structure_id": "Tr_16"}, {"parent_TextBlock": "Tb_15", "text": "months), or if exercise-based METs test was not completed because it is not required as part of the veteran's treatment plan, or if exercise stress test results do no reflect", "parent_Field": null, "parent_Choice_Field": null, "parent_ChoiceGroup": null, "w": 1498, "h": 22, "y": 267, "x": 101, "structure_id": "Tr_17"}, {"parent_TextBlock": "Tb_15", "text": "veteran's current cardiac function, perform an interview-based METs test based on the veteran's responses to a cardiac activity questionnaire and provide the results", "parent_Field": null, "parent_Choice_Field": null, "parent_ChoiceGroup": null, "w": 1460, "h": 22, "y": 294, "x": 101, "structure_id": "Tr_18"}, {"parent_TextBlock": "Tb_15", "text": "below.", "parent_Field": null, "parent_Choice_Field": null, "parent_ChoiceGroup": null, "w": 59, "h": 22, "y": 320, "x": 101, "structure_id": "Tr_19"}, {"parent_TextBlock": "Tb_16", "text": "Symptoms during activity:", "parent_Field": null, "parent_Choice_Field": null, "parent_ChoiceGroup": "Chgp_1", "w": 232, "h": 20, "y": 575, "x": 401, "structure_id": "Tr_20"}, {"parent_TextBlock": "Tb_16", "text": "The METs level checked below reflects the lowest activity level at which the veteran reports any of the", "parent_Field": null, "parent_Choice_Field": null, "parent_ChoiceGroup": "Chgp_1", "w": 881, "h": 19, "y": 599, "x": 401, "structure_id": "Tr_21"}, {"parent_TextBlock": "Tb_16", "text": "following symptoms", "parent_Field": null, "parent_Choice_Field": null, "parent_ChoiceGroup": "Chgp_1", "w": 175, "h": 19, "y": 624, "x": 401, "structure_id": "Tr_22"}, {"parent_TextBlock": "Tb_16", "text": "(check all symptoms that the veteran reports at the indicated METs level of activity)", "parent_Field": null, "parent_Choice_Field": null, "parent_ChoiceGroup": "Chgp_1", "w": 746, "h": 22, "y": 622, "x": 576, "structure_id": "Tr_23"}, {"parent_TextBlock": "Tb_17", "text": "Dyspnea", "parent_Field": null, "parent_Choice_Field": "Chf_1", "parent_ChoiceGroup": "Chgp_1", "w": 76, "h": 20, "y": 658, "x": 451, "structure_id": "Tr_24"}, {"parent_TextBlock": "Tb_18", "text": "Fatigue", "parent_Field": null, "parent_Choice_Field": "Chf_2", "parent_ChoiceGroup": "Chgp_1", "w": 64, "h": 20, "y": 658, "x": 601, "structure_id": "Tr_25"}, {"parent_TextBlock": "Tb_19", "text": "Angina", "parent_Field": null, "parent_Choice_Field": "Chf_3", "parent_ChoiceGroup": "Chgp_1", "w": 60, "h": 20, "y": 658, "x": 734, "structure_id": "Tr_26"}, {"parent_TextBlock": "Tb_20", "text": "Dizziness", "parent_Field": null, "parent_Choice_Field": "Chf_4", "parent_ChoiceGroup": "Chgp_1", "w": 83, "h": 20, "y": 658, "x": 867, "structure_id": "Tr_27"}, {"parent_TextBlock": "Tb_21", "text": "Syncope", "parent_Field": null, "parent_Choice_Field": "Chf_5", "parent_ChoiceGroup": "Chgp_1", "w": 76, "h": 20, "y": 658, "x": 1017, "structure_id": "Tr_28"}, {"parent_TextBlock": "Tb_22", "text": "Other, describe:", "parent_Field": null, "parent_Choice_Field": "Chf_6", "parent_ChoiceGroup": "Chgp_1", "w": 138, "h": 20, "y": 715, "x": 451, "structure_id": "Tr_29"}, {"parent_TextBlock": "Tb_23", "text": "METs level on most recent interview-based METs test:", "parent_Field": null, "parent_Choice_Field": null, "parent_ChoiceGroup": "Chgp_2", "w": 470, "h": 19, "y": 799, "x": 401, "structure_id": "Tr_30"}, {"parent_TextBlock": "Tb_24", "text": "(1-3 METs)", "parent_Field": null, "parent_Choice_Field": "Chf_7", "parent_ChoiceGroup": "Chgp_2", "w": 97, "h": 19, "y": 842, "x": 451, "structure_id": "Tr_31"}, {"parent_TextBlock": "Tb_25", "text": "This METs level has been found to be consistent with activities such as eating, dressing, taking a shower, slow", "parent_Field": null, "parent_Choice_Field": "Chf_7", "parent_ChoiceGroup": "Chgp_2", "w": 956, "h": 20, "y": 838, "x": 601, "structure_id": "Tr_32"}, {"parent_TextBlock": "Tb_25", "text": "walking (2 mph) for 1-2 blocks", "parent_Field": null, "parent_Choice_Field": "Chf_7", "parent_ChoiceGroup": "Chgp_2", "w": 259, "h": 19, "y": 862, "x": 601, "structure_id": "Tr_33"}, {"parent_TextBlock": "Tb_26", "text": "(>3-5 METs)", "parent_Field": null, "parent_Choice_Field": "Chf_8", "parent_ChoiceGroup": "Chgp_2", "w": 108, "h": 20, "y": 908, "x": 451, "structure_id": "Tr_34"}, {"parent_TextBlock": "Tb_27", "text": "This METs level has been found to be consistent with activities such as light yard work (weeding), mowing lawn", "parent_Field": null, "parent_Choice_Field": "Chf_8", "parent_ChoiceGroup": "Chgp_2", "w": 961, "h": 19, "y": 905, "x": 601, "structure_id": "Tr_35"}, {"parent_TextBlock": "Tb_27", "text": "(power mower), brisk walking (4 mph)", "parent_Field": null, "parent_Choice_Field": "Chf_8", "parent_ChoiceGroup": "Chgp_2", "w": 324, "h": 20, "y": 928, "x": 601, "structure_id": "Tr_36"}, {"parent_TextBlock": "Tb_28", "text": "(>5-7 METs)", "parent_Field": null, "parent_Choice_Field": "Chf_9", "parent_ChoiceGroup": "Chgp_2", "w": 108, "h": 19, "y": 975, "x": 451, "structure_id": "Tr_37"}, {"parent_TextBlock": "Tb_29", "text": "This METs level has been found to be consistent with activities such as walking 1 flight of stairs, golfing (without", "parent_Field": null, "parent_Choice_Field": "Chf_9", "parent_ChoiceGroup": "Chgp_2", "w": 965, "h": 19, "y": 972, "x": 601, "structure_id": "Tr_38"}, {"parent_TextBlock": "Tb_29", "text": "cart), mowing lawn (push mower), heavy yard work (digging)", "parent_Field": null, "parent_Choice_Field": "Chf_9", "parent_ChoiceGroup": "Chgp_2", "w": 519, "h": 19, "y": 995, "x": 601, "structure_id": "Tr_39"}, {"parent_TextBlock": "Tb_30", "text": "(>7-10 METs)", "parent_Field": null, "parent_Choice_Field": "Chf_10", "parent_ChoiceGroup": "Chgp_2", "w": 119, "h": 19, "y": 1042, "x": 451, "structure_id": "Tr_40"}, {"parent_TextBlock": "Tb_31", "text": "This METs level has been found to be consistent with activities such as climbing stairs quickly, moderate", "parent_Field": null, "parent_Choice_Field": "Chf_10", "parent_ChoiceGroup": "Chgp_2", "w": 903, "h": 20, "y": 1038, "x": 601, "structure_id": "Tr_41"}, {"parent_TextBlock": "Tb_31", "text": "bicycling, sawing wood, jogging (6 mph)", "parent_Field": null, "parent_Choice_Field": "Chf_10", "parent_ChoiceGroup": "Chgp_2", "w": 349, "h": 19, "y": 1062, "x": 601, "structure_id": "Tr_42"}, {"parent_TextBlock": "Tb_32", "text": "The veteran denies experiencing above symptoms with any level of physical activity", "parent_Field": null, "parent_Choice_Field": "Chf_11", "parent_ChoiceGroup": "Chgp_2", "w": 718, "h": 20, "y": 1108, "x": 451, "structure_id": "Tr_43"}, {"parent_TextBlock": "Tb_33", "text": "14B. IF THE VETERAN HAS HAD BOTH AN EXERCISE STRESS TEST AND INTERVIEW-BASED METs TEST, INDICATE WHICH RESULTS MOST ACCURATELY", "parent_Field": null, "parent_Choice_Field": null, "parent_ChoiceGroup": "Chgp_3", "w": 1444, "h": 19, "y": 1180, "x": 101, "structure_id": "Tr_44"}, {"parent_TextBlock": "Tb_33", "text": "REFLECT THE VETERAN'S CURRENT CARDIAC FUNCTIONAL LEVEL:", "parent_Field": null, "parent_Choice_Field": null, "parent_ChoiceGroup": "Chgp_3", "w": 641, "h": 20, "y": 1203, "x": 145, "structure_id": "Tr_45"}, {"parent_TextBlock": "Tb_34", "text": "Exercise stress test", "parent_Field": null, "parent_Choice_Field": "Chf_12", "parent_ChoiceGroup": "Chgp_3", "w": 169, "h": 19, "y": 1242, "x": 146, "structure_id": "Tr_46"}, {"parent_TextBlock": "Tb_35", "text": "Interview-based METs test", "parent_Field": null, "parent_Choice_Field": "Chf_13", "parent_ChoiceGroup": "Chgp_3", "w": 230, "h": 19, "y": 1242, "x": 394, "structure_id": "Tr_47"}, {"parent_TextBlock": "Tb_36", "text": "N/A", "parent_Field": null, "parent_Choice_Field": "Chf_14", "parent_ChoiceGroup": "Chgp_3", "w": 31, "h": 19, "y": 1242, "x": 696, "structure_id": "Tr_48"}, {"parent_TextBlock": "Tb_37", "text": "(If \"No,\" estimate the percentage of the METs level limitation that is due solely to the heart condition(s)):", "parent_Field": null, "parent_Choice_Field": null, "parent_ChoiceGroup": "Chgp_4", "w": 938, "h": 22, "y": 1357, "x": 101, "structure_id": "Tr_49"}, {"parent_TextBlock": "Tb_38", "text": "0%", "parent_Field": null, "parent_Choice_Field": "Chf_15", "parent_ChoiceGroup": "Chgp_4", "w": 28, "h": 19, "y": 1392, "x": 146, "structure_id": "Tr_50"}, {"parent_TextBlock": "Tb_39", "text": "10%", "parent_Field": null, "parent_Choice_Field": "Chf_16", "parent_ChoiceGroup": "Chgp_4", "w": 39, "h": 19, "y": 1392, "x": 238, "structure_id": "Tr_51"}, {"parent_TextBlock": "Tb_40", "text": "20%", "parent_Field": null, "parent_Choice_Field": "Chf_17", "parent_ChoiceGroup": "Chgp_4", "w": 38, "h": 19, "y": 1392, "x": 346, "structure_id": "Tr_52"}, {"parent_TextBlock": "Tb_41", "text": "30%", "parent_Field": null, "parent_Choice_Field": "Chf_18", "parent_ChoiceGroup": "Chgp_4", "w": 39, "h": 19, "y": 1392, "x": 444, "structure_id": "Tr_53"}, {"parent_TextBlock": "Tb_42", "text": "40%", "parent_Field": null, "parent_Choice_Field": "Chf_19", "parent_ChoiceGroup": "Chgp_4", "w": 38, "h": 19, "y": 1392, "x": 546, "structure_id": "Tr_54"}, {"parent_TextBlock": "Tb_43", "text": "50%", "parent_Field": null, "parent_Choice_Field": "Chf_20", "parent_ChoiceGroup": "Chgp_4", "w": 39, "h": 19, "y": 1392, "x": 644, "structure_id": "Tr_55"}, {"parent_TextBlock": "Tb_44", "text": "60%", "parent_Field": null, "parent_Choice_Field": "Chf_21", "parent_ChoiceGroup": "Chgp_4", "w": 39, "h": 19, "y": 1392, "x": 747, "structure_id": "Tr_56"}, {"parent_TextBlock": "Tb_45", "text": "70%", "parent_Field": null, "parent_Choice_Field": "Chf_22", "parent_ChoiceGroup": "Chgp_4", "w": 39, "h": 19, "y": 1392, "x": 844, "structure_id": "Tr_57"}, {"parent_TextBlock": "Tb_46", "text": "80%", "parent_Field": null, "parent_Choice_Field": "Chf_23", "parent_ChoiceGroup": "Chgp_4", "w": 38, "h": 19, "y": 1392, "x": 946, "structure_id": "Tr_58"}, {"parent_TextBlock": "Tb_47", "text": "90%", "parent_Field": null, "parent_Choice_Field": "Chf_24", "parent_ChoiceGroup": "Chgp_4", "w": 39, "h": 19, "y": 1392, "x": 1044, "structure_id": "Tr_59"}, {"parent_TextBlock": "Tb_48", "text": "The limitation in METs level is due to multiple factors; it is not possible to accurately estimate this percentage.", "parent_Field": null, "parent_Choice_Field": "Chf_25", "parent_ChoiceGroup": "Chgp_4", "w": 940, "h": 19, "y": 1442, "x": 146, "structure_id": "Tr_60"}, {"parent_TextBlock": "Tb_49", "text": "14C. IS THE METs LEVEL LIMITATION DUE SOLELY TO THE HEART CONDITIONS?", "parent_Field": null, "parent_Choice_Field": null, "parent_ChoiceGroup": "Chgp_5", "w": 759, "h": 19, "y": 1292, "x": 101, "structure_id": "Tr_61"}, {"parent_TextBlock": "Tb_50", "text": "YES", "parent_Field": null, "parent_Choice_Field": "Chf_26", "parent_ChoiceGroup": "Chgp_5", "w": 38, "h": 19, "y": 1325, "x": 151, "structure_id": "Tr_62"}, {"parent_TextBlock": "Tb_51", "text": "NO", "parent_Field": null, "parent_Choice_Field": "Chf_27", "parent_ChoiceGroup": "Chgp_5", "w": 29, "h": 19, "y": 1325, "x": 267, "structure_id": "Tr_63"}, {"parent_TextBlock": "Tb_52", "text": "14D. IN ADDITION TO THE HEART CONDITION(S), DOES THE VETERAN HAVE OTHER NON-CARDIAC MEDICAL CONDITIONS", "parent_Field": null, "parent_Choice_Field": null, "parent_ChoiceGroup": "Chgp_6", "w": 1159, "h": 19, "y": 1496, "x": 101, "structure_id": "Tr_64"}, {"parent_TextBlock": "Tb_52", "text": "(such as musculoskeletal or", "parent_Field": null, "parent_Choice_Field": null, "parent_ChoiceGroup": "Chgp_6", "w": 252, "h": 22, "y": 1494, "x": 1260, "structure_id": "Tr_65"}, {"parent_TextBlock": "Tb_52", "text": "pulmonary conditions)", "parent_Field": null, "parent_Choice_Field": null, "parent_ChoiceGroup": "Chgp_6", "w": 202, "h": 22, "y": 1520, "x": 145, "structure_id": "Tr_66"}, {"parent_TextBlock": "Tb_52", "text": "LIMITING THE METs LEVEL?", "parent_Field": null, "parent_Choice_Field": null, "parent_ChoiceGroup": "Chgp_6", "w": 267, "h": 20, "y": 1522, "x": 347, "structure_id": "Tr_67"}, {"parent_TextBlock": "Tb_53", "text": "YES", "parent_Field": null, "parent_Choice_Field": "Chf_28", "parent_ChoiceGroup": "Chgp_6", "w": 38, "h": 20, "y": 1558, "x": 151, "structure_id": "Tr_68"}, {"parent_TextBlock": "Tb_54", "text": "NO", "parent_Field": null, "parent_Choice_Field": "Chf_29", "parent_ChoiceGroup": "Chgp_6", "w": 29, "h": 20, "y": 1558, "x": 267, "structure_id": "Tr_69"}, {"parent_TextBlock": "Tb_55", "text": "14A. INDICATE ALL TESTING COMPLETED PROVIDING ONLY MOST RECENT RESULTS WHICH REFLECT THE VETERAN'S CURRENT FUNCTIONAL STATUS.", "parent_Field": null, "parent_Choice_Field": null, "parent_ChoiceGroup": "Chgp_7", "w": 1453, "h": 19, "y": 362, "x": 101, "structure_id": "Tr_70"}, {"parent_TextBlock": "Tb_55", "text": "(Check all that apply):", "parent_Field": null, "parent_Choice_Field": null, "parent_ChoiceGroup": "Chgp_7", "w": 202, "h": 22, "y": 385, "x": 142, "structure_id": "Tr_71"}, {"parent_TextBlock": "Tb_56", "text": "Exercise stress test", "parent_Field": null, "parent_Choice_Field": "Chf_30", "parent_ChoiceGroup": "Chgp_7", "w": 169, "h": 19, "y": 432, "x": 146, "structure_id": "Tr_72"}, {"parent_TextBlock": "Tb_57", "text": "Interview-based METs test", "parent_Field": null, "parent_Choice_Field": "Chf_31", "parent_ChoiceGroup": "Chgp_7", "w": 230, "h": 19, "y": 549, "x": 146, "structure_id": "Tr_73"}, {"parent_TextBlock": "Tb_58", "text": "VA FORM 21-0960A-4, DEC 2014", "parent_Field": null, "parent_Choice_Field": null, "parent_ChoiceGroup": null, "w": 296, "h": 19, "y": 2124, "x": 83, "structure_id": "Tr_74"}, {"parent_TextBlock": "Tb_59", "text": "Page 6", "parent_Field": null, "parent_Choice_Field": null, "parent_ChoiceGroup": null, "w": 71, "h": 22, "y": 2122, "x": 1546, "structure_id": "Tr_75"}], "ChoiceGroup": [{"y": 566.03125, "x": 394, "structure_id": "Chgp_1", "w": 944, "h": 174}, {"y": 790.03125, "x": 388, "structure_id": "Chgp_2", "w": 1182, "h": 345}, {"y": 1172.03125, "x": 97, "structure_id": "Chgp_3", "w": 1455, "h": 104}, {"y": 1349.03125, "x": 91, "structure_id": "Chgp_4", "w": 998, "h": 119}, {"y": 1286.03125, "x": 88, "structure_id": "Chgp_5", "w": 1004, "h": 191}, {"y": 1487.03125, "x": 94, "structure_id": "Chgp_6", "w": 1514, "h": 209}, {"y": 353.03125, "x": 91, "structure_id": "Chgp_7", "w": 1487, "h": 789}]}