{"Widget": [{"parent_Field": "Fi_1", "parent_Choice_Field": null, "parent_ChoiceGroup": null, "w": 140.50236220472442, "h": 46.83307086614173, "y": 60.26692913385827, "x": 513.8196850393701, "structure_id": "Wi_1"}, {"parent_Field": "Fi_1", "parent_Choice_Field": null, "parent_ChoiceGroup": null, "w": 88.94488188976378, "h": 46.83307086614173, "y": 60.26692913385827, "x": 707.8330708661417, "structure_id": "Wi_2"}, {"parent_Field": "Fi_1", "parent_Choice_Field": null, "parent_ChoiceGroup": null, "w": 188.88031496062993, "h": 46.83307086614173, "y": 60.26692913385827, "x": 838.992125984252, "structure_id": "Wi_3"}, {"parent_Field": "Fi_2", "parent_Choice_Field": null, "parent_ChoiceGroup": null, "w": 1490.2614173228349, "h": 553.0307086614173, "y": 213.63858267716535, "x": 109.73858267716537, "structure_id": "Wi_4"}, {"parent_Field": null, "parent_Choice_Field": "Chf_1", "parent_ChoiceGroup": "Chgp_1", "w": 25, "h": 25, "y": 179.43858267716536, "x": 110.2251968503937, "structure_id": "Wi_5"}, {"parent_Field": null, "parent_Choice_Field": "Chf_2", "parent_ChoiceGroup": "Chgp_1", "w": 25, "h": 25, "y": 179.43858267716536, "x": 226.89448818897637, "structure_id": "Wi_6"}, {"parent_Field": "Fi_3", "parent_Choice_Field": null, "parent_ChoiceGroup": null, "w": 1490.972440944882, "h": 400, "y": 833.3307086614174, "x": 109.0275590551181, "structure_id": "Wi_7"}, {"parent_Field": "Fi_4", "parent_Choice_Field": null, "parent_ChoiceGroup": null, "w": 216.66929133858267, "h": 33.33070866141732, "y": 1350, "x": 1350, "structure_id": "Wi_8"}, {"parent_Field": "Fi_5", "parent_Choice_Field": null, "parent_ChoiceGroup": null, "w": 416.6692913385827, "h": 33.33070866141732, "y": 1550, "x": 733.3307086614174, "structure_id": "Wi_9"}, {"parent_Field": "Fi_6", "parent_Choice_Field": null, "parent_ChoiceGroup": null, "w": 600, "h": 33.33070866141732, "y": 1350, "x": 716.6692913385828, "structure_id": "Wi_10"}, {"parent_Field": "Fi_7", "parent_Choice_Field": null, "parent_ChoiceGroup": null, "w": 500, "h": 63.89133858267717, "y": 1416.6692913385828, "x": 1100, "structure_id": "Wi_11"}, {"parent_Field": "Fi_8", "parent_Choice_Field": null, "parent_ChoiceGroup": null, "w": 516.6692913385828, "h": 33.33070866141732, "y": 1450.007874015748, "x": 550, "structure_id": "Wi_12"}, {"parent_Field": "Fi_9", "parent_Choice_Field": null, "parent_ChoiceGroup": null, "w": 416.6692913385827, "h": 33.33070866141732, "y": 1450.007874015748, "x": 100, "structure_id": "Wi_13"}, {"parent_Field": "Fi_10", "parent_Choice_Field": null, "parent_ChoiceGroup": null, "w": 583.3385826771654, "h": 33.33070866141732, "y": 1350, "x": 100, "structure_id": "Wi_14"}], "TextBlock": [{"parent_Field": "Fi_1", "parent_Choice_Field": null, "parent_ChoiceGroup": null, "w": 417, "h": 19, "y": 82, "x": 85, "structure_id": "Tb_1"}, {"parent_Field": null, "parent_Choice_Field": null, "parent_ChoiceGroup": null, "w": 397, "h": 23, "y": 118, "x": 653, "structure_id": "Tb_2"}, {"parent_Field": "Fi_2", "parent_Choice_Field": null, "parent_ChoiceGroup": null, "w": 897, "h": 22, "y": 184, "x": 319, "structure_id": "Tb_3"}, {"parent_Field": null, "parent_Choice_Field": null, "parent_ChoiceGroup": "Chgp_1", "w": 842, "h": 19, "y": 152, "x": 102, "structure_id": "Tb_4"}, {"parent_Field": null, "parent_Choice_Field": "Chf_1", "parent_ChoiceGroup": "Chgp_1", "w": 39, "h": 19, "y": 185, "x": 152, "structure_id": "Tb_5"}, {"parent_Field": null, "parent_Choice_Field": "Chf_2", "parent_ChoiceGroup": "Chgp_1", "w": 29, "h": 19, "y": 185, "x": 269, "structure_id": "Tb_6"}, {"parent_Field": null, "parent_Choice_Field": null, "parent_ChoiceGroup": null, "w": 279, "h": 22, "y": 774, "x": 711, "structure_id": "Tb_7"}, {"parent_Field": "Fi_3", "parent_Choice_Field": null, "parent_ChoiceGroup": null, "w": 206, "h": 22, "y": 806, "x": 100, "structure_id": "Tb_8"}, {"parent_Field": null, "parent_Choice_Field": null, "parent_ChoiceGroup": null, "w": 677, "h": 22, "y": 1240, "x": 509, "structure_id": "Tb_9"}, {"parent_Field": "Fi_4", "parent_Choice_Field": null, "parent_ChoiceGroup": null, "w": 178, "h": 19, "y": 1324, "x": 1350, "structure_id": "Tb_10"}, {"parent_Field": null, "parent_Choice_Field": null, "parent_ChoiceGroup": null, "w": 1205, "h": 25, "y": 1279, "x": 102, "structure_id": "Tb_11"}, {"parent_Field": null, "parent_Choice_Field": null, "parent_ChoiceGroup": null, "w": 1322, "h": 22, "y": 1631, "x": 100, "structure_id": "Tb_12"}, {"parent_Field": null, "parent_Choice_Field": null, "parent_ChoiceGroup": null, "w": 1506, "h": 409, "y": 1679, "x": 100, "structure_id": "Tb_13"}, {"parent_Field": "Fi_5", "parent_Choice_Field": null, "parent_ChoiceGroup": null, "w": 614, "h": 25, "y": 1558, "x": 100, "structure_id": "Tb_14"}, {"parent_Field": "Fi_5", "parent_Choice_Field": null, "parent_ChoiceGroup": null, "w": 271, "h": 22, "y": 1589, "x": 806, "structure_id": "Tb_15"}, {"parent_Field": "Fi_6", "parent_Choice_Field": null, "parent_ChoiceGroup": null, "w": 319, "h": 19, "y": 1324, "x": 717, "structure_id": "Tb_16"}, {"parent_Field": "Fi_7", "parent_Choice_Field": null, "parent_ChoiceGroup": null, "w": 265, "h": 20, "y": 1390, "x": 1100, "structure_id": "Tb_17"}, {"parent_Field": "Fi_8", "parent_Choice_Field": null, "parent_ChoiceGroup": null, "w": 503, "h": 20, "y": 1390, "x": 550, "structure_id": "Tb_18"}, {"parent_Field": "Fi_9", "parent_Choice_Field": null, "parent_ChoiceGroup": null, "w": 422, "h": 20, "y": 1390, "x": 100, "structure_id": "Tb_19"}, {"parent_Field": "Fi_10", "parent_Choice_Field": null, "parent_ChoiceGroup": null, "w": 286, "h": 19, "y": 1324, "x": 100, "structure_id": "Tb_20"}, {"parent_Field": null, "parent_Choice_Field": null, "parent_ChoiceGroup": null, "w": 296, "h": 19, "y": 2124, "x": 83, "structure_id": "Tb_21"}, {"parent_Field": null, "parent_Choice_Field": null, "parent_ChoiceGroup": null, "w": 71, "h": 22, "y": 2122, "x": 1546, "structure_id": "Tb_22"}], "Choice_Field": [{"y": 179.43858267716536, "x": 110.2251968503937, "structure_id": "Chf_1", "w": 80.7748031496063, "h": 25}, {"y": 179.43858267716536, "x": 226.89448818897637, "structure_id": "Chf_2", "w": 71.10551181102363, "h": 25}], "Field": [{"y": 60.26692913385827, "x": 85, "structure_id": "Fi_1", "w": 942.8724409448819, "h": 46.833070866141725}, {"y": 184, "x": 109.73858267716537, "structure_id": "Fi_2", "w": 1490.2614173228349, "h": 582.6692913385826}, {"y": 806, "x": 100, "structure_id": "Fi_3", "w": 1500, "h": 427.33070866141725}, {"y": 1324, "x": 1350, "structure_id": "Fi_4", "w": 216.66929133858275, "h": 59.33070866141725}, {"y": 1550, "x": 100, "structure_id": "Fi_5", "w": 1050, "h": 61}, {"y": 1324, "x": 716.6692913385828, "structure_id": "Fi_6", "w": 600, "h": 59.33070866141725}, {"y": 1390, "x": 1100, "structure_id": "Fi_7", "w": 500, "h": 90.56062992125999}, {"y": 1390, "x": 550, "structure_id": "Fi_8", "w": 516.6692913385828, "h": 93.33858267716528}, {"y": 1390, "x": 100, "structure_id": "Fi_9", "w": 422, "h": 93.33858267716528}, {"y": 1324, "x": 100, "structure_id": "Fi_10", "w": 583.3385826771654, "h": 59.33070866141725}], "TextRun": [{"parent_TextBlock": "Tb_1", "text": "PATIENT/VETERAN'S SOCIAL SECURITY NO.", "parent_Field": "Fi_1", "parent_Choice_Field": null, "parent_ChoiceGroup": null, "w": 417, "h": 19, "y": 82, "x": 85, "structure_id": "Tr_1"}, {"parent_TextBlock": "Tb_2", "text": "SECTION XV - FUNCTIONAL IMPACT", "parent_Field": null, "parent_Choice_Field": null, "parent_ChoiceGroup": null, "w": 397, "h": 23, "y": 118, "x": 653, "structure_id": "Tr_2"}, {"parent_TextBlock": "Tb_3", "text": "(If \"Yes,\" describe impact of each of the veteran's heart conditions, providing one or more examples)", "parent_Field": "Fi_2", "parent_Choice_Field": null, "parent_ChoiceGroup": null, "w": 897, "h": 22, "y": 184, "x": 319, "structure_id": "Tr_3"}, {"parent_TextBlock": "Tb_4", "text": "15. DOES THE VETERAN'S HEART CONDITION(S) IMPACT HIS OR HER ABILITY TO WORK?", "parent_Field": null, "parent_Choice_Field": null, "parent_ChoiceGroup": "Chgp_1", "w": 842, "h": 19, "y": 152, "x": 102, "structure_id": "Tr_4"}, {"parent_TextBlock": "Tb_5", "text": "YES", "parent_Field": null, "parent_Choice_Field": "Chf_1", "parent_ChoiceGroup": "Chgp_1", "w": 39, "h": 19, "y": 185, "x": 152, "structure_id": "Tr_5"}, {"parent_TextBlock": "Tb_6", "text": "NO", "parent_Field": null, "parent_Choice_Field": "Chf_2", "parent_ChoiceGroup": "Chgp_1", "w": 29, "h": 19, "y": 185, "x": 269, "structure_id": "Tr_6"}, {"parent_TextBlock": "Tb_7", "text": "SECTION XVI - REMARKS", "parent_Field": null, "parent_Choice_Field": null, "parent_ChoiceGroup": null, "w": 279, "h": 22, "y": 774, "x": 711, "structure_id": "Tr_7"}, {"parent_TextBlock": "Tb_8", "text": "16. REMARKS", "parent_Field": "Fi_3", "parent_Choice_Field": null, "parent_ChoiceGroup": null, "w": 134, "h": 19, "y": 808, "x": 100, "structure_id": "Tr_8"}, {"parent_TextBlock": "Tb_8", "text": "(If any)", "parent_Field": "Fi_3", "parent_Choice_Field": null, "parent_ChoiceGroup": null, "w": 72, "h": 22, "y": 806, "x": 234, "structure_id": "Tr_9"}, {"parent_TextBlock": "Tb_9", "text": "SECTION XVII - PHYSICIAN'S CERTIFICATION AND SIGNATURE", "parent_Field": null, "parent_Choice_Field": null, "parent_ChoiceGroup": null, "w": 677, "h": 22, "y": 1240, "x": 509, "structure_id": "Tr_10"}, {"parent_TextBlock": "Tb_10", "text": "17C. DATE SIGNED", "parent_Field": "Fi_4", "parent_Choice_Field": null, "parent_ChoiceGroup": null, "w": 178, "h": 19, "y": 1324, "x": 1350, "structure_id": "Tr_11"}, {"parent_TextBlock": "Tb_11", "text": "CERTIFICATION\u00c2\u00a0-", "parent_Field": null, "parent_Choice_Field": null, "parent_ChoiceGroup": null, "w": 219, "h": 25, "y": 1279, "x": 102, "structure_id": "Tr_12"}, {"parent_TextBlock": "Tb_11", "text": "To the best of my knowledge, the information contained herein is accurate, complete and current.\u00c2\u00a0", "parent_Field": null, "parent_Choice_Field": null, "parent_ChoiceGroup": null, "w": 986, "h": 25, "y": 1279, "x": 321, "structure_id": "Tr_13"}, {"parent_TextBlock": "Tb_12", "text": "NOTE:", "parent_Field": null, "parent_Choice_Field": null, "parent_ChoiceGroup": null, "w": 70, "h": 22, "y": 1631, "x": 100, "structure_id": "Tr_14"}, {"parent_TextBlock": "Tb_12", "text": "A list of VA Regional Office FAX Numbers can be found at\u00c2\u00a0", "parent_Field": null, "parent_Choice_Field": null, "parent_ChoiceGroup": null, "w": 549, "h": 22, "y": 1631, "x": 170, "structure_id": "Tr_15"}, {"parent_TextBlock": "Tb_12", "text": "www.benefits.va.gov/disabilityexams", "parent_Field": null, "parent_Choice_Field": null, "parent_ChoiceGroup": null, "w": 348, "h": 22, "y": 1631, "x": 719, "structure_id": "Tr_16"}, {"parent_TextBlock": "Tb_12", "text": "\u00c2\u00a0or obtained by calling 1-800-827-1000.", "parent_Field": null, "parent_Choice_Field": null, "parent_ChoiceGroup": null, "w": 355, "h": 22, "y": 1631, "x": 1067, "structure_id": "Tr_17"}, {"parent_TextBlock": "Tb_13", "text": "PRIVACY", "parent_Field": null, "parent_Choice_Field": null, "parent_ChoiceGroup": null, "w": 108, "h": 22, "y": 1679, "x": 100, "structure_id": "Tr_18"}, {"parent_TextBlock": "Tb_13", "text": "ACT", "parent_Field": null, "parent_Choice_Field": null, "parent_ChoiceGroup": null, "w": 52, "h": 22, "y": 1679, "x": 209, "structure_id": "Tr_19"}, {"parent_TextBlock": "Tb_13", "text": "NOTICE:", "parent_Field": null, "parent_Choice_Field": null, "parent_ChoiceGroup": null, "w": 95, "h": 22, "y": 1679, "x": 262, "structure_id": "Tr_20"}, {"parent_TextBlock": "Tb_13", "text": "VA", "parent_Field": null, "parent_Choice_Field": null, "parent_ChoiceGroup": null, "w": 37, "h": 22, "y": 1679, "x": 364, "structure_id": "Tr_21"}, {"parent_TextBlock": "Tb_13", "text": "will", "parent_Field": null, "parent_Choice_Field": null, "parent_ChoiceGroup": null, "w": 40, "h": 22, "y": 1679, "x": 402, "structure_id": "Tr_22"}, {"parent_TextBlock": "Tb_13", "text": "not", "parent_Field": null, "parent_Choice_Field": null, "parent_ChoiceGroup": null, "w": 34, "h": 22, "y": 1679, "x": 443, "structure_id": "Tr_23"}, {"parent_TextBlock": "Tb_13", "text": "disclose", "parent_Field": null, "parent_Choice_Field": null, "parent_ChoiceGroup": null, "w": 77, "h": 22, "y": 1679, "x": 478, "structure_id": "Tr_24"}, {"parent_TextBlock": "Tb_13", "text": "information", "parent_Field": null, "parent_Choice_Field": null, "parent_ChoiceGroup": null, "w": 110, "h": 22, "y": 1679, "x": 556, "structure_id": "Tr_25"}, {"parent_TextBlock": "Tb_13", "text": "collected", "parent_Field": null, "parent_Choice_Field": null, "parent_ChoiceGroup": null, "w": 86, "h": 22, "y": 1679, "x": 667, "structure_id": "Tr_26"}, {"parent_TextBlock": "Tb_13", "text": "on", "parent_Field": null, "parent_Choice_Field": null, "parent_ChoiceGroup": null, "w": 27, "h": 22, "y": 1679, "x": 754, "structure_id": "Tr_27"}, {"parent_TextBlock": "Tb_13", "text": "this", "parent_Field": null, "parent_Choice_Field": null, "parent_ChoiceGroup": null, "w": 38, "h": 22, "y": 1679, "x": 782, "structure_id": "Tr_28"}, {"parent_TextBlock": "Tb_13", "text": "form", "parent_Field": null, "parent_Choice_Field": null, "parent_ChoiceGroup": null, "w": 48, "h": 22, "y": 1679, "x": 821, "structure_id": "Tr_29"}, {"parent_TextBlock": "Tb_13", "text": "to", "parent_Field": null, "parent_Choice_Field": null, "parent_ChoiceGroup": null, "w": 23, "h": 22, "y": 1679, "x": 870, "structure_id": "Tr_30"}, {"parent_TextBlock": "Tb_13", "text": "any", "parent_Field": null, "parent_Choice_Field": null, "parent_ChoiceGroup": null, "w": 38, "h": 22, "y": 1679, "x": 894, "structure_id": "Tr_31"}, {"parent_TextBlock": "Tb_13", "text": "source", "parent_Field": null, "parent_Choice_Field": null, "parent_ChoiceGroup": null, "w": 64, "h": 22, "y": 1679, "x": 932, "structure_id": "Tr_32"}, {"parent_TextBlock": "Tb_13", "text": "other", "parent_Field": null, "parent_Choice_Field": null, "parent_ChoiceGroup": null, "w": 51, "h": 22, "y": 1679, "x": 997, "structure_id": "Tr_33"}, {"parent_TextBlock": "Tb_13", "text": "than", "parent_Field": null, "parent_Choice_Field": null, "parent_ChoiceGroup": null, "w": 44, "h": 22, "y": 1679, "x": 1049, "structure_id": "Tr_34"}, {"parent_TextBlock": "Tb_13", "text": "what", "parent_Field": null, "parent_Choice_Field": null, "parent_ChoiceGroup": null, "w": 49, "h": 22, "y": 1679, "x": 1093, "structure_id": "Tr_35"}, {"parent_TextBlock": "Tb_13", "text": "has", "parent_Field": null, "parent_Choice_Field": null, "parent_ChoiceGroup": null, "w": 35, "h": 22, "y": 1679, "x": 1143, "structure_id": "Tr_36"}, {"parent_TextBlock": "Tb_13", "text": "been", "parent_Field": null, "parent_Choice_Field": null, "parent_ChoiceGroup": null, "w": 47, "h": 22, "y": 1679, "x": 1179, "structure_id": "Tr_37"}, {"parent_TextBlock": "Tb_13", "text": "authorized", "parent_Field": null, "parent_Choice_Field": null, "parent_ChoiceGroup": null, "w": 100, "h": 22, "y": 1679, "x": 1227, "structure_id": "Tr_38"}, {"parent_TextBlock": "Tb_13", "text": "under", "parent_Field": null, "parent_Choice_Field": null, "parent_ChoiceGroup": null, "w": 57, "h": 22, "y": 1679, "x": 1327, "structure_id": "Tr_39"}, {"parent_TextBlock": "Tb_13", "text": "the", "parent_Field": null, "parent_Choice_Field": null, "parent_ChoiceGroup": null, "w": 33, "h": 22, "y": 1679, "x": 1384, "structure_id": "Tr_40"}, {"parent_TextBlock": "Tb_13", "text": "Privacy", "parent_Field": null, "parent_Choice_Field": null, "parent_ChoiceGroup": null, "w": 73, "h": 22, "y": 1679, "x": 1418, "structure_id": "Tr_41"}, {"parent_TextBlock": "Tb_13", "text": "Act", "parent_Field": null, "parent_Choice_Field": null, "parent_ChoiceGroup": null, "w": 38, "h": 22, "y": 1679, "x": 1492, "structure_id": "Tr_42"}, {"parent_TextBlock": "Tb_13", "text": "of", "parent_Field": null, "parent_Choice_Field": null, "parent_ChoiceGroup": null, "w": 24, "h": 22, "y": 1679, "x": 1531, "structure_id": "Tr_43"}, {"parent_TextBlock": "Tb_13", "text": "1974", "parent_Field": null, "parent_Choice_Field": null, "parent_ChoiceGroup": null, "w": 50, "h": 22, "y": 1679, "x": 1556, "structure_id": "Tr_44"}, {"parent_TextBlock": "Tb_13", "text": "or", "parent_Field": null, "parent_Choice_Field": null, "parent_ChoiceGroup": null, "w": 24, "h": 22, "y": 1705, "x": 100, "structure_id": "Tr_45"}, {"parent_TextBlock": "Tb_13", "text": "Title", "parent_Field": null, "parent_Choice_Field": null, "parent_ChoiceGroup": null, "w": 48, "h": 22, "y": 1705, "x": 126, "structure_id": "Tr_46"}, {"parent_TextBlock": "Tb_13", "text": "38,", "parent_Field": null, "parent_Choice_Field": null, "parent_ChoiceGroup": null, "w": 34, "h": 22, "y": 1705, "x": 176, "structure_id": "Tr_47"}, {"parent_TextBlock": "Tb_13", "text": "Code", "parent_Field": null, "parent_Choice_Field": null, "parent_ChoiceGroup": null, "w": 52, "h": 22, "y": 1705, "x": 212, "structure_id": "Tr_48"}, {"parent_TextBlock": "Tb_13", "text": "of", "parent_Field": null, "parent_Choice_Field": null, "parent_ChoiceGroup": null, "w": 24, "h": 22, "y": 1705, "x": 267, "structure_id": "Tr_49"}, {"parent_TextBlock": "Tb_13", "text": "Federal", "parent_Field": null, "parent_Choice_Field": null, "parent_ChoiceGroup": null, "w": 72, "h": 22, "y": 1705, "x": 293, "structure_id": "Tr_50"}, {"parent_TextBlock": "Tb_13", "text": "Regulations", "parent_Field": null, "parent_Choice_Field": null, "parent_ChoiceGroup": null, "w": 111, "h": 22, "y": 1705, "x": 368, "structure_id": "Tr_51"}, {"parent_TextBlock": "Tb_13", "text": "1.576", "parent_Field": null, "parent_Choice_Field": null, "parent_ChoiceGroup": null, "w": 55, "h": 22, "y": 1705, "x": 482, "structure_id": "Tr_52"}, {"parent_TextBlock": "Tb_13", "text": "for", "parent_Field": null, "parent_Choice_Field": null, "parent_ChoiceGroup": null, "w": 32, "h": 22, "y": 1705, "x": 539, "structure_id": "Tr_53"}, {"parent_TextBlock": "Tb_13", "text": "routine", "parent_Field": null, "parent_Choice_Field": null, "parent_ChoiceGroup": null, "w": 69, "h": 22, "y": 1705, "x": 573, "structure_id": "Tr_54"}, {"parent_TextBlock": "Tb_13", "text": "uses", "parent_Field": null, "parent_Choice_Field": null, "parent_ChoiceGroup": null, "w": 44, "h": 22, "y": 1705, "x": 644, "structure_id": "Tr_55"}, {"parent_TextBlock": "Tb_13", "text": "(i.e.,", "parent_Field": null, "parent_Choice_Field": null, "parent_ChoiceGroup": null, "w": 46, "h": 22, "y": 1705, "x": 690, "structure_id": "Tr_56"}, {"parent_TextBlock": "Tb_13", "text": "civil", "parent_Field": null, "parent_Choice_Field": null, "parent_ChoiceGroup": null, "w": 45, "h": 22, "y": 1705, "x": 738, "structure_id": "Tr_57"}, {"parent_TextBlock": "Tb_13", "text": "or", "parent_Field": null, "parent_Choice_Field": null, "parent_ChoiceGroup": null, "w": 25, "h": 22, "y": 1705, "x": 785, "structure_id": "Tr_58"}, {"parent_TextBlock": "Tb_13", "text": "criminal", "parent_Field": null, "parent_Choice_Field": null, "parent_ChoiceGroup": null, "w": 79, "h": 22, "y": 1705, "x": 812, "structure_id": "Tr_59"}, {"parent_TextBlock": "Tb_13", "text": "law", "parent_Field": null, "parent_Choice_Field": null, "parent_ChoiceGroup": null, "w": 37, "h": 22, "y": 1705, "x": 894, "structure_id": "Tr_60"}, {"parent_TextBlock": "Tb_13", "text": "enforcement,", "parent_Field": null, "parent_Choice_Field": null, "parent_ChoiceGroup": null, "w": 122, "h": 22, "y": 1705, "x": 934, "structure_id": "Tr_61"}, {"parent_TextBlock": "Tb_13", "text": "congressional", "parent_Field": null, "parent_Choice_Field": null, "parent_ChoiceGroup": null, "w": 128, "h": 22, "y": 1705, "x": 1058, "structure_id": "Tr_62"}, {"parent_TextBlock": "Tb_13", "text": "communications,", "parent_Field": null, "parent_Choice_Field": null, "parent_ChoiceGroup": null, "w": 158, "h": 22, "y": 1705, "x": 1188, "structure_id": "Tr_63"}, {"parent_TextBlock": "Tb_13", "text": "epidemiological", "parent_Field": null, "parent_Choice_Field": null, "parent_ChoiceGroup": null, "w": 148, "h": 22, "y": 1705, "x": 1349, "structure_id": "Tr_64"}, {"parent_TextBlock": "Tb_13", "text": "or", "parent_Field": null, "parent_Choice_Field": null, "parent_ChoiceGroup": null, "w": 24, "h": 22, "y": 1705, "x": 1500, "structure_id": "Tr_65"}, {"parent_TextBlock": "Tb_13", "text": "research", "parent_Field": null, "parent_Choice_Field": null, "parent_ChoiceGroup": null, "w": 80, "h": 22, "y": 1705, "x": 1526, "structure_id": "Tr_66"}, {"parent_TextBlock": "Tb_13", "text": "studies,", "parent_Field": null, "parent_Choice_Field": null, "parent_ChoiceGroup": null, "w": 73, "h": 22, "y": 1732, "x": 100, "structure_id": "Tr_67"}, {"parent_TextBlock": "Tb_13", "text": "the", "parent_Field": null, "parent_Choice_Field": null, "parent_ChoiceGroup": null, "w": 32, "h": 22, "y": 1732, "x": 175, "structure_id": "Tr_68"}, {"parent_TextBlock": "Tb_13", "text": "collection", "parent_Field": null, "parent_Choice_Field": null, "parent_ChoiceGroup": null, "w": 93, "h": 22, "y": 1732, "x": 209, "structure_id": "Tr_69"}, {"parent_TextBlock": "Tb_13", "text": "of", "parent_Field": null, "parent_Choice_Field": null, "parent_ChoiceGroup": null, "w": 24, "h": 22, "y": 1732, "x": 304, "structure_id": "Tr_70"}, {"parent_TextBlock": "Tb_13", "text": "money", "parent_Field": null, "parent_Choice_Field": null, "parent_ChoiceGroup": null, "w": 66, "h": 22, "y": 1732, "x": 329, "structure_id": "Tr_71"}, {"parent_TextBlock": "Tb_13", "text": "owed", "parent_Field": null, "parent_Choice_Field": null, "parent_ChoiceGroup": null, "w": 54, "h": 22, "y": 1732, "x": 397, "structure_id": "Tr_72"}, {"parent_TextBlock": "Tb_13", "text": "to", "parent_Field": null, "parent_Choice_Field": null, "parent_ChoiceGroup": null, "w": 22, "h": 22, "y": 1732, "x": 453, "structure_id": "Tr_73"}, {"parent_TextBlock": "Tb_13", "text": "the", "parent_Field": null, "parent_Choice_Field": null, "parent_ChoiceGroup": null, "w": 33, "h": 22, "y": 1732, "x": 477, "structure_id": "Tr_74"}, {"parent_TextBlock": "Tb_13", "text": "United", "parent_Field": null, "parent_Choice_Field": null, "parent_ChoiceGroup": null, "w": 66, "h": 22, "y": 1732, "x": 511, "structure_id": "Tr_75"}, {"parent_TextBlock": "Tb_13", "text": "States,", "parent_Field": null, "parent_Choice_Field": null, "parent_ChoiceGroup": null, "w": 64, "h": 22, "y": 1732, "x": 579, "structure_id": "Tr_76"}, {"parent_TextBlock": "Tb_13", "text": "litigation", "parent_Field": null, "parent_Choice_Field": null, "parent_ChoiceGroup": null, "w": 86, "h": 22, "y": 1732, "x": 645, "structure_id": "Tr_77"}, {"parent_TextBlock": "Tb_13", "text": "in", "parent_Field": null, "parent_Choice_Field": null, "parent_ChoiceGroup": null, "w": 23, "h": 22, "y": 1732, "x": 732, "structure_id": "Tr_78"}, {"parent_TextBlock": "Tb_13", "text": "which", "parent_Field": null, "parent_Choice_Field": null, "parent_ChoiceGroup": null, "w": 60, "h": 22, "y": 1732, "x": 757, "structure_id": "Tr_79"}, {"parent_TextBlock": "Tb_13", "text": "the", "parent_Field": null, "parent_Choice_Field": null, "parent_ChoiceGroup": null, "w": 33, "h": 22, "y": 1732, "x": 818, "structure_id": "Tr_80"}, {"parent_TextBlock": "Tb_13", "text": "United", "parent_Field": null, "parent_Choice_Field": null, "parent_ChoiceGroup": null, "w": 66, "h": 22, "y": 1732, "x": 853, "structure_id": "Tr_81"}, {"parent_TextBlock": "Tb_13", "text": "States", "parent_Field": null, "parent_Choice_Field": null, "parent_ChoiceGroup": null, "w": 58, "h": 22, "y": 1732, "x": 921, "structure_id": "Tr_82"}, {"parent_TextBlock": "Tb_13", "text": "is", "parent_Field": null, "parent_Choice_Field": null, "parent_ChoiceGroup": null, "w": 20, "h": 22, "y": 1732, "x": 981, "structure_id": "Tr_83"}, {"parent_TextBlock": "Tb_13", "text": "party", "parent_Field": null, "parent_Choice_Field": null, "parent_ChoiceGroup": null, "w": 51, "h": 22, "y": 1732, "x": 1020, "structure_id": "Tr_84"}, {"parent_TextBlock": "Tb_13", "text": "or", "parent_Field": null, "parent_Choice_Field": null, "parent_ChoiceGroup": null, "w": 24, "h": 22, "y": 1732, "x": 1073, "structure_id": "Tr_85"}, {"parent_TextBlock": "Tb_13", "text": "has", "parent_Field": null, "parent_Choice_Field": null, "parent_ChoiceGroup": null, "w": 35, "h": 22, "y": 1732, "x": 1099, "structure_id": "Tr_86"}, {"parent_TextBlock": "Tb_13", "text": "an", "parent_Field": null, "parent_Choice_Field": null, "parent_ChoiceGroup": null, "w": 27, "h": 22, "y": 1732, "x": 1135, "structure_id": "Tr_87"}, {"parent_TextBlock": "Tb_13", "text": "interest,", "parent_Field": null, "parent_Choice_Field": null, "parent_ChoiceGroup": null, "w": 76, "h": 22, "y": 1732, "x": 1164, "structure_id": "Tr_88"}, {"parent_TextBlock": "Tb_13", "text": "the", "parent_Field": null, "parent_Choice_Field": null, "parent_ChoiceGroup": null, "w": 32, "h": 22, "y": 1732, "x": 1242, "structure_id": "Tr_89"}, {"parent_TextBlock": "Tb_13", "text": "administration", "parent_Field": null, "parent_Choice_Field": null, "parent_ChoiceGroup": null, "w": 134, "h": 22, "y": 1732, "x": 1276, "structure_id": "Tr_90"}, {"parent_TextBlock": "Tb_13", "text": "of", "parent_Field": null, "parent_Choice_Field": null, "parent_ChoiceGroup": null, "w": 24, "h": 22, "y": 1732, "x": 1412, "structure_id": "Tr_91"}, {"parent_TextBlock": "Tb_13", "text": "VA", "parent_Field": null, "parent_Choice_Field": null, "parent_ChoiceGroup": null, "w": 38, "h": 22, "y": 1732, "x": 1437, "structure_id": "Tr_92"}, {"parent_TextBlock": "Tb_13", "text": "programs", "parent_Field": null, "parent_Choice_Field": null, "parent_ChoiceGroup": null, "w": 89, "h": 22, "y": 1732, "x": 1477, "structure_id": "Tr_93"}, {"parent_TextBlock": "Tb_13", "text": "and", "parent_Field": null, "parent_Choice_Field": null, "parent_ChoiceGroup": null, "w": 38, "h": 22, "y": 1732, "x": 1568, "structure_id": "Tr_94"}, {"parent_TextBlock": "Tb_13", "text": "delivery", "parent_Field": null, "parent_Choice_Field": null, "parent_ChoiceGroup": null, "w": 78, "h": 22, "y": 1759, "x": 100, "structure_id": "Tr_95"}, {"parent_TextBlock": "Tb_13", "text": "of", "parent_Field": null, "parent_Choice_Field": null, "parent_ChoiceGroup": null, "w": 24, "h": 22, "y": 1759, "x": 180, "structure_id": "Tr_96"}, {"parent_TextBlock": "Tb_13", "text": "VA", "parent_Field": null, "parent_Choice_Field": null, "parent_ChoiceGroup": null, "w": 38, "h": 22, "y": 1759, "x": 206, "structure_id": "Tr_97"}, {"parent_TextBlock": "Tb_13", "text": "benefits,", "parent_Field": null, "parent_Choice_Field": null, "parent_ChoiceGroup": null, "w": 82, "h": 22, "y": 1759, "x": 246, "structure_id": "Tr_98"}, {"parent_TextBlock": "Tb_13", "text": "verification", "parent_Field": null, "parent_Choice_Field": null, "parent_ChoiceGroup": null, "w": 108, "h": 22, "y": 1759, "x": 330, "structure_id": "Tr_99"}, {"parent_TextBlock": "Tb_13", "text": "of", "parent_Field": null, "parent_Choice_Field": null, "parent_ChoiceGroup": null, "w": 24, "h": 22, "y": 1759, "x": 440, "structure_id": "Tr_100"}, {"parent_TextBlock": "Tb_13", "text": "identity", "parent_Field": null, "parent_Choice_Field": null, "parent_ChoiceGroup": null, "w": 73, "h": 22, "y": 1759, "x": 466, "structure_id": "Tr_101"}, {"parent_TextBlock": "Tb_13", "text": "and", "parent_Field": null, "parent_Choice_Field": null, "parent_ChoiceGroup": null, "w": 38, "h": 22, "y": 1759, "x": 541, "structure_id": "Tr_102"}, {"parent_TextBlock": "Tb_13", "text": "status,", "parent_Field": null, "parent_Choice_Field": null, "parent_ChoiceGroup": null, "w": 62, "h": 22, "y": 1759, "x": 581, "structure_id": "Tr_103"}, {"parent_TextBlock": "Tb_13", "text": "and", "parent_Field": null, "parent_Choice_Field": null, "parent_ChoiceGroup": null, "w": 37, "h": 22, "y": 1759, "x": 645, "structure_id": "Tr_104"}, {"parent_TextBlock": "Tb_13", "text": "personnel", "parent_Field": null, "parent_Choice_Field": null, "parent_ChoiceGroup": null, "w": 92, "h": 22, "y": 1759, "x": 684, "structure_id": "Tr_105"}, {"parent_TextBlock": "Tb_13", "text": "administration)", "parent_Field": null, "parent_Choice_Field": null, "parent_ChoiceGroup": null, "w": 141, "h": 22, "y": 1759, "x": 778, "structure_id": "Tr_106"}, {"parent_TextBlock": "Tb_13", "text": "as", "parent_Field": null, "parent_Choice_Field": null, "parent_ChoiceGroup": null, "w": 25, "h": 22, "y": 1759, "x": 921, "structure_id": "Tr_107"}, {"parent_TextBlock": "Tb_13", "text": "identified", "parent_Field": null, "parent_Choice_Field": null, "parent_ChoiceGroup": null, "w": 90, "h": 22, "y": 1759, "x": 948, "structure_id": "Tr_108"}, {"parent_TextBlock": "Tb_13", "text": "in", "parent_Field": null, "parent_Choice_Field": null, "parent_ChoiceGroup": null, "w": 23, "h": 22, "y": 1759, "x": 1040, "structure_id": "Tr_109"}, {"parent_TextBlock": "Tb_13", "text": "the", "parent_Field": null, "parent_Choice_Field": null, "parent_ChoiceGroup": null, "w": 33, "h": 22, "y": 1759, "x": 1065, "structure_id": "Tr_110"}, {"parent_TextBlock": "Tb_13", "text": "VA", "parent_Field": null, "parent_Choice_Field": null, "parent_ChoiceGroup": null, "w": 38, "h": 22, "y": 1759, "x": 1100, "structure_id": "Tr_111"}, {"parent_TextBlock": "Tb_13", "text": "system", "parent_Field": null, "parent_Choice_Field": null, "parent_ChoiceGroup": null, "w": 67, "h": 22, "y": 1759, "x": 1140, "structure_id": "Tr_112"}, {"parent_TextBlock": "Tb_13", "text": "of", "parent_Field": null, "parent_Choice_Field": null, "parent_ChoiceGroup": null, "w": 24, "h": 22, "y": 1759, "x": 1209, "structure_id": "Tr_113"}, {"parent_TextBlock": "Tb_13", "text": "records,", "parent_Field": null, "parent_Choice_Field": null, "parent_ChoiceGroup": null, "w": 76, "h": 22, "y": 1759, "x": 1235, "structure_id": "Tr_114"}, {"parent_TextBlock": "Tb_13", "text": "58/VA21/22/28,", "parent_Field": null, "parent_Choice_Field": null, "parent_ChoiceGroup": null, "w": 151, "h": 22, "y": 1759, "x": 1313, "structure_id": "Tr_115"}, {"parent_TextBlock": "Tb_13", "text": "Compensation,", "parent_Field": null, "parent_Choice_Field": null, "parent_ChoiceGroup": null, "w": 140, "h": 22, "y": 1759, "x": 1466, "structure_id": "Tr_116"}, {"parent_TextBlock": "Tb_13", "text": "Pension,", "parent_Field": null, "parent_Choice_Field": null, "parent_ChoiceGroup": null, "w": 81, "h": 22, "y": 1785, "x": 100, "structure_id": "Tr_117"}, {"parent_TextBlock": "Tb_13", "text": "Education", "parent_Field": null, "parent_Choice_Field": null, "parent_ChoiceGroup": null, "w": 96, "h": 22, "y": 1785, "x": 182, "structure_id": "Tr_118"}, {"parent_TextBlock": "Tb_13", "text": "and", "parent_Field": null, "parent_Choice_Field": null, "parent_ChoiceGroup": null, "w": 37, "h": 22, "y": 1785, "x": 279, "structure_id": "Tr_119"}, {"parent_TextBlock": "Tb_13", "text": "Vocational", "parent_Field": null, "parent_Choice_Field": null, "parent_ChoiceGroup": null, "w": 103, "h": 22, "y": 1785, "x": 317, "structure_id": "Tr_120"}, {"parent_TextBlock": "Tb_13", "text": "Rehabilitation", "parent_Field": null, "parent_Choice_Field": null, "parent_ChoiceGroup": null, "w": 131, "h": 22, "y": 1785, "x": 421, "structure_id": "Tr_121"}, {"parent_TextBlock": "Tb_13", "text": "and", "parent_Field": null, "parent_Choice_Field": null, "parent_ChoiceGroup": null, "w": 37, "h": 22, "y": 1785, "x": 553, "structure_id": "Tr_122"}, {"parent_TextBlock": "Tb_13", "text": "Employment", "parent_Field": null, "parent_Choice_Field": null, "parent_ChoiceGroup": null, "w": 120, "h": 22, "y": 1785, "x": 591, "structure_id": "Tr_123"}, {"parent_TextBlock": "Tb_13", "text": "Records", "parent_Field": null, "parent_Choice_Field": null, "parent_ChoiceGroup": null, "w": 78, "h": 22, "y": 1785, "x": 712, "structure_id": "Tr_124"}, {"parent_TextBlock": "Tb_13", "text": "VA,", "parent_Field": null, "parent_Choice_Field": null, "parent_ChoiceGroup": null, "w": 43, "h": 22, "y": 1785, "x": 805, "structure_id": "Tr_125"}, {"parent_TextBlock": "Tb_13", "text": "published", "parent_Field": null, "parent_Choice_Field": null, "parent_ChoiceGroup": null, "w": 92, "h": 22, "y": 1785, "x": 849, "structure_id": "Tr_126"}, {"parent_TextBlock": "Tb_13", "text": "in", "parent_Field": null, "parent_Choice_Field": null, "parent_ChoiceGroup": null, "w": 23, "h": 22, "y": 1785, "x": 941, "structure_id": "Tr_127"}, {"parent_TextBlock": "Tb_13", "text": "the", "parent_Field": null, "parent_Choice_Field": null, "parent_ChoiceGroup": null, "w": 33, "h": 22, "y": 1785, "x": 965, "structure_id": "Tr_128"}, {"parent_TextBlock": "Tb_13", "text": "Federal", "parent_Field": null, "parent_Choice_Field": null, "parent_ChoiceGroup": null, "w": 72, "h": 22, "y": 1785, "x": 998, "structure_id": "Tr_129"}, {"parent_TextBlock": "Tb_13", "text": "Register.", "parent_Field": null, "parent_Choice_Field": null, "parent_ChoiceGroup": null, "w": 85, "h": 22, "y": 1785, "x": 1071, "structure_id": "Tr_130"}, {"parent_TextBlock": "Tb_13", "text": "Your", "parent_Field": null, "parent_Choice_Field": null, "parent_ChoiceGroup": null, "w": 51, "h": 22, "y": 1785, "x": 1157, "structure_id": "Tr_131"}, {"parent_TextBlock": "Tb_13", "text": "obligation", "parent_Field": null, "parent_Choice_Field": null, "parent_ChoiceGroup": null, "w": 96, "h": 22, "y": 1785, "x": 1209, "structure_id": "Tr_132"}, {"parent_TextBlock": "Tb_13", "text": "to", "parent_Field": null, "parent_Choice_Field": null, "parent_ChoiceGroup": null, "w": 23, "h": 22, "y": 1785, "x": 1305, "structure_id": "Tr_133"}, {"parent_TextBlock": "Tb_13", "text": "respond", "parent_Field": null, "parent_Choice_Field": null, "parent_ChoiceGroup": null, "w": 76, "h": 22, "y": 1785, "x": 1329, "structure_id": "Tr_134"}, {"parent_TextBlock": "Tb_13", "text": "is", "parent_Field": null, "parent_Choice_Field": null, "parent_ChoiceGroup": null, "w": 21, "h": 22, "y": 1785, "x": 1405, "structure_id": "Tr_135"}, {"parent_TextBlock": "Tb_13", "text": "voluntary.", "parent_Field": null, "parent_Choice_Field": null, "parent_ChoiceGroup": null, "w": 97, "h": 22, "y": 1785, "x": 1426, "structure_id": "Tr_136"}, {"parent_TextBlock": "Tb_13", "text": "VA", "parent_Field": null, "parent_Choice_Field": null, "parent_ChoiceGroup": null, "w": 38, "h": 22, "y": 1785, "x": 1523, "structure_id": "Tr_137"}, {"parent_TextBlock": "Tb_13", "text": "uses", "parent_Field": null, "parent_Choice_Field": null, "parent_ChoiceGroup": null, "w": 44, "h": 22, "y": 1785, "x": 1562, "structure_id": "Tr_138"}, {"parent_TextBlock": "Tb_13", "text": "your", "parent_Field": null, "parent_Choice_Field": null, "parent_ChoiceGroup": null, "w": 46, "h": 22, "y": 1812, "x": 100, "structure_id": "Tr_139"}, {"parent_TextBlock": "Tb_13", "text": "SSN", "parent_Field": null, "parent_Choice_Field": null, "parent_ChoiceGroup": null, "w": 47, "h": 22, "y": 1812, "x": 147, "structure_id": "Tr_140"}, {"parent_TextBlock": "Tb_13", "text": "to", "parent_Field": null, "parent_Choice_Field": null, "parent_ChoiceGroup": null, "w": 22, "h": 22, "y": 1812, "x": 195, "structure_id": "Tr_141"}, {"parent_TextBlock": "Tb_13", "text": "identify", "parent_Field": null, "parent_Choice_Field": null, "parent_ChoiceGroup": null, "w": 75, "h": 22, "y": 1812, "x": 218, "structure_id": "Tr_142"}, {"parent_TextBlock": "Tb_13", "text": "your", "parent_Field": null, "parent_Choice_Field": null, "parent_ChoiceGroup": null, "w": 46, "h": 22, "y": 1812, "x": 294, "structure_id": "Tr_143"}, {"parent_TextBlock": "Tb_13", "text": "claim", "parent_Field": null, "parent_Choice_Field": null, "parent_ChoiceGroup": null, "w": 55, "h": 22, "y": 1812, "x": 341, "structure_id": "Tr_144"}, {"parent_TextBlock": "Tb_13", "text": "file.", "parent_Field": null, "parent_Choice_Field": null, "parent_ChoiceGroup": null, "w": 41, "h": 22, "y": 1812, "x": 397, "structure_id": "Tr_145"}, {"parent_TextBlock": "Tb_13", "text": "Providing", "parent_Field": null, "parent_Choice_Field": null, "parent_ChoiceGroup": null, "w": 93, "h": 22, "y": 1812, "x": 439, "structure_id": "Tr_146"}, {"parent_TextBlock": "Tb_13", "text": "your", "parent_Field": null, "parent_Choice_Field": null, "parent_ChoiceGroup": null, "w": 47, "h": 22, "y": 1812, "x": 533, "structure_id": "Tr_147"}, {"parent_TextBlock": "Tb_13", "text": "SSN", "parent_Field": null, "parent_Choice_Field": null, "parent_ChoiceGroup": null, "w": 46, "h": 22, "y": 1812, "x": 581, "structure_id": "Tr_148"}, {"parent_TextBlock": "Tb_13", "text": "will", "parent_Field": null, "parent_Choice_Field": null, "parent_ChoiceGroup": null, "w": 40, "h": 22, "y": 1812, "x": 628, "structure_id": "Tr_149"}, {"parent_TextBlock": "Tb_13", "text": "help", "parent_Field": null, "parent_Choice_Field": null, "parent_ChoiceGroup": null, "w": 44, "h": 22, "y": 1812, "x": 669, "structure_id": "Tr_150"}, {"parent_TextBlock": "Tb_13", "text": "ensure", "parent_Field": null, "parent_Choice_Field": null, "parent_ChoiceGroup": null, "w": 63, "h": 22, "y": 1812, "x": 714, "structure_id": "Tr_151"}, {"parent_TextBlock": "Tb_13", "text": "that", "parent_Field": null, "parent_Choice_Field": null, "parent_ChoiceGroup": null, "w": 39, "h": 22, "y": 1812, "x": 778, "structure_id": "Tr_152"}, {"parent_TextBlock": "Tb_13", "text": "your", "parent_Field": null, "parent_Choice_Field": null, "parent_ChoiceGroup": null, "w": 46, "h": 22, "y": 1812, "x": 818, "structure_id": "Tr_153"}, {"parent_TextBlock": "Tb_13", "text": "records", "parent_Field": null, "parent_Choice_Field": null, "parent_ChoiceGroup": null, "w": 71, "h": 22, "y": 1812, "x": 865, "structure_id": "Tr_154"}, {"parent_TextBlock": "Tb_13", "text": "are", "parent_Field": null, "parent_Choice_Field": null, "parent_ChoiceGroup": null, "w": 33, "h": 22, "y": 1812, "x": 937, "structure_id": "Tr_155"}, {"parent_TextBlock": "Tb_13", "text": "properly", "parent_Field": null, "parent_Choice_Field": null, "parent_ChoiceGroup": null, "w": 81, "h": 22, "y": 1812, "x": 971, "structure_id": "Tr_156"}, {"parent_TextBlock": "Tb_13", "text": "associated", "parent_Field": null, "parent_Choice_Field": null, "parent_ChoiceGroup": null, "w": 97, "h": 22, "y": 1812, "x": 1053, "structure_id": "Tr_157"}, {"parent_TextBlock": "Tb_13", "text": "with", "parent_Field": null, "parent_Choice_Field": null, "parent_ChoiceGroup": null, "w": 45, "h": 22, "y": 1812, "x": 1151, "structure_id": "Tr_158"}, {"parent_TextBlock": "Tb_13", "text": "your", "parent_Field": null, "parent_Choice_Field": null, "parent_ChoiceGroup": null, "w": 46, "h": 22, "y": 1812, "x": 1197, "structure_id": "Tr_159"}, {"parent_TextBlock": "Tb_13", "text": "claim", "parent_Field": null, "parent_Choice_Field": null, "parent_ChoiceGroup": null, "w": 55, "h": 22, "y": 1812, "x": 1244, "structure_id": "Tr_160"}, {"parent_TextBlock": "Tb_13", "text": "file.", "parent_Field": null, "parent_Choice_Field": null, "parent_ChoiceGroup": null, "w": 41, "h": 22, "y": 1812, "x": 1300, "structure_id": "Tr_161"}, {"parent_TextBlock": "Tb_13", "text": "Giving", "parent_Field": null, "parent_Choice_Field": null, "parent_ChoiceGroup": null, "w": 67, "h": 22, "y": 1812, "x": 1342, "structure_id": "Tr_162"}, {"parent_TextBlock": "Tb_13", "text": "us", "parent_Field": null, "parent_Choice_Field": null, "parent_ChoiceGroup": null, "w": 25, "h": 22, "y": 1812, "x": 1410, "structure_id": "Tr_163"}, {"parent_TextBlock": "Tb_13", "text": "your", "parent_Field": null, "parent_Choice_Field": null, "parent_ChoiceGroup": null, "w": 47, "h": 22, "y": 1812, "x": 1436, "structure_id": "Tr_164"}, {"parent_TextBlock": "Tb_13", "text": "SSN", "parent_Field": null, "parent_Choice_Field": null, "parent_ChoiceGroup": null, "w": 46, "h": 22, "y": 1812, "x": 1484, "structure_id": "Tr_165"}, {"parent_TextBlock": "Tb_13", "text": "account", "parent_Field": null, "parent_Choice_Field": null, "parent_ChoiceGroup": null, "w": 75, "h": 22, "y": 1812, "x": 1531, "structure_id": "Tr_166"}, {"parent_TextBlock": "Tb_13", "text": "information", "parent_Field": null, "parent_Choice_Field": null, "parent_ChoiceGroup": null, "w": 110, "h": 22, "y": 1839, "x": 100, "structure_id": "Tr_167"}, {"parent_TextBlock": "Tb_13", "text": "is", "parent_Field": null, "parent_Choice_Field": null, "parent_ChoiceGroup": null, "w": 21, "h": 22, "y": 1839, "x": 211, "structure_id": "Tr_168"}, {"parent_TextBlock": "Tb_13", "text": "voluntary.", "parent_Field": null, "parent_Choice_Field": null, "parent_ChoiceGroup": null, "w": 96, "h": 22, "y": 1839, "x": 233, "structure_id": "Tr_169"}, {"parent_TextBlock": "Tb_13", "text": "Refusal", "parent_Field": null, "parent_Choice_Field": null, "parent_ChoiceGroup": null, "w": 73, "h": 22, "y": 1839, "x": 330, "structure_id": "Tr_170"}, {"parent_TextBlock": "Tb_13", "text": "to", "parent_Field": null, "parent_Choice_Field": null, "parent_ChoiceGroup": null, "w": 23, "h": 22, "y": 1839, "x": 404, "structure_id": "Tr_171"}, {"parent_TextBlock": "Tb_13", "text": "provide", "parent_Field": null, "parent_Choice_Field": null, "parent_ChoiceGroup": null, "w": 73, "h": 22, "y": 1839, "x": 428, "structure_id": "Tr_172"}, {"parent_TextBlock": "Tb_13", "text": "your", "parent_Field": null, "parent_Choice_Field": null, "parent_ChoiceGroup": null, "w": 46, "h": 22, "y": 1839, "x": 502, "structure_id": "Tr_173"}, {"parent_TextBlock": "Tb_13", "text": "SSN", "parent_Field": null, "parent_Choice_Field": null, "parent_ChoiceGroup": null, "w": 46, "h": 22, "y": 1839, "x": 549, "structure_id": "Tr_174"}, {"parent_TextBlock": "Tb_13", "text": "by", "parent_Field": null, "parent_Choice_Field": null, "parent_ChoiceGroup": null, "w": 28, "h": 22, "y": 1839, "x": 596, "structure_id": "Tr_175"}, {"parent_TextBlock": "Tb_13", "text": "itself", "parent_Field": null, "parent_Choice_Field": null, "parent_ChoiceGroup": null, "w": 50, "h": 22, "y": 1839, "x": 625, "structure_id": "Tr_176"}, {"parent_TextBlock": "Tb_13", "text": "will", "parent_Field": null, "parent_Choice_Field": null, "parent_ChoiceGroup": null, "w": 40, "h": 22, "y": 1839, "x": 676, "structure_id": "Tr_177"}, {"parent_TextBlock": "Tb_13", "text": "not", "parent_Field": null, "parent_Choice_Field": null, "parent_ChoiceGroup": null, "w": 34, "h": 22, "y": 1839, "x": 717, "structure_id": "Tr_178"}, {"parent_TextBlock": "Tb_13", "text": "result", "parent_Field": null, "parent_Choice_Field": null, "parent_ChoiceGroup": null, "w": 55, "h": 22, "y": 1839, "x": 751, "structure_id": "Tr_179"}, {"parent_TextBlock": "Tb_13", "text": "in", "parent_Field": null, "parent_Choice_Field": null, "parent_ChoiceGroup": null, "w": 23, "h": 22, "y": 1839, "x": 807, "structure_id": "Tr_180"}, {"parent_TextBlock": "Tb_13", "text": "the", "parent_Field": null, "parent_Choice_Field": null, "parent_ChoiceGroup": null, "w": 33, "h": 22, "y": 1839, "x": 831, "structure_id": "Tr_181"}, {"parent_TextBlock": "Tb_13", "text": "denial", "parent_Field": null, "parent_Choice_Field": null, "parent_ChoiceGroup": null, "w": 60, "h": 22, "y": 1839, "x": 864, "structure_id": "Tr_182"}, {"parent_TextBlock": "Tb_13", "text": "of", "parent_Field": null, "parent_Choice_Field": null, "parent_ChoiceGroup": null, "w": 24, "h": 22, "y": 1839, "x": 925, "structure_id": "Tr_183"}, {"parent_TextBlock": "Tb_13", "text": "benefits.", "parent_Field": null, "parent_Choice_Field": null, "parent_ChoiceGroup": null, "w": 82, "h": 22, "y": 1839, "x": 950, "structure_id": "Tr_184"}, {"parent_TextBlock": "Tb_13", "text": "VA", "parent_Field": null, "parent_Choice_Field": null, "parent_ChoiceGroup": null, "w": 38, "h": 22, "y": 1839, "x": 1032, "structure_id": "Tr_185"}, {"parent_TextBlock": "Tb_13", "text": "will", "parent_Field": null, "parent_Choice_Field": null, "parent_ChoiceGroup": null, "w": 40, "h": 22, "y": 1839, "x": 1071, "structure_id": "Tr_186"}, {"parent_TextBlock": "Tb_13", "text": "not", "parent_Field": null, "parent_Choice_Field": null, "parent_ChoiceGroup": null, "w": 34, "h": 22, "y": 1839, "x": 1112, "structure_id": "Tr_187"}, {"parent_TextBlock": "Tb_13", "text": "deny", "parent_Field": null, "parent_Choice_Field": null, "parent_ChoiceGroup": null, "w": 48, "h": 22, "y": 1839, "x": 1147, "structure_id": "Tr_188"}, {"parent_TextBlock": "Tb_13", "text": "an", "parent_Field": null, "parent_Choice_Field": null, "parent_ChoiceGroup": null, "w": 27, "h": 22, "y": 1839, "x": 1196, "structure_id": "Tr_189"}, {"parent_TextBlock": "Tb_13", "text": "individual", "parent_Field": null, "parent_Choice_Field": null, "parent_ChoiceGroup": null, "w": 95, "h": 22, "y": 1839, "x": 1224, "structure_id": "Tr_190"}, {"parent_TextBlock": "Tb_13", "text": "benefits", "parent_Field": null, "parent_Choice_Field": null, "parent_ChoiceGroup": null, "w": 76, "h": 22, "y": 1839, "x": 1320, "structure_id": "Tr_191"}, {"parent_TextBlock": "Tb_13", "text": "for", "parent_Field": null, "parent_Choice_Field": null, "parent_ChoiceGroup": null, "w": 31, "h": 22, "y": 1839, "x": 1397, "structure_id": "Tr_192"}, {"parent_TextBlock": "Tb_13", "text": "refusing", "parent_Field": null, "parent_Choice_Field": null, "parent_ChoiceGroup": null, "w": 79, "h": 22, "y": 1839, "x": 1429, "structure_id": "Tr_193"}, {"parent_TextBlock": "Tb_13", "text": "to", "parent_Field": null, "parent_Choice_Field": null, "parent_ChoiceGroup": null, "w": 23, "h": 22, "y": 1839, "x": 1508, "structure_id": "Tr_194"}, {"parent_TextBlock": "Tb_13", "text": "provide", "parent_Field": null, "parent_Choice_Field": null, "parent_ChoiceGroup": null, "w": 74, "h": 22, "y": 1839, "x": 1532, "structure_id": "Tr_195"}, {"parent_TextBlock": "Tb_13", "text": "his", "parent_Field": null, "parent_Choice_Field": null, "parent_ChoiceGroup": null, "w": 31, "h": 22, "y": 1865, "x": 100, "structure_id": "Tr_196"}, {"parent_TextBlock": "Tb_13", "text": "or", "parent_Field": null, "parent_Choice_Field": null, "parent_ChoiceGroup": null, "w": 24, "h": 22, "y": 1865, "x": 132, "structure_id": "Tr_197"}, {"parent_TextBlock": "Tb_13", "text": "her", "parent_Field": null, "parent_Choice_Field": null, "parent_ChoiceGroup": null, "w": 34, "h": 22, "y": 1865, "x": 156, "structure_id": "Tr_198"}, {"parent_TextBlock": "Tb_13", "text": "SSN", "parent_Field": null, "parent_Choice_Field": null, "parent_ChoiceGroup": null, "w": 46, "h": 22, "y": 1865, "x": 190, "structure_id": "Tr_199"}, {"parent_TextBlock": "Tb_13", "text": "unless", "parent_Field": null, "parent_Choice_Field": null, "parent_ChoiceGroup": null, "w": 61, "h": 22, "y": 1865, "x": 237, "structure_id": "Tr_200"}, {"parent_TextBlock": "Tb_13", "text": "the", "parent_Field": null, "parent_Choice_Field": null, "parent_ChoiceGroup": null, "w": 33, "h": 22, "y": 1865, "x": 298, "structure_id": "Tr_201"}, {"parent_TextBlock": "Tb_13", "text": "disclosure", "parent_Field": null, "parent_Choice_Field": null, "parent_ChoiceGroup": null, "w": 96, "h": 22, "y": 1865, "x": 331, "structure_id": "Tr_202"}, {"parent_TextBlock": "Tb_13", "text": "of", "parent_Field": null, "parent_Choice_Field": null, "parent_ChoiceGroup": null, "w": 24, "h": 22, "y": 1865, "x": 427, "structure_id": "Tr_203"}, {"parent_TextBlock": "Tb_13", "text": "the", "parent_Field": null, "parent_Choice_Field": null, "parent_ChoiceGroup": null, "w": 33, "h": 22, "y": 1865, "x": 451, "structure_id": "Tr_204"}, {"parent_TextBlock": "Tb_13", "text": "SSN", "parent_Field": null, "parent_Choice_Field": null, "parent_ChoiceGroup": null, "w": 46, "h": 22, "y": 1865, "x": 484, "structure_id": "Tr_205"}, {"parent_TextBlock": "Tb_13", "text": "is", "parent_Field": null, "parent_Choice_Field": null, "parent_ChoiceGroup": null, "w": 20, "h": 22, "y": 1865, "x": 531, "structure_id": "Tr_206"}, {"parent_TextBlock": "Tb_13", "text": "required", "parent_Field": null, "parent_Choice_Field": null, "parent_ChoiceGroup": null, "w": 80, "h": 22, "y": 1865, "x": 551, "structure_id": "Tr_207"}, {"parent_TextBlock": "Tb_13", "text": "by", "parent_Field": null, "parent_Choice_Field": null, "parent_ChoiceGroup": null, "w": 28, "h": 22, "y": 1865, "x": 631, "structure_id": "Tr_208"}, {"parent_TextBlock": "Tb_13", "text": "Federal", "parent_Field": null, "parent_Choice_Field": null, "parent_ChoiceGroup": null, "w": 72, "h": 22, "y": 1865, "x": 675, "structure_id": "Tr_209"}, {"parent_TextBlock": "Tb_13", "text": "Statute", "parent_Field": null, "parent_Choice_Field": null, "parent_ChoiceGroup": null, "w": 67, "h": 22, "y": 1865, "x": 747, "structure_id": "Tr_210"}, {"parent_TextBlock": "Tb_13", "text": "of", "parent_Field": null, "parent_Choice_Field": null, "parent_ChoiceGroup": null, "w": 24, "h": 22, "y": 1865, "x": 815, "structure_id": "Tr_211"}, {"parent_TextBlock": "Tb_13", "text": "law", "parent_Field": null, "parent_Choice_Field": null, "parent_ChoiceGroup": null, "w": 38, "h": 22, "y": 1865, "x": 839, "structure_id": "Tr_212"}, {"parent_TextBlock": "Tb_13", "text": "in", "parent_Field": null, "parent_Choice_Field": null, "parent_ChoiceGroup": null, "w": 23, "h": 22, "y": 1865, "x": 877, "structure_id": "Tr_213"}, {"parent_TextBlock": "Tb_13", "text": "effect", "parent_Field": null, "parent_Choice_Field": null, "parent_ChoiceGroup": null, "w": 56, "h": 22, "y": 1865, "x": 900, "structure_id": "Tr_214"}, {"parent_TextBlock": "Tb_13", "text": "prior", "parent_Field": null, "parent_Choice_Field": null, "parent_ChoiceGroup": null, "w": 49, "h": 22, "y": 1865, "x": 956, "structure_id": "Tr_215"}, {"parent_TextBlock": "Tb_13", "text": "to", "parent_Field": null, "parent_Choice_Field": null, "parent_ChoiceGroup": null, "w": 23, "h": 22, "y": 1865, "x": 1005, "structure_id": "Tr_216"}, {"parent_TextBlock": "Tb_13", "text": "January", "parent_Field": null, "parent_Choice_Field": null, "parent_ChoiceGroup": null, "w": 75, "h": 22, "y": 1865, "x": 1028, "structure_id": "Tr_217"}, {"parent_TextBlock": "Tb_13", "text": "1,", "parent_Field": null, "parent_Choice_Field": null, "parent_ChoiceGroup": null, "w": 22, "h": 22, "y": 1865, "x": 1103, "structure_id": "Tr_218"}, {"parent_TextBlock": "Tb_13", "text": "1975,", "parent_Field": null, "parent_Choice_Field": null, "parent_ChoiceGroup": null, "w": 55, "h": 22, "y": 1865, "x": 1126, "structure_id": "Tr_219"}, {"parent_TextBlock": "Tb_13", "text": "and", "parent_Field": null, "parent_Choice_Field": null, "parent_ChoiceGroup": null, "w": 38, "h": 22, "y": 1865, "x": 1181, "structure_id": "Tr_220"}, {"parent_TextBlock": "Tb_13", "text": "still", "parent_Field": null, "parent_Choice_Field": null, "parent_ChoiceGroup": null, "w": 39, "h": 22, "y": 1865, "x": 1219, "structure_id": "Tr_221"}, {"parent_TextBlock": "Tb_13", "text": "in", "parent_Field": null, "parent_Choice_Field": null, "parent_ChoiceGroup": null, "w": 23, "h": 22, "y": 1865, "x": 1258, "structure_id": "Tr_222"}, {"parent_TextBlock": "Tb_13", "text": "effect.", "parent_Field": null, "parent_Choice_Field": null, "parent_ChoiceGroup": null, "w": 62, "h": 22, "y": 1865, "x": 1281, "structure_id": "Tr_223"}, {"parent_TextBlock": "Tb_13", "text": "The", "parent_Field": null, "parent_Choice_Field": null, "parent_ChoiceGroup": null, "w": 40, "h": 22, "y": 1865, "x": 1343, "structure_id": "Tr_224"}, {"parent_TextBlock": "Tb_13", "text": "requested", "parent_Field": null, "parent_Choice_Field": null, "parent_ChoiceGroup": null, "w": 90, "h": 22, "y": 1865, "x": 1384, "structure_id": "Tr_225"}, {"parent_TextBlock": "Tb_13", "text": "information", "parent_Field": null, "parent_Choice_Field": null, "parent_ChoiceGroup": null, "w": 111, "h": 22, "y": 1865, "x": 1474, "structure_id": "Tr_226"}, {"parent_TextBlock": "Tb_13", "text": "is", "parent_Field": null, "parent_Choice_Field": null, "parent_ChoiceGroup": null, "w": 21, "h": 22, "y": 1865, "x": 1585, "structure_id": "Tr_227"}, {"parent_TextBlock": "Tb_13", "text": "considered", "parent_Field": null, "parent_Choice_Field": null, "parent_ChoiceGroup": null, "w": 102, "h": 22, "y": 1892, "x": 100, "structure_id": "Tr_228"}, {"parent_TextBlock": "Tb_13", "text": "relevant", "parent_Field": null, "parent_Choice_Field": null, "parent_ChoiceGroup": null, "w": 77, "h": 22, "y": 1892, "x": 203, "structure_id": "Tr_229"}, {"parent_TextBlock": "Tb_13", "text": "and", "parent_Field": null, "parent_Choice_Field": null, "parent_ChoiceGroup": null, "w": 37, "h": 22, "y": 1892, "x": 281, "structure_id": "Tr_230"}, {"parent_TextBlock": "Tb_13", "text": "necessary", "parent_Field": null, "parent_Choice_Field": null, "parent_ChoiceGroup": null, "w": 92, "h": 22, "y": 1892, "x": 319, "structure_id": "Tr_231"}, {"parent_TextBlock": "Tb_13", "text": "to", "parent_Field": null, "parent_Choice_Field": null, "parent_ChoiceGroup": null, "w": 23, "h": 22, "y": 1892, "x": 412, "structure_id": "Tr_232"}, {"parent_TextBlock": "Tb_13", "text": "determine", "parent_Field": null, "parent_Choice_Field": null, "parent_ChoiceGroup": null, "w": 94, "h": 22, "y": 1892, "x": 436, "structure_id": "Tr_233"}, {"parent_TextBlock": "Tb_13", "text": "maximum", "parent_Field": null, "parent_Choice_Field": null, "parent_ChoiceGroup": null, "w": 95, "h": 22, "y": 1892, "x": 531, "structure_id": "Tr_234"}, {"parent_TextBlock": "Tb_13", "text": "benefits", "parent_Field": null, "parent_Choice_Field": null, "parent_ChoiceGroup": null, "w": 76, "h": 22, "y": 1892, "x": 627, "structure_id": "Tr_235"}, {"parent_TextBlock": "Tb_13", "text": "under", "parent_Field": null, "parent_Choice_Field": null, "parent_ChoiceGroup": null, "w": 56, "h": 22, "y": 1892, "x": 704, "structure_id": "Tr_236"}, {"parent_TextBlock": "Tb_13", "text": "the", "parent_Field": null, "parent_Choice_Field": null, "parent_ChoiceGroup": null, "w": 33, "h": 22, "y": 1892, "x": 761, "structure_id": "Tr_237"}, {"parent_TextBlock": "Tb_13", "text": "law.", "parent_Field": null, "parent_Choice_Field": null, "parent_ChoiceGroup": null, "w": 43, "h": 22, "y": 1892, "x": 795, "structure_id": "Tr_238"}, {"parent_TextBlock": "Tb_13", "text": "The", "parent_Field": null, "parent_Choice_Field": null, "parent_ChoiceGroup": null, "w": 40, "h": 22, "y": 1892, "x": 839, "structure_id": "Tr_239"}, {"parent_TextBlock": "Tb_13", "text": "responses", "parent_Field": null, "parent_Choice_Field": null, "parent_ChoiceGroup": null, "w": 92, "h": 22, "y": 1892, "x": 880, "structure_id": "Tr_240"}, {"parent_TextBlock": "Tb_13", "text": "you", "parent_Field": null, "parent_Choice_Field": null, "parent_ChoiceGroup": null, "w": 39, "h": 22, "y": 1892, "x": 972, "structure_id": "Tr_241"}, {"parent_TextBlock": "Tb_13", "text": "submit", "parent_Field": null, "parent_Choice_Field": null, "parent_ChoiceGroup": null, "w": 66, "h": 22, "y": 1892, "x": 1012, "structure_id": "Tr_242"}, {"parent_TextBlock": "Tb_13", "text": "are", "parent_Field": null, "parent_Choice_Field": null, "parent_ChoiceGroup": null, "w": 33, "h": 22, "y": 1892, "x": 1079, "structure_id": "Tr_243"}, {"parent_TextBlock": "Tb_13", "text": "considered", "parent_Field": null, "parent_Choice_Field": null, "parent_ChoiceGroup": null, "w": 101, "h": 22, "y": 1892, "x": 1113, "structure_id": "Tr_244"}, {"parent_TextBlock": "Tb_13", "text": "confidential", "parent_Field": null, "parent_Choice_Field": null, "parent_ChoiceGroup": null, "w": 112, "h": 22, "y": 1892, "x": 1215, "structure_id": "Tr_245"}, {"parent_TextBlock": "Tb_13", "text": "(38", "parent_Field": null, "parent_Choice_Field": null, "parent_ChoiceGroup": null, "w": 35, "h": 22, "y": 1892, "x": 1328, "structure_id": "Tr_246"}, {"parent_TextBlock": "Tb_13", "text": "U.S.C.", "parent_Field": null, "parent_Choice_Field": null, "parent_ChoiceGroup": null, "w": 65, "h": 22, "y": 1892, "x": 1364, "structure_id": "Tr_247"}, {"parent_TextBlock": "Tb_13", "text": "5701).", "parent_Field": null, "parent_Choice_Field": null, "parent_ChoiceGroup": null, "w": 63, "h": 22, "y": 1892, "x": 1430, "structure_id": "Tr_248"}, {"parent_TextBlock": "Tb_13", "text": "Information", "parent_Field": null, "parent_Choice_Field": null, "parent_ChoiceGroup": null, "w": 112, "h": 22, "y": 1892, "x": 1494, "structure_id": "Tr_249"}, {"parent_TextBlock": "Tb_13", "text": "submitted is subject to verification through computer matching programs with other agencies.", "parent_Field": null, "parent_Choice_Field": null, "parent_ChoiceGroup": null, "w": 839, "h": 22, "y": 1919, "x": 100, "structure_id": "Tr_250"}, {"parent_TextBlock": "Tb_13", "text": "RESPONDENT", "parent_Field": null, "parent_Choice_Field": null, "parent_ChoiceGroup": null, "w": 157, "h": 22, "y": 1959, "x": 100, "structure_id": "Tr_251"}, {"parent_TextBlock": "Tb_13", "text": "BURDEN:", "parent_Field": null, "parent_Choice_Field": null, "parent_ChoiceGroup": null, "w": 101, "h": 22, "y": 1959, "x": 260, "structure_id": "Tr_252"}, {"parent_TextBlock": "Tb_13", "text": "We", "parent_Field": null, "parent_Choice_Field": null, "parent_ChoiceGroup": null, "w": 36, "h": 22, "y": 1959, "x": 369, "structure_id": "Tr_253"}, {"parent_TextBlock": "Tb_13", "text": "need", "parent_Field": null, "parent_Choice_Field": null, "parent_ChoiceGroup": null, "w": 47, "h": 22, "y": 1959, "x": 408, "structure_id": "Tr_254"}, {"parent_TextBlock": "Tb_13", "text": "this", "parent_Field": null, "parent_Choice_Field": null, "parent_ChoiceGroup": null, "w": 38, "h": 22, "y": 1959, "x": 457, "structure_id": "Tr_255"}, {"parent_TextBlock": "Tb_13", "text": "information", "parent_Field": null, "parent_Choice_Field": null, "parent_ChoiceGroup": null, "w": 111, "h": 22, "y": 1959, "x": 497, "structure_id": "Tr_256"}, {"parent_TextBlock": "Tb_13", "text": "to", "parent_Field": null, "parent_Choice_Field": null, "parent_ChoiceGroup": null, "w": 23, "h": 22, "y": 1959, "x": 610, "structure_id": "Tr_257"}, {"parent_TextBlock": "Tb_13", "text": "determine", "parent_Field": null, "parent_Choice_Field": null, "parent_ChoiceGroup": null, "w": 95, "h": 22, "y": 1959, "x": 635, "structure_id": "Tr_258"}, {"parent_TextBlock": "Tb_13", "text": "entitlement", "parent_Field": null, "parent_Choice_Field": null, "parent_ChoiceGroup": null, "w": 106, "h": 22, "y": 1959, "x": 732, "structure_id": "Tr_259"}, {"parent_TextBlock": "Tb_13", "text": "to", "parent_Field": null, "parent_Choice_Field": null, "parent_ChoiceGroup": null, "w": 23, "h": 22, "y": 1959, "x": 840, "structure_id": "Tr_260"}, {"parent_TextBlock": "Tb_13", "text": "benefits", "parent_Field": null, "parent_Choice_Field": null, "parent_ChoiceGroup": null, "w": 76, "h": 22, "y": 1959, "x": 865, "structure_id": "Tr_261"}, {"parent_TextBlock": "Tb_13", "text": "(38", "parent_Field": null, "parent_Choice_Field": null, "parent_ChoiceGroup": null, "w": 35, "h": 22, "y": 1959, "x": 943, "structure_id": "Tr_262"}, {"parent_TextBlock": "Tb_13", "text": "U.S.C.", "parent_Field": null, "parent_Choice_Field": null, "parent_ChoiceGroup": null, "w": 65, "h": 22, "y": 1959, "x": 981, "structure_id": "Tr_263"}, {"parent_TextBlock": "Tb_13", "text": "501).", "parent_Field": null, "parent_Choice_Field": null, "parent_ChoiceGroup": null, "w": 51, "h": 22, "y": 1959, "x": 1049, "structure_id": "Tr_264"}, {"parent_TextBlock": "Tb_13", "text": "Title", "parent_Field": null, "parent_Choice_Field": null, "parent_ChoiceGroup": null, "w": 47, "h": 22, "y": 1959, "x": 1103, "structure_id": "Tr_265"}, {"parent_TextBlock": "Tb_13", "text": "38,", "parent_Field": null, "parent_Choice_Field": null, "parent_ChoiceGroup": null, "w": 33, "h": 22, "y": 1959, "x": 1153, "structure_id": "Tr_266"}, {"parent_TextBlock": "Tb_13", "text": "United", "parent_Field": null, "parent_Choice_Field": null, "parent_ChoiceGroup": null, "w": 66, "h": 22, "y": 1959, "x": 1188, "structure_id": "Tr_267"}, {"parent_TextBlock": "Tb_13", "text": "States", "parent_Field": null, "parent_Choice_Field": null, "parent_ChoiceGroup": null, "w": 58, "h": 22, "y": 1959, "x": 1257, "structure_id": "Tr_268"}, {"parent_TextBlock": "Tb_13", "text": "Code,", "parent_Field": null, "parent_Choice_Field": null, "parent_ChoiceGroup": null, "w": 58, "h": 22, "y": 1959, "x": 1318, "structure_id": "Tr_269"}, {"parent_TextBlock": "Tb_13", "text": "allows", "parent_Field": null, "parent_Choice_Field": null, "parent_ChoiceGroup": null, "w": 63, "h": 22, "y": 1959, "x": 1378, "structure_id": "Tr_270"}, {"parent_TextBlock": "Tb_13", "text": "us", "parent_Field": null, "parent_Choice_Field": null, "parent_ChoiceGroup": null, "w": 25, "h": 22, "y": 1959, "x": 1444, "structure_id": "Tr_271"}, {"parent_TextBlock": "Tb_13", "text": "to", "parent_Field": null, "parent_Choice_Field": null, "parent_ChoiceGroup": null, "w": 23, "h": 22, "y": 1959, "x": 1471, "structure_id": "Tr_272"}, {"parent_TextBlock": "Tb_13", "text": "ask", "parent_Field": null, "parent_Choice_Field": null, "parent_ChoiceGroup": null, "w": 35, "h": 22, "y": 1959, "x": 1497, "structure_id": "Tr_273"}, {"parent_TextBlock": "Tb_13", "text": "for", "parent_Field": null, "parent_Choice_Field": null, "parent_ChoiceGroup": null, "w": 32, "h": 22, "y": 1959, "x": 1534, "structure_id": "Tr_274"}, {"parent_TextBlock": "Tb_13", "text": "this", "parent_Field": null, "parent_Choice_Field": null, "parent_ChoiceGroup": null, "w": 38, "h": 22, "y": 1959, "x": 1568, "structure_id": "Tr_275"}, {"parent_TextBlock": "Tb_13", "text": "information.", "parent_Field": null, "parent_Choice_Field": null, "parent_ChoiceGroup": null, "w": 116, "h": 22, "y": 1986, "x": 100, "structure_id": "Tr_276"}, {"parent_TextBlock": "Tb_13", "text": "We", "parent_Field": null, "parent_Choice_Field": null, "parent_ChoiceGroup": null, "w": 36, "h": 22, "y": 1986, "x": 218, "structure_id": "Tr_277"}, {"parent_TextBlock": "Tb_13", "text": "estimate", "parent_Field": null, "parent_Choice_Field": null, "parent_ChoiceGroup": null, "w": 80, "h": 22, "y": 1986, "x": 255, "structure_id": "Tr_278"}, {"parent_TextBlock": "Tb_13", "text": "that", "parent_Field": null, "parent_Choice_Field": null, "parent_ChoiceGroup": null, "w": 39, "h": 22, "y": 1986, "x": 336, "structure_id": "Tr_279"}, {"parent_TextBlock": "Tb_13", "text": "you", "parent_Field": null, "parent_Choice_Field": null, "parent_ChoiceGroup": null, "w": 39, "h": 22, "y": 1986, "x": 377, "structure_id": "Tr_280"}, {"parent_TextBlock": "Tb_13", "text": "will", "parent_Field": null, "parent_Choice_Field": null, "parent_ChoiceGroup": null, "w": 40, "h": 22, "y": 1986, "x": 417, "structure_id": "Tr_281"}, {"parent_TextBlock": "Tb_13", "text": "need", "parent_Field": null, "parent_Choice_Field": null, "parent_ChoiceGroup": null, "w": 47, "h": 22, "y": 1986, "x": 459, "structure_id": "Tr_282"}, {"parent_TextBlock": "Tb_13", "text": "an", "parent_Field": null, "parent_Choice_Field": null, "parent_ChoiceGroup": null, "w": 26, "h": 22, "y": 1986, "x": 508, "structure_id": "Tr_283"}, {"parent_TextBlock": "Tb_13", "text": "average", "parent_Field": null, "parent_Choice_Field": null, "parent_ChoiceGroup": null, "w": 74, "h": 22, "y": 1986, "x": 536, "structure_id": "Tr_284"}, {"parent_TextBlock": "Tb_13", "text": "of", "parent_Field": null, "parent_Choice_Field": null, "parent_ChoiceGroup": null, "w": 24, "h": 22, "y": 1986, "x": 612, "structure_id": "Tr_285"}, {"parent_TextBlock": "Tb_13", "text": "30", "parent_Field": null, "parent_Choice_Field": null, "parent_ChoiceGroup": null, "w": 27, "h": 22, "y": 1986, "x": 638, "structure_id": "Tr_286"}, {"parent_TextBlock": "Tb_13", "text": "minutes", "parent_Field": null, "parent_Choice_Field": null, "parent_ChoiceGroup": null, "w": 76, "h": 22, "y": 1986, "x": 667, "structure_id": "Tr_287"}, {"parent_TextBlock": "Tb_13", "text": "to", "parent_Field": null, "parent_Choice_Field": null, "parent_ChoiceGroup": null, "w": 23, "h": 22, "y": 1986, "x": 744, "structure_id": "Tr_288"}, {"parent_TextBlock": "Tb_13", "text": "review", "parent_Field": null, "parent_Choice_Field": null, "parent_ChoiceGroup": null, "w": 66, "h": 22, "y": 1986, "x": 769, "structure_id": "Tr_289"}, {"parent_TextBlock": "Tb_13", "text": "the", "parent_Field": null, "parent_Choice_Field": null, "parent_ChoiceGroup": null, "w": 33, "h": 22, "y": 1986, "x": 836, "structure_id": "Tr_290"}, {"parent_TextBlock": "Tb_13", "text": "instructions,", "parent_Field": null, "parent_Choice_Field": null, "parent_ChoiceGroup": null, "w": 115, "h": 22, "y": 1986, "x": 870, "structure_id": "Tr_291"}, {"parent_TextBlock": "Tb_13", "text": "find", "parent_Field": null, "parent_Choice_Field": null, "parent_ChoiceGroup": null, "w": 41, "h": 22, "y": 1986, "x": 987, "structure_id": "Tr_292"}, {"parent_TextBlock": "Tb_13", "text": "the", "parent_Field": null, "parent_Choice_Field": null, "parent_ChoiceGroup": null, "w": 33, "h": 22, "y": 1986, "x": 1029, "structure_id": "Tr_293"}, {"parent_TextBlock": "Tb_13", "text": "information,", "parent_Field": null, "parent_Choice_Field": null, "parent_ChoiceGroup": null, "w": 116, "h": 22, "y": 1986, "x": 1064, "structure_id": "Tr_294"}, {"parent_TextBlock": "Tb_13", "text": "and", "parent_Field": null, "parent_Choice_Field": null, "parent_ChoiceGroup": null, "w": 38, "h": 22, "y": 1986, "x": 1181, "structure_id": "Tr_295"}, {"parent_TextBlock": "Tb_13", "text": "complete", "parent_Field": null, "parent_Choice_Field": null, "parent_ChoiceGroup": null, "w": 87, "h": 22, "y": 1986, "x": 1220, "structure_id": "Tr_296"}, {"parent_TextBlock": "Tb_13", "text": "the", "parent_Field": null, "parent_Choice_Field": null, "parent_ChoiceGroup": null, "w": 32, "h": 22, "y": 1986, "x": 1309, "structure_id": "Tr_297"}, {"parent_TextBlock": "Tb_13", "text": "form.", "parent_Field": null, "parent_Choice_Field": null, "parent_ChoiceGroup": null, "w": 54, "h": 22, "y": 1986, "x": 1343, "structure_id": "Tr_298"}, {"parent_TextBlock": "Tb_13", "text": "VA", "parent_Field": null, "parent_Choice_Field": null, "parent_ChoiceGroup": null, "w": 37, "h": 22, "y": 1986, "x": 1399, "structure_id": "Tr_299"}, {"parent_TextBlock": "Tb_13", "text": "cannot", "parent_Field": null, "parent_Choice_Field": null, "parent_ChoiceGroup": null, "w": 65, "h": 22, "y": 1986, "x": 1438, "structure_id": "Tr_300"}, {"parent_TextBlock": "Tb_13", "text": "conduct", "parent_Field": null, "parent_Choice_Field": null, "parent_ChoiceGroup": null, "w": 76, "h": 22, "y": 1986, "x": 1504, "structure_id": "Tr_301"}, {"parent_TextBlock": "Tb_13", "text": "or", "parent_Field": null, "parent_Choice_Field": null, "parent_ChoiceGroup": null, "w": 25, "h": 22, "y": 1986, "x": 1581, "structure_id": "Tr_302"}, {"parent_TextBlock": "Tb_13", "text": "sponsor", "parent_Field": null, "parent_Choice_Field": null, "parent_ChoiceGroup": null, "w": 75, "h": 23, "y": 2012, "x": 100, "structure_id": "Tr_303"}, {"parent_TextBlock": "Tb_13", "text": "collection", "parent_Field": null, "parent_Choice_Field": null, "parent_ChoiceGroup": null, "w": 93, "h": 23, "y": 2012, "x": 191, "structure_id": "Tr_304"}, {"parent_TextBlock": "Tb_13", "text": "of", "parent_Field": null, "parent_Choice_Field": null, "parent_ChoiceGroup": null, "w": 24, "h": 23, "y": 2012, "x": 284, "structure_id": "Tr_305"}, {"parent_TextBlock": "Tb_13", "text": "information", "parent_Field": null, "parent_Choice_Field": null, "parent_ChoiceGroup": null, "w": 111, "h": 23, "y": 2012, "x": 308, "structure_id": "Tr_306"}, {"parent_TextBlock": "Tb_13", "text": "unless", "parent_Field": null, "parent_Choice_Field": null, "parent_ChoiceGroup": null, "w": 61, "h": 23, "y": 2012, "x": 419, "structure_id": "Tr_307"}, {"parent_TextBlock": "Tb_13", "text": "valid", "parent_Field": null, "parent_Choice_Field": null, "parent_ChoiceGroup": null, "w": 50, "h": 23, "y": 2012, "x": 496, "structure_id": "Tr_308"}, {"parent_TextBlock": "Tb_13", "text": "OMB", "parent_Field": null, "parent_Choice_Field": null, "parent_ChoiceGroup": null, "w": 57, "h": 23, "y": 2012, "x": 546, "structure_id": "Tr_309"}, {"parent_TextBlock": "Tb_13", "text": "control", "parent_Field": null, "parent_Choice_Field": null, "parent_ChoiceGroup": null, "w": 68, "h": 23, "y": 2012, "x": 603, "structure_id": "Tr_310"}, {"parent_TextBlock": "Tb_13", "text": "number", "parent_Field": null, "parent_Choice_Field": null, "parent_ChoiceGroup": null, "w": 73, "h": 23, "y": 2012, "x": 672, "structure_id": "Tr_311"}, {"parent_TextBlock": "Tb_13", "text": "is", "parent_Field": null, "parent_Choice_Field": null, "parent_ChoiceGroup": null, "w": 21, "h": 23, "y": 2012, "x": 745, "structure_id": "Tr_312"}, {"parent_TextBlock": "Tb_13", "text": "displayed.", "parent_Field": null, "parent_Choice_Field": null, "parent_ChoiceGroup": null, "w": 96, "h": 23, "y": 2012, "x": 766, "structure_id": "Tr_313"}, {"parent_TextBlock": "Tb_13", "text": "You", "parent_Field": null, "parent_Choice_Field": null, "parent_ChoiceGroup": null, "w": 44, "h": 23, "y": 2012, "x": 862, "structure_id": "Tr_314"}, {"parent_TextBlock": "Tb_13", "text": "are", "parent_Field": null, "parent_Choice_Field": null, "parent_ChoiceGroup": null, "w": 32, "h": 23, "y": 2012, "x": 907, "structure_id": "Tr_315"}, {"parent_TextBlock": "Tb_13", "text": "not", "parent_Field": null, "parent_Choice_Field": null, "parent_ChoiceGroup": null, "w": 34, "h": 23, "y": 2012, "x": 939, "structure_id": "Tr_316"}, {"parent_TextBlock": "Tb_13", "text": "required", "parent_Field": null, "parent_Choice_Field": null, "parent_ChoiceGroup": null, "w": 79, "h": 23, "y": 2012, "x": 974, "structure_id": "Tr_317"}, {"parent_TextBlock": "Tb_13", "text": "to", "parent_Field": null, "parent_Choice_Field": null, "parent_ChoiceGroup": null, "w": 23, "h": 23, "y": 2012, "x": 1053, "structure_id": "Tr_318"}, {"parent_TextBlock": "Tb_13", "text": "respond", "parent_Field": null, "parent_Choice_Field": null, "parent_ChoiceGroup": null, "w": 75, "h": 23, "y": 2012, "x": 1077, "structure_id": "Tr_319"}, {"parent_TextBlock": "Tb_13", "text": "to", "parent_Field": null, "parent_Choice_Field": null, "parent_ChoiceGroup": null, "w": 23, "h": 23, "y": 2012, "x": 1153, "structure_id": "Tr_320"}, {"parent_TextBlock": "Tb_13", "text": "collection", "parent_Field": null, "parent_Choice_Field": null, "parent_ChoiceGroup": null, "w": 93, "h": 23, "y": 2012, "x": 1192, "structure_id": "Tr_321"}, {"parent_TextBlock": "Tb_13", "text": "of", "parent_Field": null, "parent_Choice_Field": null, "parent_ChoiceGroup": null, "w": 24, "h": 23, "y": 2012, "x": 1285, "structure_id": "Tr_322"}, {"parent_TextBlock": "Tb_13", "text": "information", "parent_Field": null, "parent_Choice_Field": null, "parent_ChoiceGroup": null, "w": 111, "h": 23, "y": 2012, "x": 1309, "structure_id": "Tr_323"}, {"parent_TextBlock": "Tb_13", "text": "if", "parent_Field": null, "parent_Choice_Field": null, "parent_ChoiceGroup": null, "w": 19, "h": 23, "y": 2012, "x": 1420, "structure_id": "Tr_324"}, {"parent_TextBlock": "Tb_13", "text": "this", "parent_Field": null, "parent_Choice_Field": null, "parent_ChoiceGroup": null, "w": 38, "h": 23, "y": 2012, "x": 1439, "structure_id": "Tr_325"}, {"parent_TextBlock": "Tb_13", "text": "number", "parent_Field": null, "parent_Choice_Field": null, "parent_ChoiceGroup": null, "w": 74, "h": 23, "y": 2012, "x": 1477, "structure_id": "Tr_326"}, {"parent_TextBlock": "Tb_13", "text": "is", "parent_Field": null, "parent_Choice_Field": null, "parent_ChoiceGroup": null, "w": 20, "h": 23, "y": 2012, "x": 1551, "structure_id": "Tr_327"}, {"parent_TextBlock": "Tb_13", "text": "not", "parent_Field": null, "parent_Choice_Field": null, "parent_ChoiceGroup": null, "w": 34, "h": 23, "y": 2012, "x": 1572, "structure_id": "Tr_328"}, {"parent_TextBlock": "Tb_13", "text": "displayed.", "parent_Field": null, "parent_Choice_Field": null, "parent_ChoiceGroup": null, "w": 96, "h": 22, "y": 2039, "x": 100, "structure_id": "Tr_329"}, {"parent_TextBlock": "Tb_13", "text": "Valid", "parent_Field": null, "parent_Choice_Field": null, "parent_ChoiceGroup": null, "w": 55, "h": 22, "y": 2039, "x": 196, "structure_id": "Tr_330"}, {"parent_TextBlock": "Tb_13", "text": "OMB", "parent_Field": null, "parent_Choice_Field": null, "parent_ChoiceGroup": null, "w": 57, "h": 22, "y": 2039, "x": 251, "structure_id": "Tr_331"}, {"parent_TextBlock": "Tb_13", "text": "control", "parent_Field": null, "parent_Choice_Field": null, "parent_ChoiceGroup": null, "w": 68, "h": 22, "y": 2039, "x": 308, "structure_id": "Tr_332"}, {"parent_TextBlock": "Tb_13", "text": "numbers", "parent_Field": null, "parent_Choice_Field": null, "parent_ChoiceGroup": null, "w": 83, "h": 22, "y": 2039, "x": 376, "structure_id": "Tr_333"}, {"parent_TextBlock": "Tb_13", "text": "can", "parent_Field": null, "parent_Choice_Field": null, "parent_ChoiceGroup": null, "w": 36, "h": 22, "y": 2039, "x": 459, "structure_id": "Tr_334"}, {"parent_TextBlock": "Tb_13", "text": "be", "parent_Field": null, "parent_Choice_Field": null, "parent_ChoiceGroup": null, "w": 27, "h": 22, "y": 2039, "x": 495, "structure_id": "Tr_335"}, {"parent_TextBlock": "Tb_13", "text": "located", "parent_Field": null, "parent_Choice_Field": null, "parent_ChoiceGroup": null, "w": 70, "h": 22, "y": 2039, "x": 522, "structure_id": "Tr_336"}, {"parent_TextBlock": "Tb_13", "text": "on", "parent_Field": null, "parent_Choice_Field": null, "parent_ChoiceGroup": null, "w": 27, "h": 22, "y": 2039, "x": 592, "structure_id": "Tr_337"}, {"parent_TextBlock": "Tb_13", "text": "the", "parent_Field": null, "parent_Choice_Field": null, "parent_ChoiceGroup": null, "w": 32, "h": 22, "y": 2039, "x": 620, "structure_id": "Tr_338"}, {"parent_TextBlock": "Tb_13", "text": "OMB", "parent_Field": null, "parent_Choice_Field": null, "parent_ChoiceGroup": null, "w": 57, "h": 22, "y": 2039, "x": 652, "structure_id": "Tr_339"}, {"parent_TextBlock": "Tb_13", "text": "Internet", "parent_Field": null, "parent_Choice_Field": null, "parent_ChoiceGroup": null, "w": 74, "h": 22, "y": 2039, "x": 709, "structure_id": "Tr_340"}, {"parent_TextBlock": "Tb_13", "text": "Page", "parent_Field": null, "parent_Choice_Field": null, "parent_ChoiceGroup": null, "w": 48, "h": 22, "y": 2039, "x": 784, "structure_id": "Tr_341"}, {"parent_TextBlock": "Tb_13", "text": "at\u00c2\u00a0", "parent_Field": null, "parent_Choice_Field": null, "parent_ChoiceGroup": null, "w": 22, "h": 22, "y": 2039, "x": 832, "structure_id": "Tr_342"}, {"parent_TextBlock": "Tb_13", "text": "www.reginfo.gov/public/do/PRAMain", "parent_Field": null, "parent_Choice_Field": null, "parent_ChoiceGroup": null, "w": 358, "h": 22, "y": 2039, "x": 854, "structure_id": "Tr_343"}, {"parent_TextBlock": "Tb_13", "text": "If", "parent_Field": null, "parent_Choice_Field": null, "parent_ChoiceGroup": null, "w": 21, "h": 22, "y": 2039, "x": 1223, "structure_id": "Tr_344"}, {"parent_TextBlock": "Tb_13", "text": "desired,", "parent_Field": null, "parent_Choice_Field": null, "parent_ChoiceGroup": null, "w": 75, "h": 22, "y": 2039, "x": 1244, "structure_id": "Tr_345"}, {"parent_TextBlock": "Tb_13", "text": "you", "parent_Field": null, "parent_Choice_Field": null, "parent_ChoiceGroup": null, "w": 39, "h": 22, "y": 2039, "x": 1319, "structure_id": "Tr_346"}, {"parent_TextBlock": "Tb_13", "text": "can", "parent_Field": null, "parent_Choice_Field": null, "parent_ChoiceGroup": null, "w": 37, "h": 22, "y": 2039, "x": 1358, "structure_id": "Tr_347"}, {"parent_TextBlock": "Tb_13", "text": "call", "parent_Field": null, "parent_Choice_Field": null, "parent_ChoiceGroup": null, "w": 37, "h": 22, "y": 2039, "x": 1395, "structure_id": "Tr_348"}, {"parent_TextBlock": "Tb_13", "text": "1-800-827-1000", "parent_Field": null, "parent_Choice_Field": null, "parent_ChoiceGroup": null, "w": 150, "h": 22, "y": 2039, "x": 1432, "structure_id": "Tr_349"}, {"parent_TextBlock": "Tb_13", "text": "to", "parent_Field": null, "parent_Choice_Field": null, "parent_ChoiceGroup": null, "w": 22, "h": 22, "y": 2039, "x": 1583, "structure_id": "Tr_350"}, {"parent_TextBlock": "Tb_13", "text": "get information on where to send comments or suggestions about this form.", "parent_Field": null, "parent_Choice_Field": null, "parent_ChoiceGroup": null, "w": 672, "h": 22, "y": 2066, "x": 100, "structure_id": "Tr_351"}, {"parent_TextBlock": "Tb_14", "text": "IMPORTANT", "parent_Field": "Fi_5", "parent_Choice_Field": null, "parent_ChoiceGroup": null, "w": 156, "h": 25, "y": 1558, "x": 100, "structure_id": "Tr_352"}, {"parent_TextBlock": "Tb_14", "text": "\u00c2\u00a0- Physician please fax the completed form to", "parent_Field": "Fi_5", "parent_Choice_Field": null, "parent_ChoiceGroup": null, "w": 458, "h": 25, "y": 1558, "x": 256, "structure_id": "Tr_353"}, {"parent_TextBlock": "Tb_15", "text": "(VA Regional Office FAX No.)", "parent_Field": "Fi_5", "parent_Choice_Field": null, "parent_ChoiceGroup": null, "w": 271, "h": 22, "y": 1589, "x": 806, "structure_id": "Tr_354"}, {"parent_TextBlock": "Tb_16", "text": "17B. PHYSICIAN'S PRINTED NAME", "parent_Field": "Fi_6", "parent_Choice_Field": null, "parent_ChoiceGroup": null, "w": 319, "h": 19, "y": 1324, "x": 717, "structure_id": "Tr_355"}, {"parent_TextBlock": "Tb_17", "text": "17F. PHYSICIAN'S ADDRESS", "parent_Field": "Fi_7", "parent_Choice_Field": null, "parent_ChoiceGroup": null, "w": 265, "h": 20, "y": 1390, "x": 1100, "structure_id": "Tr_356"}, {"parent_TextBlock": "Tb_18", "text": "17E. NATIONAL PROVIDER IDENTIFIER (NPI) NUMBER", "parent_Field": "Fi_8", "parent_Choice_Field": null, "parent_ChoiceGroup": null, "w": 503, "h": 20, "y": 1390, "x": 550, "structure_id": "Tr_357"}, {"parent_TextBlock": "Tb_19", "text": "17D. PHYSICIAN'S PHONE AND FAX NUMBER", "parent_Field": "Fi_9", "parent_Choice_Field": null, "parent_ChoiceGroup": null, "w": 422, "h": 20, "y": 1390, "x": 100, "structure_id": "Tr_358"}, {"parent_TextBlock": "Tb_20", "text": "17A. PHYSICIAN'S SIGNATURE", "parent_Field": "Fi_10", "parent_Choice_Field": null, "parent_ChoiceGroup": null, "w": 286, "h": 19, "y": 1324, "x": 100, "structure_id": "Tr_359"}, {"parent_TextBlock": "Tb_21", "text": "VA FORM 21-0960A-4, DEC 2014", "parent_Field": null, "parent_Choice_Field": null, "parent_ChoiceGroup": null, "w": 296, "h": 19, "y": 2124, "x": 83, "structure_id": "Tr_360"}, {"parent_TextBlock": "Tb_22", "text": "Page 7", "parent_Field": null, "parent_Choice_Field": null, "parent_ChoiceGroup": null, "w": 71, "h": 22, "y": 2122, "x": 1546, "structure_id": "Tr_361"}], "ChoiceGroup": [{"y": 145.03125, "x": 94, "structure_id": "Chgp_1", "w": 1509, "h": 622}]}