{"Widget": [{"parent_Field": "Fi_1", "parent_Choice_Field": null, "parent_ChoiceGroup": null, "w": 140.50236220472442, "h": 46.83307086614173, "y": 68.40787401574804, "x": 508.1803149606299, "structure_id": "Wi_1"}, {"parent_Field": "Fi_1", "parent_Choice_Field": null, "parent_ChoiceGroup": null, "w": 88.94488188976378, "h": 46.83307086614173, "y": 68.40787401574804, "x": 700.3086614173229, "structure_id": "Wi_2"}, {"parent_Field": "Fi_1", "parent_Choice_Field": null, "parent_ChoiceGroup": null, "w": 188.88031496062993, "h": 46.83307086614173, "y": 68.40787401574804, "x": 840.7944881889764, "structure_id": "Wi_3"}, {"parent_Field": "Fi_2", "parent_Choice_Field": null, "parent_ChoiceGroup": null, "w": 1500, "h": 77.1724409448819, "y": 740.4803149606299, "x": 99.99212598425197, "structure_id": "Wi_4"}, {"parent_Field": "Fi_3", "parent_Choice_Field": null, "parent_ChoiceGroup": null, "w": 154.86692913385826, "h": 35.37795275590552, "y": 487.5023622047244, "x": 342.8196850393701, "structure_id": "Wi_5"}, {"parent_Field": "Fi_3", "parent_Choice_Field": null, "parent_ChoiceGroup": null, "w": 148.10236220472441, "h": 35.37795275590552, "y": 485.44173228346455, "x": 608.3220472440945, "structure_id": "Wi_6"}, {"parent_Field": "Fi_4", "parent_Choice_Field": null, "parent_ChoiceGroup": null, "w": 229.96141732283468, "h": 35.37795275590552, "y": 428.8110236220473, "x": 207.99212598425197, "structure_id": "Wi_7"}, {"parent_Field": null, "parent_Choice_Field": "Chf_1", "parent_ChoiceGroup": "Chgp_1", "w": 25, "h": 25, "y": 312.4307086614173, "x": 103.09133858267717, "structure_id": "Wi_8"}, {"parent_Field": null, "parent_Choice_Field": "Chf_2", "parent_ChoiceGroup": "Chgp_1", "w": 25, "h": 25, "y": 312.4307086614173, "x": 219.7527559055118, "structure_id": "Wi_9"}, {"parent_Field": null, "parent_Choice_Field": "Chf_3", "parent_ChoiceGroup": "Chgp_2", "w": 25, "h": 25, "y": 213.7692913385827, "x": 103.09133858267717, "structure_id": "Wi_10"}, {"parent_Field": null, "parent_Choice_Field": "Chf_4", "parent_ChoiceGroup": "Chgp_2", "w": 25, "h": 25, "y": 212.43070866141733, "x": 219.76141732283466, "structure_id": "Wi_11"}, {"parent_Field": null, "parent_Choice_Field": "Chf_5", "parent_ChoiceGroup": "Chgp_3", "w": 25, "h": 25, "y": 676.555905511811, "x": 108.31968503937009, "structure_id": "Wi_12"}, {"parent_Field": null, "parent_Choice_Field": "Chf_6", "parent_ChoiceGroup": "Chgp_3", "w": 25, "h": 25, "y": 675.2196850393701, "x": 224.98897637795278, "structure_id": "Wi_13"}, {"parent_Field": "Fi_5", "parent_Choice_Field": null, "parent_ChoiceGroup": null, "w": 483.33070866141736, "h": 33.33070866141732, "y": 1117.6527559055119, "x": 1116.6614173228347, "structure_id": "Wi_14"}, {"parent_Field": "Fi_6", "parent_Choice_Field": null, "parent_ChoiceGroup": null, "w": 200, "h": 33.33070866141732, "y": 1050.9834645669291, "x": 816.6779527559055, "structure_id": "Wi_15"}, {"parent_Field": "Fi_7", "parent_Choice_Field": null, "parent_ChoiceGroup": null, "w": 200, "h": 33.33070866141732, "y": 1084.3220472440946, "x": 816.6779527559055, "structure_id": "Wi_16"}, {"parent_Field": "Fi_8", "parent_Choice_Field": null, "parent_ChoiceGroup": null, "w": 200, "h": 33.33070866141732, "y": 1150.9834645669293, "x": 816.6779527559055, "structure_id": "Wi_17"}, {"parent_Field": "Fi_9", "parent_Choice_Field": null, "parent_ChoiceGroup": null, "w": 483.33070866141736, "h": 33.33070866141732, "y": 1634.2440944881891, "x": 866.6614173228346, "structure_id": "Wi_18"}, {"parent_Field": "Fi_10", "parent_Choice_Field": null, "parent_ChoiceGroup": null, "w": 483.33070866141736, "h": 33.33070866141732, "y": 1150.9834645669293, "x": 1116.6614173228347, "structure_id": "Wi_19"}, {"parent_Field": "Fi_11", "parent_Choice_Field": null, "parent_ChoiceGroup": null, "w": 200, "h": 33.33070866141732, "y": 1634.2440944881891, "x": 566.6779527559055, "structure_id": "Wi_20"}, {"parent_Field": "Fi_12", "parent_Choice_Field": null, "parent_ChoiceGroup": null, "w": 200, "h": 33.33070866141732, "y": 1117.6527559055119, "x": 816.6779527559055, "structure_id": "Wi_21"}, {"parent_Field": "Fi_13", "parent_Choice_Field": null, "parent_ChoiceGroup": null, "w": 483.33070866141736, "h": 33.33070866141732, "y": 1184.3220472440944, "x": 1116.6614173228347, "structure_id": "Wi_22"}, {"parent_Field": "Fi_14", "parent_Choice_Field": null, "parent_ChoiceGroup": null, "w": 483.33070866141736, "h": 33.33070866141732, "y": 1534.3000000000002, "x": 866.6614173228346, "structure_id": "Wi_23"}, {"parent_Field": "Fi_15", "parent_Choice_Field": null, "parent_ChoiceGroup": null, "w": 516.6692913385828, "h": 33.33070866141732, "y": 1767.6527559055119, "x": 833.3220472440945, "structure_id": "Wi_24"}, {"parent_Field": "Fi_16", "parent_Choice_Field": null, "parent_ChoiceGroup": null, "w": 200, "h": 33.33070866141732, "y": 1467.6692913385828, "x": 566.6779527559055, "structure_id": "Wi_25"}, {"parent_Field": "Fi_17", "parent_Choice_Field": null, "parent_ChoiceGroup": null, "w": 483.33070866141736, "h": 33.33070866141732, "y": 1017.6527559055119, "x": 1116.6614173228347, "structure_id": "Wi_26"}, {"parent_Field": "Fi_18", "parent_Choice_Field": null, "parent_ChoiceGroup": null, "w": 483.33070866141736, "h": 33.33070866141732, "y": 1334.3220472440946, "x": 866.6614173228346, "structure_id": "Wi_27"}, {"parent_Field": "Fi_19", "parent_Choice_Field": null, "parent_ChoiceGroup": null, "w": 200, "h": 33.33070866141732, "y": 1600.9275590551183, "x": 566.6779527559055, "structure_id": "Wi_28"}, {"parent_Field": "Fi_20", "parent_Choice_Field": null, "parent_ChoiceGroup": null, "w": 200, "h": 33.33070866141732, "y": 1184.3220472440944, "x": 816.6779527559055, "structure_id": "Wi_29"}, {"parent_Field": "Fi_21", "parent_Choice_Field": null, "parent_ChoiceGroup": null, "w": 483.33070866141736, "h": 33.33070866141732, "y": 1600.9275590551183, "x": 866.6614173228346, "structure_id": "Wi_30"}, {"parent_Field": "Fi_22", "parent_Choice_Field": null, "parent_ChoiceGroup": null, "w": 200, "h": 33.33070866141732, "y": 1767.6527559055119, "x": 516.6614173228347, "structure_id": "Wi_31"}, {"parent_Field": "Fi_23", "parent_Choice_Field": null, "parent_ChoiceGroup": null, "w": 483.33070866141736, "h": 33.33070866141732, "y": 1467.6692913385828, "x": 866.6614173228346, "structure_id": "Wi_32"}, {"parent_Field": "Fi_24", "parent_Choice_Field": null, "parent_ChoiceGroup": null, "w": 483.33070866141736, "h": 33.33070866141732, "y": 1084.3220472440946, "x": 1116.6614173228347, "structure_id": "Wi_33"}, {"parent_Field": "Fi_25", "parent_Choice_Field": null, "parent_ChoiceGroup": null, "w": 200, "h": 33.33070866141732, "y": 1017.6527559055119, "x": 816.6779527559055, "structure_id": "Wi_34"}, {"parent_Field": "Fi_26", "parent_Choice_Field": null, "parent_ChoiceGroup": null, "w": 483.33070866141736, "h": 33.33070866141732, "y": 1050.9834645669291, "x": 1116.6614173228347, "structure_id": "Wi_35"}, {"parent_Field": "Fi_27", "parent_Choice_Field": null, "parent_ChoiceGroup": null, "w": 200, "h": 33.33070866141732, "y": 1334.3220472440946, "x": 566.6779527559055, "structure_id": "Wi_36"}, {"parent_Field": "Fi_28", "parent_Choice_Field": null, "parent_ChoiceGroup": null, "w": 483.33070866141736, "h": 33.33070866141732, "y": 1684.3141732283464, "x": 1116.6614173228347, "structure_id": "Wi_37"}, {"parent_Field": "Fi_29", "parent_Choice_Field": null, "parent_ChoiceGroup": null, "w": 200, "h": 33.33070866141732, "y": 1367.6527559055119, "x": 566.6779527559055, "structure_id": "Wi_38"}, {"parent_Field": "Fi_30", "parent_Choice_Field": null, "parent_ChoiceGroup": null, "w": 483.33070866141736, "h": 33.33070866141732, "y": 1367.6527559055119, "x": 866.6614173228346, "structure_id": "Wi_39"}, {"parent_Field": "Fi_31", "parent_Choice_Field": null, "parent_ChoiceGroup": null, "w": 483.33070866141736, "h": 33.33070866141732, "y": 1434.3307086614175, "x": 866.6614173228346, "structure_id": "Wi_40"}, {"parent_Field": "Fi_32", "parent_Choice_Field": null, "parent_ChoiceGroup": null, "w": 200, "h": 33.33070866141732, "y": 1684.3141732283464, "x": 816.6779527559055, "structure_id": "Wi_41"}, {"parent_Field": "Fi_33", "parent_Choice_Field": null, "parent_ChoiceGroup": null, "w": 200, "h": 33.33070866141732, "y": 1567.6141732283465, "x": 566.6779527559055, "structure_id": "Wi_42"}, {"parent_Field": "Fi_34", "parent_Choice_Field": null, "parent_ChoiceGroup": null, "w": 483.33070866141736, "h": 33.33070866141732, "y": 1567.6141732283465, "x": 866.6614173228346, "structure_id": "Wi_43"}, {"parent_Field": "Fi_35", "parent_Choice_Field": null, "parent_ChoiceGroup": null, "w": 200, "h": 33.33070866141732, "y": 1534.3000000000002, "x": 566.6779527559055, "structure_id": "Wi_44"}, {"parent_Field": "Fi_36", "parent_Choice_Field": null, "parent_ChoiceGroup": null, "w": 200, "h": 33.33070866141732, "y": 1500.9834645669291, "x": 566.6779527559055, "structure_id": "Wi_45"}, {"parent_Field": "Fi_37", "parent_Choice_Field": null, "parent_ChoiceGroup": null, "w": 483.33070866141736, "h": 33.33070866141732, "y": 1500.9834645669291, "x": 866.6614173228346, "structure_id": "Wi_46"}, {"parent_Field": "Fi_38", "parent_Choice_Field": null, "parent_ChoiceGroup": null, "w": 200, "h": 33.33070866141732, "y": 1434.3307086614175, "x": 566.6779527559055, "structure_id": "Wi_47"}, {"parent_Field": "Fi_39", "parent_Choice_Field": null, "parent_ChoiceGroup": null, "w": 200, "h": 33.33070866141732, "y": 1400.992125984252, "x": 566.6779527559055, "structure_id": "Wi_48"}, {"parent_Field": "Fi_40", "parent_Choice_Field": null, "parent_ChoiceGroup": null, "w": 483.33070866141736, "h": 33.33070866141732, "y": 1400.992125984252, "x": 866.6614173228346, "structure_id": "Wi_49"}, {"parent_Field": "Fi_41", "parent_Choice_Field": null, "parent_ChoiceGroup": null, "w": 1488.8889763779528, "h": 183.33070866141733, "y": 1917.6527559055119, "x": 111.10236220472441, "structure_id": "Wi_50"}, {"parent_Field": null, "parent_Choice_Field": "Chf_7", "parent_ChoiceGroup": "Chgp_4", "w": 25, "h": 25, "y": 1024.592125984252, "x": 108.31968503937009, "structure_id": "Wi_51"}, {"parent_Field": null, "parent_Choice_Field": "Chf_8", "parent_ChoiceGroup": "Chgp_4", "w": 25, "h": 25, "y": 1057.9220472440945, "x": 108.31968503937009, "structure_id": "Wi_52"}, {"parent_Field": null, "parent_Choice_Field": "Chf_9", "parent_ChoiceGroup": "Chgp_4", "w": 25, "h": 25, "y": 1091.2614173228346, "x": 108.31968503937009, "structure_id": "Wi_53"}, {"parent_Field": null, "parent_Choice_Field": "Chf_10", "parent_ChoiceGroup": "Chgp_4", "w": 25, "h": 25, "y": 1124.5921259842519, "x": 108.31968503937009, "structure_id": "Wi_54"}, {"parent_Field": null, "parent_Choice_Field": "Chf_11", "parent_ChoiceGroup": "Chgp_4", "w": 25, "h": 25, "y": 1157.9307086614174, "x": 108.31968503937009, "structure_id": "Wi_55"}, {"parent_Field": null, "parent_Choice_Field": "Chf_12", "parent_ChoiceGroup": "Chgp_4", "w": 25, "h": 25, "y": 1191.2614173228346, "x": 108.31968503937009, "structure_id": "Wi_56"}, {"parent_Field": null, "parent_Choice_Field": "Chf_12", "parent_ChoiceGroup": "Chgp_4", "w": 450, "h": 33.33070866141732, "y": 1184.3220472440944, "x": 299.99212598425197, "structure_id": "Wi_57"}, {"parent_Field": null, "parent_Choice_Field": "Chf_13", "parent_ChoiceGroup": "Chgp_5", "w": 25, "h": 25, "y": 953.7141732283465, "x": 108.31968503937009, "structure_id": "Wi_58"}, {"parent_Field": null, "parent_Choice_Field": "Chf_14", "parent_ChoiceGroup": "Chgp_5", "w": 25, "h": 25, "y": 952.3748031496064, "x": 224.98897637795278, "structure_id": "Wi_59"}, {"parent_Field": null, "parent_Choice_Field": "Chf_15", "parent_ChoiceGroup": "Chgp_6", "w": 25, "h": 25, "y": 1341.2614173228346, "x": 108.31968503937009, "structure_id": "Wi_60"}, {"parent_Field": null, "parent_Choice_Field": "Chf_16", "parent_ChoiceGroup": "Chgp_6", "w": 25, "h": 25, "y": 1374.5921259842519, "x": 108.31968503937009, "structure_id": "Wi_61"}, {"parent_Field": null, "parent_Choice_Field": "Chf_17", "parent_ChoiceGroup": "Chgp_6", "w": 25, "h": 25, "y": 1407.9307086614174, "x": 108.31968503937009, "structure_id": "Wi_62"}, {"parent_Field": null, "parent_Choice_Field": "Chf_18", "parent_ChoiceGroup": "Chgp_6", "w": 25, "h": 25, "y": 1441.269291338583, "x": 108.31968503937009, "structure_id": "Wi_63"}, {"parent_Field": null, "parent_Choice_Field": "Chf_19", "parent_ChoiceGroup": "Chgp_6", "w": 25, "h": 25, "y": 1474.607874015748, "x": 108.31968503937009, "structure_id": "Wi_64"}, {"parent_Field": null, "parent_Choice_Field": "Chf_20", "parent_ChoiceGroup": "Chgp_6", "w": 25, "h": 25, "y": 1507.9220472440945, "x": 108.31968503937009, "structure_id": "Wi_65"}, {"parent_Field": null, "parent_Choice_Field": "Chf_21", "parent_ChoiceGroup": "Chgp_6", "w": 25, "h": 25, "y": 1541.2385826771654, "x": 108.31968503937009, "structure_id": "Wi_66"}, {"parent_Field": null, "parent_Choice_Field": "Chf_22", "parent_ChoiceGroup": "Chgp_6", "w": 25, "h": 25, "y": 1574.552755905512, "x": 108.31968503937009, "structure_id": "Wi_67"}, {"parent_Field": null, "parent_Choice_Field": "Chf_23", "parent_ChoiceGroup": "Chgp_6", "w": 25, "h": 25, "y": 1607.8692913385828, "x": 108.31968503937009, "structure_id": "Wi_68"}, {"parent_Field": null, "parent_Choice_Field": "Chf_24", "parent_ChoiceGroup": "Chgp_6", "w": 25, "h": 25, "y": 1641.1834645669292, "x": 108.31968503937009, "structure_id": "Wi_69"}, {"parent_Field": null, "parent_Choice_Field": "Chf_25", "parent_ChoiceGroup": "Chgp_6", "w": 25, "h": 25, "y": 1691.2614173228346, "x": 108.31968503937009, "structure_id": "Wi_70"}, {"parent_Field": null, "parent_Choice_Field": "Chf_25", "parent_ChoiceGroup": "Chgp_6", "w": 450, "h": 33.33070866141732, "y": 1684.3220472440944, "x": 299.99212598425197, "structure_id": "Wi_71"}, {"parent_Field": null, "parent_Choice_Field": "Chf_26", "parent_ChoiceGroup": "Chgp_7", "w": 25, "h": 25, "y": 1270.3748031496061, "x": 108.31968503937009, "structure_id": "Wi_72"}, {"parent_Field": null, "parent_Choice_Field": "Chf_27", "parent_ChoiceGroup": "Chgp_7", "w": 25, "h": 25, "y": 1269.044094488189, "x": 224.98897637795278, "structure_id": "Wi_73"}, {"parent_Field": null, "parent_Choice_Field": "Chf_28", "parent_ChoiceGroup": "Chgp_8", "w": 25, "h": 25, "y": 1770.3748031496064, "x": 108.31968503937009, "structure_id": "Wi_74"}, {"parent_Field": null, "parent_Choice_Field": "Chf_29", "parent_ChoiceGroup": "Chgp_8", "w": 25, "h": 25, "y": 1769.044094488189, "x": 224.98897637795278, "structure_id": "Wi_75"}, {"parent_Field": null, "parent_Choice_Field": "Chf_30", "parent_ChoiceGroup": "Chgp_9", "w": 25, "h": 25, "y": 1853.7141732283465, "x": 108.31968503937009, "structure_id": "Wi_76"}, {"parent_Field": null, "parent_Choice_Field": "Chf_31", "parent_ChoiceGroup": "Chgp_9", "w": 25, "h": 25, "y": 1852.3834645669292, "x": 224.98897637795278, "structure_id": "Wi_77"}], "TextBlock": [{"parent_Field": "Fi_1", "parent_Choice_Field": null, "parent_ChoiceGroup": null, "w": 416, "h": 19, "y": 99, "x": 85, "structure_id": "Tb_1"}, {"parent_Field": null, "parent_Choice_Field": null, "parent_ChoiceGroup": null, "w": 1245, "h": 23, "y": 128, "x": 225, "structure_id": "Tb_2"}, {"parent_Field": "Fi_2", "parent_Choice_Field": null, "parent_ChoiceGroup": null, "w": 329, "h": 22, "y": 713, "x": 100, "structure_id": "Tb_3"}, {"parent_Field": "Fi_3", "parent_Choice_Field": null, "parent_ChoiceGroup": null, "w": 695.0, "h": 20, "y": 501, "x": 98, "structure_id": "Tb_4"}, {"parent_Field": null, "parent_Choice_Field": null, "parent_ChoiceGroup": null, "w": 1470, "h": 45, "y": 539, "x": 90, "structure_id": "Tb_5"}, {"parent_Field": "Fi_4", "parent_Choice_Field": null, "parent_ChoiceGroup": null, "w": 115, "h": 20, "y": 444, "x": 98, "structure_id": "Tb_6"}, {"parent_Field": null, "parent_Choice_Field": null, "parent_ChoiceGroup": null, "w": 1073, "h": 20, "y": 358, "x": 98, "structure_id": "Tb_7"}, {"parent_Field": null, "parent_Choice_Field": null, "parent_ChoiceGroup": null, "w": 730, "h": 19, "y": 387, "x": 98, "structure_id": "Tb_8"}, {"parent_Field": null, "parent_Choice_Field": null, "parent_ChoiceGroup": "Chgp_1", "w": 1447, "h": 46, "y": 248, "x": 95, "structure_id": "Tb_9"}, {"parent_Field": null, "parent_Choice_Field": "Chf_1", "parent_ChoiceGroup": "Chgp_1", "w": 39, "h": 19, "y": 318, "x": 145, "structure_id": "Tb_10"}, {"parent_Field": null, "parent_Choice_Field": "Chf_2", "parent_ChoiceGroup": "Chgp_1", "w": 30, "h": 19, "y": 318, "x": 261, "structure_id": "Tb_11"}, {"parent_Field": null, "parent_Choice_Field": null, "parent_ChoiceGroup": "Chgp_2", "w": 1506, "h": 46, "y": 160, "x": 94, "structure_id": "Tb_12"}, {"parent_Field": null, "parent_Choice_Field": "Chf_3", "parent_ChoiceGroup": "Chgp_2", "w": 39, "h": 19, "y": 218, "x": 145, "structure_id": "Tb_13"}, {"parent_Field": null, "parent_Choice_Field": "Chf_4", "parent_ChoiceGroup": "Chgp_2", "w": 30, "h": 19, "y": 218, "x": 261, "structure_id": "Tb_14"}, {"parent_Field": null, "parent_Choice_Field": null, "parent_ChoiceGroup": "Chgp_3", "w": 1476, "h": 43, "y": 612, "x": 94, "structure_id": "Tb_15"}, {"parent_Field": null, "parent_Choice_Field": "Chf_5", "parent_ChoiceGroup": "Chgp_3", "w": 39, "h": 19, "y": 681, "x": 150, "structure_id": "Tb_16"}, {"parent_Field": null, "parent_Choice_Field": "Chf_6", "parent_ChoiceGroup": "Chgp_3", "w": 29, "h": 19, "y": 681, "x": 267, "structure_id": "Tb_17"}, {"parent_Field": null, "parent_Choice_Field": null, "parent_ChoiceGroup": null, "w": 394, "h": 22, "y": 825, "x": 653, "structure_id": "Tb_18"}, {"parent_Field": "Fi_5", "parent_Choice_Field": null, "parent_ChoiceGroup": null, "w": 71, "h": 19, "y": 1132, "x": 1033, "structure_id": "Tb_19"}, {"parent_Field": "Fi_6", "parent_Choice_Field": null, "parent_ChoiceGroup": null, "w": 46, "h": 19, "y": 1065, "x": 767, "structure_id": "Tb_20"}, {"parent_Field": "Fi_7", "parent_Choice_Field": null, "parent_ChoiceGroup": null, "w": 46, "h": 20, "y": 1098, "x": 767, "structure_id": "Tb_21"}, {"parent_Field": "Fi_8", "parent_Choice_Field": null, "parent_ChoiceGroup": null, "w": 46, "h": 19, "y": 1165, "x": 767, "structure_id": "Tb_22"}, {"parent_Field": "Fi_9", "parent_Choice_Field": null, "parent_ChoiceGroup": null, "w": 71, "h": 20, "y": 1648, "x": 783, "structure_id": "Tb_23"}, {"parent_Field": "Fi_10", "parent_Choice_Field": null, "parent_ChoiceGroup": null, "w": 71, "h": 19, "y": 1165, "x": 1033, "structure_id": "Tb_24"}, {"parent_Field": "Fi_11", "parent_Choice_Field": null, "parent_ChoiceGroup": null, "w": 46, "h": 20, "y": 1648, "x": 517, "structure_id": "Tb_25"}, {"parent_Field": "Fi_12", "parent_Choice_Field": null, "parent_ChoiceGroup": null, "w": 46, "h": 19, "y": 1132, "x": 767, "structure_id": "Tb_26"}, {"parent_Field": "Fi_13", "parent_Choice_Field": null, "parent_ChoiceGroup": null, "w": 71, "h": 20, "y": 1198, "x": 1033, "structure_id": "Tb_27"}, {"parent_Field": "Fi_14", "parent_Choice_Field": null, "parent_ChoiceGroup": null, "w": 71, "h": 20, "y": 1548, "x": 783, "structure_id": "Tb_28"}, {"parent_Field": "Fi_15", "parent_Choice_Field": null, "parent_ChoiceGroup": null, "w": 70, "h": 19, "y": 1782, "x": 750, "structure_id": "Tb_29"}, {"parent_Field": "Fi_16", "parent_Choice_Field": null, "parent_ChoiceGroup": null, "w": 46, "h": 19, "y": 1482, "x": 517, "structure_id": "Tb_30"}, {"parent_Field": "Fi_17", "parent_Choice_Field": null, "parent_ChoiceGroup": null, "w": 71, "h": 19, "y": 1032, "x": 1033, "structure_id": "Tb_31"}, {"parent_Field": "Fi_18", "parent_Choice_Field": null, "parent_ChoiceGroup": null, "w": 71, "h": 20, "y": 1348, "x": 783, "structure_id": "Tb_32"}, {"parent_Field": "Fi_19", "parent_Choice_Field": null, "parent_ChoiceGroup": null, "w": 46, "h": 19, "y": 1615, "x": 517, "structure_id": "Tb_33"}, {"parent_Field": "Fi_20", "parent_Choice_Field": null, "parent_ChoiceGroup": null, "w": 46, "h": 20, "y": 1198, "x": 767, "structure_id": "Tb_34"}, {"parent_Field": "Fi_21", "parent_Choice_Field": null, "parent_ChoiceGroup": null, "w": 71, "h": 19, "y": 1615, "x": 783, "structure_id": "Tb_35"}, {"parent_Field": "Fi_22", "parent_Choice_Field": null, "parent_ChoiceGroup": null, "w": 105, "h": 19, "y": 1782, "x": 400, "structure_id": "Tb_36"}, {"parent_Field": "Fi_23", "parent_Choice_Field": null, "parent_ChoiceGroup": null, "w": 71, "h": 19, "y": 1482, "x": 783, "structure_id": "Tb_37"}, {"parent_Field": "Fi_24", "parent_Choice_Field": null, "parent_ChoiceGroup": null, "w": 71, "h": 20, "y": 1098, "x": 1033, "structure_id": "Tb_38"}, {"parent_Field": null, "parent_Choice_Field": null, "parent_ChoiceGroup": null, "w": 1435, "h": 49, "y": 860, "x": 94, "structure_id": "Tb_39"}, {"parent_Field": "Fi_25", "parent_Choice_Field": null, "parent_ChoiceGroup": null, "w": 46, "h": 19, "y": 1032, "x": 767, "structure_id": "Tb_40"}, {"parent_Field": "Fi_26", "parent_Choice_Field": null, "parent_ChoiceGroup": null, "w": 71, "h": 19, "y": 1065, "x": 1033, "structure_id": "Tb_41"}, {"parent_Field": "Fi_27", "parent_Choice_Field": null, "parent_ChoiceGroup": null, "w": 46, "h": 20, "y": 1348, "x": 517, "structure_id": "Tb_42"}, {"parent_Field": "Fi_28", "parent_Choice_Field": null, "parent_ChoiceGroup": null, "w": 71, "h": 20, "y": 1698, "x": 1033, "structure_id": "Tb_43"}, {"parent_Field": "Fi_29", "parent_Choice_Field": null, "parent_ChoiceGroup": null, "w": 46, "h": 19, "y": 1382, "x": 517, "structure_id": "Tb_44"}, {"parent_Field": "Fi_30", "parent_Choice_Field": null, "parent_ChoiceGroup": null, "w": 71, "h": 19, "y": 1382, "x": 783, "structure_id": "Tb_45"}, {"parent_Field": "Fi_31", "parent_Choice_Field": null, "parent_ChoiceGroup": null, "w": 71, "h": 20, "y": 1448, "x": 783, "structure_id": "Tb_46"}, {"parent_Field": "Fi_32", "parent_Choice_Field": null, "parent_ChoiceGroup": null, "w": 46, "h": 20, "y": 1698, "x": 767, "structure_id": "Tb_47"}, {"parent_Field": "Fi_33", "parent_Choice_Field": null, "parent_ChoiceGroup": null, "w": 46, "h": 19, "y": 1582, "x": 517, "structure_id": "Tb_48"}, {"parent_Field": "Fi_34", "parent_Choice_Field": null, "parent_ChoiceGroup": null, "w": 71, "h": 20, "y": 1581, "x": 783, "structure_id": "Tb_49"}, {"parent_Field": "Fi_35", "parent_Choice_Field": null, "parent_ChoiceGroup": null, "w": 46, "h": 20, "y": 1548, "x": 517, "structure_id": "Tb_50"}, {"parent_Field": "Fi_36", "parent_Choice_Field": null, "parent_ChoiceGroup": null, "w": 46, "h": 19, "y": 1515, "x": 517, "structure_id": "Tb_51"}, {"parent_Field": "Fi_37", "parent_Choice_Field": null, "parent_ChoiceGroup": null, "w": 71, "h": 19, "y": 1515, "x": 783, "structure_id": "Tb_52"}, {"parent_Field": "Fi_38", "parent_Choice_Field": null, "parent_ChoiceGroup": null, "w": 46, "h": 20, "y": 1448, "x": 517, "structure_id": "Tb_53"}, {"parent_Field": "Fi_39", "parent_Choice_Field": null, "parent_ChoiceGroup": null, "w": 46, "h": 19, "y": 1415, "x": 517, "structure_id": "Tb_54"}, {"parent_Field": "Fi_40", "parent_Choice_Field": null, "parent_ChoiceGroup": null, "w": 71, "h": 19, "y": 1415, "x": 783, "structure_id": "Tb_55"}, {"parent_Field": "Fi_41", "parent_Choice_Field": null, "parent_ChoiceGroup": null, "w": 829, "h": 22, "y": 1890, "x": 94, "structure_id": "Tb_56"}, {"parent_Field": null, "parent_Choice_Field": null, "parent_ChoiceGroup": "Chgp_4", "w": 310, "h": 20, "y": 991, "x": 100, "structure_id": "Tb_57"}, {"parent_Field": null, "parent_Choice_Field": "Chf_7", "parent_ChoiceGroup": "Chgp_4", "w": 266, "h": 22, "y": 1029, "x": 150, "structure_id": "Tb_58"}, {"parent_Field": null, "parent_Choice_Field": "Chf_8", "parent_ChoiceGroup": "Chgp_4", "w": 527, "h": 22, "y": 1062, "x": 150, "structure_id": "Tb_59"}, {"parent_Field": null, "parent_Choice_Field": "Chf_9", "parent_ChoiceGroup": "Chgp_4", "w": 245, "h": 20, "y": 1098, "x": 150, "structure_id": "Tb_60"}, {"parent_Field": null, "parent_Choice_Field": "Chf_10", "parent_ChoiceGroup": "Chgp_4", "w": 567, "h": 22, "y": 1129, "x": 150, "structure_id": "Tb_61"}, {"parent_Field": null, "parent_Choice_Field": "Chf_11", "parent_ChoiceGroup": "Chgp_4", "w": 26, "h": 19, "y": 1165, "x": 150, "structure_id": "Tb_62"}, {"parent_Field": null, "parent_Choice_Field": "Chf_12", "parent_ChoiceGroup": "Chgp_4", "w": 138, "h": 20, "y": 1198, "x": 150, "structure_id": "Tb_63"}, {"parent_Field": null, "parent_Choice_Field": null, "parent_ChoiceGroup": "Chgp_5", "w": 808, "h": 19, "y": 925, "x": 94, "structure_id": "Tb_64"}, {"parent_Field": null, "parent_Choice_Field": "Chf_13", "parent_ChoiceGroup": "Chgp_5", "w": 39, "h": 19, "y": 958, "x": 150, "structure_id": "Tb_65"}, {"parent_Field": null, "parent_Choice_Field": "Chf_14", "parent_ChoiceGroup": "Chgp_5", "w": 29, "h": 19, "y": 958, "x": 267, "structure_id": "Tb_66"}, {"parent_Field": null, "parent_Choice_Field": null, "parent_ChoiceGroup": "Chgp_6", "w": 311, "h": 19, "y": 1308, "x": 94, "structure_id": "Tb_67"}, {"parent_Field": null, "parent_Choice_Field": "Chf_15", "parent_ChoiceGroup": "Chgp_6", "w": 345, "h": 23, "y": 1345, "x": 150, "structure_id": "Tb_68"}, {"parent_Field": null, "parent_Choice_Field": "Chf_16", "parent_ChoiceGroup": "Chgp_6", "w": 180, "h": 19, "y": 1382, "x": 150, "structure_id": "Tb_69"}, {"parent_Field": null, "parent_Choice_Field": "Chf_17", "parent_ChoiceGroup": "Chgp_6", "w": 184, "h": 19, "y": 1415, "x": 150, "structure_id": "Tb_70"}, {"parent_Field": null, "parent_Choice_Field": "Chf_18", "parent_ChoiceGroup": "Chgp_6", "w": 38, "h": 20, "y": 1448, "x": 150, "structure_id": "Tb_71"}, {"parent_Field": null, "parent_Choice_Field": "Chf_19", "parent_ChoiceGroup": "Chgp_6", "w": 36, "h": 19, "y": 1482, "x": 150, "structure_id": "Tb_72"}, {"parent_Field": null, "parent_Choice_Field": "Chf_20", "parent_ChoiceGroup": "Chgp_6", "w": 185, "h": 19, "y": 1515, "x": 150, "structure_id": "Tb_73"}, {"parent_Field": null, "parent_Choice_Field": "Chf_21", "parent_ChoiceGroup": "Chgp_6", "w": 69, "h": 20, "y": 1548, "x": 150, "structure_id": "Tb_74"}, {"parent_Field": null, "parent_Choice_Field": "Chf_22", "parent_ChoiceGroup": "Chgp_6", "w": 77, "h": 19, "y": 1582, "x": 150, "structure_id": "Tb_75"}, {"parent_Field": null, "parent_Choice_Field": "Chf_23", "parent_ChoiceGroup": "Chgp_6", "w": 89, "h": 19, "y": 1615, "x": 150, "structure_id": "Tb_76"}, {"parent_Field": null, "parent_Choice_Field": "Chf_24", "parent_ChoiceGroup": "Chgp_6", "w": 107, "h": 20, "y": 1648, "x": 150, "structure_id": "Tb_77"}, {"parent_Field": null, "parent_Choice_Field": "Chf_25", "parent_ChoiceGroup": "Chgp_6", "w": 138, "h": 20, "y": 1698, "x": 150, "structure_id": "Tb_78"}, {"parent_Field": null, "parent_Choice_Field": null, "parent_ChoiceGroup": "Chgp_7", "w": 515, "h": 20, "y": 1241, "x": 94, "structure_id": "Tb_79"}, {"parent_Field": null, "parent_Choice_Field": "Chf_26", "parent_ChoiceGroup": "Chgp_7", "w": 39, "h": 19, "y": 1275, "x": 150, "structure_id": "Tb_80"}, {"parent_Field": null, "parent_Choice_Field": "Chf_27", "parent_ChoiceGroup": "Chgp_7", "w": 29, "h": 19, "y": 1275, "x": 267, "structure_id": "Tb_81"}, {"parent_Field": null, "parent_Choice_Field": null, "parent_ChoiceGroup": "Chgp_8", "w": 433, "h": 20, "y": 1741, "x": 94, "structure_id": "Tb_82"}, {"parent_Field": null, "parent_Choice_Field": "Chf_28", "parent_ChoiceGroup": "Chgp_8", "w": 39, "h": 19, "y": 1775, "x": 150, "structure_id": "Tb_83"}, {"parent_Field": null, "parent_Choice_Field": "Chf_29", "parent_ChoiceGroup": "Chgp_8", "w": 29, "h": 19, "y": 1775, "x": 267, "structure_id": "Tb_84"}, {"parent_Field": null, "parent_Choice_Field": null, "parent_ChoiceGroup": "Chgp_9", "w": 861, "h": 19, "y": 1825, "x": 94, "structure_id": "Tb_85"}, {"parent_Field": null, "parent_Choice_Field": "Chf_30", "parent_ChoiceGroup": "Chgp_9", "w": 39, "h": 19, "y": 1858, "x": 150, "structure_id": "Tb_86"}, {"parent_Field": null, "parent_Choice_Field": "Chf_31", "parent_ChoiceGroup": "Chgp_9", "w": 29, "h": 19, "y": 1858, "x": 267, "structure_id": "Tb_87"}, {"parent_Field": null, "parent_Choice_Field": null, "parent_ChoiceGroup": null, "w": 296, "h": 20, "y": 2107, "x": 88, "structure_id": "Tb_88"}, {"parent_Field": null, "parent_Choice_Field": null, "parent_ChoiceGroup": null, "w": 71, "h": 22, "y": 2108, "x": 1546, "structure_id": "Tb_89"}], "Choice_Field": [{"y": 312.4307086614173, "x": 103.09133858267717, "structure_id": "Chf_1", "w": 80.90866141732283, "h": 25}, {"y": 312.4307086614173, "x": 219.7527559055118, "structure_id": "Chf_2", "w": 71.2472440944882, "h": 25}, {"y": 213.7692913385827, "x": 103.09133858267717, "structure_id": "Chf_3", "w": 80.90866141732283, "h": 25}, {"y": 212.43070866141733, "x": 219.76141732283466, "structure_id": "Chf_4", "w": 71.23858267716534, "h": 25}, {"y": 676.555905511811, "x": 108.31968503937009, "structure_id": "Chf_5", "w": 80.68031496062991, "h": 25}, {"y": 675.2196850393701, "x": 224.98897637795278, "structure_id": "Chf_6", "w": 71.01102362204722, "h": 25}, {"y": 1024.592125984252, "x": 108.31968503937009, "structure_id": "Chf_7", "w": 307.6803149606299, "h": 26.407874015747893}, {"y": 1057.9220472440945, "x": 108.31968503937009, "structure_id": "Chf_8", "w": 568.6803149606299, "h": 26.07795275590547}, {"y": 1091.2614173228346, "x": 108.31968503937009, "structure_id": "Chf_9", "w": 286.6803149606299, "h": 26.73858267716537}, {"y": 1124.5921259842519, "x": 108.31968503937009, "structure_id": "Chf_10", "w": 608.6803149606299, "h": 26.40787401574812}, {"y": 1157.9307086614174, "x": 108.31968503937009, "structure_id": "Chf_11", "w": 67.68031496062991, "h": 26.069291338582616}, {"y": 1184.3220472440944, "x": 108.31968503937009, "structure_id": "Chf_12", "w": 641.6724409448818, "h": 33.67795275590561}, {"y": 953.7141732283465, "x": 108.31968503937009, "structure_id": "Chf_13", "w": 80.68031496062991, "h": 25}, {"y": 952.3748031496064, "x": 224.98897637795278, "structure_id": "Chf_14", "w": 71.01102362204722, "h": 25}, {"y": 1341.2614173228346, "x": 108.31968503937009, "structure_id": "Chf_15", "w": 386.6803149606299, "h": 26.73858267716537}, {"y": 1374.5921259842519, "x": 108.31968503937009, "structure_id": "Chf_16", "w": 221.68031496062991, "h": 26.40787401574812}, {"y": 1407.9307086614174, "x": 108.31968503937009, "structure_id": "Chf_17", "w": 225.68031496062991, "h": 26.069291338582616}, {"y": 1441.269291338583, "x": 108.31968503937009, "structure_id": "Chf_18", "w": 79.68031496062991, "h": 26.73070866141711}, {"y": 1474.607874015748, "x": 108.31968503937009, "structure_id": "Chf_19", "w": 77.68031496062991, "h": 26.39212598425206}, {"y": 1507.9220472440945, "x": 108.31968503937009, "structure_id": "Chf_20", "w": 226.68031496062991, "h": 26.07795275590547}, {"y": 1541.2385826771654, "x": 108.31968503937009, "structure_id": "Chf_21", "w": 110.68031496062991, "h": 26.76141732283463}, {"y": 1574.552755905512, "x": 108.31968503937009, "structure_id": "Chf_22", "w": 118.68031496062991, "h": 26.447244094488042}, {"y": 1607.8692913385828, "x": 108.31968503937009, "structure_id": "Chf_23", "w": 130.68031496062991, "h": 26.130708661417202}, {"y": 1641.1834645669292, "x": 108.31968503937009, "structure_id": "Chf_24", "w": 148.68031496062991, "h": 26.81653543307084}, {"y": 1684.3220472440944, "x": 108.31968503937009, "structure_id": "Chf_25", "w": 641.6724409448818, "h": 33.67795275590561}, {"y": 1270.3748031496061, "x": 108.31968503937009, "structure_id": "Chf_26", "w": 80.68031496062991, "h": 25}, {"y": 1269.044094488189, "x": 224.98897637795278, "structure_id": "Chf_27", "w": 71.01102362204722, "h": 25}, {"y": 1770.3748031496064, "x": 108.31968503937009, "structure_id": "Chf_28", "w": 80.68031496062991, "h": 25}, {"y": 1769.044094488189, "x": 224.98897637795278, "structure_id": "Chf_29", "w": 71.01102362204722, "h": 25}, {"y": 1853.7141732283465, "x": 108.31968503937009, "structure_id": "Chf_30", "w": 80.68031496062991, "h": 25}, {"y": 1852.3834645669292, "x": 224.98897637795278, "structure_id": "Chf_31", "w": 71.01102362204722, "h": 25}], "Field": [{"y": 68.40787401574804, "x": 85, "structure_id": "Fi_1", "w": 944.6748031496063, "h": 49.592125984251965}, {"y": 713, "x": 99.99212598425197, "structure_id": "Fi_2", "w": 1500, "h": 104.65275590551187}, {"y": 485.44173228346455, "x": 98, "structure_id": "Fi_3", "w": 695, "h": 37.43858267716536}, {"y": 428.8110236220473, "x": 98, "structure_id": "Fi_4", "w": 339.95354330708665, "h": 35.37795275590554}, {"y": 1117.6527559055119, "x": 1033, "structure_id": "Fi_5", "w": 566.9921259842522, "h": 33.34724409448813}, {"y": 1050.9834645669291, "x": 767, "structure_id": "Fi_6", "w": 249.6779527559055, "h": 33.33070866141725}, {"y": 1084.3220472440946, "x": 767, "structure_id": "Fi_7", "w": 249.6779527559055, "h": 33.67795275590538}, {"y": 1150.9834645669293, "x": 767, "structure_id": "Fi_8", "w": 249.6779527559055, "h": 33.33070866141725}, {"y": 1634.2440944881891, "x": 783, "structure_id": "Fi_9", "w": 566.992125984252, "h": 33.75590551181085}, {"y": 1150.9834645669293, "x": 1033, "structure_id": "Fi_10", "w": 566.9921259842522, "h": 33.33070866141725}, {"y": 1634.2440944881891, "x": 517, "structure_id": "Fi_11", "w": 249.6779527559055, "h": 33.75590551181085}, {"y": 1117.6527559055119, "x": 767, "structure_id": "Fi_12", "w": 249.6779527559055, "h": 33.34724409448813}, {"y": 1184.3220472440944, "x": 1033, "structure_id": "Fi_13", "w": 566.9921259842522, "h": 33.67795275590561}, {"y": 1534.3000000000002, "x": 783, "structure_id": "Fi_14", "w": 566.992125984252, "h": 33.69999999999982}, {"y": 1767.6527559055119, "x": 750, "structure_id": "Fi_15", "w": 599.9913385826771, "h": 33.34724409448813}, {"y": 1467.6692913385828, "x": 517, "structure_id": "Fi_16", "w": 249.6779527559055, "h": 33.33070866141725}, {"y": 1017.6527559055119, "x": 1033, "structure_id": "Fi_17", "w": 566.9921259842522, "h": 33.34724409448813}, {"y": 1334.3220472440946, "x": 783, "structure_id": "Fi_18", "w": 566.992125984252, "h": 33.67795275590538}, {"y": 1600.9275590551183, "x": 517, "structure_id": "Fi_19", "w": 249.6779527559055, "h": 33.33070866141725}, {"y": 1184.3220472440944, "x": 767, "structure_id": "Fi_20", "w": 249.6779527559055, "h": 33.67795275590561}, {"y": 1600.9275590551183, "x": 783, "structure_id": "Fi_21", "w": 566.992125984252, "h": 33.33070866141725}, {"y": 1767.6527559055119, "x": 400, "structure_id": "Fi_22", "w": 316.6614173228347, "h": 33.34724409448813}, {"y": 1467.6692913385828, "x": 783, "structure_id": "Fi_23", "w": 566.992125984252, "h": 33.33070866141725}, {"y": 1084.3220472440946, "x": 1033, "structure_id": "Fi_24", "w": 566.9921259842522, "h": 33.67795275590538}, {"y": 1017.6527559055119, "x": 767, "structure_id": "Fi_25", "w": 249.6779527559055, "h": 33.34724409448813}, {"y": 1050.9834645669291, "x": 1033, "structure_id": "Fi_26", "w": 566.9921259842522, "h": 33.33070866141725}, {"y": 1334.3220472440946, "x": 517, "structure_id": "Fi_27", "w": 249.6779527559055, "h": 33.67795275590538}, {"y": 1684.3141732283464, "x": 1033, "structure_id": "Fi_28", "w": 566.9921259842522, "h": 33.68582677165364}, {"y": 1367.6527559055119, "x": 517, "structure_id": "Fi_29", "w": 249.6779527559055, "h": 33.34724409448813}, {"y": 1367.6527559055119, "x": 783, "structure_id": "Fi_30", "w": 566.992125984252, "h": 33.34724409448813}, {"y": 1434.3307086614175, "x": 783, "structure_id": "Fi_31", "w": 566.992125984252, "h": 33.669291338582525}, {"y": 1684.3141732283464, "x": 767, "structure_id": "Fi_32", "w": 249.6779527559055, "h": 33.68582677165364}, {"y": 1567.6141732283465, "x": 517, "structure_id": "Fi_33", "w": 249.6779527559055, "h": 33.385826771653456}, {"y": 1567.6141732283465, "x": 783, "structure_id": "Fi_34", "w": 566.992125984252, "h": 33.385826771653456}, {"y": 1534.3000000000002, "x": 517, "structure_id": "Fi_35", "w": 249.6779527559055, "h": 33.69999999999982}, {"y": 1500.9834645669291, "x": 517, "structure_id": "Fi_36", "w": 249.6779527559055, "h": 33.33070866141725}, {"y": 1500.9834645669291, "x": 783, "structure_id": "Fi_37", "w": 566.992125984252, "h": 33.33070866141725}, {"y": 1434.3307086614175, "x": 517, "structure_id": "Fi_38", "w": 249.6779527559055, "h": 33.669291338582525}, {"y": 1400.992125984252, "x": 517, "structure_id": "Fi_39", "w": 249.6779527559055, "h": 33.33070866141725}, {"y": 1400.992125984252, "x": 783, "structure_id": "Fi_40", "w": 566.992125984252, "h": 33.33070866141725}, {"y": 1890, "x": 94, "structure_id": "Fi_41", "w": 1505.9913385826771, "h": 210.98346456692934}], "TextRun": [{"parent_TextBlock": "Tb_1", "text": "PATIENT/VETERAN'S SOCIAL SECURITY NO.", "parent_Field": "Fi_1", "parent_Choice_Field": null, "parent_ChoiceGroup": null, "w": 416, "h": 19, "y": 99, "x": 85, "structure_id": "Tr_1"}, {"parent_TextBlock": "Tb_2", "text": "SECTION VI - OTHER PERTINENT PHYSICAL FINDINGS, COMPLICATIONS, CONDITIONS, SIGNS AND/OR SYMPTOMS", "parent_Field": null, "parent_Choice_Field": null, "parent_ChoiceGroup": null, "w": 1245, "h": 23, "y": 128, "x": 225, "structure_id": "Tr_2"}, {"parent_TextBlock": "Tb_3", "text": "IF YES, DESCRIBE", "parent_Field": "Fi_2", "parent_Choice_Field": null, "parent_ChoiceGroup": null, "w": 172, "h": 19, "y": 715, "x": 100, "structure_id": "Tr_3"}, {"parent_TextBlock": "Tb_3", "text": "(brief summary):", "parent_Field": "Fi_2", "parent_Choice_Field": null, "parent_ChoiceGroup": null, "w": 157, "h": 22, "y": 713, "x": 272, "structure_id": "Tr_4"}, {"parent_TextBlock": "Tb_4", "parent_Field": "Fi_3", "parent_Choice_Field": null, "parent_ChoiceGroup": null, "w": 244.81968503937009, "h": 20, "y": 501, "x": 98, "structure_id": "Tr_5"}, {"parent_TextBlock": "Tb_4", "parent_Field": "Fi_3", "parent_Choice_Field": null, "parent_ChoiceGroup": null, "w": 110.63543307086616, "h": 20, "y": 501, "x": 497.68661417322835, "structure_id": "Tr_6"}, {"parent_TextBlock": "Tb_4", "parent_Field": "Fi_3", "parent_Choice_Field": null, "parent_ChoiceGroup": null, "w": 36.57559055118111, "h": 20, "y": 501, "x": 756.4244094488189, "structure_id": "Tr_7"}, {"parent_TextBlock": "Tb_5", "text": "NOTE:", "parent_Field": null, "parent_Choice_Field": null, "parent_ChoiceGroup": null, "w": 71, "h": 20, "y": 539, "x": 90, "structure_id": "Tr_8"}, {"parent_TextBlock": "Tb_5", "text": "An \"unstable scar\" is one where, for any reason, there is frequent loss of covering of the skin over the scar.  If there are multiple scars, enter additional locations and measurements", "parent_Field": null, "parent_Choice_Field": null, "parent_ChoiceGroup": null, "w": 1399, "h": 20, "y": 539, "x": 161, "structure_id": "Tr_9"}, {"parent_TextBlock": "Tb_5", "text": "in the Remarks section below.  It is not necessary to also complete a Scars DBQ.", "parent_Field": null, "parent_Choice_Field": null, "parent_ChoiceGroup": null, "w": 628, "h": 20, "y": 564, "x": 90, "structure_id": "Tr_10"}, {"parent_TextBlock": "Tb_6", "text": "LOCATION:", "parent_Field": "Fi_4", "parent_Choice_Field": null, "parent_ChoiceGroup": null, "w": 115, "h": 20, "y": 444, "x": 98, "structure_id": "Tr_11"}, {"parent_TextBlock": "Tb_7", "text": "IF YES, ALSO COMPLETE VA FORM 21-0960F-1, SCARS/DISFIGUREMENT DISABILITY BENEFITS QUESTIONNAIRE.", "parent_Field": null, "parent_Choice_Field": null, "parent_ChoiceGroup": null, "w": 1073, "h": 20, "y": 358, "x": 98, "structure_id": "Tr_12"}, {"parent_TextBlock": "Tb_8", "text": "IF NO, PROVIDE LOCATION AND MEASURMENTS OF SCAR IN CENTIMETERS.", "parent_Field": null, "parent_Choice_Field": null, "parent_ChoiceGroup": null, "w": 730, "h": 19, "y": 387, "x": 98, "structure_id": "Tr_13"}, {"parent_TextBlock": "Tb_9", "text": "IF YES, ARE ANY OF THE SCARS PAINFUL OR UNSTABLE; HAVE A TOTAL AREA EQUAL TO OR GREATER THAN 39 SQUARE CM", "parent_Field": null, "parent_Choice_Field": null, "parent_ChoiceGroup": "Chgp_1", "w": 1197, "h": 20, "y": 250, "x": 95, "structure_id": "Tr_14"}, {"parent_TextBlock": "Tb_9", "text": "(6 square inches)", "parent_Field": null, "parent_Choice_Field": null, "parent_ChoiceGroup": "Chgp_1", "w": 154, "h": 22, "y": 248, "x": 1292, "structure_id": "Tr_15"}, {"parent_TextBlock": "Tb_9", "text": "; OR ARE", "parent_Field": null, "parent_Choice_Field": null, "parent_ChoiceGroup": "Chgp_1", "w": 96, "h": 20, "y": 250, "x": 1446, "structure_id": "Tr_16"}, {"parent_TextBlock": "Tb_9", "text": "LOCATED ON THE HEAD, FACE OR NECK?", "parent_Field": null, "parent_Choice_Field": null, "parent_ChoiceGroup": "Chgp_1", "w": 397, "h": 19, "y": 275, "x": 95, "structure_id": "Tr_17"}, {"parent_TextBlock": "Tb_10", "text": "YES", "parent_Field": null, "parent_Choice_Field": "Chf_1", "parent_ChoiceGroup": "Chgp_1", "w": 39, "h": 19, "y": 318, "x": 145, "structure_id": "Tr_18"}, {"parent_TextBlock": "Tb_11", "text": "NO", "parent_Field": null, "parent_Choice_Field": "Chf_2", "parent_ChoiceGroup": "Chgp_1", "w": 30, "h": 19, "y": 318, "x": 261, "structure_id": "Tr_19"}, {"parent_TextBlock": "Tb_12", "text": "6A. DOES THE VETERAN HAVE ANY SCARS", "parent_Field": null, "parent_Choice_Field": null, "parent_ChoiceGroup": "Chgp_2", "w": 413, "h": 19, "y": 162, "x": 94, "structure_id": "Tr_20"}, {"parent_TextBlock": "Tb_12", "text": "(surgical or otherwise)", "parent_Field": null, "parent_Choice_Field": null, "parent_ChoiceGroup": "Chgp_2", "w": 205, "h": 22, "y": 160, "x": 507, "structure_id": "Tr_21"}, {"parent_TextBlock": "Tb_12", "text": "RELATED TO ANY CONDITIONS OR TO THE TREATMENT OF ANY CONDITIONS LISTED IN THE", "parent_Field": null, "parent_Choice_Field": null, "parent_ChoiceGroup": "Chgp_2", "w": 888, "h": 19, "y": 162, "x": 712, "structure_id": "Tr_22"}, {"parent_TextBlock": "Tb_12", "text": "DIAGNOSIS SECTION?", "parent_Field": null, "parent_Choice_Field": null, "parent_ChoiceGroup": "Chgp_2", "w": 210, "h": 19, "y": 187, "x": 128, "structure_id": "Tr_23"}, {"parent_TextBlock": "Tb_13", "text": "YES", "parent_Field": null, "parent_Choice_Field": "Chf_3", "parent_ChoiceGroup": "Chgp_2", "w": 39, "h": 19, "y": 218, "x": 145, "structure_id": "Tr_24"}, {"parent_TextBlock": "Tb_14", "text": "NO", "parent_Field": null, "parent_Choice_Field": "Chf_4", "parent_ChoiceGroup": "Chgp_2", "w": 30, "h": 19, "y": 218, "x": 261, "structure_id": "Tr_25"}, {"parent_TextBlock": "Tb_15", "text": "6B. DOES THE VETERAN HAVE ANY OTHER PERTINENT PHYSICAL FINDINGS, COMPLICATIONS, CONDITIONS, SIGNS AND/OR SYMPTOMS RELATED TO ANY", "parent_Field": null, "parent_Choice_Field": null, "parent_ChoiceGroup": "Chgp_3", "w": 1476, "h": 19, "y": 612, "x": 94, "structure_id": "Tr_26"}, {"parent_TextBlock": "Tb_15", "text": "CONDITIONS LISTED IN THE DIAGNOSIS SECTION?", "parent_Field": null, "parent_Choice_Field": null, "parent_ChoiceGroup": "Chgp_3", "w": 481, "h": 20, "y": 635, "x": 128, "structure_id": "Tr_27"}, {"parent_TextBlock": "Tb_16", "text": "YES", "parent_Field": null, "parent_Choice_Field": "Chf_5", "parent_ChoiceGroup": "Chgp_3", "w": 39, "h": 19, "y": 681, "x": 150, "structure_id": "Tr_28"}, {"parent_TextBlock": "Tb_17", "text": "NO", "parent_Field": null, "parent_Choice_Field": "Chf_6", "parent_ChoiceGroup": "Chgp_3", "w": 29, "h": 19, "y": 681, "x": 267, "structure_id": "Tr_29"}, {"parent_TextBlock": "Tb_18", "text": "SECTION VII - DIAGNOSTIC TESTING", "parent_Field": null, "parent_Choice_Field": null, "parent_ChoiceGroup": null, "w": 394, "h": 22, "y": 825, "x": 653, "structure_id": "Tr_30"}, {"parent_TextBlock": "Tb_19", "text": "Results:", "parent_Field": "Fi_5", "parent_Choice_Field": null, "parent_ChoiceGroup": null, "w": 71, "h": 19, "y": 1132, "x": 1033, "structure_id": "Tr_31"}, {"parent_TextBlock": "Tb_20", "text": "Date:", "parent_Field": "Fi_6", "parent_Choice_Field": null, "parent_ChoiceGroup": null, "w": 46, "h": 19, "y": 1065, "x": 767, "structure_id": "Tr_32"}, {"parent_TextBlock": "Tb_21", "text": "Date:", "parent_Field": "Fi_7", "parent_Choice_Field": null, "parent_ChoiceGroup": null, "w": 46, "h": 20, "y": 1098, "x": 767, "structure_id": "Tr_33"}, {"parent_TextBlock": "Tb_22", "text": "Date:", "parent_Field": "Fi_8", "parent_Choice_Field": null, "parent_ChoiceGroup": null, "w": 46, "h": 19, "y": 1165, "x": 767, "structure_id": "Tr_34"}, {"parent_TextBlock": "Tb_23", "text": "Results:", "parent_Field": "Fi_9", "parent_Choice_Field": null, "parent_ChoiceGroup": null, "w": 71, "h": 20, "y": 1648, "x": 783, "structure_id": "Tr_35"}, {"parent_TextBlock": "Tb_24", "text": "Results:", "parent_Field": "Fi_10", "parent_Choice_Field": null, "parent_ChoiceGroup": null, "w": 71, "h": 19, "y": 1165, "x": 1033, "structure_id": "Tr_36"}, {"parent_TextBlock": "Tb_25", "text": "Date:", "parent_Field": "Fi_11", "parent_Choice_Field": null, "parent_ChoiceGroup": null, "w": 46, "h": 20, "y": 1648, "x": 517, "structure_id": "Tr_37"}, {"parent_TextBlock": "Tb_26", "text": "Date:", "parent_Field": "Fi_12", "parent_Choice_Field": null, "parent_ChoiceGroup": null, "w": 46, "h": 19, "y": 1132, "x": 767, "structure_id": "Tr_38"}, {"parent_TextBlock": "Tb_27", "text": "Results:", "parent_Field": "Fi_13", "parent_Choice_Field": null, "parent_ChoiceGroup": null, "w": 71, "h": 20, "y": 1198, "x": 1033, "structure_id": "Tr_39"}, {"parent_TextBlock": "Tb_28", "text": "Results:", "parent_Field": "Fi_14", "parent_Choice_Field": null, "parent_ChoiceGroup": null, "w": 71, "h": 20, "y": 1548, "x": 783, "structure_id": "Tr_40"}, {"parent_TextBlock": "Tb_29", "text": "Results:", "parent_Field": "Fi_15", "parent_Choice_Field": null, "parent_ChoiceGroup": null, "w": 70, "h": 19, "y": 1782, "x": 750, "structure_id": "Tr_41"}, {"parent_TextBlock": "Tb_30", "text": "Date:", "parent_Field": "Fi_16", "parent_Choice_Field": null, "parent_ChoiceGroup": null, "w": 46, "h": 19, "y": 1482, "x": 517, "structure_id": "Tr_42"}, {"parent_TextBlock": "Tb_31", "text": "Results:", "parent_Field": "Fi_17", "parent_Choice_Field": null, "parent_ChoiceGroup": null, "w": 71, "h": 19, "y": 1032, "x": 1033, "structure_id": "Tr_43"}, {"parent_TextBlock": "Tb_32", "text": "Results:", "parent_Field": "Fi_18", "parent_Choice_Field": null, "parent_ChoiceGroup": null, "w": 71, "h": 20, "y": 1348, "x": 783, "structure_id": "Tr_44"}, {"parent_TextBlock": "Tb_33", "text": "Date:", "parent_Field": "Fi_19", "parent_Choice_Field": null, "parent_ChoiceGroup": null, "w": 46, "h": 19, "y": 1615, "x": 517, "structure_id": "Tr_45"}, {"parent_TextBlock": "Tb_34", "text": "Date:", "parent_Field": "Fi_20", "parent_Choice_Field": null, "parent_ChoiceGroup": null, "w": 46, "h": 20, "y": 1198, "x": 767, "structure_id": "Tr_46"}, {"parent_TextBlock": "Tb_35", "text": "Results:", "parent_Field": "Fi_21", "parent_Choice_Field": null, "parent_ChoiceGroup": null, "w": 71, "h": 19, "y": 1615, "x": 783, "structure_id": "Tr_47"}, {"parent_TextBlock": "Tb_36", "text": "Date of test:", "parent_Field": "Fi_22", "parent_Choice_Field": null, "parent_ChoiceGroup": null, "w": 105, "h": 19, "y": 1782, "x": 400, "structure_id": "Tr_48"}, {"parent_TextBlock": "Tb_37", "text": "Results:", "parent_Field": "Fi_23", "parent_Choice_Field": null, "parent_ChoiceGroup": null, "w": 71, "h": 19, "y": 1482, "x": 783, "structure_id": "Tr_49"}, {"parent_TextBlock": "Tb_38", "text": "Results:", "parent_Field": "Fi_24", "parent_Choice_Field": null, "parent_ChoiceGroup": null, "w": 71, "h": 20, "y": 1098, "x": 1033, "structure_id": "Tr_50"}, {"parent_TextBlock": "Tb_39", "text": "NOTE:", "parent_Field": null, "parent_Choice_Field": null, "parent_ChoiceGroup": null, "w": 71, "h": 22, "y": 860, "x": 94, "structure_id": "Tr_51"}, {"parent_TextBlock": "Tb_39", "text": "Diagnosis of hepatitis C must be confirmed by recombinant immunoblot assay (RIBA). If this information is of record, repeat RIBA test is not required.", "parent_Field": null, "parent_Choice_Field": null, "parent_ChoiceGroup": null, "w": 1364, "h": 22, "y": 860, "x": 165, "structure_id": "Tr_52"}, {"parent_TextBlock": "Tb_39", "text": "If testing has been performed and reflects veteran's current condition, no further testing is required for this examination report.", "parent_Field": null, "parent_Choice_Field": null, "parent_ChoiceGroup": null, "w": 1124, "h": 22, "y": 887, "x": 94, "structure_id": "Tr_53"}, {"parent_TextBlock": "Tb_40", "text": "Date:", "parent_Field": "Fi_25", "parent_Choice_Field": null, "parent_ChoiceGroup": null, "w": 46, "h": 19, "y": 1032, "x": 767, "structure_id": "Tr_54"}, {"parent_TextBlock": "Tb_41", "text": "Results:", "parent_Field": "Fi_26", "parent_Choice_Field": null, "parent_ChoiceGroup": null, "w": 71, "h": 19, "y": 1065, "x": 1033, "structure_id": "Tr_55"}, {"parent_TextBlock": "Tb_42", "text": "Date:", "parent_Field": "Fi_27", "parent_Choice_Field": null, "parent_ChoiceGroup": null, "w": 46, "h": 20, "y": 1348, "x": 517, "structure_id": "Tr_56"}, {"parent_TextBlock": "Tb_43", "text": "Results:", "parent_Field": "Fi_28", "parent_Choice_Field": null, "parent_ChoiceGroup": null, "w": 71, "h": 20, "y": 1698, "x": 1033, "structure_id": "Tr_57"}, {"parent_TextBlock": "Tb_44", "text": "Date:", "parent_Field": "Fi_29", "parent_Choice_Field": null, "parent_ChoiceGroup": null, "w": 46, "h": 19, "y": 1382, "x": 517, "structure_id": "Tr_58"}, {"parent_TextBlock": "Tb_45", "text": "Results:", "parent_Field": "Fi_30", "parent_Choice_Field": null, "parent_ChoiceGroup": null, "w": 71, "h": 19, "y": 1382, "x": 783, "structure_id": "Tr_59"}, {"parent_TextBlock": "Tb_46", "text": "Results:", "parent_Field": "Fi_31", "parent_Choice_Field": null, "parent_ChoiceGroup": null, "w": 71, "h": 20, "y": 1448, "x": 783, "structure_id": "Tr_60"}, {"parent_TextBlock": "Tb_47", "text": "Date:", "parent_Field": "Fi_32", "parent_Choice_Field": null, "parent_ChoiceGroup": null, "w": 46, "h": 20, "y": 1698, "x": 767, "structure_id": "Tr_61"}, {"parent_TextBlock": "Tb_48", "text": "Date:", "parent_Field": "Fi_33", "parent_Choice_Field": null, "parent_ChoiceGroup": null, "w": 46, "h": 19, "y": 1582, "x": 517, "structure_id": "Tr_62"}, {"parent_TextBlock": "Tb_49", "text": "Results:", "parent_Field": "Fi_34", "parent_Choice_Field": null, "parent_ChoiceGroup": null, "w": 71, "h": 20, "y": 1581, "x": 783, "structure_id": "Tr_63"}, {"parent_TextBlock": "Tb_50", "text": "Date:", "parent_Field": "Fi_35", "parent_Choice_Field": null, "parent_ChoiceGroup": null, "w": 46, "h": 20, "y": 1548, "x": 517, "structure_id": "Tr_64"}, {"parent_TextBlock": "Tb_51", "text": "Date:", "parent_Field": "Fi_36", "parent_Choice_Field": null, "parent_ChoiceGroup": null, "w": 46, "h": 19, "y": 1515, "x": 517, "structure_id": "Tr_65"}, {"parent_TextBlock": "Tb_52", "text": "Results:", "parent_Field": "Fi_37", "parent_Choice_Field": null, "parent_ChoiceGroup": null, "w": 71, "h": 19, "y": 1515, "x": 783, "structure_id": "Tr_66"}, {"parent_TextBlock": "Tb_53", "text": "Date:", "parent_Field": "Fi_38", "parent_Choice_Field": null, "parent_ChoiceGroup": null, "w": 46, "h": 20, "y": 1448, "x": 517, "structure_id": "Tr_67"}, {"parent_TextBlock": "Tb_54", "text": "Date:", "parent_Field": "Fi_39", "parent_Choice_Field": null, "parent_ChoiceGroup": null, "w": 46, "h": 19, "y": 1415, "x": 517, "structure_id": "Tr_68"}, {"parent_TextBlock": "Tb_55", "text": "Results:", "parent_Field": "Fi_40", "parent_Choice_Field": null, "parent_ChoiceGroup": null, "w": 71, "h": 19, "y": 1415, "x": 783, "structure_id": "Tr_69"}, {"parent_TextBlock": "Tb_56", "text": "IF YES, PROVIDE TYPE OF TEST OR PROCEDURE, DATE AND RESULTS", "parent_Field": "Fi_41", "parent_Choice_Field": null, "parent_ChoiceGroup": null, "w": 672, "h": 19, "y": 1892, "x": 94, "structure_id": "Tr_70"}, {"parent_TextBlock": "Tb_56", "text": "(brief summary):", "parent_Field": "Fi_41", "parent_Choice_Field": null, "parent_ChoiceGroup": null, "w": 157, "h": 22, "y": 1890, "x": 766, "structure_id": "Tr_71"}, {"parent_TextBlock": "Tb_57", "text": "IF YES, CHECK ALL THAT APPLY:", "parent_Field": null, "parent_Choice_Field": null, "parent_ChoiceGroup": "Chgp_4", "w": 310, "h": 20, "y": 991, "x": 100, "structure_id": "Tr_72"}, {"parent_TextBlock": "Tb_58", "text": "EUS", "parent_Field": null, "parent_Choice_Field": "Chf_7", "parent_ChoiceGroup": "Chgp_4", "w": 40, "h": 19, "y": 1031, "x": 150, "structure_id": "Tr_73"}, {"parent_TextBlock": "Tb_58", "text": "(Endoscopic ultrasound)", "parent_Field": null, "parent_Choice_Field": "Chf_7", "parent_ChoiceGroup": "Chgp_4", "w": 226, "h": 22, "y": 1029, "x": 190, "structure_id": "Tr_74"}, {"parent_TextBlock": "Tb_59", "text": "ERCP", "parent_Field": null, "parent_Choice_Field": "Chf_8", "parent_ChoiceGroup": "Chgp_4", "w": 59, "h": 20, "y": 1064, "x": 150, "structure_id": "Tr_75"}, {"parent_TextBlock": "Tb_59", "text": "(Endoscopic retrograde cholangiopancreatography)", "parent_Field": null, "parent_Choice_Field": "Chf_8", "parent_ChoiceGroup": "Chgp_4", "w": 468, "h": 22, "y": 1062, "x": 209, "structure_id": "Tr_76"}, {"parent_TextBlock": "Tb_60", "text": "Transhepatic cholangiogram", "parent_Field": null, "parent_Choice_Field": "Chf_9", "parent_ChoiceGroup": "Chgp_4", "w": 245, "h": 20, "y": 1098, "x": 150, "structure_id": "Tr_77"}, {"parent_TextBlock": "Tb_61", "text": "MRI or MRCP", "parent_Field": null, "parent_Choice_Field": "Chf_10", "parent_ChoiceGroup": "Chgp_4", "w": 126, "h": 19, "y": 1131, "x": 150, "structure_id": "Tr_78"}, {"parent_TextBlock": "Tb_61", "text": "(magnetic resonance cholangiopancreatography)", "parent_Field": null, "parent_Choice_Field": "Chf_10", "parent_ChoiceGroup": "Chgp_4", "w": 441, "h": 22, "y": 1129, "x": 276, "structure_id": "Tr_79"}, {"parent_TextBlock": "Tb_62", "text": "CT", "parent_Field": null, "parent_Choice_Field": "Chf_11", "parent_ChoiceGroup": "Chgp_4", "w": 26, "h": 19, "y": 1165, "x": 150, "structure_id": "Tr_80"}, {"parent_TextBlock": "Tb_63", "text": "Other, describe:", "parent_Field": null, "parent_Choice_Field": "Chf_12", "parent_ChoiceGroup": "Chgp_4", "w": 138, "h": 20, "y": 1198, "x": 150, "structure_id": "Tr_81"}, {"parent_TextBlock": "Tb_64", "text": "7A. HAVE IMAGING STUDIES BEEN PERFORMED AND ARE THE RESULTS AVAILABLE?", "parent_Field": null, "parent_Choice_Field": null, "parent_ChoiceGroup": "Chgp_5", "w": 808, "h": 19, "y": 925, "x": 94, "structure_id": "Tr_82"}, {"parent_TextBlock": "Tb_65", "text": "YES", "parent_Field": null, "parent_Choice_Field": "Chf_13", "parent_ChoiceGroup": "Chgp_5", "w": 39, "h": 19, "y": 958, "x": 150, "structure_id": "Tr_83"}, {"parent_TextBlock": "Tb_66", "text": "NO", "parent_Field": null, "parent_Choice_Field": "Chf_14", "parent_ChoiceGroup": "Chgp_5", "w": 29, "h": 19, "y": 958, "x": 267, "structure_id": "Tr_84"}, {"parent_TextBlock": "Tb_67", "text": "IF YES, CHECK ALL THAT APPLY:", "parent_Field": null, "parent_Choice_Field": null, "parent_ChoiceGroup": "Chgp_6", "w": 311, "h": 19, "y": 1308, "x": 94, "structure_id": "Tr_85"}, {"parent_TextBlock": "Tb_68", "text": "Recombinant immunoblot assay", "parent_Field": null, "parent_Choice_Field": "Chf_15", "parent_ChoiceGroup": "Chgp_6", "w": 282, "h": 19, "y": 1348, "x": 150, "structure_id": "Tr_86"}, {"parent_TextBlock": "Tb_68", "text": "(RIBA)", "parent_Field": null, "parent_Choice_Field": "Chf_15", "parent_ChoiceGroup": "Chgp_6", "w": 63, "h": 23, "y": 1345, "x": 432, "structure_id": "Tr_87"}, {"parent_TextBlock": "Tb_69", "text": "Hepatitis C genotype", "parent_Field": null, "parent_Choice_Field": "Chf_16", "parent_ChoiceGroup": "Chgp_6", "w": 180, "h": 19, "y": 1382, "x": 150, "structure_id": "Tr_88"}, {"parent_TextBlock": "Tb_70", "text": "Hepatitis C viral titers", "parent_Field": null, "parent_Choice_Field": "Chf_17", "parent_ChoiceGroup": "Chgp_6", "w": 184, "h": 19, "y": 1415, "x": 150, "structure_id": "Tr_89"}, {"parent_TextBlock": "Tb_71", "text": "AST", "parent_Field": null, "parent_Choice_Field": "Chf_18", "parent_ChoiceGroup": "Chgp_6", "w": 38, "h": 20, "y": 1448, "x": 150, "structure_id": "Tr_90"}, {"parent_TextBlock": "Tb_72", "text": "ALT", "parent_Field": null, "parent_Choice_Field": "Chf_19", "parent_ChoiceGroup": "Chgp_6", "w": 36, "h": 19, "y": 1482, "x": 150, "structure_id": "Tr_91"}, {"parent_TextBlock": "Tb_73", "text": "Alkaline phosphatase", "parent_Field": null, "parent_Choice_Field": "Chf_20", "parent_ChoiceGroup": "Chgp_6", "w": 185, "h": 19, "y": 1515, "x": 150, "structure_id": "Tr_92"}, {"parent_TextBlock": "Tb_74", "text": "Bilirubin", "parent_Field": null, "parent_Choice_Field": "Chf_21", "parent_ChoiceGroup": "Chgp_6", "w": 69, "h": 20, "y": 1548, "x": 150, "structure_id": "Tr_93"}, {"parent_TextBlock": "Tb_75", "text": "INR (PT)", "parent_Field": null, "parent_Choice_Field": "Chf_22", "parent_ChoiceGroup": "Chgp_6", "w": 77, "h": 19, "y": 1582, "x": 150, "structure_id": "Tr_94"}, {"parent_TextBlock": "Tb_76", "text": "Creatinine", "parent_Field": null, "parent_Choice_Field": "Chf_23", "parent_ChoiceGroup": "Chgp_6", "w": 89, "h": 19, "y": 1615, "x": 150, "structure_id": "Tr_95"}, {"parent_TextBlock": "Tb_77", "text": "MELD score", "parent_Field": null, "parent_Choice_Field": "Chf_24", "parent_ChoiceGroup": "Chgp_6", "w": 107, "h": 20, "y": 1648, "x": 150, "structure_id": "Tr_96"}, {"parent_TextBlock": "Tb_78", "text": "Other, describe:", "parent_Field": null, "parent_Choice_Field": "Chf_25", "parent_ChoiceGroup": "Chgp_6", "w": 138, "h": 20, "y": 1698, "x": 150, "structure_id": "Tr_97"}, {"parent_TextBlock": "Tb_79", "text": "7B. HAVE LABORATORY STUDIES BEEN PERFORMED?", "parent_Field": null, "parent_Choice_Field": null, "parent_ChoiceGroup": "Chgp_7", "w": 515, "h": 20, "y": 1241, "x": 94, "structure_id": "Tr_98"}, {"parent_TextBlock": "Tb_80", "text": "YES", "parent_Field": null, "parent_Choice_Field": "Chf_26", "parent_ChoiceGroup": "Chgp_7", "w": 39, "h": 19, "y": 1275, "x": 150, "structure_id": "Tr_99"}, {"parent_TextBlock": "Tb_81", "text": "NO", "parent_Field": null, "parent_Choice_Field": "Chf_27", "parent_ChoiceGroup": "Chgp_7", "w": 29, "h": 19, "y": 1275, "x": 267, "structure_id": "Tr_100"}, {"parent_TextBlock": "Tb_82", "text": "7C. HAS A LIVER BIOPSY BEEN PERFORMED?", "parent_Field": null, "parent_Choice_Field": null, "parent_ChoiceGroup": "Chgp_8", "w": 433, "h": 20, "y": 1741, "x": 94, "structure_id": "Tr_101"}, {"parent_TextBlock": "Tb_83", "text": "YES", "parent_Field": null, "parent_Choice_Field": "Chf_28", "parent_ChoiceGroup": "Chgp_8", "w": 39, "h": 19, "y": 1775, "x": 150, "structure_id": "Tr_102"}, {"parent_TextBlock": "Tb_84", "text": "NO", "parent_Field": null, "parent_Choice_Field": "Chf_29", "parent_ChoiceGroup": "Chgp_8", "w": 29, "h": 19, "y": 1775, "x": 267, "structure_id": "Tr_103"}, {"parent_TextBlock": "Tb_85", "text": "7D. ARE THERE ANY OTHER SIGNIFICANT DIAGNOSTIC TEST FINDINGS AND/OR RESULTS?", "parent_Field": null, "parent_Choice_Field": null, "parent_ChoiceGroup": "Chgp_9", "w": 861, "h": 19, "y": 1825, "x": 94, "structure_id": "Tr_104"}, {"parent_TextBlock": "Tb_86", "text": "YES", "parent_Field": null, "parent_Choice_Field": "Chf_30", "parent_ChoiceGroup": "Chgp_9", "w": 39, "h": 19, "y": 1858, "x": 150, "structure_id": "Tr_105"}, {"parent_TextBlock": "Tb_87", "text": "NO", "parent_Field": null, "parent_Choice_Field": "Chf_31", "parent_ChoiceGroup": "Chgp_9", "w": 29, "h": 19, "y": 1858, "x": 267, "structure_id": "Tr_106"}, {"parent_TextBlock": "Tb_88", "text": "VA\u00c2\u00a0FORM 21-0960G-5, SEP 2016", "parent_Field": null, "parent_Choice_Field": null, "parent_ChoiceGroup": null, "w": 296, "h": 20, "y": 2107, "x": 88, "structure_id": "Tr_107"}, {"parent_TextBlock": "Tb_89", "text": "Page 4", "parent_Field": null, "parent_Choice_Field": null, "parent_ChoiceGroup": null, "w": 71, "h": 22, "y": 2108, "x": 1546, "structure_id": "Tr_108"}], "ChoiceGroup": [{"y": 241.03125, "x": 88, "structure_id": "Chgp_1", "w": 1460, "h": 291}, {"y": 154.03125, "x": 84, "structure_id": "Chgp_2", "w": 1518, "h": 435}, {"y": 605.03125, "x": 85, "structure_id": "Chgp_3", "w": 1517, "h": 212}, {"y": 983.03125, "x": 88, "structure_id": "Chgp_4", "w": 1518, "h": 245}, {"y": 916.03125, "x": 82, "structure_id": "Chgp_5", "w": 1530, "h": 312}, {"y": 1303.03125, "x": 88, "structure_id": "Chgp_6", "w": 1517, "h": 420}, {"y": 1234.03125, "x": 85, "structure_id": "Chgp_7", "w": 1524, "h": 493}, {"y": 1733.03125, "x": 85, "structure_id": "Chgp_8", "w": 1271, "h": 75}, {"y": 1822.03125, "x": 87, "structure_id": "Chgp_9", "w": 1516, "h": 277}]}