{"Widget": [{"parent_Field": "Fi_1", "parent_Choice_Field": null, "parent_ChoiceGroup": null, "w": 600.6913385826772, "h": 49.33070866141732, "y": 502.5023622047244, "x": 118.38582677165356, "structure_id": "Wi_1"}, {"parent_Field": "Fi_2", "parent_Choice_Field": null, "parent_ChoiceGroup": null, "w": 593.4165354330709, "h": 49.33070866141732, "y": 415.3, "x": 118.38582677165356, "structure_id": "Wi_2"}, {"parent_Field": "Fi_3", "parent_Choice_Field": null, "parent_ChoiceGroup": null, "w": 404.1023622047244, "h": 49.33070866141732, "y": 587.407874015748, "x": 118.38582677165356, "structure_id": "Wi_3"}, {"parent_Field": "Fi_4", "parent_Choice_Field": null, "parent_ChoiceGroup": null, "w": 260.54488188976376, "h": 49.33070866141732, "y": 415.3, "x": 733.3779527559055, "structure_id": "Wi_4"}, {"parent_Field": "Fi_5", "parent_Choice_Field": null, "parent_ChoiceGroup": null, "w": 635.9023622047245, "h": 145.98346456692914, "y": 667.9385826771654, "x": 753.2779527559055, "structure_id": "Wi_5"}, {"parent_Field": "Fi_6", "parent_Choice_Field": null, "parent_ChoiceGroup": null, "w": 600.6913385826772, "h": 49.33070866141732, "y": 763.8417322834646, "x": 118.38582677165356, "structure_id": "Wi_6"}, {"parent_Field": "Fi_7", "parent_Choice_Field": null, "parent_ChoiceGroup": null, "w": 1462.1023622047246, "h": 136.73858267716537, "y": 865.9834645669292, "x": 118.38582677165356, "structure_id": "Wi_7"}, {"parent_Field": "Fi_8", "parent_Choice_Field": null, "parent_ChoiceGroup": null, "w": 635.9023622047245, "h": 145.98346456692914, "y": 494, "x": 753.2779527559055, "structure_id": "Wi_8"}, {"parent_Field": "Fi_9", "parent_Choice_Field": null, "parent_ChoiceGroup": null, "w": 307.56692913385825, "h": 49.33070866141732, "y": 415.3, "x": 1031.7251968503938, "structure_id": "Wi_9"}, {"parent_Field": "Fi_10", "parent_Choice_Field": null, "parent_ChoiceGroup": null, "w": 213.15590551181103, "h": 44.9748031496063, "y": 417.92204724409453, "x": 1369.3385826771655, "structure_id": "Wi_10"}, {"parent_Field": "Fi_11", "parent_Choice_Field": null, "parent_ChoiceGroup": null, "w": 213.15590551181103, "h": 44.9748031496063, "y": 1349.283464566929, "x": 1041.3858267716537, "structure_id": "Wi_11"}, {"parent_Field": "Fi_12", "parent_Choice_Field": null, "parent_ChoiceGroup": null, "w": 888, "h": 58, "y": 1330.03125, "x": 112, "structure_id": "Wi_12"}, {"parent_Field": null, "parent_Choice_Field": "Chf_1", "parent_ChoiceGroup": "Chgp_1", "w": 27.777952755905513, "h": 27.777952755905513, "y": 1048.4858267716536, "x": 126.26141732283465, "structure_id": "Wi_13"}, {"parent_Field": null, "parent_Choice_Field": "Chf_2", "parent_ChoiceGroup": "Chgp_1", "w": 27.777952755905513, "h": 27.777952755905513, "y": 1095.3834645669292, "x": 126.26141732283465, "structure_id": "Wi_14"}, {"parent_Field": null, "parent_Choice_Field": "Chf_2", "parent_ChoiceGroup": "Chgp_1", "w": 313.9448818897638, "h": 49.33070866141732, "y": 1076.6385826771655, "x": 1279.4417322834647, "structure_id": "Wi_15"}, {"parent_Field": "Fi_13", "parent_Choice_Field": null, "parent_ChoiceGroup": null, "w": 465, "h": 38, "y": 2057.03125, "x": 106, "structure_id": "Wi_16"}, {"parent_Field": "Fi_14", "parent_Choice_Field": null, "parent_ChoiceGroup": null, "w": 213.15590551181103, "h": 44.9748031496063, "y": 2050.016535433071, "x": 624.5834645669291, "structure_id": "Wi_17"}, {"parent_Field": "Fi_15", "parent_Choice_Field": null, "parent_ChoiceGroup": null, "w": 213.15590551181103, "h": 44.9748031496063, "y": 2050.016535433071, "x": 1380.2913385826773, "structure_id": "Wi_18"}, {"parent_Field": "Fi_16", "parent_Choice_Field": null, "parent_ChoiceGroup": null, "w": 493, "h": 41, "y": 2057.03125, "x": 867, "structure_id": "Wi_19"}, {"parent_Field": null, "parent_Choice_Field": "Chf_3", "parent_ChoiceGroup": "Chgp_2", "w": 27.777952755905513, "h": 27.777952755905513, "y": 1673.0582677165355, "x": 999.8913385826772, "structure_id": "Wi_20"}, {"parent_Field": null, "parent_Choice_Field": "Chf_4", "parent_ChoiceGroup": "Chgp_2", "w": 27.777952755905513, "h": 27.777952755905513, "y": 1720.036220472441, "x": 999.8913385826772, "structure_id": "Wi_21"}, {"parent_Field": null, "parent_Choice_Field": "Chf_5", "parent_ChoiceGroup": "Chgp_2", "w": 27.777952755905513, "h": 27.777952755905513, "y": 1673.0582677165355, "x": 1293.3559055118112, "structure_id": "Wi_22"}, {"parent_Field": null, "parent_Choice_Field": "Chf_6", "parent_ChoiceGroup": "Chgp_2", "w": 27.777952755905513, "h": 27.777952755905513, "y": 1720.036220472441, "x": 1293.3559055118112, "structure_id": "Wi_23"}, {"parent_Field": null, "parent_Choice_Field": "Chf_7", "parent_ChoiceGroup": "Chgp_3", "w": 27.777952755905513, "h": 27.777952755905513, "y": 1673.0582677165355, "x": 164.09448818897638, "structure_id": "Wi_24"}, {"parent_Field": null, "parent_Choice_Field": "Chf_8", "parent_ChoiceGroup": "Chgp_3", "w": 27.777952755905513, "h": 27.777952755905513, "y": 1720.036220472441, "x": 163.36377952755907, "structure_id": "Wi_25"}, {"parent_Field": null, "parent_Choice_Field": "Chf_9", "parent_ChoiceGroup": "Chgp_3", "w": 27.777952755905513, "h": 27.777952755905513, "y": 1765.996850393701, "x": 163.36377952755907, "structure_id": "Wi_26"}, {"parent_Field": null, "parent_Choice_Field": "Chf_10", "parent_ChoiceGroup": "Chgp_3", "w": 27.777952755905513, "h": 27.777952755905513, "y": 1811.9582677165354, "x": 163.36377952755907, "structure_id": "Wi_27"}, {"parent_Field": null, "parent_Choice_Field": "Chf_11", "parent_ChoiceGroup": "Chgp_3", "w": 27.777952755905513, "h": 27.777952755905513, "y": 1857.9251968503938, "x": 163.36377952755907, "structure_id": "Wi_28"}, {"parent_Field": null, "parent_Choice_Field": "Chf_12", "parent_ChoiceGroup": "Chgp_4", "w": 27.777952755905513, "h": 27.777952755905513, "y": 1579.6976377952758, "x": 136.51968503937007, "structure_id": "Wi_29"}, {"parent_Field": null, "parent_Choice_Field": "Chf_13", "parent_ChoiceGroup": "Chgp_4", "w": 27.777952755905513, "h": 27.777952755905513, "y": 1627.4913385826771, "x": 137.5275590551181, "structure_id": "Wi_30"}, {"parent_Field": null, "parent_Choice_Field": "Chf_14", "parent_ChoiceGroup": "Chgp_4", "w": 27.777952755905513, "h": 27.777952755905513, "y": 1577.0748031496064, "x": 680.6385826771653, "structure_id": "Wi_31"}, {"parent_Field": null, "parent_Choice_Field": "Chf_15", "parent_ChoiceGroup": "Chgp_4", "w": 27.777952755905513, "h": 27.777952755905513, "y": 1630.7834645669293, "x": 970.6, "structure_id": "Wi_32"}, {"parent_Field": null, "parent_Choice_Field": "Chf_16", "parent_ChoiceGroup": "Chgp_4", "w": 27.777952755905513, "h": 27.777952755905513, "y": 1765.996850393701, "x": 970.6, "structure_id": "Wi_33"}, {"parent_Field": null, "parent_Choice_Field": "Chf_17", "parent_ChoiceGroup": "Chgp_4", "w": 27.777952755905513, "h": 27.777952755905513, "y": 1811.9582677165354, "x": 970.6, "structure_id": "Wi_34"}, {"parent_Field": null, "parent_Choice_Field": "Chf_18", "parent_ChoiceGroup": "Chgp_5", "w": 27.777952755905513, "h": 27.777952755905513, "y": 1906.4779527559056, "x": 137.5275590551181, "structure_id": "Wi_35"}, {"parent_Field": null, "parent_Choice_Field": "Chf_19", "parent_ChoiceGroup": "Chgp_5", "w": 27.777952755905513, "h": 27.777952755905513, "y": 1959.7614173228349, "x": 137.5275590551181, "structure_id": "Wi_36"}, {"parent_Field": null, "parent_Choice_Field": "Chf_19", "parent_ChoiceGroup": "Chgp_5", "w": 854.4330708661417, "h": 49.33070866141732, "y": 1943.4031496062992, "x": 725.1496062992126, "structure_id": "Wi_37"}], "TextBlock": [{"parent_Field": null, "parent_Choice_Field": null, "parent_ChoiceGroup": null, "w": 1239, "h": 33, "y": 89, "x": 229, "structure_id": "Tb_1"}, {"parent_Field": "Fi_1", "parent_Choice_Field": null, "parent_ChoiceGroup": null, "w": 568, "h": 20, "y": 474, "x": 109, "structure_id": "Tb_2"}, {"parent_Field": "Fi_2", "parent_Choice_Field": null, "parent_ChoiceGroup": null, "w": 320, "h": 20, "y": 395, "x": 109, "structure_id": "Tb_3"}, {"parent_Field": "Fi_3", "parent_Choice_Field": null, "parent_ChoiceGroup": null, "w": 229, "h": 20, "y": 567, "x": 109, "structure_id": "Tb_4"}, {"parent_Field": "Fi_4", "parent_Choice_Field": null, "parent_ChoiceGroup": null, "w": 287, "h": 20, "y": 395, "x": 724, "structure_id": "Tb_5"}, {"parent_Field": "Fi_5", "parent_Choice_Field": null, "parent_ChoiceGroup": null, "w": 276, "h": 20, "y": 648, "x": 736, "structure_id": "Tb_6"}, {"parent_Field": "Fi_6", "parent_Choice_Field": null, "parent_ChoiceGroup": null, "w": 401, "h": 20, "y": 648, "x": 109, "structure_id": "Tb_7"}, {"parent_Field": "Fi_7", "parent_Choice_Field": null, "parent_ChoiceGroup": null, "w": 1420, "h": 43, "y": 823, "x": 109, "structure_id": "Tb_8"}, {"parent_Field": null, "parent_Choice_Field": null, "parent_ChoiceGroup": null, "w": 1403, "h": 50, "y": 1410, "x": 118, "structure_id": "Tb_9"}, {"parent_Field": "Fi_8", "parent_Choice_Field": null, "parent_ChoiceGroup": null, "w": 116, "h": 20, "y": 474, "x": 736, "structure_id": "Tb_10"}, {"parent_Field": "Fi_9", "parent_Choice_Field": null, "parent_ChoiceGroup": null, "w": 196, "h": 20, "y": 395, "x": 1023, "structure_id": "Tb_11"}, {"parent_Field": null, "parent_Choice_Field": null, "parent_ChoiceGroup": null, "w": 1450, "h": 175, "y": 134, "x": 123, "structure_id": "Tb_12"}, {"parent_Field": null, "parent_Choice_Field": null, "parent_ChoiceGroup": null, "w": 1445, "h": 50, "y": 334, "x": 123, "structure_id": "Tb_13"}, {"parent_Field": "Fi_10", "parent_Choice_Field": null, "parent_ChoiceGroup": null, "w": 178, "h": 20, "y": 395, "x": 1354, "structure_id": "Tb_14"}, {"parent_Field": "Fi_11", "parent_Choice_Field": null, "parent_ChoiceGroup": null, "w": 85, "h": 20, "y": 1301, "x": 1024, "structure_id": "Tb_15"}, {"parent_Field": null, "parent_Choice_Field": null, "parent_ChoiceGroup": null, "w": 420, "h": 25, "y": 1137, "x": 118, "structure_id": "Tb_16"}, {"parent_Field": "Fi_12", "parent_Choice_Field": null, "parent_ChoiceGroup": null, "w": 519, "h": 20, "y": 1301, "x": 109, "structure_id": "Tb_17"}, {"parent_Field": null, "parent_Choice_Field": null, "parent_ChoiceGroup": null, "w": 1467, "h": 62, "y": 1160.03125, "x": 115, "structure_id": "Tb_18"}, {"parent_Field": null, "parent_Choice_Field": null, "parent_ChoiceGroup": null, "w": 27, "h": 22, "y": 1162.03125, "x": 138, "structure_id": "Tb_19"}, {"parent_Field": null, "parent_Choice_Field": null, "parent_ChoiceGroup": null, "w": 1410, "h": 61, "y": 1228.03125, "x": 115, "structure_id": "Tb_20"}, {"parent_Field": null, "parent_Choice_Field": null, "parent_ChoiceGroup": null, "w": 27, "h": 32, "y": 1229.03125, "x": 142, "structure_id": "Tb_21"}, {"parent_Field": null, "parent_Choice_Field": null, "parent_ChoiceGroup": "Chgp_1", "w": 1204, "h": 20, "y": 1011, "x": 109, "structure_id": "Tb_22"}, {"parent_Field": null, "parent_Choice_Field": "Chf_1", "parent_ChoiceGroup": "Chgp_1", "w": 781, "h": 19, "y": 1053, "x": 165, "structure_id": "Tb_23"}, {"parent_Field": null, "parent_Choice_Field": "Chf_2", "parent_ChoiceGroup": "Chgp_1", "w": 838, "h": 20, "y": 1099, "x": 165, "structure_id": "Tb_24"}, {"parent_Field": null, "parent_Choice_Field": null, "parent_ChoiceGroup": null, "w": 952, "h": 34, "y": 1477, "x": 373, "structure_id": "Tb_25"}, {"parent_Field": "Fi_13", "parent_Choice_Field": null, "parent_ChoiceGroup": null, "w": 421, "h": 43, "y": 2006, "x": 108, "structure_id": "Tb_26"}, {"parent_Field": "Fi_14", "parent_Choice_Field": null, "parent_ChoiceGroup": null, "w": 73, "h": 19, "y": 2007, "x": 620, "structure_id": "Tb_27"}, {"parent_Field": "Fi_15", "parent_Choice_Field": null, "parent_ChoiceGroup": null, "w": 73, "h": 19, "y": 2007, "x": 1378, "structure_id": "Tb_28"}, {"parent_Field": null, "parent_Choice_Field": null, "parent_ChoiceGroup": null, "w": 1363, "h": 43, "y": 1522, "x": 109, "structure_id": "Tb_29"}, {"parent_Field": "Fi_16", "parent_Choice_Field": null, "parent_ChoiceGroup": null, "w": 483, "h": 43, "y": 2008, "x": 860, "structure_id": "Tb_30"}, {"parent_Field": null, "parent_Choice_Field": "Chf_3", "parent_ChoiceGroup": "Chgp_2", "w": 179, "h": 20, "y": 1677, "x": 1038, "structure_id": "Tb_31"}, {"parent_Field": null, "parent_Choice_Field": "Chf_4", "parent_ChoiceGroup": "Chgp_2", "w": 63, "h": 20, "y": 1724, "x": 1038, "structure_id": "Tb_32"}, {"parent_Field": null, "parent_Choice_Field": "Chf_5", "parent_ChoiceGroup": "Chgp_2", "w": 65, "h": 20, "y": 1677, "x": 1332, "structure_id": "Tb_33"}, {"parent_Field": null, "parent_Choice_Field": "Chf_6", "parent_ChoiceGroup": "Chgp_2", "w": 90, "h": 20, "y": 1724, "x": 1332, "structure_id": "Tb_34"}, {"parent_Field": null, "parent_Choice_Field": "Chf_7", "parent_ChoiceGroup": "Chgp_3", "w": 546, "h": 20, "y": 1677, "x": 203, "structure_id": "Tb_35"}, {"parent_Field": null, "parent_Choice_Field": "Chf_8", "parent_ChoiceGroup": "Chgp_3", "w": 252, "h": 20, "y": 1724, "x": 202, "structure_id": "Tb_36"}, {"parent_Field": null, "parent_Choice_Field": "Chf_9", "parent_ChoiceGroup": "Chgp_3", "w": 497, "h": 20, "y": 1770, "x": 202, "structure_id": "Tb_37"}, {"parent_Field": null, "parent_Choice_Field": "Chf_10", "parent_ChoiceGroup": "Chgp_3", "w": 416, "h": 20, "y": 1816, "x": 202, "structure_id": "Tb_38"}, {"parent_Field": null, "parent_Choice_Field": "Chf_11", "parent_ChoiceGroup": "Chgp_3", "w": 494, "h": 20, "y": 1862, "x": 202, "structure_id": "Tb_39"}, {"parent_Field": null, "parent_Choice_Field": "Chf_12", "parent_ChoiceGroup": "Chgp_4", "w": 467, "h": 19, "y": 1584, "x": 175, "structure_id": "Tb_40"}, {"parent_Field": null, "parent_Choice_Field": "Chf_13", "parent_ChoiceGroup": "Chgp_4", "w": 80, "h": 19, "y": 1632, "x": 176, "structure_id": "Tb_41"}, {"parent_Field": null, "parent_Choice_Field": "Chf_14", "parent_ChoiceGroup": "Chgp_4", "w": 505, "h": 20, "y": 1581, "x": 719, "structure_id": "Tb_42"}, {"parent_Field": null, "parent_Choice_Field": "Chf_15", "parent_ChoiceGroup": "Chgp_4", "w": 92, "h": 43, "y": 1623, "x": 1009, "structure_id": "Tb_43"}, {"parent_Field": null, "parent_Choice_Field": "Chf_16", "parent_ChoiceGroup": "Chgp_4", "w": 218, "h": 20, "y": 1770, "x": 1009, "structure_id": "Tb_44"}, {"parent_Field": null, "parent_Choice_Field": "Chf_17", "parent_ChoiceGroup": "Chgp_4", "w": 485, "h": 20, "y": 1816, "x": 1009, "structure_id": "Tb_45"}, {"parent_Field": null, "parent_Choice_Field": "Chf_18", "parent_ChoiceGroup": "Chgp_5", "w": 448, "h": 19, "y": 1911, "x": 176, "structure_id": "Tb_46"}, {"parent_Field": null, "parent_Choice_Field": "Chf_19", "parent_ChoiceGroup": "Chgp_5", "w": 549, "h": 19, "y": 1964, "x": 176, "structure_id": "Tb_47"}, {"parent_Field": null, "parent_Choice_Field": null, "parent_ChoiceGroup": null, "w": 348, "h": 20, "y": 2116, "x": 106, "structure_id": "Tb_48"}], "Choice_Field": [{"y": 1048.4858267716536, "x": 126.26141732283465, "structure_id": "Chf_1", "w": 819.7385826771654, "h": 27.777952755905517}, {"y": 1076.6385826771655, "x": 126.26141732283465, "structure_id": "Chf_2", "w": 1467.1251968503939, "h": 49.33070866141725}, {"y": 1673.0582677165355, "x": 999.8913385826772, "structure_id": "Chf_3", "w": 217.10866141732276, "h": 27.777952755905517}, {"y": 1720.036220472441, "x": 999.8913385826772, "structure_id": "Chf_4", "w": 101.10866141732276, "h": 27.777952755905517}, {"y": 1673.0582677165355, "x": 1293.3559055118112, "structure_id": "Chf_5", "w": 103.64409448818878, "h": 27.777952755905517}, {"y": 1720.036220472441, "x": 1293.3559055118112, "structure_id": "Chf_6", "w": 128.64409448818878, "h": 27.777952755905517}, {"y": 1673.0582677165355, "x": 164.09448818897638, "structure_id": "Chf_7", "w": 584.9055118110236, "h": 27.777952755905517}, {"y": 1720.036220472441, "x": 163.36377952755907, "structure_id": "Chf_8", "w": 290.6362204724409, "h": 27.777952755905517}, {"y": 1765.996850393701, "x": 163.36377952755907, "structure_id": "Chf_9", "w": 535.636220472441, "h": 27.777952755905517}, {"y": 1811.9582677165354, "x": 163.36377952755907, "structure_id": "Chf_10", "w": 454.6362204724409, "h": 27.777952755905517}, {"y": 1857.9251968503938, "x": 163.36377952755907, "structure_id": "Chf_11", "w": 532.636220472441, "h": 27.777952755905517}, {"y": 1579.6976377952758, "x": 136.51968503937007, "structure_id": "Chf_12", "w": 505.4803149606299, "h": 27.777952755905517}, {"y": 1627.4913385826771, "x": 137.5275590551181, "structure_id": "Chf_13", "w": 118.4724409448819, "h": 27.777952755905517}, {"y": 1577.0748031496064, "x": 680.6385826771653, "structure_id": "Chf_14", "w": 543.3614173228347, "h": 27.777952755905517}, {"y": 1623, "x": 970.6, "structure_id": "Chf_15", "w": 130.39999999999998, "h": 43}, {"y": 1765.996850393701, "x": 970.6, "structure_id": "Chf_16", "w": 256.4, "h": 27.777952755905517}, {"y": 1811.9582677165354, "x": 970.6, "structure_id": "Chf_17", "w": 523.4, "h": 27.777952755905517}, {"y": 1906.4779527559056, "x": 137.5275590551181, "structure_id": "Chf_18", "w": 486.4724409448819, "h": 27.777952755905517}, {"y": 1943.4031496062992, "x": 137.5275590551181, "structure_id": "Chf_19", "w": 1442.055118110236, "h": 49.33070866141725}], "Field": [{"y": 474, "x": 109, "structure_id": "Fi_1", "w": 610.0771653543308, "h": 77.83307086614172}, {"y": 395, "x": 109, "structure_id": "Fi_2", "w": 602.8023622047244, "h": 69.63070866141732}, {"y": 567, "x": 109, "structure_id": "Fi_3", "w": 413.48818897637796, "h": 69.73858267716537}, {"y": 395, "x": 724, "structure_id": "Fi_4", "w": 287, "h": 69.63070866141732}, {"y": 648, "x": 736, "structure_id": "Fi_5", "w": 653.1803149606299, "h": 165.92204724409453}, {"y": 648, "x": 109, "structure_id": "Fi_6", "w": 610.0771653543308, "h": 165.17244094488194}, {"y": 823, "x": 109, "structure_id": "Fi_7", "w": 1471.488188976378, "h": 179.7220472440946}, {"y": 474, "x": 736, "structure_id": "Fi_8", "w": 653.1803149606299, "h": 165.98346456692911}, {"y": 395, "x": 1023, "structure_id": "Fi_9", "w": 316.2921259842519, "h": 69.63070866141732}, {"y": 395, "x": 1354, "structure_id": "Fi_10", "w": 228.49448818897645, "h": 67.89685039370084}, {"y": 1301, "x": 1024, "structure_id": "Fi_11", "w": 230.54173228346463, "h": 93.25826771653533}, {"y": 1301, "x": 109, "structure_id": "Fi_12", "w": 891, "h": 87.03125}, {"y": 2006, "x": 106, "structure_id": "Fi_13", "w": 465, "h": 89.03125}, {"y": 2007, "x": 620, "structure_id": "Fi_14", "w": 217.7393700787402, "h": 87.9913385826776}, {"y": 2007, "x": 1378, "structure_id": "Fi_15", "w": 215.44724409448827, "h": 87.9913385826776}, {"y": 2008, "x": 860, "structure_id": "Fi_16", "w": 500, "h": 90.03125}], "TextRun": [{"parent_TextBlock": "Tb_1", "text": "PART II - INSTRUCTIONS FOR REQUESTING CASKET/URN REIMBURSEMENT", "parent_Field": null, "parent_Choice_Field": null, "parent_ChoiceGroup": null, "w": 1239, "h": 33, "y": 89, "x": 229, "structure_id": "Tr_1"}, {"parent_TextBlock": "Tb_2", "text": "5. NAME OF FUNERAL HOME REPRESENTATIVE", "parent_Field": "Fi_1", "parent_Choice_Field": null, "parent_ChoiceGroup": null, "w": 456, "h": 20, "y": 474, "x": 109, "structure_id": "Tr_2"}, {"parent_TextBlock": "Tb_2", "text": "(If applicable)", "parent_Field": "Fi_1", "parent_Choice_Field": null, "parent_ChoiceGroup": null, "w": 112, "h": 20, "y": 474, "x": 565, "structure_id": "Tr_3"}, {"parent_TextBlock": "Tb_3", "text": "1. NAME OF DECEASED VETERAN", "parent_Field": "Fi_2", "parent_Choice_Field": null, "parent_ChoiceGroup": null, "w": 320, "h": 20, "y": 395, "x": 109, "structure_id": "Tr_4"}, {"parent_TextBlock": "Tb_4", "text": "6. TELEPHONE NUMBER", "parent_Field": "Fi_3", "parent_Choice_Field": null, "parent_ChoiceGroup": null, "w": 229, "h": 20, "y": 567, "x": 109, "structure_id": "Tr_5"}, {"parent_TextBlock": "Tb_5", "text": "2. SOCIAL SECURITY NUMBER", "parent_Field": "Fi_4", "parent_Choice_Field": null, "parent_ChoiceGroup": null, "w": 287, "h": 20, "y": 395, "x": 724, "structure_id": "Tr_6"}, {"parent_TextBlock": "Tb_6", "text": "9. ADDRESS OF PURCHASER", "parent_Field": "Fi_5", "parent_Choice_Field": null, "parent_ChoiceGroup": null, "w": 276, "h": 20, "y": 648, "x": 736, "structure_id": "Tr_7"}, {"parent_TextBlock": "Tb_7", "text": "8. NAME OF PURCHASER OF CASKET/URN", "parent_Field": "Fi_6", "parent_Choice_Field": null, "parent_ChoiceGroup": null, "w": 401, "h": 20, "y": 648, "x": 109, "structure_id": "Tr_8"}, {"parent_TextBlock": "Tb_8", "text": "10. PLEASE EXPLAIN IN DETAIL THE STEPS TAKEN TO DETERMINE THAT THE DECEASED VETERAN HAS NO NEXT OF KIN (NOK) AND NO SUFFICIENT", "parent_Field": "Fi_7", "parent_Choice_Field": null, "parent_ChoiceGroup": null, "w": 1420, "h": 19, "y": 823, "x": 109, "structure_id": "Tr_9"}, {"parent_TextBlock": "Tb_8", "text": "RESOURCES AVAILABLE FOR BURIAL.", "parent_Field": "Fi_7", "parent_Choice_Field": null, "parent_ChoiceGroup": null, "w": 394, "h": 20, "y": 846, "x": 109, "structure_id": "Tr_10"}, {"parent_TextBlock": "Tb_9", "text": "PENALTY -", "parent_Field": null, "parent_Choice_Field": null, "parent_ChoiceGroup": null, "w": 134, "h": 25, "y": 1410, "x": 118, "structure_id": "Tr_11"}, {"parent_TextBlock": "Tb_9", "text": "The law provides severe penalties, which include fine or imprisonment, or both, for the willful submission of any statement or", "parent_Field": null, "parent_Choice_Field": null, "parent_ChoiceGroup": null, "w": 1269, "h": 25, "y": 1410, "x": 252, "structure_id": "Tr_12"}, {"parent_TextBlock": "Tb_9", "text": "evidence of a material fact, knowing it to be false, or for the fraudulent acceptance of any benefit to which you are not entitled.", "parent_Field": null, "parent_Choice_Field": null, "parent_ChoiceGroup": null, "w": 1269, "h": 25, "y": 1435, "x": 118, "structure_id": "Tr_13"}, {"parent_TextBlock": "Tb_10", "text": "7. ADDRESS", "parent_Field": "Fi_8", "parent_Choice_Field": null, "parent_ChoiceGroup": null, "w": 116, "h": 20, "y": 474, "x": 736, "structure_id": "Tr_14"}, {"parent_TextBlock": "Tb_11", "text": "3. SERVICE NUMBER", "parent_Field": "Fi_9", "parent_Choice_Field": null, "parent_ChoiceGroup": null, "w": 196, "h": 20, "y": 395, "x": 1023, "structure_id": "Tr_15"}, {"parent_TextBlock": "Tb_12", "text": "INSTRUCTIONS FOR PART II TO SUBMIT REQUEST FOR REIMBURSEMENT:  Type or print clearly all information required.  This", "parent_Field": null, "parent_Choice_Field": null, "parent_ChoiceGroup": null, "w": 1450, "h": 25, "y": 134, "x": 123, "structure_id": "Tr_16"}, {"parent_TextBlock": "Tb_12", "text": "part serves as a means for applicants to certify information that is necessary to claim reimbursement for a casket or urn purchased for unclaimed", "parent_Field": null, "parent_Choice_Field": null, "parent_ChoiceGroup": null, "w": 1448, "h": 25, "y": 159, "x": 123, "structure_id": "Tr_17"}, {"parent_TextBlock": "Tb_12", "text": "deceased Veterans with insufficient resources for burial.  To apply for reimbursement, applicants must provide the invoice for the purchased", "parent_Field": null, "parent_Choice_Field": null, "parent_ChoiceGroup": null, "w": 1411, "h": 25, "y": 184, "x": 123, "structure_id": "Tr_18"}, {"parent_TextBlock": "Tb_12", "text": "casket or urn and the completed and signed FSC Vendor File Request Form (VA Form 10091, found at", "parent_Field": null, "parent_Choice_Field": null, "parent_ChoiceGroup": null, "w": 1032, "h": 25, "y": 209, "x": 123, "structure_id": "Tr_19"}, {"parent_TextBlock": "Tb_12", "text": "http://vaww.va.gov/vaforms/va/pdf/VA10091.pdf", "parent_Field": null, "parent_Choice_Field": null, "parent_ChoiceGroup": null, "w": 521, "h": 25, "y": 234, "x": 123, "structure_id": "Tr_20"}, {"parent_TextBlock": "Tb_12", "text": ") or previously assigned Vendor ID.  Part II information must be provided to the National", "parent_Field": null, "parent_Choice_Field": null, "parent_ChoiceGroup": null, "w": 900, "h": 25, "y": 234, "x": 644, "structure_id": "Tr_21"}, {"parent_TextBlock": "Tb_12", "text": "Cemetery Scheduling Office (NCSO) at the time of the burial application at  1-866-900-6417 or", "parent_Field": null, "parent_Choice_Field": null, "parent_ChoiceGroup": null, "w": 963, "h": 25, "y": 259, "x": 123, "structure_id": "Tr_22"}, {"parent_TextBlock": "Tb_12", "text": "NCA.Scheduling@va.gov", "parent_Field": null, "parent_Choice_Field": null, "parent_ChoiceGroup": null, "w": 270, "h": 25, "y": 259, "x": 1086, "structure_id": "Tr_23"}, {"parent_TextBlock": "Tb_12", "text": "or PO Box 510543,", "parent_Field": null, "parent_Choice_Field": null, "parent_ChoiceGroup": null, "w": 200, "h": 25, "y": 259, "x": 1369, "structure_id": "Tr_24"}, {"parent_TextBlock": "Tb_12", "text": "St. Louis, MO, 63151 with the burial request in Part I, OR must be provided to the national cemetery prior to the interment.", "parent_Field": null, "parent_Choice_Field": null, "parent_ChoiceGroup": null, "w": 1236, "h": 25, "y": 284, "x": 123, "structure_id": "Tr_25"}, {"parent_TextBlock": "Tb_13", "text": "PLEASE NOTE:  VA will not process the reimbursement unless the applicant has completed all requirements in Parts I and II of this form and", "parent_Field": null, "parent_Choice_Field": null, "parent_ChoiceGroup": null, "w": 1445, "h": 25, "y": 334, "x": 123, "structure_id": "Tr_26"}, {"parent_TextBlock": "Tb_13", "text": "submitted all required documentation prior to the date of interment.", "parent_Field": null, "parent_Choice_Field": null, "parent_ChoiceGroup": null, "w": 675, "h": 25, "y": 359, "x": 123, "structure_id": "Tr_27"}, {"parent_TextBlock": "Tb_14", "text": "4. DATE OF DEATH", "parent_Field": "Fi_10", "parent_Choice_Field": null, "parent_ChoiceGroup": null, "w": 178, "h": 20, "y": 395, "x": 1354, "structure_id": "Tr_28"}, {"parent_TextBlock": "Tb_15", "text": "13. DATE", "parent_Field": "Fi_11", "parent_Choice_Field": null, "parent_ChoiceGroup": null, "w": 85, "h": 20, "y": 1301, "x": 1024, "structure_id": "Tr_29"}, {"parent_TextBlock": "Tb_16", "text": "By signing below I certify the following:", "parent_Field": null, "parent_Choice_Field": null, "parent_ChoiceGroup": null, "w": 420, "h": 25, "y": 1137, "x": 118, "structure_id": "Tr_30"}, {"parent_TextBlock": "Tb_17", "text": "12. SIGNATURE OF PERSON AUTHORIZED TO CERTIFY", "parent_Field": "Fi_12", "parent_Choice_Field": null, "parent_ChoiceGroup": null, "w": 519, "h": 20, "y": 1301, "x": 109, "structure_id": "Tr_31"}, {"parent_TextBlock": "Tb_18", "parent_Field": null, "parent_Choice_Field": null, "parent_ChoiceGroup": null, "w": 1467, "h": 62, "y": 1160.03125, "x": 115, "structure_id": "Tr_32"}, {"parent_TextBlock": "Tb_19", "parent_Field": null, "parent_Choice_Field": null, "parent_ChoiceGroup": null, "w": 27, "h": 22, "y": 1162.03125, "x": 138, "structure_id": "Tr_33"}, {"parent_TextBlock": "Tb_20", "parent_Field": null, "parent_Choice_Field": null, "parent_ChoiceGroup": null, "w": 1410, "h": 61, "y": 1228.03125, "x": 115, "structure_id": "Tr_34"}, {"parent_TextBlock": "Tb_21", "parent_Field": null, "parent_Choice_Field": null, "parent_ChoiceGroup": null, "w": 27, "h": 32, "y": 1229.03125, "x": 142, "structure_id": "Tr_35"}, {"parent_TextBlock": "Tb_22", "text": "11. PLEASE INCLUDE THE FOLLOWING ATTACHMENTS.", "parent_Field": null, "parent_Choice_Field": null, "parent_ChoiceGroup": "Chgp_1", "w": 528, "h": 20, "y": 1011, "x": 109, "structure_id": "Tr_36"}, {"parent_TextBlock": "Tb_22", "text": "(Please ensure decedent's name and/or DECEDENT ID appears on each attachment.)", "parent_Field": null, "parent_Choice_Field": null, "parent_ChoiceGroup": "Chgp_1", "w": 672, "h": 20, "y": 1011, "x": 641, "structure_id": "Tr_37"}, {"parent_TextBlock": "Tb_23", "text": "INVOICE/BILL OF SALE SHOWING MODEL NUMBER AND COST OF CASKET OR URN", "parent_Field": null, "parent_Choice_Field": "Chf_1", "parent_ChoiceGroup": "Chgp_1", "w": 781, "h": 19, "y": 1053, "x": 165, "structure_id": "Tr_38"}, {"parent_TextBlock": "Tb_24", "text": "FSC VENDOR FILE REQUEST FORM (VA FORM 10091)", "parent_Field": null, "parent_Choice_Field": "Chf_2", "parent_ChoiceGroup": "Chgp_1", "w": 508, "h": 20, "y": 1099, "x": 165, "structure_id": "Tr_39"}, {"parent_TextBlock": "Tb_24", "text": "If previously enrolled provide Vendor ID:", "parent_Field": null, "parent_Choice_Field": "Chf_2", "parent_ChoiceGroup": "Chgp_1", "w": 326, "h": 19, "y": 1100, "x": 677, "structure_id": "Tr_40"}, {"parent_TextBlock": "Tb_25", "text": "FOR COMPLETION BY VA NATIONAL CEMETERY OFFICIAL", "parent_Field": null, "parent_Choice_Field": null, "parent_ChoiceGroup": null, "w": 952, "h": 34, "y": 1477, "x": 373, "structure_id": "Tr_41"}, {"parent_TextBlock": "Tb_26", "text": "2. SIGNATURE OF VA NATIONAL CEMETERY", "parent_Field": "Fi_13", "parent_Choice_Field": null, "parent_ChoiceGroup": null, "w": 421, "h": 19, "y": 2006, "x": 108, "structure_id": "Tr_42"}, {"parent_TextBlock": "Tb_26", "text": "ADMINISTRATION OFFICIAL", "parent_Field": "Fi_13", "parent_Choice_Field": null, "parent_ChoiceGroup": null, "w": 281, "h": 20, "y": 2029, "x": 108, "structure_id": "Tr_43"}, {"parent_TextBlock": "Tb_27", "text": "3. DATE", "parent_Field": "Fi_14", "parent_Choice_Field": null, "parent_ChoiceGroup": null, "w": 73, "h": 19, "y": 2007, "x": 620, "structure_id": "Tr_44"}, {"parent_TextBlock": "Tb_28", "text": "5. DATE", "parent_Field": "Fi_15", "parent_Choice_Field": null, "parent_ChoiceGroup": null, "w": 73, "h": 19, "y": 2007, "x": 1378, "structure_id": "Tr_45"}, {"parent_TextBlock": "Tb_29", "text": "1. BEFORE REIMBURSEMENT FOR THE CASKET OR URN CAN BE PROCESSED, ALL OF THE FOLLOWING STANDARDS OF QUALITY FOR BURIAL", "parent_Field": null, "parent_Choice_Field": null, "parent_ChoiceGroup": null, "w": 1363, "h": 19, "y": 1522, "x": 109, "structure_id": "Tr_46"}, {"parent_TextBlock": "Tb_29", "text": "RECEPTABLE AND DECEASED VETERAN'S IDENTITY MUST BE VERIFIED:", "parent_Field": null, "parent_Choice_Field": null, "parent_ChoiceGroup": null, "w": 710, "h": 20, "y": 1545, "x": 109, "structure_id": "Tr_47"}, {"parent_TextBlock": "Tb_30", "text": "4. ACKNOWLEDGMENT (SIGNATURE) OF FUNERAL", "parent_Field": "Fi_16", "parent_Choice_Field": null, "parent_ChoiceGroup": null, "w": 483, "h": 19, "y": 2008, "x": 860, "structure_id": "Tr_48"}, {"parent_TextBlock": "Tb_30", "text": "HOME/RESPONSIBLE ENTITY", "parent_Field": "Fi_16", "parent_Choice_Field": null, "parent_ChoiceGroup": null, "w": 297, "h": 20, "y": 2031, "x": 860, "structure_id": "Tr_49"}, {"parent_TextBlock": "Tb_31", "text": "DURABLE PLASTIC", "parent_Field": null, "parent_Choice_Field": "Chf_3", "parent_ChoiceGroup": "Chgp_2", "w": 179, "h": 20, "y": 1677, "x": 1038, "structure_id": "Tr_50"}, {"parent_TextBlock": "Tb_32", "text": "WOOD", "parent_Field": null, "parent_Choice_Field": "Chf_4", "parent_ChoiceGroup": "Chgp_2", "w": 63, "h": 20, "y": 1724, "x": 1038, "structure_id": "Tr_51"}, {"parent_TextBlock": "Tb_33", "text": "METAL", "parent_Field": null, "parent_Choice_Field": "Chf_5", "parent_ChoiceGroup": "Chgp_2", "w": 65, "h": 20, "y": 1677, "x": 1332, "structure_id": "Tr_52"}, {"parent_TextBlock": "Tb_34", "text": "CERAMIC", "parent_Field": null, "parent_Choice_Field": "Chf_6", "parent_ChoiceGroup": "Chgp_2", "w": 90, "h": 20, "y": 1724, "x": 1332, "structure_id": "Tr_53"}, {"parent_TextBlock": "Tb_35", "text": "EXTERIOR DIMENSIONS ARE GENERALLY 82 X 28 INCHES", "parent_Field": null, "parent_Choice_Field": "Chf_7", "parent_ChoiceGroup": "Chgp_3", "w": 546, "h": 20, "y": 1677, "x": 203, "structure_id": "Tr_54"}, {"parent_TextBlock": "Tb_36", "text": "CONSTRUCTED OF METAL", "parent_Field": null, "parent_Choice_Field": "Chf_8", "parent_ChoiceGroup": "Chgp_3", "w": 252, "h": 20, "y": 1724, "x": 202, "structure_id": "Tr_55"}, {"parent_TextBlock": "Tb_37", "text": "CONTAINS A GASKETED SEAL, AND IS NOT LEAKING", "parent_Field": null, "parent_Choice_Field": "Chf_9", "parent_ChoiceGroup": "Chgp_3", "w": 497, "h": 20, "y": 1770, "x": 202, "structure_id": "Tr_56"}, {"parent_TextBlock": "Tb_38", "text": "HAS FIXED RAILS OR SWING ARM HANDLES", "parent_Field": null, "parent_Choice_Field": "Chf_10", "parent_ChoiceGroup": "Chgp_3", "w": 416, "h": 20, "y": 1816, "x": 202, "structure_id": "Tr_57"}, {"parent_TextBlock": "Tb_39", "text": "HOLDS THE WEIGHT OF THE DECEDENT'S REMAINS", "parent_Field": null, "parent_Choice_Field": "Chf_11", "parent_ChoiceGroup": "Chgp_3", "w": 494, "h": 20, "y": 1862, "x": 202, "structure_id": "Tr_58"}, {"parent_TextBlock": "Tb_40", "text": "ACCEPT CONTAINER", "parent_Field": null, "parent_Choice_Field": "Chf_12", "parent_ChoiceGroup": "Chgp_4", "w": 201, "h": 19, "y": 1584, "x": 175, "structure_id": "Tr_59"}, {"parent_TextBlock": "Tb_40", "text": "(all items below are verified)", "parent_Field": null, "parent_Choice_Field": "Chf_12", "parent_ChoiceGroup": "Chgp_4", "w": 266, "h": 19, "y": 1584, "x": 376, "structure_id": "Tr_60"}, {"parent_TextBlock": "Tb_41", "text": "CASKET", "parent_Field": null, "parent_Choice_Field": "Chf_13", "parent_ChoiceGroup": "Chgp_4", "w": 80, "h": 19, "y": 1632, "x": 176, "structure_id": "Tr_61"}, {"parent_TextBlock": "Tb_42", "text": "REJECT CONTAINER", "parent_Field": null, "parent_Choice_Field": "Chf_14", "parent_ChoiceGroup": "Chgp_4", "w": 203, "h": 20, "y": 1581, "x": 719, "structure_id": "Tr_62"}, {"parent_TextBlock": "Tb_42", "text": "(if any item below is not verified)", "parent_Field": null, "parent_Choice_Field": "Chf_14", "parent_ChoiceGroup": "Chgp_4", "w": 302, "h": 20, "y": 1581, "x": 922, "structure_id": "Tr_63"}, {"parent_TextBlock": "Tb_43", "text": "URN", "parent_Field": null, "parent_Choice_Field": "Chf_15", "parent_ChoiceGroup": "Chgp_4", "w": 48, "h": 20, "y": 1623, "x": 1009, "structure_id": "Tr_64"}, {"parent_TextBlock": "Tb_43", "text": "(Select one)", "parent_Field": null, "parent_Choice_Field": "Chf_15", "parent_ChoiceGroup": "Chgp_4", "w": 92, "h": 19, "y": 1647, "x": 1009, "structure_id": "Tr_65"}, {"parent_TextBlock": "Tb_44", "text": "SEALED, NOT LEAKING", "parent_Field": null, "parent_Choice_Field": "Chf_16", "parent_ChoiceGroup": "Chgp_4", "w": 218, "h": 20, "y": 1770, "x": 1009, "structure_id": "Tr_66"}, {"parent_TextBlock": "Tb_45", "text": "CERTIFICATE OF CREMATION FOR THE DECEDENT", "parent_Field": null, "parent_Choice_Field": "Chf_17", "parent_ChoiceGroup": "Chgp_4", "w": 485, "h": 20, "y": 1816, "x": 1009, "structure_id": "Tr_67"}, {"parent_TextBlock": "Tb_46", "text": "RECOMMEND APPROVAL OF REIMBURSEMENT", "parent_Field": null, "parent_Choice_Field": "Chf_18", "parent_ChoiceGroup": "Chgp_5", "w": 448, "h": 19, "y": 1911, "x": 176, "structure_id": "Tr_68"}, {"parent_TextBlock": "Tb_47", "text": "RECOMMEND DENIAL OF REIMBURSEMENT", "parent_Field": null, "parent_Choice_Field": "Chf_19", "parent_ChoiceGroup": "Chgp_5", "w": 419, "h": 19, "y": 1964, "x": 176, "structure_id": "Tr_69"}, {"parent_TextBlock": "Tb_47", "text": "(Please Explain)", "parent_Field": null, "parent_Choice_Field": "Chf_19", "parent_ChoiceGroup": "Chgp_5", "w": 130, "h": 19, "y": 1964, "x": 595, "structure_id": "Tr_70"}, {"parent_TextBlock": "Tb_48", "text": "VA FORM 40-10088, APR 2015, Page 2", "parent_Field": null, "parent_Choice_Field": null, "parent_ChoiceGroup": null, "w": 348, "h": 20, "y": 2116, "x": 106, "structure_id": "Tr_71"}], "ChoiceGroup": [{"y": 1007.03125, "x": 102, "structure_id": "Chgp_1", "w": 1495, "h": 123}, {"y": 1670.03125, "x": 990, "structure_id": "Chgp_2", "w": 439, "h": 87}, {"y": 1669.03125, "x": 154, "structure_id": "Chgp_3", "w": 609, "h": 223}, {"y": 1520.03125, "x": 102, "structure_id": "Chgp_4", "w": 1471, "h": 378}, {"y": 1904.03125, "x": 133, "structure_id": "Chgp_5", "w": 1452, "h": 92}]}