{"Widget": [{"parent_Field": "Fi_1", "parent_Choice_Field": null, "parent_ChoiceGroup": null, "w": 140.50236220472442, "h": 46.83307086614173, "y": 50, "x": 507.8330708661417, "structure_id": "Wi_1"}, {"parent_Field": "Fi_1", "parent_Choice_Field": null, "parent_ChoiceGroup": null, "w": 88.94488188976378, "h": 46.83307086614173, "y": 50, "x": 698.18031496063, "structure_id": "Wi_2"}, {"parent_Field": "Fi_1", "parent_Choice_Field": null, "parent_ChoiceGroup": null, "w": 188.88031496062993, "h": 46.83307086614173, "y": 50, "x": 840.4417322834646, "structure_id": "Wi_3"}, {"parent_Field": null, "parent_Choice_Field": "Chf_1", "parent_ChoiceGroup": "Chgp_1", "w": 25, "h": 25, "y": 168.0527559055118, "x": 108.32755905511812, "structure_id": "Wi_4"}, {"parent_Field": null, "parent_Choice_Field": "Chf_2", "parent_ChoiceGroup": "Chgp_1", "w": 25, "h": 25, "y": 168.0527559055118, "x": 224.99685039370078, "structure_id": "Wi_5"}, {"parent_Field": "Fi_2", "parent_Choice_Field": null, "parent_ChoiceGroup": null, "w": 1500, "h": 66.66929133858268, "y": 233.33070866141733, "x": 100, "structure_id": "Wi_6"}, {"parent_Field": "Fi_3", "parent_Choice_Field": null, "parent_ChoiceGroup": null, "w": 1500, "h": 66.66929133858268, "y": 466.6614173228346, "x": 100, "structure_id": "Wi_7"}, {"parent_Field": null, "parent_Choice_Field": "Chf_3", "parent_ChoiceGroup": "Chgp_2", "w": 25, "h": 25, "y": 401.38346456692915, "x": 108.32755905511812, "structure_id": "Wi_8"}, {"parent_Field": null, "parent_Choice_Field": "Chf_4", "parent_ChoiceGroup": "Chgp_2", "w": 25, "h": 25, "y": 401.38346456692915, "x": 224.99685039370078, "structure_id": "Wi_9"}, {"parent_Field": null, "parent_Choice_Field": "Chf_5", "parent_ChoiceGroup": "Chgp_3", "w": 25, "h": 25, "y": 1007.6031496062992, "x": 174.54173228346457, "structure_id": "Wi_10"}, {"parent_Field": null, "parent_Choice_Field": "Chf_6", "parent_ChoiceGroup": "Chgp_3", "w": 25, "h": 25, "y": 1007.6031496062992, "x": 291.21102362204726, "structure_id": "Wi_11"}, {"parent_Field": null, "parent_Choice_Field": "Chf_7", "parent_ChoiceGroup": "Chgp_3", "w": 25, "h": 25, "y": 1007.6031496062992, "x": 407.87244094488193, "structure_id": "Wi_12"}, {"parent_Field": "Fi_4", "parent_Choice_Field": null, "parent_ChoiceGroup": null, "w": 1500, "h": 61.36929133858268, "y": 1138.6307086614174, "x": 100, "structure_id": "Wi_13"}, {"parent_Field": "Fi_5", "parent_Choice_Field": null, "parent_ChoiceGroup": "Chgp_4", "w": 25, "h": 25, "y": 654.1637795275591, "x": 108.33307086614172, "structure_id": "Wi_14"}, {"parent_Field": "Fi_6", "parent_Choice_Field": null, "parent_ChoiceGroup": "Chgp_4", "w": 25, "h": 25, "y": 687.4944881889763, "x": 108.33307086614172, "structure_id": "Wi_15"}, {"parent_Field": "Fi_7", "parent_Choice_Field": null, "parent_ChoiceGroup": "Chgp_4", "w": 25, "h": 25, "y": 720.8251968503937, "x": 108.33307086614172, "structure_id": "Wi_16"}, {"parent_Field": "Fi_8", "parent_Choice_Field": null, "parent_ChoiceGroup": "Chgp_4", "w": 25, "h": 25, "y": 754.1637795275591, "x": 108.33307086614172, "structure_id": "Wi_17"}, {"parent_Field": "Fi_9", "parent_Choice_Field": null, "parent_ChoiceGroup": "Chgp_4", "w": 25, "h": 25, "y": 787.4944881889764, "x": 108.33307086614172, "structure_id": "Wi_18"}, {"parent_Field": "Fi_10", "parent_Choice_Field": null, "parent_ChoiceGroup": null, "w": 1500, "h": 100, "y": 1516.6614173228347, "x": 100, "structure_id": "Wi_19"}, {"parent_Field": null, "parent_Choice_Field": "Chf_8", "parent_ChoiceGroup": "Chgp_5", "w": 25, "h": 25, "y": 601.3834645669292, "x": 108.32755905511812, "structure_id": "Wi_20"}, {"parent_Field": null, "parent_Choice_Field": "Chf_9", "parent_ChoiceGroup": "Chgp_5", "w": 25, "h": 25, "y": 601.3834645669292, "x": 224.99685039370078, "structure_id": "Wi_21"}, {"parent_Field": "Fi_11", "parent_Choice_Field": null, "parent_ChoiceGroup": null, "w": 683.3307086614174, "h": 33.497637795275594, "y": 1233.3307086614172, "x": 666.6692913385826, "structure_id": "Wi_22"}, {"parent_Field": null, "parent_Choice_Field": "Chf_10", "parent_ChoiceGroup": "Chgp_6", "w": 25, "h": 25, "y": 1074.272440944882, "x": 174.54173228346457, "structure_id": "Wi_23"}, {"parent_Field": null, "parent_Choice_Field": "Chf_11", "parent_ChoiceGroup": "Chgp_6", "w": 25, "h": 25, "y": 1074.272440944882, "x": 291.21102362204726, "structure_id": "Wi_24"}, {"parent_Field": null, "parent_Choice_Field": "Chf_12", "parent_ChoiceGroup": "Chgp_6", "w": 25, "h": 25, "y": 1074.272440944882, "x": 407.87244094488193, "structure_id": "Wi_25"}, {"parent_Field": null, "parent_Choice_Field": "Chf_13", "parent_ChoiceGroup": "Chgp_7", "w": 25, "h": 25, "y": 974.2724409448819, "x": 107.8724409448819, "structure_id": "Wi_26"}, {"parent_Field": null, "parent_Choice_Field": "Chf_14", "parent_ChoiceGroup": "Chgp_7", "w": 25, "h": 25, "y": 1040.936220472441, "x": 107.8724409448819, "structure_id": "Wi_27"}, {"parent_Field": null, "parent_Choice_Field": "Chf_15", "parent_ChoiceGroup": "Chgp_8", "w": 25, "h": 25, "y": 862.8472440944882, "x": 108.31968503937009, "structure_id": "Wi_28"}, {"parent_Field": null, "parent_Choice_Field": "Chf_16", "parent_ChoiceGroup": "Chgp_8", "w": 25, "h": 25, "y": 862.8472440944882, "x": 224.98897637795278, "structure_id": "Wi_29"}, {"parent_Field": null, "parent_Choice_Field": "Chf_17", "parent_ChoiceGroup": "Chgp_9", "w": 25, "h": 25, "y": 1302.772440944882, "x": 108.32755905511812, "structure_id": "Wi_30"}, {"parent_Field": null, "parent_Choice_Field": "Chf_18", "parent_ChoiceGroup": "Chgp_9", "w": 25, "h": 25, "y": 1336.1110236220472, "x": 108.32755905511812, "structure_id": "Wi_31"}, {"parent_Field": null, "parent_Choice_Field": "Chf_19", "parent_ChoiceGroup": "Chgp_9", "w": 25, "h": 25, "y": 1369.4417322834645, "x": 108.32755905511812, "structure_id": "Wi_32"}, {"parent_Field": null, "parent_Choice_Field": "Chf_20", "parent_ChoiceGroup": "Chgp_10", "w": 25, "h": 25, "y": 1234.7141732283465, "x": 108.32755905511812, "structure_id": "Wi_33"}, {"parent_Field": null, "parent_Choice_Field": "Chf_21", "parent_ChoiceGroup": "Chgp_10", "w": 25, "h": 25, "y": 1234.7141732283465, "x": 224.99685039370078, "structure_id": "Wi_34"}, {"parent_Field": null, "parent_Choice_Field": "Chf_22", "parent_ChoiceGroup": "Chgp_10", "w": 25, "h": 25, "y": 1234.7141732283465, "x": 324.99685039370075, "structure_id": "Wi_35"}, {"parent_Field": null, "parent_Choice_Field": "Chf_23", "parent_ChoiceGroup": "Chgp_11", "w": 25, "h": 25, "y": 1451.383464566929, "x": 108.32755905511812, "structure_id": "Wi_36"}, {"parent_Field": null, "parent_Choice_Field": "Chf_24", "parent_ChoiceGroup": "Chgp_11", "w": 25, "h": 25, "y": 1451.383464566929, "x": 224.99685039370078, "structure_id": "Wi_37"}, {"parent_Field": null, "parent_Choice_Field": "Chf_25", "parent_ChoiceGroup": "Chgp_12", "w": 25, "h": 25, "y": 1834.7141732283467, "x": 108.32755905511812, "structure_id": "Wi_38"}, {"parent_Field": null, "parent_Choice_Field": "Chf_26", "parent_ChoiceGroup": "Chgp_12", "w": 25, "h": 25, "y": 1868.0527559055117, "x": 108.32755905511812, "structure_id": "Wi_39"}, {"parent_Field": null, "parent_Choice_Field": "Chf_27", "parent_ChoiceGroup": "Chgp_12", "w": 25, "h": 25, "y": 1901.3834645669292, "x": 108.32755905511812, "structure_id": "Wi_40"}, {"parent_Field": null, "parent_Choice_Field": "Chf_28", "parent_ChoiceGroup": "Chgp_12", "w": 25, "h": 25, "y": 1934.7141732283465, "x": 108.32755905511812, "structure_id": "Wi_41"}, {"parent_Field": null, "parent_Choice_Field": "Chf_29", "parent_ChoiceGroup": "Chgp_12", "w": 25, "h": 25, "y": 1968.052755905512, "x": 108.32755905511812, "structure_id": "Wi_42"}, {"parent_Field": null, "parent_Choice_Field": "Chf_30", "parent_ChoiceGroup": "Chgp_12", "w": 25, "h": 25, "y": 2001.3834645669292, "x": 108.32755905511812, "structure_id": "Wi_43"}, {"parent_Field": "Fi_12", "parent_Choice_Field": null, "parent_ChoiceGroup": null, "w": 1150.0000000000002, "h": 33.33070866141732, "y": 2033.3307086614175, "x": 433.3307086614173, "structure_id": "Wi_44"}, {"parent_Field": "Fi_13", "parent_Choice_Field": null, "parent_ChoiceGroup": null, "w": 660.992125984252, "h": 33.33070866141732, "y": 1683.3307086614172, "x": 600, "structure_id": "Wi_45"}, {"parent_Field": null, "parent_Choice_Field": "Chf_31", "parent_ChoiceGroup": "Chgp_13", "w": 25, "h": 25, "y": 1768.052755905512, "x": 108.32755905511812, "structure_id": "Wi_46"}, {"parent_Field": null, "parent_Choice_Field": "Chf_32", "parent_ChoiceGroup": "Chgp_13", "w": 25, "h": 25, "y": 1768.052755905512, "x": 224.99685039370078, "structure_id": "Wi_47"}, {"parent_Field": null, "parent_Choice_Field": "Chf_33", "parent_ChoiceGroup": "Chgp_14", "w": 25, "h": 25, "y": 1684.7141732283465, "x": 108.32755905511812, "structure_id": "Wi_48"}, {"parent_Field": null, "parent_Choice_Field": "Chf_34", "parent_ChoiceGroup": "Chgp_14", "w": 25, "h": 25, "y": 1684.7141732283465, "x": 224.99685039370078, "structure_id": "Wi_49"}], "TextBlock": [{"parent_Field": "Fi_1", "parent_Choice_Field": null, "parent_ChoiceGroup": null, "w": 416, "h": 19, "y": 79, "x": 83, "structure_id": "Tb_1"}, {"parent_Field": null, "parent_Choice_Field": null, "parent_ChoiceGroup": null, "w": 614, "h": 25, "y": 106, "x": 543, "structure_id": "Tb_2"}, {"parent_Field": null, "parent_Choice_Field": null, "parent_ChoiceGroup": "Chgp_1", "w": 1306, "h": 20, "y": 140, "x": 100, "structure_id": "Tb_3"}, {"parent_Field": null, "parent_Choice_Field": "Chf_1", "parent_ChoiceGroup": "Chgp_1", "w": 39, "h": 19, "y": 174, "x": 150, "structure_id": "Tb_4"}, {"parent_Field": null, "parent_Choice_Field": "Chf_2", "parent_ChoiceGroup": "Chgp_1", "w": 29, "h": 19, "y": 174, "x": 267, "structure_id": "Tb_5"}, {"parent_Field": "Fi_2", "parent_Choice_Field": null, "parent_ChoiceGroup": null, "w": 149, "h": 22, "y": 206, "x": 100, "structure_id": "Tb_6"}, {"parent_Field": null, "parent_Choice_Field": null, "parent_ChoiceGroup": null, "w": 588, "h": 22, "y": 307, "x": 556, "structure_id": "Tb_7"}, {"parent_Field": "Fi_3", "parent_Choice_Field": null, "parent_ChoiceGroup": null, "w": 149, "h": 22, "y": 439, "x": 100, "structure_id": "Tb_8"}, {"parent_Field": null, "parent_Choice_Field": null, "parent_ChoiceGroup": "Chgp_2", "w": 1471, "h": 49, "y": 342, "x": 100, "structure_id": "Tb_9"}, {"parent_Field": null, "parent_Choice_Field": "Chf_3", "parent_ChoiceGroup": "Chgp_2", "w": 39, "h": 19, "y": 407, "x": 150, "structure_id": "Tb_10"}, {"parent_Field": null, "parent_Choice_Field": "Chf_4", "parent_ChoiceGroup": "Chgp_2", "w": 29, "h": 19, "y": 407, "x": 267, "structure_id": "Tb_11"}, {"parent_Field": null, "parent_Choice_Field": null, "parent_ChoiceGroup": null, "w": 472, "h": 22, "y": 540, "x": 614, "structure_id": "Tb_12"}, {"parent_Field": null, "parent_Choice_Field": "Chf_5", "parent_ChoiceGroup": "Chgp_3", "w": 46, "h": 20, "y": 1013, "x": 216, "structure_id": "Tb_13"}, {"parent_Field": null, "parent_Choice_Field": "Chf_6", "parent_ChoiceGroup": "Chgp_3", "w": 32, "h": 20, "y": 1013, "x": 333, "structure_id": "Tb_14"}, {"parent_Field": null, "parent_Choice_Field": "Chf_7", "parent_ChoiceGroup": "Chgp_3", "w": 40, "h": 20, "y": 1013, "x": 450, "structure_id": "Tb_15"}, {"parent_Field": "Fi_4", "parent_Choice_Field": null, "parent_ChoiceGroup": null, "w": 785, "h": 22, "y": 1112, "x": 100, "structure_id": "Tb_16"}, {"parent_Field": null, "parent_Choice_Field": null, "parent_ChoiceGroup": "Chgp_4", "w": 145, "h": 22, "y": 606, "x": 317, "structure_id": "Tb_17"}, {"parent_Field": "Fi_5", "parent_Choice_Field": null, "parent_ChoiceGroup": "Chgp_4", "w": 170, "h": 19, "y": 657, "x": 145, "structure_id": "Tb_18"}, {"parent_Field": "Fi_6", "parent_Choice_Field": null, "parent_ChoiceGroup": "Chgp_4", "w": 198, "h": 20, "y": 690, "x": 146, "structure_id": "Tb_19"}, {"parent_Field": "Fi_7", "parent_Choice_Field": null, "parent_ChoiceGroup": "Chgp_4", "w": 177, "h": 19, "y": 724, "x": 146, "structure_id": "Tb_20"}, {"parent_Field": "Fi_8", "parent_Choice_Field": null, "parent_ChoiceGroup": "Chgp_4", "w": 263, "h": 19, "y": 757, "x": 146, "structure_id": "Tb_21"}, {"parent_Field": "Fi_9", "parent_Choice_Field": null, "parent_ChoiceGroup": "Chgp_4", "w": 264, "h": 20, "y": 790, "x": 146, "structure_id": "Tb_22"}, {"parent_Field": "Fi_10", "parent_Choice_Field": null, "parent_ChoiceGroup": null, "w": 149, "h": 22, "y": 1489, "x": 100, "structure_id": "Tb_23"}, {"parent_Field": null, "parent_Choice_Field": null, "parent_ChoiceGroup": null, "w": 223, "h": 23, "y": 907, "x": 100, "structure_id": "Tb_24"}, {"parent_Field": null, "parent_Choice_Field": null, "parent_ChoiceGroup": "Chgp_5", "w": 499, "h": 19, "y": 574, "x": 100, "structure_id": "Tb_25"}, {"parent_Field": null, "parent_Choice_Field": "Chf_8", "parent_ChoiceGroup": "Chgp_5", "w": 39, "h": 19, "y": 607, "x": 150, "structure_id": "Tb_26"}, {"parent_Field": null, "parent_Choice_Field": "Chf_9", "parent_ChoiceGroup": "Chgp_5", "w": 29, "h": 19, "y": 607, "x": 267, "structure_id": "Tb_27"}, {"parent_Field": "Fi_11", "parent_Choice_Field": null, "parent_ChoiceGroup": null, "w": 152, "h": 22, "y": 1239, "x": 500, "structure_id": "Tb_28"}, {"parent_Field": null, "parent_Choice_Field": "Chf_10", "parent_ChoiceGroup": "Chgp_6", "w": 46, "h": 19, "y": 1080, "x": 216, "structure_id": "Tb_29"}, {"parent_Field": null, "parent_Choice_Field": "Chf_11", "parent_ChoiceGroup": "Chgp_6", "w": 32, "h": 19, "y": 1080, "x": 333, "structure_id": "Tb_30"}, {"parent_Field": null, "parent_Choice_Field": "Chf_12", "parent_ChoiceGroup": "Chgp_6", "w": 40, "h": 19, "y": 1080, "x": 450, "structure_id": "Tb_31"}, {"parent_Field": null, "parent_Choice_Field": null, "parent_ChoiceGroup": "Chgp_7", "w": 269, "h": 22, "y": 945, "x": 100, "structure_id": "Tb_32"}, {"parent_Field": null, "parent_Choice_Field": "Chf_13", "parent_ChoiceGroup": "Chgp_7", "w": 231, "h": 19, "y": 980, "x": 150, "structure_id": "Tb_33"}, {"parent_Field": null, "parent_Choice_Field": "Chf_14", "parent_ChoiceGroup": "Chgp_7", "w": 259, "h": 20, "y": 1046, "x": 150, "structure_id": "Tb_34"}, {"parent_Field": null, "parent_Choice_Field": null, "parent_ChoiceGroup": "Chgp_8", "w": 778, "h": 20, "y": 835, "x": 100, "structure_id": "Tb_35"}, {"parent_Field": null, "parent_Choice_Field": "Chf_15", "parent_ChoiceGroup": "Chgp_8", "w": 39, "h": 20, "y": 868, "x": 150, "structure_id": "Tb_36"}, {"parent_Field": null, "parent_Choice_Field": "Chf_16", "parent_ChoiceGroup": "Chgp_8", "w": 29, "h": 20, "y": 868, "x": 267, "structure_id": "Tb_37"}, {"parent_Field": null, "parent_Choice_Field": null, "parent_ChoiceGroup": "Chgp_9", "w": 220, "h": 22, "y": 1272, "x": 100, "structure_id": "Tb_38"}, {"parent_Field": null, "parent_Choice_Field": "Chf_17", "parent_ChoiceGroup": "Chgp_9", "w": 303, "h": 19, "y": 1307, "x": 150, "structure_id": "Tb_39"}, {"parent_Field": null, "parent_Choice_Field": "Chf_18", "parent_ChoiceGroup": "Chgp_9", "w": 244, "h": 20, "y": 1340, "x": 150, "structure_id": "Tb_40"}, {"parent_Field": null, "parent_Choice_Field": "Chf_19", "parent_ChoiceGroup": "Chgp_9", "w": 570, "h": 22, "y": 1372, "x": 150, "structure_id": "Tb_41"}, {"parent_Field": null, "parent_Choice_Field": null, "parent_ChoiceGroup": "Chgp_10", "w": 896, "h": 19, "y": 1207, "x": 100, "structure_id": "Tb_42"}, {"parent_Field": null, "parent_Choice_Field": "Chf_20", "parent_ChoiceGroup": "Chgp_10", "w": 39, "h": 20, "y": 1240, "x": 150, "structure_id": "Tb_43"}, {"parent_Field": null, "parent_Choice_Field": "Chf_21", "parent_ChoiceGroup": "Chgp_10", "w": 29, "h": 20, "y": 1240, "x": 267, "structure_id": "Tb_44"}, {"parent_Field": null, "parent_Choice_Field": "Chf_22", "parent_ChoiceGroup": "Chgp_10", "w": 102, "h": 20, "y": 1240, "x": 367, "structure_id": "Tb_45"}, {"parent_Field": null, "parent_Choice_Field": null, "parent_ChoiceGroup": "Chgp_11", "w": 1371, "h": 19, "y": 1424, "x": 100, "structure_id": "Tb_46"}, {"parent_Field": null, "parent_Choice_Field": "Chf_23", "parent_ChoiceGroup": "Chgp_11", "w": 39, "h": 19, "y": 1457, "x": 150, "structure_id": "Tb_47"}, {"parent_Field": null, "parent_Choice_Field": "Chf_24", "parent_ChoiceGroup": "Chgp_11", "w": 29, "h": 19, "y": 1457, "x": 267, "structure_id": "Tb_48"}, {"parent_Field": null, "parent_Choice_Field": null, "parent_ChoiceGroup": null, "w": 314, "h": 22, "y": 1624, "x": 693, "structure_id": "Tb_49"}, {"parent_Field": null, "parent_Choice_Field": null, "parent_ChoiceGroup": "Chgp_12", "w": 248, "h": 22, "y": 1806, "x": 100, "structure_id": "Tb_50"}, {"parent_Field": null, "parent_Choice_Field": "Chf_25", "parent_ChoiceGroup": "Chgp_12", "w": 427, "h": 20, "y": 1840, "x": 150, "structure_id": "Tb_51"}, {"parent_Field": null, "parent_Choice_Field": "Chf_26", "parent_ChoiceGroup": "Chgp_12", "w": 170, "h": 19, "y": 1874, "x": 150, "structure_id": "Tb_52"}, {"parent_Field": null, "parent_Choice_Field": "Chf_27", "parent_ChoiceGroup": "Chgp_12", "w": 603, "h": 19, "y": 1907, "x": 150, "structure_id": "Tb_53"}, {"parent_Field": null, "parent_Choice_Field": "Chf_28", "parent_ChoiceGroup": "Chgp_12", "w": 558, "h": 20, "y": 1940, "x": 150, "structure_id": "Tb_54"}, {"parent_Field": null, "parent_Choice_Field": "Chf_29", "parent_ChoiceGroup": "Chgp_12", "w": 613, "h": 19, "y": 1974, "x": 150, "structure_id": "Tb_55"}, {"parent_Field": null, "parent_Choice_Field": "Chf_30", "parent_ChoiceGroup": "Chgp_12", "w": 290, "h": 19, "y": 2007, "x": 150, "structure_id": "Tb_56"}, {"parent_Field": "Fi_12", "parent_Choice_Field": null, "parent_ChoiceGroup": null, "w": 267, "h": 20, "y": 2040, "x": 150, "structure_id": "Tb_57"}, {"parent_Field": "Fi_13", "parent_Choice_Field": null, "parent_ChoiceGroup": null, "w": 257, "h": 22, "y": 1689, "x": 317, "structure_id": "Tb_58"}, {"parent_Field": null, "parent_Choice_Field": null, "parent_ChoiceGroup": "Chgp_13", "w": 686, "h": 22, "y": 1739, "x": 100, "structure_id": "Tb_59"}, {"parent_Field": null, "parent_Choice_Field": "Chf_31", "parent_ChoiceGroup": "Chgp_13", "w": 39, "h": 19, "y": 1774, "x": 150, "structure_id": "Tb_60"}, {"parent_Field": null, "parent_Choice_Field": "Chf_32", "parent_ChoiceGroup": "Chgp_13", "w": 29, "h": 19, "y": 1774, "x": 267, "structure_id": "Tb_61"}, {"parent_Field": null, "parent_Choice_Field": null, "parent_ChoiceGroup": "Chgp_14", "w": 641, "h": 19, "y": 1657, "x": 100, "structure_id": "Tb_62"}, {"parent_Field": null, "parent_Choice_Field": "Chf_33", "parent_ChoiceGroup": "Chgp_14", "w": 39, "h": 20, "y": 1690, "x": 150, "structure_id": "Tb_63"}, {"parent_Field": null, "parent_Choice_Field": "Chf_34", "parent_ChoiceGroup": "Chgp_14", "w": 29, "h": 20, "y": 1690, "x": 267, "structure_id": "Tb_64"}, {"parent_Field": null, "parent_Choice_Field": null, "parent_ChoiceGroup": null, "w": 294, "h": 19, "y": 2124, "x": 83, "structure_id": "Tb_65"}, {"parent_Field": null, "parent_Choice_Field": null, "parent_ChoiceGroup": null, "w": 71, "h": 22, "y": 2122, "x": 1546, "structure_id": "Tb_66"}], "Choice_Field": [{"y": 168.0527559055118, "x": 108.32755905511812, "structure_id": "Chf_1", "w": 80.67244094488188, "h": 25}, {"y": 168.0527559055118, "x": 224.99685039370078, "structure_id": "Chf_2", "w": 71.00314960629922, "h": 25}, {"y": 401.38346456692915, "x": 108.32755905511812, "structure_id": "Chf_3", "w": 80.67244094488188, "h": 25}, {"y": 401.38346456692915, "x": 224.99685039370078, "structure_id": "Chf_4", "w": 71.00314960629922, "h": 25}, {"y": 1007.6031496062992, "x": 174.54173228346457, "structure_id": "Chf_5", "w": 87.45826771653543, "h": 25.396850393700788}, {"y": 1007.6031496062992, "x": 291.21102362204726, "structure_id": "Chf_6", "w": 73.78897637795274, "h": 25.396850393700788}, {"y": 1007.6031496062992, "x": 407.87244094488193, "structure_id": "Chf_7", "w": 82.12755905511807, "h": 25.396850393700788}, {"y": 601.3834645669292, "x": 108.32755905511812, "structure_id": "Chf_8", "w": 80.67244094488188, "h": 25}, {"y": 601.3834645669292, "x": 224.99685039370078, "structure_id": "Chf_9", "w": 71.00314960629922, "h": 25}, {"y": 1074.272440944882, "x": 174.54173228346457, "structure_id": "Chf_10", "w": 87.45826771653543, "h": 25}, {"y": 1074.272440944882, "x": 291.21102362204726, "structure_id": "Chf_11", "w": 73.78897637795274, "h": 25}, {"y": 1074.272440944882, "x": 407.87244094488193, "structure_id": "Chf_12", "w": 82.12755905511807, "h": 25}, {"y": 974.2724409448819, "x": 107.8724409448819, "structure_id": "Chf_13", "w": 273.1275590551181, "h": 25}, {"y": 1040.936220472441, "x": 107.8724409448819, "structure_id": "Chf_14", "w": 301.1275590551181, "h": 25.063779527559063}, {"y": 862.8472440944882, "x": 108.31968503937009, "structure_id": "Chf_15", "w": 80.68031496062991, "h": 25.152755905511754}, {"y": 862.8472440944882, "x": 224.98897637795278, "structure_id": "Chf_16", "w": 71.01102362204722, "h": 25.152755905511754}, {"y": 1302.772440944882, "x": 108.32755905511812, "structure_id": "Chf_17", "w": 344.6724409448819, "h": 25}, {"y": 1336.1110236220472, "x": 108.32755905511812, "structure_id": "Chf_18", "w": 285.6724409448819, "h": 25}, {"y": 1369.4417322834645, "x": 108.32755905511812, "structure_id": "Chf_19", "w": 611.6724409448818, "h": 25}, {"y": 1234.7141732283465, "x": 108.32755905511812, "structure_id": "Chf_20", "w": 80.67244094488188, "h": 25.285826771653547}, {"y": 1234.7141732283465, "x": 224.99685039370078, "structure_id": "Chf_21", "w": 71.00314960629922, "h": 25.285826771653547}, {"y": 1234.7141732283465, "x": 324.99685039370075, "structure_id": "Chf_22", "w": 144.00314960629925, "h": 25.285826771653547}, {"y": 1451.383464566929, "x": 108.32755905511812, "structure_id": "Chf_23", "w": 80.67244094488188, "h": 25}, {"y": 1451.383464566929, "x": 224.99685039370078, "structure_id": "Chf_24", "w": 71.00314960629922, "h": 25}, {"y": 1834.7141732283467, "x": 108.32755905511812, "structure_id": "Chf_25", "w": 468.6724409448819, "h": 25.28582677165332}, {"y": 1868.0527559055117, "x": 108.32755905511812, "structure_id": "Chf_26", "w": 211.67244094488188, "h": 25}, {"y": 1901.3834645669292, "x": 108.32755905511812, "structure_id": "Chf_27", "w": 644.6724409448818, "h": 25}, {"y": 1934.7141732283465, "x": 108.32755905511812, "structure_id": "Chf_28", "w": 599.6724409448818, "h": 25.285826771653547}, {"y": 1968.052755905512, "x": 108.32755905511812, "structure_id": "Chf_29", "w": 654.6724409448818, "h": 25}, {"y": 2001.3834645669292, "x": 108.32755905511812, "structure_id": "Chf_30", "w": 331.6724409448819, "h": 25}, {"y": 1768.052755905512, "x": 108.32755905511812, "structure_id": "Chf_31", "w": 80.67244094488188, "h": 25}, {"y": 1768.052755905512, "x": 224.99685039370078, "structure_id": "Chf_32", "w": 71.00314960629922, "h": 25}, {"y": 1684.7141732283465, "x": 108.32755905511812, "structure_id": "Chf_33", "w": 80.67244094488188, "h": 25.285826771653547}, {"y": 1684.7141732283465, "x": 224.99685039370078, "structure_id": "Chf_34", "w": 71.00314960629922, "h": 25.285826771653547}], "Field": [{"y": 50, "x": 83, "structure_id": "Fi_1", "w": 946.3220472440946, "h": 48}, {"y": 206, "x": 100, "structure_id": "Fi_2", "w": 1500, "h": 94}, {"y": 439, "x": 100, "structure_id": "Fi_3", "w": 1500, "h": 94.33070866141725}, {"y": 1112, "x": 100, "structure_id": "Fi_4", "w": 1500, "h": 88}, {"y": 654.1637795275591, "x": 108.33307086614172, "structure_id": "Fi_5", "w": 206.66692913385828, "h": 25}, {"y": 687.4944881889763, "x": 108.33307086614172, "structure_id": "Fi_6", "w": 235.66692913385828, "h": 25}, {"y": 720.8251968503937, "x": 108.33307086614172, "structure_id": "Fi_7", "w": 214.66692913385828, "h": 25}, {"y": 754.1637795275591, "x": 108.33307086614172, "structure_id": "Fi_8", "w": 300.6669291338583, "h": 25}, {"y": 787.4944881889764, "x": 108.33307086614172, "structure_id": "Fi_9", "w": 301.6669291338583, "h": 25}, {"y": 1489, "x": 100, "structure_id": "Fi_10", "w": 1500, "h": 127.66141732283472}, {"y": 1233.3307086614172, "x": 500, "structure_id": "Fi_11", "w": 850, "h": 33.49763779527552}, {"y": 2033.3307086614175, "x": 150, "structure_id": "Fi_12", "w": 1433.3307086614175, "h": 33.330708661417475}, {"y": 1683.3307086614172, "x": 317, "structure_id": "Fi_13", "w": 943.992125984252, "h": 33.33070866141725}], "TextRun": [{"parent_TextBlock": "Tb_1", "text": "PATIENT/VETERAN'S SOCIAL SECURITY NO.", "parent_Field": "Fi_1", "parent_Choice_Field": null, "parent_ChoiceGroup": null, "w": 416, "h": 19, "y": 79, "x": 83, "structure_id": "Tr_1"}, {"parent_TextBlock": "Tb_2", "text": "SECTION VIII - CONDITIONS OF THE UTERUS", "parent_Field": null, "parent_Choice_Field": null, "parent_ChoiceGroup": null, "w": 483, "h": 22, "y": 108, "x": 543, "structure_id": "Tr_2"}, {"parent_TextBlock": "Tb_2", "text": "(Continued)", "parent_Field": null, "parent_Choice_Field": null, "parent_ChoiceGroup": null, "w": 125, "h": 25, "y": 106, "x": 1032, "structure_id": "Tr_3"}, {"parent_TextBlock": "Tb_3", "text": "8E. HAS THE VETERAN BEEN DIAGNOSED WITH ANY OTHER DISEASES, INJURIES, ADHESIONS OR OTHER CONDITIONS OF THE UTERUS?", "parent_Field": null, "parent_Choice_Field": null, "parent_ChoiceGroup": "Chgp_1", "w": 1306, "h": 20, "y": 140, "x": 100, "structure_id": "Tr_4"}, {"parent_TextBlock": "Tb_4", "text": "YES", "parent_Field": null, "parent_Choice_Field": "Chf_1", "parent_ChoiceGroup": "Chgp_1", "w": 39, "h": 19, "y": 174, "x": 150, "structure_id": "Tr_5"}, {"parent_TextBlock": "Tb_5", "text": "NO", "parent_Field": null, "parent_Choice_Field": "Chf_2", "parent_ChoiceGroup": "Chgp_1", "w": 29, "h": 19, "y": 174, "x": 267, "structure_id": "Tr_6"}, {"parent_TextBlock": "Tb_6", "text": "(If yes, describe)", "parent_Field": "Fi_2", "parent_Choice_Field": null, "parent_ChoiceGroup": null, "w": 149, "h": 22, "y": 206, "x": 100, "structure_id": "Tr_7"}, {"parent_TextBlock": "Tb_7", "text": "SECTION IX - CONDITIONS OF THE FALLOPIAN TUBES", "parent_Field": null, "parent_Choice_Field": null, "parent_ChoiceGroup": null, "w": 588, "h": 22, "y": 307, "x": 556, "structure_id": "Tr_8"}, {"parent_TextBlock": "Tb_8", "text": "(If yes, describe)", "parent_Field": "Fi_3", "parent_Choice_Field": null, "parent_ChoiceGroup": null, "w": 149, "h": 22, "y": 439, "x": 100, "structure_id": "Tr_9"}, {"parent_TextBlock": "Tb_9", "text": "9. HAS THE VETERAN BEEN DIAGNOSED WITH ANY DISEASES, INJURIES, ADHESIONS OR OTHER CONDITIONS OF THE FALLOPIAN TUBES", "parent_Field": null, "parent_Choice_Field": null, "parent_ChoiceGroup": "Chgp_2", "w": 1312, "h": 20, "y": 344, "x": 100, "structure_id": "Tr_10"}, {"parent_TextBlock": "Tb_9", "text": "(to include pelvic", "parent_Field": null, "parent_Choice_Field": null, "parent_ChoiceGroup": "Chgp_2", "w": 159, "h": 22, "y": 342, "x": 1412, "structure_id": "Tr_11"}, {"parent_TextBlock": "Tb_9", "text": "inflammatory disease)?", "parent_Field": null, "parent_Choice_Field": null, "parent_ChoiceGroup": "Chgp_2", "w": 209, "h": 22, "y": 369, "x": 122, "structure_id": "Tr_12"}, {"parent_TextBlock": "Tb_10", "text": "YES", "parent_Field": null, "parent_Choice_Field": "Chf_3", "parent_ChoiceGroup": "Chgp_2", "w": 39, "h": 19, "y": 407, "x": 150, "structure_id": "Tr_13"}, {"parent_TextBlock": "Tb_11", "text": "NO", "parent_Field": null, "parent_Choice_Field": "Chf_4", "parent_ChoiceGroup": "Chgp_2", "w": 29, "h": 19, "y": 407, "x": 267, "structure_id": "Tr_14"}, {"parent_TextBlock": "Tb_12", "text": "SECTION X - CONDITIONS OF THE OVARIES", "parent_Field": null, "parent_Choice_Field": null, "parent_ChoiceGroup": null, "w": 472, "h": 22, "y": 540, "x": 614, "structure_id": "Tr_15"}, {"parent_TextBlock": "Tb_13", "text": "Right", "parent_Field": null, "parent_Choice_Field": "Chf_5", "parent_ChoiceGroup": "Chgp_3", "w": 46, "h": 20, "y": 1013, "x": 216, "structure_id": "Tr_16"}, {"parent_TextBlock": "Tb_14", "text": "Left", "parent_Field": null, "parent_Choice_Field": "Chf_6", "parent_ChoiceGroup": "Chgp_3", "w": 32, "h": 20, "y": 1013, "x": 333, "structure_id": "Tr_17"}, {"parent_TextBlock": "Tb_15", "text": "Both", "parent_Field": null, "parent_Choice_Field": "Chf_7", "parent_ChoiceGroup": "Chgp_3", "w": 40, "h": 20, "y": 1013, "x": 450, "structure_id": "Tr_18"}, {"parent_TextBlock": "Tb_16", "text": "(If yes, provide date(s) of surgery, facility(ies) where performed and reason for surgery)", "parent_Field": "Fi_4", "parent_Choice_Field": null, "parent_ChoiceGroup": null, "w": 785, "h": 22, "y": 1112, "x": 100, "structure_id": "Tr_19"}, {"parent_TextBlock": "Tb_17", "text": "(If yes, indicate)", "parent_Field": null, "parent_Choice_Field": null, "parent_ChoiceGroup": "Chgp_4", "w": 145, "h": 22, "y": 606, "x": 317, "structure_id": "Tr_20"}, {"parent_TextBlock": "Tb_18", "text": "Natural menopause", "parent_Field": "Fi_5", "parent_Choice_Field": null, "parent_ChoiceGroup": "Chgp_4", "w": 170, "h": 19, "y": 657, "x": 145, "structure_id": "Tr_21"}, {"parent_TextBlock": "Tb_19", "text": "Premature menopause", "parent_Field": "Fi_6", "parent_Choice_Field": null, "parent_ChoiceGroup": "Chgp_4", "w": 198, "h": 20, "y": 690, "x": 146, "structure_id": "Tr_22"}, {"parent_TextBlock": "Tb_20", "text": "Surgical menopause", "parent_Field": "Fi_7", "parent_Choice_Field": null, "parent_ChoiceGroup": "Chgp_4", "w": 177, "h": 19, "y": 724, "x": 146, "structure_id": "Tr_23"}, {"parent_TextBlock": "Tb_21", "text": "Chemical-induced menopause", "parent_Field": "Fi_8", "parent_Choice_Field": null, "parent_ChoiceGroup": "Chgp_4", "w": 263, "h": 19, "y": 757, "x": 146, "structure_id": "Tr_24"}, {"parent_TextBlock": "Tb_22", "text": "Radiation-induced menopause", "parent_Field": "Fi_9", "parent_Choice_Field": null, "parent_ChoiceGroup": "Chgp_4", "w": 264, "h": 20, "y": 790, "x": 146, "structure_id": "Tr_25"}, {"parent_TextBlock": "Tb_23", "text": "(If yes, describe)", "parent_Field": "Fi_10", "parent_Choice_Field": null, "parent_ChoiceGroup": null, "w": 149, "h": 22, "y": 1489, "x": 100, "structure_id": "Tr_26"}, {"parent_TextBlock": "Tb_24", "text": "(If \"No,\", complete 10C.)", "parent_Field": null, "parent_Choice_Field": null, "parent_ChoiceGroup": null, "w": 223, "h": 23, "y": 907, "x": 100, "structure_id": "Tr_27"}, {"parent_TextBlock": "Tb_25", "text": "10A. HAS THE VETERAN UNDERGONE MENOPAUSE?", "parent_Field": null, "parent_Choice_Field": null, "parent_ChoiceGroup": "Chgp_5", "w": 499, "h": 19, "y": 574, "x": 100, "structure_id": "Tr_28"}, {"parent_TextBlock": "Tb_26", "text": "YES", "parent_Field": null, "parent_Choice_Field": "Chf_8", "parent_ChoiceGroup": "Chgp_5", "w": 39, "h": 19, "y": 607, "x": 150, "structure_id": "Tr_29"}, {"parent_TextBlock": "Tb_27", "text": "NO", "parent_Field": null, "parent_Choice_Field": "Chf_9", "parent_ChoiceGroup": "Chgp_5", "w": 29, "h": 19, "y": 607, "x": 267, "structure_id": "Tr_30"}, {"parent_TextBlock": "Tb_28", "text": "(If yes, etiology):", "parent_Field": "Fi_11", "parent_Choice_Field": null, "parent_ChoiceGroup": null, "w": 152, "h": 22, "y": 1239, "x": 500, "structure_id": "Tr_31"}, {"parent_TextBlock": "Tb_29", "text": "Right", "parent_Field": null, "parent_Choice_Field": "Chf_10", "parent_ChoiceGroup": "Chgp_6", "w": 46, "h": 19, "y": 1080, "x": 216, "structure_id": "Tr_32"}, {"parent_TextBlock": "Tb_30", "text": "Left", "parent_Field": null, "parent_Choice_Field": "Chf_11", "parent_ChoiceGroup": "Chgp_6", "w": 32, "h": 19, "y": 1080, "x": 333, "structure_id": "Tr_33"}, {"parent_TextBlock": "Tb_31", "text": "Both", "parent_Field": null, "parent_Choice_Field": "Chf_12", "parent_ChoiceGroup": "Chgp_6", "w": 40, "h": 19, "y": 1080, "x": 450, "structure_id": "Tr_34"}, {"parent_TextBlock": "Tb_32", "text": "(If \"Yes,\" check all that apply)", "parent_Field": null, "parent_Choice_Field": null, "parent_ChoiceGroup": "Chgp_7", "w": 269, "h": 22, "y": 945, "x": 100, "structure_id": "Tr_35"}, {"parent_TextBlock": "Tb_33", "text": "Partial removal of an ovary", "parent_Field": null, "parent_Choice_Field": "Chf_13", "parent_ChoiceGroup": "Chgp_7", "w": 231, "h": 19, "y": 980, "x": 150, "structure_id": "Tr_36"}, {"parent_TextBlock": "Tb_34", "text": "Complete removal of an ovary", "parent_Field": null, "parent_Choice_Field": "Chf_14", "parent_ChoiceGroup": "Chgp_7", "w": 259, "h": 20, "y": 1046, "x": 150, "structure_id": "Tr_37"}, {"parent_TextBlock": "Tb_35", "text": "10B. HAS THE VETERAN UNDERGONE PARTIAL OR COMPLETE OOPHORECTOMY?", "parent_Field": null, "parent_Choice_Field": null, "parent_ChoiceGroup": "Chgp_8", "w": 778, "h": 20, "y": 835, "x": 100, "structure_id": "Tr_38"}, {"parent_TextBlock": "Tb_36", "text": "YES", "parent_Field": null, "parent_Choice_Field": "Chf_15", "parent_ChoiceGroup": "Chgp_8", "w": 39, "h": 20, "y": 868, "x": 150, "structure_id": "Tr_39"}, {"parent_TextBlock": "Tb_37", "text": "NO", "parent_Field": null, "parent_Choice_Field": "Chf_16", "parent_ChoiceGroup": "Chgp_8", "w": 29, "h": 20, "y": 868, "x": 267, "structure_id": "Tr_40"}, {"parent_TextBlock": "Tb_38", "text": "(If yes, indicate severity)", "parent_Field": null, "parent_Choice_Field": null, "parent_ChoiceGroup": "Chgp_9", "w": 220, "h": 22, "y": 1272, "x": 100, "structure_id": "Tr_41"}, {"parent_TextBlock": "Tb_39", "text": "Partial atrophy of 1 or both ovaries", "parent_Field": null, "parent_Choice_Field": "Chf_17", "parent_ChoiceGroup": "Chgp_9", "w": 303, "h": 19, "y": 1307, "x": 150, "structure_id": "Tr_42"}, {"parent_TextBlock": "Tb_40", "text": "Complete atrophy of 1 ovary", "parent_Field": null, "parent_Choice_Field": "Chf_18", "parent_ChoiceGroup": "Chgp_9", "w": 244, "h": 20, "y": 1340, "x": 150, "structure_id": "Tr_43"}, {"parent_TextBlock": "Tb_41", "text": "Complete atrophy of both ovaries", "parent_Field": null, "parent_Choice_Field": "Chf_19", "parent_ChoiceGroup": "Chgp_9", "w": 292, "h": 20, "y": 1374, "x": 150, "structure_id": "Tr_44"}, {"parent_TextBlock": "Tb_41", "text": "(excluding natural menopause)", "parent_Field": null, "parent_Choice_Field": "Chf_19", "parent_ChoiceGroup": "Chgp_9", "w": 278, "h": 22, "y": 1372, "x": 442, "structure_id": "Tr_45"}, {"parent_TextBlock": "Tb_42", "text": "10C. DOES THE VETERAN HAVE EVIDENCE OF COMPLETE ATROPHY OF 1 OR BOTH OVARIES?", "parent_Field": null, "parent_Choice_Field": null, "parent_ChoiceGroup": "Chgp_10", "w": 896, "h": 19, "y": 1207, "x": 100, "structure_id": "Tr_46"}, {"parent_TextBlock": "Tb_43", "text": "YES", "parent_Field": null, "parent_Choice_Field": "Chf_20", "parent_ChoiceGroup": "Chgp_10", "w": 39, "h": 20, "y": 1240, "x": 150, "structure_id": "Tr_47"}, {"parent_TextBlock": "Tb_44", "text": "NO", "parent_Field": null, "parent_Choice_Field": "Chf_21", "parent_ChoiceGroup": "Chgp_10", "w": 29, "h": 20, "y": 1240, "x": 267, "structure_id": "Tr_48"}, {"parent_TextBlock": "Tb_45", "text": "UNKNOWN", "parent_Field": null, "parent_Choice_Field": "Chf_22", "parent_ChoiceGroup": "Chgp_10", "w": 102, "h": 20, "y": 1240, "x": 367, "structure_id": "Tr_49"}, {"parent_TextBlock": "Tb_46", "text": "10D. HAS THE VETERAN BEEN DIAGNOSED WITH ANY OTHER DISEASES, INJURIES, ADHESIONS AND/OR OTHER CONDITIONS OF THE OVARIES?", "parent_Field": null, "parent_Choice_Field": null, "parent_ChoiceGroup": "Chgp_11", "w": 1371, "h": 19, "y": 1424, "x": 100, "structure_id": "Tr_50"}, {"parent_TextBlock": "Tb_47", "text": "YES", "parent_Field": null, "parent_Choice_Field": "Chf_23", "parent_ChoiceGroup": "Chgp_11", "w": 39, "h": 19, "y": 1457, "x": 150, "structure_id": "Tr_51"}, {"parent_TextBlock": "Tb_48", "text": "NO", "parent_Field": null, "parent_Choice_Field": "Chf_24", "parent_ChoiceGroup": "Chgp_11", "w": 29, "h": 19, "y": 1457, "x": 267, "structure_id": "Tr_52"}, {"parent_TextBlock": "Tb_49", "text": "SECTION XI - INCONTINENCE", "parent_Field": null, "parent_Choice_Field": null, "parent_ChoiceGroup": null, "w": 314, "h": 22, "y": 1624, "x": 693, "structure_id": "Tr_53"}, {"parent_TextBlock": "Tb_50", "text": "(If yes, check all that apply)", "parent_Field": null, "parent_Choice_Field": null, "parent_ChoiceGroup": "Chgp_12", "w": 248, "h": 22, "y": 1806, "x": 100, "structure_id": "Tr_54"}, {"parent_TextBlock": "Tb_51", "text": "Does not require/does not use absorbent material", "parent_Field": null, "parent_Choice_Field": "Chf_25", "parent_ChoiceGroup": "Chgp_12", "w": 427, "h": 20, "y": 1840, "x": 150, "structure_id": "Tr_55"}, {"parent_TextBlock": "Tb_52", "text": "Stress incontinence", "parent_Field": null, "parent_Choice_Field": "Chf_26", "parent_ChoiceGroup": "Chgp_12", "w": 170, "h": 19, "y": 1874, "x": 150, "structure_id": "Tr_56"}, {"parent_TextBlock": "Tb_53", "text": "Requires absorbent material that is changed less than 2 times per day", "parent_Field": null, "parent_Choice_Field": "Chf_27", "parent_ChoiceGroup": "Chgp_12", "w": 603, "h": 19, "y": 1907, "x": 150, "structure_id": "Tr_57"}, {"parent_TextBlock": "Tb_54", "text": "Requires absorbent material that is changed 2 to 4 times per day", "parent_Field": null, "parent_Choice_Field": "Chf_28", "parent_ChoiceGroup": "Chgp_12", "w": 558, "h": 20, "y": 1940, "x": 150, "structure_id": "Tr_58"}, {"parent_TextBlock": "Tb_55", "text": "Requires absorbent material that is changed more than 4 times per day", "parent_Field": null, "parent_Choice_Field": "Chf_29", "parent_ChoiceGroup": "Chgp_12", "w": 613, "h": 19, "y": 1974, "x": 150, "structure_id": "Tr_59"}, {"parent_TextBlock": "Tb_56", "text": "Requiring the use of an appliance", "parent_Field": null, "parent_Choice_Field": "Chf_30", "parent_ChoiceGroup": "Chgp_12", "w": 290, "h": 19, "y": 2007, "x": 150, "structure_id": "Tr_60"}, {"parent_TextBlock": "Tb_57", "text": "If checked, describe appliance:", "parent_Field": "Fi_12", "parent_Choice_Field": null, "parent_ChoiceGroup": null, "w": 267, "h": 20, "y": 2040, "x": 150, "structure_id": "Tr_61"}, {"parent_TextBlock": "Tb_58", "text": "(If yes, condition causing it):", "parent_Field": "Fi_13", "parent_Choice_Field": null, "parent_ChoiceGroup": null, "w": 257, "h": 22, "y": 1689, "x": 317, "structure_id": "Tr_62"}, {"parent_TextBlock": "Tb_59", "text": "(If yes, is the urinary incontinence/leakage due to a gynecologic condition?):", "parent_Field": null, "parent_Choice_Field": null, "parent_ChoiceGroup": "Chgp_13", "w": 686, "h": 22, "y": 1739, "x": 100, "structure_id": "Tr_63"}, {"parent_TextBlock": "Tb_60", "text": "YES", "parent_Field": null, "parent_Choice_Field": "Chf_31", "parent_ChoiceGroup": "Chgp_13", "w": 39, "h": 19, "y": 1774, "x": 150, "structure_id": "Tr_64"}, {"parent_TextBlock": "Tb_61", "text": "NO", "parent_Field": null, "parent_Choice_Field": "Chf_32", "parent_ChoiceGroup": "Chgp_13", "w": 29, "h": 19, "y": 1774, "x": 267, "structure_id": "Tr_65"}, {"parent_TextBlock": "Tb_62", "text": "11. DOES THE VETERAN HAVE URINARY INCONTINENCE/LEAKAGE?", "parent_Field": null, "parent_Choice_Field": null, "parent_ChoiceGroup": "Chgp_14", "w": 641, "h": 19, "y": 1657, "x": 100, "structure_id": "Tr_66"}, {"parent_TextBlock": "Tb_63", "text": "YES", "parent_Field": null, "parent_Choice_Field": "Chf_33", "parent_ChoiceGroup": "Chgp_14", "w": 39, "h": 20, "y": 1690, "x": 150, "structure_id": "Tr_67"}, {"parent_TextBlock": "Tb_64", "text": "NO", "parent_Field": null, "parent_Choice_Field": "Chf_34", "parent_ChoiceGroup": "Chgp_14", "w": 29, "h": 20, "y": 1690, "x": 267, "structure_id": "Tr_68"}, {"parent_TextBlock": "Tb_65", "text": "VA\u00c2\u00a0FORM 21-0960K-2, SEP 2016", "parent_Field": null, "parent_Choice_Field": null, "parent_ChoiceGroup": null, "w": 294, "h": 19, "y": 2124, "x": 83, "structure_id": "Tr_69"}, {"parent_TextBlock": "Tb_66", "text": "Page 3", "parent_Field": null, "parent_Choice_Field": null, "parent_ChoiceGroup": null, "w": 71, "h": 22, "y": 2122, "x": 1546, "structure_id": "Tr_70"}], "ChoiceGroup": [{"y": 139.03125, "x": 91, "structure_id": "Chgp_1", "w": 1520, "h": 156}, {"y": 332.03125, "x": 91, "structure_id": "Chgp_2", "w": 1512, "h": 198}, {"y": 1001.03125, "x": 163, "structure_id": "Chgp_3", "w": 333, "h": 33}, {"y": 602.0355258204959, "x": 102, "structure_id": "Chgp_4", "w": 441, "h": 212.84269596554236}, {"y": 569.0352914438313, "x": 91, "structure_id": "Chgp_5", "w": 533, "h": 251.91634168674778}, {"y": 1066.03125, "x": 166, "structure_id": "Chgp_6", "w": 327, "h": 37}, {"y": 940.03125, "x": 91, "structure_id": "Chgp_7", "w": 1517, "h": 256}, {"y": 827.03125, "x": 87, "structure_id": "Chgp_8", "w": 1527, "h": 372}, {"y": 1268.03125, "x": 94, "structure_id": "Chgp_9", "w": 681, "h": 135}, {"y": 1199.0397659074279, "x": 88, "structure_id": "Chgp_10", "w": 1286, "h": 212.87790145574593}, {"y": 1420.03125, "x": 90, "structure_id": "Chgp_11", "w": 1521, "h": 192}, {"y": 1802.03125, "x": 96, "structure_id": "Chgp_12", "w": 1497, "h": 270}, {"y": 1732.03125, "x": 91, "structure_id": "Chgp_13", "w": 833, "h": 72}, {"y": 1648.03125, "x": 82, "structure_id": "Chgp_14", "w": 1526, "h": 439}]}