{"Widget": [{"parent_Field": "Fi_1", "parent_Choice_Field": null, "parent_ChoiceGroup": null, "w": 702.8582677165355, "h": 48.63622047244095, "y": 692.8669291338583, "x": 100.0220472440945, "structure_id": "Wi_1"}, {"parent_Field": "Fi_2", "parent_Choice_Field": null, "parent_ChoiceGroup": null, "w": 285.1637795275591, "h": 44.574803149606296, "y": 1298.1614173228347, "x": 1305.7385826771654, "structure_id": "Wi_2"}, {"parent_Field": "Fi_3", "parent_Choice_Field": null, "parent_ChoiceGroup": null, "w": 297.38897637795276, "h": 40.480314960629926, "y": 1187.7385826771654, "x": 862.0251968503937, "structure_id": "Wi_3"}, {"parent_Field": "Fi_4", "parent_Choice_Field": null, "parent_ChoiceGroup": null, "w": 746.2976377952756, "h": 44.574803149606296, "y": 1100.78031496063, "x": 858.1968503937009, "structure_id": "Wi_4"}, {"parent_Field": "Fi_5", "parent_Choice_Field": null, "parent_ChoiceGroup": null, "w": 261.9582677165355, "h": 44.574803149606296, "y": 1298.1614173228347, "x": 99.58897637795276, "structure_id": "Wi_5"}, {"parent_Field": "Fi_6", "parent_Choice_Field": null, "parent_ChoiceGroup": null, "w": 285.1637795275591, "h": 44.574803149606296, "y": 1298.1614173228347, "x": 1008.2551181102361, "structure_id": "Wi_6"}, {"parent_Field": "Fi_7", "parent_Choice_Field": null, "parent_ChoiceGroup": null, "w": 285.1637795275591, "h": 44.574803149606296, "y": 1298.1614173228347, "x": 708.136220472441, "structure_id": "Wi_7"}, {"parent_Field": "Fi_8", "parent_Choice_Field": null, "parent_ChoiceGroup": null, "w": 702.8582677165355, "h": 48.63622047244095, "y": 1015.7496062992127, "x": 101.43858267716536, "structure_id": "Wi_8"}, {"parent_Field": "Fi_9", "parent_Choice_Field": null, "parent_ChoiceGroup": null, "w": 720.3858267716536, "h": 125.58031496062993, "y": 1102.136220472441, "x": 100.94173228346456, "structure_id": "Wi_9"}, {"parent_Field": "Fi_10", "parent_Choice_Field": null, "parent_ChoiceGroup": null, "w": 288.1, "h": 44.574803149606296, "y": 1298.1614173228347, "x": 405.0196850393701, "structure_id": "Wi_10"}, {"parent_Field": null, "parent_Choice_Field": "Chf_1", "parent_ChoiceGroup": "Chgp_1", "w": 27.777952755905513, "h": 27.777952755905513, "y": 829.7330708661417, "x": 100.63070866141732, "structure_id": "Wi_11"}, {"parent_Field": null, "parent_Choice_Field": "Chf_2", "parent_ChoiceGroup": "Chgp_1", "w": 27.777952755905513, "h": 27.777952755905513, "y": 829.7330708661417, "x": 347.63307086614174, "structure_id": "Wi_12"}, {"parent_Field": null, "parent_Choice_Field": "Chf_3", "parent_ChoiceGroup": "Chgp_1", "w": 27.777952755905513, "h": 27.777952755905513, "y": 829.7330708661417, "x": 697.7, "structure_id": "Wi_13"}, {"parent_Field": null, "parent_Choice_Field": "Chf_4", "parent_ChoiceGroup": "Chgp_1", "w": 27.777952755905513, "h": 27.777952755905513, "y": 829.7330708661417, "x": 978.516535433071, "structure_id": "Wi_14"}, {"parent_Field": null, "parent_Choice_Field": "Chf_5", "parent_ChoiceGroup": "Chgp_1", "w": 27.777952755905513, "h": 27.777952755905513, "y": 829.7330708661417, "x": 1278.8834645669292, "structure_id": "Wi_15"}, {"parent_Field": null, "parent_Choice_Field": "Chf_6", "parent_ChoiceGroup": "Chgp_2", "w": 27.777952755905513, "h": 27.777952755905513, "y": 932.3275590551182, "x": 100.63070866141732, "structure_id": "Wi_16"}, {"parent_Field": null, "parent_Choice_Field": "Chf_7", "parent_ChoiceGroup": "Chgp_2", "w": 27.777952755905513, "h": 27.777952755905513, "y": 932.3275590551182, "x": 347.63307086614174, "structure_id": "Wi_17"}, {"parent_Field": null, "parent_Choice_Field": "Chf_8", "parent_ChoiceGroup": "Chgp_2", "w": 27.777952755905513, "h": 27.777952755905513, "y": 932.3275590551182, "x": 697.7, "structure_id": "Wi_18"}, {"parent_Field": null, "parent_Choice_Field": "Chf_9", "parent_ChoiceGroup": "Chgp_2", "w": 27.777952755905513, "h": 27.777952755905513, "y": 932.3275590551182, "x": 978.516535433071, "structure_id": "Wi_19"}, {"parent_Field": null, "parent_Choice_Field": null, "parent_ChoiceGroup": null, "w": 27.777952755905513, "h": 27.777952755905513, "y": 1810.2527559055118, "x": 807.8527559055119, "structure_id": "Wi_20"}, {"parent_Field": null, "parent_Choice_Field": null, "parent_ChoiceGroup": null, "w": 387.2, "h": 79.9779527559055, "y": 1767.0779527559057, "x": 94.66929133858268, "structure_id": "Wi_21"}, {"parent_Field": null, "parent_Choice_Field": null, "parent_ChoiceGroup": null, "w": 27.777952755905513, "h": 27.777952755905513, "y": 1810.2503937007875, "x": 727.8748031496064, "structure_id": "Wi_22"}, {"parent_Field": null, "parent_Choice_Field": null, "parent_ChoiceGroup": null, "w": 348.592125984252, "h": 79.9779527559055, "y": 1768.5496062992127, "x": 867.1330708661418, "structure_id": "Wi_23"}, {"parent_Field": "Fi_11", "parent_Choice_Field": null, "parent_ChoiceGroup": null, "w": 171.43070866141733, "h": 41.94724409448819, "y": 1806.58031496063, "x": 1243.6582677165356, "structure_id": "Wi_24"}, {"parent_Field": "Fi_12", "parent_Choice_Field": null, "parent_ChoiceGroup": null, "w": 171.43070866141733, "h": 41.94724409448819, "y": 1806.58031496063, "x": 1444.3196850393701, "structure_id": "Wi_25"}, {"parent_Field": null, "parent_Choice_Field": null, "parent_ChoiceGroup": null, "w": 212.8, "h": 44.574803149606296, "y": 1803.9527559055118, "x": 484.3196850393701, "structure_id": "Wi_26"}, {"parent_Field": null, "parent_Choice_Field": null, "parent_ChoiceGroup": null, "w": 387.2, "h": 79.9779527559055, "y": 1684.3196850393701, "x": 88.53858267716537, "structure_id": "Wi_27"}, {"parent_Field": null, "parent_Choice_Field": null, "parent_ChoiceGroup": null, "w": 212.8, "h": 44.574803149606296, "y": 1719.7220472440945, "x": 484.3196850393701, "structure_id": "Wi_28"}, {"parent_Field": null, "parent_Choice_Field": null, "parent_ChoiceGroup": null, "w": 27.777952755905513, "h": 27.777952755905513, "y": 1727.3724409448819, "x": 727.8748031496064, "structure_id": "Wi_29"}, {"parent_Field": null, "parent_Choice_Field": null, "parent_ChoiceGroup": null, "w": 27.777952755905513, "h": 27.777952755905513, "y": 1727.3724409448819, "x": 807.8527559055119, "structure_id": "Wi_30"}, {"parent_Field": null, "parent_Choice_Field": null, "parent_ChoiceGroup": null, "w": 348.592125984252, "h": 79.9779527559055, "y": 1684.3196850393701, "x": 867.136220472441, "structure_id": "Wi_31"}, {"parent_Field": "Fi_13", "parent_Choice_Field": null, "parent_ChoiceGroup": null, "w": 171.43070866141733, "h": 41.94724409448819, "y": 1722.3496062992128, "x": 1243.6551181102361, "structure_id": "Wi_32"}, {"parent_Field": "Fi_14", "parent_Choice_Field": null, "parent_ChoiceGroup": null, "w": 171.43070866141733, "h": 41.94724409448819, "y": 1722.3496062992128, "x": 1444.3196850393701, "structure_id": "Wi_33"}, {"parent_Field": null, "parent_Choice_Field": null, "parent_ChoiceGroup": null, "w": 387.2, "h": 79.9779527559055, "y": 1600.0220472440944, "x": 88.53858267716537, "structure_id": "Wi_34"}, {"parent_Field": null, "parent_Choice_Field": null, "parent_ChoiceGroup": null, "w": 212.8, "h": 44.574803149606296, "y": 1635.4251968503938, "x": 484.3196850393701, "structure_id": "Wi_35"}, {"parent_Field": null, "parent_Choice_Field": null, "parent_ChoiceGroup": null, "w": 27.777952755905513, "h": 27.777952755905513, "y": 1640.2385826771656, "x": 727.8748031496064, "structure_id": "Wi_36"}, {"parent_Field": null, "parent_Choice_Field": null, "parent_ChoiceGroup": null, "w": 27.777952755905513, "h": 27.777952755905513, "y": 1640.2385826771656, "x": 807.8527559055119, "structure_id": "Wi_37"}, {"parent_Field": null, "parent_Choice_Field": null, "parent_ChoiceGroup": null, "w": 348.592125984252, "h": 79.9779527559055, "y": 1600.0220472440944, "x": 867.1330708661418, "structure_id": "Wi_38"}, {"parent_Field": "Fi_15", "parent_Choice_Field": null, "parent_ChoiceGroup": null, "w": 171.43070866141733, "h": 41.94724409448819, "y": 1638.052755905512, "x": 1243.6582677165356, "structure_id": "Wi_39"}, {"parent_Field": "Fi_16", "parent_Choice_Field": null, "parent_ChoiceGroup": null, "w": 171.43070866141733, "h": 41.94724409448819, "y": 1638.052755905512, "x": 1444.3196850393701, "structure_id": "Wi_40"}, {"parent_Field": "Fi_17", "parent_Choice_Field": null, "parent_ChoiceGroup": null, "w": 428.02519685039374, "h": 82.59685039370079, "y": 2012.5614173228348, "x": 528.6275590551181, "structure_id": "Wi_41"}, {"parent_Field": "Fi_18", "parent_Choice_Field": null, "parent_ChoiceGroup": null, "w": 428.02519685039374, "h": 82.59685039370079, "y": 2012.5614173228348, "x": 87, "structure_id": "Wi_42"}, {"parent_Field": "Fi_19", "parent_Choice_Field": null, "parent_ChoiceGroup": null, "w": 416, "h": 62, "y": 2024.03125, "x": 973, "structure_id": "Wi_43"}, {"parent_Field": "Fi_20", "parent_Choice_Field": null, "parent_ChoiceGroup": null, "w": 164, "h": 50, "y": 2039.03125, "x": 1429, "structure_id": "Wi_44"}], "TextBlock": [{"parent_Field": null, "parent_Choice_Field": null, "parent_ChoiceGroup": null, "w": 94, "h": 43, "y": 2106, "x": 84, "structure_id": "Tb_1"}, {"parent_Field": null, "parent_Choice_Field": null, "parent_ChoiceGroup": null, "w": 110, "h": 38, "y": 2108, "x": 193, "structure_id": "Tb_2"}, {"parent_Field": null, "parent_Choice_Field": null, "parent_ChoiceGroup": null, "w": 347, "h": 22, "y": 572, "x": 679, "structure_id": "Tb_3"}, {"parent_Field": "Fi_1", "parent_Choice_Field": null, "parent_ChoiceGroup": null, "w": 500, "h": 43, "y": 607, "x": 90, "structure_id": "Tb_4"}, {"parent_Field": null, "parent_Choice_Field": null, "parent_ChoiceGroup": null, "w": 316, "h": 20, "y": 607, "x": 827, "structure_id": "Tb_5"}, {"parent_Field": null, "parent_Choice_Field": null, "parent_ChoiceGroup": null, "w": 423, "h": 33, "y": 654, "x": 844, "structure_id": "Tb_6"}, {"parent_Field": null, "parent_Choice_Field": null, "parent_ChoiceGroup": null, "w": 378, "h": 23, "y": 755, "x": 662, "structure_id": "Tb_7"}, {"parent_Field": "Fi_2", "parent_Choice_Field": null, "parent_ChoiceGroup": null, "w": 296, "h": 39, "y": 1240, "x": 1308, "structure_id": "Tb_8"}, {"parent_Field": "Fi_3", "parent_Choice_Field": null, "parent_ChoiceGroup": null, "w": 336, "h": 19, "y": 1162, "x": 850, "structure_id": "Tb_9"}, {"parent_Field": "Fi_4", "parent_Choice_Field": null, "parent_ChoiceGroup": null, "w": 293, "h": 20, "y": 1073, "x": 848, "structure_id": "Tb_10"}, {"parent_Field": "Fi_5", "parent_Choice_Field": null, "parent_ChoiceGroup": null, "w": 293, "h": 39, "y": 1241, "x": 89, "structure_id": "Tb_11"}, {"parent_Field": "Fi_6", "parent_Choice_Field": null, "parent_ChoiceGroup": null, "w": 280, "h": 39, "y": 1241, "x": 1008, "structure_id": "Tb_12"}, {"parent_Field": "Fi_7", "parent_Choice_Field": null, "parent_ChoiceGroup": null, "w": 232, "h": 39, "y": 1241, "x": 708, "structure_id": "Tb_13"}, {"parent_Field": "Fi_8", "parent_Choice_Field": null, "parent_ChoiceGroup": null, "w": 340, "h": 20, "y": 991, "x": 90, "structure_id": "Tb_14"}, {"parent_Field": "Fi_9", "parent_Choice_Field": null, "parent_ChoiceGroup": null, "w": 736, "h": 19, "y": 1075, "x": 90, "structure_id": "Tb_15"}, {"parent_Field": "Fi_10", "parent_Choice_Field": null, "parent_ChoiceGroup": null, "w": 256, "h": 20, "y": 1241, "x": 409, "structure_id": "Tb_16"}, {"parent_Field": null, "parent_Choice_Field": null, "parent_ChoiceGroup": "Chgp_1", "w": 349, "h": 19, "y": 791, "x": 89, "structure_id": "Tb_17"}, {"parent_Field": null, "parent_Choice_Field": "Chf_1", "parent_ChoiceGroup": "Chgp_1", "w": 151, "h": 19, "y": 834, "x": 134, "structure_id": "Tb_18"}, {"parent_Field": null, "parent_Choice_Field": "Chf_2", "parent_ChoiceGroup": "Chgp_1", "w": 265, "h": 19, "y": 834, "x": 381, "structure_id": "Tb_19"}, {"parent_Field": null, "parent_Choice_Field": "Chf_3", "parent_ChoiceGroup": "Chgp_1", "w": 175, "h": 19, "y": 834, "x": 732, "structure_id": "Tb_20"}, {"parent_Field": null, "parent_Choice_Field": "Chf_4", "parent_ChoiceGroup": "Chgp_1", "w": 214, "h": 19, "y": 834, "x": 1012, "structure_id": "Tb_21"}, {"parent_Field": null, "parent_Choice_Field": "Chf_5", "parent_ChoiceGroup": "Chgp_1", "w": 287, "h": 19, "y": 834, "x": 1316, "structure_id": "Tb_22"}, {"parent_Field": null, "parent_Choice_Field": null, "parent_ChoiceGroup": "Chgp_2", "w": 381, "h": 19, "y": 892, "x": 89, "structure_id": "Tb_23"}, {"parent_Field": null, "parent_Choice_Field": "Chf_6", "parent_ChoiceGroup": "Chgp_2", "w": 160, "h": 20, "y": 936, "x": 134, "structure_id": "Tb_24"}, {"parent_Field": null, "parent_Choice_Field": "Chf_7", "parent_ChoiceGroup": "Chgp_2", "w": 227, "h": 20, "y": 936, "x": 381, "structure_id": "Tb_25"}, {"parent_Field": null, "parent_Choice_Field": "Chf_8", "parent_ChoiceGroup": "Chgp_2", "w": 210, "h": 20, "y": 936, "x": 732, "structure_id": "Tb_26"}, {"parent_Field": null, "parent_Choice_Field": "Chf_9", "parent_ChoiceGroup": "Chgp_2", "w": 342, "h": 20, "y": 936, "x": 1012, "structure_id": "Tb_27"}, {"parent_Field": null, "parent_Choice_Field": null, "parent_ChoiceGroup": null, "w": 336, "h": 22, "y": 1356, "x": 683, "structure_id": "Tb_28"}, {"parent_Field": null, "parent_Choice_Field": null, "parent_ChoiceGroup": null, "w": 1483, "h": 25, "y": 1395, "x": 98, "structure_id": "Tb_29"}, {"parent_Field": "Fi_11", "parent_Choice_Field": null, "parent_ChoiceGroup": null, "w": 15, "h": 36.0, "y": 1808.03125, "x": 1225, "structure_id": "Tb_30"}, {"parent_Field": "Fi_12", "parent_Choice_Field": null, "parent_ChoiceGroup": null, "w": 21, "h": 44.0, "y": 1799.03125, "x": 1423, "structure_id": "Tb_31"}, {"parent_Field": "Fi_13", "parent_Choice_Field": null, "parent_ChoiceGroup": null, "w": 21, "h": 39.0, "y": 1723.03125, "x": 1222, "structure_id": "Tb_32"}, {"parent_Field": "Fi_14", "parent_Choice_Field": null, "parent_ChoiceGroup": null, "w": 14, "h": 35.0, "y": 1724.03125, "x": 1426, "structure_id": "Tb_33"}, {"parent_Field": "Fi_15", "parent_Choice_Field": null, "parent_ChoiceGroup": null, "w": 13, "h": 37.0, "y": 1642.03125, "x": 1227, "structure_id": "Tb_34"}, {"parent_Field": "Fi_16", "parent_Choice_Field": null, "parent_ChoiceGroup": null, "w": 15, "h": 34.0, "y": 1642.03125, "x": 1423, "structure_id": "Tb_35"}, {"parent_Field": null, "parent_Choice_Field": null, "parent_ChoiceGroup": null, "w": 29, "h": 20, "y": 1574, "x": 806, "structure_id": "Tb_36"}, {"parent_Field": null, "parent_Choice_Field": null, "parent_ChoiceGroup": null, "w": 39, "h": 20, "y": 1574, "x": 721, "structure_id": "Tb_37"}, {"parent_Field": null, "parent_Choice_Field": null, "parent_ChoiceGroup": null, "w": 369, "h": 66, "y": 1484, "x": 100, "structure_id": "Tb_38"}, {"parent_Field": null, "parent_Choice_Field": null, "parent_ChoiceGroup": null, "w": 153, "h": 116, "y": 1442, "x": 708, "structure_id": "Tb_39"}, {"parent_Field": null, "parent_Choice_Field": null, "parent_ChoiceGroup": null, "w": 237, "h": 20, "y": 1495, "x": 925, "structure_id": "Tb_40"}, {"parent_Field": null, "parent_Choice_Field": null, "parent_ChoiceGroup": null, "w": 146, "h": 43, "y": 1484, "x": 1250, "structure_id": "Tb_41"}, {"parent_Field": null, "parent_Choice_Field": null, "parent_ChoiceGroup": null, "w": 163, "h": 66, "y": 1484, "x": 512, "structure_id": "Tb_42"}, {"parent_Field": null, "parent_Choice_Field": null, "parent_ChoiceGroup": null, "w": 177, "h": 43, "y": 1484, "x": 1435, "structure_id": "Tb_43"}, {"parent_Field": null, "parent_Choice_Field": null, "parent_ChoiceGroup": null, "w": 629, "h": 22, "y": 1858, "x": 535, "structure_id": "Tb_44"}, {"parent_Field": "Fi_17", "parent_Choice_Field": null, "parent_ChoiceGroup": null, "w": 394, "h": 20, "y": 1991, "x": 524, "structure_id": "Tb_45"}, {"parent_Field": null, "parent_Choice_Field": null, "parent_ChoiceGroup": null, "w": 1518, "h": 75, "y": 1891, "x": 94, "structure_id": "Tb_46"}, {"parent_Field": "Fi_18", "parent_Choice_Field": null, "parent_ChoiceGroup": null, "w": 218, "h": 20, "y": 1991, "x": 88, "structure_id": "Tb_47"}, {"parent_Field": "Fi_19", "parent_Choice_Field": null, "parent_ChoiceGroup": null, "w": 279, "h": 20, "y": 1991, "x": 966, "structure_id": "Tb_48"}, {"parent_Field": "Fi_20", "parent_Choice_Field": null, "parent_ChoiceGroup": null, "w": 164, "h": 39, "y": 1991, "x": 1428, "structure_id": "Tb_49"}, {"parent_Field": null, "parent_Choice_Field": null, "parent_ChoiceGroup": null, "w": 739, "h": 80, "y": 112, "x": 762, "structure_id": "Tb_50"}, {"parent_Field": null, "parent_Choice_Field": null, "parent_ChoiceGroup": null, "w": 1515, "h": 98, "y": 375, "x": 96, "structure_id": "Tb_51"}, {"parent_Field": null, "parent_Choice_Field": null, "parent_ChoiceGroup": null, "w": 1515, "h": 148, "y": 208, "x": 96, "structure_id": "Tb_52"}, {"parent_Field": null, "parent_Choice_Field": null, "parent_ChoiceGroup": null, "w": 1515, "h": 72, "y": 487, "x": 96, "structure_id": "Tb_53"}, {"parent_Field": null, "parent_Choice_Field": null, "parent_ChoiceGroup": null, "w": 357, "h": 39, "y": 2107, "x": 565, "structure_id": "Tb_54"}], "Choice_Field": [{"y": 829.7330708661417, "x": 100.63070866141732, "structure_id": "Chf_1", "w": 184.36929133858268, "h": 27.777952755905517}, {"y": 829.7330708661417, "x": 347.63307086614174, "structure_id": "Chf_2", "w": 298.36692913385826, "h": 27.777952755905517}, {"y": 829.7330708661417, "x": 697.7, "structure_id": "Chf_3", "w": 209.29999999999995, "h": 27.777952755905517}, {"y": 829.7330708661417, "x": 978.516535433071, "structure_id": "Chf_4", "w": 247.483464566929, "h": 27.777952755905517}, {"y": 829.7330708661417, "x": 1278.8834645669292, "structure_id": "Chf_5", "w": 324.1165354330708, "h": 27.777952755905517}, {"y": 932.3275590551182, "x": 100.63070866141732, "structure_id": "Chf_6", "w": 193.36929133858268, "h": 27.777952755905517}, {"y": 932.3275590551182, "x": 347.63307086614174, "structure_id": "Chf_7", "w": 260.36692913385826, "h": 27.777952755905517}, {"y": 932.3275590551182, "x": 697.7, "structure_id": "Chf_8", "w": 244.29999999999995, "h": 27.777952755905517}, {"y": 932.3275590551182, "x": 978.516535433071, "structure_id": "Chf_9", "w": 375.483464566929, "h": 27.777952755905517}], "Field": [{"y": 607, "x": 90, "structure_id": "Fi_1", "w": 712.8803149606299, "h": 134.5031496062993}, {"y": 1240, "x": 1305.7385826771654, "structure_id": "Fi_2", "w": 298.26141732283463, "h": 102.73622047244112}, {"y": 1162, "x": 850, "structure_id": "Fi_3", "w": 336, "h": 66.21889763779518}, {"y": 1073, "x": 848, "structure_id": "Fi_4", "w": 756.4944881889764, "h": 72.35511811023639}, {"y": 1241, "x": 89, "structure_id": "Fi_5", "w": 293, "h": 101.73622047244112}, {"y": 1241, "x": 1008, "structure_id": "Fi_6", "w": 285.4188976377952, "h": 101.73622047244112}, {"y": 1241, "x": 708, "structure_id": "Fi_7", "w": 285.30000000000007, "h": 101.73622047244112}, {"y": 991, "x": 90, "structure_id": "Fi_8", "w": 714.2968503937009, "h": 73.38582677165368}, {"y": 1075, "x": 90, "structure_id": "Fi_9", "w": 736, "h": 152.71653543307093}, {"y": 1241, "x": 405.0196850393701, "structure_id": "Fi_10", "w": 288.1, "h": 101.73622047244112}, {"y": 1806.58031496063, "x": 1225, "structure_id": "Fi_11", "w": 190.08897637795303, "h": 41.94724409448827}, {"y": 1799.03125, "x": 1423, "structure_id": "Fi_12", "w": 192.75039370078753, "h": 49.49630905511822}, {"y": 1722.3496062992128, "x": 1222, "structure_id": "Fi_13", "w": 193.0858267716535, "h": 41.94724409448827}, {"y": 1722.3496062992128, "x": 1426, "structure_id": "Fi_14", "w": 189.75039370078753, "h": 41.94724409448827}, {"y": 1638.052755905512, "x": 1227, "structure_id": "Fi_15", "w": 188.08897637795303, "h": 41.94724409448827}, {"y": 1638.052755905512, "x": 1423, "structure_id": "Fi_16", "w": 192.75039370078753, "h": 41.94724409448827}, {"y": 1991, "x": 524, "structure_id": "Fi_17", "w": 432.65275590551187, "h": 104.15826771653565}, {"y": 1991, "x": 87, "structure_id": "Fi_18", "w": 428.02519685039374, "h": 104.15826771653565}, {"y": 1991, "x": 966, "structure_id": "Fi_19", "w": 423, "h": 95.03125}, {"y": 1991, "x": 1428, "structure_id": "Fi_20", "w": 165, "h": 98.03125}], "TextRun": [{"parent_TextBlock": "Tb_1", "text": "VA FORM", "parent_Field": null, "parent_Choice_Field": null, "parent_ChoiceGroup": null, "w": 94, "h": 20, "y": 2106, "x": 84, "structure_id": "Tr_1"}, {"parent_TextBlock": "Tb_1", "text": "JUL 2007", "parent_Field": null, "parent_Choice_Field": null, "parent_ChoiceGroup": null, "w": 89, "h": 19, "y": 2130, "x": 84, "structure_id": "Tr_2"}, {"parent_TextBlock": "Tb_2", "text": "0730b", "parent_Field": null, "parent_Choice_Field": null, "parent_ChoiceGroup": null, "w": 110, "h": 38, "y": 2108, "x": 193, "structure_id": "Tr_3"}, {"parent_TextBlock": "Tb_3", "text": "PART I - PARENT INFORMATION", "parent_Field": null, "parent_Choice_Field": null, "parent_ChoiceGroup": null, "w": 347, "h": 22, "y": 572, "x": 679, "structure_id": "Tr_4"}, {"parent_TextBlock": "Tb_4", "text": "1. NAME OF PARENT/LEGAL GUARDIAN WITH CHILD", "parent_Field": "Fi_1", "parent_Choice_Field": null, "parent_ChoiceGroup": null, "w": 500, "h": 20, "y": 607, "x": 90, "structure_id": "Tr_5"}, {"parent_TextBlock": "Tb_4", "text": "IN THE PROVIDER'S CARE", "parent_Field": "Fi_1", "parent_Choice_Field": null, "parent_ChoiceGroup": null, "w": 268, "h": 19, "y": 631, "x": 90, "structure_id": "Tr_6"}, {"parent_TextBlock": "Tb_5", "text": "2. FEDERAL AGENCY OF PARENT", "parent_Field": null, "parent_Choice_Field": null, "parent_ChoiceGroup": null, "w": 316, "h": 20, "y": 607, "x": 827, "structure_id": "Tr_7"}, {"parent_TextBlock": "Tb_6", "text": "Department of Veterans Affairs", "parent_Field": null, "parent_Choice_Field": null, "parent_ChoiceGroup": null, "w": 423, "h": 33, "y": 654, "x": 844, "structure_id": "Tr_8"}, {"parent_TextBlock": "Tb_7", "text": "PART II - PROVIDER INFORMATION", "parent_Field": null, "parent_Choice_Field": null, "parent_ChoiceGroup": null, "w": 378, "h": 23, "y": 755, "x": 662, "structure_id": "Tr_9"}, {"parent_TextBlock": "Tb_8", "text": "11. LICENSE EXPIRATION DATE", "parent_Field": "Fi_2", "parent_Choice_Field": null, "parent_ChoiceGroup": null, "w": 296, "h": 19, "y": 1240, "x": 1308, "structure_id": "Tr_10"}, {"parent_TextBlock": "Tb_8", "text": "(MM/DD/YYYY)", "parent_Field": "Fi_2", "parent_Choice_Field": null, "parent_ChoiceGroup": null, "w": 127, "h": 20, "y": 1259, "x": 1341, "structure_id": "Tr_11"}, {"parent_TextBlock": "Tb_9", "text": "6. PROVIDER TELEPHONE NUMBER", "parent_Field": "Fi_3", "parent_Choice_Field": null, "parent_ChoiceGroup": null, "w": 336, "h": 19, "y": 1162, "x": 850, "structure_id": "Tr_12"}, {"parent_TextBlock": "Tb_10", "text": "5. PROVIDER E-MAIL ADDRESS", "parent_Field": "Fi_4", "parent_Choice_Field": null, "parent_ChoiceGroup": null, "w": 293, "h": 20, "y": 1073, "x": 848, "structure_id": "Tr_13"}, {"parent_TextBlock": "Tb_11", "text": "7. TAX IDENTIFICATION NO. OR", "parent_Field": "Fi_5", "parent_Choice_Field": null, "parent_ChoiceGroup": null, "w": 293, "h": 20, "y": 1241, "x": 89, "structure_id": "Tr_14"}, {"parent_TextBlock": "Tb_11", "text": "SOCIAL SECURITY NO.", "parent_Field": "Fi_5", "parent_Choice_Field": null, "parent_ChoiceGroup": null, "w": 236, "h": 19, "y": 1261, "x": 89, "structure_id": "Tr_15"}, {"parent_TextBlock": "Tb_12", "text": "10. STATE IN WHICH LICENSE", "parent_Field": "Fi_6", "parent_Choice_Field": null, "parent_ChoiceGroup": null, "w": 280, "h": 20, "y": 1241, "x": 1008, "structure_id": "Tr_16"}, {"parent_TextBlock": "Tb_12", "text": "IS ISSUED", "parent_Field": "Fi_6", "parent_Choice_Field": null, "parent_ChoiceGroup": null, "w": 129, "h": 19, "y": 1261, "x": 1008, "structure_id": "Tr_17"}, {"parent_TextBlock": "Tb_13", "text": "9. LICENSE NUMBER OF", "parent_Field": "Fi_7", "parent_Choice_Field": null, "parent_ChoiceGroup": null, "w": 232, "h": 20, "y": 1241, "x": 708, "structure_id": "Tr_18"}, {"parent_TextBlock": "Tb_13", "text": "PROVIDER", "parent_Field": "Fi_7", "parent_Choice_Field": null, "parent_ChoiceGroup": null, "w": 123, "h": 19, "y": 1261, "x": 708, "structure_id": "Tr_19"}, {"parent_TextBlock": "Tb_14", "text": "3. NAME OF CHILD CARE PROVIDER", "parent_Field": "Fi_8", "parent_Choice_Field": null, "parent_ChoiceGroup": null, "w": 340, "h": 20, "y": 991, "x": 90, "structure_id": "Tr_20"}, {"parent_TextBlock": "Tb_15", "text": "4. ADDRESS OF CHILD CARE PROVIDER", "parent_Field": "Fi_9", "parent_Choice_Field": null, "parent_ChoiceGroup": null, "w": 383, "h": 19, "y": 1075, "x": 90, "structure_id": "Tr_21"}, {"parent_TextBlock": "Tb_15", "text": "(Include street number, city, state, ZIP Code)", "parent_Field": "Fi_9", "parent_Choice_Field": null, "parent_ChoiceGroup": null, "w": 353, "h": 19, "y": 1075, "x": 473, "structure_id": "Tr_22"}, {"parent_TextBlock": "Tb_16", "text": "8. PROVIDER FAX NUMBER", "parent_Field": "Fi_10", "parent_Choice_Field": null, "parent_ChoiceGroup": null, "w": 256, "h": 20, "y": 1241, "x": 409, "structure_id": "Tr_23"}, {"parent_TextBlock": "Tb_17", "text": "1. TYPE OF PROVIDER", "parent_Field": null, "parent_Choice_Field": null, "parent_ChoiceGroup": "Chgp_1", "w": 217, "h": 19, "y": 791, "x": 89, "structure_id": "Tr_24"}, {"parent_TextBlock": "Tb_17", "text": "(Check only one)", "parent_Field": null, "parent_Choice_Field": null, "parent_ChoiceGroup": "Chgp_1", "w": 132, "h": 19, "y": 791, "x": 306, "structure_id": "Tr_25"}, {"parent_TextBlock": "Tb_18", "text": "CENTER BASED", "parent_Field": null, "parent_Choice_Field": "Chf_1", "parent_ChoiceGroup": "Chgp_1", "w": 151, "h": 19, "y": 834, "x": 134, "structure_id": "Tr_26"}, {"parent_TextBlock": "Tb_19", "text": "FAMILY HOME BASED CARE", "parent_Field": null, "parent_Choice_Field": "Chf_2", "parent_ChoiceGroup": "Chgp_1", "w": 265, "h": 19, "y": 834, "x": 381, "structure_id": "Tr_27"}, {"parent_TextBlock": "Tb_20", "text": "VA CHILD CENTER", "parent_Field": null, "parent_Choice_Field": "Chf_3", "parent_ChoiceGroup": "Chgp_1", "w": 175, "h": 19, "y": 834, "x": 732, "structure_id": "Tr_28"}, {"parent_TextBlock": "Tb_21", "text": "SCHOOL-BASED CARE", "parent_Field": null, "parent_Choice_Field": "Chf_4", "parent_ChoiceGroup": "Chgp_1", "w": 214, "h": 19, "y": 834, "x": 1012, "structure_id": "Tr_29"}, {"parent_TextBlock": "Tb_22", "text": "OTHER FEDERAL CHILD CARE", "parent_Field": null, "parent_Choice_Field": "Chf_5", "parent_ChoiceGroup": "Chgp_1", "w": 287, "h": 19, "y": 834, "x": 1316, "structure_id": "Tr_30"}, {"parent_TextBlock": "Tb_23", "text": "2. CHILD CARE SERVICES", "parent_Field": null, "parent_Choice_Field": null, "parent_ChoiceGroup": "Chgp_2", "w": 248, "h": 19, "y": 892, "x": 89, "structure_id": "Tr_31"}, {"parent_TextBlock": "Tb_23", "text": "(Check only one)", "parent_Field": null, "parent_Choice_Field": null, "parent_ChoiceGroup": "Chgp_2", "w": 133, "h": 19, "y": 892, "x": 337, "structure_id": "Tr_32"}, {"parent_TextBlock": "Tb_24", "text": "FULL-TIME CARE", "parent_Field": null, "parent_Choice_Field": "Chf_6", "parent_ChoiceGroup": "Chgp_2", "w": 160, "h": 20, "y": 936, "x": 134, "structure_id": "Tr_33"}, {"parent_TextBlock": "Tb_25", "text": "BEFORE SCHOOL CARE", "parent_Field": null, "parent_Choice_Field": "Chf_7", "parent_ChoiceGroup": "Chgp_2", "w": 227, "h": 20, "y": 936, "x": 381, "structure_id": "Tr_34"}, {"parent_TextBlock": "Tb_26", "text": "AFTER SCHOOL CARE", "parent_Field": null, "parent_Choice_Field": "Chf_8", "parent_ChoiceGroup": "Chgp_2", "w": 210, "h": 20, "y": 936, "x": 732, "structure_id": "Tr_35"}, {"parent_TextBlock": "Tb_27", "text": "BEFORE AND AFTER SCHOOL CARE", "parent_Field": null, "parent_Choice_Field": "Chf_9", "parent_ChoiceGroup": "Chgp_2", "w": 342, "h": 20, "y": 936, "x": 1012, "structure_id": "Tr_36"}, {"parent_TextBlock": "Tb_28", "text": "PART III - CHILD INFORMATION", "parent_Field": null, "parent_Choice_Field": null, "parent_ChoiceGroup": null, "w": 336, "h": 22, "y": 1356, "x": 683, "structure_id": "Tr_37"}, {"parent_TextBlock": "Tb_29", "text": "INSTRUCTION:", "parent_Field": null, "parent_Choice_Field": null, "parent_ChoiceGroup": null, "w": 184, "h": 25, "y": 1395, "x": 98, "structure_id": "Tr_38"}, {"parent_TextBlock": "Tb_29", "text": "Please furnish the information below", "parent_Field": null, "parent_Choice_Field": null, "parent_ChoiceGroup": null, "w": 383, "h": 25, "y": 1395, "x": 282, "structure_id": "Tr_39"}, {"parent_TextBlock": "Tb_29", "text": "and attach a copy of your latest license and/or regulatory document and schedule of fees.", "parent_Field": null, "parent_Choice_Field": null, "parent_ChoiceGroup": null, "w": 916, "h": 25, "y": 1395, "x": 665, "structure_id": "Tr_40"}, {"parent_TextBlock": "Tb_30", "parent_Field": "Fi_11", "parent_Choice_Field": null, "parent_ChoiceGroup": null, "w": 15, "h": 36, "y": 1808.03125, "x": 1225, "structure_id": "Tr_41"}, {"parent_TextBlock": "Tb_31", "parent_Field": "Fi_12", "parent_Choice_Field": null, "parent_ChoiceGroup": null, "w": 21, "h": 44, "y": 1799.03125, "x": 1423, "structure_id": "Tr_42"}, {"parent_TextBlock": "Tb_32", "parent_Field": "Fi_13", "parent_Choice_Field": null, "parent_ChoiceGroup": null, "w": 21, "h": 39, "y": 1723.03125, "x": 1222, "structure_id": "Tr_43"}, {"parent_TextBlock": "Tb_33", "parent_Field": "Fi_14", "parent_Choice_Field": null, "parent_ChoiceGroup": null, "w": 14, "h": 35, "y": 1724.03125, "x": 1426, "structure_id": "Tr_44"}, {"parent_TextBlock": "Tb_34", "parent_Field": "Fi_15", "parent_Choice_Field": null, "parent_ChoiceGroup": null, "w": 13, "h": 37, "y": 1642.03125, "x": 1227, "structure_id": "Tr_45"}, {"parent_TextBlock": "Tb_35", "parent_Field": "Fi_16", "parent_Choice_Field": null, "parent_ChoiceGroup": null, "w": 15, "h": 34, "y": 1642.03125, "x": 1423, "structure_id": "Tr_46"}, {"parent_TextBlock": "Tb_36", "text": "NO", "parent_Field": null, "parent_Choice_Field": null, "parent_ChoiceGroup": null, "w": 29, "h": 20, "y": 1574, "x": 806, "structure_id": "Tr_47"}, {"parent_TextBlock": "Tb_37", "text": "YES", "parent_Field": null, "parent_Choice_Field": null, "parent_ChoiceGroup": null, "w": 39, "h": 20, "y": 1574, "x": 721, "structure_id": "Tr_48"}, {"parent_TextBlock": "Tb_38", "text": "A. NAME OF EACH CHILD IN SECTION I", "parent_Field": null, "parent_Choice_Field": null, "parent_ChoiceGroup": null, "w": 369, "h": 19, "y": 1484, "x": 100, "structure_id": "Tr_49"}, {"parent_TextBlock": "Tb_38", "text": "PARENT'S FAMILY ENROLLED", "parent_Field": null, "parent_Choice_Field": null, "parent_ChoiceGroup": null, "w": 287, "h": 20, "y": 1507, "x": 141, "structure_id": "Tr_50"}, {"parent_TextBlock": "Tb_38", "text": "(Last, first, middle initial)", "parent_Field": null, "parent_Choice_Field": null, "parent_ChoiceGroup": null, "w": 201, "h": 19, "y": 1531, "x": 181, "structure_id": "Tr_51"}, {"parent_TextBlock": "Tb_39", "text": "C. DOES THE", "parent_Field": null, "parent_Choice_Field": null, "parent_ChoiceGroup": null, "w": 135, "h": 19, "y": 1442, "x": 720, "structure_id": "Tr_52"}, {"parent_TextBlock": "Tb_39", "text": "CHILD RECEIVE", "parent_Field": null, "parent_Choice_Field": null, "parent_ChoiceGroup": null, "w": 153, "h": 20, "y": 1461, "x": 708, "structure_id": "Tr_53"}, {"parent_TextBlock": "Tb_39", "text": "ANY OTHER", "parent_Field": null, "parent_Choice_Field": null, "parent_ChoiceGroup": null, "w": 119, "h": 19, "y": 1481, "x": 726, "structure_id": "Tr_54"}, {"parent_TextBlock": "Tb_39", "text": "SUBSIDY?", "parent_Field": null, "parent_Choice_Field": null, "parent_ChoiceGroup": null, "w": 107, "h": 19, "y": 1500, "x": 720, "structure_id": "Tr_55"}, {"parent_TextBlock": "Tb_39", "text": "(If", "parent_Field": null, "parent_Choice_Field": null, "parent_ChoiceGroup": null, "w": 23, "h": 20, "y": 1500, "x": 827, "structure_id": "Tr_56"}, {"parent_TextBlock": "Tb_39", "text": "\"YES,\"", "parent_Field": null, "parent_Choice_Field": null, "parent_ChoiceGroup": null, "w": 63, "h": 20, "y": 1519, "x": 716, "structure_id": "Tr_57"}, {"parent_TextBlock": "Tb_39", "text": "complete", "parent_Field": null, "parent_Choice_Field": null, "parent_ChoiceGroup": null, "w": 70, "h": 19, "y": 1520, "x": 779, "structure_id": "Tr_58"}, {"parent_TextBlock": "Tb_39", "text": "D and E.)", "parent_Field": null, "parent_Choice_Field": null, "parent_ChoiceGroup": null, "w": 93, "h": 19, "y": 1539, "x": 739, "structure_id": "Tr_59"}, {"parent_TextBlock": "Tb_40", "text": "D. SOURCE OF SUBSIDY", "parent_Field": null, "parent_Choice_Field": null, "parent_ChoiceGroup": null, "w": 237, "h": 20, "y": 1495, "x": 925, "structure_id": "Tr_60"}, {"parent_TextBlock": "Tb_41", "text": "E. AMOUNT OF", "parent_Field": null, "parent_Choice_Field": null, "parent_ChoiceGroup": null, "w": 146, "h": 19, "y": 1484, "x": 1250, "structure_id": "Tr_61"}, {"parent_TextBlock": "Tb_41", "text": "SUBSIDY", "parent_Field": null, "parent_Choice_Field": null, "parent_ChoiceGroup": null, "w": 91, "h": 20, "y": 1507, "x": 1277, "structure_id": "Tr_62"}, {"parent_TextBlock": "Tb_42", "text": "B. ENROLLMENT", "parent_Field": null, "parent_Choice_Field": null, "parent_ChoiceGroup": null, "w": 163, "h": 19, "y": 1484, "x": 512, "structure_id": "Tr_63"}, {"parent_TextBlock": "Tb_42", "text": "DATE", "parent_Field": null, "parent_Choice_Field": null, "parent_ChoiceGroup": null, "w": 57, "h": 20, "y": 1507, "x": 565, "structure_id": "Tr_64"}, {"parent_TextBlock": "Tb_42", "text": "(MM/DD/YYYY)", "parent_Field": null, "parent_Choice_Field": null, "parent_ChoiceGroup": null, "w": 128, "h": 19, "y": 1531, "x": 527, "structure_id": "Tr_65"}, {"parent_TextBlock": "Tb_43", "text": "F. TOTAL WEEKLY", "parent_Field": null, "parent_Choice_Field": null, "parent_ChoiceGroup": null, "w": 177, "h": 19, "y": 1484, "x": 1435, "structure_id": "Tr_66"}, {"parent_TextBlock": "Tb_43", "text": "FEE FOR CHILD", "parent_Field": null, "parent_Choice_Field": null, "parent_ChoiceGroup": null, "w": 153, "h": 20, "y": 1507, "x": 1447, "structure_id": "Tr_67"}, {"parent_TextBlock": "Tb_44", "text": "PART IV - CERTIFICATION AND SIGNATURE OF PROVIDER", "parent_Field": null, "parent_Choice_Field": null, "parent_ChoiceGroup": null, "w": 629, "h": 22, "y": 1858, "x": 535, "structure_id": "Tr_68"}, {"parent_TextBlock": "Tb_45", "text": "2. TITLE OF PROVIDER REPRESENTATIVE", "parent_Field": "Fi_17", "parent_Choice_Field": null, "parent_ChoiceGroup": null, "w": 394, "h": 20, "y": 1991, "x": 524, "structure_id": "Tr_69"}, {"parent_TextBlock": "Tb_46", "text": "CERTIFICATION:  I certify", "parent_Field": null, "parent_Choice_Field": null, "parent_ChoiceGroup": null, "w": 310, "h": 25, "y": 1891, "x": 94, "structure_id": "Tr_70"}, {"parent_TextBlock": "Tb_46", "text": "that the above information is true and correct to the best of my knowledge.  I understand that it is a Federal crime under", "parent_Field": null, "parent_Choice_Field": null, "parent_ChoiceGroup": null, "w": 1208, "h": 25, "y": 1891, "x": 404, "structure_id": "Tr_71"}, {"parent_TextBlock": "Tb_46", "text": "United States Code 18, Section 1001, to make a false statement on this form.  If I make a false statement, I agree to be subject to criminal prosecution", "parent_Field": null, "parent_Choice_Field": null, "parent_ChoiceGroup": null, "w": 1503, "h": 25, "y": 1916, "x": 94, "structure_id": "Tr_72"}, {"parent_TextBlock": "Tb_46", "text": "and punishment including a fine, imprisonment, or both.", "parent_Field": null, "parent_Choice_Field": null, "parent_ChoiceGroup": null, "w": 564, "h": 25, "y": 1941, "x": 94, "structure_id": "Tr_73"}, {"parent_TextBlock": "Tb_47", "text": "1. NAME OF PROVIDER", "parent_Field": "Fi_18", "parent_Choice_Field": null, "parent_ChoiceGroup": null, "w": 218, "h": 20, "y": 1991, "x": 88, "structure_id": "Tr_74"}, {"parent_TextBlock": "Tb_48", "text": "3. SIGNATURE OF PROVIDER", "parent_Field": "Fi_19", "parent_Choice_Field": null, "parent_ChoiceGroup": null, "w": 279, "h": 20, "y": 1991, "x": 966, "structure_id": "Tr_75"}, {"parent_TextBlock": "Tb_49", "text": "4. DATE SIGNED", "parent_Field": "Fi_20", "parent_Choice_Field": null, "parent_ChoiceGroup": null, "w": 164, "h": 20, "y": 1991, "x": 1428, "structure_id": "Tr_76"}, {"parent_TextBlock": "Tb_49", "text": "(MM/DD/YYYY)", "parent_Field": "Fi_20", "parent_Choice_Field": null, "parent_ChoiceGroup": null, "w": 147, "h": 19, "y": 2011, "x": 1428, "structure_id": "Tr_77"}, {"parent_TextBlock": "Tb_50", "text": "CHILD CARE PROVIDER INFORMATION", "parent_Field": null, "parent_Choice_Field": null, "parent_ChoiceGroup": null, "w": 739, "h": 39, "y": 112, "x": 762, "structure_id": "Tr_78"}, {"parent_TextBlock": "Tb_50", "text": "(For the Child Care Subsidy Program)", "parent_Field": null, "parent_Choice_Field": null, "parent_ChoiceGroup": null, "w": 551, "h": 33, "y": 159, "x": 860, "structure_id": "Tr_79"}, {"parent_TextBlock": "Tb_51", "text": "RESPONDENT", "parent_Field": null, "parent_Choice_Field": null, "parent_ChoiceGroup": null, "w": 157, "h": 23, "y": 375, "x": 96, "structure_id": "Tr_80"}, {"parent_TextBlock": "Tb_51", "text": "BURDEN", "parent_Field": null, "parent_Choice_Field": null, "parent_ChoiceGroup": null, "w": 100, "h": 23, "y": 375, "x": 253, "structure_id": "Tr_81"}, {"parent_TextBlock": "Tb_51", "text": "-\u00c2\u00a0", "parent_Field": null, "parent_Choice_Field": null, "parent_ChoiceGroup": null, "w": 13, "h": 23, "y": 375, "x": 353, "structure_id": "Tr_82"}, {"parent_TextBlock": "Tb_51", "text": "Public", "parent_Field": null, "parent_Choice_Field": null, "parent_ChoiceGroup": null, "w": 62, "h": 23, "y": 375, "x": 366, "structure_id": "Tr_83"}, {"parent_TextBlock": "Tb_51", "text": "reporting", "parent_Field": null, "parent_Choice_Field": null, "parent_ChoiceGroup": null, "w": 87, "h": 23, "y": 375, "x": 429, "structure_id": "Tr_84"}, {"parent_TextBlock": "Tb_51", "text": "burden", "parent_Field": null, "parent_Choice_Field": null, "parent_ChoiceGroup": null, "w": 67, "h": 23, "y": 375, "x": 516, "structure_id": "Tr_85"}, {"parent_TextBlock": "Tb_51", "text": "for", "parent_Field": null, "parent_Choice_Field": null, "parent_ChoiceGroup": null, "w": 32, "h": 23, "y": 375, "x": 583, "structure_id": "Tr_86"}, {"parent_TextBlock": "Tb_51", "text": "this", "parent_Field": null, "parent_Choice_Field": null, "parent_ChoiceGroup": null, "w": 38, "h": 23, "y": 375, "x": 615, "structure_id": "Tr_87"}, {"parent_TextBlock": "Tb_51", "text": "collection", "parent_Field": null, "parent_Choice_Field": null, "parent_ChoiceGroup": null, "w": 93, "h": 23, "y": 375, "x": 653, "structure_id": "Tr_88"}, {"parent_TextBlock": "Tb_51", "text": "of", "parent_Field": null, "parent_Choice_Field": null, "parent_ChoiceGroup": null, "w": 24, "h": 23, "y": 375, "x": 746, "structure_id": "Tr_89"}, {"parent_TextBlock": "Tb_51", "text": "information", "parent_Field": null, "parent_Choice_Field": null, "parent_ChoiceGroup": null, "w": 110, "h": 23, "y": 375, "x": 771, "structure_id": "Tr_90"}, {"parent_TextBlock": "Tb_51", "text": "is", "parent_Field": null, "parent_Choice_Field": null, "parent_ChoiceGroup": null, "w": 21, "h": 23, "y": 375, "x": 881, "structure_id": "Tr_91"}, {"parent_TextBlock": "Tb_51", "text": "estimated", "parent_Field": null, "parent_Choice_Field": null, "parent_ChoiceGroup": null, "w": 91, "h": 23, "y": 375, "x": 902, "structure_id": "Tr_92"}, {"parent_TextBlock": "Tb_51", "text": "to", "parent_Field": null, "parent_Choice_Field": null, "parent_ChoiceGroup": null, "w": 23, "h": 23, "y": 375, "x": 993, "structure_id": "Tr_93"}, {"parent_TextBlock": "Tb_51", "text": "average", "parent_Field": null, "parent_Choice_Field": null, "parent_ChoiceGroup": null, "w": 75, "h": 23, "y": 375, "x": 1016, "structure_id": "Tr_94"}, {"parent_TextBlock": "Tb_51", "text": "10", "parent_Field": null, "parent_Choice_Field": null, "parent_ChoiceGroup": null, "w": 28, "h": 23, "y": 375, "x": 1091, "structure_id": "Tr_95"}, {"parent_TextBlock": "Tb_51", "text": "minutes", "parent_Field": null, "parent_Choice_Field": null, "parent_ChoiceGroup": null, "w": 76, "h": 23, "y": 375, "x": 1119, "structure_id": "Tr_96"}, {"parent_TextBlock": "Tb_51", "text": "per", "parent_Field": null, "parent_Choice_Field": null, "parent_ChoiceGroup": null, "w": 34, "h": 23, "y": 375, "x": 1195, "structure_id": "Tr_97"}, {"parent_TextBlock": "Tb_51", "text": "response,", "parent_Field": null, "parent_Choice_Field": null, "parent_ChoiceGroup": null, "w": 89, "h": 23, "y": 375, "x": 1229, "structure_id": "Tr_98"}, {"parent_TextBlock": "Tb_51", "text": "including", "parent_Field": null, "parent_Choice_Field": null, "parent_ChoiceGroup": null, "w": 90, "h": 23, "y": 375, "x": 1318, "structure_id": "Tr_99"}, {"parent_TextBlock": "Tb_51", "text": "the", "parent_Field": null, "parent_Choice_Field": null, "parent_ChoiceGroup": null, "w": 33, "h": 23, "y": 375, "x": 1408, "structure_id": "Tr_100"}, {"parent_TextBlock": "Tb_51", "text": "time", "parent_Field": null, "parent_Choice_Field": null, "parent_ChoiceGroup": null, "w": 45, "h": 23, "y": 375, "x": 1441, "structure_id": "Tr_101"}, {"parent_TextBlock": "Tb_51", "text": "for", "parent_Field": null, "parent_Choice_Field": null, "parent_ChoiceGroup": null, "w": 32, "h": 23, "y": 375, "x": 1486, "structure_id": "Tr_102"}, {"parent_TextBlock": "Tb_51", "text": "reviewing", "parent_Field": null, "parent_Choice_Field": null, "parent_ChoiceGroup": null, "w": 93, "h": 23, "y": 375, "x": 1518, "structure_id": "Tr_103"}, {"parent_TextBlock": "Tb_51", "text": "instructions,", "parent_Field": null, "parent_Choice_Field": null, "parent_ChoiceGroup": null, "w": 114, "h": 23, "y": 400, "x": 96, "structure_id": "Tr_104"}, {"parent_TextBlock": "Tb_51", "text": "searching", "parent_Field": null, "parent_Choice_Field": null, "parent_ChoiceGroup": null, "w": 91, "h": 23, "y": 400, "x": 212, "structure_id": "Tr_105"}, {"parent_TextBlock": "Tb_51", "text": "existing", "parent_Field": null, "parent_Choice_Field": null, "parent_ChoiceGroup": null, "w": 76, "h": 23, "y": 400, "x": 305, "structure_id": "Tr_106"}, {"parent_TextBlock": "Tb_51", "text": "data", "parent_Field": null, "parent_Choice_Field": null, "parent_ChoiceGroup": null, "w": 43, "h": 23, "y": 400, "x": 383, "structure_id": "Tr_107"}, {"parent_TextBlock": "Tb_51", "text": "sources,", "parent_Field": null, "parent_Choice_Field": null, "parent_ChoiceGroup": null, "w": 78, "h": 23, "y": 400, "x": 427, "structure_id": "Tr_108"}, {"parent_TextBlock": "Tb_51", "text": "gathering", "parent_Field": null, "parent_Choice_Field": null, "parent_ChoiceGroup": null, "w": 90, "h": 23, "y": 400, "x": 507, "structure_id": "Tr_109"}, {"parent_TextBlock": "Tb_51", "text": "and", "parent_Field": null, "parent_Choice_Field": null, "parent_ChoiceGroup": null, "w": 37, "h": 23, "y": 400, "x": 599, "structure_id": "Tr_110"}, {"parent_TextBlock": "Tb_51", "text": "maintaining", "parent_Field": null, "parent_Choice_Field": null, "parent_ChoiceGroup": null, "w": 112, "h": 23, "y": 400, "x": 638, "structure_id": "Tr_111"}, {"parent_TextBlock": "Tb_51", "text": "the", "parent_Field": null, "parent_Choice_Field": null, "parent_ChoiceGroup": null, "w": 33, "h": 23, "y": 400, "x": 752, "structure_id": "Tr_112"}, {"parent_TextBlock": "Tb_51", "text": "data", "parent_Field": null, "parent_Choice_Field": null, "parent_ChoiceGroup": null, "w": 42, "h": 23, "y": 400, "x": 787, "structure_id": "Tr_113"}, {"parent_TextBlock": "Tb_51", "text": "needed,", "parent_Field": null, "parent_Choice_Field": null, "parent_ChoiceGroup": null, "w": 74, "h": 23, "y": 400, "x": 831, "structure_id": "Tr_114"}, {"parent_TextBlock": "Tb_51", "text": "and", "parent_Field": null, "parent_Choice_Field": null, "parent_ChoiceGroup": null, "w": 38, "h": 23, "y": 400, "x": 907, "structure_id": "Tr_115"}, {"parent_TextBlock": "Tb_51", "text": "completing", "parent_Field": null, "parent_Choice_Field": null, "parent_ChoiceGroup": null, "w": 105, "h": 23, "y": 400, "x": 947, "structure_id": "Tr_116"}, {"parent_TextBlock": "Tb_51", "text": "and", "parent_Field": null, "parent_Choice_Field": null, "parent_ChoiceGroup": null, "w": 38, "h": 23, "y": 400, "x": 1054, "structure_id": "Tr_117"}, {"parent_TextBlock": "Tb_51", "text": "reviewing", "parent_Field": null, "parent_Choice_Field": null, "parent_ChoiceGroup": null, "w": 94, "h": 23, "y": 400, "x": 1094, "structure_id": "Tr_118"}, {"parent_TextBlock": "Tb_51", "text": "the", "parent_Field": null, "parent_Choice_Field": null, "parent_ChoiceGroup": null, "w": 33, "h": 23, "y": 400, "x": 1190, "structure_id": "Tr_119"}, {"parent_TextBlock": "Tb_51", "text": "collection", "parent_Field": null, "parent_Choice_Field": null, "parent_ChoiceGroup": null, "w": 93, "h": 23, "y": 400, "x": 1225, "structure_id": "Tr_120"}, {"parent_TextBlock": "Tb_51", "text": "of", "parent_Field": null, "parent_Choice_Field": null, "parent_ChoiceGroup": null, "w": 24, "h": 23, "y": 400, "x": 1320, "structure_id": "Tr_121"}, {"parent_TextBlock": "Tb_51", "text": "information.", "parent_Field": null, "parent_Choice_Field": null, "parent_ChoiceGroup": null, "w": 116, "h": 23, "y": 400, "x": 1346, "structure_id": "Tr_122"}, {"parent_TextBlock": "Tb_51", "text": "Send", "parent_Field": null, "parent_Choice_Field": null, "parent_ChoiceGroup": null, "w": 50, "h": 23, "y": 400, "x": 1464, "structure_id": "Tr_123"}, {"parent_TextBlock": "Tb_51", "text": "comments", "parent_Field": null, "parent_Choice_Field": null, "parent_ChoiceGroup": null, "w": 95, "h": 23, "y": 400, "x": 1516, "structure_id": "Tr_124"}, {"parent_TextBlock": "Tb_51", "text": "regarding", "parent_Field": null, "parent_Choice_Field": null, "parent_ChoiceGroup": null, "w": 90, "h": 23, "y": 425, "x": 96, "structure_id": "Tr_125"}, {"parent_TextBlock": "Tb_51", "text": "this", "parent_Field": null, "parent_Choice_Field": null, "parent_ChoiceGroup": null, "w": 37, "h": 23, "y": 425, "x": 187, "structure_id": "Tr_126"}, {"parent_TextBlock": "Tb_51", "text": "burden", "parent_Field": null, "parent_Choice_Field": null, "parent_ChoiceGroup": null, "w": 67, "h": 23, "y": 425, "x": 225, "structure_id": "Tr_127"}, {"parent_TextBlock": "Tb_51", "text": "estimate", "parent_Field": null, "parent_Choice_Field": null, "parent_ChoiceGroup": null, "w": 79, "h": 23, "y": 425, "x": 293, "structure_id": "Tr_128"}, {"parent_TextBlock": "Tb_51", "text": "or", "parent_Field": null, "parent_Choice_Field": null, "parent_ChoiceGroup": null, "w": 24, "h": 23, "y": 425, "x": 373, "structure_id": "Tr_129"}, {"parent_TextBlock": "Tb_51", "text": "any", "parent_Field": null, "parent_Choice_Field": null, "parent_ChoiceGroup": null, "w": 38, "h": 23, "y": 425, "x": 397, "structure_id": "Tr_130"}, {"parent_TextBlock": "Tb_51", "text": "other", "parent_Field": null, "parent_Choice_Field": null, "parent_ChoiceGroup": null, "w": 51, "h": 23, "y": 425, "x": 435, "structure_id": "Tr_131"}, {"parent_TextBlock": "Tb_51", "text": "aspects", "parent_Field": null, "parent_Choice_Field": null, "parent_ChoiceGroup": null, "w": 69, "h": 23, "y": 425, "x": 487, "structure_id": "Tr_132"}, {"parent_TextBlock": "Tb_51", "text": "of", "parent_Field": null, "parent_Choice_Field": null, "parent_ChoiceGroup": null, "w": 24, "h": 23, "y": 425, "x": 557, "structure_id": "Tr_133"}, {"parent_TextBlock": "Tb_51", "text": "this", "parent_Field": null, "parent_Choice_Field": null, "parent_ChoiceGroup": null, "w": 38, "h": 23, "y": 425, "x": 581, "structure_id": "Tr_134"}, {"parent_TextBlock": "Tb_51", "text": "collection,", "parent_Field": null, "parent_Choice_Field": null, "parent_ChoiceGroup": null, "w": 99, "h": 23, "y": 425, "x": 619, "structure_id": "Tr_135"}, {"parent_TextBlock": "Tb_51", "text": "including", "parent_Field": null, "parent_Choice_Field": null, "parent_ChoiceGroup": null, "w": 89, "h": 23, "y": 425, "x": 719, "structure_id": "Tr_136"}, {"parent_TextBlock": "Tb_51", "text": "suggestions", "parent_Field": null, "parent_Choice_Field": null, "parent_ChoiceGroup": null, "w": 109, "h": 23, "y": 425, "x": 809, "structure_id": "Tr_137"}, {"parent_TextBlock": "Tb_51", "text": "for", "parent_Field": null, "parent_Choice_Field": null, "parent_ChoiceGroup": null, "w": 32, "h": 23, "y": 425, "x": 918, "structure_id": "Tr_138"}, {"parent_TextBlock": "Tb_51", "text": "reducing", "parent_Field": null, "parent_Choice_Field": null, "parent_ChoiceGroup": null, "w": 83, "h": 23, "y": 425, "x": 950, "structure_id": "Tr_139"}, {"parent_TextBlock": "Tb_51", "text": "this", "parent_Field": null, "parent_Choice_Field": null, "parent_ChoiceGroup": null, "w": 38, "h": 23, "y": 425, "x": 1034, "structure_id": "Tr_140"}, {"parent_TextBlock": "Tb_51", "text": "burden,", "parent_Field": null, "parent_Choice_Field": null, "parent_ChoiceGroup": null, "w": 73, "h": 23, "y": 425, "x": 1072, "structure_id": "Tr_141"}, {"parent_TextBlock": "Tb_51", "text": "to", "parent_Field": null, "parent_Choice_Field": null, "parent_ChoiceGroup": null, "w": 23, "h": 23, "y": 425, "x": 1145, "structure_id": "Tr_142"}, {"parent_TextBlock": "Tb_51", "text": "the", "parent_Field": null, "parent_Choice_Field": null, "parent_ChoiceGroup": null, "w": 33, "h": 23, "y": 425, "x": 1168, "structure_id": "Tr_143"}, {"parent_TextBlock": "Tb_51", "text": "VA", "parent_Field": null, "parent_Choice_Field": null, "parent_ChoiceGroup": null, "w": 37, "h": 23, "y": 425, "x": 1202, "structure_id": "Tr_144"}, {"parent_TextBlock": "Tb_51", "text": "Clearance", "parent_Field": null, "parent_Choice_Field": null, "parent_ChoiceGroup": null, "w": 94, "h": 23, "y": 425, "x": 1240, "structure_id": "Tr_145"}, {"parent_TextBlock": "Tb_51", "text": "Officer", "parent_Field": null, "parent_Choice_Field": null, "parent_ChoiceGroup": null, "w": 70, "h": 23, "y": 425, "x": 1334, "structure_id": "Tr_146"}, {"parent_TextBlock": "Tb_51", "text": "(005E3),", "parent_Field": null, "parent_Choice_Field": null, "parent_ChoiceGroup": null, "w": 84, "h": 23, "y": 425, "x": 1405, "structure_id": "Tr_147"}, {"parent_TextBlock": "Tb_51", "text": "810", "parent_Field": null, "parent_Choice_Field": null, "parent_ChoiceGroup": null, "w": 39, "h": 23, "y": 425, "x": 1489, "structure_id": "Tr_148"}, {"parent_TextBlock": "Tb_51", "text": "Vermont", "parent_Field": null, "parent_Choice_Field": null, "parent_ChoiceGroup": null, "w": 83, "h": 23, "y": 425, "x": 1528, "structure_id": "Tr_149"}, {"parent_TextBlock": "Tb_51", "text": "Avenue, NW, Washington, DC  20420.  DO NOT send requests for benefits to this address.", "parent_Field": null, "parent_Choice_Field": null, "parent_ChoiceGroup": null, "w": 814, "h": 23, "y": 450, "x": 96, "structure_id": "Tr_150"}, {"parent_TextBlock": "Tb_52", "text": "PRIVACY", "parent_Field": null, "parent_Choice_Field": null, "parent_ChoiceGroup": null, "w": 108, "h": 23, "y": 208, "x": 96, "structure_id": "Tr_151"}, {"parent_TextBlock": "Tb_52", "text": "ACT", "parent_Field": null, "parent_Choice_Field": null, "parent_ChoiceGroup": null, "w": 52, "h": 23, "y": 208, "x": 204, "structure_id": "Tr_152"}, {"parent_TextBlock": "Tb_52", "text": "STATEMENT", "parent_Field": null, "parent_Choice_Field": null, "parent_ChoiceGroup": null, "w": 145, "h": 23, "y": 208, "x": 257, "structure_id": "Tr_153"}, {"parent_TextBlock": "Tb_52", "text": "-\u00c2\u00a0", "parent_Field": null, "parent_Choice_Field": null, "parent_ChoiceGroup": null, "w": 13, "h": 23, "y": 208, "x": 402, "structure_id": "Tr_154"}, {"parent_TextBlock": "Tb_52", "text": "Public", "parent_Field": null, "parent_Choice_Field": null, "parent_ChoiceGroup": null, "w": 62, "h": 23, "y": 208, "x": 415, "structure_id": "Tr_155"}, {"parent_TextBlock": "Tb_52", "text": "Law", "parent_Field": null, "parent_Choice_Field": null, "parent_ChoiceGroup": null, "w": 45, "h": 23, "y": 208, "x": 478, "structure_id": "Tr_156"}, {"parent_TextBlock": "Tb_52", "text": "107-67,", "parent_Field": null, "parent_Choice_Field": null, "parent_ChoiceGroup": null, "w": 74, "h": 23, "y": 208, "x": 523, "structure_id": "Tr_157"}, {"parent_TextBlock": "Tb_52", "text": "Section", "parent_Field": null, "parent_Choice_Field": null, "parent_ChoiceGroup": null, "w": 72, "h": 23, "y": 208, "x": 598, "structure_id": "Tr_158"}, {"parent_TextBlock": "Tb_52", "text": "630", "parent_Field": null, "parent_Choice_Field": null, "parent_ChoiceGroup": null, "w": 39, "h": 23, "y": 208, "x": 670, "structure_id": "Tr_159"}, {"parent_TextBlock": "Tb_52", "text": "(November", "parent_Field": null, "parent_Choice_Field": null, "parent_ChoiceGroup": null, "w": 107, "h": 23, "y": 208, "x": 709, "structure_id": "Tr_160"}, {"parent_TextBlock": "Tb_52", "text": "12,", "parent_Field": null, "parent_Choice_Field": null, "parent_ChoiceGroup": null, "w": 34, "h": 23, "y": 208, "x": 816, "structure_id": "Tr_161"}, {"parent_TextBlock": "Tb_52", "text": "2001)", "parent_Field": null, "parent_Choice_Field": null, "parent_ChoiceGroup": null, "w": 57, "h": 23, "y": 208, "x": 850, "structure_id": "Tr_162"}, {"parent_TextBlock": "Tb_52", "text": "confers", "parent_Field": null, "parent_Choice_Field": null, "parent_ChoiceGroup": null, "w": 71, "h": 23, "y": 208, "x": 908, "structure_id": "Tr_163"}, {"parent_TextBlock": "Tb_52", "text": "regulatory", "parent_Field": null, "parent_Choice_Field": null, "parent_ChoiceGroup": null, "w": 97, "h": 23, "y": 208, "x": 979, "structure_id": "Tr_164"}, {"parent_TextBlock": "Tb_52", "text": "authority", "parent_Field": null, "parent_Choice_Field": null, "parent_ChoiceGroup": null, "w": 86, "h": 23, "y": 208, "x": 1076, "structure_id": "Tr_165"}, {"parent_TextBlock": "Tb_52", "text": "on", "parent_Field": null, "parent_Choice_Field": null, "parent_ChoiceGroup": null, "w": 28, "h": 23, "y": 208, "x": 1162, "structure_id": "Tr_166"}, {"parent_TextBlock": "Tb_52", "text": "the", "parent_Field": null, "parent_Choice_Field": null, "parent_ChoiceGroup": null, "w": 33, "h": 23, "y": 208, "x": 1190, "structure_id": "Tr_167"}, {"parent_TextBlock": "Tb_52", "text": "Department", "parent_Field": null, "parent_Choice_Field": null, "parent_ChoiceGroup": null, "w": 111, "h": 23, "y": 208, "x": 1223, "structure_id": "Tr_168"}, {"parent_TextBlock": "Tb_52", "text": "of", "parent_Field": null, "parent_Choice_Field": null, "parent_ChoiceGroup": null, "w": 24, "h": 23, "y": 208, "x": 1334, "structure_id": "Tr_169"}, {"parent_TextBlock": "Tb_52", "text": "Veterans", "parent_Field": null, "parent_Choice_Field": null, "parent_ChoiceGroup": null, "w": 84, "h": 23, "y": 208, "x": 1359, "structure_id": "Tr_170"}, {"parent_TextBlock": "Tb_52", "text": "Affairs", "parent_Field": null, "parent_Choice_Field": null, "parent_ChoiceGroup": null, "w": 69, "h": 23, "y": 208, "x": 1443, "structure_id": "Tr_171"}, {"parent_TextBlock": "Tb_52", "text": "for", "parent_Field": null, "parent_Choice_Field": null, "parent_ChoiceGroup": null, "w": 32, "h": 23, "y": 208, "x": 1512, "structure_id": "Tr_172"}, {"parent_TextBlock": "Tb_52", "text": "agency", "parent_Field": null, "parent_Choice_Field": null, "parent_ChoiceGroup": null, "w": 67, "h": 23, "y": 208, "x": 1544, "structure_id": "Tr_173"}, {"parent_TextBlock": "Tb_52", "text": "use", "parent_Field": null, "parent_Choice_Field": null, "parent_ChoiceGroup": null, "w": 35, "h": 23, "y": 233, "x": 96, "structure_id": "Tr_174"}, {"parent_TextBlock": "Tb_52", "text": "of", "parent_Field": null, "parent_Choice_Field": null, "parent_ChoiceGroup": null, "w": 24, "h": 23, "y": 233, "x": 131, "structure_id": "Tr_175"}, {"parent_TextBlock": "Tb_52", "text": "appropriated", "parent_Field": null, "parent_Choice_Field": null, "parent_ChoiceGroup": null, "w": 118, "h": 23, "y": 233, "x": 155, "structure_id": "Tr_176"}, {"parent_TextBlock": "Tb_52", "text": "funds", "parent_Field": null, "parent_Choice_Field": null, "parent_ChoiceGroup": null, "w": 55, "h": 23, "y": 233, "x": 273, "structure_id": "Tr_177"}, {"parent_TextBlock": "Tb_52", "text": "for", "parent_Field": null, "parent_Choice_Field": null, "parent_ChoiceGroup": null, "w": 32, "h": 23, "y": 233, "x": 328, "structure_id": "Tr_178"}, {"parent_TextBlock": "Tb_52", "text": "child", "parent_Field": null, "parent_Choice_Field": null, "parent_ChoiceGroup": null, "w": 50, "h": 23, "y": 233, "x": 360, "structure_id": "Tr_179"}, {"parent_TextBlock": "Tb_52", "text": "care", "parent_Field": null, "parent_Choice_Field": null, "parent_ChoiceGroup": null, "w": 42, "h": 23, "y": 233, "x": 410, "structure_id": "Tr_180"}, {"parent_TextBlock": "Tb_52", "text": "costs", "parent_Field": null, "parent_Choice_Field": null, "parent_ChoiceGroup": null, "w": 50, "h": 23, "y": 233, "x": 453, "structure_id": "Tr_181"}, {"parent_TextBlock": "Tb_52", "text": "for", "parent_Field": null, "parent_Choice_Field": null, "parent_ChoiceGroup": null, "w": 31, "h": 23, "y": 233, "x": 503, "structure_id": "Tr_182"}, {"parent_TextBlock": "Tb_52", "text": "lower", "parent_Field": null, "parent_Choice_Field": null, "parent_ChoiceGroup": null, "w": 56, "h": 23, "y": 233, "x": 534, "structure_id": "Tr_183"}, {"parent_TextBlock": "Tb_52", "text": "income", "parent_Field": null, "parent_Choice_Field": null, "parent_ChoiceGroup": null, "w": 71, "h": 23, "y": 233, "x": 591, "structure_id": "Tr_184"}, {"parent_TextBlock": "Tb_52", "text": "Federal", "parent_Field": null, "parent_Choice_Field": null, "parent_ChoiceGroup": null, "w": 72, "h": 23, "y": 233, "x": 662, "structure_id": "Tr_185"}, {"parent_TextBlock": "Tb_52", "text": "employees.", "parent_Field": null, "parent_Choice_Field": null, "parent_ChoiceGroup": null, "w": 106, "h": 23, "y": 233, "x": 734, "structure_id": "Tr_186"}, {"parent_TextBlock": "Tb_52", "text": "Public", "parent_Field": null, "parent_Choice_Field": null, "parent_ChoiceGroup": null, "w": 63, "h": 23, "y": 233, "x": 840, "structure_id": "Tr_187"}, {"parent_TextBlock": "Tb_52", "text": "Law", "parent_Field": null, "parent_Choice_Field": null, "parent_ChoiceGroup": null, "w": 45, "h": 23, "y": 233, "x": 903, "structure_id": "Tr_188"}, {"parent_TextBlock": "Tb_52", "text": "104-134", "parent_Field": null, "parent_Choice_Field": null, "parent_ChoiceGroup": null, "w": 80, "h": 23, "y": 233, "x": 948, "structure_id": "Tr_189"}, {"parent_TextBlock": "Tb_52", "text": "(April", "parent_Field": null, "parent_Choice_Field": null, "parent_ChoiceGroup": null, "w": 60, "h": 23, "y": 233, "x": 1028, "structure_id": "Tr_190"}, {"parent_TextBlock": "Tb_52", "text": "26,", "parent_Field": null, "parent_Choice_Field": null, "parent_ChoiceGroup": null, "w": 33, "h": 23, "y": 233, "x": 1088, "structure_id": "Tr_191"}, {"parent_TextBlock": "Tb_52", "text": "1996)", "parent_Field": null, "parent_Choice_Field": null, "parent_ChoiceGroup": null, "w": 58, "h": 23, "y": 233, "x": 1121, "structure_id": "Tr_192"}, {"parent_TextBlock": "Tb_52", "text": "requires", "parent_Field": null, "parent_Choice_Field": null, "parent_ChoiceGroup": null, "w": 77, "h": 23, "y": 233, "x": 1179, "structure_id": "Tr_193"}, {"parent_TextBlock": "Tb_52", "text": "that", "parent_Field": null, "parent_Choice_Field": null, "parent_ChoiceGroup": null, "w": 39, "h": 23, "y": 233, "x": 1256, "structure_id": "Tr_194"}, {"parent_TextBlock": "Tb_52", "text": "any", "parent_Field": null, "parent_Choice_Field": null, "parent_ChoiceGroup": null, "w": 38, "h": 23, "y": 233, "x": 1295, "structure_id": "Tr_195"}, {"parent_TextBlock": "Tb_52", "text": "person", "parent_Field": null, "parent_Choice_Field": null, "parent_ChoiceGroup": null, "w": 64, "h": 23, "y": 233, "x": 1333, "structure_id": "Tr_196"}, {"parent_TextBlock": "Tb_52", "text": "doing", "parent_Field": null, "parent_Choice_Field": null, "parent_ChoiceGroup": null, "w": 56, "h": 23, "y": 233, "x": 1398, "structure_id": "Tr_197"}, {"parent_TextBlock": "Tb_52", "text": "business", "parent_Field": null, "parent_Choice_Field": null, "parent_ChoiceGroup": null, "w": 81, "h": 23, "y": 233, "x": 1454, "structure_id": "Tr_198"}, {"parent_TextBlock": "Tb_52", "text": "with", "parent_Field": null, "parent_Choice_Field": null, "parent_ChoiceGroup": null, "w": 45, "h": 23, "y": 233, "x": 1535, "structure_id": "Tr_199"}, {"parent_TextBlock": "Tb_52", "text": "the", "parent_Field": null, "parent_Choice_Field": null, "parent_ChoiceGroup": null, "w": 31, "h": 23, "y": 233, "x": 1580, "structure_id": "Tr_200"}, {"parent_TextBlock": "Tb_52", "text": "Federal", "parent_Field": null, "parent_Choice_Field": null, "parent_ChoiceGroup": null, "w": 72, "h": 23, "y": 258, "x": 96, "structure_id": "Tr_201"}, {"parent_TextBlock": "Tb_52", "text": "Government", "parent_Field": null, "parent_Choice_Field": null, "parent_ChoiceGroup": null, "w": 117, "h": 23, "y": 258, "x": 170, "structure_id": "Tr_202"}, {"parent_TextBlock": "Tb_52", "text": "furnish", "parent_Field": null, "parent_Choice_Field": null, "parent_ChoiceGroup": null, "w": 68, "h": 23, "y": 258, "x": 289, "structure_id": "Tr_203"}, {"parent_TextBlock": "Tb_52", "text": "Social", "parent_Field": null, "parent_Choice_Field": null, "parent_ChoiceGroup": null, "w": 61, "h": 23, "y": 258, "x": 377, "structure_id": "Tr_204"}, {"parent_TextBlock": "Tb_52", "text": "Security", "parent_Field": null, "parent_Choice_Field": null, "parent_ChoiceGroup": null, "w": 80, "h": 23, "y": 258, "x": 440, "structure_id": "Tr_205"}, {"parent_TextBlock": "Tb_52", "text": "Number", "parent_Field": null, "parent_Choice_Field": null, "parent_ChoiceGroup": null, "w": 78, "h": 23, "y": 258, "x": 522, "structure_id": "Tr_206"}, {"parent_TextBlock": "Tb_52", "text": "or", "parent_Field": null, "parent_Choice_Field": null, "parent_ChoiceGroup": null, "w": 24, "h": 23, "y": 258, "x": 602, "structure_id": "Tr_207"}, {"parent_TextBlock": "Tb_52", "text": "tax", "parent_Field": null, "parent_Choice_Field": null, "parent_ChoiceGroup": null, "w": 33, "h": 23, "y": 258, "x": 628, "structure_id": "Tr_208"}, {"parent_TextBlock": "Tb_52", "text": "identification", "parent_Field": null, "parent_Choice_Field": null, "parent_ChoiceGroup": null, "w": 124, "h": 23, "y": 258, "x": 663, "structure_id": "Tr_209"}, {"parent_TextBlock": "Tb_52", "text": "number.", "parent_Field": null, "parent_Choice_Field": null, "parent_ChoiceGroup": null, "w": 79, "h": 23, "y": 258, "x": 789, "structure_id": "Tr_210"}, {"parent_TextBlock": "Tb_52", "text": "This", "parent_Field": null, "parent_Choice_Field": null, "parent_ChoiceGroup": null, "w": 46, "h": 23, "y": 258, "x": 870, "structure_id": "Tr_211"}, {"parent_TextBlock": "Tb_52", "text": "is", "parent_Field": null, "parent_Choice_Field": null, "parent_ChoiceGroup": null, "w": 20, "h": 23, "y": 258, "x": 918, "structure_id": "Tr_212"}, {"parent_TextBlock": "Tb_52", "text": "an", "parent_Field": null, "parent_Choice_Field": null, "parent_ChoiceGroup": null, "w": 27, "h": 23, "y": 258, "x": 940, "structure_id": "Tr_213"}, {"parent_TextBlock": "Tb_52", "text": "amendment", "parent_Field": null, "parent_Choice_Field": null, "parent_ChoiceGroup": null, "w": 109, "h": 23, "y": 258, "x": 969, "structure_id": "Tr_214"}, {"parent_TextBlock": "Tb_52", "text": "to", "parent_Field": null, "parent_Choice_Field": null, "parent_ChoiceGroup": null, "w": 23, "h": 23, "y": 258, "x": 1080, "structure_id": "Tr_215"}, {"parent_TextBlock": "Tb_52", "text": "title", "parent_Field": null, "parent_Choice_Field": null, "parent_ChoiceGroup": null, "w": 40, "h": 23, "y": 258, "x": 1105, "structure_id": "Tr_216"}, {"parent_TextBlock": "Tb_52", "text": "31,", "parent_Field": null, "parent_Choice_Field": null, "parent_ChoiceGroup": null, "w": 34, "h": 23, "y": 258, "x": 1147, "structure_id": "Tr_217"}, {"parent_TextBlock": "Tb_52", "text": "Section", "parent_Field": null, "parent_Choice_Field": null, "parent_ChoiceGroup": null, "w": 72, "h": 23, "y": 258, "x": 1183, "structure_id": "Tr_218"}, {"parent_TextBlock": "Tb_52", "text": "7701.", "parent_Field": null, "parent_Choice_Field": null, "parent_ChoiceGroup": null, "w": 56, "h": 23, "y": 258, "x": 1257, "structure_id": "Tr_219"}, {"parent_TextBlock": "Tb_52", "text": "The", "parent_Field": null, "parent_Choice_Field": null, "parent_ChoiceGroup": null, "w": 40, "h": 23, "y": 258, "x": 1315, "structure_id": "Tr_220"}, {"parent_TextBlock": "Tb_52", "text": "primary", "parent_Field": null, "parent_Choice_Field": null, "parent_ChoiceGroup": null, "w": 76, "h": 23, "y": 258, "x": 1357, "structure_id": "Tr_221"}, {"parent_TextBlock": "Tb_52", "text": "use", "parent_Field": null, "parent_Choice_Field": null, "parent_ChoiceGroup": null, "w": 35, "h": 23, "y": 258, "x": 1435, "structure_id": "Tr_222"}, {"parent_TextBlock": "Tb_52", "text": "of", "parent_Field": null, "parent_Choice_Field": null, "parent_ChoiceGroup": null, "w": 24, "h": 23, "y": 258, "x": 1472, "structure_id": "Tr_223"}, {"parent_TextBlock": "Tb_52", "text": "these", "parent_Field": null, "parent_Choice_Field": null, "parent_ChoiceGroup": null, "w": 52, "h": 23, "y": 258, "x": 1498, "structure_id": "Tr_224"}, {"parent_TextBlock": "Tb_52", "text": "Social", "parent_Field": null, "parent_Choice_Field": null, "parent_ChoiceGroup": null, "w": 59, "h": 23, "y": 258, "x": 1552, "structure_id": "Tr_225"}, {"parent_TextBlock": "Tb_52", "text": "Security", "parent_Field": null, "parent_Choice_Field": null, "parent_ChoiceGroup": null, "w": 79, "h": 23, "y": 283, "x": 96, "structure_id": "Tr_226"}, {"parent_TextBlock": "Tb_52", "text": "Numbers", "parent_Field": null, "parent_Choice_Field": null, "parent_ChoiceGroup": null, "w": 87, "h": 23, "y": 283, "x": 179, "structure_id": "Tr_227"}, {"parent_TextBlock": "Tb_52", "text": "(SSN)", "parent_Field": null, "parent_Choice_Field": null, "parent_ChoiceGroup": null, "w": 61, "h": 23, "y": 283, "x": 270, "structure_id": "Tr_228"}, {"parent_TextBlock": "Tb_52", "text": "and", "parent_Field": null, "parent_Choice_Field": null, "parent_ChoiceGroup": null, "w": 38, "h": 23, "y": 283, "x": 334, "structure_id": "Tr_229"}, {"parent_TextBlock": "Tb_52", "text": "tax", "parent_Field": null, "parent_Choice_Field": null, "parent_ChoiceGroup": null, "w": 32, "h": 23, "y": 283, "x": 376, "structure_id": "Tr_230"}, {"parent_TextBlock": "Tb_52", "text": "identification", "parent_Field": null, "parent_Choice_Field": null, "parent_ChoiceGroup": null, "w": 124, "h": 23, "y": 283, "x": 412, "structure_id": "Tr_231"}, {"parent_TextBlock": "Tb_52", "text": "numbers", "parent_Field": null, "parent_Choice_Field": null, "parent_ChoiceGroup": null, "w": 82, "h": 23, "y": 283, "x": 540, "structure_id": "Tr_232"}, {"parent_TextBlock": "Tb_52", "text": "will", "parent_Field": null, "parent_Choice_Field": null, "parent_ChoiceGroup": null, "w": 41, "h": 23, "y": 283, "x": 625, "structure_id": "Tr_233"}, {"parent_TextBlock": "Tb_52", "text": "be", "parent_Field": null, "parent_Choice_Field": null, "parent_ChoiceGroup": null, "w": 27, "h": 23, "y": 283, "x": 669, "structure_id": "Tr_234"}, {"parent_TextBlock": "Tb_52", "text": "for", "parent_Field": null, "parent_Choice_Field": null, "parent_ChoiceGroup": null, "w": 32, "h": 23, "y": 283, "x": 699, "structure_id": "Tr_235"}, {"parent_TextBlock": "Tb_52", "text": "identification", "parent_Field": null, "parent_Choice_Field": null, "parent_ChoiceGroup": null, "w": 124, "h": 23, "y": 283, "x": 735, "structure_id": "Tr_236"}, {"parent_TextBlock": "Tb_52", "text": "purposes", "parent_Field": null, "parent_Choice_Field": null, "parent_ChoiceGroup": null, "w": 85, "h": 23, "y": 283, "x": 862, "structure_id": "Tr_237"}, {"parent_TextBlock": "Tb_52", "text": "in", "parent_Field": null, "parent_Choice_Field": null, "parent_ChoiceGroup": null, "w": 23, "h": 23, "y": 283, "x": 950, "structure_id": "Tr_238"}, {"parent_TextBlock": "Tb_52", "text": "assuring", "parent_Field": null, "parent_Choice_Field": null, "parent_ChoiceGroup": null, "w": 80, "h": 23, "y": 283, "x": 977, "structure_id": "Tr_239"}, {"parent_TextBlock": "Tb_52", "text": "licensure", "parent_Field": null, "parent_Choice_Field": null, "parent_ChoiceGroup": null, "w": 86, "h": 23, "y": 283, "x": 1060, "structure_id": "Tr_240"}, {"parent_TextBlock": "Tb_52", "text": "and/or", "parent_Field": null, "parent_Choice_Field": null, "parent_ChoiceGroup": null, "w": 62, "h": 23, "y": 283, "x": 1150, "structure_id": "Tr_241"}, {"parent_TextBlock": "Tb_52", "text": "regulation", "parent_Field": null, "parent_Choice_Field": null, "parent_ChoiceGroup": null, "w": 95, "h": 23, "y": 283, "x": 1216, "structure_id": "Tr_242"}, {"parent_TextBlock": "Tb_52", "text": "compliance.", "parent_Field": null, "parent_Choice_Field": null, "parent_ChoiceGroup": null, "w": 113, "h": 23, "y": 283, "x": 1315, "structure_id": "Tr_243"}, {"parent_TextBlock": "Tb_52", "text": "This", "parent_Field": null, "parent_Choice_Field": null, "parent_ChoiceGroup": null, "w": 45, "h": 23, "y": 283, "x": 1432, "structure_id": "Tr_244"}, {"parent_TextBlock": "Tb_52", "text": "compliance", "parent_Field": null, "parent_Choice_Field": null, "parent_ChoiceGroup": null, "w": 108, "h": 23, "y": 283, "x": 1481, "structure_id": "Tr_245"}, {"parent_TextBlock": "Tb_52", "text": "is", "parent_Field": null, "parent_Choice_Field": null, "parent_ChoiceGroup": null, "w": 19, "h": 23, "y": 283, "x": 1592, "structure_id": "Tr_246"}, {"parent_TextBlock": "Tb_52", "text": "necessary", "parent_Field": null, "parent_Choice_Field": null, "parent_ChoiceGroup": null, "w": 92, "h": 23, "y": 308, "x": 96, "structure_id": "Tr_247"}, {"parent_TextBlock": "Tb_52", "text": "for", "parent_Field": null, "parent_Choice_Field": null, "parent_ChoiceGroup": null, "w": 31, "h": 23, "y": 308, "x": 188, "structure_id": "Tr_248"}, {"parent_TextBlock": "Tb_52", "text": "the", "parent_Field": null, "parent_Choice_Field": null, "parent_ChoiceGroup": null, "w": 33, "h": 23, "y": 308, "x": 219, "structure_id": "Tr_249"}, {"parent_TextBlock": "Tb_52", "text": "purpose", "parent_Field": null, "parent_Choice_Field": null, "parent_ChoiceGroup": null, "w": 76, "h": 23, "y": 308, "x": 252, "structure_id": "Tr_250"}, {"parent_TextBlock": "Tb_52", "text": "of", "parent_Field": null, "parent_Choice_Field": null, "parent_ChoiceGroup": null, "w": 24, "h": 23, "y": 308, "x": 328, "structure_id": "Tr_251"}, {"parent_TextBlock": "Tb_52", "text": "determining", "parent_Field": null, "parent_Choice_Field": null, "parent_ChoiceGroup": null, "w": 113, "h": 23, "y": 308, "x": 352, "structure_id": "Tr_252"}, {"parent_TextBlock": "Tb_52", "text": "Federal", "parent_Field": null, "parent_Choice_Field": null, "parent_ChoiceGroup": null, "w": 72, "h": 23, "y": 308, "x": 465, "structure_id": "Tr_253"}, {"parent_TextBlock": "Tb_52", "text": "employee", "parent_Field": null, "parent_Choice_Field": null, "parent_ChoiceGroup": null, "w": 92, "h": 23, "y": 308, "x": 537, "structure_id": "Tr_254"}, {"parent_TextBlock": "Tb_52", "text": "eligibility", "parent_Field": null, "parent_Choice_Field": null, "parent_ChoiceGroup": null, "w": 92, "h": 23, "y": 308, "x": 629, "structure_id": "Tr_255"}, {"parent_TextBlock": "Tb_52", "text": "for", "parent_Field": null, "parent_Choice_Field": null, "parent_ChoiceGroup": null, "w": 31, "h": 23, "y": 308, "x": 721, "structure_id": "Tr_256"}, {"parent_TextBlock": "Tb_52", "text": "child", "parent_Field": null, "parent_Choice_Field": null, "parent_ChoiceGroup": null, "w": 50, "h": 23, "y": 308, "x": 752, "structure_id": "Tr_257"}, {"parent_TextBlock": "Tb_52", "text": "care", "parent_Field": null, "parent_Choice_Field": null, "parent_ChoiceGroup": null, "w": 43, "h": 23, "y": 308, "x": 802, "structure_id": "Tr_258"}, {"parent_TextBlock": "Tb_52", "text": "subsidy.", "parent_Field": null, "parent_Choice_Field": null, "parent_ChoiceGroup": null, "w": 79, "h": 23, "y": 308, "x": 845, "structure_id": "Tr_259"}, {"parent_TextBlock": "Tb_52", "text": "Disclosure", "parent_Field": null, "parent_Choice_Field": null, "parent_ChoiceGroup": null, "w": 101, "h": 23, "y": 308, "x": 924, "structure_id": "Tr_260"}, {"parent_TextBlock": "Tb_52", "text": "of", "parent_Field": null, "parent_Choice_Field": null, "parent_ChoiceGroup": null, "w": 24, "h": 23, "y": 308, "x": 1025, "structure_id": "Tr_261"}, {"parent_TextBlock": "Tb_52", "text": "the", "parent_Field": null, "parent_Choice_Field": null, "parent_ChoiceGroup": null, "w": 32, "h": 23, "y": 308, "x": 1049, "structure_id": "Tr_262"}, {"parent_TextBlock": "Tb_52", "text": "above", "parent_Field": null, "parent_Choice_Field": null, "parent_ChoiceGroup": null, "w": 59, "h": 23, "y": 308, "x": 1081, "structure_id": "Tr_263"}, {"parent_TextBlock": "Tb_52", "text": "information", "parent_Field": null, "parent_Choice_Field": null, "parent_ChoiceGroup": null, "w": 110, "h": 23, "y": 308, "x": 1140, "structure_id": "Tr_264"}, {"parent_TextBlock": "Tb_52", "text": "is", "parent_Field": null, "parent_Choice_Field": null, "parent_ChoiceGroup": null, "w": 21, "h": 23, "y": 308, "x": 1250, "structure_id": "Tr_265"}, {"parent_TextBlock": "Tb_52", "text": "voluntary,", "parent_Field": null, "parent_Choice_Field": null, "parent_ChoiceGroup": null, "w": 96, "h": 23, "y": 308, "x": 1271, "structure_id": "Tr_266"}, {"parent_TextBlock": "Tb_52", "text": "but", "parent_Field": null, "parent_Choice_Field": null, "parent_ChoiceGroup": null, "w": 34, "h": 23, "y": 308, "x": 1367, "structure_id": "Tr_267"}, {"parent_TextBlock": "Tb_52", "text": "failure", "parent_Field": null, "parent_Choice_Field": null, "parent_ChoiceGroup": null, "w": 64, "h": 23, "y": 308, "x": 1401, "structure_id": "Tr_268"}, {"parent_TextBlock": "Tb_52", "text": "to", "parent_Field": null, "parent_Choice_Field": null, "parent_ChoiceGroup": null, "w": 22, "h": 23, "y": 308, "x": 1465, "structure_id": "Tr_269"}, {"parent_TextBlock": "Tb_52", "text": "provide", "parent_Field": null, "parent_Choice_Field": null, "parent_ChoiceGroup": null, "w": 73, "h": 23, "y": 308, "x": 1488, "structure_id": "Tr_270"}, {"parent_TextBlock": "Tb_52", "text": "all", "parent_Field": null, "parent_Choice_Field": null, "parent_ChoiceGroup": null, "w": 28, "h": 23, "y": 308, "x": 1561, "structure_id": "Tr_271"}, {"parent_TextBlock": "Tb_52", "text": "of", "parent_Field": null, "parent_Choice_Field": null, "parent_ChoiceGroup": null, "w": 22, "h": 23, "y": 308, "x": 1589, "structure_id": "Tr_272"}, {"parent_TextBlock": "Tb_52", "text": "the requested information may result in denial of your application.", "parent_Field": null, "parent_Choice_Field": null, "parent_ChoiceGroup": null, "w": 590, "h": 23, "y": 333, "x": 96, "structure_id": "Tr_273"}, {"parent_TextBlock": "Tb_53", "text": "INSTRUCTION:", "parent_Field": null, "parent_Choice_Field": null, "parent_ChoiceGroup": null, "w": 169, "h": 22, "y": 487, "x": 96, "structure_id": "Tr_274"}, {"parent_TextBlock": "Tb_53", "text": "This", "parent_Field": null, "parent_Choice_Field": null, "parent_ChoiceGroup": null, "w": 45, "h": 22, "y": 487, "x": 271, "structure_id": "Tr_275"}, {"parent_TextBlock": "Tb_53", "text": "information", "parent_Field": null, "parent_Choice_Field": null, "parent_ChoiceGroup": null, "w": 111, "h": 22, "y": 487, "x": 316, "structure_id": "Tr_276"}, {"parent_TextBlock": "Tb_53", "text": "is", "parent_Field": null, "parent_Choice_Field": null, "parent_ChoiceGroup": null, "w": 20, "h": 22, "y": 487, "x": 427, "structure_id": "Tr_277"}, {"parent_TextBlock": "Tb_53", "text": "required", "parent_Field": null, "parent_Choice_Field": null, "parent_ChoiceGroup": null, "w": 80, "h": 22, "y": 487, "x": 447, "structure_id": "Tr_278"}, {"parent_TextBlock": "Tb_53", "text": "by", "parent_Field": null, "parent_Choice_Field": null, "parent_ChoiceGroup": null, "w": 27, "h": 22, "y": 487, "x": 527, "structure_id": "Tr_279"}, {"parent_TextBlock": "Tb_53", "text": "law", "parent_Field": null, "parent_Choice_Field": null, "parent_ChoiceGroup": null, "w": 38, "h": 22, "y": 487, "x": 554, "structure_id": "Tr_280"}, {"parent_TextBlock": "Tb_53", "text": "for", "parent_Field": null, "parent_Choice_Field": null, "parent_ChoiceGroup": null, "w": 32, "h": 22, "y": 487, "x": 592, "structure_id": "Tr_281"}, {"parent_TextBlock": "Tb_53", "text": "the", "parent_Field": null, "parent_Choice_Field": null, "parent_ChoiceGroup": null, "w": 32, "h": 22, "y": 487, "x": 624, "structure_id": "Tr_282"}, {"parent_TextBlock": "Tb_53", "text": "agency", "parent_Field": null, "parent_Choice_Field": null, "parent_ChoiceGroup": null, "w": 69, "h": 22, "y": 487, "x": 656, "structure_id": "Tr_283"}, {"parent_TextBlock": "Tb_53", "text": "administrator", "parent_Field": null, "parent_Choice_Field": null, "parent_ChoiceGroup": null, "w": 124, "h": 22, "y": 487, "x": 725, "structure_id": "Tr_284"}, {"parent_TextBlock": "Tb_53", "text": "of", "parent_Field": null, "parent_Choice_Field": null, "parent_ChoiceGroup": null, "w": 24, "h": 22, "y": 487, "x": 849, "structure_id": "Tr_285"}, {"parent_TextBlock": "Tb_53", "text": "the", "parent_Field": null, "parent_Choice_Field": null, "parent_ChoiceGroup": null, "w": 33, "h": 22, "y": 487, "x": 873, "structure_id": "Tr_286"}, {"parent_TextBlock": "Tb_53", "text": "Child", "parent_Field": null, "parent_Choice_Field": null, "parent_ChoiceGroup": null, "w": 55, "h": 22, "y": 487, "x": 906, "structure_id": "Tr_287"}, {"parent_TextBlock": "Tb_53", "text": "Care", "parent_Field": null, "parent_Choice_Field": null, "parent_ChoiceGroup": null, "w": 47, "h": 22, "y": 487, "x": 961, "structure_id": "Tr_288"}, {"parent_TextBlock": "Tb_53", "text": "Subsidy", "parent_Field": null, "parent_Choice_Field": null, "parent_ChoiceGroup": null, "w": 77, "h": 22, "y": 487, "x": 1008, "structure_id": "Tr_289"}, {"parent_TextBlock": "Tb_53", "text": "Program", "parent_Field": null, "parent_Choice_Field": null, "parent_ChoiceGroup": null, "w": 82, "h": 22, "y": 487, "x": 1086, "structure_id": "Tr_290"}, {"parent_TextBlock": "Tb_53", "text": "to", "parent_Field": null, "parent_Choice_Field": null, "parent_ChoiceGroup": null, "w": 22, "h": 22, "y": 487, "x": 1168, "structure_id": "Tr_291"}, {"parent_TextBlock": "Tb_53", "text": "verify", "parent_Field": null, "parent_Choice_Field": null, "parent_ChoiceGroup": null, "w": 58, "h": 22, "y": 487, "x": 1191, "structure_id": "Tr_292"}, {"parent_TextBlock": "Tb_53", "text": "licensure", "parent_Field": null, "parent_Choice_Field": null, "parent_ChoiceGroup": null, "w": 86, "h": 22, "y": 487, "x": 1249, "structure_id": "Tr_293"}, {"parent_TextBlock": "Tb_53", "text": "and/or", "parent_Field": null, "parent_Choice_Field": null, "parent_ChoiceGroup": null, "w": 62, "h": 22, "y": 487, "x": 1335, "structure_id": "Tr_294"}, {"parent_TextBlock": "Tb_53", "text": "regulation", "parent_Field": null, "parent_Choice_Field": null, "parent_ChoiceGroup": null, "w": 96, "h": 22, "y": 487, "x": 1397, "structure_id": "Tr_295"}, {"parent_TextBlock": "Tb_53", "text": "status.", "parent_Field": null, "parent_Choice_Field": null, "parent_ChoiceGroup": null, "w": 62, "h": 22, "y": 487, "x": 1493, "structure_id": "Tr_296"}, {"parent_TextBlock": "Tb_53", "text": "Once", "parent_Field": null, "parent_Choice_Field": null, "parent_ChoiceGroup": null, "w": 51, "h": 22, "y": 487, "x": 1560, "structure_id": "Tr_297"}, {"parent_TextBlock": "Tb_53", "text": "you", "parent_Field": null, "parent_Choice_Field": null, "parent_ChoiceGroup": null, "w": 39, "h": 22, "y": 512, "x": 96, "structure_id": "Tr_298"}, {"parent_TextBlock": "Tb_53", "text": "are", "parent_Field": null, "parent_Choice_Field": null, "parent_ChoiceGroup": null, "w": 33, "h": 22, "y": 512, "x": 136, "structure_id": "Tr_299"}, {"parent_TextBlock": "Tb_53", "text": "notified", "parent_Field": null, "parent_Choice_Field": null, "parent_ChoiceGroup": null, "w": 75, "h": 22, "y": 512, "x": 171, "structure_id": "Tr_300"}, {"parent_TextBlock": "Tb_53", "text": "by", "parent_Field": null, "parent_Choice_Field": null, "parent_ChoiceGroup": null, "w": 28, "h": 22, "y": 512, "x": 247, "structure_id": "Tr_301"}, {"parent_TextBlock": "Tb_53", "text": "VA", "parent_Field": null, "parent_Choice_Field": null, "parent_ChoiceGroup": null, "w": 38, "h": 22, "y": 512, "x": 294, "structure_id": "Tr_302"}, {"parent_TextBlock": "Tb_53", "text": "employee", "parent_Field": null, "parent_Choice_Field": null, "parent_ChoiceGroup": null, "w": 92, "h": 22, "y": 512, "x": 334, "structure_id": "Tr_303"}, {"parent_TextBlock": "Tb_53", "text": "that", "parent_Field": null, "parent_Choice_Field": null, "parent_ChoiceGroup": null, "w": 39, "h": 22, "y": 512, "x": 427, "structure_id": "Tr_304"}, {"parent_TextBlock": "Tb_53", "text": "they", "parent_Field": null, "parent_Choice_Field": null, "parent_ChoiceGroup": null, "w": 44, "h": 22, "y": 512, "x": 468, "structure_id": "Tr_305"}, {"parent_TextBlock": "Tb_53", "text": "submitted", "parent_Field": null, "parent_Choice_Field": null, "parent_ChoiceGroup": null, "w": 93, "h": 22, "y": 512, "x": 514, "structure_id": "Tr_306"}, {"parent_TextBlock": "Tb_53", "text": "an", "parent_Field": null, "parent_Choice_Field": null, "parent_ChoiceGroup": null, "w": 26, "h": 22, "y": 512, "x": 609, "structure_id": "Tr_307"}, {"parent_TextBlock": "Tb_53", "text": "application", "parent_Field": null, "parent_Choice_Field": null, "parent_ChoiceGroup": null, "w": 104, "h": 22, "y": 512, "x": 637, "structure_id": "Tr_308"}, {"parent_TextBlock": "Tb_53", "text": "for", "parent_Field": null, "parent_Choice_Field": null, "parent_ChoiceGroup": null, "w": 32, "h": 22, "y": 512, "x": 743, "structure_id": "Tr_309"}, {"parent_TextBlock": "Tb_53", "text": "child", "parent_Field": null, "parent_Choice_Field": null, "parent_ChoiceGroup": null, "w": 50, "h": 22, "y": 512, "x": 776, "structure_id": "Tr_310"}, {"parent_TextBlock": "Tb_53", "text": "care", "parent_Field": null, "parent_Choice_Field": null, "parent_ChoiceGroup": null, "w": 43, "h": 22, "y": 512, "x": 828, "structure_id": "Tr_311"}, {"parent_TextBlock": "Tb_53", "text": "subsidy", "parent_Field": null, "parent_Choice_Field": null, "parent_ChoiceGroup": null, "w": 73, "h": 22, "y": 512, "x": 873, "structure_id": "Tr_312"}, {"parent_TextBlock": "Tb_53", "text": "from", "parent_Field": null, "parent_Choice_Field": null, "parent_ChoiceGroup": null, "w": 49, "h": 22, "y": 512, "x": 948, "structure_id": "Tr_313"}, {"parent_TextBlock": "Tb_53", "text": "the", "parent_Field": null, "parent_Choice_Field": null, "parent_ChoiceGroup": null, "w": 32, "h": 22, "y": 512, "x": 999, "structure_id": "Tr_314"}, {"parent_TextBlock": "Tb_53", "text": "Department", "parent_Field": null, "parent_Choice_Field": null, "parent_ChoiceGroup": null, "w": 110, "h": 22, "y": 512, "x": 1033, "structure_id": "Tr_315"}, {"parent_TextBlock": "Tb_53", "text": "of", "parent_Field": null, "parent_Choice_Field": null, "parent_ChoiceGroup": null, "w": 24, "h": 22, "y": 512, "x": 1145, "structure_id": "Tr_316"}, {"parent_TextBlock": "Tb_53", "text": "Veterans", "parent_Field": null, "parent_Choice_Field": null, "parent_ChoiceGroup": null, "w": 85, "h": 22, "y": 512, "x": 1171, "structure_id": "Tr_317"}, {"parent_TextBlock": "Tb_53", "text": "Affairs,", "parent_Field": null, "parent_Choice_Field": null, "parent_ChoiceGroup": null, "w": 74, "h": 22, "y": 512, "x": 1258, "structure_id": "Tr_318"}, {"parent_TextBlock": "Tb_53", "text": "please", "parent_Field": null, "parent_Choice_Field": null, "parent_ChoiceGroup": null, "w": 61, "h": 22, "y": 512, "x": 1333, "structure_id": "Tr_319"}, {"parent_TextBlock": "Tb_53", "text": "complete", "parent_Field": null, "parent_Choice_Field": null, "parent_ChoiceGroup": null, "w": 87, "h": 22, "y": 512, "x": 1396, "structure_id": "Tr_320"}, {"parent_TextBlock": "Tb_53", "text": "this", "parent_Field": null, "parent_Choice_Field": null, "parent_ChoiceGroup": null, "w": 38, "h": 22, "y": 512, "x": 1485, "structure_id": "Tr_321"}, {"parent_TextBlock": "Tb_53", "text": "form", "parent_Field": null, "parent_Choice_Field": null, "parent_ChoiceGroup": null, "w": 48, "h": 22, "y": 512, "x": 1525, "structure_id": "Tr_322"}, {"parent_TextBlock": "Tb_53", "text": "and", "parent_Field": null, "parent_Choice_Field": null, "parent_ChoiceGroup": null, "w": 36, "h": 22, "y": 512, "x": 1575, "structure_id": "Tr_323"}, {"parent_TextBlock": "Tb_53", "text": "return it to the parent.", "parent_Field": null, "parent_Choice_Field": null, "parent_ChoiceGroup": null, "w": 198, "h": 22, "y": 537, "x": 96, "structure_id": "Tr_324"}, {"parent_TextBlock": "Tb_53", "text": "Please attach a copy of your latest license and/or regulatory document and schedule of fees.", "parent_Field": null, "parent_Choice_Field": null, "parent_ChoiceGroup": null, "w": 839, "h": 22, "y": 537, "x": 300, "structure_id": "Tr_325"}, {"parent_TextBlock": "Tb_54", "text": "Supersedes VA Form 0730b, NOV 2000,", "parent_Field": null, "parent_Choice_Field": null, "parent_ChoiceGroup": null, "w": 357, "h": 19, "y": 2107, "x": 565, "structure_id": "Tr_326"}, {"parent_TextBlock": "Tb_54", "text": "which will not be used.", "parent_Field": null, "parent_Choice_Field": null, "parent_ChoiceGroup": null, "w": 200, "h": 20, "y": 2126, "x": 565, "structure_id": "Tr_327"}], "ChoiceGroup": [{"y": 787.03125, "x": 81, "structure_id": "Chgp_1", "w": 1530, "h": 81}, {"y": 884.03125, "x": 82, "structure_id": "Chgp_2", "w": 1296, "h": 83}]}