{"Widget": [{"parent_Field": "Fi_1", "parent_Choice_Field": null, "parent_ChoiceGroup": null, "w": 387.63858267716535, "h": 35.6, "y": 250.23858267716534, "x": 419.13307086614174, "structure_id": "Wi_1"}, {"parent_Field": "Fi_2", "parent_Choice_Field": null, "parent_ChoiceGroup": null, "w": 200.39448818897637, "h": 35.6, "y": 418.9803149606299, "x": 1096.1417322834648, "structure_id": "Wi_2"}, {"parent_Field": "Fi_3", "parent_Choice_Field": null, "parent_ChoiceGroup": null, "w": 174.95826771653543, "h": 35.6, "y": 250.23858267716534, "x": 831.6551181102362, "structure_id": "Wi_3"}, {"parent_Field": "Fi_4", "parent_Choice_Field": null, "parent_ChoiceGroup": null, "w": 200.39448818897637, "h": 35.6, "y": 352.2078740157481, "x": 1091.6527559055116, "structure_id": "Wi_4"}, {"parent_Field": "Fi_5", "parent_Choice_Field": null, "parent_ChoiceGroup": null, "w": 272.91417322834644, "h": 35.6, "y": 250.16141732283467, "x": 121.41653543307088, "structure_id": "Wi_5"}, {"parent_Field": "Fi_6", "parent_Choice_Field": null, "parent_ChoiceGroup": null, "w": 200.39448818897637, "h": 35.6, "y": 218.98031496062993, "x": 1091.6527559055116, "structure_id": "Wi_6"}, {"parent_Field": "Fi_7", "parent_Choice_Field": null, "parent_ChoiceGroup": null, "w": 198.26692913385827, "h": 35.6, "y": 285.6724409448819, "x": 1093.78031496063, "structure_id": "Wi_7"}, {"parent_Field": "Fi_8", "parent_Choice_Field": null, "parent_ChoiceGroup": null, "w": 616.6913385826772, "h": 343.78031496062994, "y": 408.50866141732286, "x": 221.18031496062991, "structure_id": "Wi_8"}, {"parent_Field": "Fi_9", "parent_Choice_Field": null, "parent_ChoiceGroup": null, "w": 200.39448818897637, "h": 35.6, "y": 718.9803149606299, "x": 1393.9614173228347, "structure_id": "Wi_9"}, {"parent_Field": "Fi_10", "parent_Choice_Field": null, "parent_ChoiceGroup": null, "w": 200.39448818897637, "h": 35.6, "y": 650.1614173228347, "x": 1393.9614173228347, "structure_id": "Wi_10"}, {"parent_Field": "Fi_11", "parent_Choice_Field": null, "parent_ChoiceGroup": null, "w": 200.39448818897637, "h": 35.6, "y": 585.5944881889764, "x": 1393.9614173228347, "structure_id": "Wi_11"}, {"parent_Field": "Fi_12", "parent_Choice_Field": null, "parent_ChoiceGroup": null, "w": 200.39448818897637, "h": 35.6, "y": 518.9803149606299, "x": 1393.9614173228347, "structure_id": "Wi_12"}, {"parent_Field": "Fi_13", "parent_Choice_Field": null, "parent_ChoiceGroup": null, "w": 27.777952755905513, "h": 27.777952755905513, "y": 1682.9637795275592, "x": 118.52204724409448, "structure_id": "Wi_13"}, {"parent_Field": "Fi_14", "parent_Choice_Field": null, "parent_ChoiceGroup": null, "w": 1420, "h": 168.73858267716537, "y": 1685.4330708661416, "x": 162.44173228346455, "structure_id": "Wi_14"}, {"parent_Field": null, "parent_Choice_Field": "Chf_1", "parent_ChoiceGroup": "Chgp_1", "w": 27.777952755905513, "h": 27.777952755905513, "y": 920.8858267716536, "x": 118.52204724409448, "structure_id": "Wi_15"}, {"parent_Field": null, "parent_Choice_Field": "Chf_2", "parent_ChoiceGroup": "Chgp_1", "w": 27.777952755905513, "h": 27.777952755905513, "y": 986.1779527559055, "x": 118.52204724409448, "structure_id": "Wi_16"}, {"parent_Field": null, "parent_Choice_Field": "Chf_3", "parent_ChoiceGroup": "Chgp_1", "w": 27.777952755905513, "h": 27.777952755905513, "y": 1053.5165354330709, "x": 118.52204724409448, "structure_id": "Wi_17"}, {"parent_Field": null, "parent_Choice_Field": "Chf_3", "parent_ChoiceGroup": "Chgp_1", "w": 141.73070866141734, "h": 35.6, "y": 1091.8110236220473, "x": 335.7472440944882, "structure_id": "Wi_18"}, {"parent_Field": null, "parent_Choice_Field": "Chf_3", "parent_ChoiceGroup": "Chgp_1", "w": 221.6503937007874, "h": 35.6, "y": 1052.2055118110238, "x": 685.0385826771654, "structure_id": "Wi_19"}, {"parent_Field": null, "parent_Choice_Field": "Chf_4", "parent_ChoiceGroup": "Chgp_1", "w": 27.777952755905513, "h": 27.777952755905513, "y": 1196.6031496062992, "x": 118.52204724409448, "structure_id": "Wi_20"}, {"parent_Field": null, "parent_Choice_Field": "Chf_4", "parent_ChoiceGroup": "Chgp_1", "w": 169.05275590551182, "h": 35.6, "y": 1233.544881889764, "x": 568.8976377952756, "structure_id": "Wi_21"}, {"parent_Field": null, "parent_Choice_Field": "Chf_4", "parent_ChoiceGroup": "Chgp_1", "w": 345.9803149606299, "h": 35.6, "y": 1193.936220472441, "x": 710.7086614173228, "structure_id": "Wi_22"}, {"parent_Field": null, "parent_Choice_Field": "Chf_4", "parent_ChoiceGroup": "Chgp_1", "w": 292.04724409448824, "h": 35.6, "y": 1235.6692913385828, "x": 1206.3, "structure_id": "Wi_23"}, {"parent_Field": null, "parent_Choice_Field": "Chf_5", "parent_ChoiceGroup": "Chgp_1", "w": 27.777952755905513, "h": 27.777952755905513, "y": 1343.783464566929, "x": 118.52204724409448, "structure_id": "Wi_24"}, {"parent_Field": null, "parent_Choice_Field": "Chf_5", "parent_ChoiceGroup": "Chgp_1", "w": 252.36141732283465, "h": 35.272440944881886, "y": 1343.8582677165355, "x": 523.0724409448819, "structure_id": "Wi_25"}, {"parent_Field": null, "parent_Choice_Field": "Chf_6", "parent_ChoiceGroup": "Chgp_1", "w": 27.777952755905513, "h": 27.777952755905513, "y": 1486.8692913385828, "x": 118.52204724409448, "structure_id": "Wi_26"}, {"parent_Field": null, "parent_Choice_Field": "Chf_6", "parent_ChoiceGroup": "Chgp_1", "w": 254.48582677165354, "h": 35.6, "y": 1483.4637795275592, "x": 877.1669291338583, "structure_id": "Wi_27"}, {"parent_Field": null, "parent_Choice_Field": "Chf_7", "parent_ChoiceGroup": "Chgp_1", "w": 27.777952755905513, "h": 27.777952755905513, "y": 1584.916535433071, "x": 118.52204724409448, "structure_id": "Wi_28"}, {"parent_Field": null, "parent_Choice_Field": "Chf_7", "parent_ChoiceGroup": "Chgp_1", "w": 258.6582677165355, "h": 35.6, "y": 1585.5921259842519, "x": 437.55826771653545, "structure_id": "Wi_29"}], "TextBlock": [{"parent_Field": null, "parent_Choice_Field": null, "parent_ChoiceGroup": null, "w": 429, "h": 128, "y": 1944, "x": 342, "structure_id": "Tb_1"}, {"parent_Field": null, "parent_Choice_Field": null, "parent_ChoiceGroup": null, "w": 286, "h": 42, "y": 80, "x": 1322, "structure_id": "Tb_2"}, {"parent_Field": null, "parent_Choice_Field": null, "parent_ChoiceGroup": null, "w": 90, "h": 30, "y": 1995, "x": 149, "structure_id": "Tb_3"}, {"parent_Field": null, "parent_Choice_Field": null, "parent_ChoiceGroup": null, "w": 104, "h": 33, "y": 2086, "x": 222, "structure_id": "Tb_4"}, {"parent_Field": null, "parent_Choice_Field": null, "parent_ChoiceGroup": null, "w": 437, "h": 59, "y": 130, "x": 918, "structure_id": "Tb_5"}, {"parent_Field": null, "parent_Choice_Field": null, "parent_ChoiceGroup": null, "w": 108, "h": 42, "y": 2084, "x": 82, "structure_id": "Tb_6"}, {"parent_Field": "Fi_1", "parent_Choice_Field": null, "parent_ChoiceGroup": null, "w": 368, "h": 22, "y": 198, "x": 419, "structure_id": "Tb_7"}, {"parent_Field": "Fi_2", "parent_Choice_Field": null, "parent_ChoiceGroup": null, "w": 420, "h": 22, "y": 396, "x": 1066, "structure_id": "Tb_8"}, {"parent_Field": "Fi_2", "parent_Choice_Field": null, "parent_ChoiceGroup": null, "w": 15, "h": 25, "y": 424.03125, "x": 1077, "structure_id": "Tb_9"}, {"parent_Field": "Fi_3", "parent_Choice_Field": null, "parent_ChoiceGroup": null, "w": 199, "h": 22, "y": 198, "x": 830, "structure_id": "Tb_10"}, {"parent_Field": "Fi_3", "parent_Choice_Field": null, "parent_ChoiceGroup": null, "w": 71, "h": 20, "y": 225, "x": 829, "structure_id": "Tb_11"}, {"parent_Field": "Fi_3", "parent_Choice_Field": null, "parent_ChoiceGroup": null, "w": 51, "h": 20, "y": 225, "x": 915, "structure_id": "Tb_12"}, {"parent_Field": "Fi_3", "parent_Choice_Field": null, "parent_ChoiceGroup": null, "w": 63, "h": 20, "y": 225, "x": 980, "structure_id": "Tb_13"}, {"parent_Field": "Fi_4", "parent_Choice_Field": null, "parent_ChoiceGroup": null, "w": 383, "h": 23, "y": 331, "x": 1066, "structure_id": "Tb_14"}, {"parent_Field": "Fi_5", "parent_Choice_Field": null, "parent_ChoiceGroup": null, "w": 312, "h": 22, "y": 198, "x": 88, "structure_id": "Tb_15"}, {"parent_Field": "Fi_5", "parent_Choice_Field": null, "parent_ChoiceGroup": null, "w": 21, "h": 28, "y": 253.03125, "x": 93, "structure_id": "Tb_16"}, {"parent_Field": "Fi_6", "parent_Choice_Field": null, "parent_ChoiceGroup": null, "w": 245, "h": 22, "y": 198, "x": 1066, "structure_id": "Tb_17"}, {"parent_Field": "Fi_7", "parent_Choice_Field": null, "parent_ChoiceGroup": null, "w": 320, "h": 22, "y": 265, "x": 1066, "structure_id": "Tb_18"}, {"parent_Field": "Fi_7", "parent_Choice_Field": null, "parent_ChoiceGroup": null, "w": 18, "h": 25, "y": 292.03125, "x": 1072, "structure_id": "Tb_19"}, {"parent_Field": "Fi_8", "parent_Choice_Field": null, "parent_ChoiceGroup": null, "w": 257, "h": 22, "y": 298, "x": 88, "structure_id": "Tb_20"}, {"parent_Field": null, "parent_Choice_Field": null, "parent_ChoiceGroup": null, "w": 437, "h": 25, "y": 467, "x": 1124, "structure_id": "Tb_21"}, {"parent_Field": null, "parent_Choice_Field": null, "parent_ChoiceGroup": null, "w": 27, "h": 39, "y": 707.03125, "x": 1068, "structure_id": "Tb_22"}, {"parent_Field": "Fi_9", "parent_Choice_Field": null, "parent_ChoiceGroup": null, "w": 19, "h": 38.0, "y": 716.03125, "x": 1356, "structure_id": "Tb_23"}, {"parent_Field": null, "parent_Choice_Field": null, "parent_ChoiceGroup": null, "w": 150, "h": 43, "y": 707, "x": 1122, "structure_id": "Tb_24"}, {"parent_Field": null, "parent_Choice_Field": null, "parent_ChoiceGroup": null, "w": 22, "h": 40, "y": 640.03125, "x": 1068, "structure_id": "Tb_25"}, {"parent_Field": null, "parent_Choice_Field": null, "parent_ChoiceGroup": null, "w": 125, "h": 42, "y": 641, "x": 1122, "structure_id": "Tb_26"}, {"parent_Field": "Fi_10", "parent_Choice_Field": null, "parent_ChoiceGroup": null, "w": 24, "h": 28.0, "y": 652.03125, "x": 1353, "structure_id": "Tb_27"}, {"parent_Field": null, "parent_Choice_Field": null, "parent_ChoiceGroup": null, "w": 21, "h": 32, "y": 575.03125, "x": 1068, "structure_id": "Tb_28"}, {"parent_Field": null, "parent_Choice_Field": null, "parent_ChoiceGroup": null, "w": 110, "h": 42, "y": 574, "x": 1122, "structure_id": "Tb_29"}, {"parent_Field": "Fi_11", "parent_Choice_Field": null, "parent_ChoiceGroup": null, "w": 25, "h": 30.0, "y": 587.03125, "x": 1356, "structure_id": "Tb_30"}, {"parent_Field": null, "parent_Choice_Field": null, "parent_ChoiceGroup": null, "w": 26, "h": 33, "y": 511.03125, "x": 1069, "structure_id": "Tb_31"}, {"parent_Field": "Fi_12", "parent_Choice_Field": null, "parent_ChoiceGroup": null, "w": 21, "h": 36.0, "y": 517.03125, "x": 1354, "structure_id": "Tb_32"}, {"parent_Field": null, "parent_Choice_Field": null, "parent_ChoiceGroup": null, "w": 176, "h": 43, "y": 507, "x": 1122, "structure_id": "Tb_33"}, {"parent_Field": null, "parent_Choice_Field": null, "parent_ChoiceGroup": null, "w": 1359, "h": 30, "y": 1887, "x": 173, "structure_id": "Tb_34"}, {"parent_Field": null, "parent_Choice_Field": null, "parent_ChoiceGroup": null, "w": 1449, "h": 64, "y": 792, "x": 122, "structure_id": "Tb_35"}, {"parent_Field": null, "parent_Choice_Field": "Chf_1", "parent_ChoiceGroup": "Chgp_1", "w": 1373, "h": 30, "y": 920, "x": 162, "structure_id": "Tb_36"}, {"parent_Field": null, "parent_Choice_Field": "Chf_2", "parent_ChoiceGroup": "Chgp_1", "w": 1367, "h": 31, "y": 986, "x": 162, "structure_id": "Tb_37"}, {"parent_Field": null, "parent_Choice_Field": "Chf_3", "parent_ChoiceGroup": "Chgp_1", "w": 1419.0, "h": 114, "y": 1053, "x": 162, "structure_id": "Tb_38"}, {"parent_Field": null, "parent_Choice_Field": "Chf_4", "parent_ChoiceGroup": "Chgp_1", "w": 1407.0, "h": 114, "y": 1194, "x": 162, "structure_id": "Tb_39"}, {"parent_Field": null, "parent_Choice_Field": "Chf_5", "parent_ChoiceGroup": "Chgp_1", "w": 1384, "h": 114, "y": 1342, "x": 162, "structure_id": "Tb_40"}, {"parent_Field": null, "parent_Choice_Field": "Chf_6", "parent_ChoiceGroup": "Chgp_1", "w": 1417.0, "h": 72, "y": 1484, "x": 162, "structure_id": "Tb_41"}, {"parent_Field": null, "parent_Choice_Field": "Chf_7", "parent_ChoiceGroup": "Chgp_1", "w": 1332.0, "h": 72, "y": 1584, "x": 162, "structure_id": "Tb_42"}], "Choice_Field": [{"y": 920, "x": 118.52204724409448, "structure_id": "Chf_1", "w": 1416.4779527559056, "h": 30}, {"y": 986, "x": 118.52204724409448, "structure_id": "Chf_2", "w": 1410.4779527559056, "h": 31}, {"y": 1052.2055118110238, "x": 118.52204724409448, "structure_id": "Chf_3", "w": 1462.4779527559056, "h": 114.79448818897617}, {"y": 1193.936220472441, "x": 118.52204724409448, "structure_id": "Chf_4", "w": 1450.4779527559056, "h": 114.06377952755906}, {"y": 1342, "x": 118.52204724409448, "structure_id": "Chf_5", "w": 1427.4779527559056, "h": 114}, {"y": 1483.4637795275592, "x": 118.52204724409448, "structure_id": "Chf_6", "w": 1460.4779527559056, "h": 72.53622047244085}, {"y": 1584, "x": 118.52204724409448, "structure_id": "Chf_7", "w": 1375.4779527559056, "h": 72}], "Field": [{"y": 198, "x": 419, "structure_id": "Fi_1", "w": 387.77165354330714, "h": 87.83858267716533}, {"y": 396, "x": 1066, "structure_id": "Fi_2", "w": 420, "h": 58.58031496062995}, {"y": 198, "x": 829, "structure_id": "Fi_3", "w": 214, "h": 87.83858267716533}, {"y": 331, "x": 1066, "structure_id": "Fi_4", "w": 383, "h": 56.8078740157481}, {"y": 198, "x": 88, "structure_id": "Fi_5", "w": 312, "h": 87.76141732283469}, {"y": 198, "x": 1066, "structure_id": "Fi_6", "w": 245, "h": 56.58031496062992}, {"y": 265, "x": 1066, "structure_id": "Fi_7", "w": 320, "h": 56.27244094488191}, {"y": 298, "x": 88, "structure_id": "Fi_8", "w": 749.871653543307, "h": 454.28897637795285}, {"y": 716.03125, "x": 1356, "structure_id": "Fi_9", "w": 238.355905511811, "h": 38.54906496062995}, {"y": 650.1614173228347, "x": 1353, "structure_id": "Fi_10", "w": 241.355905511811, "h": 35.60000000000002}, {"y": 585.5944881889764, "x": 1356, "structure_id": "Fi_11", "w": 238.355905511811, "h": 35.60000000000002}, {"y": 517.03125, "x": 1354, "structure_id": "Fi_12", "w": 240.355905511811, "h": 37.54906496062995}, {"y": 1682.9637795275592, "x": 118.52204724409448, "structure_id": "Fi_13", "w": 27.777952755905513, "h": 27.777952755905513}, {"y": 1685.4330708661416, "x": 162.44173228346455, "structure_id": "Fi_14", "w": 1420, "h": 168.73858267716537}], "TextRun": [{"parent_TextBlock": "Tb_1", "text": "Department of Veterans Affairs", "parent_Field": null, "parent_Choice_Field": null, "parent_ChoiceGroup": null, "w": 360, "h": 28, "y": 1944, "x": 342, "structure_id": "Tr_1"}, {"parent_TextBlock": "Tb_1", "text": "Regional Office and Insurance Center", "parent_Field": null, "parent_Choice_Field": null, "parent_ChoiceGroup": null, "w": 429, "h": 28, "y": 1978, "x": 342, "structure_id": "Tr_2"}, {"parent_TextBlock": "Tb_1", "text": "P.O. Box 8079", "parent_Field": null, "parent_Choice_Field": null, "parent_ChoiceGroup": null, "w": 173, "h": 28, "y": 2011, "x": 342, "structure_id": "Tr_3"}, {"parent_TextBlock": "Tb_1", "text": "Philadelphia, PA 19101", "parent_Field": null, "parent_Choice_Field": null, "parent_ChoiceGroup": null, "w": 265, "h": 28, "y": 2044, "x": 342, "structure_id": "Tr_4"}, {"parent_TextBlock": "Tb_2", "text": "OMB Control No. 2900-0128", "parent_Field": null, "parent_Choice_Field": null, "parent_ChoiceGroup": null, "w": 270, "h": 22, "y": 80, "x": 1322, "structure_id": "Tr_5"}, {"parent_TextBlock": "Tb_2", "text": "Respondent Burden: 12 minutes", "parent_Field": null, "parent_Choice_Field": null, "parent_ChoiceGroup": null, "w": 286, "h": 22, "y": 100, "x": 1322, "structure_id": "Tr_6"}, {"parent_TextBlock": "Tb_3", "text": "FROM", "parent_Field": null, "parent_Choice_Field": null, "parent_ChoiceGroup": null, "w": 90, "h": 30, "y": 1995, "x": 149, "structure_id": "Tr_7"}, {"parent_TextBlock": "Tb_4", "text": "29-389", "parent_Field": null, "parent_Choice_Field": null, "parent_ChoiceGroup": null, "w": 104, "h": 33, "y": 2086, "x": 222, "structure_id": "Tr_8"}, {"parent_TextBlock": "Tb_5", "text": "NOTICE OF LAPSE", "parent_Field": null, "parent_Choice_Field": null, "parent_ChoiceGroup": null, "w": 311, "h": 34, "y": 130, "x": 985, "structure_id": "Tr_9"}, {"parent_TextBlock": "Tb_5", "text": "GOVERNMENT LIFE INSURANCE", "parent_Field": null, "parent_Choice_Field": null, "parent_ChoiceGroup": null, "w": 437, "h": 28, "y": 161, "x": 918, "structure_id": "Tr_10"}, {"parent_TextBlock": "Tb_6", "text": "VA FORM", "parent_Field": null, "parent_Choice_Field": null, "parent_ChoiceGroup": null, "w": 108, "h": 22, "y": 2084, "x": 82, "structure_id": "Tr_11"}, {"parent_TextBlock": "Tb_6", "text": "NOV 2005", "parent_Field": null, "parent_Choice_Field": null, "parent_ChoiceGroup": null, "w": 104, "h": 22, "y": 2104, "x": 82, "structure_id": "Tr_12"}, {"parent_TextBlock": "Tb_7", "text": "2. POLICY NO.\u00c2\u00a0", "parent_Field": "Fi_1", "parent_Choice_Field": null, "parent_ChoiceGroup": null, "w": 158, "h": 22, "y": 198, "x": 419, "structure_id": "Tr_13"}, {"parent_TextBlock": "Tb_7", "text": "(Including letter prefix)", "parent_Field": "Fi_1", "parent_Choice_Field": null, "parent_ChoiceGroup": null, "w": 210, "h": 22, "y": 198, "x": 577, "structure_id": "Tr_14"}, {"parent_TextBlock": "Tb_8", "text": "7. AMOUNT OF LAST TIMELY PAYMENT", "parent_Field": "Fi_2", "parent_Choice_Field": null, "parent_ChoiceGroup": null, "w": 420, "h": 22, "y": 396, "x": 1066, "structure_id": "Tr_15"}, {"parent_TextBlock": "Tb_9", "text": "", "parent_Field": "Fi_2", "parent_Choice_Field": null, "parent_ChoiceGroup": null, "w": 15, "h": 25, "y": 424.03125, "x": 1077, "structure_id": "Tr_16"}, {"parent_TextBlock": "Tb_10", "text": "3. DATE OF LAPSE", "parent_Field": "Fi_3", "parent_Choice_Field": null, "parent_ChoiceGroup": null, "w": 199, "h": 22, "y": 198, "x": 830, "structure_id": "Tr_17"}, {"parent_TextBlock": "Tb_11", "text": "MONTH", "parent_Field": "Fi_3", "parent_Choice_Field": null, "parent_ChoiceGroup": null, "w": 71, "h": 20, "y": 225, "x": 829, "structure_id": "Tr_18"}, {"parent_TextBlock": "Tb_12", "text": "/ DAY", "parent_Field": "Fi_3", "parent_Choice_Field": null, "parent_ChoiceGroup": null, "w": 51, "h": 20, "y": 225, "x": 915, "structure_id": "Tr_19"}, {"parent_TextBlock": "Tb_13", "text": "/ YEAR", "parent_Field": "Fi_3", "parent_Choice_Field": null, "parent_ChoiceGroup": null, "w": 63, "h": 20, "y": 225, "x": 980, "structure_id": "Tr_20"}, {"parent_TextBlock": "Tb_14", "text": "6. DATE OF LAST TIMELY PAYMENT", "parent_Field": "Fi_4", "parent_Choice_Field": null, "parent_ChoiceGroup": null, "w": 383, "h": 23, "y": 331, "x": 1066, "structure_id": "Tr_21"}, {"parent_TextBlock": "Tb_15", "text": "1. INSURANCE FILE NUMBER", "parent_Field": "Fi_5", "parent_Choice_Field": null, "parent_ChoiceGroup": null, "w": 312, "h": 22, "y": 198, "x": 88, "structure_id": "Tr_22"}, {"parent_TextBlock": "Tb_16", "text": "", "parent_Field": "Fi_5", "parent_Choice_Field": null, "parent_ChoiceGroup": null, "w": 21, "h": 28, "y": 253.03125, "x": 93, "structure_id": "Tr_23"}, {"parent_TextBlock": "Tb_17", "text": "4. DATE MAILED BY VA", "parent_Field": "Fi_6", "parent_Choice_Field": null, "parent_ChoiceGroup": null, "w": 245, "h": 22, "y": 198, "x": 1066, "structure_id": "Tr_24"}, {"parent_TextBlock": "Tb_18", "text": "5. AMOUNT OF INSURANCE   \u00c2\u00a0", "parent_Field": "Fi_7", "parent_Choice_Field": null, "parent_ChoiceGroup": null, "w": 320, "h": 22, "y": 265, "x": 1066, "structure_id": "Tr_25"}, {"parent_TextBlock": "Tb_19", "text": "", "parent_Field": "Fi_7", "parent_Choice_Field": null, "parent_ChoiceGroup": null, "w": 18, "h": 25, "y": 292.03125, "x": 1072, "structure_id": "Tr_26"}, {"parent_TextBlock": "Tb_20", "text": "ADDRESS OF INSURED\u00c2\u00a0", "parent_Field": "Fi_8", "parent_Choice_Field": null, "parent_ChoiceGroup": null, "w": 257, "h": 22, "y": 298, "x": 88, "structure_id": "Tr_27"}, {"parent_TextBlock": "Tb_21", "text": "8. AMOUNT NEEDED TO REINSTATE", "parent_Field": null, "parent_Choice_Field": null, "parent_ChoiceGroup": null, "w": 437, "h": 25, "y": 467, "x": 1124, "structure_id": "Tr_28"}, {"parent_TextBlock": "Tb_22", "parent_Field": null, "parent_Choice_Field": null, "parent_ChoiceGroup": null, "w": 27, "h": 39, "y": 707.03125, "x": 1068, "structure_id": "Tr_29"}, {"parent_TextBlock": "Tb_23", "parent_Field": "Fi_9", "parent_Choice_Field": null, "parent_ChoiceGroup": null, "w": 19, "h": 38, "y": 716.03125, "x": 1356, "structure_id": "Tr_30"}, {"parent_TextBlock": "Tb_24", "text": "TOTAL", "parent_Field": null, "parent_Choice_Field": null, "parent_ChoiceGroup": null, "w": 121, "h": 23, "y": 707, "x": 1122, "structure_id": "Tr_31"}, {"parent_TextBlock": "Tb_24", "text": "AMOUNT DUE", "parent_Field": null, "parent_Choice_Field": null, "parent_ChoiceGroup": null, "w": 150, "h": 23, "y": 727, "x": 1122, "structure_id": "Tr_32"}, {"parent_TextBlock": "Tb_25", "parent_Field": null, "parent_Choice_Field": null, "parent_ChoiceGroup": null, "w": 22, "h": 40, "y": 640.03125, "x": 1068, "structure_id": "Tr_33"}, {"parent_TextBlock": "Tb_26", "text": "PLUS", "parent_Field": null, "parent_Choice_Field": null, "parent_ChoiceGroup": null, "w": 108, "h": 22, "y": 641, "x": 1122, "structure_id": "Tr_34"}, {"parent_TextBlock": "Tb_26", "text": "SHORTAGE", "parent_Field": null, "parent_Choice_Field": null, "parent_ChoiceGroup": null, "w": 125, "h": 22, "y": 661, "x": 1122, "structure_id": "Tr_35"}, {"parent_TextBlock": "Tb_27", "parent_Field": "Fi_10", "parent_Choice_Field": null, "parent_ChoiceGroup": null, "w": 24, "h": 28, "y": 652.03125, "x": 1353, "structure_id": "Tr_36"}, {"parent_TextBlock": "Tb_28", "parent_Field": null, "parent_Choice_Field": null, "parent_ChoiceGroup": null, "w": 21, "h": 32, "y": 575.03125, "x": 1068, "structure_id": "Tr_37"}, {"parent_TextBlock": "Tb_29", "text": "LESS", "parent_Field": null, "parent_Choice_Field": null, "parent_ChoiceGroup": null, "w": 107, "h": 22, "y": 574, "x": 1122, "structure_id": "Tr_38"}, {"parent_TextBlock": "Tb_29", "text": "OVERAGE", "parent_Field": null, "parent_Choice_Field": null, "parent_ChoiceGroup": null, "w": 110, "h": 22, "y": 594, "x": 1122, "structure_id": "Tr_39"}, {"parent_TextBlock": "Tb_30", "parent_Field": "Fi_11", "parent_Choice_Field": null, "parent_ChoiceGroup": null, "w": 25, "h": 30, "y": 587.03125, "x": 1356, "structure_id": "Tr_40"}, {"parent_TextBlock": "Tb_31", "parent_Field": null, "parent_Choice_Field": null, "parent_ChoiceGroup": null, "w": 26, "h": 33, "y": 511.03125, "x": 1069, "structure_id": "Tr_41"}, {"parent_TextBlock": "Tb_32", "parent_Field": "Fi_12", "parent_Choice_Field": null, "parent_ChoiceGroup": null, "w": 21, "h": 36, "y": 517.03125, "x": 1354, "structure_id": "Tr_42"}, {"parent_TextBlock": "Tb_33", "text": "PREMIUMS", "parent_Field": null, "parent_Choice_Field": null, "parent_ChoiceGroup": null, "w": 176, "h": 23, "y": 507, "x": 1122, "structure_id": "Tr_43"}, {"parent_TextBlock": "Tb_33", "text": "DUE", "parent_Field": null, "parent_Choice_Field": null, "parent_ChoiceGroup": null, "w": 47, "h": 23, "y": 527, "x": 1122, "structure_id": "Tr_44"}, {"parent_TextBlock": "Tb_34", "text": "IF YOU HAVE QUESTIONS ABOUT YOUR INSURANCE, CALL TOLL-FREE AT 1-800-669-8477.\u00c2\u00a0", "parent_Field": null, "parent_Choice_Field": null, "parent_ChoiceGroup": null, "w": 1359, "h": 30, "y": 1887, "x": 173, "structure_id": "Tr_45"}, {"parent_TextBlock": "Tb_35", "text": "Your insurance lapsed on the date shown. You may reinstate your protection now by following the instructions in the", "parent_Field": null, "parent_Choice_Field": null, "parent_ChoiceGroup": null, "w": 1449, "h": 30, "y": 792, "x": 122, "structure_id": "Tr_46"}, {"parent_TextBlock": "Tb_35", "text": "paragraphs checked below.", "parent_Field": null, "parent_Choice_Field": null, "parent_ChoiceGroup": null, "w": 332, "h": 31, "y": 825, "x": 122, "structure_id": "Tr_47"}, {"parent_TextBlock": "Tb_36", "text": "Complete the application on the back of this form and return it at once with a payment for the total amount due.\u00c2\u00a0", "parent_Field": null, "parent_Choice_Field": "Chf_1", "parent_ChoiceGroup": "Chgp_1", "w": 1373, "h": 30, "y": 920, "x": 162, "structure_id": "Tr_48"}, {"parent_TextBlock": "Tb_37", "text": "Return this form at once with a payment for the total amount due. You do not have to complete the application.\u00c2\u00a0", "parent_Field": null, "parent_Choice_Field": "Chf_2", "parent_ChoiceGroup": "Chgp_1", "w": 1367, "h": 31, "y": 986, "x": 162, "structure_id": "Tr_49"}, {"parent_TextBlock": "Tb_38", "parent_Field": null, "parent_Choice_Field": "Chf_3", "parent_ChoiceGroup": "Chgp_1", "w": 523.0385826771654, "h": 30, "y": 1053, "x": 162, "structure_id": "Tr_50"}, {"parent_TextBlock": "Tb_38", "parent_Field": null, "parent_Choice_Field": "Chf_3", "parent_ChoiceGroup": "Chgp_1", "w": 567.3110236220472, "h": 30, "y": 1053, "x": 906.6889763779528, "structure_id": "Tr_51"}, {"parent_TextBlock": "Tb_38", "parent_Field": null, "parent_Choice_Field": "Chf_3", "parent_ChoiceGroup": "Chgp_1", "w": 173.74724409448822, "h": 30, "y": 1095, "x": 162, "structure_id": "Tr_52"}, {"parent_TextBlock": "Tb_38", "parent_Field": null, "parent_Choice_Field": "Chf_3", "parent_ChoiceGroup": "Chgp_1", "w": 1103.5220472440944, "h": 30, "y": 1095, "x": 477.47795275590556, "structure_id": "Tr_53"}, {"parent_TextBlock": "Tb_38", "text": "of lapse, interest will be charged on all premiums from date of lapse.\u00c2\u00a0", "parent_Field": null, "parent_Choice_Field": "Chf_3", "parent_ChoiceGroup": "Chgp_1", "w": 848, "h": 31, "y": 1136, "x": 162, "structure_id": "Tr_54"}, {"parent_TextBlock": "Tb_39", "parent_Field": null, "parent_Choice_Field": "Chf_4", "parent_ChoiceGroup": "Chgp_1", "w": 548.7086614173228, "h": 31, "y": 1194, "x": 162, "structure_id": "Tr_55"}, {"parent_TextBlock": "Tb_39", "parent_Field": null, "parent_Choice_Field": "Chf_4", "parent_ChoiceGroup": "Chgp_1", "w": 512.3110236220473, "h": 31, "y": 1194, "x": 1056.6889763779527, "structure_id": "Tr_56"}, {"parent_TextBlock": "Tb_39", "parent_Field": null, "parent_Choice_Field": "Chf_4", "parent_ChoiceGroup": "Chgp_1", "w": 406.8976377952756, "h": 31, "y": 1236, "x": 162, "structure_id": "Tr_57"}, {"parent_TextBlock": "Tb_39", "parent_Field": null, "parent_Choice_Field": "Chf_4", "parent_ChoiceGroup": "Chgp_1", "w": 468.3496062992125, "h": 31, "y": 1236, "x": 737.9503937007875, "structure_id": "Tr_58"}, {"parent_TextBlock": "Tb_39", "parent_Field": null, "parent_Choice_Field": "Chf_4", "parent_ChoiceGroup": "Chgp_1", "w": 62.65275590551187, "h": 31, "y": 1236, "x": 1498.3472440944881, "structure_id": "Tr_59"}, {"parent_TextBlock": "Tb_39", "text": "monthly.", "parent_Field": null, "parent_Choice_Field": "Chf_4", "parent_ChoiceGroup": "Chgp_1", "w": 110, "h": 30, "y": 1278, "x": 162, "structure_id": "Tr_60"}, {"parent_TextBlock": "Tb_40", "parent_Field": null, "parent_Choice_Field": "Chf_5", "parent_ChoiceGroup": "Chgp_1", "w": 361.0724409448819, "h": 31, "y": 1342, "x": 162, "structure_id": "Tr_61"}, {"parent_TextBlock": "Tb_40", "parent_Field": null, "parent_Choice_Field": "Chf_5", "parent_ChoiceGroup": "Chgp_1", "w": 753.5661417322834, "h": 31, "y": 1342, "x": 775.4338582677166, "structure_id": "Tr_62"}, {"parent_TextBlock": "Tb_40", "text": "application as it was at the end of the grace period is acceptable. Otherwise, a VA Form 29-352, Application For", "parent_Field": null, "parent_Choice_Field": "Chf_5", "parent_ChoiceGroup": "Chgp_1", "w": 1384, "h": 30, "y": 1384, "x": 162, "structure_id": "Tr_63"}, {"parent_TextBlock": "Tb_40", "text": "Reinstatement, will be required.\u00c2\u00a0", "parent_Field": null, "parent_Choice_Field": "Chf_5", "parent_ChoiceGroup": "Chgp_1", "w": 399, "h": 31, "y": 1425, "x": 162, "structure_id": "Tr_64"}, {"parent_TextBlock": "Tb_41", "parent_Field": null, "parent_Choice_Field": "Chf_6", "parent_ChoiceGroup": "Chgp_1", "w": 715.1669291338583, "h": 30, "y": 1484, "x": 162, "structure_id": "Tr_65"}, {"parent_TextBlock": "Tb_41", "parent_Field": null, "parent_Choice_Field": "Chf_6", "parent_ChoiceGroup": "Chgp_1", "w": 447.34724409448813, "h": 30, "y": 1484, "x": 1131.6527559055119, "structure_id": "Tr_66"}, {"parent_TextBlock": "Tb_41", "text": "reinstate this insurance.\u00c2\u00a0", "parent_Field": null, "parent_Choice_Field": "Chf_6", "parent_ChoiceGroup": "Chgp_1", "w": 296, "h": 31, "y": 1525, "x": 162, "structure_id": "Tr_67"}, {"parent_TextBlock": "Tb_42", "parent_Field": null, "parent_Choice_Field": "Chf_7", "parent_ChoiceGroup": "Chgp_1", "w": 275.55826771653545, "h": 30, "y": 1584, "x": 162, "structure_id": "Tr_68"}, {"parent_TextBlock": "Tb_42", "parent_Field": null, "parent_Choice_Field": "Chf_7", "parent_ChoiceGroup": "Chgp_1", "w": 797.7834645669291, "h": 30, "y": 1584, "x": 696.2165354330709, "structure_id": "Tr_69"}, {"parent_TextBlock": "Tb_42", "text": "Item 8B. \u00c2\u00a0", "parent_Field": null, "parent_Choice_Field": "Chf_7", "parent_ChoiceGroup": "Chgp_1", "w": 123, "h": 31, "y": 1625, "x": 162, "structure_id": "Tr_70"}], "ChoiceGroup": [{"y": 907.0376920290626, "x": 103, "structure_id": "Chgp_1", "w": 1499, "h": 868.8007936103186}]}