{"Widget": [{"parent_Field": "Fi_1", "parent_Choice_Field": null, "parent_ChoiceGroup": null, "w": 1514.8669291338583, "h": 1364.2141732283465, "y": 723.0637795275591, "x": 99.59685039370079, "structure_id": "Wi_1"}], "TextBlock": [{"parent_Field": null, "parent_Choice_Field": null, "parent_ChoiceGroup": null, "w": 92, "h": 43, "y": 2105, "x": 90, "structure_id": "Tb_1"}, {"parent_Field": null, "parent_Choice_Field": null, "parent_ChoiceGroup": null, "w": 141, "h": 33, "y": 2108, "x": 230, "structure_id": "Tb_2"}, {"parent_Field": null, "parent_Choice_Field": null, "parent_ChoiceGroup": null, "w": 81, "h": 22, "y": 2112, "x": 1534, "structure_id": "Tb_3"}, {"parent_Field": null, "parent_Choice_Field": null, "parent_ChoiceGroup": null, "w": 291, "h": 64, "y": 83, "x": 1301, "structure_id": "Tb_4"}, {"parent_Field": null, "parent_Choice_Field": null, "parent_ChoiceGroup": null, "w": 970, "h": 30, "y": 255, "x": 372, "structure_id": "Tb_5"}, {"parent_Field": null, "parent_Choice_Field": null, "parent_ChoiceGroup": null, "w": 1077, "h": 23, "y": 616, "x": 98, "structure_id": "Tb_6"}, {"parent_Field": null, "parent_Choice_Field": null, "parent_ChoiceGroup": null, "w": 1469, "h": 25, "y": 565, "x": 98, "structure_id": "Tb_7"}, {"parent_Field": "Fi_1", "parent_Choice_Field": null, "parent_ChoiceGroup": null, "w": 672, "h": 25, "y": 679, "x": 100, "structure_id": "Tb_8"}, {"parent_Field": null, "parent_Choice_Field": null, "parent_ChoiceGroup": null, "w": 1514, "h": 95, "y": 324, "x": 101, "structure_id": "Tb_9"}, {"parent_Field": null, "parent_Choice_Field": null, "parent_ChoiceGroup": null, "w": 1514, "h": 120, "y": 424, "x": 101, "structure_id": "Tb_10"}], "Choice_Field": [], "Field": [{"y": 679, "x": 99.59685039370079, "structure_id": "Fi_1", "w": 1514.8669291338583, "h": 1408.2779527559055}], "TextRun": [{"parent_TextBlock": "Tb_1", "text": "VA FORM", "parent_Field": null, "parent_Choice_Field": null, "parent_ChoiceGroup": null, "w": 91, "h": 20, "y": 2105, "x": 90, "structure_id": "Tr_1"}, {"parent_TextBlock": "Tb_1", "text": "DEC 2015", "parent_Field": null, "parent_Choice_Field": null, "parent_ChoiceGroup": null, "w": 92, "h": 20, "y": 2128, "x": 90, "structure_id": "Tr_2"}, {"parent_TextBlock": "Tb_2", "text": "26-0967a", "parent_Field": null, "parent_Choice_Field": null, "parent_ChoiceGroup": null, "w": 141, "h": 33, "y": 2108, "x": 230, "structure_id": "Tr_3"}, {"parent_TextBlock": "Tb_3", "text": "PAGE 1", "parent_Field": null, "parent_Choice_Field": null, "parent_ChoiceGroup": null, "w": 81, "h": 22, "y": 2112, "x": 1534, "structure_id": "Tr_4"}, {"parent_TextBlock": "Tb_4", "text": "OMB Control Number: 2900-0821", "parent_Field": null, "parent_Choice_Field": null, "parent_ChoiceGroup": null, "w": 291, "h": 19, "y": 83, "x": 1301, "structure_id": "Tr_5"}, {"parent_TextBlock": "Tb_4", "text": "Respondent Burden: 1 hour", "parent_Field": null, "parent_Choice_Field": null, "parent_ChoiceGroup": null, "w": 239, "h": 19, "y": 105, "x": 1301, "structure_id": "Tr_6"}, {"parent_TextBlock": "Tb_4", "text": "Expiration Date: 12/31/2018", "parent_Field": null, "parent_Choice_Field": null, "parent_ChoiceGroup": null, "w": 241, "h": 20, "y": 127, "x": 1301, "structure_id": "Tr_7"}, {"parent_TextBlock": "Tb_5", "text": "SCORING CRITERIA FOR SAH ASSISTIVE TECHNOLOGY GRANTS", "parent_Field": null, "parent_Choice_Field": null, "parent_ChoiceGroup": null, "w": 970, "h": 30, "y": 255, "x": 372, "structure_id": "Tr_8"}, {"parent_TextBlock": "Tb_6", "text": "NOTE", "parent_Field": null, "parent_Choice_Field": null, "parent_ChoiceGroup": null, "w": 62, "h": 23, "y": 616, "x": 98, "structure_id": "Tr_9"}, {"parent_TextBlock": "Tb_6", "text": ": If additional space is needed please attach separate sheet(s) and indicate item number with response.", "parent_Field": null, "parent_Choice_Field": null, "parent_ChoiceGroup": null, "w": 1015, "h": 23, "y": 616, "x": 160, "structure_id": "Tr_10"}, {"parent_TextBlock": "Tb_7", "text": "IMPORTANT", "parent_Field": null, "parent_Choice_Field": null, "parent_ChoiceGroup": null, "w": 149, "h": 25, "y": 565, "x": 98, "structure_id": "Tr_11"}, {"parent_TextBlock": "Tb_7", "text": ": Applicants for SAH Assistive technology grants must provide responses addressing the six criteria items shown below.", "parent_Field": null, "parent_Choice_Field": null, "parent_ChoiceGroup": null, "w": 1320, "h": 25, "y": 565, "x": 247, "structure_id": "Tr_12"}, {"parent_TextBlock": "Tb_8", "text": "(1)  Describe how the new assistive technology is innovative:", "parent_Field": "Fi_1", "parent_Choice_Field": null, "parent_ChoiceGroup": null, "w": 672, "h": 25, "y": 679, "x": 100, "structure_id": "Tr_13"}, {"parent_TextBlock": "Tb_9", "text": "PRIVACY  ACT  NOTICE  VA  will  not  disclose  information  collected  on  this  form  to  any  source  other  than  what  has  been  authorized  under  the  Privacy  Act  of  1974  or  Title  38,  Code  of", "parent_Field": null, "parent_Choice_Field": null, "parent_ChoiceGroup": null, "w": 1514, "h": 20, "y": 324, "x": 101, "structure_id": "Tr_14"}, {"parent_TextBlock": "Tb_9", "text": "Federal  Regulations  1.576  for  routine  uses  (i.e.,  the  authorized  release  of  information  to  Congress  when  requested  for  statistical  purposes)  as  identified  in  the  VA  system  of  records,  55VA26,", "parent_Field": null, "parent_Choice_Field": null, "parent_ChoiceGroup": null, "w": 1514, "h": 20, "y": 349, "x": 101, "structure_id": "Tr_15"}, {"parent_TextBlock": "Tb_9", "text": "Loan  Guaranty  Home,  Condominium  and  Manufactured  Home  Loan  Applicant  Records,  Specially  Adapted  Housing  Applicant  Records,  and  Vendee  Loan  Applicant  Records  VA,  and", "parent_Field": null, "parent_Choice_Field": null, "parent_ChoiceGroup": null, "w": 1514, "h": 20, "y": 374, "x": 101, "structure_id": "Tr_16"}, {"parent_TextBlock": "Tb_9", "text": "published in the Federal Register. Your obligation to respond is voluntary.", "parent_Field": null, "parent_Choice_Field": null, "parent_ChoiceGroup": null, "w": 588, "h": 20, "y": 399, "x": 101, "structure_id": "Tr_17"}, {"parent_TextBlock": "Tb_10", "text": "RESPONDENT  BURDEN  We  need  this  information  to  help  determine  whether  VA  requirements  for  grant  award  are  met.  Title  38,  U.S.C.  section  2108,  authorizes  collection  of  this", "parent_Field": null, "parent_Choice_Field": null, "parent_ChoiceGroup": null, "w": 1514, "h": 20, "y": 424, "x": 101, "structure_id": "Tr_18"}, {"parent_TextBlock": "Tb_10", "text": "information.  We  estimate  that  you  will  need  an  average  of  hour  to  review  the  instructions,  find  the  information  and  complete  this  form.  VA  cannot  conduct  or  sponsor  collection  of", "parent_Field": null, "parent_Choice_Field": null, "parent_ChoiceGroup": null, "w": 1514, "h": 20, "y": 449, "x": 101, "structure_id": "Tr_19"}, {"parent_TextBlock": "Tb_10", "text": "information  unless  valid  OMB  control  number  is  displayed.  You  are  not  required  to  respond  to  collection  of  information  if  this  number  is  not  displayed.  Valid  OMB  control  numbers  can  be", "parent_Field": null, "parent_Choice_Field": null, "parent_ChoiceGroup": null, "w": 1514, "h": 20, "y": 474, "x": 101, "structure_id": "Tr_20"}, {"parent_TextBlock": "Tb_10", "text": "located  on  the  OMB  Internet  Page  at", "parent_Field": null, "parent_Choice_Field": null, "parent_ChoiceGroup": null, "w": 297, "h": 20, "y": 499, "x": 101, "structure_id": "Tr_21"}, {"parent_TextBlock": "Tb_10", "text": "www.reginfo.gov/public/do/PRAMain", "parent_Field": null, "parent_Choice_Field": null, "parent_ChoiceGroup": null, "w": 313, "h": 20, "y": 499, "x": 399, "structure_id": "Tr_22"}, {"parent_TextBlock": "Tb_10", "text": "If  desired,  you  can  call  1-800-827-1000  to  get  information  on  where  to  send  comments  or  suggestions  about  this", "parent_Field": null, "parent_Choice_Field": null, "parent_ChoiceGroup": null, "w": 892, "h": 20, "y": 499, "x": 723, "structure_id": "Tr_23"}, {"parent_TextBlock": "Tb_10", "text": "form.", "parent_Field": null, "parent_Choice_Field": null, "parent_ChoiceGroup": null, "w": 43, "h": 20, "y": 524, "x": 101, "structure_id": "Tr_24"}], "ChoiceGroup": []}