{"Widget": [{"parent_Field": "Fi_1", "parent_Choice_Field": null, "parent_ChoiceGroup": null, "w": 147.1417322834646, "h": 46.83307086614173, "y": 75.31417322834646, "x": 561.4503937007873, "structure_id": "Wi_1"}, {"parent_Field": "Fi_1", "parent_Choice_Field": null, "parent_ChoiceGroup": null, "w": 90.35590551181102, "h": 42.40787401574803, "y": 78.48897637795275, "x": 756.7, "structure_id": "Wi_2"}, {"parent_Field": "Fi_1", "parent_Choice_Field": null, "parent_ChoiceGroup": null, "w": 188.88031496062993, "h": 44.03858267716536, "y": 76.85826771653544, "x": 897.0551181102362, "structure_id": "Wi_3"}, {"parent_Field": null, "parent_Choice_Field": "Chf_1", "parent_ChoiceGroup": "Chgp_1", "w": 25, "h": 25, "y": 891.6669291338583, "x": 195.51653543307086, "structure_id": "Wi_4"}, {"parent_Field": null, "parent_Choice_Field": "Chf_2", "parent_ChoiceGroup": "Chgp_2", "w": 25, "h": 25, "y": 761.6275590551181, "x": 322.60314960629927, "structure_id": "Wi_5"}, {"parent_Field": null, "parent_Choice_Field": "Chf_3", "parent_ChoiceGroup": "Chgp_2", "w": 25, "h": 25, "y": 763.4858267716536, "x": 430.8165354330709, "structure_id": "Wi_6"}, {"parent_Field": null, "parent_Choice_Field": "Chf_4", "parent_ChoiceGroup": "Chgp_2", "w": 25, "h": 25, "y": 763.4858267716536, "x": 658.0913385826772, "structure_id": "Wi_7"}, {"parent_Field": null, "parent_Choice_Field": "Chf_5", "parent_ChoiceGroup": "Chgp_3", "w": 25, "h": 25, "y": 198.8472440944882, "x": 200.01417322834646, "structure_id": "Wi_8"}, {"parent_Field": null, "parent_Choice_Field": "Chf_6", "parent_ChoiceGroup": "Chgp_4", "w": 25, "h": 25, "y": 768.5968503937007, "x": 195.51653543307086, "structure_id": "Wi_9"}, {"parent_Field": null, "parent_Choice_Field": "Chf_7", "parent_ChoiceGroup": "Chgp_5", "w": 25, "h": 25, "y": 840.7779527559055, "x": 324.9055118110236, "structure_id": "Wi_10"}, {"parent_Field": null, "parent_Choice_Field": "Chf_8", "parent_ChoiceGroup": "Chgp_5", "w": 25, "h": 25, "y": 840.7779527559055, "x": 429.06377952755906, "structure_id": "Wi_11"}, {"parent_Field": null, "parent_Choice_Field": "Chf_9", "parent_ChoiceGroup": "Chgp_5", "w": 25, "h": 25, "y": 840.7779527559055, "x": 585.6472440944882, "structure_id": "Wi_12"}, {"parent_Field": null, "parent_Choice_Field": "Chf_10", "parent_ChoiceGroup": "Chgp_6", "w": 25, "h": 25, "y": 963.9023622047245, "x": 324.9055118110236, "structure_id": "Wi_13"}, {"parent_Field": null, "parent_Choice_Field": "Chf_11", "parent_ChoiceGroup": "Chgp_6", "w": 25, "h": 25, "y": 963.9023622047245, "x": 429.06377952755906, "structure_id": "Wi_14"}, {"parent_Field": null, "parent_Choice_Field": "Chf_12", "parent_ChoiceGroup": "Chgp_6", "w": 25, "h": 25, "y": 963.9023622047245, "x": 585.6472440944882, "structure_id": "Wi_15"}, {"parent_Field": null, "parent_Choice_Field": "Chf_13", "parent_ChoiceGroup": "Chgp_7", "w": 25, "h": 25, "y": 1251.572440944882, "x": 310.4614173228347, "structure_id": "Wi_16"}, {"parent_Field": null, "parent_Choice_Field": "Chf_14", "parent_ChoiceGroup": "Chgp_7", "w": 25, "h": 25, "y": 1251.572440944882, "x": 418.6748031496063, "structure_id": "Wi_17"}, {"parent_Field": null, "parent_Choice_Field": "Chf_15", "parent_ChoiceGroup": "Chgp_7", "w": 25, "h": 25, "y": 1251.572440944882, "x": 569.9417322834646, "structure_id": "Wi_18"}, {"parent_Field": null, "parent_Choice_Field": "Chf_16", "parent_ChoiceGroup": "Chgp_7", "w": 25, "h": 25, "y": 1251.572440944882, "x": 793.4220472440944, "structure_id": "Wi_19"}, {"parent_Field": null, "parent_Choice_Field": "Chf_17", "parent_ChoiceGroup": "Chgp_8", "w": 25, "h": 25, "y": 615.2582677165354, "x": 324.8976377952756, "structure_id": "Wi_20"}, {"parent_Field": null, "parent_Choice_Field": "Chf_18", "parent_ChoiceGroup": "Chgp_8", "w": 25, "h": 25, "y": 615.2582677165354, "x": 429.0551181102362, "structure_id": "Wi_21"}, {"parent_Field": null, "parent_Choice_Field": "Chf_19", "parent_ChoiceGroup": "Chgp_8", "w": 25, "h": 25, "y": 615.2582677165354, "x": 585.6472440944882, "structure_id": "Wi_22"}, {"parent_Field": null, "parent_Choice_Field": "Chf_20", "parent_ChoiceGroup": "Chgp_9", "w": 25, "h": 25, "y": 1175.8417322834646, "x": 310.4614173228347, "structure_id": "Wi_23"}, {"parent_Field": null, "parent_Choice_Field": "Chf_21", "parent_ChoiceGroup": "Chgp_9", "w": 25, "h": 25, "y": 1174.28031496063, "x": 418.6748031496063, "structure_id": "Wi_24"}, {"parent_Field": null, "parent_Choice_Field": "Chf_22", "parent_ChoiceGroup": "Chgp_9", "w": 25, "h": 25, "y": 1174.28031496063, "x": 645.9496062992125, "structure_id": "Wi_25"}, {"parent_Field": null, "parent_Choice_Field": "Chf_23", "parent_ChoiceGroup": "Chgp_10", "w": 25, "h": 25, "y": 199.2251968503937, "x": 328.5165354330709, "structure_id": "Wi_26"}, {"parent_Field": null, "parent_Choice_Field": "Chf_24", "parent_ChoiceGroup": "Chgp_10", "w": 25, "h": 25, "y": 199.2251968503937, "x": 436.73622047244095, "structure_id": "Wi_27"}, {"parent_Field": null, "parent_Choice_Field": "Chf_25", "parent_ChoiceGroup": "Chgp_10", "w": 25, "h": 25, "y": 199.2251968503937, "x": 664.0055118110237, "structure_id": "Wi_28"}, {"parent_Field": null, "parent_Choice_Field": "Chf_26", "parent_ChoiceGroup": "Chgp_11", "w": 25, "h": 25, "y": 280.3141732283465, "x": 330.8196850393701, "structure_id": "Wi_29"}, {"parent_Field": null, "parent_Choice_Field": "Chf_27", "parent_ChoiceGroup": "Chgp_11", "w": 25, "h": 25, "y": 280.3141732283465, "x": 434.97795275590556, "structure_id": "Wi_30"}, {"parent_Field": null, "parent_Choice_Field": "Chf_28", "parent_ChoiceGroup": "Chgp_11", "w": 25, "h": 25, "y": 280.3141732283465, "x": 593.4889763779528, "structure_id": "Wi_31"}, {"parent_Field": null, "parent_Choice_Field": "Chf_29", "parent_ChoiceGroup": "Chgp_12", "w": 25, "h": 25, "y": 492.1307086614173, "x": 324.8976377952756, "structure_id": "Wi_32"}, {"parent_Field": null, "parent_Choice_Field": "Chf_30", "parent_ChoiceGroup": "Chgp_12", "w": 25, "h": 25, "y": 492.1307086614173, "x": 429.0551181102362, "structure_id": "Wi_33"}, {"parent_Field": null, "parent_Choice_Field": "Chf_31", "parent_ChoiceGroup": "Chgp_12", "w": 25, "h": 25, "y": 492.1307086614173, "x": 585.6472440944882, "structure_id": "Wi_34"}, {"parent_Field": null, "parent_Choice_Field": "Chf_32", "parent_ChoiceGroup": "Chgp_13", "w": 25, "h": 25, "y": 542.9496062992125, "x": 195.51653543307086, "structure_id": "Wi_35"}, {"parent_Field": null, "parent_Choice_Field": "Chf_33", "parent_ChoiceGroup": "Chgp_14", "w": 25, "h": 25, "y": 412.9834645669292, "x": 322.5944881889764, "structure_id": "Wi_36"}, {"parent_Field": null, "parent_Choice_Field": "Chf_34", "parent_ChoiceGroup": "Chgp_14", "w": 25, "h": 25, "y": 414.8417322834646, "x": 430.8165354330709, "structure_id": "Wi_37"}, {"parent_Field": null, "parent_Choice_Field": "Chf_35", "parent_ChoiceGroup": "Chgp_14", "w": 25, "h": 25, "y": 414.8417322834646, "x": 658.0834645669291, "structure_id": "Wi_38"}, {"parent_Field": null, "parent_Choice_Field": "Chf_36", "parent_ChoiceGroup": "Chgp_15", "w": 25, "h": 25, "y": 418.636220472441, "x": 194.0913385826772, "structure_id": "Wi_39"}, {"parent_Field": null, "parent_Choice_Field": "Chf_37", "parent_ChoiceGroup": "Chgp_16", "w": 25, "h": 25, "y": 1176.163779527559, "x": 194.4944881889764, "structure_id": "Wi_40"}, {"parent_Field": null, "parent_Choice_Field": "Chf_38", "parent_ChoiceGroup": "Chgp_17", "w": 25, "h": 25, "y": 1372.8417322834646, "x": 310.4614173228347, "structure_id": "Wi_41"}, {"parent_Field": null, "parent_Choice_Field": "Chf_39", "parent_ChoiceGroup": "Chgp_17", "w": 25, "h": 25, "y": 1372.8417322834646, "x": 418.6748031496063, "structure_id": "Wi_42"}, {"parent_Field": null, "parent_Choice_Field": "Chf_40", "parent_ChoiceGroup": "Chgp_17", "w": 25, "h": 25, "y": 1372.8417322834646, "x": 569.9417322834646, "structure_id": "Wi_43"}, {"parent_Field": null, "parent_Choice_Field": "Chf_41", "parent_ChoiceGroup": "Chgp_17", "w": 25, "h": 25, "y": 1372.8417322834646, "x": 793.4220472440944, "structure_id": "Wi_44"}, {"parent_Field": null, "parent_Choice_Field": "Chf_42", "parent_ChoiceGroup": "Chgp_18", "w": 25, "h": 25, "y": 1300.825196850394, "x": 310.4614173228347, "structure_id": "Wi_45"}, {"parent_Field": null, "parent_Choice_Field": "Chf_43", "parent_ChoiceGroup": "Chgp_18", "w": 25, "h": 25, "y": 1299.2669291338584, "x": 418.6748031496063, "structure_id": "Wi_46"}, {"parent_Field": null, "parent_Choice_Field": "Chf_44", "parent_ChoiceGroup": "Chgp_18", "w": 25, "h": 25, "y": 1299.2669291338584, "x": 644.0834645669291, "structure_id": "Wi_47"}, {"parent_Field": null, "parent_Choice_Field": "Chf_45", "parent_ChoiceGroup": "Chgp_19", "w": 25, "h": 25, "y": 1299.2330708661418, "x": 194.4944881889764, "structure_id": "Wi_48"}, {"parent_Field": null, "parent_Choice_Field": "Chf_46", "parent_ChoiceGroup": "Chgp_20", "w": 25, "h": 25, "y": 1586.8637795275592, "x": 310.4614173228347, "structure_id": "Wi_49"}, {"parent_Field": null, "parent_Choice_Field": "Chf_47", "parent_ChoiceGroup": "Chgp_20", "w": 25, "h": 25, "y": 1586.8637795275592, "x": 418.6748031496063, "structure_id": "Wi_50"}, {"parent_Field": null, "parent_Choice_Field": "Chf_48", "parent_ChoiceGroup": "Chgp_20", "w": 25, "h": 25, "y": 1586.8637795275592, "x": 569.9417322834646, "structure_id": "Wi_51"}, {"parent_Field": null, "parent_Choice_Field": "Chf_49", "parent_ChoiceGroup": "Chgp_21", "w": 25, "h": 25, "y": 1511.1307086614174, "x": 310.4614173228347, "structure_id": "Wi_52"}, {"parent_Field": null, "parent_Choice_Field": "Chf_50", "parent_ChoiceGroup": "Chgp_21", "w": 25, "h": 25, "y": 1509.572440944882, "x": 418.6748031496063, "structure_id": "Wi_53"}, {"parent_Field": null, "parent_Choice_Field": "Chf_51", "parent_ChoiceGroup": "Chgp_21", "w": 25, "h": 25, "y": 1509.572440944882, "x": 645.9496062992125, "structure_id": "Wi_54"}, {"parent_Field": null, "parent_Choice_Field": "Chf_52", "parent_ChoiceGroup": "Chgp_22", "w": 25, "h": 25, "y": 1507.988976377953, "x": 194.4944881889764, "structure_id": "Wi_55"}, {"parent_Field": null, "parent_Choice_Field": "Chf_53", "parent_ChoiceGroup": "Chgp_23", "w": 25, "h": 25, "y": 1708.1307086614174, "x": 310.4614173228347, "structure_id": "Wi_56"}, {"parent_Field": null, "parent_Choice_Field": "Chf_54", "parent_ChoiceGroup": "Chgp_23", "w": 25, "h": 25, "y": 1708.1307086614174, "x": 418.6748031496063, "structure_id": "Wi_57"}, {"parent_Field": null, "parent_Choice_Field": "Chf_55", "parent_ChoiceGroup": "Chgp_23", "w": 25, "h": 25, "y": 1708.1307086614174, "x": 569.9417322834646, "structure_id": "Wi_58"}, {"parent_Field": null, "parent_Choice_Field": "Chf_56", "parent_ChoiceGroup": "Chgp_24", "w": 25, "h": 25, "y": 1636.116535433071, "x": 310.4614173228347, "structure_id": "Wi_59"}, {"parent_Field": null, "parent_Choice_Field": "Chf_57", "parent_ChoiceGroup": "Chgp_24", "w": 25, "h": 25, "y": 1636.116535433071, "x": 419.6503937007874, "structure_id": "Wi_60"}, {"parent_Field": null, "parent_Choice_Field": "Chf_58", "parent_ChoiceGroup": "Chgp_24", "w": 25, "h": 25, "y": 1634.555905511811, "x": 644.0834645669291, "structure_id": "Wi_61"}, {"parent_Field": null, "parent_Choice_Field": "Chf_59", "parent_ChoiceGroup": "Chgp_25", "w": 25, "h": 25, "y": 1631.0614173228348, "x": 194.4944881889764, "structure_id": "Wi_62"}, {"parent_Field": null, "parent_Choice_Field": "Chf_60", "parent_ChoiceGroup": "Chgp_26", "w": 25, "h": 25, "y": 328.4834645669292, "x": 127.7527559055118, "structure_id": "Wi_63"}, {"parent_Field": null, "parent_Choice_Field": "Chf_61", "parent_ChoiceGroup": "Chgp_26", "w": 25, "h": 25, "y": 669.4055118110236, "x": 127.7527559055118, "structure_id": "Wi_64"}, {"parent_Field": null, "parent_Choice_Field": "Chf_62", "parent_ChoiceGroup": "Chgp_27", "w": 25, "h": 25, "y": 1101.4141732283465, "x": 119.19448818897638, "structure_id": "Wi_65"}, {"parent_Field": null, "parent_Choice_Field": "Chf_63", "parent_ChoiceGroup": "Chgp_27", "w": 25, "h": 25, "y": 1439.963779527559, "x": 119.19448818897638, "structure_id": "Wi_66"}, {"parent_Field": null, "parent_Choice_Field": "Chf_64", "parent_ChoiceGroup": "Chgp_28", "w": 25, "h": 25, "y": 1055.9968503937007, "x": 119.19448818897638, "structure_id": "Wi_67"}, {"parent_Field": null, "parent_Choice_Field": "Chf_65", "parent_ChoiceGroup": "Chgp_28", "w": 25, "h": 25, "y": 1054.6582677165354, "x": 235.86377952755907, "structure_id": "Wi_68"}, {"parent_Field": null, "parent_Choice_Field": "Chf_66", "parent_ChoiceGroup": "Chgp_29", "w": 25, "h": 25, "y": 539.5251968503937, "x": 322.5944881889764, "structure_id": "Wi_69"}, {"parent_Field": null, "parent_Choice_Field": "Chf_67", "parent_ChoiceGroup": "Chgp_29", "w": 25, "h": 25, "y": 537.9669291338582, "x": 430.8165354330709, "structure_id": "Wi_70"}, {"parent_Field": null, "parent_Choice_Field": "Chf_68", "parent_ChoiceGroup": "Chgp_29", "w": 25, "h": 25, "y": 537.9669291338582, "x": 658.0834645669291, "structure_id": "Wi_71"}, {"parent_Field": null, "parent_Choice_Field": "Chf_69", "parent_ChoiceGroup": "Chgp_30", "w": 25, "h": 25, "y": 888.1724409448819, "x": 322.60314960629927, "structure_id": "Wi_72"}, {"parent_Field": null, "parent_Choice_Field": "Chf_70", "parent_ChoiceGroup": "Chgp_30", "w": 25, "h": 25, "y": 886.6110236220472, "x": 430.8165354330709, "structure_id": "Wi_73"}, {"parent_Field": null, "parent_Choice_Field": "Chf_71", "parent_ChoiceGroup": "Chgp_30", "w": 25, "h": 25, "y": 886.6110236220472, "x": 658.0913385826772, "structure_id": "Wi_74"}, {"parent_Field": "Fi_2", "parent_Choice_Field": null, "parent_ChoiceGroup": null, "w": 1490.48031496063, "h": 69.55826771653544, "y": 2025.4976377952758, "x": 106.59212598425196, "structure_id": "Wi_75"}, {"parent_Field": null, "parent_Choice_Field": "Chf_72", "parent_ChoiceGroup": "Chgp_31", "w": 22.22204724409449, "h": 22.22204724409449, "y": 1891.1889763779527, "x": 118.05039370078741, "structure_id": "Wi_76"}, {"parent_Field": null, "parent_Choice_Field": "Chf_73", "parent_ChoiceGroup": "Chgp_31", "w": 22.22204724409449, "h": 22.22204724409449, "y": 1891.1889763779527, "x": 214.2472440944882, "structure_id": "Wi_77"}, {"parent_Field": null, "parent_Choice_Field": "Chf_74", "parent_ChoiceGroup": "Chgp_32", "w": 25, "h": 25, "y": 1834.792125984252, "x": 115.2724409448819, "structure_id": "Wi_78"}, {"parent_Field": null, "parent_Choice_Field": "Chf_75", "parent_ChoiceGroup": "Chgp_32", "w": 25, "h": 25, "y": 1833.455118110236, "x": 211.46929133858268, "structure_id": "Wi_79"}, {"parent_Field": null, "parent_Choice_Field": "Chf_76", "parent_ChoiceGroup": "Chgp_33", "w": 25, "h": 25, "y": 1986.6976377952756, "x": 117.31968503937009, "structure_id": "Wi_80"}, {"parent_Field": null, "parent_Choice_Field": "Chf_77", "parent_ChoiceGroup": "Chgp_33", "w": 25, "h": 25, "y": 1985.3614173228345, "x": 233.98897637795275, "structure_id": "Wi_81"}], "TextBlock": [{"parent_Field": "Fi_1", "parent_Choice_Field": null, "parent_ChoiceGroup": null, "w": 466, "h": 20, "y": 100, "x": 91, "structure_id": "Tb_1"}, {"parent_Field": null, "parent_Choice_Field": null, "parent_ChoiceGroup": null, "w": 367, "h": 22, "y": 134, "x": 668, "structure_id": "Tb_2"}, {"parent_Field": null, "parent_Choice_Field": null, "parent_ChoiceGroup": null, "w": 1206, "h": 22, "y": 1141, "x": 158, "structure_id": "Tb_3"}, {"parent_Field": null, "parent_Choice_Field": "Chf_1", "parent_ChoiceGroup": "Chgp_1", "w": 53, "h": 20, "y": 892, "x": 228, "structure_id": "Tb_4"}, {"parent_Field": null, "parent_Choice_Field": "Chf_2", "parent_ChoiceGroup": "Chgp_2", "w": 63, "h": 19, "y": 767, "x": 356, "structure_id": "Tb_5"}, {"parent_Field": null, "parent_Choice_Field": "Chf_3", "parent_ChoiceGroup": "Chgp_2", "w": 177, "h": 19, "y": 767, "x": 464, "structure_id": "Tb_6"}, {"parent_Field": null, "parent_Choice_Field": "Chf_4", "parent_ChoiceGroup": "Chgp_2", "w": 166, "h": 19, "y": 767, "x": 691, "structure_id": "Tb_7"}, {"parent_Field": null, "parent_Choice_Field": "Chf_5", "parent_ChoiceGroup": "Chgp_3", "w": 53, "h": 20, "y": 204, "x": 234, "structure_id": "Tb_8"}, {"parent_Field": null, "parent_Choice_Field": "Chf_6", "parent_ChoiceGroup": "Chgp_4", "w": 72, "h": 19, "y": 769, "x": 228, "structure_id": "Tb_9"}, {"parent_Field": null, "parent_Choice_Field": null, "parent_ChoiceGroup": null, "w": 646, "h": 22, "y": 1476, "x": 158, "structure_id": "Tb_10"}, {"parent_Field": null, "parent_Choice_Field": null, "parent_ChoiceGroup": "Chgp_5", "w": 481, "h": 22, "y": 805, "x": 231, "structure_id": "Tb_11"}, {"parent_Field": null, "parent_Choice_Field": "Chf_7", "parent_ChoiceGroup": "Chgp_5", "w": 35, "h": 20, "y": 846, "x": 362, "structure_id": "Tb_12"}, {"parent_Field": null, "parent_Choice_Field": "Chf_8", "parent_ChoiceGroup": "Chgp_5", "w": 82, "h": 20, "y": 846, "x": 471, "structure_id": "Tb_13"}, {"parent_Field": null, "parent_Choice_Field": "Chf_9", "parent_ChoiceGroup": "Chgp_5", "w": 61, "h": 20, "y": 846, "x": 626, "structure_id": "Tb_14"}, {"parent_Field": null, "parent_Choice_Field": null, "parent_ChoiceGroup": "Chgp_6", "w": 480, "h": 23, "y": 928, "x": 226, "structure_id": "Tb_15"}, {"parent_Field": null, "parent_Choice_Field": "Chf_10", "parent_ChoiceGroup": "Chgp_6", "w": 35, "h": 20, "y": 969, "x": 362, "structure_id": "Tb_16"}, {"parent_Field": null, "parent_Choice_Field": "Chf_11", "parent_ChoiceGroup": "Chgp_6", "w": 82, "h": 20, "y": 969, "x": 471, "structure_id": "Tb_17"}, {"parent_Field": null, "parent_Choice_Field": "Chf_12", "parent_ChoiceGroup": "Chgp_6", "w": 61, "h": 20, "y": 969, "x": 626, "structure_id": "Tb_18"}, {"parent_Field": null, "parent_Choice_Field": null, "parent_ChoiceGroup": "Chgp_7", "w": 481, "h": 22, "y": 1216, "x": 228, "structure_id": "Tb_19"}, {"parent_Field": null, "parent_Choice_Field": "Chf_13", "parent_ChoiceGroup": "Chgp_7", "w": 36, "h": 20, "y": 1257, "x": 344, "structure_id": "Tb_20"}, {"parent_Field": null, "parent_Choice_Field": "Chf_14", "parent_ChoiceGroup": "Chgp_7", "w": 82, "h": 20, "y": 1257, "x": 452, "structure_id": "Tb_21"}, {"parent_Field": null, "parent_Choice_Field": "Chf_15", "parent_ChoiceGroup": "Chgp_7", "w": 163, "h": 20, "y": 1257, "x": 612, "structure_id": "Tb_22"}, {"parent_Field": null, "parent_Choice_Field": "Chf_16", "parent_ChoiceGroup": "Chgp_7", "w": 332, "h": 20, "y": 1257, "x": 835, "structure_id": "Tb_23"}, {"parent_Field": null, "parent_Choice_Field": null, "parent_ChoiceGroup": "Chgp_8", "w": 480, "h": 22, "y": 580, "x": 226, "structure_id": "Tb_24"}, {"parent_Field": null, "parent_Choice_Field": "Chf_17", "parent_ChoiceGroup": "Chgp_8", "w": 35, "h": 19, "y": 621, "x": 362, "structure_id": "Tb_25"}, {"parent_Field": null, "parent_Choice_Field": "Chf_18", "parent_ChoiceGroup": "Chgp_8", "w": 82, "h": 19, "y": 621, "x": 471, "structure_id": "Tb_26"}, {"parent_Field": null, "parent_Choice_Field": "Chf_19", "parent_ChoiceGroup": "Chgp_8", "w": 61, "h": 19, "y": 621, "x": 626, "structure_id": "Tb_27"}, {"parent_Field": null, "parent_Choice_Field": "Chf_20", "parent_ChoiceGroup": "Chgp_9", "w": 63, "h": 19, "y": 1178, "x": 344, "structure_id": "Tb_28"}, {"parent_Field": null, "parent_Choice_Field": "Chf_21", "parent_ChoiceGroup": "Chgp_9", "w": 177, "h": 19, "y": 1178, "x": 452, "structure_id": "Tb_29"}, {"parent_Field": null, "parent_Choice_Field": "Chf_22", "parent_ChoiceGroup": "Chgp_9", "w": 166, "h": 19, "y": 1178, "x": 679, "structure_id": "Tb_30"}, {"parent_Field": null, "parent_Choice_Field": "Chf_23", "parent_ChoiceGroup": "Chgp_10", "w": 63, "h": 20, "y": 204, "x": 362, "structure_id": "Tb_31"}, {"parent_Field": null, "parent_Choice_Field": "Chf_24", "parent_ChoiceGroup": "Chgp_10", "w": 177, "h": 20, "y": 204, "x": 470, "structure_id": "Tb_32"}, {"parent_Field": null, "parent_Choice_Field": "Chf_25", "parent_ChoiceGroup": "Chgp_10", "w": 166, "h": 20, "y": 204, "x": 697, "structure_id": "Tb_33"}, {"parent_Field": null, "parent_Choice_Field": null, "parent_ChoiceGroup": null, "w": 1365, "h": 49, "y": 356, "x": 161, "structure_id": "Tb_34"}, {"parent_Field": null, "parent_Choice_Field": null, "parent_ChoiceGroup": "Chgp_11", "w": 481, "h": 22, "y": 243, "x": 231, "structure_id": "Tb_35"}, {"parent_Field": null, "parent_Choice_Field": "Chf_26", "parent_ChoiceGroup": "Chgp_11", "w": 35, "h": 19, "y": 284, "x": 368, "structure_id": "Tb_36"}, {"parent_Field": null, "parent_Choice_Field": "Chf_27", "parent_ChoiceGroup": "Chgp_11", "w": 82, "h": 19, "y": 284, "x": 479, "structure_id": "Tb_37"}, {"parent_Field": null, "parent_Choice_Field": "Chf_28", "parent_ChoiceGroup": "Chgp_11", "w": 61, "h": 19, "y": 286, "x": 634, "structure_id": "Tb_38"}, {"parent_Field": null, "parent_Choice_Field": null, "parent_ChoiceGroup": "Chgp_12", "w": 481, "h": 22, "y": 457, "x": 231, "structure_id": "Tb_39"}, {"parent_Field": null, "parent_Choice_Field": "Chf_29", "parent_ChoiceGroup": "Chgp_12", "w": 35, "h": 19, "y": 498, "x": 362, "structure_id": "Tb_40"}, {"parent_Field": null, "parent_Choice_Field": "Chf_30", "parent_ChoiceGroup": "Chgp_12", "w": 82, "h": 19, "y": 498, "x": 471, "structure_id": "Tb_41"}, {"parent_Field": null, "parent_Choice_Field": "Chf_31", "parent_ChoiceGroup": "Chgp_12", "w": 62, "h": 19, "y": 498, "x": 630, "structure_id": "Tb_42"}, {"parent_Field": null, "parent_Choice_Field": null, "parent_ChoiceGroup": null, "w": 1400, "h": 49, "y": 699, "x": 161, "structure_id": "Tb_43"}, {"parent_Field": null, "parent_Choice_Field": "Chf_32", "parent_ChoiceGroup": "Chgp_13", "w": 53, "h": 19, "y": 544, "x": 228, "structure_id": "Tb_44"}, {"parent_Field": null, "parent_Choice_Field": "Chf_33", "parent_ChoiceGroup": "Chgp_14", "w": 63, "h": 20, "y": 418, "x": 356, "structure_id": "Tb_45"}, {"parent_Field": null, "parent_Choice_Field": "Chf_34", "parent_ChoiceGroup": "Chgp_14", "w": 177, "h": 20, "y": 418, "x": 464, "structure_id": "Tb_46"}, {"parent_Field": null, "parent_Choice_Field": "Chf_35", "parent_ChoiceGroup": "Chgp_14", "w": 166, "h": 20, "y": 418, "x": 691, "structure_id": "Tb_47"}, {"parent_Field": null, "parent_Choice_Field": "Chf_36", "parent_ChoiceGroup": "Chgp_15", "w": 72, "h": 20, "y": 420, "x": 228, "structure_id": "Tb_48"}, {"parent_Field": null, "parent_Choice_Field": "Chf_37", "parent_ChoiceGroup": "Chgp_16", "w": 72, "h": 19, "y": 1178, "x": 228, "structure_id": "Tb_49"}, {"parent_Field": null, "parent_Choice_Field": null, "parent_ChoiceGroup": "Chgp_17", "w": 481, "h": 22, "y": 1339, "x": 228, "structure_id": "Tb_50"}, {"parent_Field": null, "parent_Choice_Field": "Chf_38", "parent_ChoiceGroup": "Chgp_17", "w": 36, "h": 20, "y": 1378, "x": 344, "structure_id": "Tb_51"}, {"parent_Field": null, "parent_Choice_Field": "Chf_39", "parent_ChoiceGroup": "Chgp_17", "w": 82, "h": 20, "y": 1378, "x": 452, "structure_id": "Tb_52"}, {"parent_Field": null, "parent_Choice_Field": "Chf_40", "parent_ChoiceGroup": "Chgp_17", "w": 163, "h": 20, "y": 1378, "x": 612, "structure_id": "Tb_53"}, {"parent_Field": null, "parent_Choice_Field": "Chf_41", "parent_ChoiceGroup": "Chgp_17", "w": 332, "h": 20, "y": 1378, "x": 835, "structure_id": "Tb_54"}, {"parent_Field": null, "parent_Choice_Field": "Chf_42", "parent_ChoiceGroup": "Chgp_18", "w": 63, "h": 19, "y": 1303, "x": 342, "structure_id": "Tb_55"}, {"parent_Field": null, "parent_Choice_Field": "Chf_43", "parent_ChoiceGroup": "Chgp_18", "w": 177, "h": 19, "y": 1303, "x": 450, "structure_id": "Tb_56"}, {"parent_Field": null, "parent_Choice_Field": "Chf_44", "parent_ChoiceGroup": "Chgp_18", "w": 166, "h": 19, "y": 1303, "x": 677, "structure_id": "Tb_57"}, {"parent_Field": null, "parent_Choice_Field": "Chf_45", "parent_ChoiceGroup": "Chgp_19", "w": 53, "h": 19, "y": 1303, "x": 226, "structure_id": "Tb_58"}, {"parent_Field": null, "parent_Choice_Field": null, "parent_ChoiceGroup": "Chgp_20", "w": 481, "h": 23, "y": 1551, "x": 228, "structure_id": "Tb_59"}, {"parent_Field": null, "parent_Choice_Field": "Chf_46", "parent_ChoiceGroup": "Chgp_20", "w": 36, "h": 20, "y": 1592, "x": 344, "structure_id": "Tb_60"}, {"parent_Field": null, "parent_Choice_Field": "Chf_47", "parent_ChoiceGroup": "Chgp_20", "w": 82, "h": 20, "y": 1592, "x": 452, "structure_id": "Tb_61"}, {"parent_Field": null, "parent_Choice_Field": "Chf_48", "parent_ChoiceGroup": "Chgp_20", "w": 163, "h": 20, "y": 1592, "x": 612, "structure_id": "Tb_62"}, {"parent_Field": null, "parent_Choice_Field": "Chf_49", "parent_ChoiceGroup": "Chgp_21", "w": 63, "h": 19, "y": 1513, "x": 344, "structure_id": "Tb_63"}, {"parent_Field": null, "parent_Choice_Field": "Chf_50", "parent_ChoiceGroup": "Chgp_21", "w": 177, "h": 19, "y": 1513, "x": 452, "structure_id": "Tb_64"}, {"parent_Field": null, "parent_Choice_Field": "Chf_51", "parent_ChoiceGroup": "Chgp_21", "w": 166, "h": 19, "y": 1513, "x": 679, "structure_id": "Tb_65"}, {"parent_Field": null, "parent_Choice_Field": "Chf_52", "parent_ChoiceGroup": "Chgp_22", "w": 72, "h": 19, "y": 1513, "x": 228, "structure_id": "Tb_66"}, {"parent_Field": null, "parent_Choice_Field": null, "parent_ChoiceGroup": "Chgp_23", "w": 481, "h": 23, "y": 1674, "x": 228, "structure_id": "Tb_67"}, {"parent_Field": null, "parent_Choice_Field": "Chf_53", "parent_ChoiceGroup": "Chgp_23", "w": 36, "h": 19, "y": 1714, "x": 344, "structure_id": "Tb_68"}, {"parent_Field": null, "parent_Choice_Field": "Chf_54", "parent_ChoiceGroup": "Chgp_23", "w": 82, "h": 19, "y": 1714, "x": 452, "structure_id": "Tb_69"}, {"parent_Field": null, "parent_Choice_Field": "Chf_55", "parent_ChoiceGroup": "Chgp_23", "w": 163, "h": 19, "y": 1714, "x": 612, "structure_id": "Tb_70"}, {"parent_Field": null, "parent_Choice_Field": "Chf_56", "parent_ChoiceGroup": "Chgp_24", "w": 63, "h": 19, "y": 1638, "x": 342, "structure_id": "Tb_71"}, {"parent_Field": null, "parent_Choice_Field": "Chf_57", "parent_ChoiceGroup": "Chgp_24", "w": 177, "h": 19, "y": 1638, "x": 450, "structure_id": "Tb_72"}, {"parent_Field": null, "parent_Choice_Field": "Chf_58", "parent_ChoiceGroup": "Chgp_24", "w": 166, "h": 19, "y": 1638, "x": 677, "structure_id": "Tb_73"}, {"parent_Field": null, "parent_Choice_Field": "Chf_59", "parent_ChoiceGroup": "Chgp_25", "w": 53, "h": 19, "y": 1638, "x": 226, "structure_id": "Tb_74"}, {"parent_Field": null, "parent_Choice_Field": null, "parent_ChoiceGroup": "Chgp_26", "w": 999, "h": 22, "y": 168, "x": 107, "structure_id": "Tb_75"}, {"parent_Field": null, "parent_Choice_Field": "Chf_60", "parent_ChoiceGroup": "Chgp_26", "w": 148, "h": 19, "y": 331, "x": 161, "structure_id": "Tb_76"}, {"parent_Field": null, "parent_Choice_Field": "Chf_61", "parent_ChoiceGroup": "Chgp_26", "w": 138, "h": 20, "y": 672, "x": 161, "structure_id": "Tb_77"}, {"parent_Field": null, "parent_Choice_Field": null, "parent_ChoiceGroup": "Chgp_27", "w": 534, "h": 22, "y": 1059, "x": 315, "structure_id": "Tb_78"}, {"parent_Field": null, "parent_Choice_Field": "Chf_62", "parent_ChoiceGroup": "Chgp_27", "w": 149, "h": 19, "y": 1106, "x": 158, "structure_id": "Tb_79"}, {"parent_Field": null, "parent_Choice_Field": "Chf_63", "parent_ChoiceGroup": "Chgp_27", "w": 305, "h": 19, "y": 1443, "x": 158, "structure_id": "Tb_80"}, {"parent_Field": null, "parent_Choice_Field": null, "parent_ChoiceGroup": "Chgp_28", "w": 876, "h": 19, "y": 1022, "x": 102, "structure_id": "Tb_81"}, {"parent_Field": null, "parent_Choice_Field": "Chf_64", "parent_ChoiceGroup": "Chgp_28", "w": 39, "h": 20, "y": 1060, "x": 161, "structure_id": "Tb_82"}, {"parent_Field": null, "parent_Choice_Field": "Chf_65", "parent_ChoiceGroup": "Chgp_28", "w": 29, "h": 20, "y": 1060, "x": 278, "structure_id": "Tb_83"}, {"parent_Field": null, "parent_Choice_Field": "Chf_66", "parent_ChoiceGroup": "Chgp_29", "w": 63, "h": 20, "y": 541, "x": 356, "structure_id": "Tb_84"}, {"parent_Field": null, "parent_Choice_Field": "Chf_67", "parent_ChoiceGroup": "Chgp_29", "w": 177, "h": 20, "y": 541, "x": 464, "structure_id": "Tb_85"}, {"parent_Field": null, "parent_Choice_Field": "Chf_68", "parent_ChoiceGroup": "Chgp_29", "w": 166, "h": 20, "y": 541, "x": 691, "structure_id": "Tb_86"}, {"parent_Field": null, "parent_Choice_Field": "Chf_69", "parent_ChoiceGroup": "Chgp_30", "w": 63, "h": 19, "y": 890, "x": 356, "structure_id": "Tb_87"}, {"parent_Field": null, "parent_Choice_Field": "Chf_70", "parent_ChoiceGroup": "Chgp_30", "w": 177, "h": 19, "y": 890, "x": 464, "structure_id": "Tb_88"}, {"parent_Field": null, "parent_Choice_Field": "Chf_71", "parent_ChoiceGroup": "Chgp_30", "w": 166, "h": 19, "y": 890, "x": 691, "structure_id": "Tb_89"}, {"parent_Field": null, "parent_Choice_Field": null, "parent_ChoiceGroup": null, "w": 1246, "h": 23, "y": 1759, "x": 223, "structure_id": "Tb_90"}, {"parent_Field": null, "parent_Choice_Field": null, "parent_ChoiceGroup": null, "w": 1322, "h": 22, "y": 1839, "x": 286, "structure_id": "Tb_91"}, {"parent_Field": null, "parent_Choice_Field": null, "parent_ChoiceGroup": null, "w": 929, "h": 22, "y": 1895, "x": 286, "structure_id": "Tb_92"}, {"parent_Field": "Fi_2", "parent_Choice_Field": null, "parent_ChoiceGroup": null, "w": 329, "h": 22, "y": 1990, "x": 312, "structure_id": "Tb_93"}, {"parent_Field": null, "parent_Choice_Field": "Chf_72", "parent_ChoiceGroup": "Chgp_31", "w": 39, "h": 20, "y": 1895, "x": 147, "structure_id": "Tb_94"}, {"parent_Field": null, "parent_Choice_Field": "Chf_73", "parent_ChoiceGroup": "Chgp_31", "w": 29, "h": 20, "y": 1895, "x": 245, "structure_id": "Tb_95"}, {"parent_Field": null, "parent_Choice_Field": null, "parent_ChoiceGroup": "Chgp_32", "w": 1434, "h": 41, "y": 1785, "x": 105, "structure_id": "Tb_96"}, {"parent_Field": null, "parent_Choice_Field": "Chf_74", "parent_ChoiceGroup": "Chgp_32", "w": 39, "h": 19, "y": 1839, "x": 147, "structure_id": "Tb_97"}, {"parent_Field": null, "parent_Choice_Field": "Chf_75", "parent_ChoiceGroup": "Chgp_32", "w": 29, "h": 19, "y": 1839, "x": 245, "structure_id": "Tb_98"}, {"parent_Field": null, "parent_Choice_Field": null, "parent_ChoiceGroup": "Chgp_33", "w": 1430, "h": 42, "y": 1932, "x": 105, "structure_id": "Tb_99"}, {"parent_Field": null, "parent_Choice_Field": "Chf_76", "parent_ChoiceGroup": "Chgp_33", "w": 39, "h": 19, "y": 1991, "x": 159, "structure_id": "Tb_100"}, {"parent_Field": null, "parent_Choice_Field": "Chf_77", "parent_ChoiceGroup": "Chgp_33", "w": 29, "h": 19, "y": 1991, "x": 276, "structure_id": "Tb_101"}, {"parent_Field": null, "parent_Choice_Field": null, "parent_ChoiceGroup": null, "w": 297, "h": 20, "y": 2113, "x": 90, "structure_id": "Tb_102"}, {"parent_Field": null, "parent_Choice_Field": null, "parent_ChoiceGroup": null, "w": 71, "h": 23, "y": 2113, "x": 1543, "structure_id": "Tb_103"}], "Choice_Field": [{"y": 891.6669291338583, "x": 195.51653543307086, "structure_id": "Chf_1", "w": 85.48346456692914, "h": 25}, {"y": 761.6275590551181, "x": 322.60314960629927, "structure_id": "Chf_2", "w": 96.39685039370073, "h": 25}, {"y": 763.4858267716536, "x": 430.8165354330709, "structure_id": "Chf_3", "w": 210.1834645669291, "h": 25}, {"y": 763.4858267716536, "x": 658.0913385826772, "structure_id": "Chf_4", "w": 198.90866141732283, "h": 25}, {"y": 198.8472440944882, "x": 200.01417322834646, "structure_id": "Chf_5", "w": 86.98582677165354, "h": 25.15275590551181}, {"y": 768.5968503937007, "x": 195.51653543307086, "structure_id": "Chf_6", "w": 104.48346456692914, "h": 25}, {"y": 840.7779527559055, "x": 324.9055118110236, "structure_id": "Chf_7", "w": 72.09448818897641, "h": 25.222047244094483}, {"y": 840.7779527559055, "x": 429.06377952755906, "structure_id": "Chf_8", "w": 123.93622047244094, "h": 25.222047244094483}, {"y": 840.7779527559055, "x": 585.6472440944882, "structure_id": "Chf_9", "w": 101.3527559055118, "h": 25.222047244094483}, {"y": 963.9023622047245, "x": 324.9055118110236, "structure_id": "Chf_10", "w": 72.09448818897641, "h": 25.097637795275546}, {"y": 963.9023622047245, "x": 429.06377952755906, "structure_id": "Chf_11", "w": 123.93622047244094, "h": 25.097637795275546}, {"y": 963.9023622047245, "x": 585.6472440944882, "structure_id": "Chf_12", "w": 101.3527559055118, "h": 25.097637795275546}, {"y": 1251.572440944882, "x": 310.4614173228347, "structure_id": "Chf_13", "w": 69.53858267716532, "h": 25.42755905511808}, {"y": 1251.572440944882, "x": 418.6748031496063, "structure_id": "Chf_14", "w": 115.3251968503937, "h": 25.42755905511808}, {"y": 1251.572440944882, "x": 569.9417322834646, "structure_id": "Chf_15", "w": 205.0582677165354, "h": 25.42755905511808}, {"y": 1251.572440944882, "x": 793.4220472440944, "structure_id": "Chf_16", "w": 373.5779527559056, "h": 25.42755905511808}, {"y": 615.2582677165354, "x": 324.8976377952756, "structure_id": "Chf_17", "w": 72.10236220472439, "h": 25}, {"y": 615.2582677165354, "x": 429.0551181102362, "structure_id": "Chf_18", "w": 123.94488188976379, "h": 25}, {"y": 615.2582677165354, "x": 585.6472440944882, "structure_id": "Chf_19", "w": 101.3527559055118, "h": 25}, {"y": 1175.8417322834646, "x": 310.4614173228347, "structure_id": "Chf_20", "w": 96.53858267716532, "h": 25}, {"y": 1174.28031496063, "x": 418.6748031496063, "structure_id": "Chf_21", "w": 210.3251968503937, "h": 25}, {"y": 1174.28031496063, "x": 645.9496062992125, "structure_id": "Chf_22", "w": 199.05039370078748, "h": 25}, {"y": 199.2251968503937, "x": 328.5165354330709, "structure_id": "Chf_23", "w": 96.48346456692911, "h": 25}, {"y": 199.2251968503937, "x": 436.73622047244095, "structure_id": "Chf_24", "w": 210.26377952755905, "h": 25}, {"y": 199.2251968503937, "x": 664.0055118110237, "structure_id": "Chf_25", "w": 198.99448818897633, "h": 25}, {"y": 280.3141732283465, "x": 330.8196850393701, "structure_id": "Chf_26", "w": 72.18031496062991, "h": 25}, {"y": 280.3141732283465, "x": 434.97795275590556, "structure_id": "Chf_27", "w": 126.02204724409444, "h": 25}, {"y": 280.3141732283465, "x": 593.4889763779528, "structure_id": "Chf_28", "w": 101.51102362204722, "h": 25}, {"y": 492.1307086614173, "x": 324.8976377952756, "structure_id": "Chf_29", "w": 72.10236220472439, "h": 25}, {"y": 492.1307086614173, "x": 429.0551181102362, "structure_id": "Chf_30", "w": 123.94488188976379, "h": 25}, {"y": 492.1307086614173, "x": 585.6472440944882, "structure_id": "Chf_31", "w": 106.3527559055118, "h": 25}, {"y": 542.9496062992125, "x": 195.51653543307086, "structure_id": "Chf_32", "w": 85.48346456692914, "h": 25}, {"y": 412.9834645669292, "x": 322.5944881889764, "structure_id": "Chf_33", "w": 96.40551181102359, "h": 25.01653543307083}, {"y": 414.8417322834646, "x": 430.8165354330709, "structure_id": "Chf_34", "w": 210.1834645669291, "h": 25}, {"y": 414.8417322834646, "x": 658.0834645669291, "structure_id": "Chf_35", "w": 198.91653543307086, "h": 25}, {"y": 418.636220472441, "x": 194.0913385826772, "structure_id": "Chf_36", "w": 105.9086614173228, "h": 25}, {"y": 1176.163779527559, "x": 194.4944881889764, "structure_id": "Chf_37", "w": 105.50551181102361, "h": 25}, {"y": 1372.8417322834646, "x": 310.4614173228347, "structure_id": "Chf_38", "w": 69.53858267716532, "h": 25.15826771653542}, {"y": 1372.8417322834646, "x": 418.6748031496063, "structure_id": "Chf_39", "w": 115.3251968503937, "h": 25.15826771653542}, {"y": 1372.8417322834646, "x": 569.9417322834646, "structure_id": "Chf_40", "w": 205.0582677165354, "h": 25.15826771653542}, {"y": 1372.8417322834646, "x": 793.4220472440944, "structure_id": "Chf_41", "w": 373.5779527559056, "h": 25.15826771653542}, {"y": 1300.825196850394, "x": 310.4614173228347, "structure_id": "Chf_42", "w": 94.53858267716532, "h": 25}, {"y": 1299.2669291338584, "x": 418.6748031496063, "structure_id": "Chf_43", "w": 208.3251968503937, "h": 25}, {"y": 1299.2669291338584, "x": 644.0834645669291, "structure_id": "Chf_44", "w": 198.91653543307086, "h": 25}, {"y": 1299.2330708661418, "x": 194.4944881889764, "structure_id": "Chf_45", "w": 84.50551181102361, "h": 25}, {"y": 1586.8637795275592, "x": 310.4614173228347, "structure_id": "Chf_46", "w": 69.53858267716532, "h": 25.136220472440755}, {"y": 1586.8637795275592, "x": 418.6748031496063, "structure_id": "Chf_47", "w": 115.3251968503937, "h": 25.136220472440755}, {"y": 1586.8637795275592, "x": 569.9417322834646, "structure_id": "Chf_48", "w": 205.0582677165354, "h": 25.136220472440755}, {"y": 1511.1307086614174, "x": 310.4614173228347, "structure_id": "Chf_49", "w": 96.53858267716532, "h": 25}, {"y": 1509.572440944882, "x": 418.6748031496063, "structure_id": "Chf_50", "w": 210.3251968503937, "h": 25}, {"y": 1509.572440944882, "x": 645.9496062992125, "structure_id": "Chf_51", "w": 199.05039370078748, "h": 25}, {"y": 1507.988976377953, "x": 194.4944881889764, "structure_id": "Chf_52", "w": 105.50551181102361, "h": 25}, {"y": 1708.1307086614174, "x": 310.4614173228347, "structure_id": "Chf_53", "w": 69.53858267716532, "h": 25}, {"y": 1708.1307086614174, "x": 418.6748031496063, "structure_id": "Chf_54", "w": 115.3251968503937, "h": 25}, {"y": 1708.1307086614174, "x": 569.9417322834646, "structure_id": "Chf_55", "w": 205.0582677165354, "h": 25}, {"y": 1636.116535433071, "x": 310.4614173228347, "structure_id": "Chf_56", "w": 94.53858267716532, "h": 25}, {"y": 1636.116535433071, "x": 419.6503937007874, "structure_id": "Chf_57", "w": 207.3496062992126, "h": 25}, {"y": 1634.555905511811, "x": 644.0834645669291, "structure_id": "Chf_58", "w": 198.91653543307086, "h": 25}, {"y": 1631.0614173228348, "x": 194.4944881889764, "structure_id": "Chf_59", "w": 84.50551181102361, "h": 25.938582677165186}, {"y": 328.4834645669292, "x": 127.7527559055118, "structure_id": "Chf_60", "w": 181.2472440944882, "h": 25}, {"y": 669.4055118110236, "x": 127.7527559055118, "structure_id": "Chf_61", "w": 171.2472440944882, "h": 25}, {"y": 1101.4141732283465, "x": 119.19448818897638, "structure_id": "Chf_62", "w": 187.80551181102362, "h": 25}, {"y": 1439.963779527559, "x": 119.19448818897638, "structure_id": "Chf_63", "w": 343.8055118110236, "h": 25}, {"y": 1055.9968503937007, "x": 119.19448818897638, "structure_id": "Chf_64", "w": 80.80551181102362, "h": 25}, {"y": 1054.6582677165354, "x": 235.86377952755907, "structure_id": "Chf_65", "w": 71.13622047244093, "h": 25.34173228346458}, {"y": 539.5251968503937, "x": 322.5944881889764, "structure_id": "Chf_66", "w": 96.40551181102359, "h": 25}, {"y": 537.9669291338582, "x": 430.8165354330709, "structure_id": "Chf_67", "w": 210.1834645669291, "h": 25}, {"y": 537.9669291338582, "x": 658.0834645669291, "structure_id": "Chf_68", "w": 198.91653543307086, "h": 25}, {"y": 888.1724409448819, "x": 322.60314960629927, "structure_id": "Chf_69", "w": 96.39685039370073, "h": 25}, {"y": 886.6110236220472, "x": 430.8165354330709, "structure_id": "Chf_70", "w": 210.1834645669291, "h": 25}, {"y": 886.6110236220472, "x": 658.0913385826772, "structure_id": "Chf_71", "w": 198.90866141732283, "h": 25}, {"y": 1891.1889763779527, "x": 118.05039370078741, "structure_id": "Chf_72", "w": 67.94960629921259, "h": 23.811023622047287}, {"y": 1891.1889763779527, "x": 214.2472440944882, "structure_id": "Chf_73", "w": 59.752755905511805, "h": 23.811023622047287}, {"y": 1834.792125984252, "x": 115.2724409448819, "structure_id": "Chf_74", "w": 70.7275590551181, "h": 25}, {"y": 1833.455118110236, "x": 211.46929133858268, "structure_id": "Chf_75", "w": 62.53070866141732, "h": 25}, {"y": 1986.6976377952756, "x": 117.31968503937009, "structure_id": "Chf_76", "w": 80.68031496062991, "h": 25}, {"y": 1985.3614173228345, "x": 233.98897637795275, "structure_id": "Chf_77", "w": 71.01102362204725, "h": 25}], "Field": [{"y": 75.31417322834646, "x": 91, "structure_id": "Fi_1", "w": 994.9354330708661, "h": 46.83307086614174}, {"y": 1990, "x": 106.59212598425196, "structure_id": "Fi_2", "w": 1490.48031496063, "h": 105.05590551181103}], "TextRun": [{"parent_TextBlock": "Tb_1", "text": "PATIENT/VETERAN'S SOCIAL SECURITY NUMBER", "parent_Field": "Fi_1", "parent_Choice_Field": null, "parent_ChoiceGroup": null, "w": 466, "h": 20, "y": 100, "x": 91, "structure_id": "Tr_1"}, {"parent_TextBlock": "Tb_2", "text": "SECTION V - SEVERITY", "parent_Field": null, "parent_Choice_Field": null, "parent_ChoiceGroup": null, "w": 256, "h": 22, "y": 134, "x": 668, "structure_id": "Tr_2"}, {"parent_TextBlock": "Tb_2", "text": "(Continued)", "parent_Field": null, "parent_Choice_Field": null, "parent_ChoiceGroup": null, "w": 111, "h": 22, "y": 134, "x": 924, "structure_id": "Tr_3"}, {"parent_TextBlock": "Tb_3", "text": "(NOTE:  Complete paralysis (foot dangles and drops, no active movement of muscles below the knee, flexion of knee weakened or lost.)", "parent_Field": null, "parent_Choice_Field": null, "parent_ChoiceGroup": null, "w": 1206, "h": 22, "y": 1141, "x": 158, "structure_id": "Tr_4"}, {"parent_TextBlock": "Tb_4", "text": "LEFT:", "parent_Field": null, "parent_Choice_Field": "Chf_1", "parent_ChoiceGroup": "Chgp_1", "w": 53, "h": 20, "y": 892, "x": 228, "structure_id": "Tr_5"}, {"parent_TextBlock": "Tb_5", "text": "Normal", "parent_Field": null, "parent_Choice_Field": "Chf_2", "parent_ChoiceGroup": "Chgp_2", "w": 63, "h": 19, "y": 767, "x": 356, "structure_id": "Tr_6"}, {"parent_TextBlock": "Tb_6", "text": "Incomplete paralysis", "parent_Field": null, "parent_Choice_Field": "Chf_3", "parent_ChoiceGroup": "Chgp_2", "w": 177, "h": 19, "y": 767, "x": 464, "structure_id": "Tr_7"}, {"parent_TextBlock": "Tb_7", "text": "Complete paralysis", "parent_Field": null, "parent_Choice_Field": "Chf_4", "parent_ChoiceGroup": "Chgp_2", "w": 166, "h": 19, "y": 767, "x": 691, "structure_id": "Tr_8"}, {"parent_TextBlock": "Tb_8", "text": "LEFT:", "parent_Field": null, "parent_Choice_Field": "Chf_5", "parent_ChoiceGroup": "Chgp_3", "w": 53, "h": 20, "y": 204, "x": 234, "structure_id": "Tr_9"}, {"parent_TextBlock": "Tb_9", "text": "RIGHT:\u00c2\u00a0", "parent_Field": null, "parent_Choice_Field": "Chf_6", "parent_ChoiceGroup": "Chgp_4", "w": 72, "h": 19, "y": 769, "x": 228, "structure_id": "Tr_10"}, {"parent_TextBlock": "Tb_10", "text": "(NOTE:  Complete paralysis (paralysis of quadriceps extensor muscles.)", "parent_Field": null, "parent_Choice_Field": null, "parent_ChoiceGroup": null, "w": 646, "h": 22, "y": 1476, "x": 158, "structure_id": "Tr_11"}, {"parent_TextBlock": "Tb_11", "text": "(If incomplete paralysis is checked, indicate severity):", "parent_Field": null, "parent_Choice_Field": null, "parent_ChoiceGroup": "Chgp_5", "w": 481, "h": 22, "y": 805, "x": 231, "structure_id": "Tr_12"}, {"parent_TextBlock": "Tb_12", "text": "Mild", "parent_Field": null, "parent_Choice_Field": "Chf_7", "parent_ChoiceGroup": "Chgp_5", "w": 35, "h": 20, "y": 846, "x": 362, "structure_id": "Tr_13"}, {"parent_TextBlock": "Tb_13", "text": "Moderate", "parent_Field": null, "parent_Choice_Field": "Chf_8", "parent_ChoiceGroup": "Chgp_5", "w": 82, "h": 20, "y": 846, "x": 471, "structure_id": "Tr_14"}, {"parent_TextBlock": "Tb_14", "text": "Severe", "parent_Field": null, "parent_Choice_Field": "Chf_9", "parent_ChoiceGroup": "Chgp_5", "w": 61, "h": 20, "y": 846, "x": 626, "structure_id": "Tr_15"}, {"parent_TextBlock": "Tb_15", "text": "(If incomplete paralysis is checked, indicate severity):", "parent_Field": null, "parent_Choice_Field": null, "parent_ChoiceGroup": "Chgp_6", "w": 480, "h": 23, "y": 928, "x": 226, "structure_id": "Tr_16"}, {"parent_TextBlock": "Tb_16", "text": "Mild", "parent_Field": null, "parent_Choice_Field": "Chf_10", "parent_ChoiceGroup": "Chgp_6", "w": 35, "h": 20, "y": 969, "x": 362, "structure_id": "Tr_17"}, {"parent_TextBlock": "Tb_17", "text": "Moderate", "parent_Field": null, "parent_Choice_Field": "Chf_11", "parent_ChoiceGroup": "Chgp_6", "w": 82, "h": 20, "y": 969, "x": 471, "structure_id": "Tr_18"}, {"parent_TextBlock": "Tb_18", "text": "Severe", "parent_Field": null, "parent_Choice_Field": "Chf_12", "parent_ChoiceGroup": "Chgp_6", "w": 61, "h": 20, "y": 969, "x": 626, "structure_id": "Tr_19"}, {"parent_TextBlock": "Tb_19", "text": "(If incomplete paralysis is checked, indicate severity):", "parent_Field": null, "parent_Choice_Field": null, "parent_ChoiceGroup": "Chgp_7", "w": 481, "h": 22, "y": 1216, "x": 228, "structure_id": "Tr_20"}, {"parent_TextBlock": "Tb_20", "text": "Mild", "parent_Field": null, "parent_Choice_Field": "Chf_13", "parent_ChoiceGroup": "Chgp_7", "w": 36, "h": 20, "y": 1257, "x": 344, "structure_id": "Tr_21"}, {"parent_TextBlock": "Tb_21", "text": "Moderate", "parent_Field": null, "parent_Choice_Field": "Chf_14", "parent_ChoiceGroup": "Chgp_7", "w": 82, "h": 20, "y": 1257, "x": 452, "structure_id": "Tr_22"}, {"parent_TextBlock": "Tb_22", "text": "Moderately Severe", "parent_Field": null, "parent_Choice_Field": "Chf_15", "parent_ChoiceGroup": "Chgp_7", "w": 163, "h": 20, "y": 1257, "x": 612, "structure_id": "Tr_23"}, {"parent_TextBlock": "Tb_23", "text": "Severe, with marked muscular atrophy", "parent_Field": null, "parent_Choice_Field": "Chf_16", "parent_ChoiceGroup": "Chgp_7", "w": 332, "h": 20, "y": 1257, "x": 835, "structure_id": "Tr_24"}, {"parent_TextBlock": "Tb_24", "text": "(If incomplete paralysis is checked, indicate severity):", "parent_Field": null, "parent_Choice_Field": null, "parent_ChoiceGroup": "Chgp_8", "w": 480, "h": 22, "y": 580, "x": 226, "structure_id": "Tr_25"}, {"parent_TextBlock": "Tb_25", "text": "Mild", "parent_Field": null, "parent_Choice_Field": "Chf_17", "parent_ChoiceGroup": "Chgp_8", "w": 35, "h": 19, "y": 621, "x": 362, "structure_id": "Tr_26"}, {"parent_TextBlock": "Tb_26", "text": "Moderate", "parent_Field": null, "parent_Choice_Field": "Chf_18", "parent_ChoiceGroup": "Chgp_8", "w": 82, "h": 19, "y": 621, "x": 471, "structure_id": "Tr_27"}, {"parent_TextBlock": "Tb_27", "text": "Severe", "parent_Field": null, "parent_Choice_Field": "Chf_19", "parent_ChoiceGroup": "Chgp_8", "w": 61, "h": 19, "y": 621, "x": 626, "structure_id": "Tr_28"}, {"parent_TextBlock": "Tb_28", "text": "Normal", "parent_Field": null, "parent_Choice_Field": "Chf_20", "parent_ChoiceGroup": "Chgp_9", "w": 63, "h": 19, "y": 1178, "x": 344, "structure_id": "Tr_29"}, {"parent_TextBlock": "Tb_29", "text": "Incomplete paralysis", "parent_Field": null, "parent_Choice_Field": "Chf_21", "parent_ChoiceGroup": "Chgp_9", "w": 177, "h": 19, "y": 1178, "x": 452, "structure_id": "Tr_30"}, {"parent_TextBlock": "Tb_30", "text": "Complete paralysis", "parent_Field": null, "parent_Choice_Field": "Chf_22", "parent_ChoiceGroup": "Chgp_9", "w": 166, "h": 19, "y": 1178, "x": 679, "structure_id": "Tr_31"}, {"parent_TextBlock": "Tb_31", "text": "Normal", "parent_Field": null, "parent_Choice_Field": "Chf_23", "parent_ChoiceGroup": "Chgp_10", "w": 63, "h": 20, "y": 204, "x": 362, "structure_id": "Tr_32"}, {"parent_TextBlock": "Tb_32", "text": "Incomplete paralysis", "parent_Field": null, "parent_Choice_Field": "Chf_24", "parent_ChoiceGroup": "Chgp_10", "w": 177, "h": 20, "y": 204, "x": 470, "structure_id": "Tr_33"}, {"parent_TextBlock": "Tb_33", "text": "Complete paralysis", "parent_Field": null, "parent_Choice_Field": "Chf_25", "parent_ChoiceGroup": "Chgp_10", "w": 166, "h": 20, "y": 204, "x": 697, "structure_id": "Tr_34"}, {"parent_TextBlock": "Tb_34", "text": "(NOTE:  Complete paralysis (hand inclined to the ulnar side, index and middle fingers extended, atrophy of thenar eminence, cannot make fist, defective", "parent_Field": null, "parent_Choice_Field": null, "parent_ChoiceGroup": null, "w": 1365, "h": 23, "y": 356, "x": 161, "structure_id": "Tr_35"}, {"parent_TextBlock": "Tb_34", "text": "opposition of thumb, cannot flex distal phalanx of thumb; wrist flexion weak.)", "parent_Field": null, "parent_Choice_Field": null, "parent_ChoiceGroup": null, "w": 691, "h": 22, "y": 383, "x": 161, "structure_id": "Tr_36"}, {"parent_TextBlock": "Tb_35", "text": "(If incomplete paralysis is checked, indicate severity):", "parent_Field": null, "parent_Choice_Field": null, "parent_ChoiceGroup": "Chgp_11", "w": 481, "h": 22, "y": 243, "x": 231, "structure_id": "Tr_37"}, {"parent_TextBlock": "Tb_36", "text": "Mild", "parent_Field": null, "parent_Choice_Field": "Chf_26", "parent_ChoiceGroup": "Chgp_11", "w": 35, "h": 19, "y": 284, "x": 368, "structure_id": "Tr_38"}, {"parent_TextBlock": "Tb_37", "text": "Moderate", "parent_Field": null, "parent_Choice_Field": "Chf_27", "parent_ChoiceGroup": "Chgp_11", "w": 82, "h": 19, "y": 284, "x": 479, "structure_id": "Tr_39"}, {"parent_TextBlock": "Tb_38", "text": "Severe", "parent_Field": null, "parent_Choice_Field": "Chf_28", "parent_ChoiceGroup": "Chgp_11", "w": 61, "h": 19, "y": 286, "x": 634, "structure_id": "Tr_40"}, {"parent_TextBlock": "Tb_39", "text": "(If incomplete paralysis is checked, indicate severity):", "parent_Field": null, "parent_Choice_Field": null, "parent_ChoiceGroup": "Chgp_12", "w": 481, "h": 22, "y": 457, "x": 231, "structure_id": "Tr_41"}, {"parent_TextBlock": "Tb_40", "text": "Mild", "parent_Field": null, "parent_Choice_Field": "Chf_29", "parent_ChoiceGroup": "Chgp_12", "w": 35, "h": 19, "y": 498, "x": 362, "structure_id": "Tr_42"}, {"parent_TextBlock": "Tb_41", "text": "Moderate", "parent_Field": null, "parent_Choice_Field": "Chf_30", "parent_ChoiceGroup": "Chgp_12", "w": 82, "h": 19, "y": 498, "x": 471, "structure_id": "Tr_43"}, {"parent_TextBlock": "Tb_42", "text": "Severe", "parent_Field": null, "parent_Choice_Field": "Chf_31", "parent_ChoiceGroup": "Chgp_12", "w": 62, "h": 19, "y": 498, "x": 630, "structure_id": "Tr_44"}, {"parent_TextBlock": "Tb_43", "text": "(NOTE:  Complete paralysis (\"griffin claw\" deformity, atrophy in dorsal interspaces, thenar and hypothenar eminences; cannot extend ring and little finger,", "parent_Field": null, "parent_Choice_Field": null, "parent_ChoiceGroup": null, "w": 1400, "h": 23, "y": 699, "x": 161, "structure_id": "Tr_45"}, {"parent_TextBlock": "Tb_43", "text": "cannot spread fingers, cannot adduct the thumb; wrist flexion weakened.)", "parent_Field": null, "parent_Choice_Field": null, "parent_ChoiceGroup": null, "w": 655, "h": 22, "y": 726, "x": 161, "structure_id": "Tr_46"}, {"parent_TextBlock": "Tb_44", "text": "LEFT:", "parent_Field": null, "parent_Choice_Field": "Chf_32", "parent_ChoiceGroup": "Chgp_13", "w": 53, "h": 19, "y": 544, "x": 228, "structure_id": "Tr_47"}, {"parent_TextBlock": "Tb_45", "text": "Normal", "parent_Field": null, "parent_Choice_Field": "Chf_33", "parent_ChoiceGroup": "Chgp_14", "w": 63, "h": 20, "y": 418, "x": 356, "structure_id": "Tr_48"}, {"parent_TextBlock": "Tb_46", "text": "Incomplete paralysis", "parent_Field": null, "parent_Choice_Field": "Chf_34", "parent_ChoiceGroup": "Chgp_14", "w": 177, "h": 20, "y": 418, "x": 464, "structure_id": "Tr_49"}, {"parent_TextBlock": "Tb_47", "text": "Complete paralysis", "parent_Field": null, "parent_Choice_Field": "Chf_35", "parent_ChoiceGroup": "Chgp_14", "w": 166, "h": 20, "y": 418, "x": 691, "structure_id": "Tr_50"}, {"parent_TextBlock": "Tb_48", "text": "RIGHT:\u00c2\u00a0", "parent_Field": null, "parent_Choice_Field": "Chf_36", "parent_ChoiceGroup": "Chgp_15", "w": 72, "h": 20, "y": 420, "x": 228, "structure_id": "Tr_51"}, {"parent_TextBlock": "Tb_49", "text": "RIGHT:\u00c2\u00a0", "parent_Field": null, "parent_Choice_Field": "Chf_37", "parent_ChoiceGroup": "Chgp_16", "w": 72, "h": 19, "y": 1178, "x": 228, "structure_id": "Tr_52"}, {"parent_TextBlock": "Tb_50", "text": "(If incomplete paralysis is checked, indicate severity):", "parent_Field": null, "parent_Choice_Field": null, "parent_ChoiceGroup": "Chgp_17", "w": 481, "h": 22, "y": 1339, "x": 228, "structure_id": "Tr_53"}, {"parent_TextBlock": "Tb_51", "text": "Mild", "parent_Field": null, "parent_Choice_Field": "Chf_38", "parent_ChoiceGroup": "Chgp_17", "w": 36, "h": 20, "y": 1378, "x": 344, "structure_id": "Tr_54"}, {"parent_TextBlock": "Tb_52", "text": "Moderate", "parent_Field": null, "parent_Choice_Field": "Chf_39", "parent_ChoiceGroup": "Chgp_17", "w": 82, "h": 20, "y": 1378, "x": 452, "structure_id": "Tr_55"}, {"parent_TextBlock": "Tb_53", "text": "Moderately Severe", "parent_Field": null, "parent_Choice_Field": "Chf_40", "parent_ChoiceGroup": "Chgp_17", "w": 163, "h": 20, "y": 1378, "x": 612, "structure_id": "Tr_56"}, {"parent_TextBlock": "Tb_54", "text": "Severe, with marked muscular atrophy", "parent_Field": null, "parent_Choice_Field": "Chf_41", "parent_ChoiceGroup": "Chgp_17", "w": 332, "h": 20, "y": 1378, "x": 835, "structure_id": "Tr_57"}, {"parent_TextBlock": "Tb_55", "text": "Normal", "parent_Field": null, "parent_Choice_Field": "Chf_42", "parent_ChoiceGroup": "Chgp_18", "w": 63, "h": 19, "y": 1303, "x": 342, "structure_id": "Tr_58"}, {"parent_TextBlock": "Tb_56", "text": "Incomplete paralysis", "parent_Field": null, "parent_Choice_Field": "Chf_43", "parent_ChoiceGroup": "Chgp_18", "w": 177, "h": 19, "y": 1303, "x": 450, "structure_id": "Tr_59"}, {"parent_TextBlock": "Tb_57", "text": "Complete paralysis", "parent_Field": null, "parent_Choice_Field": "Chf_44", "parent_ChoiceGroup": "Chgp_18", "w": 166, "h": 19, "y": 1303, "x": 677, "structure_id": "Tr_60"}, {"parent_TextBlock": "Tb_58", "text": "LEFT:", "parent_Field": null, "parent_Choice_Field": "Chf_45", "parent_ChoiceGroup": "Chgp_19", "w": 53, "h": 19, "y": 1303, "x": 226, "structure_id": "Tr_61"}, {"parent_TextBlock": "Tb_59", "text": "(If incomplete paralysis is checked, indicate severity):", "parent_Field": null, "parent_Choice_Field": null, "parent_ChoiceGroup": "Chgp_20", "w": 481, "h": 23, "y": 1551, "x": 228, "structure_id": "Tr_62"}, {"parent_TextBlock": "Tb_60", "text": "Mild", "parent_Field": null, "parent_Choice_Field": "Chf_46", "parent_ChoiceGroup": "Chgp_20", "w": 36, "h": 20, "y": 1592, "x": 344, "structure_id": "Tr_63"}, {"parent_TextBlock": "Tb_61", "text": "Moderate", "parent_Field": null, "parent_Choice_Field": "Chf_47", "parent_ChoiceGroup": "Chgp_20", "w": 82, "h": 20, "y": 1592, "x": 452, "structure_id": "Tr_64"}, {"parent_TextBlock": "Tb_62", "text": "Moderately Severe", "parent_Field": null, "parent_Choice_Field": "Chf_48", "parent_ChoiceGroup": "Chgp_20", "w": 163, "h": 20, "y": 1592, "x": 612, "structure_id": "Tr_65"}, {"parent_TextBlock": "Tb_63", "text": "Normal", "parent_Field": null, "parent_Choice_Field": "Chf_49", "parent_ChoiceGroup": "Chgp_21", "w": 63, "h": 19, "y": 1513, "x": 344, "structure_id": "Tr_66"}, {"parent_TextBlock": "Tb_64", "text": "Incomplete paralysis", "parent_Field": null, "parent_Choice_Field": "Chf_50", "parent_ChoiceGroup": "Chgp_21", "w": 177, "h": 19, "y": 1513, "x": 452, "structure_id": "Tr_67"}, {"parent_TextBlock": "Tb_65", "text": "Complete paralysis", "parent_Field": null, "parent_Choice_Field": "Chf_51", "parent_ChoiceGroup": "Chgp_21", "w": 166, "h": 19, "y": 1513, "x": 679, "structure_id": "Tr_68"}, {"parent_TextBlock": "Tb_66", "text": "RIGHT:\u00c2\u00a0", "parent_Field": null, "parent_Choice_Field": "Chf_52", "parent_ChoiceGroup": "Chgp_22", "w": 72, "h": 19, "y": 1513, "x": 228, "structure_id": "Tr_69"}, {"parent_TextBlock": "Tb_67", "text": "(If incomplete paralysis is checked, indicate severity):", "parent_Field": null, "parent_Choice_Field": null, "parent_ChoiceGroup": "Chgp_23", "w": 481, "h": 23, "y": 1674, "x": 228, "structure_id": "Tr_70"}, {"parent_TextBlock": "Tb_68", "text": "Mild", "parent_Field": null, "parent_Choice_Field": "Chf_53", "parent_ChoiceGroup": "Chgp_23", "w": 36, "h": 19, "y": 1714, "x": 344, "structure_id": "Tr_71"}, {"parent_TextBlock": "Tb_69", "text": "Moderate", "parent_Field": null, "parent_Choice_Field": "Chf_54", "parent_ChoiceGroup": "Chgp_23", "w": 82, "h": 19, "y": 1714, "x": 452, "structure_id": "Tr_72"}, {"parent_TextBlock": "Tb_70", "text": "Moderately Severe", "parent_Field": null, "parent_Choice_Field": "Chf_55", "parent_ChoiceGroup": "Chgp_23", "w": 163, "h": 19, "y": 1714, "x": 612, "structure_id": "Tr_73"}, {"parent_TextBlock": "Tb_71", "text": "Normal", "parent_Field": null, "parent_Choice_Field": "Chf_56", "parent_ChoiceGroup": "Chgp_24", "w": 63, "h": 19, "y": 1638, "x": 342, "structure_id": "Tr_74"}, {"parent_TextBlock": "Tb_72", "text": "Incomplete paralysis", "parent_Field": null, "parent_Choice_Field": "Chf_57", "parent_ChoiceGroup": "Chgp_24", "w": 177, "h": 19, "y": 1638, "x": 450, "structure_id": "Tr_75"}, {"parent_TextBlock": "Tb_73", "text": "Complete paralysis", "parent_Field": null, "parent_Choice_Field": "Chf_58", "parent_ChoiceGroup": "Chgp_24", "w": 166, "h": 19, "y": 1638, "x": 677, "structure_id": "Tr_76"}, {"parent_TextBlock": "Tb_74", "text": "LEFT:", "parent_Field": null, "parent_Choice_Field": "Chf_59", "parent_ChoiceGroup": "Chgp_25", "w": 53, "h": 19, "y": 1638, "x": 226, "structure_id": "Tr_77"}, {"parent_TextBlock": "Tb_75", "text": "5A. DOES THE VETERAN HAVE AN UPPER EXTREMITY DIABETIC PERIPHERAL NEUROPATHY?", "parent_Field": null, "parent_Choice_Field": null, "parent_ChoiceGroup": "Chgp_26", "w": 891, "h": 19, "y": 170, "x": 107, "structure_id": "Tr_78"}, {"parent_TextBlock": "Tb_75", "text": "(Continued)", "parent_Field": null, "parent_Choice_Field": null, "parent_ChoiceGroup": "Chgp_26", "w": 108, "h": 22, "y": 168, "x": 998, "structure_id": "Tr_79"}, {"parent_TextBlock": "Tb_76", "text": "MEDIAN NERVE", "parent_Field": null, "parent_Choice_Field": "Chf_60", "parent_ChoiceGroup": "Chgp_26", "w": 148, "h": 19, "y": 331, "x": 161, "structure_id": "Tr_80"}, {"parent_TextBlock": "Tb_77", "text": "ULNAR NERVE", "parent_Field": null, "parent_Choice_Field": "Chf_61", "parent_ChoiceGroup": "Chgp_26", "w": 138, "h": 20, "y": 672, "x": 161, "structure_id": "Tr_81"}, {"parent_TextBlock": "Tb_78", "text": "(If \"Yes,\" indicate nerve affected, severity and side affected)", "parent_Field": null, "parent_Choice_Field": null, "parent_ChoiceGroup": "Chgp_27", "w": 534, "h": 22, "y": 1059, "x": 315, "structure_id": "Tr_82"}, {"parent_TextBlock": "Tb_79", "text": "SCIATIC NERVE", "parent_Field": null, "parent_Choice_Field": "Chf_62", "parent_ChoiceGroup": "Chgp_27", "w": 149, "h": 19, "y": 1106, "x": 158, "structure_id": "Tr_83"}, {"parent_TextBlock": "Tb_80", "text": "FEMORAL NERVE (anterior crural)", "parent_Field": null, "parent_Choice_Field": "Chf_63", "parent_ChoiceGroup": "Chgp_27", "w": 305, "h": 19, "y": 1443, "x": 158, "structure_id": "Tr_84"}, {"parent_TextBlock": "Tb_81", "text": "5B. DOES THE VETERAN HAVE A LOWER EXTREMITY DIABETIC PERIPHERAL NEUROPATHY?", "parent_Field": null, "parent_Choice_Field": null, "parent_ChoiceGroup": "Chgp_28", "w": 876, "h": 19, "y": 1022, "x": 102, "structure_id": "Tr_85"}, {"parent_TextBlock": "Tb_82", "text": "YES", "parent_Field": null, "parent_Choice_Field": "Chf_64", "parent_ChoiceGroup": "Chgp_28", "w": 39, "h": 20, "y": 1060, "x": 161, "structure_id": "Tr_86"}, {"parent_TextBlock": "Tb_83", "text": "NO", "parent_Field": null, "parent_Choice_Field": "Chf_65", "parent_ChoiceGroup": "Chgp_28", "w": 29, "h": 20, "y": 1060, "x": 278, "structure_id": "Tr_87"}, {"parent_TextBlock": "Tb_84", "text": "Normal", "parent_Field": null, "parent_Choice_Field": "Chf_66", "parent_ChoiceGroup": "Chgp_29", "w": 63, "h": 20, "y": 541, "x": 356, "structure_id": "Tr_88"}, {"parent_TextBlock": "Tb_85", "text": "Incomplete paralysis", "parent_Field": null, "parent_Choice_Field": "Chf_67", "parent_ChoiceGroup": "Chgp_29", "w": 177, "h": 20, "y": 541, "x": 464, "structure_id": "Tr_89"}, {"parent_TextBlock": "Tb_86", "text": "Complete paralysis", "parent_Field": null, "parent_Choice_Field": "Chf_68", "parent_ChoiceGroup": "Chgp_29", "w": 166, "h": 20, "y": 541, "x": 691, "structure_id": "Tr_90"}, {"parent_TextBlock": "Tb_87", "text": "Normal", "parent_Field": null, "parent_Choice_Field": "Chf_69", "parent_ChoiceGroup": "Chgp_30", "w": 63, "h": 19, "y": 890, "x": 356, "structure_id": "Tr_91"}, {"parent_TextBlock": "Tb_88", "text": "Incomplete paralysis", "parent_Field": null, "parent_Choice_Field": "Chf_70", "parent_ChoiceGroup": "Chgp_30", "w": 177, "h": 19, "y": 890, "x": 464, "structure_id": "Tr_92"}, {"parent_TextBlock": "Tb_89", "text": "Complete paralysis", "parent_Field": null, "parent_Choice_Field": "Chf_71", "parent_ChoiceGroup": "Chgp_30", "w": 166, "h": 19, "y": 890, "x": 691, "structure_id": "Tr_93"}, {"parent_TextBlock": "Tb_90", "text": "SECTION VI - OTHER PERTINENT PHYSICAL FINDINGS, COMPLICATIONS, CONDITIONS, SIGNS AND/OR SYMPTOMS", "parent_Field": null, "parent_Choice_Field": null, "parent_ChoiceGroup": null, "w": 1246, "h": 23, "y": 1759, "x": 223, "structure_id": "Tr_94"}, {"parent_TextBlock": "Tb_91", "text": "(If \"Yes,\" are any of the scars painful and/or unstable, or is the total area of all related scars greater than or equal to 39 square cm (6 square inches?))", "parent_Field": null, "parent_Choice_Field": null, "parent_ChoiceGroup": null, "w": 1322, "h": 22, "y": 1839, "x": 286, "structure_id": "Tr_95"}, {"parent_TextBlock": "Tb_92", "text": "(If \"Yes,\" ALSO complete VA Form 21-0960F-1, Scars/Disfigurement Disability Benefits Questionnaire)", "parent_Field": null, "parent_Choice_Field": null, "parent_ChoiceGroup": null, "w": 929, "h": 22, "y": 1895, "x": 286, "structure_id": "Tr_96"}, {"parent_TextBlock": "Tb_93", "text": "(If \"Yes,\" describe) (Brief summary):", "parent_Field": "Fi_2", "parent_Choice_Field": null, "parent_ChoiceGroup": null, "w": 329, "h": 22, "y": 1990, "x": 312, "structure_id": "Tr_97"}, {"parent_TextBlock": "Tb_94", "text": "YES", "parent_Field": null, "parent_Choice_Field": "Chf_72", "parent_ChoiceGroup": "Chgp_31", "w": 39, "h": 20, "y": 1895, "x": 147, "structure_id": "Tr_98"}, {"parent_TextBlock": "Tb_95", "text": "NO", "parent_Field": null, "parent_Choice_Field": "Chf_73", "parent_ChoiceGroup": "Chgp_31", "w": 29, "h": 20, "y": 1895, "x": 245, "structure_id": "Tr_99"}, {"parent_TextBlock": "Tb_96", "text": "6A. DOES THE VETERAN HAVE ANY SCARS", "parent_Field": null, "parent_Choice_Field": null, "parent_ChoiceGroup": "Chgp_32", "w": 413, "h": 19, "y": 1787, "x": 105, "structure_id": "Tr_100"}, {"parent_TextBlock": "Tb_96", "text": "(surgical or otherwise)", "parent_Field": null, "parent_Choice_Field": null, "parent_ChoiceGroup": "Chgp_32", "w": 201, "h": 22, "y": 1785, "x": 518, "structure_id": "Tr_101"}, {"parent_TextBlock": "Tb_96", "text": "RELATED TO ANY CONDITIONS OR TO THE TREATMENT OF ANY CONDITIONS LISTED", "parent_Field": null, "parent_Choice_Field": null, "parent_ChoiceGroup": "Chgp_32", "w": 820, "h": 19, "y": 1787, "x": 719, "structure_id": "Tr_102"}, {"parent_TextBlock": "Tb_96", "text": "IN SECTION I, DIAGNOSIS?", "parent_Field": null, "parent_Choice_Field": null, "parent_ChoiceGroup": "Chgp_32", "w": 284, "h": 19, "y": 1807, "x": 105, "structure_id": "Tr_103"}, {"parent_TextBlock": "Tb_97", "text": "YES", "parent_Field": null, "parent_Choice_Field": "Chf_74", "parent_ChoiceGroup": "Chgp_32", "w": 39, "h": 19, "y": 1839, "x": 147, "structure_id": "Tr_104"}, {"parent_TextBlock": "Tb_98", "text": "NO", "parent_Field": null, "parent_Choice_Field": "Chf_75", "parent_ChoiceGroup": "Chgp_32", "w": 29, "h": 19, "y": 1839, "x": 245, "structure_id": "Tr_105"}, {"parent_TextBlock": "Tb_99", "text": "6B. DOES THE VETERAN HAVE ANY OTHER PERTINENT PHYSICAL FINDINGS, COMPLICATIONS, CONDITIONS, SIGNS AND/OR SYMPTOMS RELATED TO", "parent_Field": null, "parent_Choice_Field": null, "parent_ChoiceGroup": "Chgp_33", "w": 1430, "h": 19, "y": 1932, "x": 105, "structure_id": "Tr_106"}, {"parent_TextBlock": "Tb_99", "text": "ANY CONDITIONS LISTED IN SECTION I, DIAGNOSIS?", "parent_Field": null, "parent_Choice_Field": null, "parent_ChoiceGroup": "Chgp_33", "w": 530, "h": 19, "y": 1955, "x": 105, "structure_id": "Tr_107"}, {"parent_TextBlock": "Tb_100", "text": "YES", "parent_Field": null, "parent_Choice_Field": "Chf_76", "parent_ChoiceGroup": "Chgp_33", "w": 39, "h": 19, "y": 1991, "x": 159, "structure_id": "Tr_108"}, {"parent_TextBlock": "Tb_101", "text": "NO", "parent_Field": null, "parent_Choice_Field": "Chf_77", "parent_ChoiceGroup": "Chgp_33", "w": 29, "h": 19, "y": 1991, "x": 276, "structure_id": "Tr_109"}, {"parent_TextBlock": "Tb_102", "text": "VA\u00c2\u00a0FORM 21-0960C-4, DEC 2014", "parent_Field": null, "parent_Choice_Field": null, "parent_ChoiceGroup": null, "w": 297, "h": 20, "y": 2113, "x": 90, "structure_id": "Tr_110"}, {"parent_TextBlock": "Tb_103", "text": "Page 4", "parent_Field": null, "parent_Choice_Field": null, "parent_ChoiceGroup": null, "w": 71, "h": 23, "y": 2113, "x": 1543, "structure_id": "Tr_111"}], "ChoiceGroup": [{"y": 883.03125, "x": 192, "structure_id": "Chgp_1", "w": 667, "h": 120}, {"y": 754.03125, "x": 312, "structure_id": "Chgp_2", "w": 549, "h": 42}, {"y": 191.03125, "x": 190, "structure_id": "Chgp_3", "w": 680, "h": 120}, {"y": 746.03125, "x": 189, "structure_id": "Chgp_4", "w": 678, "h": 128}, {"y": 799.03125, "x": 228, "structure_id": "Chgp_5", "w": 490, "h": 73}, {"y": 920.03125, "x": 220, "structure_id": "Chgp_6", "w": 491, "h": 75}, {"y": 1210.03125, "x": 220, "structure_id": "Chgp_7", "w": 953, "h": 70}, {"y": 575.03125, "x": 217, "structure_id": "Chgp_8", "w": 494, "h": 69}, {"y": 1166.03125, "x": 304, "structure_id": "Chgp_9", "w": 546, "h": 38}, {"y": 188.03125, "x": 315, "structure_id": "Chgp_10", "w": 552, "h": 44}, {"y": 233.03125, "x": 226, "structure_id": "Chgp_11", "w": 492, "h": 77}, {"y": 451.03125, "x": 225, "structure_id": "Chgp_12", "w": 492, "h": 69}, {"y": 530.0350144532276, "x": 187, "structure_id": "Chgp_13", "w": 674, "h": 120.18096676071784}, {"y": 405.0312357953536, "x": 313.9999954043906, "structure_id": "Chgp_14", "w": 547, "h": 38}, {"y": 406.0341337651546, "x": 186.00085478334, "structure_id": "Chgp_15", "w": 682.1774229591855, "h": 121.25684847274943}, {"y": 1163.03125, "x": 183, "structure_id": "Chgp_16", "w": 997, "h": 125}, {"y": 1333.03125, "x": 222, "structure_id": "Chgp_17", "w": 951, "h": 70}, {"y": 1291.03125, "x": 300, "structure_id": "Chgp_18", "w": 549, "h": 40}, {"y": 1289.03125, "x": 181, "structure_id": "Chgp_19", "w": 996, "h": 117}, {"y": 1546.03125, "x": 223, "structure_id": "Chgp_20", "w": 557, "h": 72}, {"y": 1505.0419392183185, "x": 301, "structure_id": "Chgp_21", "w": 546, "h": 33.77284897457899}, {"y": 1499.03125, "x": 189, "structure_id": "Chgp_22", "w": 663, "h": 125}, {"y": 1667.03125, "x": 220, "structure_id": "Chgp_23", "w": 555, "h": 72}, {"y": 1630.03125, "x": 298, "structure_id": "Chgp_24", "w": 552, "h": 31}, {"y": 1624.03125, "x": 187, "structure_id": "Chgp_25", "w": 668, "h": 120}, {"y": 160.03125, "x": 97, "structure_id": "Chgp_26", "w": 1476, "h": 846}, {"y": 1049.03125, "x": 111, "structure_id": "Chgp_27", "w": 1258, "h": 699}, {"y": 1015.03125, "x": 96, "structure_id": "Chgp_28", "w": 1279, "h": 736}, {"y": 527.03125, "x": 306, "structure_id": "Chgp_29", "w": 558, "h": 42}, {"y": 881.03125, "x": 310, "structure_id": "Chgp_30", "w": 549, "h": 32}, {"y": 1883.0446238964764, "x": 105, "structure_id": "Chgp_31", "w": 1117, "h": 38.33452471445157}, {"y": 1781.03125, "x": 97, "structure_id": "Chgp_32", "w": 1514, "h": 144}, {"y": 1928.03125, "x": 99, "structure_id": "Chgp_33", "w": 1501, "h": 171}]}