{"Widget": [{"parent_Field": "Fi_1", "parent_Choice_Field": null, "parent_ChoiceGroup": null, "w": 140.50236220472442, "h": 46.83307086614173, "y": 53.63858267716535, "x": 509.9692913385827, "structure_id": "Wi_1"}, {"parent_Field": "Fi_1", "parent_Choice_Field": null, "parent_ChoiceGroup": null, "w": 88.94488188976378, "h": 46.83307086614173, "y": 53.63858267716535, "x": 702.1968503937007, "structure_id": "Wi_2"}, {"parent_Field": "Fi_1", "parent_Choice_Field": null, "parent_ChoiceGroup": null, "w": 188.88031496062993, "h": 46.83307086614173, "y": 53.63858267716535, "x": 838.9055118110236, "structure_id": "Wi_3"}, {"parent_Field": null, "parent_Choice_Field": "Chf_1", "parent_ChoiceGroup": "Chgp_1", "w": 25, "h": 25, "y": 269.57795275590547, "x": 128.06929133858267, "structure_id": "Wi_4"}, {"parent_Field": null, "parent_Choice_Field": "Chf_2", "parent_ChoiceGroup": "Chgp_1", "w": 25, "h": 25, "y": 309.3417322834646, "x": 128.06929133858267, "structure_id": "Wi_5"}, {"parent_Field": null, "parent_Choice_Field": "Chf_3", "parent_ChoiceGroup": "Chgp_1", "w": 25, "h": 25, "y": 350.44409448818897, "x": 128.06929133858267, "structure_id": "Wi_6"}, {"parent_Field": null, "parent_Choice_Field": "Chf_3", "parent_ChoiceGroup": "Chgp_1", "w": 1170.772440944882, "h": 35.43307086614173, "y": 345.1968503937008, "x": 418.6779527559055, "structure_id": "Wi_7"}, {"parent_Field": null, "parent_Choice_Field": "Chf_4", "parent_ChoiceGroup": "Chgp_1", "w": 25, "h": 25, "y": 394.1448818897638, "x": 128.06929133858267, "structure_id": "Wi_8"}, {"parent_Field": null, "parent_Choice_Field": "Chf_4", "parent_ChoiceGroup": "Chgp_1", "w": 1108.2748031496064, "h": 35.43307086614173, "y": 384.80314960629926, "x": 481.1724409448819, "structure_id": "Wi_9"}, {"parent_Field": null, "parent_Choice_Field": "Chf_5", "parent_ChoiceGroup": "Chgp_1", "w": 25, "h": 25, "y": 437.9251968503937, "x": 128.06929133858267, "structure_id": "Wi_10"}, {"parent_Field": null, "parent_Choice_Field": "Chf_5", "parent_ChoiceGroup": "Chgp_1", "w": 731.2527559055119, "h": 35.43307086614173, "y": 430.4724409448819, "x": 858.1968503937009, "structure_id": "Wi_11"}, {"parent_Field": null, "parent_Choice_Field": "Chf_6", "parent_ChoiceGroup": "Chgp_2", "w": 25, "h": 25, "y": 194.72755905511812, "x": 128.06929133858267, "structure_id": "Wi_12"}, {"parent_Field": null, "parent_Choice_Field": "Chf_7", "parent_ChoiceGroup": "Chgp_2", "w": 25, "h": 25, "y": 194.72755905511812, "x": 223.1251968503937, "structure_id": "Wi_13"}, {"parent_Field": "Fi_2", "parent_Choice_Field": null, "parent_ChoiceGroup": null, "w": 1502.1251968503939, "h": 259.88897637795276, "y": 573.3220472440945, "x": 102.04724409448819, "structure_id": "Wi_14"}, {"parent_Field": "Fi_3", "parent_Choice_Field": null, "parent_ChoiceGroup": null, "w": 149.48031496062993, "h": 35.37795275590552, "y": 1170.6913385826772, "x": 368.8976377952756, "structure_id": "Wi_15"}, {"parent_Field": "Fi_3", "parent_Choice_Field": null, "parent_ChoiceGroup": null, "w": 149.48897637795275, "h": 35.37795275590552, "y": 1168.6307086614174, "x": 633.3559055118111, "structure_id": "Wi_16"}, {"parent_Field": "Fi_4", "parent_Choice_Field": null, "parent_ChoiceGroup": null, "w": 235.11968503937007, "h": 35.37795275590552, "y": 1112, "x": 234.59685039370078, "structure_id": "Wi_17"}, {"parent_Field": null, "parent_Choice_Field": "Chf_8", "parent_ChoiceGroup": "Chgp_3", "w": 25, "h": 25, "y": 1001.1055118110237, "x": 128.93858267716536, "structure_id": "Wi_18"}, {"parent_Field": null, "parent_Choice_Field": "Chf_9", "parent_ChoiceGroup": "Chgp_3", "w": 25, "h": 25, "y": 1001.1055118110237, "x": 225.92519685039372, "structure_id": "Wi_19"}, {"parent_Field": null, "parent_Choice_Field": "Chf_10", "parent_ChoiceGroup": "Chgp_4", "w": 25, "h": 25, "y": 901.0913385826772, "x": 130.5448818897638, "structure_id": "Wi_20"}, {"parent_Field": null, "parent_Choice_Field": "Chf_11", "parent_ChoiceGroup": "Chgp_4", "w": 25, "h": 25, "y": 901.0913385826772, "x": 225.59685039370078, "structure_id": "Wi_21"}, {"parent_Field": "Fi_5", "parent_Choice_Field": null, "parent_ChoiceGroup": null, "w": 189.5275590551181, "h": 35.43307086614173, "y": 1977.3858267716535, "x": 263.9834645669291, "structure_id": "Wi_22"}, {"parent_Field": "Fi_6", "parent_Choice_Field": null, "parent_ChoiceGroup": null, "w": 1017.007874015748, "h": 35.43307086614173, "y": 1694.0551181102362, "x": 580.2834645669292, "structure_id": "Wi_23"}, {"parent_Field": "Fi_7", "parent_Choice_Field": null, "parent_ChoiceGroup": null, "w": 189.5275590551181, "h": 35.43307086614173, "y": 1599.6055118110237, "x": 263.9834645669291, "structure_id": "Wi_24"}, {"parent_Field": "Fi_8", "parent_Choice_Field": null, "parent_ChoiceGroup": null, "w": 189.5275590551181, "h": 35.43307086614173, "y": 1694.0551181102362, "x": 263.9834645669291, "structure_id": "Wi_25"}, {"parent_Field": "Fi_9", "parent_Choice_Field": null, "parent_ChoiceGroup": null, "w": 1017.007874015748, "h": 35.43307086614173, "y": 1505.1669291338583, "x": 580.2834645669292, "structure_id": "Wi_26"}, {"parent_Field": "Fi_10", "parent_Choice_Field": null, "parent_ChoiceGroup": null, "w": 1017.007874015748, "h": 35.43307086614173, "y": 1974.536220472441, "x": 575.0858267716536, "structure_id": "Wi_27"}, {"parent_Field": "Fi_11", "parent_Choice_Field": null, "parent_ChoiceGroup": null, "w": 189.5275590551181, "h": 35.43307086614173, "y": 2071.833070866142, "x": 263.9834645669291, "structure_id": "Wi_28"}, {"parent_Field": "Fi_12", "parent_Choice_Field": null, "parent_ChoiceGroup": null, "w": 1017.007874015748, "h": 35.43307086614173, "y": 1882.88031496063, "x": 577.2141732283465, "structure_id": "Wi_29"}, {"parent_Field": "Fi_13", "parent_Choice_Field": null, "parent_ChoiceGroup": null, "w": 189.5275590551181, "h": 35.43307086614173, "y": 1505.1669291338583, "x": 263.9834645669291, "structure_id": "Wi_30"}, {"parent_Field": "Fi_14", "parent_Choice_Field": null, "parent_ChoiceGroup": null, "w": 1017.007874015748, "h": 35.43307086614173, "y": 1599.6055118110237, "x": 580.2834645669292, "structure_id": "Wi_31"}, {"parent_Field": "Fi_15", "parent_Choice_Field": null, "parent_ChoiceGroup": null, "w": 189.5275590551181, "h": 35.43307086614173, "y": 1882.9448818897638, "x": 263.9834645669291, "structure_id": "Wi_32"}, {"parent_Field": "Fi_16", "parent_Choice_Field": null, "parent_ChoiceGroup": null, "w": 189.5275590551181, "h": 35.43307086614173, "y": 1788.4976377952755, "x": 263.9834645669291, "structure_id": "Wi_33"}, {"parent_Field": "Fi_17", "parent_Choice_Field": null, "parent_ChoiceGroup": null, "w": 1017.007874015748, "h": 35.43307086614173, "y": 1788.4976377952755, "x": 580.2834645669292, "structure_id": "Wi_34"}, {"parent_Field": "Fi_18", "parent_Choice_Field": null, "parent_ChoiceGroup": null, "w": 1017.007874015748, "h": 35.43307086614173, "y": 2068.3141732283466, "x": 575.0858267716536, "structure_id": "Wi_35"}, {"parent_Field": null, "parent_Choice_Field": "Chf_12", "parent_ChoiceGroup": "Chgp_5", "w": 25, "h": 25, "y": 1472.61968503937, "x": 171.26692913385827, "structure_id": "Wi_36"}, {"parent_Field": null, "parent_Choice_Field": "Chf_13", "parent_ChoiceGroup": "Chgp_5", "w": 25, "h": 25, "y": 1567.0582677165355, "x": 171.26692913385827, "structure_id": "Wi_37"}, {"parent_Field": null, "parent_Choice_Field": "Chf_14", "parent_ChoiceGroup": "Chgp_5", "w": 25, "h": 25, "y": 1661.5086614173229, "x": 171.26692913385827, "structure_id": "Wi_38"}, {"parent_Field": null, "parent_Choice_Field": "Chf_15", "parent_ChoiceGroup": "Chgp_5", "w": 25, "h": 25, "y": 1755.9496062992125, "x": 171.26692913385827, "structure_id": "Wi_39"}, {"parent_Field": null, "parent_Choice_Field": "Chf_16", "parent_ChoiceGroup": "Chgp_5", "w": 25, "h": 25, "y": 1850.3968503937008, "x": 171.26692913385827, "structure_id": "Wi_40"}, {"parent_Field": null, "parent_Choice_Field": "Chf_17", "parent_ChoiceGroup": "Chgp_5", "w": 25, "h": 25, "y": 1944.8385826771653, "x": 171.26692913385827, "structure_id": "Wi_41"}, {"parent_Field": null, "parent_Choice_Field": "Chf_17", "parent_ChoiceGroup": "Chgp_5", "w": 497.8748031496063, "h": 35.355905511811024, "y": 1935.007874015748, "x": 427.21417322834645, "structure_id": "Wi_42"}, {"parent_Field": null, "parent_Choice_Field": "Chf_18", "parent_ChoiceGroup": "Chgp_5", "w": 25, "h": 25, "y": 2039.2858267716535, "x": 171.26692913385827, "structure_id": "Wi_43"}, {"parent_Field": null, "parent_Choice_Field": "Chf_18", "parent_ChoiceGroup": "Chgp_5", "w": 547.9527559055118, "h": 37.403149606299216, "y": 2030.8330708661417, "x": 379.2614173228347, "structure_id": "Wi_44"}, {"parent_Field": null, "parent_Choice_Field": "Chf_19", "parent_ChoiceGroup": "Chgp_6", "w": 25, "h": 25, "y": 1395.7669291338582, "x": 132.36929133858268, "structure_id": "Wi_45"}, {"parent_Field": null, "parent_Choice_Field": "Chf_20", "parent_ChoiceGroup": "Chgp_6", "w": 25, "h": 25, "y": 1395.7669291338582, "x": 227.42519685039372, "structure_id": "Wi_46"}], "TextBlock": [{"parent_Field": "Fi_1", "parent_Choice_Field": null, "parent_ChoiceGroup": null, "w": 417, "h": 19, "y": 79, "x": 83, "structure_id": "Tb_1"}, {"parent_Field": null, "parent_Choice_Field": null, "parent_ChoiceGroup": null, "w": 748, "h": 23, "y": 109, "x": 479, "structure_id": "Tb_2"}, {"parent_Field": null, "parent_Choice_Field": null, "parent_ChoiceGroup": "Chgp_1", "w": 310, "h": 19, "y": 240, "x": 128, "structure_id": "Tb_3"}, {"parent_Field": null, "parent_Choice_Field": "Chf_1", "parent_ChoiceGroup": "Chgp_1", "w": 155, "h": 19, "y": 276, "x": 165, "structure_id": "Tb_4"}, {"parent_Field": null, "parent_Choice_Field": "Chf_2", "parent_ChoiceGroup": "Chgp_1", "w": 279, "h": 19, "y": 316, "x": 165, "structure_id": "Tb_5"}, {"parent_Field": null, "parent_Choice_Field": "Chf_3", "parent_ChoiceGroup": "Chgp_1", "w": 241, "h": 19, "y": 355, "x": 166, "structure_id": "Tb_6"}, {"parent_Field": null, "parent_Choice_Field": "Chf_4", "parent_ChoiceGroup": "Chgp_1", "w": 305, "h": 20, "y": 398, "x": 166, "structure_id": "Tb_7"}, {"parent_Field": null, "parent_Choice_Field": "Chf_5", "parent_ChoiceGroup": "Chgp_1", "w": 682, "h": 20, "y": 442, "x": 166, "structure_id": "Tb_8"}, {"parent_Field": null, "parent_Choice_Field": null, "parent_ChoiceGroup": "Chgp_2", "w": 1479, "h": 43, "y": 142, "x": 98, "structure_id": "Tb_9"}, {"parent_Field": null, "parent_Choice_Field": "Chf_6", "parent_ChoiceGroup": "Chgp_2", "w": 39, "h": 19, "y": 199, "x": 162, "structure_id": "Tb_10"}, {"parent_Field": null, "parent_Choice_Field": "Chf_7", "parent_ChoiceGroup": "Chgp_2", "w": 29, "h": 19, "y": 199, "x": 258, "structure_id": "Tb_11"}, {"parent_Field": null, "parent_Choice_Field": null, "parent_ChoiceGroup": null, "w": 1087, "h": 22, "y": 492, "x": 308, "structure_id": "Tb_12"}, {"parent_Field": "Fi_2", "parent_Choice_Field": null, "parent_ChoiceGroup": null, "w": 1486, "h": 41, "y": 523, "x": 98, "structure_id": "Tb_13"}, {"parent_Field": "Fi_3", "parent_Choice_Field": null, "parent_ChoiceGroup": null, "w": 690.0, "h": 20, "y": 1184, "x": 125, "structure_id": "Tb_14"}, {"parent_Field": null, "parent_Choice_Field": null, "parent_ChoiceGroup": null, "w": 1471, "h": 44, "y": 1224, "x": 98, "structure_id": "Tb_15"}, {"parent_Field": "Fi_4", "parent_Choice_Field": null, "parent_ChoiceGroup": null, "w": 115, "h": 20, "y": 1127, "x": 125, "structure_id": "Tb_16"}, {"parent_Field": null, "parent_Choice_Field": null, "parent_ChoiceGroup": null, "w": 1074, "h": 19, "y": 1042, "x": 125, "structure_id": "Tb_17"}, {"parent_Field": null, "parent_Choice_Field": null, "parent_ChoiceGroup": null, "w": 730, "h": 20, "y": 1070, "x": 125, "structure_id": "Tb_18"}, {"parent_Field": null, "parent_Choice_Field": null, "parent_ChoiceGroup": "Chgp_3", "w": 1402, "h": 42, "y": 937, "x": 124, "structure_id": "Tb_19"}, {"parent_Field": null, "parent_Choice_Field": "Chf_8", "parent_ChoiceGroup": "Chgp_3", "w": 39, "h": 19, "y": 1006, "x": 164, "structure_id": "Tb_20"}, {"parent_Field": null, "parent_Choice_Field": "Chf_9", "parent_ChoiceGroup": "Chgp_3", "w": 29, "h": 19, "y": 1006, "x": 263, "structure_id": "Tb_21"}, {"parent_Field": null, "parent_Choice_Field": null, "parent_ChoiceGroup": "Chgp_4", "w": 1429, "h": 43, "y": 842, "x": 103, "structure_id": "Tb_22"}, {"parent_Field": null, "parent_Choice_Field": "Chf_10", "parent_ChoiceGroup": "Chgp_4", "w": 39, "h": 20, "y": 905, "x": 165, "structure_id": "Tb_23"}, {"parent_Field": null, "parent_Choice_Field": "Chf_11", "parent_ChoiceGroup": "Chgp_4", "w": 29, "h": 20, "y": 905, "x": 260, "structure_id": "Tb_24"}, {"parent_Field": null, "parent_Choice_Field": null, "parent_ChoiceGroup": null, "w": 387, "h": 22, "y": 1288, "x": 658, "structure_id": "Tb_25"}, {"parent_Field": "Fi_5", "parent_Choice_Field": null, "parent_ChoiceGroup": null, "w": 46, "h": 19, "y": 1989, "x": 206, "structure_id": "Tb_26"}, {"parent_Field": "Fi_6", "parent_Choice_Field": null, "parent_ChoiceGroup": null, "w": 71, "h": 20, "y": 1705, "x": 493, "structure_id": "Tb_27"}, {"parent_Field": "Fi_7", "parent_Choice_Field": null, "parent_ChoiceGroup": null, "w": 46, "h": 19, "y": 1611, "x": 206, "structure_id": "Tb_28"}, {"parent_Field": null, "parent_Choice_Field": null, "parent_ChoiceGroup": null, "w": 1326, "h": 25, "y": 1323, "x": 99, "structure_id": "Tb_29"}, {"parent_Field": "Fi_8", "parent_Choice_Field": null, "parent_ChoiceGroup": null, "w": 46, "h": 20, "y": 1705, "x": 206, "structure_id": "Tb_30"}, {"parent_Field": "Fi_9", "parent_Choice_Field": null, "parent_ChoiceGroup": null, "w": 71, "h": 19, "y": 1517, "x": 493, "structure_id": "Tb_31"}, {"parent_Field": "Fi_10", "parent_Choice_Field": null, "parent_ChoiceGroup": null, "w": 71, "h": 19, "y": 1989, "x": 493, "structure_id": "Tb_32"}, {"parent_Field": "Fi_11", "parent_Choice_Field": null, "parent_ChoiceGroup": null, "w": 46, "h": 20, "y": 2083, "x": 206, "structure_id": "Tb_33"}, {"parent_Field": "Fi_12", "parent_Choice_Field": null, "parent_ChoiceGroup": null, "w": 71, "h": 20, "y": 1894, "x": 493, "structure_id": "Tb_34"}, {"parent_Field": "Fi_13", "parent_Choice_Field": null, "parent_ChoiceGroup": null, "w": 46, "h": 19, "y": 1517, "x": 206, "structure_id": "Tb_35"}, {"parent_Field": "Fi_14", "parent_Choice_Field": null, "parent_ChoiceGroup": null, "w": 71, "h": 19, "y": 1611, "x": 493, "structure_id": "Tb_36"}, {"parent_Field": "Fi_15", "parent_Choice_Field": null, "parent_ChoiceGroup": null, "w": 46, "h": 20, "y": 1894, "x": 206, "structure_id": "Tb_37"}, {"parent_Field": "Fi_16", "parent_Choice_Field": null, "parent_ChoiceGroup": null, "w": 46, "h": 19, "y": 1800, "x": 206, "structure_id": "Tb_38"}, {"parent_Field": "Fi_17", "parent_Choice_Field": null, "parent_ChoiceGroup": null, "w": 71, "h": 19, "y": 1800, "x": 493, "structure_id": "Tb_39"}, {"parent_Field": "Fi_18", "parent_Choice_Field": null, "parent_ChoiceGroup": null, "w": 71, "h": 20, "y": 2083, "x": 493, "structure_id": "Tb_40"}, {"parent_Field": null, "parent_Choice_Field": null, "parent_ChoiceGroup": "Chgp_5", "w": 231, "h": 19, "y": 1437, "x": 130, "structure_id": "Tb_41"}, {"parent_Field": null, "parent_Choice_Field": "Chf_12", "parent_ChoiceGroup": "Chgp_5", "w": 196, "h": 20, "y": 1479, "x": 206, "structure_id": "Tb_42"}, {"parent_Field": null, "parent_Choice_Field": "Chf_13", "parent_ChoiceGroup": "Chgp_5", "w": 338, "h": 19, "y": 1574, "x": 206, "structure_id": "Tb_43"}, {"parent_Field": null, "parent_Choice_Field": "Chf_14", "parent_ChoiceGroup": "Chgp_5", "w": 282, "h": 20, "y": 1668, "x": 206, "structure_id": "Tb_44"}, {"parent_Field": null, "parent_Choice_Field": "Chf_15", "parent_ChoiceGroup": "Chgp_5", "w": 35, "h": 19, "y": 1763, "x": 206, "structure_id": "Tb_45"}, {"parent_Field": null, "parent_Choice_Field": "Chf_16", "parent_ChoiceGroup": "Chgp_5", "w": 25, "h": 19, "y": 1857, "x": 206, "structure_id": "Tb_46"}, {"parent_Field": null, "parent_Choice_Field": "Chf_17", "parent_ChoiceGroup": "Chgp_5", "w": 220, "h": 20, "y": 1951, "x": 206, "structure_id": "Tb_47"}, {"parent_Field": null, "parent_Choice_Field": "Chf_18", "parent_ChoiceGroup": "Chgp_5", "w": 167, "h": 19, "y": 2046, "x": 206, "structure_id": "Tb_48"}, {"parent_Field": null, "parent_Choice_Field": null, "parent_ChoiceGroup": "Chgp_6", "w": 969, "h": 19, "y": 1364, "x": 100, "structure_id": "Tb_49"}, {"parent_Field": null, "parent_Choice_Field": "Chf_19", "parent_ChoiceGroup": "Chgp_6", "w": 39, "h": 19, "y": 1400, "x": 167, "structure_id": "Tb_50"}, {"parent_Field": null, "parent_Choice_Field": "Chf_20", "parent_ChoiceGroup": "Chgp_6", "w": 29, "h": 19, "y": 1400, "x": 262, "structure_id": "Tb_51"}, {"parent_Field": null, "parent_Choice_Field": null, "parent_ChoiceGroup": null, "w": 296, "h": 19, "y": 2124, "x": 90, "structure_id": "Tb_52"}, {"parent_Field": null, "parent_Choice_Field": null, "parent_ChoiceGroup": null, "w": 70, "h": 22, "y": 2122, "x": 1549, "structure_id": "Tb_53"}], "Choice_Field": [{"y": 269.57795275590547, "x": 128.06929133858267, "structure_id": "Chf_1", "w": 191.93070866141733, "h": 25.42204724409453}, {"y": 309.3417322834646, "x": 128.06929133858267, "structure_id": "Chf_2", "w": 315.9307086614173, "h": 25.65826771653542}, {"y": 345.1968503937008, "x": 128.06929133858267, "structure_id": "Chf_3", "w": 1461.381102362205, "h": 35.43307086614175}, {"y": 384.80314960629926, "x": 128.06929133858267, "structure_id": "Chf_4", "w": 1461.3779527559057, "h": 35.43307086614175}, {"y": 430.4724409448819, "x": 128.06929133858267, "structure_id": "Chf_5", "w": 1461.3803149606301, "h": 35.43307086614175}, {"y": 194.72755905511812, "x": 128.06929133858267, "structure_id": "Chf_6", "w": 72.93070866141733, "h": 25}, {"y": 194.72755905511812, "x": 223.1251968503937, "structure_id": "Chf_7", "w": 63.874803149606294, "h": 25}, {"y": 1001.1055118110237, "x": 128.93858267716536, "structure_id": "Chf_8", "w": 74.06141732283464, "h": 25}, {"y": 1001.1055118110237, "x": 225.92519685039372, "structure_id": "Chf_9", "w": 66.07480314960628, "h": 25}, {"y": 901.0913385826772, "x": 130.5448818897638, "structure_id": "Chf_10", "w": 73.45511811023621, "h": 25}, {"y": 901.0913385826772, "x": 225.59685039370078, "structure_id": "Chf_11", "w": 63.40314960629922, "h": 25}, {"y": 1472.61968503937, "x": 171.26692913385827, "structure_id": "Chf_12", "w": 230.73307086614173, "h": 26.380314960629903}, {"y": 1567.0582677165355, "x": 171.26692913385827, "structure_id": "Chf_13", "w": 372.7330708661417, "h": 25.94173228346449}, {"y": 1661.5086614173229, "x": 171.26692913385827, "structure_id": "Chf_14", "w": 316.7330708661417, "h": 26.491338582677145}, {"y": 1755.9496062992125, "x": 171.26692913385827, "structure_id": "Chf_15", "w": 69.73307086614173, "h": 26.05039370078748}, {"y": 1850.3968503937008, "x": 171.26692913385827, "structure_id": "Chf_16", "w": 59.73307086614173, "h": 25.603149606299212}, {"y": 1935.007874015748, "x": 171.26692913385827, "structure_id": "Chf_17", "w": 753.8220472440945, "h": 35.99212598425197}, {"y": 2030.8330708661417, "x": 171.26692913385827, "structure_id": "Chf_18", "w": 755.9472440944882, "h": 37.403149606299166}, {"y": 1395.7669291338582, "x": 132.36929133858268, "structure_id": "Chf_19", "w": 73.63070866141732, "h": 25}, {"y": 1395.7669291338582, "x": 227.42519685039372, "structure_id": "Chf_20", "w": 63.57480314960628, "h": 25}], "Field": [{"y": 53.63858267716535, "x": 83, "structure_id": "Fi_1", "w": 944.7858267716535, "h": 46.83307086614173}, {"y": 523, "x": 98, "structure_id": "Fi_2", "w": 1506.172440944882, "h": 310.21102362204726}, {"y": 1168.6307086614174, "x": 125, "structure_id": "Fi_3", "w": 690, "h": 37.438582677165186}, {"y": 1112, "x": 125, "structure_id": "Fi_4", "w": 344.7165354330708, "h": 35.377952755905426}, {"y": 1977.3858267716535, "x": 206, "structure_id": "Fi_5", "w": 247.51102362204722, "h": 35.433070866141634}, {"y": 1694.0551181102362, "x": 493, "structure_id": "Fi_6", "w": 1104.2913385826773, "h": 35.433070866141634}, {"y": 1599.6055118110237, "x": 206, "structure_id": "Fi_7", "w": 247.51102362204722, "h": 35.433070866141634}, {"y": 1694.0551181102362, "x": 206, "structure_id": "Fi_8", "w": 247.51102362204722, "h": 35.433070866141634}, {"y": 1505.1669291338583, "x": 493, "structure_id": "Fi_9", "w": 1104.2913385826773, "h": 35.433070866141634}, {"y": 1974.536220472441, "x": 493, "structure_id": "Fi_10", "w": 1099.0937007874018, "h": 35.433070866141634}, {"y": 2071.833070866142, "x": 206, "structure_id": "Fi_11", "w": 247.51102362204722, "h": 35.43307086614186}, {"y": 1882.88031496063, "x": 493, "structure_id": "Fi_12", "w": 1101.2220472440945, "h": 35.433070866141634}, {"y": 1505.1669291338583, "x": 206, "structure_id": "Fi_13", "w": 247.51102362204722, "h": 35.433070866141634}, {"y": 1599.6055118110237, "x": 493, "structure_id": "Fi_14", "w": 1104.2913385826773, "h": 35.433070866141634}, {"y": 1882.9448818897638, "x": 206, "structure_id": "Fi_15", "w": 247.51102362204722, "h": 35.433070866141634}, {"y": 1788.4976377952755, "x": 206, "structure_id": "Fi_16", "w": 247.51102362204722, "h": 35.433070866141634}, {"y": 1788.4976377952755, "x": 493, "structure_id": "Fi_17", "w": 1104.2913385826773, "h": 35.433070866141634}, {"y": 2068.3141732283466, "x": 493, "structure_id": "Fi_18", "w": 1099.0937007874018, "h": 35.43307086614186}], "TextRun": [{"parent_TextBlock": "Tb_1", "text": "PATIENT/VETERAN'S SOCIAL SECURITY NO.", "parent_Field": "Fi_1", "parent_Choice_Field": null, "parent_ChoiceGroup": null, "w": 417, "h": 19, "y": 79, "x": 83, "structure_id": "Tr_1"}, {"parent_TextBlock": "Tb_2", "text": "SECTION IV - ESOPHAGEAL STRICTURE, SPASM AND DIVERTICULA", "parent_Field": null, "parent_Choice_Field": null, "parent_ChoiceGroup": null, "w": 748, "h": 23, "y": 109, "x": 479, "structure_id": "Tr_2"}, {"parent_TextBlock": "Tb_3", "text": "If Yes, indicate severity of condition:", "parent_Field": null, "parent_Choice_Field": null, "parent_ChoiceGroup": "Chgp_1", "w": 310, "h": 19, "y": 240, "x": 128, "structure_id": "Tr_3"}, {"parent_TextBlock": "Tb_4", "text": "ASYMPTOMATIC", "parent_Field": null, "parent_Choice_Field": "Chf_1", "parent_ChoiceGroup": "Chgp_1", "w": 155, "h": 19, "y": 276, "x": 165, "structure_id": "Tr_4"}, {"parent_TextBlock": "Tb_5", "text": "NOT AMENABLE TO DILATION", "parent_Field": null, "parent_Choice_Field": "Chf_2", "parent_ChoiceGroup": "Chgp_1", "w": 279, "h": 19, "y": 316, "x": 165, "structure_id": "Tr_5"}, {"parent_TextBlock": "Tb_6", "text": "MILD   If checked, describe:", "parent_Field": null, "parent_Choice_Field": "Chf_3", "parent_ChoiceGroup": "Chgp_1", "w": 241, "h": 19, "y": 355, "x": 166, "structure_id": "Tr_6"}, {"parent_TextBlock": "Tb_7", "text": "MODERATE   If checked, describe:", "parent_Field": null, "parent_Choice_Field": "Chf_4", "parent_ChoiceGroup": "Chgp_1", "w": 305, "h": 20, "y": 398, "x": 166, "structure_id": "Tr_7"}, {"parent_TextBlock": "Tb_8", "text": "SEVERE, PERMITTING PASSAGE OF LIQUIDS ONLY    If checked, describe:", "parent_Field": null, "parent_Choice_Field": "Chf_5", "parent_ChoiceGroup": "Chgp_1", "w": 682, "h": 20, "y": 442, "x": 166, "structure_id": "Tr_8"}, {"parent_TextBlock": "Tb_9", "text": "4. DOES THE VETERAN HAVE AN ESOPHAGEAL STRICTURE, SPASM OF ESOPHAGUS (CARDIOSPASM OR ACHALASIA), OR AN ACQUIRED DIVERTICULUM OF", "parent_Field": null, "parent_Choice_Field": null, "parent_ChoiceGroup": "Chgp_2", "w": 1479, "h": 20, "y": 142, "x": 98, "structure_id": "Tr_9"}, {"parent_TextBlock": "Tb_9", "text": "THE ESOPHAGUS?", "parent_Field": null, "parent_Choice_Field": null, "parent_ChoiceGroup": "Chgp_2", "w": 200, "h": 19, "y": 166, "x": 98, "structure_id": "Tr_10"}, {"parent_TextBlock": "Tb_10", "text": "YES", "parent_Field": null, "parent_Choice_Field": "Chf_6", "parent_ChoiceGroup": "Chgp_2", "w": 39, "h": 19, "y": 199, "x": 162, "structure_id": "Tr_11"}, {"parent_TextBlock": "Tb_11", "text": "NO", "parent_Field": null, "parent_Choice_Field": "Chf_7", "parent_ChoiceGroup": "Chgp_2", "w": 29, "h": 19, "y": 199, "x": 258, "structure_id": "Tr_12"}, {"parent_TextBlock": "Tb_12", "text": "SECTION V - OTHER PERTINENT PHYSICAL FINDINGS, COMPLICATIONS, SIGNS AND/OR SYMPTOMS", "parent_Field": null, "parent_Choice_Field": null, "parent_ChoiceGroup": null, "w": 1087, "h": 22, "y": 492, "x": 308, "structure_id": "Tr_13"}, {"parent_TextBlock": "Tb_13", "text": "5A. DOES THE VETERAN HAVE ANY OTHER PERTINENT PHYSICAL FINDINGS, COMPLICATIONS, CONDITIONS, SIGNS AND/OR SYMPTOMS? IF YES, DESCRIBE", "parent_Field": "Fi_2", "parent_Choice_Field": null, "parent_ChoiceGroup": null, "w": 1486, "h": 19, "y": 523, "x": 98, "structure_id": "Tr_14"}, {"parent_TextBlock": "Tb_13", "text": "(brief summary)", "parent_Field": "Fi_2", "parent_Choice_Field": null, "parent_ChoiceGroup": null, "w": 143, "h": 22, "y": 542, "x": 131, "structure_id": "Tr_15"}, {"parent_TextBlock": "Tb_14", "parent_Field": "Fi_3", "parent_Choice_Field": null, "parent_ChoiceGroup": null, "w": 243.8976377952756, "h": 20, "y": 1184, "x": 125, "structure_id": "Tr_16"}, {"parent_TextBlock": "Tb_14", "parent_Field": "Fi_3", "parent_Choice_Field": null, "parent_ChoiceGroup": null, "w": 114.97795275590556, "h": 20, "y": 1184, "x": 518.3779527559055, "structure_id": "Tr_17"}, {"parent_TextBlock": "Tb_14", "parent_Field": "Fi_3", "parent_Choice_Field": null, "parent_ChoiceGroup": null, "w": 32.15511811023612, "h": 20, "y": 1184, "x": 782.8448818897639, "structure_id": "Tr_18"}, {"parent_TextBlock": "Tb_15", "text": "NOTE:", "parent_Field": null, "parent_Choice_Field": null, "parent_ChoiceGroup": null, "w": 71, "h": 19, "y": 1224, "x": 98, "structure_id": "Tr_19"}, {"parent_TextBlock": "Tb_15", "text": "An \"unstable scar\" is one where, for any reason, there is frequent loss of covering of the skin over the scar.  If there are multiple scars, enter additional locations and measurements", "parent_Field": null, "parent_Choice_Field": null, "parent_ChoiceGroup": null, "w": 1400, "h": 19, "y": 1224, "x": 169, "structure_id": "Tr_20"}, {"parent_TextBlock": "Tb_15", "text": "in the Remarks section below.  It is not necessary to also complete a Scars DBQ.", "parent_Field": null, "parent_Choice_Field": null, "parent_ChoiceGroup": null, "w": 628, "h": 19, "y": 1249, "x": 98, "structure_id": "Tr_21"}, {"parent_TextBlock": "Tb_16", "text": "LOCATION:", "parent_Field": "Fi_4", "parent_Choice_Field": null, "parent_ChoiceGroup": null, "w": 115, "h": 20, "y": 1127, "x": 125, "structure_id": "Tr_22"}, {"parent_TextBlock": "Tb_17", "text": "IF YES, ALSO COMPLETE VA FORM 21-0960F-1, SCARS/DISFIGUREMENT DISABILITY BENEFITS QUESTIONNAIRE.", "parent_Field": null, "parent_Choice_Field": null, "parent_ChoiceGroup": null, "w": 1074, "h": 19, "y": 1042, "x": 125, "structure_id": "Tr_23"}, {"parent_TextBlock": "Tb_18", "text": "IF NO, PROVIDE LOCATION AND MEASURMENTS OF SCAR IN CENTIMETERS", "parent_Field": null, "parent_Choice_Field": null, "parent_ChoiceGroup": null, "w": 730, "h": 20, "y": 1070, "x": 125, "structure_id": "Tr_24"}, {"parent_TextBlock": "Tb_19", "text": "IF YES, ARE ANY OF THESE SCARS PAINFUL OR UNSTABLE; HAVE A TOTAL AREA EQUAL TO OR GREATER THAN 39 SQUARE CM", "parent_Field": null, "parent_Choice_Field": null, "parent_ChoiceGroup": "Chgp_3", "w": 1223, "h": 19, "y": 937, "x": 124, "structure_id": "Tr_25"}, {"parent_TextBlock": "Tb_19", "text": "(6 square inches)", "parent_Field": null, "parent_Choice_Field": null, "parent_ChoiceGroup": "Chgp_3", "w": 133, "h": 19, "y": 937, "x": 1347, "structure_id": "Tr_26"}, {"parent_TextBlock": "Tb_19", "text": "; OR", "parent_Field": null, "parent_Choice_Field": null, "parent_ChoiceGroup": "Chgp_3", "w": 46, "h": 19, "y": 937, "x": 1480, "structure_id": "Tr_27"}, {"parent_TextBlock": "Tb_19", "text": "ARE LOCATED ON THE HEAD, FACE OR NECK?", "parent_Field": null, "parent_Choice_Field": null, "parent_ChoiceGroup": "Chgp_3", "w": 449, "h": 19, "y": 960, "x": 124, "structure_id": "Tr_28"}, {"parent_TextBlock": "Tb_20", "text": "YES", "parent_Field": null, "parent_Choice_Field": "Chf_8", "parent_ChoiceGroup": "Chgp_3", "w": 39, "h": 19, "y": 1006, "x": 164, "structure_id": "Tr_29"}, {"parent_TextBlock": "Tb_21", "text": "NO", "parent_Field": null, "parent_Choice_Field": "Chf_9", "parent_ChoiceGroup": "Chgp_3", "w": 29, "h": 19, "y": 1006, "x": 263, "structure_id": "Tr_30"}, {"parent_TextBlock": "Tb_22", "text": "5B. DOES THE VETERAN HAVE ANY SCARS (SURGICAL OR OTHERWISE) RELATED TO ANY CONDITIONS OR TO THE TREATMENT OF ANY CONDITIONS", "parent_Field": null, "parent_Choice_Field": null, "parent_ChoiceGroup": "Chgp_4", "w": 1429, "h": 20, "y": 842, "x": 103, "structure_id": "Tr_31"}, {"parent_TextBlock": "Tb_22", "text": "LISTED IN THE DIAGNOSIS SECTION?", "parent_Field": null, "parent_Choice_Field": null, "parent_ChoiceGroup": "Chgp_4", "w": 385, "h": 19, "y": 866, "x": 103, "structure_id": "Tr_32"}, {"parent_TextBlock": "Tb_23", "text": "YES", "parent_Field": null, "parent_Choice_Field": "Chf_10", "parent_ChoiceGroup": "Chgp_4", "w": 39, "h": 20, "y": 905, "x": 165, "structure_id": "Tr_33"}, {"parent_TextBlock": "Tb_24", "text": "NO", "parent_Field": null, "parent_Choice_Field": "Chf_11", "parent_ChoiceGroup": "Chgp_4", "w": 29, "h": 20, "y": 905, "x": 260, "structure_id": "Tr_34"}, {"parent_TextBlock": "Tb_25", "text": "SECTION VI - DIAGNOSTIC TESTING", "parent_Field": null, "parent_Choice_Field": null, "parent_ChoiceGroup": null, "w": 387, "h": 22, "y": 1288, "x": 658, "structure_id": "Tr_35"}, {"parent_TextBlock": "Tb_26", "text": "Date:", "parent_Field": "Fi_5", "parent_Choice_Field": null, "parent_ChoiceGroup": null, "w": 46, "h": 19, "y": 1989, "x": 206, "structure_id": "Tr_36"}, {"parent_TextBlock": "Tb_27", "text": "Results:", "parent_Field": "Fi_6", "parent_Choice_Field": null, "parent_ChoiceGroup": null, "w": 71, "h": 20, "y": 1705, "x": 493, "structure_id": "Tr_37"}, {"parent_TextBlock": "Tb_28", "text": "Date:", "parent_Field": "Fi_7", "parent_Choice_Field": null, "parent_ChoiceGroup": null, "w": 46, "h": 19, "y": 1611, "x": 206, "structure_id": "Tr_38"}, {"parent_TextBlock": "Tb_29", "text": "Note:\u00c2\u00a0If testing has been performed and reflects veteran's current condition, no further testing is required for this examination report.", "parent_Field": null, "parent_Choice_Field": null, "parent_ChoiceGroup": null, "w": 1326, "h": 25, "y": 1323, "x": 99, "structure_id": "Tr_39"}, {"parent_TextBlock": "Tb_30", "text": "Date:", "parent_Field": "Fi_8", "parent_Choice_Field": null, "parent_ChoiceGroup": null, "w": 46, "h": 20, "y": 1705, "x": 206, "structure_id": "Tr_40"}, {"parent_TextBlock": "Tb_31", "text": "Results:", "parent_Field": "Fi_9", "parent_Choice_Field": null, "parent_ChoiceGroup": null, "w": 71, "h": 19, "y": 1517, "x": 493, "structure_id": "Tr_41"}, {"parent_TextBlock": "Tb_32", "text": "Results:", "parent_Field": "Fi_10", "parent_Choice_Field": null, "parent_ChoiceGroup": null, "w": 71, "h": 19, "y": 1989, "x": 493, "structure_id": "Tr_42"}, {"parent_TextBlock": "Tb_33", "text": "Date:", "parent_Field": "Fi_11", "parent_Choice_Field": null, "parent_ChoiceGroup": null, "w": 46, "h": 20, "y": 2083, "x": 206, "structure_id": "Tr_43"}, {"parent_TextBlock": "Tb_34", "text": "Results:", "parent_Field": "Fi_12", "parent_Choice_Field": null, "parent_ChoiceGroup": null, "w": 71, "h": 20, "y": 1894, "x": 493, "structure_id": "Tr_44"}, {"parent_TextBlock": "Tb_35", "text": "Date:", "parent_Field": "Fi_13", "parent_Choice_Field": null, "parent_ChoiceGroup": null, "w": 46, "h": 19, "y": 1517, "x": 206, "structure_id": "Tr_45"}, {"parent_TextBlock": "Tb_36", "text": "Results:", "parent_Field": "Fi_14", "parent_Choice_Field": null, "parent_ChoiceGroup": null, "w": 71, "h": 19, "y": 1611, "x": 493, "structure_id": "Tr_46"}, {"parent_TextBlock": "Tb_37", "text": "Date:", "parent_Field": "Fi_15", "parent_Choice_Field": null, "parent_ChoiceGroup": null, "w": 46, "h": 20, "y": 1894, "x": 206, "structure_id": "Tr_47"}, {"parent_TextBlock": "Tb_38", "text": "Date:", "parent_Field": "Fi_16", "parent_Choice_Field": null, "parent_ChoiceGroup": null, "w": 46, "h": 19, "y": 1800, "x": 206, "structure_id": "Tr_48"}, {"parent_TextBlock": "Tb_39", "text": "Results:", "parent_Field": "Fi_17", "parent_Choice_Field": null, "parent_ChoiceGroup": null, "w": 71, "h": 19, "y": 1800, "x": 493, "structure_id": "Tr_49"}, {"parent_TextBlock": "Tb_40", "text": "Results:", "parent_Field": "Fi_18", "parent_Choice_Field": null, "parent_ChoiceGroup": null, "w": 71, "h": 20, "y": 2083, "x": 493, "structure_id": "Tr_50"}, {"parent_TextBlock": "Tb_41", "text": "If Yes, check all that apply:", "parent_Field": null, "parent_Choice_Field": null, "parent_ChoiceGroup": "Chgp_5", "w": 231, "h": 19, "y": 1437, "x": 130, "structure_id": "Tr_51"}, {"parent_TextBlock": "Tb_42", "text": "UPPER ENDOSCOPY", "parent_Field": null, "parent_Choice_Field": "Chf_12", "parent_ChoiceGroup": "Chgp_5", "w": 196, "h": 20, "y": 1479, "x": 206, "structure_id": "Tr_52"}, {"parent_TextBlock": "Tb_43", "text": "UPPER GI RADIOGRAPHIC STUDIES", "parent_Field": null, "parent_Choice_Field": "Chf_13", "parent_ChoiceGroup": "Chgp_5", "w": 338, "h": 19, "y": 1574, "x": 206, "structure_id": "Tr_53"}, {"parent_TextBlock": "Tb_44", "text": "ESOPHAGRAM", "parent_Field": null, "parent_Choice_Field": "Chf_14", "parent_ChoiceGroup": "Chgp_5", "w": 144, "h": 20, "y": 1668, "x": 206, "structure_id": "Tr_54"}, {"parent_TextBlock": "Tb_44", "text": "(barium swallow)", "parent_Field": null, "parent_Choice_Field": "Chf_14", "parent_ChoiceGroup": "Chgp_5", "w": 138, "h": 20, "y": 1668, "x": 350, "structure_id": "Tr_55"}, {"parent_TextBlock": "Tb_45", "text": "MRI", "parent_Field": null, "parent_Choice_Field": "Chf_15", "parent_ChoiceGroup": "Chgp_5", "w": 35, "h": 19, "y": 1763, "x": 206, "structure_id": "Tr_56"}, {"parent_TextBlock": "Tb_46", "text": "CT", "parent_Field": null, "parent_Choice_Field": "Chf_16", "parent_ChoiceGroup": "Chgp_5", "w": 25, "h": 19, "y": 1857, "x": 206, "structure_id": "Tr_57"}, {"parent_TextBlock": "Tb_47", "text": "BIOPSY, SPECIFY SITE:", "parent_Field": null, "parent_Choice_Field": "Chf_17", "parent_ChoiceGroup": "Chgp_5", "w": 220, "h": 20, "y": 1951, "x": 206, "structure_id": "Tr_58"}, {"parent_TextBlock": "Tb_48", "text": "OTHER, SPECIFY:", "parent_Field": null, "parent_Choice_Field": "Chf_18", "parent_ChoiceGroup": "Chgp_5", "w": 167, "h": 19, "y": 2046, "x": 206, "structure_id": "Tr_59"}, {"parent_TextBlock": "Tb_49", "text": "6A. HAVE DIAGNOSTIC IMAGING STUDIES OR OTHER DIAGNOSTIC PROCEDURES BEEN PERFORMED?", "parent_Field": null, "parent_Choice_Field": null, "parent_ChoiceGroup": "Chgp_6", "w": 969, "h": 19, "y": 1364, "x": 100, "structure_id": "Tr_60"}, {"parent_TextBlock": "Tb_50", "text": "YES", "parent_Field": null, "parent_Choice_Field": "Chf_19", "parent_ChoiceGroup": "Chgp_6", "w": 39, "h": 19, "y": 1400, "x": 167, "structure_id": "Tr_61"}, {"parent_TextBlock": "Tb_51", "text": "NO", "parent_Field": null, "parent_Choice_Field": "Chf_20", "parent_ChoiceGroup": "Chgp_6", "w": 29, "h": 19, "y": 1400, "x": 262, "structure_id": "Tr_62"}, {"parent_TextBlock": "Tb_52", "text": "VA\u00c2\u00a0FORM 21-0960G-1, SEP 2016", "parent_Field": null, "parent_Choice_Field": null, "parent_ChoiceGroup": null, "w": 296, "h": 19, "y": 2124, "x": 90, "structure_id": "Tr_63"}, {"parent_TextBlock": "Tb_53", "text": "Page 3", "parent_Field": null, "parent_Choice_Field": null, "parent_ChoiceGroup": null, "w": 70, "h": 22, "y": 2122, "x": 1549, "structure_id": "Tr_64"}], "ChoiceGroup": [{"y": 236.03125, "x": 118, "structure_id": "Chgp_1", "w": 1478, "h": 234}, {"y": 137.03125, "x": 91, "structure_id": "Chgp_2", "w": 1517, "h": 342}, {"y": 931.03125, "x": 118, "structure_id": "Chgp_3", "w": 1413, "h": 102}, {"y": 838.03125, "x": 93, "structure_id": "Chgp_4", "w": 1459, "h": 201}, {"y": 1433.03125, "x": 124, "structure_id": "Chgp_5", "w": 1484, "h": 675.4664120633752}, {"y": 1355.03125, "x": 88, "structure_id": "Chgp_6", "w": 1527, "h": 757.4859717340646}]}