{"Widget": [{"parent_Field": "Fi_1", "parent_Choice_Field": null, "parent_ChoiceGroup": null, "w": 600.6913385826772, "h": 49.33070866141732, "y": 1454.5582677165353, "x": 118.63858267716536, "structure_id": "Wi_1"}, {"parent_Field": "Fi_2", "parent_Choice_Field": null, "parent_ChoiceGroup": null, "w": 213.15590551181103, "h": 44.9748031496063, "y": 1897.716535433071, "x": 1041.6385826771655, "structure_id": "Wi_2"}, {"parent_Field": "Fi_3", "parent_Choice_Field": null, "parent_ChoiceGroup": null, "w": 260.54488188976376, "h": 49.33070866141732, "y": 1210.4976377952755, "x": 737.4637795275592, "structure_id": "Wi_3"}, {"parent_Field": "Fi_4", "parent_Choice_Field": null, "parent_ChoiceGroup": null, "w": 635.9023622047245, "h": 145.98346456692914, "y": 1446.0551181102362, "x": 753.5275590551181, "structure_id": "Wi_4"}, {"parent_Field": "Fi_5", "parent_Choice_Field": null, "parent_ChoiceGroup": null, "w": 597.1496062992126, "h": 49.33070866141732, "y": 1210.4976377952755, "x": 118.63858267716536, "structure_id": "Wi_5"}, {"parent_Field": "Fi_6", "parent_Choice_Field": null, "parent_ChoiceGroup": null, "w": 404.1023622047244, "h": 49.33070866141732, "y": 1539.4637795275592, "x": 118.63858267716536, "structure_id": "Wi_6"}, {"parent_Field": "Fi_7", "parent_Choice_Field": null, "parent_ChoiceGroup": null, "w": 213.15590551181103, "h": 44.9748031496063, "y": 1213.11968503937, "x": 1371.3779527559054, "structure_id": "Wi_7"}, {"parent_Field": "Fi_8", "parent_Choice_Field": null, "parent_ChoiceGroup": null, "w": 307.56692913385825, "h": 49.33070866141732, "y": 1210.4976377952755, "x": 1033.763779527559, "structure_id": "Wi_8"}, {"parent_Field": "Fi_9", "parent_Choice_Field": null, "parent_ChoiceGroup": null, "w": 858, "h": 75, "y": 1868.03125, "x": 123, "structure_id": "Wi_9"}, {"parent_Field": null, "parent_Choice_Field": "Chf_1", "parent_ChoiceGroup": "Chgp_1", "w": 27.777952755905513, "h": 27.777952755905513, "y": 1293.988976377953, "x": 147.55275590551182, "structure_id": "Wi_10"}, {"parent_Field": null, "parent_Choice_Field": "Chf_1", "parent_ChoiceGroup": "Chgp_1", "w": 336.5275590551181, "h": 49.33070866141732, "y": 1283.7251968503938, "x": 486.11102362204724, "structure_id": "Wi_11"}, {"parent_Field": null, "parent_Choice_Field": "Chf_2", "parent_ChoiceGroup": "Chgp_1", "w": 27.777952755905513, "h": 27.777952755905513, "y": 1293.988976377953, "x": 883.363779527559, "structure_id": "Wi_12"}, {"parent_Field": null, "parent_Choice_Field": "Chf_3", "parent_ChoiceGroup": "Chgp_1", "w": 27.777952755905513, "h": 27.777952755905513, "y": 1293.988976377953, "x": 1045.6692913385828, "structure_id": "Wi_13"}, {"parent_Field": null, "parent_Choice_Field": "Chf_4", "parent_ChoiceGroup": "Chgp_2", "w": 27.777952755905513, "h": 27.777952755905513, "y": 1377.736220472441, "x": 147.55275590551182, "structure_id": "Wi_14"}, {"parent_Field": null, "parent_Choice_Field": "Chf_5", "parent_ChoiceGroup": "Chgp_2", "w": 27.777952755905513, "h": 27.777952755905513, "y": 1377.736220472441, "x": 591.6614173228346, "structure_id": "Wi_15"}], "TextBlock": [{"parent_Field": null, "parent_Choice_Field": null, "parent_ChoiceGroup": null, "w": 327, "h": 39, "y": 89, "x": 1269, "structure_id": "Tb_1"}, {"parent_Field": null, "parent_Choice_Field": null, "parent_ChoiceGroup": null, "w": 141, "h": 33, "y": 2042, "x": 212, "structure_id": "Tb_2"}, {"parent_Field": null, "parent_Choice_Field": null, "parent_ChoiceGroup": null, "w": 1447, "h": 173, "y": 302, "x": 124, "structure_id": "Tb_3"}, {"parent_Field": null, "parent_Choice_Field": null, "parent_ChoiceGroup": null, "w": 1459, "h": 198, "y": 502, "x": 124, "structure_id": "Tb_4"}, {"parent_Field": null, "parent_Choice_Field": null, "parent_ChoiceGroup": null, "w": 834, "h": 34, "y": 711, "x": 432, "structure_id": "Tb_5"}, {"parent_Field": "Fi_1", "parent_Choice_Field": null, "parent_ChoiceGroup": null, "w": 567, "h": 20, "y": 1426, "x": 110, "structure_id": "Tb_6"}, {"parent_Field": "Fi_2", "parent_Choice_Field": null, "parent_ChoiceGroup": null, "w": 84, "h": 19, "y": 1838, "x": 1025, "structure_id": "Tb_7"}, {"parent_Field": null, "parent_Choice_Field": null, "parent_ChoiceGroup": null, "w": 1403, "h": 50, "y": 1965, "x": 118, "structure_id": "Tb_8"}, {"parent_Field": "Fi_3", "parent_Choice_Field": null, "parent_ChoiceGroup": null, "w": 287, "h": 19, "y": 1193, "x": 728, "structure_id": "Tb_9"}, {"parent_Field": "Fi_4", "parent_Choice_Field": null, "parent_ChoiceGroup": null, "w": 115, "h": 20, "y": 1426, "x": 737, "structure_id": "Tb_10"}, {"parent_Field": "Fi_5", "parent_Choice_Field": null, "parent_ChoiceGroup": null, "w": 319, "h": 19, "y": 1193, "x": 110, "structure_id": "Tb_11"}, {"parent_Field": "Fi_6", "parent_Choice_Field": null, "parent_ChoiceGroup": null, "w": 229, "h": 19, "y": 1520, "x": 110, "structure_id": "Tb_12"}, {"parent_Field": "Fi_7", "parent_Choice_Field": null, "parent_ChoiceGroup": null, "w": 178, "h": 19, "y": 1193, "x": 1356, "structure_id": "Tb_13"}, {"parent_Field": "Fi_8", "parent_Choice_Field": null, "parent_ChoiceGroup": null, "w": 196, "h": 19, "y": 1193, "x": 1025, "structure_id": "Tb_14"}, {"parent_Field": null, "parent_Choice_Field": null, "parent_ChoiceGroup": null, "w": 1422, "h": 124, "y": 750, "x": 124, "structure_id": "Tb_15"}, {"parent_Field": null, "parent_Choice_Field": null, "parent_ChoiceGroup": null, "w": 1452, "h": 174, "y": 900, "x": 124, "structure_id": "Tb_16"}, {"parent_Field": null, "parent_Choice_Field": null, "parent_ChoiceGroup": null, "w": 1459, "h": 74, "y": 1100, "x": 124, "structure_id": "Tb_17"}, {"parent_Field": null, "parent_Choice_Field": null, "parent_ChoiceGroup": null, "w": 1442, "h": 74, "y": 1601, "x": 124, "structure_id": "Tb_18"}, {"parent_Field": null, "parent_Choice_Field": null, "parent_ChoiceGroup": null, "w": 1339, "h": 48, "y": 1676.03125, "x": 165, "structure_id": "Tb_19"}, {"parent_Field": null, "parent_Choice_Field": null, "parent_ChoiceGroup": null, "w": 10, "h": 25, "y": 1678.03125, "x": 150, "structure_id": "Tb_20"}, {"parent_Field": null, "parent_Choice_Field": null, "parent_ChoiceGroup": null, "w": 1343, "h": 51, "y": 1723.03125, "x": 163, "structure_id": "Tb_21"}, {"parent_Field": null, "parent_Choice_Field": null, "parent_ChoiceGroup": null, "w": 10, "h": 30, "y": 1724.03125, "x": 150, "structure_id": "Tb_22"}, {"parent_Field": null, "parent_Choice_Field": null, "parent_ChoiceGroup": null, "w": 1315, "h": 52, "y": 1774.03125, "x": 162, "structure_id": "Tb_23"}, {"parent_Field": null, "parent_Choice_Field": null, "parent_ChoiceGroup": null, "w": 10, "h": 24, "y": 1777.03125, "x": 150, "structure_id": "Tb_24"}, {"parent_Field": "Fi_9", "parent_Choice_Field": null, "parent_ChoiceGroup": null, "w": 518, "h": 19, "y": 1838, "x": 110, "structure_id": "Tb_25"}, {"parent_Field": null, "parent_Choice_Field": null, "parent_ChoiceGroup": "Chgp_1", "w": 425, "h": 20, "y": 1267, "x": 110, "structure_id": "Tb_26"}, {"parent_Field": null, "parent_Choice_Field": "Chf_1", "parent_ChoiceGroup": "Chgp_1", "w": 289, "h": 20, "y": 1298, "x": 186, "structure_id": "Tb_27"}, {"parent_Field": null, "parent_Choice_Field": "Chf_2", "parent_ChoiceGroup": "Chgp_1", "w": 29, "h": 20, "y": 1298, "x": 922, "structure_id": "Tb_28"}, {"parent_Field": null, "parent_Choice_Field": "Chf_3", "parent_ChoiceGroup": "Chgp_1", "w": 125, "h": 20, "y": 1298, "x": 1084, "structure_id": "Tb_29"}, {"parent_Field": null, "parent_Choice_Field": null, "parent_ChoiceGroup": "Chgp_2", "w": 676, "h": 19, "y": 1345, "x": 112, "structure_id": "Tb_30"}, {"parent_Field": null, "parent_Choice_Field": "Chf_4", "parent_ChoiceGroup": "Chgp_2", "w": 352, "h": 19, "y": 1382, "x": 186, "structure_id": "Tb_31"}, {"parent_Field": null, "parent_Choice_Field": "Chf_5", "parent_ChoiceGroup": "Chgp_2", "w": 29, "h": 19, "y": 1382, "x": 630, "structure_id": "Tb_32"}, {"parent_Field": null, "parent_Choice_Field": null, "parent_ChoiceGroup": null, "w": 1448, "h": 70, "y": 221, "x": 125, "structure_id": "Tb_33"}, {"parent_Field": null, "parent_Choice_Field": null, "parent_ChoiceGroup": null, "w": 90, "h": 43, "y": 2036, "x": 106, "structure_id": "Tb_34"}, {"parent_Field": null, "parent_Choice_Field": null, "parent_ChoiceGroup": null, "w": 498, "h": 22, "y": 2040, "x": 601, "structure_id": "Tb_35"}], "Choice_Field": [{"y": 1283.7251968503938, "x": 147.55275590551182, "structure_id": "Chf_1", "w": 675.0858267716535, "h": 49.33070866141725}, {"y": 1293.988976377953, "x": 883.363779527559, "structure_id": "Chf_2", "w": 67.63622047244098, "h": 27.777952755905517}, {"y": 1293.988976377953, "x": 1045.6692913385828, "structure_id": "Chf_3", "w": 163.33070866141725, "h": 27.777952755905517}, {"y": 1377.736220472441, "x": 147.55275590551182, "structure_id": "Chf_4", "w": 390.44724409448816, "h": 27.777952755905517}, {"y": 1377.736220472441, "x": 591.6614173228346, "structure_id": "Chf_5", "w": 67.33858267716539, "h": 27.777952755905517}], "Field": [{"y": 1426, "x": 110, "structure_id": "Fi_1", "w": 609.3299212598425, "h": 77.88897637795253}, {"y": 1838, "x": 1025, "structure_id": "Fi_2", "w": 229.7944881889764, "h": 104.69133858267719}, {"y": 1193, "x": 728, "structure_id": "Fi_3", "w": 287, "h": 66.82834645669277}, {"y": 1426, "x": 737, "structure_id": "Fi_4", "w": 652.4299212598426, "h": 166.03858267716532}, {"y": 1193, "x": 110, "structure_id": "Fi_5", "w": 605.7881889763779, "h": 66.82834645669277}, {"y": 1520, "x": 110, "structure_id": "Fi_6", "w": 412.74094488188973, "h": 68.7944881889764}, {"y": 1193, "x": 1356, "structure_id": "Fi_7", "w": 228.53385826771637, "h": 65.09448818897636}, {"y": 1193, "x": 1025, "structure_id": "Fi_8", "w": 316.33070866141725, "h": 66.82834645669277}, {"y": 1838, "x": 110, "structure_id": "Fi_9", "w": 871, "h": 105.03125}], "TextRun": [{"parent_TextBlock": "Tb_1", "text": "Form Approved, OMB No. 2900-0799", "parent_Field": null, "parent_Choice_Field": null, "parent_ChoiceGroup": null, "w": 327, "h": 20, "y": 89, "x": 1269, "structure_id": "Tr_1"}, {"parent_TextBlock": "Tb_1", "text": "Respondent Burden: 15 minutes", "parent_Field": null, "parent_Choice_Field": null, "parent_ChoiceGroup": null, "w": 279, "h": 19, "y": 109, "x": 1269, "structure_id": "Tr_2"}, {"parent_TextBlock": "Tb_2", "text": "40-10088", "parent_Field": null, "parent_Choice_Field": null, "parent_ChoiceGroup": null, "w": 141, "h": 33, "y": 2042, "x": 212, "structure_id": "Tr_3"}, {"parent_TextBlock": "Tb_3", "text": "RESPONDENT BURDEN  : Public reporting burden for this collection of information is estimated to average 15 minutes per response.  Statutory", "parent_Field": null, "parent_Choice_Field": null, "parent_ChoiceGroup": null, "w": 1385, "h": 23, "y": 302, "x": 124, "structure_id": "Tr_4"}, {"parent_TextBlock": "Tb_3", "text": "authority for burial in a VA national cemetery is 38 U.S.C. 2402 with consideration of statutory bars to burial under 38 U.S.C. 2411.  Statutory authority", "parent_Field": null, "parent_Choice_Field": null, "parent_ChoiceGroup": null, "w": 1447, "h": 23, "y": 327, "x": 124, "structure_id": "Tr_5"}, {"parent_TextBlock": "Tb_3", "text": "for casket or urn reimbursement is 38 U.S.C. 2306,  effective January 10, 2014,  for deaths occurring on or after January 10, 2014  The information", "parent_Field": null, "parent_Choice_Field": null, "parent_ChoiceGroup": null, "w": 1426, "h": 23, "y": 352, "x": 124, "structure_id": "Tr_6"}, {"parent_TextBlock": "Tb_3", "text": "requested is approved under OMB Control Number 2900-0799, and is necessary to allow a person authorized to arrange for burial for the decedent to", "parent_Field": null, "parent_Choice_Field": null, "parent_ChoiceGroup": null, "w": 1417, "h": 23, "y": 377, "x": 124, "structure_id": "Tr_7"}, {"parent_TextBlock": "Tb_3", "text": "request burial in a VA national cemetery.  The National Cemetery Administration does not give, sell or transfer any personal information outside of the", "parent_Field": null, "parent_Choice_Field": null, "parent_ChoiceGroup": null, "w": 1436, "h": 23, "y": 402, "x": 124, "structure_id": "Tr_8"}, {"parent_TextBlock": "Tb_3", "text": "agency.  VA may not conduct or sponsor, and you are not required to respond to this collection of information unless it displays a valid OMB Control", "parent_Field": null, "parent_Choice_Field": null, "parent_ChoiceGroup": null, "w": 1421, "h": 23, "y": 427, "x": 124, "structure_id": "Tr_9"}, {"parent_TextBlock": "Tb_3", "text": "Number.  Responding to this collection is voluntary.", "parent_Field": null, "parent_Choice_Field": null, "parent_ChoiceGroup": null, "w": 495, "h": 23, "y": 452, "x": 124, "structure_id": "Tr_10"}, {"parent_TextBlock": "Tb_4", "text": "PRIVACY ACT INFORMATION:  VA is asking you to provide the information on this form under 38 U.S.C. Sections 2402 and 2306 in order for VA", "parent_Field": null, "parent_Choice_Field": null, "parent_ChoiceGroup": null, "w": 1450, "h": 23, "y": 502, "x": 124, "structure_id": "Tr_11"}, {"parent_TextBlock": "Tb_4", "text": "to determine burial eligibility of the deceased Veteran and to obtain information sufficient to provide reimbursement for the purchase of a casket or an", "parent_Field": null, "parent_Choice_Field": null, "parent_ChoiceGroup": null, "w": 1425, "h": 23, "y": 527, "x": 124, "structure_id": "Tr_12"}, {"parent_TextBlock": "Tb_4", "text": "urn, if that Veteran has no next-of-kin and insufficient resources for burial.\u00c2\u00a0 VA may disclose the information that you put on the form as permitted by", "parent_Field": null, "parent_Choice_Field": null, "parent_ChoiceGroup": null, "w": 1426, "h": 23, "y": 552, "x": 124, "structure_id": "Tr_13"}, {"parent_TextBlock": "Tb_4", "text": "law. VA may make a \"routine use\" disclosure of the information as outlined in the applicable Privacy Act system of records notice (48VA40B, Veterans", "parent_Field": null, "parent_Choice_Field": null, "parent_ChoiceGroup": null, "w": 1446, "h": 23, "y": 577, "x": 124, "structure_id": "Tr_14"}, {"parent_TextBlock": "Tb_4", "text": "(Deceased) Headstone or Marker Records  - VA, as published in the Federal Register on August 26, 1975, (40 FR 38095)). Providing the requested", "parent_Field": null, "parent_Choice_Field": null, "parent_ChoiceGroup": null, "w": 1398, "h": 23, "y": 602, "x": 124, "structure_id": "Tr_15"}, {"parent_TextBlock": "Tb_4", "text": "information is voluntary, but if any or all of the requested information is not provided, it may delay or result in denial of your request for reimbursement.", "parent_Field": null, "parent_Choice_Field": null, "parent_ChoiceGroup": null, "w": 1450, "h": 23, "y": 627, "x": 124, "structure_id": "Tr_16"}, {"parent_TextBlock": "Tb_4", "text": "VA may also use this information to identify Veterans and persons claiming or receiving VA benefits and their records, and for other purposes authorized", "parent_Field": null, "parent_Choice_Field": null, "parent_ChoiceGroup": null, "w": 1459, "h": 23, "y": 652, "x": 124, "structure_id": "Tr_17"}, {"parent_TextBlock": "Tb_4", "text": "or required by law.", "parent_Field": null, "parent_Choice_Field": null, "parent_ChoiceGroup": null, "w": 179, "h": 23, "y": 677, "x": 124, "structure_id": "Tr_18"}, {"parent_TextBlock": "Tb_5", "text": "PART I - INSTRUCTIONS FOR REQUESTING BURIAL", "parent_Field": null, "parent_Choice_Field": null, "parent_ChoiceGroup": null, "w": 834, "h": 34, "y": 711, "x": 432, "structure_id": "Tr_19"}, {"parent_TextBlock": "Tb_6", "text": "7. NAME OF FUNERAL HOME REPRESENTATIVE", "parent_Field": "Fi_1", "parent_Choice_Field": null, "parent_ChoiceGroup": null, "w": 456, "h": 20, "y": 1426, "x": 110, "structure_id": "Tr_20"}, {"parent_TextBlock": "Tb_6", "text": "(If applicable)", "parent_Field": "Fi_1", "parent_Choice_Field": null, "parent_ChoiceGroup": null, "w": 111, "h": 19, "y": 1427, "x": 566, "structure_id": "Tr_21"}, {"parent_TextBlock": "Tb_7", "text": "11. DATE", "parent_Field": "Fi_2", "parent_Choice_Field": null, "parent_ChoiceGroup": null, "w": 84, "h": 19, "y": 1838, "x": 1025, "structure_id": "Tr_22"}, {"parent_TextBlock": "Tb_8", "text": "PENALTY -", "parent_Field": null, "parent_Choice_Field": null, "parent_ChoiceGroup": null, "w": 134, "h": 25, "y": 1965, "x": 118, "structure_id": "Tr_23"}, {"parent_TextBlock": "Tb_8", "text": "The law provides severe penalties, which include fine or imprisonment, or both, for the willful submission of any statement or", "parent_Field": null, "parent_Choice_Field": null, "parent_ChoiceGroup": null, "w": 1269, "h": 25, "y": 1965, "x": 252, "structure_id": "Tr_24"}, {"parent_TextBlock": "Tb_8", "text": "evidence of a material fact, knowing it to be false, or for the fraudulent acceptance of any benefit to which you are not entitled.", "parent_Field": null, "parent_Choice_Field": null, "parent_ChoiceGroup": null, "w": 1269, "h": 25, "y": 1990, "x": 118, "structure_id": "Tr_25"}, {"parent_TextBlock": "Tb_9", "text": "2. SOCIAL SECURITY NUMBER", "parent_Field": "Fi_3", "parent_Choice_Field": null, "parent_ChoiceGroup": null, "w": 287, "h": 19, "y": 1193, "x": 728, "structure_id": "Tr_26"}, {"parent_TextBlock": "Tb_10", "text": "9. ADDRESS", "parent_Field": "Fi_4", "parent_Choice_Field": null, "parent_ChoiceGroup": null, "w": 115, "h": 20, "y": 1426, "x": 737, "structure_id": "Tr_27"}, {"parent_TextBlock": "Tb_11", "text": "1. NAME OF DECEASED VETERAN", "parent_Field": "Fi_5", "parent_Choice_Field": null, "parent_ChoiceGroup": null, "w": 319, "h": 19, "y": 1193, "x": 110, "structure_id": "Tr_28"}, {"parent_TextBlock": "Tb_12", "text": "8. TELEPHONE NUMBER", "parent_Field": "Fi_6", "parent_Choice_Field": null, "parent_ChoiceGroup": null, "w": 229, "h": 19, "y": 1520, "x": 110, "structure_id": "Tr_29"}, {"parent_TextBlock": "Tb_13", "text": "4. DATE OF DEATH", "parent_Field": "Fi_7", "parent_Choice_Field": null, "parent_ChoiceGroup": null, "w": 178, "h": 19, "y": 1193, "x": 1356, "structure_id": "Tr_30"}, {"parent_TextBlock": "Tb_14", "text": "3. SERVICE NUMBER", "parent_Field": "Fi_8", "parent_Choice_Field": null, "parent_ChoiceGroup": null, "w": 196, "h": 19, "y": 1193, "x": 1025, "structure_id": "Tr_31"}, {"parent_TextBlock": "Tb_15", "text": "APPLICABILITY:  VA must first establish eligibility for burial for a deceased Veteran in a VA national cemetery prior to adjudicating a request for", "parent_Field": null, "parent_Choice_Field": null, "parent_ChoiceGroup": null, "w": 1422, "h": 24, "y": 750, "x": 124, "structure_id": "Tr_32"}, {"parent_TextBlock": "Tb_15", "text": "casket/urn reimbursement.  VA determinations about a Veteran's burial eligibility are distinct from determinations about entitlement to a claimed", "parent_Field": null, "parent_Choice_Field": null, "parent_ChoiceGroup": null, "w": 1376, "h": 24, "y": 775, "x": 124, "structure_id": "Tr_33"}, {"parent_TextBlock": "Tb_15", "text": "reimbursement.  The eligibility criteria for reimbursement for casket and urns are stated in 38 U.S.C. \u00c2\u00a72306, effective January 10, 2014, and applies to", "parent_Field": null, "parent_Choice_Field": null, "parent_ChoiceGroup": null, "w": 1421, "h": 24, "y": 800, "x": 124, "structure_id": "Tr_34"}, {"parent_TextBlock": "Tb_15", "text": "deaths occurring on or after January 10, 2014  .  The claimant establishing burial eligibility may be a different entity from the claimant requesting", "parent_Field": null, "parent_Choice_Field": null, "parent_ChoiceGroup": null, "w": 1402, "h": 24, "y": 825, "x": 124, "structure_id": "Tr_35"}, {"parent_TextBlock": "Tb_15", "text": "reimbursement.", "parent_Field": null, "parent_Choice_Field": null, "parent_ChoiceGroup": null, "w": 147, "h": 24, "y": 850, "x": 124, "structure_id": "Tr_36"}, {"parent_TextBlock": "Tb_16", "text": "INSTRUCTIONS FOR PART I TO ESTABLISH BURIAL ELIGIBILITY:  Type or print clearly all information.  This part serves as a means for", "parent_Field": null, "parent_Choice_Field": null, "parent_ChoiceGroup": null, "w": 1431, "h": 24, "y": 900, "x": 124, "structure_id": "Tr_37"}, {"parent_TextBlock": "Tb_16", "text": "applicants to certify information that is necessary to determine the decedent's eligibility for burial in a VA national cemetery.  Applicants must: (1)", "parent_Field": null, "parent_Choice_Field": null, "parent_ChoiceGroup": null, "w": 1393, "h": 24, "y": 925, "x": 124, "structure_id": "Tr_38"}, {"parent_TextBlock": "Tb_16", "text": "complete and sign this part then fax, email or mail the signed part (first page) and any military service discharge documents to the National Cemetery", "parent_Field": null, "parent_Choice_Field": null, "parent_ChoiceGroup": null, "w": 1417, "h": 24, "y": 950, "x": 124, "structure_id": "Tr_39"}, {"parent_TextBlock": "Tb_16", "text": "Scheduling Office (NCSO) at  1-866-900-6417 or", "parent_Field": null, "parent_Choice_Field": null, "parent_ChoiceGroup": null, "w": 473, "h": 24, "y": 975, "x": 124, "structure_id": "Tr_40"}, {"parent_TextBlock": "Tb_16", "text": "NCA.Scheduling@va.gov", "parent_Field": null, "parent_Choice_Field": null, "parent_ChoiceGroup": null, "w": 256, "h": 24, "y": 975, "x": 597, "structure_id": "Tr_41"}, {"parent_TextBlock": "Tb_16", "text": "or PO Box 510543, St. Louis, MO, 63151,  and  (2) follow-up with a phone", "parent_Field": null, "parent_Choice_Field": null, "parent_ChoiceGroup": null, "w": 712, "h": 24, "y": 975, "x": 864, "structure_id": "Tr_42"}, {"parent_TextBlock": "Tb_16", "text": "call to NCSO at  1-800-535-1117  to obtain eligibility decision for burial.  The eligibility criteria for burial in a VA national cemetery are stated in 38 U.S.", "parent_Field": null, "parent_Choice_Field": null, "parent_ChoiceGroup": null, "w": 1447, "h": 24, "y": 1000, "x": 124, "structure_id": "Tr_43"}, {"parent_TextBlock": "Tb_16", "text": "C. \u00c2\u00a72402,  Persons eligible for interment in national cemeteries.  More information about VA burial eligibility is available at the VA website online at:", "parent_Field": null, "parent_Choice_Field": null, "parent_ChoiceGroup": null, "w": 1434, "h": 24, "y": 1025, "x": 124, "structure_id": "Tr_44"}, {"parent_TextBlock": "Tb_16", "text": "http://www.cem.va.gov/cem/bbene/eligible.asp", "parent_Field": null, "parent_Choice_Field": null, "parent_ChoiceGroup": null, "w": 464, "h": 24, "y": 1050, "x": 124, "structure_id": "Tr_45"}, {"parent_TextBlock": "Tb_16", "text": ", and in the latest edition of the VA booklet:  Federal Benefits for Veterans, Dependents and Survivors", "parent_Field": null, "parent_Choice_Field": null, "parent_ChoiceGroup": null, "w": 968, "h": 24, "y": 1050, "x": 588, "structure_id": "Tr_46"}, {"parent_TextBlock": "Tb_17", "text": "PLEASE NOTE:  VA determinations about a Veteran's burial eligibility are distinct from determinations about entitlement to a claimed reimbursement.", "parent_Field": null, "parent_Choice_Field": null, "parent_ChoiceGroup": null, "w": 1451, "h": 24, "y": 1100, "x": 124, "structure_id": "Tr_47"}, {"parent_TextBlock": "Tb_17", "text": "Once burial eligibility for the unclaimed Veteran has been established, to apply for reimbursement for a casket or urn, you must complete and submit Part", "parent_Field": null, "parent_Choice_Field": null, "parent_ChoiceGroup": null, "w": 1459, "h": 24, "y": 1125, "x": 124, "structure_id": "Tr_48"}, {"parent_TextBlock": "Tb_17", "text": "II of this form.", "parent_Field": null, "parent_Choice_Field": null, "parent_ChoiceGroup": null, "w": 139, "h": 24, "y": 1150, "x": 124, "structure_id": "Tr_49"}, {"parent_TextBlock": "Tb_18", "text": "By signing below I certify the following:  I certify, to the best of my knowledge, that the decedent has never committed a serious crime, such as murder", "parent_Field": null, "parent_Choice_Field": null, "parent_ChoiceGroup": null, "w": 1442, "h": 24, "y": 1601, "x": 124, "structure_id": "Tr_50"}, {"parent_TextBlock": "Tb_18", "text": "or other offense that could have resulted in imprisonment for life, has never been convicted of a serious crime, and has never been convicted of a sexual", "parent_Field": null, "parent_Choice_Field": null, "parent_ChoiceGroup": null, "w": 1440, "h": 24, "y": 1626, "x": 124, "structure_id": "Tr_51"}, {"parent_TextBlock": "Tb_18", "text": "offense for which he or she was sentenced to a minimum of life imprisonment.  Definition for purposes of this section:", "parent_Field": null, "parent_Choice_Field": null, "parent_ChoiceGroup": null, "w": 1132, "h": 24, "y": 1651, "x": 124, "structure_id": "Tr_52"}, {"parent_TextBlock": "Tb_19", "parent_Field": null, "parent_Choice_Field": null, "parent_ChoiceGroup": null, "w": 1339, "h": 48, "y": 1676.03125, "x": 165, "structure_id": "Tr_53"}, {"parent_TextBlock": "Tb_20", "parent_Field": null, "parent_Choice_Field": null, "parent_ChoiceGroup": null, "w": 10, "h": 25, "y": 1678.03125, "x": 150, "structure_id": "Tr_54"}, {"parent_TextBlock": "Tb_21", "parent_Field": null, "parent_Choice_Field": null, "parent_ChoiceGroup": null, "w": 1343, "h": 51, "y": 1723.03125, "x": 163, "structure_id": "Tr_55"}, {"parent_TextBlock": "Tb_22", "parent_Field": null, "parent_Choice_Field": null, "parent_ChoiceGroup": null, "w": 10, "h": 30, "y": 1724.03125, "x": 150, "structure_id": "Tr_56"}, {"parent_TextBlock": "Tb_23", "parent_Field": null, "parent_Choice_Field": null, "parent_ChoiceGroup": null, "w": 1315, "h": 52, "y": 1774.03125, "x": 162, "structure_id": "Tr_57"}, {"parent_TextBlock": "Tb_24", "parent_Field": null, "parent_Choice_Field": null, "parent_ChoiceGroup": null, "w": 10, "h": 24, "y": 1777.03125, "x": 150, "structure_id": "Tr_58"}, {"parent_TextBlock": "Tb_25", "text": "10. SIGNATURE OF PERSON AUTHORIZED TO CERTIFY", "parent_Field": "Fi_9", "parent_Choice_Field": null, "parent_ChoiceGroup": null, "w": 518, "h": 19, "y": 1838, "x": 110, "structure_id": "Tr_59"}, {"parent_TextBlock": "Tb_26", "text": "5. DID THE DECEDENT DIE IN A VA FACILITY?", "parent_Field": null, "parent_Choice_Field": null, "parent_ChoiceGroup": "Chgp_1", "w": 425, "h": 20, "y": 1267, "x": 110, "structure_id": "Tr_60"}, {"parent_TextBlock": "Tb_27", "text": "YES", "parent_Field": null, "parent_Choice_Field": "Chf_1", "parent_ChoiceGroup": "Chgp_1", "w": 44, "h": 20, "y": 1298, "x": 186, "structure_id": "Tr_61"}, {"parent_TextBlock": "Tb_27", "text": "(If YES, provide C-file number)", "parent_Field": null, "parent_Choice_Field": "Chf_1", "parent_ChoiceGroup": "Chgp_1", "w": 245, "h": 20, "y": 1298, "x": 230, "structure_id": "Tr_62"}, {"parent_TextBlock": "Tb_28", "text": "NO", "parent_Field": null, "parent_Choice_Field": "Chf_2", "parent_ChoiceGroup": "Chgp_1", "w": 29, "h": 20, "y": 1298, "x": 922, "structure_id": "Tr_63"}, {"parent_TextBlock": "Tb_29", "text": "DON'T KNOW", "parent_Field": null, "parent_Choice_Field": "Chf_3", "parent_ChoiceGroup": "Chgp_1", "w": 125, "h": 20, "y": 1298, "x": 1084, "structure_id": "Tr_64"}, {"parent_TextBlock": "Tb_30", "text": "6. HAS THE DECEDENT BEEN OR WILL THE DECEDENT BE CREMATED?", "parent_Field": null, "parent_Choice_Field": null, "parent_ChoiceGroup": "Chgp_2", "w": 676, "h": 19, "y": 1345, "x": 112, "structure_id": "Tr_65"}, {"parent_TextBlock": "Tb_31", "text": "YES", "parent_Field": null, "parent_Choice_Field": "Chf_4", "parent_ChoiceGroup": "Chgp_2", "w": 44, "h": 19, "y": 1382, "x": 186, "structure_id": "Tr_66"}, {"parent_TextBlock": "Tb_31", "text": "(If YES, attach certificate of cremation)", "parent_Field": null, "parent_Choice_Field": "Chf_4", "parent_ChoiceGroup": "Chgp_2", "w": 308, "h": 19, "y": 1382, "x": 230, "structure_id": "Tr_67"}, {"parent_TextBlock": "Tb_32", "text": "NO", "parent_Field": null, "parent_Choice_Field": "Chf_5", "parent_ChoiceGroup": "Chgp_2", "w": 29, "h": 19, "y": 1382, "x": 630, "structure_id": "Tr_68"}, {"parent_TextBlock": "Tb_33", "text": "REQUEST FOR REIMBURSEMENT OF CASKET/URN", "parent_Field": null, "parent_Choice_Field": null, "parent_ChoiceGroup": null, "w": 837, "h": 33, "y": 221, "x": 435, "structure_id": "Tr_69"}, {"parent_TextBlock": "Tb_33", "text": "(For a deceased Veteran with no next-of-kin and insufficient resources available for VA National Cemetery burial)", "parent_Field": null, "parent_Choice_Field": null, "parent_ChoiceGroup": null, "w": 1448, "h": 30, "y": 261, "x": 125, "structure_id": "Tr_70"}, {"parent_TextBlock": "Tb_34", "text": "VA", "parent_Field": null, "parent_Choice_Field": null, "parent_ChoiceGroup": null, "w": 27, "h": 20, "y": 2036, "x": 106, "structure_id": "Tr_71"}, {"parent_TextBlock": "Tb_34", "text": "FORM", "parent_Field": null, "parent_Choice_Field": null, "parent_ChoiceGroup": null, "w": 63, "h": 20, "y": 2036, "x": 133, "structure_id": "Tr_72"}, {"parent_TextBlock": "Tb_34", "text": "APR 2015", "parent_Field": null, "parent_Choice_Field": null, "parent_ChoiceGroup": null, "w": 89, "h": 19, "y": 2060, "x": 106, "structure_id": "Tr_73"}, {"parent_TextBlock": "Tb_35", "text": "(Please complete Part II for Reimbursement, page 2)", "parent_Field": null, "parent_Choice_Field": null, "parent_ChoiceGroup": null, "w": 498, "h": 22, "y": 2040, "x": 601, "structure_id": "Tr_74"}], "ChoiceGroup": [{"y": 1261.03125, "x": 103, "structure_id": "Chgp_1", "w": 1119, "h": 75}, {"y": 1343.03125, "x": 105, "structure_id": "Chgp_2", "w": 700, "h": 71}]}