{"Widget": [{"parent_Field": "Fi_1", "parent_Choice_Field": null, "parent_ChoiceGroup": null, "w": 150.46377952755904, "h": 52, "y": 811.1724409448818, "x": 82.96141732283465, "structure_id": "Wi_1"}, {"parent_Field": "Fi_2", "parent_Choice_Field": null, "parent_ChoiceGroup": null, "w": 150.46377952755904, "h": 52, "y": 811.1724409448818, "x": 862.1582677165354, "structure_id": "Wi_2"}, {"parent_Field": "Fi_3", "parent_Choice_Field": null, "parent_ChoiceGroup": null, "w": 658, "h": 47.79448818897637, "y": 313.21968503937006, "x": 943.5582677165354, "structure_id": "Wi_3"}, {"parent_Field": "Fi_4", "parent_Choice_Field": null, "parent_ChoiceGroup": null, "w": 847.9527559055118, "h": 49.894488188976375, "y": 214.59212598425196, "x": 82.86692913385826, "structure_id": "Wi_4"}, {"parent_Field": "Fi_5", "parent_Choice_Field": null, "parent_ChoiceGroup": null, "w": 133.70000000000002, "h": 45.830708661417326, "y": 1648.4976377952755, "x": 104.84173228346457, "structure_id": "Wi_5"}, {"parent_Field": "Fi_6", "parent_Choice_Field": null, "parent_ChoiceGroup": null, "w": 133.70000000000002, "h": 52.125196850393706, "y": 911.016535433071, "x": 82.96141732283465, "structure_id": "Wi_6"}, {"parent_Field": "Fi_7", "parent_Choice_Field": null, "parent_ChoiceGroup": null, "w": 837.9527559055118, "h": 47.79448818897637, "y": 313.21968503937006, "x": 82.96141732283465, "structure_id": "Wi_7"}, {"parent_Field": "Fi_8", "parent_Choice_Field": null, "parent_ChoiceGroup": null, "w": 668, "h": 202.0472440944882, "y": 417.236220472441, "x": 943.3858267716536, "structure_id": "Wi_8"}, {"parent_Field": "Fi_9", "parent_Choice_Field": null, "parent_ChoiceGroup": null, "w": 847.9527559055118, "h": 202.0472440944882, "y": 418.4503937007874, "x": 83.69999999999999, "structure_id": "Wi_9"}, {"parent_Field": "Fi_10", "parent_Choice_Field": null, "parent_ChoiceGroup": null, "w": 768.3921259842521, "h": 168.81968503937009, "y": 1656.763779527559, "x": 841.6858267716535, "structure_id": "Wi_10"}, {"parent_Field": "Fi_11", "parent_Choice_Field": null, "parent_ChoiceGroup": null, "w": 375.1968503937008, "h": 46, "y": 2036.291338582677, "x": 1120.755905511811, "structure_id": "Wi_11"}, {"parent_Field": "Fi_12", "parent_Choice_Field": null, "parent_ChoiceGroup": null, "w": 50.400000000000006, "h": 46, "y": 1410.8582677165355, "x": 118.15826771653543, "structure_id": "Wi_12"}, {"parent_Field": "Fi_13", "parent_Choice_Field": null, "parent_ChoiceGroup": null, "w": 50.47244094488189, "h": 46, "y": 1410.8582677165355, "x": 424.407874015748, "structure_id": "Wi_13"}, {"parent_Field": "Fi_14", "parent_Choice_Field": null, "parent_ChoiceGroup": null, "w": 234, "h": 35, "y": 1436.03125, "x": 1086, "structure_id": "Wi_14"}, {"parent_Field": null, "parent_Choice_Field": "Chf_1", "parent_ChoiceGroup": "Chgp_1", "w": 22.22204724409449, "h": 22.22204724409449, "y": 1034.9669291338582, "x": 144.01417322834646, "structure_id": "Wi_15"}, {"parent_Field": null, "parent_Choice_Field": "Chf_2", "parent_ChoiceGroup": "Chgp_1", "w": 22.22204724409449, "h": 22.22204724409449, "y": 1149.4551181102363, "x": 141.9496062992126, "structure_id": "Wi_16"}, {"parent_Field": null, "parent_Choice_Field": "Chf_2", "parent_ChoiceGroup": "Chgp_1", "w": 133.70000000000002, "h": 50, "y": 1123.3779527559054, "x": 374.55826771653545, "structure_id": "Wi_17"}, {"parent_Field": null, "parent_Choice_Field": "Chf_3", "parent_ChoiceGroup": "Chgp_1", "w": 22.22204724409449, "h": 22.22204724409449, "y": 1264.0220472440947, "x": 144.01417322834646, "structure_id": "Wi_18"}, {"parent_Field": null, "parent_Choice_Field": "Chf_3", "parent_ChoiceGroup": "Chgp_1", "w": 133.70000000000002, "h": 43.7, "y": 1240.1496062992126, "x": 1157.6779527559054, "structure_id": "Wi_19"}, {"parent_Field": null, "parent_Choice_Field": "Chf_4", "parent_ChoiceGroup": "Chgp_2", "w": 22.22204724409449, "h": 22.22204724409449, "y": 1536.7779527559055, "x": 98.21968503937008, "structure_id": "Wi_20"}, {"parent_Field": null, "parent_Choice_Field": "Chf_5", "parent_ChoiceGroup": "Chgp_2", "w": 22.22204724409449, "h": 22.22204724409449, "y": 1536.7779527559055, "x": 239.9023622047244, "structure_id": "Wi_21"}, {"parent_Field": null, "parent_Choice_Field": "Chf_6", "parent_ChoiceGroup": "Chgp_3", "w": 22.22204724409449, "h": 22.22204724409449, "y": 1805.755905511811, "x": 98.21968503937008, "structure_id": "Wi_22"}, {"parent_Field": null, "parent_Choice_Field": "Chf_7", "parent_ChoiceGroup": "Chgp_3", "w": 22.22204724409449, "h": 22.22204724409449, "y": 1805.755905511811, "x": 239.9023622047244, "structure_id": "Wi_23"}, {"parent_Field": null, "parent_Choice_Field": "Chf_8", "parent_ChoiceGroup": "Chgp_4", "w": 22.22204724409449, "h": 22.22204724409449, "y": 1934.8110236220473, "x": 98.2503937007874, "structure_id": "Wi_24"}, {"parent_Field": null, "parent_Choice_Field": "Chf_9", "parent_ChoiceGroup": "Chgp_4", "w": 22.22204724409449, "h": 22.22204724409449, "y": 1934.8110236220473, "x": 239.9023622047244, "structure_id": "Wi_25"}, {"parent_Field": null, "parent_Choice_Field": "Chf_10", "parent_ChoiceGroup": "Chgp_5", "w": 22.22204724409449, "h": 22.22204724409449, "y": 2055.5196850393704, "x": 98.2503937007874, "structure_id": "Wi_26"}, {"parent_Field": null, "parent_Choice_Field": "Chf_11", "parent_ChoiceGroup": "Chgp_5", "w": 22.22204724409449, "h": 22.22204724409449, "y": 2055.5196850393704, "x": 239.9023622047244, "structure_id": "Wi_27"}], "TextBlock": [{"parent_Field": null, "parent_Choice_Field": null, "parent_ChoiceGroup": null, "w": 180, "h": 30, "y": 2107, "x": 191, "structure_id": "Tb_1"}, {"parent_Field": null, "parent_Choice_Field": null, "parent_ChoiceGroup": null, "w": 291, "h": 72, "y": 60, "x": 1316, "structure_id": "Tb_2"}, {"parent_Field": null, "parent_Choice_Field": null, "parent_ChoiceGroup": null, "w": 444, "h": 40, "y": 2105, "x": 593, "structure_id": "Tb_3"}, {"parent_Field": "Fi_1", "parent_Choice_Field": null, "parent_ChoiceGroup": null, "w": 484, "h": 22, "y": 787, "x": 78, "structure_id": "Tb_4"}, {"parent_Field": null, "parent_Choice_Field": null, "parent_ChoiceGroup": null, "w": 1507, "h": 128, "y": 645, "x": 89, "structure_id": "Tb_5"}, {"parent_Field": "Fi_2", "parent_Choice_Field": null, "parent_ChoiceGroup": null, "w": 424, "h": 22, "y": 787, "x": 858, "structure_id": "Tb_6"}, {"parent_Field": null, "parent_Choice_Field": null, "parent_ChoiceGroup": null, "w": 577, "h": 45, "y": 1366, "x": 83, "structure_id": "Tb_7"}, {"parent_Field": "Fi_3", "parent_Choice_Field": null, "parent_ChoiceGroup": null, "w": 5.558267716535397, "h": 23, "y": 301, "x": 938, "structure_id": "Tb_8"}, {"parent_Field": "Fi_4", "parent_Choice_Field": null, "parent_ChoiceGroup": null, "w": 453, "h": 22, "y": 146, "x": 78, "structure_id": "Tb_9"}, {"parent_Field": "Fi_5", "parent_Choice_Field": null, "parent_ChoiceGroup": null, "w": 629, "h": 22, "y": 1580, "x": 78, "structure_id": "Tb_10"}, {"parent_Field": "Fi_6", "parent_Choice_Field": null, "parent_ChoiceGroup": null, "w": 421, "h": 22, "y": 881, "x": 78, "structure_id": "Tb_11"}, {"parent_Field": "Fi_7", "parent_Choice_Field": null, "parent_ChoiceGroup": null, "w": 569, "h": 22, "y": 279, "x": 78, "structure_id": "Tb_12"}, {"parent_Field": "Fi_8", "parent_Choice_Field": null, "parent_ChoiceGroup": null, "w": 456, "h": 22, "y": 379, "x": 938, "structure_id": "Tb_13"}, {"parent_Field": null, "parent_Choice_Field": null, "parent_ChoiceGroup": null, "w": 372, "h": 22, "y": 978, "x": 78, "structure_id": "Tb_14"}, {"parent_Field": null, "parent_Choice_Field": null, "parent_ChoiceGroup": null, "w": 37, "h": 31, "y": 256, "x": 1539, "structure_id": "Tb_15"}, {"parent_Field": "Fi_9", "parent_Choice_Field": null, "parent_ChoiceGroup": null, "w": 603, "h": 22, "y": 379, "x": 78, "structure_id": "Tb_16"}, {"parent_Field": "Fi_10", "parent_Choice_Field": null, "parent_ChoiceGroup": null, "w": 631, "h": 68, "y": 1578, "x": 838, "structure_id": "Tb_17"}, {"parent_Field": "Fi_11", "parent_Choice_Field": null, "parent_ChoiceGroup": null, "w": 643, "h": 22, "y": 2061, "x": 338, "structure_id": "Tb_18"}, {"parent_Field": "Fi_12", "parent_Choice_Field": null, "parent_ChoiceGroup": null, "w": 186, "h": 34.0, "y": 1432.03125, "x": 199, "structure_id": "Tb_19"}, {"parent_Field": "Fi_13", "parent_Choice_Field": null, "parent_ChoiceGroup": null, "w": 246, "h": 20, "y": 1440, "x": 495, "structure_id": "Tb_20"}, {"parent_Field": "Fi_14", "parent_Choice_Field": null, "parent_ChoiceGroup": null, "w": 460, "h": 68, "y": 1366, "x": 1038, "structure_id": "Tb_21"}, {"parent_Field": "Fi_14", "parent_Choice_Field": null, "parent_ChoiceGroup": null, "w": 19, "h": 30, "y": 1442.03125, "x": 1062, "structure_id": "Tb_22"}, {"parent_Field": null, "parent_Choice_Field": "Chf_1", "parent_ChoiceGroup": "Chgp_1", "w": 1151, "h": 42.0, "y": 1022.03125, "x": 169, "structure_id": "Tb_23"}, {"parent_Field": null, "parent_Choice_Field": "Chf_2", "parent_ChoiceGroup": "Chgp_1", "w": 1225.0, "h": 68.0, "y": 1145.03125, "x": 171, "structure_id": "Tb_24"}, {"parent_Field": null, "parent_Choice_Field": "Chf_3", "parent_ChoiceGroup": "Chgp_1", "w": 1345.0, "h": 67.0, "y": 1258.03125, "x": 168, "structure_id": "Tb_25"}, {"parent_Field": null, "parent_Choice_Field": null, "parent_ChoiceGroup": "Chgp_2", "w": 1065, "h": 22, "y": 1486, "x": 77, "structure_id": "Tb_26"}, {"parent_Field": null, "parent_Choice_Field": "Chf_4", "parent_ChoiceGroup": "Chgp_2", "w": 45, "h": 16, "y": 1546, "x": 132, "structure_id": "Tb_27"}, {"parent_Field": null, "parent_Choice_Field": "Chf_5", "parent_ChoiceGroup": "Chgp_2", "w": 33, "h": 16, "y": 1546, "x": 278, "structure_id": "Tb_28"}, {"parent_Field": null, "parent_Choice_Field": null, "parent_ChoiceGroup": "Chgp_3", "w": 682, "h": 41, "y": 1710, "x": 78, "structure_id": "Tb_29"}, {"parent_Field": null, "parent_Choice_Field": "Chf_6", "parent_ChoiceGroup": "Chgp_3", "w": 45, "h": 16, "y": 1815, "x": 132, "structure_id": "Tb_30"}, {"parent_Field": null, "parent_Choice_Field": "Chf_7", "parent_ChoiceGroup": "Chgp_3", "w": 33, "h": 16, "y": 1815, "x": 278, "structure_id": "Tb_31"}, {"parent_Field": null, "parent_Choice_Field": null, "parent_ChoiceGroup": "Chgp_4", "w": 1110, "h": 22, "y": 1847, "x": 78, "structure_id": "Tb_32"}, {"parent_Field": null, "parent_Choice_Field": "Chf_8", "parent_ChoiceGroup": "Chgp_4", "w": 45, "h": 16, "y": 1944, "x": 132, "structure_id": "Tb_33"}, {"parent_Field": null, "parent_Choice_Field": "Chf_9", "parent_ChoiceGroup": "Chgp_4", "w": 33, "h": 16, "y": 1944, "x": 278, "structure_id": "Tb_34"}, {"parent_Field": null, "parent_Choice_Field": null, "parent_ChoiceGroup": "Chgp_5", "w": 1064, "h": 22, "y": 1977, "x": 77, "structure_id": "Tb_35"}, {"parent_Field": null, "parent_Choice_Field": "Chf_10", "parent_ChoiceGroup": "Chgp_5", "w": 45, "h": 16, "y": 2065, "x": 132, "structure_id": "Tb_36"}, {"parent_Field": null, "parent_Choice_Field": "Chf_11", "parent_ChoiceGroup": "Chgp_5", "w": 33, "h": 16, "y": 2065, "x": 278, "structure_id": "Tb_37"}, {"parent_Field": null, "parent_Choice_Field": null, "parent_ChoiceGroup": null, "w": 35, "h": 47, "y": 1022.03125, "x": 94, "structure_id": "Tb_38"}, {"parent_Field": null, "parent_Choice_Field": null, "parent_ChoiceGroup": null, "w": 29, "h": 40, "y": 1144.03125, "x": 97, "structure_id": "Tb_39"}, {"parent_Field": null, "parent_Choice_Field": null, "parent_ChoiceGroup": null, "w": 33, "h": 39, "y": 1256.03125, "x": 96, "structure_id": "Tb_40"}, {"parent_Field": null, "parent_Choice_Field": null, "parent_ChoiceGroup": null, "w": 614, "h": 87, "y": 209, "x": 975, "structure_id": "Tb_41"}, {"parent_Field": null, "parent_Choice_Field": null, "parent_ChoiceGroup": null, "w": 89, "h": 39, "y": 2107, "x": 77, "structure_id": "Tb_42"}, {"parent_Field": null, "parent_Choice_Field": null, "parent_ChoiceGroup": null, "w": 72, "h": 22, "y": 2111, "x": 1497, "structure_id": "Tb_43"}], "Choice_Field": [{"y": 1022.03125, "x": 144.01417322834646, "structure_id": "Chf_1", "w": 1175.9858267716536, "h": 42}, {"y": 1123.3779527559054, "x": 141.9496062992126, "structure_id": "Chf_2", "w": 1254.0503937007875, "h": 89.65329724409457}, {"y": 1240.1496062992126, "x": 144.01417322834646, "structure_id": "Chf_3", "w": 1368.9858267716536, "h": 84.88164370078744}, {"y": 1536.7779527559055, "x": 98.21968503937008, "structure_id": "Chf_4", "w": 78.78031496062992, "h": 25.222047244094483}, {"y": 1536.7779527559055, "x": 239.9023622047244, "structure_id": "Chf_5", "w": 71.0976377952756, "h": 25.222047244094483}, {"y": 1805.755905511811, "x": 98.21968503937008, "structure_id": "Chf_6", "w": 78.78031496062992, "h": 25.24409448818892}, {"y": 1805.755905511811, "x": 239.9023622047244, "structure_id": "Chf_7", "w": 71.0976377952756, "h": 25.24409448818892}, {"y": 1934.8110236220473, "x": 98.2503937007874, "structure_id": "Chf_8", "w": 78.7496062992126, "h": 25.188976377952713}, {"y": 1934.8110236220473, "x": 239.9023622047244, "structure_id": "Chf_9", "w": 71.0976377952756, "h": 25.188976377952713}, {"y": 2055.5196850393704, "x": 98.2503937007874, "structure_id": "Chf_10", "w": 78.7496062992126, "h": 25.480314960629585}, {"y": 2055.5196850393704, "x": 239.9023622047244, "structure_id": "Chf_11", "w": 71.0976377952756, "h": 25.480314960629585}], "Field": [{"y": 787, "x": 78, "structure_id": "Fi_1", "w": 484, "h": 76.17244094488183}, {"y": 787, "x": 858, "structure_id": "Fi_2", "w": 424, "h": 76.17244094488183}, {"y": 301, "x": 938, "structure_id": "Fi_3", "w": 663.5582677165353, "h": 60.01417322834641}, {"y": 146, "x": 78, "structure_id": "Fi_4", "w": 852.8196850393701, "h": 118.48661417322836}, {"y": 1580, "x": 78, "structure_id": "Fi_5", "w": 629, "h": 114.32834645669277}, {"y": 881, "x": 78, "structure_id": "Fi_6", "w": 421, "h": 82.14173228346476}, {"y": 279, "x": 78, "structure_id": "Fi_7", "w": 842.9141732283465, "h": 82.01417322834641}, {"y": 379, "x": 938, "structure_id": "Fi_8", "w": 673.3858267716537, "h": 240.28346456692918}, {"y": 379, "x": 78, "structure_id": "Fi_9", "w": 853.6527559055119, "h": 241.49763779527564}, {"y": 1578, "x": 838, "structure_id": "Fi_10", "w": 772.0779527559057, "h": 247.58346456692925}, {"y": 2036.291338582677, "x": 338, "structure_id": "Fi_11", "w": 1157.9527559055118, "h": 46.7086614173229}, {"y": 1410.8582677165355, "x": 118.15826771653543, "structure_id": "Fi_12", "w": 266.8417322834646, "h": 55.172982283464535}, {"y": 1410.8582677165355, "x": 424.407874015748, "structure_id": "Fi_13", "w": 316.592125984252, "h": 49.141732283464535}, {"y": 1366, "x": 1038, "structure_id": "Fi_14", "w": 460, "h": 106.03125}], "TextRun": [{"parent_TextBlock": "Tb_1", "text": "21P-0512S-1", "parent_Field": null, "parent_Choice_Field": null, "parent_ChoiceGroup": null, "w": 180, "h": 30, "y": 2107, "x": 191, "structure_id": "Tr_1"}, {"parent_TextBlock": "Tb_2", "text": "OMB Approved No. 2900-0101", "parent_Field": null, "parent_Choice_Field": null, "parent_ChoiceGroup": null, "w": 291, "h": 22, "y": 60, "x": 1316, "structure_id": "Tr_2"}, {"parent_TextBlock": "Tb_2", "text": "Respondent Burden: 30 minutes", "parent_Field": null, "parent_Choice_Field": null, "parent_ChoiceGroup": null, "w": 291, "h": 22, "y": 85, "x": 1316, "structure_id": "Tr_3"}, {"parent_TextBlock": "Tb_2", "text": "Expiration Date: 04/30/2018", "parent_Field": null, "parent_Choice_Field": null, "parent_ChoiceGroup": null, "w": 254, "h": 22, "y": 110, "x": 1316, "structure_id": "Tr_4"}, {"parent_TextBlock": "Tb_3", "text": "SUPERSEDES VA FORM 21-0512s-1, JUN 2004,", "parent_Field": null, "parent_Choice_Field": null, "parent_ChoiceGroup": null, "w": 444, "h": 20, "y": 2105, "x": 593, "structure_id": "Tr_5"}, {"parent_TextBlock": "Tb_3", "text": "WHICH WILL NOT BE USED.", "parent_Field": null, "parent_Choice_Field": null, "parent_ChoiceGroup": null, "w": 260, "h": 20, "y": 2125, "x": 593, "structure_id": "Tr_6"}, {"parent_TextBlock": "Tb_4", "text": "1A. VETERAN'S SOCIAL SECURITY NUMBER\u00c2\u00a0", "parent_Field": "Fi_1", "parent_Choice_Field": null, "parent_ChoiceGroup": null, "w": 484, "h": 22, "y": 787, "x": 78, "structure_id": "Tr_7"}, {"parent_TextBlock": "Tb_5", "text": "IMPORTANT:", "parent_Field": null, "parent_Choice_Field": null, "parent_ChoiceGroup": null, "w": 177, "h": 28, "y": 645, "x": 89, "structure_id": "Tr_8"}, {"parent_TextBlock": "Tb_5", "text": "Please", "parent_Field": null, "parent_Choice_Field": null, "parent_ChoiceGroup": null, "w": 78, "h": 28, "y": 645, "x": 269, "structure_id": "Tr_9"}, {"parent_TextBlock": "Tb_5", "text": "read", "parent_Field": null, "parent_Choice_Field": null, "parent_ChoiceGroup": null, "w": 55, "h": 28, "y": 645, "x": 350, "structure_id": "Tr_10"}, {"parent_TextBlock": "Tb_5", "text": "the", "parent_Field": null, "parent_Choice_Field": null, "parent_ChoiceGroup": null, "w": 41, "h": 28, "y": 645, "x": 408, "structure_id": "Tr_11"}, {"parent_TextBlock": "Tb_5", "text": "enclosed", "parent_Field": null, "parent_Choice_Field": null, "parent_ChoiceGroup": null, "w": 104, "h": 28, "y": 645, "x": 452, "structure_id": "Tr_12"}, {"parent_TextBlock": "Tb_5", "text": "EVR", "parent_Field": null, "parent_Choice_Field": null, "parent_ChoiceGroup": null, "w": 62, "h": 28, "y": 645, "x": 559, "structure_id": "Tr_13"}, {"parent_TextBlock": "Tb_5", "text": "Instructions", "parent_Field": null, "parent_Choice_Field": null, "parent_ChoiceGroup": null, "w": 131, "h": 28, "y": 645, "x": 624, "structure_id": "Tr_14"}, {"parent_TextBlock": "Tb_5", "text": "(VA", "parent_Field": null, "parent_Choice_Field": null, "parent_ChoiceGroup": null, "w": 50, "h": 28, "y": 645, "x": 765, "structure_id": "Tr_15"}, {"parent_TextBlock": "Tb_5", "text": "Form", "parent_Field": null, "parent_Choice_Field": null, "parent_ChoiceGroup": null, "w": 69, "h": 28, "y": 645, "x": 818, "structure_id": "Tr_16"}, {"parent_TextBlock": "Tb_5", "text": "21P-0510)", "parent_Field": null, "parent_Choice_Field": null, "parent_ChoiceGroup": null, "w": 119, "h": 28, "y": 645, "x": 890, "structure_id": "Tr_17"}, {"parent_TextBlock": "Tb_5", "text": "before", "parent_Field": null, "parent_Choice_Field": null, "parent_ChoiceGroup": null, "w": 78, "h": 28, "y": 645, "x": 1019, "structure_id": "Tr_18"}, {"parent_TextBlock": "Tb_5", "text": "completing", "parent_Field": null, "parent_Choice_Field": null, "parent_ChoiceGroup": null, "w": 132, "h": 28, "y": 645, "x": 1100, "structure_id": "Tr_19"}, {"parent_TextBlock": "Tb_5", "text": "this", "parent_Field": null, "parent_Choice_Field": null, "parent_ChoiceGroup": null, "w": 47, "h": 28, "y": 645, "x": 1235, "structure_id": "Tr_20"}, {"parent_TextBlock": "Tb_5", "text": "form.", "parent_Field": null, "parent_Choice_Field": null, "parent_ChoiceGroup": null, "w": 68, "h": 28, "y": 645, "x": 1285, "structure_id": "Tr_21"}, {"parent_TextBlock": "Tb_5", "text": "This", "parent_Field": null, "parent_Choice_Field": null, "parent_ChoiceGroup": null, "w": 56, "h": 28, "y": 645, "x": 1356, "structure_id": "Tr_22"}, {"parent_TextBlock": "Tb_5", "text": "form\u00c2\u00a0is", "parent_Field": null, "parent_Choice_Field": null, "parent_ChoiceGroup": null, "w": 86, "h": 28, "y": 645, "x": 1415, "structure_id": "Tr_23"}, {"parent_TextBlock": "Tb_5", "text": "used", "parent_Field": null, "parent_Choice_Field": null, "parent_ChoiceGroup": null, "w": 58, "h": 28, "y": 645, "x": 1504, "structure_id": "Tr_24"}, {"parent_TextBlock": "Tb_5", "text": "by", "parent_Field": null, "parent_Choice_Field": null, "parent_ChoiceGroup": null, "w": 31, "h": 28, "y": 645, "x": 1565, "structure_id": "Tr_25"}, {"parent_TextBlock": "Tb_5", "text": "surviving", "parent_Field": null, "parent_Choice_Field": null, "parent_ChoiceGroup": null, "w": 112, "h": 28, "y": 670, "x": 89, "structure_id": "Tr_26"}, {"parent_TextBlock": "Tb_5", "text": "spouses", "parent_Field": null, "parent_Choice_Field": null, "parent_ChoiceGroup": null, "w": 93, "h": 28, "y": 670, "x": 205, "structure_id": "Tr_27"}, {"parent_TextBlock": "Tb_5", "text": "receiving", "parent_Field": null, "parent_Choice_Field": null, "parent_ChoiceGroup": null, "w": 111, "h": 28, "y": 670, "x": 302, "structure_id": "Tr_28"}, {"parent_TextBlock": "Tb_5", "text": "Old", "parent_Field": null, "parent_Choice_Field": null, "parent_ChoiceGroup": null, "w": 48, "h": 28, "y": 670, "x": 417, "structure_id": "Tr_29"}, {"parent_TextBlock": "Tb_5", "text": "Law", "parent_Field": null, "parent_Choice_Field": null, "parent_ChoiceGroup": null, "w": 56, "h": 28, "y": 670, "x": 469, "structure_id": "Tr_30"}, {"parent_TextBlock": "Tb_5", "text": "or", "parent_Field": null, "parent_Choice_Field": null, "parent_ChoiceGroup": null, "w": 30, "h": 28, "y": 670, "x": 529, "structure_id": "Tr_31"}, {"parent_TextBlock": "Tb_5", "text": "Section", "parent_Field": null, "parent_Choice_Field": null, "parent_ChoiceGroup": null, "w": 91, "h": 28, "y": 670, "x": 563, "structure_id": "Tr_32"}, {"parent_TextBlock": "Tb_5", "text": "306", "parent_Field": null, "parent_Choice_Field": null, "parent_ChoiceGroup": null, "w": 49, "h": 28, "y": 670, "x": 657, "structure_id": "Tr_33"}, {"parent_TextBlock": "Tb_5", "text": "Pension.", "parent_Field": null, "parent_Choice_Field": null, "parent_ChoiceGroup": null, "w": 102, "h": 28, "y": 670, "x": 710, "structure_id": "Tr_34"}, {"parent_TextBlock": "Tb_5", "text": "If", "parent_Field": null, "parent_Choice_Field": null, "parent_ChoiceGroup": null, "w": 25, "h": 28, "y": 670, "x": 816, "structure_id": "Tr_35"}, {"parent_TextBlock": "Tb_5", "text": "you", "parent_Field": null, "parent_Choice_Field": null, "parent_ChoiceGroup": null, "w": 49, "h": 28, "y": 670, "x": 845, "structure_id": "Tr_36"}, {"parent_TextBlock": "Tb_5", "text": "have", "parent_Field": null, "parent_Choice_Field": null, "parent_ChoiceGroup": null, "w": 59, "h": 28, "y": 670, "x": 898, "structure_id": "Tr_37"}, {"parent_TextBlock": "Tb_5", "text": "been", "parent_Field": null, "parent_Choice_Field": null, "parent_ChoiceGroup": null, "w": 59, "h": 28, "y": 670, "x": 961, "structure_id": "Tr_38"}, {"parent_TextBlock": "Tb_5", "text": "receiving", "parent_Field": null, "parent_Choice_Field": null, "parent_ChoiceGroup": null, "w": 110, "h": 28, "y": 670, "x": 1024, "structure_id": "Tr_39"}, {"parent_TextBlock": "Tb_5", "text": "fixed", "parent_Field": null, "parent_Choice_Field": null, "parent_ChoiceGroup": null, "w": 64, "h": 28, "y": 670, "x": 1161, "structure_id": "Tr_40"}, {"parent_TextBlock": "Tb_5", "text": "rate", "parent_Field": null, "parent_Choice_Field": null, "parent_ChoiceGroup": null, "w": 49, "h": 28, "y": 670, "x": 1229, "structure_id": "Tr_41"}, {"parent_TextBlock": "Tb_5", "text": "of\u00c2\u00a0pension", "parent_Field": null, "parent_Choice_Field": null, "parent_ChoiceGroup": null, "w": 123, "h": 28, "y": 670, "x": 1282, "structure_id": "Tr_42"}, {"parent_TextBlock": "Tb_5", "text": "since", "parent_Field": null, "parent_Choice_Field": null, "parent_ChoiceGroup": null, "w": 64, "h": 28, "y": 670, "x": 1409, "structure_id": "Tr_43"}, {"parent_TextBlock": "Tb_5", "text": "1960,", "parent_Field": null, "parent_Choice_Field": null, "parent_ChoiceGroup": null, "w": 70, "h": 28, "y": 670, "x": 1477, "structure_id": "Tr_44"}, {"parent_TextBlock": "Tb_5", "text": "you", "parent_Field": null, "parent_Choice_Field": null, "parent_ChoiceGroup": null, "w": 46, "h": 28, "y": 670, "x": 1550, "structure_id": "Tr_45"}, {"parent_TextBlock": "Tb_5", "text": "receive", "parent_Field": null, "parent_Choice_Field": null, "parent_ChoiceGroup": null, "w": 87, "h": 28, "y": 695, "x": 89, "structure_id": "Tr_46"}, {"parent_TextBlock": "Tb_5", "text": "Old", "parent_Field": null, "parent_Choice_Field": null, "parent_ChoiceGroup": null, "w": 49, "h": 28, "y": 695, "x": 180, "structure_id": "Tr_47"}, {"parent_TextBlock": "Tb_5", "text": "Law", "parent_Field": null, "parent_Choice_Field": null, "parent_ChoiceGroup": null, "w": 56, "h": 28, "y": 695, "x": 232, "structure_id": "Tr_48"}, {"parent_TextBlock": "Tb_5", "text": "Pension.", "parent_Field": null, "parent_Choice_Field": null, "parent_ChoiceGroup": null, "w": 102, "h": 28, "y": 695, "x": 292, "structure_id": "Tr_49"}, {"parent_TextBlock": "Tb_5", "text": "If", "parent_Field": null, "parent_Choice_Field": null, "parent_ChoiceGroup": null, "w": 26, "h": 28, "y": 695, "x": 397, "structure_id": "Tr_50"}, {"parent_TextBlock": "Tb_5", "text": "you", "parent_Field": null, "parent_Choice_Field": null, "parent_ChoiceGroup": null, "w": 49, "h": 28, "y": 695, "x": 426, "structure_id": "Tr_51"}, {"parent_TextBlock": "Tb_5", "text": "have", "parent_Field": null, "parent_Choice_Field": null, "parent_ChoiceGroup": null, "w": 60, "h": 28, "y": 695, "x": 478, "structure_id": "Tr_52"}, {"parent_TextBlock": "Tb_5", "text": "been", "parent_Field": null, "parent_Choice_Field": null, "parent_ChoiceGroup": null, "w": 60, "h": 28, "y": 695, "x": 541, "structure_id": "Tr_53"}, {"parent_TextBlock": "Tb_5", "text": "receiving", "parent_Field": null, "parent_Choice_Field": null, "parent_ChoiceGroup": null, "w": 110, "h": 28, "y": 695, "x": 604, "structure_id": "Tr_54"}, {"parent_TextBlock": "Tb_5", "text": "fixed", "parent_Field": null, "parent_Choice_Field": null, "parent_ChoiceGroup": null, "w": 64, "h": 28, "y": 695, "x": 741, "structure_id": "Tr_55"}, {"parent_TextBlock": "Tb_5", "text": "rate", "parent_Field": null, "parent_Choice_Field": null, "parent_ChoiceGroup": null, "w": 49, "h": 28, "y": 695, "x": 808, "structure_id": "Tr_56"}, {"parent_TextBlock": "Tb_5", "text": "of", "parent_Field": null, "parent_Choice_Field": null, "parent_ChoiceGroup": null, "w": 30, "h": 28, "y": 695, "x": 860, "structure_id": "Tr_57"}, {"parent_TextBlock": "Tb_5", "text": "pension", "parent_Field": null, "parent_Choice_Field": null, "parent_ChoiceGroup": null, "w": 93, "h": 28, "y": 695, "x": 894, "structure_id": "Tr_58"}, {"parent_TextBlock": "Tb_5", "text": "since", "parent_Field": null, "parent_Choice_Field": null, "parent_ChoiceGroup": null, "w": 64, "h": 28, "y": 695, "x": 991, "structure_id": "Tr_59"}, {"parent_TextBlock": "Tb_5", "text": "1978,", "parent_Field": null, "parent_Choice_Field": null, "parent_ChoiceGroup": null, "w": 70, "h": 28, "y": 695, "x": 1058, "structure_id": "Tr_60"}, {"parent_TextBlock": "Tb_5", "text": "you\u00c2\u00a0receive", "parent_Field": null, "parent_Choice_Field": null, "parent_ChoiceGroup": null, "w": 136, "h": 28, "y": 695, "x": 1131, "structure_id": "Tr_61"}, {"parent_TextBlock": "Tb_5", "text": "Section", "parent_Field": null, "parent_Choice_Field": null, "parent_ChoiceGroup": null, "w": 90, "h": 28, "y": 695, "x": 1271, "structure_id": "Tr_62"}, {"parent_TextBlock": "Tb_5", "text": "306", "parent_Field": null, "parent_Choice_Field": null, "parent_ChoiceGroup": null, "w": 49, "h": 28, "y": 695, "x": 1364, "structure_id": "Tr_63"}, {"parent_TextBlock": "Tb_5", "text": "Pension.", "parent_Field": null, "parent_Choice_Field": null, "parent_ChoiceGroup": null, "w": 101, "h": 28, "y": 695, "x": 1417, "structure_id": "Tr_64"}, {"parent_TextBlock": "Tb_5", "text": "If", "parent_Field": null, "parent_Choice_Field": null, "parent_ChoiceGroup": null, "w": 25, "h": 28, "y": 695, "x": 1522, "structure_id": "Tr_65"}, {"parent_TextBlock": "Tb_5", "text": "you", "parent_Field": null, "parent_Choice_Field": null, "parent_ChoiceGroup": null, "w": 45, "h": 28, "y": 695, "x": 1551, "structure_id": "Tr_66"}, {"parent_TextBlock": "Tb_5", "text": "receive", "parent_Field": null, "parent_Choice_Field": null, "parent_ChoiceGroup": null, "w": 87, "h": 28, "y": 720, "x": 89, "structure_id": "Tr_67"}, {"parent_TextBlock": "Tb_5", "text": "Old", "parent_Field": null, "parent_Choice_Field": null, "parent_ChoiceGroup": null, "w": 49, "h": 28, "y": 720, "x": 179, "structure_id": "Tr_68"}, {"parent_TextBlock": "Tb_5", "text": "Law", "parent_Field": null, "parent_Choice_Field": null, "parent_ChoiceGroup": null, "w": 56, "h": 28, "y": 720, "x": 231, "structure_id": "Tr_69"}, {"parent_TextBlock": "Tb_5", "text": "Pension,", "parent_Field": null, "parent_Choice_Field": null, "parent_ChoiceGroup": null, "w": 102, "h": 28, "y": 720, "x": 290, "structure_id": "Tr_70"}, {"parent_TextBlock": "Tb_5", "text": "do", "parent_Field": null, "parent_Choice_Field": null, "parent_ChoiceGroup": null, "w": 35, "h": 28, "y": 720, "x": 395, "structure_id": "Tr_71"}, {"parent_TextBlock": "Tb_5", "text": "not", "parent_Field": null, "parent_Choice_Field": null, "parent_ChoiceGroup": null, "w": 43, "h": 28, "y": 720, "x": 432, "structure_id": "Tr_72"}, {"parent_TextBlock": "Tb_5", "text": "complete", "parent_Field": null, "parent_Choice_Field": null, "parent_ChoiceGroup": null, "w": 109, "h": 28, "y": 720, "x": 478, "structure_id": "Tr_73"}, {"parent_TextBlock": "Tb_5", "text": "Item", "parent_Field": null, "parent_Choice_Field": null, "parent_ChoiceGroup": null, "w": 57, "h": 28, "y": 720, "x": 590, "structure_id": "Tr_74"}, {"parent_TextBlock": "Tb_5", "text": "7G,", "parent_Field": null, "parent_Choice_Field": null, "parent_ChoiceGroup": null, "w": 48, "h": 28, "y": 720, "x": 650, "structure_id": "Tr_75"}, {"parent_TextBlock": "Tb_5", "text": "Net", "parent_Field": null, "parent_Choice_Field": null, "parent_ChoiceGroup": null, "w": 47, "h": 28, "y": 720, "x": 701, "structure_id": "Tr_76"}, {"parent_TextBlock": "Tb_5", "text": "Worth,", "parent_Field": null, "parent_Choice_Field": null, "parent_ChoiceGroup": null, "w": 85, "h": 28, "y": 720, "x": 751, "structure_id": "Tr_77"}, {"parent_TextBlock": "Tb_5", "text": "and", "parent_Field": null, "parent_Choice_Field": null, "parent_ChoiceGroup": null, "w": 47, "h": 28, "y": 720, "x": 839, "structure_id": "Tr_78"}, {"parent_TextBlock": "Tb_5", "text": "Item", "parent_Field": null, "parent_Choice_Field": null, "parent_ChoiceGroup": null, "w": 58, "h": 28, "y": 720, "x": 889, "structure_id": "Tr_79"}, {"parent_TextBlock": "Tb_5", "text": "8,\u00c2\u00a0Family", "parent_Field": null, "parent_Choice_Field": null, "parent_ChoiceGroup": null, "w": 114, "h": 28, "y": 720, "x": 949, "structure_id": "Tr_80"}, {"parent_TextBlock": "Tb_5", "text": "Medical", "parent_Field": null, "parent_Choice_Field": null, "parent_ChoiceGroup": null, "w": 98, "h": 28, "y": 720, "x": 1066, "structure_id": "Tr_81"}, {"parent_TextBlock": "Tb_5", "text": "Expenses.", "parent_Field": null, "parent_Choice_Field": null, "parent_ChoiceGroup": null, "w": 118, "h": 28, "y": 720, "x": 1167, "structure_id": "Tr_82"}, {"parent_TextBlock": "Tb_5", "text": "If", "parent_Field": null, "parent_Choice_Field": null, "parent_ChoiceGroup": null, "w": 26, "h": 28, "y": 720, "x": 1288, "structure_id": "Tr_83"}, {"parent_TextBlock": "Tb_5", "text": "you", "parent_Field": null, "parent_Choice_Field": null, "parent_ChoiceGroup": null, "w": 48, "h": 28, "y": 720, "x": 1317, "structure_id": "Tr_84"}, {"parent_TextBlock": "Tb_5", "text": "receive", "parent_Field": null, "parent_Choice_Field": null, "parent_ChoiceGroup": null, "w": 87, "h": 28, "y": 720, "x": 1368, "structure_id": "Tr_85"}, {"parent_TextBlock": "Tb_5", "text": "Section", "parent_Field": null, "parent_Choice_Field": null, "parent_ChoiceGroup": null, "w": 91, "h": 28, "y": 720, "x": 1458, "structure_id": "Tr_86"}, {"parent_TextBlock": "Tb_5", "text": "306", "parent_Field": null, "parent_Choice_Field": null, "parent_ChoiceGroup": null, "w": 45, "h": 28, "y": 720, "x": 1551, "structure_id": "Tr_87"}, {"parent_TextBlock": "Tb_5", "text": "Pension, complete all items. \u00c2\u00a0", "parent_Field": null, "parent_Choice_Field": null, "parent_ChoiceGroup": null, "w": 327, "h": 28, "y": 745, "x": 89, "structure_id": "Tr_88"}, {"parent_TextBlock": "Tb_6", "text": "1B. YOUR SOCIAL SECURITY NUMBER\u00c2\u00a0", "parent_Field": "Fi_2", "parent_Choice_Field": null, "parent_ChoiceGroup": null, "w": 424, "h": 22, "y": 787, "x": 858, "structure_id": "Tr_89"}, {"parent_TextBlock": "Tb_7", "text": "3A. NUMBER OF UNMARRIED DEPENDENT CHILDREN", "parent_Field": null, "parent_Choice_Field": null, "parent_ChoiceGroup": null, "w": 577, "h": 22, "y": 1366, "x": 83, "structure_id": "Tr_90"}, {"parent_TextBlock": "Tb_7", "text": "See Paragraph 1 of the EVR  Instructions)", "parent_Field": null, "parent_Choice_Field": null, "parent_ChoiceGroup": null, "w": 377, "h": 22, "y": 1389, "x": 128, "structure_id": "Tr_91"}, {"parent_TextBlock": "Tb_8", "parent_Field": "Fi_3", "parent_Choice_Field": null, "parent_ChoiceGroup": null, "w": 5.558267716535397, "h": 23, "y": 301, "x": 938, "structure_id": "Tr_92"}, {"parent_TextBlock": "Tb_9", "text": "FIRST, MIDDLE, LAST NAME OF VETERAN", "parent_Field": "Fi_4", "parent_Choice_Field": null, "parent_ChoiceGroup": null, "w": 453, "h": 22, "y": 146, "x": 78, "structure_id": "Tr_93"}, {"parent_TextBlock": "Tb_10", "text": "4B. SHOW THE DATE YOU ENTERED THE NURSING HOME", "parent_Field": "Fi_5", "parent_Choice_Field": null, "parent_ChoiceGroup": null, "w": 629, "h": 22, "y": 1580, "x": 78, "structure_id": "Tr_94"}, {"parent_TextBlock": "Tb_11", "text": "1C. YOUR DATE OF BIRTH", "parent_Field": "Fi_6", "parent_Choice_Field": null, "parent_ChoiceGroup": null, "w": 292, "h": 22, "y": 881, "x": 78, "structure_id": "Tr_95"}, {"parent_TextBlock": "Tb_11", "text": "(Mo., day, yr.)", "parent_Field": "Fi_6", "parent_Choice_Field": null, "parent_ChoiceGroup": null, "w": 129, "h": 22, "y": 881, "x": 370, "structure_id": "Tr_96"}, {"parent_TextBlock": "Tb_12", "text": "FIRST, MIDDLE, LAST NAME OF SURVIVING SPOUSE", "parent_Field": "Fi_7", "parent_Choice_Field": null, "parent_ChoiceGroup": null, "w": 569, "h": 22, "y": 279, "x": 78, "structure_id": "Tr_97"}, {"parent_TextBlock": "Tb_13", "text": "VA REGIONAL OFFICE RETURN ADDRESS", "parent_Field": "Fi_8", "parent_Choice_Field": null, "parent_ChoiceGroup": null, "w": 456, "h": 22, "y": 379, "x": 938, "structure_id": "Tr_98"}, {"parent_TextBlock": "Tb_14", "text": "\u00c2\u00a02. MARITAL STATUS", "parent_Field": null, "parent_Choice_Field": null, "parent_ChoiceGroup": null, "w": 227, "h": 22, "y": 978, "x": 78, "structure_id": "Tr_99"}, {"parent_TextBlock": "Tb_14", "text": "(Check one box)", "parent_Field": null, "parent_Choice_Field": null, "parent_ChoiceGroup": null, "w": 145, "h": 22, "y": 978, "x": 305, "structure_id": "Tr_100"}, {"parent_TextBlock": "Tb_15", "text": "2S", "parent_Field": null, "parent_Choice_Field": null, "parent_ChoiceGroup": null, "w": 37, "h": 31, "y": 256, "x": 1539, "structure_id": "Tr_101"}, {"parent_TextBlock": "Tb_16", "text": "COMPLETE MAILING ADDRESS OF SURVIVING SPOUSE", "parent_Field": "Fi_9", "parent_Choice_Field": null, "parent_ChoiceGroup": null, "w": 603, "h": 22, "y": 379, "x": 78, "structure_id": "Tr_102"}, {"parent_TextBlock": "Tb_17", "text": "4C. ENTER THE NAME, COMPLETE ADDRESS, AND", "parent_Field": "Fi_10", "parent_Choice_Field": null, "parent_ChoiceGroup": null, "w": 631, "h": 22, "y": 1578, "x": 838, "structure_id": "Tr_103"}, {"parent_TextBlock": "Tb_17", "text": "TELEPHONE NUMBER OF NURSING HOME", "parent_Field": "Fi_10", "parent_Choice_Field": null, "parent_ChoiceGroup": null, "w": 511, "h": 22, "y": 1601, "x": 838, "structure_id": "Tr_104"}, {"parent_TextBlock": "Tb_17", "text": "(Please include ZIP Code)", "parent_Field": "Fi_10", "parent_Choice_Field": null, "parent_ChoiceGroup": null, "w": 253, "h": 23, "y": 1623, "x": 868, "structure_id": "Tr_105"}, {"parent_TextBlock": "Tb_18", "text": "(If  you checked \"YES,\" write in the VA File number of the other benefit)", "parent_Field": "Fi_11", "parent_Choice_Field": null, "parent_ChoiceGroup": null, "w": 643, "h": 22, "y": 2061, "x": 338, "structure_id": "Tr_106"}, {"parent_TextBlock": "Tb_19", "parent_Field": "Fi_12", "parent_Choice_Field": null, "parent_ChoiceGroup": null, "w": 186, "h": 34, "y": 1432.03125, "x": 199, "structure_id": "Tr_107"}, {"parent_TextBlock": "Tb_20", "text": "NOT IN YOUR CUSTODY", "parent_Field": "Fi_13", "parent_Choice_Field": null, "parent_ChoiceGroup": null, "w": 246, "h": 20, "y": 1440, "x": 495, "structure_id": "Tr_108"}, {"parent_TextBlock": "Tb_21", "text": "3B. AMOUNT CONTRIBUTED", "parent_Field": "Fi_14", "parent_Choice_Field": null, "parent_ChoiceGroup": null, "w": 321, "h": 22, "y": 1366, "x": 1038, "structure_id": "Tr_109"}, {"parent_TextBlock": "Tb_21", "text": "DURING PAST 12 MONTHS", "parent_Field": "Fi_14", "parent_Choice_Field": null, "parent_ChoiceGroup": null, "w": 340, "h": 22, "y": 1389, "x": 1038, "structure_id": "Tr_110"}, {"parent_TextBlock": "Tb_21", "text": "TO CHILDREN NOT IN YOUR CUSTODY", "parent_Field": "Fi_14", "parent_Choice_Field": null, "parent_ChoiceGroup": null, "w": 460, "h": 23, "y": 1411, "x": 1038, "structure_id": "Tr_111"}, {"parent_TextBlock": "Tb_22", "text": "", "parent_Field": "Fi_14", "parent_Choice_Field": null, "parent_ChoiceGroup": null, "w": 19, "h": 30, "y": 1442.03125, "x": 1062, "structure_id": "Tr_112"}, {"parent_TextBlock": "Tb_23", "parent_Field": null, "parent_Choice_Field": "Chf_1", "parent_ChoiceGroup": "Chgp_1", "w": 1151, "h": 42, "y": 1022.03125, "x": 169, "structure_id": "Tr_113"}, {"parent_TextBlock": "Tb_24", "parent_Field": null, "parent_Choice_Field": "Chf_2", "parent_ChoiceGroup": "Chgp_1", "w": 203.55826771653545, "h": 68, "y": 1145.03125, "x": 171, "structure_id": "Tr_114"}, {"parent_TextBlock": "Tb_24", "text": "(Date) AND I AM STILL MARRIED (You married after the veteran's death and you are", "parent_Field": null, "parent_Choice_Field": "Chf_2", "parent_ChoiceGroup": "Chgp_1", "w": 887.7417322834646, "h": 68, "y": 1145.03125, "x": 508.25826771653544, "structure_id": "Tr_115"}, {"parent_TextBlock": "Tb_25", "parent_Field": null, "parent_Choice_Field": "Chf_3", "parent_ChoiceGroup": "Chgp_1", "w": 989.6779527559054, "h": 67, "y": 1258.03125, "x": 168, "structure_id": "Tr_116"}, {"parent_TextBlock": "Tb_25", "parent_Field": null, "parent_Choice_Field": "Chf_3", "parent_ChoiceGroup": "Chgp_1", "w": 221.62204724409457, "h": 67, "y": 1258.03125, "x": 1291.3779527559054, "structure_id": "Tr_117"}, {"parent_TextBlock": "Tb_26", "text": "4A. ARE YOU A PATIENT IN A NURSING HOME?", "parent_Field": null, "parent_Choice_Field": null, "parent_ChoiceGroup": "Chgp_2", "w": 510, "h": 22, "y": 1486, "x": 77, "structure_id": "Tr_118"}, {"parent_TextBlock": "Tb_26", "text": "(If \"YES,\" Complete Items 4B thru 4D) If \"NO,\" go to Item 5.)", "parent_Field": null, "parent_Choice_Field": null, "parent_ChoiceGroup": "Chgp_2", "w": 555, "h": 22, "y": 1486, "x": 587, "structure_id": "Tr_119"}, {"parent_TextBlock": "Tb_27", "text": "YES", "parent_Field": null, "parent_Choice_Field": "Chf_4", "parent_ChoiceGroup": "Chgp_2", "w": 45, "h": 16, "y": 1546, "x": 132, "structure_id": "Tr_120"}, {"parent_TextBlock": "Tb_28", "text": "NO", "parent_Field": null, "parent_Choice_Field": "Chf_5", "parent_ChoiceGroup": "Chgp_2", "w": 33, "h": 16, "y": 1546, "x": 278, "structure_id": "Tr_121"}, {"parent_TextBlock": "Tb_29", "text": "4D. DOES MEDICAID COVER ALL OR PART OF YOUR NURSING", "parent_Field": null, "parent_Choice_Field": null, "parent_ChoiceGroup": "Chgp_3", "w": 682, "h": 22, "y": 1710, "x": 78, "structure_id": "Tr_122"}, {"parent_TextBlock": "Tb_29", "text": "HOME FEES?", "parent_Field": null, "parent_Choice_Field": null, "parent_ChoiceGroup": "Chgp_3", "w": 186, "h": 21, "y": 1730, "x": 78, "structure_id": "Tr_123"}, {"parent_TextBlock": "Tb_30", "text": "YES", "parent_Field": null, "parent_Choice_Field": "Chf_6", "parent_ChoiceGroup": "Chgp_3", "w": 45, "h": 16, "y": 1815, "x": 132, "structure_id": "Tr_124"}, {"parent_TextBlock": "Tb_31", "text": "NO", "parent_Field": null, "parent_Choice_Field": "Chf_7", "parent_ChoiceGroup": "Chgp_3", "w": 33, "h": 16, "y": 1815, "x": 278, "structure_id": "Tr_125"}, {"parent_TextBlock": "Tb_32", "text": "5. DID YOU RECEIVE WAGES OR WERE YOU EMPLOYED AT ANY TIME DURING THE LAST 12 MONTHS?", "parent_Field": null, "parent_Choice_Field": null, "parent_ChoiceGroup": "Chgp_4", "w": 1110, "h": 22, "y": 1847, "x": 78, "structure_id": "Tr_126"}, {"parent_TextBlock": "Tb_33", "text": "YES", "parent_Field": null, "parent_Choice_Field": "Chf_8", "parent_ChoiceGroup": "Chgp_4", "w": 45, "h": 16, "y": 1944, "x": 132, "structure_id": "Tr_127"}, {"parent_TextBlock": "Tb_34", "text": "NO", "parent_Field": null, "parent_Choice_Field": "Chf_9", "parent_ChoiceGroup": "Chgp_4", "w": 33, "h": 16, "y": 1944, "x": 278, "structure_id": "Tr_128"}, {"parent_TextBlock": "Tb_35", "text": "6. DO YOU RECEIVE ANY OTHER VA BENEFITS AS A VETERAN, PARENT, OR SURVIVING SPOUSE?", "parent_Field": null, "parent_Choice_Field": null, "parent_ChoiceGroup": "Chgp_5", "w": 1064, "h": 22, "y": 1977, "x": 77, "structure_id": "Tr_129"}, {"parent_TextBlock": "Tb_36", "text": "YES", "parent_Field": null, "parent_Choice_Field": "Chf_10", "parent_ChoiceGroup": "Chgp_5", "w": 45, "h": 16, "y": 2065, "x": 132, "structure_id": "Tr_130"}, {"parent_TextBlock": "Tb_37", "text": "NO", "parent_Field": null, "parent_Choice_Field": "Chf_11", "parent_ChoiceGroup": "Chgp_5", "w": 33, "h": 16, "y": 2065, "x": 278, "structure_id": "Tr_131"}, {"parent_TextBlock": "Tb_38", "parent_Field": null, "parent_Choice_Field": null, "parent_ChoiceGroup": null, "w": 35, "h": 47, "y": 1022.03125, "x": 94, "structure_id": "Tr_132"}, {"parent_TextBlock": "Tb_39", "parent_Field": null, "parent_Choice_Field": null, "parent_ChoiceGroup": null, "w": 29, "h": 40, "y": 1144.03125, "x": 97, "structure_id": "Tr_133"}, {"parent_TextBlock": "Tb_40", "parent_Field": null, "parent_Choice_Field": null, "parent_ChoiceGroup": null, "w": 33, "h": 39, "y": 1256.03125, "x": 96, "structure_id": "Tr_134"}, {"parent_TextBlock": "Tb_41", "text": "OLD LAW AND SECTION 306 ELIGIBILITY", "parent_Field": null, "parent_Choice_Field": null, "parent_ChoiceGroup": null, "w": 614, "h": 31, "y": 209, "x": 975, "structure_id": "Tr_135"}, {"parent_TextBlock": "Tb_41", "text": "VERIFICATION REPORT", "parent_Field": null, "parent_Choice_Field": null, "parent_ChoiceGroup": null, "w": 360, "h": 31, "y": 237, "x": 1102, "structure_id": "Tr_136"}, {"parent_TextBlock": "Tb_41", "text": "(SURVIVING SPOUSE)", "parent_Field": null, "parent_Choice_Field": null, "parent_ChoiceGroup": null, "w": 325, "h": 31, "y": 265, "x": 1115, "structure_id": "Tr_137"}, {"parent_TextBlock": "Tb_42", "text": "VA Form", "parent_Field": null, "parent_Choice_Field": null, "parent_ChoiceGroup": null, "w": 82, "h": 20, "y": 2107, "x": 77, "structure_id": "Tr_138"}, {"parent_TextBlock": "Tb_42", "text": "APR 2015", "parent_Field": null, "parent_Choice_Field": null, "parent_ChoiceGroup": null, "w": 89, "h": 19, "y": 2127, "x": 77, "structure_id": "Tr_139"}, {"parent_TextBlock": "Tb_43", "text": "Page 1", "parent_Field": null, "parent_Choice_Field": null, "parent_ChoiceGroup": null, "w": 72, "h": 22, "y": 2111, "x": 1497, "structure_id": "Tr_140"}], "ChoiceGroup": [{"y": 1018.03125, "x": 135, "structure_id": "Chgp_1", "w": 1390, "h": 312}, {"y": 1481.03125, "x": 75, "structure_id": "Chgp_2", "w": 1078, "h": 89}, {"y": 1709.03125, "x": 76, "structure_id": "Chgp_3", "w": 693, "h": 126}, {"y": 1844.03125, "x": 76, "structure_id": "Chgp_4", "w": 1127, "h": 126}, {"y": 1970.03125, "x": 73, "structure_id": "Chgp_5", "w": 1451, "h": 122}]}