{"Widget": [{"parent_Field": "Fi_1", "parent_Choice_Field": null, "parent_ChoiceGroup": null, "w": 1510.3385826771653, "h": 1808.5496062992127, "y": 254.25275590551183, "x": 103.10236220472441, "structure_id": "Wi_1"}], "TextBlock": [{"parent_Field": "Fi_1", "parent_Choice_Field": null, "parent_ChoiceGroup": null, "w": 1164, "h": 25, "y": 217, "x": 93, "structure_id": "Tb_1"}, {"parent_Field": null, "parent_Choice_Field": null, "parent_ChoiceGroup": null, "w": 1150, "h": 31, "y": 128, "x": 283, "structure_id": "Tb_2"}, {"parent_Field": null, "parent_Choice_Field": null, "parent_ChoiceGroup": null, "w": 285, "h": 20, "y": 2103, "x": 92, "structure_id": "Tb_3"}, {"parent_Field": null, "parent_Choice_Field": null, "parent_ChoiceGroup": null, "w": 81, "h": 22, "y": 2109, "x": 1530, "structure_id": "Tb_4"}], "Choice_Field": [], "Field": [{"y": 217, "x": 93, "structure_id": "Fi_1", "w": 1520.4409448818897, "h": 1845.8023622047244}], "TextRun": [{"parent_TextBlock": "Tb_1", "text": "(2)  Explain how the new assistive technology will meet a specific, unmet need among eligible individuals:", "parent_Field": "Fi_1", "parent_Choice_Field": null, "parent_ChoiceGroup": null, "w": 1164, "h": 25, "y": 217, "x": 93, "structure_id": "Tr_1"}, {"parent_TextBlock": "Tb_2", "text": "SCORING CRITERIA FOR SAH ASSISTIVE TECHNOLOGY GRANTS", "parent_Field": null, "parent_Choice_Field": null, "parent_ChoiceGroup": null, "w": 978, "h": 31, "y": 128, "x": 283, "structure_id": "Tr_2"}, {"parent_TextBlock": "Tb_2", "text": "(Continued)", "parent_Field": null, "parent_Choice_Field": null, "parent_ChoiceGroup": null, "w": 172, "h": 31, "y": 128, "x": 1261, "structure_id": "Tr_3"}, {"parent_TextBlock": "Tb_3", "text": "VA", "parent_Field": null, "parent_Choice_Field": null, "parent_ChoiceGroup": null, "w": 28, "h": 20, "y": 2103, "x": 92, "structure_id": "Tr_4"}, {"parent_TextBlock": "Tb_3", "text": "FORM 26-0967a, DEC 2015", "parent_Field": null, "parent_Choice_Field": null, "parent_ChoiceGroup": null, "w": 257, "h": 20, "y": 2103, "x": 120, "structure_id": "Tr_5"}, {"parent_TextBlock": "Tb_4", "text": "PAGE 2", "parent_Field": null, "parent_Choice_Field": null, "parent_ChoiceGroup": null, "w": 81, "h": 22, "y": 2109, "x": 1530, "structure_id": "Tr_6"}], "ChoiceGroup": []}