{"TextBlock": [{"x": 671.3333129882812, "y": 80, "w": 352, "h": 100, "jsonClass": "TextBlock"}, {"x": 1407.3333129882812, "y": 80, "w": 212, "h": 111, "jsonClass": "TextBlock"}, {"x": 771.3333129882812, "y": 2127, "w": 144, "h": 33, "jsonClass": "TextBlock"}, {"x": 399.33331298828125, "y": 200, "w": 808, "h": 27, "jsonClass": "TextBlock"}, {"x": 303.33331298828125, "y": 1608, "w": 377.0, "h": 32, "jsonClass": "TextBlock"}, {"x": 307.33331298828125, "y": 1672, "w": 220.0, "h": 39, "jsonClass": "TextBlock"}, {"x": 303.33331298828125, "y": 1740, "w": 217.0, "h": 32, "jsonClass": "TextBlock"}, {"x": 304.33331298828125, "y": 1808, "w": 155.0, "h": 28, "jsonClass": "TextBlock"}, {"x": 300.33331298828125, "y": 1875, "w": 231.0, "h": 29, "jsonClass": "TextBlock"}, {"x": 135.33331298828125, "y": 1436, "w": 953.0, "h": 83, "jsonClass": "TextBlock"}, {"x": 1152.3333129882812, "y": 1440, "w": 79.0, "h": 27, "jsonClass": "TextBlock"}, {"x": 1311.3333129882812, "y": 1440, "w": 84.0, "h": 32, "jsonClass": "TextBlock"}, {"x": 1471.3333129882812, "y": 1443, "w": 116.0, "h": 24, "jsonClass": "TextBlock"}, {"x": 135.33331298828125, "y": 991, "w": 333.0, "h": 33.63636363636374, "jsonClass": "TextBlock"}, {"x": 724.3333129882812, "y": 988, "w": 319, "h": 40, "jsonClass": "TextBlock"}, {"x": 1120.3333129882812, "y": 988, "w": 103.0, "h": 39, "jsonClass": "TextBlock"}, {"x": 1343.3333129882812, "y": 991, "w": 148.0, "h": 33, "jsonClass": "TextBlock"}, {"x": 132.33331298828125, "y": 940, "w": 563.0, "h": 36, "jsonClass": "TextBlock"}, {"x": 763.3333129882812, "y": 940, "w": 436.0, "h": 36, "jsonClass": "TextBlock"}, {"x": 79.33331298828125, "y": 639, "w": 36, "h": 37, "jsonClass": "TextBlock"}, {"x": 135.33331298828125, "y": 636, "w": 701.0, "h": 40, "jsonClass": "TextBlock"}, {"x": 80.33331298828125, "y": 688, "w": 39, "h": 36, "jsonClass": "TextBlock"}, {"x": 135.33331298828125, "y": 688, "w": 1133.0, "h": 40, "jsonClass": "TextBlock"}, {"x": 80.33331298828125, "y": 739, "w": 36, "h": 36, "jsonClass": "TextBlock"}, {"x": 139.33331298828125, "y": 740, "w": 1404.0, "h": 36, "jsonClass": "TextBlock"}, {"x": 76.33331298828125, "y": 788, "w": 39, "h": 36, "jsonClass": "TextBlock"}, {"x": 135.33331298828125, "y": 788, "w": 544.0, "h": 36, "jsonClass": "TextBlock"}, {"x": 72.33331298828125, "y": 839, "w": 39, "h": 33, "jsonClass": "TextBlock"}, {"x": 131.33331298828125, "y": 839, "w": 1233.0, "h": 37, "jsonClass": "TextBlock"}, {"x": 75.33331298828125, "y": 888, "w": 36, "h": 39, "jsonClass": "TextBlock"}, {"x": 135.33331298828125, "y": 888, "w": 913.0, "h": 36, "jsonClass": "TextBlock"}, {"x": 79.33331298828125, "y": 939, "w": 40, "h": 36, "jsonClass": "TextBlock"}, {"x": 80.33331298828125, "y": 988, "w": 35, "h": 35, "jsonClass": "TextBlock"}, {"x": 76.33331298828125, "y": 1039, "w": 39, "h": 36, "jsonClass": "TextBlock"}, {"x": 132.33331298828125, "y": 1036, "w": 1044.0, "h": 88, "jsonClass": "TextBlock"}, {"x": 79.33331298828125, "y": 1140, "w": 49, "h": 36, "jsonClass": "TextBlock"}, {"x": 131.33331298828125, "y": 1139, "w": 904.0, "h": 88, "jsonClass": "TextBlock"}, {"x": 79.33331298828125, "y": 1239, "w": 44, "h": 37.355555555555554, "jsonClass": "TextBlock"}, {"x": 132.33331298828125, "y": 1240, "w": 639.0, "h": 39, "jsonClass": "TextBlock"}, {"x": 80.33331298828125, "y": 1288, "w": 47, "h": 39, "jsonClass": "TextBlock"}, {"x": 131.33331298828125, "y": 1288, "w": 609.0, "h": 39, "jsonClass": "TextBlock"}, {"x": 79.33331298828125, "y": 1340, "w": 52, "h": 35, "jsonClass": "TextBlock"}, {"x": 139.33331298828125, "y": 1339, "w": 552.0, "h": 40, "jsonClass": "TextBlock"}, {"x": 79.33331298828125, "y": 1388, "w": 49, "h": 39, "jsonClass": "TextBlock"}, {"x": 139.33331298828125, "y": 1391, "w": 732.0, "h": 36, "jsonClass": "TextBlock"}, {"x": 79.33331298828125, "y": 1443, "w": 52, "h": 33, "jsonClass": "TextBlock"}, {"x": 76.33331298828125, "y": 1535, "w": 55, "h": 37, "jsonClass": "TextBlock"}, {"x": 79.33331298828125, "y": 1936, "w": 49, "h": 40, "jsonClass": "TextBlock"}, {"x": 139.33331298828125, "y": 1935, "w": 849.0, "h": 44, "jsonClass": "TextBlock"}, {"x": 79.33331298828125, "y": 1987, "w": 49, "h": 37, "jsonClass": "TextBlock"}, {"x": 136.33331298828125, "y": 1988, "w": 1247.0, "h": 95, "jsonClass": "TextBlock"}, {"x": 75.33331298828125, "y": 283, "w": 564.0, "h": 24.606060606060623, "jsonClass": "TextBlock"}, {"x": 75.33331298828125, "y": 500, "w": 1201.0, "h": 43.72093023255809, "jsonClass": "TextBlock"}, {"x": 1248.3333129882812, "y": 280, "w": 159.0, "h": 23, "jsonClass": "TextBlock"}, {"x": 72.33331298828125, "y": 447, "w": 1096.0, "h": 45.60118095680991, "jsonClass": "TextBlock"}, {"x": 1255.3333129882812, "y": 348, "w": 52.0, "h": 28, "jsonClass": "TextBlock"}, {"x": 71.33331298828125, "y": 348, "w": 169.0, "h": 28, "jsonClass": "TextBlock"}, {"x": 711, "y": 1535.03125, "w": 291, "h": 41, "jsonClass": "ChoiceGroupTitle"}, {"x": 136, "y": 1535.03125, "w": 570, "h": 41, "jsonClass": "SectionTitle"}, {"x": 71.33331298828125, "y": 568, "w": 284, "h": 40, "jsonClass": "SectionTitle"}, {"x": 71.33331298828125, "y": 79, "w": 356, "h": 100, "jsonClass": "HeaderTitle"}], "TextRun": [{"x": 671.3333129882812, "y": 80, "w": 352, "h": 32, "jsonClass": "TextRun"}, {"x": 716.3333129882812, "y": 120, "w": 263, "h": 28, "jsonClass": "TextRun"}, {"x": 756.3333129882812, "y": 151, "w": 187, "h": 29, "jsonClass": "TextRun"}, {"x": 1407.3333129882812, "y": 80, "w": 212, "h": 28, "jsonClass": "TextRun"}, {"x": 1495.3333129882812, "y": 119, "w": 48, "h": 24, "jsonClass": "TextRun"}, {"x": 1435.3333129882812, "y": 140, "w": 160, "h": 51, "jsonClass": "TextRun"}, {"x": 771.3333129882812, "y": 2127, "w": 144, "h": 33, "jsonClass": "TextRun"}, {"x": 399.33331298828125, "y": 200, "w": 808, "h": 27, "jsonClass": "TextRun"}, {"x": 72.33331298828125, "y": 79, "w": 355, "h": 33, "jsonClass": "TextRun"}, {"x": 71.33331298828125, "y": 116, "w": 309, "h": 28, "jsonClass": "TextRun"}, {"x": 72.33331298828125, "y": 148, "w": 183, "h": 31, "jsonClass": "TextRun"}, {"x": 303.33331298828125, "y": 1608, "w": 377, "h": 32, "jsonClass": "TextRun"}, {"x": 307.33331298828125, "y": 1672, "w": 220, "h": 39, "jsonClass": "TextRun"}, {"x": 303.33331298828125, "y": 1740, "w": 217, "h": 32, "jsonClass": "TextRun"}, {"x": 304.33331298828125, "y": 1808, "w": 155, "h": 28, "jsonClass": "TextRun"}, {"x": 300.33331298828125, "y": 1875, "w": 231, "h": 29, "jsonClass": "TextRun"}, {"x": 711, "y": 1535.03125, "w": 291, "h": 41, "jsonClass": "TextRun"}, {"x": 944.3333129882812, "y": 1436, "w": 144, "h": 32, "jsonClass": "TextRun"}, {"x": 139.33331298828125, "y": 1440, "w": 516, "h": 36, "jsonClass": "TextRun"}, {"x": 135.33331298828125, "y": 1488, "w": 320, "h": 31, "jsonClass": "TextRun"}, {"x": 1152.3333129882812, "y": 1440, "w": 79, "h": 27, "jsonClass": "TextRun"}, {"x": 1311.3333129882812, "y": 1440, "w": 84, "h": 32, "jsonClass": "TextRun"}, {"x": 1471.3333129882812, "y": 1443, "w": 116, "h": 24, "jsonClass": "TextRun"}, {"x": 135.33331298828125, "y": 991, "w": 333, "h": 33.63636363636364, "jsonClass": "TextRun"}, {"x": 724.3333129882812, "y": 988, "w": 319, "h": 40, "jsonClass": "TextRun"}, {"x": 1120.3333129882812, "y": 988, "w": 103, "h": 39, "jsonClass": "TextRun"}, {"x": 1343.3333129882812, "y": 991, "w": 148, "h": 33, "jsonClass": "TextRun"}, {"x": 132.33331298828125, "y": 940, "w": 316, "h": 32, "jsonClass": "TextRun"}, {"x": 675.3333129882812, "y": 948, "w": 20, "h": 28, "jsonClass": "TextRun"}, {"x": 763.3333129882812, "y": 940, "w": 193, "h": 31, "jsonClass": "TextRun"}, {"x": 1183.3333129882812, "y": 948, "w": 16, "h": 28, "jsonClass": "TextRun"}, {"x": 79.33331298828125, "y": 639, "w": 36, "h": 37, "jsonClass": "TextRun"}, {"x": 135.33331298828125, "y": 636, "w": 465, "h": 40, "jsonClass": "TextRun"}, {"x": 823.3333129882812, "y": 640, "w": 13, "h": 35.225806451612925, "jsonClass": "TextRun"}, {"x": 80.33331298828125, "y": 688, "w": 39, "h": 36, "jsonClass": "TextRun"}, {"x": 135.33331298828125, "y": 688, "w": 892, "h": 40, "jsonClass": "TextRun"}, {"x": 1252.3333129882812, "y": 688, "w": 16, "h": 38.83870967741939, "jsonClass": "TextRun"}, {"x": 80.33331298828125, "y": 739, "w": 36, "h": 36, "jsonClass": "TextRun"}, {"x": 139.33331298828125, "y": 740, "w": 1156, "h": 36, "jsonClass": "TextRun"}, {"x": 1519.3333129882812, "y": 748, "w": 24, "h": 28, "jsonClass": "TextRun"}, {"x": 76.33331298828125, "y": 788, "w": 39, "h": 36, "jsonClass": "TextRun"}, {"x": 135.33331298828125, "y": 788, "w": 313, "h": 36, "jsonClass": "TextRun"}, {"x": 663.3333129882812, "y": 799, "w": 16, "h": 25, "jsonClass": "TextRun"}, {"x": 72.33331298828125, "y": 839, "w": 39, "h": 33, "jsonClass": "TextRun"}, {"x": 131.33331298828125, "y": 839, "w": 976, "h": 33, "jsonClass": "TextRun"}, {"x": 1347.3333129882812, "y": 848, "w": 17, "h": 28, "jsonClass": "TextRun"}, {"x": 75.33331298828125, "y": 888, "w": 36, "h": 39, "jsonClass": "TextRun"}, {"x": 135.33331298828125, "y": 888, "w": 664.3891891891892, "h": 36, "jsonClass": "TextRun"}, {"x": 1032.3333129882812, "y": 896, "w": 16, "h": 28, "jsonClass": "TextRun"}, {"x": 79.33331298828125, "y": 939, "w": 40, "h": 36, "jsonClass": "TextRun"}, {"x": 80.33331298828125, "y": 988, "w": 35, "h": 35, "jsonClass": "TextRun"}, {"x": 76.33331298828125, "y": 1039, "w": 39, "h": 36, "jsonClass": "TextRun"}, {"x": 135.33331298828125, "y": 1036, "w": 1041, "h": 36, "jsonClass": "TextRun"}, {"x": 132.33331298828125, "y": 1091, "w": 35, "h": 28, "jsonClass": "TextRun"}, {"x": 391.33331298828125, "y": 1096, "w": 16, "h": 28, "jsonClass": "TextRun"}, {"x": 79.33331298828125, "y": 1140, "w": 49, "h": 36, "jsonClass": "TextRun"}, {"x": 139.33331298828125, "y": 1139, "w": 896, "h": 36, "jsonClass": "TextRun"}, {"x": 131.33331298828125, "y": 1188, "w": 36, "h": 35, "jsonClass": "TextRun"}, {"x": 391.33331298828125, "y": 1196, "w": 21, "h": 31, "jsonClass": "TextRun"}, {"x": 79.33331298828125, "y": 1239, "w": 44, "h": 37.355555555555554, "jsonClass": "TextRun"}, {"x": 132.33331298828125, "y": 1240, "w": 392, "h": 32, "jsonClass": "TextRun"}, {"x": 751.3333129882812, "y": 1248, "w": 20, "h": 31, "jsonClass": "TextRun"}, {"x": 80.33331298828125, "y": 1288, "w": 47, "h": 39, "jsonClass": "TextRun"}, {"x": 131.33331298828125, "y": 1288, "w": 372, "h": 35, "jsonClass": "TextRun"}, {"x": 723.3333129882812, "y": 1299, "w": 17, "h": 28, "jsonClass": "TextRun"}, {"x": 79.33331298828125, "y": 1340, "w": 52, "h": 35, "jsonClass": "TextRun"}, {"x": 139.33331298828125, "y": 1339, "w": 313, "h": 37, "jsonClass": "TextRun"}, {"x": 671.3333129882812, "y": 1352, "w": 20, "h": 27, "jsonClass": "TextRun"}, {"x": 79.33331298828125, "y": 1388, "w": 49, "h": 39, "jsonClass": "TextRun"}, {"x": 139.33331298828125, "y": 1391, "w": 484, "h": 32, "jsonClass": "TextRun"}, {"x": 852.3333129882812, "y": 1403, "w": 19, "h": 24, "jsonClass": "TextRun"}, {"x": 79.33331298828125, "y": 1443, "w": 52, "h": 33, "jsonClass": "TextRun"}, {"x": 76.33331298828125, "y": 1535, "w": 55, "h": 37, "jsonClass": "TextRun"}, {"x": 136, "y": 1535.03125, "w": 570, "h": 41, "jsonClass": "TextRun"}, {"x": 79.33331298828125, "y": 1936, "w": 49, "h": 40, "jsonClass": "TextRun"}, {"x": 404.33331298828125, "y": 1935, "w": 584, "h": 44, "jsonClass": "TextRun"}, {"x": 139.33331298828125, "y": 1936, "w": 117, "h": 43, "jsonClass": "TextRun"}, {"x": 79.33331298828125, "y": 1987, "w": 49, "h": 37, "jsonClass": "TextRun"}, {"x": 136.33331298828125, "y": 1988, "w": 656.0, "h": 36, "jsonClass": "TextRun"}, {"x": 1012.3333129882812, "y": 1988, "w": 99.0, "h": 36, "jsonClass": "TextRun"}, {"x": 1327.3333129882812, "y": 1988, "w": 56.0, "h": 36, "jsonClass": "TextRun"}, {"x": 1016.3333129882812, "y": 1992, "w": 91, "h": 31, "jsonClass": "TextRun"}, {"x": 139.33331298828125, "y": 2039, "w": 681, "h": 44, "jsonClass": "TextRun"}, {"x": 1031.3333129882812, "y": 2044, "w": 24, "h": 29, "jsonClass": "TextRun"}, {"x": 71.33331298828125, "y": 568, "w": 284, "h": 40, "jsonClass": "TextRun"}, {"x": 75.33331298828125, "y": 283, "w": 564, "h": 24.606060606060606, "jsonClass": "TextRun"}, {"x": 75.33331298828125, "y": 500, "w": 224, "h": 43.72093023255814, "jsonClass": "TextRun"}, {"x": 544.3333129882812, "y": 500, "w": 732, "h": 42.71428571428571, "jsonClass": "TextRun"}, {"x": 1248.3333129882812, "y": 280, "w": 159, "h": 23, "jsonClass": "TextRun"}, {"x": 72.33331298828125, "y": 447, "w": 851.3732767762459, "h": 45.60118095680991, "jsonClass": "TextRun"}, {"x": 1155.3333129882812, "y": 448, "w": 13, "h": 43.47500000000002, "jsonClass": "TextRun"}, {"x": 1255.3333129882812, "y": 348, "w": 52, "h": 28, "jsonClass": "TextRun"}, {"x": 71.33331298828125, "y": 348, "w": 169, "h": 28, "jsonClass": "TextRun"}], "ChoiceGroup": [{"x": 133, "y": 1531.03125, "w": 872, "h": 384, "jsonClass": "ChoiceGroup"}, {"x": 1110, "y": 1433.03125, "w": 487, "h": 47, "jsonClass": "ChoiceGroup"}, {"x": 1074, "y": 982.03125, "w": 441, "h": 48, "jsonClass": "ChoiceGroup"}], "ChoiceField": [{"x": 267.83331298828125, "y": 1608, "w": 412.5, "h": 32, "jsonClass": "ChoiceField"}, {"x": 267.33331298828125, "y": 1672, "w": 260, "h": 39, "jsonClass": "ChoiceField"}, {"x": 267.33331298828125, "y": 1740, "w": 253, "h": 32, "jsonClass": "ChoiceField"}, {"x": 264.33331298828125, "y": 1808, "w": 195, "h": 28, "jsonClass": "ChoiceField"}, {"x": 267.33331298828125, "y": 1875, "w": 264, "h": 29, "jsonClass": "ChoiceField"}, {"x": 1116.3333129882812, "y": 1440, "w": 115, "h": 32.09090909090901, "jsonClass": "ChoiceField"}, {"x": 1275.3333129882812, "y": 1440, "w": 120, "h": 33.60686015831129, "jsonClass": "ChoiceField"}, {"x": 1435.3333129882812, "y": 1443, "w": 152, "h": 28, "jsonClass": "ChoiceField"}, {"x": 1084.3333129882812, "y": 988, "w": 139, "h": 39, "jsonClass": "ChoiceField"}, {"x": 1304.3333129882812, "y": 991, "w": 187, "h": 33, "jsonClass": "ChoiceField"}], "Widget": [{"x": 267.83331298828125, "y": 1611.5, "w": 27.609375, "h": 27.609375, "jsonClass": "Widget"}, {"x": 267.33331298828125, "y": 1678, "w": 28.08716707021792, "h": 28.14570562980869, "jsonClass": "Widget"}, {"x": 267.33331298828125, "y": 1740, "w": 28, "h": 32, "jsonClass": "Widget"}, {"x": 264.33331298828125, "y": 1812, "w": 27, "h": 24, "jsonClass": "Widget"}, {"x": 267.33331298828125, "y": 1876, "w": 24, "h": 28, "jsonClass": "Widget"}, {"x": 660.3333129882812, "y": 1435, "w": 276, "h": 44, "jsonClass": "Widget"}, {"x": 1116.3333129882812, "y": 1443, "w": 28, "h": 29.09090909090909, "jsonClass": "Widget"}, {"x": 1275.3333129882812, "y": 1443, "w": 31.730769230769234, "h": 30.606860158311342, "jsonClass": "Widget"}, {"x": 1435.3333129882812, "y": 1443, "w": 29, "h": 28, "jsonClass": "Widget"}, {"x": 483.33331298828125, "y": 992, "w": 235.9322033898305, "h": 32, "jsonClass": "Widget"}, {"x": 1084.3333129882812, "y": 992, "w": 31, "h": 28, "jsonClass": "Widget"}, {"x": 1304.3333129882812, "y": 992, "w": 31, "h": 28, "jsonClass": "Widget"}, {"x": 452.33331298828125, "y": 943, "w": 220, "h": 32.651162790697676, "jsonClass": "Widget"}, {"x": 963.3333129882812, "y": 940, "w": 220, "h": 36, "jsonClass": "Widget"}, {"x": 607.3333129882812, "y": 639, "w": 212, "h": 37, "jsonClass": "Widget"}, {"x": 1030.3333129882812, "y": 688, "w": 220, "h": 38.88888888888889, "jsonClass": "Widget"}, {"x": 1300.3333129882812, "y": 740, "w": 216, "h": 35, "jsonClass": "Widget"}, {"x": 451.33331298828125, "y": 792, "w": 208, "h": 32, "jsonClass": "Widget"}, {"x": 1123.3333129882812, "y": 840, "w": 220, "h": 36, "jsonClass": "Widget"}, {"x": 815.3333129882812, "y": 892, "w": 216, "h": 32, "jsonClass": "Widget"}, {"x": 1192.3333129882812, "y": 1040, "w": 440, "h": 36, "jsonClass": "Widget"}, {"x": 183.33331298828125, "y": 1091, "w": 204, "h": 33, "jsonClass": "Widget"}, {"x": 1043.3333129882812, "y": 1140, "w": 585.9745547073792, "h": 38.857142857142854, "jsonClass": "Widget"}, {"x": 185.33331298828125, "y": 1195, "w": 205, "h": 33, "jsonClass": "Widget"}, {"x": 531.3333129882812, "y": 1240, "w": 220, "h": 36, "jsonClass": "Widget"}, {"x": 515.3333129882812, "y": 1291, "w": 208, "h": 33, "jsonClass": "Widget"}, {"x": 459.33331298828125, "y": 1340, "w": 209, "h": 36.03603603603604, "jsonClass": "Widget"}, {"x": 631.3333129882812, "y": 1388, "w": 212, "h": 39, "jsonClass": "Widget"}, {"x": 263.33331298828125, "y": 1936, "w": 133, "h": 40, "jsonClass": "Widget"}, {"x": 792.3333129882812, "y": 1992, "w": 220, "h": 35, "jsonClass": "Widget"}, {"x": 1111.3333129882812, "y": 1988, "w": 216, "h": 36, "jsonClass": "Widget"}, {"x": 824.3333129882812, "y": 2040, "w": 204, "h": 36, "jsonClass": "Widget"}, {"x": 68.33331298828125, "y": 312, "w": 1179, "h": 36, "jsonClass": "Widget"}, {"x": 299.33331298828125, "y": 500, "w": 244, "h": 42.926829268292686, "jsonClass": "Widget"}, {"x": 1251.3333129882812, "y": 312, "w": 380, "h": 36, "jsonClass": "Widget"}, {"x": 931.3333129882812, "y": 452, "w": 224, "h": 40, "jsonClass": "Widget"}, {"x": 1252.3333129882812, "y": 376, "w": 379.82608695652175, "h": 37.714285714285715, "jsonClass": "Widget"}, {"x": 72.33331298828125, "y": 378, "w": 1179, "h": 37, "jsonClass": "Widget"}], "ChoiceGroupTitle": [{"x": 711, "y": 1535.03125, "w": 291, "h": 41, "jsonClass": "ChoiceGroupTitle"}], "Field": [{"x": 135.33331298828125, "y": 1435, "w": 953, "h": 84, "jsonClass": "Field"}, {"x": 135.33331298828125, "y": 988, "w": 908, "h": 40, "jsonClass": "Field"}, {"x": 132.33331298828125, "y": 940, "w": 563, "h": 36, "jsonClass": "Field"}, {"x": 763.3333129882812, "y": 940, "w": 436, "h": 36, "jsonClass": "Field"}, {"x": 135.33331298828125, "y": 636, "w": 701, "h": 40, "jsonClass": "Field"}, {"x": 135.33331298828125, "y": 688, "w": 1133, "h": 40, "jsonClass": "Field"}, {"x": 139.33331298828125, "y": 740, "w": 1404, "h": 36, "jsonClass": "Field"}, {"x": 135.33331298828125, "y": 788, "w": 544, "h": 36, "jsonClass": "Field"}, {"x": 131.33331298828125, "y": 839, "w": 1233, "h": 37, "jsonClass": "Field"}, {"x": 135.33331298828125, "y": 888, "w": 913, "h": 36, "jsonClass": "Field"}, {"x": 132.33331298828125, "y": 1036, "w": 1500, "h": 88, "jsonClass": "Field"}, {"x": 131.33331298828125, "y": 1139, "w": 1497.9745547073792, "h": 89, "jsonClass": "Field"}, {"x": 132.33331298828125, "y": 1240, "w": 639, "h": 39, "jsonClass": "Field"}, {"x": 131.33331298828125, "y": 1288, "w": 609, "h": 39, "jsonClass": "Field"}, {"x": 139.33331298828125, "y": 1339, "w": 552, "h": 40, "jsonClass": "Field"}, {"x": 139.33331298828125, "y": 1388, "w": 732, "h": 39, "jsonClass": "Field"}, {"x": 139.33331298828125, "y": 1935, "w": 849, "h": 44, "jsonClass": "Field"}, {"x": 136.33331298828125, "y": 1988, "w": 1247, "h": 95, "jsonClass": "Field"}, {"x": 68.33331298828125, "y": 283, "w": 1179, "h": 65, "jsonClass": "Field"}, {"x": 75.33331298828125, "y": 500, "w": 1201, "h": 43.72093023255809, "jsonClass": "Field"}, {"x": 1248.3333129882812, "y": 280, "w": 383, "h": 68, "jsonClass": "Field"}, {"x": 72.33331298828125, "y": 447, "w": 1096, "h": 45.60118095680991, "jsonClass": "Field"}, {"x": 1252.3333129882812, "y": 348, "w": 379.82608695652175, "h": 65.71428571428572, "jsonClass": "Field"}, {"x": 71.33331298828125, "y": 348, "w": 1180, "h": 67, "jsonClass": "Field"}, {"x": 267.83331298828125, "y": 1608, "w": 412.5, "h": 32, "jsonClass": "ChoiceField"}, {"x": 267.33331298828125, "y": 1672, "w": 260, "h": 39, "jsonClass": "ChoiceField"}, {"x": 267.33331298828125, "y": 1740, "w": 253, "h": 32, "jsonClass": "ChoiceField"}, {"x": 264.33331298828125, "y": 1808, "w": 195, "h": 28, "jsonClass": "ChoiceField"}, {"x": 267.33331298828125, "y": 1875, "w": 264, "h": 29, "jsonClass": "ChoiceField"}, {"x": 1116.3333129882812, "y": 1440, "w": 115, "h": 32.09090909090901, "jsonClass": "ChoiceField"}, {"x": 1275.3333129882812, "y": 1440, "w": 120, "h": 33.60686015831129, "jsonClass": "ChoiceField"}, {"x": 1435.3333129882812, "y": 1443, "w": 152, "h": 28, "jsonClass": "ChoiceField"}, {"x": 1084.3333129882812, "y": 988, "w": 139, "h": 39, "jsonClass": "ChoiceField"}, {"x": 1304.3333129882812, "y": 991, "w": 187, "h": 33, "jsonClass": "ChoiceField"}], "List": [{"x": 69.00031709704558, "y": 632.03125, "w": 1562.9920110796731, "h": 1450.8255633877861, "jsonClass": "List"}]}