{"TextBlock": [{"x": 139, "y": 127, "w": 237, "h": 113, "jsonClass": "TextBlock"}, {"x": 1244, "y": 105, "w": 137, "h": 19, "jsonClass": "TextBlock"}, {"x": 1244, "y": 187, "w": 146, "h": 20, "jsonClass": "TextBlock"}, {"x": 743, "y": 2120, "w": 251, "h": 20, "jsonClass": "TextBlock"}, {"x": 125, "y": 1597, "w": 1374, "h": 82, "jsonClass": "TextBlock"}, {"x": 1390, "y": 357, "w": 79, "h": 19, "jsonClass": "TextBlock"}, {"x": 1244, "y": 267, "w": 80, "h": 19, "jsonClass": "TextBlock"}, {"x": 139, "y": 402, "w": 459, "h": 19, "jsonClass": "TextBlock"}, {"x": 139, "y": 264, "w": 520, "h": 20, "jsonClass": "TextBlock"}, {"x": 131, "y": 1217, "w": 426, "h": 19, "jsonClass": "TextBlock"}, {"x": 506, "y": 1382, "w": 733, "h": 28, "jsonClass": "TextBlock"}, {"x": 423, "y": 1828, "w": 54, "h": 20, "jsonClass": "TextBlock"}, {"x": 1154, "y": 1866, "w": 50, "h": 19, "jsonClass": "TextBlock"}, {"x": 553, "y": 1901, "w": 633, "h": 28, "jsonClass": "TextBlock"}, {"x": 131, "y": 2081, "w": 161, "h": 19, "jsonClass": "TextBlock"}, {"x": 982, "y": 1769, "w": 395, "h": 19, "jsonClass": "TextBlock"}, {"x": 1265, "y": 1177, "w": 72, "h": 23, "jsonClass": "TextBlock"}, {"x": 1379, "y": 742, "w": 198, "h": 20, "jsonClass": "TextBlock"}, {"x": 1153, "y": 742, "w": 54, "h": 20, "jsonClass": "TextBlock"}, {"x": 1279, "y": 742, "w": 40, "h": 20, "jsonClass": "TextBlock"}, {"x": 600, "y": 725, "w": 220, "h": 19, "jsonClass": "TextBlock"}, {"x": 290, "y": 711, "w": 101, "h": 43, "jsonClass": "TextBlock"}, {"x": 1170, "y": 706, "w": 111, "h": 20, "jsonClass": "TextBlock"}, {"x": 1020, "y": 713, "w": 68, "h": 43, "jsonClass": "TextBlock"}, {"x": 135, "y": 725, "w": 110, "h": 19, "jsonClass": "TextBlock"}, {"x": 1438, "y": 708, "w": 84, "h": 20, "jsonClass": "TextBlock"}, {"x": 502, "y": 152, "w": 617, "h": 61, "jsonClass": "HeaderTitle"}], "TextRun": [{"x": 139, "y": 127, "w": 183, "h": 19, "jsonClass": "TextRun"}, {"x": 139, "y": 150, "w": 168, "h": 20, "jsonClass": "TextRun"}, {"x": 139, "y": 174, "w": 237, "h": 19, "jsonClass": "TextRun"}, {"x": 139, "y": 197, "w": 136, "h": 19, "jsonClass": "TextRun"}, {"x": 139, "y": 220, "w": 82, "h": 20, "jsonClass": "TextRun"}, {"x": 1244, "y": 105, "w": 137, "h": 19, "jsonClass": "TextRun"}, {"x": 1244, "y": 187, "w": 146, "h": 20, "jsonClass": "TextRun"}, {"x": 743, "y": 2120, "w": 251, "h": 20, "jsonClass": "TextRun"}, {"x": 619, "y": 152, "w": 390, "h": 27, "jsonClass": "TextRun"}, {"x": 502, "y": 185, "w": 617, "h": 28, "jsonClass": "TextRun"}, {"x": 626, "y": 1597, "w": 492, "h": 28, "jsonClass": "TextRun"}, {"x": 243, "y": 1630, "w": 1256, "h": 23, "jsonClass": "TextRun"}, {"x": 125, "y": 1657, "w": 1139, "h": 22, "jsonClass": "TextRun"}, {"x": 1390, "y": 357, "w": 79, "h": 19, "jsonClass": "TextRun"}, {"x": 1244, "y": 267, "w": 80, "h": 19, "jsonClass": "TextRun"}, {"x": 139, "y": 402, "w": 459, "h": 19, "jsonClass": "TextRun"}, {"x": 139, "y": 264, "w": 520, "h": 20, "jsonClass": "TextRun"}, {"x": 131, "y": 1217, "w": 426, "h": 19, "jsonClass": "TextRun"}, {"x": 506, "y": 1382, "w": 446, "h": 28, "jsonClass": "TextRun"}, {"x": 952, "y": 1382, "w": 287, "h": 28, "jsonClass": "TextRun"}, {"x": 423, "y": 1828, "w": 54, "h": 20, "jsonClass": "TextRun"}, {"x": 1154, "y": 1866, "w": 50, "h": 19, "jsonClass": "TextRun"}, {"x": 553, "y": 1901, "w": 446, "h": 28, "jsonClass": "TextRun"}, {"x": 999, "y": 1901, "w": 187, "h": 28, "jsonClass": "TextRun"}, {"x": 131, "y": 2081, "w": 161, "h": 19, "jsonClass": "TextRun"}, {"x": 982, "y": 1769, "w": 395, "h": 19, "jsonClass": "TextRun"}, {"x": 1265, "y": 1177, "w": 72, "h": 23, "jsonClass": "TextRun"}, {"x": 1379, "y": 742, "w": 198, "h": 20, "jsonClass": "TextRun"}, {"x": 1153, "y": 742, "w": 54, "h": 20, "jsonClass": "TextRun"}, {"x": 1279, "y": 742, "w": 40, "h": 20, "jsonClass": "TextRun"}, {"x": 600, "y": 725, "w": 220, "h": 19, "jsonClass": "TextRun"}, {"x": 296, "y": 711, "w": 95, "h": 20, "jsonClass": "TextRun"}, {"x": 290, "y": 734, "w": 96, "h": 20, "jsonClass": "TextRun"}, {"x": 1170, "y": 706, "w": 111, "h": 20, "jsonClass": "TextRun"}, {"x": 1020, "y": 713, "w": 68, "h": 20, "jsonClass": "TextRun"}, {"x": 1030, "y": 737, "w": 42, "h": 19, "jsonClass": "TextRun"}, {"x": 135, "y": 725, "w": 110, "h": 19, "jsonClass": "TextRun"}, {"x": 1438, "y": 708, "w": 84, "h": 20, "jsonClass": "TextRun"}], "Field": [{"x": 1244, "y": 105, "w": 360.9275590551183, "h": 70.11102362204724, "jsonClass": "Field"}, {"x": 1244, "y": 187, "w": 360.9275590551183, "h": 74.21102362204726, "jsonClass": "Field"}, {"x": 1249.9748031496065, "y": 357, "w": 356.70000000000005, "h": 231.87480314960635, "jsonClass": "Field"}, {"x": 1244, "y": 267, "w": 360.9275590551183, "h": 77.56614173228343, "jsonClass": "Field"}, {"x": 139, "y": 402, "w": 791.0173228346457, "h": 281.36456692913384, "jsonClass": "Field"}, {"x": 138.70866141732284, "y": 264, "w": 1089.6385826771652, "h": 125.65275590551187, "jsonClass": "Field"}, {"x": 131, "y": 1217, "w": 1457.8748031496066, "h": 144.15511811023612, "jsonClass": "Field"}, {"x": 136.76377952755905, "y": 1382, "w": 1452.1110236220475, "h": 201.30551181102373, "jsonClass": "Field"}, {"x": 218.81968503937009, "y": 1783.3086614173228, "w": 461.73307086614165, "h": 64.69133858267719, "jsonClass": "Field"}, {"x": 864.0385826771654, "y": 1822.1582677165354, "w": 630.5496062992128, "h": 62.84173228346458, "jsonClass": "Field"}, {"x": 136.76377952755905, "y": 1901, "w": 1452.1110236220475, "h": 165.5669291338586, "jsonClass": "Field"}, {"x": 131, "y": 2072.9141732283465, "w": 623.1724409448818, "h": 36.11968503936987, "jsonClass": "Field"}, {"x": 874.9385826771654, "y": 1686.772440944882, "w": 612.5968503937008, "h": 101.22755905511804, "jsonClass": "Field"}], "Widget": [{"x": 1247.3307086614175, "y": 136.06377952755906, "w": 357.5968503937008, "h": 39.047244094488185, "jsonClass": "Widget"}, {"x": 1247.3307086614175, "y": 219.4251968503937, "w": 357.5968503937008, "h": 41.78582677165355, "jsonClass": "Widget"}, {"x": 1249.9748031496065, "y": 388.87480314960635, "w": 356.7, "h": 200, "jsonClass": "Widget"}, {"x": 1247.3307086614175, "y": 302.7803149606299, "w": 357.5968503937008, "h": 41.78582677165355, "jsonClass": "Widget"}, {"x": 275.02519685039374, "y": 474.9614173228347, "w": 654.992125984252, "h": 208.4031496062992, "jsonClass": "Widget"}, {"x": 138.70866141732284, "y": 293.6220472440945, "w": 1089.6385826771652, "h": 96.03070866141732, "jsonClass": "Widget"}, {"x": 136.76377952755905, "y": 1258.3692913385826, "w": 1452.1110236220475, "h": 102.78582677165355, "jsonClass": "Widget"}, {"x": 136.76377952755905, "y": 1430.5496062992127, "w": 1452.1110236220475, "h": 152.75590551181102, "jsonClass": "Widget"}, {"x": 218.81968503937009, "y": 1783.3086614173228, "w": 461.7330708661417, "h": 34.7, "jsonClass": "Widget"}, {"x": 864.0385826771654, "y": 1822.1582677165354, "w": 630.5496062992127, "h": 36.11968503937008, "jsonClass": "Widget"}, {"x": 136.76377952755905, "y": 1944.3614173228348, "w": 1452.1110236220475, "h": 122.20551181102363, "jsonClass": "Widget"}, {"x": 302.0472440944882, "y": 2072.9141732283465, "w": 452.1251968503937, "h": 36.11968503937008, "jsonClass": "Widget"}, {"x": 874.9385826771654, "y": 1686.772440944882, "w": 612.5968503937008, "h": 72.9748031496063, "jsonClass": "Widget"}, {"x": 1349.3559055118112, "y": 1169.4503937007873, "w": 255.05511811023626, "h": 36.11968503937008, "jsonClass": "Widget"}, {"x": 1108, "y": 785.03125, "w": 134, "h": 357, "jsonClass": "Widget"}, {"x": 133, "y": 779.03125, "w": 90, "h": 414, "jsonClass": "Widget"}, {"x": 255, "y": 785.03125, "w": 156, "h": 414, "jsonClass": "Widget"}, {"x": 432, "y": 790.03125, "w": 555, "h": 411, "jsonClass": "Widget"}, {"x": 1006, "y": 784.03125, "w": 81, "h": 363, "jsonClass": "Widget"}, {"x": 1350.999986213172, "y": 784.03125, "w": 219, "h": 370, "jsonClass": "Widget"}, {"x": 1260, "y": 788.03125, "w": 75, "h": 369, "jsonClass": "Widget"}], "Table": [{"x": 123, "y": 695.03125, "w": 1485, "h": 512, "jsonClass": "Table"}]}