{"TextBlock": [{"x": 1351, "y": 2096, "w": 276, "h": 25, "jsonClass": "TextBlock"}, {"x": 857, "y": 375, "w": 110, "h": 19, "jsonClass": "TextBlock"}, {"x": 857, "y": 127, "w": 237, "h": 20, "jsonClass": "TextBlock"}, {"x": 1128, "y": 375, "w": 303, "h": 19, "jsonClass": "TextBlock"}, {"x": 75, "y": 229, "w": 189, "h": 19, "jsonClass": "TextBlock"}, {"x": 354, "y": 375, "w": 304, "h": 19, "jsonClass": "TextBlock"}, {"x": 858, "y": 1848, "w": 101, "h": 19, "jsonClass": "TextBlock"}, {"x": 75, "y": 2012, "w": 95, "h": 19, "jsonClass": "TextBlock"}, {"x": 1281, "y": 127, "w": 334, "h": 20, "jsonClass": "TextBlock"}, {"x": 75, "y": 127, "w": 200, "h": 20, "jsonClass": "TextBlock"}, {"x": 858, "y": 2012, "w": 95, "h": 19, "jsonClass": "TextBlock"}, {"x": 75, "y": 375, "w": 110, "h": 19, "jsonClass": "TextBlock"}, {"x": 75, "y": 1691, "w": 129, "h": 20, "jsonClass": "TextBlock"}, {"x": 857, "y": 229, "w": 158, "h": 19, "jsonClass": "TextBlock"}, {"x": 600, "y": 127, "w": 73, "h": 20, "jsonClass": "TextBlock"}, {"x": 75, "y": 1848, "w": 155, "h": 19, "jsonClass": "TextBlock"}, {"x": 1435, "y": 1848, "w": 164, "h": 19, "jsonClass": "TextBlock"}, {"x": 1435, "y": 1929, "w": 95, "h": 19, "jsonClass": "TextBlock"}, {"x": 858, "y": 1929, "w": 275, "h": 19, "jsonClass": "TextBlock"}, {"x": 75, "y": 1929, "w": 412, "h": 19, "jsonClass": "TextBlock"}, {"x": 598, "y": 1929, "w": 95, "h": 19, "jsonClass": "TextBlock"}, {"x": 81, "y": 507, "w": 98, "h": 64.03125, "jsonClass": "TextBlock"}, {"x": 1472, "y": 460, "w": 156, "h": 114, "jsonClass": "TextBlock"}, {"x": 217, "y": 496, "w": 112, "h": 76.03125, "jsonClass": "TextBlock"}, {"x": 482, "y": 507, "w": 231, "h": 65.03125, "jsonClass": "TextBlock"}, {"x": 1169, "y": 472, "w": 69, "h": 102, "jsonClass": "TextBlock"}, {"x": 1299, "y": 472, "w": 151, "h": 102, "jsonClass": "TextBlock"}, {"x": 885, "y": 472, "w": 201, "h": 102, "jsonClass": "TextBlock"}, {"x": 70, "y": 2096, "w": 474, "h": 25, "jsonClass": "TextBlock"}, {"x": 547, "y": 70, "w": 604, "h": 30, "jsonClass": "SectionTitle"}], "TextRun": [{"x": 1351, "y": 2096, "w": 54, "h": 25, "jsonClass": "TextRun"}, {"x": 1412, "y": 2100, "w": 57, "h": 20, "jsonClass": "TextRun"}, {"x": 1476, "y": 2096, "w": 42, "h": 25, "jsonClass": "TextRun"}, {"x": 1525, "y": 2100, "w": 102, "h": 20, "jsonClass": "TextRun"}, {"x": 857, "y": 375, "w": 110, "h": 19, "jsonClass": "TextRun"}, {"x": 857, "y": 127, "w": 237, "h": 20, "jsonClass": "TextRun"}, {"x": 1128, "y": 375, "w": 303, "h": 19, "jsonClass": "TextRun"}, {"x": 75, "y": 229, "w": 189, "h": 19, "jsonClass": "TextRun"}, {"x": 354, "y": 375, "w": 304, "h": 19, "jsonClass": "TextRun"}, {"x": 858, "y": 1848, "w": 101, "h": 19, "jsonClass": "TextRun"}, {"x": 75, "y": 2012, "w": 95, "h": 19, "jsonClass": "TextRun"}, {"x": 1281, "y": 127, "w": 334, "h": 20, "jsonClass": "TextRun"}, {"x": 75, "y": 127, "w": 200, "h": 20, "jsonClass": "TextRun"}, {"x": 858, "y": 2012, "w": 95, "h": 19, "jsonClass": "TextRun"}, {"x": 75, "y": 375, "w": 110, "h": 19, "jsonClass": "TextRun"}, {"x": 75, "y": 1691, "w": 129, "h": 20, "jsonClass": "TextRun"}, {"x": 857, "y": 229, "w": 158, "h": 19, "jsonClass": "TextRun"}, {"x": 600, "y": 127, "w": 73, "h": 20, "jsonClass": "TextRun"}, {"x": 75, "y": 1848, "w": 155, "h": 19, "jsonClass": "TextRun"}, {"x": 1435, "y": 1848, "w": 164, "h": 19, "jsonClass": "TextRun"}, {"x": 1435, "y": 1929, "w": 95, "h": 19, "jsonClass": "TextRun"}, {"x": 858, "y": 1929, "w": 179, "h": 19, "jsonClass": "TextRun"}, {"x": 1037, "y": 1929, "w": 96, "h": 19, "jsonClass": "TextRun"}, {"x": 75, "y": 1929, "w": 310, "h": 19, "jsonClass": "TextRun"}, {"x": 385, "y": 1929, "w": 102, "h": 19, "jsonClass": "TextRun"}, {"x": 598, "y": 1929, "w": 95, "h": 19, "jsonClass": "TextRun"}, {"x": 81, "y": 507, "w": 98, "h": 20, "jsonClass": "TextRun"}, {"x": 118, "y": 551.03125, "w": 21, "h": 20, "jsonClass": "TextRun"}, {"x": 1472, "y": 460, "w": 156, "h": 19, "jsonClass": "TextRun"}, {"x": 1498, "y": 483, "w": 103, "h": 20, "jsonClass": "TextRun"}, {"x": 1484, "y": 507, "w": 132, "h": 19, "jsonClass": "TextRun"}, {"x": 1499, "y": 530, "w": 96, "h": 19, "jsonClass": "TextRun"}, {"x": 1536, "y": 554, "w": 22, "h": 20, "jsonClass": "TextRun"}, {"x": 217, "y": 496, "w": 112, "h": 19, "jsonClass": "TextRun"}, {"x": 242, "y": 519, "w": 56, "h": 19, "jsonClass": "TextRun"}, {"x": 256, "y": 553.03125, "w": 29, "h": 19, "jsonClass": "TextRun"}, {"x": 482, "y": 507, "w": 231, "h": 20, "jsonClass": "TextRun"}, {"x": 583, "y": 553.03125, "w": 33, "h": 19, "jsonClass": "TextRun"}, {"x": 1173, "y": 472, "w": 61, "h": 20, "jsonClass": "TextRun"}, {"x": 1169, "y": 496, "w": 69, "h": 19, "jsonClass": "TextRun"}, {"x": 1189, "y": 519, "w": 24, "h": 19, "jsonClass": "TextRun"}, {"x": 1190, "y": 554, "w": 22, "h": 20, "jsonClass": "TextRun"}, {"x": 1299, "y": 472, "w": 151, "h": 20, "jsonClass": "TextRun"}, {"x": 1329, "y": 496, "w": 90, "h": 19, "jsonClass": "TextRun"}, {"x": 1360, "y": 519, "w": 23, "h": 19, "jsonClass": "TextRun"}, {"x": 1361, "y": 554, "w": 21, "h": 20, "jsonClass": "TextRun"}, {"x": 885, "y": 472, "w": 201, "h": 20, "jsonClass": "TextRun"}, {"x": 968, "y": 496, "w": 35, "h": 19, "jsonClass": "TextRun"}, {"x": 928, "y": 519, "w": 109, "h": 19, "jsonClass": "TextRun"}, {"x": 972, "y": 554, "w": 21, "h": 20, "jsonClass": "TextRun"}, {"x": 547, "y": 70, "w": 604, "h": 30, "jsonClass": "TextRun"}, {"x": 70, "y": 2096, "w": 474, "h": 25, "jsonClass": "TextRun"}], "Field": [{"x": 856.6141732283464, "y": 375, "w": 253.78031496062988, "h": 69.35511811023628, "jsonClass": "Field"}, {"x": 856.6141732283464, "y": 127, "w": 405.90551181102353, "h": 89.00787401574803, "jsonClass": "Field"}, {"x": 1127.6385826771652, "y": 375, "w": 491.1023622047244, "h": 69.35511811023628, "jsonClass": "Field"}, {"x": 75, "y": 229, "w": 764.6055118110236, "h": 133.41653543307086, "jsonClass": "Field"}, {"x": 354, "y": 375, "w": 485.60866141732276, "h": 69.35511811023628, "jsonClass": "Field"}, {"x": 857.5582677165354, "y": 1848, "w": 559.1330708661418, "h": 70.64488188976384, "jsonClass": "Field"}, {"x": 75, "y": 2012, "w": 758.3220472440945, "h": 71.52834645669327, "jsonClass": "Field"}, {"x": 1281, "y": 127, "w": 335.6133858267717, "h": 89.00787401574803, "jsonClass": "Field"}, {"x": 75, "y": 127, "w": 506.25826771653544, "h": 89.00787401574803, "jsonClass": "Field"}, {"x": 857.5582677165354, "y": 2012, "w": 758.2834645669292, "h": 71.52834645669327, "jsonClass": "Field"}, {"x": 75, "y": 375, "w": 253.81889763779532, "h": 69.35511811023628, "jsonClass": "Field"}, {"x": 75, "y": 1691, "w": 1536.1244094488188, "h": 143.62204724409435, "jsonClass": "Field"}, {"x": 856.6141732283464, "y": 229, "w": 756.2196850393701, "h": 133.41653543307086, "jsonClass": "Field"}, {"x": 599.9220472440945, "y": 127, "w": 189.5275590551181, "h": 89.00787401574803, "jsonClass": "Field"}, {"x": 75, "y": 1848, "w": 758.3220472440945, "h": 70.64488188976384, "jsonClass": "Field"}, {"x": 1435, "y": 1848, "w": 164.34724409448813, "h": 70.64488188976384, "jsonClass": "Field"}, {"x": 1435, "y": 1929, "w": 189.6472440944881, "h": 70.18031496062986, "jsonClass": "Field"}, {"x": 858, "y": 1929, "w": 545.5976377952757, "h": 67.22519685039379, "jsonClass": "Field"}, {"x": 75, "y": 1929, "w": 493.81732283464567, "h": 67.21889763779541, "jsonClass": "Field"}, {"x": 597.9527559055118, "y": 1929, "w": 189.5275590551181, "h": 70.18031496062986, "jsonClass": "Field"}], "Widget": [{"x": 856.6141732283464, "y": 408.92204724409453, "w": 253.78031496062994, "h": 35.43307086614173, "jsonClass": "Widget"}, {"x": 856.6141732283464, "y": 180.57480314960628, "w": 405.9055118110236, "h": 35.43307086614173, "jsonClass": "Widget"}, {"x": 1127.6385826771652, "y": 408.92204724409453, "w": 491.1023622047244, "h": 35.43307086614173, "jsonClass": "Widget"}, {"x": 75.03858267716535, "y": 261.58346456692914, "w": 764.5669291338583, "h": 100.83307086614174, "jsonClass": "Widget"}, {"x": 354.2527559055118, "y": 408.92204724409453, "w": 485.35590551181105, "h": 35.43307086614173, "jsonClass": "Widget"}, {"x": 857.5582677165354, "y": 1878.708661417323, "w": 559.1330708661418, "h": 39.93622047244095, "jsonClass": "Widget"}, {"x": 75.03858267716535, "y": 2043.592125984252, "w": 758.2834645669292, "h": 39.93622047244095, "jsonClass": "Widget"}, {"x": 1281.18031496063, "y": 180.57480314960628, "w": 335.43307086614175, "h": 35.43307086614173, "jsonClass": "Widget"}, {"x": 75.03858267716535, "y": 180.57480314960628, "w": 506.2196850393701, "h": 35.43307086614173, "jsonClass": "Widget"}, {"x": 857.5582677165354, "y": 2043.592125984252, "w": 758.2834645669292, "h": 39.93622047244095, "jsonClass": "Widget"}, {"x": 75.03858267716535, "y": 408.92204724409453, "w": 253.78031496062994, "h": 35.43307086614173, "jsonClass": "Widget"}, {"x": 75.03858267716535, "y": 1733.3307086614172, "w": 1536.0858267716535, "h": 101.29133858267717, "jsonClass": "Widget"}, {"x": 856.6141732283464, "y": 261.58346456692914, "w": 756.2196850393701, "h": 100.83307086614174, "jsonClass": "Widget"}, {"x": 599.9220472440945, "y": 180.57480314960628, "w": 189.5275590551181, "h": 35.43307086614173, "jsonClass": "Widget"}, {"x": 75.03858267716535, "y": 1878.708661417323, "w": 758.2834645669292, "h": 39.93622047244095, "jsonClass": "Widget"}, {"x": 1435.11968503937, "y": 1878.708661417323, "w": 164.22755905511812, "h": 39.93622047244095, "jsonClass": "Widget"}, {"x": 1435.11968503937, "y": 1959.244094488189, "w": 189.5275590551181, "h": 39.93622047244095, "jsonClass": "Widget"}, {"x": 868.5614173228347, "y": 1958.2362204724411, "w": 535.036220472441, "h": 37.98897637795276, "jsonClass": "Widget"}, {"x": 79.4251968503937, "y": 1961.196850393701, "w": 489.39212598425195, "h": 35.02204724409449, "jsonClass": "Widget"}, {"x": 597.9527559055118, "y": 1959.244094488189, "w": 189.5275590551181, "h": 39.93622047244095, "jsonClass": "Widget"}, {"x": 81.73858267716535, "y": 1639.6614173228347, "w": 92.46377952755907, "h": 34.025196850393705, "jsonClass": "Widget"}, {"x": 205.7724409448819, "y": 1639.6614173228347, "w": 128.48897637795278, "h": 34.025196850393705, "jsonClass": "Widget"}, {"x": 355.90551181102364, "y": 1639.6614173228347, "w": 477.7472440944882, "h": 34.025196850393705, "jsonClass": "Widget"}, {"x": 857.5448818897638, "y": 1639.6614173228347, "w": 249.94488188976376, "h": 34.025196850393705, "jsonClass": "Widget"}, {"x": 1131.355905511811, "y": 1639.6614173228347, "w": 138.9275590551181, "h": 34.025196850393705, "jsonClass": "Widget"}, {"x": 1302.0251968503937, "y": 1639.6614173228347, "w": 138.9275590551181, "h": 34.025196850393705, "jsonClass": "Widget"}, {"x": 1477.544881889764, "y": 1639.6614173228347, "w": 138.9275590551181, "h": 34.025196850393705, "jsonClass": "Widget"}, {"x": 81.73858267716535, "y": 1597.6141732283465, "w": 92.46377952755907, "h": 34.025196850393705, "jsonClass": "Widget"}, {"x": 1477.544881889764, "y": 1597.6141732283465, "w": 138.9275590551181, "h": 34.025196850393705, "jsonClass": "Widget"}, {"x": 1302.0251968503937, "y": 1597.6141732283465, "w": 138.9275590551181, "h": 34.025196850393705, "jsonClass": "Widget"}, {"x": 1131.355905511811, "y": 1597.6141732283465, "w": 138.9275590551181, "h": 34.025196850393705, "jsonClass": "Widget"}, {"x": 857.5448818897638, "y": 1597.6141732283465, "w": 249.94488188976376, "h": 34.025196850393705, "jsonClass": "Widget"}, {"x": 355.90551181102364, "y": 1597.6141732283465, "w": 477.7472440944882, "h": 34.025196850393705, "jsonClass": "Widget"}, {"x": 205.7724409448819, "y": 1597.6141732283465, "w": 128.48897637795278, "h": 34.025196850393705, "jsonClass": "Widget"}, {"x": 81.73858267716535, "y": 1555.5669291338584, "w": 92.46377952755907, "h": 34.025196850393705, "jsonClass": "Widget"}, {"x": 205.7724409448819, "y": 1555.5669291338584, "w": 128.48897637795278, "h": 34.025196850393705, "jsonClass": "Widget"}, {"x": 355.90551181102364, "y": 1555.5669291338584, "w": 477.7472440944882, "h": 34.025196850393705, "jsonClass": "Widget"}, {"x": 857.5448818897638, "y": 1555.5669291338584, "w": 249.94488188976376, "h": 34.025196850393705, "jsonClass": "Widget"}, {"x": 1131.355905511811, "y": 1555.5669291338584, "w": 138.9275590551181, "h": 34.025196850393705, "jsonClass": "Widget"}, {"x": 1302.0251968503937, "y": 1555.5669291338584, "w": 138.9275590551181, "h": 34.025196850393705, "jsonClass": "Widget"}, {"x": 1477.544881889764, "y": 1555.5669291338584, "w": 138.9275590551181, "h": 34.025196850393705, "jsonClass": "Widget"}, {"x": 81.73858267716535, "y": 1513.51968503937, "w": 92.46377952755907, "h": 34.025196850393705, "jsonClass": "Widget"}, {"x": 205.7724409448819, "y": 1513.51968503937, "w": 128.48897637795278, "h": 34.025196850393705, "jsonClass": "Widget"}, {"x": 355.90551181102364, "y": 1513.51968503937, "w": 477.7472440944882, "h": 34.025196850393705, "jsonClass": "Widget"}, {"x": 857.5448818897638, "y": 1513.51968503937, "w": 249.94488188976376, "h": 34.025196850393705, "jsonClass": "Widget"}, {"x": 1131.355905511811, "y": 1513.51968503937, "w": 138.9275590551181, "h": 34.025196850393705, "jsonClass": "Widget"}, {"x": 1302.0251968503937, "y": 1513.51968503937, "w": 138.9275590551181, "h": 34.025196850393705, "jsonClass": "Widget"}, {"x": 1477.544881889764, "y": 1513.51968503937, "w": 138.9275590551181, "h": 34.025196850393705, "jsonClass": "Widget"}, {"x": 81.73858267716535, "y": 1471.4724409448818, "w": 92.46377952755907, "h": 34.025196850393705, "jsonClass": "Widget"}, {"x": 205.7724409448819, "y": 1471.4724409448818, "w": 128.48897637795278, "h": 34.025196850393705, "jsonClass": "Widget"}, {"x": 355.90551181102364, "y": 1471.4724409448818, "w": 477.7472440944882, "h": 34.025196850393705, "jsonClass": "Widget"}, {"x": 857.5448818897638, "y": 1471.4724409448818, "w": 249.94488188976376, "h": 34.025196850393705, "jsonClass": "Widget"}, {"x": 1131.355905511811, "y": 1471.4724409448818, "w": 138.9275590551181, "h": 34.025196850393705, "jsonClass": "Widget"}, {"x": 1302.0251968503937, "y": 1471.4724409448818, "w": 138.9275590551181, "h": 34.025196850393705, "jsonClass": "Widget"}, {"x": 1477.544881889764, "y": 1471.4724409448818, "w": 138.9275590551181, "h": 34.025196850393705, "jsonClass": "Widget"}, {"x": 81.73858267716535, "y": 1429.4251968503938, "w": 92.46377952755907, "h": 34.025196850393705, "jsonClass": "Widget"}, {"x": 205.7724409448819, "y": 1429.4251968503938, "w": 128.48897637795278, "h": 34.025196850393705, "jsonClass": "Widget"}, {"x": 355.90551181102364, "y": 1429.4251968503938, "w": 477.7472440944882, "h": 34.025196850393705, "jsonClass": "Widget"}, {"x": 857.5448818897638, "y": 1429.4251968503938, "w": 249.94488188976376, "h": 34.025196850393705, "jsonClass": "Widget"}, {"x": 1131.355905511811, "y": 1429.4251968503938, "w": 138.9275590551181, "h": 34.025196850393705, "jsonClass": "Widget"}, {"x": 1302.0251968503937, "y": 1429.4251968503938, "w": 138.9275590551181, "h": 34.025196850393705, "jsonClass": "Widget"}, {"x": 1477.544881889764, "y": 1429.4251968503938, "w": 138.9275590551181, "h": 34.025196850393705, "jsonClass": "Widget"}, {"x": 81.73858267716535, "y": 1387.3779527559057, "w": 92.46377952755907, "h": 34.025196850393705, "jsonClass": "Widget"}, {"x": 205.7724409448819, "y": 1387.3779527559057, "w": 128.48897637795278, "h": 34.025196850393705, "jsonClass": "Widget"}, {"x": 355.90551181102364, "y": 1387.3779527559057, "w": 477.7472440944882, "h": 34.025196850393705, "jsonClass": "Widget"}, {"x": 857.5448818897638, "y": 1387.3779527559057, "w": 249.94488188976376, "h": 34.025196850393705, "jsonClass": "Widget"}, {"x": 1131.355905511811, "y": 1387.3779527559057, "w": 138.9275590551181, "h": 34.025196850393705, "jsonClass": "Widget"}, {"x": 1302.0251968503937, "y": 1387.3779527559057, "w": 138.9275590551181, "h": 34.025196850393705, "jsonClass": "Widget"}, {"x": 1477.544881889764, "y": 1387.3779527559057, "w": 138.9275590551181, "h": 34.025196850393705, "jsonClass": "Widget"}, {"x": 81.73858267716535, "y": 1345.3307086614175, "w": 92.46377952755907, "h": 34.025196850393705, "jsonClass": "Widget"}, {"x": 205.7724409448819, "y": 1345.3307086614175, "w": 128.48897637795278, "h": 34.025196850393705, "jsonClass": "Widget"}, {"x": 355.90551181102364, "y": 1345.3307086614175, "w": 477.7472440944882, "h": 34.025196850393705, "jsonClass": "Widget"}, {"x": 857.5448818897638, "y": 1345.3307086614175, "w": 249.94488188976376, "h": 34.025196850393705, "jsonClass": "Widget"}, {"x": 1131.355905511811, "y": 1345.3307086614175, "w": 138.9275590551181, "h": 34.025196850393705, "jsonClass": "Widget"}, {"x": 1302.0251968503937, "y": 1345.3307086614175, "w": 138.9275590551181, "h": 34.025196850393705, "jsonClass": "Widget"}, {"x": 1477.544881889764, "y": 1345.3307086614175, "w": 138.9275590551181, "h": 34.025196850393705, "jsonClass": "Widget"}, {"x": 81.73858267716535, "y": 1303.283464566929, "w": 92.46377952755907, "h": 34.025196850393705, "jsonClass": "Widget"}, {"x": 205.7724409448819, "y": 1303.283464566929, "w": 128.48897637795278, "h": 34.025196850393705, "jsonClass": "Widget"}, {"x": 355.90551181102364, "y": 1303.283464566929, "w": 477.7472440944882, "h": 34.025196850393705, "jsonClass": "Widget"}, {"x": 857.5448818897638, "y": 1303.283464566929, "w": 249.94488188976376, "h": 34.025196850393705, "jsonClass": "Widget"}, {"x": 1131.355905511811, "y": 1303.283464566929, "w": 138.9275590551181, "h": 34.025196850393705, "jsonClass": "Widget"}, {"x": 1302.0251968503937, "y": 1303.283464566929, "w": 138.9275590551181, "h": 34.025196850393705, "jsonClass": "Widget"}, {"x": 1477.544881889764, "y": 1303.283464566929, "w": 138.9275590551181, "h": 34.025196850393705, "jsonClass": "Widget"}, {"x": 81.73858267716535, "y": 1261.236220472441, "w": 92.46377952755907, "h": 34.025196850393705, "jsonClass": "Widget"}, {"x": 205.7724409448819, "y": 1261.236220472441, "w": 128.48897637795278, "h": 34.025196850393705, "jsonClass": "Widget"}, {"x": 355.90551181102364, "y": 1261.236220472441, "w": 477.7472440944882, "h": 34.025196850393705, "jsonClass": "Widget"}, {"x": 857.5448818897638, "y": 1261.236220472441, "w": 249.94488188976376, "h": 34.025196850393705, "jsonClass": "Widget"}, {"x": 1131.355905511811, "y": 1261.236220472441, "w": 138.9275590551181, "h": 34.025196850393705, "jsonClass": "Widget"}, {"x": 1302.0251968503937, "y": 1261.236220472441, "w": 138.9275590551181, "h": 34.025196850393705, "jsonClass": "Widget"}, {"x": 1477.544881889764, "y": 1261.236220472441, "w": 138.9275590551181, "h": 34.025196850393705, "jsonClass": "Widget"}, {"x": 81.73858267716535, "y": 1219.1889763779527, "w": 92.46377952755907, "h": 34.025196850393705, "jsonClass": "Widget"}, {"x": 205.7724409448819, "y": 1219.1889763779527, "w": 128.48897637795278, "h": 34.025196850393705, "jsonClass": "Widget"}, {"x": 355.90551181102364, "y": 1219.1889763779527, "w": 477.7472440944882, "h": 34.025196850393705, "jsonClass": "Widget"}, {"x": 857.5448818897638, "y": 1219.1889763779527, "w": 249.94488188976376, "h": 34.025196850393705, "jsonClass": "Widget"}, {"x": 1131.355905511811, "y": 1219.1889763779527, "w": 138.9275590551181, "h": 34.025196850393705, "jsonClass": "Widget"}, {"x": 1302.0251968503937, "y": 1219.1889763779527, "w": 138.9275590551181, "h": 34.025196850393705, "jsonClass": "Widget"}, {"x": 1477.544881889764, "y": 1219.1889763779527, "w": 138.9275590551181, "h": 34.025196850393705, "jsonClass": "Widget"}, {"x": 81.73858267716535, "y": 1177.1417322834645, "w": 92.46377952755907, "h": 34.025196850393705, "jsonClass": "Widget"}, {"x": 205.7724409448819, "y": 1177.1417322834645, "w": 128.48897637795278, "h": 34.025196850393705, "jsonClass": "Widget"}, {"x": 355.90551181102364, "y": 1177.1417322834645, "w": 477.7472440944882, "h": 34.025196850393705, "jsonClass": "Widget"}, {"x": 857.5448818897638, "y": 1177.1417322834645, "w": 249.94488188976376, "h": 34.025196850393705, "jsonClass": "Widget"}, {"x": 1131.355905511811, "y": 1177.1417322834645, "w": 138.9275590551181, "h": 34.025196850393705, "jsonClass": "Widget"}, {"x": 1302.0251968503937, "y": 1177.1417322834645, "w": 138.9275590551181, "h": 34.025196850393705, "jsonClass": "Widget"}, {"x": 1477.544881889764, "y": 1177.1417322834645, "w": 138.9275590551181, "h": 34.025196850393705, "jsonClass": "Widget"}, {"x": 81.73858267716535, "y": 1135.0944881889764, "w": 92.46377952755907, "h": 34.025196850393705, "jsonClass": "Widget"}, {"x": 205.7724409448819, "y": 1135.0944881889764, "w": 128.48897637795278, "h": 34.025196850393705, "jsonClass": "Widget"}, {"x": 355.90551181102364, "y": 1135.0944881889764, "w": 477.7472440944882, "h": 34.025196850393705, "jsonClass": "Widget"}, {"x": 857.5448818897638, "y": 1135.0944881889764, "w": 249.94488188976376, "h": 34.025196850393705, "jsonClass": "Widget"}, {"x": 1131.355905511811, "y": 1135.0944881889764, "w": 138.9275590551181, "h": 34.025196850393705, "jsonClass": "Widget"}, {"x": 1302.0251968503937, "y": 1135.0944881889764, "w": 138.9275590551181, "h": 34.025196850393705, "jsonClass": "Widget"}, {"x": 1477.544881889764, "y": 1135.0944881889764, "w": 138.9275590551181, "h": 34.025196850393705, "jsonClass": "Widget"}, {"x": 81.73858267716535, "y": 1093.0472440944884, "w": 92.46377952755907, "h": 34.025196850393705, "jsonClass": "Widget"}, {"x": 205.7724409448819, "y": 1093.0472440944884, "w": 128.48897637795278, "h": 34.025196850393705, "jsonClass": "Widget"}, {"x": 355.90551181102364, "y": 1093.0472440944884, "w": 477.7472440944882, "h": 34.025196850393705, "jsonClass": "Widget"}, {"x": 857.5448818897638, "y": 1093.0472440944884, "w": 249.94488188976376, "h": 34.025196850393705, "jsonClass": "Widget"}, {"x": 1131.355905511811, "y": 1093.0472440944884, "w": 138.9275590551181, "h": 34.025196850393705, "jsonClass": "Widget"}, {"x": 1302.0251968503937, "y": 1093.0472440944884, "w": 138.9275590551181, "h": 34.025196850393705, "jsonClass": "Widget"}, {"x": 1477.544881889764, "y": 1093.0472440944884, "w": 138.9275590551181, "h": 34.025196850393705, "jsonClass": "Widget"}, {"x": 81.73858267716535, "y": 1051, "w": 92.46377952755907, "h": 34.025196850393705, "jsonClass": "Widget"}, {"x": 205.7724409448819, "y": 1051, "w": 128.48897637795278, "h": 34.025196850393705, "jsonClass": "Widget"}, {"x": 355.90551181102364, "y": 1051, "w": 477.7472440944882, "h": 34.025196850393705, "jsonClass": "Widget"}, {"x": 857.5448818897638, "y": 1051, "w": 249.94488188976376, "h": 34.025196850393705, "jsonClass": "Widget"}, {"x": 1131.355905511811, "y": 1051, "w": 138.9275590551181, "h": 34.025196850393705, "jsonClass": "Widget"}, {"x": 1302.0251968503937, "y": 1051, "w": 138.9275590551181, "h": 34.025196850393705, "jsonClass": "Widget"}, {"x": 1477.544881889764, "y": 1051, "w": 138.9275590551181, "h": 34.025196850393705, "jsonClass": "Widget"}, {"x": 81.73858267716535, "y": 1008.9527559055119, "w": 92.46377952755907, "h": 34.025196850393705, "jsonClass": "Widget"}, {"x": 205.7724409448819, "y": 1008.9527559055119, "w": 128.48897637795278, "h": 34.025196850393705, "jsonClass": "Widget"}, {"x": 355.90551181102364, "y": 1008.9527559055119, "w": 477.7472440944882, "h": 34.025196850393705, "jsonClass": "Widget"}, {"x": 857.5448818897638, "y": 1008.9527559055119, "w": 249.94488188976376, "h": 34.025196850393705, "jsonClass": "Widget"}, {"x": 1131.355905511811, "y": 1008.9527559055119, "w": 138.9275590551181, "h": 34.025196850393705, "jsonClass": "Widget"}, {"x": 1302.0251968503937, "y": 1008.9527559055119, "w": 138.9275590551181, "h": 34.025196850393705, "jsonClass": "Widget"}, {"x": 1477.544881889764, "y": 1008.9527559055119, "w": 138.9275590551181, "h": 34.025196850393705, "jsonClass": "Widget"}, {"x": 81.73858267716535, "y": 966.9055118110236, "w": 92.46377952755907, "h": 34.025196850393705, "jsonClass": "Widget"}, {"x": 205.7724409448819, "y": 966.9055118110236, "w": 128.48897637795278, "h": 34.025196850393705, "jsonClass": "Widget"}, {"x": 355.90551181102364, "y": 966.9055118110236, "w": 477.7472440944882, "h": 34.025196850393705, "jsonClass": "Widget"}, {"x": 857.5448818897638, "y": 966.9055118110236, "w": 249.94488188976376, "h": 34.025196850393705, "jsonClass": "Widget"}, {"x": 1131.355905511811, "y": 966.9055118110236, "w": 138.9275590551181, "h": 34.025196850393705, "jsonClass": "Widget"}, {"x": 1302.0251968503937, "y": 966.9055118110236, "w": 138.9275590551181, "h": 34.025196850393705, "jsonClass": "Widget"}, {"x": 1477.544881889764, "y": 966.9055118110236, "w": 138.9275590551181, "h": 34.025196850393705, "jsonClass": "Widget"}, {"x": 81.73858267716535, "y": 924.8582677165355, "w": 92.46377952755907, "h": 34.025196850393705, "jsonClass": "Widget"}, {"x": 1477.544881889764, "y": 924.8582677165355, "w": 138.9275590551181, "h": 34.025196850393705, "jsonClass": "Widget"}, {"x": 1302.0251968503937, "y": 924.8582677165355, "w": 138.9275590551181, "h": 34.025196850393705, "jsonClass": "Widget"}, {"x": 1131.355905511811, "y": 924.8582677165355, "w": 138.9275590551181, "h": 34.025196850393705, "jsonClass": "Widget"}, {"x": 857.5448818897638, "y": 924.8582677165355, "w": 249.94488188976376, "h": 34.025196850393705, "jsonClass": "Widget"}, {"x": 355.90551181102364, "y": 924.8582677165355, "w": 477.7472440944882, "h": 34.025196850393705, "jsonClass": "Widget"}, {"x": 205.7724409448819, "y": 924.8582677165355, "w": 128.48897637795278, "h": 34.025196850393705, "jsonClass": "Widget"}, {"x": 81.73858267716535, "y": 882.8110236220473, "w": 92.46377952755907, "h": 34.025196850393705, "jsonClass": "Widget"}, {"x": 1477.544881889764, "y": 882.8110236220473, "w": 138.9275590551181, "h": 34.025196850393705, "jsonClass": "Widget"}, {"x": 1302.0251968503937, "y": 882.8110236220473, "w": 138.9275590551181, "h": 34.025196850393705, "jsonClass": "Widget"}, {"x": 1131.355905511811, "y": 882.8110236220473, "w": 138.9275590551181, "h": 34.025196850393705, "jsonClass": "Widget"}, {"x": 857.5448818897638, "y": 882.8110236220473, "w": 249.94488188976376, "h": 34.025196850393705, "jsonClass": "Widget"}, {"x": 355.90551181102364, "y": 882.8110236220473, "w": 477.7472440944882, "h": 34.025196850393705, "jsonClass": "Widget"}, {"x": 205.7724409448819, "y": 882.8110236220473, "w": 128.48897637795278, "h": 34.025196850393705, "jsonClass": "Widget"}, {"x": 81.73858267716535, "y": 840.7637795275591, "w": 92.46377952755907, "h": 34.025196850393705, "jsonClass": "Widget"}, {"x": 205.7724409448819, "y": 840.7637795275591, "w": 128.48897637795278, "h": 34.025196850393705, "jsonClass": "Widget"}, {"x": 355.90551181102364, "y": 840.7637795275591, "w": 477.7472440944882, "h": 34.025196850393705, "jsonClass": "Widget"}, {"x": 857.5448818897638, "y": 840.7637795275591, "w": 249.94488188976376, "h": 34.025196850393705, "jsonClass": "Widget"}, {"x": 1131.355905511811, "y": 840.7637795275591, "w": 138.9275590551181, "h": 34.025196850393705, "jsonClass": "Widget"}, {"x": 1302.0251968503937, "y": 840.7637795275591, "w": 138.9275590551181, "h": 34.025196850393705, "jsonClass": "Widget"}, {"x": 1477.544881889764, "y": 840.7637795275591, "w": 138.9275590551181, "h": 34.025196850393705, "jsonClass": "Widget"}, {"x": 81.73858267716535, "y": 798.7165354330709, "w": 92.46377952755907, "h": 34.025196850393705, "jsonClass": "Widget"}, {"x": 205.7724409448819, "y": 798.7165354330709, "w": 128.48897637795278, "h": 34.025196850393705, "jsonClass": "Widget"}, {"x": 355.90551181102364, "y": 798.7165354330709, "w": 477.7472440944882, "h": 34.025196850393705, "jsonClass": "Widget"}, {"x": 857.5448818897638, "y": 798.7165354330709, "w": 249.94488188976376, "h": 34.025196850393705, "jsonClass": "Widget"}, {"x": 1131.355905511811, "y": 798.7165354330709, "w": 138.9275590551181, "h": 34.025196850393705, "jsonClass": "Widget"}, {"x": 1302.0251968503937, "y": 798.7165354330709, "w": 138.9275590551181, "h": 34.025196850393705, "jsonClass": "Widget"}, {"x": 1477.544881889764, "y": 798.7165354330709, "w": 138.9275590551181, "h": 34.025196850393705, "jsonClass": "Widget"}, {"x": 81.73858267716535, "y": 756.6692913385828, "w": 92.46377952755907, "h": 34.025196850393705, "jsonClass": "Widget"}, {"x": 205.7724409448819, "y": 756.6692913385828, "w": 128.48897637795278, "h": 34.025196850393705, "jsonClass": "Widget"}, {"x": 355.90551181102364, "y": 756.6692913385828, "w": 477.7472440944882, "h": 34.025196850393705, "jsonClass": "Widget"}, {"x": 857.5448818897638, "y": 756.6692913385828, "w": 249.94488188976376, "h": 34.025196850393705, "jsonClass": "Widget"}, {"x": 1131.355905511811, "y": 756.6692913385828, "w": 138.9275590551181, "h": 34.025196850393705, "jsonClass": "Widget"}, {"x": 1302.0251968503937, "y": 756.6692913385828, "w": 138.9275590551181, "h": 34.025196850393705, "jsonClass": "Widget"}, {"x": 1477.544881889764, "y": 756.6692913385828, "w": 138.9275590551181, "h": 34.025196850393705, "jsonClass": "Widget"}, {"x": 81.73858267716535, "y": 714.6220472440945, "w": 92.46377952755907, "h": 34.025196850393705, "jsonClass": "Widget"}, {"x": 205.7724409448819, "y": 714.6220472440945, "w": 128.48897637795278, "h": 34.025196850393705, "jsonClass": "Widget"}, {"x": 355.90551181102364, "y": 714.6220472440945, "w": 477.7472440944882, "h": 34.025196850393705, "jsonClass": "Widget"}, {"x": 857.5448818897638, "y": 714.6220472440945, "w": 249.94488188976376, "h": 34.025196850393705, "jsonClass": "Widget"}, {"x": 1131.355905511811, "y": 714.6220472440945, "w": 138.9275590551181, "h": 34.025196850393705, "jsonClass": "Widget"}, {"x": 1302.0251968503937, "y": 714.6220472440945, "w": 138.9275590551181, "h": 34.025196850393705, "jsonClass": "Widget"}, {"x": 1477.544881889764, "y": 714.6220472440945, "w": 138.9275590551181, "h": 34.025196850393705, "jsonClass": "Widget"}, {"x": 81.73858267716535, "y": 672.5748031496063, "w": 92.46377952755907, "h": 34.025196850393705, "jsonClass": "Widget"}, {"x": 205.7724409448819, "y": 672.5748031496063, "w": 128.48897637795278, "h": 34.025196850393705, "jsonClass": "Widget"}, {"x": 355.90551181102364, "y": 672.5748031496063, "w": 477.7472440944882, "h": 34.025196850393705, "jsonClass": "Widget"}, {"x": 857.5448818897638, "y": 672.5748031496063, "w": 249.94488188976376, "h": 34.025196850393705, "jsonClass": "Widget"}, {"x": 1131.355905511811, "y": 672.5748031496063, "w": 138.9275590551181, "h": 34.025196850393705, "jsonClass": "Widget"}, {"x": 1302.0251968503937, "y": 672.5748031496063, "w": 138.9275590551181, "h": 34.025196850393705, "jsonClass": "Widget"}, {"x": 1477.544881889764, "y": 672.5748031496063, "w": 138.9275590551181, "h": 34.025196850393705, "jsonClass": "Widget"}, {"x": 81.73858267716535, "y": 630.5275590551181, "w": 92.46377952755907, "h": 34.025196850393705, "jsonClass": "Widget"}, {"x": 1477.544881889764, "y": 630.5275590551181, "w": 138.9275590551181, "h": 34.025196850393705, "jsonClass": "Widget"}, {"x": 1302.0251968503937, "y": 630.5275590551181, "w": 138.9275590551181, "h": 34.025196850393705, "jsonClass": "Widget"}, {"x": 1131.355905511811, "y": 630.5275590551181, "w": 138.9275590551181, "h": 34.025196850393705, "jsonClass": "Widget"}, {"x": 857.5448818897638, "y": 630.5275590551181, "w": 249.94488188976376, "h": 34.025196850393705, "jsonClass": "Widget"}, {"x": 355.90551181102364, "y": 630.5275590551181, "w": 477.7472440944882, "h": 34.025196850393705, "jsonClass": "Widget"}, {"x": 205.7724409448819, "y": 630.5275590551181, "w": 128.48897637795278, "h": 34.025196850393705, "jsonClass": "Widget"}, {"x": 1477.544881889764, "y": 588.4803149606299, "w": 138.9275590551181, "h": 34.025196850393705, "jsonClass": "Widget"}, {"x": 1302.0251968503937, "y": 588.4803149606299, "w": 138.9275590551181, "h": 34.025196850393705, "jsonClass": "Widget"}, {"x": 1131.355905511811, "y": 588.4803149606299, "w": 138.9275590551181, "h": 34.025196850393705, "jsonClass": "Widget"}, {"x": 857.5448818897638, "y": 588.4803149606299, "w": 249.94488188976376, "h": 34.025196850393705, "jsonClass": "Widget"}, {"x": 355.90551181102364, "y": 588.4803149606299, "w": 477.7472440944882, "h": 34.025196850393705, "jsonClass": "Widget"}, {"x": 205.7724409448819, "y": 588.4803149606299, "w": 128.48897637795278, "h": 34.025196850393705, "jsonClass": "Widget"}, {"x": 81.73858267716535, "y": 588.4803149606299, "w": 92.46377952755907, "h": 34.025196850393705, "jsonClass": "Widget"}], "Table": [{"x": 63, "y": 445.03125000000136, "w": 1566, "h": 1235.9663228050579, "jsonClass": "Table"}]}