{"TextBlock": [{"x": 1334, "y": 180, "w": 210, "h": 23, "jsonClass": "TextBlock"}, {"x": 1172, "y": 2095, "w": 427, "h": 22, "jsonClass": "TextBlock"}, {"x": 1337, "y": 210, "w": 204, "h": 22, "jsonClass": "TextBlock"}, {"x": 106, "y": 2095, "w": 474, "h": 49, "jsonClass": "TextBlock"}, {"x": 114, "y": 1564, "w": 251, "h": 22, "jsonClass": "TextBlock"}, {"x": 114, "y": 1663, "w": 233, "h": 19, "jsonClass": "TextBlock"}, {"x": 114, "y": 1598, "w": 84, "h": 19, "jsonClass": "TextBlock"}, {"x": 1414, "y": 1663, "w": 121, "h": 19, "jsonClass": "TextBlock"}, {"x": 864, "y": 1663, "w": 74, "h": 19, "jsonClass": "TextBlock"}, {"x": 864, "y": 1729, "w": 341, "h": 20, "jsonClass": "TextBlock"}, {"x": 481, "y": 1976, "w": 375, "h": 103, "jsonClass": "TextBlock"}, {"x": 114, "y": 397, "w": 374, "h": 23, "jsonClass": "TextBlock"}, {"x": 864, "y": 1598, "w": 82, "h": 19, "jsonClass": "TextBlock"}, {"x": 114, "y": 1970, "w": 323, "h": 23, "jsonClass": "TextBlock"}, {"x": 118, "y": 258, "w": 1476, "h": 109, "jsonClass": "TextBlock"}, {"x": 1281, "y": 1663, "w": 93, "h": 19, "jsonClass": "TextBlock"}, {"x": 114, "y": 1795, "w": 369, "h": 23, "jsonClass": "TextBlock"}, {"x": 864, "y": 1797, "w": 426, "h": 23, "jsonClass": "TextBlock"}, {"x": 114, "y": 1863, "w": 1481, "h": 49, "jsonClass": "TextBlock"}, {"x": 114, "y": 1729, "w": 509, "h": 20, "jsonClass": "TextBlock"}, {"x": 214, "y": 1519, "w": 43, "h": 22, "jsonClass": "TextBlock"}, {"x": 139, "y": 1519, "w": 31, "h": 22, "jsonClass": "TextBlock"}, {"x": 139, "y": 1469, "w": 31, "h": 22, "jsonClass": "TextBlock"}, {"x": 214, "y": 1469, "w": 43, "h": 22, "jsonClass": "TextBlock"}, {"x": 139, "y": 1419, "w": 31, "h": 22, "jsonClass": "TextBlock"}, {"x": 214, "y": 1419, "w": 43, "h": 22, "jsonClass": "TextBlock"}, {"x": 139, "y": 1369, "w": 31, "h": 22, "jsonClass": "TextBlock"}, {"x": 214, "y": 1369, "w": 43, "h": 22, "jsonClass": "TextBlock"}, {"x": 139, "y": 1319, "w": 31, "h": 22, "jsonClass": "TextBlock"}, {"x": 214, "y": 1319, "w": 43, "h": 22, "jsonClass": "TextBlock"}, {"x": 139, "y": 1269, "w": 31, "h": 22, "jsonClass": "TextBlock"}, {"x": 214, "y": 1269, "w": 43, "h": 22, "jsonClass": "TextBlock"}, {"x": 214, "y": 1219, "w": 43, "h": 22, "jsonClass": "TextBlock"}, {"x": 139, "y": 1219, "w": 31, "h": 22, "jsonClass": "TextBlock"}, {"x": 214, "y": 1169, "w": 43, "h": 22, "jsonClass": "TextBlock"}, {"x": 139, "y": 1169, "w": 31, "h": 22, "jsonClass": "TextBlock"}, {"x": 214, "y": 1119, "w": 43, "h": 22, "jsonClass": "TextBlock"}, {"x": 139, "y": 1119, "w": 31, "h": 22, "jsonClass": "TextBlock"}, {"x": 139, "y": 1069, "w": 31, "h": 22, "jsonClass": "TextBlock"}, {"x": 214, "y": 1069, "w": 43, "h": 22, "jsonClass": "TextBlock"}, {"x": 139, "y": 1019, "w": 31, "h": 22, "jsonClass": "TextBlock"}, {"x": 214, "y": 1019, "w": 43, "h": 22, "jsonClass": "TextBlock"}, {"x": 153, "y": 969, "w": 18, "h": 22, "jsonClass": "TextBlock"}, {"x": 214, "y": 969, "w": 43, "h": 22, "jsonClass": "TextBlock"}, {"x": 153, "y": 919, "w": 18, "h": 22, "jsonClass": "TextBlock"}, {"x": 214, "y": 919, "w": 43, "h": 22, "jsonClass": "TextBlock"}, {"x": 153, "y": 869, "w": 18, "h": 22, "jsonClass": "TextBlock"}, {"x": 214, "y": 869, "w": 43, "h": 22, "jsonClass": "TextBlock"}, {"x": 153, "y": 819, "w": 18, "h": 22, "jsonClass": "TextBlock"}, {"x": 214, "y": 819, "w": 43, "h": 22, "jsonClass": "TextBlock"}, {"x": 153, "y": 769, "w": 18, "h": 22, "jsonClass": "TextBlock"}, {"x": 214, "y": 769, "w": 43, "h": 22, "jsonClass": "TextBlock"}, {"x": 153, "y": 719, "w": 18, "h": 22, "jsonClass": "TextBlock"}, {"x": 214, "y": 719, "w": 43, "h": 22, "jsonClass": "TextBlock"}, {"x": 153, "y": 669, "w": 18, "h": 22, "jsonClass": "TextBlock"}, {"x": 214, "y": 669, "w": 43, "h": 22, "jsonClass": "TextBlock"}, {"x": 153, "y": 619, "w": 18, "h": 22, "jsonClass": "TextBlock"}, {"x": 214, "y": 619, "w": 43, "h": 22, "jsonClass": "TextBlock"}, {"x": 153, "y": 569, "w": 18, "h": 22, "jsonClass": "TextBlock"}, {"x": 214, "y": 569, "w": 43, "h": 22, "jsonClass": "TextBlock"}, {"x": 763, "y": 513, "w": 288, "h": 19, "jsonClass": "TextBlock"}, {"x": 120, "y": 500, "w": 68, "h": 44, "jsonClass": "TextBlock"}, {"x": 1240, "y": 513, "w": 332, "h": 19, "jsonClass": "TextBlock"}, {"x": 260, "y": 513, "w": 294, "h": 19, "jsonClass": "TextBlock"}, {"x": 287, "y": 148, "w": 803, "h": 89.00000710232317, "jsonClass": "HeaderTitle"}, {"x": 114, "y": 464, "w": 341, "h": 22, "jsonClass": "TableTitle"}], "TextRun": [{"x": 1334, "y": 180, "w": 210, "h": 23, "jsonClass": "TextRun"}, {"x": 1172, "y": 2095, "w": 246, "h": 22, "jsonClass": "TextRun"}, {"x": 1418, "y": 2095, "w": 181, "h": 22, "jsonClass": "TextRun"}, {"x": 1337, "y": 210, "w": 204, "h": 22, "jsonClass": "TextRun"}, {"x": 106, "y": 2095, "w": 474, "h": 22, "jsonClass": "TextRun"}, {"x": 106, "y": 2122, "w": 386, "h": 22, "jsonClass": "TextRun"}, {"x": 287, "y": 148, "w": 803, "h": 28, "jsonClass": "TextRun"}, {"x": 435, "y": 182, "w": 515, "h": 27, "jsonClass": "TextRun"}, {"x": 465, "y": 214, "w": 447, "h": 22, "jsonClass": "TextRun"}, {"x": 114, "y": 1564, "w": 251, "h": 22, "jsonClass": "TextRun"}, {"x": 114, "y": 1663, "w": 233, "h": 19, "jsonClass": "TextRun"}, {"x": 114, "y": 1598, "w": 84, "h": 19, "jsonClass": "TextRun"}, {"x": 1414, "y": 1663, "w": 121, "h": 19, "jsonClass": "TextRun"}, {"x": 864, "y": 1663, "w": 74, "h": 19, "jsonClass": "TextRun"}, {"x": 864, "y": 1729, "w": 341, "h": 20, "jsonClass": "TextRun"}, {"x": 481, "y": 1976, "w": 345, "h": 23, "jsonClass": "TextRun"}, {"x": 481, "y": 2003, "w": 257, "h": 22, "jsonClass": "TextRun"}, {"x": 481, "y": 2030, "w": 375, "h": 22, "jsonClass": "TextRun"}, {"x": 481, "y": 2056, "w": 286, "h": 23, "jsonClass": "TextRun"}, {"x": 114, "y": 397, "w": 374, "h": 23, "jsonClass": "TextRun"}, {"x": 864, "y": 1598, "w": 82, "h": 19, "jsonClass": "TextRun"}, {"x": 114, "y": 1970, "w": 323, "h": 23, "jsonClass": "TextRun"}, {"x": 118, "y": 258, "w": 39, "h": 20, "jsonClass": "TextRun"}, {"x": 160, "y": 258, "w": 58, "h": 20, "jsonClass": "TextRun"}, {"x": 220, "y": 258, "w": 83, "h": 20, "jsonClass": "TextRun"}, {"x": 305, "y": 258, "w": 66, "h": 20, "jsonClass": "TextRun"}, {"x": 373, "y": 258, "w": 28, "h": 20, "jsonClass": "TextRun"}, {"x": 404, "y": 258, "w": 36, "h": 20, "jsonClass": "TextRun"}, {"x": 442, "y": 258, "w": 86, "h": 20, "jsonClass": "TextRun"}, {"x": 531, "y": 258, "w": 21, "h": 20, "jsonClass": "TextRun"}, {"x": 555, "y": 258, "w": 101, "h": 20, "jsonClass": "TextRun"}, {"x": 659, "y": 258, "w": 19, "h": 20, "jsonClass": "TextRun"}, {"x": 681, "y": 258, "w": 89, "h": 20, "jsonClass": "TextRun"}, {"x": 773, "y": 258, "w": 21, "h": 20, "jsonClass": "TextRun"}, {"x": 797, "y": 258, "w": 76, "h": 20, "jsonClass": "TextRun"}, {"x": 875, "y": 258, "w": 27, "h": 20, "jsonClass": "TextRun"}, {"x": 904, "y": 258, "w": 74, "h": 20, "jsonClass": "TextRun"}, {"x": 980, "y": 258, "w": 34, "h": 20, "jsonClass": "TextRun"}, {"x": 1016, "y": 258, "w": 91, "h": 20, "jsonClass": "TextRun"}, {"x": 1109, "y": 258, "w": 83, "h": 20, "jsonClass": "TextRun"}, {"x": 1194, "y": 258, "w": 32, "h": 20, "jsonClass": "TextRun"}, {"x": 1229, "y": 258, "w": 42, "h": 20, "jsonClass": "TextRun"}, {"x": 1273, "y": 258, "w": 28, "h": 20, "jsonClass": "TextRun"}, {"x": 1304, "y": 258, "w": 87, "h": 20, "jsonClass": "TextRun"}, {"x": 1394, "y": 258, "w": 109, "h": 20, "jsonClass": "TextRun"}, {"x": 1505, "y": 258, "w": 89, "h": 20, "jsonClass": "TextRun"}, {"x": 118, "y": 281, "w": 72, "h": 19, "jsonClass": "TextRun"}, {"x": 192, "y": 281, "w": 44, "h": 19, "jsonClass": "TextRun"}, {"x": 238, "y": 281, "w": 79, "h": 19, "jsonClass": "TextRun"}, {"x": 320, "y": 281, "w": 87, "h": 19, "jsonClass": "TextRun"}, {"x": 409, "y": 281, "w": 38, "h": 19, "jsonClass": "TextRun"}, {"x": 450, "y": 281, "w": 105, "h": 19, "jsonClass": "TextRun"}, {"x": 557, "y": 281, "w": 33, "h": 19, "jsonClass": "TextRun"}, {"x": 593, "y": 281, "w": 43, "h": 19, "jsonClass": "TextRun"}, {"x": 639, "y": 281, "w": 75, "h": 19, "jsonClass": "TextRun"}, {"x": 717, "y": 281, "w": 38, "h": 19, "jsonClass": "TextRun"}, {"x": 758, "y": 281, "w": 99, "h": 19, "jsonClass": "TextRun"}, {"x": 860, "y": 281, "w": 38, "h": 19, "jsonClass": "TextRun"}, {"x": 900, "y": 281, "w": 88, "h": 19, "jsonClass": "TextRun"}, {"x": 991, "y": 281, "w": 32, "h": 19, "jsonClass": "TextRun"}, {"x": 1026, "y": 281, "w": 86, "h": 19, "jsonClass": "TextRun"}, {"x": 1115, "y": 281, "w": 22, "h": 19, "jsonClass": "TextRun"}, {"x": 1139, "y": 281, "w": 107, "h": 19, "jsonClass": "TextRun"}, {"x": 1249, "y": 281, "w": 51, "h": 19, "jsonClass": "TextRun"}, {"x": 1303, "y": 281, "w": 95, "h": 19, "jsonClass": "TextRun"}, {"x": 1400, "y": 281, "w": 88, "h": 19, "jsonClass": "TextRun"}, {"x": 1491, "y": 281, "w": 35, "h": 19, "jsonClass": "TextRun"}, {"x": 1529, "y": 281, "w": 65, "h": 19, "jsonClass": "TextRun"}, {"x": 118, "y": 303, "w": 79, "h": 19, "jsonClass": "TextRun"}, {"x": 198, "y": 303, "w": 23, "h": 19, "jsonClass": "TextRun"}, {"x": 221, "y": 303, "w": 37, "h": 19, "jsonClass": "TextRun"}, {"x": 259, "y": 303, "w": 49, "h": 19, "jsonClass": "TextRun"}, {"x": 309, "y": 303, "w": 63, "h": 19, "jsonClass": "TextRun"}, {"x": 373, "y": 303, "w": 21, "h": 19, "jsonClass": "TextRun"}, {"x": 395, "y": 303, "w": 35, "h": 19, "jsonClass": "TextRun"}, {"x": 431, "y": 303, "w": 87, "h": 19, "jsonClass": "TextRun"}, {"x": 518, "y": 303, "w": 22, "h": 19, "jsonClass": "TextRun"}, {"x": 541, "y": 303, "w": 107, "h": 19, "jsonClass": "TextRun"}, {"x": 648, "y": 303, "w": 82, "h": 19, "jsonClass": "TextRun"}, {"x": 731, "y": 303, "w": 109, "h": 19, "jsonClass": "TextRun"}, {"x": 841, "y": 303, "w": 28, "h": 19, "jsonClass": "TextRun"}, {"x": 870, "y": 303, "w": 80, "h": 19, "jsonClass": "TextRun"}, {"x": 950, "y": 303, "w": 33, "h": 19, "jsonClass": "TextRun"}, {"x": 984, "y": 303, "w": 71, "h": 19, "jsonClass": "TextRun"}, {"x": 1056, "y": 303, "w": 21, "h": 19, "jsonClass": "TextRun"}, {"x": 1078, "y": 303, "w": 52, "h": 19, "jsonClass": "TextRun"}, {"x": 1130, "y": 303, "w": 172, "h": 19, "jsonClass": "TextRun"}, {"x": 1303, "y": 303, "w": 57, "h": 19, "jsonClass": "TextRun"}, {"x": 1361, "y": 303, "w": 43, "h": 19, "jsonClass": "TextRun"}, {"x": 1405, "y": 303, "w": 85, "h": 19, "jsonClass": "TextRun"}, {"x": 1491, "y": 303, "w": 66, "h": 19, "jsonClass": "TextRun"}, {"x": 1557, "y": 303, "w": 37, "h": 19, "jsonClass": "TextRun"}, {"x": 118, "y": 325, "w": 71, "h": 19, "jsonClass": "TextRun"}, {"x": 191, "y": 325, "w": 56, "h": 19, "jsonClass": "TextRun"}, {"x": 249, "y": 325, "w": 49, "h": 19, "jsonClass": "TextRun"}, {"x": 300, "y": 325, "w": 43, "h": 19, "jsonClass": "TextRun"}, {"x": 345, "y": 325, "w": 35, "h": 19, "jsonClass": "TextRun"}, {"x": 382, "y": 325, "w": 54, "h": 19, "jsonClass": "TextRun"}, {"x": 438, "y": 325, "w": 122, "h": 19, "jsonClass": "TextRun"}, {"x": 563, "y": 325, "w": 33, "h": 19, "jsonClass": "TextRun"}, {"x": 598, "y": 325, "w": 104, "h": 19, "jsonClass": "TextRun"}, {"x": 723, "y": 325, "w": 120, "h": 19, "jsonClass": "TextRun"}, {"x": 845, "y": 325, "w": 62, "h": 19, "jsonClass": "TextRun"}, {"x": 910, "y": 325, "w": 27, "h": 19, "jsonClass": "TextRun"}, {"x": 939, "y": 325, "w": 58, "h": 19, "jsonClass": "TextRun"}, {"x": 999, "y": 325, "w": 38, "h": 19, "jsonClass": "TextRun"}, {"x": 1039, "y": 325, "w": 141, "h": 19, "jsonClass": "TextRun"}, {"x": 1182, "y": 325, "w": 37, "h": 19, "jsonClass": "TextRun"}, {"x": 1221, "y": 325, "w": 50, "h": 19, "jsonClass": "TextRun"}, {"x": 1273, "y": 325, "w": 83, "h": 19, "jsonClass": "TextRun"}, {"x": 1358, "y": 325, "w": 22, "h": 19, "jsonClass": "TextRun"}, {"x": 1382, "y": 325, "w": 40, "h": 19, "jsonClass": "TextRun"}, {"x": 1424, "y": 325, "w": 27, "h": 19, "jsonClass": "TextRun"}, {"x": 1453, "y": 325, "w": 65, "h": 19, "jsonClass": "TextRun"}, {"x": 1521, "y": 325, "w": 45, "h": 19, "jsonClass": "TextRun"}, {"x": 1568, "y": 325, "w": 26, "h": 19, "jsonClass": "TextRun"}, {"x": 118, "y": 347, "w": 1135, "h": 20, "jsonClass": "TextRun"}, {"x": 1281, "y": 1663, "w": 93, "h": 19, "jsonClass": "TextRun"}, {"x": 114, "y": 1795, "w": 369, "h": 23, "jsonClass": "TextRun"}, {"x": 864, "y": 1798, "w": 283, "h": 22, "jsonClass": "TextRun"}, {"x": 1147, "y": 1797, "w": 143, "h": 23, "jsonClass": "TextRun"}, {"x": 114, "y": 1863, "w": 1481, "h": 22, "jsonClass": "TextRun"}, {"x": 114, "y": 1890, "w": 128, "h": 22, "jsonClass": "TextRun"}, {"x": 114, "y": 1729, "w": 232, "h": 20, "jsonClass": "TextRun"}, {"x": 346, "y": 1729, "w": 277, "h": 20, "jsonClass": "TextRun"}, {"x": 214, "y": 1519, "w": 43, "h": 22, "jsonClass": "TextRun"}, {"x": 139, "y": 1519, "w": 31, "h": 22, "jsonClass": "TextRun"}, {"x": 139, "y": 1469, "w": 31, "h": 22, "jsonClass": "TextRun"}, {"x": 214, "y": 1469, "w": 43, "h": 22, "jsonClass": "TextRun"}, {"x": 139, "y": 1419, "w": 31, "h": 22, "jsonClass": "TextRun"}, {"x": 214, "y": 1419, "w": 43, "h": 22, "jsonClass": "TextRun"}, {"x": 139, "y": 1369, "w": 31, "h": 22, "jsonClass": "TextRun"}, {"x": 214, "y": 1369, "w": 43, "h": 22, "jsonClass": "TextRun"}, {"x": 139, "y": 1319, "w": 31, "h": 22, "jsonClass": "TextRun"}, {"x": 214, "y": 1319, "w": 43, "h": 22, "jsonClass": "TextRun"}, {"x": 139, "y": 1269, "w": 31, "h": 22, "jsonClass": "TextRun"}, {"x": 214, "y": 1269, "w": 43, "h": 22, "jsonClass": "TextRun"}, {"x": 214, "y": 1219, "w": 43, "h": 22, "jsonClass": "TextRun"}, {"x": 139, "y": 1219, "w": 31, "h": 22, "jsonClass": "TextRun"}, {"x": 214, "y": 1169, "w": 43, "h": 22, "jsonClass": "TextRun"}, {"x": 139, "y": 1169, "w": 31, "h": 22, "jsonClass": "TextRun"}, {"x": 214, "y": 1119, "w": 43, "h": 22, "jsonClass": "TextRun"}, {"x": 139, "y": 1119, "w": 31, "h": 22, "jsonClass": "TextRun"}, {"x": 139, "y": 1069, "w": 31, "h": 22, "jsonClass": "TextRun"}, {"x": 214, "y": 1069, "w": 43, "h": 22, "jsonClass": "TextRun"}, {"x": 139, "y": 1019, "w": 31, "h": 22, "jsonClass": "TextRun"}, {"x": 214, "y": 1019, "w": 43, "h": 22, "jsonClass": "TextRun"}, {"x": 153, "y": 969, "w": 18, "h": 22, "jsonClass": "TextRun"}, {"x": 214, "y": 969, "w": 43, "h": 22, "jsonClass": "TextRun"}, {"x": 153, "y": 919, "w": 18, "h": 22, "jsonClass": "TextRun"}, {"x": 214, "y": 919, "w": 43, "h": 22, "jsonClass": "TextRun"}, {"x": 153, "y": 869, "w": 18, "h": 22, "jsonClass": "TextRun"}, {"x": 214, "y": 869, "w": 43, "h": 22, "jsonClass": "TextRun"}, {"x": 153, "y": 819, "w": 18, "h": 22, "jsonClass": "TextRun"}, {"x": 214, "y": 819, "w": 43, "h": 22, "jsonClass": "TextRun"}, {"x": 153, "y": 769, "w": 18, "h": 22, "jsonClass": "TextRun"}, {"x": 214, "y": 769, "w": 43, "h": 22, "jsonClass": "TextRun"}, {"x": 153, "y": 719, "w": 18, "h": 22, "jsonClass": "TextRun"}, {"x": 214, "y": 719, "w": 43, "h": 22, "jsonClass": "TextRun"}, {"x": 153, "y": 669, "w": 18, "h": 22, "jsonClass": "TextRun"}, {"x": 214, "y": 669, "w": 43, "h": 22, "jsonClass": "TextRun"}, {"x": 153, "y": 619, "w": 18, "h": 22, "jsonClass": "TextRun"}, {"x": 214, "y": 619, "w": 43, "h": 22, "jsonClass": "TextRun"}, {"x": 153, "y": 569, "w": 18, "h": 22, "jsonClass": "TextRun"}, {"x": 214, "y": 569, "w": 43, "h": 22, "jsonClass": "TextRun"}, {"x": 763, "y": 513, "w": 288, "h": 19, "jsonClass": "TextRun"}, {"x": 120, "y": 500, "w": 68, "h": 19, "jsonClass": "TextRun"}, {"x": 137, "y": 525, "w": 34, "h": 19, "jsonClass": "TextRun"}, {"x": 1240, "y": 513, "w": 332, "h": 19, "jsonClass": "TextRun"}, {"x": 260, "y": 513, "w": 294, "h": 19, "jsonClass": "TextRun"}, {"x": 114, "y": 464, "w": 341, "h": 22, "jsonClass": "TextRun"}], "Field": [{"x": 113.45511811023621, "y": 1663, "w": 729.8362204724409, "h": 54.666929133858275, "jsonClass": "Field"}, {"x": 113.45511811023621, "y": 1598, "w": 729.8362204724409, "h": 55.114173228346544, "jsonClass": "Field"}, {"x": 1412.9417322834647, "y": 1663, "w": 180.71102362204715, "h": 54.666929133858275, "jsonClass": "Field"}, {"x": 861.9141732283465, "y": 1663, "w": 400.60787401574817, "h": 54.666929133858275, "jsonClass": "Field"}, {"x": 861.9141732283465, "y": 1729, "w": 738.3023622047244, "h": 55.266929133858184, "jsonClass": "Field"}, {"x": 111.18897637795276, "y": 397, "w": 1486.6385826771655, "h": 56.77244094488191, "jsonClass": "Field"}, {"x": 864, "y": 1598, "w": 734.1700787401576, "h": 55.114173228346544, "jsonClass": "Field"}, {"x": 1281, "y": 1663, "w": 110.60551181102346, "h": 54.666929133858275, "jsonClass": "Field"}, {"x": 113.45511811023621, "y": 1795, "w": 369.5448818897638, "h": 57.124409448818824, "jsonClass": "Field"}, {"x": 861.9141732283465, "y": 1797, "w": 428.0858267716535, "h": 55.124409448818824, "jsonClass": "Field"}, {"x": 110.39448818897637, "y": 1863, "w": 1484.6055118110237, "h": 89.12440944881882, "jsonClass": "Field"}, {"x": 113.4, "y": 1729, "w": 729.8362204724409, "h": 54.385826771653456, "jsonClass": "Field"}, {"x": 214, "y": 1516.7023622047243, "w": 385.25826771653544, "h": 37, "jsonClass": "Field"}, {"x": 214, "y": 1464.407874015748, "w": 385.25826771653544, "h": 37, "jsonClass": "Field"}, {"x": 214, "y": 1413.807874015748, "w": 385.25826771653544, "h": 37, "jsonClass": "Field"}, {"x": 214, "y": 1363.207874015748, "w": 385.25826771653544, "h": 37, "jsonClass": "Field"}, {"x": 214, "y": 1314.8551181102362, "w": 385.25826771653544, "h": 37, "jsonClass": "Field"}, {"x": 214, "y": 1264.2551181102363, "w": 385.25826771653544, "h": 37, "jsonClass": "Field"}, {"x": 214, "y": 1214.007874015748, "w": 385.25826771653544, "h": 37, "jsonClass": "Field"}, {"x": 214, "y": 1163.6078740157482, "w": 385.25826771653544, "h": 37, "jsonClass": "Field"}, {"x": 214, "y": 1115.0551181102362, "w": 385.25826771653544, "h": 37, "jsonClass": "Field"}, {"x": 214, "y": 1064.6551181102363, "w": 385.25826771653544, "h": 37, "jsonClass": "Field"}, {"x": 214, "y": 1014.0551181102363, "w": 385.25826771653544, "h": 37.000000000000114, "jsonClass": "Field"}, {"x": 214, "y": 963.8078740157481, "w": 385.25826771653544, "h": 37, "jsonClass": "Field"}, {"x": 214, "y": 913.407874015748, "w": 385.25826771653544, "h": 37, "jsonClass": "Field"}, {"x": 214, "y": 862.0551181102362, "w": 385.25826771653544, "h": 37, "jsonClass": "Field"}, {"x": 214, "y": 811.6551181102362, "w": 385.25826771653544, "h": 37, "jsonClass": "Field"}, {"x": 214, "y": 763.4551181102363, "w": 385.25826771653544, "h": 37, "jsonClass": "Field"}, {"x": 214, "y": 712.8551181102362, "w": 385.25826771653544, "h": 37, "jsonClass": "Field"}, {"x": 214, "y": 662.4551181102363, "w": 385.25826771653544, "h": 37, "jsonClass": "Field"}, {"x": 214, "y": 611.8551181102362, "w": 385.25826771653544, "h": 37, "jsonClass": "Field"}, {"x": 214, "y": 563.6551181102362, "w": 385.25826771653544, "h": 37, "jsonClass": "Field"}], "Widget": [{"x": 113.45511811023621, "y": 1680.6669291338583, "w": 729.8362204724409, "h": 37, "jsonClass": "Widget"}, {"x": 113.45511811023621, "y": 1616.1141732283465, "w": 729.8362204724409, "h": 37, "jsonClass": "Widget"}, {"x": 1412.9417322834647, "y": 1680.6669291338583, "w": 180.71102362204724, "h": 37, "jsonClass": "Widget"}, {"x": 861.9141732283465, "y": 1680.6669291338583, "w": 400.60787401574805, "h": 37, "jsonClass": "Widget"}, {"x": 861.9141732283465, "y": 1747.2669291338582, "w": 738.3023622047244, "h": 37, "jsonClass": "Widget"}, {"x": 111.18897637795276, "y": 416.7724409448819, "w": 1486.6385826771655, "h": 37, "jsonClass": "Widget"}, {"x": 864.5669291338584, "y": 1616.1141732283465, "w": 733.6031496062992, "h": 37, "jsonClass": "Widget"}, {"x": 1283.1803149606299, "y": 1680.6669291338583, "w": 108.4251968503937, "h": 37, "jsonClass": "Widget"}, {"x": 113.45511811023621, "y": 1816.6913385826772, "w": 120.78582677165355, "h": 35.43307086614173, "jsonClass": "Widget"}, {"x": 861.9141732283465, "y": 1816.6913385826772, "w": 181.25826771653544, "h": 35.43307086614173, "jsonClass": "Widget"}, {"x": 110.39448818897637, "y": 1916.6913385826772, "w": 1202.1251968503939, "h": 35.43307086614173, "jsonClass": "Widget"}, {"x": 113.4, "y": 1747.9527559055118, "w": 729.8362204724409, "h": 35.43307086614173, "jsonClass": "Widget"}, {"x": 263.407874015748, "y": 1516.7023622047243, "w": 182.27244094488188, "h": 37, "jsonClass": "Widget"}, {"x": 476.8527559055118, "y": 1516.7023622047243, "w": 122.40551181102363, "h": 37, "jsonClass": "Widget"}, {"x": 1215.007874015748, "y": 1516.7023622047243, "w": 378.7496062992126, "h": 37, "jsonClass": "Widget"}, {"x": 613.6527559055119, "y": 1516.7023622047243, "w": 586.6551181102362, "h": 37, "jsonClass": "Widget"}, {"x": 263.407874015748, "y": 1464.407874015748, "w": 182.27244094488188, "h": 37, "jsonClass": "Widget"}, {"x": 476.8527559055118, "y": 1464.407874015748, "w": 122.40551181102363, "h": 37, "jsonClass": "Widget"}, {"x": 613.6527559055119, "y": 1464.407874015748, "w": 586.6551181102362, "h": 37, "jsonClass": "Widget"}, {"x": 1215.007874015748, "y": 1464.407874015748, "w": 378.7496062992126, "h": 37, "jsonClass": "Widget"}, {"x": 263.407874015748, "y": 1413.807874015748, "w": 182.27244094488188, "h": 37, "jsonClass": "Widget"}, {"x": 476.8527559055118, "y": 1413.807874015748, "w": 122.40551181102363, "h": 37, "jsonClass": "Widget"}, {"x": 613.6527559055119, "y": 1413.807874015748, "w": 586.6551181102362, "h": 37, "jsonClass": "Widget"}, {"x": 1215.007874015748, "y": 1413.807874015748, "w": 378.7496062992126, "h": 37, "jsonClass": "Widget"}, {"x": 263.407874015748, "y": 1363.207874015748, "w": 182.27244094488188, "h": 37, "jsonClass": "Widget"}, {"x": 476.8527559055118, "y": 1363.207874015748, "w": 122.40551181102363, "h": 37, "jsonClass": "Widget"}, {"x": 613.6527559055119, "y": 1363.207874015748, "w": 586.6551181102362, "h": 37, "jsonClass": "Widget"}, {"x": 1215.007874015748, "y": 1363.207874015748, "w": 378.7496062992126, "h": 37, "jsonClass": "Widget"}, {"x": 263.407874015748, "y": 1314.8551181102362, "w": 182.27244094488188, "h": 37, "jsonClass": "Widget"}, {"x": 476.8527559055118, "y": 1314.8551181102362, "w": 122.40551181102363, "h": 37, "jsonClass": "Widget"}, {"x": 613.6527559055119, "y": 1314.8551181102362, "w": 586.6551181102362, "h": 37, "jsonClass": "Widget"}, {"x": 1215.007874015748, "y": 1314.8551181102362, "w": 378.7496062992126, "h": 37, "jsonClass": "Widget"}, {"x": 263.407874015748, "y": 1264.2551181102363, "w": 182.27244094488188, "h": 37, "jsonClass": "Widget"}, {"x": 476.8527559055118, "y": 1264.2551181102363, "w": 122.40551181102363, "h": 37, "jsonClass": "Widget"}, {"x": 613.6527559055119, "y": 1264.2551181102363, "w": 586.6551181102362, "h": 37, "jsonClass": "Widget"}, {"x": 1215.007874015748, "y": 1264.2551181102363, "w": 378.7496062992126, "h": 37, "jsonClass": "Widget"}, {"x": 263.407874015748, "y": 1214.007874015748, "w": 182.27244094488188, "h": 37, "jsonClass": "Widget"}, {"x": 476.8527559055118, "y": 1214.007874015748, "w": 122.40551181102363, "h": 37, "jsonClass": "Widget"}, {"x": 613.6527559055119, "y": 1214.007874015748, "w": 586.6551181102362, "h": 37, "jsonClass": "Widget"}, {"x": 1215.007874015748, "y": 1214.007874015748, "w": 378.7496062992126, "h": 37, "jsonClass": "Widget"}, {"x": 263.407874015748, "y": 1163.6078740157482, "w": 182.27244094488188, "h": 37, "jsonClass": "Widget"}, {"x": 476.8527559055118, "y": 1163.6078740157482, "w": 122.40551181102363, "h": 37, "jsonClass": "Widget"}, {"x": 613.6527559055119, "y": 1163.6078740157482, "w": 586.6551181102362, "h": 37, "jsonClass": "Widget"}, {"x": 1215.007874015748, "y": 1163.6078740157482, "w": 378.7496062992126, "h": 37, "jsonClass": "Widget"}, {"x": 263.407874015748, "y": 1115.0551181102362, "w": 182.27244094488188, "h": 37, "jsonClass": "Widget"}, {"x": 476.8527559055118, "y": 1115.0551181102362, "w": 122.40551181102363, "h": 37, "jsonClass": "Widget"}, {"x": 613.6527559055119, "y": 1115.0551181102362, "w": 586.6551181102362, "h": 37, "jsonClass": "Widget"}, {"x": 1215.007874015748, "y": 1115.0551181102362, "w": 378.7496062992126, "h": 37, "jsonClass": "Widget"}, {"x": 263.407874015748, "y": 1064.6551181102363, "w": 182.27244094488188, "h": 37, "jsonClass": "Widget"}, {"x": 476.8527559055118, "y": 1064.6551181102363, "w": 122.40551181102363, "h": 37, "jsonClass": "Widget"}, {"x": 613.6527559055119, "y": 1064.6551181102363, "w": 586.6551181102362, "h": 37, "jsonClass": "Widget"}, {"x": 1215.007874015748, "y": 1064.6551181102363, "w": 378.7496062992126, "h": 37, "jsonClass": "Widget"}, {"x": 263.407874015748, "y": 1014.0551181102363, "w": 182.27244094488188, "h": 37, "jsonClass": "Widget"}, {"x": 476.8527559055118, "y": 1014.0551181102363, "w": 122.40551181102363, "h": 37, "jsonClass": "Widget"}, {"x": 613.6527559055119, "y": 1014.0551181102363, "w": 586.6551181102362, "h": 37, "jsonClass": "Widget"}, {"x": 1215.007874015748, "y": 1014.0551181102363, "w": 378.7496062992126, "h": 37, "jsonClass": "Widget"}, {"x": 263.407874015748, "y": 963.8078740157481, "w": 182.27244094488188, "h": 37, "jsonClass": "Widget"}, {"x": 476.8527559055118, "y": 963.8078740157481, "w": 122.40551181102363, "h": 37, "jsonClass": "Widget"}, {"x": 613.6527559055119, "y": 963.8078740157481, "w": 586.6551181102362, "h": 37, "jsonClass": "Widget"}, {"x": 1215.007874015748, "y": 963.8078740157481, "w": 378.7496062992126, "h": 37, "jsonClass": "Widget"}, {"x": 263.407874015748, "y": 913.407874015748, "w": 182.27244094488188, "h": 37, "jsonClass": "Widget"}, {"x": 476.8527559055118, "y": 913.407874015748, "w": 122.40551181102363, "h": 37, "jsonClass": "Widget"}, {"x": 613.6527559055119, "y": 913.407874015748, "w": 586.6551181102362, "h": 37, "jsonClass": "Widget"}, {"x": 1215.007874015748, "y": 913.407874015748, "w": 378.7496062992126, "h": 37, "jsonClass": "Widget"}, {"x": 263.407874015748, "y": 862.0551181102362, "w": 184.5724409448819, "h": 37, "jsonClass": "Widget"}, {"x": 476.8527559055118, "y": 862.0551181102362, "w": 122.40551181102363, "h": 37, "jsonClass": "Widget"}, {"x": 613.6527559055119, "y": 862.0551181102362, "w": 586.6551181102362, "h": 37, "jsonClass": "Widget"}, {"x": 1215.007874015748, "y": 862.0551181102362, "w": 380.83622047244097, "h": 37, "jsonClass": "Widget"}, {"x": 263.407874015748, "y": 811.6551181102362, "w": 184.5724409448819, "h": 37, "jsonClass": "Widget"}, {"x": 476.8527559055118, "y": 811.6551181102362, "w": 122.40551181102363, "h": 37, "jsonClass": "Widget"}, {"x": 613.6527559055119, "y": 811.6551181102362, "w": 586.6551181102362, "h": 37, "jsonClass": "Widget"}, {"x": 1215.007874015748, "y": 811.6551181102362, "w": 380.83622047244097, "h": 37, "jsonClass": "Widget"}, {"x": 263.407874015748, "y": 763.4551181102363, "w": 184.5724409448819, "h": 37, "jsonClass": "Widget"}, {"x": 476.8527559055118, "y": 763.4551181102363, "w": 122.40551181102363, "h": 37, "jsonClass": "Widget"}, {"x": 613.6527559055119, "y": 763.4551181102363, "w": 586.6551181102362, "h": 37, "jsonClass": "Widget"}, {"x": 1215.007874015748, "y": 763.4551181102363, "w": 380.83622047244097, "h": 37, "jsonClass": "Widget"}, {"x": 263.407874015748, "y": 712.8551181102362, "w": 184.5724409448819, "h": 37, "jsonClass": "Widget"}, {"x": 476.8527559055118, "y": 712.8551181102362, "w": 122.40551181102363, "h": 37, "jsonClass": "Widget"}, {"x": 613.6527559055119, "y": 712.8551181102362, "w": 586.6551181102362, "h": 37, "jsonClass": "Widget"}, {"x": 1215.007874015748, "y": 712.8551181102362, "w": 380.83622047244097, "h": 37, "jsonClass": "Widget"}, {"x": 263.407874015748, "y": 662.4551181102363, "w": 184.5724409448819, "h": 37, "jsonClass": "Widget"}, {"x": 476.8527559055118, "y": 662.4551181102363, "w": 122.40551181102363, "h": 37, "jsonClass": "Widget"}, {"x": 613.6527559055119, "y": 662.4551181102363, "w": 586.6551181102362, "h": 37, "jsonClass": "Widget"}, {"x": 1215.007874015748, "y": 662.4551181102363, "w": 380.83622047244097, "h": 37, "jsonClass": "Widget"}, {"x": 263.407874015748, "y": 611.8551181102362, "w": 184.5724409448819, "h": 37, "jsonClass": "Widget"}, {"x": 476.8527559055118, "y": 611.8551181102362, "w": 122.40551181102363, "h": 37, "jsonClass": "Widget"}, {"x": 613.6527559055119, "y": 611.8551181102362, "w": 586.6551181102362, "h": 37, "jsonClass": "Widget"}, {"x": 1215.007874015748, "y": 611.8551181102362, "w": 380.83622047244097, "h": 37, "jsonClass": "Widget"}, {"x": 263.407874015748, "y": 563.6551181102362, "w": 184.5724409448819, "h": 37, "jsonClass": "Widget"}, {"x": 476.8527559055118, "y": 563.6551181102362, "w": 122.40551181102363, "h": 37, "jsonClass": "Widget"}, {"x": 613.6527559055119, "y": 563.6551181102362, "w": 586.6551181102362, "h": 37, "jsonClass": "Widget"}, {"x": 1215.007874015748, "y": 563.6551181102362, "w": 380.83622047244097, "h": 37, "jsonClass": "Widget"}], "Table": [{"x": 100, "y": 452.03125, "w": 1505, "h": 1104.4309189727362, "jsonClass": "Table"}]}