{"TextBlock": [{"x": 135, "y": 697.03125, "w": 1422, "h": 33, "jsonClass": "TextBlock"}, {"x": 1162, "y": 681, "w": 438, "h": 19, "jsonClass": "TextBlock"}, {"x": 416, "y": 681, "w": 128, "h": 19, "jsonClass": "TextBlock"}, {"x": 777, "y": 681, "w": 206, "h": 19, "jsonClass": "TextBlock"}, {"x": 140, "y": 672, "w": 156, "h": 28, "jsonClass": "TextBlock"}, {"x": 320, "y": 69, "w": 63, "h": 28, "jsonClass": "TextBlock"}, {"x": 1512, "y": 306, "w": 88, "h": 27, "jsonClass": "TextBlock"}, {"x": 1399, "y": 479, "w": 201, "h": 172, "jsonClass": "TextBlock"}, {"x": 1409, "y": 342, "w": 191, "h": 80, "jsonClass": "TextBlock"}, {"x": 1400, "y": 439, "w": 200, "h": 22, "jsonClass": "TextBlock"}, {"x": 559, "y": 72, "w": 60, "h": 28, "jsonClass": "TextBlock"}, {"x": 724, "y": 72, "w": 140, "h": 28, "jsonClass": "TextBlock"}, {"x": 491, "y": 308, "w": 283, "h": 20, "jsonClass": "TextBlock"}, {"x": 151, "y": 475, "w": 272, "h": 19, "jsonClass": "TextBlock"}, {"x": 151, "y": 375, "w": 147, "h": 19, "jsonClass": "TextBlock"}, {"x": 151, "y": 542, "w": 566, "h": 19, "jsonClass": "TextBlock"}, {"x": 151, "y": 108, "w": 617, "h": 42, "jsonClass": "TextBlock"}, {"x": 151, "y": 308, "w": 269, "h": 20, "jsonClass": "TextBlock"}, {"x": 151, "y": 608, "w": 279, "h": 20, "jsonClass": "TextBlock"}, {"x": 1112, "y": 269, "w": 156, "h": 28, "jsonClass": "TextBlock"}, {"x": 1115, "y": 108, "w": 150, "h": 18, "jsonClass": "TextBlock"}, {"x": 825, "y": 202.03125, "w": 91, "h": 31.0, "jsonClass": "TextBlock"}, {"x": 823, "y": 271.03125, "w": 17, "h": 27, "jsonClass": "TextBlock"}, {"x": 822, "y": 302.03125, "w": 64, "h": 25.96875, "jsonClass": "TextBlock"}, {"x": 823, "y": 338.03125, "w": 17, "h": 24, "jsonClass": "TextBlock"}, {"x": 1108, "y": 302.03125, "w": 221, "h": 48.96875, "jsonClass": "TextBlock"}, {"x": 826, "y": 107.03125, "w": 164, "h": 21.0, "jsonClass": "TextBlock"}, {"x": 823, "y": 169.03125, "w": 17, "h": 25, "jsonClass": "TextBlock"}, {"x": 822, "y": 368.03125, "w": 207, "h": 49.96875, "jsonClass": "TextBlock"}, {"x": 1133, "y": 172, "w": 114, "h": 56, "jsonClass": "TextBlock"}, {"x": 1099, "y": 370.03125, "w": 267, "h": 47.96875, "jsonClass": "TextBlock"}, {"x": 1293, "y": 161, "w": 307, "h": 72, "jsonClass": "HeaderTitle"}], "TextRun": [{"x": 135, "y": 697.03125, "w": 1422, "h": 33, "jsonClass": "TextRun"}, {"x": 1162, "y": 681, "w": 438, "h": 19, "jsonClass": "TextRun"}, {"x": 416, "y": 681, "w": 128, "h": 19, "jsonClass": "TextRun"}, {"x": 777, "y": 681, "w": 206, "h": 19, "jsonClass": "TextRun"}, {"x": 140, "y": 678, "w": 47, "h": 20, "jsonClass": "TextRun"}, {"x": 187, "y": 672, "w": 109, "h": 28, "jsonClass": "TextRun"}, {"x": 320, "y": 69, "w": 63, "h": 28, "jsonClass": "TextRun"}, {"x": 1512, "y": 306, "w": 88, "h": 27, "jsonClass": "TextRun"}, {"x": 1399, "y": 479, "w": 201, "h": 22, "jsonClass": "TextRun"}, {"x": 1401, "y": 504, "w": 199, "h": 22, "jsonClass": "TextRun"}, {"x": 1423, "y": 529, "w": 177, "h": 22, "jsonClass": "TextRun"}, {"x": 1468, "y": 554, "w": 132, "h": 22, "jsonClass": "TextRun"}, {"x": 1448, "y": 579, "w": 152, "h": 22, "jsonClass": "TextRun"}, {"x": 1404, "y": 604, "w": 196, "h": 22, "jsonClass": "TextRun"}, {"x": 1517, "y": 629, "w": 83, "h": 22, "jsonClass": "TextRun"}, {"x": 1409, "y": 342, "w": 191, "h": 25, "jsonClass": "TextRun"}, {"x": 1417, "y": 369, "w": 183, "h": 25, "jsonClass": "TextRun"}, {"x": 1525, "y": 397, "w": 75, "h": 25, "jsonClass": "TextRun"}, {"x": 1400, "y": 439, "w": 200, "h": 22, "jsonClass": "TextRun"}, {"x": 559, "y": 72, "w": 60, "h": 28, "jsonClass": "TextRun"}, {"x": 724, "y": 72, "w": 140, "h": 28, "jsonClass": "TextRun"}, {"x": 491, "y": 308, "w": 283, "h": 20, "jsonClass": "TextRun"}, {"x": 151, "y": 475, "w": 272, "h": 19, "jsonClass": "TextRun"}, {"x": 151, "y": 375, "w": 147, "h": 19, "jsonClass": "TextRun"}, {"x": 151, "y": 542, "w": 566, "h": 19, "jsonClass": "TextRun"}, {"x": 151, "y": 108, "w": 617, "h": 20, "jsonClass": "TextRun"}, {"x": 151, "y": 131, "w": 314, "h": 19, "jsonClass": "TextRun"}, {"x": 151, "y": 308, "w": 269, "h": 20, "jsonClass": "TextRun"}, {"x": 151, "y": 608, "w": 279, "h": 20, "jsonClass": "TextRun"}, {"x": 1112, "y": 276, "w": 47, "h": 19, "jsonClass": "TextRun"}, {"x": 1159, "y": 269, "w": 109, "h": 28, "jsonClass": "TextRun"}, {"x": 1115, "y": 108, "w": 150, "h": 18, "jsonClass": "TextRun"}, {"x": 825, "y": 202.03125, "w": 19, "h": 31, "jsonClass": "TextRun"}, {"x": 846, "y": 208, "w": 70, "h": 20, "jsonClass": "TextRun"}, {"x": 823, "y": 271.03125, "w": 17, "h": 27, "jsonClass": "TextRun"}, {"x": 822, "y": 302.03125, "w": 24, "h": 23, "jsonClass": "TextRun"}, {"x": 846, "y": 308, "w": 40, "h": 20, "jsonClass": "TextRun"}, {"x": 823, "y": 338.03125, "w": 17, "h": 24, "jsonClass": "TextRun"}, {"x": 1108, "y": 302.03125, "w": 18, "h": 30, "jsonClass": "TextRun"}, {"x": 1126, "y": 308, "w": 203, "h": 20, "jsonClass": "TextRun"}, {"x": 1128, "y": 332, "w": 62, "h": 19, "jsonClass": "TextRun"}, {"x": 826, "y": 107.03125, "w": 17, "h": 21, "jsonClass": "TextRun"}, {"x": 846, "y": 108, "w": 144, "h": 20, "jsonClass": "TextRun"}, {"x": 823, "y": 169.03125, "w": 17, "h": 25, "jsonClass": "TextRun"}, {"x": 822, "y": 368.03125, "w": 21, "h": 27, "jsonClass": "TextRun"}, {"x": 846, "y": 375, "w": 183, "h": 20, "jsonClass": "TextRun"}, {"x": 848, "y": 399, "w": 154, "h": 19, "jsonClass": "TextRun"}, {"x": 1133, "y": 172, "w": 114, "h": 56, "jsonClass": "TextRun"}, {"x": 1099, "y": 370.03125, "w": 26, "h": 21, "jsonClass": "TextRun"}, {"x": 1126, "y": 375, "w": 240, "h": 19, "jsonClass": "TextRun"}, {"x": 1128, "y": 398, "w": 236, "h": 20, "jsonClass": "TextRun"}, {"x": 1293, "y": 161, "w": 307, "h": 33, "jsonClass": "TextRun"}, {"x": 1380, "y": 200, "w": 220, "h": 33, "jsonClass": "TextRun"}], "ChoiceGroup": [{"x": 511, "y": 64.03125, "w": 363, "h": 37, "jsonClass": "ChoiceGroup"}], "ChoiceField": [{"x": 520, "y": 69.44409448818898, "w": 99, "h": 30.55590551181102, "jsonClass": "ChoiceField"}, {"x": 680, "y": 69.44409448818898, "w": 184, "h": 30.55590551181102, "jsonClass": "ChoiceField"}], "Widget": [{"x": 520, "y": 69.44409448818898, "w": 27.777952755905513, "h": 27.777952755905513, "jsonClass": "Widget"}, {"x": 680, "y": 69.44409448818898, "w": 27.777952755905513, "h": 27.777952755905513, "jsonClass": "Widget"}, {"x": 480, "y": 327.7779527559055, "w": 340, "h": 38.891338582677164, "jsonClass": "Widget"}, {"x": 140, "y": 494.4472440944882, "w": 680, "h": 38.891338582677164, "jsonClass": "Widget"}, {"x": 140, "y": 394.44724409448816, "w": 680, "h": 72.2220472440945, "jsonClass": "Widget"}, {"x": 140, "y": 561.1086614173229, "w": 680, "h": 38.891338582677164, "jsonClass": "Widget"}, {"x": 140, "y": 155.55590551181103, "w": 680, "h": 144.444094488189, "jsonClass": "Widget"}, {"x": 140, "y": 327.7779527559055, "w": 340, "h": 38.891338582677164, "jsonClass": "Widget"}, {"x": 140, "y": 627.7779527559055, "w": 680, "h": 38.891338582677164, "jsonClass": "Widget"}, {"x": 840, "y": 266.6692913385827, "w": 260.00000000000006, "h": 33.33070866141732, "jsonClass": "Widget"}, {"x": 840, "y": 333.33070866141736, "w": 260.00000000000006, "h": 33.33070866141732, "jsonClass": "Widget"}, {"x": 1345.5527559055117, "y": 338.88346456692915, "w": 22.22204724409449, "h": 22.22204724409449, "jsonClass": "Widget"}, {"x": 840, "y": 166.6692913385827, "w": 260.00000000000006, "h": 33.33070866141732, "jsonClass": "Widget"}, {"x": 1065.7330708661418, "y": 421.9307086614173, "w": 22.22204724409449, "h": 22.22204724409449, "jsonClass": "Widget"}, {"x": 1345.5527559055117, "y": 421.9307086614173, "w": 22.22204724409449, "h": 22.22204724409449, "jsonClass": "Widget"}], "Field": [{"x": 480, "y": 308, "w": 340, "h": 58.669291338582696, "jsonClass": "Field"}, {"x": 140, "y": 475, "w": 680, "h": 58.33858267716539, "jsonClass": "Field"}, {"x": 140, "y": 375, "w": 680, "h": 91.66929133858264, "jsonClass": "Field"}, {"x": 140, "y": 542, "w": 680, "h": 58, "jsonClass": "Field"}, {"x": 140, "y": 108, "w": 680, "h": 192, "jsonClass": "Field"}, {"x": 140, "y": 308, "w": 340, "h": 58.669291338582696, "jsonClass": "Field"}, {"x": 140, "y": 608, "w": 680, "h": 58.66929133858264, "jsonClass": "Field"}, {"x": 823, "y": 202.03125, "w": 277, "h": 97.96875, "jsonClass": "Field"}, {"x": 822, "y": 302.03125, "w": 278, "h": 64.63016732283467, "jsonClass": "Field"}, {"x": 1108, "y": 302.03125, "w": 259.7748031496062, "h": 59.07426181102363, "jsonClass": "Field"}, {"x": 823, "y": 107.03125, "w": 277, "h": 92.96875, "jsonClass": "Field"}, {"x": 822, "y": 368.03125, "w": 265.9551181102363, "h": 76.12150590551181, "jsonClass": "Field"}, {"x": 1099, "y": 370.03125, "w": 268.7748031496062, "h": 74.12150590551181, "jsonClass": "Field"}, {"x": 520, "y": 69.44409448818898, "w": 99, "h": 30.55590551181102, "jsonClass": "ChoiceField"}, {"x": 680, "y": 69.44409448818898, "w": 184, "h": 30.55590551181102, "jsonClass": "ChoiceField"}]}