{"TextBlock": [{"x": 1310, "y": 2076, "w": 314, "h": 27, "jsonClass": "TextBlock"}, {"x": 78, "y": 2077, "w": 533, "h": 28, "jsonClass": "TextBlock"}, {"x": 84, "y": 294, "w": 1535, "h": 205, "jsonClass": "TextBlock"}, {"x": 84, "y": 580, "w": 1508, "h": 115, "jsonClass": "TextBlock"}, {"x": 770, "y": 771, "w": 100, "h": 25, "jsonClass": "TextBlock"}, {"x": 823, "y": 801, "w": 56, "h": 20, "jsonClass": "TextBlock"}, {"x": 1441, "y": 801, "w": 145, "h": 20, "jsonClass": "TextBlock"}, {"x": 84, "y": 801, "w": 49, "h": 20, "jsonClass": "TextBlock"}, {"x": 82, "y": 870, "w": 141, "h": 19, "jsonClass": "TextBlock"}, {"x": 404, "y": 870, "w": 204, "h": 19, "jsonClass": "TextBlock"}, {"x": 804, "y": 870, "w": 98, "h": 19, "jsonClass": "TextBlock"}, {"x": 1024, "y": 870, "w": 104, "h": 19, "jsonClass": "TextBlock"}, {"x": 330, "y": 1651, "w": 165, "h": 25, "jsonClass": "TextBlock"}, {"x": 1204, "y": 1636, "w": 184, "h": 19, "jsonClass": "TextBlock"}, {"x": 360, "y": 1485, "w": 827, "h": 145, "jsonClass": "TextBlock"}, {"x": 330, "y": 1443, "w": 507, "h": 25, "jsonClass": "TextBlock"}, {"x": 360, "y": 1334, "w": 807, "h": 85, "jsonClass": "TextBlock"}, {"x": 330, "y": 1273, "w": 850, "h": 55, "jsonClass": "TextBlock"}, {"x": 330, "y": 1108, "w": 806, "h": 25, "jsonClass": "TextBlock"}, {"x": 361, "y": 1148, "w": 824, "h": 115, "jsonClass": "TextBlock"}, {"x": 81.00037224435773, "y": 1039, "w": 235.11938086174933, "h": 55, "jsonClass": "TextBlock"}, {"x": 1291, "y": 1040, "w": 271, "h": 55, "jsonClass": "TextBlock"}, {"x": 729, "y": 1048, "w": 65, "h": 25, "jsonClass": "TextBlock"}, {"x": 84, "y": 1782, "w": 1509, "h": 145, "jsonClass": "TextBlock"}, {"x": 1204, "y": 1969, "w": 73, "h": 20, "jsonClass": "TextBlock"}, {"x": 84, "y": 1969, "w": 280, "h": 20, "jsonClass": "TextBlock"}, {"x": 566, "y": 2117, "w": 563, "h": 45, "jsonClass": "TextBlock"}, {"x": 710, "y": 233, "w": 273, "h": 25, "jsonClass": "SectionTitle"}, {"x": 772, "y": 545, "w": 183, "h": 25, "jsonClass": "SectionTitle"}, {"x": 667, "y": 720, "w": 357, "h": 25, "jsonClass": "SectionTitle"}, {"x": 378, "y": 940, "w": 958, "h": 85, "jsonClass": "SectionTitle"}, {"x": 740, "y": 1721, "w": 221, "h": 25, "jsonClass": "SectionTitle"}, {"x": 354, "y": 117, "w": 998, "h": 67, "jsonClass": "HeaderTitle"}], "TextRun": [{"x": 1310, "y": 2076, "w": 314, "h": 27, "jsonClass": "TextRun"}, {"x": 78, "y": 2077, "w": 533, "h": 28, "jsonClass": "TextRun"}, {"x": 84, "y": 294, "w": 1535, "h": 25, "jsonClass": "TextRun"}, {"x": 84, "y": 324, "w": 1509, "h": 25, "jsonClass": "TextRun"}, {"x": 84, "y": 354, "w": 1529, "h": 25, "jsonClass": "TextRun"}, {"x": 84, "y": 384, "w": 1494, "h": 25, "jsonClass": "TextRun"}, {"x": 84, "y": 414, "w": 1502, "h": 25, "jsonClass": "TextRun"}, {"x": 84, "y": 444, "w": 1435, "h": 25, "jsonClass": "TextRun"}, {"x": 84, "y": 474, "w": 881, "h": 25, "jsonClass": "TextRun"}, {"x": 710, "y": 233, "w": 273, "h": 25, "jsonClass": "TextRun"}, {"x": 84, "y": 580, "w": 1508, "h": 25, "jsonClass": "TextRun"}, {"x": 84, "y": 610, "w": 1508, "h": 25, "jsonClass": "TextRun"}, {"x": 84, "y": 640, "w": 1502, "h": 25, "jsonClass": "TextRun"}, {"x": 84, "y": 670, "w": 588, "h": 25, "jsonClass": "TextRun"}, {"x": 772, "y": 545, "w": 183, "h": 25, "jsonClass": "TextRun"}, {"x": 770, "y": 771, "w": 100, "h": 25, "jsonClass": "TextRun"}, {"x": 823, "y": 801, "w": 56, "h": 20, "jsonClass": "TextRun"}, {"x": 1441, "y": 801, "w": 145, "h": 20, "jsonClass": "TextRun"}, {"x": 84, "y": 801, "w": 49, "h": 20, "jsonClass": "TextRun"}, {"x": 82, "y": 870, "w": 141, "h": 19, "jsonClass": "TextRun"}, {"x": 404, "y": 870, "w": 204, "h": 19, "jsonClass": "TextRun"}, {"x": 804, "y": 870, "w": 98, "h": 19, "jsonClass": "TextRun"}, {"x": 1024, "y": 870, "w": 104, "h": 19, "jsonClass": "TextRun"}, {"x": 667, "y": 720, "w": 357, "h": 25, "jsonClass": "TextRun"}, {"x": 330, "y": 1651, "w": 165, "h": 25, "jsonClass": "TextRun"}, {"x": 1204, "y": 1636, "w": 184, "h": 19, "jsonClass": "TextRun"}, {"x": 360, "y": 1485, "w": 510, "h": 25, "jsonClass": "TextRun"}, {"x": 870, "y": 1485, "w": 105, "h": 25, "jsonClass": "TextRun"}, {"x": 975, "y": 1485, "w": 185, "h": 25, "jsonClass": "TextRun"}, {"x": 360, "y": 1515, "w": 803, "h": 25, "jsonClass": "TextRun"}, {"x": 360, "y": 1545, "w": 824, "h": 25, "jsonClass": "TextRun"}, {"x": 360, "y": 1575, "w": 821, "h": 25, "jsonClass": "TextRun"}, {"x": 360, "y": 1605, "w": 827, "h": 25, "jsonClass": "TextRun"}, {"x": 330, "y": 1443, "w": 507, "h": 25, "jsonClass": "TextRun"}, {"x": 360, "y": 1334, "w": 807, "h": 25, "jsonClass": "TextRun"}, {"x": 360, "y": 1364, "w": 807, "h": 25, "jsonClass": "TextRun"}, {"x": 360, "y": 1394, "w": 531, "h": 25, "jsonClass": "TextRun"}, {"x": 330, "y": 1273, "w": 471, "h": 25, "jsonClass": "TextRun"}, {"x": 801, "y": 1273, "w": 379, "h": 25, "jsonClass": "TextRun"}, {"x": 330, "y": 1303, "w": 459, "h": 25, "jsonClass": "TextRun"}, {"x": 330, "y": 1108, "w": 806, "h": 25, "jsonClass": "TextRun"}, {"x": 361, "y": 1148, "w": 814, "h": 25, "jsonClass": "TextRun"}, {"x": 361, "y": 1178, "w": 824, "h": 25, "jsonClass": "TextRun"}, {"x": 361, "y": 1208, "w": 816, "h": 25, "jsonClass": "TextRun"}, {"x": 361, "y": 1238, "w": 552, "h": 25, "jsonClass": "TextRun"}, {"x": 151, "y": 1039, "w": 94, "h": 25, "jsonClass": "TextRun"}, {"x": 81.00037224435773, "y": 1069, "w": 235.1193808617493, "h": 25, "jsonClass": "TextRun"}, {"x": 1312, "y": 1040, "w": 236, "h": 25, "jsonClass": "TextRun"}, {"x": 1291, "y": 1070, "w": 271, "h": 25, "jsonClass": "TextRun"}, {"x": 729, "y": 1048, "w": 65, "h": 25, "jsonClass": "TextRun"}, {"x": 729, "y": 940, "w": 256, "h": 25, "jsonClass": "TextRun"}, {"x": 378, "y": 970, "w": 958, "h": 25, "jsonClass": "TextRun"}, {"x": 517, "y": 1000, "w": 674, "h": 25, "jsonClass": "TextRun"}, {"x": 84, "y": 1782, "w": 1456, "h": 25, "jsonClass": "TextRun"}, {"x": 84, "y": 1812, "w": 1509, "h": 25, "jsonClass": "TextRun"}, {"x": 84, "y": 1842, "w": 1490, "h": 25, "jsonClass": "TextRun"}, {"x": 84, "y": 1872, "w": 1509, "h": 25, "jsonClass": "TextRun"}, {"x": 84, "y": 1902, "w": 1430, "h": 25, "jsonClass": "TextRun"}, {"x": 1204, "y": 1969, "w": 73, "h": 20, "jsonClass": "TextRun"}, {"x": 84, "y": 1969, "w": 280, "h": 20, "jsonClass": "TextRun"}, {"x": 740, "y": 1721, "w": 221, "h": 25, "jsonClass": "TextRun"}, {"x": 354, "y": 117, "w": 998, "h": 30, "jsonClass": "TextRun"}, {"x": 520, "y": 153, "w": 658, "h": 31, "jsonClass": "TextRun"}, {"x": 566, "y": 2117, "w": 563, "h": 45, "jsonClass": "TextRun"}], "Field": [{"x": 823, "y": 801, "w": 604.555905511811, "h": 54.80314960629926, "jsonClass": "Field"}, {"x": 1441, "y": 801, "w": 166.44409448818897, "h": 54.796850393700765, "jsonClass": "Field"}, {"x": 84, "y": 801, "w": 724.8165354330708, "h": 54.51102362204722, "jsonClass": "Field"}, {"x": 82, "y": 870, "w": 283.23307086614176, "h": 55.74409448818892, "jsonClass": "Field"}, {"x": 404, "y": 870, "w": 383.6055118110237, "h": 51.649606299212564, "jsonClass": "Field"}, {"x": 804, "y": 870, "w": 199.87480314960635, "h": 53.696850393700856, "jsonClass": "Field"}, {"x": 1024, "y": 870, "w": 585.908661417323, "h": 53.4755905511812, "jsonClass": "Field"}, {"x": 1204, "y": 1636, "w": 405.9118110236218, "h": 54.37716535433083, "jsonClass": "Field"}, {"x": 1204, "y": 1969, "w": 384.42519685039383, "h": 84.18661417322846, "jsonClass": "Field"}, {"x": 84, "y": 1969, "w": 1102, "h": 91.32755905511794, "jsonClass": "Field"}], "Widget": [{"x": 830.8503937007874, "y": 826.6, "w": 596.7055118110236, "h": 29.203149606299213, "jsonClass": "Widget"}, {"x": 1449.8275590551182, "y": 825.0637795275591, "w": 157.61653543307085, "h": 30.73307086614173, "jsonClass": "Widget"}, {"x": 88.33858267716535, "y": 826.6, "w": 720.4779527559054, "h": 28.911023622047246, "jsonClass": "Widget"}, {"x": 89.58582677165354, "y": 895.0110236220472, "w": 275.6472440944882, "h": 30.73307086614173, "jsonClass": "Widget"}, {"x": 417.23622047244095, "y": 890.9165354330709, "w": 370.3692913385827, "h": 30.73307086614173, "jsonClass": "Widget"}, {"x": 814.1, "y": 892.9637795275592, "w": 189.77480314960633, "h": 30.73307086614173, "jsonClass": "Widget"}, {"x": 1032.1889763779527, "y": 894.4976377952756, "w": 577.7196850393701, "h": 28.977952755905513, "jsonClass": "Widget"}, {"x": 172.32204724409448, "y": 1641.0251968503937, "w": 50, "h": 50, "jsonClass": "Widget"}, {"x": 1216.2976377952755, "y": 1659.644094488189, "w": 393.61417322834643, "h": 30.73307086614173, "jsonClass": "Widget"}, {"x": 131.24724409448817, "y": 1464.4, "w": 133.33307086614172, "h": 133.33307086614172, "jsonClass": "Widget"}, {"x": 1218.0551181102364, "y": 1457.6307086614174, "w": 386.4503937007874, "h": 154.03622047244096, "jsonClass": "Widget"}, {"x": 1219.8779527559054, "y": 1291.3614173228348, "w": 386.4503937007874, "h": 125.45511811023623, "jsonClass": "Widget"}, {"x": 133, "y": 1282.0503937007875, "w": 133.33307086614172, "h": 133.33307086614172, "jsonClass": "Widget"}, {"x": 1218.0551181102364, "y": 1119.7527559055118, "w": 386.4503937007874, "h": 125.45511811023623, "jsonClass": "Widget"}, {"x": 136.58031496062992, "y": 1117.6000000000001, "w": 133.33307086614172, "h": 133.33307086614172, "jsonClass": "Widget"}, {"x": 1210.8944881889765, "y": 2002.8614173228348, "w": 377.5307086614173, "h": 50.3251968503937, "jsonClass": "Widget"}, {"x": 380.9472440944882, "y": 1972.283464566929, "w": 805.0527559055118, "h": 88.04409448818897, "jsonClass": "Widget"}], "Table": [{"x": 80.00000919121874, "y": 1031.03125, "w": 1539, "h": 668.3697534973936, "jsonClass": "Table"}]}