{"TextBlock": [{"x": 1300, "y": 2086, "w": 340, "h": 28, "jsonClass": "TextBlock"}, {"x": 734, "y": 1948, "w": 243, "h": 22, "jsonClass": "TextBlock"}, {"x": 1364, "y": 787, "w": 97, "h": 22, "jsonClass": "TextBlock"}, {"x": 72, "y": 731, "w": 1548, "h": 45, "jsonClass": "TextBlock"}, {"x": 487, "y": 787, "w": 278, "h": 22, "jsonClass": "TextBlock"}, {"x": 1192, "y": 1444.03125, "w": 18, "h": 21.0, "jsonClass": "TextBlock"}, {"x": 107, "y": 1435, "w": 260, "h": 23, "jsonClass": "TextBlock"}, {"x": 134, "y": 1389, "w": 27, "h": 23, "jsonClass": "TextBlock"}, {"x": 1189, "y": 1385.03125, "w": 21, "h": 21.0, "jsonClass": "TextBlock"}, {"x": 134, "y": 1358, "w": 27, "h": 22, "jsonClass": "TextBlock"}, {"x": 1191, "y": 1352.03125, "w": 19, "h": 23.0, "jsonClass": "TextBlock"}, {"x": 134, "y": 1326, "w": 27, "h": 22, "jsonClass": "TextBlock"}, {"x": 1191, "y": 1321.03125, "w": 18, "h": 24.0, "jsonClass": "TextBlock"}, {"x": 134, "y": 1294, "w": 27, "h": 22, "jsonClass": "TextBlock"}, {"x": 1191, "y": 1289.03125, "w": 18, "h": 24.0, "jsonClass": "TextBlock"}, {"x": 134, "y": 1262, "w": 27, "h": 22, "jsonClass": "TextBlock"}, {"x": 1189, "y": 1258.03125, "w": 23, "h": 22.0, "jsonClass": "TextBlock"}, {"x": 107, "y": 1234, "w": 384, "h": 22, "jsonClass": "TextBlock"}, {"x": 1189, "y": 1228.03125, "w": 20, "h": 21.0, "jsonClass": "TextBlock"}, {"x": 107, "y": 1202, "w": 231, "h": 22, "jsonClass": "TextBlock"}, {"x": 1189, "y": 1195.03125, "w": 23, "h": 24.0, "jsonClass": "TextBlock"}, {"x": 107, "y": 1170, "w": 236, "h": 22, "jsonClass": "TextBlock"}, {"x": 1189, "y": 1165.03125, "w": 20, "h": 21.0, "jsonClass": "TextBlock"}, {"x": 107, "y": 1138, "w": 321, "h": 22, "jsonClass": "TextBlock"}, {"x": 1191, "y": 1132.03125, "w": 18, "h": 19.0, "jsonClass": "TextBlock"}, {"x": 107, "y": 1104, "w": 217, "h": 22, "jsonClass": "TextBlock"}, {"x": 1191, "y": 1097.03125, "w": 19, "h": 26.0, "jsonClass": "TextBlock"}, {"x": 107, "y": 1074, "w": 215, "h": 23, "jsonClass": "TextBlock"}, {"x": 1191, "y": 1069.03125, "w": 18, "h": 24.0, "jsonClass": "TextBlock"}, {"x": 107, "y": 1043, "w": 229, "h": 22, "jsonClass": "TextBlock"}, {"x": 1189, "y": 1039.03125, "w": 21, "h": 19.0, "jsonClass": "TextBlock"}, {"x": 107, "y": 1011, "w": 181, "h": 22, "jsonClass": "TextBlock"}, {"x": 1189, "y": 1003.03125, "w": 20, "h": 25.0, "jsonClass": "TextBlock"}, {"x": 107, "y": 981, "w": 312, "h": 22, "jsonClass": "TextBlock"}, {"x": 1191, "y": 971.03125, "w": 18, "h": 24.0, "jsonClass": "TextBlock"}, {"x": 107, "y": 949, "w": 244, "h": 22, "jsonClass": "TextBlock"}, {"x": 1191, "y": 943.03125, "w": 19, "h": 21.0, "jsonClass": "TextBlock"}, {"x": 107, "y": 917, "w": 312, "h": 23, "jsonClass": "TextBlock"}, {"x": 1191, "y": 910.03125, "w": 18, "h": 24.0, "jsonClass": "TextBlock"}, {"x": 107, "y": 886, "w": 347, "h": 22, "jsonClass": "TextBlock"}, {"x": 1192, "y": 878.03125, "w": 14, "h": 26.0, "jsonClass": "TextBlock"}, {"x": 107, "y": 854, "w": 367, "h": 22, "jsonClass": "TextBlock"}, {"x": 1192, "y": 844.03125, "w": 17, "h": 28.0, "jsonClass": "TextBlock"}, {"x": 107, "y": 822, "w": 367, "h": 22, "jsonClass": "TextBlock"}, {"x": 621, "y": 817.03125, "w": 34, "h": 25, "jsonClass": "TextBlock"}, {"x": 1191, "y": 814.03125, "w": 18, "h": 22.0, "jsonClass": "TextBlock"}, {"x": 74, "y": 1976, "w": 1555, "h": 97, "jsonClass": "TextBlock"}, {"x": 72, "y": 1516, "w": 676, "h": 89, "jsonClass": "TextBlock"}, {"x": 1380, "y": 1516, "w": 52, "h": 20, "jsonClass": "TextBlock"}, {"x": 781, "y": 1516, "w": 258, "h": 20, "jsonClass": "TextBlock"}, {"x": 931, "y": 425, "w": 250, "h": 19, "jsonClass": "TextBlock"}, {"x": 72, "y": 425, "w": 245, "h": 19, "jsonClass": "TextBlock"}, {"x": 931, "y": 365, "w": 262, "h": 19, "jsonClass": "TextBlock"}, {"x": 72, "y": 365, "w": 356, "h": 19, "jsonClass": "TextBlock"}, {"x": 72, "y": 555, "w": 673, "h": 20, "jsonClass": "TextBlock"}, {"x": 1190, "y": 487, "w": 367, "h": 19, "jsonClass": "TextBlock"}, {"x": 592, "y": 487, "w": 195, "h": 19, "jsonClass": "TextBlock"}, {"x": 72, "y": 487, "w": 429, "h": 39, "jsonClass": "TextBlock"}, {"x": 968, "y": 601, "w": 147, "h": 20, "jsonClass": "TextBlock"}, {"x": 1163, "y": 601, "w": 129, "h": 20, "jsonClass": "TextBlock"}, {"x": 1348, "y": 601, "w": 77, "h": 20, "jsonClass": "TextBlock"}, {"x": 1484, "y": 601, "w": 144, "h": 20, "jsonClass": "TextBlock"}, {"x": 968, "y": 641, "w": 141, "h": 20, "jsonClass": "TextBlock"}, {"x": 1163, "y": 641, "w": 138, "h": 20, "jsonClass": "TextBlock"}, {"x": 1348, "y": 641, "w": 68, "h": 20, "jsonClass": "TextBlock"}, {"x": 1493, "y": 668, "w": 74, "h": 19, "jsonClass": "TextBlock"}, {"x": 781, "y": 1768, "w": 161, "h": 20, "jsonClass": "TextBlock"}, {"x": 781, "y": 1655, "w": 113, "h": 19, "jsonClass": "TextBlock"}, {"x": 1380, "y": 1655, "w": 52, "h": 19, "jsonClass": "TextBlock"}, {"x": 111, "y": 1768, "w": 117, "h": 20, "jsonClass": "TextBlock"}, {"x": 312, "y": 1768, "w": 369, "h": 20, "jsonClass": "TextBlock"}, {"x": 1380, "y": 1836, "w": 52, "h": 19, "jsonClass": "TextBlock"}, {"x": 781, "y": 1836, "w": 113, "h": 19, "jsonClass": "TextBlock"}, {"x": 783, "y": 1919, "w": 161, "h": 19, "jsonClass": "TextBlock"}, {"x": 72, "y": 1836, "w": 570, "h": 19, "jsonClass": "TextBlock"}, {"x": 99, "y": 1880.03125, "w": 22, "h": 36, "jsonClass": "TextBlock"}, {"x": 72, "y": 176, "w": 1548, "h": 69, "jsonClass": "TextBlock"}, {"x": 66, "y": 244.03125, "w": 24, "h": 21, "jsonClass": "TextBlock"}, {"x": 99.00045496532607, "y": 246, "w": 996.078493733403, "h": 22, "jsonClass": "TextBlock"}, {"x": 66, "y": 265.03125, "w": 21, "h": 21, "jsonClass": "TextBlock"}, {"x": 99.00045496532607, "y": 269, "w": 1305.0602202143714, "h": 22, "jsonClass": "TextBlock"}, {"x": 66, "y": 289.03125, "w": 21, "h": 25, "jsonClass": "TextBlock"}, {"x": 99.00045496532607, "y": 293, "w": 769.1009234638303, "h": 22, "jsonClass": "TextBlock"}, {"x": 71, "y": 2086, "w": 527, "h": 28, "jsonClass": "TextBlock"}, {"x": 931, "y": 555, "w": 329, "h": 20, "jsonClass": "ChoiceGroupTitle"}, {"x": 72, "y": 1650, "w": 676, "h": 67, "jsonClass": "ChoiceGroupTitle"}, {"x": 610, "y": 696, "w": 486, "h": 25, "jsonClass": "SectionTitle"}, {"x": 605, "y": 1485, "w": 497, "h": 25, "jsonClass": "SectionTitle"}, {"x": 506, "y": 330, "w": 694, "h": 25, "jsonClass": "SectionTitle"}, {"x": 668, "y": 1618, "w": 371, "h": 25, "jsonClass": "SectionTitle"}, {"x": 461, "y": 1802, "w": 785, "h": 25, "jsonClass": "SectionTitle"}, {"x": 292, "y": 128, "w": 1122, "h": 28, "jsonClass": "HeaderTitle"}], "TextRun": [{"x": 1300, "y": 2086, "w": 68, "h": 28, "jsonClass": "TextRun"}, {"x": 1368, "y": 2090, "w": 65, "h": 22, "jsonClass": "TextRun"}, {"x": 1433, "y": 2086, "w": 78, "h": 28, "jsonClass": "TextRun"}, {"x": 1511, "y": 2090, "w": 129, "h": 22, "jsonClass": "TextRun"}, {"x": 734, "y": 1948, "w": 243, "h": 22, "jsonClass": "TextRun"}, {"x": 1364, "y": 787, "w": 97, "h": 22, "jsonClass": "TextRun"}, {"x": 72, "y": 731, "w": 74, "h": 22, "jsonClass": "TextRun"}, {"x": 147, "y": 731, "w": 59, "h": 22, "jsonClass": "TextRun"}, {"x": 207, "y": 731, "w": 37, "h": 22, "jsonClass": "TextRun"}, {"x": 244, "y": 731, "w": 76, "h": 22, "jsonClass": "TextRun"}, {"x": 320, "y": 731, "w": 47, "h": 22, "jsonClass": "TextRun"}, {"x": 367, "y": 731, "w": 81, "h": 22, "jsonClass": "TextRun"}, {"x": 448, "y": 731, "w": 82, "h": 22, "jsonClass": "TextRun"}, {"x": 530, "y": 731, "w": 48, "h": 22, "jsonClass": "TextRun"}, {"x": 579, "y": 731, "w": 31, "h": 22, "jsonClass": "TextRun"}, {"x": 610, "y": 731, "w": 37, "h": 22, "jsonClass": "TextRun"}, {"x": 648, "y": 731, "w": 118, "h": 22, "jsonClass": "TextRun"}, {"x": 767, "y": 731, "w": 47, "h": 22, "jsonClass": "TextRun"}, {"x": 827, "y": 731, "w": 31, "h": 22, "jsonClass": "TextRun"}, {"x": 858, "y": 731, "w": 37, "h": 22, "jsonClass": "TextRun"}, {"x": 896, "y": 731, "w": 31, "h": 22, "jsonClass": "TextRun"}, {"x": 927, "y": 731, "w": 117, "h": 22, "jsonClass": "TextRun"}, {"x": 1045, "y": 731, "w": 32, "h": 22, "jsonClass": "TextRun"}, {"x": 1078, "y": 731, "w": 98, "h": 22, "jsonClass": "TextRun"}, {"x": 1177, "y": 731, "w": 58, "h": 22, "jsonClass": "TextRun"}, {"x": 1235, "y": 731, "w": 87, "h": 22, "jsonClass": "TextRun"}, {"x": 1322, "y": 731, "w": 44, "h": 22, "jsonClass": "TextRun"}, {"x": 1366, "y": 731, "w": 38, "h": 22, "jsonClass": "TextRun"}, {"x": 1405, "y": 731, "w": 116, "h": 22, "jsonClass": "TextRun"}, {"x": 1521, "y": 731, "w": 24, "h": 22, "jsonClass": "TextRun"}, {"x": 1545, "y": 731, "w": 75, "h": 22, "jsonClass": "TextRun"}, {"x": 72, "y": 754, "w": 923, "h": 22, "jsonClass": "TextRun"}, {"x": 487, "y": 787, "w": 278, "h": 22, "jsonClass": "TextRun"}, {"x": 1192, "y": 1444.03125, "w": 18, "h": 21, "jsonClass": "TextRun"}, {"x": 107, "y": 1435, "w": 260, "h": 23, "jsonClass": "TextRun"}, {"x": 134, "y": 1389, "w": 27, "h": 23, "jsonClass": "TextRun"}, {"x": 1189, "y": 1385.03125, "w": 21, "h": 21, "jsonClass": "TextRun"}, {"x": 134, "y": 1358, "w": 27, "h": 22, "jsonClass": "TextRun"}, {"x": 1191, "y": 1352.03125, "w": 19, "h": 23, "jsonClass": "TextRun"}, {"x": 134, "y": 1326, "w": 27, "h": 22, "jsonClass": "TextRun"}, {"x": 1191, "y": 1321.03125, "w": 18, "h": 24, "jsonClass": "TextRun"}, {"x": 134, "y": 1294, "w": 27, "h": 22, "jsonClass": "TextRun"}, {"x": 1191, "y": 1289.03125, "w": 18, "h": 24, "jsonClass": "TextRun"}, {"x": 134, "y": 1262, "w": 27, "h": 22, "jsonClass": "TextRun"}, {"x": 1189, "y": 1258.03125, "w": 23, "h": 22, "jsonClass": "TextRun"}, {"x": 107, "y": 1234, "w": 384, "h": 22, "jsonClass": "TextRun"}, {"x": 1189, "y": 1228.03125, "w": 20, "h": 21, "jsonClass": "TextRun"}, {"x": 107, "y": 1202, "w": 231, "h": 22, "jsonClass": "TextRun"}, {"x": 1189, "y": 1195.03125, "w": 23, "h": 24, "jsonClass": "TextRun"}, {"x": 107, "y": 1170, "w": 236, "h": 22, "jsonClass": "TextRun"}, {"x": 1189, "y": 1165.03125, "w": 20, "h": 21, "jsonClass": "TextRun"}, {"x": 107, "y": 1138, "w": 321, "h": 22, "jsonClass": "TextRun"}, {"x": 1191, "y": 1132.03125, "w": 18, "h": 19, "jsonClass": "TextRun"}, {"x": 107, "y": 1104, "w": 217, "h": 22, "jsonClass": "TextRun"}, {"x": 1191, "y": 1097.03125, "w": 19, "h": 26, "jsonClass": "TextRun"}, {"x": 107, "y": 1074, "w": 215, "h": 23, "jsonClass": "TextRun"}, {"x": 1191, "y": 1069.03125, "w": 18, "h": 24, "jsonClass": "TextRun"}, {"x": 107, "y": 1043, "w": 229, "h": 22, "jsonClass": "TextRun"}, {"x": 1189, "y": 1039.03125, "w": 21, "h": 19, "jsonClass": "TextRun"}, {"x": 107, "y": 1011, "w": 181, "h": 22, "jsonClass": "TextRun"}, {"x": 1189, "y": 1003.03125, "w": 20, "h": 25, "jsonClass": "TextRun"}, {"x": 107, "y": 981, "w": 312, "h": 22, "jsonClass": "TextRun"}, {"x": 1191, "y": 971.03125, "w": 18, "h": 24, "jsonClass": "TextRun"}, {"x": 107, "y": 949, "w": 244, "h": 22, "jsonClass": "TextRun"}, {"x": 1191, "y": 943.03125, "w": 19, "h": 21, "jsonClass": "TextRun"}, {"x": 107, "y": 917, "w": 312, "h": 23, "jsonClass": "TextRun"}, {"x": 1191, "y": 910.03125, "w": 18, "h": 24, "jsonClass": "TextRun"}, {"x": 107, "y": 886, "w": 347, "h": 22, "jsonClass": "TextRun"}, {"x": 1192, "y": 878.03125, "w": 14, "h": 26, "jsonClass": "TextRun"}, {"x": 107, "y": 854, "w": 367, "h": 22, "jsonClass": "TextRun"}, {"x": 1192, "y": 844.03125, "w": 17, "h": 28, "jsonClass": "TextRun"}, {"x": 107, "y": 822, "w": 367, "h": 22, "jsonClass": "TextRun"}, {"x": 621, "y": 817.03125, "w": 34, "h": 25, "jsonClass": "TextRun"}, {"x": 1191, "y": 814.03125, "w": 18, "h": 22, "jsonClass": "TextRun"}, {"x": 610, "y": 696, "w": 486, "h": 25, "jsonClass": "TextRun"}, {"x": 74, "y": 1976, "w": 21, "h": 20, "jsonClass": "TextRun"}, {"x": 95, "y": 1976, "w": 104, "h": 20, "jsonClass": "TextRun"}, {"x": 199, "y": 1976, "w": 40, "h": 20, "jsonClass": "TextRun"}, {"x": 239, "y": 1976, "w": 33, "h": 20, "jsonClass": "TextRun"}, {"x": 272, "y": 1976, "w": 69, "h": 20, "jsonClass": "TextRun"}, {"x": 341, "y": 1976, "w": 33, "h": 20, "jsonClass": "TextRun"}, {"x": 375, "y": 1976, "w": 21, "h": 20, "jsonClass": "TextRun"}, {"x": 396, "y": 1976, "w": 54, "h": 20, "jsonClass": "TextRun"}, {"x": 450, "y": 1976, "w": 33, "h": 20, "jsonClass": "TextRun"}, {"x": 483, "y": 1976, "w": 81, "h": 20, "jsonClass": "TextRun"}, {"x": 564, "y": 1976, "w": 101, "h": 20, "jsonClass": "TextRun"}, {"x": 666, "y": 1976, "w": 19, "h": 20, "jsonClass": "TextRun"}, {"x": 685, "y": 1976, "w": 85, "h": 20, "jsonClass": "TextRun"}, {"x": 770, "y": 1976, "w": 53, "h": 20, "jsonClass": "TextRun"}, {"x": 823, "y": 1976, "w": 80, "h": 20, "jsonClass": "TextRun"}, {"x": 903, "y": 1976, "w": 29, "h": 20, "jsonClass": "TextRun"}, {"x": 932, "y": 1976, "w": 81, "h": 20, "jsonClass": "TextRun"}, {"x": 1013, "y": 1976, "w": 32, "h": 20, "jsonClass": "TextRun"}, {"x": 1045, "y": 1976, "w": 92, "h": 20, "jsonClass": "TextRun"}, {"x": 1137, "y": 1976, "w": 102, "h": 20, "jsonClass": "TextRun"}, {"x": 1239, "y": 1976, "w": 19, "h": 20, "jsonClass": "TextRun"}, {"x": 1258, "y": 1976, "w": 90, "h": 20, "jsonClass": "TextRun"}, {"x": 1348, "y": 1976, "w": 21, "h": 20, "jsonClass": "TextRun"}, {"x": 1385, "y": 1976, "w": 46, "h": 20, "jsonClass": "TextRun"}, {"x": 1431, "y": 1976, "w": 104, "h": 20, "jsonClass": "TextRun"}, {"x": 1535, "y": 1976, "w": 94, "h": 20, "jsonClass": "TextRun"}, {"x": 74, "y": 1996, "w": 77, "h": 19, "jsonClass": "TextRun"}, {"x": 151, "y": 1996, "w": 103, "h": 19, "jsonClass": "TextRun"}, {"x": 254, "y": 1996, "w": 27, "h": 19, "jsonClass": "TextRun"}, {"x": 281, "y": 1996, "w": 47, "h": 19, "jsonClass": "TextRun"}, {"x": 328, "y": 1996, "w": 38, "h": 19, "jsonClass": "TextRun"}, {"x": 366, "y": 1996, "w": 38, "h": 19, "jsonClass": "TextRun"}, {"x": 404, "y": 1996, "w": 89, "h": 19, "jsonClass": "TextRun"}, {"x": 493, "y": 1996, "w": 56, "h": 19, "jsonClass": "TextRun"}, {"x": 549, "y": 1996, "w": 54, "h": 19, "jsonClass": "TextRun"}, {"x": 603, "y": 1996, "w": 96, "h": 19, "jsonClass": "TextRun"}, {"x": 699, "y": 1996, "w": 22, "h": 19, "jsonClass": "TextRun"}, {"x": 721, "y": 1996, "w": 32, "h": 19, "jsonClass": "TextRun"}, {"x": 753, "y": 1996, "w": 43, "h": 19, "jsonClass": "TextRun"}, {"x": 796, "y": 1996, "w": 26, "h": 19, "jsonClass": "TextRun"}, {"x": 822, "y": 1996, "w": 37, "h": 19, "jsonClass": "TextRun"}, {"x": 859, "y": 1996, "w": 20, "h": 19, "jsonClass": "TextRun"}, {"x": 879, "y": 1996, "w": 89, "h": 19, "jsonClass": "TextRun"}, {"x": 968, "y": 1996, "w": 39, "h": 19, "jsonClass": "TextRun"}, {"x": 1007, "y": 1996, "w": 78, "h": 19, "jsonClass": "TextRun"}, {"x": 1085, "y": 1996, "w": 76, "h": 19, "jsonClass": "TextRun"}, {"x": 1161, "y": 1996, "w": 28, "h": 19, "jsonClass": "TextRun"}, {"x": 1189, "y": 1996, "w": 87, "h": 19, "jsonClass": "TextRun"}, {"x": 1276, "y": 1996, "w": 32, "h": 19, "jsonClass": "TextRun"}, {"x": 1308, "y": 1996, "w": 43, "h": 19, "jsonClass": "TextRun"}, {"x": 1351, "y": 1996, "w": 20, "h": 19, "jsonClass": "TextRun"}, {"x": 1371, "y": 1996, "w": 21, "h": 19, "jsonClass": "TextRun"}, {"x": 1392, "y": 1996, "w": 92, "h": 19, "jsonClass": "TextRun"}, {"x": 1484, "y": 1996, "w": 44, "h": 19, "jsonClass": "TextRun"}, {"x": 1528, "y": 1996, "w": 79, "h": 19, "jsonClass": "TextRun"}, {"x": 1607, "y": 1996, "w": 22, "h": 19, "jsonClass": "TextRun"}, {"x": 74, "y": 2015, "w": 38, "h": 19, "jsonClass": "TextRun"}, {"x": 113, "y": 2015, "w": 71, "h": 19, "jsonClass": "TextRun"}, {"x": 185, "y": 2015, "w": 22, "h": 19, "jsonClass": "TextRun"}, {"x": 209, "y": 2015, "w": 91, "h": 19, "jsonClass": "TextRun"}, {"x": 302, "y": 2015, "w": 37, "h": 19, "jsonClass": "TextRun"}, {"x": 341, "y": 2015, "w": 28, "h": 19, "jsonClass": "TextRun"}, {"x": 370, "y": 2015, "w": 89, "h": 19, "jsonClass": "TextRun"}, {"x": 461, "y": 2015, "w": 75, "h": 19, "jsonClass": "TextRun"}, {"x": 538, "y": 2015, "w": 21, "h": 19, "jsonClass": "TextRun"}, {"x": 560, "y": 2015, "w": 100, "h": 19, "jsonClass": "TextRun"}, {"x": 661, "y": 2015, "w": 40, "h": 19, "jsonClass": "TextRun"}, {"x": 703, "y": 2015, "w": 98, "h": 19, "jsonClass": "TextRun"}, {"x": 803, "y": 2015, "w": 69, "h": 19, "jsonClass": "TextRun"}, {"x": 874, "y": 2015, "w": 22, "h": 19, "jsonClass": "TextRun"}, {"x": 897, "y": 2015, "w": 63, "h": 19, "jsonClass": "TextRun"}, {"x": 962, "y": 2015, "w": 58, "h": 19, "jsonClass": "TextRun"}, {"x": 1022, "y": 2015, "w": 102, "h": 19, "jsonClass": "TextRun"}, {"x": 1126, "y": 2015, "w": 42, "h": 19, "jsonClass": "TextRun"}, {"x": 1170, "y": 2015, "w": 27, "h": 19, "jsonClass": "TextRun"}, {"x": 1199, "y": 2015, "w": 99, "h": 19, "jsonClass": "TextRun"}, {"x": 1300, "y": 2015, "w": 21, "h": 19, "jsonClass": "TextRun"}, {"x": 1323, "y": 2015, "w": 104, "h": 19, "jsonClass": "TextRun"}, {"x": 1429, "y": 2015, "w": 76, "h": 19, "jsonClass": "TextRun"}, {"x": 1507, "y": 2015, "w": 56, "h": 19, "jsonClass": "TextRun"}, {"x": 1565, "y": 2015, "w": 23, "h": 19, "jsonClass": "TextRun"}, {"x": 1589, "y": 2015, "w": 40, "h": 19, "jsonClass": "TextRun"}, {"x": 74, "y": 2034, "w": 83, "h": 20, "jsonClass": "TextRun"}, {"x": 157, "y": 2034, "w": 52, "h": 20, "jsonClass": "TextRun"}, {"x": 209, "y": 2034, "w": 75, "h": 20, "jsonClass": "TextRun"}, {"x": 284, "y": 2034, "w": 22, "h": 20, "jsonClass": "TextRun"}, {"x": 306, "y": 2034, "w": 43, "h": 20, "jsonClass": "TextRun"}, {"x": 350, "y": 2034, "w": 72, "h": 20, "jsonClass": "TextRun"}, {"x": 422, "y": 2034, "w": 23, "h": 20, "jsonClass": "TextRun"}, {"x": 445, "y": 2034, "w": 92, "h": 20, "jsonClass": "TextRun"}, {"x": 537, "y": 2034, "w": 123, "h": 20, "jsonClass": "TextRun"}, {"x": 661, "y": 2034, "w": 22, "h": 20, "jsonClass": "TextRun"}, {"x": 684, "y": 2034, "w": 121, "h": 20, "jsonClass": "TextRun"}, {"x": 805, "y": 2034, "w": 56, "h": 20, "jsonClass": "TextRun"}, {"x": 861, "y": 2034, "w": 20, "h": 20, "jsonClass": "TextRun"}, {"x": 881, "y": 2034, "w": 27, "h": 20, "jsonClass": "TextRun"}, {"x": 908, "y": 2034, "w": 80, "h": 20, "jsonClass": "TextRun"}, {"x": 989, "y": 2034, "w": 63, "h": 20, "jsonClass": "TextRun"}, {"x": 1053, "y": 2034, "w": 21, "h": 20, "jsonClass": "TextRun"}, {"x": 1074, "y": 2034, "w": 37, "h": 20, "jsonClass": "TextRun"}, {"x": 1111, "y": 2034, "w": 16, "h": 20, "jsonClass": "TextRun"}, {"x": 1127, "y": 2034, "w": 37, "h": 20, "jsonClass": "TextRun"}, {"x": 1164, "y": 2034, "w": 27, "h": 20, "jsonClass": "TextRun"}, {"x": 1191, "y": 2034, "w": 33, "h": 20, "jsonClass": "TextRun"}, {"x": 1224, "y": 2034, "w": 64, "h": 20, "jsonClass": "TextRun"}, {"x": 1288, "y": 2034, "w": 32, "h": 20, "jsonClass": "TextRun"}, {"x": 1321, "y": 2034, "w": 91, "h": 20, "jsonClass": "TextRun"}, {"x": 1413, "y": 2034, "w": 107, "h": 20, "jsonClass": "TextRun"}, {"x": 1520, "y": 2034, "w": 84, "h": 20, "jsonClass": "TextRun"}, {"x": 1604, "y": 2034, "w": 25, "h": 20, "jsonClass": "TextRun"}, {"x": 74, "y": 2054, "w": 444, "h": 19, "jsonClass": "TextRun"}, {"x": 86, "y": 1516, "w": 66, "h": 23, "jsonClass": "TextRun"}, {"x": 153, "y": 1516, "w": 43, "h": 23, "jsonClass": "TextRun"}, {"x": 198, "y": 1516, "w": 37, "h": 23, "jsonClass": "TextRun"}, {"x": 236, "y": 1516, "w": 92, "h": 23, "jsonClass": "TextRun"}, {"x": 329, "y": 1516, "w": 83, "h": 23, "jsonClass": "TextRun"}, {"x": 413, "y": 1516, "w": 24, "h": 23, "jsonClass": "TextRun"}, {"x": 438, "y": 1516, "w": 114, "h": 23, "jsonClass": "TextRun"}, {"x": 553, "y": 1516, "w": 46, "h": 23, "jsonClass": "TextRun"}, {"x": 600, "y": 1516, "w": 38, "h": 23, "jsonClass": "TextRun"}, {"x": 639, "y": 1516, "w": 67, "h": 23, "jsonClass": "TextRun"}, {"x": 707, "y": 1516, "w": 41, "h": 23, "jsonClass": "TextRun"}, {"x": 72, "y": 1539, "w": 100, "h": 22, "jsonClass": "TextRun"}, {"x": 178, "y": 1539, "w": 47, "h": 22, "jsonClass": "TextRun"}, {"x": 230, "y": 1539, "w": 91, "h": 22, "jsonClass": "TextRun"}, {"x": 327, "y": 1539, "w": 81, "h": 22, "jsonClass": "TextRun"}, {"x": 413, "y": 1539, "w": 49, "h": 22, "jsonClass": "TextRun"}, {"x": 467, "y": 1539, "w": 29, "h": 22, "jsonClass": "TextRun"}, {"x": 502, "y": 1539, "w": 37, "h": 22, "jsonClass": "TextRun"}, {"x": 544, "y": 1539, "w": 43, "h": 22, "jsonClass": "TextRun"}, {"x": 593, "y": 1539, "w": 43, "h": 22, "jsonClass": "TextRun"}, {"x": 641, "y": 1539, "w": 41, "h": 22, "jsonClass": "TextRun"}, {"x": 687, "y": 1539, "w": 25, "h": 22, "jsonClass": "TextRun"}, {"x": 717, "y": 1539, "w": 31, "h": 22, "jsonClass": "TextRun"}, {"x": 72, "y": 1561, "w": 88, "h": 22, "jsonClass": "TextRun"}, {"x": 166, "y": 1561, "w": 22, "h": 22, "jsonClass": "TextRun"}, {"x": 194, "y": 1561, "w": 60, "h": 22, "jsonClass": "TextRun"}, {"x": 266, "y": 1561, "w": 24, "h": 22, "jsonClass": "TextRun"}, {"x": 296, "y": 1561, "w": 35, "h": 22, "jsonClass": "TextRun"}, {"x": 337, "y": 1561, "w": 62, "h": 22, "jsonClass": "TextRun"}, {"x": 405, "y": 1561, "w": 69, "h": 22, "jsonClass": "TextRun"}, {"x": 480, "y": 1561, "w": 88, "h": 22, "jsonClass": "TextRun"}, {"x": 573, "y": 1561, "w": 25, "h": 22, "jsonClass": "TextRun"}, {"x": 604, "y": 1561, "w": 36, "h": 22, "jsonClass": "TextRun"}, {"x": 645, "y": 1561, "w": 103, "h": 22, "jsonClass": "TextRun"}, {"x": 72, "y": 1583, "w": 328, "h": 22, "jsonClass": "TextRun"}, {"x": 1380, "y": 1516, "w": 52, "h": 20, "jsonClass": "TextRun"}, {"x": 781, "y": 1516, "w": 258, "h": 20, "jsonClass": "TextRun"}, {"x": 605, "y": 1485, "w": 497, "h": 25, "jsonClass": "TextRun"}, {"x": 931, "y": 425, "w": 250, "h": 19, "jsonClass": "TextRun"}, {"x": 72, "y": 425, "w": 245, "h": 19, "jsonClass": "TextRun"}, {"x": 931, "y": 365, "w": 262, "h": 19, "jsonClass": "TextRun"}, {"x": 72, "y": 365, "w": 356, "h": 19, "jsonClass": "TextRun"}, {"x": 72, "y": 555, "w": 673, "h": 20, "jsonClass": "TextRun"}, {"x": 1190, "y": 487, "w": 367, "h": 19, "jsonClass": "TextRun"}, {"x": 592, "y": 487, "w": 195, "h": 19, "jsonClass": "TextRun"}, {"x": 72, "y": 487, "w": 429, "h": 19, "jsonClass": "TextRun"}, {"x": 94, "y": 506, "w": 105, "h": 20, "jsonClass": "TextRun"}, {"x": 968, "y": 601, "w": 147, "h": 20, "jsonClass": "TextRun"}, {"x": 1163, "y": 601, "w": 129, "h": 20, "jsonClass": "TextRun"}, {"x": 1348, "y": 601, "w": 77, "h": 20, "jsonClass": "TextRun"}, {"x": 1484, "y": 601, "w": 144, "h": 20, "jsonClass": "TextRun"}, {"x": 968, "y": 641, "w": 141, "h": 20, "jsonClass": "TextRun"}, {"x": 1163, "y": 641, "w": 138, "h": 20, "jsonClass": "TextRun"}, {"x": 1348, "y": 641, "w": 68, "h": 20, "jsonClass": "TextRun"}, {"x": 1493, "y": 668, "w": 74, "h": 19, "jsonClass": "TextRun"}, {"x": 931, "y": 555, "w": 329, "h": 20, "jsonClass": "TextRun"}, {"x": 506, "y": 330, "w": 694, "h": 25, "jsonClass": "TextRun"}, {"x": 781, "y": 1768, "w": 161, "h": 20, "jsonClass": "TextRun"}, {"x": 781, "y": 1655, "w": 113, "h": 19, "jsonClass": "TextRun"}, {"x": 1380, "y": 1655, "w": 52, "h": 19, "jsonClass": "TextRun"}, {"x": 111, "y": 1768, "w": 117, "h": 20, "jsonClass": "TextRun"}, {"x": 312, "y": 1768, "w": 369, "h": 20, "jsonClass": "TextRun"}, {"x": 72, "y": 1650, "w": 45, "h": 22, "jsonClass": "TextRun"}, {"x": 118, "y": 1650, "w": 102, "h": 22, "jsonClass": "TextRun"}, {"x": 221, "y": 1650, "w": 25, "h": 22, "jsonClass": "TextRun"}, {"x": 247, "y": 1650, "w": 38, "h": 22, "jsonClass": "TextRun"}, {"x": 286, "y": 1650, "w": 47, "h": 22, "jsonClass": "TextRun"}, {"x": 335, "y": 1650, "w": 82, "h": 22, "jsonClass": "TextRun"}, {"x": 419, "y": 1650, "w": 67, "h": 22, "jsonClass": "TextRun"}, {"x": 487, "y": 1650, "w": 39, "h": 22, "jsonClass": "TextRun"}, {"x": 527, "y": 1650, "w": 99, "h": 22, "jsonClass": "TextRun"}, {"x": 627, "y": 1650, "w": 30, "h": 22, "jsonClass": "TextRun"}, {"x": 659, "y": 1650, "w": 60, "h": 22, "jsonClass": "TextRun"}, {"x": 721, "y": 1650, "w": 27, "h": 22, "jsonClass": "TextRun"}, {"x": 72, "y": 1672, "w": 116, "h": 23, "jsonClass": "TextRun"}, {"x": 191, "y": 1672, "w": 24, "h": 23, "jsonClass": "TextRun"}, {"x": 218, "y": 1672, "w": 80, "h": 23, "jsonClass": "TextRun"}, {"x": 301, "y": 1672, "w": 43, "h": 23, "jsonClass": "TextRun"}, {"x": 347, "y": 1672, "w": 33, "h": 23, "jsonClass": "TextRun"}, {"x": 383, "y": 1672, "w": 119, "h": 23, "jsonClass": "TextRun"}, {"x": 505, "y": 1672, "w": 48, "h": 23, "jsonClass": "TextRun"}, {"x": 556, "y": 1672, "w": 30, "h": 23, "jsonClass": "TextRun"}, {"x": 589, "y": 1672, "w": 37, "h": 23, "jsonClass": "TextRun"}, {"x": 628, "y": 1672, "w": 60, "h": 23, "jsonClass": "TextRun"}, {"x": 691, "y": 1672, "w": 23, "h": 23, "jsonClass": "TextRun"}, {"x": 717, "y": 1672, "w": 31, "h": 23, "jsonClass": "TextRun"}, {"x": 72, "y": 1695, "w": 366, "h": 22, "jsonClass": "TextRun"}, {"x": 668, "y": 1618, "w": 371, "h": 25, "jsonClass": "TextRun"}, {"x": 1380, "y": 1836, "w": 52, "h": 19, "jsonClass": "TextRun"}, {"x": 781, "y": 1836, "w": 113, "h": 19, "jsonClass": "TextRun"}, {"x": 783, "y": 1919, "w": 161, "h": 19, "jsonClass": "TextRun"}, {"x": 72, "y": 1836, "w": 570, "h": 19, "jsonClass": "TextRun"}, {"x": 99, "y": 1880.03125, "w": 22, "h": 36, "jsonClass": "TextRun"}, {"x": 461, "y": 1802, "w": 785, "h": 25, "jsonClass": "TextRun"}, {"x": 72, "y": 176, "w": 1548, "h": 22, "jsonClass": "TextRun"}, {"x": 86, "y": 199, "w": 1520, "h": 22, "jsonClass": "TextRun"}, {"x": 72, "y": 223, "w": 293, "h": 22, "jsonClass": "TextRun"}, {"x": 66, "y": 244.03125, "w": 24, "h": 21, "jsonClass": "TextRun"}, {"x": 99.00045496532607, "y": 246, "w": 996.078493733403, "h": 22, "jsonClass": "TextRun"}, {"x": 66, "y": 265.03125, "w": 21, "h": 21, "jsonClass": "TextRun"}, {"x": 99.00045496532607, "y": 269, "w": 1305.0602202143714, "h": 22, "jsonClass": "TextRun"}, {"x": 66, "y": 289.03125, "w": 21, "h": 25, "jsonClass": "TextRun"}, {"x": 99.00045496532607, "y": 293, "w": 769.1009234638303, "h": 22, "jsonClass": "TextRun"}, {"x": 292, "y": 128, "w": 1122, "h": 28, "jsonClass": "TextRun"}, {"x": 71, "y": 2086, "w": 527, "h": 28, "jsonClass": "TextRun"}], "Table": [{"x": 64, "y": 812.0312500000002, "w": 1572, "h": 664.3828943109228, "jsonClass": "Table"}], "Field": [{"x": 1192, "y": 1442.8976377952756, "w": 167.84173228346458, "h": 30.166929133858275, "jsonClass": "Field"}, {"x": 134, "y": 1385.5023622047245, "w": 1031.9834645669291, "h": 29.13307086614168, "jsonClass": "Field"}, {"x": 1189, "y": 1384.472440944882, "w": 170.84173228346458, "h": 30.166929133858275, "jsonClass": "Field"}, {"x": 134, "y": 1353.833070866142, "w": 1031.9834645669291, "h": 29.13307086614168, "jsonClass": "Field"}, {"x": 1191, "y": 1352.03125, "w": 168.84173228346458, "h": 30.938828740157533, "jsonClass": "Field"}, {"x": 134, "y": 1322.2055118110236, "w": 1031.9834645669291, "h": 29.13307086614168, "jsonClass": "Field"}, {"x": 1191, "y": 1321.03125, "w": 168.84173228346458, "h": 30.308120078740103, "jsonClass": "Field"}, {"x": 134, "y": 1290.5669291338581, "w": 1031.9834645669291, "h": 29.13307086614168, "jsonClass": "Field"}, {"x": 1191, "y": 1289.03125, "w": 168.84173228346458, "h": 30.67189960629912, "jsonClass": "Field"}, {"x": 134, "y": 1258.9275590551183, "w": 1031.9834645669291, "h": 29.13307086614168, "jsonClass": "Field"}, {"x": 1189, "y": 1257.8976377952756, "w": 170.84173228346458, "h": 30.166929133858275, "jsonClass": "Field"}, {"x": 1189, "y": 1226.2614173228346, "w": 170.84173228346458, "h": 30.166929133858275, "jsonClass": "Field"}, {"x": 1189, "y": 1194.6220472440943, "w": 170.84173228346458, "h": 30.166929133858275, "jsonClass": "Field"}, {"x": 1189, "y": 1162.992125984252, "w": 170.84173228346458, "h": 30.166929133858275, "jsonClass": "Field"}, {"x": 1191, "y": 1131.355905511811, "w": 168.84173228346458, "h": 30.166929133858275, "jsonClass": "Field"}, {"x": 1191, "y": 1097.03125, "w": 168.84173228346458, "h": 32.852214566929206, "jsonClass": "Field"}, {"x": 1191, "y": 1068.0779527559055, "w": 168.84173228346458, "h": 30.166929133858275, "jsonClass": "Field"}, {"x": 1189, "y": 1036.4503937007876, "w": 170.84173228346458, "h": 30.166929133858275, "jsonClass": "Field"}, {"x": 1189, "y": 1003.03125, "w": 170.84173228346458, "h": 31.946702755905562, "jsonClass": "Field"}, {"x": 1191, "y": 971.03125, "w": 168.84173228346458, "h": 32.30812007874022, "jsonClass": "Field"}, {"x": 1191, "y": 941.536220472441, "w": 168.84173228346458, "h": 30.166929133858275, "jsonClass": "Field"}, {"x": 1191, "y": 909.8976377952756, "w": 168.84173228346458, "h": 30.166929133858275, "jsonClass": "Field"}, {"x": 1192, "y": 878.03125, "w": 167.84173228346458, "h": 30.402608267716573, "jsonClass": "Field"}, {"x": 1192, "y": 844.03125, "w": 167.84173228346458, "h": 32.76638779527559, "jsonClass": "Field"}, {"x": 107, "y": 812.4976377952755, "w": 548, "h": 31.502362204724477, "jsonClass": "Field"}, {"x": 1191, "y": 814.03125, "w": 168.84173228346458, "h": 31.127805118110246, "jsonClass": "Field"}, {"x": 1380, "y": 1516, "w": 260.7716673301354, "h": 82.06850447986926, "jsonClass": "Field"}, {"x": 781, "y": 1516, "w": 575.4472440944883, "h": 82.26692913385841, "jsonClass": "Field"}, {"x": 931, "y": 425, "w": 700.6866141732285, "h": 52.163779527559086, "jsonClass": "Field"}, {"x": 72, "y": 425, "w": 844.6614173228347, "h": 52.163779527559086, "jsonClass": "Field"}, {"x": 931, "y": 365, "w": 700.6866141732285, "h": 49.64409448818901, "jsonClass": "Field"}, {"x": 72, "y": 365, "w": 844.6614173228347, "h": 49.64409448818901, "jsonClass": "Field"}, {"x": 72, "y": 555, "w": 844.6614173228347, "h": 130.35511811023628, "jsonClass": "Field"}, {"x": 1189.9834645669291, "y": 487, "w": 367.0165354330709, "h": 57.15826771653542, "jsonClass": "Field"}, {"x": 592, "y": 487, "w": 195, "h": 57.15826771653542, "jsonClass": "Field"}, {"x": 72, "y": 487, "w": 504.77234288471027, "h": 58.15827481885856, "jsonClass": "Field"}, {"x": 781, "y": 1762.0165354330709, "w": 583.3307086614172, "h": 28.669291338582752, "jsonClass": "Field"}, {"x": 781, "y": 1655, "w": 580.2141732283465, "h": 96.6748031496063, "jsonClass": "Field"}, {"x": 1378.716526241852, "y": 1655, "w": 257.0551181102362, "h": 93.78452542189848, "jsonClass": "Field"}, {"x": 1380, "y": 1836, "w": 259.3637749319498, "h": 83.10730275438641, "jsonClass": "Field"}, {"x": 781, "y": 1836, "w": 575.4409448818899, "h": 68.02283464566926, "jsonClass": "Field"}, {"x": 783, "y": 1914.3307086614175, "w": 583.2196850393702, "h": 28.669291338582752, "jsonClass": "Field"}, {"x": 72, "y": 1836, "w": 570, "h": 80.03125, "jsonClass": "Field"}, {"x": 932.6944881889764, "y": 595.844094488189, "w": 182.30551181102362, "h": 27.777952755905517, "jsonClass": "ChoiceField"}, {"x": 1128.444094488189, "y": 595.844094488189, "w": 163.55590551181103, "h": 27.777952755905517, "jsonClass": "ChoiceField"}, {"x": 1311.8307086614172, "y": 595.844094488189, "w": 113.16929133858275, "h": 27.777952755905517, "jsonClass": "ChoiceField"}, {"x": 1449.3086614173228, "y": 595.844094488189, "w": 178.6913385826772, "h": 27.777952755905517, "jsonClass": "ChoiceField"}, {"x": 932.6944881889764, "y": 635.844094488189, "w": 176.30551181102362, "h": 27.777952755905517, "jsonClass": "ChoiceField"}, {"x": 1128.444094488189, "y": 635.844094488189, "w": 172.55590551181103, "h": 27.777952755905517, "jsonClass": "ChoiceField"}, {"x": 1311.8307086614172, "y": 633.0307086614173, "w": 325.6976377952758, "h": 53.96929133858271, "jsonClass": "ChoiceField"}, {"x": 76.31653543307087, "y": 1760.2527559055118, "w": 151.68346456692913, "h": 27.777952755905517, "jsonClass": "ChoiceField"}, {"x": 276.31653543307084, "y": 1760.2527559055118, "w": 404.68346456692916, "h": 27.777952755905517, "jsonClass": "ChoiceField"}], "Widget": [{"x": 1220.9141732283465, "y": 1442.8976377952756, "w": 138.9275590551181, "h": 30.166929133858268, "jsonClass": "Widget"}, {"x": 177.08582677165356, "y": 1385.5023622047245, "w": 988.8976377952756, "h": 29.133070866141733, "jsonClass": "Widget"}, {"x": 1220.9141732283465, "y": 1384.472440944882, "w": 138.9275590551181, "h": 30.166929133858268, "jsonClass": "Widget"}, {"x": 177.08582677165356, "y": 1353.833070866142, "w": 988.8976377952756, "h": 29.133070866141733, "jsonClass": "Widget"}, {"x": 1220.9141732283465, "y": 1352.8031496062993, "w": 138.9275590551181, "h": 30.166929133858268, "jsonClass": "Widget"}, {"x": 177.08582677165356, "y": 1322.2055118110236, "w": 988.8976377952756, "h": 29.133070866141733, "jsonClass": "Widget"}, {"x": 1220.9141732283465, "y": 1321.1724409448818, "w": 138.9275590551181, "h": 30.166929133858268, "jsonClass": "Widget"}, {"x": 177.08582677165356, "y": 1290.5669291338581, "w": 988.8976377952756, "h": 29.133070866141733, "jsonClass": "Widget"}, {"x": 1220.9141732283465, "y": 1289.5362204724408, "w": 138.9275590551181, "h": 30.166929133858268, "jsonClass": "Widget"}, {"x": 177.08582677165356, "y": 1258.9275590551183, "w": 988.8976377952756, "h": 29.133070866141733, "jsonClass": "Widget"}, {"x": 1220.9141732283465, "y": 1257.8976377952756, "w": 138.9275590551181, "h": 30.166929133858268, "jsonClass": "Widget"}, {"x": 1220.9141732283465, "y": 1226.2614173228346, "w": 138.9275590551181, "h": 30.166929133858268, "jsonClass": "Widget"}, {"x": 1220.9141732283465, "y": 1194.6220472440943, "w": 138.9275590551181, "h": 30.166929133858268, "jsonClass": "Widget"}, {"x": 1220.9141732283465, "y": 1162.992125984252, "w": 138.9275590551181, "h": 30.166929133858268, "jsonClass": "Widget"}, {"x": 1220.9141732283465, "y": 1131.355905511811, "w": 138.9275590551181, "h": 30.166929133858268, "jsonClass": "Widget"}, {"x": 1220.9141732283465, "y": 1099.716535433071, "w": 138.9275590551181, "h": 30.166929133858268, "jsonClass": "Widget"}, {"x": 1220.9141732283465, "y": 1068.0779527559055, "w": 138.9275590551181, "h": 30.166929133858268, "jsonClass": "Widget"}, {"x": 1220.9141732283465, "y": 1036.4503937007876, "w": 138.9275590551181, "h": 30.166929133858268, "jsonClass": "Widget"}, {"x": 1220.9141732283465, "y": 1004.8110236220473, "w": 138.9275590551181, "h": 30.166929133858268, "jsonClass": "Widget"}, {"x": 1220.9141732283465, "y": 973.1724409448819, "w": 138.9275590551181, "h": 30.166929133858268, "jsonClass": "Widget"}, {"x": 1220.9141732283465, "y": 941.536220472441, "w": 138.9275590551181, "h": 30.166929133858268, "jsonClass": "Widget"}, {"x": 1220.9141732283465, "y": 909.8976377952756, "w": 138.9275590551181, "h": 30.166929133858268, "jsonClass": "Widget"}, {"x": 1220.9141732283465, "y": 878.2669291338583, "w": 138.9275590551181, "h": 30.166929133858268, "jsonClass": "Widget"}, {"x": 1220.9141732283465, "y": 846.6307086614173, "w": 138.9275590551181, "h": 30.166929133858268, "jsonClass": "Widget"}, {"x": 490.11102362204724, "y": 812.4976377952755, "w": 122.64409448818897, "h": 31.205511811023623, "jsonClass": "Widget"}, {"x": 1220.9141732283465, "y": 814.992125984252, "w": 138.9275590551181, "h": 30.166929133858268, "jsonClass": "Widget"}, {"x": 1383.7165492198992, "y": 1541.472185261248, "w": 257.0551181102362, "h": 56.596319218621424, "jsonClass": "Widget"}, {"x": 836.4889763779528, "y": 1545.9614173228347, "w": 519.9582677165355, "h": 52.30551181102363, "jsonClass": "Widget"}, {"x": 931.2614173228346, "y": 448.03070866141735, "w": 700.4251968503937, "h": 29.133070866141733, "jsonClass": "Widget"}, {"x": 72.33070866141732, "y": 448.03070866141735, "w": 844.3307086614174, "h": 29.133070866141733, "jsonClass": "Widget"}, {"x": 931.2614173228346, "y": 385.5110236220473, "w": 700.4251968503937, "h": 29.133070866141733, "jsonClass": "Widget"}, {"x": 72.33070866141732, "y": 385.5110236220473, "w": 844.3307086614174, "h": 29.133070866141733, "jsonClass": "Widget"}, {"x": 72.33070866141732, "y": 586.3000000000001, "w": 844.3307086614174, "h": 99.05511811023622, "jsonClass": "Widget"}, {"x": 1189.9834645669291, "y": 515.0251968503937, "w": 189.5275590551181, "h": 29.133070866141733, "jsonClass": "Widget"}, {"x": 592.4417322834646, "y": 515.0251968503937, "w": 189.5275590551181, "h": 29.133070866141733, "jsonClass": "Widget"}, {"x": 387.24478382959217, "y": 516.0252039527169, "w": 189.5275590551181, "h": 29.133070866141733, "jsonClass": "Widget"}, {"x": 932.6944881889764, "y": 595.844094488189, "w": 27.777952755905513, "h": 27.777952755905513, "jsonClass": "Widget"}, {"x": 1128.444094488189, "y": 595.844094488189, "w": 27.777952755905513, "h": 27.777952755905513, "jsonClass": "Widget"}, {"x": 1311.8307086614172, "y": 595.844094488189, "w": 27.777952755905513, "h": 27.777952755905513, "jsonClass": "Widget"}, {"x": 1449.3086614173228, "y": 595.844094488189, "w": 27.777952755905513, "h": 27.777952755905513, "jsonClass": "Widget"}, {"x": 932.6944881889764, "y": 635.844094488189, "w": 27.777952755905513, "h": 27.777952755905513, "jsonClass": "Widget"}, {"x": 1128.444094488189, "y": 635.844094488189, "w": 27.777952755905513, "h": 27.777952755905513, "jsonClass": "Widget"}, {"x": 1311.8307086614172, "y": 635.844094488189, "w": 27.777952755905513, "h": 27.777952755905513, "jsonClass": "Widget"}, {"x": 1422.9141732283465, "y": 633.0307086614173, "w": 214.61417322834646, "h": 28.974803149606302, "jsonClass": "Widget"}, {"x": 960, "y": 1762.0165354330709, "w": 404.33070866141736, "h": 28.669291338582678, "jsonClass": "Widget"}, {"x": 791.2307086614173, "y": 1684.0944881889764, "w": 569.9834645669291, "h": 67.58031496062993, "jsonClass": "Widget"}, {"x": 1378.716526241852, "y": 1684.0159814518634, "w": 257.0551181102362, "h": 64.76854397003508, "jsonClass": "Widget"}, {"x": 76.31653543307087, "y": 1760.2527559055118, "w": 27.777952755905513, "h": 27.777952755905513, "jsonClass": "Widget"}, {"x": 276.31653543307084, "y": 1760.2527559055118, "w": 27.777952755905513, "h": 27.777952755905513, "jsonClass": "Widget"}, {"x": 1382.3086568217136, "y": 1863.5579410096693, "w": 257.0551181102362, "h": 55.54936174471698, "jsonClass": "Widget"}, {"x": 788.7968503937009, "y": 1857.8669291338583, "w": 567.644094488189, "h": 46.15590551181102, "jsonClass": "Widget"}, {"x": 961.8889763779528, "y": 1914.3307086614175, "w": 404.33070866141736, "h": 28.669291338582678, "jsonClass": "Widget"}, {"x": 129.1330708661418, "y": 1885.4330708661416, "w": 270.9187048430531, "h": 30.166929133858268, "jsonClass": "Widget"}], "ChoiceGroup": [{"x": 925.0042509386532, "y": 550.03125, "w": 710.9845527131765, "h": 138, "jsonClass": "ChoiceGroup"}, {"x": 66, "y": 1646.03125, "w": 687, "h": 149, "jsonClass": "ChoiceGroup"}], "ChoiceField": [{"x": 932.6944881889764, "y": 595.844094488189, "w": 182.30551181102362, "h": 27.777952755905517, "jsonClass": "ChoiceField"}, {"x": 1128.444094488189, "y": 595.844094488189, "w": 163.55590551181103, "h": 27.777952755905517, "jsonClass": "ChoiceField"}, {"x": 1311.8307086614172, "y": 595.844094488189, "w": 113.16929133858275, "h": 27.777952755905517, "jsonClass": "ChoiceField"}, {"x": 1449.3086614173228, "y": 595.844094488189, "w": 178.6913385826772, "h": 27.777952755905517, "jsonClass": "ChoiceField"}, {"x": 932.6944881889764, "y": 635.844094488189, "w": 176.30551181102362, "h": 27.777952755905517, "jsonClass": "ChoiceField"}, {"x": 1128.444094488189, "y": 635.844094488189, "w": 172.55590551181103, "h": 27.777952755905517, "jsonClass": "ChoiceField"}, {"x": 1311.8307086614172, "y": 633.0307086614173, "w": 325.6976377952758, "h": 53.96929133858271, "jsonClass": "ChoiceField"}, {"x": 76.31653543307087, "y": 1760.2527559055118, "w": 151.68346456692913, "h": 27.777952755905517, "jsonClass": "ChoiceField"}, {"x": 276.31653543307084, "y": 1760.2527559055118, "w": 404.68346456692916, "h": 27.777952755905517, "jsonClass": "ChoiceField"}], "ChoiceGroupTitle": [{"x": 931, "y": 555, "w": 329, "h": 20, "jsonClass": "ChoiceGroupTitle"}, {"x": 72, "y": 1650, "w": 676, "h": 67, "jsonClass": "ChoiceGroupTitle"}], "List": [{"x": 61, "y": 242.03296898415465, "w": 1346, "h": 80.13629108408233, "jsonClass": "List"}]}