{"Field": [{"x": 680, "y": 68.05511811023622, "w": 181, "h": 28.944881889763778, "jsonClass": "Field"}, {"x": 825, "y": 106.03125, "w": 275, "h": 93.96875, "jsonClass": "Field"}, {"x": 825, "y": 203.03125, "w": 275, "h": 96.96875, "jsonClass": "Field"}, {"x": 140, "y": 542, "w": 680, "h": 58.007874015747916, "jsonClass": "Field"}, {"x": 140, "y": 108, "w": 680, "h": 192, "jsonClass": "Field"}, {"x": 140, "y": 608, "w": 680, "h": 58.67716535433067, "jsonClass": "Field"}, {"x": 480, "y": 308, "w": 340, "h": 58.669291338582696, "jsonClass": "Field"}, {"x": 140, "y": 375, "w": 680, "h": 91.66929133858264, "jsonClass": "Field"}, {"x": 140, "y": 475, "w": 680, "h": 58.33858267716539, "jsonClass": "Field"}, {"x": 140, "y": 308, "w": 340, "h": 58.669291338582696, "jsonClass": "Field"}], "Widget": [{"x": 680, "y": 68.05511811023622, "w": 27.777952755905513, "h": 27.777952755905513, "jsonClass": "Widget"}, {"x": 860, "y": 166.6692913385827, "w": 240, "h": 33.33070866141732, "jsonClass": "Widget"}, {"x": 860, "y": 266.6692913385827, "w": 240, "h": 33.33070866141732, "jsonClass": "Widget"}, {"x": 140, "y": 561.1165354330708, "w": 680, "h": 38.891338582677164, "jsonClass": "Widget"}, {"x": 140, "y": 155.55590551181103, "w": 680, "h": 144.444094488189, "jsonClass": "Widget"}, {"x": 140, "y": 627.7858267716535, "w": 680, "h": 38.891338582677164, "jsonClass": "Widget"}, {"x": 480, "y": 327.7779527559055, "w": 340, "h": 38.891338582677164, "jsonClass": "Widget"}, {"x": 140, "y": 394.44724409448816, "w": 680, "h": 72.2220472440945, "jsonClass": "Widget"}, {"x": 140, "y": 494.4472440944882, "w": 680, "h": 38.891338582677164, "jsonClass": "Widget"}, {"x": 140, "y": 327.7779527559055, "w": 340, "h": 38.891338582677164, "jsonClass": "Widget"}], "TextBlock": [{"x": 720, "y": 69, "w": 141, "h": 28, "jsonClass": "TextBlock"}, {"x": 140, "y": 672, "w": 166, "h": 28, "jsonClass": "TextBlock"}, {"x": 465, "y": 678, "w": 210, "h": 22, "jsonClass": "TextBlock"}, {"x": 820, "y": 681, "w": 213, "h": 19, "jsonClass": "TextBlock"}, {"x": 1414, "y": 306, "w": 186, "h": 202, "jsonClass": "TextBlock"}, {"x": 1162, "y": 681, "w": 438, "h": 19, "jsonClass": "TextBlock"}, {"x": 825, "y": 106.03125, "w": 247, "h": 87.0, "jsonClass": "TextBlock"}, {"x": 1117, "y": 269, "w": 166, "h": 28, "jsonClass": "TextBlock"}, {"x": 1119, "y": 107, "w": 162, "h": 19, "jsonClass": "TextBlock"}, {"x": 1143, "y": 172, "w": 114, "h": 56, "jsonClass": "TextBlock"}, {"x": 825, "y": 203.03125, "w": 201, "h": 93.0, "jsonClass": "TextBlock"}, {"x": 148, "y": 542, "w": 566, "h": 19, "jsonClass": "TextBlock"}, {"x": 148, "y": 108, "w": 670, "h": 43, "jsonClass": "TextBlock"}, {"x": 148, "y": 608, "w": 279, "h": 20, "jsonClass": "TextBlock"}, {"x": 488, "y": 308, "w": 287, "h": 20, "jsonClass": "TextBlock"}, {"x": 148, "y": 375, "w": 169, "h": 19, "jsonClass": "TextBlock"}, {"x": 148, "y": 475, "w": 272, "h": 19, "jsonClass": "TextBlock"}, {"x": 148, "y": 308, "w": 291, "h": 20, "jsonClass": "TextBlock"}, {"x": 1410, "y": 150, "w": 190, "h": 97, "jsonClass": "HeaderTitle"}], "TextRun": [{"x": 720, "y": 69, "w": 141, "h": 28, "jsonClass": "TextRun"}, {"x": 140, "y": 678, "w": 47, "h": 20, "jsonClass": "TextRun"}, {"x": 187, "y": 672, "w": 119, "h": 28, "jsonClass": "TextRun"}, {"x": 465, "y": 678, "w": 210, "h": 22, "jsonClass": "TextRun"}, {"x": 820, "y": 681, "w": 213, "h": 19, "jsonClass": "TextRun"}, {"x": 1514, "y": 306, "w": 86, "h": 27, "jsonClass": "TextRun"}, {"x": 1432, "y": 353, "w": 168, "h": 25, "jsonClass": "TextRun"}, {"x": 1429, "y": 400, "w": 171, "h": 25, "jsonClass": "TextRun"}, {"x": 1414, "y": 428, "w": 186, "h": 25, "jsonClass": "TextRun"}, {"x": 1452, "y": 456, "w": 148, "h": 25, "jsonClass": "TextRun"}, {"x": 1424, "y": 483, "w": 176, "h": 25, "jsonClass": "TextRun"}, {"x": 1162, "y": 681, "w": 438, "h": 19, "jsonClass": "TextRun"}, {"x": 831, "y": 106.03125, "w": 16, "h": 19, "jsonClass": "TextRun"}, {"x": 846, "y": 108, "w": 226, "h": 20, "jsonClass": "TextRun"}, {"x": 825, "y": 163.03125, "w": 19, "h": 30, "jsonClass": "TextRun"}, {"x": 1117, "y": 276, "w": 47, "h": 19, "jsonClass": "TextRun"}, {"x": 1164, "y": 269, "w": 119, "h": 28, "jsonClass": "TextRun"}, {"x": 1119, "y": 107, "w": 162, "h": 19, "jsonClass": "TextRun"}, {"x": 1143, "y": 172, "w": 114, "h": 56, "jsonClass": "TextRun"}, {"x": 826, "y": 203.03125, "w": 15, "h": 21, "jsonClass": "TextRun"}, {"x": 846, "y": 208, "w": 180, "h": 20, "jsonClass": "TextRun"}, {"x": 825, "y": 265.03125, "w": 19, "h": 31, "jsonClass": "TextRun"}, {"x": 1410, "y": 150, "w": 190, "h": 31, "jsonClass": "TextRun"}, {"x": 1424, "y": 183, "w": 176, "h": 31, "jsonClass": "TextRun"}, {"x": 1436, "y": 217, "w": 164, "h": 30, "jsonClass": "TextRun"}, {"x": 148, "y": 542, "w": 566, "h": 19, "jsonClass": "TextRun"}, {"x": 148, "y": 108, "w": 670, "h": 20, "jsonClass": "TextRun"}, {"x": 148, "y": 132, "w": 239, "h": 19, "jsonClass": "TextRun"}, {"x": 148, "y": 608, "w": 279, "h": 20, "jsonClass": "TextRun"}, {"x": 488, "y": 308, "w": 287, "h": 20, "jsonClass": "TextRun"}, {"x": 148, "y": 375, "w": 169, "h": 19, "jsonClass": "TextRun"}, {"x": 148, "y": 475, "w": 272, "h": 19, "jsonClass": "TextRun"}, {"x": 148, "y": 308, "w": 291, "h": 20, "jsonClass": "TextRun"}]}