{"TextBlock": [{"x": 100, "y": 214, "w": 388, "h": 52, "jsonClass": "TextBlock"}, {"x": 100, "y": 332, "w": 453, "h": 133, "jsonClass": "TextBlock"}, {"x": 100, "y": 765, "w": 460, "h": 322, "jsonClass": "TextBlock"}, {"x": 100, "y": 1101, "w": 457, "h": 187, "jsonClass": "TextBlock"}, {"x": 100, "y": 537, "w": 457, "h": 214, "jsonClass": "TextBlock"}, {"x": 125, "y": 1301, "w": 398, "h": 25, "jsonClass": "TextBlock"}, {"x": 645, "y": 937, "w": 290, "h": 25, "jsonClass": "TextBlock"}, {"x": 620, "y": 156, "w": 458, "h": 187, "jsonClass": "TextBlock"}, {"x": 620, "y": 356, "w": 456, "h": 79, "jsonClass": "TextBlock"}, {"x": 620, "y": 818, "w": 447, "h": 106, "jsonClass": "TextBlock"}, {"x": 613, "y": 448.03125, "w": 14, "h": 24, "jsonClass": "TextBlock"}, {"x": 620, "y": 449, "w": 448, "h": 79, "jsonClass": "TextBlock"}, {"x": 612, "y": 539.03125, "w": 16, "h": 24, "jsonClass": "TextBlock"}, {"x": 620, "y": 541, "w": 460, "h": 106, "jsonClass": "TextBlock"}, {"x": 610, "y": 658.03125, "w": 18, "h": 22, "jsonClass": "TextBlock"}, {"x": 620, "y": 660, "w": 460, "h": 107, "jsonClass": "TextBlock"}, {"x": 615, "y": 781.03125, "w": 15, "h": 21, "jsonClass": "TextBlock"}, {"x": 633.0029090207215, "y": 780, "w": 118.24716607571293, "h": 25, "jsonClass": "TextBlock"}, {"x": 612, "y": 974.03125, "w": 19, "h": 24, "jsonClass": "TextBlock"}, {"x": 620, "y": 976, "w": 445, "h": 106, "jsonClass": "TextBlock"}, {"x": 610, "y": 1090.03125, "w": 20, "h": 24, "jsonClass": "TextBlock"}, {"x": 620, "y": 1095, "w": 457, "h": 215, "jsonClass": "TextBlock"}, {"x": 613, "y": 1322.03125, "w": 15, "h": 24, "jsonClass": "TextBlock"}, {"x": 620, "y": 1323, "w": 451, "h": 133, "jsonClass": "TextBlock"}, {"x": 1140, "y": 317, "w": 460, "h": 160, "jsonClass": "TextBlock"}, {"x": 1140, "y": 275, "w": 175, "h": 28, "jsonClass": "TextBlock"}, {"x": 1134, "y": 154.03125, "w": 15, "h": 21, "jsonClass": "TextBlock"}, {"x": 1140, "y": 156, "w": 458.0781255584077, "h": 106, "jsonClass": "TextBlock"}, {"x": 1140, "y": 733, "w": 460, "h": 350, "jsonClass": "TextBlock"}, {"x": 1140, "y": 1097, "w": 460, "h": 214, "jsonClass": "TextBlock"}, {"x": 1140, "y": 560, "w": 460, "h": 160, "jsonClass": "TextBlock"}, {"x": 94, "y": 1607.03125, "w": 18, "h": 23, "jsonClass": "TextBlock"}, {"x": 139.9999999999999, "y": 1608, "w": 1167.3292649556092, "h": 25, "jsonClass": "TextBlock"}, {"x": 1354, "y": 1607.03125, "w": 24, "h": 21, "jsonClass": "TextBlock"}, {"x": 94, "y": 1637.03125, "w": 20, "h": 26, "jsonClass": "TextBlock"}, {"x": 140, "y": 1642, "w": 1167.4965099815336, "h": 25, "jsonClass": "TextBlock"}, {"x": 1357, "y": 1637.03125, "w": 23, "h": 26, "jsonClass": "TextBlock"}, {"x": 94, "y": 1675.03125, "w": 21, "h": 24, "jsonClass": "TextBlock"}, {"x": 140, "y": 1675, "w": 1163.3655005162148, "h": 25, "jsonClass": "TextBlock"}, {"x": 1357, "y": 1676.03125, "w": 27, "h": 21, "jsonClass": "TextBlock"}, {"x": 97, "y": 1708.03125, "w": 20, "h": 19, "jsonClass": "TextBlock"}, {"x": 140, "y": 1708, "w": 1162.5921336479269, "h": 25, "jsonClass": "TextBlock"}, {"x": 1356, "y": 1705.03125, "w": 24, "h": 24, "jsonClass": "TextBlock"}, {"x": 93, "y": 1741.03125, "w": 24, "h": 22, "jsonClass": "TextBlock"}, {"x": 140, "y": 1775, "w": 1170, "h": 25, "jsonClass": "TextBlock"}, {"x": 1359, "y": 1772.0438355386045, "w": 21, "h": 26.45948334829012, "jsonClass": "TextBlock"}, {"x": 91, "y": 1804.03125, "w": 23, "h": 27, "jsonClass": "TextBlock"}, {"x": 140, "y": 1808, "w": 1167.7412021789678, "h": 25, "jsonClass": "TextBlock"}, {"x": 1357, "y": 1804.03125, "w": 20, "h": 24, "jsonClass": "TextBlock"}, {"x": 96, "y": 1840.03125, "w": 16, "h": 27, "jsonClass": "TextBlock"}, {"x": 140, "y": 1842, "w": 1166.2601826045905, "h": 25, "jsonClass": "TextBlock"}, {"x": 1359, "y": 1841.03125, "w": 18, "h": 23, "jsonClass": "TextBlock"}, {"x": 91, "y": 1873.03125, "w": 32, "h": 24, "jsonClass": "TextBlock"}, {"x": 140.0000000000001, "y": 1875, "w": 1163.9517716821538, "h": 25, "jsonClass": "TextBlock"}, {"x": 1357, "y": 1871.03125, "w": 24, "h": 27, "jsonClass": "TextBlock"}, {"x": 91, "y": 1903.03125, "w": 21, "h": 24, "jsonClass": "TextBlock"}, {"x": 139.9999999999999, "y": 1906, "w": 1184.7555986010966, "h": 56, "jsonClass": "TextBlock"}, {"x": 1357, "y": 1934.0449861149582, "w": 21, "h": 30.408762423458665, "jsonClass": "TextBlock"}, {"x": 1540, "y": 98.03194624961824, "w": 58.13190203079989, "h": 28.472410057147883, "jsonClass": "TextBlock"}, {"x": 100, "y": 285, "w": 303, "h": 33, "jsonClass": "SectionTitle"}, {"x": 100, "y": 484, "w": 230, "h": 33, "jsonClass": "SectionTitle"}, {"x": 100, "y": 156, "w": 326, "h": 38, "jsonClass": "SectionTitle"}, {"x": 1140, "y": 501, "w": 324, "h": 39, "jsonClass": "SectionTitle"}, {"x": 100, "y": 1550, "w": 1317, "h": 33, "jsonClass": "SectionTitle"}, {"x": 100, "y": 107, "w": 210, "h": 19, "jsonClass": "HeaderTitle"}], "TextRun": [{"x": 100, "y": 214, "w": 388, "h": 25, "jsonClass": "TextRun"}, {"x": 100, "y": 241, "w": 156, "h": 25, "jsonClass": "TextRun"}, {"x": 100, "y": 332, "w": 338, "h": 25, "jsonClass": "TextRun"}, {"x": 100, "y": 359, "w": 453, "h": 25, "jsonClass": "TextRun"}, {"x": 100, "y": 386, "w": 417, "h": 25, "jsonClass": "TextRun"}, {"x": 100, "y": 413, "w": 337, "h": 25, "jsonClass": "TextRun"}, {"x": 100, "y": 440, "w": 230, "h": 25, "jsonClass": "TextRun"}, {"x": 100, "y": 285, "w": 303, "h": 33, "jsonClass": "TextRun"}, {"x": 100, "y": 765, "w": 427, "h": 25, "jsonClass": "TextRun"}, {"x": 100, "y": 792, "w": 416, "h": 25, "jsonClass": "TextRun"}, {"x": 100, "y": 819, "w": 368, "h": 25, "jsonClass": "TextRun"}, {"x": 100, "y": 846, "w": 445, "h": 25, "jsonClass": "TextRun"}, {"x": 100, "y": 873, "w": 387, "h": 25, "jsonClass": "TextRun"}, {"x": 100, "y": 900, "w": 415, "h": 25, "jsonClass": "TextRun"}, {"x": 100, "y": 927, "w": 427, "h": 25, "jsonClass": "TextRun"}, {"x": 100, "y": 954, "w": 460, "h": 25, "jsonClass": "TextRun"}, {"x": 100, "y": 981, "w": 439, "h": 25, "jsonClass": "TextRun"}, {"x": 100, "y": 1008, "w": 454, "h": 25, "jsonClass": "TextRun"}, {"x": 100, "y": 1035, "w": 456, "h": 25, "jsonClass": "TextRun"}, {"x": 100, "y": 1062, "w": 86, "h": 25, "jsonClass": "TextRun"}, {"x": 100, "y": 1101, "w": 381, "h": 25, "jsonClass": "TextRun"}, {"x": 100, "y": 1128, "w": 457, "h": 25, "jsonClass": "TextRun"}, {"x": 100, "y": 1155, "w": 425, "h": 25, "jsonClass": "TextRun"}, {"x": 100, "y": 1182, "w": 450, "h": 25, "jsonClass": "TextRun"}, {"x": 100, "y": 1209, "w": 403, "h": 25, "jsonClass": "TextRun"}, {"x": 100, "y": 1236, "w": 455, "h": 25, "jsonClass": "TextRun"}, {"x": 100, "y": 1263, "w": 200, "h": 25, "jsonClass": "TextRun"}, {"x": 100, "y": 537, "w": 444, "h": 25, "jsonClass": "TextRun"}, {"x": 100, "y": 564, "w": 457, "h": 25, "jsonClass": "TextRun"}, {"x": 100, "y": 591, "w": 408, "h": 25, "jsonClass": "TextRun"}, {"x": 100, "y": 618, "w": 439, "h": 25, "jsonClass": "TextRun"}, {"x": 100, "y": 645, "w": 393, "h": 25, "jsonClass": "TextRun"}, {"x": 100, "y": 672, "w": 451, "h": 25, "jsonClass": "TextRun"}, {"x": 100, "y": 699, "w": 412, "h": 25, "jsonClass": "TextRun"}, {"x": 100, "y": 726, "w": 238, "h": 25, "jsonClass": "TextRun"}, {"x": 125, "y": 1301, "w": 398, "h": 25, "jsonClass": "TextRun"}, {"x": 100, "y": 484, "w": 230, "h": 33, "jsonClass": "TextRun"}, {"x": 100, "y": 156, "w": 326, "h": 38, "jsonClass": "TextRun"}, {"x": 645, "y": 937, "w": 290, "h": 25, "jsonClass": "TextRun"}, {"x": 620, "y": 156, "w": 418, "h": 25, "jsonClass": "TextRun"}, {"x": 620, "y": 183, "w": 405, "h": 25, "jsonClass": "TextRun"}, {"x": 620, "y": 210, "w": 401, "h": 25, "jsonClass": "TextRun"}, {"x": 620, "y": 237, "w": 458, "h": 25, "jsonClass": "TextRun"}, {"x": 620, "y": 264, "w": 451, "h": 25, "jsonClass": "TextRun"}, {"x": 620, "y": 291, "w": 394, "h": 25, "jsonClass": "TextRun"}, {"x": 620, "y": 318, "w": 325, "h": 25, "jsonClass": "TextRun"}, {"x": 645, "y": 356, "w": 379, "h": 25, "jsonClass": "TextRun"}, {"x": 620, "y": 383, "w": 456, "h": 25, "jsonClass": "TextRun"}, {"x": 620, "y": 410, "w": 51, "h": 25, "jsonClass": "TextRun"}, {"x": 620, "y": 818, "w": 400, "h": 25, "jsonClass": "TextRun"}, {"x": 620, "y": 845, "w": 425, "h": 25, "jsonClass": "TextRun"}, {"x": 620, "y": 872, "w": 447, "h": 25, "jsonClass": "TextRun"}, {"x": 620, "y": 899, "w": 256, "h": 25, "jsonClass": "TextRun"}, {"x": 613, "y": 448.03125, "w": 14, "h": 24, "jsonClass": "TextRun"}, {"x": 634.0029136163309, "y": 449, "w": 417.0938807174225, "h": 25, "jsonClass": "TextRun"}, {"x": 620, "y": 476, "w": 448, "h": 25, "jsonClass": "TextRun"}, {"x": 620, "y": 503, "w": 120, "h": 25, "jsonClass": "TextRun"}, {"x": 612, "y": 539.03125, "w": 16, "h": 24, "jsonClass": "TextRun"}, {"x": 631.0028998295029, "y": 541, "w": 420.07315708176094, "h": 25, "jsonClass": "TextRun"}, {"x": 620, "y": 568, "w": 460, "h": 25, "jsonClass": "TextRun"}, {"x": 620, "y": 595, "w": 418, "h": 25, "jsonClass": "TextRun"}, {"x": 620, "y": 622, "w": 251, "h": 25, "jsonClass": "TextRun"}, {"x": 610, "y": 658.03125, "w": 18, "h": 22, "jsonClass": "TextRun"}, {"x": 631.0028998295029, "y": 660, "w": 427.07194982920123, "h": 25, "jsonClass": "TextRun"}, {"x": 620, "y": 687, "w": 417, "h": 25, "jsonClass": "TextRun"}, {"x": 620, "y": 715, "w": 460, "h": 25, "jsonClass": "TextRun"}, {"x": 620, "y": 742, "w": 40, "h": 25, "jsonClass": "TextRun"}, {"x": 615, "y": 781.03125, "w": 15, "h": 21, "jsonClass": "TextRun"}, {"x": 633.0029090207215, "y": 780, "w": 118.24716607571297, "h": 25, "jsonClass": "TextRun"}, {"x": 612, "y": 974.03125, "w": 19, "h": 24, "jsonClass": "TextRun"}, {"x": 633.0029090207217, "y": 976, "w": 363.1000163804978, "h": 25, "jsonClass": "TextRun"}, {"x": 620, "y": 1003, "w": 445, "h": 25, "jsonClass": "TextRun"}, {"x": 620, "y": 1030, "w": 411, "h": 25, "jsonClass": "TextRun"}, {"x": 620, "y": 1057, "w": 232, "h": 25, "jsonClass": "TextRun"}, {"x": 852, "y": 1057, "w": 206, "h": 25, "jsonClass": "TextRun"}, {"x": 610, "y": 1090.03125, "w": 20, "h": 24, "jsonClass": "TextRun"}, {"x": 633.0029090207215, "y": 1095, "w": 405.08974828821465, "h": 25, "jsonClass": "TextRun"}, {"x": 621.0028538734093, "y": 1124, "w": 424.7871675306413, "h": 25, "jsonClass": "TextRun"}, {"x": 620, "y": 1149, "w": 425, "h": 25, "jsonClass": "TextRun"}, {"x": 620, "y": 1176, "w": 361, "h": 25, "jsonClass": "TextRun"}, {"x": 620, "y": 1203, "w": 432, "h": 25, "jsonClass": "TextRun"}, {"x": 620, "y": 1231, "w": 457, "h": 25, "jsonClass": "TextRun"}, {"x": 620, "y": 1258, "w": 409, "h": 25, "jsonClass": "TextRun"}, {"x": 620, "y": 1285, "w": 126, "h": 25, "jsonClass": "TextRun"}, {"x": 613, "y": 1322.03125, "w": 15, "h": 24, "jsonClass": "TextRun"}, {"x": 630.0028952338935, "y": 1323, "w": 420.0664088901288, "h": 25, "jsonClass": "TextRun"}, {"x": 620, "y": 1350, "w": 438, "h": 25, "jsonClass": "TextRun"}, {"x": 620, "y": 1377, "w": 445, "h": 25, "jsonClass": "TextRun"}, {"x": 620, "y": 1404, "w": 451, "h": 25, "jsonClass": "TextRun"}, {"x": 620, "y": 1431, "w": 22, "h": 25, "jsonClass": "TextRun"}, {"x": 1140, "y": 317, "w": 449, "h": 25, "jsonClass": "TextRun"}, {"x": 1140, "y": 344, "w": 443, "h": 25, "jsonClass": "TextRun"}, {"x": 1140, "y": 371, "w": 375, "h": 25, "jsonClass": "TextRun"}, {"x": 1140, "y": 398, "w": 460, "h": 25, "jsonClass": "TextRun"}, {"x": 1140, "y": 425, "w": 397, "h": 25, "jsonClass": "TextRun"}, {"x": 1140, "y": 452, "w": 129, "h": 25, "jsonClass": "TextRun"}, {"x": 1140, "y": 275, "w": 175, "h": 28, "jsonClass": "TextRun"}, {"x": 1134, "y": 154.03125, "w": 15, "h": 21, "jsonClass": "TextRun"}, {"x": 1152.0052941419767, "y": 156, "w": 446.0728314164309, "h": 25, "jsonClass": "TextRun"}, {"x": 1140, "y": 183, "w": 398, "h": 25, "jsonClass": "TextRun"}, {"x": 1140, "y": 210, "w": 425, "h": 25, "jsonClass": "TextRun"}, {"x": 1140, "y": 237, "w": 74, "h": 25, "jsonClass": "TextRun"}, {"x": 1140, "y": 733, "w": 435, "h": 25, "jsonClass": "TextRun"}, {"x": 1140, "y": 760, "w": 384, "h": 25, "jsonClass": "TextRun"}, {"x": 1140, "y": 787, "w": 411, "h": 25, "jsonClass": "TextRun"}, {"x": 1140, "y": 815, "w": 458, "h": 25, "jsonClass": "TextRun"}, {"x": 1140, "y": 842, "w": 435, "h": 25, "jsonClass": "TextRun"}, {"x": 1140, "y": 869, "w": 460, "h": 25, "jsonClass": "TextRun"}, {"x": 1140, "y": 896, "w": 426, "h": 25, "jsonClass": "TextRun"}, {"x": 1140, "y": 923, "w": 459, "h": 25, "jsonClass": "TextRun"}, {"x": 1140, "y": 950, "w": 416, "h": 25, "jsonClass": "TextRun"}, {"x": 1140, "y": 977, "w": 445, "h": 25, "jsonClass": "TextRun"}, {"x": 1140, "y": 1004, "w": 421, "h": 25, "jsonClass": "TextRun"}, {"x": 1140, "y": 1031, "w": 392, "h": 25, "jsonClass": "TextRun"}, {"x": 1140, "y": 1058, "w": 79, "h": 25, "jsonClass": "TextRun"}, {"x": 1140, "y": 1097, "w": 460, "h": 25, "jsonClass": "TextRun"}, {"x": 1140, "y": 1124, "w": 426, "h": 25, "jsonClass": "TextRun"}, {"x": 1140, "y": 1151, "w": 394, "h": 25, "jsonClass": "TextRun"}, {"x": 1140, "y": 1178, "w": 418, "h": 25, "jsonClass": "TextRun"}, {"x": 1140, "y": 1205, "w": 446, "h": 25, "jsonClass": "TextRun"}, {"x": 1140, "y": 1232, "w": 413, "h": 25, "jsonClass": "TextRun"}, {"x": 1140, "y": 1259, "w": 459, "h": 25, "jsonClass": "TextRun"}, {"x": 1140, "y": 1286, "w": 438, "h": 25, "jsonClass": "TextRun"}, {"x": 1140, "y": 560, "w": 449, "h": 25, "jsonClass": "TextRun"}, {"x": 1140, "y": 587, "w": 371, "h": 25, "jsonClass": "TextRun"}, {"x": 1140, "y": 614, "w": 444, "h": 25, "jsonClass": "TextRun"}, {"x": 1140, "y": 641, "w": 435, "h": 25, "jsonClass": "TextRun"}, {"x": 1140, "y": 668, "w": 460, "h": 25, "jsonClass": "TextRun"}, {"x": 1140, "y": 695, "w": 18, "h": 25, "jsonClass": "TextRun"}, {"x": 1140, "y": 501, "w": 324, "h": 39, "jsonClass": "TextRun"}, {"x": 94, "y": 1607.03125, "w": 18, "h": 23, "jsonClass": "TextRun"}, {"x": 139.9999999999999, "y": 1608, "w": 1167.3292649556092, "h": 25, "jsonClass": "TextRun"}, {"x": 1354, "y": 1607.03125, "w": 24, "h": 21, "jsonClass": "TextRun"}, {"x": 94, "y": 1637.03125, "w": 20, "h": 26, "jsonClass": "TextRun"}, {"x": 140, "y": 1642, "w": 91, "h": 25, "jsonClass": "TextRun"}, {"x": 248.99999999999977, "y": 1642, "w": 1058.4965099815338, "h": 25, "jsonClass": "TextRun"}, {"x": 1357, "y": 1637.03125, "w": 23, "h": 26, "jsonClass": "TextRun"}, {"x": 94, "y": 1675.03125, "w": 21, "h": 24, "jsonClass": "TextRun"}, {"x": 140, "y": 1675, "w": 1163.3655005162148, "h": 25, "jsonClass": "TextRun"}, {"x": 1357, "y": 1676.03125, "w": 27, "h": 21, "jsonClass": "TextRun"}, {"x": 97, "y": 1708.03125, "w": 20, "h": 19, "jsonClass": "TextRun"}, {"x": 140, "y": 1708, "w": 94, "h": 25, "jsonClass": "TextRun"}, {"x": 250.0000000000001, "y": 1708, "w": 1052.5921336479266, "h": 25, "jsonClass": "TextRun"}, {"x": 1356, "y": 1705.03125, "w": 24, "h": 24, "jsonClass": "TextRun"}, {"x": 93, "y": 1741.03125, "w": 24, "h": 22, "jsonClass": "TextRun"}, {"x": 140, "y": 1775, "w": 392, "h": 25, "jsonClass": "TextRun"}, {"x": 551, "y": 1775, "w": 759, "h": 25, "jsonClass": "TextRun"}, {"x": 1359, "y": 1772.0438355386045, "w": 21, "h": 26.45948334829012, "jsonClass": "TextRun"}, {"x": 91, "y": 1804.03125, "w": 23, "h": 27, "jsonClass": "TextRun"}, {"x": 140, "y": 1808, "w": 91, "h": 25, "jsonClass": "TextRun"}, {"x": 251.0000000000001, "y": 1808, "w": 1056.7412021789676, "h": 25, "jsonClass": "TextRun"}, {"x": 1357, "y": 1804.03125, "w": 20, "h": 24, "jsonClass": "TextRun"}, {"x": 96, "y": 1840.03125, "w": 16, "h": 27, "jsonClass": "TextRun"}, {"x": 140, "y": 1842, "w": 94, "h": 25, "jsonClass": "TextRun"}, {"x": 247, "y": 1842, "w": 1059.2601826045905, "h": 25, "jsonClass": "TextRun"}, {"x": 1359, "y": 1841.03125, "w": 18, "h": 23, "jsonClass": "TextRun"}, {"x": 91, "y": 1873.03125, "w": 32, "h": 24, "jsonClass": "TextRun"}, {"x": 140.0000000000001, "y": 1875, "w": 1163.9517716821538, "h": 25, "jsonClass": "TextRun"}, {"x": 1357, "y": 1871.03125, "w": 24, "h": 27, "jsonClass": "TextRun"}, {"x": 91, "y": 1903.03125, "w": 21, "h": 24, "jsonClass": "TextRun"}, {"x": 140, "y": 1906, "w": 91, "h": 25, "jsonClass": "TextRun"}, {"x": 255, "y": 1906, "w": 32, "h": 25, "jsonClass": "TextRun"}, {"x": 316, "y": 1906, "w": 61, "h": 25, "jsonClass": "TextRun"}, {"x": 379, "y": 1906, "w": 43, "h": 25, "jsonClass": "TextRun"}, {"x": 424, "y": 1906, "w": 88, "h": 25, "jsonClass": "TextRun"}, {"x": 514, "y": 1906, "w": 33, "h": 25, "jsonClass": "TextRun"}, {"x": 549, "y": 1906, "w": 44, "h": 25, "jsonClass": "TextRun"}, {"x": 595, "y": 1906, "w": 23, "h": 25, "jsonClass": "TextRun"}, {"x": 621, "y": 1906, "w": 25, "h": 25, "jsonClass": "TextRun"}, {"x": 649, "y": 1906, "w": 60, "h": 25, "jsonClass": "TextRun"}, {"x": 711, "y": 1906, "w": 54, "h": 25, "jsonClass": "TextRun"}, {"x": 767, "y": 1906, "w": 45, "h": 25, "jsonClass": "TextRun"}, {"x": 815, "y": 1906, "w": 114, "h": 25, "jsonClass": "TextRun"}, {"x": 931, "y": 1906, "w": 21, "h": 25, "jsonClass": "TextRun"}, {"x": 955, "y": 1906, "w": 123, "h": 25, "jsonClass": "TextRun"}, {"x": 1081, "y": 1906, "w": 45, "h": 25, "jsonClass": "TextRun"}, {"x": 1128, "y": 1906, "w": 40, "h": 25, "jsonClass": "TextRun"}, {"x": 1171, "y": 1906, "w": 97, "h": 25, "jsonClass": "TextRun"}, {"x": 1278, "y": 1906, "w": 46.75559860109647, "h": 25, "jsonClass": "TextRun"}, {"x": 139.9999999999999, "y": 1937, "w": 1164.224136669093, "h": 25, "jsonClass": "TextRun"}, {"x": 1357, "y": 1934.0449861149582, "w": 21, "h": 30.408762423458665, "jsonClass": "TextRun"}, {"x": 100, "y": 1550, "w": 1317, "h": 33, "jsonClass": "TextRun"}, {"x": 100, "y": 107, "w": 210, "h": 19, "jsonClass": "TextRun"}, {"x": 1540, "y": 98.03194624961824, "w": 58.13190203079991, "h": 28.47241005714788, "jsonClass": "TextRun"}], "List": [{"x": 607, "y": 443.03125, "w": 479, "h": 363, "jsonClass": "List"}, {"x": 607, "y": 971.03125, "w": 470, "h": 486, "jsonClass": "List"}, {"x": 1131, "y": 152.03125, "w": 471, "h": 114, "jsonClass": "List"}, {"x": 84.0003860311856, "y": 1601.03125, "w": 1520.9838151170202, "h": 372, "jsonClass": "List"}], "Field": [{"x": 139.9999999999999, "y": 1599.9921259842522, "w": 1460.0000000000005, "h": 33.33070866141725, "jsonClass": "Field"}, {"x": 140, "y": 1633.3307086614172, "w": 1460.0000000000002, "h": 33.66929133858275, "jsonClass": "Field"}, {"x": 140, "y": 1666.6614173228347, "w": 1460.0000000000002, "h": 33.33858267716528, "jsonClass": "Field"}, {"x": 140, "y": 1699.992125984252, "w": 1460.0000000000002, "h": 33.33070866141725, "jsonClass": "Field"}, {"x": 140, "y": 1766.6614173228347, "w": 1460.0000000000002, "h": 33.33858267716528, "jsonClass": "Field"}, {"x": 140, "y": 1799.992125984252, "w": 1460.0000000000002, "h": 33.33070866141725, "jsonClass": "Field"}, {"x": 140, "y": 1833.3307086614175, "w": 1460.0000000000002, "h": 33.669291338582525, "jsonClass": "Field"}, {"x": 140.0000000000001, "y": 1866.6614173228347, "w": 1460, "h": 33.33858267716528, "jsonClass": "Field"}, {"x": 139.9999999999999, "y": 1906, "w": 1460.0000000000005, "h": 60.661417322834495, "jsonClass": "Field"}], "Widget": [{"x": 1400.0000000000002, "y": 1599.9921259842522, "w": 200, "h": 33.33070866141732, "jsonClass": "Widget"}, {"x": 1400.0000000000002, "y": 1633.3307086614172, "w": 200, "h": 33.33070866141732, "jsonClass": "Widget"}, {"x": 1400.0000000000002, "y": 1666.6614173228347, "w": 200, "h": 33.33070866141732, "jsonClass": "Widget"}, {"x": 1400.0000000000002, "y": 1699.992125984252, "w": 200, "h": 33.33070866141732, "jsonClass": "Widget"}, {"x": 1400.0000000000002, "y": 1766.6614173228347, "w": 200, "h": 33.338582677165356, "jsonClass": "Widget"}, {"x": 1400.0000000000002, "y": 1799.992125984252, "w": 200, "h": 33.33070866141732, "jsonClass": "Widget"}, {"x": 1400.0000000000002, "y": 1833.3307086614175, "w": 200, "h": 33.33070866141732, "jsonClass": "Widget"}, {"x": 1400.0000000000002, "y": 1866.6614173228347, "w": 200, "h": 33.33070866141732, "jsonClass": "Widget"}, {"x": 1400.0000000000002, "y": 1933.3307086614172, "w": 200, "h": 33.33070866141732, "jsonClass": "Widget"}]}