{"TextBlock": [{"x": 1346, "y": 1039, "w": 254, "h": 28, "jsonClass": "TextBlock"}, {"x": 180, "y": 276, "w": 1420, "h": 53, "jsonClass": "TextBlock"}, {"x": 100, "y": 542, "w": 1500, "h": 49, "jsonClass": "TextBlock"}, {"x": 100, "y": 808, "w": 862, "h": 48, "jsonClass": "TextBlock"}, {"x": 100, "y": 1006, "w": 828, "h": 25, "jsonClass": "TextBlock"}, {"x": 355, "y": 639, "w": 394, "h": 22, "jsonClass": "TextBlock"}, {"x": 1342, "y": 639, "w": 61, "h": 22, "jsonClass": "TextBlock"}, {"x": 355, "y": 706, "w": 394, "h": 22, "jsonClass": "TextBlock"}, {"x": 1342, "y": 706, "w": 61, "h": 22, "jsonClass": "TextBlock"}, {"x": 409, "y": 906, "w": 107, "h": 22, "jsonClass": "TextBlock"}, {"x": 1214, "y": 906, "w": 57, "h": 22, "jsonClass": "TextBlock"}, {"x": 395, "y": 972, "w": 135, "h": 22, "jsonClass": "TextBlock"}, {"x": 1212, "y": 972, "w": 61, "h": 22, "jsonClass": "TextBlock"}, {"x": 220, "y": 209, "w": 519, "h": 22, "jsonClass": "TextBlock"}, {"x": 220, "y": 244, "w": 239, "h": 23, "jsonClass": "TextBlock"}, {"x": 580, "y": 244, "w": 241, "h": 23, "jsonClass": "TextBlock"}, {"x": 1433, "y": 489, "w": 35, "h": 22, "jsonClass": "TextBlock"}, {"x": 1533, "y": 489, "w": 28, "h": 22, "jsonClass": "TextBlock"}, {"x": 765, "y": 739, "w": 176, "h": 30, "jsonClass": "TextBlock"}, {"x": 412, "y": 770, "w": 881, "h": 25, "jsonClass": "TextBlock"}, {"x": 1100, "y": 808, "w": 212, "h": 23, "jsonClass": "TextBlock"}, {"x": 1400, "y": 808, "w": 183, "h": 23, "jsonClass": "TextBlock"}, {"x": 1433, "y": 144, "w": 35, "h": 23, "jsonClass": "TextBlock"}, {"x": 1529, "y": 144, "w": 29, "h": 23, "jsonClass": "TextBlock"}, {"x": 1536, "y": 100.56666564941406, "w": 63.66857440655053, "h": 26.283334211869672, "jsonClass": "TextBlock"}, {"x": 180, "y": 178, "w": 447, "h": 22, "jsonClass": "ChoiceGroupTitle"}, {"x": 180, "y": 489, "w": 1205.6266938746946, "h": 22, "jsonClass": "ChoiceGroupTitle"}, {"x": 180, "y": 144, "w": 1200.672604448579, "h": 23, "jsonClass": "ChoiceGroupTitle"}, {"x": 100, "y": 107, "w": 226, "h": 19, "jsonClass": "HeaderTitle"}], "TextRun": [{"x": 1346, "y": 1045, "w": 47, "h": 20, "jsonClass": "TextRun"}, {"x": 1393, "y": 1039, "w": 92, "h": 28, "jsonClass": "TextRun"}, {"x": 1485, "y": 1045, "w": 115, "h": 20, "jsonClass": "TextRun"}, {"x": 180, "y": 276, "w": 72, "h": 22, "jsonClass": "TextRun"}, {"x": 253, "y": 276, "w": 62, "h": 22, "jsonClass": "TextRun"}, {"x": 316, "y": 276, "w": 16, "h": 22, "jsonClass": "TextRun"}, {"x": 333, "y": 276, "w": 28, "h": 22, "jsonClass": "TextRun"}, {"x": 362, "y": 276, "w": 38, "h": 22, "jsonClass": "TextRun"}, {"x": 401, "y": 276, "w": 58, "h": 22, "jsonClass": "TextRun"}, {"x": 460, "y": 276, "w": 72, "h": 22, "jsonClass": "TextRun"}, {"x": 533, "y": 276, "w": 24, "h": 22, "jsonClass": "TextRun"}, {"x": 558, "y": 276, "w": 95, "h": 22, "jsonClass": "TextRun"}, {"x": 654, "y": 276, "w": 23, "h": 22, "jsonClass": "TextRun"}, {"x": 678, "y": 276, "w": 36, "h": 22, "jsonClass": "TextRun"}, {"x": 715, "y": 276, "w": 58, "h": 22, "jsonClass": "TextRun"}, {"x": 774, "y": 276, "w": 33, "h": 22, "jsonClass": "TextRun"}, {"x": 808, "y": 276, "w": 67, "h": 22, "jsonClass": "TextRun"}, {"x": 876, "y": 276, "w": 29, "h": 22, "jsonClass": "TextRun"}, {"x": 906, "y": 276, "w": 38, "h": 22, "jsonClass": "TextRun"}, {"x": 962, "y": 276, "w": 19, "h": 22, "jsonClass": "TextRun"}, {"x": 982, "y": 276, "w": 83, "h": 22, "jsonClass": "TextRun"}, {"x": 1066, "y": 276, "w": 24, "h": 22, "jsonClass": "TextRun"}, {"x": 1091, "y": 276, "w": 40, "h": 22, "jsonClass": "TextRun"}, {"x": 1132, "y": 276, "w": 83, "h": 22, "jsonClass": "TextRun"}, {"x": 1216, "y": 276, "w": 30, "h": 22, "jsonClass": "TextRun"}, {"x": 1247, "y": 276, "w": 85, "h": 22, "jsonClass": "TextRun"}, {"x": 1333, "y": 276, "w": 41, "h": 22, "jsonClass": "TextRun"}, {"x": 1375, "y": 276, "w": 56, "h": 22, "jsonClass": "TextRun"}, {"x": 1432, "y": 276, "w": 23, "h": 22, "jsonClass": "TextRun"}, {"x": 1456, "y": 276, "w": 54, "h": 22, "jsonClass": "TextRun"}, {"x": 1516, "y": 276, "w": 47, "h": 22, "jsonClass": "TextRun"}, {"x": 1564, "y": 276, "w": 36, "h": 22, "jsonClass": "TextRun"}, {"x": 180, "y": 307, "w": 906, "h": 22, "jsonClass": "TextRun"}, {"x": 100, "y": 542, "w": 62, "h": 22, "jsonClass": "TextRun"}, {"x": 171, "y": 542, "w": 89, "h": 22, "jsonClass": "TextRun"}, {"x": 268, "y": 542, "w": 24, "h": 22, "jsonClass": "TextRun"}, {"x": 300, "y": 542, "w": 76, "h": 22, "jsonClass": "TextRun"}, {"x": 403, "y": 542, "w": 73, "h": 22, "jsonClass": "TextRun"}, {"x": 484, "y": 542, "w": 42, "h": 22, "jsonClass": "TextRun"}, {"x": 553, "y": 542, "w": 50, "h": 22, "jsonClass": "TextRun"}, {"x": 611, "y": 542, "w": 97, "h": 22, "jsonClass": "TextRun"}, {"x": 716, "y": 542, "w": 39, "h": 22, "jsonClass": "TextRun"}, {"x": 763, "y": 542, "w": 104, "h": 22, "jsonClass": "TextRun"}, {"x": 875, "y": 542, "w": 93, "h": 22, "jsonClass": "TextRun"}, {"x": 976, "y": 542, "w": 38, "h": 22, "jsonClass": "TextRun"}, {"x": 1023, "y": 542, "w": 87, "h": 22, "jsonClass": "TextRun"}, {"x": 1118, "y": 542, "w": 69, "h": 22, "jsonClass": "TextRun"}, {"x": 1195, "y": 542, "w": 40, "h": 22, "jsonClass": "TextRun"}, {"x": 1244, "y": 542, "w": 24, "h": 22, "jsonClass": "TextRun"}, {"x": 1277, "y": 542, "w": 35, "h": 22, "jsonClass": "TextRun"}, {"x": 1321, "y": 542, "w": 44, "h": 22, "jsonClass": "TextRun"}, {"x": 1374, "y": 542, "w": 23, "h": 22, "jsonClass": "TextRun"}, {"x": 1405, "y": 542, "w": 34, "h": 22, "jsonClass": "TextRun"}, {"x": 1448, "y": 542, "w": 108, "h": 22, "jsonClass": "TextRun"}, {"x": 1564, "y": 542, "w": 36, "h": 22, "jsonClass": "TextRun"}, {"x": 100, "y": 569, "w": 357, "h": 22, "jsonClass": "TextRun"}, {"x": 100, "y": 808, "w": 862, "h": 23, "jsonClass": "TextRun"}, {"x": 100, "y": 833, "w": 450, "h": 23, "jsonClass": "TextRun"}, {"x": 100, "y": 1006, "w": 828, "h": 25, "jsonClass": "TextRun"}, {"x": 355, "y": 639, "w": 394, "h": 22, "jsonClass": "TextRun"}, {"x": 1342, "y": 639, "w": 61, "h": 22, "jsonClass": "TextRun"}, {"x": 355, "y": 706, "w": 394, "h": 22, "jsonClass": "TextRun"}, {"x": 1342, "y": 706, "w": 61, "h": 22, "jsonClass": "TextRun"}, {"x": 409, "y": 906, "w": 107, "h": 22, "jsonClass": "TextRun"}, {"x": 1214, "y": 906, "w": 57, "h": 22, "jsonClass": "TextRun"}, {"x": 395, "y": 972, "w": 135, "h": 22, "jsonClass": "TextRun"}, {"x": 1212, "y": 972, "w": 61, "h": 22, "jsonClass": "TextRun"}, {"x": 220, "y": 209, "w": 519, "h": 22, "jsonClass": "TextRun"}, {"x": 220, "y": 244, "w": 239, "h": 23, "jsonClass": "TextRun"}, {"x": 580, "y": 244, "w": 241, "h": 23, "jsonClass": "TextRun"}, {"x": 180, "y": 178, "w": 447, "h": 22, "jsonClass": "TextRun"}, {"x": 1433, "y": 489, "w": 35, "h": 22, "jsonClass": "TextRun"}, {"x": 1533, "y": 489, "w": 28, "h": 22, "jsonClass": "TextRun"}, {"x": 180, "y": 489, "w": 1205.6266938746946, "h": 22, "jsonClass": "TextRun"}, {"x": 765, "y": 739, "w": 176, "h": 30, "jsonClass": "TextRun"}, {"x": 412, "y": 770, "w": 881, "h": 25, "jsonClass": "TextRun"}, {"x": 1100, "y": 808, "w": 212, "h": 23, "jsonClass": "TextRun"}, {"x": 1400, "y": 808, "w": 183, "h": 23, "jsonClass": "TextRun"}, {"x": 1433, "y": 144, "w": 35, "h": 23, "jsonClass": "TextRun"}, {"x": 1529, "y": 144, "w": 29, "h": 23, "jsonClass": "TextRun"}, {"x": 180, "y": 144, "w": 1200.672604448579, "h": 23, "jsonClass": "TextRun"}, {"x": 1536, "y": 100.56666564941406, "w": 63.66857440655047, "h": 26.283334211869672, "jsonClass": "TextRun"}, {"x": 100, "y": 107, "w": 226, "h": 19, "jsonClass": "TextRun"}], "Field": [{"x": 100, "y": 276, "w": 1500, "h": 190.6614173228346, "jsonClass": "Field"}, {"x": 102.566650390625, "y": 596.9666595458984, "w": 895.4314720812183, "h": 64.03334045410156, "jsonClass": "Field"}, {"x": 1133.566650390625, "y": 592.9666595458984, "w": 464, "h": 68.03334045410156, "jsonClass": "Field"}, {"x": 96.566650390625, "y": 662.9666595458984, "w": 900, "h": 65.03334045410156, "jsonClass": "Field"}, {"x": 1134.566650390625, "y": 659.9666595458984, "w": 464, "h": 68.03334045410156, "jsonClass": "Field"}, {"x": 96.566650390625, "y": 863.566650390625, "w": 721, "h": 64.433349609375, "jsonClass": "Field"}, {"x": 877.566650390625, "y": 866.566650390625, "w": 726, "h": 61.433349609375, "jsonClass": "Field"}, {"x": 93.566650390625, "y": 933.566650390625, "w": 721, "h": 60.433349609375, "jsonClass": "Field"}, {"x": 876.566650390625, "y": 935.566650390625, "w": 731, "h": 58.433349609375, "jsonClass": "Field"}, {"x": 185.55275590551182, "y": 200, "w": 974.4472440944882, "h": 33.330708661417304, "jsonClass": "ChoiceField"}, {"x": 185.55590551181103, "y": 238.88346456692915, "w": 273.44409448818897, "h": 28.11653543307085, "jsonClass": "ChoiceField"}, {"x": 545.555905511811, "y": 238.88346456692915, "w": 275.44409448818897, "h": 28.11653543307085, "jsonClass": "ChoiceField"}, {"x": 1400.0000000000002, "y": 488.8913385826772, "w": 67.99999999999977, "h": 22.222047244094483, "jsonClass": "ChoiceField"}, {"x": 1500, "y": 488.8913385826772, "w": 61, "h": 22.222047244094483, "jsonClass": "ChoiceField"}, {"x": 1054.566650390625, "y": 795.566650390625, "w": 257.433349609375, "h": 35.57923045097232, "jsonClass": "ChoiceField"}, {"x": 1355.566650390625, "y": 791.566650390625, "w": 227.433349609375, "h": 39.433349609375, "jsonClass": "ChoiceField"}, {"x": 1400.0000000000002, "y": 138.88346456692915, "w": 67.99999999999977, "h": 28.11653543307085, "jsonClass": "ChoiceField"}, {"x": 1500, "y": 138.88346456692915, "w": 58, "h": 28.11653543307085, "jsonClass": "ChoiceField"}], "Widget": [{"x": 100, "y": 333.3307086614173, "w": 1500, "h": 133.33070866141733, "jsonClass": "Widget"}, {"x": 102.566650390625, "y": 596.9666595458984, "w": 895.4314720812183, "h": 33, "jsonClass": "Widget"}, {"x": 1133.566650390625, "y": 592.9666595458984, "w": 464, "h": 40, "jsonClass": "Widget"}, {"x": 96.566650390625, "y": 662.9666595458984, "w": 900, "h": 36, "jsonClass": "Widget"}, {"x": 1134.566650390625, "y": 659.9666595458984, "w": 464, "h": 37, "jsonClass": "Widget"}, {"x": 96.566650390625, "y": 863.566650390625, "w": 721, "h": 31, "jsonClass": "Widget"}, {"x": 877.566650390625, "y": 866.566650390625, "w": 726, "h": 30, "jsonClass": "Widget"}, {"x": 93.566650390625, "y": 933.566650390625, "w": 721, "h": 32, "jsonClass": "Widget"}, {"x": 876.566650390625, "y": 935.566650390625, "w": 731, "h": 28, "jsonClass": "Widget"}, {"x": 185.55275590551182, "y": 205.55275590551182, "w": 22.22204724409449, "h": 22.22204724409449, "jsonClass": "Widget"}, {"x": 800, "y": 200, "w": 360, "h": 33.33070866141732, "jsonClass": "Widget"}, {"x": 185.55590551181103, "y": 238.88346456692915, "w": 22.22204724409449, "h": 22.22204724409449, "jsonClass": "Widget"}, {"x": 545.555905511811, "y": 238.88346456692915, "w": 22.22204724409449, "h": 22.22204724409449, "jsonClass": "Widget"}, {"x": 1400.0000000000002, "y": 488.8913385826772, "w": 22.22204724409449, "h": 22.22204724409449, "jsonClass": "Widget"}, {"x": 1500, "y": 488.8913385826772, "w": 22.22204724409449, "h": 22.22204724409449, "jsonClass": "Widget"}, {"x": 1054.566650390625, "y": 795.566650390625, "w": 36.36363636363636, "h": 35.579230450972275, "jsonClass": "Widget"}, {"x": 1355.566650390625, "y": 791.566650390625, "w": 27, "h": 35.372093023255815, "jsonClass": "Widget"}, {"x": 1400.0000000000002, "y": 138.88346456692915, "w": 22.22204724409449, "h": 22.22204724409449, "jsonClass": "Widget"}, {"x": 1500, "y": 138.88346456692915, "w": 22.22204724409449, "h": 22.22204724409449, "jsonClass": "Widget"}], "ChoiceGroup": [{"x": 174.566650390625, "y": 169.56666564941406, "w": 991.9512195121952, "h": 96.3302752293578, "jsonClass": "ChoiceGroup"}, {"x": 165.566650390625, "y": 476.56666564941406, "w": 1408, "h": 41, "jsonClass": "ChoiceGroup"}, {"x": 1045.566650390625, "y": 791.7666625976562, "w": 542, "h": 44, "jsonClass": "ChoiceGroup"}, {"x": 156.566650390625, "y": 130.56666564941406, "w": 1437, "h": 137, "jsonClass": "ChoiceGroup"}], "ChoiceField": [{"x": 185.55275590551182, "y": 200, "w": 974.4472440944882, "h": 33.330708661417304, "jsonClass": "ChoiceField"}, {"x": 185.55590551181103, "y": 238.88346456692915, "w": 273.44409448818897, "h": 28.11653543307085, "jsonClass": "ChoiceField"}, {"x": 545.555905511811, "y": 238.88346456692915, "w": 275.44409448818897, "h": 28.11653543307085, "jsonClass": "ChoiceField"}, {"x": 1400.0000000000002, "y": 488.8913385826772, "w": 67.99999999999977, "h": 22.222047244094483, "jsonClass": "ChoiceField"}, {"x": 1500, "y": 488.8913385826772, "w": 61, "h": 22.222047244094483, "jsonClass": "ChoiceField"}, {"x": 1054.566650390625, "y": 795.566650390625, "w": 257.433349609375, "h": 35.57923045097232, "jsonClass": "ChoiceField"}, {"x": 1355.566650390625, "y": 791.566650390625, "w": 227.433349609375, "h": 39.433349609375, "jsonClass": "ChoiceField"}, {"x": 1400.0000000000002, "y": 138.88346456692915, "w": 67.99999999999977, "h": 28.11653543307085, "jsonClass": "ChoiceField"}, {"x": 1500, "y": 138.88346456692915, "w": 58, "h": 28.11653543307085, "jsonClass": "ChoiceField"}], "ChoiceGroupTitle": [{"x": 180, "y": 178, "w": 447, "h": 22, "jsonClass": "ChoiceGroupTitle"}, {"x": 180, "y": 489, "w": 1205.6266938746946, "h": 22, "jsonClass": "ChoiceGroupTitle"}, {"x": 180, "y": 144, "w": 1200.672604448579, "h": 23, "jsonClass": "ChoiceGroupTitle"}]}