{"List": [{"x": 81, "y": 367.03125, "w": 1521, "h": 516, "jsonClass": "List"}, {"x": 82, "y": 997.03125, "w": 1491, "h": 783, "jsonClass": "List"}], "TextBlock": [{"x": 94, "y": 376.03125, "w": 24, "h": 33, "jsonClass": "TextBlock"}, {"x": 133.00061121604426, "y": 380, "w": 1423.0732614471897, "h": 94, "jsonClass": "TextBlock"}, {"x": 90, "y": 511.03125, "w": 28, "h": 31, "jsonClass": "TextBlock"}, {"x": 130.0005974292162, "y": 513, "w": 1432.066842483786, "h": 128, "jsonClass": "TextBlock"}, {"x": 90, "y": 670.03125, "w": 28, "h": 39, "jsonClass": "TextBlock"}, {"x": 133.00061121604418, "y": 680, "w": 1448.082106943056, "h": 94, "jsonClass": "TextBlock"}, {"x": 90, "y": 805.03125, "w": 27, "h": 37, "jsonClass": "TextBlock"}, {"x": 133.0006112160445, "y": 813, "w": 1460.0714380392244, "h": 61, "jsonClass": "TextBlock"}, {"x": 90, "y": 1004.03125, "w": 28, "h": 38, "jsonClass": "TextBlock"}, {"x": 135.0006204072629, "y": 1013, "w": 1422.0773029428547, "h": 61, "jsonClass": "TextBlock"}, {"x": 91, "y": 1100.03125, "w": 26, "h": 47, "jsonClass": "TextBlock"}, {"x": 132.00060662043484, "y": 1113, "w": 890.1125418923467, "h": 28, "jsonClass": "TextBlock"}, {"x": 90, "y": 1174.03125, "w": 28, "h": 39, "jsonClass": "TextBlock"}, {"x": 133.00061121604426, "y": 1180, "w": 1173.0884992077576, "h": 28, "jsonClass": "TextBlock"}, {"x": 94, "y": 1240.03125, "w": 26, "h": 34, "jsonClass": "TextBlock"}, {"x": 133.00061121604426, "y": 1247, "w": 1397.0745989745187, "h": 61, "jsonClass": "TextBlock"}, {"x": 93, "y": 1337.03125, "w": 25, "h": 42, "jsonClass": "TextBlock"}, {"x": 133.00061121604426, "y": 1347, "w": 1417.0735658675053, "h": 61, "jsonClass": "TextBlock"}, {"x": 91, "y": 1441.03125, "w": 23, "h": 33, "jsonClass": "TextBlock"}, {"x": 132.00060662043484, "y": 1444.9999857953537, "w": 1421.073417939982, "h": 96.00001420464628, "jsonClass": "TextBlock"}, {"x": 90, "y": 1574.03125, "w": 31, "h": 33, "jsonClass": "TextBlock"}, {"x": 135.0006204072629, "y": 1580, "w": 1373.0800032569675, "h": 28, "jsonClass": "TextBlock"}, {"x": 90, "y": 1642.03125, "w": 28, "h": 34, "jsonClass": "TextBlock"}, {"x": 133.0006112160441, "y": 1647, "w": 767.1321631875539, "h": 27, "jsonClass": "TextBlock"}, {"x": 90, "y": 1708.03125, "w": 30, "h": 33, "jsonClass": "TextBlock"}, {"x": 130.0005974292162, "y": 1713, "w": 1435.0667049448748, "h": 61, "jsonClass": "TextBlock"}, {"x": 102, "y": 2122, "w": 293, "h": 22, "jsonClass": "TextBlock"}, {"x": 1545, "y": 2121, "w": 71, "h": 22, "jsonClass": "TextBlock"}, {"x": 97, "y": 313, "w": 1042, "h": 28, "jsonClass": "SectionTitle"}, {"x": 97, "y": 947, "w": 1213, "h": 27, "jsonClass": "SectionTitle"}, {"x": 416, "y": 160, "w": 886, "h": 73, "jsonClass": "SectionTitle"}], "TextRun": [{"x": 94, "y": 376.03125, "w": 24, "h": 33, "jsonClass": "TextRun"}, {"x": 133.00061121604426, "y": 380, "w": 1418.0735149566724, "h": 28, "jsonClass": "TextRun"}, {"x": 133.00061121604426, "y": 413, "w": 1423.0732614471897, "h": 28, "jsonClass": "TextRun"}, {"x": 133.00061121604426, "y": 447, "w": 1304.0798071262104, "h": 27, "jsonClass": "TextRun"}, {"x": 90, "y": 511.03125, "w": 28, "h": 31, "jsonClass": "TextRun"}, {"x": 130.0005974292162, "y": 513, "w": 1432.066842483786, "h": 28, "jsonClass": "TextRun"}, {"x": 139.00063878970036, "y": 547, "w": 1386.0874128639468, "h": 27, "jsonClass": "TextRun"}, {"x": 142.0006525765284, "y": 580, "w": 1418.0914360713089, "h": 28, "jsonClass": "TextRun"}, {"x": 141.00064798091898, "y": 613, "w": 1066.1179521484096, "h": 28, "jsonClass": "TextRun"}, {"x": 90, "y": 670.03125, "w": 28, "h": 39, "jsonClass": "TextRun"}, {"x": 133.00061121604418, "y": 680, "w": 1413.0717585207515, "h": 28, "jsonClass": "TextRun"}, {"x": 138.00063419409094, "y": 713, "w": 1443.0820839650094, "h": 28, "jsonClass": "TextRun"}, {"x": 139.00063878970036, "y": 747, "w": 731.1617348138681, "h": 27, "jsonClass": "TextRun"}, {"x": 90, "y": 805.03125, "w": 27, "h": 37, "jsonClass": "TextRun"}, {"x": 135.0006204072629, "y": 813, "w": 1415.0776775743454, "h": 28, "jsonClass": "TextRun"}, {"x": 133.0006112160445, "y": 847, "w": 1460.0714380392244, "h": 27, "jsonClass": "TextRun"}, {"x": 97, "y": 313, "w": 1042, "h": 28, "jsonClass": "TextRun"}, {"x": 90, "y": 1004.03125, "w": 28, "h": 38, "jsonClass": "TextRun"}, {"x": 135.0006204072629, "y": 1013, "w": 1422.0773029428547, "h": 28, "jsonClass": "TextRun"}, {"x": 136.0006250028723, "y": 1047, "w": 912.1220184719796, "h": 27, "jsonClass": "TextRun"}, {"x": 91, "y": 1100.03125, "w": 26, "h": 47, "jsonClass": "TextRun"}, {"x": 132.00060662043484, "y": 1113, "w": 890.1125418923467, "h": 28, "jsonClass": "TextRun"}, {"x": 90, "y": 1174.03125, "w": 28, "h": 39, "jsonClass": "TextRun"}, {"x": 133.00061121604426, "y": 1180, "w": 1173.0884992077576, "h": 28, "jsonClass": "TextRun"}, {"x": 94, "y": 1240.03125, "w": 26, "h": 34, "jsonClass": "TextRun"}, {"x": 133.00061121604426, "y": 1247, "w": 1397.0745989745187, "h": 27, "jsonClass": "TextRun"}, {"x": 142.0006525765284, "y": 1280, "w": 853.1491831146254, "h": 28, "jsonClass": "TextRun"}, {"x": 93, "y": 1337.03125, "w": 25, "h": 42, "jsonClass": "TextRun"}, {"x": 133.00061121604426, "y": 1347, "w": 1417.0735658675053, "h": 27, "jsonClass": "TextRun"}, {"x": 139.00063878970036, "y": 1380, "w": 958.1249862515449, "h": 28, "jsonClass": "TextRun"}, {"x": 91, "y": 1441.03125, "w": 23, "h": 33, "jsonClass": "TextRun"}, {"x": 133.00061121604426, "y": 1444.9999857953537, "w": 1401.0743900573225, "h": 27, "jsonClass": "TextRun"}, {"x": 133.00061121604404, "y": 1480, "w": 1420.0734133443727, "h": 28, "jsonClass": "TextRun"}, {"x": 132.00060662043484, "y": 1513, "w": 108.7185839265604, "h": 28, "jsonClass": "TextRun"}, {"x": 90, "y": 1574.03125, "w": 31, "h": 33, "jsonClass": "TextRun"}, {"x": 135.0006204072629, "y": 1580, "w": 1373.0800032569675, "h": 28, "jsonClass": "TextRun"}, {"x": 90, "y": 1642.03125, "w": 28, "h": 34, "jsonClass": "TextRun"}, {"x": 133.0006112160441, "y": 1647, "w": 767.1321631875539, "h": 27, "jsonClass": "TextRun"}, {"x": 90, "y": 1708.03125, "w": 30, "h": 33, "jsonClass": "TextRun"}, {"x": 130.0005974292162, "y": 1713, "w": 1435.0667049448748, "h": 28, "jsonClass": "TextRun"}, {"x": 133.00061121604426, "y": 1747, "w": 425.2321513564733, "h": 27, "jsonClass": "TextRun"}, {"x": 97, "y": 947, "w": 1213, "h": 27, "jsonClass": "TextRun"}, {"x": 416, "y": 160, "w": 886, "h": 33, "jsonClass": "TextRun"}, {"x": 449, "y": 200, "w": 820, "h": 33, "jsonClass": "TextRun"}, {"x": 102, "y": 2122, "w": 293, "h": 22, "jsonClass": "TextRun"}, {"x": 1545, "y": 2121, "w": 71, "h": 22, "jsonClass": "TextRun"}]}