{"TextRun": [{"x": 749, "y": 102, "w": 175, "h": 28, "jsonClass": "TextRun"}, {"x": 585, "y": 134, "w": 514, "h": 28, "jsonClass": "TextRun"}, {"x": 939, "y": 532.03125, "w": 30, "h": 244, "jsonClass": "TextRun"}, {"x": 1000, "y": 784, "w": 206, "h": 30, "jsonClass": "TextRun"}, {"x": 75, "y": 336, "w": 193, "h": 30, "jsonClass": "TextRun"}, {"x": 272, "y": 370, "w": 453, "h": 25, "jsonClass": "TextRun"}, {"x": 75, "y": 275, "w": 80, "h": 30, "jsonClass": "TextRun"}, {"x": 1073, "y": 370, "w": 152, "h": 25, "jsonClass": "TextRun"}, {"x": 887, "y": 1777, "w": 99, "h": 26, "jsonClass": "TextRun"}, {"x": 1443, "y": 1811, "w": 63, "h": 26, "jsonClass": "TextRun"}, {"x": 326, "y": 653, "w": 220, "h": 28, "jsonClass": "TextRun"}, {"x": 1542, "y": 1063, "w": 55, "h": 22, "jsonClass": "TextRun"}, {"x": 1401, "y": 1037, "w": 92, "h": 22, "jsonClass": "TextRun"}, {"x": 1398, "y": 1063, "w": 100, "h": 22, "jsonClass": "TextRun"}, {"x": 1240, "y": 1037, "w": 93, "h": 22, "jsonClass": "TextRun"}, {"x": 1242, "y": 1063, "w": 87, "h": 22, "jsonClass": "TextRun"}, {"x": 142, "y": 1037, "w": 102, "h": 22, "jsonClass": "TextRun"}, {"x": 144, "y": 1063, "w": 97, "h": 22, "jsonClass": "TextRun"}, {"x": 684, "y": 1063, "w": 140, "h": 22, "jsonClass": "TextRun"}, {"x": 138, "y": 1747, "w": 482, "h": 26, "jsonClass": "TextRun"}, {"x": 75, "y": 1747, "w": 30, "h": 26, "jsonClass": "TextRun"}, {"x": 785, "y": 1747, "w": 67, "h": 26, "jsonClass": "TextRun"}, {"x": 138, "y": 1777, "w": 246, "h": 26, "jsonClass": "TextRun"}, {"x": 75, "y": 1777, "w": 30, "h": 26, "jsonClass": "TextRun"}, {"x": 138, "y": 1807, "w": 309, "h": 27, "jsonClass": "TextRun"}, {"x": 635, "y": 1807, "w": 67, "h": 27, "jsonClass": "TextRun"}, {"x": 75, "y": 1807, "w": 30, "h": 27, "jsonClass": "TextRun"}, {"x": 138, "y": 1838, "w": 164, "h": 26, "jsonClass": "TextRun"}, {"x": 75, "y": 1838, "w": 30, "h": 26, "jsonClass": "TextRun"}, {"x": 138, "y": 1868, "w": 245, "h": 26, "jsonClass": "TextRun"}, {"x": 75, "y": 1868, "w": 30, "h": 26, "jsonClass": "TextRun"}, {"x": 635, "y": 1868, "w": 142, "h": 26, "jsonClass": "TextRun"}, {"x": 142, "y": 1900.03125, "w": 560, "h": 24, "jsonClass": "TextRun"}, {"x": 75, "y": 1898, "w": 30, "h": 27, "jsonClass": "TextRun"}, {"x": 138, "y": 1929, "w": 494, "h": 26, "jsonClass": "TextRun"}, {"x": 75, "y": 1929, "w": 30, "h": 26, "jsonClass": "TextRun"}, {"x": 335, "y": 1959, "w": 123, "h": 26, "jsonClass": "TextRun"}, {"x": 75, "y": 2020, "w": 30, "h": 26, "jsonClass": "TextRun"}, {"x": 138, "y": 1989, "w": 106, "h": 27, "jsonClass": "TextRun"}, {"x": 75, "y": 1989, "w": 30, "h": 27, "jsonClass": "TextRun"}, {"x": 447, "y": 1989, "w": 88, "h": 27, "jsonClass": "TextRun"}, {"x": 75, "y": 1717, "w": 204, "h": 26, "jsonClass": "TextRun"}, {"x": 339, "y": 951, "w": 189, "h": 28, "jsonClass": "TextRun"}, {"x": 260, "y": 876, "w": 225, "h": 29, "jsonClass": "TextRun"}, {"x": 66, "y": 724.03125, "w": 666, "h": 66, "jsonClass": "TextRun"}, {"x": 69, "y": 425.03125, "w": 835, "h": 66, "jsonClass": "TextRun"}, {"x": 260, "y": 509, "w": 313, "h": 29, "jsonClass": "TextRun"}, {"x": 122, "y": 643, "w": 102, "h": 29, "jsonClass": "TextRun"}, {"x": 260, "y": 543, "w": 359, "h": 29, "jsonClass": "TextRun"}, {"x": 1020, "y": 899.03125, "w": 486, "h": 32, "jsonClass": "TextRun"}, {"x": 260, "y": 910, "w": 234, "h": 29, "jsonClass": "TextRun"}, {"x": 260, "y": 809, "w": 279, "h": 29, "jsonClass": "TextRun"}, {"x": 122, "y": 944, "w": 102, "h": 29, "jsonClass": "TextRun"}, {"x": 260, "y": 576, "w": 328, "h": 29, "jsonClass": "TextRun"}, {"x": 466, "y": 837, "w": 22, "h": 20, "jsonClass": "TextRun"}, {"x": 260, "y": 843, "w": 300, "h": 29, "jsonClass": "TextRun"}, {"x": 260, "y": 610, "w": 234, "h": 29, "jsonClass": "TextRun"}, {"x": 1097, "y": 1898, "w": 468, "h": 27, "jsonClass": "TextRun"}, {"x": 887, "y": 1899, "w": 184, "h": 26, "jsonClass": "TextRun"}, {"x": 887, "y": 1929, "w": 693, "h": 26, "jsonClass": "TextRun"}, {"x": 887, "y": 1959, "w": 648, "h": 26, "jsonClass": "TextRun"}, {"x": 887, "y": 1989, "w": 334, "h": 27, "jsonClass": "TextRun"}, {"x": 637, "y": 175.03125, "w": 401, "h": 40, "jsonClass": "TextRun"}, {"x": 51, "y": 2084.03125, "w": 97, "h": 30, "jsonClass": "TextRun"}, {"x": 56, "y": 2115, "w": 134, "h": 25, "jsonClass": "TextRun"}], "Field": [{"x": 939, "y": 532.03125, "w": 715.4251968503938, "h": 244, "jsonClass": "Field"}, {"x": 1000, "y": 779.9086614173228, "w": 653.3472440944884, "h": 41.04409448818899, "jsonClass": "Field"}, {"x": 75, "y": 328.3448818897638, "w": 897.9614173228347, "h": 66.65511811023617, "jsonClass": "Field"}, {"x": 75, "y": 266.2472440944882, "w": 460.4188976377952, "h": 38.752755905511776, "jsonClass": "Field"}, {"x": 1068.3023622047244, "y": 327.2669291338583, "w": 404.44724409448827, "h": 67.7330708661417, "jsonClass": "Field"}, {"x": 887, "y": 1767.388976377953, "w": 519.5220472440944, "h": 35.611023622047014, "jsonClass": "Field"}, {"x": 1436.6582677165354, "y": 1767.388976377953, "w": 173.7251968503938, "h": 69.61102362204701, "jsonClass": "Field"}, {"x": 75, "y": 1737.2527559055118, "w": 777, "h": 36.1637795275592, "jsonClass": "ChoiceField"}, {"x": 75, "y": 1776.963779527559, "w": 309, "h": 26.588976377952804, "jsonClass": "ChoiceField"}, {"x": 75, "y": 1804.03125, "w": 627, "h": 29.96875, "jsonClass": "ChoiceField"}, {"x": 75, "y": 1838, "w": 227, "h": 26, "jsonClass": "ChoiceField"}, {"x": 75, "y": 1859.5692913385828, "w": 702, "h": 35.45275590551182, "jsonClass": "ChoiceField"}, {"x": 75, "y": 1898, "w": 627, "h": 27, "jsonClass": "ChoiceField"}, {"x": 75, "y": 1929, "w": 636.6228346456693, "h": 56.42755905511831, "jsonClass": "ChoiceField"}, {"x": 75, "y": 2010.2472440944882, "w": 783.7582677165354, "h": 65.59133858267683, "jsonClass": "ChoiceField"}, {"x": 75, "y": 1980.1110236220472, "w": 460, "h": 35.88897637795276, "jsonClass": "ChoiceField"}], "Widget": [{"x": 994.8472440944882, "y": 542.2031496062992, "w": 659.5779527559056, "h": 230.23070866141734, "jsonClass": "Widget"}, {"x": 1186.6779527559056, "y": 779.9086614173228, "w": 466.6692913385827, "h": 41.04409448818898, "jsonClass": "Widget"}, {"x": 264.636220472441, "y": 328.3448818897638, "w": 708.3251968503937, "h": 37.5, "jsonClass": "Widget"}, {"x": 156.3803149606299, "y": 266.2472440944882, "w": 379.0385826771654, "h": 37.5, "jsonClass": "Widget"}, {"x": 1068.3023622047244, "y": 327.2669291338583, "w": 404.4472440944882, "h": 37.5, "jsonClass": "Widget"}, {"x": 986.3944881889763, "y": 1767.388976377953, "w": 420.1275590551181, "h": 35.452755905511815, "jsonClass": "Widget"}, {"x": 1436.6582677165354, "y": 1767.388976377953, "w": 173.7251968503937, "h": 35.452755905511815, "jsonClass": "Widget"}, {"x": 60.48582677165355, "y": 1639.9559055118111, "w": 259.50866141732286, "h": 60.944881889763785, "jsonClass": "Widget"}, {"x": 322.7724409448819, "y": 1638.8779527559054, "w": 878.9165354330709, "h": 60.944881889763785, "jsonClass": "Widget"}, {"x": 1204.1527559055119, "y": 1639.2614173228349, "w": 158.6503937007874, "h": 60.944881889763785, "jsonClass": "Widget"}, {"x": 1365.58031496063, "y": 1639.9559055118111, "w": 156.77795275590552, "h": 60.944881889763785, "jsonClass": "Widget"}, {"x": 1525.136220472441, "y": 1638.8779527559054, "w": 84.26692913385827, "h": 60.944881889763785, "jsonClass": "Widget"}, {"x": 60.758267716535435, "y": 1578.9330708661416, "w": 259.50866141732286, "h": 59.174803149606305, "jsonClass": "Widget"}, {"x": 323.044094488189, "y": 1579.6275590551181, "w": 878.9165354330709, "h": 59.174803149606305, "jsonClass": "Widget"}, {"x": 1204.4251968503936, "y": 1580.011023622047, "w": 158.6503937007874, "h": 57.40314960629921, "jsonClass": "Widget"}, {"x": 1365.852755905512, "y": 1578.9330708661416, "w": 156.77795275590552, "h": 59.174803149606305, "jsonClass": "Widget"}, {"x": 1525.4078740157481, "y": 1579.6275590551181, "w": 84.26692913385827, "h": 59.174803149606305, "jsonClass": "Widget"}, {"x": 60.06692913385827, "y": 1517.2944881889764, "w": 261.28031496062994, "h": 60.944881889763785, "jsonClass": "Widget"}, {"x": 322.3496062992126, "y": 1517.988976377953, "w": 878.9165354330709, "h": 59.17244094488189, "jsonClass": "Widget"}, {"x": 1204.044094488189, "y": 1516.9110236220472, "w": 158.6472440944882, "h": 60.944881889763785, "jsonClass": "Widget"}, {"x": 1365.1582677165354, "y": 1517.2944881889764, "w": 156.77795275590552, "h": 60.944881889763785, "jsonClass": "Widget"}, {"x": 1524.7141732283465, "y": 1517.988976377953, "w": 84.26692913385827, "h": 59.17244094488189, "jsonClass": "Widget"}, {"x": 60.063779527559056, "y": 1454.5724409448821, "w": 261.28031496062994, "h": 60.9496062992126, "jsonClass": "Widget"}, {"x": 322.0385826771653, "y": 1455.2669291338584, "w": 879.2251968503938, "h": 60.94724409448819, "jsonClass": "Widget"}, {"x": 1204.0417322834646, "y": 1455.961417322835, "w": 158.6472440944882, "h": 59.17244094488189, "jsonClass": "Widget"}, {"x": 1365.155905511811, "y": 1454.5724409448821, "w": 156.78031496062994, "h": 60.94724409448819, "jsonClass": "Widget"}, {"x": 1524.4, "y": 1455.2669291338584, "w": 84.58031496062992, "h": 60.94724409448819, "jsonClass": "Widget"}, {"x": 59.68031496062992, "y": 1395.0165354330709, "w": 261.28031496062994, "h": 59.174803149606305, "jsonClass": "Widget"}, {"x": 323.4275590551181, "y": 1395.4, "w": 878.9165354330709, "h": 57.40314960629921, "jsonClass": "Widget"}, {"x": 1203.3496062992126, "y": 1394.3220472440946, "w": 160.41968503937008, "h": 59.174803149606305, "jsonClass": "Widget"}, {"x": 1364.7748031496064, "y": 1395.0165354330709, "w": 158.5496062992126, "h": 59.174803149606305, "jsonClass": "Widget"}, {"x": 1524.0196850393702, "y": 1395.3968503937008, "w": 86.03858267716535, "h": 57.40551181102362, "jsonClass": "Widget"}, {"x": 59.68031496062992, "y": 1333.0275590551182, "w": 261.28031496062994, "h": 60.94724409448819, "jsonClass": "Widget"}, {"x": 323.044094488189, "y": 1332.2944881889764, "w": 878.9165354330709, "h": 60.9496062992126, "jsonClass": "Widget"}, {"x": 1204.427559055118, "y": 1332.68031496063, "w": 158.6472440944882, "h": 60.94724409448819, "jsonClass": "Widget"}, {"x": 1365.852755905512, "y": 1333.3748031496064, "w": 156.77795275590552, "h": 59.174803149606305, "jsonClass": "Widget"}, {"x": 1525.4078740157481, "y": 1332.2944881889764, "w": 84.26692913385827, "h": 60.9496062992126, "jsonClass": "Widget"}, {"x": 59.68346456692913, "y": 1270.3086614173228, "w": 261.2779527559055, "h": 60.63622047244095, "jsonClass": "Widget"}, {"x": 323.044094488189, "y": 1270.3086614173228, "w": 878.9165354330709, "h": 60.63622047244095, "jsonClass": "Widget"}, {"x": 1204.427559055118, "y": 1271.003149606299, "w": 158.6472440944882, "h": 60.63622047244095, "jsonClass": "Widget"}, {"x": 1365.852755905512, "y": 1271.3858267716537, "w": 156.77795275590552, "h": 60.63622047244095, "jsonClass": "Widget"}, {"x": 1525.4078740157481, "y": 1270.3086614173228, "w": 84.26692913385827, "h": 60.63622047244095, "jsonClass": "Widget"}, {"x": 60.758267716535435, "y": 1210.436220472441, "w": 259.50866141732286, "h": 58.86377952755905, "jsonClass": "Widget"}, {"x": 323.044094488189, "y": 1211.1307086614174, "w": 878.9141732283465, "h": 58.86377952755905, "jsonClass": "Widget"}, {"x": 1204.4251968503936, "y": 1210.052755905512, "w": 158.6503937007874, "h": 58.86377952755905, "jsonClass": "Widget"}, {"x": 1365.8503937007874, "y": 1210.436220472441, "w": 156.78031496062994, "h": 58.86377952755905, "jsonClass": "Widget"}, {"x": 1525.4078740157481, "y": 1211.1307086614174, "w": 84.26692913385827, "h": 58.86377952755905, "jsonClass": "Widget"}, {"x": 113.07621444220783, "y": 1160.963823441221, "w": 168.62310538286613, "h": 39.13482178342039, "jsonClass": "Widget"}, {"x": 428.9324391934971, "y": 1157.1090976946098, "w": 649.594052250778, "h": 43.50766597055825, "jsonClass": "Widget"}, {"x": 1238.945005257716, "y": 1158.1001784547357, "w": 82.22783421032621, "h": 31.43097969897198, "jsonClass": "Widget"}, {"x": 1393.4736964744168, "y": 1158.5722020641983, "w": 86.90799287970712, "h": 33.614276873149876, "jsonClass": "Widget"}, {"x": 1536.8732792610494, "y": 1157.1732593205254, "w": 49.52006028922295, "h": 34.59171873257496, "jsonClass": "Widget"}, {"x": 1542.3017111017712, "y": 1102.7444569055442, "w": 42.26833287786458, "h": 29.786229946346165, "jsonClass": "Widget"}, {"x": 1402.0769528283683, "y": 1105.9686181677453, "w": 85.70986447013108, "h": 31.81908805335753, "jsonClass": "Widget"}, {"x": 1235.9172441894873, "y": 1099.1275267527797, "w": 97.54258165850734, "h": 37.27960293242919, "jsonClass": "Widget"}, {"x": 106.61004270446912, "y": 1096.4295410482914, "w": 172.0760477435433, "h": 39.93619644442373, "jsonClass": "Widget"}, {"x": 421.2721519172792, "y": 1094.7688953283475, "w": 668.9268820609474, "h": 44.7983201772978, "jsonClass": "Widget"}, {"x": 109.91102362204725, "y": 1746.8275590551182, "w": 26.588976377952754, "h": 26.588976377952754, "jsonClass": "Widget"}, {"x": 617.6692913385828, "y": 1737.2527559055118, "w": 170.17795275590552, "h": 35.452755905511815, "jsonClass": "Widget"}, {"x": 109.91102362204725, "y": 1776.963779527559, "w": 26.588976377952754, "h": 26.588976377952754, "jsonClass": "Widget"}, {"x": 457, "y": 1804.03125, "w": 152, "h": 28, "jsonClass": "Widget"}, {"x": 111.68346456692913, "y": 1808.1055118110237, "w": 24.816535433070868, "h": 24.816535433070868, "jsonClass": "Widget"}, {"x": 111.68346456692913, "y": 1839.007874015748, "w": 24.816535433070868, "h": 24.816535433070868, "jsonClass": "Widget"}, {"x": 111.68346456692913, "y": 1869.1448818897638, "w": 24.816535433070868, "h": 24.816535433070868, "jsonClass": "Widget"}, {"x": 383.6724409448819, "y": 1859.5692913385828, "w": 253.4976377952756, "h": 35.452755905511815, "jsonClass": "Widget"}, {"x": 111.68346456692913, "y": 1899.28031496063, "w": 24.816535433070868, "h": 24.816535433070868, "jsonClass": "Widget"}, {"x": 109.91102362204725, "y": 1929.416535433071, "w": 26.588976377952754, "h": 26.588976377952754, "jsonClass": "Widget"}, {"x": 160.31102362204726, "y": 1949.9748031496065, "w": 175.49763779527558, "h": 35.452755905511815, "jsonClass": "Widget"}, {"x": 449.26141732283463, "y": 1949.9748031496065, "w": 262.36141732283465, "h": 35.452755905511815, "jsonClass": "Widget"}, {"x": 109.90866141732283, "y": 2019.825196850394, "w": 26.59212598425197, "h": 26.59212598425197, "jsonClass": "Widget"}, {"x": 160.31102362204726, "y": 2010.2472440944882, "w": 698.4472440944882, "h": 35.45511811023622, "jsonClass": "Widget"}, {"x": 160.31102362204726, "y": 2040.383464566929, "w": 698.4472440944882, "h": 35.45511811023622, "jsonClass": "Widget"}, {"x": 253.25826771653544, "y": 1980.1110236220472, "w": 195, "h": 35.452755905511815, "jsonClass": "Widget"}], "TextBlock": [{"x": 939, "y": 532.03125, "w": 30, "h": 244.0, "jsonClass": "TextBlock"}, {"x": 1000, "y": 784, "w": 206, "h": 30, "jsonClass": "TextBlock"}, {"x": 75, "y": 336, "w": 193, "h": 30, "jsonClass": "TextBlock"}, {"x": 272, "y": 370, "w": 453, "h": 25, "jsonClass": "TextBlock"}, {"x": 75, "y": 275, "w": 80, "h": 30, "jsonClass": "TextBlock"}, {"x": 1073, "y": 370, "w": 152, "h": 25, "jsonClass": "TextBlock"}, {"x": 887, "y": 1777, "w": 99, "h": 26, "jsonClass": "TextBlock"}, {"x": 1443, "y": 1811, "w": 63, "h": 26, "jsonClass": "TextBlock"}, {"x": 326, "y": 653, "w": 220, "h": 28, "jsonClass": "TextBlock"}, {"x": 1542, "y": 1063, "w": 55, "h": 22, "jsonClass": "TextBlock"}, {"x": 1398, "y": 1037, "w": 100, "h": 48, "jsonClass": "TextBlock"}, {"x": 1240, "y": 1037, "w": 93, "h": 48, "jsonClass": "TextBlock"}, {"x": 142, "y": 1037, "w": 102, "h": 48, "jsonClass": "TextBlock"}, {"x": 684, "y": 1063, "w": 140, "h": 22, "jsonClass": "TextBlock"}, {"x": 138, "y": 1747, "w": 482, "h": 26, "jsonClass": "TextBlock"}, {"x": 75, "y": 1747, "w": 30, "h": 26, "jsonClass": "TextBlock"}, {"x": 785, "y": 1747, "w": 67, "h": 26, "jsonClass": "TextBlock"}, {"x": 138, "y": 1777, "w": 246, "h": 26, "jsonClass": "TextBlock"}, {"x": 75, "y": 1777, "w": 30, "h": 26, "jsonClass": "TextBlock"}, {"x": 138, "y": 1807, "w": 309, "h": 27, "jsonClass": "TextBlock"}, {"x": 635, "y": 1807, "w": 67, "h": 27, "jsonClass": "TextBlock"}, {"x": 75, "y": 1807, "w": 30, "h": 27, "jsonClass": "TextBlock"}, {"x": 138, "y": 1838, "w": 164, "h": 26, "jsonClass": "TextBlock"}, {"x": 75, "y": 1838, "w": 30, "h": 26, "jsonClass": "TextBlock"}, {"x": 138, "y": 1868, "w": 245, "h": 26, "jsonClass": "TextBlock"}, {"x": 75, "y": 1868, "w": 30, "h": 26, "jsonClass": "TextBlock"}, {"x": 635, "y": 1868, "w": 142, "h": 26, "jsonClass": "TextBlock"}, {"x": 142, "y": 1900.03125, "w": 560, "h": 24.0, "jsonClass": "TextBlock"}, {"x": 75, "y": 1898, "w": 30, "h": 27, "jsonClass": "TextBlock"}, {"x": 138, "y": 1929, "w": 494, "h": 26, "jsonClass": "TextBlock"}, {"x": 75, "y": 1929, "w": 30, "h": 26, "jsonClass": "TextBlock"}, {"x": 335, "y": 1959, "w": 123, "h": 26, "jsonClass": "TextBlock"}, {"x": 75, "y": 2020, "w": 30, "h": 26, "jsonClass": "TextBlock"}, {"x": 138, "y": 1989, "w": 106, "h": 27, "jsonClass": "TextBlock"}, {"x": 75, "y": 1989, "w": 30, "h": 27, "jsonClass": "TextBlock"}, {"x": 447, "y": 1989, "w": 88, "h": 27, "jsonClass": "TextBlock"}, {"x": 339, "y": 951, "w": 189, "h": 28, "jsonClass": "TextBlock"}, {"x": 260, "y": 876, "w": 225, "h": 29, "jsonClass": "TextBlock"}, {"x": 66, "y": 724.03125, "w": 666, "h": 66, "jsonClass": "TextBlock"}, {"x": 69, "y": 425.03125, "w": 835, "h": 66, "jsonClass": "TextBlock"}, {"x": 260, "y": 509, "w": 313, "h": 29, "jsonClass": "TextBlock"}, {"x": 122, "y": 643, "w": 102, "h": 29, "jsonClass": "TextBlock"}, {"x": 260, "y": 543, "w": 359, "h": 29, "jsonClass": "TextBlock"}, {"x": 1020, "y": 899.03125, "w": 486, "h": 32, "jsonClass": "TextBlock"}, {"x": 260, "y": 910, "w": 234, "h": 29, "jsonClass": "TextBlock"}, {"x": 260, "y": 809, "w": 279, "h": 29, "jsonClass": "TextBlock"}, {"x": 122, "y": 944, "w": 102, "h": 29, "jsonClass": "TextBlock"}, {"x": 260, "y": 576, "w": 328, "h": 29, "jsonClass": "TextBlock"}, {"x": 260, "y": 837, "w": 300, "h": 35, "jsonClass": "TextBlock"}, {"x": 260, "y": 610, "w": 234, "h": 29, "jsonClass": "TextBlock"}, {"x": 887, "y": 1898, "w": 693, "h": 118, "jsonClass": "TextBlock"}, {"x": 51, "y": 2084.03125, "w": 97, "h": 30, "jsonClass": "TextBlock"}, {"x": 56, "y": 2115, "w": 134, "h": 25, "jsonClass": "TextBlock"}, {"x": 75, "y": 1717, "w": 204, "h": 26, "jsonClass": "ChoiceGroupTitle"}, {"x": 637, "y": 175.03125, "w": 401, "h": 40, "jsonClass": "SectionTitle"}, {"x": 585, "y": 102, "w": 514, "h": 60, "jsonClass": "HeaderTitle"}], "Table": [{"x": 57, "y": 1030.03125, "w": 1552, "h": 669.2178593182862, "jsonClass": "Table"}], "ChoiceGroup": [{"x": 55, "y": 1708.03125, "w": 815, "h": 370, "jsonClass": "ChoiceGroup"}], "ChoiceField": [{"x": 75, "y": 1737.2527559055118, "w": 777, "h": 36.1637795275592, "jsonClass": "ChoiceField"}, {"x": 75, "y": 1776.963779527559, "w": 309, "h": 26.588976377952804, "jsonClass": "ChoiceField"}, {"x": 75, "y": 1804.03125, "w": 627, "h": 29.96875, "jsonClass": "ChoiceField"}, {"x": 75, "y": 1838, "w": 227, "h": 26, "jsonClass": "ChoiceField"}, {"x": 75, "y": 1859.5692913385828, "w": 702, "h": 35.45275590551182, "jsonClass": "ChoiceField"}, {"x": 75, "y": 1898, "w": 627, "h": 27, "jsonClass": "ChoiceField"}, {"x": 75, "y": 1929, "w": 636.6228346456693, "h": 56.42755905511831, "jsonClass": "ChoiceField"}, {"x": 75, "y": 2010.2472440944882, "w": 783.7582677165354, "h": 65.59133858267683, "jsonClass": "ChoiceField"}, {"x": 75, "y": 1980.1110236220472, "w": 460, "h": 35.88897637795276, "jsonClass": "ChoiceField"}], "ChoiceGroupTitle": [{"x": 75, "y": 1717, "w": 204, "h": 26, "jsonClass": "ChoiceGroupTitle"}]}