{"TextBlock": [{"x": 1023, "y": 81, "w": 234, "h": 52, "jsonClass": "TextBlock"}, {"x": 703, "y": 2124, "w": 469, "h": 22, "jsonClass": "TextBlock"}, {"x": 319, "y": 67, "w": 422, "h": 25, "jsonClass": "TextBlock"}, {"x": 285, "y": 95, "w": 491, "h": 25, "jsonClass": "TextBlock"}, {"x": 1345, "y": 74, "w": 239, "h": 25, "jsonClass": "TextBlock"}, {"x": 1334, "y": 102, "w": 261, "h": 25, "jsonClass": "TextBlock"}, {"x": 74, "y": 504, "w": 704, "h": 44, "jsonClass": "TextBlock"}, {"x": 1154, "y": 225, "w": 3.8748031496063504, "h": 39, "jsonClass": "TextBlock"}, {"x": 914, "y": 410, "w": 220.37795275590565, "h": 22, "jsonClass": "TextBlock"}, {"x": 988, "y": 169, "w": 266, "h": 35, "jsonClass": "TextBlock"}, {"x": 914, "y": 363, "w": 297.0, "h": 22, "jsonClass": "TextBlock"}, {"x": 914, "y": 474, "w": 183, "h": 22, "jsonClass": "TextBlock"}, {"x": 63, "y": 304, "w": 783, "h": 47, "jsonClass": "TextBlock"}, {"x": 914, "y": 314, "w": 288.0, "h": 22, "jsonClass": "TextBlock"}, {"x": 814, "y": 504, "w": 213, "h": 22, "jsonClass": "TextBlock"}, {"x": 1164, "y": 504, "w": 442, "h": 22, "jsonClass": "TextBlock"}, {"x": 64, "y": 225, "w": 5.788976377952764, "h": 39, "jsonClass": "TextBlock"}, {"x": 654, "y": 179, "w": 33, "h": 22, "jsonClass": "TextBlock"}, {"x": 759, "y": 179, "w": 30, "h": 22, "jsonClass": "TextBlock"}, {"x": 847, "y": 169, "w": 122, "h": 45, "jsonClass": "TextBlock"}, {"x": 132, "y": 744, "w": 34, "h": 22, "jsonClass": "TextBlock"}, {"x": 238, "y": 746, "w": 30, "h": 22, "jsonClass": "TextBlock"}, {"x": 473, "y": 639, "w": 311, "h": 21, "jsonClass": "TextBlock"}, {"x": 973, "y": 639, "w": 160, "h": 21, "jsonClass": "TextBlock"}, {"x": 173, "y": 639, "w": 161, "h": 21, "jsonClass": "TextBlock"}, {"x": 1273, "y": 639, "w": 282, "h": 21, "jsonClass": "TextBlock"}, {"x": 1324, "y": 998, "w": 21, "h": 22, "jsonClass": "TextBlock"}, {"x": 1388, "y": 988, "w": 146, "h": 22, "jsonClass": "TextBlock"}, {"x": 1324, "y": 1031, "w": 21, "h": 22, "jsonClass": "TextBlock"}, {"x": 1388, "y": 1026, "w": 149, "h": 22, "jsonClass": "TextBlock"}, {"x": 1324, "y": 1065, "w": 21, "h": 22, "jsonClass": "TextBlock"}, {"x": 1388, "y": 1062, "w": 112, "h": 22, "jsonClass": "TextBlock"}, {"x": 1324, "y": 1098, "w": 16, "h": 22, "jsonClass": "TextBlock"}, {"x": 1390, "y": 1096, "w": 191, "h": 22, "jsonClass": "TextBlock"}, {"x": 58, "y": 1129.03125, "w": 1572, "h": 73.0, "jsonClass": "TextBlock"}, {"x": 1158, "y": 819, "w": 473, "h": 42, "jsonClass": "TextBlock"}, {"x": 64, "y": 813, "w": 670, "h": 40, "jsonClass": "TextBlock"}, {"x": 67, "y": 1968, "w": 232, "h": 17, "jsonClass": "TextBlock"}, {"x": 934, "y": 817, "w": 153, "h": 43, "jsonClass": "TextBlock"}, {"x": 946, "y": 1992, "w": 45, "h": 22, "jsonClass": "TextBlock"}, {"x": 1073, "y": 1993, "w": 68, "h": 22, "jsonClass": "TextBlock"}, {"x": 126, "y": 2051, "w": 208, "h": 48, "jsonClass": "TextBlock"}, {"x": 56, "y": 2066, "w": 16, "h": 22, "jsonClass": "TextBlock"}, {"x": 426, "y": 2064, "w": 61, "h": 22, "jsonClass": "TextBlock"}, {"x": 348, "y": 2056.03125, "w": 19, "h": 36, "jsonClass": "TextBlock"}, {"x": 500, "y": 2063, "w": 16, "h": 22, "jsonClass": "TextBlock"}, {"x": 572, "y": 2051, "w": 178, "h": 48, "jsonClass": "TextBlock"}, {"x": 779, "y": 2066, "w": 16, "h": 22, "jsonClass": "TextBlock"}, {"x": 855, "y": 2064, "w": 60, "h": 22, "jsonClass": "TextBlock"}, {"x": 963, "y": 2065, "w": 16, "h": 22, "jsonClass": "TextBlock"}, {"x": 1036, "y": 2051, "w": 201, "h": 48, "jsonClass": "TextBlock"}, {"x": 1322, "y": 2051, "w": 118, "h": 48, "jsonClass": "TextBlock"}, {"x": 1504, "y": 2051, "w": 134, "h": 48, "jsonClass": "TextBlock"}, {"x": 69, "y": 990, "w": 21, "h": 22, "jsonClass": "TextBlock"}, {"x": 140, "y": 993, "w": 107, "h": 22, "jsonClass": "TextBlock"}, {"x": 69, "y": 1040, "w": 21, "h": 22, "jsonClass": "TextBlock"}, {"x": 140, "y": 1044, "w": 219, "h": 23, "jsonClass": "TextBlock"}, {"x": 69, "y": 1090, "w": 16, "h": 22, "jsonClass": "TextBlock"}, {"x": 140, "y": 1087, "w": 194, "h": 23, "jsonClass": "TextBlock"}, {"x": 414, "y": 990, "w": 21, "h": 22, "jsonClass": "TextBlock"}, {"x": 480, "y": 986, "w": 274, "h": 23, "jsonClass": "TextBlock"}, {"x": 414, "y": 1040, "w": 21, "h": 22, "jsonClass": "TextBlock"}, {"x": 480, "y": 1047, "w": 280, "h": 22, "jsonClass": "TextBlock"}, {"x": 414, "y": 1090, "w": 16, "h": 22, "jsonClass": "TextBlock"}, {"x": 480, "y": 1097, "w": 193, "h": 22, "jsonClass": "TextBlock"}, {"x": 798, "y": 990, "w": 20, "h": 22, "jsonClass": "TextBlock"}, {"x": 873, "y": 984, "w": 84, "h": 22, "jsonClass": "TextBlock"}, {"x": 798, "y": 1040, "w": 20, "h": 22, "jsonClass": "TextBlock"}, {"x": 873, "y": 1040, "w": 101, "h": 22, "jsonClass": "TextBlock"}, {"x": 798, "y": 1090, "w": 16, "h": 22, "jsonClass": "TextBlock"}, {"x": 869, "y": 1090, "w": 144, "h": 22, "jsonClass": "TextBlock"}, {"x": 1043, "y": 990, "w": 21, "h": 22, "jsonClass": "TextBlock"}, {"x": 1116, "y": 991, "w": 111, "h": 22, "jsonClass": "TextBlock"}, {"x": 1043, "y": 1040, "w": 21, "h": 22, "jsonClass": "TextBlock"}, {"x": 1116, "y": 1039, "w": 151, "h": 22, "jsonClass": "TextBlock"}, {"x": 1043, "y": 1090, "w": 16, "h": 22, "jsonClass": "TextBlock"}, {"x": 1116, "y": 1089, "w": 138, "h": 23, "jsonClass": "TextBlock"}, {"x": 1125, "y": 1368, "w": 413, "h": 17, "jsonClass": "TextBlock"}, {"x": 1125, "y": 1435, "w": 279, "h": 17, "jsonClass": "TextBlock"}, {"x": 144, "y": 1392, "w": 140, "h": 22, "jsonClass": "TextBlock"}, {"x": 62, "y": 1388, "w": 16, "h": 22, "jsonClass": "TextBlock"}, {"x": 62, "y": 1426, "w": 19, "h": 23, "jsonClass": "TextBlock"}, {"x": 144, "y": 1432, "w": 212, "h": 22, "jsonClass": "TextBlock"}, {"x": 62, "y": 1465, "w": 19, "h": 23, "jsonClass": "TextBlock"}, {"x": 144, "y": 1468, "w": 236, "h": 22, "jsonClass": "TextBlock"}, {"x": 62, "y": 1504, "w": 19, "h": 22, "jsonClass": "TextBlock"}, {"x": 144, "y": 1506, "w": 145, "h": 22, "jsonClass": "TextBlock"}, {"x": 62, "y": 1543, "w": 19, "h": 22, "jsonClass": "TextBlock"}, {"x": 144, "y": 1544, "w": 163, "h": 22, "jsonClass": "TextBlock"}, {"x": 62, "y": 1582, "w": 19, "h": 22, "jsonClass": "TextBlock"}, {"x": 144, "y": 1580, "w": 173, "h": 22, "jsonClass": "TextBlock"}, {"x": 62, "y": 1621, "w": 19, "h": 22, "jsonClass": "TextBlock"}, {"x": 144, "y": 1616, "w": 188, "h": 22, "jsonClass": "TextBlock"}, {"x": 62, "y": 1660, "w": 19, "h": 22, "jsonClass": "TextBlock"}, {"x": 144, "y": 1654, "w": 75, "h": 22, "jsonClass": "TextBlock"}, {"x": 62, "y": 1699, "w": 19, "h": 22, "jsonClass": "TextBlock"}, {"x": 144, "y": 1694, "w": 141, "h": 22, "jsonClass": "TextBlock"}, {"x": 62, "y": 1738, "w": 31, "h": 22, "jsonClass": "TextBlock"}, {"x": 144, "y": 1734, "w": 298, "h": 22, "jsonClass": "TextBlock"}, {"x": 62, "y": 1776, "w": 31, "h": 23, "jsonClass": "TextBlock"}, {"x": 144, "y": 1770, "w": 287, "h": 22, "jsonClass": "TextBlock"}, {"x": 62, "y": 1815, "w": 31, "h": 23, "jsonClass": "TextBlock"}, {"x": 144, "y": 1810, "w": 199, "h": 22, "jsonClass": "TextBlock"}, {"x": 62, "y": 1854, "w": 31, "h": 22, "jsonClass": "TextBlock"}, {"x": 144, "y": 1852, "w": 267, "h": 22, "jsonClass": "TextBlock"}, {"x": 62, "y": 1893, "w": 31, "h": 22, "jsonClass": "TextBlock"}, {"x": 144, "y": 1884, "w": 80, "h": 36, "jsonClass": "TextBlock"}, {"x": 662, "y": 1388, "w": 288, "h": 23, "jsonClass": "TextBlock"}, {"x": 662, "y": 1426, "w": 409, "h": 23, "jsonClass": "TextBlock"}, {"x": 662, "y": 1465, "w": 25, "h": 23, "jsonClass": "TextBlock"}, {"x": 748, "y": 1465, "w": 124, "h": 23, "jsonClass": "TextBlock"}, {"x": 662, "y": 1504, "w": 25, "h": 22, "jsonClass": "TextBlock"}, {"x": 748, "y": 1499, "w": 185, "h": 23, "jsonClass": "TextBlock"}, {"x": 662, "y": 1543, "w": 25, "h": 22, "jsonClass": "TextBlock"}, {"x": 748, "y": 1537, "w": 340, "h": 22, "jsonClass": "TextBlock"}, {"x": 662, "y": 1582, "w": 25, "h": 22, "jsonClass": "TextBlock"}, {"x": 749, "y": 1577, "w": 233, "h": 22, "jsonClass": "TextBlock"}, {"x": 662, "y": 1621, "w": 25, "h": 22, "jsonClass": "TextBlock"}, {"x": 748, "y": 1615, "w": 185, "h": 22, "jsonClass": "TextBlock"}, {"x": 662, "y": 1660, "w": 25, "h": 22, "jsonClass": "TextBlock"}, {"x": 748, "y": 1659, "w": 200, "h": 23, "jsonClass": "TextBlock"}, {"x": 662, "y": 1699, "w": 25, "h": 22, "jsonClass": "TextBlock"}, {"x": 748, "y": 1697, "w": 321, "h": 22, "jsonClass": "TextBlock"}, {"x": 662, "y": 1738, "w": 37, "h": 22, "jsonClass": "TextBlock"}, {"x": 748, "y": 1737, "w": 179, "h": 22, "jsonClass": "TextBlock"}, {"x": 662, "y": 1776, "w": 37, "h": 23, "jsonClass": "TextBlock"}, {"x": 748, "y": 1773, "w": 292, "h": 22, "jsonClass": "TextBlock"}, {"x": 662, "y": 1815, "w": 37, "h": 23, "jsonClass": "TextBlock"}, {"x": 748, "y": 1810, "w": 67, "h": 23, "jsonClass": "TextBlock"}, {"x": 662, "y": 1854, "w": 37, "h": 22, "jsonClass": "TextBlock"}, {"x": 748, "y": 1850, "w": 190, "h": 23, "jsonClass": "TextBlock"}, {"x": 662, "y": 1893, "w": 37, "h": 22, "jsonClass": "TextBlock"}, {"x": 748, "y": 1888, "w": 223, "h": 23, "jsonClass": "TextBlock"}, {"x": 662, "y": 1932, "w": 31, "h": 22, "jsonClass": "TextBlock"}, {"x": 746, "y": 1925, "w": 148, "h": 22, "jsonClass": "TextBlock"}, {"x": 1126, "y": 1539, "w": 21, "h": 22, "jsonClass": "TextBlock"}, {"x": 1203, "y": 1541, "w": 134, "h": 22, "jsonClass": "TextBlock"}, {"x": 1126, "y": 1584, "w": 21, "h": 22, "jsonClass": "TextBlock"}, {"x": 1203, "y": 1585, "w": 112, "h": 22, "jsonClass": "TextBlock"}, {"x": 1126, "y": 1628, "w": 21, "h": 22, "jsonClass": "TextBlock"}, {"x": 1203, "y": 1629, "w": 119, "h": 22, "jsonClass": "TextBlock"}, {"x": 1126, "y": 1673, "w": 21, "h": 22, "jsonClass": "TextBlock"}, {"x": 1203, "y": 1671, "w": 189, "h": 22, "jsonClass": "TextBlock"}, {"x": 1126, "y": 1717, "w": 21, "h": 22, "jsonClass": "TextBlock"}, {"x": 1203, "y": 1715, "w": 195, "h": 23, "jsonClass": "TextBlock"}, {"x": 1126, "y": 1761, "w": 21, "h": 23, "jsonClass": "TextBlock"}, {"x": 1203, "y": 1757, "w": 260, "h": 23, "jsonClass": "TextBlock"}, {"x": 1126, "y": 1806, "w": 21, "h": 22, "jsonClass": "TextBlock"}, {"x": 1203, "y": 1799, "w": 129, "h": 23, "jsonClass": "TextBlock"}, {"x": 1126, "y": 1850, "w": 16, "h": 23, "jsonClass": "TextBlock"}, {"x": 1203, "y": 1841, "w": 140, "h": 23, "jsonClass": "TextBlock"}, {"x": 69, "y": 2120, "w": 332, "h": 22, "jsonClass": "TextBlock"}, {"x": 486, "y": 177, "w": 124, "h": 23, "jsonClass": "ChoiceGroupTitle"}, {"x": 74, "y": 714, "w": 1511, "h": 61, "jsonClass": "ChoiceGroupTitle"}, {"x": 1324, "y": 965, "w": 202, "h": 22, "jsonClass": "ChoiceGroupTitle"}, {"x": 904, "y": 1964, "w": 110, "h": 22, "jsonClass": "ChoiceGroupTitle"}, {"x": 60, "y": 2029, "w": 383, "h": 22, "jsonClass": "ChoiceGroupTitle"}, {"x": 1279, "y": 2029, "w": 133, "h": 22, "jsonClass": "ChoiceGroupTitle"}, {"x": 69, "y": 965, "w": 183, "h": 22, "jsonClass": "ChoiceGroupTitle"}, {"x": 1043, "y": 965, "w": 202, "h": 22, "jsonClass": "ChoiceGroupTitle"}, {"x": 62, "y": 1368, "w": 280, "h": 22, "jsonClass": "ChoiceGroupTitle"}, {"x": 662, "y": 1368, "w": 244, "h": 22, "jsonClass": "ChoiceGroupTitle"}, {"x": 1127, "y": 1501, "w": 184, "h": 22, "jsonClass": "ChoiceGroupTitle"}, {"x": 73, "y": 599, "w": 1070, "h": 22, "jsonClass": "SectionTitle"}, {"x": 64, "y": 178, "w": 407, "h": 25, "jsonClass": "SectionTitle"}, {"x": 496, "y": 935, "w": 707, "h": 22, "jsonClass": "SectionTitle"}, {"x": 55, "y": 1297.03125, "w": 1559, "h": 43, "jsonClass": "SectionTitle"}, {"x": 538, "y": 784, "w": 637, "h": 23, "jsonClass": "SectionTitle"}, {"x": 240, "y": 123, "w": 585, "h": 27, "jsonClass": "HeaderTitle"}], "TextRun": [{"x": 1058, "y": 81, "w": 164, "h": 25, "jsonClass": "TextRun"}, {"x": 1023, "y": 108, "w": 234, "h": 25, "jsonClass": "TextRun"}, {"x": 703, "y": 2124, "w": 469, "h": 22, "jsonClass": "TextRun"}, {"x": 319, "y": 67, "w": 422, "h": 25, "jsonClass": "TextRun"}, {"x": 285, "y": 95, "w": 491, "h": 25, "jsonClass": "TextRun"}, {"x": 1345, "y": 74, "w": 239, "h": 25, "jsonClass": "TextRun"}, {"x": 1334, "y": 102, "w": 261, "h": 25, "jsonClass": "TextRun"}, {"x": 74, "y": 504, "w": 704, "h": 22, "jsonClass": "TextRun"}, {"x": 74, "y": 526, "w": 525, "h": 22, "jsonClass": "TextRun"}, {"x": 1154, "y": 225, "w": 3.8748031496063504, "h": 25, "jsonClass": "TextRun"}, {"x": 1154, "y": 247, "w": 3.8748031496063504, "h": 17, "jsonClass": "TextRun"}, {"x": 914, "y": 410, "w": 106, "h": 22, "jsonClass": "TextRun"}, {"x": 1114, "y": 410, "w": 20.377952755905653, "h": 22, "jsonClass": "TextRun"}, {"x": 988, "y": 169, "w": 266, "h": 25, "jsonClass": "TextRun"}, {"x": 988, "y": 199, "w": 55, "h": 5, "jsonClass": "TextRun"}, {"x": 914, "y": 363, "w": 220.37795275590565, "h": 22, "jsonClass": "TextRun"}, {"x": 1192.1251968503939, "y": 363, "w": 18.874803149606123, "h": 22, "jsonClass": "TextRun"}, {"x": 914, "y": 474, "w": 183, "h": 22, "jsonClass": "TextRun"}, {"x": 63, "y": 304, "w": 783, "h": 25, "jsonClass": "TextRun"}, {"x": 63, "y": 326, "w": 202, "h": 25, "jsonClass": "TextRun"}, {"x": 914, "y": 314, "w": 195, "h": 22, "jsonClass": "TextRun"}, {"x": 1114, "y": 314, "w": 20.377952755905653, "h": 22, "jsonClass": "TextRun"}, {"x": 1192.1251968503939, "y": 314, "w": 9.874803149606123, "h": 22, "jsonClass": "TextRun"}, {"x": 814, "y": 504, "w": 213, "h": 22, "jsonClass": "TextRun"}, {"x": 1164, "y": 504, "w": 213, "h": 22, "jsonClass": "TextRun"}, {"x": 1377, "y": 504, "w": 229, "h": 22, "jsonClass": "TextRun"}, {"x": 64, "y": 225, "w": 5.788976377952764, "h": 25, "jsonClass": "TextRun"}, {"x": 64, "y": 247, "w": 5.788976377952764, "h": 17, "jsonClass": "TextRun"}, {"x": 654, "y": 179, "w": 33, "h": 22, "jsonClass": "TextRun"}, {"x": 759, "y": 179, "w": 30, "h": 22, "jsonClass": "TextRun"}, {"x": 847, "y": 169, "w": 122, "h": 23, "jsonClass": "TextRun"}, {"x": 847, "y": 192, "w": 91, "h": 22, "jsonClass": "TextRun"}, {"x": 486, "y": 177, "w": 124, "h": 23, "jsonClass": "TextRun"}, {"x": 132, "y": 744, "w": 34, "h": 22, "jsonClass": "TextRun"}, {"x": 238, "y": 746, "w": 30, "h": 22, "jsonClass": "TextRun"}, {"x": 74, "y": 714, "w": 340, "h": 23, "jsonClass": "TextRun"}, {"x": 414, "y": 714, "w": 435, "h": 23, "jsonClass": "TextRun"}, {"x": 849, "y": 714, "w": 736, "h": 23, "jsonClass": "TextRun"}, {"x": 74, "y": 741, "w": 110, "h": 22, "jsonClass": "TextRun"}, {"x": 307, "y": 768, "w": 684, "h": 7, "jsonClass": "TextRun"}, {"x": 473, "y": 639, "w": 311, "h": 21, "jsonClass": "TextRun"}, {"x": 973, "y": 639, "w": 160, "h": 21, "jsonClass": "TextRun"}, {"x": 173, "y": 639, "w": 161, "h": 21, "jsonClass": "TextRun"}, {"x": 1273, "y": 639, "w": 282, "h": 21, "jsonClass": "TextRun"}, {"x": 73, "y": 599, "w": 1070, "h": 22, "jsonClass": "TextRun"}, {"x": 64, "y": 178, "w": 407, "h": 25, "jsonClass": "TextRun"}, {"x": 1324, "y": 998, "w": 21, "h": 22, "jsonClass": "TextRun"}, {"x": 1388, "y": 988, "w": 146, "h": 22, "jsonClass": "TextRun"}, {"x": 1324, "y": 1031, "w": 21, "h": 22, "jsonClass": "TextRun"}, {"x": 1388, "y": 1026, "w": 149, "h": 22, "jsonClass": "TextRun"}, {"x": 1324, "y": 1065, "w": 21, "h": 22, "jsonClass": "TextRun"}, {"x": 1388, "y": 1062, "w": 112, "h": 22, "jsonClass": "TextRun"}, {"x": 1324, "y": 1098, "w": 16, "h": 22, "jsonClass": "TextRun"}, {"x": 1390, "y": 1096, "w": 191, "h": 22, "jsonClass": "TextRun"}, {"x": 1324, "y": 965, "w": 202, "h": 22, "jsonClass": "TextRun"}, {"x": 58, "y": 1129.03125, "w": 1572, "h": 73, "jsonClass": "TextRun"}, {"x": 1158, "y": 819, "w": 473, "h": 22, "jsonClass": "TextRun"}, {"x": 1158, "y": 841, "w": 94, "h": 20, "jsonClass": "TextRun"}, {"x": 64, "y": 813, "w": 670, "h": 25, "jsonClass": "TextRun"}, {"x": 64, "y": 835, "w": 2.614173228346459, "h": 18, "jsonClass": "TextRun"}, {"x": 67, "y": 1968, "w": 232, "h": 17, "jsonClass": "TextRun"}, {"x": 934, "y": 817, "w": 119, "h": 22, "jsonClass": "TextRun"}, {"x": 934, "y": 839, "w": 153, "h": 21, "jsonClass": "TextRun"}, {"x": 946, "y": 1992, "w": 45, "h": 22, "jsonClass": "TextRun"}, {"x": 1073, "y": 1993, "w": 68, "h": 22, "jsonClass": "TextRun"}, {"x": 904, "y": 1964, "w": 110, "h": 22, "jsonClass": "TextRun"}, {"x": 126, "y": 2051, "w": 208, "h": 22, "jsonClass": "TextRun"}, {"x": 126, "y": 2077, "w": 162, "h": 22, "jsonClass": "TextRun"}, {"x": 56, "y": 2066, "w": 16, "h": 22, "jsonClass": "TextRun"}, {"x": 426, "y": 2064, "w": 61, "h": 22, "jsonClass": "TextRun"}, {"x": 348, "y": 2056.03125, "w": 19, "h": 36, "jsonClass": "TextRun"}, {"x": 500, "y": 2063, "w": 16, "h": 22, "jsonClass": "TextRun"}, {"x": 572, "y": 2051, "w": 178, "h": 22, "jsonClass": "TextRun"}, {"x": 572, "y": 2077, "w": 101, "h": 22, "jsonClass": "TextRun"}, {"x": 779, "y": 2066, "w": 16, "h": 22, "jsonClass": "TextRun"}, {"x": 855, "y": 2064, "w": 60, "h": 22, "jsonClass": "TextRun"}, {"x": 963, "y": 2065, "w": 16, "h": 22, "jsonClass": "TextRun"}, {"x": 1036, "y": 2051, "w": 201, "h": 22, "jsonClass": "TextRun"}, {"x": 1036, "y": 2077, "w": 170, "h": 22, "jsonClass": "TextRun"}, {"x": 60, "y": 2029, "w": 383, "h": 22, "jsonClass": "TextRun"}, {"x": 1322, "y": 2051, "w": 118, "h": 22, "jsonClass": "TextRun"}, {"x": 1322, "y": 2077, "w": 75, "h": 22, "jsonClass": "TextRun"}, {"x": 1504, "y": 2051, "w": 134, "h": 22, "jsonClass": "TextRun"}, {"x": 1504, "y": 2077, "w": 99, "h": 22, "jsonClass": "TextRun"}, {"x": 1279, "y": 2029, "w": 133, "h": 22, "jsonClass": "TextRun"}, {"x": 69, "y": 990, "w": 21, "h": 22, "jsonClass": "TextRun"}, {"x": 140, "y": 993, "w": 107, "h": 22, "jsonClass": "TextRun"}, {"x": 69, "y": 1040, "w": 21, "h": 22, "jsonClass": "TextRun"}, {"x": 140, "y": 1044, "w": 219, "h": 23, "jsonClass": "TextRun"}, {"x": 69, "y": 1090, "w": 16, "h": 22, "jsonClass": "TextRun"}, {"x": 140, "y": 1087, "w": 194, "h": 23, "jsonClass": "TextRun"}, {"x": 414, "y": 990, "w": 21, "h": 22, "jsonClass": "TextRun"}, {"x": 480, "y": 986, "w": 274, "h": 23, "jsonClass": "TextRun"}, {"x": 414, "y": 1040, "w": 21, "h": 22, "jsonClass": "TextRun"}, {"x": 480, "y": 1047, "w": 280, "h": 22, "jsonClass": "TextRun"}, {"x": 414, "y": 1090, "w": 16, "h": 22, "jsonClass": "TextRun"}, {"x": 480, "y": 1097, "w": 193, "h": 22, "jsonClass": "TextRun"}, {"x": 798, "y": 990, "w": 20, "h": 22, "jsonClass": "TextRun"}, {"x": 873, "y": 984, "w": 84, "h": 22, "jsonClass": "TextRun"}, {"x": 798, "y": 1040, "w": 20, "h": 22, "jsonClass": "TextRun"}, {"x": 873, "y": 1040, "w": 101, "h": 22, "jsonClass": "TextRun"}, {"x": 798, "y": 1090, "w": 16, "h": 22, "jsonClass": "TextRun"}, {"x": 869, "y": 1090, "w": 144, "h": 22, "jsonClass": "TextRun"}, {"x": 69, "y": 965, "w": 183, "h": 22, "jsonClass": "TextRun"}, {"x": 1043, "y": 990, "w": 21, "h": 22, "jsonClass": "TextRun"}, {"x": 1116, "y": 991, "w": 111, "h": 22, "jsonClass": "TextRun"}, {"x": 1043, "y": 1040, "w": 21, "h": 22, "jsonClass": "TextRun"}, {"x": 1116, "y": 1039, "w": 151, "h": 22, "jsonClass": "TextRun"}, {"x": 1043, "y": 1090, "w": 16, "h": 22, "jsonClass": "TextRun"}, {"x": 1116, "y": 1089, "w": 138, "h": 23, "jsonClass": "TextRun"}, {"x": 1043, "y": 965, "w": 202, "h": 22, "jsonClass": "TextRun"}, {"x": 496, "y": 935, "w": 707, "h": 22, "jsonClass": "TextRun"}, {"x": 1125, "y": 1368, "w": 413, "h": 17, "jsonClass": "TextRun"}, {"x": 1125, "y": 1435, "w": 279, "h": 17, "jsonClass": "TextRun"}, {"x": 144, "y": 1392, "w": 140, "h": 22, "jsonClass": "TextRun"}, {"x": 62, "y": 1388, "w": 16, "h": 22, "jsonClass": "TextRun"}, {"x": 62, "y": 1426, "w": 19, "h": 23, "jsonClass": "TextRun"}, {"x": 144, "y": 1432, "w": 212, "h": 22, "jsonClass": "TextRun"}, {"x": 62, "y": 1465, "w": 19, "h": 23, "jsonClass": "TextRun"}, {"x": 144, "y": 1468, "w": 236, "h": 22, "jsonClass": "TextRun"}, {"x": 62, "y": 1504, "w": 19, "h": 22, "jsonClass": "TextRun"}, {"x": 144, "y": 1506, "w": 145, "h": 22, "jsonClass": "TextRun"}, {"x": 62, "y": 1543, "w": 19, "h": 22, "jsonClass": "TextRun"}, {"x": 144, "y": 1544, "w": 163, "h": 22, "jsonClass": "TextRun"}, {"x": 62, "y": 1582, "w": 19, "h": 22, "jsonClass": "TextRun"}, {"x": 144, "y": 1580, "w": 173, "h": 22, "jsonClass": "TextRun"}, {"x": 62, "y": 1621, "w": 19, "h": 22, "jsonClass": "TextRun"}, {"x": 144, "y": 1616, "w": 188, "h": 22, "jsonClass": "TextRun"}, {"x": 62, "y": 1660, "w": 19, "h": 22, "jsonClass": "TextRun"}, {"x": 144, "y": 1654, "w": 75, "h": 22, "jsonClass": "TextRun"}, {"x": 62, "y": 1699, "w": 19, "h": 22, "jsonClass": "TextRun"}, {"x": 144, "y": 1694, "w": 141, "h": 22, "jsonClass": "TextRun"}, {"x": 62, "y": 1738, "w": 31, "h": 22, "jsonClass": "TextRun"}, {"x": 144, "y": 1734, "w": 298, "h": 22, "jsonClass": "TextRun"}, {"x": 62, "y": 1776, "w": 31, "h": 23, "jsonClass": "TextRun"}, {"x": 144, "y": 1770, "w": 287, "h": 22, "jsonClass": "TextRun"}, {"x": 62, "y": 1815, "w": 31, "h": 23, "jsonClass": "TextRun"}, {"x": 144, "y": 1810, "w": 199, "h": 22, "jsonClass": "TextRun"}, {"x": 62, "y": 1854, "w": 31, "h": 22, "jsonClass": "TextRun"}, {"x": 144, "y": 1852, "w": 267, "h": 22, "jsonClass": "TextRun"}, {"x": 62, "y": 1893, "w": 31, "h": 22, "jsonClass": "TextRun"}, {"x": 144, "y": 1884, "w": 69, "h": 23, "jsonClass": "TextRun"}, {"x": 144, "y": 1911, "w": 80, "h": 9, "jsonClass": "TextRun"}, {"x": 62, "y": 1368, "w": 280, "h": 22, "jsonClass": "TextRun"}, {"x": 662, "y": 1388, "w": 21, "h": 22, "jsonClass": "TextRun"}, {"x": 748, "y": 1389, "w": 202, "h": 22, "jsonClass": "TextRun"}, {"x": 662, "y": 1426, "w": 31, "h": 23, "jsonClass": "TextRun"}, {"x": 748, "y": 1427, "w": 323, "h": 22, "jsonClass": "TextRun"}, {"x": 662, "y": 1465, "w": 25, "h": 23, "jsonClass": "TextRun"}, {"x": 748, "y": 1465, "w": 124, "h": 23, "jsonClass": "TextRun"}, {"x": 662, "y": 1504, "w": 25, "h": 22, "jsonClass": "TextRun"}, {"x": 748, "y": 1499, "w": 185, "h": 23, "jsonClass": "TextRun"}, {"x": 662, "y": 1543, "w": 25, "h": 22, "jsonClass": "TextRun"}, {"x": 748, "y": 1537, "w": 340, "h": 22, "jsonClass": "TextRun"}, {"x": 662, "y": 1582, "w": 25, "h": 22, "jsonClass": "TextRun"}, {"x": 749, "y": 1577, "w": 233, "h": 22, "jsonClass": "TextRun"}, {"x": 662, "y": 1621, "w": 25, "h": 22, "jsonClass": "TextRun"}, {"x": 748, "y": 1615, "w": 185, "h": 22, "jsonClass": "TextRun"}, {"x": 662, "y": 1660, "w": 25, "h": 22, "jsonClass": "TextRun"}, {"x": 748, "y": 1659, "w": 200, "h": 23, "jsonClass": "TextRun"}, {"x": 662, "y": 1699, "w": 25, "h": 22, "jsonClass": "TextRun"}, {"x": 748, "y": 1697, "w": 321, "h": 22, "jsonClass": "TextRun"}, {"x": 662, "y": 1738, "w": 37, "h": 22, "jsonClass": "TextRun"}, {"x": 748, "y": 1737, "w": 179, "h": 22, "jsonClass": "TextRun"}, {"x": 662, "y": 1776, "w": 37, "h": 23, "jsonClass": "TextRun"}, {"x": 748, "y": 1773, "w": 292, "h": 22, "jsonClass": "TextRun"}, {"x": 662, "y": 1815, "w": 37, "h": 23, "jsonClass": "TextRun"}, {"x": 748, "y": 1810, "w": 67, "h": 23, "jsonClass": "TextRun"}, {"x": 662, "y": 1854, "w": 37, "h": 22, "jsonClass": "TextRun"}, {"x": 748, "y": 1850, "w": 190, "h": 23, "jsonClass": "TextRun"}, {"x": 662, "y": 1893, "w": 37, "h": 22, "jsonClass": "TextRun"}, {"x": 748, "y": 1888, "w": 223, "h": 23, "jsonClass": "TextRun"}, {"x": 662, "y": 1932, "w": 31, "h": 22, "jsonClass": "TextRun"}, {"x": 746, "y": 1925, "w": 148, "h": 22, "jsonClass": "TextRun"}, {"x": 662, "y": 1368, "w": 244, "h": 22, "jsonClass": "TextRun"}, {"x": 1126, "y": 1539, "w": 21, "h": 22, "jsonClass": "TextRun"}, {"x": 1203, "y": 1541, "w": 134, "h": 22, "jsonClass": "TextRun"}, {"x": 1126, "y": 1584, "w": 21, "h": 22, "jsonClass": "TextRun"}, {"x": 1203, "y": 1585, "w": 112, "h": 22, "jsonClass": "TextRun"}, {"x": 1126, "y": 1628, "w": 21, "h": 22, "jsonClass": "TextRun"}, {"x": 1203, "y": 1629, "w": 119, "h": 22, "jsonClass": "TextRun"}, {"x": 1126, "y": 1673, "w": 21, "h": 22, "jsonClass": "TextRun"}, {"x": 1203, "y": 1671, "w": 189, "h": 22, "jsonClass": "TextRun"}, {"x": 1126, "y": 1717, "w": 21, "h": 22, "jsonClass": "TextRun"}, {"x": 1203, "y": 1715, "w": 195, "h": 23, "jsonClass": "TextRun"}, {"x": 1126, "y": 1761, "w": 21, "h": 23, "jsonClass": "TextRun"}, {"x": 1203, "y": 1757, "w": 260, "h": 23, "jsonClass": "TextRun"}, {"x": 1126, "y": 1806, "w": 21, "h": 22, "jsonClass": "TextRun"}, {"x": 1203, "y": 1799, "w": 129, "h": 23, "jsonClass": "TextRun"}, {"x": 1126, "y": 1850, "w": 16, "h": 23, "jsonClass": "TextRun"}, {"x": 1203, "y": 1841, "w": 140, "h": 23, "jsonClass": "TextRun"}, {"x": 1127, "y": 1501, "w": 184, "h": 22, "jsonClass": "TextRun"}, {"x": 55, "y": 1297.03125, "w": 1559, "h": 43, "jsonClass": "TextRun"}, {"x": 538, "y": 784, "w": 637, "h": 23, "jsonClass": "TextRun"}, {"x": 240, "y": 123, "w": 585, "h": 27, "jsonClass": "TextRun"}, {"x": 69, "y": 2120, "w": 332, "h": 22, "jsonClass": "TextRun"}], "Field": [{"x": 74, "y": 504, "w": 704, "h": 86.25039370078741, "jsonClass": "Field"}, {"x": 1154, "y": 225, "w": 483.51889763779536, "h": 67.1251968503937, "jsonClass": "Field"}, {"x": 914, "y": 403.4834645669292, "w": 553.1228346456692, "h": 34.64094488188971, "jsonClass": "Field"}, {"x": 988, "y": 169, "w": 629.1251968503939, "h": 37.61102362204727, "jsonClass": "Field"}, {"x": 914, "y": 357.65511811023623, "w": 553.1251968503939, "h": 32.12519685039376, "jsonClass": "Field"}, {"x": 914, "y": 453.6858267716535, "w": 720.8716535433073, "h": 42.314173228346476, "jsonClass": "Field"}, {"x": 63, "y": 304, "w": 829.1244094488189, "h": 188.1251968503937, "jsonClass": "Field"}, {"x": 914, "y": 307.87480314960635, "w": 553.1251968503939, "h": 34.08346456692914, "jsonClass": "Field"}, {"x": 807.8779527559055, "y": 504, "w": 323.8527559055118, "h": 86.24251968503938, "jsonClass": "Field"}, {"x": 1164, "y": 504, "w": 460.5645669291339, "h": 86.24251968503938, "jsonClass": "Field"}, {"x": 64, "y": 225, "w": 1078.1251968503939, "h": 67.1251968503937, "jsonClass": "Field"}, {"x": 473, "y": 639, "w": 394.12834645669295, "h": 63.271653543307025, "jsonClass": "Field"}, {"x": 907.8779527559055, "y": 639, "w": 309.2503937007874, "h": 63.271653543307025, "jsonClass": "Field"}, {"x": 82.87795275590551, "y": 639, "w": 384.2503937007874, "h": 63.271653543307025, "jsonClass": "Field"}, {"x": 1257.8779527559054, "y": 639, "w": 359.2472440944882, "h": 63.271653543307025, "jsonClass": "Field"}, {"x": 58, "y": 1129.03125, "w": 1572, "h": 162, "jsonClass": "Field"}, {"x": 1157.8748031496064, "y": 819, "w": 476.9968503937009, "h": 98.12519685039376, "jsonClass": "Field"}, {"x": 64, "y": 813, "w": 853.8645669291338, "h": 104.12519685039365, "jsonClass": "Field"}, {"x": 66.61417322834646, "y": 1968, "w": 825.5165354330709, "h": 49.124409448818824, "jsonClass": "Field"}, {"x": 933.6141732283464, "y": 817, "w": 208.516535433071, "h": 100.86377952755913, "jsonClass": "Field"}, {"x": 1125, "y": 1349.8440944881888, "w": 496.34724409448836, "h": 38.42204724409453, "jsonClass": "Field"}, {"x": 1125, "y": 1416.3779527559057, "w": 392.16062992125967, "h": 38.42204724409453, "jsonClass": "Field"}, {"x": 615.236220472441, "y": 175.8748031496063, "w": 71.763779527559, "h": 27.777952755905517, "jsonClass": "ChoiceField"}, {"x": 715.236220472441, "y": 175.8748031496063, "w": 73.763779527559, "h": 27.777952755905517, "jsonClass": "ChoiceField"}, {"x": 807.8748031496064, "y": 169, "w": 161.12519685039365, "h": 45, "jsonClass": "ChoiceField"}, {"x": 87.75511811023621, "y": 741.2889763779527, "w": 78.24488188976379, "h": 27.777952755905517, "jsonClass": "ChoiceField"}, {"x": 197.68346456692913, "y": 743.2417322834646, "w": 70.31653543307087, "h": 27.777952755905517, "jsonClass": "ChoiceField"}, {"x": 1324, "y": 985.0889763779528, "w": 210, "h": 34.911023622047196, "jsonClass": "ChoiceField"}, {"x": 1324, "y": 1023.0417322834646, "w": 213, "h": 29.958267716535374, "jsonClass": "ChoiceField"}, {"x": 1324, "y": 1058.9472440944883, "w": 176, "h": 28.05275590551173, "jsonClass": "ChoiceField"}, {"x": 1324, "y": 1092.8062992125986, "w": 257, "h": 27.777952755905517, "jsonClass": "ChoiceField"}, {"x": 907.8748031496064, "y": 1989.4614173228347, "w": 83.12519685039365, "h": 27.777952755905517, "jsonClass": "ChoiceField"}, {"x": 1032.8748031496064, "y": 1990.0110236220473, "w": 108.12519685039365, "h": 27.777952755905517, "jsonClass": "ChoiceField"}, {"x": 56, "y": 2051, "w": 278, "h": 48, "jsonClass": "ChoiceField"}, {"x": 348, "y": 2056.03125, "w": 139, "h": 36, "jsonClass": "ChoiceField"}, {"x": 500, "y": 2051, "w": 250, "h": 48, "jsonClass": "ChoiceField"}, {"x": 779, "y": 2061.1110236220475, "w": 136, "h": 27.777952755905517, "jsonClass": "ChoiceField"}, {"x": 963, "y": 2051, "w": 274, "h": 48, "jsonClass": "ChoiceField"}, {"x": 1282.8748031496064, "y": 2051, "w": 157.12519685039365, "h": 48, "jsonClass": "ChoiceField"}, {"x": 1461.3, "y": 2051, "w": 176.70000000000005, "h": 48, "jsonClass": "ChoiceField"}, {"x": 69, "y": 990, "w": 178, "h": 28.0614173228347, "jsonClass": "ChoiceField"}, {"x": 69, "y": 1035.244094488189, "w": 290, "h": 31.75590551181108, "jsonClass": "ChoiceField"}, {"x": 69, "y": 1084.6133858267717, "w": 265, "h": 27.777952755905517, "jsonClass": "ChoiceField"}, {"x": 414, "y": 981.3858267716537, "w": 340, "h": 30.614173228346317, "jsonClass": "ChoiceField"}, {"x": 414, "y": 1040, "w": 346, "h": 29.636220472440982, "jsonClass": "ChoiceField"}, {"x": 414, "y": 1090, "w": 259, "h": 29.40000000000009, "jsonClass": "ChoiceField"}, {"x": 798, "y": 980.8755905511812, "w": 159, "h": 31.124409448818824, "jsonClass": "ChoiceField"}, {"x": 798, "y": 1037.2527559055118, "w": 176, "h": 27.777952755905517, "jsonClass": "ChoiceField"}, {"x": 798, "y": 1087.488976377953, "w": 215, "h": 27.777952755905517, "jsonClass": "ChoiceField"}, {"x": 1043, "y": 988.1976377952757, "w": 184, "h": 27.777952755905517, "jsonClass": "ChoiceField"}, {"x": 1043, "y": 1036.3779527559057, "w": 224, "h": 27.777952755905517, "jsonClass": "ChoiceField"}, {"x": 1043, "y": 1086.6228346456694, "w": 211, "h": 27.777952755905517, "jsonClass": "ChoiceField"}, {"x": 62, "y": 1388, "w": 222, "h": 29.038582677165323, "jsonClass": "ChoiceField"}, {"x": 62, "y": 1426, "w": 294, "h": 31.038582677165323, "jsonClass": "ChoiceField"}, {"x": 62, "y": 1465, "w": 318, "h": 27.944094488188966, "jsonClass": "ChoiceField"}, {"x": 62, "y": 1503.1188976377953, "w": 227, "h": 27.777952755905517, "jsonClass": "ChoiceField"}, {"x": 62, "y": 1541.071653543307, "w": 245, "h": 27.777952755905517, "jsonClass": "ChoiceField"}, {"x": 62, "y": 1576.9779527559053, "w": 255, "h": 27.777952755905517, "jsonClass": "ChoiceField"}, {"x": 62, "y": 1612.883464566929, "w": 270, "h": 30.11653543307102, "jsonClass": "ChoiceField"}, {"x": 62, "y": 1650.8362204724408, "w": 157, "h": 31.1637795275592, "jsonClass": "ChoiceField"}, {"x": 62, "y": 1690.8362204724408, "w": 223, "h": 30.1637795275592, "jsonClass": "ChoiceField"}, {"x": 62, "y": 1730.8362204724408, "w": 380, "h": 29.1637795275592, "jsonClass": "ChoiceField"}, {"x": 62, "y": 1766.7417322834644, "w": 369, "h": 32.258267716535556, "jsonClass": "ChoiceField"}, {"x": 62, "y": 1806.7417322834644, "w": 281, "h": 31.258267716535556, "jsonClass": "ChoiceField"}, {"x": 62, "y": 1848.7889763779526, "w": 349, "h": 27.777952755905517, "jsonClass": "ChoiceField"}, {"x": 62, "y": 1878.5055118110238, "w": 482.16929133858275, "h": 41.49448818897622, "jsonClass": "ChoiceField"}, {"x": 662, "y": 1386.111811023622, "w": 288, "h": 27.777952755905517, "jsonClass": "ChoiceField"}, {"x": 670.0000367648748, "y": 1423.8669291338583, "w": 400.99996323512516, "h": 27.777952755905517, "jsonClass": "ChoiceField"}, {"x": 662, "y": 1462.647244094488, "w": 210, "h": 27.777952755905517, "jsonClass": "ChoiceField"}, {"x": 662, "y": 1496.5055118110236, "w": 271, "h": 29.494488188976447, "jsonClass": "ChoiceField"}, {"x": 662, "y": 1534.4582677165354, "w": 426, "h": 30.541732283464626, "jsonClass": "ChoiceField"}, {"x": 662, "y": 1574.4582677165354, "w": 320, "h": 29.541732283464626, "jsonClass": "ChoiceField"}, {"x": 662, "y": 1612.4110236220472, "w": 271, "h": 30.588976377952804, "jsonClass": "ChoiceField"}, {"x": 662, "y": 1656.5055118110236, "w": 286, "h": 27.777952755905517, "jsonClass": "ChoiceField"}, {"x": 662, "y": 1694.4582677165354, "w": 407, "h": 27.777952755905517, "jsonClass": "ChoiceField"}, {"x": 662, "y": 1734.4582677165354, "w": 265, "h": 27.777952755905517, "jsonClass": "ChoiceField"}, {"x": 662, "y": 1770.363779527559, "w": 378, "h": 28.636220472440982, "jsonClass": "ChoiceField"}, {"x": 662, "y": 1807.6086614173228, "w": 153, "h": 30.391338582677236, "jsonClass": "ChoiceField"}, {"x": 662, "y": 1847.6086614173228, "w": 276, "h": 28.391338582677236, "jsonClass": "ChoiceField"}, {"x": 662, "y": 1885.5614173228346, "w": 309, "h": 29.438582677165414, "jsonClass": "ChoiceField"}, {"x": 662, "y": 1922.1755905511811, "w": 473.90551181102364, "h": 32.46929133858271, "jsonClass": "ChoiceField"}, {"x": 1126, "y": 1538.2393700787404, "w": 211, "h": 27.777952755905517, "jsonClass": "ChoiceField"}, {"x": 1126, "y": 1582.3338582677168, "w": 189, "h": 27.777952755905517, "jsonClass": "ChoiceField"}, {"x": 1126, "y": 1626.4283464566931, "w": 196, "h": 27.777952755905517, "jsonClass": "ChoiceField"}, {"x": 1126, "y": 1668.4755905511813, "w": 266, "h": 27.777952755905517, "jsonClass": "ChoiceField"}, {"x": 1126, "y": 1712.5700787401577, "w": 272, "h": 27.777952755905517, "jsonClass": "ChoiceField"}, {"x": 1126, "y": 1754.6173228346458, "w": 337, "h": 29.382677165354153, "jsonClass": "ChoiceField"}, {"x": 1126, "y": 1796.664566929134, "w": 206, "h": 31.335433070865975, "jsonClass": "ChoiceField"}, {"x": 1126, "y": 1838.7118110236222, "w": 217, "h": 34.288188976377796, "jsonClass": "ChoiceField"}], "Widget": [{"x": 82.8748031496063, "y": 556, "w": 684.2503937007874, "h": 34.250393700787406, "jsonClass": "Widget"}, {"x": 1157.8748031496064, "y": 232.87480314960632, "w": 479.644094488189, "h": 59.250393700787406, "jsonClass": "Widget"}, {"x": 1134.3779527559057, "y": 405.5275590551181, "w": 57.74724409448819, "h": 32.59685039370079, "jsonClass": "Widget"}, {"x": 1232.8724409448819, "y": 403.4834645669292, "w": 234.2503937007874, "h": 32.125196850393706, "jsonClass": "Widget"}, {"x": 1277.6614173228347, "y": 169.42519685039372, "w": 339.46377952755904, "h": 37.185826771653545, "jsonClass": "Widget"}, {"x": 1134.3779527559057, "y": 357.65511811023623, "w": 57.74724409448819, "h": 32.125196850393706, "jsonClass": "Widget"}, {"x": 1232.8748031496064, "y": 357.6582677165355, "w": 234.2503937007874, "h": 32.12204724409449, "jsonClass": "Widget"}, {"x": 1107.8748031496064, "y": 453.6858267716535, "w": 526.9968503937008, "h": 38.43858267716536, "jsonClass": "Widget"}, {"x": 64.7496062992126, "y": 357.8748031496063, "w": 827.3748031496064, "h": 134.2503937007874, "jsonClass": "Widget"}, {"x": 1134.3779527559057, "y": 307.87480314960635, "w": 57.74724409448819, "h": 34.08346456692913, "jsonClass": "Widget"}, {"x": 1232.8748031496064, "y": 309.755905511811, "w": 234.2503937007874, "h": 32.19685039370079, "jsonClass": "Widget"}, {"x": 807.8779527559055, "y": 555.992125984252, "w": 323.8527559055118, "h": 34.250393700787406, "jsonClass": "Widget"}, {"x": 1170.1582677165354, "y": 555.992125984252, "w": 134.2472440944882, "h": 34.250393700787406, "jsonClass": "Widget"}, {"x": 1330.2362204724411, "y": 555.992125984252, "w": 134.2503937007874, "h": 34.250393700787406, "jsonClass": "Widget"}, {"x": 1490.3141732283466, "y": 555.992125984252, "w": 134.2503937007874, "h": 34.250393700787406, "jsonClass": "Widget"}, {"x": 69.78897637795276, "y": 241.21417322834645, "w": 1072.336220472441, "h": 50.911023622047246, "jsonClass": "Widget"}, {"x": 615.236220472441, "y": 175.8748031496063, "w": 27.777952755905513, "h": 27.777952755905513, "jsonClass": "Widget"}, {"x": 715.236220472441, "y": 175.8748031496063, "w": 27.777952755905513, "h": 27.777952755905513, "jsonClass": "Widget"}, {"x": 807.8748031496064, "y": 175.50866141732286, "w": 27.777952755905513, "h": 27.777952755905513, "jsonClass": "Widget"}, {"x": 87.75511811023621, "y": 741.2889763779527, "w": 27.777952755905513, "h": 27.777952755905513, "jsonClass": "Widget"}, {"x": 197.68346456692913, "y": 743.2417322834646, "w": 27.777952755905513, "h": 27.777952755905513, "jsonClass": "Widget"}, {"x": 507.87795275590554, "y": 670.1220472440945, "w": 359.2503937007874, "h": 32.1496062992126, "jsonClass": "Widget"}, {"x": 907.8779527559055, "y": 670.1220472440945, "w": 309.2503937007874, "h": 32.1496062992126, "jsonClass": "Widget"}, {"x": 82.87795275590551, "y": 670.1220472440945, "w": 384.2503937007874, "h": 32.1496062992126, "jsonClass": "Widget"}, {"x": 1257.8779527559054, "y": 670.1220472440945, "w": 359.2472440944882, "h": 32.1496062992126, "jsonClass": "Widget"}, {"x": 1351.6551181102363, "y": 985.0889763779528, "w": 27.777952755905513, "h": 27.777952755905513, "jsonClass": "Widget"}, {"x": 1351.6551181102363, "y": 1023.0417322834646, "w": 27.777952755905513, "h": 27.777952755905513, "jsonClass": "Widget"}, {"x": 1351.6551181102363, "y": 1058.9472440944883, "w": 27.777952755905513, "h": 27.777952755905513, "jsonClass": "Widget"}, {"x": 1351.6551181102363, "y": 1092.8062992125986, "w": 27.777952755905513, "h": 27.777952755905513, "jsonClass": "Widget"}, {"x": 60, "y": 1207.03125, "w": 1570, "h": 84, "jsonClass": "Widget"}, {"x": 1157.8748031496064, "y": 860.555905511811, "w": 476.9968503937008, "h": 56.56929133858268, "jsonClass": "Widget"}, {"x": 66.61417322834646, "y": 848.3724409448819, "w": 851.2503937007874, "h": 68.75275590551182, "jsonClass": "Widget"}, {"x": 66.61417322834646, "y": 1985.3165354330708, "w": 825.5165354330709, "h": 31.807874015748034, "jsonClass": "Widget"}, {"x": 933.6141732283464, "y": 860.38031496063, "w": 208.51653543307089, "h": 57.483464566929136, "jsonClass": "Widget"}, {"x": 907.8748031496064, "y": 1989.4614173228347, "w": 27.777952755905513, "h": 27.777952755905513, "jsonClass": "Widget"}, {"x": 1032.8748031496064, "y": 1990.0110236220473, "w": 27.777952755905513, "h": 27.777952755905513, "jsonClass": "Widget"}, {"x": 82.8748031496063, "y": 2061.1110236220475, "w": 27.777952755905513, "h": 27.777952755905513, "jsonClass": "Widget"}, {"x": 382.8748031496063, "y": 2061.1110236220475, "w": 27.777952755905513, "h": 27.777952755905513, "jsonClass": "Widget"}, {"x": 528.4669291338582, "y": 2061.1110236220475, "w": 27.777952755905513, "h": 27.777952755905513, "jsonClass": "Widget"}, {"x": 807.8748031496064, "y": 2061.1110236220475, "w": 27.777952755905513, "h": 27.777952755905513, "jsonClass": "Widget"}, {"x": 991.4976377952756, "y": 2061.1110236220475, "w": 27.777952755905513, "h": 27.777952755905513, "jsonClass": "Widget"}, {"x": 1282.8748031496064, "y": 2061.1110236220475, "w": 27.777952755905513, "h": 27.777952755905513, "jsonClass": "Widget"}, {"x": 1461.3, "y": 2061.1110236220475, "w": 27.777952755905513, "h": 27.777952755905513, "jsonClass": "Widget"}, {"x": 99.5275590551181, "y": 990.2834645669292, "w": 27.777952755905513, "h": 27.777952755905513, "jsonClass": "Widget"}, {"x": 99.5275590551181, "y": 1035.244094488189, "w": 27.777952755905513, "h": 27.777952755905513, "jsonClass": "Widget"}, {"x": 99.5275590551181, "y": 1084.6133858267717, "w": 27.777952755905513, "h": 27.777952755905513, "jsonClass": "Widget"}, {"x": 438.244094488189, "y": 981.3858267716537, "w": 27.777952755905513, "h": 27.777952755905513, "jsonClass": "Widget"}, {"x": 438.244094488189, "y": 1041.8582677165355, "w": 27.777952755905513, "h": 27.777952755905513, "jsonClass": "Widget"}, {"x": 438.244094488189, "y": 1091.6220472440946, "w": 27.777952755905513, "h": 27.777952755905513, "jsonClass": "Widget"}, {"x": 832.8748031496064, "y": 980.8755905511812, "w": 27.777952755905513, "h": 27.777952755905513, "jsonClass": "Widget"}, {"x": 832.8748031496064, "y": 1037.2527559055118, "w": 27.777952755905513, "h": 27.777952755905513, "jsonClass": "Widget"}, {"x": 828.6692913385828, "y": 1087.488976377953, "w": 27.777952755905513, "h": 27.777952755905513, "jsonClass": "Widget"}, {"x": 1073.1275590551181, "y": 988.1976377952757, "w": 27.777952755905513, "h": 27.777952755905513, "jsonClass": "Widget"}, {"x": 1073.1275590551181, "y": 1036.3779527559057, "w": 27.777952755905513, "h": 27.777952755905513, "jsonClass": "Widget"}, {"x": 1073.1275590551181, "y": 1086.6228346456694, "w": 27.777952755905513, "h": 27.777952755905513, "jsonClass": "Widget"}, {"x": 1543.3944881889765, "y": 1349.8440944881888, "w": 77.95275590551182, "h": 38.422047244094486, "jsonClass": "Widget"}, {"x": 1410.727559055118, "y": 1416.3779527559057, "w": 106.43307086614173, "h": 38.422047244094486, "jsonClass": "Widget"}, {"x": 107.8748031496063, "y": 1389.2606299212598, "w": 27.777952755905513, "h": 27.777952755905513, "jsonClass": "Widget"}, {"x": 107.8748031496063, "y": 1429.2606299212598, "w": 27.777952755905513, "h": 27.777952755905513, "jsonClass": "Widget"}, {"x": 107.8748031496063, "y": 1465.1661417322834, "w": 27.777952755905513, "h": 27.777952755905513, "jsonClass": "Widget"}, {"x": 107.8748031496063, "y": 1503.1188976377953, "w": 27.777952755905513, "h": 27.777952755905513, "jsonClass": "Widget"}, {"x": 107.8748031496063, "y": 1541.071653543307, "w": 27.777952755905513, "h": 27.777952755905513, "jsonClass": "Widget"}, {"x": 107.8748031496063, "y": 1576.9779527559053, "w": 27.777952755905513, "h": 27.777952755905513, "jsonClass": "Widget"}, {"x": 107.8748031496063, "y": 1612.883464566929, "w": 27.777952755905513, "h": 27.777952755905513, "jsonClass": "Widget"}, {"x": 107.8748031496063, "y": 1650.8362204724408, "w": 27.777952755905513, "h": 27.777952755905513, "jsonClass": "Widget"}, {"x": 107.8748031496063, "y": 1690.8362204724408, "w": 27.777952755905513, "h": 27.777952755905513, "jsonClass": "Widget"}, {"x": 107.8748031496063, "y": 1730.8362204724408, "w": 27.777952755905513, "h": 27.777952755905513, "jsonClass": "Widget"}, {"x": 107.8748031496063, "y": 1766.7417322834644, "w": 27.777952755905513, "h": 27.777952755905513, "jsonClass": "Widget"}, {"x": 107.8748031496063, "y": 1806.7417322834644, "w": 27.777952755905513, "h": 27.777952755905513, "jsonClass": "Widget"}, {"x": 107.8748031496063, "y": 1848.7889763779526, "w": 27.777952755905513, "h": 27.777952755905513, "jsonClass": "Widget"}, {"x": 107.8748031496063, "y": 1888.1110236220472, "w": 27.777952755905513, "h": 27.777952755905513, "jsonClass": "Widget"}, {"x": 301.65275590551187, "y": 1878.5055118110238, "w": 242.51653543307089, "h": 34.327559055118115, "jsonClass": "Widget"}, {"x": 707.8748031496064, "y": 1386.111811023622, "w": 27.777952755905513, "h": 27.777952755905513, "jsonClass": "Widget"}, {"x": 707.8748031496064, "y": 1423.8669291338583, "w": 27.777952755905513, "h": 27.777952755905513, "jsonClass": "Widget"}, {"x": 707.8748031496064, "y": 1462.647244094488, "w": 27.777952755905513, "h": 27.777952755905513, "jsonClass": "Widget"}, {"x": 707.8748031496064, "y": 1496.5055118110236, "w": 27.777952755905513, "h": 27.777952755905513, "jsonClass": "Widget"}, {"x": 707.8748031496064, "y": 1534.4582677165354, "w": 27.777952755905513, "h": 27.777952755905513, "jsonClass": "Widget"}, {"x": 707.8748031496064, "y": 1574.4582677165354, "w": 27.777952755905513, "h": 27.777952755905513, "jsonClass": "Widget"}, {"x": 707.8748031496064, "y": 1612.4110236220472, "w": 27.777952755905513, "h": 27.777952755905513, "jsonClass": "Widget"}, {"x": 707.8748031496064, "y": 1656.5055118110236, "w": 27.777952755905513, "h": 27.777952755905513, "jsonClass": "Widget"}, {"x": 707.8748031496064, "y": 1694.4582677165354, "w": 27.777952755905513, "h": 27.777952755905513, "jsonClass": "Widget"}, {"x": 707.8748031496064, "y": 1734.4582677165354, "w": 27.777952755905513, "h": 27.777952755905513, "jsonClass": "Widget"}, {"x": 707.8748031496064, "y": 1770.363779527559, "w": 27.777952755905513, "h": 27.777952755905513, "jsonClass": "Widget"}, {"x": 707.8748031496064, "y": 1807.6086614173228, "w": 27.777952755905513, "h": 27.777952755905513, "jsonClass": "Widget"}, {"x": 707.8748031496064, "y": 1847.6086614173228, "w": 27.777952755905513, "h": 27.777952755905513, "jsonClass": "Widget"}, {"x": 707.8748031496064, "y": 1885.5614173228346, "w": 27.777952755905513, "h": 27.777952755905513, "jsonClass": "Widget"}, {"x": 707.8748031496064, "y": 1922.1755905511811, "w": 27.777952755905513, "h": 27.777952755905513, "jsonClass": "Widget"}, {"x": 908.3086614173229, "y": 1924.5669291338584, "w": 227.5968503937008, "h": 30.077952755905514, "jsonClass": "Widget"}, {"x": 1157.8748031496064, "y": 1538.2393700787404, "w": 27.777952755905513, "h": 27.777952755905513, "jsonClass": "Widget"}, {"x": 1157.8748031496064, "y": 1582.3338582677168, "w": 27.777952755905513, "h": 27.777952755905513, "jsonClass": "Widget"}, {"x": 1157.8748031496064, "y": 1626.4283464566931, "w": 27.777952755905513, "h": 27.777952755905513, "jsonClass": "Widget"}, {"x": 1157.8748031496064, "y": 1668.4755905511813, "w": 27.777952755905513, "h": 27.777952755905513, "jsonClass": "Widget"}, {"x": 1157.8748031496064, "y": 1712.5700787401577, "w": 27.777952755905513, "h": 27.777952755905513, "jsonClass": "Widget"}, {"x": 1157.8748031496064, "y": 1754.6173228346458, "w": 27.777952755905513, "h": 27.777952755905513, "jsonClass": "Widget"}, {"x": 1157.8748031496064, "y": 1796.664566929134, "w": 27.777952755905513, "h": 27.777952755905513, "jsonClass": "Widget"}, {"x": 1157.8748031496064, "y": 1838.7118110236222, "w": 27.777952755905513, "h": 27.777952755905513, "jsonClass": "Widget"}], "ChoiceGroup": [{"x": 474, "y": 161.03125, "w": 508, "h": 57, "jsonClass": "ChoiceGroup"}, {"x": 58, "y": 709.03125, "w": 1581, "h": 69, "jsonClass": "ChoiceGroup"}, {"x": 1314, "y": 956.03125, "w": 328, "h": 173, "jsonClass": "ChoiceGroup"}, {"x": 900, "y": 1960.03125, "w": 265, "h": 61, "jsonClass": "ChoiceGroup"}, {"x": 51, "y": 2020.03125, "w": 1222, "h": 79, "jsonClass": "ChoiceGroup"}, {"x": 1275, "y": 2020.03125, "w": 372, "h": 81, "jsonClass": "ChoiceGroup"}, {"x": 57, "y": 956.03125, "w": 970, "h": 173, "jsonClass": "ChoiceGroup"}, {"x": 1027, "y": 956.03125, "w": 284, "h": 171, "jsonClass": "ChoiceGroup"}, {"x": 55, "y": 1358.03125, "w": 545, "h": 584, "jsonClass": "ChoiceGroup"}, {"x": 622, "y": 1355.03125, "w": 500, "h": 599.5232327265999, "jsonClass": "ChoiceGroup"}, {"x": 1122, "y": 1499.03125, "w": 367, "h": 383, "jsonClass": "ChoiceGroup"}], "ChoiceField": [{"x": 615.236220472441, "y": 175.8748031496063, "w": 71.763779527559, "h": 27.777952755905517, "jsonClass": "ChoiceField"}, {"x": 715.236220472441, "y": 175.8748031496063, "w": 73.763779527559, "h": 27.777952755905517, "jsonClass": "ChoiceField"}, {"x": 807.8748031496064, "y": 169, "w": 161.12519685039365, "h": 45, "jsonClass": "ChoiceField"}, {"x": 87.75511811023621, "y": 741.2889763779527, "w": 78.24488188976379, "h": 27.777952755905517, "jsonClass": "ChoiceField"}, {"x": 197.68346456692913, "y": 743.2417322834646, "w": 70.31653543307087, "h": 27.777952755905517, "jsonClass": "ChoiceField"}, {"x": 1324, "y": 985.0889763779528, "w": 210, "h": 34.911023622047196, "jsonClass": "ChoiceField"}, {"x": 1324, "y": 1023.0417322834646, "w": 213, "h": 29.958267716535374, "jsonClass": "ChoiceField"}, {"x": 1324, "y": 1058.9472440944883, "w": 176, "h": 28.05275590551173, "jsonClass": "ChoiceField"}, {"x": 1324, "y": 1092.8062992125986, "w": 257, "h": 27.777952755905517, "jsonClass": "ChoiceField"}, {"x": 907.8748031496064, "y": 1989.4614173228347, "w": 83.12519685039365, "h": 27.777952755905517, "jsonClass": "ChoiceField"}, {"x": 1032.8748031496064, "y": 1990.0110236220473, "w": 108.12519685039365, "h": 27.777952755905517, "jsonClass": "ChoiceField"}, {"x": 56, "y": 2051, "w": 278, "h": 48, "jsonClass": "ChoiceField"}, {"x": 348, "y": 2056.03125, "w": 139, "h": 36, "jsonClass": "ChoiceField"}, {"x": 500, "y": 2051, "w": 250, "h": 48, "jsonClass": "ChoiceField"}, {"x": 779, "y": 2061.1110236220475, "w": 136, "h": 27.777952755905517, "jsonClass": "ChoiceField"}, {"x": 963, "y": 2051, "w": 274, "h": 48, "jsonClass": "ChoiceField"}, {"x": 1282.8748031496064, "y": 2051, "w": 157.12519685039365, "h": 48, "jsonClass": "ChoiceField"}, {"x": 1461.3, "y": 2051, "w": 176.70000000000005, "h": 48, "jsonClass": "ChoiceField"}, {"x": 69, "y": 990, "w": 178, "h": 28.0614173228347, "jsonClass": "ChoiceField"}, {"x": 69, "y": 1035.244094488189, "w": 290, "h": 31.75590551181108, "jsonClass": "ChoiceField"}, {"x": 69, "y": 1084.6133858267717, "w": 265, "h": 27.777952755905517, "jsonClass": "ChoiceField"}, {"x": 414, "y": 981.3858267716537, "w": 340, "h": 30.614173228346317, "jsonClass": "ChoiceField"}, {"x": 414, "y": 1040, "w": 346, "h": 29.636220472440982, "jsonClass": "ChoiceField"}, {"x": 414, "y": 1090, "w": 259, "h": 29.40000000000009, "jsonClass": "ChoiceField"}, {"x": 798, "y": 980.8755905511812, "w": 159, "h": 31.124409448818824, "jsonClass": "ChoiceField"}, {"x": 798, "y": 1037.2527559055118, "w": 176, "h": 27.777952755905517, "jsonClass": "ChoiceField"}, {"x": 798, "y": 1087.488976377953, "w": 215, "h": 27.777952755905517, "jsonClass": "ChoiceField"}, {"x": 1043, "y": 988.1976377952757, "w": 184, "h": 27.777952755905517, "jsonClass": "ChoiceField"}, {"x": 1043, "y": 1036.3779527559057, "w": 224, "h": 27.777952755905517, "jsonClass": "ChoiceField"}, {"x": 1043, "y": 1086.6228346456694, "w": 211, "h": 27.777952755905517, "jsonClass": "ChoiceField"}, {"x": 62, "y": 1388, "w": 222, "h": 29.038582677165323, "jsonClass": "ChoiceField"}, {"x": 62, "y": 1426, "w": 294, "h": 31.038582677165323, "jsonClass": "ChoiceField"}, {"x": 62, "y": 1465, "w": 318, "h": 27.944094488188966, "jsonClass": "ChoiceField"}, {"x": 62, "y": 1503.1188976377953, "w": 227, "h": 27.777952755905517, "jsonClass": "ChoiceField"}, {"x": 62, "y": 1541.071653543307, "w": 245, "h": 27.777952755905517, "jsonClass": "ChoiceField"}, {"x": 62, "y": 1576.9779527559053, "w": 255, "h": 27.777952755905517, "jsonClass": "ChoiceField"}, {"x": 62, "y": 1612.883464566929, "w": 270, "h": 30.11653543307102, "jsonClass": "ChoiceField"}, {"x": 62, "y": 1650.8362204724408, "w": 157, "h": 31.1637795275592, "jsonClass": "ChoiceField"}, {"x": 62, "y": 1690.8362204724408, "w": 223, "h": 30.1637795275592, "jsonClass": "ChoiceField"}, {"x": 62, "y": 1730.8362204724408, "w": 380, "h": 29.1637795275592, "jsonClass": "ChoiceField"}, {"x": 62, "y": 1766.7417322834644, "w": 369, "h": 32.258267716535556, "jsonClass": "ChoiceField"}, {"x": 62, "y": 1806.7417322834644, "w": 281, "h": 31.258267716535556, "jsonClass": "ChoiceField"}, {"x": 62, "y": 1848.7889763779526, "w": 349, "h": 27.777952755905517, "jsonClass": "ChoiceField"}, {"x": 62, "y": 1878.5055118110238, "w": 482.16929133858275, "h": 41.49448818897622, "jsonClass": "ChoiceField"}, {"x": 662, "y": 1386.111811023622, "w": 288, "h": 27.777952755905517, "jsonClass": "ChoiceField"}, {"x": 670.0000367648748, "y": 1423.8669291338583, "w": 400.99996323512516, "h": 27.777952755905517, "jsonClass": "ChoiceField"}, {"x": 662, "y": 1462.647244094488, "w": 210, "h": 27.777952755905517, "jsonClass": "ChoiceField"}, {"x": 662, "y": 1496.5055118110236, "w": 271, "h": 29.494488188976447, "jsonClass": "ChoiceField"}, {"x": 662, "y": 1534.4582677165354, "w": 426, "h": 30.541732283464626, "jsonClass": "ChoiceField"}, {"x": 662, "y": 1574.4582677165354, "w": 320, "h": 29.541732283464626, "jsonClass": "ChoiceField"}, {"x": 662, "y": 1612.4110236220472, "w": 271, "h": 30.588976377952804, "jsonClass": "ChoiceField"}, {"x": 662, "y": 1656.5055118110236, "w": 286, "h": 27.777952755905517, "jsonClass": "ChoiceField"}, {"x": 662, "y": 1694.4582677165354, "w": 407, "h": 27.777952755905517, "jsonClass": "ChoiceField"}, {"x": 662, "y": 1734.4582677165354, "w": 265, "h": 27.777952755905517, "jsonClass": "ChoiceField"}, {"x": 662, "y": 1770.363779527559, "w": 378, "h": 28.636220472440982, "jsonClass": "ChoiceField"}, {"x": 662, "y": 1807.6086614173228, "w": 153, "h": 30.391338582677236, "jsonClass": "ChoiceField"}, {"x": 662, "y": 1847.6086614173228, "w": 276, "h": 28.391338582677236, "jsonClass": "ChoiceField"}, {"x": 662, "y": 1885.5614173228346, "w": 309, "h": 29.438582677165414, "jsonClass": "ChoiceField"}, {"x": 662, "y": 1922.1755905511811, "w": 473.90551181102364, "h": 32.46929133858271, "jsonClass": "ChoiceField"}, {"x": 1126, "y": 1538.2393700787404, "w": 211, "h": 27.777952755905517, "jsonClass": "ChoiceField"}, {"x": 1126, "y": 1582.3338582677168, "w": 189, "h": 27.777952755905517, "jsonClass": "ChoiceField"}, {"x": 1126, "y": 1626.4283464566931, "w": 196, "h": 27.777952755905517, "jsonClass": "ChoiceField"}, {"x": 1126, "y": 1668.4755905511813, "w": 266, "h": 27.777952755905517, "jsonClass": "ChoiceField"}, {"x": 1126, "y": 1712.5700787401577, "w": 272, "h": 27.777952755905517, "jsonClass": "ChoiceField"}, {"x": 1126, "y": 1754.6173228346458, "w": 337, "h": 29.382677165354153, "jsonClass": "ChoiceField"}, {"x": 1126, "y": 1796.664566929134, "w": 206, "h": 31.335433070865975, "jsonClass": "ChoiceField"}, {"x": 1126, "y": 1838.7118110236222, "w": 217, "h": 34.288188976377796, "jsonClass": "ChoiceField"}], "ChoiceGroupTitle": [{"x": 486, "y": 177, "w": 124, "h": 23, "jsonClass": "ChoiceGroupTitle"}, {"x": 74, "y": 714, "w": 1511, "h": 61, "jsonClass": "ChoiceGroupTitle"}, {"x": 1324, "y": 965, "w": 202, "h": 22, "jsonClass": "ChoiceGroupTitle"}, {"x": 904, "y": 1964, "w": 110, "h": 22, "jsonClass": "ChoiceGroupTitle"}, {"x": 60, "y": 2029, "w": 383, "h": 22, "jsonClass": "ChoiceGroupTitle"}, {"x": 1279, "y": 2029, "w": 133, "h": 22, "jsonClass": "ChoiceGroupTitle"}, {"x": 69, "y": 965, "w": 183, "h": 22, "jsonClass": "ChoiceGroupTitle"}, {"x": 1043, "y": 965, "w": 202, "h": 22, "jsonClass": "ChoiceGroupTitle"}, {"x": 62, "y": 1368, "w": 280, "h": 22, "jsonClass": "ChoiceGroupTitle"}, {"x": 662, "y": 1368, "w": 244, "h": 22, "jsonClass": "ChoiceGroupTitle"}, {"x": 1127, "y": 1501, "w": 184, "h": 22, "jsonClass": "ChoiceGroupTitle"}]}