{"TextBlock": [{"x": 1322, "y": 110, "w": 284, "h": 19, "jsonClass": "TextBlock"}, {"x": 1225, "y": 171, "w": 347, "h": 49, "jsonClass": "TextBlock"}, {"x": 92, "y": 296, "w": 1072, "h": 115, "jsonClass": "TextBlock"}, {"x": 1322, "y": 86, "w": 251, "h": 20, "jsonClass": "TextBlock"}, {"x": 210, "y": 2107, "w": 122, "h": 33, "jsonClass": "TextBlock"}, {"x": 1322, "y": 133, "w": 241, "h": 19, "jsonClass": "TextBlock"}, {"x": 92, "y": 593, "w": 465, "h": 22, "jsonClass": "TextBlock"}, {"x": 92, "y": 517, "w": 1503, "h": 71, "jsonClass": "TextBlock"}, {"x": 92, "y": 472, "w": 1511, "h": 24, "jsonClass": "TextBlock"}, {"x": 645, "y": 696, "w": 350, "h": 22, "jsonClass": "TextBlock"}, {"x": 776, "y": 806, "w": 494, "h": 22, "jsonClass": "TextBlock"}, {"x": 94, "y": 693, "w": 457, "h": 22, "jsonClass": "TextBlock"}, {"x": 249, "y": 757.03125, "w": 30, "h": 22, "jsonClass": "TextBlock"}, {"x": 388, "y": 758.03125, "w": 32, "h": 20, "jsonClass": "TextBlock"}, {"x": 170, "y": 856, "w": 39, "h": 20, "jsonClass": "TextBlock"}, {"x": 322, "y": 856, "w": 29, "h": 20, "jsonClass": "TextBlock"}, {"x": 1141, "y": 721, "w": 54, "h": 20, "jsonClass": "TextBlock"}, {"x": 1225, "y": 761.03125, "w": 30, "h": 15, "jsonClass": "TextBlock"}, {"x": 1293, "y": 723, "w": 35, "h": 19, "jsonClass": "TextBlock"}, {"x": 1365, "y": 758.03125, "w": 28, "h": 18, "jsonClass": "TextBlock"}, {"x": 1476, "y": 721, "w": 41, "h": 19, "jsonClass": "TextBlock"}, {"x": 92, "y": 946, "w": 465, "h": 22, "jsonClass": "TextBlock"}, {"x": 91, "y": 1275, "w": 465, "h": 22, "jsonClass": "TextBlock"}, {"x": 243, "y": 1346.03125, "w": 30, "h": 17, "jsonClass": "TextBlock"}, {"x": 384, "y": 1346.03125, "w": 34, "h": 20, "jsonClass": "TextBlock"}, {"x": 85, "y": 1391, "w": 744, "h": 23, "jsonClass": "TextBlock"}, {"x": 243, "y": 1448.03125, "w": 28, "h": 15, "jsonClass": "TextBlock"}, {"x": 435, "y": 1448.03125, "w": 31, "h": 20, "jsonClass": "TextBlock"}, {"x": 877, "y": 1393, "w": 639, "h": 22, "jsonClass": "TextBlock"}, {"x": 687, "y": 1346, "w": 82, "h": 19, "jsonClass": "TextBlock"}, {"x": 843, "y": 1346, "w": 79, "h": 19, "jsonClass": "TextBlock"}, {"x": 992, "y": 1348, "w": 59, "h": 19, "jsonClass": "TextBlock"}, {"x": 557, "y": 1152, "w": 45, "h": 19, "jsonClass": "TextBlock"}, {"x": 87, "y": 1150, "w": 160, "h": 20, "jsonClass": "TextBlock"}, {"x": 88, "y": 1214, "w": 137, "h": 20, "jsonClass": "TextBlock"}, {"x": 399, "y": 1218, "w": 79, "h": 20, "jsonClass": "TextBlock"}, {"x": 621, "y": 1218, "w": 204, "h": 20, "jsonClass": "TextBlock"}, {"x": 1102, "y": 1216.03125, "w": 27, "h": 18, "jsonClass": "TextBlock"}, {"x": 87, "y": 1068, "w": 65, "h": 48, "jsonClass": "TextBlock"}, {"x": 982, "y": 1855, "w": 622, "h": 49, "jsonClass": "TextBlock"}, {"x": 92, "y": 1538, "w": 587, "h": 22, "jsonClass": "TextBlock"}, {"x": 95, "y": 1858, "w": 854, "h": 22, "jsonClass": "TextBlock"}, {"x": 252, "y": 1918.03125, "w": 28, "h": 16, "jsonClass": "TextBlock"}, {"x": 441, "y": 1912.03125, "w": 36, "h": 21, "jsonClass": "TextBlock"}, {"x": 151, "y": 2002, "w": 387, "h": 20, "jsonClass": "TextBlock"}, {"x": 151, "y": 2034, "w": 609, "h": 66, "jsonClass": "TextBlock"}, {"x": 853, "y": 2004, "w": 756, "h": 43, "jsonClass": "TextBlock"}, {"x": 853, "y": 2056, "w": 742, "h": 43, "jsonClass": "TextBlock"}, {"x": 93, "y": 1656, "w": 64, "h": 48, "jsonClass": "TextBlock"}, {"x": 405, "y": 1807, "w": 79, "h": 19, "jsonClass": "TextBlock"}, {"x": 627, "y": 1807, "w": 204, "h": 19, "jsonClass": "TextBlock"}, {"x": 1105, "y": 1805.03125, "w": 30, "h": 20, "jsonClass": "TextBlock"}, {"x": 94, "y": 1802, "w": 137, "h": 20, "jsonClass": "TextBlock"}, {"x": 563, "y": 1740, "w": 44, "h": 19, "jsonClass": "TextBlock"}, {"x": 93, "y": 1738, "w": 160, "h": 20, "jsonClass": "TextBlock"}, {"x": 87, "y": 2105, "w": 94, "h": 43, "jsonClass": "TextBlock"}, {"x": 1494, "y": 2114, "w": 72, "h": 22, "jsonClass": "TextBlock"}, {"x": 165, "y": 160.03125, "w": 462, "h": 46, "jsonClass": "TextBlock"}, {"x": 95, "y": 805, "w": 581, "h": 22, "jsonClass": "ChoiceGroupTitle"}, {"x": 647, "y": 1274, "w": 486, "h": 22, "jsonClass": "ChoiceGroupTitle"}, {"x": 95, "y": 1960, "w": 1118, "h": 23, "jsonClass": "ChoiceGroupTitle"}, {"x": 1112, "y": 692, "w": 330, "h": 22, "jsonClass": "SectionTitle"}, {"x": 505, "y": 429, "w": 693, "h": 25, "jsonClass": "SectionTitle"}, {"x": 93, "y": 1037, "w": 1132, "h": 22, "jsonClass": "SectionTitle"}, {"x": 111, "y": 899, "w": 1475, "h": 25, "jsonClass": "SectionTitle"}, {"x": 94, "y": 1626, "w": 1145, "h": 22, "jsonClass": "SectionTitle"}, {"x": 429, "y": 1494, "w": 842, "h": 25, "jsonClass": "SectionTitle"}, {"x": 327, "y": 239, "w": 615, "h": 34, "jsonClass": "HeaderTitle"}], "TextRun": [{"x": 1322, "y": 110, "w": 284, "h": 19, "jsonClass": "TextRun"}, {"x": 1308, "y": 171, "w": 188, "h": 22, "jsonClass": "TextRun"}, {"x": 1225, "y": 197, "w": 347, "h": 23, "jsonClass": "TextRun"}, {"x": 92, "y": 296, "w": 191, "h": 25, "jsonClass": "TextRun"}, {"x": 297, "y": 296, "w": 50, "h": 25, "jsonClass": "TextRun"}, {"x": 348, "y": 296, "w": 55, "h": 25, "jsonClass": "TextRun"}, {"x": 403, "y": 296, "w": 23, "h": 25, "jsonClass": "TextRun"}, {"x": 427, "y": 296, "w": 25, "h": 25, "jsonClass": "TextRun"}, {"x": 453, "y": 296, "w": 30, "h": 25, "jsonClass": "TextRun"}, {"x": 483, "y": 296, "w": 111, "h": 25, "jsonClass": "TextRun"}, {"x": 594, "y": 296, "w": 32, "h": 25, "jsonClass": "TextRun"}, {"x": 626, "y": 296, "w": 37, "h": 25, "jsonClass": "TextRun"}, {"x": 664, "y": 296, "w": 107, "h": 25, "jsonClass": "TextRun"}, {"x": 772, "y": 296, "w": 80, "h": 25, "jsonClass": "TextRun"}, {"x": 852, "y": 296, "w": 37, "h": 25, "jsonClass": "TextRun"}, {"x": 890, "y": 296, "w": 75, "h": 25, "jsonClass": "TextRun"}, {"x": 966, "y": 296, "w": 117, "h": 25, "jsonClass": "TextRun"}, {"x": 1084, "y": 296, "w": 55, "h": 25, "jsonClass": "TextRun"}, {"x": 1139, "y": 296, "w": 25, "h": 25, "jsonClass": "TextRun"}, {"x": 92, "y": 326, "w": 69, "h": 25, "jsonClass": "TextRun"}, {"x": 162, "y": 326, "w": 27, "h": 25, "jsonClass": "TextRun"}, {"x": 190, "y": 326, "w": 37, "h": 25, "jsonClass": "TextRun"}, {"x": 228, "y": 326, "w": 179, "h": 25, "jsonClass": "TextRun"}, {"x": 415, "y": 326, "w": 50, "h": 25, "jsonClass": "TextRun"}, {"x": 479, "y": 326, "w": 41, "h": 25, "jsonClass": "TextRun"}, {"x": 520, "y": 326, "w": 96, "h": 25, "jsonClass": "TextRun"}, {"x": 616, "y": 326, "w": 27, "h": 25, "jsonClass": "TextRun"}, {"x": 644, "y": 326, "w": 43, "h": 25, "jsonClass": "TextRun"}, {"x": 688, "y": 326, "w": 61, "h": 25, "jsonClass": "TextRun"}, {"x": 749, "y": 326, "w": 37, "h": 25, "jsonClass": "TextRun"}, {"x": 787, "y": 326, "w": 108, "h": 25, "jsonClass": "TextRun"}, {"x": 896, "y": 326, "w": 79, "h": 25, "jsonClass": "TextRun"}, {"x": 976, "y": 326, "w": 37, "h": 25, "jsonClass": "TextRun"}, {"x": 1014, "y": 326, "w": 55, "h": 25, "jsonClass": "TextRun"}, {"x": 1070, "y": 326, "w": 31, "h": 25, "jsonClass": "TextRun"}, {"x": 1102, "y": 326, "w": 62, "h": 25, "jsonClass": "TextRun"}, {"x": 92, "y": 356, "w": 28, "h": 25, "jsonClass": "TextRun"}, {"x": 121, "y": 356, "w": 37, "h": 25, "jsonClass": "TextRun"}, {"x": 159, "y": 356, "w": 173, "h": 25, "jsonClass": "TextRun"}, {"x": 333, "y": 356, "w": 23, "h": 25, "jsonClass": "TextRun"}, {"x": 357, "y": 356, "w": 86, "h": 25, "jsonClass": "TextRun"}, {"x": 444, "y": 356, "w": 26, "h": 25, "jsonClass": "TextRun"}, {"x": 471, "y": 356, "w": 27, "h": 25, "jsonClass": "TextRun"}, {"x": 499, "y": 356, "w": 37, "h": 25, "jsonClass": "TextRun"}, {"x": 537, "y": 356, "w": 103, "h": 25, "jsonClass": "TextRun"}, {"x": 641, "y": 356, "w": 84, "h": 25, "jsonClass": "TextRun"}, {"x": 726, "y": 356, "w": 58, "h": 25, "jsonClass": "TextRun"}, {"x": 785, "y": 356, "w": 89, "h": 25, "jsonClass": "TextRun"}, {"x": 876, "y": 356, "w": 42, "h": 25, "jsonClass": "TextRun"}, {"x": 919, "y": 356, "w": 98, "h": 25, "jsonClass": "TextRun"}, {"x": 1019, "y": 356, "w": 86, "h": 25, "jsonClass": "TextRun"}, {"x": 1107, "y": 356, "w": 25, "h": 25, "jsonClass": "TextRun"}, {"x": 1134, "y": 356, "w": 30, "h": 25, "jsonClass": "TextRun"}, {"x": 92, "y": 386, "w": 877, "h": 25, "jsonClass": "TextRun"}, {"x": 1322, "y": 86, "w": 251, "h": 20, "jsonClass": "TextRun"}, {"x": 210, "y": 2107, "w": 122, "h": 33, "jsonClass": "TextRun"}, {"x": 1322, "y": 133, "w": 241, "h": 19, "jsonClass": "TextRun"}, {"x": 92, "y": 593, "w": 226, "h": 22, "jsonClass": "TextRun"}, {"x": 318, "y": 593, "w": 239, "h": 22, "jsonClass": "TextRun"}, {"x": 92, "y": 517, "w": 147, "h": 24, "jsonClass": "TextRun"}, {"x": 239, "y": 517, "w": 1356, "h": 24, "jsonClass": "TextRun"}, {"x": 92, "y": 541, "w": 1432, "h": 23, "jsonClass": "TextRun"}, {"x": 92, "y": 564, "w": 172, "h": 24, "jsonClass": "TextRun"}, {"x": 92, "y": 472, "w": 67, "h": 24, "jsonClass": "TextRun"}, {"x": 159, "y": 472, "w": 92, "h": 24, "jsonClass": "TextRun"}, {"x": 257, "y": 472, "w": 56, "h": 24, "jsonClass": "TextRun"}, {"x": 319, "y": 472, "w": 1284, "h": 24, "jsonClass": "TextRun"}, {"x": 645, "y": 696, "w": 216, "h": 22, "jsonClass": "TextRun"}, {"x": 861, "y": 696, "w": 134, "h": 22, "jsonClass": "TextRun"}, {"x": 776, "y": 806, "w": 361, "h": 22, "jsonClass": "TextRun"}, {"x": 1137, "y": 806, "w": 133, "h": 22, "jsonClass": "TextRun"}, {"x": 94, "y": 693, "w": 457, "h": 22, "jsonClass": "TextRun"}, {"x": 249, "y": 757.03125, "w": 30, "h": 22, "jsonClass": "TextRun"}, {"x": 388, "y": 758.03125, "w": 32, "h": 20, "jsonClass": "TextRun"}, {"x": 170, "y": 856, "w": 39, "h": 20, "jsonClass": "TextRun"}, {"x": 322, "y": 856, "w": 29, "h": 20, "jsonClass": "TextRun"}, {"x": 95, "y": 805, "w": 581, "h": 22, "jsonClass": "TextRun"}, {"x": 1141, "y": 721, "w": 54, "h": 20, "jsonClass": "TextRun"}, {"x": 1225, "y": 761.03125, "w": 30, "h": 15, "jsonClass": "TextRun"}, {"x": 1293, "y": 723, "w": 35, "h": 19, "jsonClass": "TextRun"}, {"x": 1365, "y": 758.03125, "w": 28, "h": 18, "jsonClass": "TextRun"}, {"x": 1476, "y": 721, "w": 41, "h": 19, "jsonClass": "TextRun"}, {"x": 1112, "y": 692, "w": 330, "h": 22, "jsonClass": "TextRun"}, {"x": 505, "y": 429, "w": 693, "h": 25, "jsonClass": "TextRun"}, {"x": 92, "y": 946, "w": 233, "h": 22, "jsonClass": "TextRun"}, {"x": 325, "y": 946, "w": 232, "h": 22, "jsonClass": "TextRun"}, {"x": 91, "y": 1275, "w": 465, "h": 22, "jsonClass": "TextRun"}, {"x": 243, "y": 1346.03125, "w": 30, "h": 17, "jsonClass": "TextRun"}, {"x": 384, "y": 1346.03125, "w": 34, "h": 20, "jsonClass": "TextRun"}, {"x": 85, "y": 1391, "w": 561, "h": 23, "jsonClass": "TextRun"}, {"x": 646, "y": 1391, "w": 183, "h": 23, "jsonClass": "TextRun"}, {"x": 243, "y": 1448.03125, "w": 28, "h": 15, "jsonClass": "TextRun"}, {"x": 435, "y": 1448.03125, "w": 31, "h": 20, "jsonClass": "TextRun"}, {"x": 877, "y": 1393, "w": 505, "h": 22, "jsonClass": "TextRun"}, {"x": 1382, "y": 1393, "w": 134, "h": 22, "jsonClass": "TextRun"}, {"x": 687, "y": 1346, "w": 82, "h": 19, "jsonClass": "TextRun"}, {"x": 843, "y": 1346, "w": 79, "h": 19, "jsonClass": "TextRun"}, {"x": 992, "y": 1348, "w": 59, "h": 19, "jsonClass": "TextRun"}, {"x": 647, "y": 1274, "w": 486, "h": 22, "jsonClass": "TextRun"}, {"x": 557, "y": 1152, "w": 45, "h": 19, "jsonClass": "TextRun"}, {"x": 87, "y": 1150, "w": 160, "h": 20, "jsonClass": "TextRun"}, {"x": 88, "y": 1214, "w": 137, "h": 20, "jsonClass": "TextRun"}, {"x": 399, "y": 1218, "w": 79, "h": 20, "jsonClass": "TextRun"}, {"x": 621, "y": 1218, "w": 204, "h": 20, "jsonClass": "TextRun"}, {"x": 1102, "y": 1216.03125, "w": 27, "h": 18, "jsonClass": "TextRun"}, {"x": 87, "y": 1068, "w": 65, "h": 19, "jsonClass": "TextRun"}, {"x": 87, "y": 1096, "w": 62, "h": 20, "jsonClass": "TextRun"}, {"x": 93, "y": 1037, "w": 350, "h": 22, "jsonClass": "TextRun"}, {"x": 443, "y": 1037, "w": 782, "h": 22, "jsonClass": "TextRun"}, {"x": 111, "y": 899, "w": 718, "h": 25, "jsonClass": "TextRun"}, {"x": 829, "y": 899, "w": 267, "h": 25, "jsonClass": "TextRun"}, {"x": 1096, "y": 899, "w": 186, "h": 25, "jsonClass": "TextRun"}, {"x": 1282, "y": 899, "w": 304, "h": 25, "jsonClass": "TextRun"}, {"x": 982, "y": 1855, "w": 622, "h": 22, "jsonClass": "TextRun"}, {"x": 1013, "y": 1881, "w": 133, "h": 23, "jsonClass": "TextRun"}, {"x": 92, "y": 1538, "w": 355, "h": 22, "jsonClass": "TextRun"}, {"x": 447, "y": 1538, "w": 232, "h": 22, "jsonClass": "TextRun"}, {"x": 95, "y": 1858, "w": 671, "h": 22, "jsonClass": "TextRun"}, {"x": 766, "y": 1858, "w": 183, "h": 22, "jsonClass": "TextRun"}, {"x": 252, "y": 1918.03125, "w": 28, "h": 16, "jsonClass": "TextRun"}, {"x": 441, "y": 1912.03125, "w": 36, "h": 21, "jsonClass": "TextRun"}, {"x": 151, "y": 2002, "w": 387, "h": 20, "jsonClass": "TextRun"}, {"x": 151, "y": 2034, "w": 575, "h": 19, "jsonClass": "TextRun"}, {"x": 151, "y": 2057, "w": 609, "h": 20, "jsonClass": "TextRun"}, {"x": 151, "y": 2081, "w": 138, "h": 19, "jsonClass": "TextRun"}, {"x": 853, "y": 2004, "w": 756, "h": 20, "jsonClass": "TextRun"}, {"x": 853, "y": 2028, "w": 635, "h": 19, "jsonClass": "TextRun"}, {"x": 853, "y": 2056, "w": 742, "h": 20, "jsonClass": "TextRun"}, {"x": 853, "y": 2080, "w": 660, "h": 19, "jsonClass": "TextRun"}, {"x": 95, "y": 1961, "w": 721, "h": 22, "jsonClass": "TextRun"}, {"x": 823, "y": 1961, "w": 50, "h": 22, "jsonClass": "TextRun"}, {"x": 873, "y": 1960, "w": 340, "h": 23, "jsonClass": "TextRun"}, {"x": 93, "y": 1656, "w": 64, "h": 19, "jsonClass": "TextRun"}, {"x": 93, "y": 1685, "w": 62, "h": 19, "jsonClass": "TextRun"}, {"x": 405, "y": 1807, "w": 79, "h": 19, "jsonClass": "TextRun"}, {"x": 627, "y": 1807, "w": 204, "h": 19, "jsonClass": "TextRun"}, {"x": 1105, "y": 1805.03125, "w": 30, "h": 20, "jsonClass": "TextRun"}, {"x": 94, "y": 1802, "w": 137, "h": 20, "jsonClass": "TextRun"}, {"x": 563, "y": 1740, "w": 44, "h": 19, "jsonClass": "TextRun"}, {"x": 93, "y": 1738, "w": 160, "h": 20, "jsonClass": "TextRun"}, {"x": 94, "y": 1626, "w": 363, "h": 22, "jsonClass": "TextRun"}, {"x": 457, "y": 1626, "w": 782, "h": 22, "jsonClass": "TextRun"}, {"x": 429, "y": 1494, "w": 842, "h": 25, "jsonClass": "TextRun"}, {"x": 87, "y": 2105, "w": 26, "h": 19, "jsonClass": "TextRun"}, {"x": 119, "y": 2105, "w": 62, "h": 19, "jsonClass": "TextRun"}, {"x": 87, "y": 2128, "w": 90, "h": 20, "jsonClass": "TextRun"}, {"x": 1494, "y": 2114, "w": 72, "h": 22, "jsonClass": "TextRun"}, {"x": 165, "y": 160.03125, "w": 462, "h": 46, "jsonClass": "TextRun"}, {"x": 327, "y": 239, "w": 615, "h": 34, "jsonClass": "TextRun"}], "Field": [{"x": 92, "y": 593, "w": 1503.6692913385828, "h": 77.03125, "jsonClass": "Field"}, {"x": 645, "y": 696, "w": 425.11102362204724, "h": 90.25275590551178, "jsonClass": "Field"}, {"x": 776, "y": 806, "w": 494, "h": 73.16377952755909, "jsonClass": "Field"}, {"x": 94, "y": 693, "w": 520.5771653543308, "h": 91.06377952755906, "jsonClass": "Field"}, {"x": 1126.1417322834645, "y": 721, "w": 128.85826771653547, "h": 65.25275590551178, "jsonClass": "Field"}, {"x": 1266.0944881889764, "y": 723, "w": 126.90551181102364, "h": 63.252755905511776, "jsonClass": "Field"}, {"x": 1402.244094488189, "y": 721, "w": 184.527559055118, "h": 65.25275590551178, "jsonClass": "Field"}, {"x": 92, "y": 946, "w": 1503.6692913385828, "h": 72.03125, "jsonClass": "Field"}, {"x": 91, "y": 1275, "w": 518.9858267716536, "h": 94.40314960629917, "jsonClass": "Field"}, {"x": 85, "y": 1391, "w": 744, "h": 83.06377952755929, "jsonClass": "Field"}, {"x": 877, "y": 1393, "w": 724.7944881889764, "h": 87.40236220472457, "jsonClass": "Field"}, {"x": 557, "y": 1142.6692913385828, "w": 964.8448818897637, "h": 35.51968503937019, "jsonClass": "Field"}, {"x": 87, "y": 1142.6692913385828, "w": 421.96614173228346, "h": 35.51968503937019, "jsonClass": "Field"}, {"x": 88, "y": 1211.3614173228345, "w": 279.7165354330708, "h": 36.92755905511808, "jsonClass": "Field"}, {"x": 399, "y": 1211.3614173228345, "w": 209.73385826771653, "h": 36.92755905511808, "jsonClass": "Field"}, {"x": 621, "y": 1211.3614173228345, "w": 709.9692913385825, "h": 36.92755905511808, "jsonClass": "Field"}, {"x": 87, "y": 1068, "w": 1517.5669291338581, "h": 48, "jsonClass": "Field"}, {"x": 982, "y": 1855, "w": 629.8968503937008, "h": 94.95275590551182, "jsonClass": "Field"}, {"x": 92, "y": 1538, "w": 1516.3700787401576, "h": 72.03125, "jsonClass": "Field"}, {"x": 95, "y": 1858, "w": 854, "h": 86.34724409448836, "jsonClass": "Field"}, {"x": 93, "y": 1656, "w": 1517.9141732283465, "h": 48, "jsonClass": "Field"}, {"x": 405, "y": 1797.9748031496063, "w": 209.87559055118106, "h": 36.92755905511808, "jsonClass": "Field"}, {"x": 627, "y": 1797.9748031496063, "w": 710.1110236220475, "h": 36.92755905511808, "jsonClass": "Field"}, {"x": 94, "y": 1797.9748031496063, "w": 279.85826771653547, "h": 36.92755905511808, "jsonClass": "Field"}, {"x": 563, "y": 1729.2834645669293, "w": 964.9866141732284, "h": 35.51968503937019, "jsonClass": "Field"}, {"x": 93, "y": 1731.3307086614172, "w": 423.6133858267717, "h": 35.51968503937019, "jsonClass": "Field"}, {"x": 125.06692913385827, "y": 851.3023622047244, "w": 83.93307086614173, "h": 25, "jsonClass": "ChoiceField"}, {"x": 274.96377952755904, "y": 850.5779527559056, "w": 76.03622047244096, "h": 25.422047244094415, "jsonClass": "ChoiceField"}, {"x": 649.7165354330709, "y": 1339.8913385826772, "w": 119.28346456692907, "h": 27.777952755905517, "jsonClass": "ChoiceField"}, {"x": 801.4000000000001, "y": 1340.1748031496063, "w": 120.59999999999991, "h": 27.777952755905517, "jsonClass": "ChoiceField"}, {"x": 954.5275590551181, "y": 1341.6, "w": 96.4724409448819, "h": 27.777952755905517, "jsonClass": "ChoiceField"}, {"x": 107.5496062992126, "y": 2002, "w": 430.4503937007874, "h": 28.88031496063013, "jsonClass": "ChoiceField"}, {"x": 107.5496062992126, "y": 2034, "w": 652.4503937007873, "h": 66, "jsonClass": "ChoiceField"}, {"x": 802.3527559055118, "y": 2004, "w": 806.6472440944882, "h": 43, "jsonClass": "ChoiceField"}, {"x": 802.3220472440945, "y": 2056, "w": 792.6779527559055, "h": 43, "jsonClass": "ChoiceField"}], "Widget": [{"x": 141.00064798091898, "y": 634.0385826771653, "w": 518.1818914821758, "h": 35.51968503937008, "jsonClass": "Widget"}, {"x": 684, "y": 628.03125, "w": 43, "h": 42, "jsonClass": "Widget"}, {"x": 753.4724409448819, "y": 634.0385826771653, "w": 842.1968503937009, "h": 35.51968503937008, "jsonClass": "Widget"}, {"x": 654.0637795275591, "y": 750.7330708661417, "w": 416.04724409448824, "h": 35.51968503937008, "jsonClass": "Widget"}, {"x": 796.5582677165354, "y": 843.644094488189, "w": 421.1968503937008, "h": 35.51968503937008, "jsonClass": "Widget"}, {"x": 103.06377952755906, "y": 750.7330708661417, "w": 133.59685039370078, "h": 33.33070866141732, "jsonClass": "Widget"}, {"x": 291.3944881889764, "y": 750.7330708661417, "w": 86.51968503937007, "h": 33.33070866141732, "jsonClass": "Widget"}, {"x": 433.8913385826772, "y": 750.7330708661417, "w": 180.68582677165355, "h": 33.33070866141732, "jsonClass": "Widget"}, {"x": 125.06692913385827, "y": 851.3023622047244, "w": 25, "h": 25, "jsonClass": "Widget"}, {"x": 274.96377952755904, "y": 850.5779527559056, "w": 25, "h": 25, "jsonClass": "Widget"}, {"x": 1126.1417322834645, "y": 750.7330708661417, "w": 89.0724409448819, "h": 35.51968503937008, "jsonClass": "Widget"}, {"x": 1266.0944881889764, "y": 750.7330708661417, "w": 89.06377952755905, "h": 35.51968503937008, "jsonClass": "Widget"}, {"x": 1402.244094488189, "y": 750.7330708661417, "w": 184.5275590551181, "h": 35.51968503937008, "jsonClass": "Widget"}, {"x": 101.81102362204724, "y": 979.3614173228347, "w": 558.0944881889764, "h": 35.51968503937008, "jsonClass": "Widget"}, {"x": 690, "y": 976.03125, "w": 39, "h": 42, "jsonClass": "Widget"}, {"x": 753.4724409448819, "y": 979.3614173228347, "w": 842.1968503937009, "h": 35.51968503937008, "jsonClass": "Widget"}, {"x": 99.26141732283465, "y": 1336.072440944882, "w": 135.3472440944882, "h": 33.33070866141732, "jsonClass": "Widget"}, {"x": 289.3472440944882, "y": 1336.072440944882, "w": 86.51968503937007, "h": 33.33070866141732, "jsonClass": "Widget"}, {"x": 429.3, "y": 1336.072440944882, "w": 180.68582677165355, "h": 33.33070866141732, "jsonClass": "Widget"}, {"x": 97.96141732283465, "y": 1438.4251968503938, "w": 133.60551181102363, "h": 35.63858267716535, "jsonClass": "Widget"}, {"x": 286.3, "y": 1438.4251968503938, "w": 139.99212598425197, "h": 35.63858267716535, "jsonClass": "Widget"}, {"x": 475.87480314960635, "y": 1438.4251968503938, "w": 190.88031496062993, "h": 35.63858267716535, "jsonClass": "Widget"}, {"x": 881.0779527559055, "y": 1448.6692913385828, "w": 720.7165354330709, "h": 31.733070866141734, "jsonClass": "Widget"}, {"x": 649.7165354330709, "y": 1339.8913385826772, "w": 27.777952755905513, "h": 27.777952755905513, "jsonClass": "Widget"}, {"x": 801.4000000000001, "y": 1340.1748031496063, "w": 27.777952755905513, "h": 27.777952755905513, "jsonClass": "Widget"}, {"x": 954.5275590551181, "y": 1341.6, "w": 27.777952755905513, "h": 27.777952755905513, "jsonClass": "Widget"}, {"x": 653.355905511811, "y": 1142.6692913385828, "w": 868.4889763779528, "h": 35.51968503937008, "jsonClass": "Widget"}, {"x": 273.5968503937008, "y": 1142.6692913385828, "w": 235.36929133858268, "h": 35.51968503937008, "jsonClass": "Widget"}, {"x": 276.1023622047244, "y": 1211.3614173228345, "w": 91.61417322834646, "h": 36.92755905511811, "jsonClass": "Widget"}, {"x": 517.1196850393701, "y": 1211.3614173228345, "w": 91.61417322834646, "h": 36.92755905511811, "jsonClass": "Widget"}, {"x": 849.992125984252, "y": 1211.3614173228345, "w": 240.51102362204725, "h": 36.92755905511811, "jsonClass": "Widget"}, {"x": 1141.3858267716535, "y": 1211.3614173228345, "w": 189.58346456692914, "h": 36.92755905511811, "jsonClass": "Widget"}, {"x": 165.44173228346455, "y": 1072.6614173228345, "w": 1439.1251968503936, "h": 35.51968503937008, "jsonClass": "Widget"}, {"x": 982.1330708661417, "y": 1903.755905511811, "w": 629.7637795275591, "h": 46.196850393700785, "jsonClass": "Widget"}, {"x": 107.95275590551182, "y": 1574.1669291338583, "w": 563.9055118110236, "h": 35.51968503937008, "jsonClass": "Widget"}, {"x": 694.5, "y": 1571.03125, "w": 40, "h": 39, "jsonClass": "Widget"}, {"x": 759.6141732283464, "y": 1574.1669291338583, "w": 848.7559055118111, "h": 35.51968503937008, "jsonClass": "Widget"}, {"x": 103.06377952755906, "y": 1908.708661417323, "w": 133.60551181102363, "h": 35.63858267716535, "jsonClass": "Widget"}, {"x": 292.644094488189, "y": 1908.708661417323, "w": 139.99212598425197, "h": 35.63858267716535, "jsonClass": "Widget"}, {"x": 484.8196850393701, "y": 1908.708661417323, "w": 190.88031496062993, "h": 35.63858267716535, "jsonClass": "Widget"}, {"x": 107.5496062992126, "y": 2003.1023622047246, "w": 27.777952755905513, "h": 27.777952755905513, "jsonClass": "Widget"}, {"x": 107.5496062992126, "y": 2055.3779527559054, "w": 27.777952755905513, "h": 27.777952755905513, "jsonClass": "Widget"}, {"x": 802.3527559055118, "y": 2004.6779527559056, "w": 27.777952755905513, "h": 27.777952755905513, "jsonClass": "Widget"}, {"x": 802.3220472440945, "y": 2058.102362204724, "w": 27.777952755905513, "h": 27.777952755905513, "jsonClass": "Widget"}, {"x": 170.48897637795275, "y": 1661.3220472440946, "w": 1440.4251968503938, "h": 35.51968503937008, "jsonClass": "Widget"}, {"x": 523.2614173228346, "y": 1797.9748031496063, "w": 91.61417322834646, "h": 36.92755905511811, "jsonClass": "Widget"}, {"x": 856.1330708661418, "y": 1797.9748031496063, "w": 240.51102362204725, "h": 36.92755905511811, "jsonClass": "Widget"}, {"x": 1147.5275590551182, "y": 1797.9748031496063, "w": 189.58346456692914, "h": 36.92755905511811, "jsonClass": "Widget"}, {"x": 282.244094488189, "y": 1797.9748031496063, "w": 91.61417322834646, "h": 36.92755905511811, "jsonClass": "Widget"}, {"x": 659.4976377952756, "y": 1729.2834645669293, "w": 868.4889763779528, "h": 35.51968503937008, "jsonClass": "Widget"}, {"x": 279.73858267716537, "y": 1731.3307086614172, "w": 236.87480314960632, "h": 35.51968503937008, "jsonClass": "Widget"}], "ChoiceGroup": [{"x": 81, "y": 799.03125, "w": 618, "h": 88, "jsonClass": "ChoiceGroup"}, {"x": 634, "y": 1265.03125, "w": 611, "h": 119, "jsonClass": "ChoiceGroup"}, {"x": 84, "y": 1949.03125, "w": 1534, "h": 149, "jsonClass": "ChoiceGroup"}], "ChoiceField": [{"x": 125.06692913385827, "y": 851.3023622047244, "w": 83.93307086614173, "h": 25, "jsonClass": "ChoiceField"}, {"x": 274.96377952755904, "y": 850.5779527559056, "w": 76.03622047244096, "h": 25.422047244094415, "jsonClass": "ChoiceField"}, {"x": 649.7165354330709, "y": 1339.8913385826772, "w": 119.28346456692907, "h": 27.777952755905517, "jsonClass": "ChoiceField"}, {"x": 801.4000000000001, "y": 1340.1748031496063, "w": 120.59999999999991, "h": 27.777952755905517, "jsonClass": "ChoiceField"}, {"x": 954.5275590551181, "y": 1341.6, "w": 96.4724409448819, "h": 27.777952755905517, "jsonClass": "ChoiceField"}, {"x": 107.5496062992126, "y": 2002, "w": 430.4503937007874, "h": 28.88031496063013, "jsonClass": "ChoiceField"}, {"x": 107.5496062992126, "y": 2034, "w": 652.4503937007873, "h": 66, "jsonClass": "ChoiceField"}, {"x": 802.3527559055118, "y": 2004, "w": 806.6472440944882, "h": 43, "jsonClass": "ChoiceField"}, {"x": 802.3220472440945, "y": 2056, "w": 792.6779527559055, "h": 43, "jsonClass": "ChoiceField"}], "ChoiceGroupTitle": [{"x": 95, "y": 805, "w": 581, "h": 22, "jsonClass": "ChoiceGroupTitle"}, {"x": 647, "y": 1274, "w": 486, "h": 22, "jsonClass": "ChoiceGroupTitle"}, {"x": 95, "y": 1960, "w": 1118, "h": 23, "jsonClass": "ChoiceGroupTitle"}]}