{"TextBlock": [{"x": 128, "y": 1494, "w": 1464, "h": 330, "jsonClass": "TextBlock"}, {"x": 128, "y": 1846, "w": 1468, "h": 220, "jsonClass": "TextBlock"}, {"x": 128, "y": 1118, "w": 1450, "h": 53, "jsonClass": "TextBlock"}, {"x": 128, "y": 1193, "w": 1413, "h": 53, "jsonClass": "TextBlock"}, {"x": 128, "y": 940, "w": 1448, "h": 108, "jsonClass": "TextBlock"}, {"x": 218, "y": 1071, "w": 822, "h": 25, "jsonClass": "TextBlock"}, {"x": 128, "y": 1071, "w": 90, "h": 25, "jsonClass": "TextBlock"}, {"x": 128, "y": 876, "w": 1454, "h": 53, "jsonClass": "TextBlock"}, {"x": 128, "y": 829, "w": 1221, "h": 25, "jsonClass": "TextBlock"}, {"x": 128, "y": 1268, "w": 1440, "h": 80, "jsonClass": "TextBlock"}, {"x": 135.0000321692655, "y": 1371, "w": 1331.9999678307345, "h": 25, "jsonClass": "TextBlock"}, {"x": 128, "y": 1418, "w": 1443, "h": 53, "jsonClass": "TextBlock"}, {"x": 118, "y": 606, "w": 16, "h": 25, "jsonClass": "TextBlock"}, {"x": 156, "y": 604.03125, "w": 677, "h": 27, "jsonClass": "TextBlock"}, {"x": 118, "y": 661, "w": 16, "h": 25, "jsonClass": "TextBlock"}, {"x": 157.00000459560937, "y": 659.0312357953537, "w": 889.9999816175625, "h": 28.968778409292668, "jsonClass": "TextBlock"}, {"x": 118, "y": 717, "w": 16, "h": 25, "jsonClass": "TextBlock"}, {"x": 168, "y": 717, "w": 1421, "h": 25, "jsonClass": "TextBlock"}, {"x": 120, "y": 300, "w": 17, "h": 25, "jsonClass": "TextBlock"}, {"x": 170, "y": 300, "w": 1148, "h": 25, "jsonClass": "TextBlock"}, {"x": 120, "y": 347, "w": 17, "h": 25, "jsonClass": "TextBlock"}, {"x": 170, "y": 347, "w": 1033, "h": 25, "jsonClass": "TextBlock"}, {"x": 120, "y": 394, "w": 17, "h": 25, "jsonClass": "TextBlock"}, {"x": 170, "y": 394, "w": 1263, "h": 25, "jsonClass": "TextBlock"}, {"x": 120, "y": 442, "w": 17, "h": 25, "jsonClass": "TextBlock"}, {"x": 170, "y": 442, "w": 1430, "h": 59, "jsonClass": "TextBlock"}, {"x": 117.99999080878126, "y": 225, "w": 1480.0000091912189, "h": 53, "jsonClass": "TextBlock"}, {"x": 98, "y": 2103, "w": 208, "h": 45, "jsonClass": "TextBlock"}, {"x": 128, "y": 782, "w": 165, "h": 25, "jsonClass": "SectionTitle"}, {"x": 118, "y": 556, "w": 1161, "h": 25, "jsonClass": "SectionTitle"}, {"x": 764, "y": 189, "w": 194, "h": 25, "jsonClass": "SectionTitle"}, {"x": 468, "y": 90, "w": 845, "h": 61, "jsonClass": "HeaderTitle"}], "TextRun": [{"x": 128, "y": 1494, "w": 1389, "h": 25, "jsonClass": "TextRun"}, {"x": 128, "y": 1521, "w": 1464, "h": 25, "jsonClass": "TextRun"}, {"x": 128, "y": 1549, "w": 1458, "h": 25, "jsonClass": "TextRun"}, {"x": 128, "y": 1577, "w": 1454, "h": 25, "jsonClass": "TextRun"}, {"x": 128, "y": 1605, "w": 1418, "h": 25, "jsonClass": "TextRun"}, {"x": 128, "y": 1633, "w": 1457, "h": 25, "jsonClass": "TextRun"}, {"x": 128, "y": 1660, "w": 1444, "h": 25, "jsonClass": "TextRun"}, {"x": 128, "y": 1688, "w": 1388, "h": 25, "jsonClass": "TextRun"}, {"x": 128, "y": 1716, "w": 1366, "h": 25, "jsonClass": "TextRun"}, {"x": 128, "y": 1744, "w": 1418, "h": 25, "jsonClass": "TextRun"}, {"x": 128, "y": 1771, "w": 1384, "h": 25, "jsonClass": "TextRun"}, {"x": 128, "y": 1799, "w": 619, "h": 25, "jsonClass": "TextRun"}, {"x": 128, "y": 1846, "w": 1415, "h": 25, "jsonClass": "TextRun"}, {"x": 128, "y": 1874, "w": 1441, "h": 25, "jsonClass": "TextRun"}, {"x": 128, "y": 1902, "w": 1461, "h": 25, "jsonClass": "TextRun"}, {"x": 128, "y": 1930, "w": 1423, "h": 25, "jsonClass": "TextRun"}, {"x": 128, "y": 1958, "w": 1429, "h": 25, "jsonClass": "TextRun"}, {"x": 128, "y": 1985, "w": 1468, "h": 25, "jsonClass": "TextRun"}, {"x": 128, "y": 2013, "w": 1458, "h": 25, "jsonClass": "TextRun"}, {"x": 128, "y": 2041, "w": 763, "h": 25, "jsonClass": "TextRun"}, {"x": 128, "y": 1118, "w": 1425, "h": 25, "jsonClass": "TextRun"}, {"x": 128, "y": 1146, "w": 1450, "h": 25, "jsonClass": "TextRun"}, {"x": 128, "y": 1193, "w": 1413, "h": 25, "jsonClass": "TextRun"}, {"x": 128, "y": 1221, "w": 554, "h": 25, "jsonClass": "TextRun"}, {"x": 128, "y": 940, "w": 1420, "h": 25, "jsonClass": "TextRun"}, {"x": 128, "y": 968, "w": 1448, "h": 25, "jsonClass": "TextRun"}, {"x": 128, "y": 996, "w": 1446, "h": 25, "jsonClass": "TextRun"}, {"x": 128, "y": 1023, "w": 122, "h": 25, "jsonClass": "TextRun"}, {"x": 218, "y": 1071, "w": 822, "h": 25, "jsonClass": "TextRun"}, {"x": 128, "y": 1071, "w": 90, "h": 25, "jsonClass": "TextRun"}, {"x": 128, "y": 876, "w": 1454, "h": 25, "jsonClass": "TextRun"}, {"x": 128, "y": 904, "w": 1428, "h": 25, "jsonClass": "TextRun"}, {"x": 128, "y": 829, "w": 1221, "h": 25, "jsonClass": "TextRun"}, {"x": 128, "y": 1268, "w": 1440, "h": 25, "jsonClass": "TextRun"}, {"x": 128, "y": 1296, "w": 1368, "h": 25, "jsonClass": "TextRun"}, {"x": 128, "y": 1323, "w": 1332, "h": 25, "jsonClass": "TextRun"}, {"x": 128, "y": 1371, "w": 1339, "h": 25, "jsonClass": "TextRun"}, {"x": 128, "y": 1418, "w": 1443, "h": 25, "jsonClass": "TextRun"}, {"x": 128, "y": 1446, "w": 989, "h": 25, "jsonClass": "TextRun"}, {"x": 128, "y": 782, "w": 165, "h": 25, "jsonClass": "TextRun"}, {"x": 118, "y": 606, "w": 16, "h": 25, "jsonClass": "TextRun"}, {"x": 156, "y": 604.03125, "w": 34, "h": 27, "jsonClass": "TextRun"}, {"x": 191, "y": 606, "w": 642, "h": 25, "jsonClass": "TextRun"}, {"x": 118, "y": 661, "w": 16, "h": 25, "jsonClass": "TextRun"}, {"x": 191, "y": 661, "w": 859, "h": 25, "jsonClass": "TextRun"}, {"x": 156, "y": 661.03125, "w": 30, "h": 25, "jsonClass": "TextRun"}, {"x": 118, "y": 717, "w": 16, "h": 25, "jsonClass": "TextRun"}, {"x": 168, "y": 717, "w": 1421, "h": 25, "jsonClass": "TextRun"}, {"x": 118, "y": 556, "w": 1161, "h": 25, "jsonClass": "TextRun"}, {"x": 120, "y": 300, "w": 17, "h": 25, "jsonClass": "TextRun"}, {"x": 170, "y": 300, "w": 1148, "h": 25, "jsonClass": "TextRun"}, {"x": 120, "y": 347, "w": 17, "h": 25, "jsonClass": "TextRun"}, {"x": 170, "y": 347, "w": 1033, "h": 25, "jsonClass": "TextRun"}, {"x": 120, "y": 394, "w": 17, "h": 25, "jsonClass": "TextRun"}, {"x": 170, "y": 394, "w": 1263, "h": 25, "jsonClass": "TextRun"}, {"x": 120, "y": 442, "w": 17, "h": 25, "jsonClass": "TextRun"}, {"x": 170, "y": 442, "w": 1430, "h": 25, "jsonClass": "TextRun"}, {"x": 170, "y": 476, "w": 1102, "h": 25, "jsonClass": "TextRun"}, {"x": 120, "y": 225, "w": 1478, "h": 25, "jsonClass": "TextRun"}, {"x": 120, "y": 253, "w": 481, "h": 25, "jsonClass": "TextRun"}, {"x": 764, "y": 189, "w": 194, "h": 25, "jsonClass": "TextRun"}, {"x": 468, "y": 90, "w": 845, "h": 28, "jsonClass": "TextRun"}, {"x": 655, "y": 129, "w": 463, "h": 22, "jsonClass": "TextRun"}, {"x": 98, "y": 2103, "w": 208, "h": 22, "jsonClass": "TextRun"}, {"x": 98, "y": 2125, "w": 100, "h": 23, "jsonClass": "TextRun"}], "List": [{"x": 106, "y": 593.03125, "w": 1493, "h": 158, "jsonClass": "List"}, {"x": 109, "y": 289.03125, "w": 1500, "h": 225, "jsonClass": "List"}]}