{"List": [{"x": 106, "y": 1018.03125, "w": 662, "h": 40, "jsonClass": "List"}, {"x": 99, "y": 344.03125, "w": 1009, "h": 110, "jsonClass": "List"}, {"x": 105, "y": 500.03125, "w": 1441, "h": 273, "jsonClass": "List"}, {"x": 100, "y": 815.03125, "w": 1112, "h": 80, "jsonClass": "List"}, {"x": 97, "y": 1264.03125, "w": 1439, "h": 58, "jsonClass": "List"}, {"x": 105, "y": 929.03125, "w": 609, "h": 41, "jsonClass": "List"}, {"x": 102, "y": 1096.03125, "w": 646, "h": 45, "jsonClass": "List"}, {"x": 100, "y": 1184.03125, "w": 999, "h": 44, "jsonClass": "List"}, {"x": 97, "y": 1366.03125, "w": 1106, "h": 37, "jsonClass": "List"}, {"x": 100, "y": 1453.03125, "w": 968, "h": 39, "jsonClass": "List"}, {"x": 100, "y": 1537.03125, "w": 1475, "h": 166, "jsonClass": "List"}, {"x": 100, "y": 1747.03125, "w": 836, "h": 52, "jsonClass": "List"}, {"x": 94, "y": 1832.03125, "w": 821, "h": 81, "jsonClass": "List"}, {"x": 94, "y": 1954.03125, "w": 1361, "h": 36, "jsonClass": "List"}], "TextBlock": [{"x": 115, "y": 1021.03125, "w": 20, "h": 16, "jsonClass": "TextBlock"}, {"x": 139, "y": 1023, "w": 607, "h": 22, "jsonClass": "TextBlock"}, {"x": 111, "y": 352.03125, "w": 22, "h": 30, "jsonClass": "TextBlock"}, {"x": 132, "y": 356, "w": 963, "h": 23, "jsonClass": "TextBlock"}, {"x": 109, "y": 389.03125, "w": 24, "h": 24, "jsonClass": "TextBlock"}, {"x": 139, "y": 390, "w": 673, "h": 22, "jsonClass": "TextBlock"}, {"x": 109, "y": 416.03125, "w": 24, "h": 27, "jsonClass": "TextBlock"}, {"x": 139, "y": 423, "w": 547, "h": 22, "jsonClass": "TextBlock"}, {"x": 117, "y": 505.03125, "w": 18, "h": 22, "jsonClass": "TextBlock"}, {"x": 139, "y": 506, "w": 436, "h": 23, "jsonClass": "TextBlock"}, {"x": 117, "y": 539.03125, "w": 18, "h": 30, "jsonClass": "TextBlock"}, {"x": 139, "y": 540, "w": 652, "h": 22, "jsonClass": "TextBlock"}, {"x": 114, "y": 571.03125, "w": 21, "h": 25, "jsonClass": "TextBlock"}, {"x": 139, "y": 573, "w": 1405, "h": 22, "jsonClass": "TextBlock"}, {"x": 114, "y": 601.03125, "w": 19, "h": 25, "jsonClass": "TextBlock"}, {"x": 139, "y": 606, "w": 665, "h": 23, "jsonClass": "TextBlock"}, {"x": 117, "y": 637.03125, "w": 18, "h": 24, "jsonClass": "TextBlock"}, {"x": 139, "y": 640, "w": 510, "h": 22, "jsonClass": "TextBlock"}, {"x": 117, "y": 671.03125, "w": 18, "h": 30, "jsonClass": "TextBlock"}, {"x": 139, "y": 673, "w": 450, "h": 22, "jsonClass": "TextBlock"}, {"x": 108, "y": 707.03125, "w": 31, "h": 24, "jsonClass": "TextBlock"}, {"x": 139, "y": 706, "w": 626, "h": 23, "jsonClass": "TextBlock"}, {"x": 114, "y": 737.03125, "w": 25, "h": 23, "jsonClass": "TextBlock"}, {"x": 139, "y": 740, "w": 580, "h": 22, "jsonClass": "TextBlock"}, {"x": 111, "y": 818.03125, "w": 25, "h": 26, "jsonClass": "TextBlock"}, {"x": 139, "y": 823, "w": 721, "h": 22, "jsonClass": "TextBlock"}, {"x": 108, "y": 856.03125, "w": 31, "h": 19, "jsonClass": "TextBlock"}, {"x": 139, "y": 856, "w": 1065, "h": 23, "jsonClass": "TextBlock"}, {"x": 83, "y": 231, "w": 1503, "h": 58, "jsonClass": "TextBlock"}, {"x": 106.99999080878128, "y": 1268.0312357953537, "w": 26, "h": 33, "jsonClass": "TextBlock"}, {"x": 139, "y": 1271, "w": 1390, "h": 45, "jsonClass": "TextBlock"}, {"x": 117, "y": 938.03125, "w": 24, "h": 24, "jsonClass": "TextBlock"}, {"x": 139, "y": 940, "w": 550, "h": 22, "jsonClass": "TextBlock"}, {"x": 108, "y": 1099.03125, "w": 33, "h": 31, "jsonClass": "TextBlock"}, {"x": 138, "y": 1106, "w": 574, "h": 23, "jsonClass": "TextBlock"}, {"x": 83, "y": 2017, "w": 1495, "h": 61, "jsonClass": "TextBlock"}, {"x": 109, "y": 1187.03125, "w": 29, "h": 27, "jsonClass": "TextBlock"}, {"x": 139, "y": 1192, "w": 949, "h": 22, "jsonClass": "TextBlock"}, {"x": 103, "y": 1367.03125, "w": 35, "h": 29, "jsonClass": "TextBlock"}, {"x": 139, "y": 1375, "w": 1040, "h": 23, "jsonClass": "TextBlock"}, {"x": 108, "y": 1460.03125, "w": 31, "h": 30, "jsonClass": "TextBlock"}, {"x": 139, "y": 1459, "w": 916, "h": 22, "jsonClass": "TextBlock"}, {"x": 114, "y": 1544.03125, "w": 24, "h": 27, "jsonClass": "TextBlock"}, {"x": 139, "y": 1542, "w": 797, "h": 22, "jsonClass": "TextBlock"}, {"x": 111, "y": 1573.03125, "w": 27, "h": 28, "jsonClass": "TextBlock"}, {"x": 139, "y": 1575, "w": 1421, "h": 23, "jsonClass": "TextBlock"}, {"x": 114, "y": 1634.03125, "w": 24, "h": 32, "jsonClass": "TextBlock"}, {"x": 139, "y": 1609, "w": 1307, "h": 22, "jsonClass": "TextBlock"}, {"x": 112, "y": 1606.03125, "w": 26, "h": 24, "jsonClass": "TextBlock"}, {"x": 139, "y": 1642, "w": 875, "h": 22, "jsonClass": "TextBlock"}, {"x": 115, "y": 1670.03125, "w": 20, "h": 24, "jsonClass": "TextBlock"}, {"x": 139, "y": 1675, "w": 1224, "h": 23, "jsonClass": "TextBlock"}, {"x": 112, "y": 1751.03125, "w": 21, "h": 32, "jsonClass": "TextBlock"}, {"x": 139, "y": 1759, "w": 790, "h": 22, "jsonClass": "TextBlock"}, {"x": 100, "y": 1836.0312357953537, "w": 33, "h": 20, "jsonClass": "TextBlock"}, {"x": 132, "y": 1840, "w": 570, "h": 22, "jsonClass": "TextBlock"}, {"x": 108, "y": 1873.03125, "w": 28, "h": 18, "jsonClass": "TextBlock"}, {"x": 132, "y": 1875, "w": 742, "h": 23, "jsonClass": "TextBlock"}, {"x": 100, "y": 1954.03125, "w": 32, "h": 25, "jsonClass": "TextBlock"}, {"x": 139, "y": 1956, "w": 1304, "h": 23, "jsonClass": "TextBlock"}, {"x": 195, "y": 53.03125, "w": 312, "h": 72, "jsonClass": "TextBlock"}, {"x": 87, "y": 2117, "w": 272, "h": 19, "jsonClass": "TextBlock"}, {"x": 1508, "y": 2107, "w": 72, "h": 22, "jsonClass": "TextBlock"}, {"x": 83, "y": 988, "w": 1035, "h": 25, "jsonClass": "SectionTitle"}, {"x": 85, "y": 321, "w": 509, "h": 25, "jsonClass": "SectionTitle"}, {"x": 83, "y": 471, "w": 424, "h": 25, "jsonClass": "SectionTitle"}, {"x": 83, "y": 788, "w": 741, "h": 25, "jsonClass": "SectionTitle"}, {"x": 83, "y": 1238, "w": 782, "h": 25, "jsonClass": "SectionTitle"}, {"x": 83, "y": 904, "w": 482, "h": 25, "jsonClass": "SectionTitle"}, {"x": 83, "y": 1071, "w": 609, "h": 25, "jsonClass": "SectionTitle"}, {"x": 83, "y": 1154, "w": 709, "h": 25, "jsonClass": "SectionTitle"}, {"x": 83, "y": 1338, "w": 1116, "h": 25, "jsonClass": "SectionTitle"}, {"x": 83, "y": 1421, "w": 552, "h": 25, "jsonClass": "SectionTitle"}, {"x": 83, "y": 1504, "w": 582, "h": 25, "jsonClass": "SectionTitle"}, {"x": 83, "y": 1721, "w": 560, "h": 25, "jsonClass": "SectionTitle"}, {"x": 83, "y": 1804, "w": 546, "h": 25, "jsonClass": "SectionTitle"}, {"x": 83, "y": 1921, "w": 983, "h": 25, "jsonClass": "SectionTitle"}, {"x": 358, "y": 155, "w": 1001, "h": 58, "jsonClass": "HeaderTitle"}], "TextRun": [{"x": 115, "y": 1021.03125, "w": 20, "h": 16, "jsonClass": "TextRun"}, {"x": 139, "y": 1023, "w": 181, "h": 22, "jsonClass": "TextRun"}, {"x": 320, "y": 1023, "w": 426, "h": 22, "jsonClass": "TextRun"}, {"x": 83, "y": 988, "w": 38, "h": 25, "jsonClass": "TextRun"}, {"x": 121, "y": 988, "w": 744, "h": 25, "jsonClass": "TextRun"}, {"x": 865, "y": 988, "w": 253, "h": 25, "jsonClass": "TextRun"}, {"x": 111, "y": 352.03125, "w": 22, "h": 30, "jsonClass": "TextRun"}, {"x": 132, "y": 356, "w": 203, "h": 23, "jsonClass": "TextRun"}, {"x": 347, "y": 356, "w": 748, "h": 23, "jsonClass": "TextRun"}, {"x": 109, "y": 389.03125, "w": 24, "h": 24, "jsonClass": "TextRun"}, {"x": 139, "y": 390, "w": 181, "h": 22, "jsonClass": "TextRun"}, {"x": 332, "y": 390, "w": 480, "h": 22, "jsonClass": "TextRun"}, {"x": 109, "y": 416.03125, "w": 24, "h": 27, "jsonClass": "TextRun"}, {"x": 139, "y": 423, "w": 180, "h": 22, "jsonClass": "TextRun"}, {"x": 331, "y": 423, "w": 355, "h": 22, "jsonClass": "TextRun"}, {"x": 85, "y": 321, "w": 38, "h": 25, "jsonClass": "TextRun"}, {"x": 123, "y": 321, "w": 225, "h": 25, "jsonClass": "TextRun"}, {"x": 348, "y": 321, "w": 246, "h": 25, "jsonClass": "TextRun"}, {"x": 117, "y": 505.03125, "w": 18, "h": 22, "jsonClass": "TextRun"}, {"x": 139, "y": 506, "w": 197, "h": 23, "jsonClass": "TextRun"}, {"x": 348, "y": 506, "w": 227, "h": 23, "jsonClass": "TextRun"}, {"x": 117, "y": 539.03125, "w": 18, "h": 30, "jsonClass": "TextRun"}, {"x": 139, "y": 540, "w": 168, "h": 22, "jsonClass": "TextRun"}, {"x": 307, "y": 540, "w": 484, "h": 22, "jsonClass": "TextRun"}, {"x": 114, "y": 571.03125, "w": 21, "h": 25, "jsonClass": "TextRun"}, {"x": 139, "y": 573, "w": 195, "h": 22, "jsonClass": "TextRun"}, {"x": 334, "y": 573, "w": 1210, "h": 22, "jsonClass": "TextRun"}, {"x": 114, "y": 601.03125, "w": 19, "h": 25, "jsonClass": "TextRun"}, {"x": 139, "y": 606, "w": 195, "h": 23, "jsonClass": "TextRun"}, {"x": 334, "y": 606, "w": 470, "h": 23, "jsonClass": "TextRun"}, {"x": 117, "y": 637.03125, "w": 18, "h": 24, "jsonClass": "TextRun"}, {"x": 139, "y": 640, "w": 180, "h": 22, "jsonClass": "TextRun"}, {"x": 319, "y": 640, "w": 330, "h": 22, "jsonClass": "TextRun"}, {"x": 117, "y": 671.03125, "w": 18, "h": 30, "jsonClass": "TextRun"}, {"x": 139, "y": 673, "w": 195, "h": 22, "jsonClass": "TextRun"}, {"x": 334, "y": 673, "w": 255, "h": 22, "jsonClass": "TextRun"}, {"x": 108, "y": 707.03125, "w": 31, "h": 24, "jsonClass": "TextRun"}, {"x": 139, "y": 706, "w": 180, "h": 23, "jsonClass": "TextRun"}, {"x": 319, "y": 706, "w": 446, "h": 23, "jsonClass": "TextRun"}, {"x": 114, "y": 737.03125, "w": 25, "h": 23, "jsonClass": "TextRun"}, {"x": 139, "y": 740, "w": 44, "h": 22, "jsonClass": "TextRun"}, {"x": 183, "y": 740, "w": 536, "h": 22, "jsonClass": "TextRun"}, {"x": 83, "y": 471, "w": 38, "h": 25, "jsonClass": "TextRun"}, {"x": 121, "y": 471, "w": 133, "h": 25, "jsonClass": "TextRun"}, {"x": 254, "y": 471, "w": 253, "h": 25, "jsonClass": "TextRun"}, {"x": 111, "y": 818.03125, "w": 25, "h": 26, "jsonClass": "TextRun"}, {"x": 139, "y": 823, "w": 168, "h": 22, "jsonClass": "TextRun"}, {"x": 307, "y": 823, "w": 553, "h": 22, "jsonClass": "TextRun"}, {"x": 108, "y": 856.03125, "w": 31, "h": 19, "jsonClass": "TextRun"}, {"x": 139, "y": 856, "w": 181, "h": 23, "jsonClass": "TextRun"}, {"x": 326, "y": 856, "w": 878, "h": 23, "jsonClass": "TextRun"}, {"x": 83, "y": 788, "w": 38, "h": 25, "jsonClass": "TextRun"}, {"x": 121, "y": 788, "w": 317, "h": 25, "jsonClass": "TextRun"}, {"x": 438, "y": 788, "w": 119, "h": 25, "jsonClass": "TextRun"}, {"x": 571, "y": 788, "w": 253, "h": 25, "jsonClass": "TextRun"}, {"x": 83, "y": 231, "w": 189, "h": 27, "jsonClass": "TextRun"}, {"x": 272, "y": 231, "w": 975, "h": 27, "jsonClass": "TextRun"}, {"x": 1247, "y": 231, "w": 183, "h": 27, "jsonClass": "TextRun"}, {"x": 1437, "y": 231, "w": 149, "h": 27, "jsonClass": "TextRun"}, {"x": 83, "y": 261, "w": 294, "h": 28, "jsonClass": "TextRun"}, {"x": 377, "y": 261, "w": 249, "h": 28, "jsonClass": "TextRun"}, {"x": 106.99999080878128, "y": 1268.0312357953537, "w": 26, "h": 33, "jsonClass": "TextRun"}, {"x": 139, "y": 1271, "w": 180, "h": 22, "jsonClass": "TextRun"}, {"x": 319, "y": 1271, "w": 974, "h": 22, "jsonClass": "TextRun"}, {"x": 1293, "y": 1271, "w": 37, "h": 22, "jsonClass": "TextRun"}, {"x": 1337, "y": 1271, "w": 192, "h": 22, "jsonClass": "TextRun"}, {"x": 139, "y": 1294, "w": 935, "h": 22, "jsonClass": "TextRun"}, {"x": 83, "y": 1238, "w": 38, "h": 25, "jsonClass": "TextRun"}, {"x": 121, "y": 1238, "w": 339, "h": 25, "jsonClass": "TextRun"}, {"x": 460, "y": 1238, "w": 139, "h": 25, "jsonClass": "TextRun"}, {"x": 613, "y": 1238, "w": 252, "h": 25, "jsonClass": "TextRun"}, {"x": 117, "y": 938.03125, "w": 24, "h": 24, "jsonClass": "TextRun"}, {"x": 139, "y": 940, "w": 181, "h": 22, "jsonClass": "TextRun"}, {"x": 320, "y": 940, "w": 369, "h": 22, "jsonClass": "TextRun"}, {"x": 83, "y": 904, "w": 38, "h": 25, "jsonClass": "TextRun"}, {"x": 121, "y": 904, "w": 192, "h": 25, "jsonClass": "TextRun"}, {"x": 313, "y": 904, "w": 252, "h": 25, "jsonClass": "TextRun"}, {"x": 108, "y": 1099.03125, "w": 33, "h": 31, "jsonClass": "TextRun"}, {"x": 138, "y": 1106, "w": 183, "h": 23, "jsonClass": "TextRun"}, {"x": 321, "y": 1106, "w": 391, "h": 23, "jsonClass": "TextRun"}, {"x": 83, "y": 1071, "w": 38, "h": 25, "jsonClass": "TextRun"}, {"x": 121, "y": 1071, "w": 318, "h": 25, "jsonClass": "TextRun"}, {"x": 439, "y": 1071, "w": 253, "h": 25, "jsonClass": "TextRun"}, {"x": 83, "y": 2017, "w": 94, "h": 27, "jsonClass": "TextRun"}, {"x": 177, "y": 2017, "w": 706, "h": 27, "jsonClass": "TextRun"}, {"x": 883, "y": 2017, "w": 161, "h": 27, "jsonClass": "TextRun"}, {"x": 1044, "y": 2017, "w": 180, "h": 27, "jsonClass": "TextRun"}, {"x": 1224, "y": 2017, "w": 215, "h": 27, "jsonClass": "TextRun"}, {"x": 1439, "y": 2017, "w": 134, "h": 27, "jsonClass": "TextRun"}, {"x": 83, "y": 2050, "w": 1495, "h": 28, "jsonClass": "TextRun"}, {"x": 109, "y": 1187.03125, "w": 29, "h": 27, "jsonClass": "TextRun"}, {"x": 139, "y": 1192, "w": 180, "h": 22, "jsonClass": "TextRun"}, {"x": 319, "y": 1192, "w": 769, "h": 22, "jsonClass": "TextRun"}, {"x": 83, "y": 1154, "w": 38, "h": 25, "jsonClass": "TextRun"}, {"x": 121, "y": 1154, "w": 418, "h": 25, "jsonClass": "TextRun"}, {"x": 539, "y": 1154, "w": 253, "h": 25, "jsonClass": "TextRun"}, {"x": 103, "y": 1367.03125, "w": 35, "h": 29, "jsonClass": "TextRun"}, {"x": 139, "y": 1376, "w": 180, "h": 22, "jsonClass": "TextRun"}, {"x": 319, "y": 1375, "w": 860, "h": 23, "jsonClass": "TextRun"}, {"x": 83, "y": 1338, "w": 38, "h": 25, "jsonClass": "TextRun"}, {"x": 121, "y": 1338, "w": 825, "h": 25, "jsonClass": "TextRun"}, {"x": 946, "y": 1338, "w": 253, "h": 25, "jsonClass": "TextRun"}, {"x": 108, "y": 1460.03125, "w": 31, "h": 30, "jsonClass": "TextRun"}, {"x": 139, "y": 1459, "w": 180, "h": 22, "jsonClass": "TextRun"}, {"x": 319, "y": 1459, "w": 736, "h": 22, "jsonClass": "TextRun"}, {"x": 83, "y": 1421, "w": 38, "h": 25, "jsonClass": "TextRun"}, {"x": 121, "y": 1421, "w": 261, "h": 25, "jsonClass": "TextRun"}, {"x": 382, "y": 1421, "w": 253, "h": 25, "jsonClass": "TextRun"}, {"x": 114, "y": 1544.03125, "w": 24, "h": 27, "jsonClass": "TextRun"}, {"x": 139, "y": 1542, "w": 197, "h": 22, "jsonClass": "TextRun"}, {"x": 336, "y": 1542, "w": 600, "h": 22, "jsonClass": "TextRun"}, {"x": 111, "y": 1573.03125, "w": 27, "h": 28, "jsonClass": "TextRun"}, {"x": 139, "y": 1576, "w": 168, "h": 22, "jsonClass": "TextRun"}, {"x": 307, "y": 1575, "w": 1253, "h": 23, "jsonClass": "TextRun"}, {"x": 114, "y": 1634.03125, "w": 24, "h": 32, "jsonClass": "TextRun"}, {"x": 139, "y": 1609, "w": 181, "h": 22, "jsonClass": "TextRun"}, {"x": 320, "y": 1609, "w": 1126, "h": 22, "jsonClass": "TextRun"}, {"x": 112, "y": 1606.03125, "w": 26, "h": 24, "jsonClass": "TextRun"}, {"x": 139, "y": 1642, "w": 168, "h": 22, "jsonClass": "TextRun"}, {"x": 307, "y": 1642, "w": 707, "h": 22, "jsonClass": "TextRun"}, {"x": 115, "y": 1670.03125, "w": 20, "h": 24, "jsonClass": "TextRun"}, {"x": 139, "y": 1676, "w": 181, "h": 22, "jsonClass": "TextRun"}, {"x": 320, "y": 1675, "w": 1043, "h": 23, "jsonClass": "TextRun"}, {"x": 83, "y": 1504, "w": 38, "h": 25, "jsonClass": "TextRun"}, {"x": 121, "y": 1504, "w": 292, "h": 25, "jsonClass": "TextRun"}, {"x": 413, "y": 1504, "w": 252, "h": 25, "jsonClass": "TextRun"}, {"x": 112, "y": 1751.03125, "w": 21, "h": 32, "jsonClass": "TextRun"}, {"x": 139, "y": 1759, "w": 168, "h": 22, "jsonClass": "TextRun"}, {"x": 307, "y": 1759, "w": 622, "h": 22, "jsonClass": "TextRun"}, {"x": 83, "y": 1721, "w": 38, "h": 25, "jsonClass": "TextRun"}, {"x": 121, "y": 1721, "w": 269, "h": 25, "jsonClass": "TextRun"}, {"x": 390, "y": 1721, "w": 253, "h": 25, "jsonClass": "TextRun"}, {"x": 100, "y": 1836.0312357953537, "w": 33, "h": 20, "jsonClass": "TextRun"}, {"x": 132, "y": 1840, "w": 186, "h": 22, "jsonClass": "TextRun"}, {"x": 318, "y": 1840, "w": 384, "h": 22, "jsonClass": "TextRun"}, {"x": 108, "y": 1873.03125, "w": 28, "h": 18, "jsonClass": "TextRun"}, {"x": 132, "y": 1876, "w": 187, "h": 22, "jsonClass": "TextRun"}, {"x": 319, "y": 1875, "w": 555, "h": 23, "jsonClass": "TextRun"}, {"x": 83, "y": 1804, "w": 38, "h": 25, "jsonClass": "TextRun"}, {"x": 121, "y": 1804, "w": 256, "h": 25, "jsonClass": "TextRun"}, {"x": 377, "y": 1804, "w": 252, "h": 25, "jsonClass": "TextRun"}, {"x": 100, "y": 1954.03125, "w": 32, "h": 25, "jsonClass": "TextRun"}, {"x": 139, "y": 1956, "w": 180, "h": 23, "jsonClass": "TextRun"}, {"x": 319, "y": 1956, "w": 1124, "h": 23, "jsonClass": "TextRun"}, {"x": 83, "y": 1921, "w": 38, "h": 25, "jsonClass": "TextRun"}, {"x": 121, "y": 1921, "w": 692, "h": 25, "jsonClass": "TextRun"}, {"x": 813, "y": 1921, "w": 253, "h": 25, "jsonClass": "TextRun"}, {"x": 195, "y": 53.03125, "w": 312, "h": 72, "jsonClass": "TextRun"}, {"x": 358, "y": 155, "w": 1001, "h": 28, "jsonClass": "TextRun"}, {"x": 530, "y": 186, "w": 642, "h": 27, "jsonClass": "TextRun"}, {"x": 87, "y": 2117, "w": 32, "h": 19, "jsonClass": "TextRun"}, {"x": 119, "y": 2117, "w": 240, "h": 19, "jsonClass": "TextRun"}, {"x": 1508, "y": 2107, "w": 72, "h": 22, "jsonClass": "TextRun"}]}