{"TextBlock": [{"x": 1125, "y": 1557, "w": 451, "h": 56, "jsonClass": "TextBlock"}, {"x": 597, "y": 1158, "w": 239, "h": 46, "jsonClass": "TextBlock"}, {"x": 400, "y": 1029, "w": 1041, "h": 24, "jsonClass": "TextBlock"}, {"x": 85, "y": 1101, "w": 354, "h": 34, "jsonClass": "TextBlock"}, {"x": 400, "y": 1056, "w": 902, "h": 25, "jsonClass": "TextBlock"}, {"x": 87, "y": 1427, "w": 173, "h": 33, "jsonClass": "TextBlock"}, {"x": 575, "y": 1766, "w": 66, "h": 25, "jsonClass": "TextBlock"}, {"x": 87, "y": 1834, "w": 173, "h": 33, "jsonClass": "TextBlock"}, {"x": 80, "y": 1158, "w": 205, "h": 46, "jsonClass": "TextBlock"}, {"x": 80, "y": 1506, "w": 354, "h": 33, "jsonClass": "TextBlock"}, {"x": 1125, "y": 1150, "w": 451, "h": 56, "jsonClass": "TextBlock"}, {"x": 581, "y": 1360, "w": 57, "h": 25, "jsonClass": "TextBlock"}, {"x": 597, "y": 1565, "w": 243, "h": 46, "jsonClass": "TextBlock"}, {"x": 80, "y": 1565, "w": 207, "h": 46, "jsonClass": "TextBlock"}, {"x": 619, "y": 1213, "w": 59, "h": 34, "jsonClass": "TextBlock"}, {"x": 746, "y": 1213, "w": 44, "h": 34, "jsonClass": "TextBlock"}, {"x": 1405, "y": 1213, "w": 60, "h": 34, "jsonClass": "TextBlock"}, {"x": 1534, "y": 1213, "w": 44, "h": 34, "jsonClass": "TextBlock"}, {"x": 1126, "y": 1255, "w": 59, "h": 34, "jsonClass": "TextBlock"}, {"x": 1305, "y": 1255, "w": 45, "h": 34, "jsonClass": "TextBlock"}, {"x": 478, "y": 1298, "w": 78, "h": 33, "jsonClass": "TextBlock"}, {"x": 608, "y": 1298, "w": 71, "h": 33, "jsonClass": "TextBlock"}, {"x": 735, "y": 1298, "w": 418, "h": 33, "jsonClass": "TextBlock"}, {"x": 1210, "y": 1298, "w": 346, "h": 33, "jsonClass": "TextBlock"}, {"x": 121, "y": 1348, "w": 350, "h": 33, "jsonClass": "TextBlock"}, {"x": 692, "y": 1352, "w": 901, "h": 33, "jsonClass": "TextBlock"}, {"x": 626, "y": 1620, "w": 59, "h": 33, "jsonClass": "TextBlock"}, {"x": 752, "y": 1620, "w": 43, "h": 33, "jsonClass": "TextBlock"}, {"x": 1407, "y": 1622, "w": 59, "h": 34, "jsonClass": "TextBlock"}, {"x": 1526, "y": 1622, "w": 44, "h": 34, "jsonClass": "TextBlock"}, {"x": 1144, "y": 1662, "w": 59, "h": 34, "jsonClass": "TextBlock"}, {"x": 1334, "y": 1662, "w": 44, "h": 34, "jsonClass": "TextBlock"}, {"x": 484, "y": 1705, "w": 78, "h": 33, "jsonClass": "TextBlock"}, {"x": 616, "y": 1705, "w": 70, "h": 33, "jsonClass": "TextBlock"}, {"x": 744, "y": 1705, "w": 418, "h": 33, "jsonClass": "TextBlock"}, {"x": 1218, "y": 1705, "w": 347, "h": 33, "jsonClass": "TextBlock"}, {"x": 692, "y": 1759, "w": 901, "h": 33, "jsonClass": "TextBlock"}, {"x": 120, "y": 1755, "w": 350, "h": 33, "jsonClass": "TextBlock"}, {"x": 165, "y": 123, "w": 511, "h": 35, "jsonClass": "TextBlock"}, {"x": 75, "y": 184, "w": 1535, "h": 108, "jsonClass": "TextBlock"}, {"x": 847, "y": 340, "w": 144, "h": 23, "jsonClass": "TextBlock"}, {"x": 86, "y": 604, "w": 379, "h": 24, "jsonClass": "TextBlock"}, {"x": 86, "y": 339, "w": 137, "h": 24, "jsonClass": "TextBlock"}, {"x": 86, "y": 428, "w": 532, "h": 23, "jsonClass": "TextBlock"}, {"x": 961, "y": 514, "w": 77, "h": 24, "jsonClass": "TextBlock"}, {"x": 1086, "y": 514, "w": 111, "h": 24, "jsonClass": "TextBlock"}, {"x": 1581, "y": 339, "w": 26, "h": 23, "jsonClass": "TextBlock"}, {"x": 86, "y": 514, "w": 53, "h": 24, "jsonClass": "TextBlock"}, {"x": 686, "y": 602, "w": 325, "h": 23, "jsonClass": "TextBlock"}, {"x": 1311, "y": 465, "w": 72, "h": 33, "jsonClass": "TextBlock"}, {"x": 1445, "y": 466, "w": 111, "h": 33, "jsonClass": "TextBlock"}, {"x": 1322, "y": 631, "w": 295, "h": 24, "jsonClass": "TextBlock"}, {"x": 711, "y": 835, "w": 278, "h": 23, "jsonClass": "TextBlock"}, {"x": 80, "y": 782, "w": 205, "h": 45, "jsonClass": "TextBlock"}, {"x": 1283, "y": 983, "w": 315, "h": 29, "jsonClass": "TextBlock"}, {"x": 86, "y": 835, "w": 278, "h": 23, "jsonClass": "TextBlock"}, {"x": 1228, "y": 835, "w": 278, "h": 23, "jsonClass": "TextBlock"}, {"x": 597, "y": 782, "w": 206, "h": 44, "jsonClass": "TextBlock"}, {"x": 1118, "y": 782, "w": 207, "h": 44, "jsonClass": "TextBlock"}, {"x": 271, "y": 738, "w": 60, "h": 34, "jsonClass": "TextBlock"}, {"x": 411, "y": 734, "w": 45, "h": 33, "jsonClass": "TextBlock"}, {"x": 794, "y": 734, "w": 60, "h": 33, "jsonClass": "TextBlock"}, {"x": 956, "y": 734, "w": 44, "h": 33, "jsonClass": "TextBlock"}, {"x": 1326, "y": 734, "w": 59, "h": 33, "jsonClass": "TextBlock"}, {"x": 1478, "y": 734, "w": 45, "h": 33, "jsonClass": "TextBlock"}, {"x": 511, "y": 929, "w": 59, "h": 33, "jsonClass": "TextBlock"}, {"x": 673, "y": 929, "w": 50, "h": 33, "jsonClass": "TextBlock"}, {"x": 1361, "y": 929, "w": 59, "h": 33, "jsonClass": "TextBlock"}, {"x": 1491, "y": 929, "w": 42, "h": 33, "jsonClass": "TextBlock"}, {"x": 988, "y": 979, "w": 60, "h": 33, "jsonClass": "TextBlock"}, {"x": 1138, "y": 979, "w": 45, "h": 33, "jsonClass": "TextBlock"}, {"x": 100, "y": 2066, "w": 337, "h": 24, "jsonClass": "TextBlock"}, {"x": 101, "y": 1940, "w": 1507, "h": 99, "jsonClass": "TextBlock"}, {"x": 1296, "y": 2064, "w": 63, "h": 24, "jsonClass": "TextBlock"}, {"x": 88, "y": 2112, "w": 209, "h": 44, "jsonClass": "TextBlock"}, {"x": 1352, "y": 54, "w": 274, "h": 24, "jsonClass": "TextBlock"}, {"x": 1285, "y": 78, "w": 337, "h": 23, "jsonClass": "TextBlock"}, {"x": 85, "y": 1219, "w": 520, "h": 28, "jsonClass": "ChoiceGroupTitle"}, {"x": 850, "y": 1219, "w": 539, "h": 28, "jsonClass": "ChoiceGroupTitle"}, {"x": 85, "y": 1260, "w": 960, "h": 28, "jsonClass": "ChoiceGroupTitle"}, {"x": 85, "y": 1296, "w": 323, "h": 28, "jsonClass": "ChoiceGroupTitle"}, {"x": 85, "y": 1626, "w": 520, "h": 28, "jsonClass": "ChoiceGroupTitle"}, {"x": 850, "y": 1626, "w": 539, "h": 28, "jsonClass": "ChoiceGroupTitle"}, {"x": 85, "y": 1667, "w": 960, "h": 28, "jsonClass": "ChoiceGroupTitle"}, {"x": 85, "y": 1703, "w": 323, "h": 28, "jsonClass": "ChoiceGroupTitle"}, {"x": 1307, "y": 426, "w": 48, "h": 23, "jsonClass": "ChoiceGroupTitle"}, {"x": 82, "y": 735, "w": 119, "h": 33, "jsonClass": "ChoiceGroupTitle"}, {"x": 603, "y": 735, "w": 109, "h": 33, "jsonClass": "ChoiceGroupTitle"}, {"x": 1120, "y": 737, "w": 118, "h": 33, "jsonClass": "ChoiceGroupTitle"}, {"x": 86, "y": 921, "w": 348, "h": 49, "jsonClass": "ChoiceGroupTitle"}, {"x": 804, "y": 919, "w": 464, "h": 50, "jsonClass": "ChoiceGroupTitle"}, {"x": 80, "y": 978, "w": 852, "h": 33, "jsonClass": "ChoiceGroupTitle"}, {"x": 160, "y": 1041, "w": 205, "h": 26, "jsonClass": "SectionTitle"}, {"x": 171, "y": 308, "w": 1348, "h": 27, "jsonClass": "SectionTitle"}, {"x": 162, "y": 698, "w": 1380, "h": 26, "jsonClass": "SectionTitle"}, {"x": 330, "y": 1902, "w": 1040, "h": 26, "jsonClass": "SectionTitle"}, {"x": 704, "y": 123, "w": 909, "h": 36, "jsonClass": "HeaderTitle"}], "TextRun": [{"x": 1125, "y": 1557, "w": 451, "h": 28, "jsonClass": "TextRun"}, {"x": 1125, "y": 1585, "w": 279, "h": 28, "jsonClass": "TextRun"}, {"x": 597, "y": 1158, "w": 239, "h": 24, "jsonClass": "TextRun"}, {"x": 597, "y": 1181, "w": 152, "h": 23, "jsonClass": "TextRun"}, {"x": 400, "y": 1029, "w": 1041, "h": 24, "jsonClass": "TextRun"}, {"x": 85, "y": 1101, "w": 354, "h": 34, "jsonClass": "TextRun"}, {"x": 400, "y": 1056, "w": 375, "h": 25, "jsonClass": "TextRun"}, {"x": 775, "y": 1056, "w": 71, "h": 25, "jsonClass": "TextRun"}, {"x": 846, "y": 1056, "w": 456, "h": 25, "jsonClass": "TextRun"}, {"x": 87, "y": 1427, "w": 173, "h": 33, "jsonClass": "TextRun"}, {"x": 575, "y": 1766, "w": 66, "h": 25, "jsonClass": "TextRun"}, {"x": 87, "y": 1834, "w": 173, "h": 33, "jsonClass": "TextRun"}, {"x": 80, "y": 1158, "w": 205, "h": 24, "jsonClass": "TextRun"}, {"x": 80, "y": 1181, "w": 152, "h": 23, "jsonClass": "TextRun"}, {"x": 80, "y": 1506, "w": 354, "h": 33, "jsonClass": "TextRun"}, {"x": 1125, "y": 1150, "w": 451, "h": 28, "jsonClass": "TextRun"}, {"x": 1125, "y": 1178, "w": 279, "h": 28, "jsonClass": "TextRun"}, {"x": 581, "y": 1360, "w": 57, "h": 25, "jsonClass": "TextRun"}, {"x": 597, "y": 1565, "w": 243, "h": 24, "jsonClass": "TextRun"}, {"x": 597, "y": 1588, "w": 152, "h": 23, "jsonClass": "TextRun"}, {"x": 80, "y": 1565, "w": 207, "h": 24, "jsonClass": "TextRun"}, {"x": 80, "y": 1588, "w": 152, "h": 23, "jsonClass": "TextRun"}, {"x": 619, "y": 1213, "w": 59, "h": 34, "jsonClass": "TextRun"}, {"x": 746, "y": 1213, "w": 44, "h": 34, "jsonClass": "TextRun"}, {"x": 85, "y": 1219, "w": 520, "h": 28, "jsonClass": "TextRun"}, {"x": 1405, "y": 1213, "w": 60, "h": 34, "jsonClass": "TextRun"}, {"x": 1534, "y": 1213, "w": 44, "h": 34, "jsonClass": "TextRun"}, {"x": 850, "y": 1219, "w": 539, "h": 28, "jsonClass": "TextRun"}, {"x": 1126, "y": 1255, "w": 59, "h": 34, "jsonClass": "TextRun"}, {"x": 1305, "y": 1255, "w": 45, "h": 34, "jsonClass": "TextRun"}, {"x": 85, "y": 1260, "w": 960, "h": 28, "jsonClass": "TextRun"}, {"x": 478, "y": 1298, "w": 78, "h": 33, "jsonClass": "TextRun"}, {"x": 608, "y": 1298, "w": 71, "h": 33, "jsonClass": "TextRun"}, {"x": 735, "y": 1298, "w": 418, "h": 33, "jsonClass": "TextRun"}, {"x": 1210, "y": 1298, "w": 346, "h": 33, "jsonClass": "TextRun"}, {"x": 121, "y": 1348, "w": 128, "h": 33, "jsonClass": "TextRun"}, {"x": 257, "y": 1354, "w": 214, "h": 25, "jsonClass": "TextRun"}, {"x": 692, "y": 1352, "w": 98, "h": 33, "jsonClass": "TextRun"}, {"x": 790, "y": 1357, "w": 803, "h": 27, "jsonClass": "TextRun"}, {"x": 85, "y": 1296, "w": 323, "h": 28, "jsonClass": "TextRun"}, {"x": 626, "y": 1620, "w": 59, "h": 33, "jsonClass": "TextRun"}, {"x": 752, "y": 1620, "w": 43, "h": 33, "jsonClass": "TextRun"}, {"x": 85, "y": 1626, "w": 520, "h": 28, "jsonClass": "TextRun"}, {"x": 1407, "y": 1622, "w": 59, "h": 34, "jsonClass": "TextRun"}, {"x": 1526, "y": 1622, "w": 44, "h": 34, "jsonClass": "TextRun"}, {"x": 850, "y": 1626, "w": 539, "h": 28, "jsonClass": "TextRun"}, {"x": 1144, "y": 1662, "w": 59, "h": 34, "jsonClass": "TextRun"}, {"x": 1334, "y": 1662, "w": 44, "h": 34, "jsonClass": "TextRun"}, {"x": 85, "y": 1667, "w": 960, "h": 28, "jsonClass": "TextRun"}, {"x": 484, "y": 1705, "w": 78, "h": 33, "jsonClass": "TextRun"}, {"x": 616, "y": 1705, "w": 70, "h": 33, "jsonClass": "TextRun"}, {"x": 744, "y": 1705, "w": 418, "h": 33, "jsonClass": "TextRun"}, {"x": 1218, "y": 1705, "w": 347, "h": 33, "jsonClass": "TextRun"}, {"x": 692, "y": 1759, "w": 89, "h": 33, "jsonClass": "TextRun"}, {"x": 790, "y": 1764, "w": 803, "h": 26, "jsonClass": "TextRun"}, {"x": 120, "y": 1755, "w": 137, "h": 33, "jsonClass": "TextRun"}, {"x": 257, "y": 1761, "w": 213, "h": 25, "jsonClass": "TextRun"}, {"x": 85, "y": 1703, "w": 323, "h": 28, "jsonClass": "TextRun"}, {"x": 160, "y": 1041, "w": 205, "h": 26, "jsonClass": "TextRun"}, {"x": 165, "y": 123, "w": 511, "h": 35, "jsonClass": "TextRun"}, {"x": 75, "y": 184, "w": 1294, "h": 25, "jsonClass": "TextRun"}, {"x": 1369, "y": 184, "w": 56, "h": 25, "jsonClass": "TextRun"}, {"x": 1425, "y": 184, "w": 185, "h": 25, "jsonClass": "TextRun"}, {"x": 95, "y": 212, "w": 1503, "h": 25, "jsonClass": "TextRun"}, {"x": 76, "y": 239, "w": 1534, "h": 25, "jsonClass": "TextRun"}, {"x": 173, "y": 267, "w": 1339, "h": 25, "jsonClass": "TextRun"}, {"x": 847, "y": 340, "w": 144, "h": 23, "jsonClass": "TextRun"}, {"x": 86, "y": 604, "w": 379, "h": 24, "jsonClass": "TextRun"}, {"x": 86, "y": 339, "w": 137, "h": 24, "jsonClass": "TextRun"}, {"x": 86, "y": 428, "w": 532, "h": 23, "jsonClass": "TextRun"}, {"x": 961, "y": 514, "w": 77, "h": 24, "jsonClass": "TextRun"}, {"x": 1086, "y": 514, "w": 111, "h": 24, "jsonClass": "TextRun"}, {"x": 1581, "y": 339, "w": 26, "h": 23, "jsonClass": "TextRun"}, {"x": 86, "y": 514, "w": 53, "h": 24, "jsonClass": "TextRun"}, {"x": 686, "y": 602, "w": 325, "h": 23, "jsonClass": "TextRun"}, {"x": 1311, "y": 465, "w": 72, "h": 33, "jsonClass": "TextRun"}, {"x": 1445, "y": 466, "w": 111, "h": 33, "jsonClass": "TextRun"}, {"x": 1307, "y": 426, "w": 48, "h": 23, "jsonClass": "TextRun"}, {"x": 1322, "y": 631, "w": 295, "h": 24, "jsonClass": "TextRun"}, {"x": 171, "y": 308, "w": 1348, "h": 27, "jsonClass": "TextRun"}, {"x": 711, "y": 835, "w": 278, "h": 23, "jsonClass": "TextRun"}, {"x": 80, "y": 782, "w": 205, "h": 24, "jsonClass": "TextRun"}, {"x": 80, "y": 805, "w": 152, "h": 22, "jsonClass": "TextRun"}, {"x": 1283, "y": 983, "w": 315, "h": 29, "jsonClass": "TextRun"}, {"x": 86, "y": 835, "w": 278, "h": 23, "jsonClass": "TextRun"}, {"x": 1228, "y": 835, "w": 278, "h": 23, "jsonClass": "TextRun"}, {"x": 597, "y": 782, "w": 206, "h": 23, "jsonClass": "TextRun"}, {"x": 597, "y": 804, "w": 152, "h": 22, "jsonClass": "TextRun"}, {"x": 1118, "y": 782, "w": 207, "h": 23, "jsonClass": "TextRun"}, {"x": 1118, "y": 804, "w": 152, "h": 22, "jsonClass": "TextRun"}, {"x": 271, "y": 738, "w": 60, "h": 34, "jsonClass": "TextRun"}, {"x": 411, "y": 734, "w": 45, "h": 33, "jsonClass": "TextRun"}, {"x": 82, "y": 735, "w": 119, "h": 33, "jsonClass": "TextRun"}, {"x": 794, "y": 734, "w": 60, "h": 33, "jsonClass": "TextRun"}, {"x": 956, "y": 734, "w": 44, "h": 33, "jsonClass": "TextRun"}, {"x": 603, "y": 735, "w": 109, "h": 33, "jsonClass": "TextRun"}, {"x": 1326, "y": 734, "w": 59, "h": 33, "jsonClass": "TextRun"}, {"x": 1478, "y": 734, "w": 45, "h": 33, "jsonClass": "TextRun"}, {"x": 1120, "y": 737, "w": 118, "h": 33, "jsonClass": "TextRun"}, {"x": 511, "y": 929, "w": 59, "h": 33, "jsonClass": "TextRun"}, {"x": 673, "y": 929, "w": 50, "h": 33, "jsonClass": "TextRun"}, {"x": 86, "y": 921, "w": 348, "h": 25, "jsonClass": "TextRun"}, {"x": 86, "y": 946, "w": 237, "h": 24, "jsonClass": "TextRun"}, {"x": 1361, "y": 929, "w": 59, "h": 33, "jsonClass": "TextRun"}, {"x": 1491, "y": 929, "w": 42, "h": 33, "jsonClass": "TextRun"}, {"x": 804, "y": 919, "w": 464, "h": 25, "jsonClass": "TextRun"}, {"x": 804, "y": 944, "w": 402, "h": 25, "jsonClass": "TextRun"}, {"x": 988, "y": 979, "w": 60, "h": 33, "jsonClass": "TextRun"}, {"x": 1138, "y": 979, "w": 45, "h": 33, "jsonClass": "TextRun"}, {"x": 80, "y": 978, "w": 852, "h": 33, "jsonClass": "TextRun"}, {"x": 162, "y": 698, "w": 661, "h": 26, "jsonClass": "TextRun"}, {"x": 823, "y": 698, "w": 719, "h": 26, "jsonClass": "TextRun"}, {"x": 100, "y": 2066, "w": 337, "h": 24, "jsonClass": "TextRun"}, {"x": 101, "y": 1940, "w": 1359, "h": 24, "jsonClass": "TextRun"}, {"x": 101, "y": 1965, "w": 368, "h": 24, "jsonClass": "TextRun"}, {"x": 101, "y": 1990, "w": 1389, "h": 24, "jsonClass": "TextRun"}, {"x": 101, "y": 2015, "w": 1507, "h": 24, "jsonClass": "TextRun"}, {"x": 1296, "y": 2064, "w": 63, "h": 24, "jsonClass": "TextRun"}, {"x": 330, "y": 1902, "w": 1040, "h": 26, "jsonClass": "TextRun"}, {"x": 88, "y": 2112, "w": 209, "h": 23, "jsonClass": "TextRun"}, {"x": 88, "y": 2135, "w": 100, "h": 21, "jsonClass": "TextRun"}, {"x": 1352, "y": 54, "w": 274, "h": 24, "jsonClass": "TextRun"}, {"x": 1285, "y": 78, "w": 337, "h": 23, "jsonClass": "TextRun"}, {"x": 704, "y": 123, "w": 909, "h": 36, "jsonClass": "TextRun"}], "Field": [{"x": 597, "y": 1147.0385826771656, "w": 511.25826771653556, "h": 62.596850393700834, "jsonClass": "Field"}, {"x": 85, "y": 1083.3086614173228, "w": 1538.7496062992125, "h": 62.596850393700834, "jsonClass": "Field"}, {"x": 87, "y": 1401.7385826771656, "w": 1527.605511811024, "h": 75.12519685039365, "jsonClass": "Field"}, {"x": 487.04173228346457, "y": 1749.5527559055117, "w": 153.95826771653543, "h": 50.86377952755902, "jsonClass": "Field"}, {"x": 87, "y": 1808.6527559055116, "w": 1528.6307086614172, "h": 75.12519685039365, "jsonClass": "Field"}, {"x": 80, "y": 1147.0385826771656, "w": 511.63543307086616, "h": 62.596850393700834, "jsonClass": "Field"}, {"x": 80, "y": 1491.6527559055119, "w": 1543.9133858267717, "h": 62.596850393700834, "jsonClass": "Field"}, {"x": 483.9448818897638, "y": 1340.3669291338583, "w": 154.0551181102362, "h": 57.58346456692925, "jsonClass": "Field"}, {"x": 597, "y": 1553.936220472441, "w": 511.2913385826773, "h": 62.596850393700834, "jsonClass": "Field"}, {"x": 80, "y": 1553.936220472441, "w": 511.67007874015746, "h": 62.596850393700834, "jsonClass": "Field"}, {"x": 836.463779527559, "y": 340, "w": 738.5448818897638, "h": 84.24960629921259, "jsonClass": "Field"}, {"x": 75.59685039370079, "y": 604, "w": 600, "h": 85.29685039370088, "jsonClass": "Field"}, {"x": 75.00787401574803, "y": 339, "w": 760.8976377952756, "h": 85.25826771653544, "jsonClass": "Field"}, {"x": 74.99212598425197, "y": 428, "w": 1213.3220472440946, "h": 84.1952755905512, "jsonClass": "Field"}, {"x": 950, "y": 514, "w": 125, "h": 85.15511811023634, "jsonClass": "Field"}, {"x": 1075.0000000000002, "y": 514, "w": 550, "h": 85.15511811023634, "jsonClass": "Field"}, {"x": 1575.0000000000002, "y": 339, "w": 50, "h": 85.25905511811027, "jsonClass": "Field"}, {"x": 75.00787401574803, "y": 514, "w": 875, "h": 85.15511811023634, "jsonClass": "Field"}, {"x": 674.9834645669291, "y": 602, "w": 600, "h": 84.75511811023637, "jsonClass": "Field"}, {"x": 591.6551181102362, "y": 835, "w": 516.5968503937007, "h": 84.81653543307095, "jsonClass": "Field"}, {"x": 80, "y": 770.8330708661417, "w": 510.4110236220472, "h": 61.66929133858264, "jsonClass": "Field"}, {"x": 75, "y": 835, "w": 516.5968503937008, "h": 84.81653543307095, "jsonClass": "Field"}, {"x": 1108.1968503937007, "y": 835, "w": 516.8417322834646, "h": 84.8968503937009, "jsonClass": "Field"}, {"x": 597, "y": 770.2196850393701, "w": 511.1889763779527, "h": 61.66141732283461, "jsonClass": "Field"}, {"x": 1118, "y": 770.2196850393701, "w": 506.7944881889764, "h": 61.66141732283461, "jsonClass": "Field"}, {"x": 100, "y": 2054.772440944882, "w": 1186.0944881889764, "h": 54, "jsonClass": "Field"}, {"x": 1296, "y": 2052.9141732283465, "w": 320.692125984252, "h": 54, "jsonClass": "Field"}, {"x": 619, "y": 1213, "w": 90.03622047244096, "h": 34, "jsonClass": "ChoiceField"}, {"x": 746, "y": 1213, "w": 77.59763779527555, "h": 34, "jsonClass": "ChoiceField"}, {"x": 1405, "y": 1213, "w": 100.19763779527557, "h": 34, "jsonClass": "ChoiceField"}, {"x": 1534, "y": 1213, "w": 80.828346456693, "h": 34, "jsonClass": "ChoiceField"}, {"x": 1126, "y": 1255, "w": 98.55039370078725, "h": 34, "jsonClass": "ChoiceField"}, {"x": 1305, "y": 1255, "w": 76.93937007874024, "h": 34, "jsonClass": "ChoiceField"}, {"x": 441.6527559055118, "y": 1298, "w": 114.34724409448819, "h": 33, "jsonClass": "ChoiceField"}, {"x": 575, "y": 1298, "w": 104, "h": 33, "jsonClass": "ChoiceField"}, {"x": 700, "y": 1298, "w": 453, "h": 33, "jsonClass": "ChoiceField"}, {"x": 1175, "y": 1298, "w": 381, "h": 33, "jsonClass": "ChoiceField"}, {"x": 87.00787401574803, "y": 1348, "w": 383.99212598425197, "h": 33, "jsonClass": "ChoiceField"}, {"x": 657.8748031496064, "y": 1352, "w": 935.1251968503936, "h": 33, "jsonClass": "ChoiceField"}, {"x": 626, "y": 1620, "w": 94.37480314960635, "h": 33, "jsonClass": "ChoiceField"}, {"x": 752, "y": 1620, "w": 77.43070866141738, "h": 33, "jsonClass": "ChoiceField"}, {"x": 1407, "y": 1622, "w": 95.09448818897658, "h": 34, "jsonClass": "ChoiceField"}, {"x": 1526, "y": 1622, "w": 83.29763779527548, "h": 34, "jsonClass": "ChoiceField"}, {"x": 1144, "y": 1662, "w": 97.75590551181108, "h": 34, "jsonClass": "ChoiceField"}, {"x": 1334, "y": 1662, "w": 83.61417322834654, "h": 34, "jsonClass": "ChoiceField"}, {"x": 449.56692913385825, "y": 1705, "w": 112.43307086614175, "h": 33, "jsonClass": "ChoiceField"}, {"x": 582.9141732283464, "y": 1705, "w": 103.08582677165361, "h": 33, "jsonClass": "ChoiceField"}, {"x": 707.9141732283465, "y": 1705, "w": 454.0858267716535, "h": 33, "jsonClass": "ChoiceField"}, {"x": 1182.9141732283465, "y": 1705, "w": 382.0858267716535, "h": 33, "jsonClass": "ChoiceField"}, {"x": 657.9141732283465, "y": 1759, "w": 935.0858267716535, "h": 33, "jsonClass": "ChoiceField"}, {"x": 87.04724409448819, "y": 1755, "w": 382.9527559055118, "h": 33, "jsonClass": "ChoiceField"}, {"x": 1311, "y": 465, "w": 109.59999999999991, "h": 33, "jsonClass": "ChoiceField"}, {"x": 1445, "y": 466, "w": 142.27559055118104, "h": 33, "jsonClass": "ChoiceField"}, {"x": 1279, "y": 629.0748031496064, "w": 338, "h": 27.777952755905517, "jsonClass": "ChoiceField"}, {"x": 271, "y": 738, "w": 97.72519685039373, "h": 34, "jsonClass": "ChoiceField"}, {"x": 411, "y": 734, "w": 82.15826771653542, "h": 33, "jsonClass": "ChoiceField"}, {"x": 794, "y": 734, "w": 98.85826771653547, "h": 33, "jsonClass": "ChoiceField"}, {"x": 956, "y": 734, "w": 81.55826771653551, "h": 33, "jsonClass": "ChoiceField"}, {"x": 1326, "y": 734, "w": 90.26692913385818, "h": 33, "jsonClass": "ChoiceField"}, {"x": 1478, "y": 734, "w": 77.30000000000018, "h": 33, "jsonClass": "ChoiceField"}, {"x": 511, "y": 929, "w": 93.91968503937017, "h": 33, "jsonClass": "ChoiceField"}, {"x": 673, "y": 929, "w": 77.63622047244098, "h": 33, "jsonClass": "ChoiceField"}, {"x": 1361, "y": 929, "w": 91.62204724409457, "h": 33, "jsonClass": "ChoiceField"}, {"x": 1491, "y": 929, "w": 86.91968503937005, "h": 33, "jsonClass": "ChoiceField"}, {"x": 988, "y": 979, "w": 107.18110236220468, "h": 33, "jsonClass": "ChoiceField"}, {"x": 1138, "y": 979, "w": 84.95275590551182, "h": 33, "jsonClass": "ChoiceField"}], "Widget": [{"x": 836.1220472440946, "y": 1147.0385826771656, "w": 272.136220472441, "h": 62.596850393700784, "jsonClass": "Widget"}, {"x": 448.33858267716533, "y": 1083.3086614173228, "w": 1175.4110236220472, "h": 62.596850393700784, "jsonClass": "Widget"}, {"x": 268.05826771653545, "y": 1401.7385826771656, "w": 1346.5472440944884, "h": 75.1251968503937, "jsonClass": "Widget"}, {"x": 487.04173228346457, "y": 1749.5527559055117, "w": 88.43070866141733, "h": 50.86377952755905, "jsonClass": "Widget"}, {"x": 268.06141732283464, "y": 1808.6527559055116, "w": 1347.5692913385826, "h": 75.1251968503937, "jsonClass": "Widget"}, {"x": 285.0551181102362, "y": 1147.0385826771656, "w": 306.5803149606299, "h": 62.596850393700784, "jsonClass": "Widget"}, {"x": 443.5165354330709, "y": 1491.6527559055119, "w": 1180.3968503937008, "h": 62.596850393700784, "jsonClass": "Widget"}, {"x": 483.9448818897638, "y": 1340.3669291338583, "w": 96.63070866141733, "h": 57.58346456692914, "jsonClass": "Widget"}, {"x": 840.007874015748, "y": 1553.936220472441, "w": 268.2834645669292, "h": 62.596850393700784, "jsonClass": "Widget"}, {"x": 286.7251968503937, "y": 1553.936220472441, "w": 304.9448818897638, "h": 62.596850393700784, "jsonClass": "Widget"}, {"x": 681.2582677165354, "y": 1216.01968503937, "w": 27.777952755905513, "h": 27.777952755905513, "jsonClass": "Widget"}, {"x": 795.81968503937, "y": 1216.01968503937, "w": 27.777952755905513, "h": 27.777952755905513, "jsonClass": "Widget"}, {"x": 1477.41968503937, "y": 1216.0220472440944, "w": 27.777952755905513, "h": 27.777952755905513, "jsonClass": "Widget"}, {"x": 1587.0503937007875, "y": 1216.0220472440944, "w": 27.777952755905513, "h": 27.777952755905513, "jsonClass": "Widget"}, {"x": 1196.7724409448817, "y": 1258.1307086614174, "w": 27.777952755905513, "h": 27.777952755905513, "jsonClass": "Widget"}, {"x": 1354.1614173228347, "y": 1258.1307086614174, "w": 27.777952755905513, "h": 27.777952755905513, "jsonClass": "Widget"}, {"x": 441.6527559055118, "y": 1300.4110236220472, "w": 27.777952755905513, "h": 27.777952755905513, "jsonClass": "Widget"}, {"x": 575, "y": 1300.4110236220472, "w": 27.777952755905513, "h": 27.777952755905513, "jsonClass": "Widget"}, {"x": 700, "y": 1300.4110236220472, "w": 27.777952755905513, "h": 27.777952755905513, "jsonClass": "Widget"}, {"x": 1175, "y": 1300.4110236220472, "w": 27.777952755905513, "h": 27.777952755905513, "jsonClass": "Widget"}, {"x": 87.00787401574803, "y": 1350.3724409448819, "w": 27.777952755905513, "h": 27.777952755905513, "jsonClass": "Widget"}, {"x": 657.8748031496064, "y": 1354.4669291338585, "w": 27.777952755905513, "h": 27.777952755905513, "jsonClass": "Widget"}, {"x": 692.5968503937008, "y": 1622.9330708661416, "w": 27.777952755905513, "h": 27.777952755905513, "jsonClass": "Widget"}, {"x": 801.6527559055119, "y": 1622.9417322834645, "w": 27.777952755905513, "h": 27.777952755905513, "jsonClass": "Widget"}, {"x": 1474.316535433071, "y": 1624.98031496063, "w": 27.777952755905513, "h": 27.777952755905513, "jsonClass": "Widget"}, {"x": 1581.51968503937, "y": 1624.98031496063, "w": 27.777952755905513, "h": 27.777952755905513, "jsonClass": "Widget"}, {"x": 1213.9779527559056, "y": 1665.044094488189, "w": 27.777952755905513, "h": 27.777952755905513, "jsonClass": "Widget"}, {"x": 1389.836220472441, "y": 1665.044094488189, "w": 27.777952755905513, "h": 27.777952755905513, "jsonClass": "Widget"}, {"x": 449.56692913385825, "y": 1707.3251968503937, "w": 27.777952755905513, "h": 27.777952755905513, "jsonClass": "Widget"}, {"x": 582.9141732283464, "y": 1707.3251968503937, "w": 27.777952755905513, "h": 27.777952755905513, "jsonClass": "Widget"}, {"x": 707.9141732283465, "y": 1707.3251968503937, "w": 27.777952755905513, "h": 27.777952755905513, "jsonClass": "Widget"}, {"x": 1182.9141732283465, "y": 1707.3251968503937, "w": 27.777952755905513, "h": 27.777952755905513, "jsonClass": "Widget"}, {"x": 657.9141732283465, "y": 1761.3803149606301, "w": 27.777952755905513, "h": 27.777952755905513, "jsonClass": "Widget"}, {"x": 87.04724409448819, "y": 1757.2858267716535, "w": 27.777952755905513, "h": 27.777952755905513, "jsonClass": "Widget"}, {"x": 836.463779527559, "y": 363.26929133858266, "w": 738.5448818897637, "h": 60.980314960629926, "jsonClass": "Widget"}, {"x": 75.59685039370079, "y": 627.8110236220473, "w": 600, "h": 61.48582677165354, "jsonClass": "Widget"}, {"x": 75.00787401574803, "y": 362.7724409448819, "w": 760.8976377952756, "h": 61.48582677165354, "jsonClass": "Widget"}, {"x": 74.99212598425197, "y": 451.4031496062992, "w": 1213.3220472440946, "h": 60.792125984251975, "jsonClass": "Widget"}, {"x": 950, "y": 537.6692913385828, "w": 125, "h": 61.48582677165354, "jsonClass": "Widget"}, {"x": 1075.0000000000002, "y": 537.6692913385828, "w": 550, "h": 61.48582677165354, "jsonClass": "Widget"}, {"x": 1575.0000000000002, "y": 362.4669291338583, "w": 50, "h": 61.79212598425197, "jsonClass": "Widget"}, {"x": 75.00787401574803, "y": 537.6692913385828, "w": 875, "h": 61.48582677165354, "jsonClass": "Widget"}, {"x": 674.9834645669291, "y": 625.2692913385828, "w": 600, "h": 61.48582677165354, "jsonClass": "Widget"}, {"x": 1392.8220472440944, "y": 467.8031496062992, "w": 27.777952755905513, "h": 27.777952755905513, "jsonClass": "Widget"}, {"x": 1559.4976377952755, "y": 468.7023622047244, "w": 27.777952755905513, "h": 27.777952755905513, "jsonClass": "Widget"}, {"x": 1279, "y": 629.0748031496064, "w": 27.777952755905513, "h": 27.777952755905513, "jsonClass": "Widget"}, {"x": 591.6551181102362, "y": 858.3307086614174, "w": 516.5968503937008, "h": 61.48582677165354, "jsonClass": "Widget"}, {"x": 285.0251968503937, "y": 770.8330708661417, "w": 305.38582677165357, "h": 61.669291338582674, "jsonClass": "Widget"}, {"x": 75, "y": 858.3307086614174, "w": 516.5968503937008, "h": 61.48582677165354, "jsonClass": "Widget"}, {"x": 1108.1968503937007, "y": 858.4110236220473, "w": 516.8417322834646, "h": 61.48582677165354, "jsonClass": "Widget"}, {"x": 803.244094488189, "y": 770.2196850393701, "w": 304.9448818897638, "h": 61.66141732283465, "jsonClass": "Widget"}, {"x": 1324.572440944882, "y": 770.2196850393701, "w": 300.2220472440945, "h": 61.66141732283465, "jsonClass": "Widget"}, {"x": 340.9472440944882, "y": 741.2724409448819, "w": 27.777952755905513, "h": 27.777952755905513, "jsonClass": "Widget"}, {"x": 465.3803149606299, "y": 736.3448818897638, "w": 27.777952755905513, "h": 27.777952755905513, "jsonClass": "Widget"}, {"x": 865.08031496063, "y": 736.7724409448819, "w": 27.777952755905513, "h": 27.777952755905513, "jsonClass": "Widget"}, {"x": 1009.78031496063, "y": 736.7724409448819, "w": 27.777952755905513, "h": 27.777952755905513, "jsonClass": "Widget"}, {"x": 1388.4889763779527, "y": 736.7724409448819, "w": 27.777952755905513, "h": 27.777952755905513, "jsonClass": "Widget"}, {"x": 1527.5220472440947, "y": 736.7724409448819, "w": 27.777952755905513, "h": 27.777952755905513, "jsonClass": "Widget"}, {"x": 577.1417322834646, "y": 931.6, "w": 27.777952755905513, "h": 27.777952755905513, "jsonClass": "Widget"}, {"x": 722.8582677165355, "y": 931.592125984252, "w": 27.777952755905513, "h": 27.777952755905513, "jsonClass": "Widget"}, {"x": 1424.844094488189, "y": 931.592125984252, "w": 27.777952755905513, "h": 27.777952755905513, "jsonClass": "Widget"}, {"x": 1550.1417322834645, "y": 931.592125984252, "w": 27.777952755905513, "h": 27.777952755905513, "jsonClass": "Widget"}, {"x": 1067.4031496062992, "y": 981.592125984252, "w": 27.777952755905513, "h": 27.777952755905513, "jsonClass": "Widget"}, {"x": 1195.1748031496063, "y": 981.592125984252, "w": 27.777952755905513, "h": 27.777952755905513, "jsonClass": "Widget"}, {"x": 450, "y": 2054.772440944882, "w": 836.0944881889764, "h": 54, "jsonClass": "Widget"}, {"x": 1375.8503937007874, "y": 2052.9141732283465, "w": 240.84173228346458, "h": 54, "jsonClass": "Widget"}], "ChoiceGroup": [{"x": 75, "y": 1207.03125, "w": 762, "h": 43, "jsonClass": "ChoiceGroup"}, {"x": 840, "y": 1210.03125, "w": 784, "h": 37, "jsonClass": "ChoiceGroup"}, {"x": 73, "y": 1252.03125, "w": 1551, "h": 37, "jsonClass": "ChoiceGroup"}, {"x": 73, "y": 1289.03125, "w": 1550, "h": 112.05001983667985, "jsonClass": "ChoiceGroup"}, {"x": 76, "y": 1616.03125, "w": 762, "h": 36, "jsonClass": "ChoiceGroup"}, {"x": 843, "y": 1616.03125, "w": 781, "h": 41, "jsonClass": "ChoiceGroup"}, {"x": 73, "y": 1652.03125, "w": 1551, "h": 42, "jsonClass": "ChoiceGroup"}, {"x": 72, "y": 1691.03125, "w": 1555, "h": 122, "jsonClass": "ChoiceGroup"}, {"x": 1284, "y": 419.03125, "w": 337, "h": 90, "jsonClass": "ChoiceGroup"}, {"x": 1272, "y": 596.03125, "w": 351, "h": 87, "jsonClass": "ChoiceGroup"}, {"x": 72, "y": 727.03125, "w": 513, "h": 42, "jsonClass": "ChoiceGroup"}, {"x": 588, "y": 725.03125, "w": 514, "h": 41, "jsonClass": "ChoiceGroup"}, {"x": 1105, "y": 727.03125, "w": 519, "h": 43, "jsonClass": "ChoiceGroup"}, {"x": 72, "y": 914.03125, "w": 712, "h": 62, "jsonClass": "ChoiceGroup"}, {"x": 786, "y": 917.03125, "w": 837, "h": 51, "jsonClass": "ChoiceGroup"}, {"x": 73, "y": 974.03125, "w": 1185, "h": 47, "jsonClass": "ChoiceGroup"}], "ChoiceField": [{"x": 619, "y": 1213, "w": 90.03622047244096, "h": 34, "jsonClass": "ChoiceField"}, {"x": 746, "y": 1213, "w": 77.59763779527555, "h": 34, "jsonClass": "ChoiceField"}, {"x": 1405, "y": 1213, "w": 100.19763779527557, "h": 34, "jsonClass": "ChoiceField"}, {"x": 1534, "y": 1213, "w": 80.828346456693, "h": 34, "jsonClass": "ChoiceField"}, {"x": 1126, "y": 1255, "w": 98.55039370078725, "h": 34, "jsonClass": "ChoiceField"}, {"x": 1305, "y": 1255, "w": 76.93937007874024, "h": 34, "jsonClass": "ChoiceField"}, {"x": 441.6527559055118, "y": 1298, "w": 114.34724409448819, "h": 33, "jsonClass": "ChoiceField"}, {"x": 575, "y": 1298, "w": 104, "h": 33, "jsonClass": "ChoiceField"}, {"x": 700, "y": 1298, "w": 453, "h": 33, "jsonClass": "ChoiceField"}, {"x": 1175, "y": 1298, "w": 381, "h": 33, "jsonClass": "ChoiceField"}, {"x": 87.00787401574803, "y": 1348, "w": 383.99212598425197, "h": 33, "jsonClass": "ChoiceField"}, {"x": 657.8748031496064, "y": 1352, "w": 935.1251968503936, "h": 33, "jsonClass": "ChoiceField"}, {"x": 626, "y": 1620, "w": 94.37480314960635, "h": 33, "jsonClass": "ChoiceField"}, {"x": 752, "y": 1620, "w": 77.43070866141738, "h": 33, "jsonClass": "ChoiceField"}, {"x": 1407, "y": 1622, "w": 95.09448818897658, "h": 34, "jsonClass": "ChoiceField"}, {"x": 1526, "y": 1622, "w": 83.29763779527548, "h": 34, "jsonClass": "ChoiceField"}, {"x": 1144, "y": 1662, "w": 97.75590551181108, "h": 34, "jsonClass": "ChoiceField"}, {"x": 1334, "y": 1662, "w": 83.61417322834654, "h": 34, "jsonClass": "ChoiceField"}, {"x": 449.56692913385825, "y": 1705, "w": 112.43307086614175, "h": 33, "jsonClass": "ChoiceField"}, {"x": 582.9141732283464, "y": 1705, "w": 103.08582677165361, "h": 33, "jsonClass": "ChoiceField"}, {"x": 707.9141732283465, "y": 1705, "w": 454.0858267716535, "h": 33, "jsonClass": "ChoiceField"}, {"x": 1182.9141732283465, "y": 1705, "w": 382.0858267716535, "h": 33, "jsonClass": "ChoiceField"}, {"x": 657.9141732283465, "y": 1759, "w": 935.0858267716535, "h": 33, "jsonClass": "ChoiceField"}, {"x": 87.04724409448819, "y": 1755, "w": 382.9527559055118, "h": 33, "jsonClass": "ChoiceField"}, {"x": 1311, "y": 465, "w": 109.59999999999991, "h": 33, "jsonClass": "ChoiceField"}, {"x": 1445, "y": 466, "w": 142.27559055118104, "h": 33, "jsonClass": "ChoiceField"}, {"x": 1279, "y": 629.0748031496064, "w": 338, "h": 27.777952755905517, "jsonClass": "ChoiceField"}, {"x": 271, "y": 738, "w": 97.72519685039373, "h": 34, "jsonClass": "ChoiceField"}, {"x": 411, "y": 734, "w": 82.15826771653542, "h": 33, "jsonClass": "ChoiceField"}, {"x": 794, "y": 734, "w": 98.85826771653547, "h": 33, "jsonClass": "ChoiceField"}, {"x": 956, "y": 734, "w": 81.55826771653551, "h": 33, "jsonClass": "ChoiceField"}, {"x": 1326, "y": 734, "w": 90.26692913385818, "h": 33, "jsonClass": "ChoiceField"}, {"x": 1478, "y": 734, "w": 77.30000000000018, "h": 33, "jsonClass": "ChoiceField"}, {"x": 511, "y": 929, "w": 93.91968503937017, "h": 33, "jsonClass": "ChoiceField"}, {"x": 673, "y": 929, "w": 77.63622047244098, "h": 33, "jsonClass": "ChoiceField"}, {"x": 1361, "y": 929, "w": 91.62204724409457, "h": 33, "jsonClass": "ChoiceField"}, {"x": 1491, "y": 929, "w": 86.91968503937005, "h": 33, "jsonClass": "ChoiceField"}, {"x": 988, "y": 979, "w": 107.18110236220468, "h": 33, "jsonClass": "ChoiceField"}, {"x": 1138, "y": 979, "w": 84.95275590551182, "h": 33, "jsonClass": "ChoiceField"}], "ChoiceGroupTitle": [{"x": 85, "y": 1219, "w": 520, "h": 28, "jsonClass": "ChoiceGroupTitle"}, {"x": 850, "y": 1219, "w": 539, "h": 28, "jsonClass": "ChoiceGroupTitle"}, {"x": 85, "y": 1260, "w": 960, "h": 28, "jsonClass": "ChoiceGroupTitle"}, {"x": 85, "y": 1296, "w": 323, "h": 28, "jsonClass": "ChoiceGroupTitle"}, {"x": 85, "y": 1626, "w": 520, "h": 28, "jsonClass": "ChoiceGroupTitle"}, {"x": 850, "y": 1626, "w": 539, "h": 28, "jsonClass": "ChoiceGroupTitle"}, {"x": 85, "y": 1667, "w": 960, "h": 28, "jsonClass": "ChoiceGroupTitle"}, {"x": 85, "y": 1703, "w": 323, "h": 28, "jsonClass": "ChoiceGroupTitle"}, {"x": 1307, "y": 426, "w": 48, "h": 23, "jsonClass": "ChoiceGroupTitle"}, {"x": 82, "y": 735, "w": 119, "h": 33, "jsonClass": "ChoiceGroupTitle"}, {"x": 603, "y": 735, "w": 109, "h": 33, "jsonClass": "ChoiceGroupTitle"}, {"x": 1120, "y": 737, "w": 118, "h": 33, "jsonClass": "ChoiceGroupTitle"}, {"x": 86, "y": 921, "w": 348, "h": 49, "jsonClass": "ChoiceGroupTitle"}, {"x": 804, "y": 919, "w": 464, "h": 50, "jsonClass": "ChoiceGroupTitle"}, {"x": 80, "y": 978, "w": 852, "h": 33, "jsonClass": "ChoiceGroupTitle"}]}