{"List": [{"x": 58, "y": 104.03125, "w": 971, "h": 86, "jsonClass": "List"}, {"x": 55, "y": 256.03125, "w": 1545, "h": 228, "jsonClass": "List"}, {"x": 86.00000919121868, "y": 608.0312571023233, "w": 1284, "h": 133, "jsonClass": "List"}, {"x": 58, "y": 796.03125, "w": 1577, "h": 625, "jsonClass": "List"}, {"x": 60, "y": 1481.03125, "w": 1444, "h": 264, "jsonClass": "List"}], "TextBlock": [{"x": 68, "y": 119, "w": 46, "h": 27, "jsonClass": "TextBlock"}, {"x": 112.99999540439069, "y": 116.03125, "w": 837, "h": 27, "jsonClass": "TextBlock"}, {"x": 68, "y": 157, "w": 46, "h": 27, "jsonClass": "TextBlock"}, {"x": 114, "y": 157, "w": 898, "h": 27, "jsonClass": "TextBlock"}, {"x": 68, "y": 264, "w": 46, "h": 26, "jsonClass": "TextBlock"}, {"x": 114, "y": 262.99999289767686, "w": 1480, "h": 59.00000710232314, "jsonClass": "TextBlock"}, {"x": 68, "y": 333, "w": 46, "h": 27, "jsonClass": "TextBlock"}, {"x": 114, "y": 333, "w": 835, "h": 27, "jsonClass": "TextBlock"}, {"x": 68, "y": 371, "w": 46, "h": 27, "jsonClass": "TextBlock"}, {"x": 110.99998621317195, "y": 371, "w": 900.000013786828, "h": 27, "jsonClass": "TextBlock"}, {"x": 68, "y": 409, "w": 46, "h": 26, "jsonClass": "TextBlock"}, {"x": 114, "y": 409, "w": 834, "h": 26, "jsonClass": "TextBlock"}, {"x": 68, "y": 447, "w": 46, "h": 26, "jsonClass": "TextBlock"}, {"x": 122.00003676487484, "y": 447, "w": 943.9999632351252, "h": 26, "jsonClass": "TextBlock"}, {"x": 90, "y": 610.03125, "w": 21, "h": 22, "jsonClass": "TextBlock"}, {"x": 111, "y": 611.03125, "w": 823, "h": 26, "jsonClass": "TextBlock"}, {"x": 91, "y": 647.03125, "w": 17, "h": 15, "jsonClass": "TextBlock"}, {"x": 111, "y": 640.03125, "w": 1243, "h": 33, "jsonClass": "TextBlock"}, {"x": 90, "y": 676.03125, "w": 18, "h": 22, "jsonClass": "TextBlock"}, {"x": 109, "y": 676.03125, "w": 885, "h": 27, "jsonClass": "TextBlock"}, {"x": 87.99999080878129, "y": 707.0312357953537, "w": 21, "h": 22, "jsonClass": "TextBlock"}, {"x": 108, "y": 706.03125, "w": 1227, "h": 28, "jsonClass": "TextBlock"}, {"x": 68, "y": 807, "w": 46, "h": 27, "jsonClass": "TextBlock"}, {"x": 114, "y": 807, "w": 1493, "h": 58, "jsonClass": "TextBlock"}, {"x": 68, "y": 877, "w": 46, "h": 26, "jsonClass": "TextBlock"}, {"x": 114, "y": 877, "w": 1411, "h": 58, "jsonClass": "TextBlock"}, {"x": 68, "y": 946, "w": 46, "h": 27, "jsonClass": "TextBlock"}, {"x": 114, "y": 946, "w": 1494, "h": 58, "jsonClass": "TextBlock"}, {"x": 68, "y": 1016, "w": 46, "h": 26, "jsonClass": "TextBlock"}, {"x": 114, "y": 1016, "w": 1513, "h": 58, "jsonClass": "TextBlock"}, {"x": 68, "y": 1085, "w": 46, "h": 27, "jsonClass": "TextBlock"}, {"x": 114, "y": 1085, "w": 1255, "h": 27, "jsonClass": "TextBlock"}, {"x": 68, "y": 1123, "w": 46, "h": 27, "jsonClass": "TextBlock"}, {"x": 114, "y": 1123, "w": 588, "h": 27, "jsonClass": "TextBlock"}, {"x": 68, "y": 1161, "w": 46, "h": 26, "jsonClass": "TextBlock"}, {"x": 114, "y": 1161, "w": 821, "h": 28.000014204646277, "jsonClass": "TextBlock"}, {"x": 68, "y": 1199, "w": 46, "h": 26, "jsonClass": "TextBlock"}, {"x": 114, "y": 1199, "w": 732, "h": 26, "jsonClass": "TextBlock"}, {"x": 68, "y": 1237, "w": 46, "h": 26, "jsonClass": "TextBlock"}, {"x": 114, "y": 1237, "w": 914, "h": 26, "jsonClass": "TextBlock"}, {"x": 68, "y": 1275, "w": 46, "h": 26, "jsonClass": "TextBlock"}, {"x": 114, "y": 1275, "w": 560, "h": 26, "jsonClass": "TextBlock"}, {"x": 68, "y": 1312, "w": 46, "h": 27, "jsonClass": "TextBlock"}, {"x": 114, "y": 1312, "w": 571, "h": 27, "jsonClass": "TextBlock"}, {"x": 68, "y": 1350, "w": 46, "h": 27, "jsonClass": "TextBlock"}, {"x": 114, "y": 1350, "w": 961, "h": 27, "jsonClass": "TextBlock"}, {"x": 68, "y": 1388, "w": 46, "h": 26, "jsonClass": "TextBlock"}, {"x": 114, "y": 1388, "w": 1217, "h": 26, "jsonClass": "TextBlock"}, {"x": 68, "y": 1489, "w": 46, "h": 27, "jsonClass": "TextBlock"}, {"x": 114, "y": 1489, "w": 944, "h": 27, "jsonClass": "TextBlock"}, {"x": 68, "y": 1527, "w": 46, "h": 26, "jsonClass": "TextBlock"}, {"x": 114, "y": 1527, "w": 1385, "h": 58, "jsonClass": "TextBlock"}, {"x": 68, "y": 1634, "w": 46, "h": 27, "jsonClass": "TextBlock"}, {"x": 114, "y": 1597, "w": 859, "h": 26, "jsonClass": "TextBlock"}, {"x": 68, "y": 1597, "w": 46, "h": 26, "jsonClass": "TextBlock"}, {"x": 114, "y": 1634, "w": 1140, "h": 27, "jsonClass": "TextBlock"}, {"x": 68, "y": 1672, "w": 46, "h": 27, "jsonClass": "TextBlock"}, {"x": 114, "y": 1672, "w": 511, "h": 27, "jsonClass": "TextBlock"}, {"x": 68, "y": 1710, "w": 46, "h": 26, "jsonClass": "TextBlock"}, {"x": 114, "y": 1710, "w": 467, "h": 26, "jsonClass": "TextBlock"}, {"x": 68, "y": 1811, "w": 1554, "h": 122, "jsonClass": "TextBlock"}, {"x": 68, "y": 1970, "w": 1572, "h": 153, "jsonClass": "TextBlock"}, {"x": 68, "y": 200, "w": 280, "h": 27, "jsonClass": "SectionTitle"}, {"x": 68, "y": 548, "w": 1213, "h": 58, "jsonClass": "SectionTitle"}, {"x": 68, "y": 485, "w": 895, "h": 26, "jsonClass": "SectionTitle"}, {"x": 68, "y": 744, "w": 302, "h": 26, "jsonClass": "SectionTitle"}, {"x": 68, "y": 1426, "w": 535, "h": 26, "jsonClass": "SectionTitle"}, {"x": 68, "y": 1773, "w": 667, "h": 27, "jsonClass": "SectionTitle"}, {"x": 579, "y": 56, "w": 553, "h": 26, "jsonClass": "SectionTitle"}], "TextRun": [{"x": 68, "y": 119, "w": 46, "h": 27, "jsonClass": "TextRun"}, {"x": 112.99999540439069, "y": 116.03125, "w": 837, "h": 27, "jsonClass": "TextRun"}, {"x": 68, "y": 157, "w": 46, "h": 27, "jsonClass": "TextRun"}, {"x": 114, "y": 157, "w": 898, "h": 27, "jsonClass": "TextRun"}, {"x": 68, "y": 264, "w": 46, "h": 26, "jsonClass": "TextRun"}, {"x": 114, "y": 264, "w": 1480, "h": 26, "jsonClass": "TextRun"}, {"x": 118, "y": 295, "w": 76, "h": 27, "jsonClass": "TextRun"}, {"x": 68, "y": 333, "w": 46, "h": 27, "jsonClass": "TextRun"}, {"x": 114, "y": 333, "w": 835, "h": 27, "jsonClass": "TextRun"}, {"x": 68, "y": 371, "w": 46, "h": 27, "jsonClass": "TextRun"}, {"x": 114, "y": 371, "w": 897, "h": 27, "jsonClass": "TextRun"}, {"x": 68, "y": 409, "w": 46, "h": 26, "jsonClass": "TextRun"}, {"x": 114, "y": 409, "w": 834, "h": 26, "jsonClass": "TextRun"}, {"x": 68, "y": 447, "w": 46, "h": 26, "jsonClass": "TextRun"}, {"x": 114, "y": 447, "w": 952, "h": 26, "jsonClass": "TextRun"}, {"x": 68, "y": 200, "w": 280, "h": 27, "jsonClass": "TextRun"}, {"x": 90, "y": 610.03125, "w": 21, "h": 22, "jsonClass": "TextRun"}, {"x": 111, "y": 611.03125, "w": 823, "h": 26, "jsonClass": "TextRun"}, {"x": 91, "y": 647.03125, "w": 17, "h": 15, "jsonClass": "TextRun"}, {"x": 111, "y": 640.03125, "w": 1243, "h": 33, "jsonClass": "TextRun"}, {"x": 90, "y": 676.03125, "w": 18, "h": 22, "jsonClass": "TextRun"}, {"x": 109, "y": 676.03125, "w": 885, "h": 27, "jsonClass": "TextRun"}, {"x": 87.99999080878129, "y": 707.0312357953537, "w": 21, "h": 22, "jsonClass": "TextRun"}, {"x": 108, "y": 706.03125, "w": 1227, "h": 28, "jsonClass": "TextRun"}, {"x": 68, "y": 548, "w": 1213, "h": 26, "jsonClass": "TextRun"}, {"x": 68, "y": 580, "w": 140, "h": 26, "jsonClass": "TextRun"}, {"x": 68, "y": 485, "w": 895, "h": 26, "jsonClass": "TextRun"}, {"x": 68, "y": 807, "w": 46, "h": 27, "jsonClass": "TextRun"}, {"x": 114, "y": 807, "w": 1493, "h": 27, "jsonClass": "TextRun"}, {"x": 118, "y": 839, "w": 193, "h": 26, "jsonClass": "TextRun"}, {"x": 68, "y": 877, "w": 46, "h": 26, "jsonClass": "TextRun"}, {"x": 114, "y": 877, "w": 1411, "h": 26, "jsonClass": "TextRun"}, {"x": 118, "y": 909, "w": 140, "h": 26, "jsonClass": "TextRun"}, {"x": 68, "y": 946, "w": 46, "h": 27, "jsonClass": "TextRun"}, {"x": 114, "y": 946, "w": 1494, "h": 27, "jsonClass": "TextRun"}, {"x": 118, "y": 978, "w": 462, "h": 26, "jsonClass": "TextRun"}, {"x": 68, "y": 1016, "w": 46, "h": 26, "jsonClass": "TextRun"}, {"x": 114, "y": 1016, "w": 1513, "h": 26, "jsonClass": "TextRun"}, {"x": 118, "y": 1048, "w": 1239, "h": 26, "jsonClass": "TextRun"}, {"x": 68, "y": 1085, "w": 46, "h": 27, "jsonClass": "TextRun"}, {"x": 114, "y": 1085, "w": 1255, "h": 27, "jsonClass": "TextRun"}, {"x": 68, "y": 1123, "w": 46, "h": 27, "jsonClass": "TextRun"}, {"x": 114, "y": 1123, "w": 588, "h": 27, "jsonClass": "TextRun"}, {"x": 68, "y": 1161, "w": 46, "h": 26, "jsonClass": "TextRun"}, {"x": 114, "y": 1161, "w": 821, "h": 26, "jsonClass": "TextRun"}, {"x": 68, "y": 1199, "w": 46, "h": 26, "jsonClass": "TextRun"}, {"x": 114, "y": 1199, "w": 732, "h": 26, "jsonClass": "TextRun"}, {"x": 68, "y": 1237, "w": 46, "h": 26, "jsonClass": "TextRun"}, {"x": 114, "y": 1237, "w": 914, "h": 26, "jsonClass": "TextRun"}, {"x": 68, "y": 1275, "w": 46, "h": 26, "jsonClass": "TextRun"}, {"x": 114, "y": 1275, "w": 560, "h": 26, "jsonClass": "TextRun"}, {"x": 68, "y": 1312, "w": 46, "h": 27, "jsonClass": "TextRun"}, {"x": 114, "y": 1312, "w": 571, "h": 27, "jsonClass": "TextRun"}, {"x": 68, "y": 1350, "w": 46, "h": 27, "jsonClass": "TextRun"}, {"x": 114, "y": 1350, "w": 961, "h": 27, "jsonClass": "TextRun"}, {"x": 68, "y": 1388, "w": 46, "h": 26, "jsonClass": "TextRun"}, {"x": 114, "y": 1388, "w": 1217, "h": 26, "jsonClass": "TextRun"}, {"x": 68, "y": 744, "w": 302, "h": 26, "jsonClass": "TextRun"}, {"x": 68, "y": 1489, "w": 46, "h": 27, "jsonClass": "TextRun"}, {"x": 114, "y": 1489, "w": 944, "h": 27, "jsonClass": "TextRun"}, {"x": 68, "y": 1527, "w": 46, "h": 26, "jsonClass": "TextRun"}, {"x": 114, "y": 1527, "w": 1385, "h": 26, "jsonClass": "TextRun"}, {"x": 118, "y": 1559, "w": 142, "h": 26, "jsonClass": "TextRun"}, {"x": 68, "y": 1634, "w": 46, "h": 27, "jsonClass": "TextRun"}, {"x": 114, "y": 1597, "w": 859, "h": 26, "jsonClass": "TextRun"}, {"x": 68, "y": 1597, "w": 46, "h": 26, "jsonClass": "TextRun"}, {"x": 114, "y": 1634, "w": 1140, "h": 27, "jsonClass": "TextRun"}, {"x": 68, "y": 1672, "w": 46, "h": 27, "jsonClass": "TextRun"}, {"x": 114, "y": 1672, "w": 511, "h": 27, "jsonClass": "TextRun"}, {"x": 68, "y": 1710, "w": 46, "h": 26, "jsonClass": "TextRun"}, {"x": 114, "y": 1710, "w": 467, "h": 26, "jsonClass": "TextRun"}, {"x": 68, "y": 1426, "w": 535, "h": 26, "jsonClass": "TextRun"}, {"x": 68, "y": 1811, "w": 1482, "h": 27, "jsonClass": "TextRun"}, {"x": 68, "y": 1843, "w": 1454, "h": 26, "jsonClass": "TextRun"}, {"x": 68, "y": 1875, "w": 1554, "h": 26, "jsonClass": "TextRun"}, {"x": 68, "y": 1906, "w": 974, "h": 27, "jsonClass": "TextRun"}, {"x": 68, "y": 1970, "w": 1550, "h": 26, "jsonClass": "TextRun"}, {"x": 68, "y": 2001, "w": 1491, "h": 27, "jsonClass": "TextRun"}, {"x": 68, "y": 2033, "w": 1535, "h": 26, "jsonClass": "TextRun"}, {"x": 68, "y": 2065, "w": 1572, "h": 26, "jsonClass": "TextRun"}, {"x": 68, "y": 2096, "w": 425, "h": 27, "jsonClass": "TextRun"}, {"x": 493, "y": 2096, "w": 425, "h": 27, "jsonClass": "TextRun"}, {"x": 68, "y": 1773, "w": 667, "h": 27, "jsonClass": "TextRun"}, {"x": 579, "y": 56, "w": 553, "h": 26, "jsonClass": "TextRun"}]}