{"TextBlock": [{"x": 100, "y": 161, "w": 720, "h": 52, "jsonClass": "TextBlock"}, {"x": 94, "y": 470.03125, "w": 15, "h": 23, "jsonClass": "TextBlock"}, {"x": 109, "y": 467.03125, "w": 642, "h": 29, "jsonClass": "TextBlock"}, {"x": 90, "y": 503.03125, "w": 18, "h": 24, "jsonClass": "TextBlock"}, {"x": 110.00000919121871, "y": 503.03125, "w": 534, "h": 26, "jsonClass": "TextBlock"}, {"x": 93, "y": 587.03125, "w": 19, "h": 24, "jsonClass": "TextBlock"}, {"x": 97, "y": 578.03125, "w": 675, "h": 93, "jsonClass": "TextBlock"}, {"x": 79, "y": 679.03125, "w": 32, "h": 22, "jsonClass": "TextBlock"}, {"x": 99, "y": 670.03125, "w": 672, "h": 72, "jsonClass": "TextBlock"}, {"x": 79, "y": 746.03125, "w": 33, "h": 23, "jsonClass": "TextBlock"}, {"x": 97, "y": 739.03125, "w": 687, "h": 61, "jsonClass": "TextBlock"}, {"x": 78, "y": 812.03125, "w": 34, "h": 21, "jsonClass": "TextBlock"}, {"x": 96, "y": 803.03125, "w": 708, "h": 69, "jsonClass": "TextBlock"}, {"x": 100, "y": 1592, "w": 720, "h": 107, "jsonClass": "TextBlock"}, {"x": 100, "y": 1474, "w": 607, "h": 52, "jsonClass": "TextBlock"}, {"x": 100, "y": 1002, "w": 717, "h": 106, "jsonClass": "TextBlock"}, {"x": 125, "y": 1122, "w": 440, "h": 25, "jsonClass": "TextBlock"}, {"x": 87, "y": 1160.03125, "w": 28, "h": 20, "jsonClass": "TextBlock"}, {"x": 114, "y": 1154.03125, "w": 555, "h": 29, "jsonClass": "TextBlock"}, {"x": 88, "y": 1199.03125, "w": 24, "h": 20, "jsonClass": "TextBlock"}, {"x": 96, "y": 1189.03125, "w": 708, "h": 63, "jsonClass": "TextBlock"}, {"x": 79, "y": 1261.03125, "w": 32, "h": 28, "jsonClass": "TextBlock"}, {"x": 108, "y": 1261.03125, "w": 282, "h": 24, "jsonClass": "TextBlock"}, {"x": 67, "y": 1301.03125, "w": 45, "h": 17, "jsonClass": "TextBlock"}, {"x": 99, "y": 1291.03125, "w": 678, "h": 91, "jsonClass": "TextBlock"}, {"x": 81, "y": 1394.03125, "w": 30, "h": 26, "jsonClass": "TextBlock"}, {"x": 97, "y": 1379.03125, "w": 698, "h": 78, "jsonClass": "TextBlock"}, {"x": 100, "y": 1765, "w": 717, "h": 187, "jsonClass": "TextBlock"}, {"x": 100, "y": 1965, "w": 720, "h": 107, "jsonClass": "TextBlock"}, {"x": 100, "y": 279, "w": 704, "h": 79, "jsonClass": "TextBlock"}, {"x": 879, "y": 161, "w": 711, "h": 133, "jsonClass": "TextBlock"}, {"x": 879, "y": 360, "w": 706, "h": 134, "jsonClass": "TextBlock"}, {"x": 879, "y": 560, "w": 709, "h": 52, "jsonClass": "TextBlock"}, {"x": 879, "y": 756, "w": 713, "h": 79, "jsonClass": "TextBlock"}, {"x": 879, "y": 691, "w": 670, "h": 52, "jsonClass": "TextBlock"}, {"x": 861, "y": 844.03125, "w": 28, "h": 22, "jsonClass": "TextBlock"}, {"x": 871, "y": 841.03125, "w": 726, "h": 60, "jsonClass": "TextBlock"}, {"x": 873, "y": 910.03125, "w": 16, "h": 30, "jsonClass": "TextBlock"}, {"x": 891, "y": 914, "w": 707, "h": 25, "jsonClass": "TextBlock"}, {"x": 868, "y": 961.03125, "w": 20, "h": 22, "jsonClass": "TextBlock"}, {"x": 873, "y": 955.03125, "w": 723, "h": 141, "jsonClass": "TextBlock"}, {"x": 867, "y": 1111.03125, "w": 24, "h": 16, "jsonClass": "TextBlock"}, {"x": 874, "y": 1103.03125, "w": 726, "h": 87, "jsonClass": "TextBlock"}, {"x": 865.9999954043906, "y": 1205.03125, "w": 24, "h": 20, "jsonClass": "TextBlock"}, {"x": 876, "y": 1196.03125, "w": 723, "h": 66, "jsonClass": "TextBlock"}, {"x": 865, "y": 1271.03125, "w": 26, "h": 17, "jsonClass": "TextBlock"}, {"x": 876, "y": 1262.03125, "w": 721, "h": 122, "jsonClass": "TextBlock"}, {"x": 870, "y": 1388.03125, "w": 22, "h": 24, "jsonClass": "TextBlock"}, {"x": 876, "y": 1382.03125, "w": 723, "h": 68, "jsonClass": "TextBlock"}, {"x": 879, "y": 1506, "w": 195, "h": 25, "jsonClass": "TextBlock"}, {"x": 904, "y": 1544, "w": 363, "h": 133, "jsonClass": "TextBlock"}, {"x": 879, "y": 1743, "w": 711, "h": 215, "jsonClass": "TextBlock"}, {"x": 100, "y": 107, "w": 195, "h": 19, "jsonClass": "TextBlock"}, {"x": 100, "y": 427, "w": 65, "h": 28, "jsonClass": "SectionTitle"}, {"x": 100, "y": 548, "w": 180, "h": 28, "jsonClass": "SectionTitle"}, {"x": 100, "y": 1545, "w": 120, "h": 34, "jsonClass": "SectionTitle"}, {"x": 100, "y": 955, "w": 252, "h": 33, "jsonClass": "SectionTitle"}, {"x": 100, "y": 1717, "w": 214, "h": 34, "jsonClass": "SectionTitle"}, {"x": 100, "y": 897, "w": 359, "h": 38, "jsonClass": "SectionTitle"}, {"x": 100, "y": 377, "w": 175, "h": 33, "jsonClass": "SectionTitle"}, {"x": 100, "y": 232, "w": 329, "h": 33, "jsonClass": "SectionTitle"}, {"x": 879, "y": 313, "w": 563, "h": 34, "jsonClass": "SectionTitle"}, {"x": 879, "y": 512, "w": 131, "h": 34, "jsonClass": "SectionTitle"}, {"x": 879, "y": 644, "w": 153, "h": 33, "jsonClass": "SectionTitle"}, {"x": 879, "y": 1458, "w": 243, "h": 34, "jsonClass": "SectionTitle"}, {"x": 879, "y": 1696, "w": 360, "h": 33, "jsonClass": "SectionTitle"}, {"x": 1536, "y": 109, "w": 49, "h": 19, "jsonClass": "HeaderTitle"}], "TextRun": [{"x": 100, "y": 161, "w": 720, "h": 25, "jsonClass": "TextRun"}, {"x": 100, "y": 188, "w": 73, "h": 25, "jsonClass": "TextRun"}, {"x": 94, "y": 470.03125, "w": 15, "h": 23, "jsonClass": "TextRun"}, {"x": 109, "y": 467.03125, "w": 642, "h": 29, "jsonClass": "TextRun"}, {"x": 90, "y": 503.03125, "w": 18, "h": 24, "jsonClass": "TextRun"}, {"x": 110.00000919121871, "y": 503.03125, "w": 534, "h": 26, "jsonClass": "TextRun"}, {"x": 100, "y": 427, "w": 65, "h": 28, "jsonClass": "TextRun"}, {"x": 93, "y": 587.03125, "w": 19, "h": 24, "jsonClass": "TextRun"}, {"x": 97, "y": 578.03125, "w": 675, "h": 93, "jsonClass": "TextRun"}, {"x": 79, "y": 679.03125, "w": 32, "h": 22, "jsonClass": "TextRun"}, {"x": 99, "y": 670.03125, "w": 672, "h": 72, "jsonClass": "TextRun"}, {"x": 79, "y": 746.03125, "w": 33, "h": 23, "jsonClass": "TextRun"}, {"x": 97, "y": 739.03125, "w": 687, "h": 61, "jsonClass": "TextRun"}, {"x": 78, "y": 812.03125, "w": 34, "h": 21, "jsonClass": "TextRun"}, {"x": 96, "y": 803.03125, "w": 708, "h": 69, "jsonClass": "TextRun"}, {"x": 100, "y": 548, "w": 180, "h": 28, "jsonClass": "TextRun"}, {"x": 100, "y": 1592, "w": 672, "h": 25, "jsonClass": "TextRun"}, {"x": 100, "y": 1619, "w": 705, "h": 25, "jsonClass": "TextRun"}, {"x": 100, "y": 1647, "w": 720, "h": 25, "jsonClass": "TextRun"}, {"x": 100, "y": 1674, "w": 263, "h": 25, "jsonClass": "TextRun"}, {"x": 100, "y": 1545, "w": 120, "h": 34, "jsonClass": "TextRun"}, {"x": 125, "y": 1474, "w": 582, "h": 25, "jsonClass": "TextRun"}, {"x": 100, "y": 1501, "w": 141, "h": 25, "jsonClass": "TextRun"}, {"x": 100, "y": 1002, "w": 705, "h": 25, "jsonClass": "TextRun"}, {"x": 100, "y": 1029, "w": 717, "h": 25, "jsonClass": "TextRun"}, {"x": 100, "y": 1056, "w": 668, "h": 25, "jsonClass": "TextRun"}, {"x": 100, "y": 1083, "w": 460, "h": 25, "jsonClass": "TextRun"}, {"x": 125, "y": 1122, "w": 236, "h": 25, "jsonClass": "TextRun"}, {"x": 361, "y": 1122, "w": 61, "h": 25, "jsonClass": "TextRun"}, {"x": 422, "y": 1122, "w": 143, "h": 25, "jsonClass": "TextRun"}, {"x": 87, "y": 1160.03125, "w": 28, "h": 20, "jsonClass": "TextRun"}, {"x": 114, "y": 1154.03125, "w": 555, "h": 29, "jsonClass": "TextRun"}, {"x": 88, "y": 1199.03125, "w": 24, "h": 20, "jsonClass": "TextRun"}, {"x": 96, "y": 1189.03125, "w": 708, "h": 63, "jsonClass": "TextRun"}, {"x": 79, "y": 1261.03125, "w": 32, "h": 28, "jsonClass": "TextRun"}, {"x": 108, "y": 1261.03125, "w": 282, "h": 24, "jsonClass": "TextRun"}, {"x": 67, "y": 1301.03125, "w": 45, "h": 17, "jsonClass": "TextRun"}, {"x": 99, "y": 1291.03125, "w": 678, "h": 91, "jsonClass": "TextRun"}, {"x": 81, "y": 1394.03125, "w": 30, "h": 26, "jsonClass": "TextRun"}, {"x": 97, "y": 1379.03125, "w": 698, "h": 78, "jsonClass": "TextRun"}, {"x": 100, "y": 955, "w": 252, "h": 33, "jsonClass": "TextRun"}, {"x": 100, "y": 1765, "w": 652, "h": 25, "jsonClass": "TextRun"}, {"x": 100, "y": 1792, "w": 656, "h": 25, "jsonClass": "TextRun"}, {"x": 100, "y": 1819, "w": 712, "h": 25, "jsonClass": "TextRun"}, {"x": 100, "y": 1846, "w": 717, "h": 25, "jsonClass": "TextRun"}, {"x": 100, "y": 1873, "w": 716, "h": 25, "jsonClass": "TextRun"}, {"x": 100, "y": 1900, "w": 635, "h": 25, "jsonClass": "TextRun"}, {"x": 100, "y": 1927, "w": 367, "h": 25, "jsonClass": "TextRun"}, {"x": 125, "y": 1965, "w": 654, "h": 25, "jsonClass": "TextRun"}, {"x": 100, "y": 1992, "w": 720, "h": 25, "jsonClass": "TextRun"}, {"x": 100, "y": 2019, "w": 689, "h": 25, "jsonClass": "TextRun"}, {"x": 100, "y": 2047, "w": 568, "h": 25, "jsonClass": "TextRun"}, {"x": 100, "y": 1717, "w": 214, "h": 34, "jsonClass": "TextRun"}, {"x": 100, "y": 897, "w": 359, "h": 38, "jsonClass": "TextRun"}, {"x": 100, "y": 377, "w": 175, "h": 33, "jsonClass": "TextRun"}, {"x": 100, "y": 279, "w": 704, "h": 25, "jsonClass": "TextRun"}, {"x": 100, "y": 306, "w": 654, "h": 25, "jsonClass": "TextRun"}, {"x": 100, "y": 333, "w": 175, "h": 25, "jsonClass": "TextRun"}, {"x": 275, "y": 333, "w": 222, "h": 25, "jsonClass": "TextRun"}, {"x": 100, "y": 232, "w": 329, "h": 33, "jsonClass": "TextRun"}, {"x": 879, "y": 161, "w": 711, "h": 25, "jsonClass": "TextRun"}, {"x": 879, "y": 188, "w": 648, "h": 25, "jsonClass": "TextRun"}, {"x": 879, "y": 215, "w": 668, "h": 25, "jsonClass": "TextRun"}, {"x": 879, "y": 242, "w": 650, "h": 25, "jsonClass": "TextRun"}, {"x": 879, "y": 269, "w": 369, "h": 25, "jsonClass": "TextRun"}, {"x": 879, "y": 360, "w": 651, "h": 25, "jsonClass": "TextRun"}, {"x": 879, "y": 387, "w": 328, "h": 25, "jsonClass": "TextRun"}, {"x": 1207, "y": 387, "w": 169, "h": 25, "jsonClass": "TextRun"}, {"x": 1376, "y": 387, "w": 169, "h": 25, "jsonClass": "TextRun"}, {"x": 879, "y": 415, "w": 706, "h": 25, "jsonClass": "TextRun"}, {"x": 879, "y": 442, "w": 704, "h": 25, "jsonClass": "TextRun"}, {"x": 879, "y": 469, "w": 200, "h": 25, "jsonClass": "TextRun"}, {"x": 879, "y": 313, "w": 563, "h": 34, "jsonClass": "TextRun"}, {"x": 879, "y": 560, "w": 706, "h": 25, "jsonClass": "TextRun"}, {"x": 879, "y": 587, "w": 709, "h": 25, "jsonClass": "TextRun"}, {"x": 879, "y": 512, "w": 131, "h": 34, "jsonClass": "TextRun"}, {"x": 904, "y": 756, "w": 655, "h": 25, "jsonClass": "TextRun"}, {"x": 879, "y": 783, "w": 713, "h": 25, "jsonClass": "TextRun"}, {"x": 879, "y": 810, "w": 352, "h": 25, "jsonClass": "TextRun"}, {"x": 879, "y": 691, "w": 670, "h": 25, "jsonClass": "TextRun"}, {"x": 879, "y": 718, "w": 108, "h": 25, "jsonClass": "TextRun"}, {"x": 861, "y": 844.03125, "w": 28, "h": 22, "jsonClass": "TextRun"}, {"x": 871, "y": 841.03125, "w": 726, "h": 60, "jsonClass": "TextRun"}, {"x": 873, "y": 910.03125, "w": 16, "h": 30, "jsonClass": "TextRun"}, {"x": 891, "y": 914, "w": 153, "h": 25, "jsonClass": "TextRun"}, {"x": 1044, "y": 914, "w": 554, "h": 25, "jsonClass": "TextRun"}, {"x": 868, "y": 961.03125, "w": 20, "h": 22, "jsonClass": "TextRun"}, {"x": 873, "y": 955.03125, "w": 723, "h": 141, "jsonClass": "TextRun"}, {"x": 867, "y": 1111.03125, "w": 24, "h": 16, "jsonClass": "TextRun"}, {"x": 874, "y": 1103.03125, "w": 726, "h": 87, "jsonClass": "TextRun"}, {"x": 865.9999954043906, "y": 1205.03125, "w": 24, "h": 20, "jsonClass": "TextRun"}, {"x": 876, "y": 1196.03125, "w": 723, "h": 66, "jsonClass": "TextRun"}, {"x": 865, "y": 1271.03125, "w": 26, "h": 17, "jsonClass": "TextRun"}, {"x": 876, "y": 1262.03125, "w": 721, "h": 122, "jsonClass": "TextRun"}, {"x": 870, "y": 1388.03125, "w": 22, "h": 24, "jsonClass": "TextRun"}, {"x": 876, "y": 1382.03125, "w": 723, "h": 68, "jsonClass": "TextRun"}, {"x": 879, "y": 644, "w": 153, "h": 33, "jsonClass": "TextRun"}, {"x": 879, "y": 1506, "w": 195, "h": 25, "jsonClass": "TextRun"}, {"x": 904, "y": 1544, "w": 293, "h": 25, "jsonClass": "TextRun"}, {"x": 904, "y": 1571, "w": 262, "h": 25, "jsonClass": "TextRun"}, {"x": 904, "y": 1598, "w": 363, "h": 25, "jsonClass": "TextRun"}, {"x": 904, "y": 1625, "w": 176, "h": 25, "jsonClass": "TextRun"}, {"x": 904, "y": 1652, "w": 219, "h": 25, "jsonClass": "TextRun"}, {"x": 879, "y": 1458, "w": 243, "h": 34, "jsonClass": "TextRun"}, {"x": 879, "y": 1743, "w": 690, "h": 25, "jsonClass": "TextRun"}, {"x": 879, "y": 1770, "w": 670, "h": 25, "jsonClass": "TextRun"}, {"x": 879, "y": 1797, "w": 660, "h": 25, "jsonClass": "TextRun"}, {"x": 879, "y": 1824, "w": 145, "h": 25, "jsonClass": "TextRun"}, {"x": 1024, "y": 1824, "w": 308, "h": 25, "jsonClass": "TextRun"}, {"x": 1332, "y": 1824, "w": 62, "h": 25, "jsonClass": "TextRun"}, {"x": 1399, "y": 1824, "w": 158, "h": 25, "jsonClass": "TextRun"}, {"x": 879, "y": 1851, "w": 284, "h": 25, "jsonClass": "TextRun"}, {"x": 879, "y": 1878, "w": 381, "h": 25, "jsonClass": "TextRun"}, {"x": 1265, "y": 1878, "w": 325, "h": 25, "jsonClass": "TextRun"}, {"x": 879, "y": 1906, "w": 668, "h": 25, "jsonClass": "TextRun"}, {"x": 879, "y": 1933, "w": 187, "h": 25, "jsonClass": "TextRun"}, {"x": 879, "y": 1696, "w": 360, "h": 33, "jsonClass": "TextRun"}, {"x": 1536, "y": 109, "w": 49, "h": 19, "jsonClass": "TextRun"}, {"x": 100, "y": 107, "w": 195, "h": 19, "jsonClass": "TextRun"}], "List": [{"x": 85, "y": 457.03125, "w": 675, "h": 79, "jsonClass": "List"}, {"x": 76, "y": 569.03125, "w": 735, "h": 314, "jsonClass": "List"}, {"x": 61, "y": 1148.03125, "w": 759, "h": 320, "jsonClass": "List"}, {"x": 858, "y": 833.03125, "w": 750, "h": 620, "jsonClass": "List"}]}