{"TextBlock": [{"x": 1313, "y": 2107, "w": 287, "h": 33, "jsonClass": "TextBlock"}, {"x": 790, "y": 2114, "w": 120, "h": 22, "jsonClass": "TextBlock"}, {"x": 100, "y": 2114, "w": 246, "h": 22, "jsonClass": "TextBlock"}, {"x": 460, "y": 157, "w": 1139, "h": 75, "jsonClass": "TextBlock"}, {"x": 100, "y": 157, "w": 315, "h": 75, "jsonClass": "TextBlock"}, {"x": 540, "y": 308, "w": 620, "h": 34, "jsonClass": "TextBlock"}, {"x": 100, "y": 365, "w": 1484, "h": 76, "jsonClass": "TextBlock"}, {"x": 1290, "y": 1006, "w": 272, "h": 22, "jsonClass": "TextBlock"}, {"x": 100, "y": 912, "w": 1499, "h": 76, "jsonClass": "TextBlock"}, {"x": 1290, "y": 1146, "w": 272, "h": 22, "jsonClass": "TextBlock"}, {"x": 140, "y": 1006, "w": 433, "h": 22, "jsonClass": "TextBlock"}, {"x": 140, "y": 1146, "w": 528, "h": 22, "jsonClass": "TextBlock"}, {"x": 970, "y": 1006, "w": 278, "h": 22, "jsonClass": "TextBlock"}, {"x": 145, "y": 1086, "w": 1429, "h": 48, "jsonClass": "TextBlock"}, {"x": 150, "y": 1226, "w": 1429, "h": 48, "jsonClass": "TextBlock"}, {"x": 100, "y": 1376, "w": 59, "h": 22, "jsonClass": "TextBlock"}, {"x": 100, "y": 1456, "w": 351, "h": 22, "jsonClass": "TextBlock"}, {"x": 100, "y": 1334, "w": 1248, "h": 22, "jsonClass": "TextBlock"}, {"x": 1290, "y": 1456, "w": 278, "h": 22, "jsonClass": "TextBlock"}, {"x": 100, "y": 1796, "w": 375, "h": 22, "jsonClass": "TextBlock"}, {"x": 1290, "y": 1716, "w": 272, "h": 22, "jsonClass": "TextBlock"}, {"x": 100, "y": 1716, "w": 177, "h": 22, "jsonClass": "TextBlock"}, {"x": 100, "y": 1872, "w": 1493, "h": 61, "jsonClass": "TextBlock"}, {"x": 970, "y": 1716, "w": 272, "h": 22, "jsonClass": "TextBlock"}, {"x": 100, "y": 1576, "w": 256, "h": 25, "jsonClass": "TextBlock"}, {"x": 150, "y": 1656, "w": 1429, "h": 48, "jsonClass": "TextBlock"}, {"x": 1290, "y": 1796, "w": 278, "h": 22, "jsonClass": "TextBlock"}, {"x": 110, "y": 107, "w": 861, "h": 28, "jsonClass": "SectionTitle"}, {"x": 110, "y": 267, "w": 939, "h": 28, "jsonClass": "SectionTitle"}, {"x": 110, "y": 867, "w": 821, "h": 28, "jsonClass": "SectionTitle"}, {"x": 110, "y": 1287, "w": 1130, "h": 28, "jsonClass": "SectionTitle"}, {"x": 110, "y": 1537, "w": 894, "h": 28, "jsonClass": "SectionTitle"}, {"x": 1518, "y": 67, "w": 79, "h": 25, "jsonClass": "HeaderTitle"}], "TextRun": [{"x": 1313, "y": 2115, "w": 58, "h": 23, "jsonClass": "TextRun"}, {"x": 1371, "y": 2107, "w": 87, "h": 33, "jsonClass": "TextRun"}, {"x": 1458, "y": 2115, "w": 142, "h": 23, "jsonClass": "TextRun"}, {"x": 790, "y": 2114, "w": 120, "h": 22, "jsonClass": "TextRun"}, {"x": 100, "y": 2114, "w": 246, "h": 22, "jsonClass": "TextRun"}, {"x": 1518, "y": 67, "w": 79, "h": 25, "jsonClass": "TextRun"}, {"x": 460, "y": 157, "w": 1139, "h": 22, "jsonClass": "TextRun"}, {"x": 460, "y": 183, "w": 1139, "h": 23, "jsonClass": "TextRun"}, {"x": 460, "y": 210, "w": 1055, "h": 22, "jsonClass": "TextRun"}, {"x": 100, "y": 157, "w": 312, "h": 22, "jsonClass": "TextRun"}, {"x": 100, "y": 183, "w": 315, "h": 23, "jsonClass": "TextRun"}, {"x": 100, "y": 210, "w": 248, "h": 22, "jsonClass": "TextRun"}, {"x": 110, "y": 107, "w": 861, "h": 28, "jsonClass": "TextRun"}, {"x": 540, "y": 308, "w": 620, "h": 34, "jsonClass": "TextRun"}, {"x": 100, "y": 365, "w": 1484, "h": 22, "jsonClass": "TextRun"}, {"x": 100, "y": 392, "w": 906, "h": 22, "jsonClass": "TextRun"}, {"x": 1006, "y": 392, "w": 562, "h": 22, "jsonClass": "TextRun"}, {"x": 100, "y": 419, "w": 1062, "h": 22, "jsonClass": "TextRun"}, {"x": 110, "y": 267, "w": 939, "h": 28, "jsonClass": "TextRun"}, {"x": 1290, "y": 1006, "w": 133, "h": 22, "jsonClass": "TextRun"}, {"x": 1423, "y": 1006, "w": 139, "h": 22, "jsonClass": "TextRun"}, {"x": 100, "y": 912, "w": 1499, "h": 22, "jsonClass": "TextRun"}, {"x": 100, "y": 939, "w": 1492, "h": 22, "jsonClass": "TextRun"}, {"x": 100, "y": 965, "w": 1415, "h": 23, "jsonClass": "TextRun"}, {"x": 1290, "y": 1146, "w": 133, "h": 22, "jsonClass": "TextRun"}, {"x": 1423, "y": 1146, "w": 139, "h": 22, "jsonClass": "TextRun"}, {"x": 140, "y": 1006, "w": 433, "h": 22, "jsonClass": "TextRun"}, {"x": 140, "y": 1146, "w": 528, "h": 22, "jsonClass": "TextRun"}, {"x": 970, "y": 1006, "w": 278, "h": 22, "jsonClass": "TextRun"}, {"x": 145, "y": 1086, "w": 1429, "h": 22, "jsonClass": "TextRun"}, {"x": 145, "y": 1112, "w": 459, "h": 22, "jsonClass": "TextRun"}, {"x": 150, "y": 1226, "w": 1429, "h": 22, "jsonClass": "TextRun"}, {"x": 150, "y": 1252, "w": 459, "h": 22, "jsonClass": "TextRun"}, {"x": 110, "y": 867, "w": 821, "h": 28, "jsonClass": "TextRun"}, {"x": 100, "y": 1376, "w": 59, "h": 22, "jsonClass": "TextRun"}, {"x": 100, "y": 1456, "w": 88, "h": 22, "jsonClass": "TextRun"}, {"x": 188, "y": 1458, "w": 263, "h": 20, "jsonClass": "TextRun"}, {"x": 100, "y": 1334, "w": 1248, "h": 22, "jsonClass": "TextRun"}, {"x": 1290, "y": 1456, "w": 278, "h": 22, "jsonClass": "TextRun"}, {"x": 110, "y": 1287, "w": 1130, "h": 28, "jsonClass": "TextRun"}, {"x": 100, "y": 1796, "w": 375, "h": 22, "jsonClass": "TextRun"}, {"x": 1290, "y": 1716, "w": 272, "h": 22, "jsonClass": "TextRun"}, {"x": 100, "y": 1716, "w": 177, "h": 22, "jsonClass": "TextRun"}, {"x": 100, "y": 1872, "w": 1431, "h": 27, "jsonClass": "TextRun"}, {"x": 1531, "y": 1872, "w": 62, "h": 27, "jsonClass": "TextRun"}, {"x": 100, "y": 1905, "w": 35, "h": 28, "jsonClass": "TextRun"}, {"x": 135, "y": 1905, "w": 62, "h": 28, "jsonClass": "TextRun"}, {"x": 197, "y": 1905, "w": 760, "h": 28, "jsonClass": "TextRun"}, {"x": 970, "y": 1716, "w": 133, "h": 22, "jsonClass": "TextRun"}, {"x": 1103, "y": 1716, "w": 139, "h": 22, "jsonClass": "TextRun"}, {"x": 100, "y": 1576, "w": 256, "h": 25, "jsonClass": "TextRun"}, {"x": 150, "y": 1656, "w": 1429, "h": 22, "jsonClass": "TextRun"}, {"x": 150, "y": 1682, "w": 459, "h": 22, "jsonClass": "TextRun"}, {"x": 1290, "y": 1796, "w": 278, "h": 22, "jsonClass": "TextRun"}, {"x": 110, "y": 1537, "w": 894, "h": 28, "jsonClass": "TextRun"}], "Field": [{"x": 100, "y": 365, "w": 1499.9834645669293, "h": 495, "jsonClass": "Field"}, {"x": 1289.984251968504, "y": 1006, "w": 310, "h": 74, "jsonClass": "Field"}, {"x": 1289.984251968504, "y": 1146, "w": 310, "h": 74, "jsonClass": "Field"}, {"x": 138.515625, "y": 1006, "w": 802, "h": 66.03125, "jsonClass": "Field"}, {"x": 140, "y": 1146, "w": 1126.515625, "h": 68.03125, "jsonClass": "Field"}, {"x": 970, "y": 1006, "w": 300.00866141732286, "h": 74, "jsonClass": "Field"}, {"x": 100, "y": 1376, "w": 1499.9834645669293, "h": 74, "jsonClass": "Field"}, {"x": 100, "y": 1456, "w": 1170.0086614173229, "h": 74, "jsonClass": "Field"}, {"x": 1290, "y": 1456, "w": 309.98425196850394, "h": 74, "jsonClass": "Field"}, {"x": 100, "y": 1796, "w": 1170.0307086614173, "h": 74, "jsonClass": "Field"}, {"x": 1289.984251968504, "y": 1716, "w": 310, "h": 74, "jsonClass": "Field"}, {"x": 100, "y": 1716, "w": 850.0055118110236, "h": 74, "jsonClass": "Field"}, {"x": 970, "y": 1716, "w": 300.00866141732286, "h": 74, "jsonClass": "Field"}, {"x": 100, "y": 1576, "w": 1233.515625, "h": 66.03125, "jsonClass": "Field"}, {"x": 1290, "y": 1796, "w": 309.98425196850394, "h": 74, "jsonClass": "Field"}, {"x": 100.21417322834645, "y": 1086, "w": 1473.7858267716535, "h": 48, "jsonClass": "ChoiceField"}, {"x": 100.21417322834645, "y": 1226, "w": 1478.7858267716535, "h": 48, "jsonClass": "ChoiceField"}, {"x": 100.21417322834645, "y": 1656, "w": 1478.7858267716535, "h": 48, "jsonClass": "ChoiceField"}], "Widget": [{"x": 100.00866141732284, "y": 470, "w": 1499.9748031496065, "h": 390, "jsonClass": "Widget"}, {"x": 1289.984251968504, "y": 1036, "w": 310, "h": 44, "jsonClass": "Widget"}, {"x": 1289.984251968504, "y": 1176, "w": 310, "h": 44, "jsonClass": "Widget"}, {"x": 138.515625, "y": 1033.03125, "w": 802, "h": 39, "jsonClass": "Widget"}, {"x": 142.515625, "y": 1172.03125, "w": 1124, "h": 42, "jsonClass": "Widget"}, {"x": 980.0086614173229, "y": 1040, "w": 60, "h": 40, "jsonClass": "Widget"}, {"x": 1060.0086614173229, "y": 1040, "w": 80, "h": 40, "jsonClass": "Widget"}, {"x": 1160.0086614173229, "y": 1040, "w": 110.00000000000001, "h": 40, "jsonClass": "Widget"}, {"x": 100.21417322834645, "y": 1086.1110236220472, "w": 27.777952755905513, "h": 27.777952755905513, "jsonClass": "Widget"}, {"x": 100.21417322834645, "y": 1226.1110236220472, "w": 27.777952755905513, "h": 27.777952755905513, "jsonClass": "Widget"}, {"x": 100.00866141732284, "y": 1406, "w": 1499.9748031496065, "h": 44, "jsonClass": "Widget"}, {"x": 100.00866141732284, "y": 1486, "w": 1170, "h": 44, "jsonClass": "Widget"}, {"x": 1299.984251968504, "y": 1490, "w": 60, "h": 40, "jsonClass": "Widget"}, {"x": 1379.984251968504, "y": 1490, "w": 80, "h": 40, "jsonClass": "Widget"}, {"x": 1479.984251968504, "y": 1490, "w": 120, "h": 40, "jsonClass": "Widget"}, {"x": 100.03070866141732, "y": 1826, "w": 1170, "h": 44, "jsonClass": "Widget"}, {"x": 1289.984251968504, "y": 1746, "w": 310, "h": 44, "jsonClass": "Widget"}, {"x": 100.03070866141732, "y": 1746, "w": 849.9748031496063, "h": 44, "jsonClass": "Widget"}, {"x": 970.0086614173229, "y": 1746, "w": 300, "h": 44, "jsonClass": "Widget"}, {"x": 103.515625, "y": 1607.03125, "w": 1230, "h": 35, "jsonClass": "Widget"}, {"x": 100.21417322834645, "y": 1656.1110236220472, "w": 27.777952755905513, "h": 27.777952755905513, "jsonClass": "Widget"}, {"x": 1299.984251968504, "y": 1830, "w": 60, "h": 40, "jsonClass": "Widget"}, {"x": 1379.984251968504, "y": 1830, "w": 80, "h": 40, "jsonClass": "Widget"}, {"x": 1479.984251968504, "y": 1830, "w": 120, "h": 40, "jsonClass": "Widget"}], "ChoiceGroup": [{"x": 96.515625, "y": 1079.03125, "w": 1504, "h": 56, "jsonClass": "ChoiceGroup"}, {"x": 87.515625, "y": 1220.03125, "w": 1512, "h": 53, "jsonClass": "ChoiceGroup"}, {"x": 90.515625, "y": 1654.03125, "w": 1524, "h": 57, "jsonClass": "ChoiceGroup"}], "ChoiceField": [{"x": 100.21417322834645, "y": 1086, "w": 1473.7858267716535, "h": 48, "jsonClass": "ChoiceField"}, {"x": 100.21417322834645, "y": 1226, "w": 1478.7858267716535, "h": 48, "jsonClass": "ChoiceField"}, {"x": 100.21417322834645, "y": 1656, "w": 1478.7858267716535, "h": 48, "jsonClass": "ChoiceField"}]}