{"TextBlock": [{"x": 208, "y": 1392, "w": 1280, "h": 427, "jsonClass": "TextBlock"}, {"x": 208, "y": 1848, "w": 1280, "h": 228, "jsonClass": "TextBlock"}, {"x": 443, "y": 353, "w": 41, "h": 27, "jsonClass": "TextBlock"}, {"x": 644, "y": 353, "w": 181, "h": 27, "jsonClass": "TextBlock"}, {"x": 443, "y": 319, "w": 41, "h": 28, "jsonClass": "TextBlock"}, {"x": 716, "y": 319, "w": 36, "h": 28, "jsonClass": "TextBlock"}, {"x": 990, "y": 319, "w": 28, "h": 28, "jsonClass": "TextBlock"}, {"x": 1246, "y": 319, "w": 37, "h": 28, "jsonClass": "TextBlock"}, {"x": 441, "y": 286, "w": 45, "h": 28, "jsonClass": "TextBlock"}, {"x": 712, "y": 286, "w": 45, "h": 28, "jsonClass": "TextBlock"}, {"x": 984, "y": 286, "w": 40, "h": 28, "jsonClass": "TextBlock"}, {"x": 1249, "y": 286, "w": 31, "h": 28, "jsonClass": "TextBlock"}, {"x": 716, "y": 253, "w": 37, "h": 27, "jsonClass": "TextBlock"}, {"x": 985, "y": 253, "w": 38, "h": 27, "jsonClass": "TextBlock"}, {"x": 1243, "y": 253, "w": 42, "h": 27, "jsonClass": "TextBlock"}, {"x": 446, "y": 253, "w": 35, "h": 27, "jsonClass": "TextBlock"}, {"x": 715, "y": 220, "w": 298, "h": 28, "jsonClass": "TextBlock"}, {"x": 446, "y": 705, "w": 35, "h": 28, "jsonClass": "TextBlock"}, {"x": 710, "y": 705, "w": 46, "h": 28, "jsonClass": "TextBlock"}, {"x": 444, "y": 671, "w": 40, "h": 28, "jsonClass": "TextBlock"}, {"x": 715, "y": 674, "w": 35, "h": 27, "jsonClass": "TextBlock"}, {"x": 983, "y": 674, "w": 37, "h": 27, "jsonClass": "TextBlock"}, {"x": 1239, "y": 674, "w": 46, "h": 28, "jsonClass": "TextBlock"}, {"x": 442, "y": 638, "w": 45, "h": 28, "jsonClass": "TextBlock"}, {"x": 713, "y": 638, "w": 41, "h": 28, "jsonClass": "TextBlock"}, {"x": 985, "y": 638, "w": 37, "h": 28, "jsonClass": "TextBlock"}, {"x": 1243, "y": 638, "w": 40, "h": 28, "jsonClass": "TextBlock"}, {"x": 447, "y": 603, "w": 36, "h": 28, "jsonClass": "TextBlock"}, {"x": 713, "y": 605, "w": 40, "h": 28, "jsonClass": "TextBlock"}, {"x": 986, "y": 605, "w": 34, "h": 28, "jsonClass": "TextBlock"}, {"x": 1241, "y": 605, "w": 45, "h": 28, "jsonClass": "TextBlock"}, {"x": 445, "y": 571, "w": 38, "h": 28, "jsonClass": "TextBlock"}, {"x": 719, "y": 571, "w": 29, "h": 28, "jsonClass": "TextBlock"}, {"x": 990, "y": 571, "w": 26, "h": 28, "jsonClass": "TextBlock"}, {"x": 1249, "y": 571, "w": 29, "h": 28, "jsonClass": "TextBlock"}, {"x": 714, "y": 539, "w": 299, "h": 28, "jsonClass": "TextBlock"}, {"x": 442, "y": 1064, "w": 47, "h": 28, "jsonClass": "TextBlock"}, {"x": 446, "y": 1029, "w": 39, "h": 27, "jsonClass": "TextBlock"}, {"x": 673, "y": 1029, "w": 125, "h": 27, "jsonClass": "TextBlock"}, {"x": 987, "y": 1029, "w": 37, "h": 27, "jsonClass": "TextBlock"}, {"x": 1247, "y": 1029, "w": 37, "h": 27, "jsonClass": "TextBlock"}, {"x": 445, "y": 995, "w": 41, "h": 28, "jsonClass": "TextBlock"}, {"x": 713, "y": 995, "w": 45, "h": 28, "jsonClass": "TextBlock"}, {"x": 985, "y": 995, "w": 41, "h": 28, "jsonClass": "TextBlock"}, {"x": 1245, "y": 995, "w": 41, "h": 28, "jsonClass": "TextBlock"}, {"x": 446, "y": 962, "w": 39, "h": 28, "jsonClass": "TextBlock"}, {"x": 721, "y": 962, "w": 29, "h": 28, "jsonClass": "TextBlock"}, {"x": 991, "y": 962, "w": 29, "h": 28, "jsonClass": "TextBlock"}, {"x": 1247, "y": 962, "w": 37, "h": 28, "jsonClass": "TextBlock"}, {"x": 445, "y": 929, "w": 41, "h": 27, "jsonClass": "TextBlock"}, {"x": 717, "y": 929, "w": 37, "h": 27, "jsonClass": "TextBlock"}, {"x": 986, "y": 929, "w": 39, "h": 27, "jsonClass": "TextBlock"}, {"x": 1247, "y": 929, "w": 37, "h": 27, "jsonClass": "TextBlock"}, {"x": 716, "y": 896, "w": 299, "h": 28, "jsonClass": "TextBlock"}, {"x": 453, "y": 1327, "w": 34, "h": 28, "jsonClass": "TextBlock"}, {"x": 639, "y": 1327, "w": 201, "h": 28, "jsonClass": "TextBlock"}, {"x": 453, "y": 1294, "w": 33, "h": 27, "jsonClass": "TextBlock"}, {"x": 719, "y": 1294, "w": 41, "h": 27, "jsonClass": "TextBlock"}, {"x": 988, "y": 1294, "w": 39, "h": 27, "jsonClass": "TextBlock"}, {"x": 1251, "y": 1294, "w": 34, "h": 27, "jsonClass": "TextBlock"}, {"x": 718, "y": 1261, "w": 299, "h": 28, "jsonClass": "TextBlock"}, {"x": 174, "y": 2106, "w": 265, "h": 20, "jsonClass": "TextBlock"}, {"x": 721, "y": 83, "w": 287, "h": 128, "jsonClass": "TableTitle"}, {"x": 719, "y": 403, "w": 300, "h": 128, "jsonClass": "TableTitle"}, {"x": 707, "y": 760, "w": 317, "h": 128, "jsonClass": "TableTitle"}, {"x": 722, "y": 1123, "w": 291, "h": 128, "jsonClass": "TableTitle"}], "TextRun": [{"x": 208, "y": 1392, "w": 135, "h": 27, "jsonClass": "TextRun"}, {"x": 344, "y": 1392, "w": 65, "h": 27, "jsonClass": "TextRun"}, {"x": 410, "y": 1392, "w": 118, "h": 27, "jsonClass": "TextRun"}, {"x": 543, "y": 1392, "w": 50, "h": 27, "jsonClass": "TextRun"}, {"x": 593, "y": 1392, "w": 47, "h": 27, "jsonClass": "TextRun"}, {"x": 640, "y": 1392, "w": 51, "h": 27, "jsonClass": "TextRun"}, {"x": 691, "y": 1392, "w": 42, "h": 27, "jsonClass": "TextRun"}, {"x": 734, "y": 1392, "w": 96, "h": 27, "jsonClass": "TextRun"}, {"x": 830, "y": 1392, "w": 138, "h": 27, "jsonClass": "TextRun"}, {"x": 969, "y": 1392, "w": 107, "h": 27, "jsonClass": "TextRun"}, {"x": 1076, "y": 1392, "w": 35, "h": 27, "jsonClass": "TextRun"}, {"x": 1111, "y": 1392, "w": 47, "h": 27, "jsonClass": "TextRun"}, {"x": 1159, "y": 1392, "w": 61, "h": 27, "jsonClass": "TextRun"}, {"x": 1220, "y": 1392, "w": 28, "h": 27, "jsonClass": "TextRun"}, {"x": 1249, "y": 1392, "w": 47, "h": 27, "jsonClass": "TextRun"}, {"x": 1296, "y": 1392, "w": 80, "h": 27, "jsonClass": "TextRun"}, {"x": 1376, "y": 1392, "w": 64, "h": 27, "jsonClass": "TextRun"}, {"x": 1440, "y": 1392, "w": 48, "h": 27, "jsonClass": "TextRun"}, {"x": 208, "y": 1425, "w": 61, "h": 28, "jsonClass": "TextRun"}, {"x": 270, "y": 1425, "w": 44, "h": 28, "jsonClass": "TextRun"}, {"x": 314, "y": 1425, "w": 59, "h": 28, "jsonClass": "TextRun"}, {"x": 374, "y": 1425, "w": 124, "h": 28, "jsonClass": "TextRun"}, {"x": 498, "y": 1425, "w": 71, "h": 28, "jsonClass": "TextRun"}, {"x": 569, "y": 1425, "w": 41, "h": 28, "jsonClass": "TextRun"}, {"x": 610, "y": 1425, "w": 92, "h": 28, "jsonClass": "TextRun"}, {"x": 702, "y": 1425, "w": 47, "h": 28, "jsonClass": "TextRun"}, {"x": 750, "y": 1425, "w": 30, "h": 28, "jsonClass": "TextRun"}, {"x": 780, "y": 1425, "w": 63, "h": 28, "jsonClass": "TextRun"}, {"x": 843, "y": 1425, "w": 30, "h": 28, "jsonClass": "TextRun"}, {"x": 874, "y": 1425, "w": 50, "h": 28, "jsonClass": "TextRun"}, {"x": 924, "y": 1425, "w": 42, "h": 28, "jsonClass": "TextRun"}, {"x": 966, "y": 1425, "w": 66, "h": 28, "jsonClass": "TextRun"}, {"x": 1032, "y": 1425, "w": 30, "h": 28, "jsonClass": "TextRun"}, {"x": 1063, "y": 1425, "w": 90, "h": 28, "jsonClass": "TextRun"}, {"x": 1153, "y": 1425, "w": 147, "h": 28, "jsonClass": "TextRun"}, {"x": 1300, "y": 1425, "w": 86, "h": 28, "jsonClass": "TextRun"}, {"x": 1386, "y": 1425, "w": 70, "h": 28, "jsonClass": "TextRun"}, {"x": 1456, "y": 1425, "w": 32, "h": 28, "jsonClass": "TextRun"}, {"x": 208, "y": 1458, "w": 86, "h": 28, "jsonClass": "TextRun"}, {"x": 297, "y": 1458, "w": 54, "h": 28, "jsonClass": "TextRun"}, {"x": 354, "y": 1458, "w": 56, "h": 28, "jsonClass": "TextRun"}, {"x": 413, "y": 1458, "w": 47, "h": 28, "jsonClass": "TextRun"}, {"x": 463, "y": 1458, "w": 68, "h": 28, "jsonClass": "TextRun"}, {"x": 534, "y": 1458, "w": 135, "h": 28, "jsonClass": "TextRun"}, {"x": 671, "y": 1458, "w": 72, "h": 28, "jsonClass": "TextRun"}, {"x": 746, "y": 1458, "w": 30, "h": 28, "jsonClass": "TextRun"}, {"x": 779, "y": 1458, "w": 74, "h": 28, "jsonClass": "TextRun"}, {"x": 856, "y": 1458, "w": 56, "h": 28, "jsonClass": "TextRun"}, {"x": 937, "y": 1458, "w": 104, "h": 28, "jsonClass": "TextRun"}, {"x": 1044, "y": 1458, "w": 129, "h": 28, "jsonClass": "TextRun"}, {"x": 1175, "y": 1458, "w": 139, "h": 28, "jsonClass": "TextRun"}, {"x": 1316, "y": 1458, "w": 29, "h": 28, "jsonClass": "TextRun"}, {"x": 1347, "y": 1458, "w": 41, "h": 28, "jsonClass": "TextRun"}, {"x": 1391, "y": 1458, "w": 97, "h": 28, "jsonClass": "TextRun"}, {"x": 208, "y": 1492, "w": 80, "h": 27, "jsonClass": "TextRun"}, {"x": 290, "y": 1492, "w": 30, "h": 27, "jsonClass": "TextRun"}, {"x": 323, "y": 1492, "w": 93, "h": 27, "jsonClass": "TextRun"}, {"x": 419, "y": 1492, "w": 160, "h": 27, "jsonClass": "TextRun"}, {"x": 581, "y": 1492, "w": 29, "h": 27, "jsonClass": "TextRun"}, {"x": 612, "y": 1492, "w": 40, "h": 27, "jsonClass": "TextRun"}, {"x": 654, "y": 1492, "w": 68, "h": 27, "jsonClass": "TextRun"}, {"x": 724, "y": 1492, "w": 41, "h": 27, "jsonClass": "TextRun"}, {"x": 768, "y": 1492, "w": 88, "h": 27, "jsonClass": "TextRun"}, {"x": 859, "y": 1492, "w": 28, "h": 27, "jsonClass": "TextRun"}, {"x": 890, "y": 1492, "w": 41, "h": 27, "jsonClass": "TextRun"}, {"x": 933, "y": 1492, "w": 132, "h": 27, "jsonClass": "TextRun"}, {"x": 1068, "y": 1492, "w": 30, "h": 27, "jsonClass": "TextRun"}, {"x": 1101, "y": 1492, "w": 79, "h": 27, "jsonClass": "TextRun"}, {"x": 1183, "y": 1492, "w": 71, "h": 27, "jsonClass": "TextRun"}, {"x": 1257, "y": 1492, "w": 30, "h": 27, "jsonClass": "TextRun"}, {"x": 1290, "y": 1492, "w": 39, "h": 27, "jsonClass": "TextRun"}, {"x": 1332, "y": 1492, "w": 39, "h": 27, "jsonClass": "TextRun"}, {"x": 1374, "y": 1492, "w": 40, "h": 27, "jsonClass": "TextRun"}, {"x": 1417, "y": 1492, "w": 47, "h": 27, "jsonClass": "TextRun"}, {"x": 1467, "y": 1492, "w": 21, "h": 27, "jsonClass": "TextRun"}, {"x": 208, "y": 1525, "w": 77, "h": 28, "jsonClass": "TextRun"}, {"x": 290, "y": 1525, "w": 82, "h": 28, "jsonClass": "TextRun"}, {"x": 377, "y": 1525, "w": 138, "h": 28, "jsonClass": "TextRun"}, {"x": 520, "y": 1525, "w": 30, "h": 28, "jsonClass": "TextRun"}, {"x": 555, "y": 1525, "w": 55, "h": 28, "jsonClass": "TextRun"}, {"x": 615, "y": 1525, "w": 33, "h": 28, "jsonClass": "TextRun"}, {"x": 653, "y": 1525, "w": 115, "h": 28, "jsonClass": "TextRun"}, {"x": 773, "y": 1525, "w": 60, "h": 28, "jsonClass": "TextRun"}, {"x": 838, "y": 1525, "w": 41, "h": 28, "jsonClass": "TextRun"}, {"x": 884, "y": 1525, "w": 80, "h": 28, "jsonClass": "TextRun"}, {"x": 969, "y": 1525, "w": 39, "h": 28, "jsonClass": "TextRun"}, {"x": 1013, "y": 1525, "w": 41, "h": 28, "jsonClass": "TextRun"}, {"x": 1059, "y": 1525, "w": 47, "h": 28, "jsonClass": "TextRun"}, {"x": 1110, "y": 1525, "w": 29, "h": 28, "jsonClass": "TextRun"}, {"x": 1144, "y": 1525, "w": 101, "h": 28, "jsonClass": "TextRun"}, {"x": 1250, "y": 1525, "w": 90, "h": 28, "jsonClass": "TextRun"}, {"x": 1345, "y": 1525, "w": 41, "h": 28, "jsonClass": "TextRun"}, {"x": 1391, "y": 1525, "w": 97, "h": 28, "jsonClass": "TextRun"}, {"x": 208, "y": 1558, "w": 115, "h": 28, "jsonClass": "TextRun"}, {"x": 328, "y": 1558, "w": 69, "h": 28, "jsonClass": "TextRun"}, {"x": 401, "y": 1558, "w": 30, "h": 28, "jsonClass": "TextRun"}, {"x": 436, "y": 1558, "w": 29, "h": 28, "jsonClass": "TextRun"}, {"x": 469, "y": 1558, "w": 95, "h": 28, "jsonClass": "TextRun"}, {"x": 569, "y": 1558, "w": 39, "h": 28, "jsonClass": "TextRun"}, {"x": 613, "y": 1558, "w": 30, "h": 28, "jsonClass": "TextRun"}, {"x": 648, "y": 1558, "w": 42, "h": 28, "jsonClass": "TextRun"}, {"x": 695, "y": 1558, "w": 101, "h": 28, "jsonClass": "TextRun"}, {"x": 801, "y": 1558, "w": 79, "h": 28, "jsonClass": "TextRun"}, {"x": 885, "y": 1558, "w": 103, "h": 28, "jsonClass": "TextRun"}, {"x": 992, "y": 1558, "w": 31, "h": 28, "jsonClass": "TextRun"}, {"x": 1027, "y": 1558, "w": 114, "h": 28, "jsonClass": "TextRun"}, {"x": 1145, "y": 1558, "w": 29, "h": 28, "jsonClass": "TextRun"}, {"x": 1179, "y": 1558, "w": 40, "h": 28, "jsonClass": "TextRun"}, {"x": 1224, "y": 1558, "w": 47, "h": 28, "jsonClass": "TextRun"}, {"x": 1276, "y": 1558, "w": 84, "h": 28, "jsonClass": "TextRun"}, {"x": 1365, "y": 1558, "w": 30, "h": 28, "jsonClass": "TextRun"}, {"x": 1400, "y": 1558, "w": 88, "h": 28, "jsonClass": "TextRun"}, {"x": 208, "y": 1592, "w": 145, "h": 27, "jsonClass": "TextRun"}, {"x": 357, "y": 1592, "w": 174, "h": 27, "jsonClass": "TextRun"}, {"x": 535, "y": 1592, "w": 102, "h": 27, "jsonClass": "TextRun"}, {"x": 640, "y": 1592, "w": 120, "h": 27, "jsonClass": "TextRun"}, {"x": 763, "y": 1592, "w": 47, "h": 27, "jsonClass": "TextRun"}, {"x": 814, "y": 1592, "w": 164, "h": 27, "jsonClass": "TextRun"}, {"x": 981, "y": 1592, "w": 98, "h": 27, "jsonClass": "TextRun"}, {"x": 1102, "y": 1592, "w": 54, "h": 27, "jsonClass": "TextRun"}, {"x": 1160, "y": 1592, "w": 47, "h": 27, "jsonClass": "TextRun"}, {"x": 1210, "y": 1592, "w": 115, "h": 27, "jsonClass": "TextRun"}, {"x": 1329, "y": 1592, "w": 28, "h": 27, "jsonClass": "TextRun"}, {"x": 1361, "y": 1592, "w": 41, "h": 27, "jsonClass": "TextRun"}, {"x": 1405, "y": 1592, "w": 83, "h": 27, "jsonClass": "TextRun"}, {"x": 208, "y": 1625, "w": 107, "h": 28, "jsonClass": "TextRun"}, {"x": 316, "y": 1625, "w": 65, "h": 28, "jsonClass": "TextRun"}, {"x": 382, "y": 1625, "w": 120, "h": 28, "jsonClass": "TextRun"}, {"x": 503, "y": 1625, "w": 29, "h": 28, "jsonClass": "TextRun"}, {"x": 534, "y": 1625, "w": 95, "h": 28, "jsonClass": "TextRun"}, {"x": 630, "y": 1625, "w": 26, "h": 28, "jsonClass": "TextRun"}, {"x": 657, "y": 1625, "w": 100, "h": 28, "jsonClass": "TextRun"}, {"x": 758, "y": 1625, "w": 29, "h": 28, "jsonClass": "TextRun"}, {"x": 789, "y": 1625, "w": 76, "h": 28, "jsonClass": "TextRun"}, {"x": 867, "y": 1625, "w": 30, "h": 28, "jsonClass": "TextRun"}, {"x": 898, "y": 1625, "w": 71, "h": 28, "jsonClass": "TextRun"}, {"x": 970, "y": 1625, "w": 115, "h": 28, "jsonClass": "TextRun"}, {"x": 1087, "y": 1625, "w": 102, "h": 28, "jsonClass": "TextRun"}, {"x": 1190, "y": 1625, "w": 51, "h": 28, "jsonClass": "TextRun"}, {"x": 1242, "y": 1625, "w": 114, "h": 28, "jsonClass": "TextRun"}, {"x": 1357, "y": 1625, "w": 131, "h": 28, "jsonClass": "TextRun"}, {"x": 208, "y": 1658, "w": 26, "h": 28, "jsonClass": "TextRun"}, {"x": 235, "y": 1658, "w": 127, "h": 28, "jsonClass": "TextRun"}, {"x": 363, "y": 1658, "w": 97, "h": 28, "jsonClass": "TextRun"}, {"x": 461, "y": 1658, "w": 47, "h": 28, "jsonClass": "TextRun"}, {"x": 509, "y": 1658, "w": 115, "h": 28, "jsonClass": "TextRun"}, {"x": 625, "y": 1658, "w": 29, "h": 28, "jsonClass": "TextRun"}, {"x": 655, "y": 1658, "w": 118, "h": 28, "jsonClass": "TextRun"}, {"x": 774, "y": 1658, "w": 41, "h": 28, "jsonClass": "TextRun"}, {"x": 816, "y": 1658, "w": 120, "h": 28, "jsonClass": "TextRun"}, {"x": 937, "y": 1658, "w": 95, "h": 28, "jsonClass": "TextRun"}, {"x": 1033, "y": 1658, "w": 70, "h": 28, "jsonClass": "TextRun"}, {"x": 1104, "y": 1658, "w": 41, "h": 28, "jsonClass": "TextRun"}, {"x": 1146, "y": 1658, "w": 54, "h": 28, "jsonClass": "TextRun"}, {"x": 1201, "y": 1658, "w": 75, "h": 28, "jsonClass": "TextRun"}, {"x": 1277, "y": 1658, "w": 49, "h": 28, "jsonClass": "TextRun"}, {"x": 1327, "y": 1658, "w": 35, "h": 28, "jsonClass": "TextRun"}, {"x": 1363, "y": 1658, "w": 42, "h": 28, "jsonClass": "TextRun"}, {"x": 1406, "y": 1658, "w": 60, "h": 28, "jsonClass": "TextRun"}, {"x": 1467, "y": 1658, "w": 21, "h": 28, "jsonClass": "TextRun"}, {"x": 208, "y": 1692, "w": 102, "h": 27, "jsonClass": "TextRun"}, {"x": 311, "y": 1692, "w": 47, "h": 27, "jsonClass": "TextRun"}, {"x": 359, "y": 1692, "w": 81, "h": 27, "jsonClass": "TextRun"}, {"x": 440, "y": 1692, "w": 91, "h": 27, "jsonClass": "TextRun"}, {"x": 531, "y": 1692, "w": 58, "h": 27, "jsonClass": "TextRun"}, {"x": 590, "y": 1692, "w": 68, "h": 27, "jsonClass": "TextRun"}, {"x": 659, "y": 1692, "w": 39, "h": 27, "jsonClass": "TextRun"}, {"x": 699, "y": 1692, "w": 115, "h": 27, "jsonClass": "TextRun"}, {"x": 815, "y": 1692, "w": 118, "h": 27, "jsonClass": "TextRun"}, {"x": 933, "y": 1692, "w": 77, "h": 27, "jsonClass": "TextRun"}, {"x": 1011, "y": 1692, "w": 40, "h": 27, "jsonClass": "TextRun"}, {"x": 1052, "y": 1692, "w": 138, "h": 27, "jsonClass": "TextRun"}, {"x": 1191, "y": 1692, "w": 25, "h": 27, "jsonClass": "TextRun"}, {"x": 1217, "y": 1692, "w": 112, "h": 27, "jsonClass": "TextRun"}, {"x": 1330, "y": 1692, "w": 30, "h": 27, "jsonClass": "TextRun"}, {"x": 1360, "y": 1692, "w": 100, "h": 27, "jsonClass": "TextRun"}, {"x": 1461, "y": 1692, "w": 27, "h": 27, "jsonClass": "TextRun"}, {"x": 208, "y": 1725, "w": 95, "h": 28, "jsonClass": "TextRun"}, {"x": 308, "y": 1725, "w": 47, "h": 28, "jsonClass": "TextRun"}, {"x": 361, "y": 1725, "w": 44, "h": 28, "jsonClass": "TextRun"}, {"x": 410, "y": 1725, "w": 82, "h": 28, "jsonClass": "TextRun"}, {"x": 497, "y": 1725, "w": 78, "h": 28, "jsonClass": "TextRun"}, {"x": 581, "y": 1725, "w": 50, "h": 28, "jsonClass": "TextRun"}, {"x": 636, "y": 1725, "w": 115, "h": 28, "jsonClass": "TextRun"}, {"x": 756, "y": 1725, "w": 49, "h": 28, "jsonClass": "TextRun"}, {"x": 810, "y": 1725, "w": 82, "h": 28, "jsonClass": "TextRun"}, {"x": 897, "y": 1725, "w": 41, "h": 28, "jsonClass": "TextRun"}, {"x": 943, "y": 1725, "w": 128, "h": 28, "jsonClass": "TextRun"}, {"x": 1076, "y": 1725, "w": 139, "h": 28, "jsonClass": "TextRun"}, {"x": 1221, "y": 1725, "w": 44, "h": 28, "jsonClass": "TextRun"}, {"x": 1270, "y": 1725, "w": 82, "h": 28, "jsonClass": "TextRun"}, {"x": 1357, "y": 1725, "w": 78, "h": 28, "jsonClass": "TextRun"}, {"x": 1441, "y": 1725, "w": 47, "h": 28, "jsonClass": "TextRun"}, {"x": 208, "y": 1758, "w": 138, "h": 28, "jsonClass": "TextRun"}, {"x": 354, "y": 1758, "w": 106, "h": 28, "jsonClass": "TextRun"}, {"x": 467, "y": 1758, "w": 35, "h": 28, "jsonClass": "TextRun"}, {"x": 509, "y": 1758, "w": 126, "h": 28, "jsonClass": "TextRun"}, {"x": 643, "y": 1758, "w": 122, "h": 28, "jsonClass": "TextRun"}, {"x": 772, "y": 1758, "w": 47, "h": 28, "jsonClass": "TextRun"}, {"x": 827, "y": 1758, "w": 74, "h": 28, "jsonClass": "TextRun"}, {"x": 909, "y": 1758, "w": 55, "h": 28, "jsonClass": "TextRun"}, {"x": 971, "y": 1758, "w": 33, "h": 28, "jsonClass": "TextRun"}, {"x": 1011, "y": 1758, "w": 86, "h": 28, "jsonClass": "TextRun"}, {"x": 1104, "y": 1758, "w": 29, "h": 28, "jsonClass": "TextRun"}, {"x": 1140, "y": 1758, "w": 135, "h": 28, "jsonClass": "TextRun"}, {"x": 1283, "y": 1758, "w": 93, "h": 28, "jsonClass": "TextRun"}, {"x": 1383, "y": 1758, "w": 105, "h": 28, "jsonClass": "TextRun"}, {"x": 208, "y": 1792, "w": 445, "h": 27, "jsonClass": "TextRun"}, {"x": 208, "y": 1848, "w": 197, "h": 28, "jsonClass": "TextRun"}, {"x": 408, "y": 1848, "w": 118, "h": 28, "jsonClass": "TextRun"}, {"x": 544, "y": 1848, "w": 45, "h": 28, "jsonClass": "TextRun"}, {"x": 592, "y": 1848, "w": 60, "h": 28, "jsonClass": "TextRun"}, {"x": 655, "y": 1848, "w": 47, "h": 28, "jsonClass": "TextRun"}, {"x": 705, "y": 1848, "w": 138, "h": 28, "jsonClass": "TextRun"}, {"x": 846, "y": 1848, "w": 29, "h": 28, "jsonClass": "TextRun"}, {"x": 878, "y": 1848, "w": 118, "h": 28, "jsonClass": "TextRun"}, {"x": 999, "y": 1848, "w": 58, "h": 28, "jsonClass": "TextRun"}, {"x": 1060, "y": 1848, "w": 117, "h": 28, "jsonClass": "TextRun"}, {"x": 1180, "y": 1848, "w": 115, "h": 28, "jsonClass": "TextRun"}, {"x": 1298, "y": 1848, "w": 29, "h": 28, "jsonClass": "TextRun"}, {"x": 1330, "y": 1848, "w": 47, "h": 28, "jsonClass": "TextRun"}, {"x": 1380, "y": 1848, "w": 108, "h": 28, "jsonClass": "TextRun"}, {"x": 208, "y": 1881, "w": 95, "h": 28, "jsonClass": "TextRun"}, {"x": 303, "y": 1881, "w": 44, "h": 28, "jsonClass": "TextRun"}, {"x": 347, "y": 1881, "w": 82, "h": 28, "jsonClass": "TextRun"}, {"x": 429, "y": 1881, "w": 79, "h": 28, "jsonClass": "TextRun"}, {"x": 508, "y": 1881, "w": 59, "h": 28, "jsonClass": "TextRun"}, {"x": 567, "y": 1881, "w": 42, "h": 28, "jsonClass": "TextRun"}, {"x": 609, "y": 1881, "w": 83, "h": 28, "jsonClass": "TextRun"}, {"x": 692, "y": 1881, "w": 73, "h": 28, "jsonClass": "TextRun"}, {"x": 765, "y": 1881, "w": 73, "h": 28, "jsonClass": "TextRun"}, {"x": 838, "y": 1881, "w": 79, "h": 28, "jsonClass": "TextRun"}, {"x": 917, "y": 1881, "w": 32, "h": 28, "jsonClass": "TextRun"}, {"x": 949, "y": 1881, "w": 28, "h": 28, "jsonClass": "TextRun"}, {"x": 977, "y": 1881, "w": 44, "h": 28, "jsonClass": "TextRun"}, {"x": 1021, "y": 1881, "w": 40, "h": 28, "jsonClass": "TextRun"}, {"x": 1061, "y": 1881, "w": 47, "h": 28, "jsonClass": "TextRun"}, {"x": 1108, "y": 1881, "w": 145, "h": 28, "jsonClass": "TextRun"}, {"x": 1253, "y": 1881, "w": 45, "h": 28, "jsonClass": "TextRun"}, {"x": 1298, "y": 1881, "w": 100, "h": 28, "jsonClass": "TextRun"}, {"x": 1398, "y": 1881, "w": 49, "h": 28, "jsonClass": "TextRun"}, {"x": 1447, "y": 1881, "w": 41, "h": 28, "jsonClass": "TextRun"}, {"x": 208, "y": 1915, "w": 51, "h": 27, "jsonClass": "TextRun"}, {"x": 261, "y": 1915, "w": 59, "h": 27, "jsonClass": "TextRun"}, {"x": 322, "y": 1915, "w": 34, "h": 27, "jsonClass": "TextRun"}, {"x": 358, "y": 1915, "w": 93, "h": 27, "jsonClass": "TextRun"}, {"x": 453, "y": 1915, "w": 30, "h": 27, "jsonClass": "TextRun"}, {"x": 486, "y": 1915, "w": 34, "h": 27, "jsonClass": "TextRun"}, {"x": 523, "y": 1915, "w": 94, "h": 27, "jsonClass": "TextRun"}, {"x": 620, "y": 1915, "w": 28, "h": 27, "jsonClass": "TextRun"}, {"x": 651, "y": 1915, "w": 82, "h": 27, "jsonClass": "TextRun"}, {"x": 735, "y": 1915, "w": 41, "h": 27, "jsonClass": "TextRun"}, {"x": 778, "y": 1915, "w": 144, "h": 27, "jsonClass": "TextRun"}, {"x": 924, "y": 1915, "w": 52, "h": 27, "jsonClass": "TextRun"}, {"x": 978, "y": 1915, "w": 41, "h": 27, "jsonClass": "TextRun"}, {"x": 1021, "y": 1915, "w": 145, "h": 27, "jsonClass": "TextRun"}, {"x": 1168, "y": 1915, "w": 48, "h": 27, "jsonClass": "TextRun"}, {"x": 1218, "y": 1915, "w": 109, "h": 27, "jsonClass": "TextRun"}, {"x": 1329, "y": 1915, "w": 47, "h": 27, "jsonClass": "TextRun"}, {"x": 1378, "y": 1915, "w": 68, "h": 27, "jsonClass": "TextRun"}, {"x": 1448, "y": 1915, "w": 40, "h": 27, "jsonClass": "TextRun"}, {"x": 208, "y": 1948, "w": 81, "h": 28, "jsonClass": "TextRun"}, {"x": 291, "y": 1948, "w": 95, "h": 28, "jsonClass": "TextRun"}, {"x": 389, "y": 1948, "w": 30, "h": 28, "jsonClass": "TextRun"}, {"x": 421, "y": 1948, "w": 93, "h": 28, "jsonClass": "TextRun"}, {"x": 538, "y": 1948, "w": 116, "h": 28, "jsonClass": "TextRun"}, {"x": 656, "y": 1948, "w": 30, "h": 28, "jsonClass": "TextRun"}, {"x": 689, "y": 1948, "w": 138, "h": 28, "jsonClass": "TextRun"}, {"x": 829, "y": 1948, "w": 76, "h": 28, "jsonClass": "TextRun"}, {"x": 929, "y": 1948, "w": 62, "h": 28, "jsonClass": "TextRun"}, {"x": 993, "y": 1948, "w": 71, "h": 28, "jsonClass": "TextRun"}, {"x": 1066, "y": 1948, "w": 85, "h": 28, "jsonClass": "TextRun"}, {"x": 1153, "y": 1948, "w": 92, "h": 28, "jsonClass": "TextRun"}, {"x": 1247, "y": 1948, "w": 26, "h": 28, "jsonClass": "TextRun"}, {"x": 1275, "y": 1948, "w": 120, "h": 28, "jsonClass": "TextRun"}, {"x": 1398, "y": 1948, "w": 54, "h": 28, "jsonClass": "TextRun"}, {"x": 1454, "y": 1948, "w": 34, "h": 28, "jsonClass": "TextRun"}, {"x": 208, "y": 1981, "w": 43, "h": 28, "jsonClass": "TextRun"}, {"x": 251, "y": 1981, "w": 100, "h": 28, "jsonClass": "TextRun"}, {"x": 351, "y": 1981, "w": 29, "h": 28, "jsonClass": "TextRun"}, {"x": 381, "y": 1981, "w": 95, "h": 28, "jsonClass": "TextRun"}, {"x": 476, "y": 1981, "w": 29, "h": 28, "jsonClass": "TextRun"}, {"x": 525, "y": 1981, "w": 117, "h": 28, "jsonClass": "TextRun"}, {"x": 642, "y": 1981, "w": 30, "h": 28, "jsonClass": "TextRun"}, {"x": 673, "y": 1981, "w": 138, "h": 28, "jsonClass": "TextRun"}, {"x": 812, "y": 1981, "w": 24, "h": 28, "jsonClass": "TextRun"}, {"x": 836, "y": 1981, "w": 47, "h": 28, "jsonClass": "TextRun"}, {"x": 884, "y": 1981, "w": 92, "h": 28, "jsonClass": "TextRun"}, {"x": 976, "y": 1981, "w": 26, "h": 28, "jsonClass": "TextRun"}, {"x": 1002, "y": 1981, "w": 43, "h": 28, "jsonClass": "TextRun"}, {"x": 1045, "y": 1981, "w": 121, "h": 28, "jsonClass": "TextRun"}, {"x": 1166, "y": 1981, "w": 69, "h": 28, "jsonClass": "TextRun"}, {"x": 1236, "y": 1981, "w": 70, "h": 28, "jsonClass": "TextRun"}, {"x": 1306, "y": 1981, "w": 86, "h": 28, "jsonClass": "TextRun"}, {"x": 1393, "y": 1981, "w": 95, "h": 28, "jsonClass": "TextRun"}, {"x": 208, "y": 2015, "w": 46, "h": 27, "jsonClass": "TextRun"}, {"x": 256, "y": 2015, "w": 33, "h": 27, "jsonClass": "TextRun"}, {"x": 290, "y": 2015, "w": 88, "h": 27, "jsonClass": "TextRun"}, {"x": 379, "y": 2015, "w": 35, "h": 27, "jsonClass": "TextRun"}, {"x": 416, "y": 2015, "w": 41, "h": 27, "jsonClass": "TextRun"}, {"x": 458, "y": 2015, "w": 71, "h": 27, "jsonClass": "TextRun"}, {"x": 530, "y": 2015, "w": 94, "h": 27, "jsonClass": "TextRun"}, {"x": 625, "y": 2015, "w": 61, "h": 27, "jsonClass": "TextRun"}, {"x": 688, "y": 2015, "w": 27, "h": 27, "jsonClass": "TextRun"}, {"x": 715, "y": 2015, "w": 495, "h": 27, "jsonClass": "TextRun"}, {"x": 1210, "y": 2015, "w": 40, "h": 27, "jsonClass": "TextRun"}, {"x": 1251, "y": 2015, "w": 95, "h": 27, "jsonClass": "TextRun"}, {"x": 1347, "y": 2015, "w": 49, "h": 27, "jsonClass": "TextRun"}, {"x": 1398, "y": 2015, "w": 45, "h": 27, "jsonClass": "TextRun"}, {"x": 1445, "y": 2015, "w": 43, "h": 27, "jsonClass": "TextRun"}, {"x": 208, "y": 2048, "w": 1279, "h": 28, "jsonClass": "TextRun"}, {"x": 443, "y": 353, "w": 41, "h": 27, "jsonClass": "TextRun"}, {"x": 644, "y": 353, "w": 181, "h": 27, "jsonClass": "TextRun"}, {"x": 443, "y": 319, "w": 41, "h": 28, "jsonClass": "TextRun"}, {"x": 716, "y": 319, "w": 36, "h": 28, "jsonClass": "TextRun"}, {"x": 990, "y": 319, "w": 28, "h": 28, "jsonClass": "TextRun"}, {"x": 1246, "y": 319, "w": 37, "h": 28, "jsonClass": "TextRun"}, {"x": 441, "y": 286, "w": 45, "h": 28, "jsonClass": "TextRun"}, {"x": 712, "y": 286, "w": 45, "h": 28, "jsonClass": "TextRun"}, {"x": 984, "y": 286, "w": 40, "h": 28, "jsonClass": "TextRun"}, {"x": 1249, "y": 286, "w": 31, "h": 28, "jsonClass": "TextRun"}, {"x": 716, "y": 253, "w": 37, "h": 27, "jsonClass": "TextRun"}, {"x": 985, "y": 253, "w": 38, "h": 27, "jsonClass": "TextRun"}, {"x": 1243, "y": 253, "w": 42, "h": 27, "jsonClass": "TextRun"}, {"x": 446, "y": 253, "w": 35, "h": 27, "jsonClass": "TextRun"}, {"x": 715, "y": 220, "w": 298, "h": 28, "jsonClass": "TextRun"}, {"x": 776, "y": 83, "w": 185, "h": 28, "jsonClass": "TextRun"}, {"x": 752, "y": 117, "w": 232, "h": 27, "jsonClass": "TextRun"}, {"x": 782, "y": 150, "w": 172, "h": 28, "jsonClass": "TextRun"}, {"x": 721, "y": 183, "w": 287, "h": 28, "jsonClass": "TextRun"}, {"x": 446, "y": 705, "w": 35, "h": 28, "jsonClass": "TextRun"}, {"x": 710, "y": 705, "w": 46, "h": 28, "jsonClass": "TextRun"}, {"x": 444, "y": 671, "w": 40, "h": 28, "jsonClass": "TextRun"}, {"x": 715, "y": 674, "w": 35, "h": 27, "jsonClass": "TextRun"}, {"x": 983, "y": 674, "w": 37, "h": 27, "jsonClass": "TextRun"}, {"x": 1239, "y": 674, "w": 46, "h": 28, "jsonClass": "TextRun"}, {"x": 442, "y": 638, "w": 45, "h": 28, "jsonClass": "TextRun"}, {"x": 713, "y": 638, "w": 41, "h": 28, "jsonClass": "TextRun"}, {"x": 985, "y": 638, "w": 37, "h": 28, "jsonClass": "TextRun"}, {"x": 1243, "y": 638, "w": 40, "h": 28, "jsonClass": "TextRun"}, {"x": 447, "y": 603, "w": 36, "h": 28, "jsonClass": "TextRun"}, {"x": 713, "y": 605, "w": 40, "h": 28, "jsonClass": "TextRun"}, {"x": 986, "y": 605, "w": 34, "h": 28, "jsonClass": "TextRun"}, {"x": 1241, "y": 605, "w": 45, "h": 28, "jsonClass": "TextRun"}, {"x": 445, "y": 571, "w": 38, "h": 28, "jsonClass": "TextRun"}, {"x": 719, "y": 571, "w": 29, "h": 28, "jsonClass": "TextRun"}, {"x": 990, "y": 571, "w": 26, "h": 28, "jsonClass": "TextRun"}, {"x": 1249, "y": 571, "w": 29, "h": 28, "jsonClass": "TextRun"}, {"x": 714, "y": 539, "w": 299, "h": 28, "jsonClass": "TextRun"}, {"x": 781, "y": 403, "w": 183, "h": 28, "jsonClass": "TextRun"}, {"x": 757, "y": 436, "w": 232, "h": 28, "jsonClass": "TextRun"}, {"x": 780, "y": 469, "w": 186, "h": 28, "jsonClass": "TextRun"}, {"x": 719, "y": 503, "w": 300, "h": 28, "jsonClass": "TextRun"}, {"x": 442, "y": 1064, "w": 47, "h": 28, "jsonClass": "TextRun"}, {"x": 446, "y": 1029, "w": 39, "h": 27, "jsonClass": "TextRun"}, {"x": 673, "y": 1029, "w": 125, "h": 27, "jsonClass": "TextRun"}, {"x": 987, "y": 1029, "w": 37, "h": 27, "jsonClass": "TextRun"}, {"x": 1247, "y": 1029, "w": 37, "h": 27, "jsonClass": "TextRun"}, {"x": 445, "y": 995, "w": 41, "h": 28, "jsonClass": "TextRun"}, {"x": 713, "y": 995, "w": 45, "h": 28, "jsonClass": "TextRun"}, {"x": 985, "y": 995, "w": 41, "h": 28, "jsonClass": "TextRun"}, {"x": 1245, "y": 995, "w": 41, "h": 28, "jsonClass": "TextRun"}, {"x": 446, "y": 962, "w": 39, "h": 28, "jsonClass": "TextRun"}, {"x": 721, "y": 962, "w": 29, "h": 28, "jsonClass": "TextRun"}, {"x": 991, "y": 962, "w": 29, "h": 28, "jsonClass": "TextRun"}, {"x": 1247, "y": 962, "w": 37, "h": 28, "jsonClass": "TextRun"}, {"x": 445, "y": 929, "w": 41, "h": 27, "jsonClass": "TextRun"}, {"x": 717, "y": 929, "w": 37, "h": 27, "jsonClass": "TextRun"}, {"x": 986, "y": 929, "w": 39, "h": 27, "jsonClass": "TextRun"}, {"x": 1247, "y": 929, "w": 37, "h": 27, "jsonClass": "TextRun"}, {"x": 716, "y": 896, "w": 299, "h": 28, "jsonClass": "TextRun"}, {"x": 772, "y": 760, "w": 194, "h": 28, "jsonClass": "TextRun"}, {"x": 753, "y": 793, "w": 232, "h": 28, "jsonClass": "TextRun"}, {"x": 783, "y": 827, "w": 172, "h": 27, "jsonClass": "TextRun"}, {"x": 707, "y": 860, "w": 317, "h": 28, "jsonClass": "TextRun"}, {"x": 453, "y": 1327, "w": 34, "h": 28, "jsonClass": "TextRun"}, {"x": 639, "y": 1327, "w": 201, "h": 28, "jsonClass": "TextRun"}, {"x": 453, "y": 1294, "w": 33, "h": 27, "jsonClass": "TextRun"}, {"x": 719, "y": 1294, "w": 41, "h": 27, "jsonClass": "TextRun"}, {"x": 988, "y": 1294, "w": 39, "h": 27, "jsonClass": "TextRun"}, {"x": 1251, "y": 1294, "w": 34, "h": 27, "jsonClass": "TextRun"}, {"x": 718, "y": 1261, "w": 299, "h": 28, "jsonClass": "TextRun"}, {"x": 770, "y": 1123, "w": 202, "h": 28, "jsonClass": "TextRun"}, {"x": 755, "y": 1156, "w": 232, "h": 28, "jsonClass": "TextRun"}, {"x": 771, "y": 1190, "w": 200, "h": 27, "jsonClass": "TextRun"}, {"x": 722, "y": 1223, "w": 291, "h": 28, "jsonClass": "TextRun"}, {"x": 174, "y": 2106, "w": 265, "h": 20, "jsonClass": "TextRun"}], "Table": [{"x": 334, "y": 77.03125, "w": 1059, "h": 306, "jsonClass": "Table"}, {"x": 333, "y": 401.03125, "w": 1059, "h": 336, "jsonClass": "Table"}, {"x": 333, "y": 755.03125, "w": 1060, "h": 340.01930937742884, "jsonClass": "Table"}, {"x": 336, "y": 1117.03125, "w": 1062, "h": 241, "jsonClass": "Table"}]}