{"List": [{"x": 127, "y": 677.03125, "w": 1331, "h": 185, "jsonClass": "List"}, {"x": 69, "y": 1367.03125, "w": 1455, "h": 503, "jsonClass": "List"}, {"x": 133, "y": 277.03125, "w": 1166, "h": 213, "jsonClass": "List"}], "TextBlock": [{"x": 138, "y": 682.03125, "w": 31, "h": 21, "jsonClass": "TextBlock"}, {"x": 175, "y": 677.03125, "w": 1274, "h": 33, "jsonClass": "TextBlock"}, {"x": 137.99999540439066, "y": 716.03125, "w": 29, "h": 29, "jsonClass": "TextBlock"}, {"x": 174, "y": 712.03125, "w": 1273, "h": 66, "jsonClass": "TextBlock"}, {"x": 138.99998621317192, "y": 781.0312428976769, "w": 24, "h": 29, "jsonClass": "TextBlock"}, {"x": 175, "y": 779.03125, "w": 1271, "h": 68, "jsonClass": "TextBlock"}, {"x": 90, "y": 979, "w": 1384, "h": 66, "jsonClass": "TextBlock"}, {"x": 90, "y": 579, "w": 1252, "h": 33, "jsonClass": "TextBlock"}, {"x": 90, "y": 876.9999857953536, "w": 1236.999986213172, "h": 68.00001420464639, "jsonClass": "TextBlock"}, {"x": 130, "y": 1487.03125, "w": 1380, "h": 102, "jsonClass": "TextBlock"}, {"x": 133, "y": 1424.03125, "w": 1377, "h": 62, "jsonClass": "TextBlock"}, {"x": 132, "y": 1591.03125, "w": 1378, "h": 73, "jsonClass": "TextBlock"}, {"x": 133, "y": 1729.03125, "w": 1331, "h": 64, "jsonClass": "TextBlock"}, {"x": 135, "y": 1790.03125, "w": 1330, "h": 69, "jsonClass": "TextBlock"}, {"x": 79, "y": 1387.03125, "w": 54, "h": 37, "jsonClass": "TextBlock"}, {"x": 85, "y": 1688.03125, "w": 47, "h": 38, "jsonClass": "TextBlock"}, {"x": 133, "y": 1136.03125, "w": 1469, "h": 167, "jsonClass": "TextBlock"}, {"x": 144, "y": 284.03125, "w": 30, "h": 27, "jsonClass": "TextBlock"}, {"x": 177, "y": 283.03125, "w": 346, "h": 30, "jsonClass": "TextBlock"}, {"x": 142, "y": 314.03125, "w": 33, "h": 35, "jsonClass": "TextBlock"}, {"x": 177, "y": 314.03125, "w": 907, "h": 32, "jsonClass": "TextBlock"}, {"x": 144, "y": 353.03125, "w": 31, "h": 26, "jsonClass": "TextBlock"}, {"x": 178, "y": 347.03125, "w": 1106, "h": 60, "jsonClass": "TextBlock"}, {"x": 144, "y": 418.03125, "w": 25, "h": 28, "jsonClass": "TextBlock"}, {"x": 174, "y": 413.03125, "w": 1108, "h": 63, "jsonClass": "TextBlock"}, {"x": 144, "y": 2017, "w": 265, "h": 19, "jsonClass": "TextBlock"}, {"x": 129, "y": 641.03125, "w": 903, "h": 33, "jsonClass": "SectionTitle"}, {"x": 132, "y": 1384.03125, "w": 796, "h": 40, "jsonClass": "SectionTitle"}, {"x": 135, "y": 1685.03125, "w": 844, "h": 42, "jsonClass": "SectionTitle"}, {"x": 678, "y": 1333, "w": 344, "h": 33, "jsonClass": "SectionTitle"}, {"x": 90, "y": 1073, "w": 257, "h": 33, "jsonClass": "SectionTitle"}, {"x": 416, "y": 529, "w": 868, "h": 33, "jsonClass": "SectionTitle"}, {"x": 114, "y": 239.03125, "w": 285, "h": 35, "jsonClass": "SectionTitle"}, {"x": 90, "y": 179, "w": 506, "h": 33, "jsonClass": "SectionTitle"}, {"x": 568, "y": 132, "w": 564, "h": 33, "jsonClass": "SectionTitle"}], "TextRun": [{"x": 138, "y": 682.03125, "w": 31, "h": 21, "jsonClass": "TextRun"}, {"x": 175, "y": 677.03125, "w": 1274, "h": 33, "jsonClass": "TextRun"}, {"x": 137.99999540439066, "y": 716.03125, "w": 29, "h": 29, "jsonClass": "TextRun"}, {"x": 174, "y": 712.03125, "w": 1273, "h": 66, "jsonClass": "TextRun"}, {"x": 138.99998621317192, "y": 781.0312428976769, "w": 24, "h": 29, "jsonClass": "TextRun"}, {"x": 175, "y": 779.03125, "w": 1271, "h": 68, "jsonClass": "TextRun"}, {"x": 129, "y": 641.03125, "w": 903, "h": 33, "jsonClass": "TextRun"}, {"x": 140, "y": 979, "w": 1334, "h": 33, "jsonClass": "TextRun"}, {"x": 90, "y": 1012, "w": 1000, "h": 33, "jsonClass": "TextRun"}, {"x": 90, "y": 579, "w": 1252, "h": 33, "jsonClass": "TextRun"}, {"x": 140, "y": 879, "w": 1190, "h": 33, "jsonClass": "TextRun"}, {"x": 90, "y": 912, "w": 840, "h": 33, "jsonClass": "TextRun"}, {"x": 130, "y": 1487.03125, "w": 1380, "h": 102, "jsonClass": "TextRun"}, {"x": 133, "y": 1424.03125, "w": 1377, "h": 62, "jsonClass": "TextRun"}, {"x": 132, "y": 1591.03125, "w": 1378, "h": 73, "jsonClass": "TextRun"}, {"x": 133, "y": 1729.03125, "w": 1331, "h": 64, "jsonClass": "TextRun"}, {"x": 135, "y": 1790.03125, "w": 1330, "h": 69, "jsonClass": "TextRun"}, {"x": 79, "y": 1387.03125, "w": 54, "h": 37, "jsonClass": "TextRun"}, {"x": 132, "y": 1384.03125, "w": 796, "h": 40, "jsonClass": "TextRun"}, {"x": 85, "y": 1688.03125, "w": 47, "h": 38, "jsonClass": "TextRun"}, {"x": 135, "y": 1685.03125, "w": 844, "h": 42, "jsonClass": "TextRun"}, {"x": 678, "y": 1333, "w": 344, "h": 33, "jsonClass": "TextRun"}, {"x": 133, "y": 1136.03125, "w": 1469, "h": 167, "jsonClass": "TextRun"}, {"x": 90, "y": 1073, "w": 257, "h": 33, "jsonClass": "TextRun"}, {"x": 416, "y": 529, "w": 868, "h": 33, "jsonClass": "TextRun"}, {"x": 144, "y": 284.03125, "w": 30, "h": 27, "jsonClass": "TextRun"}, {"x": 177, "y": 283.03125, "w": 346, "h": 30, "jsonClass": "TextRun"}, {"x": 142, "y": 314.03125, "w": 33, "h": 35, "jsonClass": "TextRun"}, {"x": 177, "y": 314.03125, "w": 907, "h": 32, "jsonClass": "TextRun"}, {"x": 144, "y": 353.03125, "w": 31, "h": 26, "jsonClass": "TextRun"}, {"x": 178, "y": 347.03125, "w": 1106, "h": 60, "jsonClass": "TextRun"}, {"x": 144, "y": 418.03125, "w": 25, "h": 28, "jsonClass": "TextRun"}, {"x": 174, "y": 413.03125, "w": 1108, "h": 63, "jsonClass": "TextRun"}, {"x": 114, "y": 239.03125, "w": 285, "h": 35, "jsonClass": "TextRun"}, {"x": 90, "y": 179, "w": 506, "h": 33, "jsonClass": "TextRun"}, {"x": 568, "y": 132, "w": 564, "h": 33, "jsonClass": "TextRun"}, {"x": 144, "y": 2017, "w": 265, "h": 19, "jsonClass": "TextRun"}]}