{"TextBlock": [{"x": 90, "y": 2103, "w": 219, "h": 40, "jsonClass": "TextBlock"}, {"x": 104, "y": 150, "w": 1498, "h": 156, "jsonClass": "TextBlock"}, {"x": 1209, "y": 864, "w": 220, "h": 20, "jsonClass": "TextBlock"}, {"x": 86, "y": 433, "w": 284, "h": 19, "jsonClass": "TextBlock"}, {"x": 370, "y": 937, "w": 39, "h": 20, "jsonClass": "TextBlock"}, {"x": 370, "y": 986, "w": 29, "h": 20, "jsonClass": "TextBlock"}, {"x": 969, "y": 785, "w": 303, "h": 20, "jsonClass": "TextBlock"}, {"x": 608, "y": 949, "w": 355, "h": 19, "jsonClass": "TextBlock"}, {"x": 1289, "y": 433, "w": 328, "h": 39, "jsonClass": "TextBlock"}, {"x": 104, "y": 352, "w": 1498, "h": 67, "jsonClass": "TextBlock"}, {"x": 91, "y": 702, "w": 567, "h": 19, "jsonClass": "TextBlock"}, {"x": 91, "y": 535, "w": 569, "h": 20, "jsonClass": "TextBlock"}, {"x": 969, "y": 702, "w": 249, "h": 19, "jsonClass": "TextBlock"}, {"x": 610, "y": 864, "w": 414, "h": 20, "jsonClass": "TextBlock"}, {"x": 608, "y": 433, "w": 292, "h": 19, "jsonClass": "TextBlock"}, {"x": 968, "y": 433, "w": 211, "h": 19, "jsonClass": "TextBlock"}, {"x": 969, "y": 535, "w": 251, "h": 20, "jsonClass": "TextBlock"}, {"x": 969, "y": 617, "w": 412, "h": 20, "jsonClass": "TextBlock"}, {"x": 131, "y": 937, "w": 72, "h": 20, "jsonClass": "TextBlock"}, {"x": 131, "y": 986, "w": 80, "h": 20, "jsonClass": "TextBlock"}, {"x": 104, "y": 1140, "w": 37, "h": 23, "jsonClass": "TextBlock"}, {"x": 204, "y": 1140, "w": 208, "h": 23, "jsonClass": "TextBlock"}, {"x": 104, "y": 1163, "w": 83, "h": 22, "jsonClass": "TextBlock"}, {"x": 204, "y": 1163, "w": 559, "h": 22, "jsonClass": "TextBlock"}, {"x": 104, "y": 1185, "w": 48, "h": 22, "jsonClass": "TextBlock"}, {"x": 204, "y": 1185, "w": 531, "h": 22, "jsonClass": "TextBlock"}, {"x": 104, "y": 1207, "w": 48, "h": 22, "jsonClass": "TextBlock"}, {"x": 204, "y": 1229, "w": 471, "h": 23, "jsonClass": "TextBlock"}, {"x": 104, "y": 1229, "w": 91, "h": 23, "jsonClass": "TextBlock"}, {"x": 204, "y": 1207, "w": 431, "h": 22, "jsonClass": "TextBlock"}, {"x": 104, "y": 1252, "w": 64, "h": 22, "jsonClass": "TextBlock"}, {"x": 204, "y": 1252, "w": 395, "h": 22, "jsonClass": "TextBlock"}, {"x": 104, "y": 1274, "w": 60, "h": 22, "jsonClass": "TextBlock"}, {"x": 204, "y": 1274, "w": 487, "h": 22, "jsonClass": "TextBlock"}, {"x": 104, "y": 1296, "w": 64, "h": 22, "jsonClass": "TextBlock"}, {"x": 204, "y": 1296, "w": 520, "h": 22, "jsonClass": "TextBlock"}, {"x": 104, "y": 1318, "w": 60, "h": 22, "jsonClass": "TextBlock"}, {"x": 204, "y": 1318, "w": 606, "h": 22, "jsonClass": "TextBlock"}, {"x": 104, "y": 1340, "w": 61, "h": 23, "jsonClass": "TextBlock"}, {"x": 204, "y": 1340, "w": 436, "h": 23, "jsonClass": "TextBlock"}, {"x": 104, "y": 1363, "w": 64, "h": 22, "jsonClass": "TextBlock"}, {"x": 204, "y": 1363, "w": 599, "h": 22, "jsonClass": "TextBlock"}, {"x": 862, "y": 1106, "w": 48, "h": 22, "jsonClass": "TextBlock"}, {"x": 962, "y": 1106, "w": 557, "h": 22, "jsonClass": "TextBlock"}, {"x": 862, "y": 1128, "w": 48, "h": 22, "jsonClass": "TextBlock"}, {"x": 962, "y": 1128, "w": 393, "h": 22, "jsonClass": "TextBlock"}, {"x": 862, "y": 1150, "w": 48, "h": 23, "jsonClass": "TextBlock"}, {"x": 962, "y": 1150, "w": 536, "h": 23, "jsonClass": "TextBlock"}, {"x": 862, "y": 1173, "w": 37, "h": 22, "jsonClass": "TextBlock"}, {"x": 962, "y": 1173, "w": 251, "h": 22, "jsonClass": "TextBlock"}, {"x": 862, "y": 1195, "w": 37, "h": 22, "jsonClass": "TextBlock"}, {"x": 962, "y": 1195, "w": 154, "h": 22, "jsonClass": "TextBlock"}, {"x": 862, "y": 1217, "w": 57, "h": 22, "jsonClass": "TextBlock"}, {"x": 962, "y": 1217, "w": 462, "h": 22, "jsonClass": "TextBlock"}, {"x": 862, "y": 1239, "w": 50, "h": 22, "jsonClass": "TextBlock"}, {"x": 962, "y": 1239, "w": 468, "h": 22, "jsonClass": "TextBlock"}, {"x": 862, "y": 1261, "w": 52, "h": 23, "jsonClass": "TextBlock"}, {"x": 962, "y": 1261, "w": 390, "h": 23, "jsonClass": "TextBlock"}, {"x": 862, "y": 1284, "w": 51, "h": 22, "jsonClass": "TextBlock"}, {"x": 962, "y": 1284, "w": 521, "h": 22, "jsonClass": "TextBlock"}, {"x": 862, "y": 1328, "w": 37, "h": 22, "jsonClass": "TextBlock"}, {"x": 962, "y": 1306, "w": 453, "h": 22, "jsonClass": "TextBlock"}, {"x": 862, "y": 1306, "w": 52, "h": 22, "jsonClass": "TextBlock"}, {"x": 962, "y": 1328, "w": 304, "h": 22, "jsonClass": "TextBlock"}, {"x": 862, "y": 1350, "w": 37, "h": 23, "jsonClass": "TextBlock"}, {"x": 962, "y": 1350, "w": 314, "h": 23, "jsonClass": "TextBlock"}, {"x": 862, "y": 1373, "w": 37, "h": 22, "jsonClass": "TextBlock"}, {"x": 962, "y": 1373, "w": 159, "h": 22, "jsonClass": "TextBlock"}, {"x": 114, "y": 1054.03125, "w": 25, "h": 36.0, "jsonClass": "TextBlock"}, {"x": 91, "y": 1935, "w": 661, "h": 20, "jsonClass": "TextBlock"}, {"x": 1210, "y": 1501, "w": 321, "h": 20, "jsonClass": "TextBlock"}, {"x": 850, "y": 1833, "w": 239, "h": 20, "jsonClass": "TextBlock"}, {"x": 104, "y": 1437, "w": 1440, "h": 44, "jsonClass": "TextBlock"}, {"x": 91, "y": 1501, "w": 254, "h": 19, "jsonClass": "TextBlock"}, {"x": 91, "y": 1586, "w": 360, "h": 19, "jsonClass": "TextBlock"}, {"x": 1210, "y": 1586, "w": 395, "h": 19, "jsonClass": "TextBlock"}, {"x": 1209, "y": 1669, "w": 363, "h": 43, "jsonClass": "TextBlock"}, {"x": 774, "y": 1935, "w": 257, "h": 43, "jsonClass": "TextBlock"}, {"x": 131, "y": 1706, "w": 121, "h": 19, "jsonClass": "TextBlock"}, {"x": 131, "y": 1742, "w": 261, "h": 20, "jsonClass": "TextBlock"}, {"x": 131, "y": 1778, "w": 403, "h": 20, "jsonClass": "TextBlock"}, {"x": 621, "y": 1706, "w": 428, "h": 19, "jsonClass": "TextBlock"}, {"x": 621, "y": 1755, "w": 430, "h": 66, "jsonClass": "TextBlock"}, {"x": 129, "y": 1886, "w": 499, "h": 39, "jsonClass": "TextBlock"}, {"x": 728, "y": 1894, "w": 29, "h": 20, "jsonClass": "TextBlock"}, {"x": 1151, "y": 1980, "w": 158, "h": 19, "jsonClass": "TextBlock"}, {"x": 1152, "y": 2021, "w": 212, "h": 20, "jsonClass": "TextBlock"}, {"x": 1154, "y": 2063, "w": 68, "h": 19, "jsonClass": "TextBlock"}, {"x": 1431, "y": 1980, "w": 98, "h": 19, "jsonClass": "TextBlock"}, {"x": 1431, "y": 2021, "w": 154, "h": 20, "jsonClass": "TextBlock"}, {"x": 859, "y": 1610.03125, "w": 30, "h": 41.0, "jsonClass": "TextBlock"}, {"x": 1213, "y": 1877.03125, "w": 26, "h": 44.0, "jsonClass": "TextBlock"}, {"x": 545, "y": 2104, "w": 537, "h": 38, "jsonClass": "TextBlock"}, {"x": 327, "y": 864, "w": 246, "h": 39, "jsonClass": "ChoiceGroupTitle"}, {"x": 91, "y": 864, "w": 174, "h": 39, "jsonClass": "ChoiceGroupTitle"}, {"x": 91, "y": 1669, "w": 405, "h": 19, "jsonClass": "ChoiceGroupTitle"}, {"x": 91, "y": 1833, "w": 706, "h": 39, "jsonClass": "ChoiceGroupTitle"}, {"x": 1109, "y": 1936, "w": 286, "h": 20, "jsonClass": "ChoiceGroupTitle"}, {"x": 94, "y": 1113, "w": 246, "h": 19, "jsonClass": "SectionTitle"}, {"x": 91, "y": 1027, "w": 1184, "h": 19, "jsonClass": "SectionTitle"}, {"x": 554, "y": 320, "w": 593, "h": 22, "jsonClass": "SectionTitle"}, {"x": 850, "y": 1586, "w": 305, "h": 19, "jsonClass": "SectionTitle"}, {"x": 1210, "y": 1833, "w": 244, "h": 20, "jsonClass": "SectionTitle"}, {"x": 668, "y": 1404, "w": 368, "h": 23, "jsonClass": "SectionTitle"}, {"x": 724, "y": 95, "w": 823, "h": 39, "jsonClass": "SectionTitle"}, {"x": 1337, "y": 32, "w": 279, "h": 43, "jsonClass": "HeaderTitle"}], "TextRun": [{"x": 201, "y": 2103, "w": 108, "h": 39, "jsonClass": "TextRun"}, {"x": 90, "y": 2104, "w": 94, "h": 20, "jsonClass": "TextRun"}, {"x": 90, "y": 2124, "w": 90, "h": 19, "jsonClass": "TextRun"}, {"x": 104, "y": 150, "w": 108, "h": 22, "jsonClass": "TextRun"}, {"x": 213, "y": 150, "w": 52, "h": 22, "jsonClass": "TextRun"}, {"x": 266, "y": 150, "w": 140, "h": 22, "jsonClass": "TextRun"}, {"x": 426, "y": 150, "w": 62, "h": 22, "jsonClass": "TextRun"}, {"x": 489, "y": 150, "w": 45, "h": 22, "jsonClass": "TextRun"}, {"x": 534, "y": 150, "w": 75, "h": 22, "jsonClass": "TextRun"}, {"x": 627, "y": 150, "w": 39, "h": 22, "jsonClass": "TextRun"}, {"x": 666, "y": 150, "w": 108, "h": 22, "jsonClass": "TextRun"}, {"x": 775, "y": 150, "w": 58, "h": 22, "jsonClass": "TextRun"}, {"x": 833, "y": 150, "w": 71, "h": 22, "jsonClass": "TextRun"}, {"x": 905, "y": 150, "w": 97, "h": 22, "jsonClass": "TextRun"}, {"x": 1003, "y": 150, "w": 86, "h": 22, "jsonClass": "TextRun"}, {"x": 1089, "y": 150, "w": 28, "h": 22, "jsonClass": "TextRun"}, {"x": 1118, "y": 150, "w": 33, "h": 22, "jsonClass": "TextRun"}, {"x": 1151, "y": 150, "w": 111, "h": 22, "jsonClass": "TextRun"}, {"x": 1263, "y": 150, "w": 24, "h": 22, "jsonClass": "TextRun"}, {"x": 1287, "y": 150, "w": 85, "h": 22, "jsonClass": "TextRun"}, {"x": 1373, "y": 150, "w": 68, "h": 22, "jsonClass": "TextRun"}, {"x": 1442, "y": 150, "w": 31, "h": 22, "jsonClass": "TextRun"}, {"x": 1474, "y": 150, "w": 69, "h": 22, "jsonClass": "TextRun"}, {"x": 1543, "y": 150, "w": 36, "h": 22, "jsonClass": "TextRun"}, {"x": 1579, "y": 150, "w": 23, "h": 22, "jsonClass": "TextRun"}, {"x": 104, "y": 172, "w": 118, "h": 22, "jsonClass": "TextRun"}, {"x": 223, "y": 172, "w": 55, "h": 22, "jsonClass": "TextRun"}, {"x": 280, "y": 172, "w": 31, "h": 22, "jsonClass": "TextRun"}, {"x": 313, "y": 172, "w": 50, "h": 22, "jsonClass": "TextRun"}, {"x": 364, "y": 172, "w": 43, "h": 22, "jsonClass": "TextRun"}, {"x": 409, "y": 172, "w": 50, "h": 22, "jsonClass": "TextRun"}, {"x": 460, "y": 172, "w": 32, "h": 22, "jsonClass": "TextRun"}, {"x": 493, "y": 172, "w": 56, "h": 22, "jsonClass": "TextRun"}, {"x": 551, "y": 172, "w": 71, "h": 22, "jsonClass": "TextRun"}, {"x": 623, "y": 172, "w": 73, "h": 22, "jsonClass": "TextRun"}, {"x": 697, "y": 172, "w": 106, "h": 22, "jsonClass": "TextRun"}, {"x": 812, "y": 172, "w": 62, "h": 22, "jsonClass": "TextRun"}, {"x": 876, "y": 172, "w": 45, "h": 22, "jsonClass": "TextRun"}, {"x": 923, "y": 172, "w": 79, "h": 22, "jsonClass": "TextRun"}, {"x": 1004, "y": 172, "w": 60, "h": 22, "jsonClass": "TextRun"}, {"x": 1065, "y": 172, "w": 34, "h": 22, "jsonClass": "TextRun"}, {"x": 1100, "y": 172, "w": 58, "h": 22, "jsonClass": "TextRun"}, {"x": 1159, "y": 172, "w": 77, "h": 22, "jsonClass": "TextRun"}, {"x": 1238, "y": 172, "w": 39, "h": 22, "jsonClass": "TextRun"}, {"x": 1278, "y": 172, "w": 38, "h": 22, "jsonClass": "TextRun"}, {"x": 1318, "y": 172, "w": 64, "h": 22, "jsonClass": "TextRun"}, {"x": 1384, "y": 172, "w": 56, "h": 22, "jsonClass": "TextRun"}, {"x": 1442, "y": 172, "w": 80, "h": 22, "jsonClass": "TextRun"}, {"x": 1524, "y": 172, "w": 45, "h": 22, "jsonClass": "TextRun"}, {"x": 1571, "y": 172, "w": 31, "h": 22, "jsonClass": "TextRun"}, {"x": 104, "y": 194, "w": 72, "h": 23, "jsonClass": "TextRun"}, {"x": 177, "y": 194, "w": 117, "h": 23, "jsonClass": "TextRun"}, {"x": 295, "y": 194, "w": 68, "h": 23, "jsonClass": "TextRun"}, {"x": 380, "y": 194, "w": 61, "h": 23, "jsonClass": "TextRun"}, {"x": 442, "y": 194, "w": 80, "h": 23, "jsonClass": "TextRun"}, {"x": 523, "y": 194, "w": 78, "h": 23, "jsonClass": "TextRun"}, {"x": 602, "y": 194, "w": 24, "h": 23, "jsonClass": "TextRun"}, {"x": 627, "y": 194, "w": 33, "h": 23, "jsonClass": "TextRun"}, {"x": 661, "y": 194, "w": 124, "h": 23, "jsonClass": "TextRun"}, {"x": 785, "y": 194, "w": 79, "h": 23, "jsonClass": "TextRun"}, {"x": 872, "y": 194, "w": 45, "h": 23, "jsonClass": "TextRun"}, {"x": 918, "y": 194, "w": 20, "h": 23, "jsonClass": "TextRun"}, {"x": 939, "y": 194, "w": 26, "h": 23, "jsonClass": "TextRun"}, {"x": 966, "y": 194, "w": 110, "h": 23, "jsonClass": "TextRun"}, {"x": 1076, "y": 194, "w": 23, "h": 23, "jsonClass": "TextRun"}, {"x": 1100, "y": 194, "w": 40, "h": 23, "jsonClass": "TextRun"}, {"x": 1141, "y": 194, "w": 34, "h": 23, "jsonClass": "TextRun"}, {"x": 1175, "y": 194, "w": 73, "h": 23, "jsonClass": "TextRun"}, {"x": 1249, "y": 194, "w": 55, "h": 23, "jsonClass": "TextRun"}, {"x": 1311, "y": 194, "w": 41, "h": 23, "jsonClass": "TextRun"}, {"x": 1352, "y": 194, "w": 76, "h": 23, "jsonClass": "TextRun"}, {"x": 1429, "y": 194, "w": 35, "h": 23, "jsonClass": "TextRun"}, {"x": 1465, "y": 194, "w": 24, "h": 23, "jsonClass": "TextRun"}, {"x": 1490, "y": 194, "w": 51, "h": 23, "jsonClass": "TextRun"}, {"x": 1542, "y": 194, "w": 60, "h": 23, "jsonClass": "TextRun"}, {"x": 104, "y": 217, "w": 80, "h": 22, "jsonClass": "TextRun"}, {"x": 184, "y": 217, "w": 87, "h": 22, "jsonClass": "TextRun"}, {"x": 271, "y": 217, "w": 40, "h": 22, "jsonClass": "TextRun"}, {"x": 312, "y": 217, "w": 26, "h": 22, "jsonClass": "TextRun"}, {"x": 339, "y": 217, "w": 31, "h": 22, "jsonClass": "TextRun"}, {"x": 371, "y": 217, "w": 124, "h": 22, "jsonClass": "TextRun"}, {"x": 495, "y": 217, "w": 85, "h": 22, "jsonClass": "TextRun"}, {"x": 580, "y": 217, "w": 23, "h": 22, "jsonClass": "TextRun"}, {"x": 603, "y": 217, "w": 113, "h": 22, "jsonClass": "TextRun"}, {"x": 717, "y": 217, "w": 92, "h": 22, "jsonClass": "TextRun"}, {"x": 809, "y": 217, "w": 31, "h": 22, "jsonClass": "TextRun"}, {"x": 841, "y": 217, "w": 50, "h": 22, "jsonClass": "TextRun"}, {"x": 891, "y": 217, "w": 43, "h": 22, "jsonClass": "TextRun"}, {"x": 934, "y": 217, "w": 79, "h": 22, "jsonClass": "TextRun"}, {"x": 1020, "y": 217, "w": 40, "h": 22, "jsonClass": "TextRun"}, {"x": 1060, "y": 217, "w": 76, "h": 22, "jsonClass": "TextRun"}, {"x": 1136, "y": 217, "w": 36, "h": 22, "jsonClass": "TextRun"}, {"x": 1172, "y": 217, "w": 24, "h": 22, "jsonClass": "TextRun"}, {"x": 1196, "y": 217, "w": 111, "h": 22, "jsonClass": "TextRun"}, {"x": 1307, "y": 217, "w": 91, "h": 22, "jsonClass": "TextRun"}, {"x": 1398, "y": 217, "w": 64, "h": 22, "jsonClass": "TextRun"}, {"x": 1462, "y": 217, "w": 71, "h": 22, "jsonClass": "TextRun"}, {"x": 1534, "y": 217, "w": 68, "h": 22, "jsonClass": "TextRun"}, {"x": 104, "y": 239, "w": 24, "h": 22, "jsonClass": "TextRun"}, {"x": 128, "y": 239, "w": 38, "h": 22, "jsonClass": "TextRun"}, {"x": 166, "y": 239, "w": 99, "h": 22, "jsonClass": "TextRun"}, {"x": 265, "y": 239, "w": 38, "h": 22, "jsonClass": "TextRun"}, {"x": 303, "y": 239, "w": 33, "h": 22, "jsonClass": "TextRun"}, {"x": 336, "y": 239, "w": 80, "h": 22, "jsonClass": "TextRun"}, {"x": 416, "y": 239, "w": 54, "h": 22, "jsonClass": "TextRun"}, {"x": 470, "y": 239, "w": 24, "h": 22, "jsonClass": "TextRun"}, {"x": 494, "y": 239, "w": 68, "h": 22, "jsonClass": "TextRun"}, {"x": 563, "y": 239, "w": 50, "h": 22, "jsonClass": "TextRun"}, {"x": 613, "y": 239, "w": 42, "h": 22, "jsonClass": "TextRun"}, {"x": 655, "y": 239, "w": 87, "h": 22, "jsonClass": "TextRun"}, {"x": 742, "y": 239, "w": 62, "h": 22, "jsonClass": "TextRun"}, {"x": 804, "y": 239, "w": 24, "h": 22, "jsonClass": "TextRun"}, {"x": 828, "y": 239, "w": 33, "h": 22, "jsonClass": "TextRun"}, {"x": 861, "y": 239, "w": 94, "h": 22, "jsonClass": "TextRun"}, {"x": 955, "y": 239, "w": 73, "h": 22, "jsonClass": "TextRun"}, {"x": 1028, "y": 239, "w": 90, "h": 22, "jsonClass": "TextRun"}, {"x": 1118, "y": 239, "w": 24, "h": 22, "jsonClass": "TextRun"}, {"x": 1143, "y": 239, "w": 113, "h": 22, "jsonClass": "TextRun"}, {"x": 1256, "y": 239, "w": 38, "h": 22, "jsonClass": "TextRun"}, {"x": 1294, "y": 239, "w": 110, "h": 22, "jsonClass": "TextRun"}, {"x": 1404, "y": 239, "w": 55, "h": 22, "jsonClass": "TextRun"}, {"x": 1459, "y": 239, "w": 52, "h": 22, "jsonClass": "TextRun"}, {"x": 1511, "y": 239, "w": 50, "h": 22, "jsonClass": "TextRun"}, {"x": 1561, "y": 239, "w": 41, "h": 22, "jsonClass": "TextRun"}, {"x": 104, "y": 261, "w": 87, "h": 22, "jsonClass": "TextRun"}, {"x": 194, "y": 261, "w": 20, "h": 22, "jsonClass": "TextRun"}, {"x": 217, "y": 261, "w": 41, "h": 22, "jsonClass": "TextRun"}, {"x": 261, "y": 261, "w": 47, "h": 22, "jsonClass": "TextRun"}, {"x": 310, "y": 261, "w": 23, "h": 22, "jsonClass": "TextRun"}, {"x": 336, "y": 261, "w": 95, "h": 22, "jsonClass": "TextRun"}, {"x": 433, "y": 261, "w": 92, "h": 22, "jsonClass": "TextRun"}, {"x": 528, "y": 261, "w": 32, "h": 22, "jsonClass": "TextRun"}, {"x": 563, "y": 261, "w": 50, "h": 22, "jsonClass": "TextRun"}, {"x": 615, "y": 261, "w": 43, "h": 22, "jsonClass": "TextRun"}, {"x": 661, "y": 261, "w": 79, "h": 22, "jsonClass": "TextRun"}, {"x": 751, "y": 261, "w": 101, "h": 22, "jsonClass": "TextRun"}, {"x": 855, "y": 261, "w": 24, "h": 22, "jsonClass": "TextRun"}, {"x": 882, "y": 261, "w": 32, "h": 22, "jsonClass": "TextRun"}, {"x": 917, "y": 261, "w": 59, "h": 22, "jsonClass": "TextRun"}, {"x": 979, "y": 261, "w": 110, "h": 22, "jsonClass": "TextRun"}, {"x": 1092, "y": 261, "w": 20, "h": 22, "jsonClass": "TextRun"}, {"x": 1115, "y": 261, "w": 96, "h": 22, "jsonClass": "TextRun"}, {"x": 1214, "y": 261, "w": 34, "h": 22, "jsonClass": "TextRun"}, {"x": 1251, "y": 261, "w": 64, "h": 22, "jsonClass": "TextRun"}, {"x": 1318, "y": 261, "w": 22, "h": 22, "jsonClass": "TextRun"}, {"x": 1343, "y": 261, "w": 74, "h": 22, "jsonClass": "TextRun"}, {"x": 1420, "y": 261, "w": 27, "h": 22, "jsonClass": "TextRun"}, {"x": 1450, "y": 261, "w": 24, "h": 22, "jsonClass": "TextRun"}, {"x": 1477, "y": 261, "w": 33, "h": 22, "jsonClass": "TextRun"}, {"x": 1513, "y": 261, "w": 89, "h": 22, "jsonClass": "TextRun"}, {"x": 104, "y": 283, "w": 466, "h": 23, "jsonClass": "TextRun"}, {"x": 1209, "y": 864, "w": 220, "h": 20, "jsonClass": "TextRun"}, {"x": 86, "y": 433, "w": 78, "h": 19, "jsonClass": "TextRun"}, {"x": 168, "y": 433, "w": 202, "h": 19, "jsonClass": "TextRun"}, {"x": 370, "y": 937, "w": 39, "h": 20, "jsonClass": "TextRun"}, {"x": 370, "y": 986, "w": 29, "h": 20, "jsonClass": "TextRun"}, {"x": 327, "y": 864, "w": 167, "h": 20, "jsonClass": "TextRun"}, {"x": 327, "y": 884, "w": 246, "h": 19, "jsonClass": "TextRun"}, {"x": 969, "y": 785, "w": 303, "h": 20, "jsonClass": "TextRun"}, {"x": 608, "y": 949, "w": 355, "h": 19, "jsonClass": "TextRun"}, {"x": 1289, "y": 433, "w": 261, "h": 19, "jsonClass": "TextRun"}, {"x": 1550, "y": 433, "w": 67, "h": 19, "jsonClass": "TextRun"}, {"x": 1289, "y": 452, "w": 268, "h": 20, "jsonClass": "TextRun"}, {"x": 104, "y": 352, "w": 70, "h": 22, "jsonClass": "TextRun"}, {"x": 186, "y": 352, "w": 119, "h": 22, "jsonClass": "TextRun"}, {"x": 305, "y": 352, "w": 39, "h": 22, "jsonClass": "TextRun"}, {"x": 344, "y": 352, "w": 33, "h": 22, "jsonClass": "TextRun"}, {"x": 377, "y": 352, "w": 34, "h": 22, "jsonClass": "TextRun"}, {"x": 411, "y": 352, "w": 48, "h": 22, "jsonClass": "TextRun"}, {"x": 459, "y": 352, "w": 98, "h": 22, "jsonClass": "TextRun"}, {"x": 558, "y": 352, "w": 24, "h": 22, "jsonClass": "TextRun"}, {"x": 582, "y": 352, "w": 28, "h": 22, "jsonClass": "TextRun"}, {"x": 610, "y": 352, "w": 34, "h": 22, "jsonClass": "TextRun"}, {"x": 644, "y": 352, "w": 71, "h": 22, "jsonClass": "TextRun"}, {"x": 715, "y": 352, "w": 33, "h": 22, "jsonClass": "TextRun"}, {"x": 748, "y": 352, "w": 111, "h": 22, "jsonClass": "TextRun"}, {"x": 859, "y": 352, "w": 54, "h": 22, "jsonClass": "TextRun"}, {"x": 913, "y": 352, "w": 60, "h": 22, "jsonClass": "TextRun"}, {"x": 973, "y": 352, "w": 40, "h": 22, "jsonClass": "TextRun"}, {"x": 1013, "y": 352, "w": 34, "h": 22, "jsonClass": "TextRun"}, {"x": 1048, "y": 352, "w": 26, "h": 22, "jsonClass": "TextRun"}, {"x": 1074, "y": 352, "w": 93, "h": 22, "jsonClass": "TextRun"}, {"x": 1168, "y": 352, "w": 37, "h": 22, "jsonClass": "TextRun"}, {"x": 1206, "y": 352, "w": 40, "h": 22, "jsonClass": "TextRun"}, {"x": 1246, "y": 352, "w": 26, "h": 22, "jsonClass": "TextRun"}, {"x": 1273, "y": 352, "w": 79, "h": 22, "jsonClass": "TextRun"}, {"x": 1353, "y": 352, "w": 22, "h": 22, "jsonClass": "TextRun"}, {"x": 1376, "y": 352, "w": 32, "h": 22, "jsonClass": "TextRun"}, {"x": 1409, "y": 352, "w": 87, "h": 22, "jsonClass": "TextRun"}, {"x": 1496, "y": 352, "w": 74, "h": 22, "jsonClass": "TextRun"}, {"x": 1571, "y": 352, "w": 31, "h": 22, "jsonClass": "TextRun"}, {"x": 104, "y": 374, "w": 101, "h": 23, "jsonClass": "TextRun"}, {"x": 205, "y": 374, "w": 37, "h": 23, "jsonClass": "TextRun"}, {"x": 242, "y": 374, "w": 63, "h": 23, "jsonClass": "TextRun"}, {"x": 312, "y": 374, "w": 20, "h": 23, "jsonClass": "TextRun"}, {"x": 333, "y": 374, "w": 39, "h": 23, "jsonClass": "TextRun"}, {"x": 372, "y": 374, "w": 28, "h": 23, "jsonClass": "TextRun"}, {"x": 400, "y": 374, "w": 34, "h": 23, "jsonClass": "TextRun"}, {"x": 435, "y": 374, "w": 73, "h": 23, "jsonClass": "TextRun"}, {"x": 509, "y": 374, "w": 28, "h": 23, "jsonClass": "TextRun"}, {"x": 537, "y": 374, "w": 24, "h": 23, "jsonClass": "TextRun"}, {"x": 562, "y": 374, "w": 33, "h": 23, "jsonClass": "TextRun"}, {"x": 595, "y": 374, "w": 111, "h": 23, "jsonClass": "TextRun"}, {"x": 706, "y": 374, "w": 97, "h": 23, "jsonClass": "TextRun"}, {"x": 803, "y": 374, "w": 39, "h": 23, "jsonClass": "TextRun"}, {"x": 843, "y": 374, "w": 40, "h": 23, "jsonClass": "TextRun"}, {"x": 883, "y": 374, "w": 34, "h": 23, "jsonClass": "TextRun"}, {"x": 918, "y": 374, "w": 70, "h": 23, "jsonClass": "TextRun"}, {"x": 1004, "y": 374, "w": 74, "h": 23, "jsonClass": "TextRun"}, {"x": 1078, "y": 374, "w": 66, "h": 23, "jsonClass": "TextRun"}, {"x": 1150, "y": 374, "w": 59, "h": 23, "jsonClass": "TextRun"}, {"x": 1209, "y": 374, "w": 52, "h": 23, "jsonClass": "TextRun"}, {"x": 1261, "y": 374, "w": 44, "h": 23, "jsonClass": "TextRun"}, {"x": 1306, "y": 374, "w": 37, "h": 23, "jsonClass": "TextRun"}, {"x": 1344, "y": 374, "w": 61, "h": 23, "jsonClass": "TextRun"}, {"x": 1405, "y": 374, "w": 60, "h": 23, "jsonClass": "TextRun"}, {"x": 1466, "y": 374, "w": 31, "h": 23, "jsonClass": "TextRun"}, {"x": 1498, "y": 374, "w": 33, "h": 23, "jsonClass": "TextRun"}, {"x": 1531, "y": 374, "w": 71, "h": 23, "jsonClass": "TextRun"}, {"x": 104, "y": 397, "w": 876, "h": 22, "jsonClass": "TextRun"}, {"x": 91, "y": 702, "w": 185, "h": 19, "jsonClass": "TextRun"}, {"x": 276, "y": 702, "w": 382, "h": 19, "jsonClass": "TextRun"}, {"x": 91, "y": 535, "w": 187, "h": 20, "jsonClass": "TextRun"}, {"x": 278, "y": 536, "w": 382, "h": 19, "jsonClass": "TextRun"}, {"x": 969, "y": 702, "w": 249, "h": 19, "jsonClass": "TextRun"}, {"x": 610, "y": 864, "w": 207, "h": 20, "jsonClass": "TextRun"}, {"x": 817, "y": 864, "w": 207, "h": 20, "jsonClass": "TextRun"}, {"x": 608, "y": 433, "w": 292, "h": 19, "jsonClass": "TextRun"}, {"x": 968, "y": 433, "w": 211, "h": 19, "jsonClass": "TextRun"}, {"x": 969, "y": 535, "w": 251, "h": 20, "jsonClass": "TextRun"}, {"x": 969, "y": 617, "w": 412, "h": 20, "jsonClass": "TextRun"}, {"x": 131, "y": 937, "w": 72, "h": 20, "jsonClass": "TextRun"}, {"x": 131, "y": 986, "w": 80, "h": 20, "jsonClass": "TextRun"}, {"x": 91, "y": 864, "w": 174, "h": 20, "jsonClass": "TextRun"}, {"x": 91, "y": 884, "w": 112, "h": 19, "jsonClass": "TextRun"}, {"x": 104, "y": 1140, "w": 37, "h": 23, "jsonClass": "TextRun"}, {"x": 204, "y": 1140, "w": 208, "h": 23, "jsonClass": "TextRun"}, {"x": 104, "y": 1163, "w": 83, "h": 22, "jsonClass": "TextRun"}, {"x": 204, "y": 1163, "w": 559, "h": 22, "jsonClass": "TextRun"}, {"x": 104, "y": 1185, "w": 48, "h": 22, "jsonClass": "TextRun"}, {"x": 204, "y": 1185, "w": 531, "h": 22, "jsonClass": "TextRun"}, {"x": 104, "y": 1207, "w": 48, "h": 22, "jsonClass": "TextRun"}, {"x": 204, "y": 1229, "w": 471, "h": 23, "jsonClass": "TextRun"}, {"x": 104, "y": 1229, "w": 91, "h": 23, "jsonClass": "TextRun"}, {"x": 204, "y": 1207, "w": 431, "h": 22, "jsonClass": "TextRun"}, {"x": 104, "y": 1252, "w": 64, "h": 22, "jsonClass": "TextRun"}, {"x": 204, "y": 1252, "w": 395, "h": 22, "jsonClass": "TextRun"}, {"x": 104, "y": 1274, "w": 60, "h": 22, "jsonClass": "TextRun"}, {"x": 204, "y": 1274, "w": 487, "h": 22, "jsonClass": "TextRun"}, {"x": 104, "y": 1296, "w": 64, "h": 22, "jsonClass": "TextRun"}, {"x": 204, "y": 1296, "w": 520, "h": 22, "jsonClass": "TextRun"}, {"x": 104, "y": 1318, "w": 60, "h": 22, "jsonClass": "TextRun"}, {"x": 204, "y": 1318, "w": 606, "h": 22, "jsonClass": "TextRun"}, {"x": 104, "y": 1340, "w": 61, "h": 23, "jsonClass": "TextRun"}, {"x": 204, "y": 1340, "w": 436, "h": 23, "jsonClass": "TextRun"}, {"x": 104, "y": 1363, "w": 64, "h": 22, "jsonClass": "TextRun"}, {"x": 204, "y": 1363, "w": 599, "h": 22, "jsonClass": "TextRun"}, {"x": 862, "y": 1106, "w": 48, "h": 22, "jsonClass": "TextRun"}, {"x": 962, "y": 1106, "w": 557, "h": 22, "jsonClass": "TextRun"}, {"x": 862, "y": 1128, "w": 48, "h": 22, "jsonClass": "TextRun"}, {"x": 962, "y": 1128, "w": 393, "h": 22, "jsonClass": "TextRun"}, {"x": 862, "y": 1150, "w": 48, "h": 23, "jsonClass": "TextRun"}, {"x": 962, "y": 1150, "w": 536, "h": 23, "jsonClass": "TextRun"}, {"x": 862, "y": 1173, "w": 37, "h": 22, "jsonClass": "TextRun"}, {"x": 962, "y": 1173, "w": 251, "h": 22, "jsonClass": "TextRun"}, {"x": 862, "y": 1195, "w": 37, "h": 22, "jsonClass": "TextRun"}, {"x": 962, "y": 1195, "w": 154, "h": 22, "jsonClass": "TextRun"}, {"x": 862, "y": 1217, "w": 57, "h": 22, "jsonClass": "TextRun"}, {"x": 962, "y": 1217, "w": 462, "h": 22, "jsonClass": "TextRun"}, {"x": 862, "y": 1239, "w": 50, "h": 22, "jsonClass": "TextRun"}, {"x": 962, "y": 1239, "w": 468, "h": 22, "jsonClass": "TextRun"}, {"x": 862, "y": 1261, "w": 52, "h": 23, "jsonClass": "TextRun"}, {"x": 962, "y": 1261, "w": 390, "h": 23, "jsonClass": "TextRun"}, {"x": 862, "y": 1284, "w": 51, "h": 22, "jsonClass": "TextRun"}, {"x": 962, "y": 1284, "w": 521, "h": 22, "jsonClass": "TextRun"}, {"x": 862, "y": 1328, "w": 37, "h": 22, "jsonClass": "TextRun"}, {"x": 962, "y": 1306, "w": 453, "h": 22, "jsonClass": "TextRun"}, {"x": 862, "y": 1306, "w": 52, "h": 22, "jsonClass": "TextRun"}, {"x": 962, "y": 1328, "w": 304, "h": 22, "jsonClass": "TextRun"}, {"x": 862, "y": 1350, "w": 37, "h": 23, "jsonClass": "TextRun"}, {"x": 962, "y": 1350, "w": 314, "h": 23, "jsonClass": "TextRun"}, {"x": 862, "y": 1373, "w": 37, "h": 22, "jsonClass": "TextRun"}, {"x": 962, "y": 1373, "w": 159, "h": 22, "jsonClass": "TextRun"}, {"x": 94, "y": 1113, "w": 246, "h": 19, "jsonClass": "TextRun"}, {"x": 114, "y": 1054.03125, "w": 25, "h": 36, "jsonClass": "TextRun"}, {"x": 91, "y": 1027, "w": 1184, "h": 19, "jsonClass": "TextRun"}, {"x": 554, "y": 320, "w": 593, "h": 22, "jsonClass": "TextRun"}, {"x": 91, "y": 1935, "w": 279, "h": 20, "jsonClass": "TextRun"}, {"x": 370, "y": 1935, "w": 382, "h": 20, "jsonClass": "TextRun"}, {"x": 1210, "y": 1501, "w": 193, "h": 19, "jsonClass": "TextRun"}, {"x": 1403, "y": 1501, "w": 128, "h": 20, "jsonClass": "TextRun"}, {"x": 850, "y": 1833, "w": 239, "h": 20, "jsonClass": "TextRun"}, {"x": 104, "y": 1437, "w": 164, "h": 22, "jsonClass": "TextRun"}, {"x": 268, "y": 1437, "w": 678, "h": 22, "jsonClass": "TextRun"}, {"x": 946, "y": 1437, "w": 598, "h": 22, "jsonClass": "TextRun"}, {"x": 104, "y": 1459, "w": 312, "h": 22, "jsonClass": "TextRun"}, {"x": 91, "y": 1501, "w": 254, "h": 19, "jsonClass": "TextRun"}, {"x": 91, "y": 1586, "w": 360, "h": 19, "jsonClass": "TextRun"}, {"x": 1210, "y": 1586, "w": 268, "h": 19, "jsonClass": "TextRun"}, {"x": 1478, "y": 1586, "w": 127, "h": 19, "jsonClass": "TextRun"}, {"x": 1209, "y": 1669, "w": 363, "h": 20, "jsonClass": "TextRun"}, {"x": 1209, "y": 1693, "w": 145, "h": 19, "jsonClass": "TextRun"}, {"x": 1354, "y": 1693, "w": 128, "h": 19, "jsonClass": "TextRun"}, {"x": 774, "y": 1935, "w": 256, "h": 20, "jsonClass": "TextRun"}, {"x": 774, "y": 1959, "w": 257, "h": 19, "jsonClass": "TextRun"}, {"x": 131, "y": 1706, "w": 121, "h": 19, "jsonClass": "TextRun"}, {"x": 131, "y": 1742, "w": 261, "h": 20, "jsonClass": "TextRun"}, {"x": 131, "y": 1778, "w": 403, "h": 20, "jsonClass": "TextRun"}, {"x": 621, "y": 1706, "w": 161, "h": 19, "jsonClass": "TextRun"}, {"x": 782, "y": 1706, "w": 267, "h": 19, "jsonClass": "TextRun"}, {"x": 621, "y": 1755, "w": 359, "h": 19, "jsonClass": "TextRun"}, {"x": 621, "y": 1778, "w": 160, "h": 20, "jsonClass": "TextRun"}, {"x": 621, "y": 1802, "w": 430, "h": 19, "jsonClass": "TextRun"}, {"x": 91, "y": 1669, "w": 273, "h": 19, "jsonClass": "TextRun"}, {"x": 364, "y": 1669, "w": 132, "h": 19, "jsonClass": "TextRun"}, {"x": 129, "y": 1886, "w": 45, "h": 19, "jsonClass": "TextRun"}, {"x": 174, "y": 1886, "w": 454, "h": 19, "jsonClass": "TextRun"}, {"x": 129, "y": 1905, "w": 107, "h": 20, "jsonClass": "TextRun"}, {"x": 728, "y": 1894, "w": 29, "h": 20, "jsonClass": "TextRun"}, {"x": 91, "y": 1833, "w": 706, "h": 20, "jsonClass": "TextRun"}, {"x": 91, "y": 1853, "w": 362, "h": 19, "jsonClass": "TextRun"}, {"x": 1151, "y": 1980, "w": 158, "h": 19, "jsonClass": "TextRun"}, {"x": 1152, "y": 2021, "w": 212, "h": 20, "jsonClass": "TextRun"}, {"x": 1154, "y": 2063, "w": 68, "h": 19, "jsonClass": "TextRun"}, {"x": 1431, "y": 1980, "w": 98, "h": 19, "jsonClass": "TextRun"}, {"x": 1431, "y": 2021, "w": 154, "h": 20, "jsonClass": "TextRun"}, {"x": 1109, "y": 1936, "w": 191, "h": 20, "jsonClass": "TextRun"}, {"x": 1300, "y": 1937, "w": 95, "h": 19, "jsonClass": "TextRun"}, {"x": 859, "y": 1610.03125, "w": 30, "h": 41, "jsonClass": "TextRun"}, {"x": 850, "y": 1586, "w": 305, "h": 19, "jsonClass": "TextRun"}, {"x": 1213, "y": 1877.03125, "w": 26, "h": 44, "jsonClass": "TextRun"}, {"x": 1210, "y": 1833, "w": 244, "h": 20, "jsonClass": "TextRun"}, {"x": 668, "y": 1404, "w": 368, "h": 23, "jsonClass": "TextRun"}, {"x": 724, "y": 95, "w": 823, "h": 39, "jsonClass": "TextRun"}, {"x": 1337, "y": 32, "w": 233, "h": 19, "jsonClass": "TextRun"}, {"x": 1337, "y": 55, "w": 279, "h": 20, "jsonClass": "TextRun"}, {"x": 545, "y": 2104, "w": 537, "h": 19, "jsonClass": "TextRun"}, {"x": 545, "y": 2123, "w": 191, "h": 19, "jsonClass": "TextRun"}], "Field": [{"x": 1209, "y": 864, "w": 327.10866141732276, "h": 70.93622047244105, "jsonClass": "Field"}, {"x": 86, "y": 433, "w": 504.0141732283465, "h": 90.91102362204731, "jsonClass": "Field"}, {"x": 969, "y": 785, "w": 632.4362204724412, "h": 67.68346456692927, "jsonClass": "Field"}, {"x": 608, "y": 949, "w": 930.6055118110237, "h": 68.18582677165352, "jsonClass": "Field"}, {"x": 1289, "y": 433, "w": 328, "h": 90.91102362204731, "jsonClass": "Field"}, {"x": 91, "y": 702, "w": 786.1889763779528, "h": 150.64488188976384, "jsonClass": "Field"}, {"x": 91, "y": 535, "w": 786.1889763779528, "h": 154.5645669291339, "jsonClass": "Field"}, {"x": 969, "y": 702, "w": 632.4362204724412, "h": 69.28897637795285, "jsonClass": "Field"}, {"x": 610, "y": 864, "w": 520.0141732283464, "h": 70.93622047244105, "jsonClass": "Field"}, {"x": 608, "y": 433, "w": 292, "h": 90.91102362204731, "jsonClass": "Field"}, {"x": 968, "y": 433, "w": 306.64173228346453, "h": 90.91102362204731, "jsonClass": "Field"}, {"x": 969, "y": 535, "w": 632.4362204724412, "h": 71.55826771653551, "jsonClass": "Field"}, {"x": 969, "y": 617, "w": 632.4362204724412, "h": 73.85039370078744, "jsonClass": "Field"}, {"x": 114, "y": 1049.536220472441, "w": 310.77244094488196, "h": 48.63622047244098, "jsonClass": "Field"}, {"x": 91, "y": 1935, "w": 663.2889763779527, "h": 156.02755905511822, "jsonClass": "Field"}, {"x": 1210, "y": 1501, "w": 321, "h": 72.94488188976379, "jsonClass": "Field"}, {"x": 848.5748031496064, "y": 1833, "w": 347.1748031496063, "h": 90.95826771653537, "jsonClass": "Field"}, {"x": 91, "y": 1501, "w": 530.3968503937008, "h": 72.94488188976379, "jsonClass": "Field"}, {"x": 91, "y": 1586, "w": 737.5968503937008, "h": 70.5889763779528, "jsonClass": "Field"}, {"x": 1210, "y": 1586, "w": 395, "h": 70.5889763779528, "jsonClass": "Field"}, {"x": 1209, "y": 1669, "w": 363, "h": 152.10000000000014, "jsonClass": "Field"}, {"x": 774, "y": 1935, "w": 291.97480314960626, "h": 154.7614173228344, "jsonClass": "Field"}, {"x": 859, "y": 1607.9527559055118, "w": 290.9866141732284, "h": 48.63622047244098, "jsonClass": "Field"}, {"x": 1213, "y": 1875.3220472440944, "w": 287.0031496062991, "h": 48.63622047244098, "jsonClass": "Field"}, {"x": 338.0330708661417, "y": 933.1275590551181, "w": 70.96692913385829, "h": 27.777952755905517, "jsonClass": "ChoiceField"}, {"x": 338.0330708661417, "y": 982.244094488189, "w": 60.96692913385829, "h": 27.777952755905517, "jsonClass": "ChoiceField"}, {"x": 99.27795275590552, "y": 933.1275590551181, "w": 103.72204724409448, "h": 27.777952755905517, "jsonClass": "ChoiceField"}, {"x": 99.27795275590552, "y": 982.244094488189, "w": 111.72204724409448, "h": 27.777952755905517, "jsonClass": "ChoiceField"}, {"x": 97.92204724409449, "y": 1701.5944881889764, "w": 154.07795275590553, "h": 27.777952755905517, "jsonClass": "ChoiceField"}, {"x": 97.92204724409449, "y": 1737.9472440944883, "w": 294.0779527559055, "h": 27.777952755905517, "jsonClass": "ChoiceField"}, {"x": 97.92204724409449, "y": 1774.3023622047244, "w": 436.0779527559055, "h": 27.777952755905517, "jsonClass": "ChoiceField"}, {"x": 587.7417322834646, "y": 1701.5944881889764, "w": 461.25826771653544, "h": 27.777952755905517, "jsonClass": "ChoiceField"}, {"x": 587.7417322834646, "y": 1755, "w": 463.25826771653544, "h": 66, "jsonClass": "ChoiceField"}, {"x": 97.93070866141733, "y": 1886, "w": 530.0692913385826, "h": 39, "jsonClass": "ChoiceField"}, {"x": 698.4724409448819, "y": 1890.0503937007873, "w": 58.527559055118104, "h": 27.777952755905517, "jsonClass": "ChoiceField"}, {"x": 1119.2141732283465, "y": 1975.4582677165354, "w": 189.78582677165355, "h": 27.777952755905517, "jsonClass": "ChoiceField"}, {"x": 1119.2141732283465, "y": 2017.111023622047, "w": 244.78582677165355, "h": 27.777952755905517, "jsonClass": "ChoiceField"}, {"x": 1119.2141732283465, "y": 2046.747244094488, "w": 495.0503937007877, "h": 45.73307086614159, "jsonClass": "ChoiceField"}, {"x": 1399.5448818897637, "y": 1975.4582677165354, "w": 129.4551181102363, "h": 27.777952755905517, "jsonClass": "ChoiceField"}, {"x": 1399.5448818897637, "y": 2017.111023622047, "w": 185.4551181102363, "h": 27.777952755905517, "jsonClass": "ChoiceField"}], "Widget": [{"x": 1241.4417322834645, "y": 886.3000000000001, "w": 294.6669291338583, "h": 48.63622047244095, "jsonClass": "Widget"}, {"x": 100.02519685039371, "y": 475.2748031496063, "w": 489.9889763779528, "h": 48.63622047244095, "jsonClass": "Widget"}, {"x": 338.0330708661417, "y": 933.1275590551181, "w": 27.777952755905513, "h": 27.777952755905513, "jsonClass": "Widget"}, {"x": 338.0330708661417, "y": 982.244094488189, "w": 27.777952755905513, "h": 27.777952755905513, "jsonClass": "Widget"}, {"x": 979.9748031496064, "y": 804.0472440944883, "w": 621.4614173228347, "h": 48.63622047244095, "jsonClass": "Widget"}, {"x": 641.4417322834646, "y": 968.5496062992125, "w": 897.1637795275591, "h": 48.63622047244095, "jsonClass": "Widget"}, {"x": 1341.4637795275592, "y": 475.2748031496063, "w": 102.85826771653544, "h": 48.63622047244095, "jsonClass": "Widget"}, {"x": 100.02519685039371, "y": 724.0724409448819, "w": 777.1637795275591, "h": 128.5724409448819, "jsonClass": "Widget"}, {"x": 100.02519685039371, "y": 560.992125984252, "w": 777.1637795275591, "h": 128.5724409448819, "jsonClass": "Widget"}, {"x": 979.9748031496064, "y": 722.6527559055119, "w": 621.4614173228347, "h": 48.63622047244095, "jsonClass": "Widget"}, {"x": 640.0251968503936, "y": 886.3000000000001, "w": 489.9889763779528, "h": 48.63622047244095, "jsonClass": "Widget"}, {"x": 620.0385826771654, "y": 475.2748031496063, "w": 259.9669291338583, "h": 48.63622047244095, "jsonClass": "Widget"}, {"x": 979.9748031496064, "y": 475.2748031496063, "w": 294.6669291338583, "h": 48.63622047244095, "jsonClass": "Widget"}, {"x": 979.9748031496064, "y": 557.9220472440945, "w": 621.4614173228347, "h": 48.63622047244095, "jsonClass": "Widget"}, {"x": 979.9748031496064, "y": 642.2141732283465, "w": 621.4614173228347, "h": 48.63622047244095, "jsonClass": "Widget"}, {"x": 99.27795275590552, "y": 933.1275590551181, "w": 27.777952755905513, "h": 27.777952755905513, "jsonClass": "Widget"}, {"x": 99.27795275590552, "y": 982.244094488189, "w": 27.777952755905513, "h": 27.777952755905513, "jsonClass": "Widget"}, {"x": 141.46377952755907, "y": 1049.536220472441, "w": 283.30866141732287, "h": 48.63622047244095, "jsonClass": "Widget"}, {"x": 100.02519685039371, "y": 1962.4551181102363, "w": 654.263779527559, "h": 128.5724409448819, "jsonClass": "Widget"}, {"x": 1241.4417322834645, "y": 1525.3086614173228, "w": 245.73858267716537, "h": 48.63622047244095, "jsonClass": "Widget"}, {"x": 848.5748031496064, "y": 1875.3220472440944, "w": 347.1748031496063, "h": 48.63622047244095, "jsonClass": "Widget"}, {"x": 131.40787401574804, "y": 1525.3086614173228, "w": 489.9889763779528, "h": 48.63622047244095, "jsonClass": "Widget"}, {"x": 131.40787401574804, "y": 1607.9527559055118, "w": 697.1889763779528, "h": 48.63622047244095, "jsonClass": "Widget"}, {"x": 1241.4417322834645, "y": 1607.9527559055118, "w": 245.73858267716537, "h": 48.63622047244095, "jsonClass": "Widget"}, {"x": 1241.4417322834645, "y": 1772.4637795275592, "w": 245.73858267716537, "h": 48.63622047244095, "jsonClass": "Widget"}, {"x": 775.3307086614174, "y": 2041.1251968503936, "w": 290.64409448818895, "h": 48.63622047244095, "jsonClass": "Widget"}, {"x": 97.92204724409449, "y": 1701.5944881889764, "w": 27.777952755905513, "h": 27.777952755905513, "jsonClass": "Widget"}, {"x": 97.92204724409449, "y": 1737.9472440944883, "w": 27.777952755905513, "h": 27.777952755905513, "jsonClass": "Widget"}, {"x": 97.92204724409449, "y": 1774.3023622047244, "w": 27.777952755905513, "h": 27.777952755905513, "jsonClass": "Widget"}, {"x": 587.7417322834646, "y": 1701.5944881889764, "w": 27.777952755905513, "h": 27.777952755905513, "jsonClass": "Widget"}, {"x": 587.7417322834646, "y": 1774.1724409448818, "w": 27.777952755905513, "h": 27.777952755905513, "jsonClass": "Widget"}, {"x": 97.93070866141733, "y": 1889.3251968503937, "w": 27.777952755905513, "h": 27.777952755905513, "jsonClass": "Widget"}, {"x": 698.4724409448819, "y": 1890.0503937007873, "w": 27.777952755905513, "h": 27.777952755905513, "jsonClass": "Widget"}, {"x": 1119.2141732283465, "y": 1975.4582677165354, "w": 27.777952755905513, "h": 27.777952755905513, "jsonClass": "Widget"}, {"x": 1119.2141732283465, "y": 2017.111023622047, "w": 27.777952755905513, "h": 27.777952755905513, "jsonClass": "Widget"}, {"x": 1119.2141732283465, "y": 2058.763779527559, "w": 27.777952755905513, "h": 27.777952755905513, "jsonClass": "Widget"}, {"x": 1231.4503937007876, "y": 2046.747244094488, "w": 382.8141732283465, "h": 45.73307086614173, "jsonClass": "Widget"}, {"x": 1399.5448818897637, "y": 1975.4582677165354, "w": 27.777952755905513, "h": 27.777952755905513, "jsonClass": "Widget"}, {"x": 1399.5448818897637, "y": 2017.111023622047, "w": 27.777952755905513, "h": 27.777952755905513, "jsonClass": "Widget"}, {"x": 891.4251968503937, "y": 1607.9527559055118, "w": 258.56141732283464, "h": 48.63622047244095, "jsonClass": "Widget"}, {"x": 1241.4417322834645, "y": 1875.3220472440944, "w": 258.56141732283464, "h": 48.63622047244095, "jsonClass": "Widget"}], "ChoiceGroup": [{"x": 322, "y": 856.03125, "w": 267, "h": 160, "jsonClass": "ChoiceGroup"}, {"x": 84, "y": 854.03125, "w": 189, "h": 162, "jsonClass": "ChoiceGroup"}, {"x": 81, "y": 1663.03125, "w": 996, "h": 161.1073505286145, "jsonClass": "ChoiceGroup"}, {"x": 85, "y": 1829.03125, "w": 735, "h": 95, "jsonClass": "ChoiceGroup"}, {"x": 1101, "y": 1928.03125, "w": 517, "h": 164, "jsonClass": "ChoiceGroup"}], "ChoiceField": [{"x": 338.0330708661417, "y": 933.1275590551181, "w": 70.96692913385829, "h": 27.777952755905517, "jsonClass": "ChoiceField"}, {"x": 338.0330708661417, "y": 982.244094488189, "w": 60.96692913385829, "h": 27.777952755905517, "jsonClass": "ChoiceField"}, {"x": 99.27795275590552, "y": 933.1275590551181, "w": 103.72204724409448, "h": 27.777952755905517, "jsonClass": "ChoiceField"}, {"x": 99.27795275590552, "y": 982.244094488189, "w": 111.72204724409448, "h": 27.777952755905517, "jsonClass": "ChoiceField"}, {"x": 97.92204724409449, "y": 1701.5944881889764, "w": 154.07795275590553, "h": 27.777952755905517, "jsonClass": "ChoiceField"}, {"x": 97.92204724409449, "y": 1737.9472440944883, "w": 294.0779527559055, "h": 27.777952755905517, "jsonClass": "ChoiceField"}, {"x": 97.92204724409449, "y": 1774.3023622047244, "w": 436.0779527559055, "h": 27.777952755905517, "jsonClass": "ChoiceField"}, {"x": 587.7417322834646, "y": 1701.5944881889764, "w": 461.25826771653544, "h": 27.777952755905517, "jsonClass": "ChoiceField"}, {"x": 587.7417322834646, "y": 1755, "w": 463.25826771653544, "h": 66, "jsonClass": "ChoiceField"}, {"x": 97.93070866141733, "y": 1886, "w": 530.0692913385826, "h": 39, "jsonClass": "ChoiceField"}, {"x": 698.4724409448819, "y": 1890.0503937007873, "w": 58.527559055118104, "h": 27.777952755905517, "jsonClass": "ChoiceField"}, {"x": 1119.2141732283465, "y": 1975.4582677165354, "w": 189.78582677165355, "h": 27.777952755905517, "jsonClass": "ChoiceField"}, {"x": 1119.2141732283465, "y": 2017.111023622047, "w": 244.78582677165355, "h": 27.777952755905517, "jsonClass": "ChoiceField"}, {"x": 1119.2141732283465, "y": 2046.747244094488, "w": 495.0503937007877, "h": 45.73307086614159, "jsonClass": "ChoiceField"}, {"x": 1399.5448818897637, "y": 1975.4582677165354, "w": 129.4551181102363, "h": 27.777952755905517, "jsonClass": "ChoiceField"}, {"x": 1399.5448818897637, "y": 2017.111023622047, "w": 185.4551181102363, "h": 27.777952755905517, "jsonClass": "ChoiceField"}], "ChoiceGroupTitle": [{"x": 327, "y": 864, "w": 246, "h": 39, "jsonClass": "ChoiceGroupTitle"}, {"x": 91, "y": 864, "w": 174, "h": 39, "jsonClass": "ChoiceGroupTitle"}, {"x": 91, "y": 1669, "w": 405, "h": 19, "jsonClass": "ChoiceGroupTitle"}, {"x": 91, "y": 1833, "w": 706, "h": 39, "jsonClass": "ChoiceGroupTitle"}, {"x": 1109, "y": 1936, "w": 286, "h": 20, "jsonClass": "ChoiceGroupTitle"}], "List": [{"x": 97, "y": 1135.03125, "w": 722, "h": 256, "jsonClass": "List"}, {"x": 850, "y": 1100.03125, "w": 675, "h": 296, "jsonClass": "List"}]}