{"TextBlock": [{"x": 428, "y": 200, "w": 853, "h": 73, "jsonClass": "TextBlock"}, {"x": 97, "y": 324, "w": 996, "h": 30, "jsonClass": "TextBlock"}, {"x": 96, "y": 884.9999857953537, "w": 1515, "h": 99.00001420464628, "jsonClass": "TextBlock"}, {"x": 159, "y": 478.03125, "w": 37, "h": 37, "jsonClass": "TextBlock"}, {"x": 201, "y": 514.03125, "w": 1287, "h": 40, "jsonClass": "TextBlock"}, {"x": 157, "y": 515.03125, "w": 41, "h": 35, "jsonClass": "TextBlock"}, {"x": 202, "y": 482.03125, "w": 1271, "h": 32, "jsonClass": "TextBlock"}, {"x": 157, "y": 548.03125, "w": 42, "h": 35, "jsonClass": "TextBlock"}, {"x": 199, "y": 553.03125, "w": 1340, "h": 28, "jsonClass": "TextBlock"}, {"x": 101, "y": 1857, "w": 1496, "h": 164, "jsonClass": "TextBlock"}, {"x": 101, "y": 1424, "w": 1484, "h": 64, "jsonClass": "TextBlock"}, {"x": 101, "y": 1524, "w": 1500, "h": 64, "jsonClass": "TextBlock"}, {"x": 101, "y": 1291, "w": 1479, "h": 97, "jsonClass": "TextBlock"}, {"x": 101, "y": 1691, "w": 1468, "h": 130, "jsonClass": "TextBlock"}, {"x": 101, "y": 1624, "w": 990, "h": 30, "jsonClass": "TextBlock"}, {"x": 101, "y": 1057, "w": 1507, "h": 130, "jsonClass": "TextBlock"}, {"x": 180.99998621317195, "y": 688.03125, "w": 26, "h": 27, "jsonClass": "TextBlock"}, {"x": 207, "y": 689, "w": 1102, "h": 30, "jsonClass": "TextBlock"}, {"x": 183, "y": 725.03125, "w": 22, "h": 24, "jsonClass": "TextBlock"}, {"x": 205, "y": 722.03125, "w": 1307, "h": 65, "jsonClass": "TextBlock"}, {"x": 180, "y": 785.03125, "w": 27, "h": 32, "jsonClass": "TextBlock"}, {"x": 207, "y": 789, "w": 1227, "h": 30, "jsonClass": "TextBlock"}, {"x": 180, "y": 823.03125, "w": 30, "h": 25, "jsonClass": "TextBlock"}, {"x": 210, "y": 820.03125, "w": 1249, "h": 66, "jsonClass": "TextBlock"}, {"x": 651, "y": 1243, "w": 400, "h": 28, "jsonClass": "SectionTitle"}, {"x": 666, "y": 1010, "w": 370, "h": 28, "jsonClass": "SectionTitle"}, {"x": 96, "y": 620, "w": 1020, "h": 30, "jsonClass": "SectionTitle"}, {"x": 303, "y": 145, "w": 1095, "h": 38, "jsonClass": "SectionTitle"}], "TextRun": [{"x": 428, "y": 200, "w": 853, "h": 33, "jsonClass": "TextRun"}, {"x": 494, "y": 240, "w": 713, "h": 33, "jsonClass": "TextRun"}, {"x": 97, "y": 324, "w": 716, "h": 30, "jsonClass": "TextRun"}, {"x": 813, "y": 324, "w": 280, "h": 30, "jsonClass": "TextRun"}, {"x": 96, "y": 887, "w": 1515, "h": 30, "jsonClass": "TextRun"}, {"x": 96, "y": 920, "w": 1515, "h": 30, "jsonClass": "TextRun"}, {"x": 96, "y": 953, "w": 74, "h": 31, "jsonClass": "TextRun"}, {"x": 159, "y": 478.03125, "w": 37, "h": 37, "jsonClass": "TextRun"}, {"x": 201, "y": 514.03125, "w": 1287, "h": 40, "jsonClass": "TextRun"}, {"x": 157, "y": 515.03125, "w": 41, "h": 35, "jsonClass": "TextRun"}, {"x": 202, "y": 482.03125, "w": 1271, "h": 32, "jsonClass": "TextRun"}, {"x": 157, "y": 548.03125, "w": 42, "h": 35, "jsonClass": "TextRun"}, {"x": 199, "y": 553.03125, "w": 1340, "h": 28, "jsonClass": "TextRun"}, {"x": 101, "y": 1857, "w": 1474, "h": 31, "jsonClass": "TextRun"}, {"x": 101, "y": 1891, "w": 1380, "h": 30, "jsonClass": "TextRun"}, {"x": 101, "y": 1924, "w": 1496, "h": 30, "jsonClass": "TextRun"}, {"x": 101, "y": 1957, "w": 1293, "h": 31, "jsonClass": "TextRun"}, {"x": 101, "y": 1991, "w": 264, "h": 30, "jsonClass": "TextRun"}, {"x": 101, "y": 1424, "w": 1484, "h": 30, "jsonClass": "TextRun"}, {"x": 101, "y": 1457, "w": 236, "h": 31, "jsonClass": "TextRun"}, {"x": 101, "y": 1524, "w": 1500, "h": 30, "jsonClass": "TextRun"}, {"x": 101, "y": 1557, "w": 358, "h": 31, "jsonClass": "TextRun"}, {"x": 101, "y": 1291, "w": 1479, "h": 30, "jsonClass": "TextRun"}, {"x": 101, "y": 1324, "w": 1457, "h": 30, "jsonClass": "TextRun"}, {"x": 101, "y": 1357, "w": 156, "h": 31, "jsonClass": "TextRun"}, {"x": 101, "y": 1691, "w": 1394, "h": 30, "jsonClass": "TextRun"}, {"x": 101, "y": 1724, "w": 1468, "h": 30, "jsonClass": "TextRun"}, {"x": 101, "y": 1757, "w": 1323, "h": 31, "jsonClass": "TextRun"}, {"x": 101, "y": 1791, "w": 303, "h": 30, "jsonClass": "TextRun"}, {"x": 101, "y": 1624, "w": 990, "h": 30, "jsonClass": "TextRun"}, {"x": 651, "y": 1243, "w": 400, "h": 28, "jsonClass": "TextRun"}, {"x": 101, "y": 1057, "w": 1270, "h": 30, "jsonClass": "TextRun"}, {"x": 1371, "y": 1057, "w": 162, "h": 30, "jsonClass": "TextRun"}, {"x": 101, "y": 1090, "w": 1490, "h": 31, "jsonClass": "TextRun"}, {"x": 101, "y": 1123, "w": 1507, "h": 31, "jsonClass": "TextRun"}, {"x": 101, "y": 1157, "w": 219, "h": 30, "jsonClass": "TextRun"}, {"x": 320, "y": 1157, "w": 141, "h": 30, "jsonClass": "TextRun"}, {"x": 461, "y": 1157, "w": 1072, "h": 30, "jsonClass": "TextRun"}, {"x": 666, "y": 1010, "w": 370, "h": 28, "jsonClass": "TextRun"}, {"x": 180.99998621317195, "y": 688.03125, "w": 26, "h": 27, "jsonClass": "TextRun"}, {"x": 207, "y": 689, "w": 1102, "h": 30, "jsonClass": "TextRun"}, {"x": 183, "y": 725.03125, "w": 22, "h": 24, "jsonClass": "TextRun"}, {"x": 205, "y": 722.03125, "w": 1307, "h": 65, "jsonClass": "TextRun"}, {"x": 180, "y": 785.03125, "w": 27, "h": 32, "jsonClass": "TextRun"}, {"x": 207, "y": 789, "w": 1227, "h": 30, "jsonClass": "TextRun"}, {"x": 180, "y": 823.03125, "w": 30, "h": 25, "jsonClass": "TextRun"}, {"x": 210, "y": 820.03125, "w": 1249, "h": 66, "jsonClass": "TextRun"}, {"x": 96, "y": 620, "w": 1020, "h": 30, "jsonClass": "TextRun"}, {"x": 303, "y": 145, "w": 1095, "h": 38, "jsonClass": "TextRun"}], "List": [{"x": 141.99999080878126, "y": 469.03125, "w": 1404, "h": 118, "jsonClass": "List"}, {"x": 163, "y": 679.03125, "w": 1373, "h": 205, "jsonClass": "List"}]}