{"TextBlock": [{"x": 1367, "y": 54, "w": 249, "h": 42, "jsonClass": "TextBlock"}, {"x": 67, "y": 2054, "w": 94, "h": 42, "jsonClass": "TextBlock"}, {"x": 183, "y": 2058, "w": 137, "h": 34, "jsonClass": "TextBlock"}, {"x": 518, "y": 2061, "w": 797, "h": 28, "jsonClass": "TextBlock"}, {"x": 1529, "y": 2062, "w": 92, "h": 25, "jsonClass": "TextBlock"}, {"x": 967, "y": 657, "w": 109, "h": 20, "jsonClass": "TextBlock"}, {"x": 83, "y": 656, "w": 338, "h": 22, "jsonClass": "TextBlock"}, {"x": 1117, "y": 657, "w": 143, "h": 20, "jsonClass": "TextBlock"}, {"x": 83, "y": 822, "w": 344, "h": 23, "jsonClass": "TextBlock"}, {"x": 600, "y": 824, "w": 90, "h": 19, "jsonClass": "TextBlock"}, {"x": 83, "y": 739, "w": 446, "h": 22, "jsonClass": "TextBlock"}, {"x": 83, "y": 306, "w": 454, "h": 22, "jsonClass": "TextBlock"}, {"x": 1300, "y": 657, "w": 122, "h": 20, "jsonClass": "TextBlock"}, {"x": 1117, "y": 824, "w": 143, "h": 19, "jsonClass": "TextBlock"}, {"x": 1300, "y": 824, "w": 122, "h": 19, "jsonClass": "TextBlock"}, {"x": 517, "y": 1260, "w": 721, "h": 46, "jsonClass": "TextBlock"}, {"x": 1267, "y": 574, "w": 114, "h": 19, "jsonClass": "TextBlock"}, {"x": 967, "y": 824, "w": 109, "h": 19, "jsonClass": "TextBlock"}, {"x": 867, "y": 307, "w": 216, "h": 19, "jsonClass": "TextBlock"}, {"x": 83, "y": 574, "w": 202, "h": 19, "jsonClass": "TextBlock"}, {"x": 83, "y": 234, "w": 1534, "h": 55, "jsonClass": "TextBlock"}, {"x": 1233, "y": 307, "w": 265, "h": 19, "jsonClass": "TextBlock"}, {"x": 383, "y": 572, "w": 309, "h": 22, "jsonClass": "TextBlock"}, {"x": 733, "y": 572, "w": 341, "h": 22, "jsonClass": "TextBlock"}, {"x": 600, "y": 657, "w": 90, "h": 20, "jsonClass": "TextBlock"}, {"x": 567, "y": 739, "w": 465, "h": 22, "jsonClass": "TextBlock"}, {"x": 1067, "y": 740, "w": 210, "h": 20, "jsonClass": "TextBlock"}, {"x": 83, "y": 1024, "w": 229, "h": 19, "jsonClass": "TextBlock"}, {"x": 533, "y": 1024, "w": 267, "h": 19, "jsonClass": "TextBlock"}, {"x": 1200, "y": 1024, "w": 327, "h": 19, "jsonClass": "TextBlock"}, {"x": 883, "y": 1113, "w": 726, "h": 96, "jsonClass": "TextBlock"}, {"x": 1367, "y": 390, "w": 236, "h": 20, "jsonClass": "TextBlock"}, {"x": 83, "y": 1104, "w": 332, "h": 46, "jsonClass": "TextBlock"}, {"x": 450, "y": 1104, "w": 397, "h": 46, "jsonClass": "TextBlock"}, {"x": 132, "y": 457, "w": 58, "h": 19, "jsonClass": "TextBlock"}, {"x": 131, "y": 507, "w": 83, "h": 19, "jsonClass": "TextBlock"}, {"x": 297, "y": 457, "w": 59, "h": 19, "jsonClass": "TextBlock"}, {"x": 297, "y": 507, "w": 83, "h": 19, "jsonClass": "TextBlock"}, {"x": 547, "y": 457, "w": 45, "h": 19, "jsonClass": "TextBlock"}, {"x": 547, "y": 507, "w": 35, "h": 19, "jsonClass": "TextBlock"}, {"x": 814, "y": 457, "w": 64, "h": 19, "jsonClass": "TextBlock"}, {"x": 949, "y": 457, "w": 371, "h": 19, "jsonClass": "TextBlock"}, {"x": 812, "y": 490, "w": 303, "h": 20, "jsonClass": "TextBlock"}, {"x": 811, "y": 524, "w": 465, "h": 19, "jsonClass": "TextBlock"}, {"x": 1201, "y": 490, "w": 68, "h": 20, "jsonClass": "TextBlock"}, {"x": 697, "y": 974, "w": 95, "h": 19, "jsonClass": "TextBlock"}, {"x": 861, "y": 974, "w": 167, "h": 19, "jsonClass": "TextBlock"}, {"x": 1112, "y": 974, "w": 123, "h": 19, "jsonClass": "TextBlock"}, {"x": 1314, "y": 974, "w": 104, "h": 19, "jsonClass": "TextBlock"}, {"x": 1490, "y": 974, "w": 108, "h": 19, "jsonClass": "TextBlock"}, {"x": 131, "y": 974, "w": 318, "h": 19, "jsonClass": "TextBlock"}, {"x": 531, "y": 974, "w": 76, "h": 19, "jsonClass": "TextBlock"}, {"x": 129, "y": 1340, "w": 39, "h": 20, "jsonClass": "TextBlock"}, {"x": 247, "y": 1340, "w": 29, "h": 20, "jsonClass": "TextBlock"}, {"x": 1331, "y": 1340, "w": 38, "h": 20, "jsonClass": "TextBlock"}, {"x": 1447, "y": 1340, "w": 29, "h": 20, "jsonClass": "TextBlock"}, {"x": 950, "y": 1440, "w": 298, "h": 20, "jsonClass": "TextBlock"}, {"x": 600, "y": 1440, "w": 212, "h": 20, "jsonClass": "TextBlock"}, {"x": 1300, "y": 1440, "w": 263, "h": 20, "jsonClass": "TextBlock"}, {"x": 83, "y": 1440, "w": 294, "h": 20, "jsonClass": "TextBlock"}, {"x": 83, "y": 1524, "w": 207, "h": 19, "jsonClass": "TextBlock"}, {"x": 1150, "y": 1524, "w": 304, "h": 19, "jsonClass": "TextBlock"}, {"x": 83, "y": 1945, "w": 628, "h": 43, "jsonClass": "TextBlock"}, {"x": 83, "y": 1879, "w": 638, "h": 42, "jsonClass": "TextBlock"}, {"x": 83, "y": 1812, "w": 619, "h": 43, "jsonClass": "TextBlock"}, {"x": 83, "y": 1745, "w": 645, "h": 43, "jsonClass": "TextBlock"}, {"x": 83, "y": 1699, "w": 421, "h": 19, "jsonClass": "TextBlock"}, {"x": 83, "y": 1649, "w": 482, "h": 19, "jsonClass": "TextBlock"}, {"x": 764, "y": 1607, "w": 39, "h": 19, "jsonClass": "TextBlock"}, {"x": 835, "y": 1607, "w": 30, "h": 19, "jsonClass": "TextBlock"}, {"x": 900, "y": 1933, "w": 563, "h": 64, "jsonClass": "TextBlock"}, {"x": 900, "y": 1879, "w": 472, "h": 42, "jsonClass": "TextBlock"}, {"x": 900, "y": 1812, "w": 507, "h": 43, "jsonClass": "TextBlock"}, {"x": 900, "y": 1745, "w": 567, "h": 43, "jsonClass": "TextBlock"}, {"x": 900, "y": 1649, "w": 521, "h": 19, "jsonClass": "TextBlock"}, {"x": 933, "y": 1699, "w": 440, "h": 19, "jsonClass": "TextBlock"}, {"x": 1468, "y": 1691.03125, "w": 20, "h": 24, "jsonClass": "TextBlock"}, {"x": 1514, "y": 1607, "w": 39, "h": 19, "jsonClass": "TextBlock"}, {"x": 1585, "y": 1607, "w": 30, "h": 19, "jsonClass": "TextBlock"}, {"x": 83, "y": 390, "w": 143, "h": 20, "jsonClass": "ChoiceGroupTitle"}, {"x": 250, "y": 391, "w": 211, "h": 42, "jsonClass": "ChoiceGroupTitle"}, {"x": 500, "y": 391, "w": 232, "h": 42, "jsonClass": "ChoiceGroupTitle"}, {"x": 767, "y": 388, "w": 526, "h": 45, "jsonClass": "ChoiceGroupTitle"}, {"x": 650, "y": 907, "w": 299, "h": 19, "jsonClass": "ChoiceGroupTitle"}, {"x": 83, "y": 904, "w": 379, "h": 46, "jsonClass": "ChoiceGroupTitle"}, {"x": 83, "y": 1259, "w": 399, "h": 66, "jsonClass": "ChoiceGroupTitle"}, {"x": 1283, "y": 1259, "w": 324, "h": 66, "jsonClass": "ChoiceGroupTitle"}, {"x": 649, "y": 189, "w": 402, "h": 22, "jsonClass": "SectionTitle"}, {"x": 596, "y": 1397, "w": 508, "h": 22, "jsonClass": "SectionTitle"}, {"x": 798, "y": 118, "w": 729, "h": 39, "jsonClass": "HeaderTitle"}, {"x": 83, "y": 1606, "w": 366, "h": 22, "jsonClass": "TableTitle"}], "TextRun": [{"x": 1367, "y": 54, "w": 249, "h": 19, "jsonClass": "TextRun"}, {"x": 1367, "y": 77, "w": 243, "h": 19, "jsonClass": "TextRun"}, {"x": 67, "y": 2054, "w": 94, "h": 19, "jsonClass": "TextRun"}, {"x": 67, "y": 2077, "w": 88, "h": 19, "jsonClass": "TextRun"}, {"x": 183, "y": 2058, "w": 137, "h": 34, "jsonClass": "TextRun"}, {"x": 798, "y": 118, "w": 729, "h": 39, "jsonClass": "TextRun"}, {"x": 518, "y": 2061, "w": 797, "h": 28, "jsonClass": "TextRun"}, {"x": 1529, "y": 2062, "w": 92, "h": 25, "jsonClass": "TextRun"}, {"x": 967, "y": 657, "w": 109, "h": 20, "jsonClass": "TextRun"}, {"x": 83, "y": 658, "w": 267, "h": 19, "jsonClass": "TextRun"}, {"x": 355, "y": 656, "w": 66, "h": 22, "jsonClass": "TextRun"}, {"x": 1117, "y": 657, "w": 143, "h": 20, "jsonClass": "TextRun"}, {"x": 83, "y": 824, "w": 273, "h": 20, "jsonClass": "TextRun"}, {"x": 360, "y": 822, "w": 67, "h": 23, "jsonClass": "TextRun"}, {"x": 600, "y": 824, "w": 90, "h": 19, "jsonClass": "TextRun"}, {"x": 83, "y": 741, "w": 266, "h": 19, "jsonClass": "TextRun"}, {"x": 354, "y": 739, "w": 175, "h": 22, "jsonClass": "TextRun"}, {"x": 83, "y": 308, "w": 210, "h": 19, "jsonClass": "TextRun"}, {"x": 298, "y": 306, "w": 239, "h": 22, "jsonClass": "TextRun"}, {"x": 1300, "y": 657, "w": 122, "h": 20, "jsonClass": "TextRun"}, {"x": 1117, "y": 824, "w": 143, "h": 19, "jsonClass": "TextRun"}, {"x": 1300, "y": 824, "w": 122, "h": 19, "jsonClass": "TextRun"}, {"x": 517, "y": 1260, "w": 721, "h": 20, "jsonClass": "TextRun"}, {"x": 544, "y": 1284, "w": 248, "h": 22, "jsonClass": "TextRun"}, {"x": 792, "y": 1284, "w": 211, "h": 22, "jsonClass": "TextRun"}, {"x": 1267, "y": 574, "w": 114, "h": 19, "jsonClass": "TextRun"}, {"x": 967, "y": 824, "w": 109, "h": 19, "jsonClass": "TextRun"}, {"x": 867, "y": 307, "w": 216, "h": 19, "jsonClass": "TextRun"}, {"x": 83, "y": 574, "w": 202, "h": 19, "jsonClass": "TextRun"}, {"x": 83, "y": 234, "w": 82, "h": 25, "jsonClass": "TextRun"}, {"x": 166, "y": 234, "w": 43, "h": 25, "jsonClass": "TextRun"}, {"x": 210, "y": 234, "w": 93, "h": 25, "jsonClass": "TextRun"}, {"x": 304, "y": 234, "w": 90, "h": 25, "jsonClass": "TextRun"}, {"x": 395, "y": 234, "w": 102, "h": 25, "jsonClass": "TextRun"}, {"x": 506, "y": 234, "w": 101, "h": 25, "jsonClass": "TextRun"}, {"x": 628, "y": 234, "w": 45, "h": 25, "jsonClass": "TextRun"}, {"x": 674, "y": 234, "w": 70, "h": 25, "jsonClass": "TextRun"}, {"x": 746, "y": 234, "w": 145, "h": 25, "jsonClass": "TextRun"}, {"x": 893, "y": 234, "w": 35, "h": 25, "jsonClass": "TextRun"}, {"x": 930, "y": 234, "w": 31, "h": 25, "jsonClass": "TextRun"}, {"x": 963, "y": 234, "w": 25, "h": 25, "jsonClass": "TextRun"}, {"x": 1011, "y": 234, "w": 65, "h": 25, "jsonClass": "TextRun"}, {"x": 1077, "y": 234, "w": 36, "h": 25, "jsonClass": "TextRun"}, {"x": 1114, "y": 234, "w": 115, "h": 25, "jsonClass": "TextRun"}, {"x": 1250, "y": 234, "w": 88, "h": 25, "jsonClass": "TextRun"}, {"x": 1339, "y": 234, "w": 44, "h": 25, "jsonClass": "TextRun"}, {"x": 1385, "y": 234, "w": 27, "h": 25, "jsonClass": "TextRun"}, {"x": 1413, "y": 234, "w": 82, "h": 25, "jsonClass": "TextRun"}, {"x": 1515, "y": 234, "w": 102, "h": 25, "jsonClass": "TextRun"}, {"x": 83, "y": 264, "w": 376, "h": 25, "jsonClass": "TextRun"}, {"x": 1233, "y": 307, "w": 265, "h": 19, "jsonClass": "TextRun"}, {"x": 383, "y": 574, "w": 188, "h": 20, "jsonClass": "TextRun"}, {"x": 571, "y": 572, "w": 121, "h": 22, "jsonClass": "TextRun"}, {"x": 733, "y": 574, "w": 200, "h": 20, "jsonClass": "TextRun"}, {"x": 933, "y": 572, "w": 141, "h": 22, "jsonClass": "TextRun"}, {"x": 600, "y": 657, "w": 90, "h": 20, "jsonClass": "TextRun"}, {"x": 567, "y": 741, "w": 284, "h": 19, "jsonClass": "TextRun"}, {"x": 856, "y": 739, "w": 176, "h": 22, "jsonClass": "TextRun"}, {"x": 1067, "y": 740, "w": 210, "h": 20, "jsonClass": "TextRun"}, {"x": 83, "y": 1024, "w": 229, "h": 19, "jsonClass": "TextRun"}, {"x": 533, "y": 1024, "w": 267, "h": 19, "jsonClass": "TextRun"}, {"x": 1200, "y": 1024, "w": 327, "h": 19, "jsonClass": "TextRun"}, {"x": 883, "y": 1113, "w": 726, "h": 20, "jsonClass": "TextRun"}, {"x": 917, "y": 1137, "w": 642, "h": 19, "jsonClass": "TextRun"}, {"x": 917, "y": 1162, "w": 390, "h": 20, "jsonClass": "TextRun"}, {"x": 1319, "y": 1160, "w": 49, "h": 22, "jsonClass": "TextRun"}, {"x": 1374, "y": 1160, "w": 233, "h": 22, "jsonClass": "TextRun"}, {"x": 917, "y": 1187, "w": 197, "h": 22, "jsonClass": "TextRun"}, {"x": 1367, "y": 390, "w": 236, "h": 20, "jsonClass": "TextRun"}, {"x": 83, "y": 1104, "w": 332, "h": 20, "jsonClass": "TextRun"}, {"x": 128, "y": 1128, "w": 182, "h": 22, "jsonClass": "TextRun"}, {"x": 450, "y": 1104, "w": 397, "h": 20, "jsonClass": "TextRun"}, {"x": 494, "y": 1128, "w": 183, "h": 22, "jsonClass": "TextRun"}, {"x": 132, "y": 457, "w": 58, "h": 19, "jsonClass": "TextRun"}, {"x": 131, "y": 507, "w": 83, "h": 19, "jsonClass": "TextRun"}, {"x": 83, "y": 390, "w": 143, "h": 20, "jsonClass": "TextRun"}, {"x": 297, "y": 457, "w": 59, "h": 19, "jsonClass": "TextRun"}, {"x": 297, "y": 507, "w": 83, "h": 19, "jsonClass": "TextRun"}, {"x": 250, "y": 391, "w": 203, "h": 19, "jsonClass": "TextRun"}, {"x": 283, "y": 414, "w": 178, "h": 19, "jsonClass": "TextRun"}, {"x": 547, "y": 457, "w": 45, "h": 19, "jsonClass": "TextRun"}, {"x": 547, "y": 507, "w": 35, "h": 19, "jsonClass": "TextRun"}, {"x": 500, "y": 391, "w": 211, "h": 19, "jsonClass": "TextRun"}, {"x": 519, "y": 414, "w": 213, "h": 19, "jsonClass": "TextRun"}, {"x": 814, "y": 457, "w": 64, "h": 19, "jsonClass": "TextRun"}, {"x": 949, "y": 457, "w": 371, "h": 19, "jsonClass": "TextRun"}, {"x": 812, "y": 490, "w": 303, "h": 20, "jsonClass": "TextRun"}, {"x": 811, "y": 524, "w": 465, "h": 19, "jsonClass": "TextRun"}, {"x": 1201, "y": 490, "w": 68, "h": 20, "jsonClass": "TextRun"}, {"x": 767, "y": 390, "w": 234, "h": 19, "jsonClass": "TextRun"}, {"x": 1007, "y": 388, "w": 286, "h": 22, "jsonClass": "TextRun"}, {"x": 783, "y": 413, "w": 475, "h": 20, "jsonClass": "TextRun"}, {"x": 697, "y": 974, "w": 95, "h": 19, "jsonClass": "TextRun"}, {"x": 861, "y": 974, "w": 167, "h": 19, "jsonClass": "TextRun"}, {"x": 1112, "y": 974, "w": 123, "h": 19, "jsonClass": "TextRun"}, {"x": 1314, "y": 974, "w": 104, "h": 19, "jsonClass": "TextRun"}, {"x": 1490, "y": 974, "w": 108, "h": 19, "jsonClass": "TextRun"}, {"x": 650, "y": 907, "w": 299, "h": 19, "jsonClass": "TextRun"}, {"x": 131, "y": 974, "w": 318, "h": 19, "jsonClass": "TextRun"}, {"x": 531, "y": 974, "w": 76, "h": 19, "jsonClass": "TextRun"}, {"x": 83, "y": 904, "w": 379, "h": 20, "jsonClass": "TextRun"}, {"x": 111, "y": 928, "w": 282, "h": 22, "jsonClass": "TextRun"}, {"x": 129, "y": 1340, "w": 39, "h": 20, "jsonClass": "TextRun"}, {"x": 247, "y": 1340, "w": 29, "h": 20, "jsonClass": "TextRun"}, {"x": 83, "y": 1259, "w": 399, "h": 19, "jsonClass": "TextRun"}, {"x": 111, "y": 1282, "w": 347, "h": 19, "jsonClass": "TextRun"}, {"x": 111, "y": 1305, "w": 233, "h": 20, "jsonClass": "TextRun"}, {"x": 1331, "y": 1340, "w": 38, "h": 20, "jsonClass": "TextRun"}, {"x": 1447, "y": 1340, "w": 29, "h": 20, "jsonClass": "TextRun"}, {"x": 1283, "y": 1259, "w": 316, "h": 19, "jsonClass": "TextRun"}, {"x": 1317, "y": 1282, "w": 290, "h": 19, "jsonClass": "TextRun"}, {"x": 1317, "y": 1305, "w": 274, "h": 20, "jsonClass": "TextRun"}, {"x": 649, "y": 189, "w": 402, "h": 22, "jsonClass": "TextRun"}, {"x": 950, "y": 1440, "w": 298, "h": 20, "jsonClass": "TextRun"}, {"x": 600, "y": 1440, "w": 212, "h": 20, "jsonClass": "TextRun"}, {"x": 1300, "y": 1440, "w": 263, "h": 20, "jsonClass": "TextRun"}, {"x": 83, "y": 1440, "w": 294, "h": 20, "jsonClass": "TextRun"}, {"x": 83, "y": 1524, "w": 207, "h": 19, "jsonClass": "TextRun"}, {"x": 1150, "y": 1524, "w": 304, "h": 19, "jsonClass": "TextRun"}, {"x": 83, "y": 1945, "w": 628, "h": 20, "jsonClass": "TextRun"}, {"x": 106, "y": 1969, "w": 406, "h": 19, "jsonClass": "TextRun"}, {"x": 83, "y": 1879, "w": 638, "h": 19, "jsonClass": "TextRun"}, {"x": 106, "y": 1902, "w": 205, "h": 19, "jsonClass": "TextRun"}, {"x": 83, "y": 1812, "w": 619, "h": 19, "jsonClass": "TextRun"}, {"x": 106, "y": 1835, "w": 432, "h": 20, "jsonClass": "TextRun"}, {"x": 83, "y": 1745, "w": 645, "h": 20, "jsonClass": "TextRun"}, {"x": 106, "y": 1769, "w": 108, "h": 19, "jsonClass": "TextRun"}, {"x": 83, "y": 1699, "w": 421, "h": 19, "jsonClass": "TextRun"}, {"x": 83, "y": 1649, "w": 482, "h": 19, "jsonClass": "TextRun"}, {"x": 764, "y": 1607, "w": 39, "h": 19, "jsonClass": "TextRun"}, {"x": 835, "y": 1607, "w": 30, "h": 19, "jsonClass": "TextRun"}, {"x": 83, "y": 1608, "w": 203, "h": 19, "jsonClass": "TextRun"}, {"x": 291, "y": 1606, "w": 158, "h": 22, "jsonClass": "TextRun"}, {"x": 900, "y": 1933, "w": 563, "h": 20, "jsonClass": "TextRun"}, {"x": 922, "y": 1956, "w": 478, "h": 19, "jsonClass": "TextRun"}, {"x": 922, "y": 1978, "w": 202, "h": 19, "jsonClass": "TextRun"}, {"x": 900, "y": 1879, "w": 472, "h": 19, "jsonClass": "TextRun"}, {"x": 922, "y": 1902, "w": 374, "h": 19, "jsonClass": "TextRun"}, {"x": 900, "y": 1812, "w": 507, "h": 19, "jsonClass": "TextRun"}, {"x": 914, "y": 1835, "w": 100, "h": 20, "jsonClass": "TextRun"}, {"x": 900, "y": 1745, "w": 567, "h": 20, "jsonClass": "TextRun"}, {"x": 922, "y": 1769, "w": 170, "h": 19, "jsonClass": "TextRun"}, {"x": 900, "y": 1649, "w": 521, "h": 19, "jsonClass": "TextRun"}, {"x": 933, "y": 1699, "w": 440, "h": 19, "jsonClass": "TextRun"}, {"x": 1468, "y": 1691.03125, "w": 20, "h": 24, "jsonClass": "TextRun"}, {"x": 1514, "y": 1607, "w": 39, "h": 19, "jsonClass": "TextRun"}, {"x": 1585, "y": 1607, "w": 30, "h": 19, "jsonClass": "TextRun"}, {"x": 596, "y": 1397, "w": 508, "h": 22, "jsonClass": "TextRun"}], "Field": [{"x": 966.6692913385826, "y": 657, "w": 116.66141732283461, "h": 75.81968503937014, "jsonClass": "Field"}, {"x": 83, "y": 656, "w": 483.4551181102362, "h": 76.81968503937014, "jsonClass": "Field"}, {"x": 1116.6692913385828, "y": 657, "w": 149.99212598425197, "h": 75.81968503937014, "jsonClass": "Field"}, {"x": 83, "y": 822, "w": 483.66929133858275, "h": 78, "jsonClass": "Field"}, {"x": 600, "y": 824, "w": 333.33070866141725, "h": 76, "jsonClass": "Field"}, {"x": 83, "y": 739, "w": 450.33070866141736, "h": 77.66929133858275, "jsonClass": "Field"}, {"x": 83, "y": 306, "w": 750.3307086614174, "h": 77.33858267716539, "jsonClass": "Field"}, {"x": 1300, "y": 657, "w": 316.66929133858275, "h": 75.81968503937014, "jsonClass": "Field"}, {"x": 1116.6692913385828, "y": 824, "w": 150, "h": 76, "jsonClass": "Field"}, {"x": 1300, "y": 824, "w": 316.66929133858275, "h": 76, "jsonClass": "Field"}, {"x": 516.6692913385828, "y": 1260, "w": 733.3307086614172, "h": 123.3385826771655, "jsonClass": "Field"}, {"x": 1266.6692913385825, "y": 574, "w": 350, "h": 74.77165354330702, "jsonClass": "Field"}, {"x": 966.6692913385826, "y": 824, "w": 116.66141732283461, "h": 76, "jsonClass": "Field"}, {"x": 866.6692913385826, "y": 307, "w": 333.33070866141736, "h": 76.3307086614173, "jsonClass": "Field"}, {"x": 83, "y": 574, "w": 267, "h": 74.77165354330702, "jsonClass": "Field"}, {"x": 1233, "y": 307, "w": 383.66929133858275, "h": 76.3307086614173, "jsonClass": "Field"}, {"x": 383, "y": 572, "w": 317, "h": 76.77165354330702, "jsonClass": "Field"}, {"x": 733, "y": 572, "w": 500.3307086614175, "h": 76.77165354330702, "jsonClass": "Field"}, {"x": 600, "y": 657, "w": 333.33070866141725, "h": 75.81968503937014, "jsonClass": "Field"}, {"x": 566.6692913385826, "y": 739, "w": 466.6614173228346, "h": 77.66929133858275, "jsonClass": "Field"}, {"x": 1066.6692913385828, "y": 740, "w": 549.9275590551181, "h": 76.66929133858275, "jsonClass": "Field"}, {"x": 83, "y": 1024, "w": 416.99999999999994, "h": 76, "jsonClass": "Field"}, {"x": 533, "y": 1024, "w": 633.6692913385828, "h": 76, "jsonClass": "Field"}, {"x": 1200, "y": 1024, "w": 416.66929133858275, "h": 76, "jsonClass": "Field"}, {"x": 883, "y": 1113, "w": 733.6614173228347, "h": 137, "jsonClass": "Field"}, {"x": 1365, "y": 390, "w": 253, "h": 148.03125, "jsonClass": "Field"}, {"x": 70.99998161756258, "y": 1104, "w": 345.113347440446, "h": 138.25025430989513, "jsonClass": "Field"}, {"x": 436, "y": 1104, "w": 417, "h": 134.03125, "jsonClass": "Field"}, {"x": 950, "y": 1440, "w": 316.66929133858275, "h": 76.66929133858275, "jsonClass": "Field"}, {"x": 600, "y": 1440, "w": 316.66929133858275, "h": 76.66929133858275, "jsonClass": "Field"}, {"x": 1300, "y": 1440, "w": 316.66929133858275, "h": 76.66929133858275, "jsonClass": "Field"}, {"x": 83, "y": 1440, "w": 483.66929133858275, "h": 76.66929133858275, "jsonClass": "Field"}, {"x": 83, "y": 1524, "w": 1033.6692913385828, "h": 76, "jsonClass": "Field"}, {"x": 1150, "y": 1524, "w": 466.669291338583, "h": 76, "jsonClass": "Field"}, {"x": 933, "y": 1683.3307086614172, "w": 555, "h": 34.66929133858275, "jsonClass": "Field"}, {"x": 91.21417322834645, "y": 454.155905511811, "w": 98.78582677165355, "h": 25, "jsonClass": "ChoiceField"}, {"x": 91.21417322834645, "y": 504.15590551181106, "w": 122.78582677165355, "h": 25, "jsonClass": "ChoiceField"}, {"x": 257.87480314960635, "y": 454.155905511811, "w": 98.12519685039365, "h": 25, "jsonClass": "ChoiceField"}, {"x": 257.87480314960635, "y": 504.15590551181106, "w": 122.12519685039365, "h": 25, "jsonClass": "ChoiceField"}, {"x": 507.87480314960635, "y": 454.155905511811, "w": 84.12519685039365, "h": 25, "jsonClass": "ChoiceField"}, {"x": 507.87480314960635, "y": 504.15590551181106, "w": 74.12519685039365, "h": 25, "jsonClass": "ChoiceField"}, {"x": 774.5448818897638, "y": 454.16141732283467, "w": 103.45511811023619, "h": 25, "jsonClass": "ChoiceField"}, {"x": 907.8748031496064, "y": 454.155905511811, "w": 412.12519685039365, "h": 25, "jsonClass": "ChoiceField"}, {"x": 774.5448818897638, "y": 487.4944881889764, "w": 340.4551181102362, "h": 25.000000000000057, "jsonClass": "ChoiceField"}, {"x": 774.5448818897638, "y": 520.8251968503937, "w": 501.4551181102362, "h": 25, "jsonClass": "ChoiceField"}, {"x": 1162.0472440944884, "y": 487.4944881889764, "w": 106.9527559055116, "h": 25.000000000000057, "jsonClass": "ChoiceField"}, {"x": 657.8748031496064, "y": 970.8330708661417, "w": 134.12519685039365, "h": 25, "jsonClass": "ChoiceField"}, {"x": 824.5448818897638, "y": 970.8330708661417, "w": 203.45511811023619, "h": 25, "jsonClass": "ChoiceField"}, {"x": 1074.5448818897637, "y": 970.8330708661417, "w": 160.4551181102363, "h": 25, "jsonClass": "ChoiceField"}, {"x": 1274.5448818897637, "y": 970.8330708661417, "w": 143.4551181102363, "h": 25, "jsonClass": "ChoiceField"}, {"x": 1457.8748031496064, "y": 970.8330708661417, "w": 140.12519685039365, "h": 25, "jsonClass": "ChoiceField"}, {"x": 91.21417322834645, "y": 970.8330708661417, "w": 357.78582677165355, "h": 25, "jsonClass": "ChoiceField"}, {"x": 491.20551181102365, "y": 970.8330708661417, "w": 115.79448818897635, "h": 25, "jsonClass": "ChoiceField"}, {"x": 91.20551181102363, "y": 1337.4944881889762, "w": 76.79448818897637, "h": 25, "jsonClass": "ChoiceField"}, {"x": 207.8748031496063, "y": 1337.4944881889762, "w": 68.1251968503937, "h": 25, "jsonClass": "ChoiceField"}, {"x": 1291.2055118110238, "y": 1337.4944881889762, "w": 77.79448818897617, "h": 25, "jsonClass": "ChoiceField"}, {"x": 1407.8748031496061, "y": 1337.5023622047245, "w": 68.12519685039388, "h": 25, "jsonClass": "ChoiceField"}], "Widget": [{"x": 966.6692913385826, "y": 683.3307086614174, "w": 116.66141732283465, "h": 49.48897637795276, "jsonClass": "Widget"}, {"x": 83.32204724409448, "y": 683.3307086614174, "w": 483.13307086614174, "h": 49.48897637795276, "jsonClass": "Widget"}, {"x": 1116.6692913385828, "y": 683.3307086614174, "w": 149.99212598425197, "h": 49.48897637795276, "jsonClass": "Widget"}, {"x": 83.33858267716535, "y": 850, "w": 483.33070866141736, "h": 50, "jsonClass": "Widget"}, {"x": 600, "y": 850, "w": 333.3307086614173, "h": 50, "jsonClass": "Widget"}, {"x": 83.33070866141733, "y": 766.6692913385828, "w": 450, "h": 50, "jsonClass": "Widget"}, {"x": 83.33070866141733, "y": 333.3385826771654, "w": 750, "h": 50, "jsonClass": "Widget"}, {"x": 1300, "y": 683.3307086614174, "w": 316.6692913385827, "h": 49.48897637795276, "jsonClass": "Widget"}, {"x": 1116.6692913385828, "y": 850, "w": 150, "h": 50, "jsonClass": "Widget"}, {"x": 1300, "y": 850, "w": 316.6692913385827, "h": 50, "jsonClass": "Widget"}, {"x": 516.6692913385828, "y": 1316.6692913385828, "w": 733.3307086614174, "h": 66.66929133858268, "jsonClass": "Widget"}, {"x": 1266.6692913385825, "y": 600.0858267716535, "w": 350.00000000000006, "h": 48.68582677165354, "jsonClass": "Widget"}, {"x": 966.6692913385826, "y": 850, "w": 116.66141732283465, "h": 50, "jsonClass": "Widget"}, {"x": 866.6692913385826, "y": 333.3307086614173, "w": 333.3307086614173, "h": 50, "jsonClass": "Widget"}, {"x": 83.33070866141733, "y": 600.0858267716535, "w": 266.66929133858264, "h": 48.68582677165354, "jsonClass": "Widget"}, {"x": 1233.3307086614175, "y": 333.3307086614173, "w": 383.33858267716533, "h": 50, "jsonClass": "Widget"}, {"x": 383.33858267716533, "y": 600.0858267716535, "w": 316.66141732283467, "h": 48.68582677165354, "jsonClass": "Widget"}, {"x": 733.3385826771654, "y": 600.0858267716535, "w": 499.992125984252, "h": 48.68582677165354, "jsonClass": "Widget"}, {"x": 600, "y": 683.3307086614174, "w": 333.3307086614173, "h": 49.48897637795276, "jsonClass": "Widget"}, {"x": 566.6692913385826, "y": 766.6692913385828, "w": 466.66141732283467, "h": 50, "jsonClass": "Widget"}, {"x": 1066.6692913385828, "y": 766.6692913385828, "w": 549.9275590551181, "h": 50, "jsonClass": "Widget"}, {"x": 83.33858267716535, "y": 1050, "w": 416.6614173228346, "h": 50, "jsonClass": "Widget"}, {"x": 533.3385826771653, "y": 1050, "w": 633.3307086614174, "h": 50, "jsonClass": "Widget"}, {"x": 1200, "y": 1050, "w": 416.6692913385827, "h": 50, "jsonClass": "Widget"}, {"x": 883.3307086614174, "y": 1216.6692913385828, "w": 733.3307086614174, "h": 33.33070866141732, "jsonClass": "Widget"}, {"x": 1365, "y": 419.03125, "w": 253, "h": 119, "jsonClass": "Widget"}, {"x": 70.99998161756258, "y": 1156.0312713069698, "w": 345.113347440446, "h": 86.21898300292533, "jsonClass": "Widget"}, {"x": 436, "y": 1153.03125, "w": 417, "h": 85, "jsonClass": "Widget"}, {"x": 91.21417322834645, "y": 454.155905511811, "w": 25, "h": 25, "jsonClass": "Widget"}, {"x": 91.21417322834645, "y": 504.15590551181106, "w": 25, "h": 25, "jsonClass": "Widget"}, {"x": 257.87480314960635, "y": 454.155905511811, "w": 25, "h": 25, "jsonClass": "Widget"}, {"x": 257.87480314960635, "y": 504.15590551181106, "w": 25, "h": 25, "jsonClass": "Widget"}, {"x": 507.87480314960635, "y": 454.155905511811, "w": 25, "h": 25, "jsonClass": "Widget"}, {"x": 507.87480314960635, "y": 504.15590551181106, "w": 25, "h": 25, "jsonClass": "Widget"}, {"x": 774.5448818897638, "y": 454.16141732283467, "w": 25, "h": 25, "jsonClass": "Widget"}, {"x": 907.8748031496064, "y": 454.155905511811, "w": 25, "h": 25, "jsonClass": "Widget"}, {"x": 774.5448818897638, "y": 487.4944881889764, "w": 25, "h": 25, "jsonClass": "Widget"}, {"x": 774.5448818897638, "y": 520.8251968503937, "w": 25, "h": 25, "jsonClass": "Widget"}, {"x": 1162.0472440944884, "y": 487.4944881889764, "w": 25, "h": 25, "jsonClass": "Widget"}, {"x": 657.8748031496064, "y": 970.8330708661417, "w": 25, "h": 25, "jsonClass": "Widget"}, {"x": 824.5448818897638, "y": 970.8330708661417, "w": 25, "h": 25, "jsonClass": "Widget"}, {"x": 1074.5448818897637, "y": 970.8330708661417, "w": 25, "h": 25, "jsonClass": "Widget"}, {"x": 1274.5448818897637, "y": 970.8330708661417, "w": 25, "h": 25, "jsonClass": "Widget"}, {"x": 1457.8748031496064, "y": 970.8330708661417, "w": 25, "h": 25, "jsonClass": "Widget"}, {"x": 91.21417322834645, "y": 970.8330708661417, "w": 25, "h": 25, "jsonClass": "Widget"}, {"x": 491.20551181102365, "y": 970.8330708661417, "w": 25, "h": 25, "jsonClass": "Widget"}, {"x": 91.20551181102363, "y": 1337.4944881889762, "w": 25, "h": 25, "jsonClass": "Widget"}, {"x": 207.8748031496063, "y": 1337.4944881889762, "w": 25, "h": 25, "jsonClass": "Widget"}, {"x": 1291.2055118110238, "y": 1337.4944881889762, "w": 25, "h": 25, "jsonClass": "Widget"}, {"x": 1407.8748031496061, "y": 1337.5023622047245, "w": 25, "h": 25, "jsonClass": "Widget"}, {"x": 950.0000000000001, "y": 1466.6692913385828, "w": 316.6692913385827, "h": 50, "jsonClass": "Widget"}, {"x": 600, "y": 1466.6692913385828, "w": 316.6692913385827, "h": 50, "jsonClass": "Widget"}, {"x": 1300, "y": 1466.6692913385828, "w": 316.6692913385827, "h": 50, "jsonClass": "Widget"}, {"x": 83.33070866141733, "y": 1466.6692913385828, "w": 483.3385826771654, "h": 50, "jsonClass": "Widget"}, {"x": 83.33070866141733, "y": 1550, "w": 1033.3385826771655, "h": 50, "jsonClass": "Widget"}, {"x": 1150.0000000000002, "y": 1550, "w": 466.6692913385827, "h": 50, "jsonClass": "Widget"}, {"x": 837.4976377952756, "y": 1952.7834645669293, "w": 27.777952755905513, "h": 27.777952755905513, "jsonClass": "Widget"}, {"x": 770.8275590551182, "y": 1952.7834645669293, "w": 27.777952755905513, "h": 27.777952755905513, "jsonClass": "Widget"}, {"x": 770.8275590551182, "y": 1886.1141732283463, "w": 27.777952755905513, "h": 27.777952755905513, "jsonClass": "Widget"}, {"x": 837.4976377952756, "y": 1886.1141732283463, "w": 27.777952755905513, "h": 27.777952755905513, "jsonClass": "Widget"}, {"x": 770.8275590551182, "y": 1819.444094488189, "w": 27.777952755905513, "h": 27.777952755905513, "jsonClass": "Widget"}, {"x": 837.4976377952756, "y": 1819.444094488189, "w": 27.777952755905513, "h": 27.777952755905513, "jsonClass": "Widget"}, {"x": 837.4976377952756, "y": 1752.7748031496062, "w": 27.777952755905513, "h": 27.777952755905513, "jsonClass": "Widget"}, {"x": 770.8275590551182, "y": 1752.7748031496062, "w": 27.777952755905513, "h": 27.777952755905513, "jsonClass": "Widget"}, {"x": 837.4976377952756, "y": 1694.4503937007873, "w": 27.777952755905513, "h": 27.777952755905513, "jsonClass": "Widget"}, {"x": 770.8275590551182, "y": 1694.4503937007873, "w": 27.777952755905513, "h": 27.777952755905513, "jsonClass": "Widget"}, {"x": 837.4976377952756, "y": 1644.4417322834645, "w": 27.777952755905513, "h": 27.777952755905513, "jsonClass": "Widget"}, {"x": 770.8275590551182, "y": 1644.4417322834645, "w": 27.777952755905513, "h": 27.777952755905513, "jsonClass": "Widget"}, {"x": 1520.836220472441, "y": 1952.7834645669293, "w": 27.777952755905513, "h": 27.777952755905513, "jsonClass": "Widget"}, {"x": 1587.4976377952758, "y": 1952.7834645669293, "w": 27.777952755905513, "h": 27.777952755905513, "jsonClass": "Widget"}, {"x": 1520.836220472441, "y": 1886.1141732283463, "w": 27.777952755905513, "h": 27.777952755905513, "jsonClass": "Widget"}, {"x": 1587.4976377952758, "y": 1886.1141732283463, "w": 27.777952755905513, "h": 27.777952755905513, "jsonClass": "Widget"}, {"x": 1587.4976377952758, "y": 1819.444094488189, "w": 27.777952755905513, "h": 27.777952755905513, "jsonClass": "Widget"}, {"x": 1520.836220472441, "y": 1819.444094488189, "w": 27.777952755905513, "h": 27.777952755905513, "jsonClass": "Widget"}, {"x": 1587.4976377952758, "y": 1752.7748031496062, "w": 27.777952755905513, "h": 27.777952755905513, "jsonClass": "Widget"}, {"x": 1520.836220472441, "y": 1752.7748031496062, "w": 27.777952755905513, "h": 27.777952755905513, "jsonClass": "Widget"}, {"x": 1587.4976377952758, "y": 1644.4417322834645, "w": 27.777952755905513, "h": 27.777952755905513, "jsonClass": "Widget"}, {"x": 1520.836220472441, "y": 1644.4417322834645, "w": 27.777952755905513, "h": 27.777952755905513, "jsonClass": "Widget"}, {"x": 1383.3307086614172, "y": 1683.3307086614172, "w": 83.33858267716535, "h": 33.33070866141732, "jsonClass": "Widget"}], "ChoiceGroup": [{"x": 72, "y": 382.03125, "w": 154, "h": 159, "jsonClass": "ChoiceGroup"}, {"x": 238, "y": 385.03125, "w": 228, "h": 156, "jsonClass": "ChoiceGroup"}, {"x": 493, "y": 386.03125, "w": 246, "h": 158, "jsonClass": "ChoiceGroup"}, {"x": 759, "y": 385.03125, "w": 567, "h": 166, "jsonClass": "ChoiceGroup"}, {"x": 637, "y": 899.03125, "w": 971, "h": 105, "jsonClass": "ChoiceGroup"}, {"x": 70, "y": 902.03125, "w": 552, "h": 99, "jsonClass": "ChoiceGroup"}, {"x": 73, "y": 1252.03125, "w": 413, "h": 118, "jsonClass": "ChoiceGroup"}, {"x": 1275, "y": 1255.03125, "w": 339, "h": 120, "jsonClass": "ChoiceGroup"}], "ChoiceField": [{"x": 91.21417322834645, "y": 454.155905511811, "w": 98.78582677165355, "h": 25, "jsonClass": "ChoiceField"}, {"x": 91.21417322834645, "y": 504.15590551181106, "w": 122.78582677165355, "h": 25, "jsonClass": "ChoiceField"}, {"x": 257.87480314960635, "y": 454.155905511811, "w": 98.12519685039365, "h": 25, "jsonClass": "ChoiceField"}, {"x": 257.87480314960635, "y": 504.15590551181106, "w": 122.12519685039365, "h": 25, "jsonClass": "ChoiceField"}, {"x": 507.87480314960635, "y": 454.155905511811, "w": 84.12519685039365, "h": 25, "jsonClass": "ChoiceField"}, {"x": 507.87480314960635, "y": 504.15590551181106, "w": 74.12519685039365, "h": 25, "jsonClass": "ChoiceField"}, {"x": 774.5448818897638, "y": 454.16141732283467, "w": 103.45511811023619, "h": 25, "jsonClass": "ChoiceField"}, {"x": 907.8748031496064, "y": 454.155905511811, "w": 412.12519685039365, "h": 25, "jsonClass": "ChoiceField"}, {"x": 774.5448818897638, "y": 487.4944881889764, "w": 340.4551181102362, "h": 25.000000000000057, "jsonClass": "ChoiceField"}, {"x": 774.5448818897638, "y": 520.8251968503937, "w": 501.4551181102362, "h": 25, "jsonClass": "ChoiceField"}, {"x": 1162.0472440944884, "y": 487.4944881889764, "w": 106.9527559055116, "h": 25.000000000000057, "jsonClass": "ChoiceField"}, {"x": 657.8748031496064, "y": 970.8330708661417, "w": 134.12519685039365, "h": 25, "jsonClass": "ChoiceField"}, {"x": 824.5448818897638, "y": 970.8330708661417, "w": 203.45511811023619, "h": 25, "jsonClass": "ChoiceField"}, {"x": 1074.5448818897637, "y": 970.8330708661417, "w": 160.4551181102363, "h": 25, "jsonClass": "ChoiceField"}, {"x": 1274.5448818897637, "y": 970.8330708661417, "w": 143.4551181102363, "h": 25, "jsonClass": "ChoiceField"}, {"x": 1457.8748031496064, "y": 970.8330708661417, "w": 140.12519685039365, "h": 25, "jsonClass": "ChoiceField"}, {"x": 91.21417322834645, "y": 970.8330708661417, "w": 357.78582677165355, "h": 25, "jsonClass": "ChoiceField"}, {"x": 491.20551181102365, "y": 970.8330708661417, "w": 115.79448818897635, "h": 25, "jsonClass": "ChoiceField"}, {"x": 91.20551181102363, "y": 1337.4944881889762, "w": 76.79448818897637, "h": 25, "jsonClass": "ChoiceField"}, {"x": 207.8748031496063, "y": 1337.4944881889762, "w": 68.1251968503937, "h": 25, "jsonClass": "ChoiceField"}, {"x": 1291.2055118110238, "y": 1337.4944881889762, "w": 77.79448818897617, "h": 25, "jsonClass": "ChoiceField"}, {"x": 1407.8748031496061, "y": 1337.5023622047245, "w": 68.12519685039388, "h": 25, "jsonClass": "ChoiceField"}], "ChoiceGroupTitle": [{"x": 83, "y": 390, "w": 143, "h": 20, "jsonClass": "ChoiceGroupTitle"}, {"x": 250, "y": 391, "w": 211, "h": 42, "jsonClass": "ChoiceGroupTitle"}, {"x": 500, "y": 391, "w": 232, "h": 42, "jsonClass": "ChoiceGroupTitle"}, {"x": 767, "y": 388, "w": 526, "h": 45, "jsonClass": "ChoiceGroupTitle"}, {"x": 650, "y": 907, "w": 299, "h": 19, "jsonClass": "ChoiceGroupTitle"}, {"x": 83, "y": 904, "w": 379, "h": 46, "jsonClass": "ChoiceGroupTitle"}, {"x": 83, "y": 1259, "w": 399, "h": 66, "jsonClass": "ChoiceGroupTitle"}, {"x": 1283, "y": 1259, "w": 324, "h": 66, "jsonClass": "ChoiceGroupTitle"}], "Table": [{"x": 66, "y": 1598.03125, "w": 813, "h": 401, "jsonClass": "Table"}, {"x": 882.004053327451, "y": 1600.03125, "w": 747.9311037175623, "h": 399, "jsonClass": "Table"}]}