{"TextBlock": [{"x": 171, "y": 1366, "w": 1365, "h": 55, "jsonClass": "TextBlock"}, {"x": 84, "y": 1894, "w": 1534, "h": 55, "jsonClass": "TextBlock"}, {"x": 1316, "y": 1460, "w": 304, "h": 33, "jsonClass": "TextBlock"}, {"x": 91, "y": 1460, "w": 411, "h": 61, "jsonClass": "TextBlock"}, {"x": 84, "y": 1551, "w": 20, "h": 24, "jsonClass": "TextBlock"}, {"x": 120, "y": 1554, "w": 994, "h": 22, "jsonClass": "TextBlock"}, {"x": 1139, "y": 1554, "w": 18, "h": 22, "jsonClass": "TextBlock"}, {"x": 88, "y": 1603, "w": 14, "h": 24, "jsonClass": "TextBlock"}, {"x": 110, "y": 1606, "w": 1012.0579710144928, "h": 22, "jsonClass": "TextBlock"}, {"x": 1139, "y": 1606, "w": 36, "h": 22, "jsonClass": "TextBlock"}, {"x": 84, "y": 1651, "w": 20, "h": 26, "jsonClass": "TextBlock"}, {"x": 114, "y": 1658, "w": 1012.0692974013473, "h": 21, "jsonClass": "TextBlock"}, {"x": 1139, "y": 1658, "w": 36, "h": 22, "jsonClass": "TextBlock"}, {"x": 84, "y": 1689, "w": 109.29184549356225, "h": 22, "jsonClass": "TextBlock"}, {"x": 564, "y": 1689, "w": 104, "h": 22, "jsonClass": "TextBlock"}, {"x": 1124, "y": 1689, "w": 232, "h": 22, "jsonClass": "TextBlock"}, {"x": 1124, "y": 1755, "w": 448, "h": 44, "jsonClass": "TextBlock"}, {"x": 506, "y": 1685, "w": 42, "h": 28, "jsonClass": "TextBlock"}, {"x": 84, "y": 1756, "w": 769, "h": 22, "jsonClass": "TextBlock"}, {"x": 84, "y": 1822, "w": 91, "h": 22, "jsonClass": "TextBlock"}, {"x": 865, "y": 1822, "w": 52, "h": 22, "jsonClass": "TextBlock"}, {"x": 963, "y": 1822, "w": 89, "h": 22, "jsonClass": "TextBlock"}, {"x": 1124, "y": 1964, "w": 53, "h": 25, "jsonClass": "TextBlock"}, {"x": 84, "y": 1963, "w": 198, "h": 25, "jsonClass": "TextBlock"}, {"x": 176, "y": 268, "w": 1443, "h": 85, "jsonClass": "TextBlock"}, {"x": 866, "y": 441, "w": 14, "h": 28, "jsonClass": "TextBlock"}, {"x": 886, "y": 440, "w": 708.0619834710742, "h": 53, "jsonClass": "TextBlock"}, {"x": 864, "y": 499, "w": 18, "h": 20, "jsonClass": "TextBlock"}, {"x": 884, "y": 500, "w": 689.0553191489362, "h": 25, "jsonClass": "TextBlock"}, {"x": 858, "y": 529, "w": 24, "h": 26, "jsonClass": "TextBlock"}, {"x": 886, "y": 532, "w": 495, "h": 26, "jsonClass": "TextBlock"}, {"x": 92, "y": 475, "w": 22, "h": 22, "jsonClass": "TextBlock"}, {"x": 120, "y": 477, "w": 626.0879629629629, "h": 25, "jsonClass": "TextBlock"}, {"x": 99, "y": 510, "w": 9.680000000000001, "h": 25, "jsonClass": "TextBlock"}, {"x": 112, "y": 510, "w": 681.9510385756677, "h": 53, "jsonClass": "TextBlock"}, {"x": 762, "y": 1027, "w": 42, "h": 32, "jsonClass": "TextBlock"}, {"x": 112, "y": 1023, "w": 625, "h": 53, "jsonClass": "TextBlock"}, {"x": 770, "y": 951, "w": 30, "h": 36, "jsonClass": "TextBlock"}, {"x": 112, "y": 933, "w": 560, "h": 80, "jsonClass": "TextBlock"}, {"x": 112, "y": 843, "w": 619.1037037037038, "h": 80, "jsonClass": "TextBlock"}, {"x": 760, "y": 863, "w": 42, "h": 34, "jsonClass": "TextBlock"}, {"x": 112, "y": 734, "w": 623.7083333333334, "h": 100, "jsonClass": "TextBlock"}, {"x": 770, "y": 763, "w": 34, "h": 46, "jsonClass": "TextBlock"}, {"x": 768, "y": 651, "w": 28, "h": 38, "jsonClass": "TextBlock"}, {"x": 112, "y": 639, "w": 590, "h": 81, "jsonClass": "TextBlock"}, {"x": 340, "y": 595, "w": 251, "h": 25, "jsonClass": "TextBlock"}, {"x": 747, "y": 593, "w": 79, "h": 29, "jsonClass": "TextBlock"}, {"x": 112, "y": 1268, "w": 625, "h": 53, "jsonClass": "TextBlock"}, {"x": 760, "y": 1275, "w": 40, "h": 40, "jsonClass": "TextBlock"}, {"x": 772, "y": 1219, "w": 26, "h": 26, "jsonClass": "TextBlock"}, {"x": 112, "y": 1207, "w": 503, "h": 53, "jsonClass": "TextBlock"}, {"x": 762, "y": 1151, "w": 38, "h": 30, "jsonClass": "TextBlock"}, {"x": 112, "y": 1141, "w": 623.2642487046633, "h": 53, "jsonClass": "TextBlock"}, {"x": 747, "y": 1099, "w": 79, "h": 30, "jsonClass": "TextBlock"}, {"x": 162, "y": 1102, "w": 517, "h": 25, "jsonClass": "TextBlock"}, {"x": 882, "y": 1027, "w": 625, "h": 53, "jsonClass": "TextBlock"}, {"x": 1538, "y": 1037, "w": 36, "h": 30, "jsonClass": "TextBlock"}, {"x": 1544, "y": 973, "w": 26, "h": 32, "jsonClass": "TextBlock"}, {"x": 882, "y": 962, "w": 496, "h": 53, "jsonClass": "TextBlock"}, {"x": 1542, "y": 909, "w": 28, "h": 30, "jsonClass": "TextBlock"}, {"x": 882, "y": 896, "w": 617.3575129533679, "h": 53, "jsonClass": "TextBlock"}, {"x": 1523, "y": 848, "w": 78, "h": 30, "jsonClass": "TextBlock"}, {"x": 1157, "y": 848, "w": 75, "h": 25, "jsonClass": "TextBlock"}, {"x": 1536, "y": 779, "w": 36, "h": 26, "jsonClass": "TextBlock"}, {"x": 882, "y": 769, "w": 544, "h": 52, "jsonClass": "TextBlock"}, {"x": 882, "y": 704, "w": 503, "h": 52, "jsonClass": "TextBlock"}, {"x": 1540, "y": 719, "w": 40, "h": 30, "jsonClass": "TextBlock"}, {"x": 1538, "y": 653, "w": 34, "h": 28, "jsonClass": "TextBlock"}, {"x": 882, "y": 637, "w": 629.1709844559587, "h": 53, "jsonClass": "TextBlock"}, {"x": 1089, "y": 595, "w": 297, "h": 25, "jsonClass": "TextBlock"}, {"x": 1523, "y": 593, "w": 78, "h": 29, "jsonClass": "TextBlock"}, {"x": 1540, "y": 1287, "w": 30, "h": 20, "jsonClass": "TextBlock"}, {"x": 882, "y": 1272, "w": 625, "h": 53, "jsonClass": "TextBlock"}, {"x": 882, "y": 1207, "w": 496, "h": 53, "jsonClass": "TextBlock"}, {"x": 1548, "y": 1215, "w": 16, "h": 32, "jsonClass": "TextBlock"}, {"x": 882, "y": 1141, "w": 629.1709844559587, "h": 53, "jsonClass": "TextBlock"}, {"x": 1544, "y": 1153, "w": 30, "h": 32, "jsonClass": "TextBlock"}, {"x": 1081, "y": 1101, "w": 227, "h": 25, "jsonClass": "TextBlock"}, {"x": 1523, "y": 1099, "w": 78, "h": 30, "jsonClass": "TextBlock"}, {"x": 1286, "y": 110, "w": 331, "h": 28, "jsonClass": "TextBlock"}, {"x": 459, "y": 157, "w": 834, "h": 30, "jsonClass": "TextBlock"}, {"x": 117, "y": 170, "w": 122, "h": 22, "jsonClass": "TextBlock"}, {"x": 117, "y": 110, "w": 327, "h": 47, "jsonClass": "TextBlock"}, {"x": 648, "y": 1460, "w": 394, "h": 61, "jsonClass": "SectionTitle"}, {"x": 101, "y": 440, "w": 222, "h": 25, "jsonClass": "SectionTitle"}, {"x": 727, "y": 106, "w": 294, "h": 44, "jsonClass": "HeaderTitle"}], "TextRun": [{"x": 171, "y": 1366, "w": 1365, "h": 25, "jsonClass": "TextRun"}, {"x": 572, "y": 1396, "w": 556, "h": 25, "jsonClass": "TextRun"}, {"x": 84, "y": 1894, "w": 151, "h": 25, "jsonClass": "TextRun"}, {"x": 235, "y": 1894, "w": 1383, "h": 25, "jsonClass": "TextRun"}, {"x": 84, "y": 1924, "w": 1516, "h": 25, "jsonClass": "TextRun"}, {"x": 1316, "y": 1460, "w": 304, "h": 33, "jsonClass": "TextRun"}, {"x": 91, "y": 1460, "w": 411, "h": 27, "jsonClass": "TextRun"}, {"x": 91, "y": 1493, "w": 250, "h": 28, "jsonClass": "TextRun"}, {"x": 84, "y": 1551, "w": 20, "h": 24, "jsonClass": "TextRun"}, {"x": 120, "y": 1554, "w": 235.2109375, "h": 22, "jsonClass": "TextRun"}, {"x": 361, "y": 1554, "w": 171, "h": 22, "jsonClass": "TextRun"}, {"x": 532, "y": 1554, "w": 582, "h": 22, "jsonClass": "TextRun"}, {"x": 1139, "y": 1554, "w": 18, "h": 22, "jsonClass": "TextRun"}, {"x": 88, "y": 1603, "w": 14, "h": 24, "jsonClass": "TextRun"}, {"x": 110, "y": 1606, "w": 1012.0579710144928, "h": 22, "jsonClass": "TextRun"}, {"x": 1139, "y": 1606, "w": 36, "h": 22, "jsonClass": "TextRun"}, {"x": 84, "y": 1651, "w": 20, "h": 26, "jsonClass": "TextRun"}, {"x": 114, "y": 1658, "w": 1012.0692974013474, "h": 21, "jsonClass": "TextRun"}, {"x": 1139, "y": 1658, "w": 36, "h": 22, "jsonClass": "TextRun"}, {"x": 84, "y": 1689, "w": 109.29184549356225, "h": 22, "jsonClass": "TextRun"}, {"x": 564, "y": 1689, "w": 104, "h": 22, "jsonClass": "TextRun"}, {"x": 1124, "y": 1689, "w": 232, "h": 22, "jsonClass": "TextRun"}, {"x": 1124, "y": 1755, "w": 448, "h": 22, "jsonClass": "TextRun"}, {"x": 1124, "y": 1777, "w": 267, "h": 22, "jsonClass": "TextRun"}, {"x": 506, "y": 1685, "w": 42, "h": 28, "jsonClass": "TextRun"}, {"x": 84, "y": 1756, "w": 769, "h": 22, "jsonClass": "TextRun"}, {"x": 84, "y": 1822, "w": 91, "h": 22, "jsonClass": "TextRun"}, {"x": 865, "y": 1822, "w": 52, "h": 22, "jsonClass": "TextRun"}, {"x": 963, "y": 1822, "w": 89, "h": 22, "jsonClass": "TextRun"}, {"x": 1124, "y": 1964, "w": 53, "h": 25, "jsonClass": "TextRun"}, {"x": 84, "y": 1963, "w": 198, "h": 25, "jsonClass": "TextRun"}, {"x": 671, "y": 1460, "w": 356, "h": 27, "jsonClass": "TextRun"}, {"x": 648, "y": 1493, "w": 394, "h": 28, "jsonClass": "TextRun"}, {"x": 176, "y": 268, "w": 358, "h": 25, "jsonClass": "TextRun"}, {"x": 534, "y": 268, "w": 1085, "h": 25, "jsonClass": "TextRun"}, {"x": 188, "y": 298, "w": 1415, "h": 25, "jsonClass": "TextRun"}, {"x": 616, "y": 328, "w": 559, "h": 25, "jsonClass": "TextRun"}, {"x": 866, "y": 441, "w": 14, "h": 28, "jsonClass": "TextRun"}, {"x": 886, "y": 440, "w": 708.0619834710743, "h": 25, "jsonClass": "TextRun"}, {"x": 887, "y": 468, "w": 391, "h": 25, "jsonClass": "TextRun"}, {"x": 864, "y": 499, "w": 18, "h": 20, "jsonClass": "TextRun"}, {"x": 884, "y": 500, "w": 689.0553191489361, "h": 25, "jsonClass": "TextRun"}, {"x": 858, "y": 529, "w": 24, "h": 26, "jsonClass": "TextRun"}, {"x": 886, "y": 533, "w": 109.35433070866141, "h": 25, "jsonClass": "TextRun"}, {"x": 995, "y": 532, "w": 197, "h": 25, "jsonClass": "TextRun"}, {"x": 1192, "y": 533, "w": 189, "h": 25, "jsonClass": "TextRun"}, {"x": 92, "y": 475, "w": 22, "h": 22, "jsonClass": "TextRun"}, {"x": 120, "y": 477, "w": 626.0879629629629, "h": 25, "jsonClass": "TextRun"}, {"x": 99, "y": 510, "w": 9.680000000000001, "h": 25, "jsonClass": "TextRun"}, {"x": 112, "y": 510, "w": 681.9510385756677, "h": 25, "jsonClass": "TextRun"}, {"x": 117, "y": 538, "w": 537, "h": 25, "jsonClass": "TextRun"}, {"x": 101, "y": 440, "w": 72, "h": 25, "jsonClass": "TextRun"}, {"x": 173, "y": 440, "w": 150, "h": 25, "jsonClass": "TextRun"}, {"x": 762, "y": 1027, "w": 42, "h": 32, "jsonClass": "TextRun"}, {"x": 112, "y": 1023, "w": 625, "h": 25, "jsonClass": "TextRun"}, {"x": 112, "y": 1051, "w": 232, "h": 25, "jsonClass": "TextRun"}, {"x": 770, "y": 951, "w": 30, "h": 36, "jsonClass": "TextRun"}, {"x": 112, "y": 933, "w": 127, "h": 25, "jsonClass": "TextRun"}, {"x": 239, "y": 933, "w": 43, "h": 25, "jsonClass": "TextRun"}, {"x": 282, "y": 933, "w": 390, "h": 25, "jsonClass": "TextRun"}, {"x": 112, "y": 960, "w": 536, "h": 25, "jsonClass": "TextRun"}, {"x": 112, "y": 988, "w": 84, "h": 25, "jsonClass": "TextRun"}, {"x": 196, "y": 988, "w": 174, "h": 25, "jsonClass": "TextRun"}, {"x": 112, "y": 843, "w": 127, "h": 25, "jsonClass": "TextRun"}, {"x": 239, "y": 843, "w": 59, "h": 25, "jsonClass": "TextRun"}, {"x": 305, "y": 843, "w": 38, "h": 25, "jsonClass": "TextRun"}, {"x": 343, "y": 843, "w": 388.1037037037038, "h": 25, "jsonClass": "TextRun"}, {"x": 112, "y": 870, "w": 585, "h": 25, "jsonClass": "TextRun"}, {"x": 112, "y": 898, "w": 84, "h": 25, "jsonClass": "TextRun"}, {"x": 196, "y": 898, "w": 160, "h": 25, "jsonClass": "TextRun"}, {"x": 760, "y": 863, "w": 42, "h": 34, "jsonClass": "TextRun"}, {"x": 112, "y": 734, "w": 127, "h": 25, "jsonClass": "TextRun"}, {"x": 239, "y": 734, "w": 43, "h": 25, "jsonClass": "TextRun"}, {"x": 282, "y": 734, "w": 433, "h": 25, "jsonClass": "TextRun"}, {"x": 112, "y": 759, "w": 486, "h": 25, "jsonClass": "TextRun"}, {"x": 598, "y": 759, "w": 85, "h": 25, "jsonClass": "TextRun"}, {"x": 683, "y": 759, "w": 52.70833333333333, "h": 25, "jsonClass": "TextRun"}, {"x": 112, "y": 784, "w": 547, "h": 25, "jsonClass": "TextRun"}, {"x": 659, "y": 784, "w": 76.3956043956044, "h": 25, "jsonClass": "TextRun"}, {"x": 112, "y": 809, "w": 209, "h": 25, "jsonClass": "TextRun"}, {"x": 321, "y": 809, "w": 100, "h": 25, "jsonClass": "TextRun"}, {"x": 770, "y": 763, "w": 34, "h": 46, "jsonClass": "TextRun"}, {"x": 768, "y": 651, "w": 28, "h": 38, "jsonClass": "TextRun"}, {"x": 112, "y": 639, "w": 535, "h": 25, "jsonClass": "TextRun"}, {"x": 647, "y": 639, "w": 55, "h": 25, "jsonClass": "TextRun"}, {"x": 112, "y": 667, "w": 518, "h": 25, "jsonClass": "TextRun"}, {"x": 112, "y": 695, "w": 120, "h": 25, "jsonClass": "TextRun"}, {"x": 340, "y": 595, "w": 251, "h": 25, "jsonClass": "TextRun"}, {"x": 747, "y": 593, "w": 79, "h": 13, "jsonClass": "TextRun"}, {"x": 769, "y": 609, "w": 33, "h": 13, "jsonClass": "TextRun"}, {"x": 112, "y": 1268, "w": 625, "h": 25, "jsonClass": "TextRun"}, {"x": 112, "y": 1296, "w": 232, "h": 25, "jsonClass": "TextRun"}, {"x": 760, "y": 1275, "w": 40, "h": 40, "jsonClass": "TextRun"}, {"x": 772, "y": 1219, "w": 26, "h": 26, "jsonClass": "TextRun"}, {"x": 112, "y": 1207, "w": 411, "h": 25, "jsonClass": "TextRun"}, {"x": 523, "y": 1207, "w": 92, "h": 25, "jsonClass": "TextRun"}, {"x": 112, "y": 1235, "w": 152, "h": 25, "jsonClass": "TextRun"}, {"x": 762, "y": 1151, "w": 38, "h": 30, "jsonClass": "TextRun"}, {"x": 112, "y": 1141, "w": 403, "h": 25, "jsonClass": "TextRun"}, {"x": 515, "y": 1141, "w": 47, "h": 25, "jsonClass": "TextRun"}, {"x": 562, "y": 1141, "w": 173.2642487046632, "h": 25, "jsonClass": "TextRun"}, {"x": 112, "y": 1169, "w": 442, "h": 25, "jsonClass": "TextRun"}, {"x": 747, "y": 1099, "w": 79, "h": 14, "jsonClass": "TextRun"}, {"x": 769, "y": 1115, "w": 33, "h": 14, "jsonClass": "TextRun"}, {"x": 162, "y": 1102, "w": 517, "h": 25, "jsonClass": "TextRun"}, {"x": 882, "y": 1027, "w": 625, "h": 25, "jsonClass": "TextRun"}, {"x": 882, "y": 1055, "w": 232, "h": 25, "jsonClass": "TextRun"}, {"x": 1538, "y": 1037, "w": 36, "h": 30, "jsonClass": "TextRun"}, {"x": 1544, "y": 973, "w": 26, "h": 32, "jsonClass": "TextRun"}, {"x": 882, "y": 962, "w": 411, "h": 25, "jsonClass": "TextRun"}, {"x": 1293, "y": 962, "w": 85, "h": 25, "jsonClass": "TextRun"}, {"x": 882, "y": 990, "w": 159, "h": 25, "jsonClass": "TextRun"}, {"x": 1542, "y": 909, "w": 28, "h": 30, "jsonClass": "TextRun"}, {"x": 882, "y": 896, "w": 396, "h": 25, "jsonClass": "TextRun"}, {"x": 1278, "y": 896, "w": 54, "h": 25, "jsonClass": "TextRun"}, {"x": 1332, "y": 896, "w": 167.3575129533679, "h": 25, "jsonClass": "TextRun"}, {"x": 882, "y": 924, "w": 442, "h": 25, "jsonClass": "TextRun"}, {"x": 1523, "y": 848, "w": 78, "h": 14, "jsonClass": "TextRun"}, {"x": 1544, "y": 864, "w": 34, "h": 14, "jsonClass": "TextRun"}, {"x": 1157, "y": 848, "w": 75, "h": 25, "jsonClass": "TextRun"}, {"x": 1536, "y": 779, "w": 36, "h": 26, "jsonClass": "TextRun"}, {"x": 882, "y": 769, "w": 544, "h": 25, "jsonClass": "TextRun"}, {"x": 882, "y": 796, "w": 312, "h": 25, "jsonClass": "TextRun"}, {"x": 882, "y": 704, "w": 411, "h": 25, "jsonClass": "TextRun"}, {"x": 1293, "y": 704, "w": 92, "h": 25, "jsonClass": "TextRun"}, {"x": 882, "y": 731, "w": 152, "h": 25, "jsonClass": "TextRun"}, {"x": 1540, "y": 719, "w": 40, "h": 30, "jsonClass": "TextRun"}, {"x": 1538, "y": 653, "w": 34, "h": 28, "jsonClass": "TextRun"}, {"x": 882, "y": 637, "w": 396, "h": 25, "jsonClass": "TextRun"}, {"x": 1278, "y": 637, "w": 54, "h": 25, "jsonClass": "TextRun"}, {"x": 1332, "y": 637, "w": 179.17098445595857, "h": 25, "jsonClass": "TextRun"}, {"x": 882, "y": 665, "w": 442, "h": 25, "jsonClass": "TextRun"}, {"x": 1089, "y": 595, "w": 297, "h": 25, "jsonClass": "TextRun"}, {"x": 1523, "y": 593, "w": 78, "h": 13, "jsonClass": "TextRun"}, {"x": 1544, "y": 609, "w": 34, "h": 13, "jsonClass": "TextRun"}, {"x": 1540, "y": 1287, "w": 30, "h": 20, "jsonClass": "TextRun"}, {"x": 882, "y": 1272, "w": 625, "h": 25, "jsonClass": "TextRun"}, {"x": 882, "y": 1300, "w": 232, "h": 25, "jsonClass": "TextRun"}, {"x": 882, "y": 1207, "w": 411, "h": 25, "jsonClass": "TextRun"}, {"x": 1293, "y": 1207, "w": 85, "h": 25, "jsonClass": "TextRun"}, {"x": 882, "y": 1235, "w": 159, "h": 25, "jsonClass": "TextRun"}, {"x": 1548, "y": 1215, "w": 16, "h": 32, "jsonClass": "TextRun"}, {"x": 882, "y": 1141, "w": 396, "h": 25, "jsonClass": "TextRun"}, {"x": 1278, "y": 1141, "w": 54, "h": 25, "jsonClass": "TextRun"}, {"x": 1332, "y": 1141, "w": 179.17098445595855, "h": 25, "jsonClass": "TextRun"}, {"x": 882, "y": 1169, "w": 442, "h": 25, "jsonClass": "TextRun"}, {"x": 1544, "y": 1153, "w": 30, "h": 32, "jsonClass": "TextRun"}, {"x": 1081, "y": 1101, "w": 227, "h": 25, "jsonClass": "TextRun"}, {"x": 1523, "y": 1099, "w": 78, "h": 14, "jsonClass": "TextRun"}, {"x": 1544, "y": 1115, "w": 34, "h": 14, "jsonClass": "TextRun"}, {"x": 1286, "y": 110, "w": 331, "h": 28, "jsonClass": "TextRun"}, {"x": 459, "y": 157, "w": 834, "h": 30, "jsonClass": "TextRun"}, {"x": 117, "y": 170, "w": 122, "h": 22, "jsonClass": "TextRun"}, {"x": 117, "y": 110, "w": 327, "h": 22, "jsonClass": "TextRun"}, {"x": 117, "y": 135, "w": 200, "h": 22, "jsonClass": "TextRun"}, {"x": 727, "y": 106, "w": 294, "h": 44, "jsonClass": "TextRun"}], "List": [{"x": 80, "y": 1539, "w": 1544, "h": 142, "jsonClass": "List"}, {"x": 846, "y": 435, "w": 754, "h": 130, "jsonClass": "List"}, {"x": 88, "y": 473, "w": 710, "h": 92, "jsonClass": "List"}], "Field": [{"x": 120, "y": 1542.1669291338585, "w": 1497.9748031496063, "h": 36, "jsonClass": "Field"}, {"x": 110, "y": 1591.4811023622049, "w": 1507.9748031496063, "h": 36.518897637795135, "jsonClass": "Field"}, {"x": 114, "y": 1643.948031496063, "w": 1503.9748031496063, "h": 36.051968503936905, "jsonClass": "Field"}, {"x": 84, "y": 1689, "w": 215.54716981132077, "h": 61.59133858267728, "jsonClass": "Field"}, {"x": 564, "y": 1689, "w": 554, "h": 61.59133858267728, "jsonClass": "Field"}, {"x": 1124, "y": 1689, "w": 496, "h": 61.59133858267728, "jsonClass": "Field"}, {"x": 1124, "y": 1755, "w": 496, "h": 128.59133858267728, "jsonClass": "Field"}, {"x": 302, "y": 1685, "w": 252, "h": 60, "jsonClass": "Field"}, {"x": 84, "y": 1756, "w": 1034.0000000000002, "h": 57.26062992126003, "jsonClass": "Field"}, {"x": 84, "y": 1822, "w": 776.21968503937, "h": 57.59133858267728, "jsonClass": "Field"}, {"x": 864.6692913385828, "y": 1822, "w": 96, "h": 57.59133858267728, "jsonClass": "Field"}, {"x": 963, "y": 1822, "w": 156.4551181102363, "h": 57.59133858267728, "jsonClass": "Field"}, {"x": 1124, "y": 1964, "w": 466, "h": 154.5921259842521, "jsonClass": "Field"}, {"x": 84, "y": 1963, "w": 1016.7428170896274, "h": 129.42519685039406, "jsonClass": "Field"}], "Widget": [{"x": 1179.0385826771653, "y": 1542.1669291338585, "w": 438.936220472441, "h": 36, "jsonClass": "Widget"}, {"x": 1179.0385826771653, "y": 1591.4811023622049, "w": 438.936220472441, "h": 36, "jsonClass": "Widget"}, {"x": 1179.0385826771653, "y": 1643.948031496063, "w": 438.936220472441, "h": 36, "jsonClass": "Widget"}, {"x": 84, "y": 1711.9220472440945, "w": 215.54716981132077, "h": 38.669291338582674, "jsonClass": "Widget"}, {"x": 564, "y": 1711.9220472440945, "w": 554, "h": 38.669291338582674, "jsonClass": "Widget"}, {"x": 1124, "y": 1711.9220472440945, "w": 496, "h": 38.669291338582674, "jsonClass": "Widget"}, {"x": 1124, "y": 1849.5913385826773, "w": 496, "h": 34, "jsonClass": "Widget"}, {"x": 302, "y": 1711, "w": 252, "h": 34, "jsonClass": "Widget"}, {"x": 84, "y": 1778.3692913385828, "w": 1034.0000000000002, "h": 34.891338582677164, "jsonClass": "Widget"}, {"x": 84, "y": 1844.9220472440945, "w": 776.21968503937, "h": 34.669291338582674, "jsonClass": "Widget"}, {"x": 864.6692913385828, "y": 1844.9220472440945, "w": 96, "h": 34.669291338582674, "jsonClass": "Widget"}, {"x": 963.4551181102363, "y": 1844.9220472440945, "w": 156, "h": 34.669291338582674, "jsonClass": "Widget"}, {"x": 1124, "y": 1990.592125984252, "w": 466.00000000000006, "h": 128, "jsonClass": "Widget"}, {"x": 346.43307086614186, "y": 1972.4251968503938, "w": 754.3097462234856, "h": 120, "jsonClass": "Widget"}], "Table": [{"x": 98, "y": 581, "w": 732, "h": 507.71548117154805, "jsonClass": "Table"}, {"x": 100, "y": 1093, "w": 730, "h": 240, "jsonClass": "Table"}, {"x": 868, "y": 837, "w": 736, "h": 252, "jsonClass": "Table"}, {"x": 868, "y": 577, "w": 736, "h": 258, "jsonClass": "Table"}, {"x": 868, "y": 1093, "w": 735.9891598915989, "h": 239.96694214876032, "jsonClass": "Table"}]}