{"TextBlock": [{"x": 50, "y": 2094, "w": 88, "h": 20, "jsonClass": "TextBlock"}, {"x": 50, "y": 2056, "w": 143, "h": 38, "jsonClass": "TextBlock"}, {"x": 291, "y": 179, "w": 393, "h": 30, "jsonClass": "TextBlock"}, {"x": 1216, "y": 179, "w": 170, "h": 30, "jsonClass": "TextBlock"}, {"x": 66, "y": 854.03125, "w": 1569, "h": 586.96875, "jsonClass": "TextBlock"}, {"x": 361, "y": 904, "w": 278, "h": 22, "jsonClass": "TextBlock"}, {"x": 238, "y": 1016, "w": 124, "h": 23, "jsonClass": "TextBlock"}, {"x": 116, "y": 1463, "w": 1476, "h": 61, "jsonClass": "TextBlock"}, {"x": 66, "y": 1554, "w": 1566, "h": 112, "jsonClass": "TextBlock"}, {"x": 870, "y": 1654, "w": 585, "h": 22, "jsonClass": "TextBlock"}, {"x": 437, "y": 1854, "w": 284, "h": 30, "jsonClass": "TextBlock"}, {"x": 291, "y": 254, "w": 228, "h": 30, "jsonClass": "TextBlock"}, {"x": 429, "y": 366, "w": 68, "h": 31, "jsonClass": "TextBlock"}, {"x": 1054, "y": 366, "w": 85, "h": 31, "jsonClass": "TextBlock"}, {"x": 1304, "y": 366, "w": 141, "h": 31, "jsonClass": "TextBlock"}, {"x": 1329, "y": 1854, "w": 67, "h": 30, "jsonClass": "TextBlock"}, {"x": 54, "y": 554, "w": 1564, "h": 175, "jsonClass": "TextBlock"}, {"x": 579, "y": 479, "w": 544, "h": 39, "jsonClass": "SectionTitle"}, {"x": 573.0026332841603, "y": 79, "w": 540.9973667158397, "h": 28, "jsonClass": "HeaderTitle"}], "TextRun": [{"x": 50, "y": 2094, "w": 88, "h": 20, "jsonClass": "TextRun"}, {"x": 50, "y": 2056, "w": 143, "h": 38, "jsonClass": "TextRun"}, {"x": 291, "y": 179, "w": 393, "h": 30, "jsonClass": "TextRun"}, {"x": 1216, "y": 179, "w": 170, "h": 30, "jsonClass": "TextRun"}, {"x": 73, "y": 854.03125, "w": 18, "h": 44, "jsonClass": "TextRun"}, {"x": 841, "y": 868, "w": 794, "h": 28, "jsonClass": "TextRun"}, {"x": 66, "y": 981, "w": 66.8748031496063, "h": 28, "jsonClass": "TextRun"}, {"x": 467.1251968503937, "y": 981, "w": 1152.8748031496064, "h": 28, "jsonClass": "TextRun"}, {"x": 66, "y": 1066, "w": 1540, "h": 28, "jsonClass": "TextRun"}, {"x": 66, "y": 1136, "w": 1524, "h": 28, "jsonClass": "TextRun"}, {"x": 66, "y": 1205, "w": 1509, "h": 28, "jsonClass": "TextRun"}, {"x": 66, "y": 1275, "w": 1532, "h": 28, "jsonClass": "TextRun"}, {"x": 66, "y": 1344, "w": 1530, "h": 28, "jsonClass": "TextRun"}, {"x": 66, "y": 1414, "w": 54, "h": 27, "jsonClass": "TextRun"}, {"x": 361, "y": 904, "w": 278, "h": 22, "jsonClass": "TextRun"}, {"x": 238, "y": 1016, "w": 124, "h": 23, "jsonClass": "TextRun"}, {"x": 116, "y": 1463, "w": 1469, "h": 28, "jsonClass": "TextRun"}, {"x": 116, "y": 1497, "w": 1476, "h": 27, "jsonClass": "TextRun"}, {"x": 66, "y": 1554, "w": 1566, "h": 25, "jsonClass": "TextRun"}, {"x": 66, "y": 1606, "w": 662, "h": 25, "jsonClass": "TextRun"}, {"x": 66, "y": 1641, "w": 456, "h": 25, "jsonClass": "TextRun"}, {"x": 870, "y": 1654, "w": 585, "h": 22, "jsonClass": "TextRun"}, {"x": 437, "y": 1854, "w": 284, "h": 30, "jsonClass": "TextRun"}, {"x": 291, "y": 254, "w": 228, "h": 30, "jsonClass": "TextRun"}, {"x": 429, "y": 366, "w": 68, "h": 31, "jsonClass": "TextRun"}, {"x": 1054, "y": 366, "w": 85, "h": 31, "jsonClass": "TextRun"}, {"x": 1304, "y": 366, "w": 141, "h": 31, "jsonClass": "TextRun"}, {"x": 1329, "y": 1854, "w": 67, "h": 30, "jsonClass": "TextRun"}, {"x": 54, "y": 554, "w": 1549, "h": 25, "jsonClass": "TextRun"}, {"x": 54, "y": 584, "w": 1544, "h": 25, "jsonClass": "TextRun"}, {"x": 54, "y": 614, "w": 1564, "h": 25, "jsonClass": "TextRun"}, {"x": 54, "y": 644, "w": 1499, "h": 25, "jsonClass": "TextRun"}, {"x": 54, "y": 674, "w": 1534, "h": 25, "jsonClass": "TextRun"}, {"x": 54, "y": 704, "w": 1172, "h": 25, "jsonClass": "TextRun"}, {"x": 579, "y": 479, "w": 544, "h": 39, "jsonClass": "TextRun"}, {"x": 573.0026332841603, "y": 79, "w": 253.6452271499809, "h": 28, "jsonClass": "TextRun"}, {"x": 849, "y": 79, "w": 140, "h": 28, "jsonClass": "TextRun"}, {"x": 1013, "y": 79, "w": 101, "h": 28, "jsonClass": "TextRun"}], "Field": [{"x": 291, "y": 170.3779527559055, "w": 888.636220472441, "h": 59.25039370078741, "jsonClass": "Field"}, {"x": 1216, "y": 170.3779527559055, "w": 388.6283464566932, "h": 55.11653543307088, "jsonClass": "Field"}, {"x": 66, "y": 845.3779527559055, "w": 1569, "h": 595.6220472440945, "jsonClass": "Field"}, {"x": 66, "y": 1554, "w": 1566, "h": 122, "jsonClass": "Field"}, {"x": 70.37795275590551, "y": 1795.3779527559057, "w": 1009.2503937007874, "h": 88.62204724409435, "jsonClass": "Field"}, {"x": 291, "y": 254, "w": 1313.6283464566932, "h": 63.125196850393706, "jsonClass": "Field"}, {"x": 429, "y": 357.8748031496063, "w": 600.636220472441, "h": 59.25039370078741, "jsonClass": "Field"}, {"x": 1054, "y": 357.8748031496063, "w": 225.62755905511813, "h": 55.11653543307085, "jsonClass": "Field"}, {"x": 1304, "y": 357.8748031496063, "w": 300.6275590551181, "h": 55.11653543307085, "jsonClass": "Field"}, {"x": 1193.5, "y": 1798.03125, "w": 332, "h": 85.96875, "jsonClass": "Field"}], "Widget": [{"x": 697.3779527559055, "y": 170.3779527559055, "w": 482.25826771653544, "h": 59.250393700787406, "jsonClass": "Widget"}, {"x": 1422.3779527559057, "y": 170.3779527559055, "w": 182.2503937007874, "h": 55.116535433070865, "jsonClass": "Widget"}, {"x": 157.8748031496063, "y": 845.3779527559055, "w": 659.2503937007874, "h": 46.74724409448819, "jsonClass": "Widget"}, {"x": 132.8748031496063, "y": 957.8748031496064, "w": 334.2503937007874, "h": 46.74724409448819, "jsonClass": "Widget"}, {"x": 745.3779527559055, "y": 1595.3779527559057, "w": 809.2503937007874, "h": 46.74724409448819, "jsonClass": "Widget"}, {"x": 70.37795275590551, "y": 1795.3779527559057, "w": 1009.2503937007874, "h": 46.74724409448819, "jsonClass": "Widget"}, {"x": 547.3779527559055, "y": 257.8748031496063, "w": 1057.2503937007875, "h": 59.250393700787406, "jsonClass": "Widget"}, {"x": 547.3779527559055, "y": 357.8748031496063, "w": 482.25826771653544, "h": 59.250393700787406, "jsonClass": "Widget"}, {"x": 1159.8748031496064, "y": 357.8748031496063, "w": 119.75275590551182, "h": 55.116535433070865, "jsonClass": "Widget"}, {"x": 1459.8748031496064, "y": 357.8748031496063, "w": 144.75275590551183, "h": 55.116535433070865, "jsonClass": "Widget"}, {"x": 1193.5, "y": 1798.03125, "w": 332, "h": 48, "jsonClass": "Widget"}]}