{"Section": [{"x": 81, "y": 50.03125, "w": 1537, "h": 725, "jsonClass": "Section"}, {"x": 79, "y": 772.03125, "w": 1541, "h": 256, "jsonClass": "Section"}, {"x": 78, "y": 1025.03125, "w": 1543, "h": 306, "jsonClass": "Section"}, {"x": 79, "y": 1330.03125, "w": 1538, "h": 384, "jsonClass": "Section"}, {"x": 79, "y": 1709.03125, "w": 1541, "h": 380, "jsonClass": "Section"}], "TextBlock": [{"x": 150, "y": 587, "w": 245, "h": 20, "jsonClass": "TextBlock"}, {"x": 150, "y": 520, "w": 249, "h": 20, "jsonClass": "TextBlock"}, {"x": 151, "y": 389, "w": 217, "h": 20, "jsonClass": "TextBlock"}, {"x": 617, "y": 290, "w": 62, "h": 20, "jsonClass": "TextBlock"}, {"x": 750, "y": 290, "w": 94, "h": 20, "jsonClass": "TextBlock"}, {"x": 917, "y": 290, "w": 60, "h": 20, "jsonClass": "TextBlock"}, {"x": 150, "y": 190, "w": 171, "h": 20, "jsonClass": "TextBlock"}, {"x": 150, "y": 668, "w": 300, "h": 19, "jsonClass": "TextBlock"}, {"x": 617, "y": 257, "w": 62, "h": 19, "jsonClass": "TextBlock"}, {"x": 750, "y": 257, "w": 94, "h": 19, "jsonClass": "TextBlock"}, {"x": 917, "y": 257, "w": 60, "h": 19, "jsonClass": "TextBlock"}, {"x": 617, "y": 557, "w": 62, "h": 19, "jsonClass": "TextBlock"}, {"x": 750, "y": 557, "w": 94, "h": 19, "jsonClass": "TextBlock"}, {"x": 917, "y": 557, "w": 60, "h": 19, "jsonClass": "TextBlock"}, {"x": 617, "y": 224, "w": 62, "h": 19, "jsonClass": "TextBlock"}, {"x": 750, "y": 224, "w": 94, "h": 19, "jsonClass": "TextBlock"}, {"x": 917, "y": 224, "w": 60, "h": 19, "jsonClass": "TextBlock"}, {"x": 150, "y": 324, "w": 182, "h": 19, "jsonClass": "TextBlock"}, {"x": 617, "y": 591, "w": 62, "h": 19, "jsonClass": "TextBlock"}, {"x": 750, "y": 591, "w": 94, "h": 19, "jsonClass": "TextBlock"}, {"x": 917, "y": 591, "w": 60, "h": 19, "jsonClass": "TextBlock"}, {"x": 150, "y": 454, "w": 158, "h": 19, "jsonClass": "TextBlock"}, {"x": 150, "y": 265, "w": 249, "h": 20, "jsonClass": "TextBlock"}, {"x": 617, "y": 190, "w": 62, "h": 20, "jsonClass": "TextBlock"}, {"x": 750, "y": 190, "w": 94, "h": 20, "jsonClass": "TextBlock"}, {"x": 917, "y": 190, "w": 60, "h": 20, "jsonClass": "TextBlock"}, {"x": 617, "y": 324, "w": 62, "h": 19, "jsonClass": "TextBlock"}, {"x": 750, "y": 324, "w": 94, "h": 19, "jsonClass": "TextBlock"}, {"x": 917, "y": 324, "w": 60, "h": 19, "jsonClass": "TextBlock"}, {"x": 617, "y": 357, "w": 62, "h": 19, "jsonClass": "TextBlock"}, {"x": 750, "y": 357, "w": 94, "h": 19, "jsonClass": "TextBlock"}, {"x": 917, "y": 357, "w": 60, "h": 19, "jsonClass": "TextBlock"}, {"x": 617, "y": 390, "w": 62, "h": 20, "jsonClass": "TextBlock"}, {"x": 750, "y": 390, "w": 94, "h": 20, "jsonClass": "TextBlock"}, {"x": 917, "y": 390, "w": 60, "h": 20, "jsonClass": "TextBlock"}, {"x": 617, "y": 424, "w": 62, "h": 19, "jsonClass": "TextBlock"}, {"x": 750, "y": 424, "w": 94, "h": 19, "jsonClass": "TextBlock"}, {"x": 917, "y": 424, "w": 60, "h": 19, "jsonClass": "TextBlock"}, {"x": 617, "y": 457, "w": 62, "h": 19, "jsonClass": "TextBlock"}, {"x": 750, "y": 457, "w": 94, "h": 19, "jsonClass": "TextBlock"}, {"x": 917, "y": 457, "w": 60, "h": 19, "jsonClass": "TextBlock"}, {"x": 617, "y": 490, "w": 62, "h": 20, "jsonClass": "TextBlock"}, {"x": 750, "y": 490, "w": 94, "h": 20, "jsonClass": "TextBlock"}, {"x": 917, "y": 490, "w": 60, "h": 20, "jsonClass": "TextBlock"}, {"x": 617, "y": 524, "w": 62, "h": 19, "jsonClass": "TextBlock"}, {"x": 750, "y": 524, "w": 94, "h": 19, "jsonClass": "TextBlock"}, {"x": 917, "y": 524, "w": 60, "h": 19, "jsonClass": "TextBlock"}, {"x": 617, "y": 624, "w": 62, "h": 19, "jsonClass": "TextBlock"}, {"x": 750, "y": 624, "w": 94, "h": 19, "jsonClass": "TextBlock"}, {"x": 917, "y": 624, "w": 60, "h": 19, "jsonClass": "TextBlock"}, {"x": 181, "y": 151, "w": 87, "h": 19, "jsonClass": "TextBlock"}, {"x": 104, "y": 923, "w": 136, "h": 20, "jsonClass": "TextBlock"}, {"x": 150, "y": 879, "w": 34, "h": 19, "jsonClass": "TextBlock"}, {"x": 267, "y": 879, "w": 25, "h": 19, "jsonClass": "TextBlock"}, {"x": 150, "y": 1234, "w": 294, "h": 19, "jsonClass": "TextBlock"}, {"x": 150, "y": 1136, "w": 256, "h": 20, "jsonClass": "TextBlock"}, {"x": 150, "y": 1103, "w": 34, "h": 20, "jsonClass": "TextBlock"}, {"x": 267, "y": 1103, "w": 25, "h": 20, "jsonClass": "TextBlock"}, {"x": 263, "y": 1419, "w": 25, "h": 19, "jsonClass": "TextBlock"}, {"x": 147, "y": 1419, "w": 33, "h": 19, "jsonClass": "TextBlock"}, {"x": 190, "y": 1498, "w": 121, "h": 19, "jsonClass": "TextBlock"}, {"x": 94, "y": 1380, "w": 862, "h": 19, "jsonClass": "TextBlock"}, {"x": 189, "y": 1591, "w": 102, "h": 19, "jsonClass": "TextBlock"}, {"x": 148, "y": 1463, "w": 192, "h": 20, "jsonClass": "TextBlock"}, {"x": 489, "y": 1499, "w": 68, "h": 19, "jsonClass": "TextBlock"}, {"x": 663, "y": 1499, "w": 76, "h": 19, "jsonClass": "TextBlock"}, {"x": 489, "y": 1541, "w": 68, "h": 20, "jsonClass": "TextBlock"}, {"x": 663, "y": 1540, "w": 76, "h": 20, "jsonClass": "TextBlock"}, {"x": 489, "y": 1591, "w": 68, "h": 20, "jsonClass": "TextBlock"}, {"x": 663, "y": 1590, "w": 76, "h": 20, "jsonClass": "TextBlock"}, {"x": 489, "y": 1634, "w": 68, "h": 20, "jsonClass": "TextBlock"}, {"x": 663, "y": 1632, "w": 76, "h": 19, "jsonClass": "TextBlock"}, {"x": 96, "y": 1766, "w": 1507, "h": 265, "jsonClass": "TextBlock"}, {"x": 90, "y": 2097, "w": 304, "h": 19, "jsonClass": "TextBlock"}, {"x": 1548, "y": 2094, "w": 71, "h": 22, "jsonClass": "TextBlock"}, {"x": 483, "y": 290, "w": 38, "h": 20, "jsonClass": "ChoiceGroupTitle"}, {"x": 483, "y": 257, "w": 51, "h": 19, "jsonClass": "ChoiceGroupTitle"}, {"x": 483, "y": 557, "w": 38, "h": 19, "jsonClass": "ChoiceGroupTitle"}, {"x": 483, "y": 224, "w": 38, "h": 19, "jsonClass": "ChoiceGroupTitle"}, {"x": 483, "y": 591, "w": 51, "h": 19, "jsonClass": "ChoiceGroupTitle"}, {"x": 483, "y": 190, "w": 51, "h": 20, "jsonClass": "ChoiceGroupTitle"}, {"x": 483, "y": 324, "w": 51, "h": 19, "jsonClass": "ChoiceGroupTitle"}, {"x": 483, "y": 357, "w": 38, "h": 19, "jsonClass": "ChoiceGroupTitle"}, {"x": 483, "y": 390, "w": 51, "h": 20, "jsonClass": "ChoiceGroupTitle"}, {"x": 483, "y": 424, "w": 38, "h": 19, "jsonClass": "ChoiceGroupTitle"}, {"x": 483, "y": 457, "w": 51, "h": 19, "jsonClass": "ChoiceGroupTitle"}, {"x": 483, "y": 490, "w": 38, "h": 20, "jsonClass": "ChoiceGroupTitle"}, {"x": 483, "y": 524, "w": 51, "h": 19, "jsonClass": "ChoiceGroupTitle"}, {"x": 483, "y": 624, "w": 38, "h": 19, "jsonClass": "ChoiceGroupTitle"}, {"x": 100, "y": 103, "w": 470, "h": 20, "jsonClass": "ChoiceGroupTitle"}, {"x": 90, "y": 818, "w": 1519, "h": 22, "jsonClass": "ChoiceGroupTitle"}, {"x": 98, "y": 1070, "w": 354, "h": 19, "jsonClass": "ChoiceGroupTitle"}, {"x": 352, "y": 1499, "w": 50, "h": 20, "jsonClass": "ChoiceGroupTitle"}, {"x": 352, "y": 1541, "w": 37, "h": 19, "jsonClass": "ChoiceGroupTitle"}, {"x": 350, "y": 1592, "w": 51, "h": 19, "jsonClass": "ChoiceGroupTitle"}, {"x": 350, "y": 1634, "w": 38, "h": 19, "jsonClass": "ChoiceGroupTitle"}, {"x": 96, "y": 64, "w": 868, "h": 23, "jsonClass": "SectionTitle"}, {"x": 101, "y": 785, "w": 863, "h": 22, "jsonClass": "SectionTitle"}, {"x": 98, "y": 1039, "w": 779, "h": 22, "jsonClass": "SectionTitle"}, {"x": 98, "y": 1343, "w": 981, "h": 22, "jsonClass": "SectionTitle"}, {"x": 97, "y": 1724, "w": 1378, "h": 22, "jsonClass": "SectionTitle"}], "TextRun": [{"x": 150, "y": 587, "w": 245, "h": 20, "jsonClass": "TextRun", "text": "Foot/toes (L5):"}, {"x": 150, "y": 520, "w": 249, "h": 20, "jsonClass": "TextRun", "text": "Lower leg/ankle (L4/L5/S1):"}, {"x": 151, "y": 389, "w": 217, "h": 20, "jsonClass": "TextRun", "text": "Upper anterior thigh (L2):"}, {"x": 617, "y": 290, "w": 62, "h": 20, "jsonClass": "TextRun", "text": "Normal"}, {"x": 750, "y": 290, "w": 94, "h": 20, "jsonClass": "TextRun", "text": "Decreased"}, {"x": 917, "y": 290, "w": 60, "h": 20, "jsonClass": "TextRun", "text": "Absent"}, {"x": 483, "y": 290, "w": 38, "h": 20, "jsonClass": "TextRun", "text": "Left:"}, {"x": 150, "y": 190, "w": 171, "h": 20, "jsonClass": "TextRun", "text": "Shoulder area (C5):"}, {"x": 150, "y": 668, "w": 300, "h": 19, "jsonClass": "TextRun", "text": "Other sensory findings, if any:"}, {"x": 617, "y": 257, "w": 62, "h": 19, "jsonClass": "TextRun", "text": "Normal"}, {"x": 750, "y": 257, "w": 94, "h": 19, "jsonClass": "TextRun", "text": "Decreased"}, {"x": 917, "y": 257, "w": 60, "h": 19, "jsonClass": "TextRun", "text": "Absent"}, {"x": 483, "y": 257, "w": 51, "h": 19, "jsonClass": "TextRun", "text": "Right:"}, {"x": 617, "y": 557, "w": 62, "h": 19, "jsonClass": "TextRun", "text": "Normal"}, {"x": 750, "y": 557, "w": 94, "h": 19, "jsonClass": "TextRun", "text": "Decreased"}, {"x": 917, "y": 557, "w": 60, "h": 19, "jsonClass": "TextRun", "text": "Absent"}, {"x": 483, "y": 557, "w": 38, "h": 19, "jsonClass": "TextRun", "text": "Left:"}, {"x": 617, "y": 224, "w": 62, "h": 19, "jsonClass": "TextRun", "text": "Normal"}, {"x": 750, "y": 224, "w": 94, "h": 19, "jsonClass": "TextRun", "text": "Decreased"}, {"x": 917, "y": 224, "w": 60, "h": 19, "jsonClass": "TextRun", "text": "Absent"}, {"x": 483, "y": 224, "w": 38, "h": 19, "jsonClass": "TextRun", "text": "Left:"}, {"x": 150, "y": 324, "w": 182, "h": 19, "jsonClass": "TextRun", "text": "Hand/fingers (C6-8):"}, {"x": 617, "y": 591, "w": 62, "h": 19, "jsonClass": "TextRun", "text": "Normal"}, {"x": 750, "y": 591, "w": 94, "h": 19, "jsonClass": "TextRun", "text": "Decreased"}, {"x": 917, "y": 591, "w": 60, "h": 19, "jsonClass": "TextRun", "text": "Absent"}, {"x": 483, "y": 591, "w": 51, "h": 19, "jsonClass": "TextRun", "text": "Right:"}, {"x": 150, "y": 454, "w": 158, "h": 19, "jsonClass": "TextRun", "text": "Thigh/knee (L3/4):"}, {"x": 150, "y": 265, "w": 249, "h": 20, "jsonClass": "TextRun", "text": "Inner/outer forearm (C6/T1):"}, {"x": 617, "y": 190, "w": 62, "h": 20, "jsonClass": "TextRun", "text": "Normal"}, {"x": 750, "y": 190, "w": 94, "h": 20, "jsonClass": "TextRun", "text": "Decreased"}, {"x": 917, "y": 190, "w": 60, "h": 20, "jsonClass": "TextRun", "text": "Absent"}, {"x": 483, "y": 190, "w": 51, "h": 20, "jsonClass": "TextRun", "text": "Right:"}, {"x": 617, "y": 324, "w": 62, "h": 19, "jsonClass": "TextRun", "text": "Normal"}, {"x": 750, "y": 324, "w": 94, "h": 19, "jsonClass": "TextRun", "text": "Decreased"}, {"x": 917, "y": 324, "w": 60, "h": 19, "jsonClass": "TextRun", "text": "Absent"}, {"x": 483, "y": 324, "w": 51, "h": 19, "jsonClass": "TextRun", "text": "Right:"}, {"x": 617, "y": 357, "w": 62, "h": 19, "jsonClass": "TextRun", "text": "Normal"}, {"x": 750, "y": 357, "w": 94, "h": 19, "jsonClass": "TextRun", "text": "Decreased"}, {"x": 917, "y": 357, "w": 60, "h": 19, "jsonClass": "TextRun", "text": "Absent"}, {"x": 483, "y": 357, "w": 38, "h": 19, "jsonClass": "TextRun", "text": "Left:"}, {"x": 617, "y": 390, "w": 62, "h": 20, "jsonClass": "TextRun", "text": "Normal"}, {"x": 750, "y": 390, "w": 94, "h": 20, "jsonClass": "TextRun", "text": "Decreased"}, {"x": 917, "y": 390, "w": 60, "h": 20, "jsonClass": "TextRun", "text": "Absent"}, {"x": 483, "y": 390, "w": 51, "h": 20, "jsonClass": "TextRun", "text": "Right:"}, {"x": 617, "y": 424, "w": 62, "h": 19, "jsonClass": "TextRun", "text": "Normal"}, {"x": 750, "y": 424, "w": 94, "h": 19, "jsonClass": "TextRun", "text": "Decreased"}, {"x": 917, "y": 424, "w": 60, "h": 19, "jsonClass": "TextRun", "text": "Absent"}, {"x": 483, "y": 424, "w": 38, "h": 19, "jsonClass": "TextRun", "text": "Left:"}, {"x": 617, "y": 457, "w": 62, "h": 19, "jsonClass": "TextRun", "text": "Normal"}, {"x": 750, "y": 457, "w": 94, "h": 19, "jsonClass": "TextRun", "text": "Decreased"}, {"x": 917, "y": 457, "w": 60, "h": 19, "jsonClass": "TextRun", "text": "Absent"}, {"x": 483, "y": 457, "w": 51, "h": 19, "jsonClass": "TextRun", "text": "Right:"}, {"x": 617, "y": 490, "w": 62, "h": 20, "jsonClass": "TextRun", "text": "Normal"}, {"x": 750, "y": 490, "w": 94, "h": 20, "jsonClass": "TextRun", "text": "Decreased"}, {"x": 917, "y": 490, "w": 60, "h": 20, "jsonClass": "TextRun", "text": "Absent"}, {"x": 483, "y": 490, "w": 38, "h": 20, "jsonClass": "TextRun", "text": "Left:"}, {"x": 617, "y": 524, "w": 62, "h": 19, "jsonClass": "TextRun", "text": "Normal"}, {"x": 750, "y": 524, "w": 94, "h": 19, "jsonClass": "TextRun", "text": "Decreased"}, {"x": 917, "y": 524, "w": 60, "h": 19, "jsonClass": "TextRun", "text": "Absent"}, {"x": 483, "y": 524, "w": 51, "h": 19, "jsonClass": "TextRun", "text": "Right:"}, {"x": 617, "y": 624, "w": 62, "h": 19, "jsonClass": "TextRun", "text": "Normal"}, {"x": 750, "y": 624, "w": 94, "h": 19, "jsonClass": "TextRun", "text": "Decreased"}, {"x": 917, "y": 624, "w": 60, "h": 19, "jsonClass": "TextRun", "text": "Absent"}, {"x": 483, "y": 624, "w": 38, "h": 19, "jsonClass": "TextRun", "text": "Left:"}, {"x": 181, "y": 151, "w": 87, "h": 19, "jsonClass": "TextRun", "text": "All normal"}, {"x": 100, "y": 103, "w": 470, "h": 20, "jsonClass": "TextRun", "text": "6. Indicate results for sensation testing for light touch:"}, {"x": 96, "y": 64, "w": 868, "h": 23, "jsonClass": "TextRun", "text": "SECTION VI - SENSORY EXAM"}, {"x": 104, "y": 923, "w": 136, "h": 20, "jsonClass": "TextRun", "text": "If yes, describe:"}, {"x": 150, "y": 879, "w": 34, "h": 19, "jsonClass": "TextRun", "text": "Yes"}, {"x": 267, "y": 879, "w": 25, "h": 19, "jsonClass": "TextRun", "text": "No"}, {"x": 90, "y": 820, "w": 481, "h": 19, "jsonClass": "TextRun", "text": "7. DOES THE VETERAN HAVE TROPHIC CHANGES"}, {"x": 571, "y": 818, "w": 575, "h": 22, "jsonClass": "TextRun", "text": "(characterized by loss of extremity hair, smooth, shiny skin, etc.)"}, {"x": 1151, "y": 820, "w": 458, "h": 19, "jsonClass": "TextRun", "text": "ATTRIBUTABLE TO PERIPHERAL NEUROPATHY?"}, {"x": 101, "y": 785, "w": 863, "h": 22, "jsonClass": "TextRun", "text": "SECTION VII - TROPHIC CHANGES"}, {"x": 150, "y": 1234, "w": 294, "h": 19, "jsonClass": "TextRun", "text": "Provide etiology of abnormal gait:"}, {"x": 150, "y": 1136, "w": 256, "h": 20, "jsonClass": "TextRun", "text": "If no, describe abnormal gait:"}, {"x": 150, "y": 1103, "w": 34, "h": 20, "jsonClass": "TextRun", "text": "Yes"}, {"x": 267, "y": 1103, "w": 25, "h": 20, "jsonClass": "TextRun", "text": "No"}, {"x": 98, "y": 1070, "w": 354, "h": 19, "jsonClass": "TextRun", "text": "8. IS THE VETERAN'S GAIT NORMAL?"}, {"x": 98, "y": 1039, "w": 779, "h": 22, "jsonClass": "TextRun", "text": "SECTION VIII - GAIT"}, {"x": 263, "y": 1419, "w": 25, "h": 19, "jsonClass": "TextRun", "text": "No"}, {"x": 147, "y": 1419, "w": 33, "h": 19, "jsonClass": "TextRun", "text": "Yes"}, {"x": 190, "y": 1498, "w": 121, "h": 19, "jsonClass": "TextRun", "text": "Phalen's sign:"}, {"x": 94, "y": 1380, "w": 862, "h": 19, "jsonClass": "TextRun", "text": "9. WERE SPECIAL TESTS INDICATED AND PERFORMED FOR MEDIAN NERVE EVALUATION?"}, {"x": 189, "y": 1591, "w": 102, "h": 19, "jsonClass": "TextRun", "text": "Tinel's sign:"}, {"x": 148, "y": 1463, "w": 192, "h": 20, "jsonClass": "TextRun", "text": "If yes, indicate results:"}, {"x": 489, "y": 1499, "w": 68, "h": 19, "jsonClass": "TextRun", "text": "Positive"}, {"x": 663, "y": 1499, "w": 76, "h": 19, "jsonClass": "TextRun", "text": "Negative"}, {"x": 352, "y": 1499, "w": 50, "h": 20, "jsonClass": "TextRun", "text": "Right:"}, {"x": 489, "y": 1541, "w": 68, "h": 20, "jsonClass": "TextRun", "text": "Positive"}, {"x": 663, "y": 1540, "w": 76, "h": 20, "jsonClass": "TextRun", "text": "Negative"}, {"x": 352, "y": 1541, "w": 37, "h": 19, "jsonClass": "TextRun", "text": "Left:"}, {"x": 489, "y": 1591, "w": 68, "h": 20, "jsonClass": "TextRun", "text": "Positive"}, {"x": 663, "y": 1590, "w": 76, "h": 20, "jsonClass": "TextRun", "text": "Negative"}, {"x": 350, "y": 1592, "w": 51, "h": 19, "jsonClass": "TextRun", "text": "Right:"}, {"x": 489, "y": 1634, "w": 68, "h": 20, "jsonClass": "TextRun", "text": "Positive"}, {"x": 663, "y": 1632, "w": 76, "h": 19, "jsonClass": "TextRun", "text": "Negative"}, {"x": 350, "y": 1634, "w": 38, "h": 19, "jsonClass": "TextRun", "text": "Left:"}, {"x": 98, "y": 1343, "w": 981, "h": 22, "jsonClass": "TextRun", "text": "SECTION IX - SPECIAL TESTS FOR MEDIAN NERVE"}, {"x": 96, "y": 1766, "w": 1505, "h": 25, "jsonClass": "TextRun", "text": "Based on symptoms and findings from this exam, complete the following section to provide an estimation of the severity of the veteran's"}, {"x": 96, "y": 1796, "w": 919, "h": 25, "jsonClass": "TextRun", "text": "peripheral neuropathy. This summary provides useful information for VA purposes."}, {"x": 96, "y": 1856, "w": 1438, "h": 25, "jsonClass": "TextRun", "text": "NOTE: For VA purposes, the term \u00ef\u00bf\u00bdincomplete paralysis\" indicates a degree of lost or impaired function substantially less than the"}, {"x": 96, "y": 1886, "w": 699, "h": 25, "jsonClass": "TextRun", "text": "description of complete paralysis that is given with each nerve."}, {"x": 96, "y": 1946, "w": 1485, "h": 25, "jsonClass": "TextRun", "text": "If the nerve is completely paralyzed, check the box for \u00ef\u00bf\u00bdcomplete paralysis.\u00ef\u00bf\u00bd If the nerve is not completely paralyzed, check the box for"}, {"x": 96, "y": 1976, "w": 1507, "h": 25, "jsonClass": "TextRun", "text": "\u00ef\u00bf\u00bdincomplete paralysis\u00ef\u00bf\u00bd and indicate severity.  For VA purposes, when nerve impairment is wholly sensory, the evaluation should be mild,"}, {"x": 96, "y": 2006, "w": 237, "h": 25, "jsonClass": "TextRun", "text": "or at most, moderate."}, {"x": 97, "y": 1724, "w": 1378, "h": 22, "jsonClass": "TextRun", "text": "SECTION X - NERVES AFFECTED: Severity Evaluation for Upper Extremity Nerves and Radicular Groups"}, {"x": 90, "y": 2097, "w": 304, "h": 19, "jsonClass": "TextRun", "text": "VA\u00c2\u00a0FORM 21-0960C-10, FEB 2015"}, {"x": 1548, "y": 2094, "w": 71, "h": 22, "jsonClass": "TextRun", "text": "Page 3"}], "ChoiceGroup": [{"x": 472, "y": 275.03125, "w": 509, "h": 38, "jsonClass": "ChoiceGroup"}, {"x": 477, "y": 244.03125, "w": 502, "h": 33, "jsonClass": "ChoiceGroup"}, {"x": 471, "y": 548.03125, "w": 514, "h": 30, "jsonClass": "ChoiceGroup"}, {"x": 475, "y": 212.03125, "w": 506, "h": 33, "jsonClass": "ChoiceGroup"}, {"x": 472, "y": 578.03125, "w": 515, "h": 36, "jsonClass": "ChoiceGroup"}, {"x": 475, "y": 182.03125, "w": 503, "h": 29, "jsonClass": "ChoiceGroup"}, {"x": 474, "y": 313.03125, "w": 507, "h": 34, "jsonClass": "ChoiceGroup"}, {"x": 469, "y": 343.03125, "w": 512, "h": 37, "jsonClass": "ChoiceGroup"}, {"x": 472, "y": 383.03125, "w": 512, "h": 30, "jsonClass": "ChoiceGroup"}, {"x": 474, "y": 412.03125, "w": 510, "h": 33, "jsonClass": "ChoiceGroup"}, {"x": 472, "y": 445.03125, "w": 512, "h": 33, "jsonClass": "ChoiceGroup"}, {"x": 468, "y": 476.03125, "w": 516, "h": 38, "jsonClass": "ChoiceGroup"}, {"x": 468, "y": 514.03125, "w": 514, "h": 34, "jsonClass": "ChoiceGroup"}, {"x": 471, "y": 614.03125, "w": 513, "h": 33, "jsonClass": "ChoiceGroup"}, {"x": 96, "y": 97.03125, "w": 1510, "h": 676, "jsonClass": "ChoiceGroup"}, {"x": 85, "y": 812.03125, "w": 1524, "h": 212, "jsonClass": "ChoiceGroup"}, {"x": 96, "y": 1064.03125, "w": 1507, "h": 269, "jsonClass": "ChoiceGroup"}, {"x": 343, "y": 1486.03125, "w": 404, "h": 40, "jsonClass": "ChoiceGroup"}, {"x": 345, "y": 1528.03125, "w": 400, "h": 37, "jsonClass": "ChoiceGroup"}, {"x": 345, "y": 1580.03125, "w": 394, "h": 33, "jsonClass": "ChoiceGroup"}, {"x": 343, "y": 1613.03125, "w": 399, "h": 45, "jsonClass": "ChoiceGroup"}], "ChoiceField": [{"x": 574.9968503937008, "y": 284.7220472440945, "w": 104.00314960629919, "h": 25.277952755905517, "jsonClass": "ChoiceField"}, {"x": 708.3275590551182, "y": 284.7220472440945, "w": 135.67244094488183, "h": 25.277952755905517, "jsonClass": "ChoiceField"}, {"x": 874.9968503937008, "y": 284.7220472440945, "w": 102.00314960629919, "h": 25.277952755905517, "jsonClass": "ChoiceField"}, {"x": 574.9968503937008, "y": 251.39212598425198, "w": 104.00314960629919, "h": 24.99999999999997, "jsonClass": "ChoiceField"}, {"x": 708.3275590551182, "y": 251.39212598425198, "w": 135.67244094488183, "h": 24.99999999999997, "jsonClass": "ChoiceField"}, {"x": 874.9968503937008, "y": 251.39212598425198, "w": 102.00314960629919, "h": 24.99999999999997, "jsonClass": "ChoiceField"}, {"x": 574.9968503937008, "y": 551.3921259842521, "w": 104.00314960629919, "h": 25, "jsonClass": "ChoiceField"}, {"x": 708.3275590551182, "y": 551.3921259842521, "w": 135.67244094488183, "h": 25, "jsonClass": "ChoiceField"}, {"x": 874.9968503937008, "y": 551.3921259842521, "w": 102.00314960629919, "h": 25, "jsonClass": "ChoiceField"}, {"x": 574.9968503937008, "y": 218.06141732283467, "w": 104.00314960629919, "h": 25, "jsonClass": "ChoiceField"}, {"x": 708.3275590551182, "y": 218.06141732283467, "w": 135.67244094488183, "h": 25, "jsonClass": "ChoiceField"}, {"x": 874.9968503937008, "y": 218.06141732283467, "w": 102.00314960629919, "h": 25, "jsonClass": "ChoiceField"}, {"x": 574.8944881889764, "y": 584.9834645669291, "w": 104.10551181102358, "h": 25.016535433070885, "jsonClass": "ChoiceField"}, {"x": 708.2251968503937, "y": 584.9834645669291, "w": 135.77480314960633, "h": 25.016535433070885, "jsonClass": "ChoiceField"}, {"x": 874.8944881889764, "y": 584.9834645669291, "w": 102.10551181102358, "h": 25.016535433070885, "jsonClass": "ChoiceField"}, {"x": 574.9968503937008, "y": 184.72204724409448, "w": 104.00314960629919, "h": 25.277952755905517, "jsonClass": "ChoiceField"}, {"x": 708.3275590551182, "y": 184.72204724409448, "w": 135.67244094488183, "h": 25.277952755905517, "jsonClass": "ChoiceField"}, {"x": 874.9968503937008, "y": 184.72204724409448, "w": 102.00314960629919, "h": 25.277952755905517, "jsonClass": "ChoiceField"}, {"x": 574.9968503937008, "y": 318.06141732283464, "w": 104.00314960629919, "h": 25, "jsonClass": "ChoiceField"}, {"x": 708.3275590551182, "y": 318.06141732283464, "w": 135.67244094488183, "h": 25, "jsonClass": "ChoiceField"}, {"x": 874.9968503937008, "y": 318.06141732283464, "w": 102.00314960629919, "h": 25, "jsonClass": "ChoiceField"}, {"x": 574.9968503937008, "y": 351.392125984252, "w": 104.00314960629919, "h": 25, "jsonClass": "ChoiceField"}, {"x": 708.3275590551182, "y": 351.392125984252, "w": 135.67244094488183, "h": 25, "jsonClass": "ChoiceField"}, {"x": 874.9968503937008, "y": 351.392125984252, "w": 102.00314960629919, "h": 25, "jsonClass": "ChoiceField"}, {"x": 574.9968503937008, "y": 384.72204724409454, "w": 104.00314960629919, "h": 25.27795275590546, "jsonClass": "ChoiceField"}, {"x": 708.3275590551182, "y": 384.72204724409454, "w": 135.67244094488183, "h": 25.27795275590546, "jsonClass": "ChoiceField"}, {"x": 874.9968503937008, "y": 384.72204724409454, "w": 102.00314960629919, "h": 25.27795275590546, "jsonClass": "ChoiceField"}, {"x": 574.9968503937008, "y": 418.06141732283464, "w": 104.00314960629919, "h": 25, "jsonClass": "ChoiceField"}, {"x": 708.3275590551182, "y": 418.06141732283464, "w": 135.67244094488183, "h": 25, "jsonClass": "ChoiceField"}, {"x": 874.9968503937008, "y": 418.06141732283464, "w": 102.00314960629919, "h": 25, "jsonClass": "ChoiceField"}, {"x": 574.9968503937008, "y": 451.39212598425195, "w": 104.00314960629919, "h": 25, "jsonClass": "ChoiceField"}, {"x": 708.3275590551182, "y": 451.39212598425195, "w": 135.67244094488183, "h": 25, "jsonClass": "ChoiceField"}, {"x": 874.9968503937008, "y": 451.39212598425195, "w": 102.00314960629919, "h": 25, "jsonClass": "ChoiceField"}, {"x": 574.9968503937008, "y": 484.7220472440945, "w": 104.00314960629919, "h": 25.277952755905517, "jsonClass": "ChoiceField"}, {"x": 708.3275590551182, "y": 484.7220472440945, "w": 135.67244094488183, "h": 25.277952755905517, "jsonClass": "ChoiceField"}, {"x": 874.9968503937008, "y": 484.7220472440945, "w": 102.00314960629919, "h": 25.277952755905517, "jsonClass": "ChoiceField"}, {"x": 574.9968503937008, "y": 518.0614173228347, "w": 104.00314960629919, "h": 25, "jsonClass": "ChoiceField"}, {"x": 708.3275590551182, "y": 518.0614173228347, "w": 135.67244094488183, "h": 25, "jsonClass": "ChoiceField"}, {"x": 874.9968503937008, "y": 518.0614173228347, "w": 102.00314960629919, "h": 25, "jsonClass": "ChoiceField"}, {"x": 574.8944881889764, "y": 618.3141732283465, "w": 104.10551181102358, "h": 25, "jsonClass": "ChoiceField"}, {"x": 708.2251968503937, "y": 618.3141732283465, "w": 135.77480314960633, "h": 25, "jsonClass": "ChoiceField"}, {"x": 874.8944881889764, "y": 618.3141732283465, "w": 102.10551181102358, "h": 25, "jsonClass": "ChoiceField"}, {"x": 150.6913385826772, "y": 148.83307086614172, "w": 117.30866141732281, "h": 22.222047244094483, "jsonClass": "ChoiceField"}, {"x": 108.32755905511812, "y": 873.3275590551182, "w": 75.67244094488188, "h": 25, "jsonClass": "ChoiceField"}, {"x": 224.99685039370078, "y": 873.3275590551182, "w": 67.00314960629922, "h": 25, "jsonClass": "ChoiceField"}, {"x": 108.32755905511812, "y": 1097.58031496063, "w": 75.67244094488188, "h": 25.41968503937005, "jsonClass": "ChoiceField"}, {"x": 224.99685039370078, "y": 1097.58031496063, "w": 67.00314960629922, "h": 25.41968503937005, "jsonClass": "ChoiceField"}, {"x": 447.25826771653544, "y": 1493.036220472441, "w": 109.74173228346456, "h": 25, "jsonClass": "ChoiceField"}, {"x": 626.5330708661418, "y": 1493.036220472441, "w": 112.46692913385823, "h": 25, "jsonClass": "ChoiceField"}, {"x": 447.25826771653544, "y": 1535.6669291338583, "w": 109.74173228346456, "h": 25.333070866141725, "jsonClass": "ChoiceField"}, {"x": 626.5330708661418, "y": 1535.6669291338583, "w": 112.46692913385823, "h": 25, "jsonClass": "ChoiceField"}, {"x": 447.25826771653544, "y": 1585.8889763779528, "w": 109.74173228346456, "h": 25.11102362204724, "jsonClass": "ChoiceField"}, {"x": 626.5330708661418, "y": 1585.8889763779528, "w": 112.46692913385823, "h": 25, "jsonClass": "ChoiceField"}, {"x": 447.25826771653544, "y": 1628.5165354330709, "w": 109.74173228346456, "h": 25.483464566929115, "jsonClass": "ChoiceField"}, {"x": 626.5330708661418, "y": 1628.5165354330709, "w": 112.46692913385823, "h": 25, "jsonClass": "ChoiceField"}], "Widget": [{"x": 574.9968503937008, "y": 284.7220472440945, "w": 25, "h": 25, "jsonClass": "Widget"}, {"x": 708.3275590551182, "y": 284.7220472440945, "w": 25, "h": 25, "jsonClass": "Widget"}, {"x": 874.9968503937008, "y": 284.7220472440945, "w": 25, "h": 25, "jsonClass": "Widget"}, {"x": 160.63070866141732, "y": 700.8110236220473, "w": 1439.3692913385828, "h": 66.66929133858268, "jsonClass": "Widget"}, {"x": 574.9968503937008, "y": 251.39212598425198, "w": 25, "h": 25, "jsonClass": "Widget"}, {"x": 708.3275590551182, "y": 251.39212598425198, "w": 25, "h": 25, "jsonClass": "Widget"}, {"x": 874.9968503937008, "y": 251.39212598425198, "w": 25, "h": 25, "jsonClass": "Widget"}, {"x": 574.9968503937008, "y": 551.3921259842521, "w": 25, "h": 25, "jsonClass": "Widget"}, {"x": 708.3275590551182, "y": 551.3921259842521, "w": 25, "h": 25, "jsonClass": "Widget"}, {"x": 874.9968503937008, "y": 551.3921259842521, "w": 25, "h": 25, "jsonClass": "Widget"}, {"x": 574.9968503937008, "y": 218.06141732283467, "w": 25, "h": 25, "jsonClass": "Widget"}, {"x": 708.3275590551182, "y": 218.06141732283467, "w": 25, "h": 25, "jsonClass": "Widget"}, {"x": 874.9968503937008, "y": 218.06141732283467, "w": 25, "h": 25, "jsonClass": "Widget"}, {"x": 574.8944881889764, "y": 584.9834645669291, "w": 25, "h": 25, "jsonClass": "Widget"}, {"x": 708.2251968503937, "y": 584.9834645669291, "w": 25, "h": 25, "jsonClass": "Widget"}, {"x": 874.8944881889764, "y": 584.9834645669291, "w": 25, "h": 25, "jsonClass": "Widget"}, {"x": 574.9968503937008, "y": 184.72204724409448, "w": 25, "h": 25, "jsonClass": "Widget"}, {"x": 708.3275590551182, "y": 184.72204724409448, "w": 25, "h": 25, "jsonClass": "Widget"}, {"x": 874.9968503937008, "y": 184.72204724409448, "w": 25, "h": 25, "jsonClass": "Widget"}, {"x": 574.9968503937008, "y": 318.06141732283464, "w": 25, "h": 25, "jsonClass": "Widget"}, {"x": 708.3275590551182, "y": 318.06141732283464, "w": 25, "h": 25, "jsonClass": "Widget"}, {"x": 874.9968503937008, "y": 318.06141732283464, "w": 25, "h": 25, "jsonClass": "Widget"}, {"x": 574.9968503937008, "y": 351.392125984252, "w": 25, "h": 25, "jsonClass": "Widget"}, {"x": 708.3275590551182, "y": 351.392125984252, "w": 25, "h": 25, "jsonClass": "Widget"}, {"x": 874.9968503937008, "y": 351.392125984252, "w": 25, "h": 25, "jsonClass": "Widget"}, {"x": 574.9968503937008, "y": 384.72204724409454, "w": 25, "h": 25, "jsonClass": "Widget"}, {"x": 708.3275590551182, "y": 384.72204724409454, "w": 25, "h": 25, "jsonClass": "Widget"}, {"x": 874.9968503937008, "y": 384.72204724409454, "w": 25, "h": 25, "jsonClass": "Widget"}, {"x": 574.9968503937008, "y": 418.06141732283464, "w": 25, "h": 25, "jsonClass": "Widget"}, {"x": 708.3275590551182, "y": 418.06141732283464, "w": 25, "h": 25, "jsonClass": "Widget"}, {"x": 874.9968503937008, "y": 418.06141732283464, "w": 25, "h": 25, "jsonClass": "Widget"}, {"x": 574.9968503937008, "y": 451.39212598425195, "w": 25, "h": 25, "jsonClass": "Widget"}, {"x": 708.3275590551182, "y": 451.39212598425195, "w": 25, "h": 25, "jsonClass": "Widget"}, {"x": 874.9968503937008, "y": 451.39212598425195, "w": 25, "h": 25, "jsonClass": "Widget"}, {"x": 574.9968503937008, "y": 484.7220472440945, "w": 25, "h": 25, "jsonClass": "Widget"}, {"x": 708.3275590551182, "y": 484.7220472440945, "w": 25, "h": 25, "jsonClass": "Widget"}, {"x": 874.9968503937008, "y": 484.7220472440945, "w": 25, "h": 25, "jsonClass": "Widget"}, {"x": 574.9968503937008, "y": 518.0614173228347, "w": 25, "h": 25, "jsonClass": "Widget"}, {"x": 708.3275590551182, "y": 518.0614173228347, "w": 25, "h": 25, "jsonClass": "Widget"}, {"x": 874.9968503937008, "y": 518.0614173228347, "w": 25, "h": 25, "jsonClass": "Widget"}, {"x": 574.8944881889764, "y": 618.3141732283465, "w": 25, "h": 25, "jsonClass": "Widget"}, {"x": 708.2251968503937, "y": 618.3141732283465, "w": 25, "h": 25, "jsonClass": "Widget"}, {"x": 874.8944881889764, "y": 618.3141732283465, "w": 25, "h": 25, "jsonClass": "Widget"}, {"x": 150.6913385826772, "y": 148.83307086614172, "w": 22.22204724409449, "h": 22.22204724409449, "jsonClass": "Widget"}, {"x": 116.11102362204726, "y": 955.0858267716535, "w": 1485.4078740157481, "h": 66.66929133858268, "jsonClass": "Widget"}, {"x": 108.32755905511812, "y": 873.3275590551182, "w": 25, "h": 25, "jsonClass": "Widget"}, {"x": 224.99685039370078, "y": 873.3275590551182, "w": 25, "h": 25, "jsonClass": "Widget"}, {"x": 150, "y": 1260.716535433071, "w": 1450, "h": 68.41653543307088, "jsonClass": "Widget"}, {"x": 149.33858267716533, "y": 1158.5110236220473, "w": 1450, "h": 66.5275590551181, "jsonClass": "Widget"}, {"x": 108.32755905511812, "y": 1097.58031496063, "w": 25, "h": 25, "jsonClass": "Widget"}, {"x": 224.99685039370078, "y": 1097.58031496063, "w": 25, "h": 25, "jsonClass": "Widget"}, {"x": 221.68897637795277, "y": 1413.036220472441, "w": 25, "h": 25, "jsonClass": "Widget"}, {"x": 105.0220472440945, "y": 1413.036220472441, "w": 25, "h": 25, "jsonClass": "Widget"}, {"x": 447.25826771653544, "y": 1493.036220472441, "w": 25, "h": 25, "jsonClass": "Widget"}, {"x": 626.5330708661418, "y": 1493.036220472441, "w": 25, "h": 25, "jsonClass": "Widget"}, {"x": 447.25826771653544, "y": 1535.6669291338583, "w": 25, "h": 25, "jsonClass": "Widget"}, {"x": 626.5330708661418, "y": 1535.6669291338583, "w": 25, "h": 25, "jsonClass": "Widget"}, {"x": 447.25826771653544, "y": 1585.8889763779528, "w": 25, "h": 25, "jsonClass": "Widget"}, {"x": 626.5330708661418, "y": 1585.8889763779528, "w": 25, "h": 25, "jsonClass": "Widget"}, {"x": 447.25826771653544, "y": 1628.5165354330709, "w": 25, "h": 25, "jsonClass": "Widget"}, {"x": 626.5330708661418, "y": 1628.5165354330709, "w": 25, "h": 25, "jsonClass": "Widget"}], "ChoiceGroupTitle": [{"x": 483, "y": 290, "w": 38, "h": 20, "jsonClass": "ChoiceGroupTitle"}, {"x": 483, "y": 257, "w": 51, "h": 19, "jsonClass": "ChoiceGroupTitle"}, {"x": 483, "y": 557, "w": 38, "h": 19, "jsonClass": "ChoiceGroupTitle"}, {"x": 483, "y": 224, "w": 38, "h": 19, "jsonClass": "ChoiceGroupTitle"}, {"x": 483, "y": 591, "w": 51, "h": 19, "jsonClass": "ChoiceGroupTitle"}, {"x": 483, "y": 190, "w": 51, "h": 20, "jsonClass": "ChoiceGroupTitle"}, {"x": 483, "y": 324, "w": 51, "h": 19, "jsonClass": "ChoiceGroupTitle"}, {"x": 483, "y": 357, "w": 38, "h": 19, "jsonClass": "ChoiceGroupTitle"}, {"x": 483, "y": 390, "w": 51, "h": 20, "jsonClass": "ChoiceGroupTitle"}, {"x": 483, "y": 424, "w": 38, "h": 19, "jsonClass": "ChoiceGroupTitle"}, {"x": 483, "y": 457, "w": 51, "h": 19, "jsonClass": "ChoiceGroupTitle"}, {"x": 483, "y": 490, "w": 38, "h": 20, "jsonClass": "ChoiceGroupTitle"}, {"x": 483, "y": 524, "w": 51, "h": 19, "jsonClass": "ChoiceGroupTitle"}, {"x": 483, "y": 624, "w": 38, "h": 19, "jsonClass": "ChoiceGroupTitle"}, {"x": 100, "y": 103, "w": 470, "h": 20, "jsonClass": "ChoiceGroupTitle"}, {"x": 90, "y": 818, "w": 1519, "h": 22, "jsonClass": "ChoiceGroupTitle"}, {"x": 98, "y": 1070, "w": 354, "h": 19, "jsonClass": "ChoiceGroupTitle"}, {"x": 352, "y": 1499, "w": 50, "h": 20, "jsonClass": "ChoiceGroupTitle"}, {"x": 352, "y": 1541, "w": 37, "h": 19, "jsonClass": "ChoiceGroupTitle"}, {"x": 350, "y": 1592, "w": 51, "h": 19, "jsonClass": "ChoiceGroupTitle"}, {"x": 350, "y": 1634, "w": 38, "h": 19, "jsonClass": "ChoiceGroupTitle"}], "Field": [{"x": 150, "y": 668, "w": 1450, "h": 99.48031496062993, "jsonClass": "Field"}, {"x": 104, "y": 923, "w": 1497.5188976377954, "h": 98.75511811023614, "jsonClass": "Field"}, {"x": 150, "y": 1234, "w": 1450, "h": 95.1330708661419, "jsonClass": "Field"}, {"x": 149.33858267716533, "y": 1136, "w": 1450, "h": 89.03858267716532, "jsonClass": "Field"}, {"x": 221.68897637795277, "y": 1413.036220472441, "w": 66.31102362204723, "h": 25, "jsonClass": "Field"}, {"x": 105.0220472440945, "y": 1413.036220472441, "w": 74.9779527559055, "h": 25, "jsonClass": "Field"}, {"x": 574.9968503937008, "y": 284.7220472440945, "w": 104.00314960629919, "h": 25.277952755905517, "jsonClass": "ChoiceField"}, {"x": 708.3275590551182, "y": 284.7220472440945, "w": 135.67244094488183, "h": 25.277952755905517, "jsonClass": "ChoiceField"}, {"x": 874.9968503937008, "y": 284.7220472440945, "w": 102.00314960629919, "h": 25.277952755905517, "jsonClass": "ChoiceField"}, {"x": 574.9968503937008, "y": 251.39212598425198, "w": 104.00314960629919, "h": 24.99999999999997, "jsonClass": "ChoiceField"}, {"x": 708.3275590551182, "y": 251.39212598425198, "w": 135.67244094488183, "h": 24.99999999999997, "jsonClass": "ChoiceField"}, {"x": 874.9968503937008, "y": 251.39212598425198, "w": 102.00314960629919, "h": 24.99999999999997, "jsonClass": "ChoiceField"}, {"x": 574.9968503937008, "y": 551.3921259842521, "w": 104.00314960629919, "h": 25, "jsonClass": "ChoiceField"}, {"x": 708.3275590551182, "y": 551.3921259842521, "w": 135.67244094488183, "h": 25, "jsonClass": "ChoiceField"}, {"x": 874.9968503937008, "y": 551.3921259842521, "w": 102.00314960629919, "h": 25, "jsonClass": "ChoiceField"}, {"x": 574.9968503937008, "y": 218.06141732283467, "w": 104.00314960629919, "h": 25, "jsonClass": "ChoiceField"}, {"x": 708.3275590551182, "y": 218.06141732283467, "w": 135.67244094488183, "h": 25, "jsonClass": "ChoiceField"}, {"x": 874.9968503937008, "y": 218.06141732283467, "w": 102.00314960629919, "h": 25, "jsonClass": "ChoiceField"}, {"x": 574.8944881889764, "y": 584.9834645669291, "w": 104.10551181102358, "h": 25.016535433070885, "jsonClass": "ChoiceField"}, {"x": 708.2251968503937, "y": 584.9834645669291, "w": 135.77480314960633, "h": 25.016535433070885, "jsonClass": "ChoiceField"}, {"x": 874.8944881889764, "y": 584.9834645669291, "w": 102.10551181102358, "h": 25.016535433070885, "jsonClass": "ChoiceField"}, {"x": 574.9968503937008, "y": 184.72204724409448, "w": 104.00314960629919, "h": 25.277952755905517, "jsonClass": "ChoiceField"}, {"x": 708.3275590551182, "y": 184.72204724409448, "w": 135.67244094488183, "h": 25.277952755905517, "jsonClass": "ChoiceField"}, {"x": 874.9968503937008, "y": 184.72204724409448, "w": 102.00314960629919, "h": 25.277952755905517, "jsonClass": "ChoiceField"}, {"x": 574.9968503937008, "y": 318.06141732283464, "w": 104.00314960629919, "h": 25, "jsonClass": "ChoiceField"}, {"x": 708.3275590551182, "y": 318.06141732283464, "w": 135.67244094488183, "h": 25, "jsonClass": "ChoiceField"}, {"x": 874.9968503937008, "y": 318.06141732283464, "w": 102.00314960629919, "h": 25, "jsonClass": "ChoiceField"}, {"x": 574.9968503937008, "y": 351.392125984252, "w": 104.00314960629919, "h": 25, "jsonClass": "ChoiceField"}, {"x": 708.3275590551182, "y": 351.392125984252, "w": 135.67244094488183, "h": 25, "jsonClass": "ChoiceField"}, {"x": 874.9968503937008, "y": 351.392125984252, "w": 102.00314960629919, "h": 25, "jsonClass": "ChoiceField"}, {"x": 574.9968503937008, "y": 384.72204724409454, "w": 104.00314960629919, "h": 25.27795275590546, "jsonClass": "ChoiceField"}, {"x": 708.3275590551182, "y": 384.72204724409454, "w": 135.67244094488183, "h": 25.27795275590546, "jsonClass": "ChoiceField"}, {"x": 874.9968503937008, "y": 384.72204724409454, "w": 102.00314960629919, "h": 25.27795275590546, "jsonClass": "ChoiceField"}, {"x": 574.9968503937008, "y": 418.06141732283464, "w": 104.00314960629919, "h": 25, "jsonClass": "ChoiceField"}, {"x": 708.3275590551182, "y": 418.06141732283464, "w": 135.67244094488183, "h": 25, "jsonClass": "ChoiceField"}, {"x": 874.9968503937008, "y": 418.06141732283464, "w": 102.00314960629919, "h": 25, "jsonClass": "ChoiceField"}, {"x": 574.9968503937008, "y": 451.39212598425195, "w": 104.00314960629919, "h": 25, "jsonClass": "ChoiceField"}, {"x": 708.3275590551182, "y": 451.39212598425195, "w": 135.67244094488183, "h": 25, "jsonClass": "ChoiceField"}, {"x": 874.9968503937008, "y": 451.39212598425195, "w": 102.00314960629919, "h": 25, "jsonClass": "ChoiceField"}, {"x": 574.9968503937008, "y": 484.7220472440945, "w": 104.00314960629919, "h": 25.277952755905517, "jsonClass": "ChoiceField"}, {"x": 708.3275590551182, "y": 484.7220472440945, "w": 135.67244094488183, "h": 25.277952755905517, "jsonClass": "ChoiceField"}, {"x": 874.9968503937008, "y": 484.7220472440945, "w": 102.00314960629919, "h": 25.277952755905517, "jsonClass": "ChoiceField"}, {"x": 574.9968503937008, "y": 518.0614173228347, "w": 104.00314960629919, "h": 25, "jsonClass": "ChoiceField"}, {"x": 708.3275590551182, "y": 518.0614173228347, "w": 135.67244094488183, "h": 25, "jsonClass": "ChoiceField"}, {"x": 874.9968503937008, "y": 518.0614173228347, "w": 102.00314960629919, "h": 25, "jsonClass": "ChoiceField"}, {"x": 574.8944881889764, "y": 618.3141732283465, "w": 104.10551181102358, "h": 25, "jsonClass": "ChoiceField"}, {"x": 708.2251968503937, "y": 618.3141732283465, "w": 135.77480314960633, "h": 25, "jsonClass": "ChoiceField"}, {"x": 874.8944881889764, "y": 618.3141732283465, "w": 102.10551181102358, "h": 25, "jsonClass": "ChoiceField"}, {"x": 150.6913385826772, "y": 148.83307086614172, "w": 117.30866141732281, "h": 22.222047244094483, "jsonClass": "ChoiceField"}, {"x": 108.32755905511812, "y": 873.3275590551182, "w": 75.67244094488188, "h": 25, "jsonClass": "ChoiceField"}, {"x": 224.99685039370078, "y": 873.3275590551182, "w": 67.00314960629922, "h": 25, "jsonClass": "ChoiceField"}, {"x": 108.32755905511812, "y": 1097.58031496063, "w": 75.67244094488188, "h": 25.41968503937005, "jsonClass": "ChoiceField"}, {"x": 224.99685039370078, "y": 1097.58031496063, "w": 67.00314960629922, "h": 25.41968503937005, "jsonClass": "ChoiceField"}, {"x": 447.25826771653544, "y": 1493.036220472441, "w": 109.74173228346456, "h": 25, "jsonClass": "ChoiceField"}, {"x": 626.5330708661418, "y": 1493.036220472441, "w": 112.46692913385823, "h": 25, "jsonClass": "ChoiceField"}, {"x": 447.25826771653544, "y": 1535.6669291338583, "w": 109.74173228346456, "h": 25.333070866141725, "jsonClass": "ChoiceField"}, {"x": 626.5330708661418, "y": 1535.6669291338583, "w": 112.46692913385823, "h": 25, "jsonClass": "ChoiceField"}, {"x": 447.25826771653544, "y": 1585.8889763779528, "w": 109.74173228346456, "h": 25.11102362204724, "jsonClass": "ChoiceField"}, {"x": 626.5330708661418, "y": 1585.8889763779528, "w": 112.46692913385823, "h": 25, "jsonClass": "ChoiceField"}, {"x": 447.25826771653544, "y": 1628.5165354330709, "w": 109.74173228346456, "h": 25.483464566929115, "jsonClass": "ChoiceField"}, {"x": 626.5330708661418, "y": 1628.5165354330709, "w": 112.46692913385823, "h": 25, "jsonClass": "ChoiceField"}], "SectionTitle": [{"x": 96, "y": 64, "w": 868, "h": 23, "jsonClass": "SectionTitle"}, {"x": 101, "y": 785, "w": 863, "h": 22, "jsonClass": "SectionTitle"}, {"x": 98, "y": 1039, "w": 779, "h": 22, "jsonClass": "SectionTitle"}, {"x": 98, "y": 1343, "w": 981, "h": 22, "jsonClass": "SectionTitle"}, {"x": 97, "y": 1724, "w": 1378, "h": 22, "jsonClass": "SectionTitle"}], "Footer": [{"x": 79, "y": 2089.03125, "w": 1547, "h": 31, "jsonClass": "Footer"}]}