{"TextBlock": [{"x": 85, "y": 56, "w": 333, "h": 80, "jsonClass": "TextBlock"}, {"x": 84, "y": 2111, "w": 299, "h": 20, "jsonClass": "TextBlock"}, {"x": 1418, "y": 2144, "w": 177, "h": 17, "jsonClass": "TextBlock"}, {"x": 84, "y": 2144, "w": 52, "h": 17, "jsonClass": "TextBlock"}, {"x": 840, "y": 2111, "w": 55, "h": 20, "jsonClass": "TextBlock"}, {"x": 83, "y": 323, "w": 611, "h": 19, "jsonClass": "TextBlock"}, {"x": 85, "y": 190, "w": 201, "h": 16, "jsonClass": "TextBlock"}, {"x": 1367, "y": 190, "w": 176, "h": 16, "jsonClass": "TextBlock"}, {"x": 85, "y": 256, "w": 577, "h": 20, "jsonClass": "TextBlock"}, {"x": 1367, "y": 256, "w": 258, "h": 17, "jsonClass": "TextBlock"}, {"x": 846, "y": 323, "w": 655, "h": 19, "jsonClass": "TextBlock"}, {"x": 85, "y": 2048, "w": 684, "h": 39, "jsonClass": "TextBlock"}, {"x": 846, "y": 2039, "w": 97, "h": 17, "jsonClass": "TextBlock"}, {"x": 1467, "y": 2039, "w": 139, "h": 17, "jsonClass": "TextBlock"}, {"x": 120, "y": 1993, "w": 101, "h": 17, "jsonClass": "TextBlock"}, {"x": 86, "y": 1992, "w": 22, "h": 22, "jsonClass": "TextBlock"}, {"x": 86, "y": 1926, "w": 22, "h": 22, "jsonClass": "TextBlock"}, {"x": 120, "y": 1927, "w": 137, "h": 16, "jsonClass": "TextBlock"}, {"x": 86, "y": 1858, "w": 22, "h": 23, "jsonClass": "TextBlock"}, {"x": 120, "y": 1850, "w": 108, "h": 36, "jsonClass": "TextBlock"}, {"x": 394, "y": 1810, "w": 172, "h": 17, "jsonClass": "TextBlock"}, {"x": 94, "y": 1810, "w": 170, "h": 17, "jsonClass": "TextBlock"}, {"x": 737, "y": 1809, "w": 45, "h": 17, "jsonClass": "TextBlock"}, {"x": 852, "y": 1992, "w": 19, "h": 22, "jsonClass": "TextBlock"}, {"x": 851, "y": 1926, "w": 21, "h": 22, "jsonClass": "TextBlock"}, {"x": 1029, "y": 1910, "w": 34, "h": 17, "jsonClass": "TextBlock"}, {"x": 1029, "y": 1940, "w": 25, "h": 16, "jsonClass": "TextBlock"}, {"x": 885, "y": 1839, "w": 114, "h": 57, "jsonClass": "TextBlock"}, {"x": 850, "y": 1858, "w": 23, "h": 23, "jsonClass": "TextBlock"}, {"x": 1518, "y": 1810, "w": 45, "h": 17, "jsonClass": "TextBlock"}, {"x": 1184, "y": 1810, "w": 172, "h": 17, "jsonClass": "TextBlock"}, {"x": 885, "y": 1809, "w": 151, "h": 17, "jsonClass": "TextBlock"}, {"x": 1167, "y": 473, "w": 145, "h": 16, "jsonClass": "TextBlock"}, {"x": 1369, "y": 473, "w": 160, "h": 16, "jsonClass": "TextBlock"}, {"x": 85, "y": 473, "w": 230, "h": 19, "jsonClass": "TextBlock"}, {"x": 846, "y": 473, "w": 245, "h": 16, "jsonClass": "TextBlock"}, {"x": 85, "y": 774, "w": 337, "h": 19, "jsonClass": "TextBlock"}, {"x": 265, "y": 905, "w": 115, "h": 14, "jsonClass": "TextBlock"}, {"x": 285, "y": 972, "w": 134, "h": 14, "jsonClass": "TextBlock"}, {"x": 745, "y": 905, "w": 85, "h": 14, "jsonClass": "TextBlock"}, {"x": 405, "y": 905, "w": 102, "h": 14, "jsonClass": "TextBlock"}, {"x": 83, "y": 972, "w": 106, "h": 14, "jsonClass": "TextBlock"}, {"x": 165, "y": 905, "w": 81, "h": 14, "jsonClass": "TextBlock"}, {"x": 525, "y": 905, "w": 127, "h": 14, "jsonClass": "TextBlock"}, {"x": 485, "y": 972, "w": 141, "h": 14, "jsonClass": "TextBlock"}, {"x": 83, "y": 905, "w": 71, "h": 14, "jsonClass": "TextBlock"}, {"x": 85, "y": 573, "w": 84, "h": 17, "jsonClass": "TextBlock"}, {"x": 185, "y": 573, "w": 199, "h": 17, "jsonClass": "TextBlock"}, {"x": 83, "y": 640, "w": 84, "h": 17, "jsonClass": "TextBlock"}, {"x": 185, "y": 640, "w": 191, "h": 17, "jsonClass": "TextBlock"}, {"x": 85, "y": 707, "w": 84, "h": 16, "jsonClass": "TextBlock"}, {"x": 185, "y": 707, "w": 189, "h": 16, "jsonClass": "TextBlock"}, {"x": 685, "y": 972, "w": 114, "h": 14, "jsonClass": "TextBlock"}, {"x": 85, "y": 1039, "w": 463, "h": 17, "jsonClass": "TextBlock"}, {"x": 1045, "y": 906, "w": 115, "h": 14, "jsonClass": "TextBlock"}, {"x": 848, "y": 774, "w": 317, "h": 19, "jsonClass": "TextBlock"}, {"x": 1306, "y": 906, "w": 182, "h": 14, "jsonClass": "TextBlock"}, {"x": 942, "y": 906, "w": 89, "h": 14, "jsonClass": "TextBlock"}, {"x": 1245, "y": 972, "w": 140, "h": 14, "jsonClass": "TextBlock"}, {"x": 1045, "y": 972, "w": 134, "h": 14, "jsonClass": "TextBlock"}, {"x": 1526, "y": 906, "w": 96, "h": 14, "jsonClass": "TextBlock"}, {"x": 847, "y": 905, "w": 79, "h": 14, "jsonClass": "TextBlock"}, {"x": 946, "y": 707, "w": 189, "h": 16, "jsonClass": "TextBlock"}, {"x": 846, "y": 573, "w": 83, "h": 17, "jsonClass": "TextBlock"}, {"x": 847, "y": 972, "w": 105, "h": 14, "jsonClass": "TextBlock"}, {"x": 1186, "y": 905, "w": 101, "h": 14, "jsonClass": "TextBlock"}, {"x": 946, "y": 573, "w": 199, "h": 17, "jsonClass": "TextBlock"}, {"x": 846, "y": 640, "w": 84, "h": 17, "jsonClass": "TextBlock"}, {"x": 946, "y": 640, "w": 190, "h": 17, "jsonClass": "TextBlock"}, {"x": 846, "y": 707, "w": 83, "h": 16, "jsonClass": "TextBlock"}, {"x": 847, "y": 1039, "w": 464, "h": 17, "jsonClass": "TextBlock"}, {"x": 1445, "y": 972, "w": 114, "h": 14, "jsonClass": "TextBlock"}, {"x": 585, "y": 1405, "w": 233, "h": 14, "jsonClass": "TextBlock"}, {"x": 846, "y": 1405, "w": 175, "h": 17, "jsonClass": "TextBlock"}, {"x": 846, "y": 1272, "w": 96, "h": 17, "jsonClass": "TextBlock"}, {"x": 1185, "y": 1272, "w": 137, "h": 17, "jsonClass": "TextBlock"}, {"x": 846, "y": 1340, "w": 219, "h": 17, "jsonClass": "TextBlock"}, {"x": 85, "y": 1272, "w": 236, "h": 17, "jsonClass": "TextBlock"}, {"x": 115.515625, "y": 1294.0312713069695, "w": 78, "h": 15, "jsonClass": "TextBlock"}, {"x": 1385, "y": 1406, "w": 222, "h": 17, "jsonClass": "TextBlock"}, {"x": 1500, "y": 1428, "w": 101, "h": 33, "jsonClass": "TextBlock"}, {"x": 85, "y": 1340, "w": 76, "h": 17, "jsonClass": "TextBlock"}, {"x": 85, "y": 1407, "w": 185, "h": 16, "jsonClass": "TextBlock"}, {"x": 1385, "y": 1340, "w": 235, "h": 17, "jsonClass": "TextBlock"}, {"x": 115.515625, "y": 1307.03125, "w": 99, "h": 23, "jsonClass": "TextBlock"}, {"x": 234.515625, "y": 1291.03125, "w": 204, "h": 16, "jsonClass": "TextBlock"}, {"x": 232.515625, "y": 1306.03125, "w": 237, "h": 22, "jsonClass": "TextBlock"}, {"x": 483.515625, "y": 1286.03125, "w": 169, "h": 24, "jsonClass": "TextBlock"}, {"x": 483.515625, "y": 1309.040547162977, "w": 274, "h": 20.446938684837033, "jsonClass": "TextBlock"}, {"x": 877.515625, "y": 1288.03125, "w": 80, "h": 21, "jsonClass": "TextBlock"}, {"x": 880.515625, "y": 1309.03125, "w": 135, "h": 21, "jsonClass": "TextBlock"}, {"x": 1020.515625, "y": 1289.03125, "w": 148, "h": 20, "jsonClass": "TextBlock"}, {"x": 1020.515625, "y": 1309.03125, "w": 135, "h": 19, "jsonClass": "TextBlock"}, {"x": 1427, "y": 1308, "w": 34, "h": 17, "jsonClass": "TextBlock"}, {"x": 1546, "y": 1308, "w": 25, "h": 17, "jsonClass": "TextBlock"}, {"x": 84, "y": 1640, "w": 212, "h": 17, "jsonClass": "TextBlock"}, {"x": 326, "y": 1640, "w": 151, "h": 17, "jsonClass": "TextBlock"}, {"x": 1042, "y": 1742, "w": 159, "h": 16, "jsonClass": "TextBlock"}, {"x": 85, "y": 1507, "w": 200, "h": 17, "jsonClass": "TextBlock"}, {"x": 586, "y": 1505, "w": 168, "h": 17, "jsonClass": "TextBlock"}, {"x": 785, "y": 1640, "w": 72, "h": 17, "jsonClass": "TextBlock"}, {"x": 326, "y": 1706, "w": 208, "h": 16, "jsonClass": "TextBlock"}, {"x": 566, "y": 1640, "w": 207, "h": 17, "jsonClass": "TextBlock"}, {"x": 84, "y": 1706, "w": 203, "h": 17, "jsonClass": "TextBlock"}, {"x": 1386, "y": 1505, "w": 205, "h": 14, "jsonClass": "TextBlock"}, {"x": 846, "y": 1505, "w": 217, "h": 17, "jsonClass": "TextBlock"}, {"x": 1006, "y": 1640, "w": 314, "h": 17, "jsonClass": "TextBlock"}, {"x": 84, "y": 1573, "w": 203, "h": 16, "jsonClass": "TextBlock"}, {"x": 586, "y": 1573, "w": 501, "h": 19, "jsonClass": "TextBlock"}, {"x": 567, "y": 1706, "w": 177, "h": 13, "jsonClass": "TextBlock"}, {"x": 786, "y": 1706, "w": 194, "h": 16, "jsonClass": "TextBlock"}, {"x": 1006, "y": 1706, "w": 132, "h": 16, "jsonClass": "TextBlock"}, {"x": 1226, "y": 1706, "w": 152, "h": 13, "jsonClass": "TextBlock"}, {"x": 1423, "y": 1706, "w": 182, "h": 13, "jsonClass": "TextBlock"}, {"x": 621, "y": 1547, "w": 133, "h": 16, "jsonClass": "TextBlock"}, {"x": 618.515625, "y": 1526.03125, "w": 105, "h": 18, "jsonClass": "TextBlock"}, {"x": 115.515625, "y": 1525.03125, "w": 222, "h": 18, "jsonClass": "TextBlock"}, {"x": 114.515625, "y": 1540.03125, "w": 204, "h": 25, "jsonClass": "TextBlock"}, {"x": 345.515625, "y": 1523.03125, "w": 142, "h": 20, "jsonClass": "TextBlock"}, {"x": 345.515625, "y": 1541.03125, "w": 232, "h": 21, "jsonClass": "TextBlock"}, {"x": 1258.515625, "y": 1735.03125, "w": 71, "h": 27, "jsonClass": "TextBlock"}, {"x": 1338.515625, "y": 1735.03125, "w": 64, "h": 27, "jsonClass": "TextBlock"}, {"x": 1136, "y": 2113, "w": 470, "h": 16, "jsonClass": "TextBlock"}, {"x": 885, "y": 1906, "w": 80, "h": 57, "jsonClass": "ChoiceGroupTitle"}, {"x": 1385, "y": 1272, "w": 234, "h": 28, "jsonClass": "ChoiceGroupTitle"}, {"x": 83, "y": 160, "w": 811, "h": 23, "jsonClass": "SectionTitle"}, {"x": 85, "y": 1779, "w": 695, "h": 23, "jsonClass": "SectionTitle"}, {"x": 83, "y": 541, "w": 156, "h": 23, "jsonClass": "SectionTitle"}, {"x": 848, "y": 541, "w": 186, "h": 23, "jsonClass": "SectionTitle"}, {"x": 85, "y": 1239, "w": 192, "h": 23, "jsonClass": "SectionTitle"}, {"x": 85, "y": 1476, "w": 174, "h": 22, "jsonClass": "SectionTitle"}, {"x": 83, "y": 444, "w": 1146, "h": 23, "jsonClass": "SectionTitle"}, {"x": 553, "y": 102, "w": 594, "h": 34, "jsonClass": "HeaderTitle"}], "TextRun": [{"x": 85, "y": 56, "w": 162, "h": 20, "jsonClass": "TextRun"}, {"x": 85, "y": 76, "w": 89, "h": 20, "jsonClass": "TextRun"}, {"x": 85, "y": 96, "w": 333, "h": 20, "jsonClass": "TextRun"}, {"x": 85, "y": 116, "w": 251, "h": 20, "jsonClass": "TextRun"}, {"x": 84, "y": 2111, "w": 299, "h": 20, "jsonClass": "TextRun"}, {"x": 1418, "y": 2144, "w": 177, "h": 17, "jsonClass": "TextRun"}, {"x": 84, "y": 2144, "w": 52, "h": 17, "jsonClass": "TextRun"}, {"x": 840, "y": 2111, "w": 55, "h": 20, "jsonClass": "TextRun"}, {"x": 83, "y": 325, "w": 222, "h": 17, "jsonClass": "TextRun"}, {"x": 305, "y": 323, "w": 389, "h": 19, "jsonClass": "TextRun"}, {"x": 85, "y": 190, "w": 201, "h": 16, "jsonClass": "TextRun"}, {"x": 1367, "y": 190, "w": 176, "h": 16, "jsonClass": "TextRun"}, {"x": 85, "y": 259, "w": 331, "h": 16, "jsonClass": "TextRun"}, {"x": 416, "y": 256, "w": 246, "h": 20, "jsonClass": "TextRun"}, {"x": 1367, "y": 256, "w": 258, "h": 17, "jsonClass": "TextRun"}, {"x": 846, "y": 325, "w": 226, "h": 17, "jsonClass": "TextRun"}, {"x": 1072, "y": 323, "w": 429, "h": 19, "jsonClass": "TextRun"}, {"x": 83, "y": 160, "w": 299, "h": 22, "jsonClass": "TextRun"}, {"x": 382, "y": 160, "w": 512, "h": 23, "jsonClass": "TextRun"}, {"x": 85, "y": 2048, "w": 684, "h": 19, "jsonClass": "TextRun"}, {"x": 85, "y": 2068, "w": 597, "h": 19, "jsonClass": "TextRun"}, {"x": 846, "y": 2039, "w": 97, "h": 17, "jsonClass": "TextRun"}, {"x": 1467, "y": 2039, "w": 139, "h": 17, "jsonClass": "TextRun"}, {"x": 120, "y": 1993, "w": 101, "h": 17, "jsonClass": "TextRun"}, {"x": 86, "y": 1992, "w": 22, "h": 22, "jsonClass": "TextRun"}, {"x": 86, "y": 1926, "w": 22, "h": 22, "jsonClass": "TextRun"}, {"x": 120, "y": 1927, "w": 137, "h": 16, "jsonClass": "TextRun"}, {"x": 86, "y": 1858, "w": 22, "h": 23, "jsonClass": "TextRun"}, {"x": 120, "y": 1850, "w": 84, "h": 16, "jsonClass": "TextRun"}, {"x": 120, "y": 1870, "w": 108, "h": 16, "jsonClass": "TextRun"}, {"x": 394, "y": 1810, "w": 172, "h": 17, "jsonClass": "TextRun"}, {"x": 94, "y": 1810, "w": 170, "h": 17, "jsonClass": "TextRun"}, {"x": 737, "y": 1809, "w": 45, "h": 17, "jsonClass": "TextRun"}, {"x": 852, "y": 1992, "w": 19, "h": 22, "jsonClass": "TextRun"}, {"x": 851, "y": 1926, "w": 21, "h": 22, "jsonClass": "TextRun"}, {"x": 1029, "y": 1910, "w": 34, "h": 17, "jsonClass": "TextRun"}, {"x": 1029, "y": 1940, "w": 25, "h": 16, "jsonClass": "TextRun"}, {"x": 885, "y": 1906, "w": 54, "h": 17, "jsonClass": "TextRun"}, {"x": 885, "y": 1926, "w": 77, "h": 17, "jsonClass": "TextRun"}, {"x": 885, "y": 1946, "w": 80, "h": 17, "jsonClass": "TextRun"}, {"x": 885, "y": 1839, "w": 78, "h": 17, "jsonClass": "TextRun"}, {"x": 885, "y": 1859, "w": 97, "h": 17, "jsonClass": "TextRun"}, {"x": 885, "y": 1879, "w": 114, "h": 17, "jsonClass": "TextRun"}, {"x": 850, "y": 1858, "w": 23, "h": 23, "jsonClass": "TextRun"}, {"x": 1518, "y": 1810, "w": 45, "h": 17, "jsonClass": "TextRun"}, {"x": 1184, "y": 1810, "w": 172, "h": 17, "jsonClass": "TextRun"}, {"x": 885, "y": 1809, "w": 151, "h": 17, "jsonClass": "TextRun"}, {"x": 85, "y": 1779, "w": 358, "h": 22, "jsonClass": "TextRun"}, {"x": 443, "y": 1779, "w": 337, "h": 23, "jsonClass": "TextRun"}, {"x": 1167, "y": 473, "w": 145, "h": 16, "jsonClass": "TextRun"}, {"x": 1369, "y": 473, "w": 160, "h": 16, "jsonClass": "TextRun"}, {"x": 85, "y": 475, "w": 72, "h": 17, "jsonClass": "TextRun"}, {"x": 157, "y": 473, "w": 158, "h": 19, "jsonClass": "TextRun"}, {"x": 846, "y": 473, "w": 245, "h": 16, "jsonClass": "TextRun"}, {"x": 85, "y": 774, "w": 337, "h": 19, "jsonClass": "TextRun"}, {"x": 265, "y": 905, "w": 115, "h": 14, "jsonClass": "TextRun"}, {"x": 285, "y": 972, "w": 134, "h": 14, "jsonClass": "TextRun"}, {"x": 745, "y": 905, "w": 85, "h": 14, "jsonClass": "TextRun"}, {"x": 405, "y": 905, "w": 102, "h": 14, "jsonClass": "TextRun"}, {"x": 83, "y": 972, "w": 106, "h": 14, "jsonClass": "TextRun"}, {"x": 165, "y": 905, "w": 81, "h": 14, "jsonClass": "TextRun"}, {"x": 525, "y": 905, "w": 127, "h": 14, "jsonClass": "TextRun"}, {"x": 485, "y": 972, "w": 141, "h": 14, "jsonClass": "TextRun"}, {"x": 83, "y": 905, "w": 71, "h": 14, "jsonClass": "TextRun"}, {"x": 85, "y": 573, "w": 84, "h": 17, "jsonClass": "TextRun"}, {"x": 185, "y": 573, "w": 199, "h": 17, "jsonClass": "TextRun"}, {"x": 83, "y": 640, "w": 84, "h": 17, "jsonClass": "TextRun"}, {"x": 185, "y": 640, "w": 191, "h": 17, "jsonClass": "TextRun"}, {"x": 85, "y": 707, "w": 84, "h": 16, "jsonClass": "TextRun"}, {"x": 185, "y": 707, "w": 189, "h": 16, "jsonClass": "TextRun"}, {"x": 685, "y": 972, "w": 114, "h": 14, "jsonClass": "TextRun"}, {"x": 85, "y": 1039, "w": 463, "h": 17, "jsonClass": "TextRun"}, {"x": 83, "y": 541, "w": 156, "h": 23, "jsonClass": "TextRun"}, {"x": 1045, "y": 906, "w": 115, "h": 14, "jsonClass": "TextRun"}, {"x": 848, "y": 774, "w": 317, "h": 19, "jsonClass": "TextRun"}, {"x": 1306, "y": 906, "w": 182, "h": 14, "jsonClass": "TextRun"}, {"x": 942, "y": 906, "w": 89, "h": 14, "jsonClass": "TextRun"}, {"x": 1245, "y": 972, "w": 140, "h": 14, "jsonClass": "TextRun"}, {"x": 1045, "y": 972, "w": 134, "h": 14, "jsonClass": "TextRun"}, {"x": 1526, "y": 906, "w": 96, "h": 14, "jsonClass": "TextRun"}, {"x": 847, "y": 905, "w": 79, "h": 14, "jsonClass": "TextRun"}, {"x": 946, "y": 707, "w": 189, "h": 16, "jsonClass": "TextRun"}, {"x": 846, "y": 573, "w": 83, "h": 17, "jsonClass": "TextRun"}, {"x": 847, "y": 972, "w": 105, "h": 14, "jsonClass": "TextRun"}, {"x": 1186, "y": 905, "w": 101, "h": 14, "jsonClass": "TextRun"}, {"x": 946, "y": 573, "w": 199, "h": 17, "jsonClass": "TextRun"}, {"x": 846, "y": 640, "w": 84, "h": 17, "jsonClass": "TextRun"}, {"x": 946, "y": 640, "w": 190, "h": 17, "jsonClass": "TextRun"}, {"x": 846, "y": 707, "w": 83, "h": 16, "jsonClass": "TextRun"}, {"x": 847, "y": 1039, "w": 464, "h": 17, "jsonClass": "TextRun"}, {"x": 1445, "y": 972, "w": 114, "h": 14, "jsonClass": "TextRun"}, {"x": 848, "y": 541, "w": 186, "h": 23, "jsonClass": "TextRun"}, {"x": 585, "y": 1405, "w": 233, "h": 14, "jsonClass": "TextRun"}, {"x": 846, "y": 1405, "w": 175, "h": 17, "jsonClass": "TextRun"}, {"x": 846, "y": 1272, "w": 96, "h": 17, "jsonClass": "TextRun"}, {"x": 1185, "y": 1272, "w": 137, "h": 17, "jsonClass": "TextRun"}, {"x": 846, "y": 1340, "w": 219, "h": 17, "jsonClass": "TextRun"}, {"x": 85, "y": 1272, "w": 236, "h": 17, "jsonClass": "TextRun"}, {"x": 115.515625, "y": 1294.0312713069695, "w": 78, "h": 15, "jsonClass": "TextRun"}, {"x": 1385, "y": 1406, "w": 222, "h": 17, "jsonClass": "TextRun"}, {"x": 1500, "y": 1428, "w": 89, "h": 17, "jsonClass": "TextRun"}, {"x": 1500, "y": 1445, "w": 101, "h": 16, "jsonClass": "TextRun"}, {"x": 85, "y": 1340, "w": 76, "h": 17, "jsonClass": "TextRun"}, {"x": 85, "y": 1407, "w": 185, "h": 16, "jsonClass": "TextRun"}, {"x": 1385, "y": 1340, "w": 235, "h": 17, "jsonClass": "TextRun"}, {"x": 115.515625, "y": 1307.03125, "w": 99, "h": 23, "jsonClass": "TextRun"}, {"x": 234.515625, "y": 1291.03125, "w": 204, "h": 16, "jsonClass": "TextRun"}, {"x": 232.515625, "y": 1306.03125, "w": 237, "h": 22, "jsonClass": "TextRun"}, {"x": 483.515625, "y": 1286.03125, "w": 169, "h": 24, "jsonClass": "TextRun"}, {"x": 483.515625, "y": 1309.040547162977, "w": 274, "h": 20.446938684837033, "jsonClass": "TextRun"}, {"x": 877.515625, "y": 1288.03125, "w": 80, "h": 21, "jsonClass": "TextRun"}, {"x": 880.515625, "y": 1309.03125, "w": 135, "h": 21, "jsonClass": "TextRun"}, {"x": 1020.515625, "y": 1289.03125, "w": 148, "h": 20, "jsonClass": "TextRun"}, {"x": 1020.515625, "y": 1309.03125, "w": 135, "h": 19, "jsonClass": "TextRun"}, {"x": 1427, "y": 1308, "w": 34, "h": 17, "jsonClass": "TextRun"}, {"x": 1546, "y": 1308, "w": 25, "h": 17, "jsonClass": "TextRun"}, {"x": 1385, "y": 1272, "w": 234, "h": 14, "jsonClass": "TextRun"}, {"x": 1385, "y": 1286, "w": 46, "h": 14, "jsonClass": "TextRun"}, {"x": 85, "y": 1239, "w": 192, "h": 23, "jsonClass": "TextRun"}, {"x": 84, "y": 1640, "w": 212, "h": 17, "jsonClass": "TextRun"}, {"x": 326, "y": 1640, "w": 151, "h": 17, "jsonClass": "TextRun"}, {"x": 1042, "y": 1742, "w": 159, "h": 16, "jsonClass": "TextRun"}, {"x": 85, "y": 1507, "w": 200, "h": 17, "jsonClass": "TextRun"}, {"x": 586, "y": 1505, "w": 168, "h": 17, "jsonClass": "TextRun"}, {"x": 785, "y": 1640, "w": 72, "h": 17, "jsonClass": "TextRun"}, {"x": 326, "y": 1706, "w": 208, "h": 16, "jsonClass": "TextRun"}, {"x": 566, "y": 1640, "w": 207, "h": 17, "jsonClass": "TextRun"}, {"x": 84, "y": 1706, "w": 203, "h": 17, "jsonClass": "TextRun"}, {"x": 1386, "y": 1505, "w": 205, "h": 14, "jsonClass": "TextRun"}, {"x": 846, "y": 1505, "w": 217, "h": 17, "jsonClass": "TextRun"}, {"x": 1006, "y": 1640, "w": 314, "h": 17, "jsonClass": "TextRun"}, {"x": 84, "y": 1573, "w": 203, "h": 16, "jsonClass": "TextRun"}, {"x": 586, "y": 1575, "w": 155, "h": 17, "jsonClass": "TextRun"}, {"x": 741, "y": 1573, "w": 346, "h": 19, "jsonClass": "TextRun"}, {"x": 567, "y": 1706, "w": 177, "h": 13, "jsonClass": "TextRun"}, {"x": 786, "y": 1706, "w": 194, "h": 16, "jsonClass": "TextRun"}, {"x": 1006, "y": 1706, "w": 132, "h": 16, "jsonClass": "TextRun"}, {"x": 1226, "y": 1706, "w": 152, "h": 13, "jsonClass": "TextRun"}, {"x": 1423, "y": 1706, "w": 182, "h": 13, "jsonClass": "TextRun"}, {"x": 621, "y": 1547, "w": 133, "h": 16, "jsonClass": "TextRun"}, {"x": 618.515625, "y": 1526.03125, "w": 105, "h": 18, "jsonClass": "TextRun"}, {"x": 115.515625, "y": 1525.03125, "w": 222, "h": 18, "jsonClass": "TextRun"}, {"x": 114.515625, "y": 1540.03125, "w": 204, "h": 25, "jsonClass": "TextRun"}, {"x": 345.515625, "y": 1523.03125, "w": 142, "h": 20, "jsonClass": "TextRun"}, {"x": 345.515625, "y": 1541.03125, "w": 232, "h": 21, "jsonClass": "TextRun"}, {"x": 1258.515625, "y": 1735.03125, "w": 71, "h": 27, "jsonClass": "TextRun"}, {"x": 1338.515625, "y": 1735.03125, "w": 64, "h": 27, "jsonClass": "TextRun"}, {"x": 85, "y": 1476, "w": 174, "h": 22, "jsonClass": "TextRun"}, {"x": 83, "y": 444, "w": 367, "h": 23, "jsonClass": "TextRun"}, {"x": 450, "y": 444, "w": 779, "h": 23, "jsonClass": "TextRun"}, {"x": 553, "y": 102, "w": 594, "h": 34, "jsonClass": "TextRun"}, {"x": 1136, "y": 2113, "w": 470, "h": 16, "jsonClass": "TextRun"}], "Field": [{"x": 83, "y": 323, "w": 752.4417322834646, "h": 107.43307086614175, "jsonClass": "Field"}, {"x": 85, "y": 190, "w": 1271.2188976377952, "h": 58.10866141732285, "jsonClass": "Field"}, {"x": 1364.644094488189, "y": 190, "w": 256.21968503937, "h": 58.10866141732285, "jsonClass": "Field"}, {"x": 85, "y": 256, "w": 1271.2188976377952, "h": 56.83622047244097, "jsonClass": "Field"}, {"x": 1364.644094488189, "y": 256, "w": 260.355905511811, "h": 56.83622047244097, "jsonClass": "Field"}, {"x": 845.9834645669291, "y": 323, "w": 774.8803149606299, "h": 107.43307086614175, "jsonClass": "Field"}, {"x": 846, "y": 2039, "w": 610.21968503937, "h": 56.74724409448845, "jsonClass": "Field"}, {"x": 1460.3141732283466, "y": 2039, "w": 164.56692913385814, "h": 56.8275590551184, "jsonClass": "Field"}, {"x": 1164.644094488189, "y": 473, "w": 164.56692913385837, "h": 56.13307086614179, "jsonClass": "Field"}, {"x": 1366.6913385826772, "y": 473, "w": 164.56692913385837, "h": 56.13307086614179, "jsonClass": "Field"}, {"x": 85, "y": 473, "w": 750.4299212598426, "h": 56.13307086614179, "jsonClass": "Field"}, {"x": 845.9834645669291, "y": 473, "w": 245.01653543307089, "h": 56.13622047244098, "jsonClass": "Field"}, {"x": 85, "y": 774, "w": 748.307874015748, "h": 121.74724409448822, "jsonClass": "Field"}, {"x": 265, "y": 905, "w": 130.82440944881893, "h": 57.438582677165414, "jsonClass": "Field"}, {"x": 285, "y": 972, "w": 192.2448818897638, "h": 55.16614173228345, "jsonClass": "Field"}, {"x": 745, "y": 905, "w": 88.30787401574798, "h": 57.361417322834654, "jsonClass": "Field"}, {"x": 405, "y": 905, "w": 109.56692913385825, "h": 57.361417322834654, "jsonClass": "Field"}, {"x": 83, "y": 972, "w": 194.08582677165356, "h": 55.16614173228345, "jsonClass": "Field"}, {"x": 165, "y": 905, "w": 89.17244094488188, "h": 57.361417322834654, "jsonClass": "Field"}, {"x": 525, "y": 905, "w": 206.25826771653556, "h": 57.361417322834654, "jsonClass": "Field"}, {"x": 485, "y": 972, "w": 192.0858267716535, "h": 55.16614173228345, "jsonClass": "Field"}, {"x": 83, "y": 905, "w": 73.2188976377953, "h": 57.361417322834654, "jsonClass": "Field"}, {"x": 85, "y": 573, "w": 90.03858267716535, "h": 56.13307086614168, "jsonClass": "Field"}, {"x": 185, "y": 573, "w": 651.2393700787401, "h": 56.13307086614168, "jsonClass": "Field"}, {"x": 83, "y": 640, "w": 92.03858267716535, "h": 55.747244094488224, "jsonClass": "Field"}, {"x": 185, "y": 640, "w": 651.2393700787401, "h": 55.747244094488224, "jsonClass": "Field"}, {"x": 85, "y": 707, "w": 90.03858267716535, "h": 55.361417322834654, "jsonClass": "Field"}, {"x": 185, "y": 707, "w": 651.2393700787401, "h": 55.361417322834654, "jsonClass": "Field"}, {"x": 685, "y": 972, "w": 150.43307086614175, "h": 55.16614173228345, "jsonClass": "Field"}, {"x": 85, "y": 1039, "w": 748.3055118110236, "h": 188.0858267716535, "jsonClass": "Field"}, {"x": 1045, "y": 906, "w": 130.03937007873992, "h": 56.361417322834654, "jsonClass": "Field"}, {"x": 846.1669291338583, "y": 774, "w": 774.6976377952756, "h": 121.74724409448822, "jsonClass": "Field"}, {"x": 1306, "y": 906, "w": 207.3055118110235, "h": 56.361417322834654, "jsonClass": "Field"}, {"x": 942, "y": 906, "w": 95.48110236220464, "h": 56.361417322834654, "jsonClass": "Field"}, {"x": 1245, "y": 972, "w": 194.05275590551196, "h": 55.16614173228345, "jsonClass": "Field"}, {"x": 1045, "y": 972, "w": 193.26692913385818, "h": 55.16614173228345, "jsonClass": "Field"}, {"x": 1525.8251968503937, "y": 906, "w": 96.1748031496063, "h": 56.361417322834654, "jsonClass": "Field"}, {"x": 846.1669291338583, "y": 905, "w": 91.31417322834648, "h": 57.361417322834654, "jsonClass": "Field"}, {"x": 946, "y": 707, "w": 676.1299212598424, "h": 55.361417322834654, "jsonClass": "Field"}, {"x": 846, "y": 573, "w": 89.77244094488185, "h": 56.13307086614168, "jsonClass": "Field"}, {"x": 846.1669291338583, "y": 972, "w": 191.65275590551187, "h": 55.16614173228345, "jsonClass": "Field"}, {"x": 1186, "y": 905, "w": 109.82755905511817, "h": 57.361417322834654, "jsonClass": "Field"}, {"x": 946, "y": 573, "w": 676.1299212598424, "h": 56.13307086614168, "jsonClass": "Field"}, {"x": 846, "y": 640, "w": 89.77244094488185, "h": 55.747244094488224, "jsonClass": "Field"}, {"x": 946, "y": 640, "w": 676.1299212598424, "h": 55.747244094488224, "jsonClass": "Field"}, {"x": 846, "y": 707, "w": 89.77244094488185, "h": 55.361417322834654, "jsonClass": "Field"}, {"x": 846.1669291338583, "y": 1039, "w": 774.6976377952756, "h": 188.0858267716535, "jsonClass": "Field"}, {"x": 1445, "y": 972, "w": 163.34724409448813, "h": 55.16614173228345, "jsonClass": "Field"}, {"x": 585, "y": 1405, "w": 233, "h": 57.36141732283477, "jsonClass": "Field"}, {"x": 846, "y": 1405, "w": 529.0385826771653, "h": 57.36141732283477, "jsonClass": "Field"}, {"x": 846, "y": 1272, "w": 96, "h": 57.05275590551196, "jsonClass": "Field"}, {"x": 1185, "y": 1272, "w": 190.03858267716555, "h": 57.05275590551196, "jsonClass": "Field"}, {"x": 846, "y": 1340, "w": 529.0417322834646, "h": 55.747244094488224, "jsonClass": "Field"}, {"x": 85, "y": 1272, "w": 236, "h": 57.05275590551196, "jsonClass": "Field"}, {"x": 1385, "y": 1406, "w": 222, "h": 56.36141732283477, "jsonClass": "Field"}, {"x": 85, "y": 1340, "w": 750.4299212598426, "h": 55.747244094488224, "jsonClass": "Field"}, {"x": 85, "y": 1407, "w": 490.03858267716544, "h": 55.36141732283477, "jsonClass": "Field"}, {"x": 1385, "y": 1340, "w": 235.86377952755925, "h": 55.747244094488224, "jsonClass": "Field"}, {"x": 84, "y": 1640, "w": 230.56062992125987, "h": 55.666929133858275, "jsonClass": "Field"}, {"x": 326, "y": 1640, "w": 229.78346456692918, "h": 55.666929133858275, "jsonClass": "Field"}, {"x": 85, "y": 1507, "w": 200, "h": 55.438582677165414, "jsonClass": "Field"}, {"x": 585.5110236220472, "y": 1505, "w": 168.48897637795278, "h": 57.438582677165414, "jsonClass": "Field"}, {"x": 785, "y": 1640, "w": 210.8251968503937, "h": 55.666929133858275, "jsonClass": "Field"}, {"x": 326, "y": 1706, "w": 229.78346456692918, "h": 56.36141732283477, "jsonClass": "Field"}, {"x": 564.5669291338583, "y": 1640, "w": 208.43307086614175, "h": 55.666929133858275, "jsonClass": "Field"}, {"x": 84, "y": 1706, "w": 230.56062992125987, "h": 56.36141732283477, "jsonClass": "Field"}, {"x": 1385.5110236220473, "y": 1505, "w": 235.3527559055119, "h": 57.438582677165414, "jsonClass": "Field"}, {"x": 846, "y": 1505, "w": 529.0385826771653, "h": 57.438582677165414, "jsonClass": "Field"}, {"x": 1006, "y": 1640, "w": 614.8669291338583, "h": 55.666929133858275, "jsonClass": "Field"}, {"x": 84, "y": 1573, "w": 491.03858267716544, "h": 56.05275590551196, "jsonClass": "Field"}, {"x": 585.5110236220472, "y": 1573, "w": 1035.3496062992126, "h": 56.05275590551196, "jsonClass": "Field"}, {"x": 564.5669291338583, "y": 1706, "w": 208.34488188976377, "h": 56.36141732283477, "jsonClass": "Field"}, {"x": 785.4330708661417, "y": 1706, "w": 210.39212598425195, "h": 56.36141732283477, "jsonClass": "Field"}, {"x": 1006, "y": 1706, "w": 132, "h": 56.36141732283477, "jsonClass": "Field"}, {"x": 1226, "y": 1706, "w": 152, "h": 56.36141732283477, "jsonClass": "Field"}, {"x": 1423, "y": 1706, "w": 199.9141732283465, "h": 56.36141732283477, "jsonClass": "Field"}, {"x": 989.6055118110237, "y": 1906.2, "w": 73.39448818897631, "h": 25, "jsonClass": "ChoiceField"}, {"x": 989.6055118110237, "y": 1935.4141732283465, "w": 64.39448818897631, "h": 25, "jsonClass": "ChoiceField"}, {"x": 1387.6385826771652, "y": 1304.0748031496064, "w": 73.36141732283477, "h": 25, "jsonClass": "ChoiceField"}, {"x": 1506.3779527559057, "y": 1304.0748031496064, "w": 64.62204724409435, "h": 25, "jsonClass": "ChoiceField"}], "Widget": [{"x": 85.44173228346457, "y": 376.38582677165357, "w": 750, "h": 54.04724409448819, "jsonClass": "Widget"}, {"x": 85.43307086614173, "y": 210.70866141732284, "w": 1270.7858267716535, "h": 37.4, "jsonClass": "Widget"}, {"x": 1364.644094488189, "y": 210.70866141732284, "w": 256.2196850393701, "h": 37.4, "jsonClass": "Widget"}, {"x": 85.43307086614173, "y": 275.35590551181105, "w": 1270.7858267716535, "h": 37.48031496062992, "jsonClass": "Widget"}, {"x": 1364.644094488189, "y": 275.35590551181105, "w": 164.56692913385825, "h": 37.48031496062992, "jsonClass": "Widget"}, {"x": 845.9834645669291, "y": 376.38582677165357, "w": 774.88031496063, "h": 54.04724409448819, "jsonClass": "Widget"}, {"x": 847.8748031496062, "y": 2058.3472440944884, "w": 608.3448818897638, "h": 37.4, "jsonClass": "Widget"}, {"x": 1460.3141732283466, "y": 2058.3472440944884, "w": 164.56692913385825, "h": 37.48031496062992, "jsonClass": "Widget"}, {"x": 287.4803149606299, "y": 1990.6307086614174, "w": 387.55275590551184, "h": 37.4, "jsonClass": "Widget"}, {"x": 687.1331076310165, "y": 1986.6306802521246, "w": 119.65911320981057, "h": 37.4, "jsonClass": "Widget"}, {"x": 287.4803149606299, "y": 1924.488976377953, "w": 387.55275590551184, "h": 37.4, "jsonClass": "Widget"}, {"x": 688.1331122266259, "y": 1919.488940866337, "w": 128.60479563878863, "h": 37.4, "jsonClass": "Widget"}, {"x": 689.1331168222353, "y": 1858.3472440944881, "w": 124.62893678146501, "h": 37.4, "jsonClass": "Widget"}, {"x": 287.4803149606299, "y": 1858.3472440944881, "w": 387.55275590551184, "h": 37.4, "jsonClass": "Widget"}, {"x": 883.3086614173228, "y": 1990.6307086614174, "w": 191.7307086614173, "h": 37.4, "jsonClass": "Widget"}, {"x": 1085.4330708661416, "y": 1990.6307086614174, "w": 368.7330708661417, "h": 37.4, "jsonClass": "Widget"}, {"x": 1460.3141732283466, "y": 1990.6307086614174, "w": 164.56692913385825, "h": 37.4, "jsonClass": "Widget"}, {"x": 989.6055118110237, "y": 1906.2, "w": 25, "h": 25, "jsonClass": "Widget"}, {"x": 989.6055118110237, "y": 1935.4141732283465, "w": 25, "h": 25, "jsonClass": "Widget"}, {"x": 1085.4330708661416, "y": 1924.488976377953, "w": 368.7330708661417, "h": 37.4, "jsonClass": "Widget"}, {"x": 1460.3141732283466, "y": 1924.488976377953, "w": 164.56692913385825, "h": 37.4, "jsonClass": "Widget"}, {"x": 1085.4330708661416, "y": 1858.3472440944881, "w": 368.7330708661417, "h": 37.4, "jsonClass": "Widget"}, {"x": 1460.3141732283466, "y": 1858.3472440944881, "w": 164.56692913385825, "h": 37.4, "jsonClass": "Widget"}, {"x": 1164.644094488189, "y": 491.73307086614176, "w": 164.56692913385825, "h": 37.4, "jsonClass": "Widget"}, {"x": 1366.6913385826772, "y": 491.73307086614176, "w": 164.56692913385825, "h": 37.4, "jsonClass": "Widget"}, {"x": 85.43307086614173, "y": 491.73307086614176, "w": 749.9968503937008, "h": 37.4, "jsonClass": "Widget"}, {"x": 845.9834645669291, "y": 491.73307086614176, "w": 205.79448818897637, "h": 37.403149606299216, "jsonClass": "Widget"}, {"x": 85.43307086614173, "y": 797.8748031496064, "w": 747.8748031496062, "h": 97.87244094488189, "jsonClass": "Widget"}, {"x": 268.73858267716537, "y": 925.0385826771654, "w": 127.08582677165356, "h": 37.4, "jsonClass": "Widget"}, {"x": 285.592125984252, "y": 989.6858267716535, "w": 191.6527559055118, "h": 37.48031496062992, "jsonClass": "Widget"}, {"x": 747.8748031496062, "y": 924.9614173228347, "w": 85.43307086614173, "h": 37.4, "jsonClass": "Widget"}, {"x": 408.26692913385824, "y": 924.9614173228347, "w": 106.3, "h": 37.4, "jsonClass": "Widget"}, {"x": 85.43307086614173, "y": 989.6858267716535, "w": 191.6527559055118, "h": 37.48031496062992, "jsonClass": "Widget"}, {"x": 166.61417322834646, "y": 924.9614173228347, "w": 87.55826771653543, "h": 37.4, "jsonClass": "Widget"}, {"x": 525.0385826771654, "y": 924.9614173228347, "w": 206.2196850393701, "h": 37.4, "jsonClass": "Widget"}, {"x": 485.43307086614175, "y": 989.6858267716535, "w": 191.6527559055118, "h": 37.48031496062992, "jsonClass": "Widget"}, {"x": 85.43307086614173, "y": 924.9614173228347, "w": 70.78582677165355, "h": 37.4, "jsonClass": "Widget"}, {"x": 85.43307086614173, "y": 591.7330708661417, "w": 89.60551181102362, "h": 37.4, "jsonClass": "Widget"}, {"x": 186.2503937007874, "y": 591.7330708661417, "w": 649.9889763779527, "h": 37.4, "jsonClass": "Widget"}, {"x": 85.43307086614173, "y": 658.3472440944882, "w": 89.60551181102362, "h": 37.4, "jsonClass": "Widget"}, {"x": 186.2503937007874, "y": 658.3472440944882, "w": 649.9889763779527, "h": 37.4, "jsonClass": "Widget"}, {"x": 85.43307086614173, "y": 724.9614173228347, "w": 89.60551181102362, "h": 37.4, "jsonClass": "Widget"}, {"x": 186.2503937007874, "y": 724.9614173228347, "w": 649.9889763779527, "h": 37.4, "jsonClass": "Widget"}, {"x": 685.4330708661417, "y": 989.6858267716535, "w": 150, "h": 37.48031496062992, "jsonClass": "Widget"}, {"x": 85.43307086614173, "y": 1075.0385826771653, "w": 747.8724409448819, "h": 152.04724409448818, "jsonClass": "Widget"}, {"x": 1046.6141732283463, "y": 924.9614173228347, "w": 128.4251968503937, "h": 37.4, "jsonClass": "Widget"}, {"x": 846.1669291338583, "y": 797.8748031496064, "w": 774.6976377952756, "h": 97.87244094488189, "jsonClass": "Widget"}, {"x": 1307.0858267716535, "y": 924.9614173228347, "w": 206.2196850393701, "h": 37.4, "jsonClass": "Widget"}, {"x": 946.6141732283464, "y": 924.9614173228347, "w": 90.86692913385828, "h": 37.4, "jsonClass": "Widget"}, {"x": 1247.4, "y": 989.6858267716535, "w": 191.6527559055118, "h": 37.48031496062992, "jsonClass": "Widget"}, {"x": 1046.6141732283463, "y": 989.6858267716535, "w": 191.6527559055118, "h": 37.48031496062992, "jsonClass": "Widget"}, {"x": 1525.8251968503937, "y": 924.9614173228347, "w": 95.03858267716537, "h": 37.4, "jsonClass": "Widget"}, {"x": 846.1669291338583, "y": 924.9614173228347, "w": 91.31417322834646, "h": 37.4, "jsonClass": "Widget"}, {"x": 947.1023622047244, "y": 724.9614173228347, "w": 675.0275590551181, "h": 37.4, "jsonClass": "Widget"}, {"x": 846.1669291338583, "y": 591.7330708661417, "w": 89.60551181102362, "h": 37.4, "jsonClass": "Widget"}, {"x": 846.1669291338583, "y": 989.6858267716535, "w": 191.6527559055118, "h": 37.48031496062992, "jsonClass": "Widget"}, {"x": 1186.2196850393702, "y": 924.9614173228347, "w": 109.60787401574802, "h": 37.4, "jsonClass": "Widget"}, {"x": 947.1023622047244, "y": 591.7330708661417, "w": 675.0275590551181, "h": 37.4, "jsonClass": "Widget"}, {"x": 846.1669291338583, "y": 658.3472440944882, "w": 89.60551181102362, "h": 37.4, "jsonClass": "Widget"}, {"x": 947.1023622047244, "y": 658.3472440944882, "w": 675.0275590551181, "h": 37.4, "jsonClass": "Widget"}, {"x": 846.1669291338583, "y": 724.9614173228347, "w": 89.60551181102362, "h": 37.4, "jsonClass": "Widget"}, {"x": 846.1669291338583, "y": 1075.0385826771653, "w": 774.6976377952756, "h": 152.04724409448818, "jsonClass": "Widget"}, {"x": 1445.9055118110236, "y": 989.6858267716535, "w": 162.44173228346457, "h": 37.48031496062992, "jsonClass": "Widget"}, {"x": 585.5110236220472, "y": 1424.9614173228347, "w": 164.56692913385825, "h": 37.4, "jsonClass": "Widget"}, {"x": 847.8748031496062, "y": 1424.9614173228347, "w": 527.1637795275591, "h": 37.4, "jsonClass": "Widget"}, {"x": 847.8748031496062, "y": 1291.6527559055119, "w": 29.133070866141733, "h": 37.4, "jsonClass": "Widget"}, {"x": 1185.4330708661419, "y": 1291.6527559055119, "w": 189.6055118110236, "h": 37.4, "jsonClass": "Widget"}, {"x": 847.8748031496062, "y": 1358.3472440944881, "w": 527.1669291338583, "h": 37.4, "jsonClass": "Widget"}, {"x": 85.43307086614173, "y": 1291.6527559055119, "w": 29.133070866141733, "h": 37.4, "jsonClass": "Widget"}, {"x": 1385.5110236220473, "y": 1424.9614173228347, "w": 106.14173228346458, "h": 37.4, "jsonClass": "Widget"}, {"x": 85.43307086614173, "y": 1358.3472440944881, "w": 749.9968503937008, "h": 37.4, "jsonClass": "Widget"}, {"x": 85.43307086614173, "y": 1424.9614173228347, "w": 489.6055118110237, "h": 37.4, "jsonClass": "Widget"}, {"x": 1385.5110236220473, "y": 1358.3472440944881, "w": 235.35275590551183, "h": 37.4, "jsonClass": "Widget"}, {"x": 1387.6385826771652, "y": 1304.0748031496064, "w": 25, "h": 25, "jsonClass": "Widget"}, {"x": 1506.3779527559057, "y": 1304.0748031496064, "w": 25, "h": 25, "jsonClass": "Widget"}, {"x": 85.43307086614173, "y": 1658.2669291338582, "w": 229.12755905511813, "h": 37.4, "jsonClass": "Widget"}, {"x": 326.65275590551187, "y": 1658.2669291338582, "w": 229.13070866141732, "h": 37.4, "jsonClass": "Widget"}, {"x": 85.43307086614173, "y": 1525.0385826771653, "w": 29.133070866141733, "h": 37.4, "jsonClass": "Widget"}, {"x": 585.5110236220472, "y": 1525.0385826771653, "w": 29.133070866141733, "h": 37.4, "jsonClass": "Widget"}, {"x": 785.4330708661417, "y": 1658.2669291338582, "w": 210.39212598425198, "h": 37.4, "jsonClass": "Widget"}, {"x": 326.65275590551187, "y": 1724.9614173228347, "w": 229.13070866141732, "h": 37.4, "jsonClass": "Widget"}, {"x": 564.5669291338583, "y": 1658.2669291338582, "w": 208.3448818897638, "h": 37.4, "jsonClass": "Widget"}, {"x": 85.43307086614173, "y": 1724.9614173228347, "w": 229.12755905511813, "h": 37.4, "jsonClass": "Widget"}, {"x": 1385.5110236220473, "y": 1525.0385826771653, "w": 235.35275590551183, "h": 37.4, "jsonClass": "Widget"}, {"x": 847.8748031496062, "y": 1525.0385826771653, "w": 527.1637795275591, "h": 37.4, "jsonClass": "Widget"}, {"x": 1006.3000000000001, "y": 1658.2669291338582, "w": 614.5669291338583, "h": 37.4, "jsonClass": "Widget"}, {"x": 85.43307086614173, "y": 1591.6527559055119, "w": 489.6055118110237, "h": 37.4, "jsonClass": "Widget"}, {"x": 585.5110236220472, "y": 1591.6527559055119, "w": 1035.3496062992126, "h": 37.4, "jsonClass": "Widget"}, {"x": 564.5669291338583, "y": 1724.9614173228347, "w": 208.3448818897638, "h": 37.4, "jsonClass": "Widget"}, {"x": 785.4330708661417, "y": 1724.9614173228347, "w": 210.39212598425198, "h": 37.4, "jsonClass": "Widget"}, {"x": 1006.3000000000001, "y": 1724.9614173228347, "w": 29.133070866141733, "h": 37.4, "jsonClass": "Widget"}, {"x": 1227.0078740157483, "y": 1724.9614173228347, "w": 29.133070866141733, "h": 37.4, "jsonClass": "Widget"}, {"x": 1425.355905511811, "y": 1724.9614173228347, "w": 197.55826771653543, "h": 37.4, "jsonClass": "Widget"}], "Table": [{"x": 75.51562500000006, "y": 1801.03125, "w": 762.6005780997561, "h": 231, "jsonClass": "Table"}, {"x": 837.515625, "y": 1801.03125, "w": 792.017376044906, "h": 231, "jsonClass": "Table"}], "ChoiceGroup": [{"x": 879.515625, "y": 1901.0447517382936, "w": 187, "h": 61.1682432010142, "jsonClass": "ChoiceGroup"}, {"x": 1377.515625, "y": 1267.03125, "w": 243.62352942868324, "h": 64, "jsonClass": "ChoiceGroup"}], "ChoiceField": [{"x": 989.6055118110237, "y": 1906.2, "w": 73.39448818897631, "h": 25, "jsonClass": "ChoiceField"}, {"x": 989.6055118110237, "y": 1935.4141732283465, "w": 64.39448818897631, "h": 25, "jsonClass": "ChoiceField"}, {"x": 1387.6385826771652, "y": 1304.0748031496064, "w": 73.36141732283477, "h": 25, "jsonClass": "ChoiceField"}, {"x": 1506.3779527559057, "y": 1304.0748031496064, "w": 64.62204724409435, "h": 25, "jsonClass": "ChoiceField"}], "ChoiceGroupTitle": [{"x": 885, "y": 1906, "w": 80, "h": 57, "jsonClass": "ChoiceGroupTitle"}, {"x": 1385, "y": 1272, "w": 234, "h": 28, "jsonClass": "ChoiceGroupTitle"}]}