{"Footer": [{"x": 75, "y": 2113.03125, "w": 1546, "h": 39, "jsonClass": "Footer"}], "TextBlock": [{"x": 84, "y": 2124, "w": 295, "h": 19, "jsonClass": "TextBlock"}, {"x": 1547, "y": 2122, "w": 70, "h": 22, "jsonClass": "TextBlock"}, {"x": 88, "y": 91, "w": 416, "h": 19, "jsonClass": "TextBlock"}, {"x": 664.5, "y": 77.03125, "w": 24, "h": 20, "jsonClass": "TextBlock"}, {"x": 805.5, "y": 80.03125, "w": 22, "h": 17, "jsonClass": "TextBlock"}, {"x": 151, "y": 331, "w": 75, "h": 19, "jsonClass": "TextBlock"}, {"x": 151, "y": 297, "w": 67, "h": 20, "jsonClass": "TextBlock"}, {"x": 151, "y": 364, "w": 150, "h": 19, "jsonClass": "TextBlock"}, {"x": 151, "y": 397, "w": 167, "h": 20, "jsonClass": "TextBlock"}, {"x": 151, "y": 428, "w": 586, "h": 22, "jsonClass": "TextBlock"}, {"x": 151, "y": 497, "w": 138, "h": 20, "jsonClass": "TextBlock"}, {"x": 151, "y": 461, "w": 605, "h": 22, "jsonClass": "TextBlock"}, {"x": 151, "y": 224, "w": 39, "h": 19, "jsonClass": "TextBlock"}, {"x": 267, "y": 224, "w": 29, "h": 19, "jsonClass": "TextBlock"}, {"x": 151, "y": 581, "w": 137, "h": 19, "jsonClass": "TextBlock"}, {"x": 151, "y": 614, "w": 74, "h": 19, "jsonClass": "TextBlock"}, {"x": 151, "y": 647, "w": 150, "h": 20, "jsonClass": "TextBlock"}, {"x": 151, "y": 681, "w": 138, "h": 19, "jsonClass": "TextBlock"}, {"x": 151, "y": 764, "w": 156, "h": 19, "jsonClass": "TextBlock"}, {"x": 151, "y": 797, "w": 143, "h": 20, "jsonClass": "TextBlock"}, {"x": 151, "y": 831, "w": 161, "h": 19, "jsonClass": "TextBlock"}, {"x": 151, "y": 864, "w": 138, "h": 19, "jsonClass": "TextBlock"}, {"x": 151, "y": 1307, "w": 39, "h": 19, "jsonClass": "TextBlock"}, {"x": 267, "y": 1307, "w": 29, "h": 19, "jsonClass": "TextBlock"}, {"x": 151, "y": 1224, "w": 39, "h": 19, "jsonClass": "TextBlock"}, {"x": 267, "y": 1224, "w": 29, "h": 19, "jsonClass": "TextBlock"}, {"x": 151, "y": 974, "w": 39, "h": 19, "jsonClass": "TextBlock"}, {"x": 267, "y": 974, "w": 29, "h": 19, "jsonClass": "TextBlock"}, {"x": 151, "y": 1074, "w": 152, "h": 19, "jsonClass": "TextBlock"}, {"x": 151, "y": 1040, "w": 270, "h": 20, "jsonClass": "TextBlock"}, {"x": 151, "y": 1107, "w": 158, "h": 19, "jsonClass": "TextBlock"}, {"x": 151, "y": 1140, "w": 318, "h": 20, "jsonClass": "TextBlock"}, {"x": 151, "y": 1407, "w": 152, "h": 19, "jsonClass": "TextBlock"}, {"x": 151, "y": 1374, "w": 270, "h": 19, "jsonClass": "TextBlock"}, {"x": 151, "y": 1440, "w": 158, "h": 20, "jsonClass": "TextBlock"}, {"x": 151, "y": 1474, "w": 318, "h": 19, "jsonClass": "TextBlock"}, {"x": 151, "y": 1557, "w": 39, "h": 19, "jsonClass": "TextBlock"}, {"x": 267, "y": 1557, "w": 29, "h": 19, "jsonClass": "TextBlock"}, {"x": 94, "y": 1974, "w": 745.0, "h": 19, "jsonClass": "TextBlock"}, {"x": 94, "y": 1847, "w": 920, "h": 22, "jsonClass": "TextBlock"}, {"x": 92, "y": 2024, "w": 1471, "h": 45, "jsonClass": "TextBlock"}, {"x": 94, "y": 1927, "w": 111, "h": 19, "jsonClass": "TextBlock"}, {"x": 94, "y": 1874, "w": 609, "h": 22, "jsonClass": "TextBlock"}, {"x": 151, "y": 1707, "w": 39, "h": 19, "jsonClass": "TextBlock"}, {"x": 267, "y": 1707, "w": 29, "h": 19, "jsonClass": "TextBlock"}, {"x": 146, "y": 1799, "w": 39, "h": 19, "jsonClass": "TextBlock"}, {"x": 263, "y": 1799, "w": 29, "h": 19, "jsonClass": "TextBlock"}, {"x": 101, "y": 256, "w": 276, "h": 22, "jsonClass": "ChoiceGroupTitle"}, {"x": 95, "y": 159, "w": 1454, "h": 49, "jsonClass": "ChoiceGroupTitle"}, {"x": 95, "y": 540, "w": 462, "h": 20, "jsonClass": "ChoiceGroupTitle"}, {"x": 95, "y": 724, "w": 460, "h": 19, "jsonClass": "ChoiceGroupTitle"}, {"x": 95, "y": 1274, "w": 1053, "h": 19, "jsonClass": "ChoiceGroupTitle"}, {"x": 95, "y": 1190, "w": 1186, "h": 20, "jsonClass": "ChoiceGroupTitle"}, {"x": 95, "y": 940, "w": 1124, "h": 20, "jsonClass": "ChoiceGroupTitle"}, {"x": 101, "y": 1006, "w": 834, "h": 22, "jsonClass": "ChoiceGroupTitle"}, {"x": 101, "y": 1339, "w": 834, "h": 22, "jsonClass": "ChoiceGroupTitle"}, {"x": 95, "y": 1524, "w": 1237, "h": 19, "jsonClass": "ChoiceGroupTitle"}, {"x": 95, "y": 1644, "w": 1468, "h": 46, "jsonClass": "ChoiceGroupTitle"}, {"x": 99, "y": 1753, "w": 1292, "h": 20, "jsonClass": "ChoiceGroupTitle"}, {"x": 652, "y": 122, "w": 397, "h": 25, "jsonClass": "SectionTitle"}, {"x": 524, "y": 907, "w": 648, "h": 22, "jsonClass": "SectionTitle"}, {"x": 227, "y": 1607, "w": 1240, "h": 22, "jsonClass": "SectionTitle"}], "TextRun": [{"x": 84, "y": 2124, "w": 295, "h": 19, "jsonClass": "TextRun", "text": "VA\u00c2\u00a0FORM 21-0960C-8, SEP 2016"}, {"x": 1547, "y": 2122, "w": 70, "h": 22, "jsonClass": "TextRun", "text": "Page 2"}, {"x": 88, "y": 91, "w": 416, "h": 19, "jsonClass": "TextRun", "text": "PATIENT/VETERAN'S SOCIAL SECURITY NO."}, {"x": 664.5, "y": 77.03125, "w": 24, "h": 20, "jsonClass": "TextRun", "text": "-"}, {"x": 805.5, "y": 80.03125, "w": 22, "h": 17, "jsonClass": "TextRun", "text": "-"}, {"x": 151, "y": 331, "w": 75, "h": 19, "jsonClass": "TextRun", "text": "Vomiting"}, {"x": 151, "y": 297, "w": 67, "h": 20, "jsonClass": "TextRun", "text": "Nausea"}, {"x": 151, "y": 364, "w": 150, "h": 19, "jsonClass": "TextRun", "text": "Sensitivity to light"}, {"x": 151, "y": 397, "w": 167, "h": 20, "jsonClass": "TextRun", "text": "Sensitivity to sound"}, {"x": 151, "y": 430, "w": 158, "h": 19, "jsonClass": "TextRun", "text": "Changes in vision"}, {"x": 309, "y": 428, "w": 428, "h": 22, "jsonClass": "TextRun", "text": "(such as scotoma, flashes of light, tunnel vision)"}, {"x": 151, "y": 497, "w": 138, "h": 20, "jsonClass": "TextRun", "text": "Other, describe:"}, {"x": 151, "y": 463, "w": 155, "h": 20, "jsonClass": "TextRun", "text": "Sensory changes"}, {"x": 306, "y": 461, "w": 450, "h": 22, "jsonClass": "TextRun", "text": "(such as feeling of pins and needles in extremities)"}, {"x": 101, "y": 256, "w": 276, "h": 22, "jsonClass": "TextRun", "text": "(If \"Yes,\" check all that apply):"}, {"x": 151, "y": 224, "w": 39, "h": 19, "jsonClass": "TextRun", "text": "YES"}, {"x": 267, "y": 224, "w": 29, "h": 19, "jsonClass": "TextRun", "text": "NO"}, {"x": 95, "y": 161, "w": 970, "h": 19, "jsonClass": "TextRun", "text": "3B. DOES THE VETERAN EXPERIENCE NON-HEADACHE SYMPTOMS ASSOCIATED WITH HEADACHES?"}, {"x": 1065, "y": 159, "w": 484, "h": 22, "jsonClass": "TextRun", "text": "(Including symptoms associated with an aura prior to"}, {"x": 131, "y": 186, "w": 138, "h": 22, "jsonClass": "TextRun", "text": "headache pain)"}, {"x": 151, "y": 581, "w": 137, "h": 19, "jsonClass": "TextRun", "text": "Less than 1 day"}, {"x": 151, "y": 614, "w": 74, "h": 19, "jsonClass": "TextRun", "text": "1-2 days"}, {"x": 151, "y": 647, "w": 150, "h": 20, "jsonClass": "TextRun", "text": "More than 2 days"}, {"x": 151, "y": 681, "w": 138, "h": 19, "jsonClass": "TextRun", "text": "Other, describe:"}, {"x": 95, "y": 540, "w": 462, "h": 20, "jsonClass": "TextRun", "text": "3C. INDICATE DURATION OF TYPICAL HEAD PAIN"}, {"x": 151, "y": 764, "w": 156, "h": 19, "jsonClass": "TextRun", "text": "Right side of head"}, {"x": 151, "y": 797, "w": 143, "h": 20, "jsonClass": "TextRun", "text": "Left side of head"}, {"x": 151, "y": 831, "w": 161, "h": 19, "jsonClass": "TextRun", "text": "Both sides of head"}, {"x": 151, "y": 864, "w": 138, "h": 19, "jsonClass": "TextRun", "text": "Other, describe:"}, {"x": 95, "y": 724, "w": 460, "h": 19, "jsonClass": "TextRun", "text": "3D. INDICATE LOCATION OF TYPICAL HEAD PAIN"}, {"x": 652, "y": 124, "w": 276, "h": 23, "jsonClass": "TextRun", "text": "SECTION III - SYMPTOMS"}, {"x": 928, "y": 122, "w": 121, "h": 25, "jsonClass": "TextRun", "text": "(Continued)"}, {"x": 151, "y": 1307, "w": 39, "h": 19, "jsonClass": "TextRun", "text": "YES"}, {"x": 267, "y": 1307, "w": 29, "h": 19, "jsonClass": "TextRun", "text": "NO"}, {"x": 95, "y": 1274, "w": 1053, "h": 19, "jsonClass": "TextRun", "text": "4C. NON-MIGRAINE - DOES THE VETERAN HAVE PROSTRATING ATTACKS OF NON-MIGRAINE HEADACHE PAIN?"}, {"x": 151, "y": 1224, "w": 39, "h": 19, "jsonClass": "TextRun", "text": "YES"}, {"x": 267, "y": 1224, "w": 29, "h": 19, "jsonClass": "TextRun", "text": "NO"}, {"x": 95, "y": 1190, "w": 1186, "h": 20, "jsonClass": "TextRun", "text": "4B. DOES THE VETERAN HAVE VERY FREQUENT PROSTRATING AND PROLONGED ATTACKS OF MIGRAINE HEADACHE PAIN?"}, {"x": 151, "y": 974, "w": 39, "h": 19, "jsonClass": "TextRun", "text": "YES"}, {"x": 267, "y": 974, "w": 29, "h": 19, "jsonClass": "TextRun", "text": "NO"}, {"x": 95, "y": 940, "w": 1124, "h": 20, "jsonClass": "TextRun", "text": "4A. MIGRANE - DOES THE VETERAN HAVE CHARACTERISTIC PROSTRATING ATTACKS OF MIGRAINE HEADACHE PAIN?"}, {"x": 151, "y": 1074, "w": 152, "h": 19, "jsonClass": "TextRun", "text": "Once in 2 months"}, {"x": 151, "y": 1040, "w": 270, "h": 20, "jsonClass": "TextRun", "text": "Less than once every 2 months"}, {"x": 151, "y": 1107, "w": 158, "h": 19, "jsonClass": "TextRun", "text": "Once every month"}, {"x": 151, "y": 1140, "w": 318, "h": 20, "jsonClass": "TextRun", "text": "More frequently than once per month"}, {"x": 101, "y": 1006, "w": 834, "h": 22, "jsonClass": "TextRun", "text": "(If \"Yes,\" indicate frequency, on average, of prostrating attacks over the last several months):"}, {"x": 151, "y": 1407, "w": 152, "h": 19, "jsonClass": "TextRun", "text": "Once in 2 months"}, {"x": 151, "y": 1374, "w": 270, "h": 19, "jsonClass": "TextRun", "text": "Less than once every 2 months"}, {"x": 151, "y": 1440, "w": 158, "h": 20, "jsonClass": "TextRun", "text": "Once every month"}, {"x": 151, "y": 1474, "w": 318, "h": 19, "jsonClass": "TextRun", "text": "More frequently than once per month"}, {"x": 101, "y": 1339, "w": 834, "h": 22, "jsonClass": "TextRun", "text": "(If \"Yes,\" indicate frequency, on average, of prostrating attacks over the last several months):"}, {"x": 151, "y": 1557, "w": 39, "h": 19, "jsonClass": "TextRun", "text": "YES"}, {"x": 267, "y": 1557, "w": 29, "h": 19, "jsonClass": "TextRun", "text": "NO"}, {"x": 95, "y": 1524, "w": 1237, "h": 19, "jsonClass": "TextRun", "text": "4D. DOES THE VETERAN HAVE VERY FREQUENT PROSTRATING AND PROLONGED ATTACKS OF NON-MIGRAINE HEADACHE PAIN?"}, {"x": 524, "y": 907, "w": 648, "h": 22, "jsonClass": "TextRun", "text": "SECTION IV - PROSTRATING ATTACKS OF HEADACHE PAIN"}, {"x": 94, "y": 1974, "w": 245.59212598425194, "h": 19, "jsonClass": "TextRun", "text": null}, {"x": 514.5724409448819, "y": 1974, "w": 121.68031496062986, "h": 19, "jsonClass": "TextRun", "text": null}, {"x": 798.5551181102362, "y": 1974, "w": 40.44488188976379, "h": 19, "jsonClass": "TextRun", "text": null}, {"x": 94, "y": 1847, "w": 920, "h": 22, "jsonClass": "TextRun", "text": "(If \"Yes,\" also complete VA Form 21-0960F-1 Scars/Disfigurement Disability Benefits Questionnaire.)"}, {"x": 92, "y": 2024, "w": 72, "h": 20, "jsonClass": "TextRun", "text": "NOTE:"}, {"x": 164, "y": 2024, "w": 1399, "h": 20, "jsonClass": "TextRun", "text": "An \"unstable scar\" is one where, for any reason, there is frequent loss of covering of the skin over the scar.  If there are multiple scars, enter additional locations and measurements"}, {"x": 92, "y": 2049, "w": 628, "h": 20, "jsonClass": "TextRun", "text": "in the Remarks section below.  It is not necessary to also complete a Scars DBQ."}, {"x": 94, "y": 1927, "w": 111, "h": 19, "jsonClass": "TextRun", "text": "LOCATION:"}, {"x": 94, "y": 1874, "w": 609, "h": 22, "jsonClass": "TextRun", "text": "(If \"No,\" provide location and measurements of scar in centimeters."}, {"x": 151, "y": 1707, "w": 39, "h": 19, "jsonClass": "TextRun", "text": "YES"}, {"x": 267, "y": 1707, "w": 29, "h": 19, "jsonClass": "TextRun", "text": "NO"}, {"x": 95, "y": 1646, "w": 413, "h": 19, "jsonClass": "TextRun", "text": "5A. DOES THE VETERAN HAVE ANY SCARS"}, {"x": 508, "y": 1644, "w": 205, "h": 22, "jsonClass": "TextRun", "text": "(surgical or otherwise)"}, {"x": 713, "y": 1646, "w": 850, "h": 19, "jsonClass": "TextRun", "text": "RELATED TO ANY CONDITIONS OR TO THE TREATMENT OF ANY CONDITIONS LISTED IN"}, {"x": 128, "y": 1670, "w": 255, "h": 20, "jsonClass": "TextRun", "text": "THE DIAGNOSIS SECTION?"}, {"x": 146, "y": 1799, "w": 39, "h": 19, "jsonClass": "TextRun", "text": "YES"}, {"x": 263, "y": 1799, "w": 29, "h": 19, "jsonClass": "TextRun", "text": "NO"}, {"x": 99, "y": 1753, "w": 1292, "h": 20, "jsonClass": "TextRun", "text": "If Yes, are any of these scars painful or unstable; have a total area equal to or greater than 39 square cm (6 square inches); or are located on the head, face or neck?"}, {"x": 227, "y": 1607, "w": 1240, "h": 22, "jsonClass": "TextRun", "text": "SECTION V - OTHER PERTINENT PHYSICAL FINDINGS, COMPLICATIONS, CONDITIONS, SIGNS AND/OR SYMPTOMS"}], "Field": [{"x": 88, "y": 68.40787401574804, "w": 945.3354330708662, "h": 46.833070866141725, "jsonClass": "Field"}, {"x": 94, "y": 1961.5275590551182, "w": 745, "h": 31.488976377952667, "jsonClass": "Field"}, {"x": 94, "y": 1918.5968503937008, "w": 332.4133858267717, "h": 31.488976377952667, "jsonClass": "Field"}, {"x": 108.92755905511811, "y": 323.607874015748, "w": 117.07244094488189, "h": 26.392125984252004, "jsonClass": "ChoiceField"}, {"x": 108.92755905511811, "y": 290.2779527559055, "w": 109.07244094488189, "h": 26.722047244094483, "jsonClass": "ChoiceField"}, {"x": 108.92755905511811, "y": 356.93858267716536, "w": 192.0724409448819, "h": 26.061417322834643, "jsonClass": "ChoiceField"}, {"x": 108.92755905511811, "y": 390.26929133858266, "w": 209.0724409448819, "h": 26.73070866141734, "jsonClass": "ChoiceField"}, {"x": 108.92755905511811, "y": 423.60787401574805, "w": 628.0724409448819, "h": 26.392125984251948, "jsonClass": "ChoiceField"}, {"x": 108.92755905511811, "y": 483.33070866141736, "w": 1486.1133858267717, "h": 33.66929133858264, "jsonClass": "ChoiceField"}, {"x": 108.92755905511811, "y": 456.93858267716536, "w": 647.0724409448819, "h": 26.061417322834643, "jsonClass": "ChoiceField"}, {"x": 108.92755905511811, "y": 218.044094488189, "w": 81.07244094488189, "h": 25, "jsonClass": "ChoiceField"}, {"x": 225.58897637795278, "y": 218.044094488189, "w": 70.41102362204722, "h": 25, "jsonClass": "ChoiceField"}, {"x": 108.92755905511811, "y": 573.607874015748, "w": 179.0724409448819, "h": 26.392125984251948, "jsonClass": "ChoiceField"}, {"x": 108.92755905511811, "y": 606.9385826771654, "w": 116.07244094488189, "h": 26.061417322834586, "jsonClass": "ChoiceField"}, {"x": 108.92755905511811, "y": 640.2692913385828, "w": 192.0724409448819, "h": 26.730708661417225, "jsonClass": "ChoiceField"}, {"x": 108.92755905511811, "y": 666.6614173228347, "w": 1486.1133858267717, "h": 33.33858267716528, "jsonClass": "ChoiceField"}, {"x": 108.92755905511811, "y": 756.9385826771654, "w": 198.0724409448819, "h": 26.061417322834586, "jsonClass": "ChoiceField"}, {"x": 108.92755905511811, "y": 790.2692913385827, "w": 185.0724409448819, "h": 26.73070866141734, "jsonClass": "ChoiceField"}, {"x": 108.92755905511811, "y": 823.6, "w": 203.0724409448819, "h": 26.399999999999977, "jsonClass": "ChoiceField"}, {"x": 108.92755905511811, "y": 849.992125984252, "w": 1486.1133858267717, "h": 33.33070866141736, "jsonClass": "ChoiceField"}, {"x": 108.92755905511811, "y": 1301.3834645669292, "w": 81.07244094488189, "h": 25, "jsonClass": "ChoiceField"}, {"x": 225.58897637795278, "y": 1301.3834645669292, "w": 70.41102362204722, "h": 25, "jsonClass": "ChoiceField"}, {"x": 108.92755905511811, "y": 1218.052755905512, "w": 81.07244094488189, "h": 25, "jsonClass": "ChoiceField"}, {"x": 225.58897637795278, "y": 1218.052755905512, "w": 70.41102362204722, "h": 25, "jsonClass": "ChoiceField"}, {"x": 108.92755905511811, "y": 968.044094488189, "w": 81.07244094488189, "h": 25, "jsonClass": "ChoiceField"}, {"x": 225.58897637795278, "y": 968.044094488189, "w": 70.41102362204722, "h": 25, "jsonClass": "ChoiceField"}, {"x": 108.92755905511811, "y": 1068.0527559055117, "w": 194.0724409448819, "h": 25, "jsonClass": "ChoiceField"}, {"x": 108.92755905511811, "y": 1034.7141732283465, "w": 312.0724409448819, "h": 25.285826771653547, "jsonClass": "ChoiceField"}, {"x": 108.92755905511811, "y": 1101.3834645669292, "w": 200.0724409448819, "h": 25, "jsonClass": "ChoiceField"}, {"x": 108.92755905511811, "y": 1134.7220472440945, "w": 360.0724409448819, "h": 25.277952755905517, "jsonClass": "ChoiceField"}, {"x": 108.92755905511811, "y": 1401.392125984252, "w": 194.0724409448819, "h": 25, "jsonClass": "ChoiceField"}, {"x": 108.92755905511811, "y": 1368.0527559055117, "w": 312.0724409448819, "h": 25, "jsonClass": "ChoiceField"}, {"x": 108.92755905511811, "y": 1434.7220472440945, "w": 200.0724409448819, "h": 25.277952755905517, "jsonClass": "ChoiceField"}, {"x": 108.92755905511811, "y": 1468.0614173228346, "w": 360.0724409448819, "h": 25, "jsonClass": "ChoiceField"}, {"x": 108.92755905511811, "y": 1551.3834645669292, "w": 81.07244094488189, "h": 25, "jsonClass": "ChoiceField"}, {"x": 225.58897637795278, "y": 1551.3834645669292, "w": 70.41102362204722, "h": 25, "jsonClass": "ChoiceField"}, {"x": 108.92755905511811, "y": 1702.7220472440945, "w": 81.07244094488189, "h": 25, "jsonClass": "ChoiceField"}, {"x": 225.59448818897638, "y": 1701.3834645669292, "w": 70.40551181102362, "h": 25, "jsonClass": "ChoiceField"}, {"x": 104.72204724409448, "y": 1793.1944881889765, "w": 80.27795275590552, "h": 25, "jsonClass": "ChoiceField"}, {"x": 221.38346456692912, "y": 1793.1944881889765, "w": 70.61653543307088, "h": 25, "jsonClass": "ChoiceField"}], "Widget": [{"x": 513.7385826771654, "y": 68.40787401574804, "w": 140.50236220472442, "h": 46.83307086614173, "jsonClass": "Widget"}, {"x": 703.9748031496064, "y": 68.40787401574804, "w": 88.94488188976378, "h": 46.83307086614173, "jsonClass": "Widget"}, {"x": 844.4551181102362, "y": 68.40787401574804, "w": 188.88031496062993, "h": 46.83307086614173, "jsonClass": "Widget"}, {"x": 108.92755905511811, "y": 323.607874015748, "w": 25, "h": 25, "jsonClass": "Widget"}, {"x": 108.92755905511811, "y": 290.2779527559055, "w": 25, "h": 25, "jsonClass": "Widget"}, {"x": 108.92755905511811, "y": 356.93858267716536, "w": 25, "h": 25, "jsonClass": "Widget"}, {"x": 108.92755905511811, "y": 390.26929133858266, "w": 25, "h": 25, "jsonClass": "Widget"}, {"x": 108.92755905511811, "y": 423.60787401574805, "w": 25, "h": 25, "jsonClass": "Widget"}, {"x": 108.92755905511811, "y": 490.2692913385827, "w": 25, "h": 25, "jsonClass": "Widget"}, {"x": 300.59685039370083, "y": 483.33070866141736, "w": 1294.444094488189, "h": 33.33070866141732, "jsonClass": "Widget"}, {"x": 108.92755905511811, "y": 456.93858267716536, "w": 25, "h": 25, "jsonClass": "Widget"}, {"x": 108.92755905511811, "y": 218.044094488189, "w": 25, "h": 25, "jsonClass": "Widget"}, {"x": 225.58897637795278, "y": 218.044094488189, "w": 25, "h": 25, "jsonClass": "Widget"}, {"x": 108.92755905511811, "y": 573.607874015748, "w": 25, "h": 25, "jsonClass": "Widget"}, {"x": 108.92755905511811, "y": 606.9385826771654, "w": 25, "h": 25, "jsonClass": "Widget"}, {"x": 108.92755905511811, "y": 640.2692913385828, "w": 25, "h": 25, "jsonClass": "Widget"}, {"x": 108.92755905511811, "y": 673.607874015748, "w": 25, "h": 25, "jsonClass": "Widget"}, {"x": 300.59685039370083, "y": 666.6614173228347, "w": 1294.444094488189, "h": 33.33070866141732, "jsonClass": "Widget"}, {"x": 108.92755905511811, "y": 756.9385826771654, "w": 25, "h": 25, "jsonClass": "Widget"}, {"x": 108.92755905511811, "y": 790.2692913385827, "w": 25, "h": 25, "jsonClass": "Widget"}, {"x": 108.92755905511811, "y": 823.6, "w": 25, "h": 25, "jsonClass": "Widget"}, {"x": 108.92755905511811, "y": 856.9385826771654, "w": 25, "h": 25, "jsonClass": "Widget"}, {"x": 300.59685039370083, "y": 849.992125984252, "w": 1294.444094488189, "h": 33.33070866141732, "jsonClass": "Widget"}, {"x": 108.92755905511811, "y": 1301.3834645669292, "w": 25, "h": 25, "jsonClass": "Widget"}, {"x": 225.58897637795278, "y": 1301.3834645669292, "w": 25, "h": 25, "jsonClass": "Widget"}, {"x": 108.92755905511811, "y": 1218.052755905512, "w": 25, "h": 25, "jsonClass": "Widget"}, {"x": 225.58897637795278, "y": 1218.052755905512, "w": 25, "h": 25, "jsonClass": "Widget"}, {"x": 108.92755905511811, "y": 968.044094488189, "w": 25, "h": 25, "jsonClass": "Widget"}, {"x": 225.58897637795278, "y": 968.044094488189, "w": 25, "h": 25, "jsonClass": "Widget"}, {"x": 108.92755905511811, "y": 1068.0527559055117, "w": 25, "h": 25, "jsonClass": "Widget"}, {"x": 108.92755905511811, "y": 1034.7141732283465, "w": 25, "h": 25, "jsonClass": "Widget"}, {"x": 108.92755905511811, "y": 1101.3834645669292, "w": 25, "h": 25, "jsonClass": "Widget"}, {"x": 108.92755905511811, "y": 1134.7220472440945, "w": 25, "h": 25, "jsonClass": "Widget"}, {"x": 108.92755905511811, "y": 1401.392125984252, "w": 25, "h": 25, "jsonClass": "Widget"}, {"x": 108.92755905511811, "y": 1368.0527559055117, "w": 25, "h": 25, "jsonClass": "Widget"}, {"x": 108.92755905511811, "y": 1434.7220472440945, "w": 25, "h": 25, "jsonClass": "Widget"}, {"x": 108.92755905511811, "y": 1468.0614173228346, "w": 25, "h": 25, "jsonClass": "Widget"}, {"x": 108.92755905511811, "y": 1551.3834645669292, "w": 25, "h": 25, "jsonClass": "Widget"}, {"x": 225.58897637795278, "y": 1551.3834645669292, "w": 25, "h": 25, "jsonClass": "Widget"}, {"x": 339.59212598425194, "y": 1961.5275590551182, "w": 174.98031496062993, "h": 31.488976377952756, "jsonClass": "Widget"}, {"x": 636.2527559055118, "y": 1961.5275590551182, "w": 162.30236220472443, "h": 31.205511811023623, "jsonClass": "Widget"}, {"x": 201.05511811023624, "y": 1918.5968503937008, "w": 225.35826771653544, "h": 31.488976377952756, "jsonClass": "Widget"}, {"x": 108.92755905511811, "y": 1702.7220472440945, "w": 25, "h": 25, "jsonClass": "Widget"}, {"x": 225.59448818897638, "y": 1701.3834645669292, "w": 25, "h": 25, "jsonClass": "Widget"}, {"x": 104.72204724409448, "y": 1793.1944881889765, "w": 25, "h": 25, "jsonClass": "Widget"}, {"x": 221.38346456692912, "y": 1793.1944881889765, "w": 25, "h": 25, "jsonClass": "Widget"}], "Section": [{"x": 78.99999080878126, "y": 115.03124289767686, "w": 1530, "h": 782.0665247805172, "jsonClass": "Section"}, {"x": 76.99999080878126, "y": 901.0312499999993, "w": 1532, "h": 698.8527288444327, "jsonClass": "Section"}, {"x": 82, "y": 1603.03125, "w": 1521, "h": 492, "jsonClass": "Section"}], "ChoiceGroup": [{"x": 94, "y": 248.03125, "w": 1500, "h": 275, "jsonClass": "ChoiceGroup"}, {"x": 88, "y": 155.0312571023232, "w": 1512, "h": 373, "jsonClass": "ChoiceGroup"}, {"x": 90, "y": 536.03125, "w": 1518, "h": 170, "jsonClass": "ChoiceGroup"}, {"x": 89.00000459560937, "y": 717.0312571023231, "w": 1514, "h": 171, "jsonClass": "ChoiceGroup"}, {"x": 88, "y": 1268.03125, "w": 1065, "h": 236, "jsonClass": "ChoiceGroup"}, {"x": 92.00000919121871, "y": 1187.03125, "w": 1195, "h": 77, "jsonClass": "ChoiceGroup"}, {"x": 91, "y": 934.03125, "w": 1142, "h": 238, "jsonClass": "ChoiceGroup"}, {"x": 96, "y": 1000.03125, "w": 850, "h": 174, "jsonClass": "ChoiceGroup"}, {"x": 99, "y": 1336.03125, "w": 843, "h": 166, "jsonClass": "ChoiceGroup"}, {"x": 88, "y": 1517.03125, "w": 1253, "h": 74, "jsonClass": "ChoiceGroup"}, {"x": 91, "y": 1637.03125, "w": 1488, "h": 191, "jsonClass": "ChoiceGroup"}, {"x": 91, "y": 1744.03125, "w": 1302, "h": 81, "jsonClass": "ChoiceGroup"}], "ChoiceField": [{"x": 108.92755905511811, "y": 323.607874015748, "w": 117.07244094488189, "h": 26.392125984252004, "jsonClass": "ChoiceField"}, {"x": 108.92755905511811, "y": 290.2779527559055, "w": 109.07244094488189, "h": 26.722047244094483, "jsonClass": "ChoiceField"}, {"x": 108.92755905511811, "y": 356.93858267716536, "w": 192.0724409448819, "h": 26.061417322834643, "jsonClass": "ChoiceField"}, {"x": 108.92755905511811, "y": 390.26929133858266, "w": 209.0724409448819, "h": 26.73070866141734, "jsonClass": "ChoiceField"}, {"x": 108.92755905511811, "y": 423.60787401574805, "w": 628.0724409448819, "h": 26.392125984251948, "jsonClass": "ChoiceField"}, {"x": 108.92755905511811, "y": 483.33070866141736, "w": 1486.1133858267717, "h": 33.66929133858264, "jsonClass": "ChoiceField"}, {"x": 108.92755905511811, "y": 456.93858267716536, "w": 647.0724409448819, "h": 26.061417322834643, "jsonClass": "ChoiceField"}, {"x": 108.92755905511811, "y": 218.044094488189, "w": 81.07244094488189, "h": 25, "jsonClass": "ChoiceField"}, {"x": 225.58897637795278, "y": 218.044094488189, "w": 70.41102362204722, "h": 25, "jsonClass": "ChoiceField"}, {"x": 108.92755905511811, "y": 573.607874015748, "w": 179.0724409448819, "h": 26.392125984251948, "jsonClass": "ChoiceField"}, {"x": 108.92755905511811, "y": 606.9385826771654, "w": 116.07244094488189, "h": 26.061417322834586, "jsonClass": "ChoiceField"}, {"x": 108.92755905511811, "y": 640.2692913385828, "w": 192.0724409448819, "h": 26.730708661417225, "jsonClass": "ChoiceField"}, {"x": 108.92755905511811, "y": 666.6614173228347, "w": 1486.1133858267717, "h": 33.33858267716528, "jsonClass": "ChoiceField"}, {"x": 108.92755905511811, "y": 756.9385826771654, "w": 198.0724409448819, "h": 26.061417322834586, "jsonClass": "ChoiceField"}, {"x": 108.92755905511811, "y": 790.2692913385827, "w": 185.0724409448819, "h": 26.73070866141734, "jsonClass": "ChoiceField"}, {"x": 108.92755905511811, "y": 823.6, "w": 203.0724409448819, "h": 26.399999999999977, "jsonClass": "ChoiceField"}, {"x": 108.92755905511811, "y": 849.992125984252, "w": 1486.1133858267717, "h": 33.33070866141736, "jsonClass": "ChoiceField"}, {"x": 108.92755905511811, "y": 1301.3834645669292, "w": 81.07244094488189, "h": 25, "jsonClass": "ChoiceField"}, {"x": 225.58897637795278, "y": 1301.3834645669292, "w": 70.41102362204722, "h": 25, "jsonClass": "ChoiceField"}, {"x": 108.92755905511811, "y": 1218.052755905512, "w": 81.07244094488189, "h": 25, "jsonClass": "ChoiceField"}, {"x": 225.58897637795278, "y": 1218.052755905512, "w": 70.41102362204722, "h": 25, "jsonClass": "ChoiceField"}, {"x": 108.92755905511811, "y": 968.044094488189, "w": 81.07244094488189, "h": 25, "jsonClass": "ChoiceField"}, {"x": 225.58897637795278, "y": 968.044094488189, "w": 70.41102362204722, "h": 25, "jsonClass": "ChoiceField"}, {"x": 108.92755905511811, "y": 1068.0527559055117, "w": 194.0724409448819, "h": 25, "jsonClass": "ChoiceField"}, {"x": 108.92755905511811, "y": 1034.7141732283465, "w": 312.0724409448819, "h": 25.285826771653547, "jsonClass": "ChoiceField"}, {"x": 108.92755905511811, "y": 1101.3834645669292, "w": 200.0724409448819, "h": 25, "jsonClass": "ChoiceField"}, {"x": 108.92755905511811, "y": 1134.7220472440945, "w": 360.0724409448819, "h": 25.277952755905517, "jsonClass": "ChoiceField"}, {"x": 108.92755905511811, "y": 1401.392125984252, "w": 194.0724409448819, "h": 25, "jsonClass": "ChoiceField"}, {"x": 108.92755905511811, "y": 1368.0527559055117, "w": 312.0724409448819, "h": 25, "jsonClass": "ChoiceField"}, {"x": 108.92755905511811, "y": 1434.7220472440945, "w": 200.0724409448819, "h": 25.277952755905517, "jsonClass": "ChoiceField"}, {"x": 108.92755905511811, "y": 1468.0614173228346, "w": 360.0724409448819, "h": 25, "jsonClass": "ChoiceField"}, {"x": 108.92755905511811, "y": 1551.3834645669292, "w": 81.07244094488189, "h": 25, "jsonClass": "ChoiceField"}, {"x": 225.58897637795278, "y": 1551.3834645669292, "w": 70.41102362204722, "h": 25, "jsonClass": "ChoiceField"}, {"x": 108.92755905511811, "y": 1702.7220472440945, "w": 81.07244094488189, "h": 25, "jsonClass": "ChoiceField"}, {"x": 225.59448818897638, "y": 1701.3834645669292, "w": 70.40551181102362, "h": 25, "jsonClass": "ChoiceField"}, {"x": 104.72204724409448, "y": 1793.1944881889765, "w": 80.27795275590552, "h": 25, "jsonClass": "ChoiceField"}, {"x": 221.38346456692912, "y": 1793.1944881889765, "w": 70.61653543307088, "h": 25, "jsonClass": "ChoiceField"}], "ChoiceGroupTitle": [{"x": 101, "y": 256, "w": 276, "h": 22, "jsonClass": "ChoiceGroupTitle"}, {"x": 95, "y": 159, "w": 1454, "h": 49, "jsonClass": "ChoiceGroupTitle"}, {"x": 95, "y": 540, "w": 462, "h": 20, "jsonClass": "ChoiceGroupTitle"}, {"x": 95, "y": 724, "w": 460, "h": 19, "jsonClass": "ChoiceGroupTitle"}, {"x": 95, "y": 1274, "w": 1053, "h": 19, "jsonClass": "ChoiceGroupTitle"}, {"x": 95, "y": 1190, "w": 1186, "h": 20, "jsonClass": "ChoiceGroupTitle"}, {"x": 95, "y": 940, "w": 1124, "h": 20, "jsonClass": "ChoiceGroupTitle"}, {"x": 101, "y": 1006, "w": 834, "h": 22, "jsonClass": "ChoiceGroupTitle"}, {"x": 101, "y": 1339, "w": 834, "h": 22, "jsonClass": "ChoiceGroupTitle"}, {"x": 95, "y": 1524, "w": 1237, "h": 19, "jsonClass": "ChoiceGroupTitle"}, {"x": 95, "y": 1644, "w": 1468, "h": 46, "jsonClass": "ChoiceGroupTitle"}, {"x": 99, "y": 1753, "w": 1292, "h": 20, "jsonClass": "ChoiceGroupTitle"}], "SectionTitle": [{"x": 652, "y": 122, "w": 397, "h": 25, "jsonClass": "SectionTitle"}, {"x": 524, "y": 907, "w": 648, "h": 22, "jsonClass": "SectionTitle"}, {"x": 227, "y": 1607, "w": 1240, "h": 22, "jsonClass": "SectionTitle"}]}