{"Section": [{"x": 82, "y": 107.03125, "w": 1535, "h": 1968, "jsonClass": "Section"}], "TextBlock": [{"x": 98, "y": 960, "w": 227, "h": 20, "jsonClass": "TextBlock"}, {"x": 142, "y": 674, "w": 1441, "h": 49, "jsonClass": "TextBlock"}, {"x": 103, "y": 157, "w": 571, "h": 23, "jsonClass": "TextBlock"}, {"x": 290, "y": 736, "w": 62, "h": 20, "jsonClass": "TextBlock"}, {"x": 477, "y": 736, "w": 177, "h": 20, "jsonClass": "TextBlock"}, {"x": 726, "y": 736, "w": 165, "h": 20, "jsonClass": "TextBlock"}, {"x": 292, "y": 420, "w": 62, "h": 19, "jsonClass": "TextBlock"}, {"x": 479, "y": 420, "w": 178, "h": 19, "jsonClass": "TextBlock"}, {"x": 728, "y": 420, "w": 165, "h": 19, "jsonClass": "TextBlock"}, {"x": 142, "y": 1316, "w": 603, "h": 23, "jsonClass": "TextBlock"}, {"x": 98, "y": 1580, "w": 271, "h": 19, "jsonClass": "TextBlock"}, {"x": 99, "y": 646, "w": 306, "h": 19, "jsonClass": "TextBlock"}, {"x": 296, "y": 275, "w": 36, "h": 19, "jsonClass": "TextBlock"}, {"x": 441, "y": 275, "w": 82, "h": 19, "jsonClass": "TextBlock"}, {"x": 589, "y": 275, "w": 62, "h": 19, "jsonClass": "TextBlock"}, {"x": 97, "y": 1279, "w": 320, "h": 22, "jsonClass": "TextBlock"}, {"x": 145, "y": 378, "w": 444, "h": 22, "jsonClass": "TextBlock"}, {"x": 292, "y": 488, "w": 35, "h": 19, "jsonClass": "TextBlock"}, {"x": 438, "y": 488, "w": 82, "h": 19, "jsonClass": "TextBlock"}, {"x": 586, "y": 488, "w": 61, "h": 19, "jsonClass": "TextBlock"}, {"x": 102, "y": 340, "w": 366, "h": 22, "jsonClass": "TextBlock"}, {"x": 296, "y": 203, "w": 63, "h": 19, "jsonClass": "TextBlock"}, {"x": 468, "y": 203, "w": 177, "h": 19, "jsonClass": "TextBlock"}, {"x": 731, "y": 203, "w": 165, "h": 19, "jsonClass": "TextBlock"}, {"x": 290, "y": 804, "w": 35, "h": 19, "jsonClass": "TextBlock"}, {"x": 436, "y": 804, "w": 82, "h": 19, "jsonClass": "TextBlock"}, {"x": 583, "y": 804, "w": 62, "h": 19, "jsonClass": "TextBlock"}, {"x": 292, "y": 533, "w": 62, "h": 20, "jsonClass": "TextBlock"}, {"x": 464, "y": 533, "w": 177, "h": 20, "jsonClass": "TextBlock"}, {"x": 727, "y": 533, "w": 165, "h": 20, "jsonClass": "TextBlock"}, {"x": 292, "y": 605, "w": 35, "h": 20, "jsonClass": "TextBlock"}, {"x": 437, "y": 605, "w": 82, "h": 20, "jsonClass": "TextBlock"}, {"x": 585, "y": 605, "w": 62, "h": 20, "jsonClass": "TextBlock"}, {"x": 138, "y": 994, "w": 1438, "h": 49, "jsonClass": "TextBlock"}, {"x": 100, "y": 1829, "w": 174, "h": 19, "jsonClass": "TextBlock"}, {"x": 290, "y": 922, "w": 35, "h": 19, "jsonClass": "TextBlock"}, {"x": 435, "y": 922, "w": 82, "h": 19, "jsonClass": "TextBlock"}, {"x": 583, "y": 922, "w": 61, "h": 19, "jsonClass": "TextBlock"}, {"x": 290, "y": 850, "w": 62, "h": 19, "jsonClass": "TextBlock"}, {"x": 462, "y": 850, "w": 177, "h": 19, "jsonClass": "TextBlock"}, {"x": 725, "y": 850, "w": 165, "h": 19, "jsonClass": "TextBlock"}, {"x": 283, "y": 1125, "w": 36, "h": 19, "jsonClass": "TextBlock"}, {"x": 429, "y": 1125, "w": 83, "h": 19, "jsonClass": "TextBlock"}, {"x": 577, "y": 1125, "w": 62, "h": 19, "jsonClass": "TextBlock"}, {"x": 283, "y": 1057, "w": 63, "h": 19, "jsonClass": "TextBlock"}, {"x": 471, "y": 1057, "w": 177, "h": 19, "jsonClass": "TextBlock"}, {"x": 719, "y": 1057, "w": 166, "h": 19, "jsonClass": "TextBlock"}, {"x": 283, "y": 1242, "w": 36, "h": 20, "jsonClass": "TextBlock"}, {"x": 429, "y": 1242, "w": 82, "h": 20, "jsonClass": "TextBlock"}, {"x": 576, "y": 1242, "w": 62, "h": 20, "jsonClass": "TextBlock"}, {"x": 283, "y": 1170, "w": 63, "h": 20, "jsonClass": "TextBlock"}, {"x": 456, "y": 1170, "w": 177, "h": 20, "jsonClass": "TextBlock"}, {"x": 719, "y": 1170, "w": 165, "h": 20, "jsonClass": "TextBlock"}, {"x": 289, "y": 1419, "w": 36, "h": 19, "jsonClass": "TextBlock"}, {"x": 436, "y": 1419, "w": 82, "h": 19, "jsonClass": "TextBlock"}, {"x": 583, "y": 1419, "w": 62, "h": 19, "jsonClass": "TextBlock"}, {"x": 289, "y": 1351, "w": 63, "h": 19, "jsonClass": "TextBlock"}, {"x": 477, "y": 1351, "w": 177, "h": 19, "jsonClass": "TextBlock"}, {"x": 726, "y": 1351, "w": 165, "h": 19, "jsonClass": "TextBlock"}, {"x": 289, "y": 1536, "w": 36, "h": 20, "jsonClass": "TextBlock"}, {"x": 435, "y": 1536, "w": 82, "h": 20, "jsonClass": "TextBlock"}, {"x": 583, "y": 1536, "w": 61, "h": 20, "jsonClass": "TextBlock"}, {"x": 289, "y": 1464, "w": 63, "h": 20, "jsonClass": "TextBlock"}, {"x": 462, "y": 1464, "w": 177, "h": 20, "jsonClass": "TextBlock"}, {"x": 725, "y": 1464, "w": 165, "h": 20, "jsonClass": "TextBlock"}, {"x": 285, "y": 1679, "w": 36, "h": 20, "jsonClass": "TextBlock"}, {"x": 431, "y": 1679, "w": 82, "h": 20, "jsonClass": "TextBlock"}, {"x": 579, "y": 1679, "w": 62, "h": 20, "jsonClass": "TextBlock"}, {"x": 285, "y": 1611, "w": 63, "h": 20, "jsonClass": "TextBlock"}, {"x": 473, "y": 1611, "w": 177, "h": 20, "jsonClass": "TextBlock"}, {"x": 721, "y": 1611, "w": 166, "h": 20, "jsonClass": "TextBlock"}, {"x": 285, "y": 1797, "w": 36, "h": 19, "jsonClass": "TextBlock"}, {"x": 431, "y": 1797, "w": 82, "h": 19, "jsonClass": "TextBlock"}, {"x": 578, "y": 1797, "w": 62, "h": 19, "jsonClass": "TextBlock"}, {"x": 285, "y": 1725, "w": 63, "h": 19, "jsonClass": "TextBlock"}, {"x": 458, "y": 1725, "w": 177, "h": 19, "jsonClass": "TextBlock"}, {"x": 721, "y": 1725, "w": 165, "h": 19, "jsonClass": "TextBlock"}, {"x": 284, "y": 1929, "w": 35, "h": 20, "jsonClass": "TextBlock"}, {"x": 430, "y": 1929, "w": 82, "h": 20, "jsonClass": "TextBlock"}, {"x": 578, "y": 1929, "w": 61, "h": 20, "jsonClass": "TextBlock"}, {"x": 284, "y": 1862, "w": 62, "h": 19, "jsonClass": "TextBlock"}, {"x": 471, "y": 1862, "w": 177, "h": 19, "jsonClass": "TextBlock"}, {"x": 720, "y": 1862, "w": 165, "h": 19, "jsonClass": "TextBlock"}, {"x": 284, "y": 2047, "w": 35, "h": 19, "jsonClass": "TextBlock"}, {"x": 429, "y": 2047, "w": 82, "h": 19, "jsonClass": "TextBlock"}, {"x": 577, "y": 2047, "w": 61, "h": 19, "jsonClass": "TextBlock"}, {"x": 284, "y": 1975, "w": 62, "h": 19, "jsonClass": "TextBlock"}, {"x": 456, "y": 1975, "w": 177, "h": 19, "jsonClass": "TextBlock"}, {"x": 719, "y": 1975, "w": 165, "h": 19, "jsonClass": "TextBlock"}, {"x": 87, "y": 2082, "w": 305, "h": 19, "jsonClass": "TextBlock"}, {"x": 1546, "y": 2084, "w": 71, "h": 22, "jsonClass": "TextBlock"}, {"x": 144, "y": 738, "w": 50, "h": 19, "jsonClass": "ChoiceGroupTitle"}, {"x": 146, "y": 421, "w": 51, "h": 20, "jsonClass": "ChoiceGroupTitle"}, {"x": 256, "y": 242, "w": 446, "h": 20, "jsonClass": "ChoiceGroupTitle"}, {"x": 253, "y": 451, "w": 446, "h": 19, "jsonClass": "ChoiceGroupTitle"}, {"x": 148, "y": 203, "w": 38, "h": 20, "jsonClass": "ChoiceGroupTitle"}, {"x": 250, "y": 767, "w": 447, "h": 20, "jsonClass": "ChoiceGroupTitle"}, {"x": 144, "y": 534, "w": 38, "h": 19, "jsonClass": "ChoiceGroupTitle"}, {"x": 252, "y": 573, "w": 446, "h": 19, "jsonClass": "ChoiceGroupTitle"}, {"x": 250, "y": 889, "w": 446, "h": 19, "jsonClass": "ChoiceGroupTitle"}, {"x": 142, "y": 850, "w": 37, "h": 20, "jsonClass": "ChoiceGroupTitle"}, {"x": 244, "y": 1088, "w": 446, "h": 20, "jsonClass": "ChoiceGroupTitle"}, {"x": 137, "y": 1059, "w": 51, "h": 19, "jsonClass": "ChoiceGroupTitle"}, {"x": 243, "y": 1210, "w": 447, "h": 19, "jsonClass": "ChoiceGroupTitle"}, {"x": 135, "y": 1171, "w": 38, "h": 19, "jsonClass": "ChoiceGroupTitle"}, {"x": 250, "y": 1382, "w": 447, "h": 19, "jsonClass": "ChoiceGroupTitle"}, {"x": 144, "y": 1352, "w": 50, "h": 20, "jsonClass": "ChoiceGroupTitle"}, {"x": 249, "y": 1504, "w": 447, "h": 19, "jsonClass": "ChoiceGroupTitle"}, {"x": 142, "y": 1465, "w": 37, "h": 19, "jsonClass": "ChoiceGroupTitle"}, {"x": 246, "y": 1642, "w": 446, "h": 20, "jsonClass": "ChoiceGroupTitle"}, {"x": 139, "y": 1613, "w": 51, "h": 19, "jsonClass": "ChoiceGroupTitle"}, {"x": 245, "y": 1764, "w": 447, "h": 19, "jsonClass": "ChoiceGroupTitle"}, {"x": 137, "y": 1725, "w": 38, "h": 20, "jsonClass": "ChoiceGroupTitle"}, {"x": 245, "y": 1893, "w": 446, "h": 19, "jsonClass": "ChoiceGroupTitle"}, {"x": 138, "y": 1863, "w": 51, "h": 20, "jsonClass": "ChoiceGroupTitle"}, {"x": 244, "y": 2014, "w": 446, "h": 20, "jsonClass": "ChoiceGroupTitle"}, {"x": 136, "y": 1976, "w": 38, "h": 19, "jsonClass": "ChoiceGroupTitle"}, {"x": 103, "y": 122, "w": 1251, "h": 22, "jsonClass": "SectionTitle"}], "TextRun": [{"x": 98, "y": 960, "w": 227, "h": 20, "jsonClass": "TextRun", "text": "11F. Posterior tibial nerve"}, {"x": 142, "y": 676, "w": 217, "h": 19, "jsonClass": "TextRun", "text": "Note: Complete paralysis"}, {"x": 365, "y": 674, "w": 1218, "h": 22, "jsonClass": "TextRun", "text": "(plantar flexion lost, frank adduction of foot impossible, flexion and separation of toes abolished; no muscle in sole can move; in lesions"}, {"x": 142, "y": 701, "w": 580, "h": 22, "jsonClass": "TextRun", "text": "of the nerve high in popliteal fossa, plantar flexion of foot is lost)"}, {"x": 103, "y": 159, "w": 214, "h": 20, "jsonClass": "TextRun", "text": "11C. Musculocutaneous"}, {"x": 317, "y": 157, "w": 195, "h": 23, "jsonClass": "TextRun", "text": "(superficial peroneal)"}, {"x": 512, "y": 159, "w": 59, "h": 20, "jsonClass": "TextRun", "text": "nerve"}, {"x": 571, "y": 157, "w": 103, "h": 23, "jsonClass": "TextRun", "text": "(continued)"}, {"x": 290, "y": 736, "w": 62, "h": 20, "jsonClass": "TextRun", "text": "Normal"}, {"x": 477, "y": 736, "w": 177, "h": 20, "jsonClass": "TextRun", "text": "Incomplete paralysis"}, {"x": 726, "y": 736, "w": 165, "h": 20, "jsonClass": "TextRun", "text": "Complete paralysis"}, {"x": 144, "y": 738, "w": 50, "h": 19, "jsonClass": "TextRun", "text": "Right:"}, {"x": 292, "y": 420, "w": 62, "h": 19, "jsonClass": "TextRun", "text": "Normal"}, {"x": 479, "y": 420, "w": 178, "h": 19, "jsonClass": "TextRun", "text": "Incomplete paralysis"}, {"x": 728, "y": 420, "w": 165, "h": 19, "jsonClass": "TextRun", "text": "Complete paralysis"}, {"x": 146, "y": 421, "w": 51, "h": 20, "jsonClass": "TextRun", "text": "Right:"}, {"x": 142, "y": 1318, "w": 217, "h": 20, "jsonClass": "TextRun", "text": "Note: Complete paralysis"}, {"x": 365, "y": 1316, "w": 380, "h": 23, "jsonClass": "TextRun", "text": "(paralysis of quadriceps extensor muscles)"}, {"x": 98, "y": 1580, "w": 271, "h": 19, "jsonClass": "TextRun", "text": "11H. Internal saphenous nerve"}, {"x": 99, "y": 646, "w": 306, "h": 19, "jsonClass": "TextRun", "text": "11E. Internal popliteal (tibial) nerve"}, {"x": 296, "y": 275, "w": 36, "h": 19, "jsonClass": "TextRun", "text": "Mild"}, {"x": 441, "y": 275, "w": 82, "h": 19, "jsonClass": "TextRun", "text": "Moderate"}, {"x": 589, "y": 275, "w": 62, "h": 19, "jsonClass": "TextRun", "text": "Severe"}, {"x": 256, "y": 242, "w": 446, "h": 20, "jsonClass": "TextRun", "text": "If Incomplete paralysis is checked, indicate severity:"}, {"x": 97, "y": 1281, "w": 170, "h": 19, "jsonClass": "TextRun", "text": "11G. Anterior crural"}, {"x": 273, "y": 1279, "w": 84, "h": 22, "jsonClass": "TextRun", "text": "(femoral)"}, {"x": 357, "y": 1281, "w": 60, "h": 19, "jsonClass": "TextRun", "text": "nerve"}, {"x": 145, "y": 380, "w": 223, "h": 20, "jsonClass": "TextRun", "text": "Note: Complete paralysis"}, {"x": 368, "y": 378, "w": 221, "h": 22, "jsonClass": "TextRun", "text": "(dorsiflexion of foot lost)"}, {"x": 292, "y": 488, "w": 35, "h": 19, "jsonClass": "TextRun", "text": "Mild"}, {"x": 438, "y": 488, "w": 82, "h": 19, "jsonClass": "TextRun", "text": "Moderate"}, {"x": 586, "y": 488, "w": 61, "h": 19, "jsonClass": "TextRun", "text": "Severe"}, {"x": 253, "y": 451, "w": 446, "h": 19, "jsonClass": "TextRun", "text": "If Incomplete paralysis is checked, indicate severity:"}, {"x": 102, "y": 342, "w": 165, "h": 19, "jsonClass": "TextRun", "text": "11D. Anterior tibial"}, {"x": 267, "y": 340, "w": 147, "h": 22, "jsonClass": "TextRun", "text": "(deep peroneal)"}, {"x": 414, "y": 342, "w": 54, "h": 19, "jsonClass": "TextRun", "text": "nerve"}, {"x": 296, "y": 203, "w": 63, "h": 19, "jsonClass": "TextRun", "text": "Normal"}, {"x": 468, "y": 203, "w": 177, "h": 19, "jsonClass": "TextRun", "text": "Incomplete paralysis"}, {"x": 731, "y": 203, "w": 165, "h": 19, "jsonClass": "TextRun", "text": "Complete paralysis"}, {"x": 148, "y": 203, "w": 38, "h": 20, "jsonClass": "TextRun", "text": "Left:"}, {"x": 290, "y": 804, "w": 35, "h": 19, "jsonClass": "TextRun", "text": "Mild"}, {"x": 436, "y": 804, "w": 82, "h": 19, "jsonClass": "TextRun", "text": "Moderate"}, {"x": 583, "y": 804, "w": 62, "h": 19, "jsonClass": "TextRun", "text": "Severe"}, {"x": 250, "y": 767, "w": 447, "h": 20, "jsonClass": "TextRun", "text": "If Incomplete paralysis is checked, indicate severity:"}, {"x": 292, "y": 533, "w": 62, "h": 20, "jsonClass": "TextRun", "text": "Normal"}, {"x": 464, "y": 533, "w": 177, "h": 20, "jsonClass": "TextRun", "text": "Incomplete paralysis"}, {"x": 727, "y": 533, "w": 165, "h": 20, "jsonClass": "TextRun", "text": "Complete paralysis"}, {"x": 144, "y": 534, "w": 38, "h": 19, "jsonClass": "TextRun", "text": "Left:"}, {"x": 292, "y": 605, "w": 35, "h": 20, "jsonClass": "TextRun", "text": "Mild"}, {"x": 437, "y": 605, "w": 82, "h": 20, "jsonClass": "TextRun", "text": "Moderate"}, {"x": 585, "y": 605, "w": 62, "h": 20, "jsonClass": "TextRun", "text": "Severe"}, {"x": 252, "y": 573, "w": 446, "h": 19, "jsonClass": "TextRun", "text": "If Incomplete paralysis is checked, indicate severity:"}, {"x": 138, "y": 996, "w": 222, "h": 20, "jsonClass": "TextRun", "text": "Note: Complete paralysis"}, {"x": 360, "y": 994, "w": 1216, "h": 22, "jsonClass": "TextRun", "text": "(paralysis of all muscles of sole of foot, frequently with painful paralysis of a causalgic nature; loss of toe flexion; adduction weakened;"}, {"x": 138, "y": 1021, "w": 224, "h": 22, "jsonClass": "TextRun", "text": "plantar flexion impaired)"}, {"x": 100, "y": 1829, "w": 174, "h": 19, "jsonClass": "TextRun", "text": "11I. Obturator nerve"}, {"x": 290, "y": 922, "w": 35, "h": 19, "jsonClass": "TextRun", "text": "Mild"}, {"x": 435, "y": 922, "w": 82, "h": 19, "jsonClass": "TextRun", "text": "Moderate"}, {"x": 583, "y": 922, "w": 61, "h": 19, "jsonClass": "TextRun", "text": "Severe"}, {"x": 250, "y": 889, "w": 446, "h": 19, "jsonClass": "TextRun", "text": "If Incomplete paralysis is checked, indicate severity:"}, {"x": 290, "y": 850, "w": 62, "h": 19, "jsonClass": "TextRun", "text": "Normal"}, {"x": 462, "y": 850, "w": 177, "h": 19, "jsonClass": "TextRun", "text": "Incomplete paralysis"}, {"x": 725, "y": 850, "w": 165, "h": 19, "jsonClass": "TextRun", "text": "Complete paralysis"}, {"x": 142, "y": 850, "w": 37, "h": 20, "jsonClass": "TextRun", "text": "Left:"}, {"x": 283, "y": 1125, "w": 36, "h": 19, "jsonClass": "TextRun", "text": "Mild"}, {"x": 429, "y": 1125, "w": 83, "h": 19, "jsonClass": "TextRun", "text": "Moderate"}, {"x": 577, "y": 1125, "w": 62, "h": 19, "jsonClass": "TextRun", "text": "Severe"}, {"x": 244, "y": 1088, "w": 446, "h": 20, "jsonClass": "TextRun", "text": "If Incomplete paralysis is checked, indicate severity:"}, {"x": 283, "y": 1057, "w": 63, "h": 19, "jsonClass": "TextRun", "text": "Normal"}, {"x": 471, "y": 1057, "w": 177, "h": 19, "jsonClass": "TextRun", "text": "Incomplete paralysis"}, {"x": 719, "y": 1057, "w": 166, "h": 19, "jsonClass": "TextRun", "text": "Complete paralysis"}, {"x": 137, "y": 1059, "w": 51, "h": 19, "jsonClass": "TextRun", "text": "Right:"}, {"x": 283, "y": 1242, "w": 36, "h": 20, "jsonClass": "TextRun", "text": "Mild"}, {"x": 429, "y": 1242, "w": 82, "h": 20, "jsonClass": "TextRun", "text": "Moderate"}, {"x": 576, "y": 1242, "w": 62, "h": 20, "jsonClass": "TextRun", "text": "Severe"}, {"x": 243, "y": 1210, "w": 447, "h": 19, "jsonClass": "TextRun", "text": "If Incomplete paralysis is checked, indicate severity:"}, {"x": 283, "y": 1170, "w": 63, "h": 20, "jsonClass": "TextRun", "text": "Normal"}, {"x": 456, "y": 1170, "w": 177, "h": 20, "jsonClass": "TextRun", "text": "Incomplete paralysis"}, {"x": 719, "y": 1170, "w": 165, "h": 20, "jsonClass": "TextRun", "text": "Complete paralysis"}, {"x": 135, "y": 1171, "w": 38, "h": 19, "jsonClass": "TextRun", "text": "Left:"}, {"x": 289, "y": 1419, "w": 36, "h": 19, "jsonClass": "TextRun", "text": "Mild"}, {"x": 436, "y": 1419, "w": 82, "h": 19, "jsonClass": "TextRun", "text": "Moderate"}, {"x": 583, "y": 1419, "w": 62, "h": 19, "jsonClass": "TextRun", "text": "Severe"}, {"x": 250, "y": 1382, "w": 447, "h": 19, "jsonClass": "TextRun", "text": "If Incomplete paralysis is checked, indicate severity:"}, {"x": 289, "y": 1351, "w": 63, "h": 19, "jsonClass": "TextRun", "text": "Normal"}, {"x": 477, "y": 1351, "w": 177, "h": 19, "jsonClass": "TextRun", "text": "Incomplete paralysis"}, {"x": 726, "y": 1351, "w": 165, "h": 19, "jsonClass": "TextRun", "text": "Complete paralysis"}, {"x": 144, "y": 1352, "w": 50, "h": 20, "jsonClass": "TextRun", "text": "Right:"}, {"x": 289, "y": 1536, "w": 36, "h": 20, "jsonClass": "TextRun", "text": "Mild"}, {"x": 435, "y": 1536, "w": 82, "h": 20, "jsonClass": "TextRun", "text": "Moderate"}, {"x": 583, "y": 1536, "w": 61, "h": 20, "jsonClass": "TextRun", "text": "Severe"}, {"x": 249, "y": 1504, "w": 447, "h": 19, "jsonClass": "TextRun", "text": "If Incomplete paralysis is checked, indicate severity:"}, {"x": 289, "y": 1464, "w": 63, "h": 20, "jsonClass": "TextRun", "text": "Normal"}, {"x": 462, "y": 1464, "w": 177, "h": 20, "jsonClass": "TextRun", "text": "Incomplete paralysis"}, {"x": 725, "y": 1464, "w": 165, "h": 20, "jsonClass": "TextRun", "text": "Complete paralysis"}, {"x": 142, "y": 1465, "w": 37, "h": 19, "jsonClass": "TextRun", "text": "Left:"}, {"x": 285, "y": 1679, "w": 36, "h": 20, "jsonClass": "TextRun", "text": "Mild"}, {"x": 431, "y": 1679, "w": 82, "h": 20, "jsonClass": "TextRun", "text": "Moderate"}, {"x": 579, "y": 1679, "w": 62, "h": 20, "jsonClass": "TextRun", "text": "Severe"}, {"x": 246, "y": 1642, "w": 446, "h": 20, "jsonClass": "TextRun", "text": "If Incomplete paralysis is checked, indicate severity:"}, {"x": 285, "y": 1611, "w": 63, "h": 20, "jsonClass": "TextRun", "text": "Normal"}, {"x": 473, "y": 1611, "w": 177, "h": 20, "jsonClass": "TextRun", "text": "Incomplete paralysis"}, {"x": 721, "y": 1611, "w": 166, "h": 20, "jsonClass": "TextRun", "text": "Complete paralysis"}, {"x": 139, "y": 1613, "w": 51, "h": 19, "jsonClass": "TextRun", "text": "Right:"}, {"x": 285, "y": 1797, "w": 36, "h": 19, "jsonClass": "TextRun", "text": "Mild"}, {"x": 431, "y": 1797, "w": 82, "h": 19, "jsonClass": "TextRun", "text": "Moderate"}, {"x": 578, "y": 1797, "w": 62, "h": 19, "jsonClass": "TextRun", "text": "Severe"}, {"x": 245, "y": 1764, "w": 447, "h": 19, "jsonClass": "TextRun", "text": "If Incomplete paralysis is checked, indicate severity:"}, {"x": 285, "y": 1725, "w": 63, "h": 19, "jsonClass": "TextRun", "text": "Normal"}, {"x": 458, "y": 1725, "w": 177, "h": 19, "jsonClass": "TextRun", "text": "Incomplete paralysis"}, {"x": 721, "y": 1725, "w": 165, "h": 19, "jsonClass": "TextRun", "text": "Complete paralysis"}, {"x": 137, "y": 1725, "w": 38, "h": 20, "jsonClass": "TextRun", "text": "Left:"}, {"x": 284, "y": 1929, "w": 35, "h": 20, "jsonClass": "TextRun", "text": "Mild"}, {"x": 430, "y": 1929, "w": 82, "h": 20, "jsonClass": "TextRun", "text": "Moderate"}, {"x": 578, "y": 1929, "w": 61, "h": 20, "jsonClass": "TextRun", "text": "Severe"}, {"x": 245, "y": 1893, "w": 446, "h": 19, "jsonClass": "TextRun", "text": "If Incomplete paralysis is checked, indicate severity:"}, {"x": 284, "y": 1862, "w": 62, "h": 19, "jsonClass": "TextRun", "text": "Normal"}, {"x": 471, "y": 1862, "w": 177, "h": 19, "jsonClass": "TextRun", "text": "Incomplete paralysis"}, {"x": 720, "y": 1862, "w": 165, "h": 19, "jsonClass": "TextRun", "text": "Complete paralysis"}, {"x": 138, "y": 1863, "w": 51, "h": 20, "jsonClass": "TextRun", "text": "Right:"}, {"x": 284, "y": 2047, "w": 35, "h": 19, "jsonClass": "TextRun", "text": "Mild"}, {"x": 429, "y": 2047, "w": 82, "h": 19, "jsonClass": "TextRun", "text": "Moderate"}, {"x": 577, "y": 2047, "w": 61, "h": 19, "jsonClass": "TextRun", "text": "Severe"}, {"x": 244, "y": 2014, "w": 446, "h": 20, "jsonClass": "TextRun", "text": "If Incomplete paralysis is checked, indicate severity:"}, {"x": 284, "y": 1975, "w": 62, "h": 19, "jsonClass": "TextRun", "text": "Normal"}, {"x": 456, "y": 1975, "w": 177, "h": 19, "jsonClass": "TextRun", "text": "Incomplete paralysis"}, {"x": 719, "y": 1975, "w": 165, "h": 19, "jsonClass": "TextRun", "text": "Complete paralysis"}, {"x": 136, "y": 1976, "w": 38, "h": 19, "jsonClass": "TextRun", "text": "Left:"}, {"x": 103, "y": 122, "w": 1135, "h": 22, "jsonClass": "TextRun", "text": "SECTION XI - NERVES AFFECTED: Severity Evaluation for Lower Extremity Nerves"}, {"x": 1238, "y": 122, "w": 116, "h": 22, "jsonClass": "TextRun", "text": "(Continued)"}, {"x": 87, "y": 2082, "w": 305, "h": 19, "jsonClass": "TextRun", "text": "VA\u00c2\u00a0FORM 21-0960C-10, FEB 2015"}, {"x": 1546, "y": 2084, "w": 71, "h": 22, "jsonClass": "TextRun", "text": "Page 6"}], "ChoiceGroup": [{"x": 139, "y": 719.03125, "w": 755, "h": 113, "jsonClass": "ChoiceGroup"}, {"x": 136, "y": 410.03125, "w": 761, "h": 108, "jsonClass": "ChoiceGroup"}, {"x": 244, "y": 230.03125, "w": 465, "h": 75, "jsonClass": "ChoiceGroup"}, {"x": 243, "y": 446.03125, "w": 463, "h": 71, "jsonClass": "ChoiceGroup"}, {"x": 141, "y": 193.03125, "w": 756, "h": 115, "jsonClass": "ChoiceGroup"}, {"x": 243, "y": 760.03125, "w": 457, "h": 69, "jsonClass": "ChoiceGroup"}, {"x": 136, "y": 515.03125, "w": 762, "h": 123, "jsonClass": "ChoiceGroup"}, {"x": 246, "y": 563.03125, "w": 453, "h": 71, "jsonClass": "ChoiceGroup"}, {"x": 241, "y": 881.03125, "w": 459, "h": 65, "jsonClass": "ChoiceGroup"}, {"x": 135, "y": 830.03125, "w": 762, "h": 119, "jsonClass": "ChoiceGroup"}, {"x": 235, "y": 1081.03125, "w": 458, "h": 69, "jsonClass": "ChoiceGroup"}, {"x": 132, "y": 1046.03125, "w": 756, "h": 108, "jsonClass": "ChoiceGroup"}, {"x": 231, "y": 1201.03125, "w": 466, "h": 67, "jsonClass": "ChoiceGroup"}, {"x": 130, "y": 1156.03125, "w": 762, "h": 118, "jsonClass": "ChoiceGroup"}, {"x": 241, "y": 1373.03125, "w": 464, "h": 71, "jsonClass": "ChoiceGroup"}, {"x": 136, "y": 1342.03125, "w": 755, "h": 106, "jsonClass": "ChoiceGroup"}, {"x": 241, "y": 1498.03125, "w": 458, "h": 69, "jsonClass": "ChoiceGroup"}, {"x": 132, "y": 1450.03125, "w": 760, "h": 120, "jsonClass": "ChoiceGroup"}, {"x": 237, "y": 1637.03125, "w": 460, "h": 68, "jsonClass": "ChoiceGroup"}, {"x": 135, "y": 1603.03125, "w": 759, "h": 106, "jsonClass": "ChoiceGroup"}, {"x": 240, "y": 1757.03125, "w": 460, "h": 63, "jsonClass": "ChoiceGroup"}, {"x": 133, "y": 1706.03125, "w": 759, "h": 116, "jsonClass": "ChoiceGroup"}, {"x": 238, "y": 1888.03125, "w": 458, "h": 63, "jsonClass": "ChoiceGroup"}, {"x": 129, "y": 1850.0443895198118, "w": 757, "h": 104.79505815402707, "jsonClass": "ChoiceGroup"}, {"x": 234, "y": 2008.03125, "w": 460, "h": 63, "jsonClass": "ChoiceGroup"}, {"x": 126, "y": 1954.03125, "w": 762, "h": 117, "jsonClass": "ChoiceGroup"}], "ChoiceField": [{"x": 251.97480314960632, "y": 730.6110236220472, "w": 100.02519685039368, "h": 25.38897637795276, "jsonClass": "ChoiceField"}, {"x": 435.31102362204723, "y": 730.6110236220472, "w": 218.68897637795277, "h": 25.38897637795276, "jsonClass": "ChoiceField"}, {"x": 683.9669291338583, "y": 730.5165354330709, "w": 207.03307086614166, "h": 25.483464566929115, "jsonClass": "ChoiceField"}, {"x": 254.25826771653544, "y": 414.2330708661417, "w": 99.74173228346456, "h": 25, "jsonClass": "ChoiceField"}, {"x": 437.59448818897636, "y": 414.2330708661417, "w": 219.40551181102364, "h": 25, "jsonClass": "ChoiceField"}, {"x": 686.2503937007874, "y": 414.1385826771654, "w": 206.7496062992126, "h": 25, "jsonClass": "ChoiceField"}, {"x": 257.48582677165354, "y": 269.25826771653544, "w": 74.51417322834646, "h": 25, "jsonClass": "ChoiceField"}, {"x": 399.8724409448819, "y": 269.25826771653544, "w": 123.12755905511813, "h": 25, "jsonClass": "ChoiceField"}, {"x": 547.2503937007874, "y": 269.25826771653544, "w": 103.74960629921259, "h": 25, "jsonClass": "ChoiceField"}, {"x": 252.4220472440945, "y": 482.8944881889764, "w": 74.5779527559055, "h": 25, "jsonClass": "ChoiceField"}, {"x": 394.80787401574804, "y": 482.8944881889764, "w": 125.19212598425196, "h": 25, "jsonClass": "ChoiceField"}, {"x": 544.2330708661418, "y": 482.8944881889764, "w": 102.76692913385818, "h": 25, "jsonClass": "ChoiceField"}, {"x": 257.48582677165354, "y": 197.2724409448819, "w": 101.51417322834646, "h": 25, "jsonClass": "ChoiceField"}, {"x": 426.4944881889764, "y": 197.2724409448819, "w": 218.5055118110236, "h": 25, "jsonClass": "ChoiceField"}, {"x": 689.4692913385827, "y": 197.21102362204724, "w": 206.5307086614173, "h": 25, "jsonClass": "ChoiceField"}, {"x": 250.13858267716537, "y": 799.272440944882, "w": 74.86141732283463, "h": 25, "jsonClass": "ChoiceField"}, {"x": 392.52519685039374, "y": 799.272440944882, "w": 125.47480314960626, "h": 25, "jsonClass": "ChoiceField"}, {"x": 541.9496062992126, "y": 799.272440944882, "w": 103.05039370078737, "h": 25, "jsonClass": "ChoiceField"}, {"x": 253.46929133858268, "y": 527.6748031496063, "w": 100.53070866141732, "h": 25.325196850393695, "jsonClass": "ChoiceField"}, {"x": 422.4779527559055, "y": 527.6748031496063, "w": 218.5220472440945, "h": 25.325196850393695, "jsonClass": "ChoiceField"}, {"x": 685.4527559055118, "y": 527.6110236220472, "w": 206.54724409448818, "h": 25.38897637795276, "jsonClass": "ChoiceField"}, {"x": 253.46929133858268, "y": 599.6582677165354, "w": 73.53070866141732, "h": 25.34173228346458, "jsonClass": "ChoiceField"}, {"x": 395.8551181102362, "y": 599.6582677165354, "w": 123.14488188976378, "h": 25.34173228346458, "jsonClass": "ChoiceField"}, {"x": 543.2330708661418, "y": 599.6582677165354, "w": 103.76692913385818, "h": 25.34173228346458, "jsonClass": "ChoiceField"}, {"x": 251.18582677165355, "y": 916.036220472441, "w": 73.81417322834645, "h": 25, "jsonClass": "ChoiceField"}, {"x": 393.57244094488186, "y": 916.036220472441, "w": 123.42755905511814, "h": 25, "jsonClass": "ChoiceField"}, {"x": 540.9496062992126, "y": 916.036220472441, "w": 103.05039370078737, "h": 25, "jsonClass": "ChoiceField"}, {"x": 251.18582677165355, "y": 844.0527559055118, "w": 100.81417322834645, "h": 25, "jsonClass": "ChoiceField"}, {"x": 420.1944881889764, "y": 844.0527559055118, "w": 218.80551181102362, "h": 25, "jsonClass": "ChoiceField"}, {"x": 683.1692913385826, "y": 843.9889763779528, "w": 206.83070866141736, "h": 25.01102362204722, "jsonClass": "ChoiceField"}, {"x": 243.91968503937008, "y": 1120.1385826771655, "w": 75.08031496062992, "h": 25, "jsonClass": "ChoiceField"}, {"x": 386.3055118110236, "y": 1120.1385826771655, "w": 125.69448818897638, "h": 25, "jsonClass": "ChoiceField"}, {"x": 535.7307086614173, "y": 1120.1385826771655, "w": 103.26929133858266, "h": 25, "jsonClass": "ChoiceField"}, {"x": 245.75275590551183, "y": 1051.4779527559056, "w": 100.24724409448817, "h": 25, "jsonClass": "ChoiceField"}, {"x": 429.09133858267717, "y": 1051.4779527559056, "w": 218.90866141732283, "h": 25, "jsonClass": "ChoiceField"}, {"x": 677.7448818897639, "y": 1051.3834645669292, "w": 207.25511811023614, "h": 25, "jsonClass": "ChoiceField"}, {"x": 244.96692913385826, "y": 1236.9023622047246, "w": 74.03307086614174, "h": 25.097637795275432, "jsonClass": "ChoiceField"}, {"x": 387.35275590551186, "y": 1236.9023622047246, "w": 123.64724409448814, "h": 25.097637795275432, "jsonClass": "ChoiceField"}, {"x": 534.7307086614173, "y": 1236.9023622047246, "w": 103.26929133858266, "h": 25.097637795275432, "jsonClass": "ChoiceField"}, {"x": 245.75275590551183, "y": 1164.91968503937, "w": 100.24724409448817, "h": 25.08031496062995, "jsonClass": "ChoiceField"}, {"x": 413.9748031496063, "y": 1164.91968503937, "w": 219.02519685039368, "h": 25.08031496062995, "jsonClass": "ChoiceField"}, {"x": 676.9496062992126, "y": 1164.8551181102364, "w": 207.05039370078737, "h": 25.14488188976361, "jsonClass": "ChoiceField"}, {"x": 250.06141732283467, "y": 1413.8417322834646, "w": 74.93858267716533, "h": 25, "jsonClass": "ChoiceField"}, {"x": 392.4472440944882, "y": 1413.8417322834646, "w": 125.55275590551179, "h": 25, "jsonClass": "ChoiceField"}, {"x": 541.8724409448819, "y": 1413.8417322834646, "w": 103.12755905511813, "h": 25, "jsonClass": "ChoiceField"}, {"x": 251.89448818897637, "y": 1345.1779527559054, "w": 100.10551181102363, "h": 25, "jsonClass": "ChoiceField"}, {"x": 435.2330708661417, "y": 1345.1779527559054, "w": 218.7669291338583, "h": 25, "jsonClass": "ChoiceField"}, {"x": 683.8858267716536, "y": 1345.083464566929, "w": 207.11417322834643, "h": 25, "jsonClass": "ChoiceField"}, {"x": 251.10866141732285, "y": 1530.6031496062992, "w": 73.89133858267715, "h": 25.396850393700788, "jsonClass": "ChoiceField"}, {"x": 393.4944881889764, "y": 1530.6031496062992, "w": 123.50551181102361, "h": 25.396850393700788, "jsonClass": "ChoiceField"}, {"x": 540.8724409448819, "y": 1530.6031496062992, "w": 103.12755905511813, "h": 25.396850393700788, "jsonClass": "ChoiceField"}, {"x": 251.10866141732285, "y": 1458.61968503937, "w": 100.89133858267715, "h": 25.380314960629903, "jsonClass": "ChoiceField"}, {"x": 420.1165354330709, "y": 1458.61968503937, "w": 218.8834645669291, "h": 25.380314960629903, "jsonClass": "ChoiceField"}, {"x": 683.0913385826773, "y": 1458.555905511811, "w": 206.90866141732272, "h": 25.444094488188966, "jsonClass": "ChoiceField"}, {"x": 245.80787401574804, "y": 1674.3196850393701, "w": 75.19212598425196, "h": 25, "jsonClass": "ChoiceField"}, {"x": 388.1944881889764, "y": 1674.3196850393701, "w": 124.80551181102362, "h": 25, "jsonClass": "ChoiceField"}, {"x": 537.6196850393701, "y": 1674.3196850393701, "w": 103.3803149606299, "h": 25, "jsonClass": "ChoiceField"}, {"x": 247.64173228346456, "y": 1605.6503937007874, "w": 100.35826771653544, "h": 25.34960629921261, "jsonClass": "ChoiceField"}, {"x": 430.9803149606299, "y": 1605.6503937007874, "w": 219.01968503937007, "h": 25.34960629921261, "jsonClass": "ChoiceField"}, {"x": 679.636220472441, "y": 1605.555905511811, "w": 207.36377952755902, "h": 25.444094488188966, "jsonClass": "ChoiceField"}, {"x": 246.85511811023622, "y": 1791.0779527559055, "w": 74.14488188976378, "h": 25, "jsonClass": "ChoiceField"}, {"x": 389.24173228346456, "y": 1791.0779527559055, "w": 123.75826771653544, "h": 25, "jsonClass": "ChoiceField"}, {"x": 536.6196850393701, "y": 1791.0779527559055, "w": 103.3803149606299, "h": 25, "jsonClass": "ChoiceField"}, {"x": 246.85511811023622, "y": 1719.0913385826773, "w": 101.14488188976378, "h": 25, "jsonClass": "ChoiceField"}, {"x": 415.8637795275591, "y": 1719.0913385826773, "w": 219.13622047244093, "h": 25, "jsonClass": "ChoiceField"}, {"x": 678.8385826771654, "y": 1719.0307086614175, "w": 207.1614173228346, "h": 25, "jsonClass": "ChoiceField"}, {"x": 244.39212598425198, "y": 1924.7141732283465, "w": 74.60787401574802, "h": 25, "jsonClass": "ChoiceField"}, {"x": 386.7779527559055, "y": 1924.7141732283465, "w": 125.22204724409448, "h": 25, "jsonClass": "ChoiceField"}, {"x": 536.2031496062992, "y": 1924.7141732283465, "w": 102.79685039370077, "h": 25, "jsonClass": "ChoiceField"}, {"x": 246.2251968503937, "y": 1856.044094488189, "w": 99.7748031496063, "h": 25, "jsonClass": "ChoiceField"}, {"x": 430.55590551181103, "y": 1857.555905511811, "w": 217.44409448818897, "h": 25, "jsonClass": "ChoiceField"}, {"x": 678.2165354330709, "y": 1855.9496062992127, "w": 206.78346456692907, "h": 25.050393700787254, "jsonClass": "ChoiceField"}, {"x": 245.43858267716536, "y": 2041.4779527559056, "w": 73.56141732283464, "h": 25.000000000000227, "jsonClass": "ChoiceField"}, {"x": 387.8251968503937, "y": 2041.4779527559056, "w": 123.1748031496063, "h": 25.000000000000227, "jsonClass": "ChoiceField"}, {"x": 535.2031496062992, "y": 2041.4779527559056, "w": 102.79685039370077, "h": 25.000000000000227, "jsonClass": "ChoiceField"}, {"x": 245.43858267716536, "y": 1969.4858267716536, "w": 100.56141732283464, "h": 25, "jsonClass": "ChoiceField"}, {"x": 414.44724409448816, "y": 1969.4858267716536, "w": 218.55275590551184, "h": 25, "jsonClass": "ChoiceField"}, {"x": 677.4220472440944, "y": 1969.4307086614174, "w": 206.57795275590559, "h": 25, "jsonClass": "ChoiceField"}], "Widget": [{"x": 251.97480314960632, "y": 730.6110236220472, "w": 25, "h": 25, "jsonClass": "Widget"}, {"x": 435.31102362204723, "y": 730.6110236220472, "w": 25, "h": 25, "jsonClass": "Widget"}, {"x": 683.9669291338583, "y": 730.5165354330709, "w": 25, "h": 25, "jsonClass": "Widget"}, {"x": 254.25826771653544, "y": 414.2330708661417, "w": 25, "h": 25, "jsonClass": "Widget"}, {"x": 437.59448818897636, "y": 414.2330708661417, "w": 25, "h": 25, "jsonClass": "Widget"}, {"x": 686.2503937007874, "y": 414.1385826771654, "w": 25, "h": 25, "jsonClass": "Widget"}, {"x": 257.48582677165354, "y": 269.25826771653544, "w": 25, "h": 25, "jsonClass": "Widget"}, {"x": 399.8724409448819, "y": 269.25826771653544, "w": 25, "h": 25, "jsonClass": "Widget"}, {"x": 547.2503937007874, "y": 269.25826771653544, "w": 25, "h": 25, "jsonClass": "Widget"}, {"x": 252.4220472440945, "y": 482.8944881889764, "w": 25, "h": 25, "jsonClass": "Widget"}, {"x": 394.80787401574804, "y": 482.8944881889764, "w": 25, "h": 25, "jsonClass": "Widget"}, {"x": 544.2330708661418, "y": 482.8944881889764, "w": 25, "h": 25, "jsonClass": "Widget"}, {"x": 257.48582677165354, "y": 197.2724409448819, "w": 25, "h": 25, "jsonClass": "Widget"}, {"x": 426.4944881889764, "y": 197.2724409448819, "w": 25, "h": 25, "jsonClass": "Widget"}, {"x": 689.4692913385827, "y": 197.21102362204724, "w": 25, "h": 25, "jsonClass": "Widget"}, {"x": 250.13858267716537, "y": 799.272440944882, "w": 25, "h": 25, "jsonClass": "Widget"}, {"x": 392.52519685039374, "y": 799.272440944882, "w": 25, "h": 25, "jsonClass": "Widget"}, {"x": 541.9496062992126, "y": 799.272440944882, "w": 25, "h": 25, "jsonClass": "Widget"}, {"x": 253.46929133858268, "y": 527.6748031496063, "w": 25, "h": 25, "jsonClass": "Widget"}, {"x": 422.4779527559055, "y": 527.6748031496063, "w": 25, "h": 25, "jsonClass": "Widget"}, {"x": 685.4527559055118, "y": 527.6110236220472, "w": 25, "h": 25, "jsonClass": "Widget"}, {"x": 253.46929133858268, "y": 599.6582677165354, "w": 25, "h": 25, "jsonClass": "Widget"}, {"x": 395.8551181102362, "y": 599.6582677165354, "w": 25, "h": 25, "jsonClass": "Widget"}, {"x": 543.2330708661418, "y": 599.6582677165354, "w": 25, "h": 25, "jsonClass": "Widget"}, {"x": 251.18582677165355, "y": 916.036220472441, "w": 25, "h": 25, "jsonClass": "Widget"}, {"x": 393.57244094488186, "y": 916.036220472441, "w": 25, "h": 25, "jsonClass": "Widget"}, {"x": 540.9496062992126, "y": 916.036220472441, "w": 25, "h": 25, "jsonClass": "Widget"}, {"x": 251.18582677165355, "y": 844.0527559055118, "w": 25, "h": 25, "jsonClass": "Widget"}, {"x": 420.1944881889764, "y": 844.0527559055118, "w": 25, "h": 25, "jsonClass": "Widget"}, {"x": 683.1692913385826, "y": 843.9889763779528, "w": 25, "h": 25, "jsonClass": "Widget"}, {"x": 243.91968503937008, "y": 1120.1385826771655, "w": 25, "h": 25, "jsonClass": "Widget"}, {"x": 386.3055118110236, "y": 1120.1385826771655, "w": 25, "h": 25, "jsonClass": "Widget"}, {"x": 535.7307086614173, "y": 1120.1385826771655, "w": 25, "h": 25, "jsonClass": "Widget"}, {"x": 245.75275590551183, "y": 1051.4779527559056, "w": 25, "h": 25, "jsonClass": "Widget"}, {"x": 429.09133858267717, "y": 1051.4779527559056, "w": 25, "h": 25, "jsonClass": "Widget"}, {"x": 677.7448818897639, "y": 1051.3834645669292, "w": 25, "h": 25, "jsonClass": "Widget"}, {"x": 244.96692913385826, "y": 1236.9023622047246, "w": 25, "h": 25, "jsonClass": "Widget"}, {"x": 387.35275590551186, "y": 1236.9023622047246, "w": 25, "h": 25, "jsonClass": "Widget"}, {"x": 534.7307086614173, "y": 1236.9023622047246, "w": 25, "h": 25, "jsonClass": "Widget"}, {"x": 245.75275590551183, "y": 1164.91968503937, "w": 25, "h": 25, "jsonClass": "Widget"}, {"x": 413.9748031496063, "y": 1164.91968503937, "w": 25, "h": 25, "jsonClass": "Widget"}, {"x": 676.9496062992126, "y": 1164.8551181102364, "w": 25, "h": 25, "jsonClass": "Widget"}, {"x": 250.06141732283467, "y": 1413.8417322834646, "w": 25, "h": 25, "jsonClass": "Widget"}, {"x": 392.4472440944882, "y": 1413.8417322834646, "w": 25, "h": 25, "jsonClass": "Widget"}, {"x": 541.8724409448819, "y": 1413.8417322834646, "w": 25, "h": 25, "jsonClass": "Widget"}, {"x": 251.89448818897637, "y": 1345.1779527559054, "w": 25, "h": 25, "jsonClass": "Widget"}, {"x": 435.2330708661417, "y": 1345.1779527559054, "w": 25, "h": 25, "jsonClass": "Widget"}, {"x": 683.8858267716536, "y": 1345.083464566929, "w": 25, "h": 25, "jsonClass": "Widget"}, {"x": 251.10866141732285, "y": 1530.6031496062992, "w": 25, "h": 25, "jsonClass": "Widget"}, {"x": 393.4944881889764, "y": 1530.6031496062992, "w": 25, "h": 25, "jsonClass": "Widget"}, {"x": 540.8724409448819, "y": 1530.6031496062992, "w": 25, "h": 25, "jsonClass": "Widget"}, {"x": 251.10866141732285, "y": 1458.61968503937, "w": 25, "h": 25, "jsonClass": "Widget"}, {"x": 420.1165354330709, "y": 1458.61968503937, "w": 25, "h": 25, "jsonClass": "Widget"}, {"x": 683.0913385826773, "y": 1458.555905511811, "w": 25, "h": 25, "jsonClass": "Widget"}, {"x": 245.80787401574804, "y": 1674.3196850393701, "w": 25, "h": 25, "jsonClass": "Widget"}, {"x": 388.1944881889764, "y": 1674.3196850393701, "w": 25, "h": 25, "jsonClass": "Widget"}, {"x": 537.6196850393701, "y": 1674.3196850393701, "w": 25, "h": 25, "jsonClass": "Widget"}, {"x": 247.64173228346456, "y": 1605.6503937007874, "w": 25, "h": 25, "jsonClass": "Widget"}, {"x": 430.9803149606299, "y": 1605.6503937007874, "w": 25, "h": 25, "jsonClass": "Widget"}, {"x": 679.636220472441, "y": 1605.555905511811, "w": 25, "h": 25, "jsonClass": "Widget"}, {"x": 246.85511811023622, "y": 1791.0779527559055, "w": 25, "h": 25, "jsonClass": "Widget"}, {"x": 389.24173228346456, "y": 1791.0779527559055, "w": 25, "h": 25, "jsonClass": "Widget"}, {"x": 536.6196850393701, "y": 1791.0779527559055, "w": 25, "h": 25, "jsonClass": "Widget"}, {"x": 246.85511811023622, "y": 1719.0913385826773, "w": 25, "h": 25, "jsonClass": "Widget"}, {"x": 415.8637795275591, "y": 1719.0913385826773, "w": 25, "h": 25, "jsonClass": "Widget"}, {"x": 678.8385826771654, "y": 1719.0307086614175, "w": 25, "h": 25, "jsonClass": "Widget"}, {"x": 244.39212598425198, "y": 1924.7141732283465, "w": 25, "h": 25, "jsonClass": "Widget"}, {"x": 386.7779527559055, "y": 1924.7141732283465, "w": 25, "h": 25, "jsonClass": "Widget"}, {"x": 536.2031496062992, "y": 1924.7141732283465, "w": 25, "h": 25, "jsonClass": "Widget"}, {"x": 246.2251968503937, "y": 1856.044094488189, "w": 25, "h": 25, "jsonClass": "Widget"}, {"x": 430.55590551181103, "y": 1857.555905511811, "w": 25, "h": 25, "jsonClass": "Widget"}, {"x": 678.2165354330709, "y": 1855.9496062992127, "w": 25, "h": 25, "jsonClass": "Widget"}, {"x": 245.43858267716536, "y": 2041.4779527559056, "w": 25, "h": 25, "jsonClass": "Widget"}, {"x": 387.8251968503937, "y": 2041.4779527559056, "w": 25, "h": 25, "jsonClass": "Widget"}, {"x": 535.2031496062992, "y": 2041.4779527559056, "w": 25, "h": 25, "jsonClass": "Widget"}, {"x": 245.43858267716536, "y": 1969.4858267716536, "w": 25, "h": 25, "jsonClass": "Widget"}, {"x": 414.44724409448816, "y": 1969.4858267716536, "w": 25, "h": 25, "jsonClass": "Widget"}, {"x": 677.4220472440944, "y": 1969.4307086614174, "w": 25, "h": 25, "jsonClass": "Widget"}], "ChoiceGroupTitle": [{"x": 144, "y": 738, "w": 50, "h": 19, "jsonClass": "ChoiceGroupTitle"}, {"x": 146, "y": 421, "w": 51, "h": 20, "jsonClass": "ChoiceGroupTitle"}, {"x": 256, "y": 242, "w": 446, "h": 20, "jsonClass": "ChoiceGroupTitle"}, {"x": 253, "y": 451, "w": 446, "h": 19, "jsonClass": "ChoiceGroupTitle"}, {"x": 148, "y": 203, "w": 38, "h": 20, "jsonClass": "ChoiceGroupTitle"}, {"x": 250, "y": 767, "w": 447, "h": 20, "jsonClass": "ChoiceGroupTitle"}, {"x": 144, "y": 534, "w": 38, "h": 19, "jsonClass": "ChoiceGroupTitle"}, {"x": 252, "y": 573, "w": 446, "h": 19, "jsonClass": "ChoiceGroupTitle"}, {"x": 250, "y": 889, "w": 446, "h": 19, "jsonClass": "ChoiceGroupTitle"}, {"x": 142, "y": 850, "w": 37, "h": 20, "jsonClass": "ChoiceGroupTitle"}, {"x": 244, "y": 1088, "w": 446, "h": 20, "jsonClass": "ChoiceGroupTitle"}, {"x": 137, "y": 1059, "w": 51, "h": 19, "jsonClass": "ChoiceGroupTitle"}, {"x": 243, "y": 1210, "w": 447, "h": 19, "jsonClass": "ChoiceGroupTitle"}, {"x": 135, "y": 1171, "w": 38, "h": 19, "jsonClass": "ChoiceGroupTitle"}, {"x": 250, "y": 1382, "w": 447, "h": 19, "jsonClass": "ChoiceGroupTitle"}, {"x": 144, "y": 1352, "w": 50, "h": 20, "jsonClass": "ChoiceGroupTitle"}, {"x": 249, "y": 1504, "w": 447, "h": 19, "jsonClass": "ChoiceGroupTitle"}, {"x": 142, "y": 1465, "w": 37, "h": 19, "jsonClass": "ChoiceGroupTitle"}, {"x": 246, "y": 1642, "w": 446, "h": 20, "jsonClass": "ChoiceGroupTitle"}, {"x": 139, "y": 1613, "w": 51, "h": 19, "jsonClass": "ChoiceGroupTitle"}, {"x": 245, "y": 1764, "w": 447, "h": 19, "jsonClass": "ChoiceGroupTitle"}, {"x": 137, "y": 1725, "w": 38, "h": 20, "jsonClass": "ChoiceGroupTitle"}, {"x": 245, "y": 1893, "w": 446, "h": 19, "jsonClass": "ChoiceGroupTitle"}, {"x": 138, "y": 1863, "w": 51, "h": 20, "jsonClass": "ChoiceGroupTitle"}, {"x": 244, "y": 2014, "w": 446, "h": 20, "jsonClass": "ChoiceGroupTitle"}, {"x": 136, "y": 1976, "w": 38, "h": 19, "jsonClass": "ChoiceGroupTitle"}], "SectionTitle": [{"x": 103, "y": 122, "w": 1251, "h": 22, "jsonClass": "SectionTitle"}], "Footer": [{"x": 82, "y": 2074.03125, "w": 1538, "h": 39, "jsonClass": "Footer"}]}