{"TextBlock": [{"x": 77, "y": 194, "w": 1554, "h": 75, "jsonClass": "TextBlock"}, {"x": 190, "y": 2067, "w": 97, "h": 39, "jsonClass": "TextBlock"}, {"x": 133, "y": 319, "w": 247, "h": 20, "jsonClass": "TextBlock"}, {"x": 484, "y": 318, "w": 288, "h": 20, "jsonClass": "TextBlock"}, {"x": 870, "y": 318, "w": 288, "h": 20, "jsonClass": "TextBlock"}, {"x": 74, "y": 386, "w": 338, "h": 20, "jsonClass": "TextBlock"}, {"x": 614, "y": 476, "w": 124, "h": 19, "jsonClass": "TextBlock"}, {"x": 74, "y": 476, "w": 129, "h": 19, "jsonClass": "TextBlock"}, {"x": 74, "y": 605, "w": 401, "h": 19, "jsonClass": "TextBlock"}, {"x": 1163, "y": 605, "w": 400, "h": 19, "jsonClass": "TextBlock"}, {"x": 616, "y": 605, "w": 266, "h": 19, "jsonClass": "TextBlock"}, {"x": 861, "y": 384, "w": 310, "h": 20, "jsonClass": "TextBlock"}, {"x": 1163, "y": 476, "w": 172, "h": 19, "jsonClass": "TextBlock"}, {"x": 1352, "y": 1555, "w": 96, "h": 20, "jsonClass": "TextBlock"}, {"x": 1509, "y": 1555, "w": 112, "h": 20, "jsonClass": "TextBlock"}, {"x": 1352, "y": 1504, "w": 96, "h": 19, "jsonClass": "TextBlock"}, {"x": 1509, "y": 1504, "w": 112, "h": 19, "jsonClass": "TextBlock"}, {"x": 1352, "y": 1456, "w": 96, "h": 19, "jsonClass": "TextBlock"}, {"x": 1509, "y": 1456, "w": 112, "h": 19, "jsonClass": "TextBlock"}, {"x": 1352, "y": 1407, "w": 96, "h": 20, "jsonClass": "TextBlock"}, {"x": 1509, "y": 1407, "w": 112, "h": 20, "jsonClass": "TextBlock"}, {"x": 1352, "y": 1359, "w": 96, "h": 20, "jsonClass": "TextBlock"}, {"x": 1509, "y": 1359, "w": 112, "h": 20, "jsonClass": "TextBlock"}, {"x": 1352, "y": 1310, "w": 96, "h": 19, "jsonClass": "TextBlock"}, {"x": 1509, "y": 1310, "w": 112, "h": 19, "jsonClass": "TextBlock"}, {"x": 1352, "y": 1261, "w": 96, "h": 20, "jsonClass": "TextBlock"}, {"x": 1509, "y": 1261, "w": 112, "h": 20, "jsonClass": "TextBlock"}, {"x": 1352, "y": 1214, "w": 96, "h": 19, "jsonClass": "TextBlock"}, {"x": 1509, "y": 1214, "w": 112, "h": 19, "jsonClass": "TextBlock"}, {"x": 1352, "y": 1164, "w": 96, "h": 19, "jsonClass": "TextBlock"}, {"x": 1509, "y": 1164, "w": 112, "h": 19, "jsonClass": "TextBlock"}, {"x": 1352, "y": 1118, "w": 96, "h": 19, "jsonClass": "TextBlock"}, {"x": 1509, "y": 1118, "w": 112, "h": 19, "jsonClass": "TextBlock"}, {"x": 1352, "y": 1067, "w": 96, "h": 20, "jsonClass": "TextBlock"}, {"x": 1509, "y": 1067, "w": 112, "h": 20, "jsonClass": "TextBlock"}, {"x": 1352, "y": 1015, "w": 96, "h": 20, "jsonClass": "TextBlock"}, {"x": 1509, "y": 1015, "w": 112, "h": 20, "jsonClass": "TextBlock"}, {"x": 1352, "y": 966, "w": 96, "h": 19, "jsonClass": "TextBlock"}, {"x": 1509, "y": 966, "w": 112, "h": 19, "jsonClass": "TextBlock"}, {"x": 1352, "y": 916, "w": 96, "h": 19, "jsonClass": "TextBlock"}, {"x": 1509, "y": 916, "w": 112, "h": 19, "jsonClass": "TextBlock"}, {"x": 1352, "y": 865, "w": 96, "h": 19, "jsonClass": "TextBlock"}, {"x": 1509, "y": 865, "w": 112, "h": 19, "jsonClass": "TextBlock"}, {"x": 296, "y": 773, "w": 264, "h": 66, "jsonClass": "TextBlock"}, {"x": 939, "y": 783, "w": 224, "h": 45, "jsonClass": "TextBlock"}, {"x": 1446, "y": 796, "w": 54, "h": 19, "jsonClass": "TextBlock"}, {"x": 80, "y": 1598, "w": 1425, "h": 25, "jsonClass": "TextBlock"}, {"x": 80, "y": 1653, "w": 635, "h": 25, "jsonClass": "TextBlock"}, {"x": 74, "y": 1952, "w": 384, "h": 19, "jsonClass": "TextBlock"}, {"x": 1416, "y": 1844, "w": 52, "h": 19, "jsonClass": "TextBlock"}, {"x": 1416, "y": 1741, "w": 52, "h": 19, "jsonClass": "TextBlock"}, {"x": 74, "y": 1844, "w": 251, "h": 19, "jsonClass": "TextBlock"}, {"x": 74, "y": 1741, "w": 327, "h": 19, "jsonClass": "TextBlock"}, {"x": 1416, "y": 1956, "w": 52, "h": 19, "jsonClass": "TextBlock"}, {"x": 73, "y": 2066, "w": 91, "h": 42, "jsonClass": "TextBlock"}, {"x": 69, "y": 282, "w": 370, "h": 20, "jsonClass": "ChoiceGroupTitle"}, {"x": 711, "y": 355, "w": 281, "h": 20, "jsonClass": "SectionTitle"}, {"x": 797, "y": 740, "w": 106, "h": 19, "jsonClass": "SectionTitle"}, {"x": 772, "y": 1710, "w": 154, "h": 20, "jsonClass": "SectionTitle"}, {"x": 637, "y": 145, "w": 929, "h": 39, "jsonClass": "HeaderTitle"}], "TextRun": [{"x": 77, "y": 194, "w": 346, "h": 25, "jsonClass": "TextRun"}, {"x": 423, "y": 194, "w": 1208, "h": 25, "jsonClass": "TextRun"}, {"x": 77, "y": 219, "w": 1522, "h": 25, "jsonClass": "TextRun"}, {"x": 77, "y": 244, "w": 1431, "h": 25, "jsonClass": "TextRun"}, {"x": 190, "y": 2067, "w": 97, "h": 39, "jsonClass": "TextRun"}, {"x": 133, "y": 319, "w": 247, "h": 20, "jsonClass": "TextRun"}, {"x": 484, "y": 318, "w": 288, "h": 20, "jsonClass": "TextRun"}, {"x": 870, "y": 318, "w": 288, "h": 20, "jsonClass": "TextRun"}, {"x": 69, "y": 282, "w": 232, "h": 20, "jsonClass": "TextRun"}, {"x": 306, "y": 282, "w": 133, "h": 20, "jsonClass": "TextRun"}, {"x": 74, "y": 386, "w": 139, "h": 19, "jsonClass": "TextRun"}, {"x": 217, "y": 386, "w": 195, "h": 20, "jsonClass": "TextRun"}, {"x": 614, "y": 476, "w": 124, "h": 19, "jsonClass": "TextRun"}, {"x": 74, "y": 476, "w": 129, "h": 19, "jsonClass": "TextRun"}, {"x": 74, "y": 605, "w": 241, "h": 19, "jsonClass": "TextRun"}, {"x": 315, "y": 605, "w": 160, "h": 19, "jsonClass": "TextRun"}, {"x": 1163, "y": 605, "w": 181, "h": 19, "jsonClass": "TextRun"}, {"x": 1344, "y": 605, "w": 219, "h": 19, "jsonClass": "TextRun"}, {"x": 616, "y": 605, "w": 266, "h": 19, "jsonClass": "TextRun"}, {"x": 861, "y": 384, "w": 184, "h": 19, "jsonClass": "TextRun"}, {"x": 1045, "y": 384, "w": 126, "h": 20, "jsonClass": "TextRun"}, {"x": 1163, "y": 476, "w": 172, "h": 19, "jsonClass": "TextRun"}, {"x": 711, "y": 355, "w": 281, "h": 20, "jsonClass": "TextRun"}, {"x": 1352, "y": 1555, "w": 96, "h": 20, "jsonClass": "TextRun"}, {"x": 1509, "y": 1555, "w": 112, "h": 20, "jsonClass": "TextRun"}, {"x": 1352, "y": 1504, "w": 96, "h": 19, "jsonClass": "TextRun"}, {"x": 1509, "y": 1504, "w": 112, "h": 19, "jsonClass": "TextRun"}, {"x": 1352, "y": 1456, "w": 96, "h": 19, "jsonClass": "TextRun"}, {"x": 1509, "y": 1456, "w": 112, "h": 19, "jsonClass": "TextRun"}, {"x": 1352, "y": 1407, "w": 96, "h": 20, "jsonClass": "TextRun"}, {"x": 1509, "y": 1407, "w": 112, "h": 20, "jsonClass": "TextRun"}, {"x": 1352, "y": 1359, "w": 96, "h": 20, "jsonClass": "TextRun"}, {"x": 1509, "y": 1359, "w": 112, "h": 20, "jsonClass": "TextRun"}, {"x": 1352, "y": 1310, "w": 96, "h": 19, "jsonClass": "TextRun"}, {"x": 1509, "y": 1310, "w": 112, "h": 19, "jsonClass": "TextRun"}, {"x": 1352, "y": 1261, "w": 96, "h": 20, "jsonClass": "TextRun"}, {"x": 1509, "y": 1261, "w": 112, "h": 20, "jsonClass": "TextRun"}, {"x": 1352, "y": 1214, "w": 96, "h": 19, "jsonClass": "TextRun"}, {"x": 1509, "y": 1214, "w": 112, "h": 19, "jsonClass": "TextRun"}, {"x": 1352, "y": 1164, "w": 96, "h": 19, "jsonClass": "TextRun"}, {"x": 1509, "y": 1164, "w": 112, "h": 19, "jsonClass": "TextRun"}, {"x": 1352, "y": 1118, "w": 96, "h": 19, "jsonClass": "TextRun"}, {"x": 1509, "y": 1118, "w": 112, "h": 19, "jsonClass": "TextRun"}, {"x": 1352, "y": 1067, "w": 96, "h": 20, "jsonClass": "TextRun"}, {"x": 1509, "y": 1067, "w": 112, "h": 20, "jsonClass": "TextRun"}, {"x": 1352, "y": 1015, "w": 96, "h": 20, "jsonClass": "TextRun"}, {"x": 1509, "y": 1015, "w": 112, "h": 20, "jsonClass": "TextRun"}, {"x": 1352, "y": 966, "w": 96, "h": 19, "jsonClass": "TextRun"}, {"x": 1509, "y": 966, "w": 112, "h": 19, "jsonClass": "TextRun"}, {"x": 1352, "y": 916, "w": 96, "h": 19, "jsonClass": "TextRun"}, {"x": 1509, "y": 916, "w": 112, "h": 19, "jsonClass": "TextRun"}, {"x": 1352, "y": 865, "w": 96, "h": 19, "jsonClass": "TextRun"}, {"x": 1509, "y": 865, "w": 112, "h": 19, "jsonClass": "TextRun"}, {"x": 296, "y": 773, "w": 264, "h": 19, "jsonClass": "TextRun"}, {"x": 322, "y": 796, "w": 211, "h": 19, "jsonClass": "TextRun"}, {"x": 343, "y": 819, "w": 164, "h": 20, "jsonClass": "TextRun"}, {"x": 939, "y": 783, "w": 224, "h": 20, "jsonClass": "TextRun"}, {"x": 948, "y": 808, "w": 200, "h": 20, "jsonClass": "TextRun"}, {"x": 1446, "y": 796, "w": 54, "h": 19, "jsonClass": "TextRun"}, {"x": 80, "y": 1598, "w": 1425, "h": 25, "jsonClass": "TextRun"}, {"x": 80, "y": 1653, "w": 635, "h": 25, "jsonClass": "TextRun"}, {"x": 797, "y": 740, "w": 106, "h": 19, "jsonClass": "TextRun"}, {"x": 74, "y": 1952, "w": 384, "h": 19, "jsonClass": "TextRun"}, {"x": 1416, "y": 1844, "w": 52, "h": 19, "jsonClass": "TextRun"}, {"x": 1416, "y": 1741, "w": 52, "h": 19, "jsonClass": "TextRun"}, {"x": 74, "y": 1844, "w": 251, "h": 19, "jsonClass": "TextRun"}, {"x": 74, "y": 1741, "w": 327, "h": 19, "jsonClass": "TextRun"}, {"x": 1416, "y": 1956, "w": 52, "h": 19, "jsonClass": "TextRun"}, {"x": 772, "y": 1710, "w": 154, "h": 20, "jsonClass": "TextRun"}, {"x": 637, "y": 145, "w": 929, "h": 39, "jsonClass": "TextRun"}, {"x": 73, "y": 2066, "w": 27, "h": 20, "jsonClass": "TextRun"}, {"x": 100, "y": 2066, "w": 62, "h": 20, "jsonClass": "TextRun"}, {"x": 73, "y": 2089, "w": 91, "h": 19, "jsonClass": "TextRun"}], "ChoiceGroup": [{"x": 66, "y": 280.03125, "w": 1116, "h": 67, "jsonClass": "ChoiceGroup"}, {"x": 1308, "y": 1543.03125, "w": 318, "h": 39, "jsonClass": "ChoiceGroup"}, {"x": 1309, "y": 1493.03125, "w": 315, "h": 39, "jsonClass": "ChoiceGroup"}, {"x": 1309, "y": 1444.03125, "w": 317, "h": 37, "jsonClass": "ChoiceGroup"}, {"x": 1309, "y": 1396.03125, "w": 318, "h": 36, "jsonClass": "ChoiceGroup"}, {"x": 1311, "y": 1351.03125, "w": 315, "h": 34, "jsonClass": "ChoiceGroup"}, {"x": 1312, "y": 1301.03125, "w": 315, "h": 33, "jsonClass": "ChoiceGroup"}, {"x": 1312, "y": 1250.03125, "w": 314, "h": 38, "jsonClass": "ChoiceGroup"}, {"x": 1309, "y": 1204.03125, "w": 320, "h": 34, "jsonClass": "ChoiceGroup"}, {"x": 1311, "y": 1154.03125, "w": 318, "h": 36, "jsonClass": "ChoiceGroup"}, {"x": 1311, "y": 1109.03125, "w": 316, "h": 35, "jsonClass": "ChoiceGroup"}, {"x": 1311, "y": 1057.03125, "w": 316, "h": 36, "jsonClass": "ChoiceGroup"}, {"x": 1311, "y": 1006.03125, "w": 315, "h": 36, "jsonClass": "ChoiceGroup"}, {"x": 1312, "y": 955.03125, "w": 314, "h": 39, "jsonClass": "ChoiceGroup"}, {"x": 1309, "y": 905.03125, "w": 315, "h": 38, "jsonClass": "ChoiceGroup"}, {"x": 1314, "y": 853.03125, "w": 307, "h": 39, "jsonClass": "ChoiceGroup"}], "ChoiceField": [{"x": 97.2527559055118, "y": 315.244094488189, "w": 282.7472440944882, "h": 27.777952755905517, "jsonClass": "ChoiceField"}, {"x": 449.68661417322835, "y": 314.2944881889764, "w": 322.31338582677165, "h": 27.777952755905517, "jsonClass": "ChoiceField"}, {"x": 837.3251968503937, "y": 314.2944881889764, "w": 320.6748031496063, "h": 27.777952755905517, "jsonClass": "ChoiceField"}, {"x": 1317.6307086614174, "y": 1551.1165354330708, "w": 130.36929133858257, "h": 27.777952755905517, "jsonClass": "ChoiceField"}, {"x": 1474.8913385826772, "y": 1551.1165354330708, "w": 146.10866141732276, "h": 27.777952755905517, "jsonClass": "ChoiceField"}, {"x": 1317.6307086614174, "y": 1499.6220472440946, "w": 130.36929133858257, "h": 27.777952755905517, "jsonClass": "ChoiceField"}, {"x": 1474.8913385826772, "y": 1499.6220472440946, "w": 146.10866141732276, "h": 27.777952755905517, "jsonClass": "ChoiceField"}, {"x": 1317.6307086614174, "y": 1451.511023622047, "w": 130.36929133858257, "h": 27.777952755905517, "jsonClass": "ChoiceField"}, {"x": 1474.8913385826772, "y": 1451.511023622047, "w": 146.10866141732276, "h": 27.777952755905517, "jsonClass": "ChoiceField"}, {"x": 1317.6307086614174, "y": 1403.3220472440946, "w": 130.36929133858257, "h": 27.777952755905517, "jsonClass": "ChoiceField"}, {"x": 1474.8913385826772, "y": 1403.3220472440946, "w": 146.10866141732276, "h": 27.777952755905517, "jsonClass": "ChoiceField"}, {"x": 1317.6307086614174, "y": 1355.291338582677, "w": 130.36929133858257, "h": 27.777952755905517, "jsonClass": "ChoiceField"}, {"x": 1474.8913385826772, "y": 1355.291338582677, "w": 146.10866141732276, "h": 27.777952755905517, "jsonClass": "ChoiceField"}, {"x": 1317.6307086614174, "y": 1305.8330708661417, "w": 130.36929133858257, "h": 27.777952755905517, "jsonClass": "ChoiceField"}, {"x": 1474.8913385826772, "y": 1305.8330708661417, "w": 146.10866141732276, "h": 27.777952755905517, "jsonClass": "ChoiceField"}, {"x": 1317.6307086614174, "y": 1257.0944881889764, "w": 130.36929133858257, "h": 27.777952755905517, "jsonClass": "ChoiceField"}, {"x": 1474.8913385826772, "y": 1257.0944881889764, "w": 146.10866141732276, "h": 27.777952755905517, "jsonClass": "ChoiceField"}, {"x": 1317.6307086614174, "y": 1209.7692913385827, "w": 130.36929133858257, "h": 27.777952755905517, "jsonClass": "ChoiceField"}, {"x": 1474.8913385826772, "y": 1209.7692913385827, "w": 146.10866141732276, "h": 27.777952755905517, "jsonClass": "ChoiceField"}, {"x": 1317.6307086614174, "y": 1159.6141732283463, "w": 130.36929133858257, "h": 27.777952755905517, "jsonClass": "ChoiceField"}, {"x": 1474.8913385826772, "y": 1159.6141732283463, "w": 146.10866141732276, "h": 27.777952755905517, "jsonClass": "ChoiceField"}, {"x": 1317.6307086614174, "y": 1113.472440944882, "w": 130.36929133858257, "h": 27.777952755905517, "jsonClass": "ChoiceField"}, {"x": 1474.8913385826772, "y": 1113.472440944882, "w": 146.10866141732276, "h": 27.777952755905517, "jsonClass": "ChoiceField"}, {"x": 1317.6307086614174, "y": 1063.3141732283466, "w": 130.36929133858257, "h": 27.777952755905517, "jsonClass": "ChoiceField"}, {"x": 1474.8913385826772, "y": 1063.3141732283466, "w": 146.10866141732276, "h": 27.777952755905517, "jsonClass": "ChoiceField"}, {"x": 1317.6307086614174, "y": 1011.0307086614173, "w": 130.36929133858257, "h": 27.777952755905517, "jsonClass": "ChoiceField"}, {"x": 1474.8913385826772, "y": 1011.0307086614173, "w": 146.10866141732276, "h": 27.777952755905517, "jsonClass": "ChoiceField"}, {"x": 1317.6307086614174, "y": 961.6614173228347, "w": 130.36929133858257, "h": 27.777952755905517, "jsonClass": "ChoiceField"}, {"x": 1474.8913385826772, "y": 961.6614173228347, "w": 146.10866141732276, "h": 27.777952755905517, "jsonClass": "ChoiceField"}, {"x": 1317.6307086614174, "y": 911.5023622047244, "w": 130.36929133858257, "h": 27.777952755905517, "jsonClass": "ChoiceField"}, {"x": 1474.8913385826772, "y": 911.5023622047244, "w": 146.10866141732276, "h": 27.777952755905517, "jsonClass": "ChoiceField"}, {"x": 1317.6307086614174, "y": 860.3692913385827, "w": 130.36929133858257, "h": 27.777952755905517, "jsonClass": "ChoiceField"}, {"x": 1474.8913385826772, "y": 860.3692913385827, "w": 146.10866141732276, "h": 27.777952755905517, "jsonClass": "ChoiceField"}], "Widget": [{"x": 97.2527559055118, "y": 315.244094488189, "w": 27.777952755905513, "h": 27.777952755905513, "jsonClass": "Widget"}, {"x": 449.68661417322835, "y": 314.2944881889764, "w": 27.777952755905513, "h": 27.777952755905513, "jsonClass": "Widget"}, {"x": 837.3251968503937, "y": 314.2944881889764, "w": 27.777952755905513, "h": 27.777952755905513, "jsonClass": "Widget"}, {"x": 84.96141732283465, "y": 410.1582677165354, "w": 746.7692913385827, "h": 52.49448818897638, "jsonClass": "Widget"}, {"x": 630.7086614173229, "y": 498.60787401574805, "w": 511.33622047244097, "h": 94.43070866141731, "jsonClass": "Widget"}, {"x": 84.96141732283465, "y": 498.60787401574805, "w": 505.11653543307085, "h": 94.43070866141731, "jsonClass": "Widget"}, {"x": 84.96141732283465, "y": 627.3385826771654, "w": 505.11653543307085, "h": 99.20314960629922, "jsonClass": "Widget"}, {"x": 1180.7889763779526, "y": 627.3385826771654, "w": 436.37480314960635, "h": 99.20314960629922, "jsonClass": "Widget"}, {"x": 630.7086614173229, "y": 627.3385826771654, "w": 511.33622047244097, "h": 99.20314960629922, "jsonClass": "Widget"}, {"x": 884.9614173228347, "y": 410.1582677165354, "w": 732.2031496062992, "h": 52.49448818897638, "jsonClass": "Widget"}, {"x": 1180.7889763779526, "y": 498.60787401574805, "w": 436.37480314960635, "h": 94.43070866141731, "jsonClass": "Widget"}, {"x": 1317.6307086614174, "y": 1551.1165354330708, "w": 27.777952755905513, "h": 27.777952755905513, "jsonClass": "Widget"}, {"x": 1474.8913385826772, "y": 1551.1165354330708, "w": 27.777952755905513, "h": 27.777952755905513, "jsonClass": "Widget"}, {"x": 789.5196850393701, "y": 1543.2275590551183, "w": 510.8275590551182, "h": 40.0251968503937, "jsonClass": "Widget"}, {"x": 75.31417322834646, "y": 1543.2275590551183, "w": 704.08031496063, "h": 40.0251968503937, "jsonClass": "Widget"}, {"x": 75.31417322834646, "y": 1493.0692913385828, "w": 704.08031496063, "h": 40.0251968503937, "jsonClass": "Widget"}, {"x": 789.5196850393701, "y": 1493.0692913385828, "w": 510.8275590551182, "h": 40.0251968503937, "jsonClass": "Widget"}, {"x": 1317.6307086614174, "y": 1499.6220472440946, "w": 27.777952755905513, "h": 27.777952755905513, "jsonClass": "Widget"}, {"x": 1474.8913385826772, "y": 1499.6220472440946, "w": 27.777952755905513, "h": 27.777952755905513, "jsonClass": "Widget"}, {"x": 75.31417322834646, "y": 1444.9614173228347, "w": 704.08031496063, "h": 40.0251968503937, "jsonClass": "Widget"}, {"x": 789.5196850393701, "y": 1444.9614173228347, "w": 510.8275590551182, "h": 40.0251968503937, "jsonClass": "Widget"}, {"x": 1317.6307086614174, "y": 1451.511023622047, "w": 27.777952755905513, "h": 27.777952755905513, "jsonClass": "Widget"}, {"x": 1474.8913385826772, "y": 1451.511023622047, "w": 27.777952755905513, "h": 27.777952755905513, "jsonClass": "Widget"}, {"x": 75.31417322834646, "y": 1396.769291338583, "w": 704.08031496063, "h": 40.0251968503937, "jsonClass": "Widget"}, {"x": 789.5196850393701, "y": 1396.769291338583, "w": 510.8275590551182, "h": 40.0251968503937, "jsonClass": "Widget"}, {"x": 1317.6307086614174, "y": 1403.3220472440946, "w": 27.777952755905513, "h": 27.777952755905513, "jsonClass": "Widget"}, {"x": 1474.8913385826772, "y": 1403.3220472440946, "w": 27.777952755905513, "h": 27.777952755905513, "jsonClass": "Widget"}, {"x": 75.31417322834646, "y": 1348.7385826771654, "w": 704.08031496063, "h": 40.0251968503937, "jsonClass": "Widget"}, {"x": 789.5196850393701, "y": 1348.7385826771654, "w": 510.8275590551182, "h": 40.0251968503937, "jsonClass": "Widget"}, {"x": 1317.6307086614174, "y": 1355.291338582677, "w": 27.777952755905513, "h": 27.777952755905513, "jsonClass": "Widget"}, {"x": 1474.8913385826772, "y": 1355.291338582677, "w": 27.777952755905513, "h": 27.777952755905513, "jsonClass": "Widget"}, {"x": 75.31417322834646, "y": 1298.58031496063, "w": 704.08031496063, "h": 40.0251968503937, "jsonClass": "Widget"}, {"x": 789.5196850393701, "y": 1298.58031496063, "w": 510.8275590551182, "h": 40.0251968503937, "jsonClass": "Widget"}, {"x": 1317.6307086614174, "y": 1305.8330708661417, "w": 27.777952755905513, "h": 27.777952755905513, "jsonClass": "Widget"}, {"x": 1474.8913385826772, "y": 1305.8330708661417, "w": 27.777952755905513, "h": 27.777952755905513, "jsonClass": "Widget"}, {"x": 75.31417322834646, "y": 1250.5496062992127, "w": 704.08031496063, "h": 40.0251968503937, "jsonClass": "Widget"}, {"x": 789.5196850393701, "y": 1250.5496062992127, "w": 510.8275590551182, "h": 40.0251968503937, "jsonClass": "Widget"}, {"x": 1317.6307086614174, "y": 1257.0944881889764, "w": 27.777952755905513, "h": 27.777952755905513, "jsonClass": "Widget"}, {"x": 1474.8913385826772, "y": 1257.0944881889764, "w": 27.777952755905513, "h": 27.777952755905513, "jsonClass": "Widget"}, {"x": 75.31417322834646, "y": 1202.5196850393702, "w": 704.08031496063, "h": 40.0251968503937, "jsonClass": "Widget"}, {"x": 789.5196850393701, "y": 1202.5196850393702, "w": 510.8275590551182, "h": 40.0251968503937, "jsonClass": "Widget"}, {"x": 1317.6307086614174, "y": 1209.7692913385827, "w": 27.777952755905513, "h": 27.777952755905513, "jsonClass": "Widget"}, {"x": 1474.8913385826772, "y": 1209.7692913385827, "w": 27.777952755905513, "h": 27.777952755905513, "jsonClass": "Widget"}, {"x": 75.31417322834646, "y": 1153.0692913385826, "w": 704.08031496063, "h": 40.0251968503937, "jsonClass": "Widget"}, {"x": 789.5196850393701, "y": 1153.0692913385826, "w": 510.8275590551182, "h": 40.0251968503937, "jsonClass": "Widget"}, {"x": 1317.6307086614174, "y": 1159.6141732283463, "w": 27.777952755905513, "h": 27.777952755905513, "jsonClass": "Widget"}, {"x": 1474.8913385826772, "y": 1159.6141732283463, "w": 27.777952755905513, "h": 27.777952755905513, "jsonClass": "Widget"}, {"x": 75.31417322834646, "y": 1104.88031496063, "w": 704.08031496063, "h": 40.0251968503937, "jsonClass": "Widget"}, {"x": 789.5196850393701, "y": 1104.88031496063, "w": 510.8275590551182, "h": 40.0251968503937, "jsonClass": "Widget"}, {"x": 1317.6307086614174, "y": 1113.472440944882, "w": 27.777952755905513, "h": 27.777952755905513, "jsonClass": "Widget"}, {"x": 1474.8913385826772, "y": 1113.472440944882, "w": 27.777952755905513, "h": 27.777952755905513, "jsonClass": "Widget"}, {"x": 75.31417322834646, "y": 1056.7692913385827, "w": 704.08031496063, "h": 40.0251968503937, "jsonClass": "Widget"}, {"x": 789.5196850393701, "y": 1056.7692913385827, "w": 510.8275590551182, "h": 40.0251968503937, "jsonClass": "Widget"}, {"x": 1317.6307086614174, "y": 1063.3141732283466, "w": 27.777952755905513, "h": 27.777952755905513, "jsonClass": "Widget"}, {"x": 1474.8913385826772, "y": 1063.3141732283466, "w": 27.777952755905513, "h": 27.777952755905513, "jsonClass": "Widget"}, {"x": 75.31417322834646, "y": 1006.5330708661417, "w": 704.08031496063, "h": 40.0251968503937, "jsonClass": "Widget"}, {"x": 789.5196850393701, "y": 1006.5330708661417, "w": 510.8275590551182, "h": 40.0251968503937, "jsonClass": "Widget"}, {"x": 1317.6307086614174, "y": 1011.0307086614173, "w": 27.777952755905513, "h": 27.777952755905513, "jsonClass": "Widget"}, {"x": 1474.8913385826772, "y": 1011.0307086614173, "w": 27.777952755905513, "h": 27.777952755905513, "jsonClass": "Widget"}, {"x": 75.31417322834646, "y": 956.4551181102362, "w": 704.08031496063, "h": 40.0251968503937, "jsonClass": "Widget"}, {"x": 789.5196850393701, "y": 956.4551181102362, "w": 510.8275590551182, "h": 40.0251968503937, "jsonClass": "Widget"}, {"x": 1317.6307086614174, "y": 961.6614173228347, "w": 27.777952755905513, "h": 27.777952755905513, "jsonClass": "Widget"}, {"x": 1474.8913385826772, "y": 961.6614173228347, "w": 27.777952755905513, "h": 27.777952755905513, "jsonClass": "Widget"}, {"x": 75.31417322834646, "y": 906.2976377952756, "w": 704.08031496063, "h": 40.0251968503937, "jsonClass": "Widget"}, {"x": 789.5196850393701, "y": 906.2976377952756, "w": 510.8275590551182, "h": 40.0251968503937, "jsonClass": "Widget"}, {"x": 1317.6307086614174, "y": 911.5023622047244, "w": 27.777952755905513, "h": 27.777952755905513, "jsonClass": "Widget"}, {"x": 1474.8913385826772, "y": 911.5023622047244, "w": 27.777952755905513, "h": 27.777952755905513, "jsonClass": "Widget"}, {"x": 75.31417322834646, "y": 856.2031496062992, "w": 704.08031496063, "h": 40.0251968503937, "jsonClass": "Widget"}, {"x": 789.5196850393701, "y": 856.2031496062992, "w": 510.8275590551182, "h": 40.0251968503937, "jsonClass": "Widget"}, {"x": 1317.6307086614174, "y": 860.3692913385827, "w": 27.777952755905513, "h": 27.777952755905513, "jsonClass": "Widget"}, {"x": 1474.8913385826772, "y": 860.3692913385827, "w": 27.777952755905513, "h": 27.777952755905513, "jsonClass": "Widget"}, {"x": 84.96141732283465, "y": 1976.4582677165356, "w": 1286.2031496062993, "h": 71.18582677165354, "jsonClass": "Widget"}, {"x": 1424.5669291338584, "y": 1893.1023622047246, "w": 199.6196850393701, "h": 42.45511811023622, "jsonClass": "Widget"}, {"x": 1424.5669291338584, "y": 1790.6551181102361, "w": 199.6196850393701, "h": 42.45511811023622, "jsonClass": "Widget"}, {"x": 84.96141732283465, "y": 1864.3724409448819, "w": 1286.2031496062993, "h": 71.18582677165354, "jsonClass": "Widget"}, {"x": 84.96141732283465, "y": 1761.9220472440945, "w": 1286.2031496062993, "h": 71.18582677165354, "jsonClass": "Widget"}, {"x": 1424.5669291338584, "y": 2005.1889763779527, "w": 199.6196850393701, "h": 42.45511811023622, "jsonClass": "Widget"}], "ChoiceGroupTitle": [{"x": 69, "y": 282, "w": 370, "h": 20, "jsonClass": "ChoiceGroupTitle"}], "Field": [{"x": 74, "y": 386, "w": 757.7307086614173, "h": 76.65275590551181, "jsonClass": "Field"}, {"x": 614, "y": 476, "w": 528.0448818897639, "h": 117.03858267716532, "jsonClass": "Field"}, {"x": 74, "y": 476, "w": 516.0779527559055, "h": 117.03858267716532, "jsonClass": "Field"}, {"x": 74, "y": 605, "w": 516.0779527559055, "h": 121.54173228346463, "jsonClass": "Field"}, {"x": 1163, "y": 605, "w": 454.163779527559, "h": 121.54173228346463, "jsonClass": "Field"}, {"x": 616, "y": 605, "w": 526.0448818897639, "h": 121.54173228346463, "jsonClass": "Field"}, {"x": 861, "y": 384, "w": 756.1645669291338, "h": 78.65275590551181, "jsonClass": "Field"}, {"x": 1163, "y": 476, "w": 454.163779527559, "h": 117.03858267716532, "jsonClass": "Field"}, {"x": 74, "y": 1952, "w": 1297.164566929134, "h": 95.64409448818924, "jsonClass": "Field"}, {"x": 1416, "y": 1844, "w": 208.18661417322846, "h": 91.55748031496091, "jsonClass": "Field"}, {"x": 1416, "y": 1741, "w": 208.18661417322846, "h": 92.11023622047242, "jsonClass": "Field"}, {"x": 74, "y": 1844, "w": 1297.164566929134, "h": 91.55826771653551, "jsonClass": "Field"}, {"x": 74, "y": 1741, "w": 1297.164566929134, "h": 92.10787401574817, "jsonClass": "Field"}, {"x": 1416, "y": 1956, "w": 208.18661417322846, "h": 91.64409448818901, "jsonClass": "Field"}, {"x": 97.2527559055118, "y": 315.244094488189, "w": 282.7472440944882, "h": 27.777952755905517, "jsonClass": "ChoiceField"}, {"x": 449.68661417322835, "y": 314.2944881889764, "w": 322.31338582677165, "h": 27.777952755905517, "jsonClass": "ChoiceField"}, {"x": 837.3251968503937, "y": 314.2944881889764, "w": 320.6748031496063, "h": 27.777952755905517, "jsonClass": "ChoiceField"}, {"x": 1317.6307086614174, "y": 1551.1165354330708, "w": 130.36929133858257, "h": 27.777952755905517, "jsonClass": "ChoiceField"}, {"x": 1474.8913385826772, "y": 1551.1165354330708, "w": 146.10866141732276, "h": 27.777952755905517, "jsonClass": "ChoiceField"}, {"x": 1317.6307086614174, "y": 1499.6220472440946, "w": 130.36929133858257, "h": 27.777952755905517, "jsonClass": "ChoiceField"}, {"x": 1474.8913385826772, "y": 1499.6220472440946, "w": 146.10866141732276, "h": 27.777952755905517, "jsonClass": "ChoiceField"}, {"x": 1317.6307086614174, "y": 1451.511023622047, "w": 130.36929133858257, "h": 27.777952755905517, "jsonClass": "ChoiceField"}, {"x": 1474.8913385826772, "y": 1451.511023622047, "w": 146.10866141732276, "h": 27.777952755905517, "jsonClass": "ChoiceField"}, {"x": 1317.6307086614174, "y": 1403.3220472440946, "w": 130.36929133858257, "h": 27.777952755905517, "jsonClass": "ChoiceField"}, {"x": 1474.8913385826772, "y": 1403.3220472440946, "w": 146.10866141732276, "h": 27.777952755905517, "jsonClass": "ChoiceField"}, {"x": 1317.6307086614174, "y": 1355.291338582677, "w": 130.36929133858257, "h": 27.777952755905517, "jsonClass": "ChoiceField"}, {"x": 1474.8913385826772, "y": 1355.291338582677, "w": 146.10866141732276, "h": 27.777952755905517, "jsonClass": "ChoiceField"}, {"x": 1317.6307086614174, "y": 1305.8330708661417, "w": 130.36929133858257, "h": 27.777952755905517, "jsonClass": "ChoiceField"}, {"x": 1474.8913385826772, "y": 1305.8330708661417, "w": 146.10866141732276, "h": 27.777952755905517, "jsonClass": "ChoiceField"}, {"x": 1317.6307086614174, "y": 1257.0944881889764, "w": 130.36929133858257, "h": 27.777952755905517, "jsonClass": "ChoiceField"}, {"x": 1474.8913385826772, "y": 1257.0944881889764, "w": 146.10866141732276, "h": 27.777952755905517, "jsonClass": "ChoiceField"}, {"x": 1317.6307086614174, "y": 1209.7692913385827, "w": 130.36929133858257, "h": 27.777952755905517, "jsonClass": "ChoiceField"}, {"x": 1474.8913385826772, "y": 1209.7692913385827, "w": 146.10866141732276, "h": 27.777952755905517, "jsonClass": "ChoiceField"}, {"x": 1317.6307086614174, "y": 1159.6141732283463, "w": 130.36929133858257, "h": 27.777952755905517, "jsonClass": "ChoiceField"}, {"x": 1474.8913385826772, "y": 1159.6141732283463, "w": 146.10866141732276, "h": 27.777952755905517, "jsonClass": "ChoiceField"}, {"x": 1317.6307086614174, "y": 1113.472440944882, "w": 130.36929133858257, "h": 27.777952755905517, "jsonClass": "ChoiceField"}, {"x": 1474.8913385826772, "y": 1113.472440944882, "w": 146.10866141732276, "h": 27.777952755905517, "jsonClass": "ChoiceField"}, {"x": 1317.6307086614174, "y": 1063.3141732283466, "w": 130.36929133858257, "h": 27.777952755905517, "jsonClass": "ChoiceField"}, {"x": 1474.8913385826772, "y": 1063.3141732283466, "w": 146.10866141732276, "h": 27.777952755905517, "jsonClass": "ChoiceField"}, {"x": 1317.6307086614174, "y": 1011.0307086614173, "w": 130.36929133858257, "h": 27.777952755905517, "jsonClass": "ChoiceField"}, {"x": 1474.8913385826772, "y": 1011.0307086614173, "w": 146.10866141732276, "h": 27.777952755905517, "jsonClass": "ChoiceField"}, {"x": 1317.6307086614174, "y": 961.6614173228347, "w": 130.36929133858257, "h": 27.777952755905517, "jsonClass": "ChoiceField"}, {"x": 1474.8913385826772, "y": 961.6614173228347, "w": 146.10866141732276, "h": 27.777952755905517, "jsonClass": "ChoiceField"}, {"x": 1317.6307086614174, "y": 911.5023622047244, "w": 130.36929133858257, "h": 27.777952755905517, "jsonClass": "ChoiceField"}, {"x": 1474.8913385826772, "y": 911.5023622047244, "w": 146.10866141732276, "h": 27.777952755905517, "jsonClass": "ChoiceField"}, {"x": 1317.6307086614174, "y": 860.3692913385827, "w": 130.36929133858257, "h": 27.777952755905517, "jsonClass": "ChoiceField"}, {"x": 1474.8913385826772, "y": 860.3692913385827, "w": 146.10866141732276, "h": 27.777952755905517, "jsonClass": "ChoiceField"}], "Table": [{"x": 63, "y": 766.0312499999993, "w": 1575, "h": 819.446299680721, "jsonClass": "Table"}]}