{"TextBlock": [{"x": 79, "y": 248, "w": 1506, "h": 47, "jsonClass": "TextBlock"}, {"x": 750, "y": 106, "w": 357, "h": 22, "jsonClass": "TextBlock"}, {"x": 67, "y": 2054, "w": 94, "h": 42, "jsonClass": "TextBlock"}, {"x": 1333, "y": 107, "w": 265, "h": 19, "jsonClass": "TextBlock"}, {"x": 183, "y": 2058, "w": 137, "h": 34, "jsonClass": "TextBlock"}, {"x": 1529, "y": 2062, "w": 92, "h": 25, "jsonClass": "TextBlock"}, {"x": 1106, "y": 737, "w": 68, "h": 25, "jsonClass": "TextBlock"}, {"x": 79, "y": 372, "w": 1535, "h": 272, "jsonClass": "TextBlock"}, {"x": 79, "y": 674, "w": 1371, "h": 19, "jsonClass": "TextBlock"}, {"x": 79, "y": 722, "w": 346, "h": 55, "jsonClass": "TextBlock"}, {"x": 446, "y": 197, "w": 808, "h": 22, "jsonClass": "SectionTitle"}, {"x": 700, "y": 322, "w": 301, "h": 22, "jsonClass": "SectionTitle"}, {"x": 88, "y": 108, "w": 624, "h": 68, "jsonClass": "HeaderTitle"}], "TextRun": [{"x": 79, "y": 248, "w": 1506, "h": 22, "jsonClass": "TextRun"}, {"x": 79, "y": 273, "w": 799, "h": 22, "jsonClass": "TextRun"}, {"x": 446, "y": 197, "w": 808, "h": 22, "jsonClass": "TextRun"}, {"x": 750, "y": 108, "w": 175, "h": 19, "jsonClass": "TextRun"}, {"x": 925, "y": 106, "w": 182, "h": 22, "jsonClass": "TextRun"}, {"x": 67, "y": 2054, "w": 94, "h": 19, "jsonClass": "TextRun"}, {"x": 67, "y": 2077, "w": 88, "h": 19, "jsonClass": "TextRun"}, {"x": 1333, "y": 107, "w": 265, "h": 19, "jsonClass": "TextRun"}, {"x": 88, "y": 108, "w": 624, "h": 33, "jsonClass": "TextRun"}, {"x": 331, "y": 148, "w": 138, "h": 28, "jsonClass": "TextRun"}, {"x": 183, "y": 2058, "w": 137, "h": 34, "jsonClass": "TextRun"}, {"x": 1529, "y": 2062, "w": 92, "h": 25, "jsonClass": "TextRun"}, {"x": 1106, "y": 737, "w": 68, "h": 25, "jsonClass": "TextRun"}, {"x": 79, "y": 372, "w": 1519, "h": 22, "jsonClass": "TextRun"}, {"x": 79, "y": 400, "w": 1501, "h": 22, "jsonClass": "TextRun"}, {"x": 79, "y": 428, "w": 1476, "h": 22, "jsonClass": "TextRun"}, {"x": 79, "y": 456, "w": 1527, "h": 22, "jsonClass": "TextRun"}, {"x": 79, "y": 483, "w": 1504, "h": 23, "jsonClass": "TextRun"}, {"x": 79, "y": 511, "w": 1502, "h": 22, "jsonClass": "TextRun"}, {"x": 79, "y": 539, "w": 1522, "h": 22, "jsonClass": "TextRun"}, {"x": 79, "y": 567, "w": 1535, "h": 22, "jsonClass": "TextRun"}, {"x": 79, "y": 594, "w": 1518, "h": 23, "jsonClass": "TextRun"}, {"x": 79, "y": 622, "w": 1267, "h": 22, "jsonClass": "TextRun"}, {"x": 79, "y": 674, "w": 1371, "h": 19, "jsonClass": "TextRun"}, {"x": 79, "y": 722, "w": 346, "h": 25, "jsonClass": "TextRun"}, {"x": 79, "y": 752, "w": 124, "h": 25, "jsonClass": "TextRun"}, {"x": 700, "y": 322, "w": 301, "h": 22, "jsonClass": "TextRun"}], "Field": [{"x": 749.5582677165354, "y": 106, "w": 550.0307086614174, "h": 77.33070866141733, "jsonClass": "Field"}, {"x": 1332.8196850393701, "y": 107, "w": 283.7944881889764, "h": 76.33070866141733, "jsonClass": "Field"}, {"x": 1106, "y": 720.8275590551182, "w": 510.66929133858275, "h": 60.369291338582684, "jsonClass": "Field"}, {"x": 79, "y": 720.8275590551182, "w": 987.6700787401576, "h": 60.369291338582684, "jsonClass": "Field"}], "Widget": [{"x": 749.5582677165354, "y": 133.33070866141733, "w": 550.0307086614173, "h": 50, "jsonClass": "Widget"}, {"x": 1332.8196850393701, "y": 133.33070866141733, "w": 283.79448818897635, "h": 50, "jsonClass": "Widget"}, {"x": 1198.8385826771653, "y": 720.8275590551182, "w": 417.83070866141736, "h": 60.36929133858268, "jsonClass": "Widget"}, {"x": 457.49763779527564, "y": 720.8275590551182, "w": 609.1724409448819, "h": 60.36929133858268, "jsonClass": "Widget"}]}