{"TextBlock": [{"x": 639, "y": 2105, "w": 468, "h": 41, "jsonClass": "TextBlock"}, {"x": 1323, "y": 58, "w": 257, "h": 59, "jsonClass": "TextBlock"}, {"x": 200, "y": 2108, "w": 195, "h": 34, "jsonClass": "TextBlock"}, {"x": 94, "y": 582, "w": 124, "h": 19, "jsonClass": "TextBlock"}, {"x": 95, "y": 529, "w": 1169, "h": 20, "jsonClass": "TextBlock"}, {"x": 150, "y": 490, "w": 34, "h": 20, "jsonClass": "TextBlock"}, {"x": 267, "y": 490, "w": 25, "h": 20, "jsonClass": "TextBlock"}, {"x": 94, "y": 715, "w": 124, "h": 20, "jsonClass": "TextBlock"}, {"x": 728, "y": 582, "w": 91, "h": 19, "jsonClass": "TextBlock"}, {"x": 94, "y": 1059, "w": 1344, "h": 49, "jsonClass": "TextBlock"}, {"x": 728, "y": 715, "w": 91, "h": 20, "jsonClass": "TextBlock"}, {"x": 310, "y": 487, "w": 250, "h": 22, "jsonClass": "TextBlock"}, {"x": 1194, "y": 649, "w": 156, "h": 19, "jsonClass": "TextBlock"}, {"x": 728, "y": 649, "w": 91, "h": 19, "jsonClass": "TextBlock"}, {"x": 1194, "y": 715, "w": 156, "h": 20, "jsonClass": "TextBlock"}, {"x": 1194, "y": 582, "w": 156, "h": 19, "jsonClass": "TextBlock"}, {"x": 94, "y": 649, "w": 124, "h": 19, "jsonClass": "TextBlock"}, {"x": 93, "y": 764, "w": 1472, "h": 43, "jsonClass": "TextBlock"}, {"x": 96, "y": 1153, "w": 1186, "h": 22, "jsonClass": "TextBlock"}, {"x": 150, "y": 1411, "w": 45, "h": 20, "jsonClass": "TextBlock"}, {"x": 283, "y": 1411, "w": 33, "h": 20, "jsonClass": "TextBlock"}, {"x": 400, "y": 1411, "w": 119, "h": 20, "jsonClass": "TextBlock"}, {"x": 483, "y": 1724, "w": 47, "h": 19, "jsonClass": "TextBlock"}, {"x": 617, "y": 1724, "w": 35, "h": 19, "jsonClass": "TextBlock"}, {"x": 733, "y": 1724, "w": 88, "h": 19, "jsonClass": "TextBlock"}, {"x": 917, "y": 1724, "w": 67, "h": 19, "jsonClass": "TextBlock"}, {"x": 483, "y": 1657, "w": 47, "h": 19, "jsonClass": "TextBlock"}, {"x": 617, "y": 1657, "w": 35, "h": 19, "jsonClass": "TextBlock"}, {"x": 733, "y": 1657, "w": 88, "h": 19, "jsonClass": "TextBlock"}, {"x": 917, "y": 1657, "w": 67, "h": 19, "jsonClass": "TextBlock"}, {"x": 117, "y": 1919, "w": 290, "h": 20, "jsonClass": "TextBlock"}, {"x": 117, "y": 1589, "w": 395, "h": 22, "jsonClass": "TextBlock"}, {"x": 117, "y": 1558, "w": 607, "h": 22, "jsonClass": "TextBlock"}, {"x": 483, "y": 1690, "w": 47, "h": 20, "jsonClass": "TextBlock"}, {"x": 617, "y": 1690, "w": 35, "h": 20, "jsonClass": "TextBlock"}, {"x": 733, "y": 1690, "w": 88, "h": 20, "jsonClass": "TextBlock"}, {"x": 917, "y": 1690, "w": 67, "h": 20, "jsonClass": "TextBlock"}, {"x": 483, "y": 1790, "w": 47, "h": 20, "jsonClass": "TextBlock"}, {"x": 617, "y": 1790, "w": 35, "h": 20, "jsonClass": "TextBlock"}, {"x": 733, "y": 1790, "w": 88, "h": 20, "jsonClass": "TextBlock"}, {"x": 917, "y": 1790, "w": 67, "h": 20, "jsonClass": "TextBlock"}, {"x": 483, "y": 1624, "w": 47, "h": 19, "jsonClass": "TextBlock"}, {"x": 617, "y": 1624, "w": 35, "h": 19, "jsonClass": "TextBlock"}, {"x": 733, "y": 1624, "w": 88, "h": 19, "jsonClass": "TextBlock"}, {"x": 917, "y": 1624, "w": 67, "h": 19, "jsonClass": "TextBlock"}, {"x": 117, "y": 1750, "w": 264, "h": 22, "jsonClass": "TextBlock"}, {"x": 483, "y": 1824, "w": 47, "h": 19, "jsonClass": "TextBlock"}, {"x": 617, "y": 1824, "w": 35, "h": 19, "jsonClass": "TextBlock"}, {"x": 733, "y": 1824, "w": 88, "h": 19, "jsonClass": "TextBlock"}, {"x": 917, "y": 1824, "w": 67, "h": 19, "jsonClass": "TextBlock"}, {"x": 483, "y": 1857, "w": 47, "h": 19, "jsonClass": "TextBlock"}, {"x": 617, "y": 1857, "w": 35, "h": 19, "jsonClass": "TextBlock"}, {"x": 733, "y": 1857, "w": 88, "h": 19, "jsonClass": "TextBlock"}, {"x": 916, "y": 1858, "w": 67, "h": 20, "jsonClass": "TextBlock"}, {"x": 483, "y": 1890, "w": 47, "h": 20, "jsonClass": "TextBlock"}, {"x": 617, "y": 1890, "w": 35, "h": 20, "jsonClass": "TextBlock"}, {"x": 733, "y": 1890, "w": 88, "h": 20, "jsonClass": "TextBlock"}, {"x": 917, "y": 1890, "w": 67, "h": 20, "jsonClass": "TextBlock"}, {"x": 483, "y": 1957, "w": 47, "h": 19, "jsonClass": "TextBlock"}, {"x": 617, "y": 1957, "w": 35, "h": 19, "jsonClass": "TextBlock"}, {"x": 733, "y": 1957, "w": 88, "h": 19, "jsonClass": "TextBlock"}, {"x": 917, "y": 1957, "w": 67, "h": 19, "jsonClass": "TextBlock"}, {"x": 483, "y": 1990, "w": 47, "h": 20, "jsonClass": "TextBlock"}, {"x": 617, "y": 1990, "w": 35, "h": 20, "jsonClass": "TextBlock"}, {"x": 733, "y": 1990, "w": 88, "h": 20, "jsonClass": "TextBlock"}, {"x": 917, "y": 1990, "w": 67, "h": 20, "jsonClass": "TextBlock"}, {"x": 483, "y": 2024, "w": 47, "h": 19, "jsonClass": "TextBlock"}, {"x": 617, "y": 2024, "w": 35, "h": 19, "jsonClass": "TextBlock"}, {"x": 733, "y": 2024, "w": 88, "h": 19, "jsonClass": "TextBlock"}, {"x": 917, "y": 2024, "w": 67, "h": 19, "jsonClass": "TextBlock"}, {"x": 483, "y": 2057, "w": 47, "h": 19, "jsonClass": "TextBlock"}, {"x": 617, "y": 2057, "w": 35, "h": 19, "jsonClass": "TextBlock"}, {"x": 733, "y": 2057, "w": 88, "h": 19, "jsonClass": "TextBlock"}, {"x": 917, "y": 2057, "w": 67, "h": 19, "jsonClass": "TextBlock"}, {"x": 150, "y": 1524, "w": 34, "h": 19, "jsonClass": "TextBlock"}, {"x": 267, "y": 1524, "w": 25, "h": 19, "jsonClass": "TextBlock"}, {"x": 83, "y": 2105, "w": 94, "h": 43, "jsonClass": "TextBlock"}, {"x": 1546, "y": 2103, "w": 71, "h": 23, "jsonClass": "TextBlock"}, {"x": 95, "y": 282, "w": 273, "h": 20, "jsonClass": "TextBlock"}, {"x": 96, "y": 200, "w": 1511, "h": 75, "jsonClass": "TextBlock"}, {"x": 94, "y": 346, "w": 1501, "h": 66, "jsonClass": "TextBlock"}, {"x": 1095, "y": 282, "w": 466, "h": 20, "jsonClass": "TextBlock"}, {"x": 101, "y": 457, "w": 937, "h": 19, "jsonClass": "ChoiceGroupTitle"}, {"x": 94, "y": 1356, "w": 199, "h": 20, "jsonClass": "ChoiceGroupTitle"}, {"x": 150, "y": 1725, "w": 179, "h": 19, "jsonClass": "ChoiceGroupTitle"}, {"x": 150, "y": 1658, "w": 188, "h": 20, "jsonClass": "ChoiceGroupTitle"}, {"x": 150, "y": 1692, "w": 187, "h": 19, "jsonClass": "ChoiceGroupTitle"}, {"x": 150, "y": 1790, "w": 190, "h": 20, "jsonClass": "ChoiceGroupTitle"}, {"x": 150, "y": 1624, "w": 190, "h": 19, "jsonClass": "ChoiceGroupTitle"}, {"x": 150, "y": 1828, "w": 188, "h": 19, "jsonClass": "ChoiceGroupTitle"}, {"x": 150, "y": 1861, "w": 198, "h": 20, "jsonClass": "ChoiceGroupTitle"}, {"x": 150, "y": 1894, "w": 185, "h": 20, "jsonClass": "ChoiceGroupTitle"}, {"x": 150, "y": 1956, "w": 196, "h": 19, "jsonClass": "ChoiceGroupTitle"}, {"x": 150, "y": 1994, "w": 188, "h": 20, "jsonClass": "ChoiceGroupTitle"}, {"x": 150, "y": 2028, "w": 198, "h": 19, "jsonClass": "ChoiceGroupTitle"}, {"x": 150, "y": 2061, "w": 185, "h": 20, "jsonClass": "ChoiceGroupTitle"}, {"x": 96, "y": 1489, "w": 776, "h": 19, "jsonClass": "ChoiceGroupTitle"}, {"x": 83, "y": 423, "w": 886, "h": 23, "jsonClass": "SectionTitle"}, {"x": 96, "y": 1124, "w": 942, "h": 22, "jsonClass": "SectionTitle"}, {"x": 94, "y": 1457, "w": 919, "h": 22, "jsonClass": "SectionTitle"}, {"x": 620, "y": 132, "w": 956, "h": 55, "jsonClass": "HeaderTitle"}], "TextRun": [{"x": 639, "y": 2105, "w": 468, "h": 19, "jsonClass": "TextRun", "text": "SUPERSEDES VA FORM 21-0960C-10,  OCT 2012,"}, {"x": 639, "y": 2127, "w": 260, "h": 19, "jsonClass": "TextRun", "text": "WHICH WILL NOT BE USED."}, {"x": 1323, "y": 58, "w": 236, "h": 20, "jsonClass": "TextRun", "text": "OMB Control No. 2900-0779"}, {"x": 1323, "y": 78, "w": 257, "h": 19, "jsonClass": "TextRun", "text": "Respondent Burden: 45 Minutes"}, {"x": 1323, "y": 97, "w": 227, "h": 20, "jsonClass": "TextRun", "text": "Expiration Date:  01/31/2018"}, {"x": 200, "y": 2108, "w": 195, "h": 34, "jsonClass": "TextRun", "text": "21-0960C-10"}, {"x": 94, "y": 582, "w": 124, "h": 19, "jsonClass": "TextRun", "text": "Diagnosis # 1:"}, {"x": 95, "y": 529, "w": 1169, "h": 20, "jsonClass": "TextRun", "text": "1B. PROVIDE ONLY DIAGNOSES THAT PERTAIN TO A PERIPHERAL NERVE CONDITION AND/OR PERIPHERAL NEUROPATHY:"}, {"x": 150, "y": 490, "w": 34, "h": 20, "jsonClass": "TextRun", "text": "Yes"}, {"x": 267, "y": 490, "w": 25, "h": 20, "jsonClass": "TextRun", "text": "No"}, {"x": 101, "y": 457, "w": 937, "h": 19, "jsonClass": "TextRun", "text": "1A. DOES THE VETERAN HAVE A PERIPHERAL NERVE CONDITION OR PERIPHERAL NEUROPATHY?"}, {"x": 94, "y": 715, "w": 124, "h": 20, "jsonClass": "TextRun", "text": "Diagnosis # 3:"}, {"x": 728, "y": 582, "w": 91, "h": 19, "jsonClass": "TextRun", "text": "ICD Code:"}, {"x": 94, "y": 1059, "w": 147, "h": 22, "jsonClass": "TextRun", "text": "DEFINITIONS"}, {"x": 241, "y": 1059, "w": 1197, "h": 22, "jsonClass": "TextRun", "text": ":\u00c2\u00a0For VA purposes, neuralgia\u00c2\u00a0indicates a condition characterized by a dull and intermittent pain of typical distribution so as to identify"}, {"x": 94, "y": 1086, "w": 1233, "h": 22, "jsonClass": "TextRun", "text": "the nerve, while\u00c2\u00a0neuritis\u00c2\u00a0is characterized by loss of reflexes, muscle atrophy, sensory disturbances and constant pain, at times excruciating."}, {"x": 728, "y": 715, "w": 91, "h": 20, "jsonClass": "TextRun", "text": "ICD Code:"}, {"x": 310, "y": 487, "w": 250, "h": 22, "jsonClass": "TextRun", "text": "(If \"Yes,\" complete Item 1B)"}, {"x": 1194, "y": 649, "w": 156, "h": 19, "jsonClass": "TextRun", "text": "Date of diagnosis:"}, {"x": 728, "y": 649, "w": 91, "h": 19, "jsonClass": "TextRun", "text": "ICD Code:"}, {"x": 1194, "y": 715, "w": 156, "h": 20, "jsonClass": "TextRun", "text": "Date of diagnosis:"}, {"x": 1194, "y": 582, "w": 156, "h": 19, "jsonClass": "TextRun", "text": "Date of diagnosis:"}, {"x": 94, "y": 649, "w": 124, "h": 19, "jsonClass": "TextRun", "text": "Diagnosis # 2:"}, {"x": 93, "y": 764, "w": 1472, "h": 20, "jsonClass": "TextRun", "text": "1C. IF THERE ARE ADDITIONAL DIAGNOSES THAT PERTAIN TO A PERIPHERAL NERVE CONDITION AND/OR PERIPHERAL NEUROPATHY, LIST USING ABOVE"}, {"x": 93, "y": 788, "w": 125, "h": 19, "jsonClass": "TextRun", "text": "FORMAT:"}, {"x": 83, "y": 423, "w": 886, "h": 23, "jsonClass": "TextRun", "text": "SECTION I - DIAGNOSIS"}, {"x": 96, "y": 1155, "w": 275, "h": 20, "jsonClass": "TextRun", "text": "2A. DESCRIBE THE HISTORY"}, {"x": 371, "y": 1153, "w": 261, "h": 22, "jsonClass": "TextRun", "text": "(including onset and course)"}, {"x": 632, "y": 1155, "w": 500, "h": 20, "jsonClass": "TextRun", "text": "OF THE VETERAN'S PERIPHERAL NERVE CONDITION"}, {"x": 1132, "y": 1153, "w": 150, "h": 22, "jsonClass": "TextRun", "text": "(brief summary)"}, {"x": 150, "y": 1411, "w": 45, "h": 20, "jsonClass": "TextRun", "text": "Right"}, {"x": 283, "y": 1411, "w": 33, "h": 20, "jsonClass": "TextRun", "text": "Left"}, {"x": 400, "y": 1411, "w": 119, "h": 20, "jsonClass": "TextRun", "text": "Ambidextrous"}, {"x": 94, "y": 1356, "w": 199, "h": 20, "jsonClass": "TextRun", "text": "2B. DOMINANT HAND"}, {"x": 96, "y": 1124, "w": 942, "h": 22, "jsonClass": "TextRun", "text": "SECTION II - MEDICAL HISTORY"}, {"x": 483, "y": 1724, "w": 47, "h": 19, "jsonClass": "TextRun", "text": "None"}, {"x": 617, "y": 1724, "w": 35, "h": 19, "jsonClass": "TextRun", "text": "Mild"}, {"x": 733, "y": 1724, "w": 88, "h": 19, "jsonClass": "TextRun", "text": "Moderate"}, {"x": 917, "y": 1724, "w": 67, "h": 19, "jsonClass": "TextRun", "text": "Severe"}, {"x": 150, "y": 1725, "w": 179, "h": 19, "jsonClass": "TextRun", "text": "Left lower extremity:"}, {"x": 483, "y": 1657, "w": 47, "h": 19, "jsonClass": "TextRun", "text": "None"}, {"x": 617, "y": 1657, "w": 35, "h": 19, "jsonClass": "TextRun", "text": "Mild"}, {"x": 733, "y": 1657, "w": 88, "h": 19, "jsonClass": "TextRun", "text": "Moderate"}, {"x": 917, "y": 1657, "w": 67, "h": 19, "jsonClass": "TextRun", "text": "Severe"}, {"x": 150, "y": 1658, "w": 188, "h": 20, "jsonClass": "TextRun", "text": "Left upper extremity: \u00c2\u00a0"}, {"x": 117, "y": 1919, "w": 290, "h": 20, "jsonClass": "TextRun", "text": "Paresthesias and/or dysesthesias"}, {"x": 117, "y": 1591, "w": 125, "h": 19, "jsonClass": "TextRun", "text": "Constant pain"}, {"x": 242, "y": 1589, "w": 270, "h": 22, "jsonClass": "TextRun", "text": "(may be excruciating at times)"}, {"x": 117, "y": 1560, "w": 410, "h": 19, "jsonClass": "TextRun", "text": "If yes, indicate symptoms' location and severity"}, {"x": 527, "y": 1558, "w": 197, "h": 22, "jsonClass": "TextRun", "text": "(check all that apply):"}, {"x": 483, "y": 1690, "w": 47, "h": 20, "jsonClass": "TextRun", "text": "None"}, {"x": 617, "y": 1690, "w": 35, "h": 20, "jsonClass": "TextRun", "text": "Mild"}, {"x": 733, "y": 1690, "w": 88, "h": 20, "jsonClass": "TextRun", "text": "Moderate"}, {"x": 917, "y": 1690, "w": 67, "h": 20, "jsonClass": "TextRun", "text": "Severe"}, {"x": 150, "y": 1692, "w": 187, "h": 19, "jsonClass": "TextRun", "text": "Right lower extremity:"}, {"x": 483, "y": 1790, "w": 47, "h": 20, "jsonClass": "TextRun", "text": "None"}, {"x": 617, "y": 1790, "w": 35, "h": 20, "jsonClass": "TextRun", "text": "Mild"}, {"x": 733, "y": 1790, "w": 88, "h": 20, "jsonClass": "TextRun", "text": "Moderate"}, {"x": 917, "y": 1790, "w": 67, "h": 20, "jsonClass": "TextRun", "text": "Severe"}, {"x": 150, "y": 1790, "w": 190, "h": 20, "jsonClass": "TextRun", "text": "Right upper extremity:"}, {"x": 483, "y": 1624, "w": 47, "h": 19, "jsonClass": "TextRun", "text": "None"}, {"x": 617, "y": 1624, "w": 35, "h": 19, "jsonClass": "TextRun", "text": "Mild"}, {"x": 733, "y": 1624, "w": 88, "h": 19, "jsonClass": "TextRun", "text": "Moderate"}, {"x": 917, "y": 1624, "w": 67, "h": 19, "jsonClass": "TextRun", "text": "Severe"}, {"x": 150, "y": 1624, "w": 190, "h": 19, "jsonClass": "TextRun", "text": "Right upper extremity:"}, {"x": 117, "y": 1752, "w": 144, "h": 20, "jsonClass": "TextRun", "text": "Intermittent pain"}, {"x": 261, "y": 1750, "w": 120, "h": 22, "jsonClass": "TextRun", "text": "(usually dull)"}, {"x": 483, "y": 1824, "w": 47, "h": 19, "jsonClass": "TextRun", "text": "None"}, {"x": 617, "y": 1824, "w": 35, "h": 19, "jsonClass": "TextRun", "text": "Mild"}, {"x": 733, "y": 1824, "w": 88, "h": 19, "jsonClass": "TextRun", "text": "Moderate"}, {"x": 917, "y": 1824, "w": 67, "h": 19, "jsonClass": "TextRun", "text": "Severe"}, {"x": 150, "y": 1828, "w": 188, "h": 19, "jsonClass": "TextRun", "text": "Left upper extremity: \u00c2\u00a0"}, {"x": 483, "y": 1857, "w": 47, "h": 19, "jsonClass": "TextRun", "text": "None"}, {"x": 617, "y": 1857, "w": 35, "h": 19, "jsonClass": "TextRun", "text": "Mild"}, {"x": 733, "y": 1857, "w": 88, "h": 19, "jsonClass": "TextRun", "text": "Moderate"}, {"x": 916, "y": 1858, "w": 67, "h": 20, "jsonClass": "TextRun", "text": "Severe"}, {"x": 150, "y": 1861, "w": 198, "h": 20, "jsonClass": "TextRun", "text": "Right lower extremity:\u00c2\u00a0\u00c2\u00a0"}, {"x": 483, "y": 1890, "w": 47, "h": 20, "jsonClass": "TextRun", "text": "None"}, {"x": 617, "y": 1890, "w": 35, "h": 20, "jsonClass": "TextRun", "text": "Mild"}, {"x": 733, "y": 1890, "w": 88, "h": 20, "jsonClass": "TextRun", "text": "Moderate"}, {"x": 917, "y": 1890, "w": 67, "h": 20, "jsonClass": "TextRun", "text": "Severe"}, {"x": 150, "y": 1894, "w": 185, "h": 20, "jsonClass": "TextRun", "text": "Left lower extremity: \u00c2\u00a0"}, {"x": 483, "y": 1957, "w": 47, "h": 19, "jsonClass": "TextRun", "text": "None"}, {"x": 617, "y": 1957, "w": 35, "h": 19, "jsonClass": "TextRun", "text": "Mild"}, {"x": 733, "y": 1957, "w": 88, "h": 19, "jsonClass": "TextRun", "text": "Moderate"}, {"x": 917, "y": 1957, "w": 67, "h": 19, "jsonClass": "TextRun", "text": "Severe"}, {"x": 150, "y": 1956, "w": 196, "h": 19, "jsonClass": "TextRun", "text": "Right upper extremity:\u00c2\u00a0"}, {"x": 483, "y": 1990, "w": 47, "h": 20, "jsonClass": "TextRun", "text": "None"}, {"x": 617, "y": 1990, "w": 35, "h": 20, "jsonClass": "TextRun", "text": "Mild"}, {"x": 733, "y": 1990, "w": 88, "h": 20, "jsonClass": "TextRun", "text": "Moderate"}, {"x": 917, "y": 1990, "w": 67, "h": 20, "jsonClass": "TextRun", "text": "Severe"}, {"x": 150, "y": 1994, "w": 188, "h": 20, "jsonClass": "TextRun", "text": "Left upper extremity: \u00c2\u00a0"}, {"x": 483, "y": 2024, "w": 47, "h": 19, "jsonClass": "TextRun", "text": "None"}, {"x": 617, "y": 2024, "w": 35, "h": 19, "jsonClass": "TextRun", "text": "Mild"}, {"x": 733, "y": 2024, "w": 88, "h": 19, "jsonClass": "TextRun", "text": "Moderate"}, {"x": 917, "y": 2024, "w": 67, "h": 19, "jsonClass": "TextRun", "text": "Severe"}, {"x": 150, "y": 2028, "w": 198, "h": 19, "jsonClass": "TextRun", "text": "Right lower extremity:\u00c2\u00a0\u00c2\u00a0"}, {"x": 483, "y": 2057, "w": 47, "h": 19, "jsonClass": "TextRun", "text": "None"}, {"x": 617, "y": 2057, "w": 35, "h": 19, "jsonClass": "TextRun", "text": "Mild"}, {"x": 733, "y": 2057, "w": 88, "h": 19, "jsonClass": "TextRun", "text": "Moderate"}, {"x": 917, "y": 2057, "w": 67, "h": 19, "jsonClass": "TextRun", "text": "Severe"}, {"x": 150, "y": 2061, "w": 185, "h": 20, "jsonClass": "TextRun", "text": "Left lower extremity: \u00c2\u00a0"}, {"x": 150, "y": 1524, "w": 34, "h": 19, "jsonClass": "TextRun", "text": "Yes"}, {"x": 267, "y": 1524, "w": 25, "h": 19, "jsonClass": "TextRun", "text": "No"}, {"x": 96, "y": 1489, "w": 776, "h": 19, "jsonClass": "TextRun", "text": "3A.  Does the veteran have any symptoms attributable to any peripheral nerve conditions?"}, {"x": 94, "y": 1457, "w": 919, "h": 22, "jsonClass": "TextRun", "text": "SECTION III - SYMPTOMS"}, {"x": 620, "y": 132, "w": 956, "h": 25, "jsonClass": "TextRun", "text": "Peripheral Nerves Conditions (Not Including Diabetic Sensory- Motor Peripheral"}, {"x": 821, "y": 162, "w": 553, "h": 25, "jsonClass": "TextRun", "text": "Neuropathy) Disability Benefits Questionnaire"}, {"x": 83, "y": 2105, "w": 94, "h": 20, "jsonClass": "TextRun", "text": "VA\u00c2\u00a0FORM"}, {"x": 83, "y": 2129, "w": 87, "h": 19, "jsonClass": "TextRun", "text": "FEB 2015"}, {"x": 1546, "y": 2103, "w": 71, "h": 23, "jsonClass": "TextRun", "text": "Page 1"}, {"x": 95, "y": 282, "w": 273, "h": 20, "jsonClass": "TextRun", "text": "NAME OF PATIENT/VETERAN"}, {"x": 96, "y": 200, "w": 144, "h": 22, "jsonClass": "TextRun", "text": "IMPORTANT"}, {"x": 242, "y": 200, "w": 13, "h": 22, "jsonClass": "TextRun", "text": "-\u00c2\u00a0"}, {"x": 263, "y": 200, "w": 49, "h": 22, "jsonClass": "TextRun", "text": "THE"}, {"x": 314, "y": 200, "w": 155, "h": 22, "jsonClass": "TextRun", "text": "DEPARTMENT"}, {"x": 471, "y": 200, "w": 34, "h": 22, "jsonClass": "TextRun", "text": "OF"}, {"x": 507, "y": 200, "w": 122, "h": 22, "jsonClass": "TextRun", "text": "VETERANS"}, {"x": 631, "y": 200, "w": 97, "h": 22, "jsonClass": "TextRun", "text": "AFFAIRS"}, {"x": 730, "y": 200, "w": 52, "h": 22, "jsonClass": "TextRun", "text": "(VA)\u00c2\u00a0"}, {"x": 782, "y": 200, "w": 61, "h": 22, "jsonClass": "TextRun", "text": "WILL"}, {"x": 845, "y": 200, "w": 52, "h": 22, "jsonClass": "TextRun", "text": "NOT"}, {"x": 899, "y": 200, "w": 42, "h": 22, "jsonClass": "TextRun", "text": "PAY"}, {"x": 941, "y": 200, "w": 42, "h": 22, "jsonClass": "TextRun", "text": "\u00c2\u00a0OR\u00c2\u00a0"}, {"x": 983, "y": 200, "w": 131, "h": 22, "jsonClass": "TextRun", "text": "REIMBURSE"}, {"x": 1114, "y": 200, "w": 59, "h": 22, "jsonClass": "TextRun", "text": "\u00c2\u00a0ANY"}, {"x": 1175, "y": 200, "w": 115, "h": 22, "jsonClass": "TextRun", "text": "EXPENSES"}, {"x": 1293, "y": 200, "w": 36, "h": 22, "jsonClass": "TextRun", "text": "OR"}, {"x": 1331, "y": 200, "w": 62, "h": 22, "jsonClass": "TextRun", "text": "COST"}, {"x": 1396, "y": 200, "w": 119, "h": 22, "jsonClass": "TextRun", "text": "INCURRED"}, {"x": 1517, "y": 200, "w": 29, "h": 22, "jsonClass": "TextRun", "text": "IN"}, {"x": 1548, "y": 200, "w": 49, "h": 22, "jsonClass": "TextRun", "text": "THE"}, {"x": 96, "y": 226, "w": 102, "h": 22, "jsonClass": "TextRun", "text": "PROCESS"}, {"x": 201, "y": 226, "w": 34, "h": 22, "jsonClass": "TextRun", "text": "OF"}, {"x": 239, "y": 226, "w": 148, "h": 22, "jsonClass": "TextRun", "text": "COMPLETING"}, {"x": 390, "y": 226, "w": 91, "h": 22, "jsonClass": "TextRun", "text": "AND/OR"}, {"x": 484, "y": 226, "w": 143, "h": 22, "jsonClass": "TextRun", "text": "SUBMITTING"}, {"x": 630, "y": 226, "w": 55, "h": 22, "jsonClass": "TextRun", "text": "THIS"}, {"x": 688, "y": 226, "w": 74, "h": 22, "jsonClass": "TextRun", "text": "FORM."}, {"x": 765, "y": 226, "w": 87, "h": 22, "jsonClass": "TextRun", "text": "PLEASE"}, {"x": 856, "y": 226, "w": 66, "h": 22, "jsonClass": "TextRun", "text": "READ"}, {"x": 925, "y": 226, "w": 49, "h": 22, "jsonClass": "TextRun", "text": "THE"}, {"x": 977, "y": 226, "w": 103, "h": 22, "jsonClass": "TextRun", "text": "PRIVACY"}, {"x": 1083, "y": 226, "w": 50, "h": 22, "jsonClass": "TextRun", "text": "ACT"}, {"x": 1136, "y": 226, "w": 54, "h": 22, "jsonClass": "TextRun", "text": "AND"}, {"x": 1193, "y": 226, "w": 150, "h": 22, "jsonClass": "TextRun", "text": "RESPONDENT"}, {"x": 1346, "y": 226, "w": 97, "h": 22, "jsonClass": "TextRun", "text": "BURDEN"}, {"x": 1446, "y": 226, "w": 161, "h": 22, "jsonClass": "TextRun", "text": "INFORMATION"}, {"x": 96, "y": 253, "w": 308, "h": 22, "jsonClass": "TextRun", "text": "BEFORE COMPLETING FORM."}, {"x": 94, "y": 346, "w": 1452, "h": 22, "jsonClass": "TextRun", "text": "NOTE TO PHYSICIAN - Your patient is applying to the U. S. Department of Veterans Affairs (VA) for disability benefits.\u00c2\u00a0 VA will consider the information you"}, {"x": 94, "y": 368, "w": 1501, "h": 22, "jsonClass": "TextRun", "text": "provide on this questionnaire as part of their evaluation in processing the veteran's claim.\u00c2\u00a0 VA reserves the right to confirm the authenticity of ALL DBQs completed by"}, {"x": 94, "y": 390, "w": 259, "h": 22, "jsonClass": "TextRun", "text": "private health care providers."}, {"x": 1095, "y": 282, "w": 466, "h": 20, "jsonClass": "TextRun", "text": "PATIENT/VETERAN'S SOCIAL SECURITY NUMBER"}], "Section": [{"x": 79, "y": 415.03125, "w": 1533, "h": 702, "jsonClass": "Section"}, {"x": 79, "y": 1115.03125, "w": 1535, "h": 333, "jsonClass": "Section"}, {"x": 81, "y": 1448.03125, "w": 1533, "h": 650, "jsonClass": "Section"}, {"x": 79.515625, "y": 191.03125, "w": 1532, "h": 224, "jsonClass": "Section"}], "Field": [{"x": 94, "y": 575.0307086614173, "w": 611.5196850393701, "h": 33.33070866141736, "jsonClass": "Field"}, {"x": 94, "y": 708.3692913385827, "w": 611.5196850393701, "h": 33.33070866141736, "jsonClass": "Field"}, {"x": 728, "y": 575.0307086614173, "w": 444.2188976377952, "h": 33.33070866141736, "jsonClass": "Field"}, {"x": 728, "y": 708.3692913385827, "w": 444.2188976377952, "h": 33.33070866141736, "jsonClass": "Field"}, {"x": 1194, "y": 641.7, "w": 405.97795275590556, "h": 33.33070866141736, "jsonClass": "Field"}, {"x": 728, "y": 641.7, "w": 444.2188976377952, "h": 33.33070866141736, "jsonClass": "Field"}, {"x": 1194, "y": 708.3692913385827, "w": 405.97795275590556, "h": 33.33070866141736, "jsonClass": "Field"}, {"x": 1194, "y": 575.0307086614173, "w": 405.97795275590556, "h": 33.33070866141736, "jsonClass": "Field"}, {"x": 94, "y": 641.7, "w": 611.5196850393701, "h": 33.33070866141736, "jsonClass": "Field"}, {"x": 93, "y": 764, "w": 1507, "h": 283.9527559055118, "jsonClass": "Field"}, {"x": 94.44173228346457, "y": 1153, "w": 1505.5582677165355, "h": 197, "jsonClass": "Field"}, {"x": 95, "y": 282, "w": 977.7228346456693, "h": 58.008661417322855, "jsonClass": "Field"}, {"x": 1094.9448818897638, "y": 282, "w": 466.0551181102362, "h": 58.008661417322855, "jsonClass": "Field"}, {"x": 108.32755905511812, "y": 484.7220472440945, "w": 75.67244094488188, "h": 25.277952755905517, "jsonClass": "ChoiceField"}, {"x": 224.99685039370078, "y": 484.7220472440945, "w": 67.00314960629922, "h": 25.277952755905517, "jsonClass": "ChoiceField"}, {"x": 108.32755905511812, "y": 1405.769291338583, "w": 86.67244094488188, "h": 25.23070866141711, "jsonClass": "ChoiceField"}, {"x": 241.66692913385828, "y": 1405.769291338583, "w": 74.33307086614172, "h": 25.23070866141711, "jsonClass": "ChoiceField"}, {"x": 358.3275590551181, "y": 1405.769291338583, "w": 160.67244094488188, "h": 25.23070866141711, "jsonClass": "ChoiceField"}, {"x": 441.6669291338583, "y": 1718.052755905512, "w": 88.33307086614172, "h": 25, "jsonClass": "ChoiceField"}, {"x": 574.9968503937008, "y": 1718.052755905512, "w": 77.00314960629919, "h": 25, "jsonClass": "ChoiceField"}, {"x": 691.6669291338583, "y": 1718.052755905512, "w": 129.33307086614172, "h": 25, "jsonClass": "ChoiceField"}, {"x": 874.9968503937008, "y": 1718.052755905512, "w": 109.00314960629919, "h": 25, "jsonClass": "ChoiceField"}, {"x": 441.6669291338583, "y": 1651.3834645669292, "w": 88.33307086614172, "h": 25, "jsonClass": "ChoiceField"}, {"x": 574.9968503937008, "y": 1651.3834645669292, "w": 77.00314960629919, "h": 25, "jsonClass": "ChoiceField"}, {"x": 691.6669291338583, "y": 1651.3834645669292, "w": 129.33307086614172, "h": 25, "jsonClass": "ChoiceField"}, {"x": 874.9968503937008, "y": 1651.3834645669292, "w": 109.00314960629919, "h": 25, "jsonClass": "ChoiceField"}, {"x": 441.6669291338583, "y": 1684.7220472440945, "w": 88.33307086614172, "h": 25.277952755905517, "jsonClass": "ChoiceField"}, {"x": 574.9968503937008, "y": 1684.7220472440945, "w": 77.00314960629919, "h": 25.277952755905517, "jsonClass": "ChoiceField"}, {"x": 691.6669291338583, "y": 1684.7220472440945, "w": 129.33307086614172, "h": 25.277952755905517, "jsonClass": "ChoiceField"}, {"x": 874.9968503937008, "y": 1684.7220472440945, "w": 109.00314960629919, "h": 25.277952755905517, "jsonClass": "ChoiceField"}, {"x": 441.6669291338583, "y": 1784.7220472440945, "w": 88.33307086614172, "h": 25.277952755905517, "jsonClass": "ChoiceField"}, {"x": 574.9968503937008, "y": 1784.7220472440945, "w": 77.00314960629919, "h": 25.277952755905517, "jsonClass": "ChoiceField"}, {"x": 691.6669291338583, "y": 1784.7220472440945, "w": 129.33307086614172, "h": 25.277952755905517, "jsonClass": "ChoiceField"}, {"x": 874.9968503937008, "y": 1784.7220472440945, "w": 109.00314960629919, "h": 25.277952755905517, "jsonClass": "ChoiceField"}, {"x": 441.6669291338583, "y": 1618.0527559055117, "w": 88.33307086614172, "h": 25, "jsonClass": "ChoiceField"}, {"x": 574.9968503937008, "y": 1618.0527559055117, "w": 77.00314960629919, "h": 25, "jsonClass": "ChoiceField"}, {"x": 691.6669291338583, "y": 1618.0527559055117, "w": 129.33307086614172, "h": 25, "jsonClass": "ChoiceField"}, {"x": 874.9968503937008, "y": 1618.0527559055117, "w": 109.00314960629919, "h": 25, "jsonClass": "ChoiceField"}, {"x": 441.6669291338583, "y": 1818.0527559055117, "w": 88.33307086614172, "h": 25, "jsonClass": "ChoiceField"}, {"x": 574.9968503937008, "y": 1818.0527559055117, "w": 77.00314960629919, "h": 25, "jsonClass": "ChoiceField"}, {"x": 691.6669291338583, "y": 1818.0527559055117, "w": 129.33307086614172, "h": 25, "jsonClass": "ChoiceField"}, {"x": 874.9968503937008, "y": 1818.0527559055117, "w": 109.00314960629919, "h": 25, "jsonClass": "ChoiceField"}, {"x": 441.6669291338583, "y": 1851.3834645669292, "w": 88.33307086614172, "h": 25, "jsonClass": "ChoiceField"}, {"x": 574.9968503937008, "y": 1851.3834645669292, "w": 77.00314960629919, "h": 25, "jsonClass": "ChoiceField"}, {"x": 691.6669291338583, "y": 1851.3834645669292, "w": 129.33307086614172, "h": 25, "jsonClass": "ChoiceField"}, {"x": 874.9968503937008, "y": 1851.3834645669292, "w": 108.00314960629919, "h": 26.616535433070794, "jsonClass": "ChoiceField"}, {"x": 441.6669291338583, "y": 1884.7220472440947, "w": 88.33307086614172, "h": 25.27795275590529, "jsonClass": "ChoiceField"}, {"x": 574.9968503937008, "y": 1884.7220472440947, "w": 77.00314960629919, "h": 25.27795275590529, "jsonClass": "ChoiceField"}, {"x": 691.6669291338583, "y": 1884.7220472440947, "w": 129.33307086614172, "h": 25.27795275590529, "jsonClass": "ChoiceField"}, {"x": 874.9968503937008, "y": 1884.7220472440947, "w": 109.00314960629919, "h": 25.27795275590529, "jsonClass": "ChoiceField"}, {"x": 441.6669291338583, "y": 1951.3834645669292, "w": 88.33307086614172, "h": 25, "jsonClass": "ChoiceField"}, {"x": 574.9968503937008, "y": 1951.3834645669292, "w": 77.00314960629919, "h": 25, "jsonClass": "ChoiceField"}, {"x": 691.6669291338583, "y": 1951.3834645669292, "w": 129.33307086614172, "h": 25, "jsonClass": "ChoiceField"}, {"x": 874.9968503937008, "y": 1951.3834645669292, "w": 109.00314960629919, "h": 25, "jsonClass": "ChoiceField"}, {"x": 441.6669291338583, "y": 1984.7220472440945, "w": 88.33307086614172, "h": 25.277952755905517, "jsonClass": "ChoiceField"}, {"x": 574.9968503937008, "y": 1984.7220472440945, "w": 77.00314960629919, "h": 25.277952755905517, "jsonClass": "ChoiceField"}, {"x": 691.6669291338583, "y": 1984.7220472440945, "w": 129.33307086614172, "h": 25.277952755905517, "jsonClass": "ChoiceField"}, {"x": 874.9968503937008, "y": 1984.7220472440945, "w": 109.00314960629919, "h": 25.277952755905517, "jsonClass": "ChoiceField"}, {"x": 441.6669291338583, "y": 2018.052755905512, "w": 88.33307086614172, "h": 25, "jsonClass": "ChoiceField"}, {"x": 574.9968503937008, "y": 2018.052755905512, "w": 77.00314960629919, "h": 25, "jsonClass": "ChoiceField"}, {"x": 691.6669291338583, "y": 2018.052755905512, "w": 129.33307086614172, "h": 25, "jsonClass": "ChoiceField"}, {"x": 874.9968503937008, "y": 2018.052755905512, "w": 109.00314960629919, "h": 25, "jsonClass": "ChoiceField"}, {"x": 441.6669291338583, "y": 2051.3834645669294, "w": 88.33307086614172, "h": 25, "jsonClass": "ChoiceField"}, {"x": 574.9968503937008, "y": 2051.3834645669294, "w": 77.00314960629919, "h": 25, "jsonClass": "ChoiceField"}, {"x": 691.6669291338583, "y": 2051.3834645669294, "w": 129.33307086614172, "h": 25, "jsonClass": "ChoiceField"}, {"x": 874.9968503937008, "y": 2051.3834645669294, "w": 109.00314960629919, "h": 25, "jsonClass": "ChoiceField"}, {"x": 108.32755905511812, "y": 1518.052755905512, "w": 75.67244094488188, "h": 25, "jsonClass": "ChoiceField"}, {"x": 224.99685039370078, "y": 1518.052755905512, "w": 67.00314960629922, "h": 25, "jsonClass": "ChoiceField"}], "Widget": [{"x": 250, "y": 575.0307086614173, "w": 455.5196850393701, "h": 33.33070866141732, "jsonClass": "Widget"}, {"x": 108.32755905511812, "y": 484.7220472440945, "w": 25, "h": 25, "jsonClass": "Widget"}, {"x": 224.99685039370078, "y": 484.7220472440945, "w": 25, "h": 25, "jsonClass": "Widget"}, {"x": 250, "y": 708.3692913385827, "w": 455.5196850393701, "h": 33.33070866141732, "jsonClass": "Widget"}, {"x": 850.007874015748, "y": 575.0307086614173, "w": 322.21102362204726, "h": 33.33070866141732, "jsonClass": "Widget"}, {"x": 850.007874015748, "y": 708.3692913385827, "w": 322.21102362204726, "h": 33.33070866141732, "jsonClass": "Widget"}, {"x": 1416.6692913385828, "y": 641.7, "w": 183.30866141732284, "h": 33.33070866141732, "jsonClass": "Widget"}, {"x": 850.007874015748, "y": 641.7, "w": 322.21102362204726, "h": 33.33070866141732, "jsonClass": "Widget"}, {"x": 1416.6692913385828, "y": 708.3692913385827, "w": 183.30866141732284, "h": 33.33070866141732, "jsonClass": "Widget"}, {"x": 1416.6692913385828, "y": 575.0307086614173, "w": 183.30866141732284, "h": 33.33070866141732, "jsonClass": "Widget"}, {"x": 250, "y": 641.7, "w": 455.5196850393701, "h": 33.33070866141732, "jsonClass": "Widget"}, {"x": 103.15826771653543, "y": 813.1196850393701, "w": 1496.8417322834646, "h": 234.83307086614172, "jsonClass": "Widget"}, {"x": 94.44173228346457, "y": 1183.3307086614172, "w": 1505.5582677165355, "h": 166.6692913385827, "jsonClass": "Widget"}, {"x": 108.32755905511812, "y": 1405.769291338583, "w": 25, "h": 25, "jsonClass": "Widget"}, {"x": 241.66692913385828, "y": 1405.769291338583, "w": 25, "h": 25, "jsonClass": "Widget"}, {"x": 358.3275590551181, "y": 1405.769291338583, "w": 25, "h": 25, "jsonClass": "Widget"}, {"x": 441.6669291338583, "y": 1718.052755905512, "w": 25, "h": 25, "jsonClass": "Widget"}, {"x": 574.9968503937008, "y": 1718.052755905512, "w": 25, "h": 25, "jsonClass": "Widget"}, {"x": 691.6669291338583, "y": 1718.052755905512, "w": 25, "h": 25, "jsonClass": "Widget"}, {"x": 874.9968503937008, "y": 1718.052755905512, "w": 25, "h": 25, "jsonClass": "Widget"}, {"x": 441.6669291338583, "y": 1651.3834645669292, "w": 25, "h": 25, "jsonClass": "Widget"}, {"x": 574.9968503937008, "y": 1651.3834645669292, "w": 25, "h": 25, "jsonClass": "Widget"}, {"x": 691.6669291338583, "y": 1651.3834645669292, "w": 25, "h": 25, "jsonClass": "Widget"}, {"x": 874.9968503937008, "y": 1651.3834645669292, "w": 25, "h": 25, "jsonClass": "Widget"}, {"x": 441.6669291338583, "y": 1684.7220472440945, "w": 25, "h": 25, "jsonClass": "Widget"}, {"x": 574.9968503937008, "y": 1684.7220472440945, "w": 25, "h": 25, "jsonClass": "Widget"}, {"x": 691.6669291338583, "y": 1684.7220472440945, "w": 25, "h": 25, "jsonClass": "Widget"}, {"x": 874.9968503937008, "y": 1684.7220472440945, "w": 25, "h": 25, "jsonClass": "Widget"}, {"x": 441.6669291338583, "y": 1784.7220472440945, "w": 25, "h": 25, "jsonClass": "Widget"}, {"x": 574.9968503937008, "y": 1784.7220472440945, "w": 25, "h": 25, "jsonClass": "Widget"}, {"x": 691.6669291338583, "y": 1784.7220472440945, "w": 25, "h": 25, "jsonClass": "Widget"}, {"x": 874.9968503937008, "y": 1784.7220472440945, "w": 25, "h": 25, "jsonClass": "Widget"}, {"x": 441.6669291338583, "y": 1618.0527559055117, "w": 25, "h": 25, "jsonClass": "Widget"}, {"x": 574.9968503937008, "y": 1618.0527559055117, "w": 25, "h": 25, "jsonClass": "Widget"}, {"x": 691.6669291338583, "y": 1618.0527559055117, "w": 25, "h": 25, "jsonClass": "Widget"}, {"x": 874.9968503937008, "y": 1618.0527559055117, "w": 25, "h": 25, "jsonClass": "Widget"}, {"x": 441.6669291338583, "y": 1818.0527559055117, "w": 25, "h": 25, "jsonClass": "Widget"}, {"x": 574.9968503937008, "y": 1818.0527559055117, "w": 25, "h": 25, "jsonClass": "Widget"}, {"x": 691.6669291338583, "y": 1818.0527559055117, "w": 25, "h": 25, "jsonClass": "Widget"}, {"x": 874.9968503937008, "y": 1818.0527559055117, "w": 25, "h": 25, "jsonClass": "Widget"}, {"x": 441.6669291338583, "y": 1851.3834645669292, "w": 25, "h": 25, "jsonClass": "Widget"}, {"x": 574.9968503937008, "y": 1851.3834645669292, "w": 25, "h": 25, "jsonClass": "Widget"}, {"x": 691.6669291338583, "y": 1851.3834645669292, "w": 25, "h": 25, "jsonClass": "Widget"}, {"x": 874.9968503937008, "y": 1851.3834645669292, "w": 25, "h": 25, "jsonClass": "Widget"}, {"x": 441.6669291338583, "y": 1884.7220472440947, "w": 25, "h": 25, "jsonClass": "Widget"}, {"x": 574.9968503937008, "y": 1884.7220472440947, "w": 25, "h": 25, "jsonClass": "Widget"}, {"x": 691.6669291338583, "y": 1884.7220472440947, "w": 25, "h": 25, "jsonClass": "Widget"}, {"x": 874.9968503937008, "y": 1884.7220472440947, "w": 25, "h": 25, "jsonClass": "Widget"}, {"x": 441.6669291338583, "y": 1951.3834645669292, "w": 25, "h": 25, "jsonClass": "Widget"}, {"x": 574.9968503937008, "y": 1951.3834645669292, "w": 25, "h": 25, "jsonClass": "Widget"}, {"x": 691.6669291338583, "y": 1951.3834645669292, "w": 25, "h": 25, "jsonClass": "Widget"}, {"x": 874.9968503937008, "y": 1951.3834645669292, "w": 25, "h": 25, "jsonClass": "Widget"}, {"x": 441.6669291338583, "y": 1984.7220472440945, "w": 25, "h": 25, "jsonClass": "Widget"}, {"x": 574.9968503937008, "y": 1984.7220472440945, "w": 25, "h": 25, "jsonClass": "Widget"}, {"x": 691.6669291338583, "y": 1984.7220472440945, "w": 25, "h": 25, "jsonClass": "Widget"}, {"x": 874.9968503937008, "y": 1984.7220472440945, "w": 25, "h": 25, "jsonClass": "Widget"}, {"x": 441.6669291338583, "y": 2018.052755905512, "w": 25, "h": 25, "jsonClass": "Widget"}, {"x": 574.9968503937008, "y": 2018.052755905512, "w": 25, "h": 25, "jsonClass": "Widget"}, {"x": 691.6669291338583, "y": 2018.052755905512, "w": 25, "h": 25, "jsonClass": "Widget"}, {"x": 874.9968503937008, "y": 2018.052755905512, "w": 25, "h": 25, "jsonClass": "Widget"}, {"x": 441.6669291338583, "y": 2051.3834645669294, "w": 25, "h": 25, "jsonClass": "Widget"}, {"x": 574.9968503937008, "y": 2051.3834645669294, "w": 25, "h": 25, "jsonClass": "Widget"}, {"x": 691.6669291338583, "y": 2051.3834645669294, "w": 25, "h": 25, "jsonClass": "Widget"}, {"x": 874.9968503937008, "y": 2051.3834645669294, "w": 25, "h": 25, "jsonClass": "Widget"}, {"x": 108.32755905511812, "y": 1518.052755905512, "w": 25, "h": 25, "jsonClass": "Widget"}, {"x": 224.99685039370078, "y": 1518.052755905512, "w": 25, "h": 25, "jsonClass": "Widget"}, {"x": 103.66141732283465, "y": 306.67795275590555, "w": 969.0614173228347, "h": 33.33070866141732, "jsonClass": "Widget"}, {"x": 1094.9448818897638, "y": 306.67795275590555, "w": 200.00314960629922, "h": 33.33070866141732, "jsonClass": "Widget"}], "ChoiceGroup": [{"x": 94, "y": 452.03125, "w": 944, "h": 59, "jsonClass": "ChoiceGroup"}, {"x": 87, "y": 1348.03125, "w": 435, "h": 93, "jsonClass": "ChoiceGroup"}, {"x": 144, "y": 1714.03125, "w": 843, "h": 33, "jsonClass": "ChoiceGroup"}, {"x": 144, "y": 1648.03125, "w": 843, "h": 30, "jsonClass": "ChoiceGroup"}, {"x": 142, "y": 1685.03125, "w": 846, "h": 26, "jsonClass": "ChoiceGroup"}, {"x": 141, "y": 1780.03125, "w": 844, "h": 33, "jsonClass": "ChoiceGroup"}, {"x": 144, "y": 1615.03125, "w": 841, "h": 30, "jsonClass": "ChoiceGroup"}, {"x": 139, "y": 1813.0441267338547, "w": 848, "h": 32.05550683065947, "jsonClass": "ChoiceGroup"}, {"x": 144, "y": 1852.03125, "w": 844, "h": 28, "jsonClass": "ChoiceGroup"}, {"x": 144, "y": 1882.03125, "w": 844, "h": 33, "jsonClass": "ChoiceGroup"}, {"x": 145, "y": 1948.03125, "w": 840, "h": 31, "jsonClass": "ChoiceGroup"}, {"x": 144, "y": 1979.03125, "w": 841, "h": 33, "jsonClass": "ChoiceGroup"}, {"x": 144, "y": 2015.03125, "w": 843, "h": 32, "jsonClass": "ChoiceGroup"}, {"x": 142, "y": 2048.03125, "w": 849, "h": 30, "jsonClass": "ChoiceGroup"}, {"x": 90, "y": 1483.03125, "w": 904, "h": 603, "jsonClass": "ChoiceGroup"}], "ChoiceField": [{"x": 108.32755905511812, "y": 484.7220472440945, "w": 75.67244094488188, "h": 25.277952755905517, "jsonClass": "ChoiceField"}, {"x": 224.99685039370078, "y": 484.7220472440945, "w": 67.00314960629922, "h": 25.277952755905517, "jsonClass": "ChoiceField"}, {"x": 108.32755905511812, "y": 1405.769291338583, "w": 86.67244094488188, "h": 25.23070866141711, "jsonClass": "ChoiceField"}, {"x": 241.66692913385828, "y": 1405.769291338583, "w": 74.33307086614172, "h": 25.23070866141711, "jsonClass": "ChoiceField"}, {"x": 358.3275590551181, "y": 1405.769291338583, "w": 160.67244094488188, "h": 25.23070866141711, "jsonClass": "ChoiceField"}, {"x": 441.6669291338583, "y": 1718.052755905512, "w": 88.33307086614172, "h": 25, "jsonClass": "ChoiceField"}, {"x": 574.9968503937008, "y": 1718.052755905512, "w": 77.00314960629919, "h": 25, "jsonClass": "ChoiceField"}, {"x": 691.6669291338583, "y": 1718.052755905512, "w": 129.33307086614172, "h": 25, "jsonClass": "ChoiceField"}, {"x": 874.9968503937008, "y": 1718.052755905512, "w": 109.00314960629919, "h": 25, "jsonClass": "ChoiceField"}, {"x": 441.6669291338583, "y": 1651.3834645669292, "w": 88.33307086614172, "h": 25, "jsonClass": "ChoiceField"}, {"x": 574.9968503937008, "y": 1651.3834645669292, "w": 77.00314960629919, "h": 25, "jsonClass": "ChoiceField"}, {"x": 691.6669291338583, "y": 1651.3834645669292, "w": 129.33307086614172, "h": 25, "jsonClass": "ChoiceField"}, {"x": 874.9968503937008, "y": 1651.3834645669292, "w": 109.00314960629919, "h": 25, "jsonClass": "ChoiceField"}, {"x": 441.6669291338583, "y": 1684.7220472440945, "w": 88.33307086614172, "h": 25.277952755905517, "jsonClass": "ChoiceField"}, {"x": 574.9968503937008, "y": 1684.7220472440945, "w": 77.00314960629919, "h": 25.277952755905517, "jsonClass": "ChoiceField"}, {"x": 691.6669291338583, "y": 1684.7220472440945, "w": 129.33307086614172, "h": 25.277952755905517, "jsonClass": "ChoiceField"}, {"x": 874.9968503937008, "y": 1684.7220472440945, "w": 109.00314960629919, "h": 25.277952755905517, "jsonClass": "ChoiceField"}, {"x": 441.6669291338583, "y": 1784.7220472440945, "w": 88.33307086614172, "h": 25.277952755905517, "jsonClass": "ChoiceField"}, {"x": 574.9968503937008, "y": 1784.7220472440945, "w": 77.00314960629919, "h": 25.277952755905517, "jsonClass": "ChoiceField"}, {"x": 691.6669291338583, "y": 1784.7220472440945, "w": 129.33307086614172, "h": 25.277952755905517, "jsonClass": "ChoiceField"}, {"x": 874.9968503937008, "y": 1784.7220472440945, "w": 109.00314960629919, "h": 25.277952755905517, "jsonClass": "ChoiceField"}, {"x": 441.6669291338583, "y": 1618.0527559055117, "w": 88.33307086614172, "h": 25, "jsonClass": "ChoiceField"}, {"x": 574.9968503937008, "y": 1618.0527559055117, "w": 77.00314960629919, "h": 25, "jsonClass": "ChoiceField"}, {"x": 691.6669291338583, "y": 1618.0527559055117, "w": 129.33307086614172, "h": 25, "jsonClass": "ChoiceField"}, {"x": 874.9968503937008, "y": 1618.0527559055117, "w": 109.00314960629919, "h": 25, "jsonClass": "ChoiceField"}, {"x": 441.6669291338583, "y": 1818.0527559055117, "w": 88.33307086614172, "h": 25, "jsonClass": "ChoiceField"}, {"x": 574.9968503937008, "y": 1818.0527559055117, "w": 77.00314960629919, "h": 25, "jsonClass": "ChoiceField"}, {"x": 691.6669291338583, "y": 1818.0527559055117, "w": 129.33307086614172, "h": 25, "jsonClass": "ChoiceField"}, {"x": 874.9968503937008, "y": 1818.0527559055117, "w": 109.00314960629919, "h": 25, "jsonClass": "ChoiceField"}, {"x": 441.6669291338583, "y": 1851.3834645669292, "w": 88.33307086614172, "h": 25, "jsonClass": "ChoiceField"}, {"x": 574.9968503937008, "y": 1851.3834645669292, "w": 77.00314960629919, "h": 25, "jsonClass": "ChoiceField"}, {"x": 691.6669291338583, "y": 1851.3834645669292, "w": 129.33307086614172, "h": 25, "jsonClass": "ChoiceField"}, {"x": 874.9968503937008, "y": 1851.3834645669292, "w": 108.00314960629919, "h": 26.616535433070794, "jsonClass": "ChoiceField"}, {"x": 441.6669291338583, "y": 1884.7220472440947, "w": 88.33307086614172, "h": 25.27795275590529, "jsonClass": "ChoiceField"}, {"x": 574.9968503937008, "y": 1884.7220472440947, "w": 77.00314960629919, "h": 25.27795275590529, "jsonClass": "ChoiceField"}, {"x": 691.6669291338583, "y": 1884.7220472440947, "w": 129.33307086614172, "h": 25.27795275590529, "jsonClass": "ChoiceField"}, {"x": 874.9968503937008, "y": 1884.7220472440947, "w": 109.00314960629919, "h": 25.27795275590529, "jsonClass": "ChoiceField"}, {"x": 441.6669291338583, "y": 1951.3834645669292, "w": 88.33307086614172, "h": 25, "jsonClass": "ChoiceField"}, {"x": 574.9968503937008, "y": 1951.3834645669292, "w": 77.00314960629919, "h": 25, "jsonClass": "ChoiceField"}, {"x": 691.6669291338583, "y": 1951.3834645669292, "w": 129.33307086614172, "h": 25, "jsonClass": "ChoiceField"}, {"x": 874.9968503937008, "y": 1951.3834645669292, "w": 109.00314960629919, "h": 25, "jsonClass": "ChoiceField"}, {"x": 441.6669291338583, "y": 1984.7220472440945, "w": 88.33307086614172, "h": 25.277952755905517, "jsonClass": "ChoiceField"}, {"x": 574.9968503937008, "y": 1984.7220472440945, "w": 77.00314960629919, "h": 25.277952755905517, "jsonClass": "ChoiceField"}, {"x": 691.6669291338583, "y": 1984.7220472440945, "w": 129.33307086614172, "h": 25.277952755905517, "jsonClass": "ChoiceField"}, {"x": 874.9968503937008, "y": 1984.7220472440945, "w": 109.00314960629919, "h": 25.277952755905517, "jsonClass": "ChoiceField"}, {"x": 441.6669291338583, "y": 2018.052755905512, "w": 88.33307086614172, "h": 25, "jsonClass": "ChoiceField"}, {"x": 574.9968503937008, "y": 2018.052755905512, "w": 77.00314960629919, "h": 25, "jsonClass": "ChoiceField"}, {"x": 691.6669291338583, "y": 2018.052755905512, "w": 129.33307086614172, "h": 25, "jsonClass": "ChoiceField"}, {"x": 874.9968503937008, "y": 2018.052755905512, "w": 109.00314960629919, "h": 25, "jsonClass": "ChoiceField"}, {"x": 441.6669291338583, "y": 2051.3834645669294, "w": 88.33307086614172, "h": 25, "jsonClass": "ChoiceField"}, {"x": 574.9968503937008, "y": 2051.3834645669294, "w": 77.00314960629919, "h": 25, "jsonClass": "ChoiceField"}, {"x": 691.6669291338583, "y": 2051.3834645669294, "w": 129.33307086614172, "h": 25, "jsonClass": "ChoiceField"}, {"x": 874.9968503937008, "y": 2051.3834645669294, "w": 109.00314960629919, "h": 25, "jsonClass": "ChoiceField"}, {"x": 108.32755905511812, "y": 1518.052755905512, "w": 75.67244094488188, "h": 25, "jsonClass": "ChoiceField"}, {"x": 224.99685039370078, "y": 1518.052755905512, "w": 67.00314960629922, "h": 25, "jsonClass": "ChoiceField"}], "ChoiceGroupTitle": [{"x": 101, "y": 457, "w": 937, "h": 19, "jsonClass": "ChoiceGroupTitle"}, {"x": 94, "y": 1356, "w": 199, "h": 20, "jsonClass": "ChoiceGroupTitle"}, {"x": 150, "y": 1725, "w": 179, "h": 19, "jsonClass": "ChoiceGroupTitle"}, {"x": 150, "y": 1658, "w": 188, "h": 20, "jsonClass": "ChoiceGroupTitle"}, {"x": 150, "y": 1692, "w": 187, "h": 19, "jsonClass": "ChoiceGroupTitle"}, {"x": 150, "y": 1790, "w": 190, "h": 20, "jsonClass": "ChoiceGroupTitle"}, {"x": 150, "y": 1624, "w": 190, "h": 19, "jsonClass": "ChoiceGroupTitle"}, {"x": 150, "y": 1828, "w": 188, "h": 19, "jsonClass": "ChoiceGroupTitle"}, {"x": 150, "y": 1861, "w": 198, "h": 20, "jsonClass": "ChoiceGroupTitle"}, {"x": 150, "y": 1894, "w": 185, "h": 20, "jsonClass": "ChoiceGroupTitle"}, {"x": 150, "y": 1956, "w": 196, "h": 19, "jsonClass": "ChoiceGroupTitle"}, {"x": 150, "y": 1994, "w": 188, "h": 20, "jsonClass": "ChoiceGroupTitle"}, {"x": 150, "y": 2028, "w": 198, "h": 19, "jsonClass": "ChoiceGroupTitle"}, {"x": 150, "y": 2061, "w": 185, "h": 20, "jsonClass": "ChoiceGroupTitle"}, {"x": 96, "y": 1489, "w": 776, "h": 19, "jsonClass": "ChoiceGroupTitle"}], "SectionTitle": [{"x": 83, "y": 423, "w": 886, "h": 23, "jsonClass": "SectionTitle"}, {"x": 96, "y": 1124, "w": 942, "h": 22, "jsonClass": "SectionTitle"}, {"x": 94, "y": 1457, "w": 919, "h": 22, "jsonClass": "SectionTitle"}], "Header": [{"x": 78, "y": 53.03162664507559, "w": 1537, "h": 138.38179855607282, "jsonClass": "Header"}], "HeaderTitle": [{"x": 620, "y": 132, "w": 956, "h": 55, "jsonClass": "HeaderTitle"}], "Image": [{"x": 84.7472440944882, "y": 124.23622047244095, "w": 483.3385826771654, "h": 73.43307086614173, "jsonClass": "Image"}], "Footer": [{"x": 81, "y": 2096.03125, "w": 1536, "h": 54, "jsonClass": "Footer"}]}