{"Field": [{"x": 53.936220472440944, "y": 787, "w": 1592.1275590551181, "h": 1084.0637795275593, "jsonClass": "Field"}, {"x": 68, "y": 1920.3779527559057, "w": 1574.1251968503939, "h": 71.74724409448822, "jsonClass": "Field"}, {"x": 68, "y": 607.8748031496064, "w": 1574.1251968503939, "h": 84.69133858267719, "jsonClass": "Field"}, {"x": 68, "y": 507.87480314960635, "w": 1574.1251968503939, "h": 84.25039370078741, "jsonClass": "Field"}, {"x": 68, "y": 407.8748031496063, "w": 1574.1251968503939, "h": 84.25039370078741, "jsonClass": "Field"}, {"x": 158.16692913385828, "y": 225, "w": 1296.8330708661417, "h": 75, "jsonClass": "ChoiceField"}, {"x": 158.16692913385828, "y": 342.36141732283465, "w": 520.8330708661417, "h": 27.777952755905517, "jsonClass": "ChoiceField"}], "Widget": [{"x": 53.936220472440944, "y": 816.736220472441, "w": 1592.1275590551181, "h": 1054.3275590551182, "jsonClass": "Widget"}, {"x": 303.8031496062992, "y": 1920.3779527559057, "w": 1338.3220472440946, "h": 71.7472440944882, "jsonClass": "Widget"}, {"x": 126.41653543307088, "y": 607.8748031496064, "w": 1515.708661417323, "h": 84.69133858267718, "jsonClass": "Widget"}, {"x": 301.38897637795276, "y": 507.87480314960635, "w": 1340.7362204724411, "h": 84.2503937007874, "jsonClass": "Widget"}, {"x": 807.3614173228347, "y": 407.8748031496063, "w": 834.7637795275591, "h": 84.2503937007874, "jsonClass": "Widget"}, {"x": 158.16692913385828, "y": 248.61417322834646, "w": 27.777952755905513, "h": 27.777952755905513, "jsonClass": "Widget"}, {"x": 158.16692913385828, "y": 342.36141732283465, "w": 27.777952755905513, "h": 27.777952755905513, "jsonClass": "Widget"}], "TextBlock": [{"x": 64, "y": 787, "w": 798, "h": 22, "jsonClass": "TextBlock"}, {"x": 64, "y": 59, "w": 504, "h": 23, "jsonClass": "TextBlock"}, {"x": 64, "y": 2033, "w": 1104, "h": 22, "jsonClass": "TextBlock"}, {"x": 68, "y": 1945, "w": 232, "h": 22, "jsonClass": "TextBlock"}, {"x": 68, "y": 639, "w": 55, "h": 22, "jsonClass": "TextBlock"}, {"x": 68, "y": 539, "w": 218, "h": 22, "jsonClass": "TextBlock"}, {"x": 68, "y": 439, "w": 732, "h": 22, "jsonClass": "TextBlock"}, {"x": 198, "y": 225, "w": 1257, "h": 75, "jsonClass": "TextBlock"}, {"x": 198, "y": 345, "w": 481, "h": 22, "jsonClass": "TextBlock"}, {"x": 163, "y": 2093, "w": 153, "h": 39, "jsonClass": "TextBlock"}, {"x": 63, "y": 2094, "w": 78, "h": 37, "jsonClass": "TextBlock"}, {"x": 1546, "y": 2099, "w": 100, "h": 27, "jsonClass": "TextBlock"}, {"x": 64, "y": 156, "w": 317, "h": 22, "jsonClass": "ChoiceGroupTitle"}, {"x": 785, "y": 745, "w": 130, "h": 22, "jsonClass": "SectionTitle"}, {"x": 715, "y": 1883, "w": 270, "h": 22, "jsonClass": "SectionTitle"}, {"x": 566, "y": 97, "w": 568, "h": 22, "jsonClass": "SectionTitle"}], "TextRun": [{"x": 64, "y": 787, "w": 798, "h": 22, "jsonClass": "TextRun"}, {"x": 785, "y": 745, "w": 130, "h": 22, "jsonClass": "TextRun"}, {"x": 64, "y": 59, "w": 504, "h": 23, "jsonClass": "TextRun"}, {"x": 64, "y": 2033, "w": 645, "h": 22, "jsonClass": "TextRun"}, {"x": 709, "y": 2033, "w": 459, "h": 22, "jsonClass": "TextRun"}, {"x": 68, "y": 1945, "w": 232, "h": 22, "jsonClass": "TextRun"}, {"x": 715, "y": 1883, "w": 270, "h": 22, "jsonClass": "TextRun"}, {"x": 68, "y": 639, "w": 55, "h": 22, "jsonClass": "TextRun"}, {"x": 68, "y": 539, "w": 218, "h": 22, "jsonClass": "TextRun"}, {"x": 68, "y": 439, "w": 732, "h": 22, "jsonClass": "TextRun"}, {"x": 198, "y": 225, "w": 291, "h": 22, "jsonClass": "TextRun"}, {"x": 298, "y": 251, "w": 1157, "h": 23, "jsonClass": "TextRun"}, {"x": 298, "y": 278, "w": 520, "h": 22, "jsonClass": "TextRun"}, {"x": 198, "y": 345, "w": 481, "h": 22, "jsonClass": "TextRun"}, {"x": 64, "y": 156, "w": 195, "h": 22, "jsonClass": "TextRun"}, {"x": 259, "y": 156, "w": 122, "h": 22, "jsonClass": "TextRun"}, {"x": 566, "y": 97, "w": 568, "h": 22, "jsonClass": "TextRun"}, {"x": 163, "y": 2093, "w": 153, "h": 39, "jsonClass": "TextRun"}, {"x": 63, "y": 2094, "w": 27, "h": 17, "jsonClass": "TextRun"}, {"x": 90, "y": 2094, "w": 49, "h": 17, "jsonClass": "TextRun"}, {"x": 63, "y": 2114, "w": 78, "h": 17, "jsonClass": "TextRun"}, {"x": 1546, "y": 2099, "w": 100, "h": 27, "jsonClass": "TextRun"}], "ChoiceGroup": [{"x": 57, "y": 140.03125, "w": 1503, "h": 240, "jsonClass": "ChoiceGroup"}], "ChoiceField": [{"x": 158.16692913385828, "y": 225, "w": 1296.8330708661417, "h": 75, "jsonClass": "ChoiceField"}, {"x": 158.16692913385828, "y": 342.36141732283465, "w": 520.8330708661417, "h": 27.777952755905517, "jsonClass": "ChoiceField"}], "ChoiceGroupTitle": [{"x": 64, "y": 156, "w": 317, "h": 22, "jsonClass": "ChoiceGroupTitle"}]}